Date,Value
6/2/1969,0.3725
6/3/1969,0.3725
6/4/1969,0.3725
6/5/1969,0.3725
6/6/1969,0.3725
6/9/1969,0.3725
6/10/1969,0.3725
6/11/1969,0.3725
6/12/1969,0.3725
6/13/1969,0.3725
6/16/1969,0.3725
6/17/1969,0.3725
6/18/1969,0.3725
6/19/1969,0.3725
6/20/1969,0.3725
6/23/1969,0.3725
6/24/1969,0.3725
6/25/1969,0.3725
6/26/1969,0.3725
6/27/1969,0.3725
6/30/1969,0.3725
7/1/1969,0.3725
7/2/1969,0.3725
7/3/1969,0.3725
7/7/1969,0.3725
7/8/1969,0.3725
7/9/1969,0.37
7/10/1969,0.37
7/11/1969,0.37
7/14/1969,0.37
7/15/1969,0.37
7/16/1969,0.37
7/17/1969,0.37
7/18/1969,0.37
7/22/1969,0.37
7/23/1969,0.3725
7/24/1969,0.3725
7/25/1969,0.3725
7/28/1969,0.3725
7/29/1969,0.3725
7/30/1969,0.3725
7/31/1969,0.3725
8/1/1969,0.3725
8/4/1969,0.375
8/5/1969,0.375
8/6/1969,0.375
8/7/1969,0.3775
8/8/1969,0.3775
8/11/1969,0.3775
8/12/1969,0.3775
8/13/1969,0.3775
8/14/1969,0.3775
8/15/1969,0.3775
8/18/1969,0.3775
8/19/1969,0.38
8/20/1969,0.38
8/21/1969,0.38
8/22/1969,0.38
8/25/1969,0.38
8/26/1969,0.39
8/27/1969,0.39
8/28/1969,0.39
8/29/1969,0.39
9/2/1969,0.395
9/3/1969,0.395
9/4/1969,0.4
9/5/1969,0.4025
9/8/1969,0.4025
9/9/1969,0.4025
9/10/1969,0.41
9/11/1969,0.41
9/12/1969,0.41
9/15/1969,0.415
9/16/1969,0.43
9/17/1969,0.43
9/18/1969,0.43
9/19/1969,0.43
9/22/1969,0.43
9/23/1969,0.435
9/24/1969,0.435
9/25/1969,0.435
9/26/1969,0.435
9/29/1969,0.44
9/30/1969,0.44
10/1/1969,0.44
10/2/1969,0.44
10/3/1969,0.44
10/6/1969,0.44
10/7/1969,0.44
10/8/1969,0.44
10/9/1969,0.44
10/10/1969,0.445
10/13/1969,0.445
10/14/1969,0.445
10/15/1969,0.455
10/16/1969,0.455
10/17/1969,0.4625
10/20/1969,0.4625
10/21/1969,0.475
10/22/1969,0.4775
10/23/1969,0.48
10/24/1969,0.48
10/27/1969,0.485
10/28/1969,0.485
10/29/1969,0.485
10/30/1969,0.485
10/31/1969,0.485
11/3/1969,0.485
11/4/1969,0.485
11/5/1969,0.485
11/6/1969,0.485
11/7/1969,0.485
11/10/1969,0.485
11/11/1969,0.485
11/12/1969,0.485
11/13/1969,0.485
11/14/1969,0.4837
11/17/1969,0.4825
11/18/1969,0.4825
11/19/1969,0.4825
11/20/1969,0.4825
11/21/1969,0.4825
11/24/1969,0.4825
11/25/1969,0.48
11/26/1969,0.48
11/28/1969,0.4712
12/1/1969,0.48
12/2/1969,0.48
12/3/1969,0.48
12/4/1969,0.475
12/5/1969,0.47
12/8/1969,0.47
12/9/1969,0.47
12/10/1969,0.47
12/11/1969,0.475
12/12/1969,0.475
12/15/1969,0.475
12/16/1969,0.475
12/17/1969,0.475
12/18/1969,0.475
12/19/1969,0.475
12/22/1969,0.475
12/23/1969,0.475
12/24/1969,0.475
12/26/1969,0.475
12/29/1969,0.485
12/30/1969,0.49
12/31/1969,0.495
1/2/1970,0.495
1/5/1970,0.5
1/6/1970,0.505
1/7/1970,0.51
1/8/1970,0.51
1/9/1970,0.51
1/12/1970,0.515
1/13/1970,0.515
1/14/1970,0.515
1/15/1970,0.515
1/16/1970,0.515
1/19/1970,0.515
1/20/1970,0.515
1/21/1970,0.515
1/22/1970,0.515
1/23/1970,0.515
1/26/1970,0.515
1/27/1970,0.515
1/28/1970,0.515
1/29/1970,0.515
1/30/1970,0.515
2/2/1970,0.515
2/3/1970,0.515
2/4/1970,0.515
2/5/1970,0.515
2/6/1970,0.515
2/9/1970,0.515
2/10/1970,0.515
2/11/1970,0.515
2/12/1970,0.515
2/13/1970,0.515
2/16/1970,0.515
2/17/1970,0.515
2/18/1970,0.515
2/19/1970,0.515
2/20/1970,0.515
2/24/1970,0.515
2/25/1970,0.515
2/26/1970,0.515
2/27/1970,0.51
3/2/1970,0.51
3/3/1970,0.51
3/4/1970,0.51
3/5/1970,0.51
3/6/1970,0.51
3/9/1970,0.51
3/10/1970,0.51
3/11/1970,0.51
3/12/1970,0.51
3/13/1970,0.5125
3/16/1970,0.515
3/17/1970,0.515
3/18/1970,0.515
3/19/1970,0.515
3/20/1970,0.515
3/23/1970,0.515
3/24/1970,0.52
3/25/1970,0.52
3/26/1970,0.52
3/30/1970,0.52
3/31/1970,0.52
4/1/1970,0.52
4/2/1970,0.52
4/3/1970,0.52
4/6/1970,0.52
4/7/1970,0.52
4/8/1970,0.52
4/9/1970,0.52
4/10/1970,0.52
4/13/1970,0.52
4/14/1970,0.52
4/15/1970,0.52
4/16/1970,0.52
4/17/1970,0.525
4/20/1970,0.525
4/21/1970,0.525
4/22/1970,0.525
4/23/1970,0.525
4/24/1970,0.525
4/27/1970,0.525
4/28/1970,0.525
4/29/1970,0.525
4/30/1970,0.525
5/1/1970,0.525
5/4/1970,0.525
5/5/1970,0.525
5/6/1970,0.525
5/7/1970,0.525
5/8/1970,0.525
5/11/1970,0.525
5/12/1970,0.525
5/13/1970,0.525
5/14/1970,0.525
5/15/1970,0.525
5/18/1970,0.525
5/19/1970,0.525
5/20/1970,0.525
5/21/1970,0.525
5/22/1970,0.525
5/25/1970,0.525
5/26/1970,0.525
5/27/1970,0.525
5/28/1970,0.525
5/29/1970,0.525
6/1/1970,0.525
6/2/1970,0.525
6/3/1970,0.525
6/4/1970,0.525
6/5/1970,0.525
6/8/1970,0.53
6/9/1970,0.535
6/10/1970,0.535
6/11/1970,0.535
6/12/1970,0.535
6/15/1970,0.535
6/16/1970,0.535
6/17/1970,0.535
6/18/1970,0.535
6/19/1970,0.535
6/22/1970,0.535
6/23/1970,0.535
6/24/1970,0.535
6/25/1970,0.535
6/26/1970,0.532
6/29/1970,0.535
6/30/1970,0.535
7/1/1970,0.535
7/2/1970,0.535
7/6/1970,0.535
7/7/1970,0.535
7/8/1970,0.535
7/9/1970,0.535
7/10/1970,0.535
7/13/1970,0.54
7/14/1970,0.54
7/15/1970,0.54
7/16/1970,0.54
7/17/1970,0.54
7/20/1970,0.54
7/21/1970,0.5425
7/22/1970,0.5425
7/23/1970,0.5475
7/24/1970,0.5475
7/27/1970,0.5475
7/28/1970,0.5475
7/29/1970,0.5475
7/30/1970,0.5475
7/31/1970,0.5475
8/3/1970,0.5475
8/4/1970,0.5475
8/5/1970,0.5475
8/6/1970,0.5525
8/7/1970,0.5525
8/10/1970,0.5525
8/11/1970,0.5575
8/12/1970,0.5575
8/13/1970,0.5575
8/14/1970,0.5575
8/17/1970,0.56
8/18/1970,0.56
8/19/1970,0.56
8/20/1970,0.56
8/21/1970,0.56
8/24/1970,0.56
8/25/1970,0.56
8/26/1970,0.56
8/27/1970,0.56
8/28/1970,0.56
8/31/1970,0.56
9/1/1970,0.56
9/2/1970,0.56
9/3/1970,0.56
9/4/1970,0.56
9/8/1970,0.56
9/9/1970,0.56
9/10/1970,0.56
9/11/1970,0.56
9/14/1970,0.56
9/15/1970,0.56
9/16/1970,0.565
9/17/1970,0.57
9/18/1970,0.57
9/21/1970,0.57
9/22/1970,0.57
9/23/1970,0.57
9/24/1970,0.57
9/25/1970,0.57
9/28/1970,0.57
9/29/1970,0.57
9/30/1970,0.57
10/1/1970,0.57
10/2/1970,0.57
10/5/1970,0.57
10/6/1970,0.57
10/7/1970,0.57
10/8/1970,0.57
10/9/1970,0.57
10/12/1970,0.57
10/13/1970,0.57
10/14/1970,0.57
10/15/1970,0.57
10/16/1970,0.57
10/19/1970,0.57
10/20/1970,0.57
10/21/1970,0.57
10/22/1970,0.57
10/23/1970,0.57
10/26/1970,0.57
10/27/1970,0.57
10/28/1970,0.57
10/29/1970,0.57
10/30/1970,0.57
11/2/1970,0.565
11/3/1970,0.565
11/4/1970,0.56
11/5/1970,0.56
11/6/1970,0.56
11/9/1970,0.56
11/10/1970,0.56
11/11/1970,0.56
11/12/1970,0.56
11/13/1970,0.56
11/16/1970,0.56
11/17/1970,0.56
11/18/1970,0.56
11/19/1970,0.56
11/20/1970,0.56
11/23/1970,0.56
11/24/1970,0.56
11/25/1970,0.555
11/27/1970,0.55
11/30/1970,0.55
12/1/1970,0.55
12/2/1970,0.545
12/3/1970,0.545
12/4/1970,0.545
12/7/1970,0.545
12/8/1970,0.545
12/9/1970,0.54
12/10/1970,0.54
12/11/1970,0.54
12/14/1970,0.54
12/15/1970,0.54
12/16/1970,0.535
12/17/1970,0.535
12/18/1970,0.535
12/21/1970,0.535
12/22/1970,0.535
12/23/1970,0.535
12/24/1970,0.535
12/28/1970,0.535
12/29/1970,0.535
12/30/1970,0.535
12/31/1970,0.535
1/4/1971,0.535
1/5/1971,0.535
1/6/1971,0.535
1/7/1971,0.535
1/8/1971,0.535
1/11/1971,0.535
1/12/1971,0.535
1/13/1971,0.535
1/14/1971,0.535
1/15/1971,0.535
1/18/1971,0.535
1/19/1971,0.535
1/20/1971,0.535
1/21/1971,0.535
1/22/1971,0.535
1/25/1971,0.535
1/26/1971,0.535
1/27/1971,0.536
1/28/1971,0.535
1/29/1971,0.535
2/1/1971,0.535
2/2/1971,0.535
2/3/1971,0.535
2/4/1971,0.535
2/5/1971,0.535
2/8/1971,0.535
2/9/1971,0.535
2/10/1971,0.535
2/11/1971,0.53
2/12/1971,0.53
2/16/1971,0.53
2/17/1971,0.53
2/18/1971,0.53
2/19/1971,0.51
2/22/1971,0.45
2/23/1971,0.45
2/24/1971,0.45
2/25/1971,0.45
2/26/1971,0.45
3/1/1971,0.45
3/2/1971,0.45
3/3/1971,0.45
3/4/1971,0.45
3/5/1971,0.45
3/8/1971,0.45
3/9/1971,0.45
3/10/1971,0.45
3/11/1971,0.45
3/12/1971,0.45
3/15/1971,0.45
3/16/1971,0.45
3/17/1971,0.45
3/18/1971,0.45
3/19/1971,0.45
3/22/1971,0.45
3/23/1971,0.45
3/24/1971,0.45
3/25/1971,0.45
3/26/1971,0.45
3/29/1971,0.45
3/30/1971,0.45
3/31/1971,0.45
4/1/1971,0.45
4/2/1971,0.45
4/5/1971,0.45
4/6/1971,0.45
4/7/1971,0.44
4/8/1971,0.44
4/12/1971,0.44
4/13/1971,0.44
4/14/1971,0.44
4/15/1971,0.44
4/16/1971,0.44
4/19/1971,0.44
4/20/1971,0.4375
4/21/1971,0.4375
4/22/1971,0.4375
4/23/1971,0.4375
4/26/1971,0.4375
4/27/1971,0.4375
4/28/1971,0.4325
4/29/1971,0.4325
4/30/1971,0.4325
5/3/1971,0.4325
5/4/1971,0.4325
5/5/1971,0.4325
5/6/1971,0.4325
5/7/1971,0.4325
5/10/1971,0.4325
5/11/1971,0.4325
5/12/1971,0.4325
5/13/1971,0.4325
5/14/1971,0.4325
5/17/1971,0.4325
5/18/1971,0.4325
5/19/1971,0.4325
5/20/1971,0.4325
5/21/1971,0.4325
5/24/1971,0.4325
5/25/1971,0.4325
5/26/1971,0.4325
5/27/1971,0.4325
5/28/1971,0.4325
6/1/1971,0.4325
6/2/1971,0.4325
6/3/1971,0.4325
6/4/1971,0.4325
6/7/1971,0.4325
6/8/1971,0.4325
6/9/1971,0.4325
6/10/1971,0.4325
6/11/1971,0.4325
6/14/1971,0.4325
6/15/1971,0.4325
6/16/1971,0.4325
6/17/1971,0.4325
6/18/1971,0.4325
6/21/1971,0.43
6/22/1971,0.43
6/23/1971,0.43
6/24/1971,0.43
6/25/1971,0.43
6/28/1971,0.43
6/29/1971,0.43
6/30/1971,0.43
7/1/1971,0.43
7/2/1971,0.43
7/6/1971,0.43
7/7/1971,0.43
7/8/1971,0.43
7/9/1971,0.43
7/12/1971,0.43
7/13/1971,0.43
7/14/1971,0.43
7/15/1971,0.43
7/16/1971,0.43
7/19/1971,0.43
7/20/1971,0.43
7/21/1971,0.43
7/22/1971,0.43
7/23/1971,0.43
7/26/1971,0.43
7/27/1971,0.43
7/28/1971,0.43
7/29/1971,0.43
7/30/1971,0.43
8/2/1971,0.43
8/3/1971,0.43
8/4/1971,0.43
8/5/1971,0.43
8/6/1971,0.43
8/9/1971,0.43
8/10/1971,0.43
8/11/1971,0.43
8/12/1971,0.43
8/13/1971,0.43
8/16/1971,0.43
8/17/1971,0.43
8/18/1971,0.43
8/19/1971,0.43
8/20/1971,0.43
8/23/1971,0.43
8/24/1971,0.43
8/25/1971,0.43
8/26/1971,0.43
8/27/1971,0.43
8/30/1971,0.43
8/31/1971,0.43
9/1/1971,0.43
9/2/1971,0.43
9/3/1971,0.43
9/7/1971,0.43
9/8/1971,0.43
9/9/1971,0.43
9/10/1971,0.43
9/13/1971,0.43
9/14/1971,0.43
9/15/1971,0.43
9/16/1971,0.43
9/17/1971,0.43
9/20/1971,0.43
9/21/1971,0.43
9/22/1971,0.43
9/23/1971,0.43
9/24/1971,0.43
9/27/1971,0.43
9/28/1971,0.43
9/29/1971,0.43
9/30/1971,0.43
10/1/1971,0.43
10/4/1971,0.43
10/5/1971,0.43
10/6/1971,0.43
10/7/1971,0.43
10/8/1971,0.43
10/11/1971,0.43
10/12/1971,0.43
10/13/1971,0.43
10/14/1971,0.43
10/15/1971,0.43
10/18/1971,0.43
10/19/1971,0.43
10/20/1971,0.43
10/21/1971,0.43
10/22/1971,0.43
10/25/1971,0.43
10/26/1971,0.43
10/27/1971,0.43
10/28/1971,0.43
10/29/1971,0.43
11/1/1971,0.43
11/2/1971,0.43
11/3/1971,0.43
11/4/1971,0.435
11/5/1971,0.435
11/8/1971,0.435
11/9/1971,0.435
11/10/1971,0.435
11/11/1971,0.435
11/12/1971,0.435
11/15/1971,0.435
11/16/1971,0.435
11/17/1971,0.44
11/18/1971,0.44
11/19/1971,0.44
11/22/1971,0.44
11/23/1971,0.44
11/24/1971,0.44
11/26/1971,0.44
11/29/1971,0.44
11/30/1971,0.44
12/1/1971,0.44
12/2/1971,0.44
12/3/1971,0.44
12/6/1971,0.44
12/7/1971,0.44
12/8/1971,0.44
12/9/1971,0.44
12/10/1971,0.44
12/13/1971,0.44
12/14/1971,0.44
12/15/1971,0.44
12/16/1971,0.44
12/17/1971,0.44
12/20/1971,0.44
12/21/1971,0.44
12/22/1971,0.44
12/23/1971,0.44
12/27/1971,0.44
12/28/1971,0.44
12/29/1971,0.44
12/30/1971,0.44
12/31/1971,0.44
1/3/1972,0.44
1/4/1972,0.44
1/5/1972,0.44
1/6/1972,0.44
1/7/1972,0.44
1/10/1972,0.44
1/11/1972,0.44
1/12/1972,0.44
1/13/1972,0.44
1/14/1972,0.44
1/17/1972,0.44
1/18/1972,0.44
1/19/1972,0.44
1/20/1972,0.44
1/21/1972,0.44
1/24/1972,0.44
1/25/1972,0.44
1/26/1972,0.44
1/27/1972,0.44
1/28/1972,0.44
1/31/1972,0.44
2/1/1972,0.44
2/2/1972,0.44
2/3/1972,0.44
2/4/1972,0.44
2/7/1972,0.44
2/8/1972,0.44
2/9/1972,0.44
2/10/1972,0.44
2/11/1972,0.44
2/14/1972,0.44
2/15/1972,0.44
2/16/1972,0.44
2/17/1972,0.44
2/18/1972,0.44
2/22/1972,0.44
2/23/1972,0.44
2/24/1972,0.44
2/25/1972,0.44
2/28/1972,0.44
2/29/1972,0.44
3/1/1972,0.44
3/2/1972,0.44
3/3/1972,0.445
3/6/1972,0.445
3/7/1972,0.445
3/8/1972,0.445
3/9/1972,0.45
3/10/1972,0.45
3/13/1972,0.45
3/14/1972,0.46
3/15/1972,0.46
3/16/1972,0.46
3/17/1972,0.46
3/20/1972,0.46
3/21/1972,0.46
3/22/1972,0.46
3/23/1972,0.46
3/24/1972,0.46
3/27/1972,0.46
3/28/1972,0.46
3/29/1972,0.46
3/30/1972,0.46
4/3/1972,0.46
4/4/1972,0.46
4/5/1972,0.46
4/6/1972,0.46
4/7/1972,0.46
4/10/1972,0.46
4/11/1972,0.46
4/12/1972,0.46
4/13/1972,0.46
4/14/1972,0.46
4/17/1972,0.46
4/18/1972,0.4625
4/19/1972,0.4625
4/20/1972,0.4625
4/21/1972,0.4625
4/24/1972,0.4625
4/25/1972,0.4625
4/26/1972,0.4626
4/27/1972,0.4625
4/28/1972,0.47
5/1/1972,0.47
5/2/1972,0.47
5/3/1972,0.47
5/4/1972,0.47
5/5/1972,0.47
5/8/1972,0.47
5/9/1972,0.47
5/10/1972,0.47
5/11/1972,0.47
5/12/1972,0.47
5/15/1972,0.47
5/16/1972,0.47
5/17/1972,0.47
5/18/1972,0.47
5/19/1972,0.47
5/22/1972,0.47
5/23/1972,0.47
5/24/1972,0.47
5/25/1972,0.47
5/26/1972,0.47
5/30/1972,0.47
5/31/1972,0.47
6/1/1972,0.47
6/2/1972,0.47
6/5/1972,0.47
6/6/1972,0.47
6/7/1972,0.47
6/8/1972,0.4725
6/9/1972,0.4725
6/12/1972,0.4725
6/13/1972,0.4725
6/14/1972,0.4762
6/15/1972,0.4762
6/16/1972,0.4787
6/19/1972,0.4787
6/20/1972,0.4787
6/21/1972,0.4787
6/22/1972,0.4787
6/23/1972,0.4787
6/26/1972,0.4787
6/27/1972,0.4787
6/28/1972,0.4787
6/29/1972,0.4787
6/30/1972,0.4787
7/3/1972,0.4787
7/5/1972,0.4787
7/6/1972,0.4787
7/7/1972,0.4787
7/10/1972,0.4987
7/11/1972,0.4987
7/12/1972,0.4987
7/13/1972,0.4987
7/14/1972,0.51
7/17/1972,0.545
7/18/1972,0.545
7/19/1972,0.55
7/20/1972,0.55
7/21/1972,0.55
7/24/1972,0.6
7/25/1972,0.6
7/26/1972,0.6
7/27/1972,0.6
7/28/1972,0.6
7/31/1972,0.61
8/1/1972,0.61
8/2/1972,0.61
8/3/1972,0.61
8/4/1972,0.61
8/7/1972,0.61
8/8/1972,0.61
8/9/1972,0.61
8/10/1972,0.61
8/11/1972,0.61
8/14/1972,0.61
8/15/1972,0.5925
8/16/1972,0.5925
8/17/1972,0.59
8/18/1972,0.59
8/21/1972,0.59
8/22/1972,0.59
8/23/1972,0.59
8/24/1972,0.59
8/25/1972,0.59
8/28/1972,0.585
8/29/1972,0.585
8/30/1972,0.585
8/31/1972,0.585
9/1/1972,0.585
9/5/1972,0.586
9/6/1972,0.585
9/7/1972,0.585
9/8/1972,0.585
9/11/1972,0.5725
9/12/1972,0.5725
9/13/1972,0.5725
9/14/1972,0.5725
9/15/1972,0.57
9/18/1972,0.57
9/19/1972,0.57
9/20/1972,0.57
9/21/1972,0.57
9/22/1972,0.57
9/25/1972,0.57
9/26/1972,0.57
9/27/1972,0.57
9/28/1972,0.57
9/29/1972,0.575
10/2/1972,0.575
10/3/1972,0.575
10/4/1972,0.575
10/5/1972,0.575
10/6/1972,0.575
10/9/1972,0.575
10/10/1972,0.575
10/11/1972,0.575
10/12/1972,0.575
10/13/1972,0.575
10/16/1972,0.575
10/17/1972,0.575
10/18/1972,0.575
10/19/1972,0.575
10/20/1972,0.575
10/23/1972,0.575
10/24/1972,0.575
10/25/1972,0.575
10/26/1972,0.575
10/27/1972,0.575
10/30/1972,0.575
10/31/1972,0.575
11/1/1972,0.575
11/2/1972,0.575
11/3/1972,0.575
11/6/1972,0.575
11/8/1972,0.575
11/9/1972,0.575
11/10/1972,0.575
11/13/1972,0.575
11/14/1972,0.575
11/15/1972,0.575
11/16/1972,0.575
11/17/1972,0.575
11/20/1972,0.575
11/21/1972,0.575
11/22/1972,0.575
11/24/1972,0.575
11/27/1972,0.575
11/28/1972,0.575
11/29/1972,0.575
11/30/1972,0.575
12/1/1972,0.575
12/4/1972,0.575
12/5/1972,0.575
12/6/1972,0.575
12/7/1972,0.575
12/8/1972,0.575
12/11/1972,0.575
12/12/1972,0.575
12/13/1972,0.575
12/14/1972,0.575
12/15/1972,0.575
12/18/1972,0.575
12/19/1972,0.575
12/20/1972,0.575
12/21/1972,0.575
12/22/1972,0.575
12/26/1972,0.575
12/27/1972,0.575
12/29/1972,0.575
1/2/1973,0.575
1/3/1973,0.575
1/4/1973,0.575
1/5/1973,0.575
1/8/1973,0.575
1/9/1973,0.575
1/10/1973,0.575
1/11/1973,0.575
1/12/1973,0.575
1/15/1973,0.575
1/16/1973,0.575
1/17/1973,0.575
1/18/1973,0.575
1/19/1973,0.575
1/22/1973,0.575
1/23/1973,0.58
1/24/1973,0.58
1/26/1973,0.58
1/29/1973,0.58
1/30/1973,0.58
1/31/1973,0.58
2/1/1973,0.58
2/2/1973,0.58
2/5/1973,0.58
2/6/1973,0.58
2/7/1973,0.58
2/8/1973,0.58
2/9/1973,0.58
2/12/1973,0.58
2/13/1973,0.58
2/14/1973,0.5975
2/15/1973,0.6
2/16/1973,0.605
2/20/1973,0.615
2/21/1973,0.615
2/22/1973,0.62
2/23/1973,0.62
2/26/1973,0.62
2/27/1973,0.62
2/28/1973,0.62
3/1/1973,0.635
3/2/1973,0.62
3/5/1973,0.62
3/6/1973,0.62
3/7/1973,0.62
3/8/1973,0.62
3/9/1973,0.62
3/12/1973,0.62
3/13/1973,0.62
3/14/1973,0.625
3/15/1973,0.625
3/16/1973,0.63
3/19/1973,0.63
3/20/1973,0.63
3/21/1973,0.63
3/22/1973,0.63
3/23/1973,0.63
3/26/1973,0.63
3/27/1973,0.635
3/28/1973,0.635
3/29/1973,0.635
3/30/1973,0.635
4/2/1973,0.635
4/3/1973,0.64
4/4/1973,0.64
4/5/1973,0.64
4/6/1973,0.64
4/9/1973,0.64
4/10/1973,0.64
4/11/1973,0.64
4/12/1973,0.64
4/13/1973,0.64
4/16/1973,0.64
4/17/1973,0.64
4/18/1973,0.64
4/19/1973,0.64
4/23/1973,0.64
4/24/1973,0.64
4/25/1973,0.64
4/26/1973,0.64
4/27/1973,0.64
4/30/1973,0.64
5/1/1973,0.64
5/2/1973,0.64
5/3/1973,0.65
5/4/1973,0.65
5/7/1973,0.65
5/8/1973,0.65
5/9/1973,0.65
5/10/1973,0.65
5/11/1973,0.65
5/14/1973,0.65
5/15/1973,0.65
5/16/1973,0.65
5/17/1973,0.65
5/18/1973,0.65
5/21/1973,0.65
5/22/1973,0.65
5/23/1973,0.65
5/24/1973,0.65
5/25/1973,0.65
5/29/1973,0.65
5/30/1973,0.65
5/31/1973,0.65
6/1/1973,0.65
6/4/1973,0.65
6/5/1973,0.65
6/6/1973,0.65
6/7/1973,0.65
6/8/1973,0.65
6/11/1973,0.65
6/12/1973,0.65
6/13/1973,0.65
6/14/1973,0.65
6/15/1973,0.65
6/18/1973,0.65
6/19/1973,0.66
6/20/1973,0.67
6/21/1973,0.67
6/22/1973,0.67
6/25/1973,0.68
6/26/1973,0.68
6/27/1973,0.68
6/28/1973,0.68
6/29/1973,0.68
7/2/1973,0.685
7/3/1973,0.685
7/5/1973,0.685
7/6/1973,0.69
7/9/1973,0.69
7/10/1973,0.69
7/11/1973,0.69
7/12/1973,0.69
7/13/1973,0.69
7/16/1973,0.69
7/17/1973,0.69
7/18/1973,0.69
7/19/1973,0.69
7/20/1973,0.69
7/23/1973,0.69
7/24/1973,0.69
7/25/1973,0.69
7/26/1973,0.69
7/27/1973,0.69
7/30/1973,0.69
7/31/1973,0.69
8/1/1973,0.69
8/2/1973,0.69
8/3/1973,0.69
8/6/1973,0.69
8/7/1973,0.69
8/8/1973,0.69
8/9/1973,0.69
8/10/1973,0.69
8/13/1973,0.69
8/14/1973,0.69
8/15/1973,0.69
8/16/1973,0.69
8/17/1973,0.69
8/20/1973,0.69
8/21/1973,0.7
8/22/1973,0.7
8/23/1973,0.7
8/24/1973,0.7
8/27/1973,0.7
8/28/1973,0.7
8/29/1973,0.7
8/30/1973,0.7
8/31/1973,0.7
9/4/1973,0.7
9/5/1973,0.7
9/6/1973,0.7
9/7/1973,0.7
9/10/1973,0.7
9/11/1973,0.7
9/12/1973,0.7
9/13/1973,0.7
9/14/1973,0.7
9/17/1973,0.7
9/18/1973,0.7
9/19/1973,0.7
9/20/1973,0.7
9/21/1973,0.7
9/24/1973,0.7
9/25/1973,0.7
9/26/1973,0.7
9/27/1973,0.7
9/28/1973,0.7
10/1/1973,0.7
10/2/1973,0.7
10/3/1973,0.7
10/4/1973,0.7
10/5/1973,0.7
10/8/1973,0.7
10/9/1973,0.7
10/10/1973,0.7
10/11/1973,0.7
10/12/1973,0.7
10/15/1973,0.7
10/16/1973,0.7
10/17/1973,0.7
10/18/1973,0.7
10/19/1973,0.7
10/22/1973,0.7
10/23/1973,0.7
10/24/1973,0.7
10/25/1973,0.7
10/26/1973,0.7
10/29/1973,0.7
10/30/1973,0.7
10/31/1973,0.7
11/1/1973,0.7
11/2/1973,0.7
11/5/1973,0.7
11/6/1973,0.7
11/7/1973,0.7
11/8/1973,0.7
11/9/1973,0.7
11/12/1973,0.7
11/13/1973,0.7
11/14/1973,0.7
11/15/1973,0.7
11/16/1973,0.7
11/19/1973,0.7
11/20/1973,0.7
11/21/1973,0.7
11/23/1973,0.7
11/26/1973,0.7
11/27/1973,0.7
11/28/1973,0.7
11/29/1973,0.7
11/30/1973,0.7
12/3/1973,0.7
12/4/1973,0.7
12/5/1973,0.7
12/6/1973,0.7
12/7/1973,0.7
12/10/1973,0.7
12/11/1973,0.7
12/12/1973,0.7
12/13/1973,0.7
12/14/1973,0.7
12/17/1973,0.7
12/18/1973,0.7
12/19/1973,0.7
12/20/1973,0.7
12/21/1973,0.7
12/24/1973,0.7
12/26/1973,0.7
12/27/1973,0.69
12/28/1973,0.69
12/31/1973,0.69
1/2/1974,0.69
1/3/1974,0.69
1/4/1974,0.69
1/7/1974,0.69
1/8/1974,0.69
1/9/1974,0.69
1/10/1974,0.69
1/11/1974,0.69
1/14/1974,0.69
1/15/1974,0.69
1/16/1974,0.69
1/17/1974,0.69
1/18/1974,0.69
1/21/1974,0.69
1/22/1974,0.69
1/23/1974,0.69
1/24/1974,0.69
1/25/1974,0.69
1/28/1974,0.69
1/29/1974,0.69
1/30/1974,0.69
1/31/1974,0.69
2/1/1974,0.69
2/4/1974,0.69
2/5/1974,0.69
2/6/1974,0.69
2/7/1974,0.69
2/8/1974,0.69
2/11/1974,0.7
2/12/1974,0.7
2/13/1974,0.7
2/14/1974,0.7
2/15/1974,0.71
2/19/1974,0.71
2/20/1974,0.71
2/21/1974,0.72
2/22/1974,0.72
2/25/1974,0.72
2/26/1974,0.72
2/27/1974,0.73
2/28/1974,0.73
3/1/1974,0.73
3/4/1974,0.73
3/5/1974,0.73
3/6/1974,0.73
3/7/1974,0.73
3/8/1974,0.73
3/11/1974,0.73
3/12/1974,0.73
3/13/1974,0.73
3/14/1974,0.74
3/15/1974,0.74
3/18/1974,0.74
3/19/1974,0.74
3/20/1974,0.74
3/21/1974,0.74
3/22/1974,0.74
3/25/1974,0.74
3/26/1974,0.74
3/27/1974,0.74
3/28/1974,0.74
3/29/1974,0.74
4/1/1974,0.74
4/2/1974,0.74
4/3/1974,0.74
4/4/1974,0.74
4/5/1974,0.74
4/8/1974,0.74
4/9/1974,0.74
4/10/1974,0.74
4/11/1974,0.74
4/15/1974,0.74
4/16/1974,0.74
4/17/1974,0.74
4/18/1974,0.74
4/19/1974,0.74
4/22/1974,0.74
4/23/1974,0.74
4/24/1974,0.74
4/25/1974,0.75
4/26/1974,0.75
4/29/1974,0.75
4/30/1974,0.75
5/1/1974,0.75
5/2/1974,0.75
5/3/1974,0.75
5/6/1974,0.75
5/7/1974,0.75
5/8/1974,0.75
5/9/1974,0.75
5/10/1974,0.75
5/13/1974,0.75
5/14/1974,0.75
5/15/1974,0.75
5/16/1974,0.73
5/17/1974,0.73
5/20/1974,0.73
5/21/1974,0.73
5/22/1974,0.73
5/23/1974,0.73
5/24/1974,0.73
5/28/1974,0.73
5/29/1974,0.73
5/30/1974,0.73
5/31/1974,0.73
6/3/1974,0.73
6/4/1974,0.73
6/5/1974,0.73
6/6/1974,0.73
6/7/1974,0.73
6/10/1974,0.73
6/11/1974,0.73
6/12/1974,0.73
6/13/1974,0.73
6/14/1974,0.72
6/17/1974,0.72
6/18/1974,0.72
6/19/1974,0.72
6/20/1974,0.72
6/21/1974,0.72
6/24/1974,0.71
6/25/1974,0.71
6/26/1974,0.7
6/27/1974,0.7
6/28/1974,0.7
7/1/1974,0.7
7/2/1974,0.7
7/3/1974,0.7
7/5/1974,0.7
7/8/1974,0.7
7/9/1974,0.7
7/10/1974,0.7
7/11/1974,0.7
7/12/1974,0.7
7/15/1974,0.7
7/16/1974,0.7
7/17/1974,0.7
7/18/1974,0.7
7/19/1974,0.7
7/22/1974,0.69
7/23/1974,0.69
7/24/1974,0.69
7/25/1974,0.69
7/26/1974,0.69
7/29/1974,0.69
7/30/1974,0.69
7/31/1974,0.69
8/1/1974,0.68
8/2/1974,0.68
8/5/1974,0.65
8/6/1974,0.64
8/7/1974,0.64
8/8/1974,0.64
8/9/1974,0.64
8/12/1974,0.64
8/13/1974,0.64
8/14/1974,0.64
8/15/1974,0.64
8/16/1974,0.64
8/19/1974,0.64
8/20/1974,0.64
8/21/1974,0.64
8/22/1974,0.64
8/23/1974,0.64
8/26/1974,0.64
8/27/1974,0.64
8/28/1974,0.64
8/29/1974,0.64
8/30/1974,0.64
9/3/1974,0.64
9/4/1974,0.64
9/5/1974,0.64
9/6/1974,0.64
9/9/1974,0.64
9/10/1974,0.64
9/11/1974,0.64
9/12/1974,0.64
9/13/1974,0.64
9/16/1974,0.64
9/17/1974,0.64
9/18/1974,0.64
9/19/1974,0.62
9/20/1974,0.6
9/23/1974,0.6
9/24/1974,0.6
9/25/1974,0.6
9/26/1974,0.62
9/27/1974,0.62
9/30/1974,0.63
10/1/1974,0.63
10/2/1974,0.63
10/3/1974,0.63
10/4/1974,0.63
10/7/1974,0.635
10/8/1974,0.635
10/9/1974,0.635
10/10/1974,0.64
10/11/1974,0.64
10/14/1974,0.64
10/15/1974,0.64
10/16/1974,0.64
10/17/1974,0.64
10/18/1974,0.64
10/21/1974,0.655
10/22/1974,0.66
10/23/1974,0.66
10/24/1974,0.66
10/25/1974,0.66
10/28/1974,0.66
10/29/1974,0.66
10/30/1974,0.66
10/31/1974,0.66
11/1/1974,0.66
11/4/1974,0.66
11/5/1974,0.66
11/6/1974,0.65
11/7/1974,0.65
11/8/1974,0.65
11/11/1974,0.65
11/12/1974,0.65
11/13/1974,0.65
11/14/1974,0.65
11/15/1974,0.68
11/18/1974,0.68
11/19/1974,0.695
11/20/1974,0.695
11/21/1974,0.695
11/22/1974,0.695
11/25/1974,0.695
11/26/1974,0.695
11/27/1974,0.695
11/29/1974,0.695
12/2/1974,0.695
12/3/1974,0.695
12/4/1974,0.695
12/5/1974,0.695
12/6/1974,0.695
12/9/1974,0.695
12/10/1974,0.695
12/11/1974,0.695
12/12/1974,0.695
12/13/1974,0.695
12/16/1974,0.695
12/17/1974,0.695
12/18/1974,0.705
12/19/1974,0.705
12/20/1974,0.7
12/23/1974,0.705
12/24/1974,0.705
12/26/1974,0.705
12/27/1974,0.705
12/30/1974,0.705
12/31/1974,0.705
1/2/1975,0.71
1/3/1975,0.71
1/6/1975,0.71
1/7/1975,0.71
1/8/1975,0.71
1/9/1975,0.71
1/10/1975,0.71
1/13/1975,0.71
1/14/1975,0.71
1/15/1975,0.71
1/16/1975,0.71
1/17/1975,0.71
1/20/1975,0.7
1/21/1975,0.7
1/22/1975,0.7
1/23/1975,0.7
1/24/1975,0.7
1/27/1975,0.7
1/28/1975,0.7
1/29/1975,0.7
1/30/1975,0.7
1/31/1975,0.7
2/3/1975,0.7
2/4/1975,0.7
2/5/1975,0.695
2/6/1975,0.695
2/7/1975,0.69
2/10/1975,0.69
2/11/1975,0.69
2/12/1975,0.69
2/13/1975,0.69
2/14/1975,0.69
2/18/1975,0.69
2/19/1975,0.69
2/20/1975,0.69
2/21/1975,0.69
2/24/1975,0.71
2/25/1975,0.71
2/26/1975,0.71
2/27/1975,0.71
2/28/1975,0.71
3/3/1975,0.71
3/4/1975,0.71
3/5/1975,0.71
3/6/1975,0.71
3/7/1975,0.71
3/10/1975,0.71
3/11/1975,0.71
3/12/1975,0.71
3/13/1975,0.71
3/14/1975,0.71
3/17/1975,0.69
3/18/1975,0.69
3/19/1975,0.69
3/20/1975,0.69
3/21/1975,0.69
3/24/1975,0.69
3/25/1975,0.69
3/26/1975,0.69
3/27/1975,0.69
3/31/1975,0.69
4/1/1975,0.69
4/2/1975,0.69
4/3/1975,0.69
4/4/1975,0.69
4/7/1975,0.69
4/8/1975,0.69
4/9/1975,0.69
4/10/1975,0.69
4/11/1975,0.69
4/14/1975,0.69
4/15/1975,0.69
4/16/1975,0.69
4/17/1975,0.69
4/18/1975,0.69
4/21/1975,0.69
4/22/1975,0.69
4/23/1975,0.69
4/24/1975,0.69
4/25/1975,0.69
4/28/1975,0.69
4/29/1975,0.6925
4/30/1975,0.6925
5/1/1975,0.6925
5/2/1975,0.6925
5/5/1975,0.6925
5/6/1975,0.6925
5/7/1975,0.6925
5/8/1975,0.6925
5/9/1975,0.6925
5/12/1975,0.6925
5/13/1975,0.6925
5/14/1975,0.6925
5/15/1975,0.6925
5/16/1975,0.6925
5/19/1975,0.6925
5/20/1975,0.7125
5/21/1975,0.7125
5/22/1975,0.72
5/23/1975,0.73
5/27/1975,0.73
5/28/1975,0.74
5/29/1975,0.74
5/30/1975,0.74
6/2/1975,0.74
6/3/1975,0.74
6/4/1975,0.74
6/5/1975,0.74
6/6/1975,0.74
6/9/1975,0.75
6/10/1975,0.75
6/11/1975,0.75
6/12/1975,0.75
6/13/1975,0.75
6/16/1975,0.75
6/17/1975,0.75
6/18/1975,0.755
6/19/1975,0.755
6/20/1975,0.755
6/23/1975,0.755
6/24/1975,0.69
6/25/1975,0.69
6/26/1975,0.69
6/27/1975,0.69
6/30/1975,0.69
7/1/1975,0.69
7/2/1975,0.69
7/3/1975,0.69
7/7/1975,0.69
7/8/1975,0.69
7/9/1975,0.69
7/10/1975,0.69
7/11/1975,0.69
7/14/1975,0.69
7/15/1975,0.69
7/16/1975,0.69
7/17/1975,0.69
7/18/1975,0.69
7/21/1975,0.69
7/22/1975,0.69
7/23/1975,0.69
7/24/1975,0.69
7/25/1975,0.69
7/28/1975,0.69
7/29/1975,0.69
7/30/1975,0.69
7/31/1975,0.69
8/1/1975,0.69
8/4/1975,0.69
8/5/1975,0.69
8/6/1975,0.69
8/7/1975,0.69
8/8/1975,0.69
8/11/1975,0.69
8/12/1975,0.69
8/13/1975,0.69
8/14/1975,0.69
8/15/1975,0.69
8/18/1975,0.69
8/19/1975,0.69
8/20/1975,0.69
8/21/1975,0.69
8/22/1975,0.935
8/25/1975,0.935
8/26/1975,0.935
8/27/1975,0.935
8/28/1975,0.935
8/29/1975,0.935
9/2/1975,0.935
9/3/1975,0.935
9/4/1975,0.935
9/5/1975,0.935
9/8/1975,0.935
9/9/1975,0.935
9/10/1975,0.935
9/11/1975,0.935
9/12/1975,0.935
9/15/1975,0.935
9/16/1975,0.935
9/17/1975,0.935
9/18/1975,0.935
9/19/1975,0.935
9/22/1975,0.935
9/23/1975,0.935
9/24/1975,0.935
9/25/1975,0.935
9/26/1975,0.935
9/29/1975,0.935
9/30/1975,0.935
10/1/1975,0.935
10/2/1975,0.935
10/3/1975,0.935
10/6/1975,0.935
10/7/1975,0.935
10/8/1975,0.935
10/9/1975,0.935
10/10/1975,0.935
10/13/1975,0.935
10/14/1975,0.935
10/15/1975,0.935
10/16/1975,0.935
10/17/1975,0.935
10/20/1975,0.935
10/21/1975,0.935
10/22/1975,0.935
10/23/1975,0.935
10/24/1975,0.935
10/27/1975,0.935
10/28/1975,0.935
10/29/1975,0.935
10/30/1975,0.935
10/31/1975,0.935
11/3/1975,0.935
11/4/1975,0.935
11/5/1975,0.935
11/6/1975,0.935
11/7/1975,0.935
11/10/1975,0.935
11/11/1975,0.935
11/12/1975,0.935
11/13/1975,0.935
11/14/1975,0.935
11/17/1975,0.935
11/18/1975,0.935
11/19/1975,0.935
11/20/1975,0.935
11/21/1975,0.935
11/24/1975,0.935
11/25/1975,0.935
11/26/1975,0.935
11/28/1975,0.935
12/1/1975,0.935
12/2/1975,0.935
12/3/1975,0.935
12/4/1975,0.935
12/5/1975,0.935
12/8/1975,0.935
12/9/1975,0.935
12/10/1975,0.935
12/11/1975,0.935
12/12/1975,0.935
12/15/1975,0.935
12/16/1975,0.935
12/17/1975,0.935
12/18/1975,0.935
12/19/1975,0.935
12/22/1975,0.935
12/23/1975,0.935
12/24/1975,0.935
12/26/1975,0.935
12/29/1975,0.935
12/30/1975,0.935
12/31/1975,0.935
1/2/1976,0.935
1/5/1976,0.935
1/6/1976,1.0375
1/7/1976,1.04
1/8/1976,1.04
1/9/1976,1.04
1/12/1976,1.04
1/13/1976,1.075
1/14/1976,1.075
1/15/1976,1.075
1/16/1976,1.075
1/19/1976,1.075
1/20/1976,1.075
1/21/1976,1.075
1/22/1976,1.075
1/23/1976,1.075
1/26/1976,1.075
1/27/1976,1.075
1/28/1976,1.075
1/29/1976,1.075
1/30/1976,1.075
2/2/1976,1.075
2/3/1976,1.05
2/4/1976,1.07
2/5/1976,1.07
2/6/1976,1.07
2/9/1976,1.1
2/10/1976,1.1
2/11/1976,1.1
2/12/1976,1.1
2/13/1976,1.1
2/17/1976,1.1
2/18/1976,1.1
2/19/1976,1.1
2/20/1976,1.1
2/23/1976,1.1
2/24/1976,1.1
2/25/1976,1.1
2/26/1976,1.1
2/27/1976,1.1
3/1/1976,1.1
3/2/1976,1.1
3/3/1976,1.1
3/4/1976,1.1
3/5/1976,1.1
3/8/1976,1.1
3/9/1976,1.1
3/10/1976,1.1
3/11/1976,1.1
3/12/1976,1.1
3/15/1976,1.1
3/16/1976,1.1
3/17/1976,1.1
3/18/1976,1.1
3/19/1976,1.1
3/22/1976,1.1
3/23/1976,1.1
3/24/1976,1.1
3/25/1976,1.1
3/26/1976,1.1
3/29/1976,1.12
3/30/1976,1.12
3/31/1976,1.12
4/1/1976,1.14
4/2/1976,1.14
4/5/1976,1.14
4/6/1976,1.15
4/7/1976,1.15
4/8/1976,1.15
4/9/1976,1.15
4/12/1976,1.25
4/13/1976,1.25
4/14/1976,1.25
4/15/1976,1.25
4/19/1976,1.25
4/20/1976,1.25
4/21/1976,1.25
4/22/1976,1.25
4/23/1976,1.25
4/26/1976,1.3
4/27/1976,1.3
4/28/1976,1.35
4/29/1976,1.35
4/30/1976,1.35
5/3/1976,1.35
5/4/1976,1.35
5/5/1976,1.35
5/6/1976,1.35
5/7/1976,1.4
5/10/1976,1.4
5/11/1976,1.4
5/12/1976,1.4
5/13/1976,1.42
5/14/1976,1.45
5/17/1976,1.45
5/18/1976,1.45
5/19/1976,1.45
5/20/1976,1.45
5/21/1976,1.45
5/24/1976,1.45
5/25/1976,1.45
5/26/1976,1.45
5/27/1976,1.45
5/28/1976,1.45
6/1/1976,1.45
6/2/1976,1.45
6/3/1976,1.45
6/4/1976,1.45
6/7/1976,1.45
6/8/1976,1.45
6/9/1976,1.45
6/10/1976,1.45
6/11/1976,1.5
6/14/1976,1.5
6/15/1976,1.5
6/16/1976,1.5
6/17/1976,1.5
6/18/1976,1.5
6/21/1976,1.5
6/22/1976,1.5
6/23/1976,1.5
6/24/1976,1.5
6/25/1976,1.5
6/28/1976,1.5
6/29/1976,1.5
6/30/1976,1.5
7/1/1976,1.5
7/2/1976,1.5
7/6/1976,1.5
7/7/1976,1.5
7/8/1976,1.5
7/9/1976,1.5
7/12/1976,1.5
7/13/1976,1.5
7/14/1976,1.5
7/15/1976,1.5
7/16/1976,1.5
7/19/1976,1.5
7/20/1976,1.5
7/21/1976,1.5
7/22/1976,1.45
7/23/1976,1.45
7/26/1976,1.45
7/27/1976,1.45
7/28/1976,1.45
7/29/1976,1.45
7/30/1976,1.45
8/2/1976,1.45
8/3/1976,1.45
8/4/1976,1.45
8/5/1976,1.45
8/6/1976,1.45
8/9/1976,1.45
8/10/1976,1.45
8/11/1976,1.45
8/12/1976,1.45
8/13/1976,1.45
8/16/1976,1.45
8/17/1976,1.45
8/18/1976,1.45
8/19/1976,1.45
8/20/1976,1.45
8/23/1976,1.45
8/24/1976,1.45
8/25/1976,1.45
8/26/1976,1.45
8/27/1976,1.45
8/30/1976,1.45
8/31/1976,1.45
9/1/1976,1.45
9/2/1976,1.45
9/3/1976,1.45
9/7/1976,1.5
9/8/1976,1.5
9/9/1976,1.52
9/10/1976,1.52
9/13/1976,1.52
9/14/1976,1.52
9/15/1976,1.52
9/16/1976,1.52
9/17/1976,1.52
9/20/1976,1.52
9/21/1976,1.52
9/22/1976,1.52
9/23/1976,1.52
9/24/1976,1.52
9/27/1976,1.52
9/28/1976,1.52
9/29/1976,1.52
9/30/1976,1.52
10/1/1976,1.52
10/4/1976,1.52
10/5/1976,1.52
10/6/1976,1.52
10/7/1976,1.55
10/8/1976,1.55
10/11/1976,1.55
10/12/1976,1.55
10/13/1976,1.55
10/14/1976,1.55
10/15/1976,1.55
10/18/1976,1.55
10/19/1976,1.55
10/20/1976,1.55
10/21/1976,1.59
10/22/1976,1.59
10/25/1976,1.59
10/26/1976,1.59
10/27/1976,1.59
10/28/1976,1.6
10/29/1976,1.6
11/1/1976,1.6
11/3/1976,1.62
11/4/1976,1.62
11/5/1976,1.65
11/8/1976,1.675
11/9/1976,1.7
11/10/1976,1.7
11/11/1976,1.7
11/12/1976,1.725
11/15/1976,1.725
11/16/1976,1.75
11/17/1976,1.75
11/18/1976,1.75
11/19/1976,1.75
11/22/1976,1.8
11/23/1976,1.8
11/24/1976,1.8
11/26/1976,1.8
11/29/1976,1.8
11/30/1976,1.825
12/1/1976,1.825
12/2/1976,1.825
12/3/1976,1.825
12/6/1976,1.825
12/7/1976,1.825
12/8/1976,1.85
12/9/1976,1.875
12/10/1976,1.875
12/13/1976,1.95
12/14/1976,1.95
12/15/1976,1.95
12/16/1976,1.975
12/17/1976,2
12/20/1976,2.05
12/21/1976,2.15
12/22/1976,2.15
12/23/1976,2.15
12/27/1976,2.15
12/28/1976,2.2
12/29/1976,2.2
12/30/1976,2.2
12/31/1976,2.2
1/3/1977,2.25
1/4/1977,2.25
1/5/1977,2.25
1/6/1977,2.25
1/7/1977,2.25
1/10/1977,2.25
1/11/1977,2.25
1/12/1977,2.2
1/13/1977,2.2
1/14/1977,2.2
1/17/1977,2.2
1/18/1977,2.2
1/19/1977,2.2
1/20/1977,2.2
1/21/1977,2.2
1/24/1977,2.2
1/25/1977,2.2
1/26/1977,2.2
1/27/1977,2.2
1/28/1977,2.25
1/31/1977,2.25
2/1/1977,2.25
2/2/1977,2.25
2/3/1977,2.25
2/4/1977,2.25
2/7/1977,2.25
2/8/1977,2.25
2/9/1977,2.25
2/10/1977,2.25
2/11/1977,2.25
2/14/1977,2.35
2/15/1977,2.4
2/16/1977,2.4
2/17/1977,2.4
2/18/1977,2.5
2/22/1977,2.5
2/23/1977,2.55
2/24/1977,2.7
2/25/1977,2.8
2/28/1977,2.85
3/1/1977,2.95
3/2/1977,3
3/3/1977,3.05
3/4/1977,3.05
3/7/1977,3.1
3/8/1977,3.1
3/9/1977,3.1
3/10/1977,3.1
3/11/1977,3.1
3/14/1977,3.15
3/15/1977,3.2
3/16/1977,3.2
3/17/1977,3.2
3/18/1977,3.25
3/21/1977,3.25
3/22/1977,3.25
3/23/1977,3.25
3/24/1977,3.25
3/25/1977,3.25
3/28/1977,3.25
3/29/1977,3.25
3/30/1977,3.25
3/31/1977,3.25
4/1/1977,3.25
4/4/1977,3.25
4/5/1977,3.25
4/6/1977,3.25
4/7/1977,3.25
4/11/1977,3.25
4/12/1977,3.25
4/13/1977,3.3
4/14/1977,3.3
4/15/1977,3.35
4/18/1977,3.35
4/19/1977,3.35
4/20/1977,3.35
4/21/1977,3.3
4/22/1977,3.3
4/25/1977,3.3
4/26/1977,3.2
4/27/1977,3.2
4/28/1977,3.2
4/29/1977,3.2
5/2/1977,3.1
5/3/1977,3.1
5/4/1977,3.1
5/5/1977,3.1
5/6/1977,3.1
5/9/1977,3
5/10/1977,3
5/11/1977,3
5/12/1977,3
5/13/1977,3
5/16/1977,3
5/17/1977,3.1
5/18/1977,3.1
5/19/1977,3.1
5/20/1977,3.1
5/23/1977,3.1
5/24/1977,3.1
5/25/1977,3.05
5/26/1977,3
5/27/1977,3
5/31/1977,2.9
6/1/1977,2.9
6/2/1977,2.9
6/3/1977,2.9
6/6/1977,2.9
6/7/1977,2.9
6/8/1977,2.9
6/9/1977,2.9
6/10/1977,2.75
6/13/1977,2.75
6/14/1977,2.75
6/15/1977,2.5
6/16/1977,2.5
6/17/1977,2.5
6/20/1977,2.5
6/21/1977,2.5
6/22/1977,2.5
6/23/1977,2.5
6/24/1977,2.5
6/27/1977,2.5
6/28/1977,2.5
6/29/1977,2.5
6/30/1977,2.5
7/1/1977,2.5
7/5/1977,2.5
7/6/1977,2.5
7/7/1977,2.35
7/8/1977,2.35
7/11/1977,2.35
7/12/1977,2.35
7/13/1977,2.35
7/15/1977,2.35
7/18/1977,2.35
7/19/1977,2.35
7/20/1977,2.25
7/21/1977,2.1
7/22/1977,1.95
7/25/1977,1.85
7/26/1977,1.85
7/27/1977,1.85
7/28/1977,1.95
7/29/1977,2.1
8/1/1977,2.1
8/2/1977,2.1
8/3/1977,2.1
8/4/1977,2.1
8/5/1977,2.05
8/8/1977,2
8/9/1977,2
8/10/1977,2
8/11/1977,1.9
8/12/1977,2
8/15/1977,2
8/16/1977,2
8/17/1977,2
8/18/1977,2
8/19/1977,2
8/22/1977,2
8/23/1977,2
8/24/1977,2
8/25/1977,2
8/26/1977,2
8/29/1977,2
8/30/1977,2
8/31/1977,2
9/1/1977,2
9/2/1977,2
9/6/1977,2
9/7/1977,2
9/8/1977,2
9/9/1977,2
9/12/1977,2
9/13/1977,2
9/14/1977,2
9/15/1977,2
9/16/1977,2
9/19/1977,2
9/20/1977,2
9/21/1977,2
9/22/1977,2
9/23/1977,2
9/26/1977,2
9/27/1977,1.85
9/28/1977,1.85
9/29/1977,1.85
9/30/1977,1.85
10/3/1977,1.9
10/4/1977,1.9
10/5/1977,1.9
10/6/1977,1.9
10/7/1977,1.9
10/10/1977,1.9
10/11/1977,1.9
10/12/1977,1.9
10/13/1977,1.85
10/14/1977,1.85
10/17/1977,1.85
10/18/1977,1.85
10/19/1977,1.85
10/20/1977,1.8
10/21/1977,1.8
10/24/1977,1.8
10/25/1977,1.8
10/26/1977,1.8
10/27/1977,1.8
10/28/1977,1.8
10/31/1977,1.85
11/1/1977,1.85
11/2/1977,1.85
11/3/1977,1.85
11/4/1977,1.85
11/7/1977,1.9
11/8/1977,1.9
11/9/1977,1.9
11/10/1977,1.9
11/11/1977,1.9
11/14/1977,1.9
11/15/1977,1.9
11/16/1977,1.9
11/17/1977,1.9
11/18/1977,1.9
11/21/1977,1.9
11/22/1977,1.95
11/23/1977,1.95
11/25/1977,1.95
11/28/1977,1.95
11/29/1977,1.95
11/30/1977,1.95
12/1/1977,2
12/2/1977,2
12/5/1977,2
12/6/1977,2.05
12/7/1977,2.05
12/8/1977,2.1
12/9/1977,2.05
12/12/1977,2.075
12/13/1977,2.075
12/14/1977,2.075
12/15/1977,2.05
12/16/1977,2.05
12/19/1977,2.05
12/20/1977,2.05
12/21/1977,2.05
12/22/1977,2.05
12/23/1977,2.05
12/27/1977,2.05
12/28/1977,2.05
12/29/1977,2.05
12/30/1977,2.05
1/3/1978,2.05
1/4/1978,2.05
1/5/1978,2.05
1/6/1978,2.05
1/9/1978,2.1
1/10/1978,2.1
1/11/1978,2.1
1/12/1978,2.1
1/13/1978,2.1
1/16/1978,2.1
1/17/1978,2.1
1/18/1978,2.1
1/19/1978,2.1
1/20/1978,2.1
1/23/1978,2.1
1/24/1978,2.1
1/25/1978,2.1
1/26/1978,2.075
1/27/1978,2.075
1/30/1978,2.075
1/31/1978,2.075
2/1/1978,2.075
2/2/1978,2.075
2/3/1978,2.075
2/6/1978,2.075
2/7/1978,2.075
2/8/1978,2.1
2/9/1978,2.1
2/10/1978,2.1
2/13/1978,2.1
2/14/1978,2.1
2/15/1978,2.1
2/16/1978,2.1
2/17/1978,2
2/21/1978,1.95
2/22/1978,1.95
2/23/1978,1.9
2/24/1978,1.9
2/27/1978,1.9
2/28/1978,1.9
3/1/1978,1.9
3/2/1978,1.9
3/3/1978,1.85
3/6/1978,1.85
3/7/1978,1.8
3/8/1978,1.8
3/9/1978,1.8
3/10/1978,1.8
3/13/1978,1.8
3/14/1978,1.8
3/15/1978,1.75
3/16/1978,1.75
3/17/1978,1.75
3/20/1978,1.75
3/21/1978,1.75
3/22/1978,1.75
3/23/1978,1.75
3/27/1978,1.75
3/28/1978,1.75
3/29/1978,1.75
3/30/1978,1.75
3/31/1978,1.75
4/3/1978,1.75
4/4/1978,1.75
4/5/1978,1.75
4/6/1978,1.75
4/7/1978,1.75
4/10/1978,1.7
4/11/1978,1.7
4/12/1978,1.7
4/13/1978,1.7
4/14/1978,1.7
4/17/1978,1.7
4/18/1978,1.7
4/19/1978,1.7
4/20/1978,1.7
4/21/1978,1.7
4/24/1978,1.7
4/25/1978,1.7
4/26/1978,1.7
4/27/1978,1.7
4/28/1978,1.7
5/1/1978,1.7
5/2/1978,1.7
5/3/1978,1.7
5/4/1978,1.7
5/5/1978,1.7
5/8/1978,1.7
5/9/1978,1.7
5/10/1978,1.65
5/11/1978,1.65
5/12/1978,1.65
5/15/1978,1.65
5/16/1978,1.65
5/17/1978,1.65
5/18/1978,1.65
5/19/1978,1.65
5/22/1978,1.65
5/23/1978,1.65
5/24/1978,1.65
5/25/1978,1.65
5/26/1978,1.65
5/30/1978,1.65
5/31/1978,1.65
6/1/1978,1.68
6/2/1978,1.75
6/5/1978,1.8
6/6/1978,1.8
6/7/1978,1.8
6/8/1978,1.8
6/9/1978,1.75
6/12/1978,1.75
6/13/1978,1.75
6/14/1978,1.75
6/15/1978,1.75
6/16/1978,1.75
6/19/1978,1.7
6/20/1978,1.7
6/21/1978,1.7
6/22/1978,1.7
6/23/1978,1.7
6/26/1978,1.7
6/27/1978,1.65
6/28/1978,1.65
6/29/1978,1.65
6/30/1978,1.65
7/3/1978,1.65
7/5/1978,1.63
7/6/1978,1.63
7/7/1978,1.63
7/10/1978,1.6
7/11/1978,1.6
7/12/1978,1.55
7/13/1978,1.55
7/14/1978,1.5
7/17/1978,1.5
7/18/1978,1.5
7/19/1978,1.5
7/20/1978,1.5
7/21/1978,1.4
7/24/1978,1.35
7/25/1978,1.35
7/26/1978,1.35
7/27/1978,1.35
7/28/1978,1.35
7/31/1978,1.35
8/1/1978,1.3
8/2/1978,1.3
8/3/1978,1.3
8/4/1978,1.25
8/7/1978,1.25
8/8/1978,1.25
8/9/1978,1.25
8/10/1978,1.3
8/11/1978,1.32
8/14/1978,1.32
8/15/1978,1.4
8/16/1978,1.4
8/17/1978,1.45
8/18/1978,1.475
8/21/1978,1.475
8/22/1978,1.5
8/23/1978,1.5
8/24/1978,1.5
8/25/1978,1.5
8/28/1978,1.55
8/29/1978,1.55
8/30/1978,1.55
8/31/1978,1.55
9/1/1978,1.55
9/5/1978,1.55
9/6/1978,1.55
9/7/1978,1.55
9/8/1978,1.55
9/11/1978,1.55
9/12/1978,1.55
9/13/1978,1.55
9/14/1978,1.55
9/15/1978,1.55
9/18/1978,1.55
9/19/1978,1.55
9/20/1978,1.55
9/21/1978,1.55
9/22/1978,1.55
9/25/1978,1.55
9/26/1978,1.55
9/27/1978,1.55
9/28/1978,1.55
9/29/1978,1.55
10/2/1978,1.55
10/3/1978,1.55
10/4/1978,1.55
10/5/1978,1.55
10/6/1978,1.55
10/9/1978,1.55
10/10/1978,1.55
10/11/1978,1.55
10/12/1978,1.55
10/13/1978,1.55
10/16/1978,1.55
10/17/1978,1.55
10/18/1978,1.55
10/19/1978,1.55
10/20/1978,1.55
10/23/1978,1.53
10/24/1978,1.53
10/25/1978,1.53
10/26/1978,1.53
10/27/1978,1.53
10/30/1978,1.53
10/31/1978,1.53
11/1/1978,1.53
11/2/1978,1.53
11/3/1978,1.53
11/6/1978,1.53
11/7/1978,1.53
11/8/1978,1.53
11/9/1978,1.53
11/10/1978,1.53
11/13/1978,1.53
11/14/1978,1.51
11/15/1978,1.5
11/16/1978,1.48
11/17/1978,1.48
11/20/1978,1.48
11/21/1978,1.48
11/22/1978,1.48
11/24/1978,1.48
11/27/1978,1.48
11/28/1978,1.46
11/29/1978,1.46
11/30/1978,1.46
12/1/1978,1.46
12/4/1978,1.43
12/5/1978,1.43
12/6/1978,1.43
12/7/1978,1.43
12/8/1978,1.43
12/11/1978,1.43
12/12/1978,1.4
12/13/1978,1.35
12/14/1978,1.3
12/15/1978,1.38
12/18/1978,1.38
12/19/1978,1.38
12/20/1978,1.38
12/21/1978,1.38
12/22/1978,1.38
12/26/1978,1.38
12/27/1978,1.4
12/28/1978,1.4
12/29/1978,1.4
1/2/1979,1.39
1/3/1979,1.39
1/4/1979,1.39
1/5/1979,1.37
1/8/1979,1.37
1/9/1979,1.37
1/10/1979,1.35
1/11/1979,1.35
1/12/1979,1.35
1/15/1979,1.35
1/16/1979,1.35
1/17/1979,1.33
1/18/1979,1.33
1/19/1979,1.33
1/22/1979,1.32
1/23/1979,1.32
1/24/1979,1.32
1/25/1979,1.32
1/26/1979,1.32
1/29/1979,1.3
1/30/1979,1.3
1/31/1979,1.3
2/1/1979,1.3
2/2/1979,1.3
2/5/1979,1.3
2/6/1979,1.3
2/7/1979,1.3
2/8/1979,1.3
2/9/1979,1.27
2/12/1979,1.27
2/13/1979,1.27
2/14/1979,1.27
2/15/1979,1.27
2/16/1979,1.27
2/20/1979,1.27
2/21/1979,1.27
2/22/1979,1.27
2/23/1979,1.27
2/26/1979,1.27
2/27/1979,1.27
2/28/1979,1.27
3/1/1979,1.27
3/2/1979,1.27
3/5/1979,1.27
3/6/1979,1.3
3/7/1979,1.3
3/8/1979,1.32
3/9/1979,1.32
3/12/1979,1.32
3/13/1979,1.32
3/14/1979,1.32
3/15/1979,1.32
3/16/1979,1.32
3/19/1979,1.32
3/20/1979,1.32
3/21/1979,1.32
3/22/1979,1.32
3/23/1979,1.35
3/26/1979,1.35
3/27/1979,1.35
3/28/1979,1.35
3/29/1979,1.35
3/30/1979,1.35
4/2/1979,1.35
4/3/1979,1.35
4/4/1979,1.35
4/5/1979,1.35
4/6/1979,1.35
4/9/1979,1.35
4/10/1979,1.4
4/11/1979,1.4
4/12/1979,1.4
4/16/1979,1.4
4/17/1979,1.46
4/18/1979,1.4
4/19/1979,1.4
4/20/1979,1.4
4/23/1979,1.4
4/24/1979,1.46
4/25/1979,1.43
4/26/1979,1.47
4/27/1979,1.47
4/30/1979,1.47
5/1/1979,1.49
5/2/1979,1.49
5/3/1979,1.49
5/4/1979,1.49
5/7/1979,1.49
5/8/1979,1.5
5/9/1979,1.5
5/10/1979,1.5
5/11/1979,1.5
5/14/1979,1.5
5/15/1979,1.5
5/16/1979,1.5
5/17/1979,1.5
5/18/1979,1.5
5/21/1979,1.5
5/22/1979,1.5
5/23/1979,1.5
5/24/1979,1.5
5/25/1979,1.5
5/29/1979,1.5
5/30/1979,1.5
5/31/1979,1.5
6/1/1979,1.5
6/4/1979,1.5
6/5/1979,1.5
6/6/1979,1.5
6/7/1979,1.84
6/8/1979,1.85
6/11/1979,1.85
6/12/1979,1.85
6/13/1979,1.85
6/14/1979,2.025
6/15/1979,2.025
6/18/1979,2
6/19/1979,1.95
6/20/1979,1.95
6/21/1979,2
6/22/1979,2
6/25/1979,2
6/26/1979,2
6/27/1979,2
6/28/1979,2.025
6/29/1979,2.1
7/2/1979,2.1
7/3/1979,2.1
7/5/1979,2.1
7/6/1979,2.08
7/9/1979,2.05
7/10/1979,2.04
7/11/1979,2.05
7/12/1979,2.05
7/13/1979,2.03
7/16/1979,1.98
7/17/1979,2
7/18/1979,1.98
7/19/1979,2.025
7/20/1979,2.05
7/23/1979,2.025
7/24/1979,2.025
7/25/1979,2
7/26/1979,2
7/27/1979,1.98
7/30/1979,1.9
7/31/1979,1.92
8/1/1979,1.92
8/2/1979,1.9
8/3/1979,1.9
8/6/1979,1.92
8/7/1979,1.92
8/8/1979,1.9
8/9/1979,1.9
8/10/1979,1.9
8/13/1979,1.9
8/14/1979,1.93
8/15/1979,1.9
8/16/1979,1.93
8/17/1979,1.94
8/20/1979,1.95
8/21/1979,1.95
8/22/1979,1.98
8/23/1979,1.99
8/24/1979,2
8/27/1979,2
8/28/1979,2.05
8/29/1979,2.04
8/30/1979,2.05
8/31/1979,2.09
9/4/1979,2.08
9/5/1979,2.08
9/6/1979,2.08
9/7/1979,2.08
9/10/1979,2.08
9/11/1979,2.08
9/12/1979,2.08
9/13/1979,2.08
9/14/1979,2.08
9/17/1979,2.08
9/18/1979,2.08
9/19/1979,2.08
9/20/1979,2.1
9/21/1979,2.1
9/24/1979,2.1
9/25/1979,2.1
9/26/1979,2.1
9/27/1979,2.1
9/28/1979,2.09
10/1/1979,2.09
10/2/1979,2.1
10/3/1979,2.1
10/4/1979,2.1
10/5/1979,2.1
10/8/1979,2.1
10/9/1979,2.1
10/10/1979,2.1
10/11/1979,2.09
10/12/1979,2.07
10/15/1979,2.07
10/16/1979,2.07
10/17/1979,2.05
10/18/1979,2.05
10/19/1979,2.05
10/22/1979,2.07
10/23/1979,2.07
10/24/1979,2.05
10/25/1979,2.07
10/26/1979,2.07
10/29/1979,2.07
10/30/1979,2.07
10/31/1979,2.05
11/1/1979,2.05
11/2/1979,2.03
11/5/1979,2.02
11/6/1979,2.05
11/7/1979,2.03
11/8/1979,2.04
11/9/1979,2.05
11/12/1979,2.05
11/13/1979,2.06
11/14/1979,2.06
11/15/1979,2.05
11/16/1979,2.07
11/19/1979,2.07
11/20/1979,2.08
11/21/1979,2.07
11/23/1979,2.07
11/26/1979,2.07
11/27/1979,2.08
11/28/1979,2.08
11/29/1979,2.08
11/30/1979,2.08
12/3/1979,2.09
12/4/1979,2.08
12/5/1979,2.09
12/6/1979,2.09
12/7/1979,2.07
12/10/1979,2.06
12/11/1979,2.06
12/12/1979,2
12/13/1979,2
12/14/1979,2
12/17/1979,2
12/18/1979,2
12/19/1979,2
12/20/1979,2
12/21/1979,2
12/24/1979,2
12/26/1979,2
12/27/1979,2
12/28/1979,2
12/31/1979,2
1/2/1980,2
1/3/1980,2
1/4/1980,2
1/7/1980,2
1/8/1980,2
1/9/1980,2
1/10/1980,2
1/11/1980,2
1/14/1980,2
1/15/1980,2
1/16/1980,2
1/17/1980,2
1/18/1980,2
1/21/1980,2
1/22/1980,2
1/23/1980,2
1/24/1980,2
1/25/1980,2
1/28/1980,2
1/29/1980,2
1/30/1980,2
1/31/1980,2
2/1/1980,2
2/4/1980,2
2/5/1980,2
2/6/1980,2
2/7/1980,2
2/8/1980,2
2/11/1980,2
2/12/1980,2
2/13/1980,1.9
2/14/1980,1.9
2/15/1980,1.9
2/19/1980,1.9
2/20/1980,1.9
2/21/1980,1.9
2/22/1980,1.9
2/25/1980,1.9
2/26/1980,1.9
2/27/1980,1.9
2/28/1980,1.9
2/29/1980,1.9
3/3/1980,1.9
3/4/1980,1.9
3/5/1980,1.9
3/6/1980,1.9
3/7/1980,1.9
3/10/1980,1.9
3/11/1980,1.9
3/12/1980,1.9
3/13/1980,1.9
3/14/1980,1.9
3/17/1980,1.9
3/18/1980,1.9
3/19/1980,1.9
3/20/1980,1.9
3/21/1980,1.9
3/24/1980,1.9
3/25/1980,1.9
3/26/1980,1.9
3/27/1980,1.85
3/28/1980,1.85
3/31/1980,1.85
4/1/1980,1.8
4/2/1980,1.8
4/3/1980,1.8
4/7/1980,1.8
4/8/1980,1.8
4/9/1980,1.8
4/10/1980,1.8
4/11/1980,1.8
4/14/1980,1.8
4/15/1980,1.8
4/16/1980,1.8
4/17/1980,1.8
4/18/1980,1.8
4/21/1980,1.8
4/22/1980,1.8
4/23/1980,1.8
4/24/1980,1.8
4/25/1980,1.8
4/28/1980,1.8
4/29/1980,1.8
4/30/1980,1.8
5/1/1980,1.8
5/2/1980,1.8
5/5/1980,1.85
5/6/1980,1.85
5/7/1980,1.85
5/8/1980,1.85
5/9/1980,1.85
5/12/1980,1.85
5/13/1980,1.85
5/14/1980,1.85
5/15/1980,1.85
5/16/1980,1.85
5/19/1980,1.85
5/20/1980,1.85
5/21/1980,1.85
5/22/1980,1.85
5/23/1980,1.85
5/27/1980,1.85
5/28/1980,1.85
5/29/1980,1.85
5/30/1980,1.85
6/2/1980,1.85
6/3/1980,1.85
6/4/1980,1.85
6/5/1980,1.85
6/6/1980,1.85
6/9/1980,1.85
6/10/1980,1.85
6/11/1980,1.8
6/12/1980,1.8
6/13/1980,1.8
6/16/1980,1.8
6/17/1980,1.8
6/18/1980,1.8
6/19/1980,1.8
6/20/1980,1.8
6/23/1980,1.8
6/24/1980,1.8
6/25/1980,1.8
6/26/1980,1.8
6/27/1980,1.8
6/30/1980,1.8
7/1/1980,1.8
7/2/1980,1.75
7/3/1980,1.67
7/7/1980,1.7
7/8/1980,1.7
7/9/1980,1.7
7/10/1980,1.7
7/11/1980,1.7
7/14/1980,1.7
7/15/1980,1.7
7/16/1980,1.7
7/17/1980,1.7
7/18/1980,1.7
7/21/1980,1.7
7/22/1980,1.7
7/23/1980,1.7
7/24/1980,1.7
7/25/1980,1.5
7/28/1980,1.6
7/29/1980,1.6
7/30/1980,1.6
7/31/1980,1.55
8/1/1980,1.5
8/4/1980,1.5
8/5/1980,1.5
8/6/1980,1.55
8/7/1980,1.55
8/8/1980,1.55
8/11/1980,1.55
8/12/1980,1.55
8/13/1980,1.55
8/14/1980,1.55
8/15/1980,1.5
8/18/1980,1.5
8/19/1980,1.5
8/20/1980,1.5
8/21/1980,1.5
8/22/1980,1.5
8/25/1980,1.5
8/26/1980,1.45
8/27/1980,1.5
8/28/1980,1.45
8/29/1980,1.45
9/2/1980,1.45
9/3/1980,1.45
9/4/1980,1.45
9/5/1980,1.45
9/8/1980,1.45
9/9/1980,1.45
9/10/1980,1.45
9/11/1980,1.45
9/12/1980,1.45
9/15/1980,1.45
9/16/1980,1.45
9/17/1980,1.45
9/18/1980,1.45
9/19/1980,1.45
9/22/1980,1.45
9/23/1980,1.45
9/24/1980,1.45
9/25/1980,1.45
9/26/1980,1.45
9/29/1980,1.4
9/30/1980,1.4
10/1/1980,1.4
10/2/1980,1.4
10/3/1980,1.4
10/6/1980,1.35
10/7/1980,1.35
10/8/1980,1.35
10/9/1980,1.35
10/10/1980,1.3
10/13/1980,1.3
10/14/1980,1.3
10/15/1980,1.3
10/16/1980,1.3
10/17/1980,1.3
10/20/1980,1.3
10/21/1980,1.3
10/22/1980,1.3
10/23/1980,1.3
10/24/1980,1.3
10/27/1980,1.3
10/28/1980,1.3
10/29/1980,1.3
10/30/1980,1.3
10/31/1980,1.3
11/3/1980,1.3
11/5/1980,1.27
11/6/1980,1.27
11/7/1980,1.25
11/10/1980,1.25
11/11/1980,1.25
11/12/1980,1.25
11/13/1980,1.25
11/14/1980,1.25
11/17/1980,1.25
11/18/1980,1.25
11/19/1980,1.25
11/20/1980,1.25
11/21/1980,1.25
11/24/1980,1.25
11/25/1980,1.25
11/26/1980,1.2
11/28/1980,1.2
12/1/1980,1.2
12/2/1980,1.2
12/3/1980,1.2
12/4/1980,1.2
12/5/1980,1.2
12/8/1980,1.2
12/9/1980,1.2
12/10/1980,1.2
12/11/1980,1.2
12/12/1980,1.2
12/15/1980,1.2
12/16/1980,1.2
12/17/1980,1.2
12/18/1980,1.2
12/19/1980,1.2
12/22/1980,1.2
12/23/1980,1.2
12/24/1980,1.2
12/26/1980,1.2
12/29/1980,1.25
12/30/1980,1.25
12/31/1980,1.25
1/2/1981,1.25
1/5/1981,1.25
1/6/1981,1.25
1/7/1981,1.25
1/8/1981,1.25
1/9/1981,1.25
1/12/1981,1.25
1/13/1981,1.25
1/14/1981,1.25
1/15/1981,1.25
1/16/1981,1.25
1/19/1981,1.27
1/20/1981,1.27
1/21/1981,1.27
1/22/1981,1.27
1/23/1981,1.25
1/26/1981,1.25
1/27/1981,1.25
1/28/1981,1.25
1/29/1981,1.25
1/30/1981,1.25
2/2/1981,1.25
2/3/1981,1.25
2/4/1981,1.23
2/5/1981,1.23
2/6/1981,1.23
2/9/1981,1.23
2/10/1981,1.23
2/11/1981,1.23
2/12/1981,1.23
2/13/1981,1.23
2/17/1981,1.23
2/18/1981,1.23
2/19/1981,1.23
2/20/1981,1.23
2/23/1981,1.23
2/24/1981,1.23
2/25/1981,1.23
2/26/1981,1.23
2/27/1981,1.23
3/2/1981,1.23
3/3/1981,1.23
3/4/1981,1.23
3/5/1981,1.23
3/6/1981,1.23
3/9/1981,1.24
3/10/1981,1.24
3/11/1981,1.24
3/12/1981,1.24
3/13/1981,1.24
3/16/1981,1.24
3/17/1981,1.24
3/18/1981,1.24
3/19/1981,1.24
3/20/1981,1.24
3/23/1981,1.25
3/24/1981,1.25
3/25/1981,1.25
3/26/1981,1.25
3/27/1981,1.25
3/30/1981,1.25
3/31/1981,1.25
4/1/1981,1.25
4/2/1981,1.25
4/3/1981,1.25
4/6/1981,1.25
4/7/1981,1.25
4/8/1981,1.25
4/9/1981,1.25
4/10/1981,1.25
4/13/1981,1.25
4/14/1981,1.25
4/15/1981,1.25
4/16/1981,1.25
4/20/1981,1.25
4/21/1981,1.25
4/22/1981,1.25
4/23/1981,1.25
4/24/1981,1.25
4/27/1981,1.25
4/28/1981,1.25
4/29/1981,1.25
4/30/1981,1.26
5/1/1981,1.26
5/4/1981,1.26
5/5/1981,1.26
5/6/1981,1.26
5/7/1981,1.26
5/8/1981,1.26
5/11/1981,1.27
5/12/1981,1.27
5/13/1981,1.27
5/14/1981,1.27
5/15/1981,1.26
5/18/1981,1.26
5/19/1981,1.25
5/20/1981,1.25
5/21/1981,1.25
5/22/1981,1.25
5/26/1981,1.25
5/27/1981,1.26
5/28/1981,1.26
5/29/1981,1.26
6/1/1981,1.26
6/2/1981,1.26
6/3/1981,1.25
6/4/1981,1.2
6/5/1981,1.2
6/8/1981,1.2
6/9/1981,1.15
6/10/1981,1.15
6/11/1981,1.15
6/12/1981,1.15
6/15/1981,1.15
6/16/1981,1.15
6/17/1981,1.15
6/18/1981,1.15
6/19/1981,1.15
6/22/1981,1.15
6/23/1981,1.15
6/24/1981,1.15
6/25/1981,1.15
6/26/1981,1.15
6/29/1981,1.15
6/30/1981,1.15
7/1/1981,1.15
7/2/1981,1.15
7/6/1981,1.15
7/7/1981,1.15
7/8/1981,1.15
7/9/1981,1.15
7/10/1981,1.15
7/13/1981,1.15
7/14/1981,1.15
7/15/1981,1.15
7/16/1981,1.15
7/17/1981,1.15
7/20/1981,1.15
7/21/1981,1.25
7/22/1981,1.25
7/23/1981,1.3
7/24/1981,1.3
7/27/1981,1.35
7/28/1981,1.35
7/29/1981,1.35
7/30/1981,1.35
7/31/1981,1.35
8/3/1981,1.35
8/4/1981,1.35
8/5/1981,1.35
8/6/1981,1.35
8/7/1981,1.35
8/10/1981,1.35
8/11/1981,1.35
8/12/1981,1.35
8/13/1981,1.35
8/14/1981,1.35
8/17/1981,1.35
8/18/1981,1.35
8/19/1981,1.35
8/20/1981,1.25
8/21/1981,1.25
8/24/1981,1.2
8/25/1981,1.2
8/26/1981,1.15
8/27/1981,1.15
8/28/1981,1.15
8/31/1981,1.1
9/1/1981,1.1
9/2/1981,1.1
9/3/1981,1.1
9/4/1981,1.1
9/8/1981,1.1
9/9/1981,1.1
9/10/1981,1.1
9/11/1981,1.1
9/14/1981,1.1
9/15/1981,1.1
9/16/1981,1.1
9/17/1981,1.1
9/18/1981,1.15
9/21/1981,1.15
9/22/1981,1.15
9/23/1981,1.18
9/24/1981,1.18
9/25/1981,1.2
9/28/1981,1.25
9/29/1981,1.25
9/30/1981,1.25
10/1/1981,1.25
10/2/1981,1.25
10/5/1981,1.25
10/6/1981,1.25
10/7/1981,1.25
10/8/1981,1.28
10/9/1981,1.28
10/12/1981,1.28
10/13/1981,1.28
10/14/1981,1.28
10/15/1981,1.3
10/16/1981,1.3
10/19/1981,1.3
10/20/1981,1.3
10/21/1981,1.3
10/22/1981,1.3
10/23/1981,1.3
10/26/1981,1.32
10/27/1981,1.32
10/28/1981,1.35
10/29/1981,1.35
10/30/1981,1.35
11/2/1981,1.35
11/3/1981,1.35
11/4/1981,1.35
11/5/1981,1.4
11/6/1981,1.45
11/9/1981,1.47
11/10/1981,1.47
11/11/1981,1.47
11/12/1981,1.47
11/13/1981,1.47
11/16/1981,1.47
11/17/1981,1.47
11/18/1981,1.47
11/19/1981,1.47
11/20/1981,1.47
11/23/1981,1.47
11/24/1981,1.47
11/25/1981,1.47
11/27/1981,1.47
11/30/1981,1.47
12/1/1981,1.47
12/2/1981,1.47
12/3/1981,1.47
12/4/1981,1.47
12/7/1981,1.47
12/8/1981,1.47
12/9/1981,1.47
12/10/1981,1.47
12/11/1981,1.47
12/14/1981,1.47
12/15/1981,1.47
12/16/1981,1.47
12/17/1981,1.47
12/18/1981,1.47
12/21/1981,1.47
12/22/1981,1.47
12/23/1981,1.47
12/24/1981,1.47
12/28/1981,1.47
12/29/1981,1.47
12/30/1981,1.47
12/31/1981,1.47
1/4/1982,1.45
1/5/1982,1.45
1/6/1982,1.45
1/7/1982,1.45
1/8/1982,1.45
1/11/1982,1.45
1/12/1982,1.45
1/13/1982,1.45
1/14/1982,1.45
1/15/1982,1.45
1/18/1982,1.42
1/19/1982,1.42
1/20/1982,1.42
1/21/1982,1.42
1/22/1982,1.42
1/25/1982,1.42
1/26/1982,1.42
1/27/1982,1.42
1/28/1982,1.42
1/29/1982,1.44
2/1/1982,1.44
2/2/1982,1.45
2/3/1982,1.45
2/4/1982,1.46
2/5/1982,1.46
2/8/1982,1.46
2/9/1982,1.46
2/10/1982,1.5
2/11/1982,1.5
2/12/1982,1.5
2/16/1982,1.54
2/17/1982,1.54
2/18/1982,1.5
2/19/1982,1.5
2/22/1982,1.5
2/23/1982,1.5
2/24/1982,1.5
2/25/1982,1.5
2/26/1982,1.5
3/1/1982,1.5
3/2/1982,1.5
3/3/1982,1.5
3/4/1982,1.5
3/5/1982,1.5
3/8/1982,1.5
3/9/1982,1.5
3/10/1982,1.47
3/11/1982,1.47
3/12/1982,1.45
3/15/1982,1.45
3/16/1982,1.45
3/17/1982,1.42
3/18/1982,1.42
3/19/1982,1.4
3/22/1982,1.4
3/23/1982,1.4
3/24/1982,1.4
3/25/1982,1.4
3/26/1982,1.4
3/29/1982,1.4
3/30/1982,1.4
3/31/1982,1.4
4/1/1982,1.4
4/2/1982,1.42
4/5/1982,1.42
4/6/1982,1.42
4/7/1982,1.42
4/8/1982,1.42
4/12/1982,1.42
4/13/1982,1.42
4/14/1982,1.42
4/15/1982,1.4
4/16/1982,1.4
4/19/1982,1.4
4/20/1982,1.4
4/21/1982,1.4
4/22/1982,1.4
4/23/1982,1.4
4/26/1982,1.4
4/27/1982,1.4
4/28/1982,1.4
4/29/1982,1.4
4/30/1982,1.4
5/3/1982,1.4
5/4/1982,1.4
5/5/1982,1.4
5/6/1982,1.4
5/7/1982,1.4
5/10/1982,1.4
5/11/1982,1.4
5/12/1982,1.4
5/13/1982,1.4
5/14/1982,1.4
5/17/1982,1.4
5/18/1982,1.38
5/19/1982,1.38
5/20/1982,1.38
5/21/1982,1.38
5/24/1982,1.38
5/25/1982,1.38
5/26/1982,1.38
5/27/1982,1.4
5/28/1982,1.4
6/1/1982,1.4
6/2/1982,1.4
6/3/1982,1.4
6/4/1982,1.4
6/7/1982,1.4
6/8/1982,1.4
6/9/1982,1.42
6/10/1982,1.42
6/11/1982,1.42
6/14/1982,1.42
6/15/1982,1.42
6/16/1982,1.42
6/17/1982,1.42
6/18/1982,1.42
6/21/1982,1.42
6/22/1982,1.42
6/23/1982,1.42
6/24/1982,1.42
6/25/1982,1.42
6/28/1982,1.42
6/29/1982,1.42
6/30/1982,1.42
7/1/1982,1.42
7/2/1982,1.42
7/6/1982,1.4
7/7/1982,1.4
7/8/1982,1.4
7/9/1982,1.4
7/12/1982,1.4
7/13/1982,1.4
7/14/1982,1.4
7/15/1982,1.4
7/16/1982,1.4
7/19/1982,1.4
7/20/1982,1.4
7/21/1982,1.4
7/22/1982,1.4
7/23/1982,1.4
7/26/1982,1.4
7/27/1982,1.38
7/28/1982,1.38
7/29/1982,1.38
7/30/1982,1.38
8/2/1982,1.38
8/3/1982,1.38
8/4/1982,1.38
8/5/1982,1.38
8/6/1982,1.38
8/9/1982,1.38
8/10/1982,1.38
8/11/1982,1.38
8/12/1982,1.38
8/13/1982,1.38
8/16/1982,1.38
8/17/1982,1.38
8/18/1982,1.38
8/19/1982,1.38
8/20/1982,1.38
8/23/1982,1.38
8/24/1982,1.38
8/25/1982,1.38
8/26/1982,1.38
8/27/1982,1.36
8/30/1982,1.36
8/31/1982,1.36
9/1/1982,1.36
9/2/1982,1.36
9/3/1982,1.36
9/7/1982,1.36
9/8/1982,1.36
9/9/1982,1.36
9/10/1982,1.36
9/13/1982,1.36
9/14/1982,1.36
9/15/1982,1.36
9/16/1982,1.36
9/17/1982,1.36
9/20/1982,1.36
9/21/1982,1.375
9/22/1982,1.375
9/23/1982,1.37
9/24/1982,1.37
9/27/1982,1.37
9/28/1982,1.37
9/29/1982,1.37
9/30/1982,1.37
10/1/1982,1.37
10/4/1982,1.37
10/5/1982,1.37
10/6/1982,1.37
10/7/1982,1.37
10/8/1982,1.37
10/11/1982,1.37
10/12/1982,1.37
10/13/1982,1.38
10/14/1982,1.38
10/15/1982,1.38
10/18/1982,1.38
10/19/1982,1.38
10/20/1982,1.38
10/21/1982,1.38
10/22/1982,1.38
10/25/1982,1.38
10/26/1982,1.38
10/27/1982,1.38
10/28/1982,1.38
10/29/1982,1.38
11/1/1982,1.38
11/2/1982,1.38
11/3/1982,1.38
11/4/1982,1.38
11/5/1982,1.38
11/8/1982,1.38
11/9/1982,1.38
11/10/1982,1.38
11/11/1982,1.38
11/12/1982,1.38
11/15/1982,1.39
11/16/1982,1.39
11/17/1982,1.39
11/18/1982,1.39
11/19/1982,1.39
11/22/1982,1.39
11/23/1982,1.39
11/24/1982,1.39
11/26/1982,1.39
11/29/1982,1.39
11/30/1982,1.39
12/1/1982,1.39
12/2/1982,1.39
12/3/1982,1.39
12/6/1982,1.39
12/7/1982,1.39
12/8/1982,1.39
12/9/1982,1.39
12/10/1982,1.39
12/13/1982,1.39
12/14/1982,1.39
12/15/1982,1.39
12/16/1982,1.36
12/17/1982,1.36
12/20/1982,1.36
12/21/1982,1.36
12/22/1982,1.36
12/23/1982,1.36
12/27/1982,1.36
12/28/1982,1.36
12/29/1982,1.36
12/30/1982,1.36
12/31/1982,1.36
1/3/1983,1.35
1/4/1983,1.35
1/5/1983,1.35
1/6/1983,1.35
1/7/1983,1.35
1/10/1983,1.34
1/11/1983,1.34
1/12/1983,1.34
1/13/1983,1.34
1/14/1983,1.34
1/17/1983,1.34
1/18/1983,1.34
1/19/1983,1.34
1/20/1983,1.34
1/21/1983,1.32
1/24/1983,1.32
1/25/1983,1.32
1/26/1983,1.32
1/27/1983,1.32
1/28/1983,1.32
1/31/1983,1.31
2/1/1983,1.31
2/2/1983,1.31
2/3/1983,1.31
2/4/1983,1.3
2/7/1983,1.3
2/8/1983,1.3
2/9/1983,1.3
2/10/1983,1.3
2/11/1983,1.3
2/14/1983,1.3
2/15/1983,1.3
2/16/1983,1.3
2/17/1983,1.3
2/18/1983,1.31
2/22/1983,1.3
2/23/1983,1.3
2/24/1983,1.3
2/25/1983,1.3
2/28/1983,1.3
3/1/1983,1.3
3/2/1983,1.3
3/3/1983,1.3
3/4/1983,1.3
3/7/1983,1.28
3/8/1983,1.28
3/9/1983,1.28
3/10/1983,1.28
3/11/1983,1.28
3/14/1983,1.28
3/15/1983,1.28
3/16/1983,1.28
3/17/1983,1.28
3/18/1983,1.28
3/21/1983,1.28
3/22/1983,1.28
3/23/1983,1.28
3/24/1983,1.28
3/25/1983,1.28
3/28/1983,1.28
3/29/1983,1.28
3/30/1983,1.28
3/31/1983,1.28
4/4/1983,1.28
4/5/1983,1.27
4/6/1983,1.27
4/7/1983,1.27
4/8/1983,1.27
4/11/1983,1.27
4/12/1983,1.27
4/13/1983,1.27
4/14/1983,1.27
4/15/1983,1.27
4/18/1983,1.27
4/19/1983,1.27
4/20/1983,1.26
4/21/1983,1.26
4/22/1983,1.26
4/25/1983,1.26
4/26/1983,1.26
4/27/1983,1.26
4/28/1983,1.26
4/29/1983,1.26
5/2/1983,1.27
5/3/1983,1.27
5/4/1983,1.27
5/5/1983,1.27
5/6/1983,1.27
5/9/1983,1.27
5/10/1983,1.27
5/11/1983,1.27
5/12/1983,1.27
5/13/1983,1.27
5/16/1983,1.27
5/17/1983,1.27
5/18/1983,1.27
5/19/1983,1.28
5/20/1983,1.28
5/23/1983,1.28
5/24/1983,1.29
5/25/1983,1.29
5/26/1983,1.29
5/27/1983,1.29
5/31/1983,1.29
6/1/1983,1.28
6/2/1983,1.28
6/3/1983,1.28
6/6/1983,1.28
6/7/1983,1.28
6/8/1983,1.28
6/9/1983,1.28
6/10/1983,1.28
6/13/1983,1.28
6/14/1983,1.28
6/15/1983,1.28
6/16/1983,1.28
6/17/1983,1.28
6/20/1983,1.28
6/21/1983,1.28
6/22/1983,1.28
6/23/1983,1.28
6/24/1983,1.275
6/27/1983,1.275
6/28/1983,1.275
6/29/1983,1.275
6/30/1983,1.275
7/1/1983,1.275
7/5/1983,1.275
7/6/1983,1.275
7/7/1983,1.275
7/8/1983,1.275
7/11/1983,1.275
7/12/1983,1.28
7/13/1983,1.28
7/14/1983,1.28
7/15/1983,1.28
7/18/1983,1.28
7/19/1983,1.28
7/20/1983,1.28
7/21/1983,1.285
7/22/1983,1.285
7/25/1983,1.285
7/26/1983,1.29
7/27/1983,1.29
7/28/1983,1.29
7/29/1983,1.29
8/1/1983,1.28
8/2/1983,1.28
8/3/1983,1.28
8/4/1983,1.28
8/5/1983,1.28
8/8/1983,1.28
8/9/1983,1.28
8/10/1983,1.28
8/11/1983,1.28
8/12/1983,1.28
8/15/1983,1.28
8/16/1983,1.28
8/17/1983,1.28
8/18/1983,1.28
8/19/1983,1.28
8/22/1983,1.28
8/23/1983,1.28
8/24/1983,1.28
8/25/1983,1.28
8/26/1983,1.28
8/29/1983,1.28
8/30/1983,1.28
8/31/1983,1.29
9/1/1983,1.29
9/2/1983,1.29
9/6/1983,1.29
9/7/1983,1.29
9/8/1983,1.29
9/9/1983,1.29
9/12/1983,1.29
9/13/1983,1.29
9/14/1983,1.29
9/15/1983,1.29
9/16/1983,1.29
9/19/1983,1.29
9/20/1983,1.29
9/21/1983,1.29
9/22/1983,1.29
9/23/1983,1.29
9/26/1983,1.3
9/27/1983,1.3
9/28/1983,1.3
9/29/1983,1.35
9/30/1983,1.38
10/3/1983,1.38
10/4/1983,1.39
10/5/1983,1.39
10/6/1983,1.39
10/7/1983,1.4
10/10/1983,1.4
10/11/1983,1.4
10/12/1983,1.4
10/13/1983,1.4
10/14/1983,1.42
10/17/1983,1.42
10/18/1983,1.42
10/19/1983,1.42
10/20/1983,1.42
10/21/1983,1.42
10/24/1983,1.42
10/25/1983,1.42
10/26/1983,1.445
10/27/1983,1.445
10/28/1983,1.445
10/31/1983,1.445
11/1/1983,1.445
11/2/1983,1.45
11/3/1983,1.45
11/4/1983,1.45
11/7/1983,1.45
11/8/1983,1.45
11/9/1983,1.46
11/10/1983,1.46
11/11/1983,1.46
11/14/1983,1.47
11/15/1983,1.47
11/16/1983,1.47
11/17/1983,1.47
11/18/1983,1.47
11/21/1983,1.47
11/22/1983,1.47
11/23/1983,1.47
11/25/1983,1.47
11/28/1983,1.48
11/29/1983,1.48
11/30/1983,1.48
12/1/1983,1.49
12/2/1983,1.49
12/5/1983,1.49
12/6/1983,1.49
12/7/1983,1.49
12/8/1983,1.49
12/9/1983,1.49
12/12/1983,1.5
12/13/1983,1.5
12/14/1983,1.5
12/15/1983,1.5
12/16/1983,1.55
12/19/1983,1.55
12/20/1983,1.55
12/21/1983,1.55
12/22/1983,1.55
12/23/1983,1.55
12/27/1983,1.55
12/28/1983,1.55
12/29/1983,1.55
12/30/1983,1.55
1/3/1984,1.55
1/4/1984,1.5
1/5/1984,1.5
1/6/1984,1.5
1/9/1984,1.5
1/10/1984,1.5
1/11/1984,1.5
1/12/1984,1.5
1/13/1984,1.5
1/16/1984,1.5
1/17/1984,1.5
1/18/1984,1.5
1/19/1984,1.5
1/20/1984,1.5
1/23/1984,1.5
1/24/1984,1.5
1/25/1984,1.5
1/26/1984,1.5
1/27/1984,1.5
1/30/1984,1.5
1/31/1984,1.5
2/1/1984,1.5
2/2/1984,1.5
2/3/1984,1.5
2/6/1984,1.5
2/7/1984,1.5
2/8/1984,1.5
2/9/1984,1.5
2/10/1984,1.5
2/13/1984,1.5
2/14/1984,1.5
2/15/1984,1.5
2/16/1984,1.5
2/17/1984,1.52
2/21/1984,1.52
2/22/1984,1.52
2/23/1984,1.52
2/24/1984,1.52
2/27/1984,1.52
2/28/1984,1.52
2/29/1984,1.52
3/1/1984,1.52
3/2/1984,1.52
3/5/1984,1.52
3/6/1984,1.52
3/7/1984,1.52
3/8/1984,1.52
3/9/1984,1.52
3/12/1984,1.52
3/13/1984,1.52
3/14/1984,1.52
3/15/1984,1.52
3/16/1984,1.52
3/19/1984,1.5
3/20/1984,1.5
3/21/1984,1.5
3/22/1984,1.5
3/23/1984,1.48
3/26/1984,1.48
3/27/1984,1.48
3/28/1984,1.48
3/29/1984,1.48
3/30/1984,1.48
4/2/1984,1.48
4/3/1984,1.48
4/4/1984,1.48
4/5/1984,1.48
4/6/1984,1.48
4/9/1984,1.48
4/10/1984,1.48
4/11/1984,1.48
4/12/1984,1.48
4/13/1984,1.48
4/16/1984,1.48
4/17/1984,1.48
4/18/1984,1.48
4/19/1984,1.48
4/23/1984,1.48
4/24/1984,1.48
4/25/1984,1.48
4/26/1984,1.48
4/27/1984,1.48
4/30/1984,1.48
5/1/1984,1.48
5/2/1984,1.48
5/3/1984,1.48
5/4/1984,1.475
5/7/1984,1.475
5/8/1984,1.475
5/9/1984,1.47
5/10/1984,1.47
5/11/1984,1.47
5/14/1984,1.47
5/15/1984,1.47
5/16/1984,1.47
5/17/1984,1.47
5/18/1984,1.48
5/21/1984,1.48
5/22/1984,1.48
5/23/1984,1.48
5/24/1984,1.48
5/25/1984,1.48
5/29/1984,1.48
5/30/1984,1.48
5/31/1984,1.48
6/1/1984,1.48
6/4/1984,1.48
6/5/1984,1.47
6/6/1984,1.47
6/7/1984,1.47
6/8/1984,1.47
6/11/1984,1.47
6/12/1984,1.47
6/13/1984,1.47
6/14/1984,1.47
6/15/1984,1.47
6/18/1984,1.47
6/19/1984,1.46
6/20/1984,1.46
6/21/1984,1.46
6/22/1984,1.46
6/25/1984,1.46
6/26/1984,1.46
6/27/1984,1.46
6/28/1984,1.46
6/29/1984,1.46
7/2/1984,1.46
7/3/1984,1.46
7/5/1984,1.46
7/6/1984,1.46
7/9/1984,1.46
7/10/1984,1.46
7/11/1984,1.45
7/12/1984,1.45
7/13/1984,1.45
7/16/1984,1.45
7/17/1984,1.45
7/18/1984,1.45
7/19/1984,1.45
7/20/1984,1.45
7/23/1984,1.45
7/24/1984,1.45
7/25/1984,1.45
7/26/1984,1.44
7/27/1984,1.44
7/30/1984,1.44
7/31/1984,1.44
8/1/1984,1.44
8/2/1984,1.44
8/3/1984,1.44
8/6/1984,1.44
8/7/1984,1.43
8/8/1984,1.43
8/9/1984,1.44
8/10/1984,1.44
8/13/1984,1.44
8/14/1984,1.45
8/15/1984,1.45
8/16/1984,1.45
8/17/1984,1.45
8/20/1984,1.45
8/21/1984,1.45
8/22/1984,1.45
8/23/1984,1.45
8/24/1984,1.45
8/27/1984,1.5
8/28/1984,1.5
8/29/1984,1.48
8/30/1984,1.48
8/31/1984,1.48
9/4/1984,1.48
9/5/1984,1.48
9/6/1984,1.48
9/7/1984,1.48
9/10/1984,1.47
9/11/1984,1.47
9/12/1984,1.46
9/13/1984,1.46
9/14/1984,1.46
9/17/1984,1.45
9/18/1984,1.45
9/19/1984,1.45
9/20/1984,1.45
9/21/1984,1.45
9/24/1984,1.45
9/25/1984,1.44
9/26/1984,1.44
9/27/1984,1.44
9/28/1984,1.44
10/1/1984,1.43
10/2/1984,1.43
10/3/1984,1.43
10/4/1984,1.42
10/5/1984,1.42
10/8/1984,1.42
10/9/1984,1.4
10/10/1984,1.4
10/11/1984,1.4
10/12/1984,1.4
10/15/1984,1.4
10/16/1984,1.39
10/17/1984,1.39
10/18/1984,1.39
10/19/1984,1.39
10/22/1984,1.39
10/23/1984,1.38
10/24/1984,1.38
10/25/1984,1.38
10/26/1984,1.38
10/29/1984,1.38
10/30/1984,1.38
10/31/1984,1.38
11/1/1984,1.38
11/2/1984,1.37
11/5/1984,1.37
11/6/1984,1.37
11/7/1984,1.37
11/8/1984,1.37
11/9/1984,1.37
11/12/1984,1.38
11/13/1984,1.38
11/14/1984,1.38
11/15/1984,1.38
11/16/1984,1.38
11/19/1984,1.38
11/20/1984,1.38
11/21/1984,1.38
11/23/1984,1.38
11/26/1984,1.38
11/27/1984,1.38
11/28/1984,1.38
11/29/1984,1.38
11/30/1984,1.38
12/3/1984,1.38
12/4/1984,1.38
12/5/1984,1.38
12/6/1984,1.38
12/7/1984,1.38
12/10/1984,1.38
12/11/1984,1.38
12/12/1984,1.38
12/13/1984,1.38
12/14/1984,1.38
12/17/1984,1.38
12/18/1984,1.38
12/19/1984,1.45
12/20/1984,1.38
12/21/1984,1.38
12/24/1984,1.38
12/26/1984,1.38
12/27/1984,1.38
12/28/1984,1.38
12/31/1984,1.38
1/2/1985,1.38
1/3/1985,1.38
1/4/1985,1.38
1/7/1985,1.37
1/8/1985,1.37
1/9/1985,1.37
1/10/1985,1.37
1/11/1985,1.37
1/14/1985,1.38
1/15/1985,1.38
1/16/1985,1.38
1/17/1985,1.4
1/18/1985,1.4
1/21/1985,1.4
1/22/1985,1.42
1/23/1985,1.42
1/24/1985,1.42
1/25/1985,1.42
1/28/1985,1.44
1/29/1985,1.44
1/30/1985,1.45
1/31/1985,1.45
2/1/1985,1.45
2/4/1985,1.45
2/5/1985,1.45
2/6/1985,1.45
2/7/1985,1.45
2/8/1985,1.45
2/11/1985,1.45
2/12/1985,1.45
2/13/1985,1.45
2/14/1985,1.45
2/15/1985,1.45
2/19/1985,1.45
2/20/1985,1.45
2/21/1985,1.45
2/22/1985,1.45
2/25/1985,1.45
2/26/1985,1.43
2/27/1985,1.43
2/28/1985,1.43
3/1/1985,1.42
3/4/1985,1.42
3/5/1985,1.42
3/6/1985,1.42
3/7/1985,1.42
3/8/1985,1.42
3/11/1985,1.4
3/12/1985,1.4
3/13/1985,1.4
3/14/1985,1.4
3/15/1985,1.4
3/18/1985,1.4
3/19/1985,1.4
3/20/1985,1.4
3/21/1985,1.4
3/22/1985,1.4
3/25/1985,1.4
3/26/1985,1.4
3/27/1985,1.4
3/28/1985,1.4
3/29/1985,1.4
4/1/1985,1.39
4/2/1985,1.39
4/3/1985,1.39
4/4/1985,1.38
4/8/1985,1.38
4/9/1985,1.38
4/10/1985,1.38
4/11/1985,1.38
4/12/1985,1.37
4/15/1985,1.37
4/16/1985,1.37
4/17/1985,1.37
4/18/1985,1.37
4/19/1985,1.37
4/22/1985,1.37
4/23/1985,1.37
4/24/1985,1.38
4/25/1985,1.38
4/26/1985,1.38
4/29/1985,1.38
4/30/1985,1.38
5/1/1985,1.38
5/2/1985,1.38
5/3/1985,1.38
5/6/1985,1.38
5/7/1985,1.37
5/8/1985,1.37
5/9/1985,1.37
5/10/1985,1.38
5/13/1985,1.38
5/14/1985,1.38
5/15/1985,1.38
5/16/1985,1.38
5/17/1985,1.38
5/20/1985,1.38
5/21/1985,1.38
5/22/1985,1.38
5/23/1985,1.38
5/24/1985,1.38
5/28/1985,1.38
5/29/1985,1.38
5/30/1985,1.38
5/31/1985,1.38
6/3/1985,1.38
6/4/1985,1.38
6/5/1985,1.38
6/6/1985,1.38
6/7/1985,1.4
6/10/1985,1.4
6/11/1985,1.4
6/12/1985,1.41
6/13/1985,1.41
6/14/1985,1.41
6/17/1985,1.4
6/18/1985,1.4
6/19/1985,1.4
6/20/1985,1.4
6/21/1985,1.4
6/24/1985,1.4
6/25/1985,1.4
6/26/1985,1.4
6/27/1985,1.4
6/28/1985,1.4
7/1/1985,1.38
7/2/1985,1.37
7/3/1985,1.35
7/5/1985,1.35
7/8/1985,1.35
7/9/1985,1.35
7/10/1985,1.35
7/11/1985,1.35
7/12/1985,1.34
7/15/1985,1.33
7/16/1985,1.33
7/17/1985,1.33
7/18/1985,1.33
7/19/1985,1.33
7/22/1985,1.33
7/23/1985,1.32
7/24/1985,1.32
7/25/1985,1.32
7/26/1985,1.32
7/29/1985,1.33
7/30/1985,1.31
7/31/1985,1.31
8/1/1985,1.32
8/2/1985,1.32
8/5/1985,1.31
8/6/1985,1.31
8/7/1985,1.31
8/8/1985,1.32
8/9/1985,1.32
8/12/1985,1.32
8/13/1985,1.32
8/14/1985,1.33
8/15/1985,1.33
8/16/1985,1.33
8/19/1985,1.33
8/20/1985,1.33
8/21/1985,1.33
8/22/1985,1.33
8/23/1985,1.33
8/26/1985,1.33
8/27/1985,1.33
8/28/1985,1.34
8/29/1985,1.34
8/30/1985,1.34
9/3/1985,1.33
9/4/1985,1.33
9/5/1985,1.33
9/6/1985,1.33
9/9/1985,1.33
9/10/1985,1.33
9/11/1985,1.33
9/12/1985,1.33
9/13/1985,1.33
9/16/1985,1.33
9/17/1985,1.33
9/18/1985,1.33
9/19/1985,1.33
9/20/1985,1.33
9/23/1985,1.33
9/24/1985,1.33
9/25/1985,1.33
9/26/1985,1.33
9/30/1985,1.33
10/1/1985,1.33
10/2/1985,1.33
10/3/1985,1.33
10/4/1985,1.33
10/7/1985,1.34
10/8/1985,1.34
10/9/1985,1.34
10/10/1985,1.34
10/11/1985,1.34
10/14/1985,1.34
10/15/1985,1.34
10/16/1985,1.36
10/17/1985,1.36
10/18/1985,1.36
10/21/1985,1.38
10/22/1985,1.39
10/23/1985,1.39
10/24/1985,1.4
10/25/1985,1.4
10/28/1985,1.41
10/29/1985,1.43
10/30/1985,1.43
10/31/1985,1.45
11/1/1985,1.5
11/4/1985,1.55
11/5/1985,1.55
11/6/1985,1.55
11/7/1985,1.55
11/8/1985,1.57
11/11/1985,1.57
11/12/1985,1.57
11/13/1985,1.57
11/14/1985,1.57
11/15/1985,1.57
11/18/1985,1.55
11/19/1985,1.55
11/20/1985,1.55
11/21/1985,1.55
11/22/1985,1.55
11/25/1985,1.55
11/26/1985,1.55
11/27/1985,1.55
11/29/1985,1.55
12/2/1985,1.6
12/3/1985,1.6
12/4/1985,1.61
12/5/1985,1.61
12/6/1985,1.65
12/9/1985,1.65
12/10/1985,1.65
12/11/1985,1.65
12/12/1985,1.68
12/13/1985,1.7
12/16/1985,1.7
12/17/1985,1.75
12/18/1985,1.75
12/19/1985,1.8
12/20/1985,1.85
12/23/1985,1.9
12/24/1985,1.9
12/26/1985,1.9
12/27/1985,1.9
12/30/1985,1.9
12/31/1985,1.9
1/2/1986,2
1/3/1986,2.1
1/6/1986,2.2
1/7/1986,2.5
1/8/1986,2.5
1/9/1986,2.5
1/10/1986,2.5
1/13/1986,2.5
1/14/1986,2.5
1/15/1986,2.5
1/16/1986,2.5
1/17/1986,2.5
1/20/1986,2.5
1/21/1986,2.5
1/22/1986,2.5
1/23/1986,2.5
1/24/1986,2.4
1/27/1986,2.4
1/28/1986,2.4
1/29/1986,2.35
1/30/1986,2.3
1/31/1986,2.3
2/3/1986,2.3
2/4/1986,2.25
2/5/1986,2.25
2/6/1986,2.25
2/7/1986,2.25
2/10/1986,2.25
2/11/1986,2.25
2/12/1986,2.25
2/13/1986,2.2
2/14/1986,2.2
2/18/1986,2.2
2/19/1986,2.2
2/20/1986,2.25
2/21/1986,2.25
2/24/1986,2.3
2/25/1986,2.3
2/26/1986,2.3
2/27/1986,2.3
2/28/1986,2.3
3/3/1986,2.3
3/4/1986,2.35
3/5/1986,2.35
3/6/1986,2.35
3/7/1986,2.35
3/10/1986,2.35
3/11/1986,2.35
3/12/1986,2.35
3/13/1986,2.35
3/14/1986,2.35
3/17/1986,2.35
3/18/1986,2.35
3/19/1986,2.35
3/20/1986,2.35
3/21/1986,2.35
3/24/1986,2.35
3/25/1986,2.35
3/26/1986,2.35
3/27/1986,2.35
3/31/1986,2.35
4/1/1986,2.35
4/2/1986,2.35
4/3/1986,2.3
4/4/1986,2.3
4/7/1986,2.25
4/8/1986,2.25
4/9/1986,2.25
4/10/1986,2.25
4/11/1986,2.25
4/14/1986,2.25
4/15/1986,2.25
4/16/1986,2.25
4/17/1986,2.25
4/18/1986,2.25
4/21/1986,2.25
4/22/1986,2.25
4/23/1986,2.25
4/24/1986,2.3
4/25/1986,2.3
4/28/1986,2.3
4/29/1986,2.3
4/30/1986,2.3
5/1/1986,2.3
5/2/1986,2.3
5/5/1986,2.3
5/6/1986,2.3
5/7/1986,2.3
5/8/1986,2.25
5/9/1986,2.25
5/12/1986,2.2
5/13/1986,2.2
5/14/1986,2.2
5/15/1986,2.2
5/16/1986,2.2
5/19/1986,2.15
5/20/1986,2.1
5/21/1986,2.1
5/22/1986,2.05
5/23/1986,2.05
5/27/1986,2
5/28/1986,2
5/29/1986,2
5/30/1986,2
6/2/1986,2
6/3/1986,2
6/4/1986,2
6/5/1986,2
6/6/1986,2
6/9/1986,1.95
6/10/1986,1.95
6/11/1986,1.95
6/12/1986,1.95
6/13/1986,1.95
6/16/1986,1.9
6/17/1986,1.9
6/18/1986,1.9
6/19/1986,1.9
6/20/1986,1.9
6/23/1986,1.9
6/24/1986,1.9
6/25/1986,1.87
6/26/1986,1.87
6/27/1986,1.85
6/30/1986,1.85
7/1/1986,1.85
7/2/1986,1.85
7/3/1986,1.85
7/7/1986,1.85
7/8/1986,1.85
7/9/1986,1.85
7/10/1986,1.85
7/11/1986,1.85
7/14/1986,1.85
7/15/1986,1.9
7/16/1986,1.9
7/17/1986,1.9
7/18/1986,1.9
7/21/1986,1.9
7/22/1986,1.92
7/23/1986,1.92
7/24/1986,1.92
7/25/1986,1.92
7/28/1986,1.92
7/29/1986,1.92
7/30/1986,1.9
7/31/1986,1.85
8/1/1986,1.85
8/4/1986,1.85
8/5/1986,1.82
8/6/1986,1.82
8/7/1986,1.82
8/8/1986,1.82
8/11/1986,1.82
8/12/1986,1.8
8/13/1986,1.8
8/14/1986,1.78
8/15/1986,1.78
8/18/1986,1.8
8/19/1986,1.82
8/20/1986,1.84
8/21/1986,1.84
8/22/1986,1.9
8/25/1986,1.92
8/26/1986,1.95
8/27/1986,1.95
8/28/1986,1.97
8/29/1986,1.98
9/2/1986,2
9/3/1986,2
9/4/1986,2
9/5/1986,2
9/8/1986,2
9/9/1986,2
9/10/1986,2
9/11/1986,2
9/12/1986,2
9/15/1986,2
9/16/1986,2.02
9/17/1986,2.05
9/18/1986,2.05
9/19/1986,2.07
9/22/1986,2.07
9/23/1986,2.08
9/24/1986,2.08
9/25/1986,2.08
9/26/1986,2.06
9/29/1986,2.06
9/30/1986,2.06
10/1/1986,2
10/2/1986,2
10/3/1986,1.98
10/6/1986,1.98
10/7/1986,2
10/8/1986,2
10/9/1986,1.98
10/10/1986,1.93
10/13/1986,1.93
10/14/1986,1.9
10/15/1986,1.9
10/16/1986,1.88
10/17/1986,1.86
10/20/1986,1.84
10/21/1986,1.84
10/22/1986,1.8
10/23/1986,1.78
10/24/1986,1.78
10/27/1986,1.78
10/28/1986,1.78
10/29/1986,1.72
10/30/1986,1.72
10/31/1986,1.72
11/3/1986,1.72
11/4/1986,1.72
11/5/1986,1.72
11/6/1986,1.72
11/7/1986,1.74
11/10/1986,1.74
11/11/1986,1.74
11/12/1986,1.7
11/13/1986,1.7
11/14/1986,1.65
11/17/1986,1.63
11/18/1986,1.63
11/19/1986,1.63
11/20/1986,1.63
11/21/1986,1.63
11/24/1986,1.63
11/25/1986,1.63
11/26/1986,1.63
11/28/1986,1.63
12/1/1986,1.63
12/2/1986,1.6
12/3/1986,1.55
12/4/1986,1.53
12/5/1986,1.5
12/8/1986,1.47
12/9/1986,1.44
12/10/1986,1.44
12/11/1986,1.44
12/12/1986,1.44
12/15/1986,1.44
12/16/1986,1.44
12/17/1986,1.4
12/18/1986,1.4
12/19/1986,1.4
12/22/1986,1.4
12/23/1986,1.4
12/24/1986,1.4
12/26/1986,1.4
12/29/1986,1.4
12/30/1986,1.4
12/31/1986,1.4
1/2/1987,1.4
1/5/1987,1.4
1/6/1987,1.4
1/7/1987,1.4
1/8/1987,1.3
1/9/1987,1.3
1/12/1987,1.27
1/13/1987,1.27
1/14/1987,1.3
1/15/1987,1.27
1/16/1987,1.27
1/19/1987,1.27
1/20/1987,1.27
1/21/1987,1.26
1/22/1987,1.26
1/23/1987,1.26
1/26/1987,1.25
1/27/1987,1.25
1/28/1987,1.25
1/29/1987,1.23
1/30/1987,1.23
2/2/1987,1.23
2/3/1987,1.22
2/4/1987,1.22
2/5/1987,1.22
2/6/1987,1.22
2/9/1987,1.22
2/10/1987,1.22
2/11/1987,1.22
2/12/1987,1.22
2/13/1987,1.22
2/17/1987,1.17
2/18/1987,1.16
2/19/1987,1.16
2/20/1987,1.16
2/23/1987,1.17
2/24/1987,1.18
2/25/1987,1.18
2/26/1987,1.19
2/27/1987,1.2
3/2/1987,1.2
3/3/1987,1.2
3/4/1987,1.2
3/5/1987,1.05
3/6/1987,1.05
3/9/1987,1.05
3/10/1987,1.05
3/11/1987,1.06
3/12/1987,1.06
3/13/1987,1.03
3/16/1987,1.03
3/17/1987,1.03
3/18/1987,1.03
3/19/1987,1.03
3/20/1987,1.03
3/23/1987,1.03
3/24/1987,1.03
3/25/1987,1.03
3/26/1987,1.02
3/27/1987,1.02
3/30/1987,1.02
3/31/1987,1
4/1/1987,1
4/2/1987,1
4/3/1987,1
4/6/1987,1
4/7/1987,1
4/8/1987,1
4/9/1987,1
4/10/1987,1
4/13/1987,1
4/14/1987,1.02
4/15/1987,1.02
4/16/1987,1.02
4/20/1987,1.03
4/21/1987,1.03
4/22/1987,1.03
4/23/1987,1.03
4/24/1987,1.05
4/27/1987,1.05
4/28/1987,1.05
4/29/1987,1.07
4/30/1987,1.07
5/1/1987,1.07
5/4/1987,1.07
5/5/1987,1.08
5/6/1987,1.07
5/7/1987,1.07
5/8/1987,1.07
5/11/1987,1.07
5/12/1987,1.07
5/13/1987,1.08
5/14/1987,1.08
5/15/1987,1.08
5/18/1987,1.08
5/19/1987,1.1
5/20/1987,1.12
5/21/1987,1.12
5/22/1987,1.12
5/26/1987,1.12
5/27/1987,1.12
5/28/1987,1.12
5/29/1987,1.12
6/1/1987,1.12
6/2/1987,1.12
6/3/1987,1.12
6/4/1987,1.1
6/5/1987,1.1
6/8/1987,1.1
6/9/1987,1.1
6/10/1987,1.1
6/11/1987,1.1
6/12/1987,1.1
6/15/1987,1.09
6/16/1987,1.09
6/17/1987,1.08
6/18/1987,1.07
6/19/1987,1.07
6/22/1987,1.07
6/23/1987,1.05
6/24/1987,1.05
6/25/1987,1.04
6/26/1987,1.03
6/29/1987,1.03
6/30/1987,1.03
7/1/1987,1.03
7/2/1987,1.03
7/6/1987,1.03
7/7/1987,1
7/8/1987,1
7/9/1987,1
7/10/1987,1
7/13/1987,1
7/14/1987,1
7/15/1987,0.99
7/16/1987,0.99
7/17/1987,0.99
7/20/1987,0.99
7/21/1987,0.99
7/22/1987,0.99
7/23/1987,0.99
7/24/1987,0.99
7/27/1987,0.99
7/28/1987,0.99
7/29/1987,0.99
7/30/1987,0.99
7/31/1987,0.99
8/3/1987,0.99
8/4/1987,0.99
8/5/1987,0.99
8/6/1987,0.97
8/7/1987,0.97
8/10/1987,0.95
8/11/1987,0.95
8/12/1987,0.95
8/13/1987,0.95
8/14/1987,0.95
8/17/1987,0.95
8/18/1987,0.95
8/19/1987,0.95
8/20/1987,0.95
8/21/1987,0.95
8/24/1987,0.95
8/25/1987,0.95
8/26/1987,0.95
8/27/1987,0.95
8/28/1987,0.95
8/31/1987,0.97
9/1/1987,0.97
9/2/1987,0.97
9/3/1987,0.97
9/4/1987,0.97
9/8/1987,0.97
9/9/1987,0.97
9/10/1987,0.97
9/11/1987,0.97
9/14/1987,0.97
9/15/1987,0.97
9/16/1987,0.97
9/17/1987,0.97
9/18/1987,0.97
9/21/1987,0.97
9/22/1987,0.96
9/23/1987,0.96
9/24/1987,0.96
9/25/1987,0.96
9/28/1987,0.96
9/29/1987,0.96
9/30/1987,0.95
10/1/1987,0.95
10/2/1987,0.97
10/5/1987,1
10/6/1987,1.03
10/7/1987,1.03
10/8/1987,1.03
10/9/1987,1.05
10/12/1987,1.05
10/13/1987,1.06
10/14/1987,1.06
10/15/1987,1.07
10/16/1987,1.07
10/19/1987,1.07
10/20/1987,1.07
10/21/1987,1.07
10/22/1987,1.07
10/23/1987,1.07
10/26/1987,1.07
10/27/1987,1.07
10/28/1987,1.07
10/29/1987,1.1
10/30/1987,1.15
11/2/1987,1.17
11/3/1987,1.17
11/4/1987,1.17
11/5/1987,1.18
11/6/1987,1.18
11/9/1987,1.18
11/10/1987,1.18
11/11/1987,1.18
11/12/1987,1.18
11/13/1987,1.18
11/16/1987,1.19
11/17/1987,1.19
11/18/1987,1.19
11/19/1987,1.19
11/20/1987,1.19
11/23/1987,1.19
11/24/1987,1.2
11/25/1987,1.2
11/27/1987,1.2
11/30/1987,1.2
12/1/1987,1.2
12/2/1987,1.2
12/3/1987,1.2
12/4/1987,1.2
12/7/1987,1.2
12/8/1987,1.2
12/9/1987,1.2
12/10/1987,1.2
12/11/1987,1.2
12/14/1987,1.2
12/15/1987,1.19
12/16/1987,1.19
12/17/1987,1.19
12/18/1987,1.19
12/21/1987,1.19
12/22/1987,1.19
12/23/1987,1.19
12/24/1987,1.19
12/28/1987,1.19
12/29/1987,1.19
12/30/1987,1.18
12/31/1987,1.18
1/4/1988,1.18
1/5/1988,1.18
1/6/1988,1.19
1/7/1988,1.19
1/8/1988,1.19
1/11/1988,1.18
1/12/1988,1.18
1/13/1988,1.18
1/14/1988,1.18
1/15/1988,1.18
1/18/1988,1.18
1/19/1988,1.19
1/20/1988,1.19
1/21/1988,1.19
1/22/1988,1.2
1/25/1988,1.2
1/26/1988,1.2
1/27/1988,1.2
1/28/1988,1.21
1/29/1988,1.21
2/1/1988,1.21
2/2/1988,1.22
2/3/1988,1.23
2/4/1988,1.23
2/5/1988,1.23
2/8/1988,1.27
2/9/1988,1.27
2/10/1988,1.27
2/11/1988,1.27
2/12/1988,1.27
2/16/1988,1.27
2/17/1988,1.27
2/18/1988,1.28
2/19/1988,1.3
2/22/1988,1.31
2/23/1988,1.31
2/24/1988,1.32
2/25/1988,1.32
2/26/1988,1.32
2/29/1988,1.31
3/1/1988,1.31
3/2/1988,1.31
3/3/1988,1.31
3/4/1988,1.31
3/7/1988,1.29
3/8/1988,1.29
3/9/1988,1.29
3/10/1988,1.29
3/11/1988,1.29
3/14/1988,1.29
3/15/1988,1.28
3/16/1988,1.28
3/17/1988,1.26
3/18/1988,1.26
3/21/1988,1.25
3/22/1988,1.25
3/23/1988,1.25
3/24/1988,1.25
3/25/1988,1.25
3/28/1988,1.25
3/29/1988,1.25
3/30/1988,1.24
3/31/1988,1.24
4/4/1988,1.24
4/5/1988,1.23
4/6/1988,1.23
4/7/1988,1.23
4/8/1988,1.23
4/11/1988,1.23
4/12/1988,1.23
4/13/1988,1.23
4/14/1988,1.23
4/15/1988,1.23
4/18/1988,1.23
4/19/1988,1.23
4/20/1988,1.23
4/21/1988,1.23
4/22/1988,1.23
4/25/1988,1.23
4/26/1988,1.23
4/27/1988,1.22
4/28/1988,1.22
4/29/1988,1.21
5/2/1988,1.21
5/3/1988,1.22
5/4/1988,1.22
5/5/1988,1.23
5/6/1988,1.23
5/9/1988,1.23
5/10/1988,1.23
5/11/1988,1.23
5/12/1988,1.23
5/13/1988,1.23
5/16/1988,1.21
5/17/1988,1.21
5/18/1988,1.21
5/19/1988,1.21
5/20/1988,1.21
5/23/1988,1.21
5/24/1988,1.21
5/25/1988,1.205
5/26/1988,1.205
5/27/1988,1.21
5/31/1988,1.21
6/1/1988,1.21
6/2/1988,1.21
6/3/1988,1.21
6/6/1988,1.23
6/7/1988,1.23
6/8/1988,1.23
6/9/1988,1.23
6/10/1988,1.23
6/13/1988,1.23
6/14/1988,1.23
6/15/1988,1.24
6/16/1988,1.24
6/17/1988,1.24
6/20/1988,1.23
6/21/1988,1.23
6/22/1988,1.23
6/23/1988,1.22
6/24/1988,1.22
6/27/1988,1.22
6/28/1988,1.22
6/29/1988,1.22
6/30/1988,1.21
7/1/1988,1.21
7/5/1988,1.21
7/6/1988,1.21
7/7/1988,1.21
7/8/1988,1.21
7/11/1988,1.21
7/12/1988,1.21
7/13/1988,1.21
7/14/1988,1.21
7/15/1988,1.21
7/18/1988,1.21
7/19/1988,1.21
7/20/1988,1.22
7/21/1988,1.22
7/22/1988,1.23
7/25/1988,1.23
7/26/1988,1.23
7/27/1988,1.2
7/28/1988,1.17
7/29/1988,1.17
8/1/1988,1.17
8/2/1988,1.17
8/3/1988,1.11
8/4/1988,1.11
8/5/1988,1.11
8/8/1988,1.11
8/9/1988,1.11
8/10/1988,1.11
8/11/1988,1.1
8/12/1988,1.1
8/15/1988,1.1
8/16/1988,1.1
8/17/1988,1.1
8/18/1988,1.11
8/19/1988,1.12
8/22/1988,1.12
8/23/1988,1.12
8/24/1988,1.12
8/25/1988,1.12
8/26/1988,1.12
8/29/1988,1.12
8/30/1988,1.12
8/31/1988,1.12
9/1/1988,1.12
9/2/1988,1.12
9/6/1988,1.12
9/7/1988,1.14
9/8/1988,1.16
9/9/1988,1.16
9/12/1988,1.16
9/13/1988,1.16
9/14/1988,1.16
9/15/1988,1.14
9/16/1988,1.14
9/19/1988,1.14
9/20/1988,1.14
9/21/1988,1.16
9/22/1988,1.16
9/23/1988,1.16
9/26/1988,1.16
9/27/1988,1.16
9/28/1988,1.17
9/29/1988,1.18
9/30/1988,1.17
10/3/1988,1.15
10/4/1988,1.14
10/5/1988,1.14
10/6/1988,1.14
10/7/1988,1.13
10/10/1988,1.13
10/11/1988,1.13
10/12/1988,1.13
10/13/1988,1.12
10/14/1988,1.12
10/17/1988,1.12
10/18/1988,1.13
10/19/1988,1.13
10/20/1988,1.13
10/21/1988,1.13
10/24/1988,1.13
10/25/1988,1.13
10/26/1988,1.13
10/27/1988,1.14
10/28/1988,1.14
10/31/1988,1.14
11/1/1988,1.15
11/2/1988,1.15
11/3/1988,1.15
11/4/1988,1.15
11/7/1988,1.15
11/8/1988,1.16
11/9/1988,1.16
11/10/1988,1.17
11/11/1988,1.18
11/14/1988,1.18
11/15/1988,1.18
11/16/1988,1.18
11/17/1988,1.18
11/18/1988,1.18
11/21/1988,1.18
11/22/1988,1.18
11/23/1988,1.17
11/25/1988,1.17
11/28/1988,1.165
11/29/1988,1.165
11/30/1988,1.17
12/1/1988,1.17
12/2/1988,1.17
12/5/1988,1.17
12/6/1988,1.17
12/7/1988,1.17
12/8/1988,1.17
12/9/1988,1.19
12/12/1988,1.2
12/13/1988,1.2
12/14/1988,1.23
12/15/1988,1.24
12/16/1988,1.28
12/19/1988,1.35
12/20/1988,1.45
12/21/1988,1.45
12/22/1988,1.45
12/23/1988,1.45
12/27/1988,1.45
12/28/1988,1.48
12/29/1988,1.55
12/30/1988,1.55
1/3/1989,1.61
1/4/1989,1.61
1/5/1989,1.61
1/6/1989,1.61
1/9/1989,1.56
1/10/1989,1.56
1/11/1989,1.46
1/12/1989,1.46
1/13/1989,1.44
1/16/1989,1.42
1/17/1989,1.43
1/18/1989,1.43
1/19/1989,1.43
1/20/1989,1.42
1/23/1989,1.41
1/24/1989,1.38
1/25/1989,1.38
1/26/1989,1.38
1/27/1989,1.36
1/30/1989,1.36
1/31/1989,1.34
2/1/1989,1.34
2/2/1989,1.34
2/3/1989,1.34
2/6/1989,1.36
2/7/1989,1.36
2/8/1989,1.36
2/9/1989,1.36
2/10/1989,1.34
2/13/1989,1.34
2/14/1989,1.31
2/15/1989,1.31
2/16/1989,1.29
2/17/1989,1.29
2/21/1989,1.26
2/22/1989,1.26
2/23/1989,1.26
2/24/1989,1.26
2/27/1989,1.26
2/28/1989,1.26
3/1/1989,1.26
3/2/1989,1.26
3/3/1989,1.27
3/6/1989,1.27
3/7/1989,1.27
3/8/1989,1.25
3/9/1989,1.27
3/10/1989,1.28
3/13/1989,1.28
3/14/1989,1.28
3/15/1989,1.28
3/16/1989,1.29
3/17/1989,1.29
3/20/1989,1.29
3/21/1989,1.28
3/22/1989,1.28
3/23/1989,1.28
3/27/1989,1.28
3/28/1989,1.28
3/29/1989,1.28
3/30/1989,1.28
3/31/1989,1.28
4/3/1989,1.28
4/4/1989,1.28
4/5/1989,1.29
4/6/1989,1.29
4/7/1989,1.3
4/10/1989,1.31
4/11/1989,1.31
4/12/1989,1.31
4/13/1989,1.31
4/14/1989,1.33
4/17/1989,1.33
4/18/1989,1.34
4/19/1989,1.35
4/20/1989,1.35
4/21/1989,1.35
4/24/1989,1.36
4/25/1989,1.37
4/26/1989,1.39
4/27/1989,1.39
4/28/1989,1.37
5/1/1989,1.36
5/2/1989,1.36
5/3/1989,1.36
5/4/1989,1.36
5/5/1989,1.36
5/8/1989,1.36
5/9/1989,1.37
5/10/1989,1.37
5/11/1989,1.36
5/12/1989,1.36
5/15/1989,1.36
5/16/1989,1.36
5/17/1989,1.36
5/18/1989,1.36
5/19/1989,1.36
5/22/1989,1.35
5/23/1989,1.35
5/24/1989,1.34
5/25/1989,1.35
5/26/1989,1.35
5/30/1989,1.35
5/31/1989,1.33
6/1/1989,1.33
6/2/1989,1.33
6/5/1989,1.31
6/6/1989,1.3
6/7/1989,1.3
6/8/1989,1.3
6/9/1989,1.3
6/12/1989,1.26
6/13/1989,1.18
6/14/1989,1.18
6/15/1989,1.18
6/16/1989,1.17
6/19/1989,1.17
6/20/1989,1.17
6/21/1989,1.17
6/22/1989,1.18
6/23/1989,1.18
6/26/1989,1.15
6/27/1989,1.14
6/28/1989,1.14
6/29/1989,1.12
6/30/1989,1.14
7/3/1989,1.1
7/5/1989,1
7/6/1989,0.95
7/7/1989,0.9
7/10/1989,0.9
7/11/1989,0.9
7/12/1989,0.88
7/13/1989,0.88
7/14/1989,0.88
7/17/1989,0.88
7/18/1989,0.89
7/19/1989,0.89
7/20/1989,0.86
7/21/1989,0.85
7/24/1989,0.83
7/25/1989,0.83
7/26/1989,0.83
7/27/1989,0.82
7/28/1989,0.81
7/31/1989,0.79
8/1/1989,0.79
8/2/1989,0.79
8/3/1989,0.79
8/4/1989,0.79
8/7/1989,0.79
8/8/1989,0.79
8/9/1989,0.79
8/10/1989,0.79
8/11/1989,0.79
8/14/1989,0.78
8/15/1989,0.78
8/16/1989,0.75
8/17/1989,0.75
8/18/1989,0.75
8/21/1989,0.75
8/22/1989,0.75
8/23/1989,0.77
8/24/1989,0.77
8/25/1989,0.77
8/28/1989,0.78
8/29/1989,0.79
8/30/1989,0.8
8/31/1989,0.8
9/1/1989,0.8
9/5/1989,0.8
9/6/1989,0.8
9/7/1989,0.8
9/8/1989,0.82
9/11/1989,0.82
9/12/1989,0.79
9/13/1989,0.78
9/14/1989,0.78
9/15/1989,0.77
9/18/1989,0.76
9/19/1989,0.76
9/20/1989,0.76
9/21/1989,0.77
9/22/1989,0.77
9/25/1989,0.77
9/26/1989,0.78
9/27/1989,0.78
9/28/1989,0.78
9/29/1989,0.77
10/2/1989,0.77
10/3/1989,0.76
10/4/1989,0.75
10/5/1989,0.74
10/6/1989,0.72
10/9/1989,0.72
10/10/1989,0.7
10/11/1989,0.7
10/12/1989,0.69
10/13/1989,0.69
10/16/1989,0.69
10/17/1989,0.69
10/18/1989,0.69
10/19/1989,0.69
10/20/1989,0.69
10/23/1989,0.69
10/24/1989,0.69
10/25/1989,0.69
10/26/1989,0.69
10/27/1989,0.69
10/30/1989,0.69
10/31/1989,0.7
11/1/1989,0.69
11/2/1989,0.7
11/3/1989,0.7
11/6/1989,0.7
11/7/1989,0.7
11/8/1989,0.71
11/9/1989,0.71
11/10/1989,0.72
11/13/1989,0.73
11/14/1989,0.73
11/15/1989,0.73
11/16/1989,0.73
11/17/1989,0.72
11/20/1989,0.72
11/21/1989,0.72
11/22/1989,0.72
11/24/1989,0.72
11/27/1989,0.72
11/28/1989,0.72
11/29/1989,0.72
11/30/1989,0.72
12/1/1989,0.72
12/4/1989,0.71
12/5/1989,0.71
12/6/1989,0.71
12/7/1989,0.7
12/8/1989,0.7
12/11/1989,0.7
12/12/1989,0.7
12/13/1989,0.7
12/14/1989,0.7
12/15/1989,0.7
12/18/1989,0.69
12/19/1989,0.69
12/20/1989,0.69
12/21/1989,0.69
12/22/1989,0.69
12/26/1989,0.7
12/27/1989,0.7
12/28/1989,0.7
12/29/1989,0.7
1/2/1990,0.7
1/3/1990,0.71
1/4/1990,0.72
1/5/1990,0.72
1/8/1990,0.73
1/9/1990,0.73
1/10/1990,0.73
1/11/1990,0.72
1/12/1990,0.7
1/15/1990,0.7
1/16/1990,0.7
1/17/1990,0.71
1/18/1990,0.71
1/19/1990,0.71
1/22/1990,0.71
1/23/1990,0.71
1/24/1990,0.72
1/25/1990,0.72
1/26/1990,0.72
1/29/1990,0.72
1/30/1990,0.72
1/31/1990,0.72
2/1/1990,0.72
2/2/1990,0.72
2/5/1990,0.72
2/6/1990,0.72
2/7/1990,0.72
2/8/1990,0.73
2/9/1990,0.75
2/12/1990,0.76
2/13/1990,0.76
2/14/1990,0.77
2/15/1990,0.77
2/16/1990,0.77
2/20/1990,0.79
2/21/1990,0.8
2/22/1990,0.81
2/23/1990,0.81
2/26/1990,0.81
2/27/1990,0.8
2/28/1990,0.8
3/1/1990,0.82
3/2/1990,0.85
3/5/1990,0.9
3/6/1990,0.9
3/7/1990,0.9
3/8/1990,0.9
3/9/1990,0.88
3/12/1990,0.87
3/13/1990,0.89
3/14/1990,0.87
3/15/1990,0.87
3/16/1990,0.83
3/19/1990,0.81
3/20/1990,0.83
3/21/1990,0.83
3/22/1990,0.85
3/23/1990,0.83
3/26/1990,0.83
3/27/1990,0.83
3/28/1990,0.83
3/29/1990,0.83
3/30/1990,0.83
4/2/1990,0.83
4/3/1990,0.83
4/4/1990,0.84
4/5/1990,0.84
4/6/1990,0.84
4/9/1990,0.85
4/10/1990,0.85
4/11/1990,0.84
4/12/1990,0.84
4/16/1990,0.85
4/17/1990,0.85
4/18/1990,0.84
4/19/1990,0.84
4/20/1990,0.85
4/23/1990,0.85
4/24/1990,0.85
4/25/1990,0.85
4/26/1990,0.85
4/27/1990,0.85
4/30/1990,0.84
5/1/1990,0.84
5/2/1990,0.84
5/3/1990,0.84
5/4/1990,0.84
5/7/1990,0.84
5/8/1990,0.84
5/9/1990,0.84
5/10/1990,0.84
5/11/1990,0.83
5/14/1990,0.82
5/15/1990,0.82
5/16/1990,0.83
5/17/1990,0.83
5/18/1990,0.83
5/21/1990,0.84
5/22/1990,0.84
5/23/1990,0.84
5/24/1990,0.84
5/25/1990,0.84
5/29/1990,0.84
5/30/1990,0.84
5/31/1990,0.83
6/1/1990,0.82
6/4/1990,0.82
6/5/1990,0.82
6/6/1990,0.82
6/7/1990,0.82
6/8/1990,0.81
6/11/1990,0.8
6/12/1990,0.8
6/13/1990,0.8
6/14/1990,0.77
6/15/1990,0.77
6/18/1990,0.78
6/19/1990,0.78
6/20/1990,0.77
6/21/1990,0.77
6/22/1990,0.76
6/25/1990,0.76
6/26/1990,0.75
6/27/1990,0.75
6/28/1990,0.75
6/29/1990,0.75
7/2/1990,0.75
7/3/1990,0.76
7/5/1990,0.76
7/6/1990,0.75
7/9/1990,0.75
7/10/1990,0.75
7/11/1990,0.75
7/12/1990,0.75
7/13/1990,0.74
7/16/1990,0.75
7/17/1990,0.75
7/18/1990,0.76
7/19/1990,0.76
7/20/1990,0.75
7/23/1990,0.74
7/24/1990,0.74
7/25/1990,0.74
7/26/1990,0.75
7/27/1990,0.75
7/30/1990,0.75
7/31/1990,0.77
8/1/1990,0.77
8/2/1990,0.76
8/3/1990,0.76
8/6/1990,0.77
8/7/1990,0.76
8/8/1990,0.76
8/9/1990,0.77
8/10/1990,0.77
8/13/1990,0.78
8/14/1990,0.78
8/15/1990,0.8
8/16/1990,0.8
8/17/1990,0.82
8/20/1990,0.82
8/21/1990,0.82
8/22/1990,0.83
8/23/1990,0.84
8/24/1990,0.85
8/27/1990,0.86
8/28/1990,0.86
8/29/1990,0.86
8/30/1990,0.86
8/31/1990,0.87
9/4/1990,0.87
9/5/1990,0.88
9/6/1990,0.88
9/7/1990,0.87
9/10/1990,0.87
9/11/1990,0.87
9/12/1990,0.86
9/13/1990,0.85
9/14/1990,0.86
9/17/1990,0.87
9/18/1990,0.87
9/19/1990,0.87
9/20/1990,0.87
9/21/1990,0.88
9/24/1990,0.86
9/25/1990,0.86
9/26/1990,0.86
9/27/1990,0.86
9/28/1990,0.86
10/1/1990,0.86
10/2/1990,0.86
10/3/1990,0.86
10/4/1990,0.85
10/5/1990,0.85
10/8/1990,0.85
10/9/1990,0.85
10/10/1990,0.84
10/11/1990,0.84
10/12/1990,0.85
10/15/1990,0.85
10/16/1990,0.85
10/17/1990,0.86
10/18/1990,0.86
10/19/1990,0.85
10/22/1990,0.86
10/23/1990,0.85
10/24/1990,0.85
10/25/1990,0.85
10/26/1990,0.85
10/29/1990,0.85
10/30/1990,0.85
10/31/1990,0.84
11/1/1990,0.83
11/2/1990,0.83
11/5/1990,0.81
11/6/1990,0.81
11/7/1990,0.81
11/8/1990,0.815
11/9/1990,0.81
11/12/1990,0.81
11/13/1990,0.8
11/14/1990,0.8
11/15/1990,0.79
11/16/1990,0.78
11/19/1990,0.79
11/20/1990,0.78
11/21/1990,0.78
11/23/1990,0.78
11/26/1990,0.79
11/27/1990,0.79
11/28/1990,0.78
11/29/1990,0.79
11/30/1990,0.79
12/3/1990,0.79
12/4/1990,0.805
12/5/1990,0.805
12/6/1990,0.82
12/7/1990,0.82
12/10/1990,0.82
12/11/1990,0.83
12/12/1990,0.83
12/13/1990,0.84
12/14/1990,0.83
12/17/1990,0.82
12/18/1990,0.82
12/19/1990,0.82
12/20/1990,0.82
12/21/1990,0.81
12/24/1990,0.81
12/26/1990,0.8
12/27/1990,0.8
12/28/1990,0.8
12/31/1990,0.8
1/2/1991,0.8
1/3/1991,0.81
1/4/1991,0.81
1/7/1991,0.82
1/8/1991,0.83
1/9/1991,0.83
1/10/1991,0.83
1/11/1991,0.83
1/14/1991,0.82
1/15/1991,0.82
1/16/1991,0.82
1/17/1991,0.82
1/18/1991,0.83
1/21/1991,0.83
1/22/1991,0.83
1/23/1991,0.83
1/24/1991,0.83
1/25/1991,0.83
1/28/1991,0.8
1/29/1991,0.8
1/30/1991,0.79
1/31/1991,0.79
2/1/1991,0.78
2/4/1991,0.78
2/5/1991,0.79
2/6/1991,0.78
2/7/1991,0.78
2/8/1991,0.79
2/11/1991,0.79
2/12/1991,0.79
2/13/1991,0.8
2/14/1991,0.81
2/15/1991,0.81
2/19/1991,0.81
2/20/1991,0.82
2/21/1991,0.82
2/22/1991,0.81
2/25/1991,0.81
2/26/1991,0.81
2/27/1991,0.8
2/28/1991,0.81
3/1/1991,0.81
3/4/1991,0.81
3/5/1991,0.82
3/6/1991,0.83
3/7/1991,0.83
3/8/1991,0.82
3/11/1991,0.82
3/12/1991,0.81
3/13/1991,0.81
3/14/1991,0.81
3/15/1991,0.81
3/18/1991,0.82
3/19/1991,0.81
3/20/1991,0.81
3/21/1991,0.81
3/22/1991,0.81
3/25/1991,0.82
3/26/1991,0.825
3/27/1991,0.83
3/28/1991,0.83
4/1/1991,0.83
4/2/1991,0.82
4/3/1991,0.82
4/4/1991,0.81
4/5/1991,0.81
4/8/1991,0.81
4/9/1991,0.81
4/10/1991,0.81
4/11/1991,0.81
4/12/1991,0.81
4/15/1991,0.81
4/16/1991,0.81
4/17/1991,0.8
4/18/1991,0.8
4/19/1991,0.78
4/22/1991,0.79
4/23/1991,0.79
4/24/1991,0.79
4/25/1991,0.79
4/26/1991,0.775
4/29/1991,0.775
4/30/1991,0.775
5/1/1991,0.775
5/2/1991,0.775
5/3/1991,0.775
5/6/1991,0.77
5/7/1991,0.77
5/8/1991,0.77
5/9/1991,0.77
5/10/1991,0.77
5/13/1991,0.77
5/14/1991,0.77
5/15/1991,0.76
5/16/1991,0.76
5/17/1991,0.76
5/20/1991,0.76
5/21/1991,0.74
5/22/1991,0.74
5/23/1991,0.74
5/24/1991,0.74
5/28/1991,0.74
5/29/1991,0.74
5/30/1991,0.74
5/31/1991,0.74
6/3/1991,0.74
6/4/1991,0.74
6/5/1991,0.74
6/6/1991,0.74
6/7/1991,0.72
6/10/1991,0.72
6/11/1991,0.72
6/12/1991,0.71
6/13/1991,0.71
6/14/1991,0.71
6/17/1991,0.71
6/18/1991,0.71
6/19/1991,0.7
6/20/1991,0.7
6/21/1991,0.7
6/24/1991,0.7
6/25/1991,0.7
6/26/1991,0.7
6/27/1991,0.69
6/28/1991,0.69
7/1/1991,0.69
7/2/1991,0.69
7/3/1991,0.69
7/5/1991,0.69
7/8/1991,0.68
7/9/1991,0.68
7/10/1991,0.67
7/11/1991,0.67
7/12/1991,0.68
7/15/1991,0.67
7/16/1991,0.67
7/17/1991,0.68
7/18/1991,0.68
7/19/1991,0.68
7/22/1991,0.68
7/23/1991,0.68
7/24/1991,0.68
7/25/1991,0.68
7/26/1991,0.67
7/29/1991,0.67
7/30/1991,0.67
7/31/1991,0.67
8/1/1991,0.68
8/2/1991,0.68
8/5/1991,0.68
8/6/1991,0.68
8/7/1991,0.67
8/8/1991,0.66
8/9/1991,0.66
8/12/1991,0.65
8/13/1991,0.645
8/14/1991,0.645
8/15/1991,0.645
8/16/1991,0.645
8/19/1991,0.645
8/20/1991,0.635
8/21/1991,0.64
8/22/1991,0.64
8/23/1991,0.65
8/26/1991,0.66
8/27/1991,0.66
8/28/1991,0.66
8/29/1991,0.67
8/30/1991,0.67
9/3/1991,0.67
9/4/1991,0.67
9/5/1991,0.685
9/6/1991,0.69
9/9/1991,0.7
9/10/1991,0.695
9/11/1991,0.69
9/12/1991,0.7
9/13/1991,0.69
9/16/1991,0.68
9/17/1991,0.68
9/18/1991,0.66
9/19/1991,0.675
9/20/1991,0.68
9/23/1991,0.675
9/24/1991,0.685
9/25/1991,0.685
9/26/1991,0.68
9/27/1991,0.65
9/30/1991,0.62
10/1/1991,0.615
10/2/1991,0.615
10/3/1991,0.6
10/4/1991,0.6
10/7/1991,0.605
10/8/1991,0.605
10/9/1991,0.61
10/10/1991,0.61
10/11/1991,0.61
10/14/1991,0.61
10/15/1991,0.6
10/16/1991,0.625
10/17/1991,0.625
10/18/1991,0.625
10/21/1991,0.63
10/22/1991,0.625
10/23/1991,0.615
10/24/1991,0.615
10/25/1991,0.605
10/28/1991,0.605
10/29/1991,0.61
10/30/1991,0.61
10/31/1991,0.6
11/1/1991,0.59
11/4/1991,0.59
11/5/1991,0.59
11/6/1991,0.57
11/7/1991,0.58
11/8/1991,0.59
11/11/1991,0.59
11/12/1991,0.59
11/13/1991,0.595
11/14/1991,0.595
11/15/1991,0.595
11/18/1991,0.595
11/19/1991,0.6
11/20/1991,0.6
11/21/1991,0.6
11/22/1991,0.595
11/25/1991,0.59
11/26/1991,0.59
11/27/1991,0.59
11/29/1991,0.59
12/2/1991,0.6
12/3/1991,0.6
12/4/1991,0.58
12/5/1991,0.58
12/6/1991,0.575
12/9/1991,0.57
12/10/1991,0.57
12/11/1991,0.56
12/12/1991,0.565
12/13/1991,0.565
12/16/1991,0.565
12/17/1991,0.565
12/18/1991,0.565
12/19/1991,0.56
12/20/1991,0.56
12/23/1991,0.565
12/24/1991,0.565
12/26/1991,0.565
12/27/1991,0.57
12/30/1991,0.56
12/31/1991,0.56
1/2/1992,0.57
1/3/1992,0.57
1/6/1992,0.57
1/7/1992,0.58
1/8/1992,0.575
1/9/1992,0.575
1/10/1992,0.575
1/13/1992,0.57
1/14/1992,0.57
1/15/1992,0.57
1/16/1992,0.58
1/17/1992,0.57
1/20/1992,0.57
1/21/1992,0.57
1/22/1992,0.57
1/23/1992,0.55
1/24/1992,0.55
1/27/1992,0.545
1/28/1992,0.545
1/29/1992,0.545
1/30/1992,0.55
1/31/1992,0.53
2/3/1992,0.52
2/4/1992,0.525
2/5/1992,0.51
2/6/1992,0.51
2/7/1992,0.51
2/10/1992,0.51
2/11/1992,0.52
2/12/1992,0.52
2/13/1992,0.51
2/14/1992,0.51
2/18/1992,0.5
2/19/1992,0.5
2/20/1992,0.51
2/21/1992,0.5
2/24/1992,0.49
2/25/1992,0.5
2/26/1992,0.5
2/27/1992,0.51
2/28/1992,0.52
3/2/1992,0.525
3/3/1992,0.54
3/4/1992,0.52
3/5/1992,0.505
3/6/1992,0.52
3/9/1992,0.52
3/10/1992,0.52
3/11/1992,0.53
3/12/1992,0.53
3/13/1992,0.54
3/16/1992,0.535
3/17/1992,0.53
3/18/1992,0.54
3/19/1992,0.55
3/20/1992,0.545
3/23/1992,0.545
3/24/1992,0.54
3/25/1992,0.51
3/26/1992,0.51
3/27/1992,0.505
3/30/1992,0.49
3/31/1992,0.495
4/1/1992,0.505
4/2/1992,0.505
4/3/1992,0.515
4/6/1992,0.52
4/7/1992,0.51
4/8/1992,0.52
4/9/1992,0.51
4/10/1992,0.505
4/13/1992,0.48
4/14/1992,0.485
4/15/1992,0.475
4/16/1992,0.47
4/20/1992,0.475
4/21/1992,0.475
4/22/1992,0.47
4/23/1992,0.48
4/24/1992,0.475
4/27/1992,0.47
4/28/1992,0.465
4/29/1992,0.465
4/30/1992,0.45
5/1/1992,0.445
5/4/1992,0.445
5/5/1992,0.44
5/6/1992,0.44
5/7/1992,0.45
5/8/1992,0.45
5/11/1992,0.46
5/12/1992,0.47
5/13/1992,0.48
5/14/1992,0.47
5/15/1992,0.49
5/18/1992,0.49
5/19/1992,0.5
5/20/1992,0.49
5/21/1992,0.49
5/22/1992,0.48
5/26/1992,0.485
5/27/1992,0.485
5/28/1992,0.475
5/29/1992,0.48
6/1/1992,0.48
6/2/1992,0.47
6/3/1992,0.48
6/4/1992,0.48
6/5/1992,0.48
6/8/1992,0.48
6/9/1992,0.48
6/10/1992,0.47
6/11/1992,0.465
6/12/1992,0.465
6/15/1992,0.47
6/16/1992,0.475
6/17/1992,0.47
6/18/1992,0.46
6/19/1992,0.445
6/22/1992,0.44
6/23/1992,0.43
6/24/1992,0.43
6/25/1992,0.42
6/26/1992,0.42
6/29/1992,0.43
6/30/1992,0.43
7/1/1992,0.44
7/2/1992,0.44
7/6/1992,0.435
7/7/1992,0.45
7/8/1992,0.455
7/9/1992,0.455
7/10/1992,0.465
7/13/1992,0.445
7/14/1992,0.45
7/15/1992,0.45
7/16/1992,0.46
7/17/1992,0.45
7/20/1992,0.44
7/21/1992,0.45
7/22/1992,0.45
7/23/1992,0.45
7/24/1992,0.445
7/27/1992,0.415
7/28/1992,0.42
7/29/1992,0.41
7/30/1992,0.42
7/31/1992,0.405
8/3/1992,0.405
8/4/1992,0.405
8/5/1992,0.405
8/6/1992,0.4025
8/7/1992,0.4025
8/10/1992,0.395
8/11/1992,0.39
8/12/1992,0.37
8/13/1992,0.37
8/14/1992,0.37
8/17/1992,0.35
8/18/1992,0.37
8/19/1992,0.37
8/20/1992,0.37
8/21/1992,0.37
8/24/1992,0.38
8/25/1992,0.37
8/26/1992,0.37
8/27/1992,0.38
8/28/1992,0.39
8/31/1992,0.385
9/1/1992,0.39
9/2/1992,0.39
9/3/1992,0.39
9/4/1992,0.385
9/8/1992,0.38
9/9/1992,0.365
9/10/1992,0.37
9/11/1992,0.37
9/14/1992,0.37
9/15/1992,0.375
9/16/1992,0.38
9/17/1992,0.38
9/18/1992,0.4
9/21/1992,0.41
9/22/1992,0.41
9/23/1992,0.42
9/24/1992,0.42
9/25/1992,0.425
9/28/1992,0.425
9/29/1992,0.42
9/30/1992,0.425
10/1/1992,0.43
10/2/1992,0.43
10/5/1992,0.44
10/6/1992,0.45
10/7/1992,0.455
10/8/1992,0.46
10/9/1992,0.48
10/12/1992,0.48
10/13/1992,0.495
10/14/1992,0.495
10/15/1992,0.495
10/16/1992,0.495
10/19/1992,0.495
10/20/1992,0.51
10/21/1992,0.51
10/22/1992,0.5175
10/23/1992,0.51
10/26/1992,0.515
10/27/1992,0.52
10/28/1992,0.52
10/29/1992,0.525
10/30/1992,0.535
11/2/1992,0.53
11/3/1992,0.53
11/4/1992,0.53
11/5/1992,0.52
11/6/1992,0.52
11/9/1992,0.5
11/10/1992,0.51
11/11/1992,0.525
11/12/1992,0.545
11/13/1992,0.565
11/16/1992,0.59
11/17/1992,0.57
11/18/1992,0.57
11/19/1992,0.57
11/20/1992,0.57
11/23/1992,0.575
11/24/1992,0.57
11/25/1992,0.58
11/27/1992,0.58
11/30/1992,0.6
12/1/1992,0.625
12/2/1992,0.62
12/3/1992,0.63
12/4/1992,0.63
12/7/1992,0.635
12/8/1992,0.655
12/9/1992,0.655
12/10/1992,0.655
12/11/1992,0.66
12/14/1992,0.66
12/15/1992,0.66
12/16/1992,0.66
12/17/1992,0.66
12/18/1992,0.67
12/21/1992,0.695
12/22/1992,0.695
12/23/1992,0.67
12/24/1992,0.665
12/28/1992,0.68
12/29/1992,0.66
12/30/1992,0.65
12/31/1992,0.66
1/4/1993,0.64
1/5/1993,0.61
1/6/1993,0.6
1/7/1993,0.62
1/8/1993,0.6
1/11/1993,0.59
1/12/1993,0.61
1/13/1993,0.625
1/14/1993,0.62
1/15/1993,0.6
1/18/1993,0.595
1/19/1993,0.575
1/20/1993,0.565
1/21/1993,0.565
1/22/1993,0.55
1/25/1993,0.49
1/26/1993,0.505
1/27/1993,0.505
1/28/1993,0.505
1/29/1993,0.505
2/1/1993,0.515
2/2/1993,0.53
2/3/1993,0.53
2/4/1993,0.52
2/5/1993,0.52
2/8/1993,0.48
2/9/1993,0.5
2/10/1993,0.52
2/11/1993,0.545
2/12/1993,0.54
2/16/1993,0.55
2/17/1993,0.545
2/18/1993,0.555
2/19/1993,0.57
2/22/1993,0.58
2/23/1993,0.57
2/24/1993,0.58
2/25/1993,0.57
2/26/1993,0.57
3/1/1993,0.56
3/2/1993,0.57
3/3/1993,0.575
3/4/1993,0.58
3/5/1993,0.57
3/8/1993,0.565
3/9/1993,0.57
3/10/1993,0.56
3/11/1993,0.56
3/12/1993,0.56
3/15/1993,0.575
3/16/1993,0.555
3/17/1993,0.555
3/18/1993,0.555
3/19/1993,0.555
3/22/1993,0.555
3/23/1993,0.555
3/24/1993,0.565
3/25/1993,0.56
3/26/1993,0.54
3/29/1993,0.52
3/30/1993,0.52
3/31/1993,0.54
4/1/1993,0.54
4/2/1993,0.53
4/5/1993,0.515
4/6/1993,0.515
4/7/1993,0.5
4/8/1993,0.495
4/12/1993,0.495
4/13/1993,0.495
4/14/1993,0.495
4/15/1993,0.495
4/16/1993,0.485
4/19/1993,0.475
4/20/1993,0.48
4/21/1993,0.47
4/22/1993,0.47
4/23/1993,0.48
4/26/1993,0.51
4/27/1993,0.54
4/28/1993,0.53
4/29/1993,0.545
4/30/1993,0.555
5/3/1993,0.555
5/4/1993,0.505
5/5/1993,0.5
5/6/1993,0.51
5/7/1993,0.515
5/10/1993,0.51
5/11/1993,0.51
5/12/1993,0.5
5/13/1993,0.495
5/14/1993,0.5025
5/17/1993,0.505
5/18/1993,0.54
5/19/1993,0.545
5/20/1993,0.545
5/21/1993,0.56
5/24/1993,0.54
5/25/1993,0.55
5/26/1993,0.565
5/27/1993,0.545
5/28/1993,0.55
6/1/1993,0.53
6/2/1993,0.53
6/3/1993,0.53
6/4/1993,0.51
6/7/1993,0.505
6/8/1993,0.505
6/9/1993,0.505
6/10/1993,0.505
6/11/1993,0.485
6/14/1993,0.5
6/15/1993,0.5225
6/16/1993,0.5
6/17/1993,0.525
6/18/1993,0.525
6/21/1993,0.5125
6/22/1993,0.5225
6/23/1993,0.53
6/24/1993,0.52
6/25/1993,0.51
6/28/1993,0.515
6/29/1993,0.505
6/30/1993,0.51
7/1/1993,0.52
7/2/1993,0.54
7/6/1993,0.62
7/7/1993,0.6
7/8/1993,0.6
7/9/1993,0.6
7/12/1993,0.595
7/13/1993,0.635
7/14/1993,0.61
7/15/1993,0.62
7/16/1993,0.61
7/19/1993,0.625
7/20/1993,0.62
7/21/1993,0.615
7/22/1993,0.625
7/23/1993,0.62
7/26/1993,0.61
7/27/1993,0.6225
7/28/1993,0.6275
7/29/1993,0.635
7/30/1993,0.66
8/2/1993,0.665
8/3/1993,0.68
8/4/1993,0.665
8/5/1993,0.665
8/6/1993,0.635
8/9/1993,0.645
8/10/1993,0.63
8/11/1993,0.58
8/12/1993,0.58
8/13/1993,0.58
8/16/1993,0.6
8/17/1993,0.595
8/18/1993,0.61
8/19/1993,0.61
8/20/1993,0.61
8/23/1993,0.63
8/24/1993,0.63
8/25/1993,0.64
8/26/1993,0.63
8/27/1993,0.64
8/30/1993,0.645
8/31/1993,0.63
9/1/1993,0.64
9/2/1993,0.63
9/3/1993,0.615
9/7/1993,0.635
9/8/1993,0.64
9/9/1993,0.67
9/10/1993,0.67
9/13/1993,0.725
9/14/1993,0.725
9/15/1993,0.72
9/16/1993,0.715
9/17/1993,0.7275
9/20/1993,0.715
9/21/1993,0.675
9/22/1993,0.69
9/23/1993,0.69
9/24/1993,0.6825
9/27/1993,0.67
9/28/1993,0.67
9/29/1993,0.65
9/30/1993,0.65
10/1/1993,0.64
10/4/1993,0.64
10/5/1993,0.63
10/6/1993,0.63
10/7/1993,0.63
10/8/1993,0.65
10/11/1993,0.66
10/12/1993,0.635
10/13/1993,0.635
10/14/1993,0.65
10/15/1993,0.65
10/18/1993,0.68
10/19/1993,0.665
10/20/1993,0.66
10/21/1993,0.675
10/22/1993,0.675
10/25/1993,0.645
10/26/1993,0.65
10/27/1993,0.665
10/28/1993,0.68
10/29/1993,0.69
11/1/1993,0.675
11/2/1993,0.68
11/3/1993,0.68
11/4/1993,0.65
11/5/1993,0.665
11/8/1993,0.65
11/9/1993,0.65
11/10/1993,0.65
11/11/1993,0.6375
11/12/1993,0.6175
11/15/1993,0.6275
11/16/1993,0.64
11/17/1993,0.64
11/18/1993,0.64
11/19/1993,0.6425
11/22/1993,0.6325
11/23/1993,0.645
11/24/1993,0.645
11/26/1993,0.645
11/29/1993,0.645
11/30/1993,0.635
12/1/1993,0.645
12/2/1993,0.622
12/3/1993,0.635
12/6/1993,0.635
12/7/1993,0.64
12/8/1993,0.64
12/9/1993,0.64
12/10/1993,0.62
12/13/1993,0.615
12/14/1993,0.63
12/15/1993,0.63
12/16/1993,0.63
12/17/1993,0.64
12/20/1993,0.62
12/21/1993,0.62
12/22/1993,0.625
12/23/1993,0.63
12/27/1993,0.64
12/28/1993,0.645
12/29/1993,0.645
12/30/1993,0.615
12/31/1993,0.615
1/3/1994,0.615
1/4/1994,0.615
1/5/1994,0.615
1/6/1994,0.62
1/7/1994,0.625
1/10/1994,0.625
1/11/1994,0.615
1/12/1994,0.625
1/13/1994,0.63
1/14/1994,0.635
1/17/1994,0.635
1/18/1994,0.64
1/19/1994,0.625
1/20/1994,0.645
1/21/1994,0.645
1/24/1994,0.645
1/25/1994,0.645
1/26/1994,0.6475
1/27/1994,0.64
1/28/1994,0.645
1/31/1994,0.625
2/1/1994,0.625
2/2/1994,0.63
2/3/1994,0.66
2/4/1994,0.665
2/7/1994,0.665
2/8/1994,0.665
2/9/1994,0.67
2/10/1994,0.67
2/11/1994,0.67
2/14/1994,0.67
2/15/1994,0.685
2/16/1994,0.68
2/17/1994,0.69
2/18/1994,0.695
2/22/1994,0.695
2/23/1994,0.695
2/24/1994,0.69
2/25/1994,0.7
2/28/1994,0.69
3/1/1994,0.69
3/2/1994,0.69
3/3/1994,0.7
3/4/1994,0.705
3/7/1994,0.715
3/8/1994,0.71
3/9/1994,0.715
3/10/1994,0.725
3/11/1994,0.715
3/14/1994,0.74
3/15/1994,0.74
3/16/1994,0.745
3/17/1994,0.745
3/18/1994,0.745
3/21/1994,0.745
3/22/1994,0.755
3/23/1994,0.76
3/24/1994,0.765
3/25/1994,0.765
3/28/1994,0.76
3/29/1994,0.76
3/30/1994,0.76
3/31/1994,0.77
4/4/1994,0.76
4/5/1994,0.76
4/6/1994,0.785
4/7/1994,0.795
4/8/1994,0.795
4/11/1994,0.8
4/12/1994,0.8
4/13/1994,0.79
4/14/1994,0.795
4/15/1994,0.765
4/18/1994,0.77
4/19/1994,0.765
4/20/1994,0.78
4/21/1994,0.78
4/22/1994,0.79
4/25/1994,0.79
4/26/1994,0.79
4/28/1994,0.82
4/29/1994,0.83
5/2/1994,0.835
5/3/1994,0.88
5/4/1994,0.89
5/5/1994,0.94
5/6/1994,0.98
5/9/1994,1.03
5/10/1994,1.035
5/11/1994,1.01
5/12/1994,1.03
5/13/1994,1.09
5/16/1994,1.215
5/17/1994,1.145
5/18/1994,1.165
5/19/1994,1.255
5/20/1994,1.24
5/23/1994,1.33
5/24/1994,1.27
5/25/1994,1.21
5/26/1994,1.11
5/27/1994,1.15
5/31/1994,1.19
6/1/1994,1.17
6/2/1994,1.2
6/3/1994,1.18
6/6/1994,1.13
6/7/1994,1.17
6/8/1994,1.21
6/9/1994,1.175
6/10/1994,1.175
6/13/1994,1.3
6/14/1994,1.3
6/15/1994,1.3
6/16/1994,1.26
6/17/1994,1.27
6/20/1994,1.22
6/21/1994,1.23
6/22/1994,1.19
6/23/1994,1.17
6/24/1994,1.17
6/27/1994,1.17
6/28/1994,1.6925
6/29/1994,1.6925
6/30/1994,1.9
7/1/1994,1.9
7/5/1994,1.83
7/6/1994,1.89
7/7/1994,1.89
7/8/1994,1.83
7/11/1994,1.83
7/12/1994,2.47
7/13/1994,2.47
7/14/1994,2.37
7/15/1994,2.38
7/18/1994,2.38
7/19/1994,2.3
7/20/1994,2.17
7/21/1994,2.26
7/22/1994,2.16
7/25/1994,2.08
7/26/1994,2.07
7/27/1994,2.08
7/28/1994,1.99
7/29/1994,1.99
8/1/1994,2.065
8/2/1994,2.075
8/3/1994,2.045
8/4/1994,2.02
8/5/1994,1.97
8/8/1994,1.74
8/9/1994,1.775
8/10/1994,1.715
8/11/1994,1.81
8/12/1994,1.765
8/15/1994,1.88
8/16/1994,1.865
8/17/1994,1.7375
8/18/1994,1.77
8/19/1994,1.72
8/22/1994,1.7825
8/23/1994,1.855
8/24/1994,1.855
8/25/1994,1.88
8/26/1994,1.88
8/29/1994,2.085
8/30/1994,2.075
8/31/1994,2.05
9/1/1994,2.055
9/2/1994,2.025
9/6/1994,2.1
9/7/1994,2.09
9/8/1994,2.09
9/9/1994,2.1
9/12/1994,2.18
9/13/1994,2.16
9/14/1994,2.06
9/15/1994,2.055
9/16/1994,2.15
9/19/1994,2.2
9/20/1994,2.21
9/21/1994,2.24
9/22/1994,2.21
9/23/1994,2.23
9/26/1994,2.2
9/27/1994,2.13
9/28/1994,2.07
9/29/1994,2.095
9/30/1994,2.02
10/3/1994,2.02
10/4/1994,2.065
10/5/1994,2.08
10/6/1994,1.98
10/7/1994,1.98
10/10/1994,1.98
10/11/1994,1.775
10/12/1994,1.845
10/13/1994,1.88
10/14/1994,1.82
10/17/1994,1.96
10/18/1994,1.8775
10/19/1994,1.945
10/20/1994,1.95
10/21/1994,1.89
10/24/1994,1.895
10/25/1994,1.88
10/26/1994,1.84
10/27/1994,1.82
10/28/1994,1.825
10/31/1994,1.8
11/1/1994,1.795
11/2/1994,1.71
11/3/1994,1.735
11/4/1994,1.76
11/7/1994,1.76
11/8/1994,1.825
11/9/1994,1.7975
11/10/1994,1.77
11/11/1994,1.77
11/14/1994,1.7
11/15/1994,1.65
11/16/1994,1.7
11/17/1994,1.655
11/18/1994,1.605
11/21/1994,1.535
11/22/1994,1.555
11/23/1994,1.555
11/25/1994,1.555
11/28/1994,1.58
11/29/1994,1.555
11/30/1994,1.545
12/1/1994,1.55
12/2/1994,1.5425
12/5/1994,1.5625
12/6/1994,1.585
12/7/1994,1.575
12/8/1994,1.575
12/9/1994,1.555
12/12/1994,1.585
12/13/1994,1.465
12/14/1994,1.395
12/15/1994,1.4225
12/16/1994,1.5025
12/19/1994,1.5025
12/20/1994,1.5225
12/21/1994,1.6425
12/22/1994,1.6275
12/23/1994,1.6325
12/27/1994,1.6325
12/28/1994,1.6525
12/29/1994,1.6525
12/30/1994,1.6025
1/3/1995,1.6075
1/4/1995,1.6125
1/5/1995,1.655
1/6/1995,1.675
1/9/1995,1.62
1/10/1995,1.62
1/11/1995,1.5825
1/12/1995,1.61
1/13/1995,1.63
1/16/1995,1.62
1/17/1995,1.635
1/18/1995,1.67
1/19/1995,1.64
1/20/1995,1.615
1/23/1995,1.615
1/24/1995,1.58
1/25/1995,1.565
1/26/1995,1.575
1/27/1995,1.53
1/30/1995,1.485
1/31/1995,1.46
2/1/1995,1.46
2/2/1995,1.485
2/3/1995,1.45
2/6/1995,1.4625
2/7/1995,1.4625
2/8/1995,1.495
2/9/1995,1.515
2/10/1995,1.55
2/13/1995,1.545
2/14/1995,1.57
2/15/1995,1.58
2/16/1995,1.5675
2/17/1995,1.6375
2/21/1995,1.6375
2/22/1995,1.6375
2/23/1995,1.6375
2/24/1995,1.68
2/27/1995,1.77
2/28/1995,1.745
3/1/1995,1.8
3/2/1995,1.76
3/3/1995,1.7325
3/6/1995,1.7325
3/7/1995,1.7275
3/8/1995,1.7425
3/9/1995,1.755
3/10/1995,1.81
3/13/1995,1.75
3/14/1995,1.745
3/15/1995,1.71
3/16/1995,1.645
3/17/1995,1.635
3/20/1995,1.61
3/21/1995,1.645
3/22/1995,1.625
3/23/1995,1.585
3/24/1995,1.615
3/27/1995,1.61
3/28/1995,1.61
3/29/1995,1.61
3/30/1995,1.59
3/31/1995,1.61
4/3/1995,1.605
4/4/1995,1.6
4/5/1995,1.625
4/6/1995,1.6225
4/7/1995,1.6225
4/10/1995,1.62
4/11/1995,1.6
4/12/1995,1.6
4/13/1995,1.575
4/17/1995,1.575
4/18/1995,1.575
4/19/1995,1.61
4/20/1995,1.61
4/21/1995,1.64
4/24/1995,1.7
4/25/1995,1.7
4/26/1995,1.69
4/27/1995,1.68
4/28/1995,1.67
5/1/1995,1.66
5/2/1995,1.66
5/3/1995,1.7
5/4/1995,1.69
5/5/1995,1.685
5/8/1995,1.68
5/9/1995,1.6875
5/10/1995,1.6875
5/11/1995,1.6375
5/12/1995,1.6275
5/15/1995,1.6425
5/16/1995,1.6125
5/17/1995,1.6425
5/18/1995,1.6075
5/19/1995,1.6075
5/22/1995,1.5625
5/23/1995,1.4975
5/24/1995,1.4475
5/25/1995,1.5375
5/26/1995,1.5175
5/30/1995,1.5375
5/31/1995,1.5375
6/1/1995,1.5875
6/2/1995,1.5975
6/5/1995,1.585
6/6/1995,1.585
6/7/1995,1.525
6/8/1995,1.54
6/9/1995,1.54
6/12/1995,1.55
6/13/1995,1.48
6/14/1995,1.48
6/15/1995,1.55
6/16/1995,1.51
6/19/1995,1.51
6/20/1995,1.535
6/21/1995,1.535
6/22/1995,1.535
6/23/1995,1.48
6/26/1995,1.415
6/27/1995,1.415
6/28/1995,1.4325
6/29/1995,1.4075
6/30/1995,1.4075
7/3/1995,1.4
7/5/1995,1.3675
7/6/1995,1.3175
7/7/1995,1.4025
7/10/1995,1.4775
7/11/1995,1.4675
7/12/1995,1.4875
7/13/1995,1.4975
7/14/1995,1.5525
7/17/1995,1.5025
7/18/1995,1.5025
7/19/1995,1.5125
7/20/1995,1.5375
7/21/1995,1.5375
7/24/1995,1.5225
7/25/1995,1.5175
7/26/1995,1.5675
7/27/1995,1.5088
7/28/1995,1.4775
7/31/1995,1.4975
8/1/1995,1.4675
8/2/1995,1.4925
8/3/1995,1.4925
8/4/1995,1.4825
8/7/1995,1.4825
8/8/1995,1.4975
8/9/1995,1.4925
8/10/1995,1.515
8/11/1995,1.515
8/14/1995,1.505
8/15/1995,1.515
8/16/1995,1.525
8/17/1995,1.545
8/18/1995,1.535
8/21/1995,1.515
8/22/1995,1.525
8/23/1995,1.54
8/24/1995,1.555
8/25/1995,1.595
8/28/1995,1.595
8/29/1995,1.59
8/30/1995,1.525
8/31/1995,1.515
9/1/1995,1.55
9/5/1995,1.53
9/6/1995,1.46
9/7/1995,1.4
9/8/1995,1.37
9/11/1995,1.34
9/12/1995,1.27
9/13/1995,1.27
9/14/1995,1.29
9/15/1995,1.3
9/18/1995,1.2325
9/19/1995,1.185
9/20/1995,1.225
9/21/1995,1.275
9/22/1995,1.255
9/25/1995,1.16
9/26/1995,1.2
9/27/1995,1.155
9/28/1995,1.205
9/29/1995,1.205
10/2/1995,1.2175
10/3/1995,1.1775
10/4/1995,1.1925
10/5/1995,1.1925
10/6/1995,1.1375
10/9/1995,1.0975
10/10/1995,1.1125
10/11/1995,1.1325
10/12/1995,1.1175
10/13/1995,1.1525
10/16/1995,1.1925
10/17/1995,1.1575
10/18/1995,1.235
10/19/1995,1.255
10/20/1995,1.25
10/23/1995,1.265
10/24/1995,1.2475
10/25/1995,1.2175
10/26/1995,1.2325
10/27/1995,1.2275
10/30/1995,1.205
10/31/1995,1.215
11/1/1995,1.215
11/2/1995,1.23
11/3/1995,1.25
11/6/1995,1.245
11/7/1995,1.24
11/8/1995,1.27
11/9/1995,1.26
11/10/1995,1.26
11/13/1995,1.275
11/14/1995,1.26
11/15/1995,1.275
11/16/1995,1.245
11/17/1995,1.235
11/20/1995,1.185
11/21/1995,1.17
11/22/1995,1.135
11/24/1995,1.135
11/27/1995,1.145
11/28/1995,1.12
11/29/1995,1.11
11/30/1995,1.07
12/1/1995,1.07
12/4/1995,1.06
12/5/1995,1.075
12/6/1995,1.05
12/7/1995,1.065
12/8/1995,1.045
12/11/1995,1.055
12/12/1995,1.055
12/13/1995,1.075
12/14/1995,1.095
12/15/1995,1.105
12/18/1995,1.05
12/19/1995,1.025
12/20/1995,0.985
12/21/1995,0.995
12/22/1995,0.995
12/26/1995,0.995
12/27/1995,0.985
12/28/1995,0.975
12/29/1995,0.985
1/2/1996,0.95
1/3/1996,0.975
1/4/1996,1.015
1/5/1996,1
1/8/1996,1
1/9/1996,1
1/10/1996,1.0175
1/11/1996,1.0675
1/12/1996,1.0675
1/15/1996,1.0275
1/16/1996,1.0775
1/17/1996,1.0775
1/18/1996,1.0875
1/19/1996,1.105
1/22/1996,1.135
1/23/1996,1.13
1/24/1996,1.15
1/25/1996,1.175
1/26/1996,1.225
1/29/1996,1.29
1/30/1996,1.25
1/31/1996,1.345
2/1/1996,1.325
2/2/1996,1.3
2/5/1996,1.27
2/6/1996,1.2575
2/7/1996,1.2475
2/8/1996,1.2975
2/9/1996,1.3175
2/12/1996,1.2725
2/13/1996,1.2825
2/14/1996,1.2825
2/15/1996,1.2975
2/16/1996,1.2975
2/20/1996,1.2825
2/21/1996,1.3025
2/22/1996,1.2975
2/23/1996,1.2325
2/26/1996,1.2125
2/27/1996,1.2175
2/28/1996,1.1975
2/29/1996,1.2275
3/1/1996,1.1775
3/4/1996,1.1875
3/5/1996,1.2113
3/6/1996,1.2025
3/7/1996,1.2025
3/8/1996,1.1925
3/11/1996,1.2025
3/12/1996,1.2325
3/13/1996,1.2225
3/14/1996,1.2525
3/15/1996,1.2525
3/18/1996,1.2775
3/19/1996,1.2575
3/20/1996,1.2475
3/21/1996,1.2725
3/22/1996,1.2725
3/25/1996,1.2675
3/26/1996,1.31
3/27/1996,1.295
3/28/1996,1.295
3/29/1996,1.235
4/1/1996,1.225
4/2/1996,1.24
4/3/1996,1.235
4/4/1996,1.235
4/8/1996,1.22
4/9/1996,1.23
4/10/1996,1.27
4/11/1996,1.255
4/12/1996,1.235
4/15/1996,1.235
4/16/1996,1.245
4/17/1996,1.265
4/18/1996,1.26
4/19/1996,1.275
4/22/1996,1.395
4/23/1996,1.355
4/24/1996,1.36
4/25/1996,1.34
4/26/1996,1.365
4/29/1996,1.32
4/30/1996,1.34
5/1/1996,1.37
5/2/1996,1.375
5/3/1996,1.375
5/6/1996,1.355
5/7/1996,1.37
5/8/1996,1.39
5/9/1996,1.375
5/10/1996,1.375
5/13/1996,1.365
5/14/1996,1.37
5/15/1996,1.37
5/16/1996,1.3925
5/17/1996,1.3925
5/20/1996,1.3675
5/21/1996,1.37
5/22/1996,1.33
5/23/1996,1.305
5/24/1996,1.305
5/28/1996,1.295
5/29/1996,1.3
5/30/1996,1.27
5/31/1996,1.27
6/3/1996,1.235
6/4/1996,1.245
6/5/1996,1.34
6/6/1996,1.335
6/7/1996,1.3725
6/10/1996,1.3975
6/11/1996,1.3925
6/12/1996,1.41
6/13/1996,1.41
6/14/1996,1.4
6/17/1996,1.42
6/18/1996,1.44
6/19/1996,1.42
6/20/1996,1.42
6/21/1996,1.41
6/24/1996,1.44
6/25/1996,1.435
6/26/1996,1.445
6/27/1996,1.4125
6/28/1996,1.4375
7/1/1996,1.43
7/2/1996,1.4
7/3/1996,1.385
7/5/1996,1.385
7/8/1996,1.405
7/9/1996,1.365
7/10/1996,1.365
7/11/1996,1.365
7/12/1996,1.325
7/15/1996,1.275
7/16/1996,1.24
7/17/1996,1.28
7/18/1996,1.31
7/19/1996,1.29
7/22/1996,1.25
7/23/1996,1.3125
7/24/1996,1.3125
7/25/1996,1.3
7/26/1996,1.31
7/29/1996,1.325
7/30/1996,1.325
7/31/1996,1.335
8/1/1996,1.335
8/2/1996,1.345
8/5/1996,1.345
8/6/1996,1.345
8/7/1996,1.345
8/8/1996,1.385
8/9/1996,1.37
8/12/1996,1.37
8/13/1996,1.42
8/14/1996,1.42
8/15/1996,1.42
8/16/1996,1.42
8/19/1996,1.42
8/20/1996,1.44
8/21/1996,1.46
8/22/1996,1.48
8/23/1996,1.49
8/26/1996,1.515
8/27/1996,1.465
8/28/1996,1.42
8/29/1996,1.425
8/30/1996,1.435
9/3/1996,1.385
9/4/1996,1.38
9/5/1996,1.37
9/6/1996,1.38
9/9/1996,1.365
9/10/1996,1.365
9/11/1996,1.32
9/12/1996,1.3
9/13/1996,1.295
9/16/1996,1.305
9/17/1996,1.31
9/18/1996,1.295
9/19/1996,1.285
9/20/1996,1.18
9/23/1996,1.18
9/24/1996,1.18
9/25/1996,1.18
9/26/1996,1.17
9/27/1996,1.155
9/30/1996,1.12
10/1/1996,1.12
10/2/1996,1.12
10/3/1996,1.14
10/4/1996,1.165
10/7/1996,1.195
10/8/1996,1.195
10/9/1996,1.195
10/10/1996,1.215
10/11/1996,1.23
10/14/1996,1.22
10/15/1996,1.21
10/16/1996,1.195
10/17/1996,1.17
10/18/1996,1.16
10/21/1996,1.19
10/22/1996,1.25
10/23/1996,1.27
10/24/1996,1.25
10/25/1996,1.25
10/28/1996,1.28
10/29/1996,1.25
10/30/1996,1.28
10/31/1996,1.26
11/1/1996,1.26
11/4/1996,1.26
11/5/1996,1.27
11/6/1996,1.32
11/7/1996,1.35
11/8/1996,1.34
11/11/1996,1.28
11/12/1996,1.26
11/13/1996,1.27
11/14/1996,1.28
11/15/1996,1.3
11/18/1996,1.28
11/19/1996,1.305
11/20/1996,1.29
11/21/1996,1.25
11/22/1996,1.25
11/25/1996,1.23
11/26/1996,1.23
11/27/1996,1.23
11/29/1996,1.23
12/2/1996,1.23
12/3/1996,1.23
12/4/1996,1.23
12/5/1996,1.23
12/6/1996,1.23
12/9/1996,1.25
12/10/1996,1.27
12/11/1996,1.27
12/12/1996,1.29
12/13/1996,1.305
12/16/1996,1.305
12/17/1996,1.305
12/18/1996,1.325
12/19/1996,1.31
12/20/1996,1.33
12/23/1996,1.34
12/24/1996,1.35
12/26/1996,1.35
12/27/1996,1.36
12/30/1996,1.36
12/31/1996,1.36
1/2/1997,1.36
1/3/1997,1.36
1/6/1997,1.34
1/7/1997,1.39
1/8/1997,1.37
1/9/1997,1.37
1/10/1997,1.37
1/13/1997,1.36
1/14/1997,1.4
1/15/1997,1.4
1/16/1997,1.4
1/17/1997,1.41
1/20/1997,1.46
1/21/1997,1.46
1/22/1997,1.515
1/23/1997,1.565
1/24/1997,1.535
1/27/1997,1.535
1/28/1997,1.565
1/29/1997,1.615
1/30/1997,1.575
1/31/1997,1.565
2/3/1997,1.625
2/4/1997,1.645
2/5/1997,1.615
2/6/1997,1.675
2/7/1997,1.675
2/10/1997,1.725
2/11/1997,1.785
2/12/1997,1.865
2/13/1997,1.93
2/14/1997,1.91
2/18/1997,1.81
2/19/1997,1.88
2/20/1997,1.88
2/21/1997,1.835
2/24/1997,1.835
2/25/1997,1.85
2/26/1997,1.95
2/27/1997,1.93
2/28/1997,1.99
3/3/1997,2.075
3/4/1997,2.18
3/5/1997,2.36
3/6/1997,2.29
3/7/1997,2.25
3/10/1997,2.35
3/11/1997,2.39
3/12/1997,2.32
3/13/1997,2.18
3/14/1997,2.23
3/17/1997,2.05
3/18/1997,2.05
3/19/1997,2.05
3/20/1997,2.06
3/21/1997,2.025
3/24/1997,1.995
3/25/1997,2.16
3/26/1997,2.235
3/27/1997,2.265
3/31/1997,2.28
4/1/1997,2.31
4/2/1997,2.3
4/3/1997,2.15
4/4/1997,2.165
4/7/1997,2.165
4/8/1997,2.165
4/9/1997,2.275
4/10/1997,2.285
4/11/1997,2.265
4/14/1997,2.335
4/15/1997,2.3
4/16/1997,2.425
4/17/1997,2.445
4/18/1997,2.515
4/21/1997,2.5
4/22/1997,2.44
4/23/1997,2.49
4/24/1997,2.54
4/25/1997,2.3
4/28/1997,2.33
4/29/1997,2.355
4/30/1997,2.47
5/1/1997,2.65
5/2/1997,2.58
5/5/1997,2.6
5/6/1997,2.55
5/7/1997,2.535
5/8/1997,2.585
5/9/1997,2.595
5/12/1997,2.715
5/13/1997,2.825
5/14/1997,2.825
5/15/1997,2.975
5/16/1997,2.975
5/19/1997,2.905
5/20/1997,2.845
5/21/1997,2.995
5/22/1997,3.065
5/23/1997,3.03
5/27/1997,3.2
5/28/1997,3.4
5/29/1997,3.59
5/30/1997,3.205
6/2/1997,2.98
6/3/1997,3.08
6/4/1997,2.955
6/5/1997,2.755
6/6/1997,2.825
6/9/1997,2.985
6/10/1997,2.635
6/11/1997,2.535
6/12/1997,2.535
6/13/1997,2.435
6/16/1997,2.435
6/17/1997,2.525
6/18/1997,2.375
6/19/1997,2.435
6/20/1997,2.3
6/23/1997,2.26
6/24/1997,2.26
6/25/1997,2.31
6/26/1997,2.17
6/27/1997,2.2
6/30/1997,2.15
7/1/1997,2.18
7/2/1997,2.15
7/3/1997,2.11
7/7/1997,2.085
7/8/1997,2.145
7/9/1997,2.205
7/10/1997,2.055
7/11/1997,2.085
7/14/1997,1.985
7/15/1997,1.945
7/16/1997,1.985
7/17/1997,1.985
7/18/1997,2.025
7/21/1997,1.975
7/22/1997,2.075
7/23/1997,2.1
7/24/1997,2.09
7/25/1997,2.05
7/28/1997,2.17
7/29/1997,2.17
7/30/1997,2.13
7/31/1997,2.115
8/1/1997,2.115
8/4/1997,2.2
8/5/1997,2.29
8/6/1997,2.26
8/7/1997,2.34
8/8/1997,2.31
8/11/1997,2.25
8/12/1997,2.14
8/13/1997,2.09
8/14/1997,2.1
8/15/1997,2.04
8/18/1997,2.06
8/19/1997,2.13
8/20/1997,1.95
8/21/1997,2.01
8/22/1997,1.99
8/25/1997,2.005
8/26/1997,2.055
8/27/1997,2.115
8/28/1997,2.145
8/29/1997,2.19
9/2/1997,2.24
9/3/1997,2.28
9/4/1997,2.33
9/5/1997,2.27
9/8/1997,2.26
9/9/1997,2.22
9/10/1997,2.22
9/11/1997,2.27
9/12/1997,2.12
9/15/1997,2.12
9/16/1997,2.07
9/17/1997,2.13
9/18/1997,2.09
9/19/1997,2.14
9/22/1997,2.1
9/23/1997,2.1
9/24/1997,2.1
9/25/1997,2.08
9/26/1997,1.8
9/29/1997,1.75
9/30/1997,1.77
10/1/1997,1.77
10/2/1997,1.76
10/3/1997,1.76
10/6/1997,1.84
10/7/1997,1.76
10/8/1997,1.79
10/9/1997,1.76
10/10/1997,1.78
10/13/1997,1.78
10/14/1997,1.765
10/15/1997,1.765
10/16/1997,1.675
10/17/1997,1.605
10/20/1997,1.58
10/21/1997,1.58
10/22/1997,1.58
10/23/1997,1.6
10/24/1997,1.58
10/27/1997,1.58
10/28/1997,1.55
10/29/1997,1.55
10/30/1997,1.52
10/31/1997,1.52
11/3/1997,1.475
11/4/1997,1.475
11/5/1997,1.565
11/6/1997,1.495
11/7/1997,1.535
11/10/1997,1.605
11/11/1997,1.605
11/12/1997,1.615
11/13/1997,1.655
11/14/1997,1.655
11/17/1997,1.605
11/18/1997,1.635
11/19/1997,1.65
11/20/1997,1.605
11/21/1997,1.605
11/24/1997,1.625
11/25/1997,1.6
11/26/1997,1.635
11/28/1997,1.635
12/1/1997,1.715
12/2/1997,1.775
12/3/1997,1.765
12/4/1997,1.79
12/5/1997,1.83
12/8/1997,1.83
12/9/1997,1.91
12/10/1997,1.91
12/11/1997,1.86
12/12/1997,1.87
12/15/1997,1.92
12/16/1997,1.74
12/17/1997,1.68
12/18/1997,1.73
12/19/1997,1.65
12/22/1997,1.64
12/23/1997,1.69
12/24/1997,1.66
12/26/1997,1.66
12/29/1997,1.69
12/30/1997,1.705
12/31/1997,1.68
1/2/1998,1.68
1/5/1998,1.76
1/6/1998,1.66
1/7/1998,1.66
1/8/1998,1.72
1/9/1998,1.66
1/12/1998,1.635
1/13/1998,1.685
1/14/1998,1.685
1/15/1998,1.72
1/16/1998,1.71
1/20/1998,1.82
1/21/1998,1.82
1/22/1998,1.82
1/23/1998,1.85
1/26/1998,1.795
1/27/1998,1.77
1/28/1998,1.87
1/29/1998,1.885
1/30/1998,1.865
2/2/1998,1.9
2/3/1998,1.885
2/4/1998,1.915
2/5/1998,1.935
2/6/1998,1.895
2/9/1998,1.855
2/10/1998,1.805
2/11/1998,1.795
2/12/1998,1.81
2/13/1998,1.8
2/17/1998,1.78
2/18/1998,1.845
2/19/1998,1.885
2/20/1998,1.885
2/23/1998,1.915
2/24/1998,1.855
2/25/1998,1.865
2/26/1998,1.82
2/27/1998,1.78
3/2/1998,1.74
3/3/1998,1.68
3/4/1998,1.68
3/5/1998,1.64
3/6/1998,1.625
3/9/1998,1.6575
3/10/1998,1.6475
3/11/1998,1.6775
3/12/1998,1.6325
3/13/1998,1.6225
3/16/1998,1.6575
3/17/1998,1.61
3/18/1998,1.58
3/19/1998,1.545
3/20/1998,1.59
3/23/1998,1.6
3/24/1998,1.585
3/25/1998,1.555
3/26/1998,1.585
3/27/1998,1.585
3/30/1998,1.585
3/31/1998,1.585
4/1/1998,1.555
4/2/1998,1.555
4/3/1998,1.515
4/6/1998,1.525
4/7/1998,1.56
4/8/1998,1.585
4/9/1998,1.605
4/13/1998,1.675
4/14/1998,1.675
4/15/1998,1.65
4/16/1998,1.64
4/17/1998,1.64
4/20/1998,1.64
4/21/1998,1.61
4/22/1998,1.61
4/23/1998,1.51
4/24/1998,1.49
4/27/1998,1.49
4/28/1998,1.5
4/29/1998,1.49
4/30/1998,1.49
5/1/1998,1.44
5/4/1998,1.44
5/5/1998,1.49
5/6/1998,1.44
5/7/1998,1.44
5/8/1998,1.44
5/11/1998,1.44
5/12/1998,1.42
5/13/1998,1.4
5/14/1998,1.43
5/15/1998,1.4
5/18/1998,1.425
5/19/1998,1.445
5/20/1998,1.445
5/21/1998,1.435
5/22/1998,1.455
5/26/1998,1.405
5/27/1998,1.405
5/28/1998,1.43
5/29/1998,1.43
6/1/1998,1.41
6/2/1998,1.41
6/3/1998,1.41
6/4/1998,1.41
6/5/1998,1.41
6/8/1998,1.36
6/9/1998,1.38
6/10/1998,1.39
6/11/1998,1.32
6/12/1998,1.3
6/15/1998,1.28
6/16/1998,1.25
6/17/1998,1.26
6/18/1998,1.26
6/19/1998,1.22
6/22/1998,1.21
6/23/1998,1.21
6/24/1998,1.2
6/25/1998,1.225
6/26/1998,1.2
6/29/1998,1.19
6/30/1998,1.18
7/1/1998,1.19
7/2/1998,1.17
7/6/1998,1.185
7/7/1998,1.185
7/8/1998,1.205
7/9/1998,1.19
7/10/1998,1.175
7/13/1998,1.145
7/14/1998,1.155
7/15/1998,1.155
7/16/1998,1.155
7/17/1998,1.155
7/20/1998,1.165
7/21/1998,1.165
7/22/1998,1.235
7/23/1998,1.225
7/24/1998,1.205
7/27/1998,1.205
7/28/1998,1.245
7/29/1998,1.245
7/30/1998,1.295
7/31/1998,1.355
8/3/1998,1.37
8/4/1998,1.35
8/5/1998,1.365
8/6/1998,1.375
8/7/1998,1.39
8/10/1998,1.38
8/11/1998,1.33
8/12/1998,1.3
8/13/1998,1.3
8/14/1998,1.25
8/17/1998,1.24
8/18/1998,1.2
8/19/1998,1.215
8/20/1998,1.175
8/21/1998,1.175
8/24/1998,1.195
8/25/1998,1.255
8/26/1998,1.225
8/27/1998,1.235
8/28/1998,1.255
8/31/1998,1.23
9/1/1998,1.205
9/2/1998,1.205
9/3/1998,1.195
9/4/1998,1.2
9/8/1998,1.23
9/9/1998,1.205
9/10/1998,1.15
9/11/1998,1.1
9/14/1998,1.075
9/15/1998,1.105
9/16/1998,1.105
9/17/1998,1.075
9/18/1998,1.065
9/21/1998,1.075
9/22/1998,1.085
9/23/1998,1.085
9/24/1998,1.095
9/25/1998,1.105
9/28/1998,1.14
9/29/1998,1.11
9/30/1998,1.105
10/1/1998,1.08
10/2/1998,1.085
10/5/1998,1.085
10/6/1998,1.1
10/7/1998,1.12
10/8/1998,1.16
10/9/1998,1.13
10/12/1998,1.08
10/13/1998,1.08
10/14/1998,1.08
10/15/1998,1.1
10/16/1998,1.1
10/19/1998,1.12
10/20/1998,1.09
10/21/1998,1.105
10/22/1998,1.12
10/23/1998,1.12
10/26/1998,1.155
10/27/1998,1.105
10/28/1998,1.115
10/29/1998,1.125
10/30/1998,1.15
11/2/1998,1.25
11/3/1998,1.35
11/4/1998,1.3
11/5/1998,1.3
11/6/1998,1.29
11/9/1998,1.265
11/10/1998,1.245
11/11/1998,1.235
11/12/1998,1.215
11/13/1998,1.205
11/16/1998,1.22
11/17/1998,1.21
11/18/1998,1.19
11/19/1998,1.19
11/20/1998,1.19
11/23/1998,1.165
11/24/1998,1.175
11/25/1998,1.19
11/27/1998,1.19
11/30/1998,1.12
12/1/1998,1.11
12/2/1998,1.125
12/3/1998,1.145
12/4/1998,1.13
12/7/1998,1.14
12/8/1998,1.14
12/9/1998,1.14
12/10/1998,1.18
12/11/1998,1.17
12/14/1998,1.2
12/15/1998,1.23
12/16/1998,1.22
12/17/1998,1.205
12/18/1998,1.205
12/21/1998,1.175
12/22/1998,1.185
12/23/1998,1.2
12/24/1998,1.2
12/28/1998,1.15
12/29/1998,1.17
12/30/1998,1.17
12/31/1998,1.17
1/4/1999,1.22
1/5/1999,1.185
1/6/1999,1.17
1/7/1999,1.18
1/8/1999,1.19
1/11/1999,1.19
1/12/1999,1.16
1/13/1999,1.18
1/14/1999,1.16
1/15/1999,1.13
1/19/1999,1.04
1/20/1999,1.04
1/21/1999,1.04
1/22/1999,1.035
1/25/1999,1.035
1/26/1999,1.045
1/27/1999,1.015
1/28/1999,1.015
1/29/1999,1.015
2/1/1999,1.03
2/2/1999,1.04
2/3/1999,1.03
2/4/1999,1.015
2/5/1999,1.02
2/8/1999,1.025
2/9/1999,1.015
2/10/1999,1.015
2/11/1999,1.045
2/12/1999,1.035
2/16/1999,0.985
2/17/1999,1.005
2/18/1999,1.015
2/19/1999,1.015
2/22/1999,1.005
2/23/1999,1.035
2/24/1999,1.035
2/25/1999,1.005
2/26/1999,0.995
3/1/1999,0.995
3/2/1999,1.005
3/3/1999,0.975
3/4/1999,1.005
3/5/1999,1.035
3/8/1999,1.015
3/9/1999,1.035
3/10/1999,1.035
3/11/1999,1.045
3/12/1999,1.03
3/15/1999,1.015
3/16/1999,1.035
3/17/1999,1.055
3/18/1999,1.005
3/19/1999,1
3/22/1999,1
3/23/1999,1
3/24/1999,1.01
3/25/1999,1.035
3/26/1999,1.085
3/29/1999,1.12
3/30/1999,1.11
3/31/1999,1.085
4/1/1999,1.085
4/5/1999,1.055
4/6/1999,1.055
4/7/1999,1.025
4/8/1999,0.98
4/9/1999,0.99
4/12/1999,0.975
4/13/1999,0.975
4/14/1999,0.985
4/15/1999,0.985
4/16/1999,0.995
4/19/1999,1.02
4/20/1999,1
4/21/1999,1
4/22/1999,0.975
4/23/1999,0.98
4/26/1999,1
4/27/1999,1.01
4/28/1999,1.01
4/29/1999,1.05
4/30/1999,1.05
5/3/1999,1.04
5/4/1999,1.03
5/5/1999,1.05
5/6/1999,1.05
5/7/1999,1.05
5/10/1999,1.075
5/11/1999,1.095
5/12/1999,1.085
5/13/1999,1.06
5/14/1999,1.1
5/17/1999,1.12
5/18/1999,1.19
5/19/1999,1.25
5/20/1999,1.22
5/21/1999,1.2
5/24/1999,1.2
5/25/1999,1.2
5/26/1999,1.27
5/27/1999,1.24
5/28/1999,1.225
6/1/1999,1.225
6/2/1999,1.235
6/3/1999,1.25
6/4/1999,1.22
6/7/1999,1.14
6/8/1999,1.075
6/9/1999,1.075
6/10/1999,1.075
6/11/1999,1.075
6/14/1999,1.06
6/15/1999,1.06
6/16/1999,1.075
6/17/1999,1.075
6/18/1999,1.08
6/21/1999,1.055
6/22/1999,1.075
6/23/1999,1.065
6/24/1999,1.04
6/25/1999,1.01
6/28/1999,1
6/29/1999,1.015
6/30/1999,1.015
7/1/1999,1.015
7/2/1999,0.99
7/6/1999,0.93
7/7/1999,0.95
7/8/1999,0.97
7/9/1999,0.98
7/12/1999,0.94
7/13/1999,0.96
7/14/1999,0.98
7/15/1999,0.96
7/16/1999,0.95
7/19/1999,0.97
7/20/1999,0.97
7/21/1999,0.97
7/22/1999,1
7/23/1999,0.97
7/26/1999,0.98
7/27/1999,0.99
7/28/1999,0.975
7/29/1999,0.965
7/30/1999,0.925
8/2/1999,0.95
8/3/1999,0.95
8/4/1999,0.95
8/5/1999,0.95
8/6/1999,0.9375
8/9/1999,0.9525
8/10/1999,0.9525
8/11/1999,0.9825
8/12/1999,0.9525
8/13/1999,1.0025
8/16/1999,0.9125
8/17/1999,0.9225
8/18/1999,0.9225
8/19/1999,0.9125
8/20/1999,0.9125
8/23/1999,0.9225
8/24/1999,0.9175
8/25/1999,0.9175
8/26/1999,0.9025
8/27/1999,0.9025
8/30/1999,0.8725
8/31/1999,0.8875
9/1/1999,0.9375
9/2/1999,0.9375
9/3/1999,0.9175
9/7/1999,0.8975
9/8/1999,0.9075
9/9/1999,0.8675
9/10/1999,0.8475
9/13/1999,0.8475
9/14/1999,0.8525
9/15/1999,0.8375
9/16/1999,0.8375
9/17/1999,0.8375
9/20/1999,0.8325
9/21/1999,0.8225
9/22/1999,0.8125
9/23/1999,0.8275
9/24/1999,0.8275
9/27/1999,0.8375
9/28/1999,0.8375
9/29/1999,0.8575
9/30/1999,0.8175
10/1/1999,0.8075
10/4/1999,0.8225
10/5/1999,0.8525
10/6/1999,0.8525
10/7/1999,0.8525
10/8/1999,0.8525
10/11/1999,0.9125
10/12/1999,0.9675
10/13/1999,1.1975
10/14/1999,1.0725
10/15/1999,1.0875
10/18/1999,0.9575
10/19/1999,0.9775
10/20/1999,0.9525
10/21/1999,0.9025
10/22/1999,0.9225
10/25/1999,1
10/26/1999,0.955
10/27/1999,0.955
10/28/1999,0.965
10/29/1999,1
11/1/1999,1.1
11/2/1999,1.035
11/3/1999,1.045
11/4/1999,1.055
11/5/1999,1.045
11/8/1999,1.105
11/9/1999,1.13
11/10/1999,1.115
11/11/1999,1.165
11/12/1999,1.225
11/15/1999,1.285
11/16/1999,1.255
11/17/1999,1.255
11/18/1999,1.125
11/19/1999,1.1
11/22/1999,1.1
11/23/1999,1.07
11/24/1999,1.06
11/26/1999,1.06
11/29/1999,1.135
11/30/1999,1.32
12/1/1999,1.28
12/2/1999,1.33
12/3/1999,1.41
12/6/1999,1.31
12/7/1999,1.31
12/8/1999,1.26
12/9/1999,1.25
12/10/1999,1.295
12/13/1999,1.27
12/14/1999,1.26
12/15/1999,1.32
12/16/1999,1.345
12/17/1999,1.36
12/20/1999,1.39
12/21/1999,1.245
12/22/1999,1.215
12/23/1999,1.215
12/27/1999,1.225
12/28/1999,1.195
12/29/1999,1.205
12/30/1999,1.255
12/31/1999,1.255
1/3/2000,1.165
1/4/2000,1.165
1/5/2000,1.19
1/6/2000,1.17
1/7/2000,1.16
1/10/2000,1.195
1/11/2000,1.2
1/12/2000,1.22
1/13/2000,1.22
1/14/2000,1.16
1/18/2000,1.19
1/19/2000,1.2
1/20/2000,1.18
1/21/2000,1.18
1/24/2000,1.19
1/25/2000,1.2
1/26/2000,1.225
1/27/2000,1.225
1/28/2000,1.225
1/31/2000,1.185
2/1/2000,1.195
2/2/2000,1.2
2/3/2000,1.205
2/4/2000,1.205
2/7/2000,1.195
2/8/2000,1.165
2/9/2000,1.155
2/10/2000,1.165
2/11/2000,1.165
2/14/2000,1.125
2/15/2000,1.135
2/16/2000,1.125
2/17/2000,1.125
2/18/2000,1.125
2/22/2000,1.115
2/23/2000,1.115
2/24/2000,1.095
2/25/2000,1.055
2/28/2000,1.085
2/29/2000,1.06
3/1/2000,1.075
3/2/2000,1.115
3/3/2000,1.115
3/6/2000,1.13
3/7/2000,1.15
3/8/2000,1.14
3/9/2000,1.14
3/10/2000,1.13
3/13/2000,1.13
3/14/2000,1.09
3/15/2000,1.09
3/16/2000,1.13
3/17/2000,1.125
3/20/2000,1.09
3/21/2000,1.1
3/22/2000,1.11
3/23/2000,1.07
3/24/2000,1.08
3/27/2000,1.08
3/28/2000,1.065
3/29/2000,1.065
3/30/2000,1.06
3/31/2000,1.06
4/3/2000,1.045
4/4/2000,1.025
4/5/2000,1.045
4/6/2000,1.035
4/7/2000,1.02
4/10/2000,0.99
4/11/2000,0.99
4/12/2000,0.965
4/13/2000,0.97
4/14/2000,0.95
4/17/2000,0.95
4/18/2000,0.97
4/19/2000,0.985
4/20/2000,1.005
4/24/2000,0.965
4/25/2000,0.975
4/26/2000,0.965
4/27/2000,0.965
4/28/2000,0.97
5/1/2000,1.025
5/2/2000,1.015
5/3/2000,0.965
5/4/2000,0.995
5/5/2000,0.995
5/8/2000,0.995
5/9/2000,0.995
5/10/2000,0.995
5/11/2000,0.98
5/12/2000,0.94
5/15/2000,0.94
5/16/2000,0.95
5/17/2000,0.94
5/18/2000,0.94
5/19/2000,0.975
5/22/2000,1.025
5/23/2000,1.025
5/24/2000,1.005
5/25/2000,1.005
5/26/2000,1.005
5/30/2000,1.0175
5/31/2000,0.9475
6/1/2000,0.945
6/2/2000,0.955
6/5/2000,0.935
6/6/2000,0.895
6/7/2000,0.92
6/8/2000,0.93
6/9/2000,0.9225
6/12/2000,0.9225
6/13/2000,0.9225
6/14/2000,0.9125
6/15/2000,0.8925
6/16/2000,0.8825
6/19/2000,0.8825
6/20/2000,0.8825
6/21/2000,0.8525
6/22/2000,0.8725
6/23/2000,0.8975
6/26/2000,0.8975
6/27/2000,0.9075
6/28/2000,0.8975
6/29/2000,0.8875
6/30/2000,0.8675
7/3/2000,0.8675
7/5/2000,0.885
7/6/2000,0.855
7/7/2000,0.835
7/10/2000,0.865
7/11/2000,0.92
7/12/2000,0.92
7/13/2000,1.02
7/14/2000,0.91
7/17/2000,1.01
7/18/2000,1.19
7/19/2000,1.115
7/20/2000,0.965
7/21/2000,0.955
7/24/2000,0.855
7/25/2000,0.845
7/26/2000,0.8625
7/27/2000,0.8525
7/28/2000,0.8625
7/31/2000,0.8525
8/1/2000,0.8525
8/2/2000,0.8525
8/3/2000,0.8475
8/4/2000,0.8475
8/7/2000,0.8475
8/8/2000,0.8325
8/9/2000,0.7925
8/10/2000,0.7925
8/11/2000,0.8025
8/14/2000,0.7825
8/15/2000,0.7825
8/16/2000,0.7825
8/17/2000,0.7825
8/18/2000,0.7825
8/21/2000,0.7775
8/22/2000,0.7775
8/23/2000,0.7575
8/24/2000,0.7825
8/25/2000,0.7825
8/28/2000,0.7825
8/29/2000,0.7825
8/30/2000,0.7775
8/31/2000,0.7775
9/1/2000,0.7775
9/5/2000,0.7575
9/6/2000,0.7775
9/7/2000,0.8025
9/8/2000,0.81
9/11/2000,0.81
9/12/2000,0.83
9/13/2000,0.84
9/14/2000,0.815
9/15/2000,0.8052
9/18/2000,0.815
9/19/2000,0.815
9/20/2000,0.815
9/21/2000,0.805
9/22/2000,0.805
9/25/2000,0.82
9/26/2000,0.85
9/27/2000,0.82
9/28/2000,0.83
9/29/2000,0.86
10/2/2000,0.81
10/3/2000,0.81
10/4/2000,0.81
10/5/2000,0.81
10/6/2000,0.81
10/9/2000,0.81
10/10/2000,0.82
10/11/2000,0.845
10/12/2000,0.825
10/13/2000,0.825
10/16/2000,0.865
10/17/2000,0.895
10/18/2000,0.895
10/19/2000,0.88
10/20/2000,0.83
10/23/2000,0.78
10/24/2000,0.78
10/25/2000,0.765
10/26/2000,0.745
10/27/2000,0.745
10/30/2000,0.735
10/31/2000,0.745
11/1/2000,0.745
11/2/2000,0.745
11/3/2000,0.74
11/6/2000,0.75
11/7/2000,0.75
11/8/2000,0.76
11/9/2000,0.745
11/10/2000,0.745
11/13/2000,0.715
11/14/2000,0.715
11/15/2000,0.705
11/16/2000,0.69
11/17/2000,0.69
11/20/2000,0.71
11/21/2000,0.69
11/22/2000,0.685
11/24/2000,0.685
11/27/2000,0.685
11/28/2000,0.72
11/29/2000,0.725
11/30/2000,0.7
12/1/2000,0.7
12/4/2000,0.7
12/5/2000,0.69
12/6/2000,0.69
12/7/2000,0.69
12/8/2000,0.66
12/11/2000,0.66
12/12/2000,0.66
12/13/2000,0.66
12/14/2000,0.635
12/15/2000,0.645
12/18/2000,0.65
12/19/2000,0.65
12/20/2000,0.65
12/21/2000,0.66
12/22/2000,0.66
12/26/2000,0.68
12/27/2000,0.67
12/28/2000,0.68
12/29/2000,0.665
1/2/2001,0.62
1/3/2001,0.62
1/4/2001,0.62
1/5/2001,0.62
1/8/2001,0.615
1/9/2001,0.615
1/10/2001,0.615
1/11/2001,0.615
1/12/2001,0.63
1/16/2001,0.655
1/17/2001,0.685
1/18/2001,0.65
1/19/2001,0.665
1/22/2001,0.72
1/23/2001,0.705
1/24/2001,0.705
1/25/2001,0.68
1/26/2001,0.67
1/29/2001,0.655
1/30/2001,0.645
1/31/2001,0.645
2/1/2001,0.655
2/2/2001,0.645
2/5/2001,0.645
2/6/2001,0.64
2/7/2001,0.635
2/8/2001,0.635
2/9/2001,0.645
2/12/2001,0.645
2/13/2001,0.65
2/14/2001,0.65
2/15/2001,0.635
2/16/2001,0.615
2/20/2001,0.645
2/21/2001,0.64
2/22/2001,0.64
2/23/2001,0.66
2/26/2001,0.65
2/27/2001,0.655
2/28/2001,0.655
3/1/2001,0.645
3/2/2001,0.655
3/5/2001,0.655
3/6/2001,0.7
3/7/2001,0.71
3/8/2001,0.7
3/9/2001,0.7
3/12/2001,0.705
3/13/2001,0.695
3/14/2001,0.695
3/15/2001,0.675
3/16/2001,0.675
3/19/2001,0.68
3/20/2001,0.68
3/21/2001,0.675
3/22/2001,0.665
3/23/2001,0.665
3/26/2001,0.685
3/27/2001,0.675
3/28/2001,0.675
3/29/2001,0.675
3/30/2001,0.665
4/2/2001,0.655
4/3/2001,0.655
4/4/2001,0.66
4/5/2001,0.66
4/6/2001,0.65
4/9/2001,0.65
4/10/2001,0.65
4/11/2001,0.65
4/12/2001,0.65
4/16/2001,0.72
4/17/2001,0.72
4/18/2001,0.75
4/19/2001,0.74
4/20/2001,0.74
4/23/2001,0.8
4/24/2001,0.76
4/25/2001,0.75
4/26/2001,0.75
4/27/2001,0.78
4/30/2001,0.78
5/1/2001,0.81
5/2/2001,0.795
5/3/2001,0.81
5/4/2001,0.8
5/7/2001,0.825
5/8/2001,0.825
5/9/2001,0.815
5/10/2001,0.815
5/11/2001,0.805
5/14/2001,0.775
5/15/2001,0.775
5/16/2001,0.775
5/17/2001,0.775
5/18/2001,0.785
5/21/2001,0.77
5/22/2001,0.72
5/23/2001,0.705
5/24/2001,0.7
5/25/2001,0.67
5/29/2001,0.67
5/30/2001,0.665
5/31/2001,0.665
6/1/2001,0.675
6/4/2001,0.69
6/5/2001,0.69
6/6/2001,0.525
6/7/2001,0.5175
6/8/2001,0.5125
6/11/2001,0.5225
6/12/2001,0.515
6/13/2001,0.525
6/14/2001,0.525
6/15/2001,0.5375
6/18/2001,0.54
6/19/2001,0.5575
6/20/2001,0.5275
6/21/2001,0.505
6/22/2001,0.5275
6/25/2001,0.5125
6/26/2001,0.5025
6/27/2001,0.505
6/28/2001,0.5
6/29/2001,0.5025
7/2/2001,0.505
7/3/2001,0.49
7/5/2001,0.49
7/6/2001,0.48
7/9/2001,0.4775
7/10/2001,0.4725
7/11/2001,0.4675
7/12/2001,0.4675
7/13/2001,0.46
7/16/2001,0.4675
7/17/2001,0.4675
7/18/2001,0.4625
7/19/2001,0.47
7/20/2001,0.4625
7/23/2001,0.4575
7/24/2001,0.46
7/25/2001,0.4725
7/26/2001,0.4475
7/27/2001,0.4375
7/30/2001,0.4375
7/31/2001,0.4475
8/1/2001,0.4575
8/2/2001,0.46
8/3/2001,0.46
8/6/2001,0.46
8/7/2001,0.455
8/8/2001,0.4575
8/9/2001,0.455
8/10/2001,0.4575
8/13/2001,0.4425
8/14/2001,0.4525
8/15/2001,0.4525
8/16/2001,0.4525
8/17/2001,0.455
8/20/2001,0.5025
8/21/2001,0.465
8/22/2001,0.47
8/23/2001,0.475
8/24/2001,0.4875
8/27/2001,0.4875
8/28/2001,0.4775
8/29/2001,0.47
8/30/2001,0.4775
8/31/2001,0.4675
9/4/2001,0.4675
9/5/2001,0.4375
9/6/2001,0.4475
9/7/2001,0.45
9/10/2001,0.445
9/11/2001,0.445
9/12/2001,0.455
9/13/2001,0.455
9/14/2001,0.455
9/17/2001,0.455
9/18/2001,0.455
9/19/2001,0.455
9/20/2001,0.455
9/21/2001,0.455
9/24/2001,0.455
9/25/2001,0.41
9/26/2001,0.4075
9/27/2001,0.41
9/28/2001,0.41
10/1/2001,0.4025
10/2/2001,0.3975
10/3/2001,0.3875
10/4/2001,0.3825
10/5/2001,0.39
10/8/2001,0.3925
10/9/2001,0.385
10/10/2001,0.3775
10/11/2001,0.3875
10/12/2001,0.3875
10/15/2001,0.38
10/16/2001,0.37
10/17/2001,0.37
10/18/2001,0.3775
10/19/2001,0.385
10/22/2001,0.3675
10/23/2001,0.355
10/24/2001,0.3675
10/25/2001,0.365
10/26/2001,0.375
10/29/2001,0.375
10/30/2001,0.3675
10/31/2001,0.365
11/1/2001,0.365
11/2/2001,0.3825
11/5/2001,0.39
11/6/2001,0.4125
11/7/2001,0.43
11/8/2001,0.435
11/9/2001,0.425
11/12/2001,0.415
11/13/2001,0.415
11/14/2001,0.4175
11/15/2001,0.465
11/16/2001,0.4525
11/19/2001,0.4525
11/20/2001,0.435
11/21/2001,0.4375
11/23/2001,0.4375
11/26/2001,0.4375
11/27/2001,0.4375
11/28/2001,0.4025
11/29/2001,0.4282
11/30/2001,0.3975
12/3/2001,0.405
12/4/2001,0.405
12/5/2001,0.4025
12/6/2001,0.4075
12/7/2001,0.405
12/10/2001,0.415
12/11/2001,0.415
12/12/2001,0.425
12/13/2001,0.425
12/14/2001,0.43
12/17/2001,0.4225
12/18/2001,0.41
12/19/2001,0.4075
12/20/2001,0.4175
12/21/2001,0.44
12/24/2001,0.44
12/26/2001,0.44
12/27/2001,0.4125
12/28/2001,0.4125
12/31/2001,0.4125
1/2/2002,0.4125
1/3/2002,0.42
1/4/2002,0.4225
1/7/2002,0.4325
1/8/2002,0.4275
1/9/2002,0.43
1/10/2002,0.455
1/11/2002,0.4575
1/14/2002,0.44
1/15/2002,0.4525
1/16/2002,0.4475
1/17/2002,0.4375
1/18/2002,0.4325
1/22/2002,0.4325
1/23/2002,0.415
1/24/2002,0.4175
1/25/2002,0.415
1/28/2002,0.4075
1/29/2002,0.4
1/30/2002,0.4
1/31/2002,0.4
2/1/2002,0.4075
2/4/2002,0.4125
2/5/2002,0.4175
2/6/2002,0.425
2/7/2002,0.43
2/8/2002,0.43
2/11/2002,0.4325
2/12/2002,0.4175
2/13/2002,0.415
2/14/2002,0.4175
2/15/2002,0.42
2/19/2002,0.42
2/20/2002,0.4225
2/21/2002,0.4425
2/22/2002,0.46
2/25/2002,0.4525
2/26/2002,0.44
2/27/2002,0.43
2/28/2002,0.4175
3/1/2002,0.4225
3/4/2002,0.4325
3/5/2002,0.435
3/6/2002,0.4475
3/7/2002,0.4575
3/8/2002,0.4475
3/11/2002,0.46
3/12/2002,0.5
3/13/2002,0.5
3/14/2002,0.515
3/15/2002,0.5175
3/18/2002,0.5125
3/19/2002,0.4725
3/20/2002,0.4875
3/21/2002,0.515
3/22/2002,0.495
3/25/2002,0.4975
3/26/2002,0.5
3/27/2002,0.5025
3/28/2002,0.5125
4/1/2002,0.5125
4/2/2002,0.5375
4/3/2002,0.545
4/4/2002,0.5475
4/5/2002,0.52
4/8/2002,0.4975
4/9/2002,0.485
4/10/2002,0.505
4/11/2002,0.5025
4/12/2002,0.4925
4/15/2002,0.475
4/16/2002,0.48
4/17/2002,0.4875
4/18/2002,0.5025
4/19/2002,0.5275
4/22/2002,0.5025
4/23/2002,0.51
4/24/2002,0.515
4/25/2002,0.4975
4/26/2002,0.47
4/29/2002,0.4625
4/30/2002,0.445
5/1/2002,0.47
5/2/2002,0.4525
5/3/2002,0.4525
5/6/2002,0.4525
5/7/2002,0.4525
5/8/2002,0.455
5/9/2002,0.45
5/10/2002,0.4375
5/13/2002,0.44
5/14/2002,0.435
5/15/2002,0.44
5/16/2002,0.4425
5/17/2002,0.455
5/20/2002,0.455
5/21/2002,0.46
5/22/2002,0.47
5/23/2002,0.45
5/24/2002,0.4525
5/28/2002,0.4525
5/29/2002,0.4475
5/30/2002,0.46
5/31/2002,0.46
6/3/2002,0.46
6/4/2002,0.46
6/5/2002,0.45
6/6/2002,0.445
6/7/2002,0.4425
6/10/2002,0.4325
6/11/2002,0.435
6/12/2002,0.4325
6/13/2002,0.43
6/14/2002,0.4125
6/17/2002,0.405
6/18/2002,0.41
6/19/2002,0.405
6/20/2002,0.4075
6/21/2002,0.43
6/24/2002,0.4325
6/25/2002,0.4425
6/26/2002,0.4375
6/27/2002,0.43
6/28/2002,0.43
7/1/2002,0.43
7/2/2002,0.44
7/3/2002,0.46
7/5/2002,0.46
7/8/2002,0.4425
7/9/2002,0.4425
7/10/2002,0.45
7/11/2002,0.46
7/12/2002,0.4775
7/15/2002,0.4575
7/16/2002,0.4475
7/17/2002,0.4475
7/18/2002,0.4475
7/19/2002,0.425
7/22/2002,0.4225
7/23/2002,0.4225
7/24/2002,0.425
7/25/2002,0.415
7/26/2002,0.42
7/29/2002,0.42
7/30/2002,0.4125
7/31/2002,0.41
8/1/2002,0.4075
8/2/2002,0.4125
8/5/2002,0.4125
8/6/2002,0.41
8/7/2002,0.4075
8/8/2002,0.4075
8/9/2002,0.4125
8/12/2002,0.41
8/13/2002,0.415
8/14/2002,0.41
8/15/2002,0.41
8/16/2002,0.3925
8/19/2002,0.395
8/20/2002,0.3925
8/21/2002,0.395
8/22/2002,0.3925
8/23/2002,0.4
8/26/2002,0.4
8/27/2002,0.3925
8/28/2002,0.395
8/29/2002,0.415
8/30/2002,0.4125
9/3/2002,0.4125
9/4/2002,0.4425
9/5/2002,0.46
9/6/2002,0.46
9/9/2002,0.455
9/10/2002,0.49
9/11/2002,0.475
9/12/2002,0.46
9/13/2002,0.475
9/16/2002,0.4775
9/17/2002,0.4925
9/18/2002,0.48
9/19/2002,0.4625
9/20/2002,0.4425
9/23/2002,0.415
9/24/2002,0.4025
9/25/2002,0.4025
9/26/2002,0.4125
9/27/2002,0.4
9/30/2002,0.405
10/1/2002,0.3925
10/2/2002,0.41
10/3/2002,0.4125
10/4/2002,0.4025
10/7/2002,0.4
10/8/2002,0.4175
10/9/2002,0.42
10/10/2002,0.425
10/11/2002,0.41
10/14/2002,0.405
10/15/2002,0.46
10/16/2002,0.53
10/17/2002,0.5025
10/18/2002,0.495
10/21/2002,0.4575
10/22/2002,0.485
10/23/2002,0.4725
10/24/2002,0.4725
10/25/2002,0.4975
10/28/2002,0.505
10/29/2002,0.465
10/30/2002,0.4475
10/31/2002,0.445
11/1/2002,0.475
11/4/2002,0.455
11/5/2002,0.4725
11/6/2002,0.4725
11/7/2002,0.4725
11/8/2002,0.4725
11/11/2002,0.4875
11/12/2002,0.4725
11/13/2002,0.45
11/14/2002,0.4525
11/15/2002,0.455
11/18/2002,0.4775
11/19/2002,0.4775
11/20/2002,0.4925
11/21/2002,0.5125
11/22/2002,0.5125
11/25/2002,0.5175
11/26/2002,0.51
11/27/2002,0.515
11/29/2002,0.515
12/2/2002,0.515
12/3/2002,0.5375
12/4/2002,0.5225
12/5/2002,0.5125
12/6/2002,0.5225
12/9/2002,0.4875
12/10/2002,0.48
12/11/2002,0.475
12/12/2002,0.4375
12/13/2002,0.4225
12/16/2002,0.4175
12/17/2002,0.43
12/18/2002,0.44
12/19/2002,0.4425
12/20/2002,0.4325
12/23/2002,0.445
12/24/2002,0.445
12/26/2002,0.445
12/27/2002,0.445
12/30/2002,0.445
12/31/2002,0.445
1/2/2003,0.445
1/3/2003,0.45
1/6/2003,0.45
1/7/2003,0.4725
1/8/2003,0.475
1/9/2003,0.4675
1/10/2003,0.465
1/13/2003,0.4875
1/14/2003,0.485
1/15/2003,0.4825
1/16/2003,0.495
1/17/2003,0.4975
1/21/2003,0.4975
1/22/2003,0.5075
1/23/2003,0.525
1/24/2003,0.525
1/27/2003,0.52
1/28/2003,0.5025
1/29/2003,0.4975
1/30/2003,0.4925
1/31/2003,0.5
2/3/2003,0.5175
2/4/2003,0.5225
2/5/2003,0.5125
2/6/2003,0.505
2/7/2003,0.5175
2/10/2003,0.52
2/11/2003,0.53
2/12/2003,0.5225
2/13/2003,0.51
2/14/2003,0.4825
2/18/2003,0.4825
2/19/2003,0.4825
2/20/2003,0.4725
2/21/2003,0.48
2/24/2003,0.4725
2/25/2003,0.4575
2/26/2003,0.445
2/27/2003,0.4375
2/28/2003,0.4375
3/3/2003,0.4225
3/4/2003,0.4275
3/5/2003,0.4225
3/6/2003,0.435
3/7/2003,0.4375
3/10/2003,0.44
3/11/2003,0.445
3/12/2003,0.4275
3/13/2003,0.4225
3/14/2003,0.425
3/17/2003,0.4275
3/18/2003,0.405
3/19/2003,0.415
3/20/2003,0.4275
3/21/2003,0.445
3/24/2003,0.4525
3/25/2003,0.4375
3/26/2003,0.42
3/27/2003,0.42
3/28/2003,0.4175
3/31/2003,0.435
4/1/2003,0.4425
4/2/2003,0.45
4/3/2003,0.4675
4/4/2003,0.48
4/7/2003,0.4775
4/8/2003,0.49
4/9/2003,0.4825
4/10/2003,0.4775
4/11/2003,0.475
4/14/2003,0.475
4/15/2003,0.445
4/16/2003,0.46
4/17/2003,0.4675
4/21/2003,0.4675
4/22/2003,0.505
4/23/2003,0.515
4/24/2003,0.51
4/25/2003,0.5025
4/28/2003,0.5
4/29/2003,0.4925
4/30/2003,0.515
5/1/2003,0.545
5/2/2003,0.545
5/5/2003,0.545
5/6/2003,0.535
5/7/2003,0.5475
5/8/2003,0.54
5/9/2003,0.5425
5/12/2003,0.54
5/13/2003,0.54
5/14/2003,0.525
5/15/2003,0.51
5/16/2003,0.5025
5/19/2003,0.51
5/20/2003,0.5025
5/21/2003,0.5275
5/22/2003,0.5125
5/23/2003,0.5125
5/27/2003,0.5125
5/28/2003,0.4625
5/29/2003,0.455
5/30/2003,0.4425
6/2/2003,0.4325
6/3/2003,0.455
6/4/2003,0.4525
6/5/2003,0.45
6/6/2003,0.45
6/9/2003,0.4494
6/10/2003,0.4725
6/11/2003,0.4875
6/12/2003,0.4975
6/13/2003,0.5025
6/16/2003,0.4925
6/17/2003,0.4875
6/18/2003,0.485
6/19/2003,0.475
6/20/2003,0.4575
6/23/2003,0.4525
6/24/2003,0.455
6/25/2003,0.4675
6/26/2003,0.455
6/27/2003,0.455
6/30/2003,0.4775
7/1/2003,0.48
7/2/2003,0.48
7/3/2003,0.5075
7/7/2003,0.5075
7/8/2003,0.49
7/9/2003,0.495
7/10/2003,0.505
7/11/2003,0.4875
7/14/2003,0.49
7/15/2003,0.5
7/16/2003,0.4975
7/17/2003,0.5
7/18/2003,0.5075
7/21/2003,0.5075
7/22/2003,0.505
7/23/2003,0.4725
7/24/2003,0.4763
7/25/2003,0.4746
7/28/2003,0.4746
7/29/2003,0.5025
7/30/2003,0.52
7/31/2003,0.5175
8/1/2003,0.525
8/4/2003,0.54
8/5/2003,0.54
8/6/2003,0.5225
8/7/2003,0.53
8/8/2003,0.5375
8/11/2003,0.53
8/12/2003,0.5175
8/13/2003,0.53
8/14/2003,0.54
8/15/2003,0.54
8/18/2003,0.525
8/19/2003,0.515
8/20/2003,0.5175
8/21/2003,0.5175
8/22/2003,0.535
8/25/2003,0.535
8/26/2003,0.53
8/27/2003,0.53
8/28/2003,0.52
8/29/2003,0.53
9/2/2003,0.53
9/3/2003,0.535
9/4/2003,0.53
9/5/2003,0.545
9/8/2003,0.545
9/9/2003,0.59
9/10/2003,0.6
9/11/2003,0.6
9/12/2003,0.6125
9/15/2003,0.595
9/16/2003,0.55
9/17/2003,0.5175
9/18/2003,0.53
9/19/2003,0.5175
9/22/2003,0.5225
9/23/2003,0.54
9/24/2003,0.535
9/25/2003,0.555
9/26/2003,0.5525
9/29/2003,0.5375
9/30/2003,0.5425
10/1/2003,0.5375
10/2/2003,0.56
10/3/2003,0.5525
10/6/2003,0.5575
10/7/2003,0.54
10/8/2003,0.54
10/9/2003,0.5325
10/10/2003,0.5275
10/13/2003,0.5175
10/14/2003,0.51
10/15/2003,0.5185
10/16/2003,0.52
10/17/2003,0.525
10/20/2003,0.515
10/21/2003,0.525
10/22/2003,0.535
10/23/2003,0.5225
10/24/2003,0.535
10/27/2003,0.54
10/28/2003,0.5575
10/29/2003,0.5625
10/30/2003,0.5525
10/31/2003,0.535
11/3/2003,0.5225
11/4/2003,0.525
11/5/2003,0.54
11/6/2003,0.54
11/7/2003,0.5425
11/10/2003,0.55
11/11/2003,0.544
11/12/2003,0.5475
11/13/2003,0.545
11/14/2003,0.555
11/17/2003,0.55
11/18/2003,0.55
11/19/2003,0.5525
11/20/2003,0.5525
11/21/2003,0.5325
11/24/2003,0.525
11/25/2003,0.53
11/26/2003,0.53
11/28/2003,0.53
12/1/2003,0.53
12/2/2003,0.5525
12/3/2003,0.575
12/4/2003,0.5775
12/5/2003,0.565
12/8/2003,0.5725
12/9/2003,0.5875
12/10/2003,0.585
12/11/2003,0.5825
12/12/2003,0.5725
12/15/2003,0.5775
12/16/2003,0.5475
12/17/2003,0.55
12/18/2003,0.5625
12/19/2003,0.56
12/22/2003,0.57
12/23/2003,0.57
12/24/2003,0.57
12/26/2003,0.57
12/29/2003,0.57
12/30/2003,0.57
12/31/2003,0.57
1/2/2004,0.57
1/5/2004,0.57
1/6/2004,0.6075
1/7/2004,0.6075
1/8/2004,0.6075
1/9/2004,0.6025
1/12/2004,0.605
1/13/2004,0.6225
1/14/2004,0.615
1/15/2004,0.605
1/16/2004,0.6075
1/20/2004,0.6075
1/21/2004,0.665
1/22/2004,0.66
1/23/2004,0.675
1/26/2004,0.6675
1/27/2004,0.695
1/28/2004,0.7075
1/29/2004,0.6875
1/30/2004,0.67
2/2/2004,0.67
2/3/2004,0.675
2/4/2004,0.68
2/5/2004,0.6625
2/6/2004,0.6625
2/9/2004,0.6525
2/10/2004,0.65
2/11/2004,0.6775
2/12/2004,0.6775
2/13/2004,0.685
2/17/2004,0.685
2/18/2004,0.675
2/19/2004,0.635
2/20/2004,0.635
2/23/2004,0.63
2/24/2004,0.625
2/25/2004,0.6575
2/26/2004,0.6525
2/27/2004,0.6725
3/1/2004,0.675
3/2/2004,0.6675
3/3/2004,0.66
3/4/2004,0.6425
3/5/2004,0.6525
3/8/2004,0.6575
3/9/2004,0.66
3/10/2004,0.645
3/11/2004,0.655
3/12/2004,0.6725
3/15/2004,0.6675
3/16/2004,0.68
3/17/2004,0.685
3/18/2004,0.675
3/19/2004,0.67
3/22/2004,0.6725
3/23/2004,0.6775
3/24/2004,0.67
3/25/2004,0.6575
3/26/2004,0.62
3/29/2004,0.6275
3/30/2004,0.635
3/31/2004,0.64
4/1/2004,0.6425
4/2/2004,0.6425
4/5/2004,0.6375
4/6/2004,0.6225
4/7/2004,0.635
4/8/2004,0.64
4/12/2004,0.64
4/13/2004,0.6325
4/14/2004,0.6175
4/15/2004,0.63
4/16/2004,0.64
4/19/2004,0.6375
4/20/2004,0.6375
4/21/2004,0.6325
4/22/2004,0.615
4/23/2004,0.62
4/26/2004,0.625
4/27/2004,0.625
4/28/2004,0.635
4/29/2004,0.6275
4/30/2004,0.615
5/3/2004,0.615
5/4/2004,0.615
5/5/2004,0.6375
5/6/2004,0.635
5/7/2004,0.6225
5/10/2004,0.61
5/11/2004,0.63
5/12/2004,0.635
5/13/2004,0.625
5/14/2004,0.6275
5/17/2004,0.6275
5/18/2004,0.6025
5/19/2004,0.6275
5/20/2004,0.635
5/21/2004,0.62
5/24/2004,0.625
5/25/2004,0.6675
5/26/2004,0.675
5/27/2004,0.6975
5/28/2004,0.6975
6/1/2004,0.6975
6/2/2004,0.7275
6/3/2004,0.7325
6/4/2004,0.72
6/7/2004,0.7175
6/8/2004,0.695
6/9/2004,0.6975
6/10/2004,0.71
6/14/2004,0.71
6/15/2004,0.7
6/16/2004,0.68
6/17/2004,0.6825
6/18/2004,0.6625
6/21/2004,0.64
6/22/2004,0.64
6/23/2004,0.645
6/24/2004,0.6475
6/25/2004,0.645
6/28/2004,0.62
6/29/2004,0.63
6/30/2004,0.6225
7/1/2004,0.635
7/2/2004,0.6325
7/6/2004,0.6325
7/7/2004,0.59
7/8/2004,0.5975
7/9/2004,0.5825
7/12/2004,0.5925
7/13/2004,0.59
7/14/2004,0.5875
7/15/2004,0.595
7/16/2004,0.6025
7/19/2004,0.6025
7/20/2004,0.605
7/21/2004,0.6225
7/22/2004,0.6025
7/23/2004,0.61
7/26/2004,0.59
7/27/2004,0.58
7/28/2004,0.5725
7/29/2004,0.575
7/30/2004,0.575
8/2/2004,0.5625
8/3/2004,0.5625
8/4/2004,0.565
8/5/2004,0.5625
8/6/2004,0.56
8/9/2004,0.57
8/10/2004,0.5725
8/11/2004,0.57
8/12/2004,0.57
8/13/2004,0.555
8/16/2004,0.5625
8/17/2004,0.6225
8/18/2004,0.6275
8/19/2004,0.6
8/20/2004,0.6125
8/23/2004,0.615
8/24/2004,0.6475
8/25/2004,0.645
8/26/2004,0.6475
8/27/2004,0.66
8/30/2004,0.66
8/31/2004,0.635
9/1/2004,0.6425
9/2/2004,0.655
9/3/2004,0.655
9/7/2004,0.655
9/8/2004,0.62
9/9/2004,0.625
9/10/2004,0.6525
9/13/2004,0.655
9/14/2004,0.6875
9/15/2004,0.6925
9/16/2004,0.685
9/17/2004,0.7
9/20/2004,0.7025
9/21/2004,0.71
9/22/2004,0.73
9/23/2004,0.7475
9/24/2004,0.7225
9/27/2004,0.7425
9/28/2004,0.7725
9/29/2004,0.7225
9/30/2004,0.7375
10/1/2004,0.7375
10/4/2004,0.7175
10/5/2004,0.6775
10/6/2004,0.6975
10/7/2004,0.6925
10/8/2004,0.6975
10/11/2004,0.685
10/12/2004,0.6675
10/13/2004,0.655
10/14/2004,0.6475
10/15/2004,0.6475
10/18/2004,0.665
10/19/2004,0.6575
10/20/2004,0.6525
10/21/2004,0.6725
10/22/2004,0.685
10/25/2004,0.705
10/26/2004,0.71
10/27/2004,0.7125
10/28/2004,0.735
10/29/2004,0.735
11/1/2004,0.7
11/2/2004,0.7025
11/3/2004,0.7175
11/4/2004,0.735
11/5/2004,0.7425
11/8/2004,0.7475
11/9/2004,0.765
11/10/2004,0.7675
11/11/2004,0.78
11/12/2004,0.7825
11/15/2004,0.775
11/16/2004,0.8825
11/17/2004,0.8325
11/18/2004,0.8475
11/19/2004,0.8475
11/22/2004,0.83
11/23/2004,0.8475
11/24/2004,0.845
11/26/2004,0.845
11/29/2004,0.845
11/30/2004,0.885
12/1/2004,0.8725
12/2/2004,0.8825
12/3/2004,0.875
12/6/2004,0.8775
12/7/2004,0.875
12/8/2004,0.8725
12/9/2004,0.8775
12/10/2004,0.8775
12/13/2004,0.87
12/14/2004,0.87
12/15/2004,0.8425
12/16/2004,0.9075
12/17/2004,0.9
12/20/2004,0.945
12/21/2004,0.975
12/22/2004,0.9575
12/23/2004,0.9575
12/27/2004,0.9575
12/28/2004,0.9575
12/29/2004,0.9575
12/30/2004,0.9575
12/31/2004,0.9575
1/3/2005,0.9575
1/4/2005,0.9575
1/5/2005,0.9275
1/6/2005,0.8975
1/7/2005,0.88
1/10/2005,0.8775
1/11/2005,0.8841
1/12/2005,0.875
1/13/2005,0.905
1/14/2005,0.9275
1/18/2005,0.9275
1/19/2005,0.9625
1/20/2005,0.9575
1/21/2005,0.945
1/24/2005,0.9725
1/25/2005,0.9875
1/26/2005,0.9975
1/27/2005,0.9925
1/28/2005,0.9725
1/31/2005,0.995
2/1/2005,0.995
2/2/2005,0.995
2/3/2005,0.995
2/4/2005,1.0025
2/7/2005,1.0555
2/8/2005,1.08
2/9/2005,1.07
2/10/2005,1.0775
2/11/2005,1.0925
2/14/2005,1.09
2/15/2005,1.0775
2/16/2005,1.0775
2/17/2005,1.1125
2/18/2005,1.1075
2/22/2005,1.1075
2/23/2005,1.08
2/24/2005,1.145
2/25/2005,1.12
2/28/2005,1.0775
3/1/2005,1.1125
3/2/2005,1.1125
3/3/2005,1.1125
3/4/2005,1.1275
3/7/2005,1.1375
3/8/2005,1.19
3/9/2005,1.215
3/10/2005,1.205
3/11/2005,1.2575
3/14/2005,1.235
3/15/2005,1.215
3/16/2005,1.2275
3/17/2005,1.22
3/18/2005,1.2175
3/21/2005,1.19
3/22/2005,1.17
3/23/2005,1.18
3/24/2005,1.13
3/28/2005,1.13
3/29/2005,1.11
3/30/2005,1.1075
3/31/2005,1.1375
4/1/2005,1.1525
4/4/2005,1.1225
4/5/2005,1.11
4/6/2005,1.1375
4/7/2005,1.13
4/8/2005,1.1125
4/11/2005,1.085
4/12/2005,1.0575
4/13/2005,1.075
4/14/2005,1.08
4/15/2005,1.0425
4/18/2005,1.0625
4/19/2005,1.06
4/20/2005,1.12
4/21/2005,1.159
4/22/2005,1.135
4/25/2005,1.185
4/26/2005,1.175
4/27/2005,1.2225
4/28/2005,1.23
4/29/2005,1.2075
5/2/2005,1.2075
5/3/2005,1.1325
5/4/2005,1.1225
5/5/2005,1.1625
5/6/2005,1.1375
5/9/2005,1.1525
5/10/2005,1.1475
5/11/2005,1.1225
5/12/2005,1.155
5/13/2005,1.1325
5/16/2005,1.1225
5/17/2005,1.07
5/18/2005,1.09
5/19/2005,1.0925
5/20/2005,1.075
5/23/2005,1.0775
5/24/2005,1.09
5/25/2005,1.105
5/26/2005,1.1325
5/27/2005,1.14
5/31/2005,1.14
6/1/2005,1.1189
6/2/2005,1.0975
6/3/2005,1.1275
6/6/2005,1.1525
6/7/2005,1.1425
6/8/2005,1.1775
6/9/2005,1.125
6/10/2005,1.075
6/13/2005,1.04
6/14/2005,1.03
6/15/2005,1.0523
6/16/2005,1.0525
6/17/2005,1.0525
6/20/2005,1.0075
6/21/2005,1.03
6/22/2005,1.02
6/23/2005,1.045
6/24/2005,1.0175
6/27/2005,0.9925
6/28/2005,0.965
6/29/2005,0.965
6/30/2005,0.9725
7/1/2005,0.9875
7/5/2005,0.9875
7/6/2005,0.97
7/7/2005,0.9925
7/8/2005,0.99
7/11/2005,0.9875
7/12/2005,0.9525
7/13/2005,0.9575
7/14/2005,0.9575
7/15/2005,0.9875
7/18/2005,0.9525
7/19/2005,0.9025
7/20/2005,0.8725
7/21/2005,0.8975
7/22/2005,0.9025
7/25/2005,0.9025
7/26/2005,0.9375
7/27/2005,0.935
7/28/2005,0.9225
7/29/2005,0.9675
8/1/2005,0.985
8/2/2005,0.975
8/3/2005,1.0175
8/4/2005,1.01
8/5/2005,1.01
8/8/2005,1.0125
8/9/2005,0.9875
8/10/2005,0.99
8/11/2005,0.99
8/12/2005,1.0325
8/15/2005,1.0125
8/16/2005,0.9275
8/17/2005,0.9325
8/18/2005,0.94
8/19/2005,0.915
8/22/2005,0.9225
8/23/2005,0.925
8/24/2005,0.945
8/25/2005,0.9175
8/26/2005,0.8875
8/29/2005,0.8875
8/30/2005,0.885
8/31/2005,0.9075
9/1/2005,0.9375
9/2/2005,0.9775
9/6/2005,0.9775
9/7/2005,0.935
9/8/2005,0.935
9/9/2005,0.935
9/12/2005,0.8725
9/13/2005,0.84
9/14/2005,0.84
9/15/2005,0.865
9/16/2005,0.865
9/19/2005,0.84
9/20/2005,0.84
9/21/2005,0.8525
9/22/2005,0.8525
9/23/2005,0.85
9/26/2005,0.8425
9/27/2005,0.8425
9/28/2005,0.8425
9/29/2005,0.8813
9/30/2005,0.8922
10/3/2005,0.8865
10/4/2005,0.8791
10/5/2005,0.8806
10/6/2005,0.8866
10/7/2005,0.8926
10/10/2005,0.8946
10/11/2005,0.922
10/12/2005,0.9494
10/13/2005,0.9496
10/14/2005,0.9437
10/17/2005,0.9333
10/18/2005,0.9724
10/19/2005,0.9844
10/20/2005,0.9877
10/21/2005,0.9872
10/24/2005,0.9852
10/25/2005,0.9704
10/26/2005,0.9911
10/27/2005,0.9786
10/28/2005,0.9587
10/31/2005,0.9422
11/1/2005,0.9343
11/2/2005,0.9345
11/3/2005,0.9603
11/4/2005,0.9913
11/7/2005,1
11/8/2005,0.989
11/9/2005,1.026
11/10/2005,1.0262
11/11/2005,1.023
11/14/2005,1.022
11/15/2005,0.9908
11/16/2005,0.952
11/17/2005,0.9496
11/18/2005,0.9503
11/21/2005,0.9531
11/22/2005,0.9531
11/23/2005,0.9799
11/25/2005,0.9799
11/28/2005,0.9785
11/29/2005,0.9345
11/30/2005,0.9609
12/1/2005,0.9345
12/2/2005,0.942
12/5/2005,0.9365
12/6/2005,0.9359
12/7/2005,0.9436
12/8/2005,0.9369
12/9/2005,0.9371
12/12/2005,0.9395
12/13/2005,0.9702
12/14/2005,0.9666
12/15/2005,0.9416
12/16/2005,0.9526
12/19/2005,0.9544
12/20/2005,0.9771
12/21/2005,0.9973
12/22/2005,0.983
12/23/2005,1.0065
12/27/2005,0.9973
12/28/2005,1.0292
12/29/2005,1.0292
12/30/2005,1.0497
1/3/2006,1.047
1/4/2006,1.0529
1/5/2006,1.0663
1/6/2006,1.1153
1/9/2006,1.152
1/10/2006,1.1651
1/11/2006,1.1552
1/12/2006,1.1353
1/13/2006,1.1351
1/17/2006,1.161
1/18/2006,1.186
1/19/2006,1.179
1/20/2006,1.156
1/23/2006,1.1567
1/24/2006,1.1623
1/25/2006,1.184
1/26/2006,1.19
1/27/2006,1.1855
1/30/2006,1.1965
1/31/2006,1.1913
2/1/2006,1.1602
2/2/2006,1.136
2/3/2006,1.136
2/6/2006,1.142
2/7/2006,1.1097
2/8/2006,1.116
2/9/2006,1.114
2/10/2006,1.1071
2/13/2006,1.1159
2/14/2006,1.079
2/15/2006,1.059
2/16/2006,1.053
2/17/2006,1.041
2/21/2006,1.064
2/22/2006,1.074
2/23/2006,1.074
2/24/2006,1.0782
2/27/2006,1.0855
2/28/2006,1.071
3/1/2006,1.0817
3/2/2006,1.0918
3/3/2006,1.0873
3/6/2006,1.0936
3/7/2006,1.0817
3/8/2006,1.057
3/9/2006,1.0493
3/10/2006,1.054
3/13/2006,1.042
3/14/2006,1.0272
3/15/2006,1.0275
3/16/2006,1.0385
3/17/2006,1.0395
3/20/2006,1.021
3/21/2006,1.016
3/22/2006,1.031
3/23/2006,1.013
3/24/2006,1.007
3/27/2006,1.0092
3/28/2006,1.0132
3/29/2006,1.015
3/30/2006,1.006
3/31/2006,1.036
4/3/2006,1.0364
4/4/2006,1.0538
4/5/2006,1.0588
4/6/2006,1.057
4/7/2006,1.071
4/10/2006,1.0573
4/11/2006,1.0669
4/12/2006,1.0361
4/13/2006,1.0289
4/17/2006,1.0289
4/18/2006,1.0284
4/19/2006,1.0506
4/20/2006,1.0644
4/21/2006,1.0819
4/24/2006,1.0818
4/25/2006,1.0808
4/26/2006,1.0623
4/27/2006,1.0567
4/28/2006,1.0408
5/1/2006,1.0408
5/2/2006,1.0408
5/3/2006,1.0695
5/4/2006,1.0596
5/5/2006,1.0511
5/8/2006,1.0511
5/9/2006,1.0235
5/10/2006,1.0312
5/11/2006,1.0364
5/12/2006,1.0137
5/15/2006,0.9935
5/16/2006,0.975
5/17/2006,0.9788
5/18/2006,0.9704
5/19/2006,0.9754
5/22/2006,0.9711
5/23/2006,0.9621
5/24/2006,0.9696
5/25/2006,0.9657
5/26/2006,0.9556
5/30/2006,0.9497
5/31/2006,0.9521
6/1/2006,0.958
6/2/2006,0.9607
6/5/2006,0.9607
6/6/2006,0.9542
6/7/2006,0.933
6/8/2006,0.9259
6/9/2006,0.9319
6/12/2006,0.9317
6/13/2006,0.9227
6/14/2006,0.9192
6/15/2006,0.9213
6/16/2006,0.9295
6/19/2006,0.9254
6/20/2006,0.9215
6/21/2006,0.9238
6/22/2006,0.9187
6/23/2006,0.921
6/26/2006,0.9189
6/27/2006,0.9219
6/28/2006,0.9223
6/29/2006,0.9404
6/30/2006,0.9472
7/3/2006,0.9187
7/5/2006,0.9858
7/6/2006,0.9853
7/7/2006,0.98
7/10/2006,0.9696
7/11/2006,0.9591
7/12/2006,0.9564
7/13/2006,0.9515
7/14/2006,0.9548
7/17/2006,0.944
7/18/2006,0.9293
7/19/2006,0.9288
7/20/2006,0.9286
7/21/2006,0.9239
7/24/2006,0.9169
7/25/2006,0.9103
7/26/2006,0.9141
7/27/2006,0.9169
7/28/2006,0.923
7/31/2006,0.9459
8/1/2006,0.9491
8/2/2006,0.9376
8/3/2006,0.9657
8/4/2006,0.9971
8/7/2006,1.0024
8/8/2006,1.0127
8/9/2006,1.0101
8/10/2006,1.0198
8/11/2006,1.0057
8/14/2006,0.9963
8/15/2006,0.9711
8/16/2006,0.9834
8/17/2006,1.0103
8/18/2006,1.0005
8/21/2006,0.9905
8/22/2006,1.025
8/23/2006,1.0367
8/24/2006,1.0336
8/25/2006,1.029
8/28/2006,1.029
8/29/2006,1.0073
8/30/2006,1.0073
8/31/2006,1.0044
9/1/2006,1.017
9/5/2006,1.012
9/6/2006,1.038
9/7/2006,1.0377
9/8/2006,1.0211
9/11/2006,1.0006
9/12/2006,0.9815
9/13/2006,0.9758
9/14/2006,0.9826
9/15/2006,0.977
9/18/2006,0.9651
9/19/2006,0.9575
9/20/2006,0.9733
9/21/2006,0.9686
9/22/2006,0.9747
9/25/2006,0.9857
9/26/2006,0.9967
9/27/2006,1.0112
9/28/2006,1.0083
9/29/2006,1.0098
10/2/2006,1.0103
10/3/2006,1.0011
10/4/2006,1.009
10/5/2006,0.9922
10/6/2006,0.994
10/9/2006,0.9872
10/10/2006,0.9838
10/11/2006,0.9817
10/12/2006,0.9822
10/13/2006,0.9822
10/16/2006,0.9881
10/17/2006,0.9705
10/18/2006,0.9654
10/19/2006,0.9703
10/20/2006,0.9664
10/23/2006,0.968
10/24/2006,0.996
10/25/2006,1.0161
10/26/2006,1.0082
10/27/2006,1.0173
10/30/2006,1.015
10/31/2006,1.019
11/1/2006,1.105
11/2/2006,1.026
11/3/2006,1.048
11/6/2006,1.0583
11/7/2006,1.0685
11/8/2006,1.0706
11/9/2006,1.0842
11/10/2006,1.1153
11/13/2006,1.1083
11/14/2006,1.0961
11/15/2006,1.0944
11/16/2006,1.1149
11/17/2006,1.1875
11/20/2006,1.0856
11/21/2006,1.0993
11/22/2006,1.1098
11/24/2006,1.1123
11/27/2006,1.1123
11/28/2006,1.1276
11/29/2006,1.1485
11/30/2006,1.1462
12/1/2006,1.1518
12/4/2006,1.1714
12/5/2006,1.1689
12/6/2006,1.1749
12/7/2006,1.1733
12/8/2006,1.1677
12/11/2006,1.169
12/12/2006,1.1844
12/13/2006,1.1904
12/14/2006,1.1928
12/15/2006,1.1965
12/18/2006,1.1609
12/19/2006,1.1638
12/20/2006,1.1502
12/21/2006,1.1683
12/22/2006,1.1681
12/26/2006,1.1681
12/27/2006,1.1681
12/28/2006,1.1681
12/29/2006,1.176
1/3/2007,1.176
1/4/2007,1.1451
1/5/2007,1.1506
1/8/2007,1.1376
1/9/2007,1.129
1/10/2007,1.1166
1/11/2007,1.1234
1/12/2007,1.1343
1/16/2007,1.1364
1/17/2007,1.1407
1/18/2007,1.1402
1/19/2007,1.1349
1/22/2007,1.1312
1/23/2007,1.176
1/24/2007,1.1051
1/25/2007,1.1056
1/26/2007,1.1069
1/29/2007,1.0984
1/30/2007,1.1004
1/31/2007,1.0986
2/1/2007,1.1116
2/2/2007,1.1178
2/5/2007,1.1169
2/6/2007,1.1006
2/7/2007,1.0953
2/8/2007,1.0953
2/9/2007,1.099
2/12/2007,1.0895
2/13/2007,1.0862
2/14/2007,1.0812
2/15/2007,1.0877
2/16/2007,1.0966
2/20/2007,1.0838
2/21/2007,1.0814
2/22/2007,1.0866
2/23/2007,1.1188
2/26/2007,1.1322
2/27/2007,1.1256
2/28/2007,1.1145
3/1/2007,1.1118
3/2/2007,1.0926
3/5/2007,1.0803
3/6/2007,1.0561
3/7/2007,1.054
3/8/2007,1.0487
3/9/2007,1.0508
3/12/2007,1.0487
3/13/2007,1.0412
3/14/2007,1.0412
3/15/2007,1.0267
3/16/2007,1.0285
3/19/2007,1.0288
3/20/2007,1.0311
3/21/2007,1.0255
3/22/2007,1.0487
3/23/2007,1.0443
3/26/2007,1.0647
3/27/2007,1.0714
3/28/2007,1.0638
3/29/2007,1.059
3/30/2007,1.0452
4/2/2007,1.0275
4/3/2007,1.0282
4/4/2007,1.0368
4/5/2007,1.0412
4/9/2007,1.0412
4/10/2007,1.0299
4/11/2007,1.034
4/12/2007,1.0292
4/13/2007,1.0536
4/16/2007,1.061
4/17/2007,1.0257
4/18/2007,1.0333
4/19/2007,1.0324
4/20/2007,1.0293
4/23/2007,1.0182
4/24/2007,1.0126
4/25/2007,0.9945
4/26/2007,0.9863
4/27/2007,0.9806
4/30/2007,0.9883
5/1/2007,0.9868
5/2/2007,0.9868
5/3/2007,0.9833
5/4/2007,0.9943
5/7/2007,0.9859
5/8/2007,0.9926
5/9/2007,0.9921
5/10/2007,1.0033
5/11/2007,1.0038
5/14/2007,0.9984
5/15/2007,1.0051
5/16/2007,1.0068
5/17/2007,1.0227
5/18/2007,1.0227
5/21/2007,1.0372
5/22/2007,1.0344
5/23/2007,1.0331
5/24/2007,1.0326
5/25/2007,1.0453
5/29/2007,1.0453
5/30/2007,1.0261
5/31/2007,1.0325
6/1/2007,1.0268
6/4/2007,1.0712
6/5/2007,1.083
6/6/2007,1.0837
6/7/2007,1.0799
6/8/2007,1.0842
6/11/2007,1.0735
6/12/2007,1.0791
6/13/2007,1.065
6/14/2007,1.0643
6/15/2007,1.0743
6/18/2007,1.0752
6/19/2007,1.08
6/20/2007,1.0703
6/21/2007,1.0837
6/22/2007,1.09
6/25/2007,1.0781
6/26/2007,1.06
6/27/2007,1.0595
6/28/2007,1.0582
6/29/2007,1.0612
7/2/2007,1.0657
7/3/2007,1.0602
7/5/2007,1.0543
7/6/2007,1.0512
7/9/2007,1.0403
7/10/2007,1.037
7/11/2007,1.0451
7/12/2007,1.0546
7/13/2007,1.0527
7/16/2007,1.0417
7/17/2007,1.0512
7/18/2007,1.0618
7/19/2007,1.0735
7/20/2007,1.0787
7/23/2007,1.0782
7/24/2007,1.0678
7/25/2007,1.0815
7/26/2007,1.0903
7/27/2007,1.0734
7/30/2007,1.0726
7/31/2007,1.0713
8/1/2007,1.0829
8/2/2007,1.0773
8/3/2007,1.0954
8/6/2007,1.1138
8/7/2007,1.1184
8/8/2007,1.1155
8/9/2007,1.1197
8/10/2007,1.1297
8/13/2007,1.134
8/14/2007,1.1523
8/15/2007,1.1449
8/16/2007,1.1413
8/17/2007,1.0963
8/20/2007,1.1095
8/21/2007,1.1113
8/22/2007,1.1148
8/23/2007,1.1213
8/24/2007,1.1305
8/27/2007,1.1305
8/28/2007,1.1168
8/29/2007,1.1155
8/30/2007,1.1074
8/31/2007,1.1035
9/4/2007,1.1014
9/5/2007,1.1225
9/6/2007,1.1065
9/7/2007,1.1047
9/10/2007,1.1125
9/11/2007,1.132
9/12/2007,1.1327
9/13/2007,1.137
9/14/2007,1.137
9/17/2007,1.139
9/18/2007,1.1933
9/19/2007,1.2206
9/20/2007,1.2273
9/21/2007,1.2379
9/24/2007,1.2225
9/25/2007,1.2369
9/26/2007,1.2418
9/27/2007,1.2101
9/28/2007,1.2143
10/1/2007,1.2073
10/2/2007,1.2568
10/3/2007,1.2524
10/4/2007,1.2674
10/5/2007,1.2603
10/8/2007,1.2689
10/9/2007,1.2856
10/10/2007,1.2605
10/11/2007,1.2604
10/12/2007,1.2874
10/15/2007,1.3006
10/16/2007,1.2285
10/17/2007,1.2152
10/18/2007,1.2195
10/19/2007,1.1833
10/22/2007,1.1847
10/23/2007,1.1825
10/24/2007,1.1775
10/25/2007,1.1755
10/26/2007,1.1588
10/29/2007,1.1613
10/30/2007,1.166
10/31/2007,1.1684
11/1/2007,1.1651
11/2/2007,1.1898
11/5/2007,1.1536
11/6/2007,1.1689
11/7/2007,1.1763
11/8/2007,1.1825
11/9/2007,1.1865
11/12/2007,1.1876
11/13/2007,1.187
11/14/2007,1.2027
11/15/2007,1.2079
11/16/2007,1.2092
11/19/2007,1.2178
11/20/2007,1.1897
11/21/2007,1.2055
11/23/2007,1.2021
11/26/2007,1.2156
11/27/2007,1.2033
11/28/2007,1.1984
11/29/2007,1.229
11/30/2007,1.2279
12/3/2007,1.2347
12/4/2007,1.2365
12/5/2007,1.2395
12/6/2007,1.2417
12/7/2007,1.2347
12/10/2007,1.2347
12/11/2007,1.2591
12/12/2007,1.266
12/13/2007,1.2766
12/14/2007,1.2709
12/17/2007,1.2686
12/18/2007,1.2732
12/19/2007,1.2757
12/20/2007,1.278
12/21/2007,1.2728
12/24/2007,1.2728
12/26/2007,1.2728
12/27/2007,1.2728
12/28/2007,1.2728
12/31/2007,1.2728
1/2/2008,1.2728
1/3/2008,1.2578
1/4/2008,1.2782
1/7/2008,1.2563
1/8/2008,1.2471
1/9/2008,1.2773
1/10/2008,1.2901
1/11/2008,1.2938
1/14/2008,1.2944
1/15/2008,1.3007
1/16/2008,1.3168
1/17/2008,1.2986
1/18/2008,1.2865
1/22/2008,1.2712
1/23/2008,1.2731
1/24/2008,1.2662
1/25/2008,1.2671
1/28/2008,1.2585
1/29/2008,1.2736
1/30/2008,1.278
1/31/2008,1.2942
2/1/2008,1.2471
2/4/2008,1.3245
2/5/2008,1.3517
2/6/2008,1.3587
2/7/2008,1.3616
2/8/2008,1.363
2/11/2008,1.3812
2/12/2008,1.3992
2/13/2008,1.4016
2/14/2008,1.4114
2/15/2008,1.439
2/19/2008,1.4097
2/20/2008,1.4649
2/21/2008,1.4622
2/22/2008,1.4732
2/25/2008,1.5011
2/26/2008,1.5248
2/27/2008,1.5037
2/28/2008,1.5269
2/29/2008,1.5436
3/3/2008,1.5245
3/4/2008,1.5534
3/5/2008,1.545
3/6/2008,1.5276
3/7/2008,1.474
3/10/2008,1.4186
3/11/2008,1.4153
3/12/2008,1.4265
3/13/2008,1.4471
3/14/2008,1.4877
3/17/2008,1.4426
3/18/2008,1.3035
3/19/2008,1.2962
3/20/2008,1.2698
3/24/2008,1.2698
3/25/2008,1.2266
3/26/2008,1.2503
3/27/2008,1.2608
3/28/2008,1.2527
3/31/2008,1.2414
4/1/2008,1.2188
4/2/2008,1.2327
4/3/2008,1.2376
4/4/2008,1.2535
4/7/2008,1.2611
4/8/2008,1.2752
4/9/2008,1.2746
4/10/2008,1.2976
4/11/2008,1.2832
4/14/2008,1.263
4/15/2008,1.2625
4/16/2008,1.2886
4/17/2008,1.2965
4/18/2008,1.337
4/21/2008,1.2993
4/22/2008,1.2709
4/23/2008,1.289
4/24/2008,1.2942
4/25/2008,1.2659
4/28/2008,1.2549
4/29/2008,1.2823
4/30/2008,1.2835
5/1/2008,1.291
5/2/2008,1.291
5/5/2008,1.291
5/6/2008,1.2754
5/7/2008,1.2853
5/8/2008,1.2767
5/9/2008,1.2928
5/12/2008,1.2928
5/13/2008,1.2928
5/14/2008,1.3094
5/15/2008,1.3095
5/16/2008,1.306
5/19/2008,1.3122
5/20/2008,1.3036
5/21/2008,1.3025
5/22/2008,1.3403
5/23/2008,1.307
5/27/2008,1.2845
5/28/2008,1.2762
5/29/2008,1.2912
5/30/2008,1.3957
6/2/2008,1.2895
6/3/2008,1.3117
6/4/2008,1.2784
6/5/2008,1.2832
6/6/2008,1.304
6/9/2008,1.304
6/10/2008,1.2589
6/11/2008,1.3016
6/12/2008,1.2929
6/13/2008,1.292
6/16/2008,1.2892
6/17/2008,1.3146
6/18/2008,1.3288
6/19/2008,1.3206
6/20/2008,1.326
6/23/2008,1.3644
6/24/2008,1.3708
6/25/2008,1.3905
6/26/2008,1.4126
6/27/2008,1.4375
6/30/2008,1.4416
7/1/2008,1.4542
7/2/2008,1.4658
7/3/2008,1.4675
7/7/2008,1.4485
7/8/2008,1.375
7/9/2008,1.3488
7/10/2008,1.3371
7/11/2008,1.3517
7/14/2008,1.359
7/15/2008,1.3586
7/16/2008,1.3461
7/17/2008,1.3454
7/18/2008,1.3288
7/21/2008,1.3131
7/22/2008,1.3102
7/23/2008,1.3115
7/24/2008,1.2944
7/25/2008,1.2915
7/28/2008,1.306
7/29/2008,1.306
7/30/2008,1.3022
7/31/2008,1.3155
8/1/2008,1.2915
8/4/2008,1.3304
8/5/2008,1.3124
8/6/2008,1.3327
8/7/2008,1.3347
8/8/2008,1.3525
8/11/2008,1.3252
8/12/2008,1.32
8/13/2008,1.3327
8/14/2008,1.3065
8/15/2008,1.3057
8/18/2008,1.2869
8/19/2008,1.2951
8/20/2008,1.3044
8/21/2008,1.3216
8/22/2008,1.345
8/25/2008,1.345
8/26/2008,1.3365
8/27/2008,1.3617
8/28/2008,1.3909
8/29/2008,1.3844
9/2/2008,1.3726
9/3/2008,1.3579
9/4/2008,1.3608
9/5/2008,1.3751
9/8/2008,1.3619
9/9/2008,1.3524
9/10/2008,1.3275
9/11/2008,1.3235
9/12/2008,1.3029
9/15/2008,1.3082
9/16/2008,1.3001
9/17/2008,1.2641
9/18/2008,1.2559
9/19/2008,1.2431
9/22/2008,1.2567
9/23/2008,1.2803
9/24/2008,1.2837
9/25/2008,1.2865
9/26/2008,1.2941
9/29/2008,1.2746
9/30/2008,1.2546
10/1/2008,1.2388
10/2/2008,1.2251
10/3/2008,1.1966
10/6/2008,1.1658
10/7/2008,1.1103
10/8/2008,1.1322
10/9/2008,1.1024
10/10/2008,1.1194
10/13/2008,1.106
10/14/2008,1.1392
10/15/2008,1.1544
10/16/2008,1.0978
10/17/2008,1.0878
10/20/2008,1.1007
10/21/2008,1.1006
10/22/2008,1.0927
10/23/2008,1.0809
10/24/2008,1.0582
10/27/2008,1.0373
10/28/2008,1.0221
10/29/2008,1.0432
10/30/2008,1.079
10/31/2008,1.0643
11/3/2008,1.0221
11/4/2008,1.0881
11/5/2008,1.1191
11/6/2008,1.1327
11/7/2008,1.0946
11/10/2008,1.0847
11/11/2008,1.1
11/12/2008,1.0912
11/13/2008,1.0865
11/14/2008,1.0764
11/17/2008,1.0772
11/18/2008,1.0717
11/19/2008,1.0688
11/20/2008,1.0827
11/21/2008,1.0409
11/24/2008,1.0376
11/25/2008,1.0624
11/26/2008,1.0677
11/28/2008,1.1068
12/1/2008,1.1068
12/2/2008,1.0589
12/3/2008,1.0515
12/4/2008,1.042
12/5/2008,1.0101
12/8/2008,0.9823
12/9/2008,1.0223
12/10/2008,1.0229
12/11/2008,1.038
12/12/2008,1.0565
12/15/2008,1.0506
12/16/2008,1.05
12/17/2008,1.0455
12/18/2008,1.0599
12/19/2008,1.0599
12/22/2008,1.0409
12/23/2008,1.0184
12/24/2008,1.0184
12/26/2008,1.0184
12/29/2008,1.0184
12/30/2008,1.0105
12/31/2008,1.0105
1/2/2009,1.0105
1/5/2009,1.0105
1/6/2009,1.0219
1/7/2009,1.0219
1/8/2009,1.0761
1/9/2009,1.0697
1/12/2009,1.1002
1/13/2009,1.0822
1/14/2009,1.0758
1/15/2009,1.0793
1/16/2009,1.0704
1/20/2009,1.0884
1/21/2009,1.0843
1/22/2009,1.0843
1/23/2009,1.1121
1/26/2009,1.1166
1/27/2009,1.1313
1/28/2009,1.138
1/29/2009,1.1495
1/30/2009,1.146
2/2/2009,1.133
2/3/2009,1.1295
2/4/2009,1.1263
2/5/2009,1.1084
2/6/2009,1.1122
2/9/2009,1.1233
2/10/2009,1.1411
2/11/2009,1.1191
2/12/2009,1.0929
2/13/2009,1.0588
2/17/2009,1.0618
2/18/2009,1.0435
2/19/2009,1.0336
2/20/2009,1.0392
2/23/2009,1.03
2/24/2009,1.0538
2/25/2009,1.0548
2/26/2009,1.0548
2/27/2009,1.0548
3/2/2009,1.0412
3/3/2009,1.011
3/4/2009,1.0002
3/5/2009,1.007
3/6/2009,1.007
3/9/2009,1.0039
3/10/2009,0.9841
3/11/2009,0.9818
3/12/2009,0.9916
3/13/2009,1.0064
3/16/2009,1.0206
3/17/2009,1.0241
3/18/2009,1.0241
3/19/2009,1.0405
3/20/2009,1.0531
3/23/2009,1.0618
3/24/2009,1.0672
3/25/2009,1.0652
3/26/2009,1.0652
3/27/2009,1.07
3/30/2009,1.0567
3/31/2009,1.0354
4/1/2009,1.0704
4/2/2009,1.0469
4/3/2009,1.0663
4/6/2009,1.0738
4/7/2009,1.0675
4/8/2009,1.0675
4/9/2009,1.0754
4/13/2009,1.0754
4/14/2009,1.0754
4/15/2009,1.0647
4/16/2009,1.0658
4/17/2009,1.0591
4/20/2009,1.0385
4/21/2009,1.0286
4/22/2009,1.0355
4/23/2009,1.0527
4/24/2009,1.0716
4/27/2009,1.0797
4/28/2009,1.0571
4/29/2009,1.0517
4/30/2009,1.0522
5/1/2009,1.0477
5/4/2009,1.0477
5/5/2009,1.0846
5/6/2009,1.1221
5/7/2009,1.13
5/8/2009,1.132
5/11/2009,1.1494
5/12/2009,1.1743
5/13/2009,1.1802
5/14/2009,1.1606
5/15/2009,1.1625
5/18/2009,1.1665
5/19/2009,1.1755
5/20/2009,1.199
5/21/2009,1.2087
5/22/2009,1.2087
5/26/2009,1.2307
5/27/2009,1.2342
5/28/2009,1.2447
5/29/2009,1.2488
6/1/2009,1.2549
6/2/2009,1.2944
6/3/2009,1.2955
6/4/2009,1.2711
6/5/2009,1.2636
6/8/2009,1.2291
6/9/2009,1.1844
6/10/2009,1.2012
6/11/2009,1.186
6/12/2009,1.1878
6/15/2009,1.1762
6/16/2009,1.1164
6/17/2009,1.1152
6/18/2009,1.0859
6/19/2009,1.0859
6/22/2009,1.0806
6/23/2009,1.0799
6/24/2009,1.0785
6/25/2009,1.087
6/26/2009,1.086
6/29/2009,1.086
6/30/2009,1.0965
7/1/2009,1.0895
7/2/2009,1.0878
7/6/2009,1.0709
7/7/2009,1.0586
7/8/2009,1.054
7/9/2009,1.0429
7/10/2009,1.047
7/13/2009,1.0331
7/14/2009,1.033
7/15/2009,1.0467
7/16/2009,1.0609
7/17/2009,1.0505
7/20/2009,1.0681
7/21/2009,1.0841
7/22/2009,1.0934
7/23/2009,1.083
7/24/2009,1.1093
7/27/2009,1.1175
7/28/2009,1.1175
7/29/2009,1.1065
7/30/2009,1.1009
7/31/2009,1.1201
8/3/2009,1.1377
8/4/2009,1.181
8/5/2009,1.1909
8/6/2009,1.1941
8/7/2009,1.2157
8/10/2009,1.2382
8/11/2009,1.2382
8/12/2009,1.2358
8/13/2009,1.2365
8/14/2009,1.2141
8/17/2009,1.1929
8/18/2009,1.1619
8/19/2009,1.1453
8/20/2009,1.1482
8/21/2009,1.1381
8/24/2009,1.134
8/25/2009,1.1227
8/26/2009,1.1082
8/27/2009,1.1198
8/28/2009,1.1053
8/31/2009,1.113
9/1/2009,1.1084
9/2/2009,1.0962
9/3/2009,1.0956
9/4/2009,1.0941
9/8/2009,1.1182
9/9/2009,1.1258
9/10/2009,1.1325
9/11/2009,1.1215
9/14/2009,1.1464
9/15/2009,1.1847
9/16/2009,1.2112
9/17/2009,1.2132
9/18/2009,1.2237
9/21/2009,1.2265
9/22/2009,1.225
9/23/2009,1.2355
9/24/2009,1.2233
9/25/2009,1.1786
9/28/2009,1.1525
9/29/2009,1.1487
9/30/2009,1.1371
10/1/2009,1.1493
10/2/2009,1.1507
10/5/2009,1.1661
10/6/2009,1.1742
10/7/2009,1.2009
10/8/2009,1.2174
10/9/2009,1.2502
10/12/2009,1.2457
10/13/2009,1.2576
10/14/2009,1.2573
10/15/2009,1.2675
10/16/2009,1.2571
10/19/2009,1.2848
10/20/2009,1.2848
10/21/2009,1.2925
10/22/2009,1.3124
10/23/2009,1.3055
10/26/2009,1.3055
10/27/2009,1.2518
10/28/2009,1.2512
10/29/2009,1.2283
10/30/2009,1.2362
11/2/2009,1.2369
11/3/2009,1.2737
11/4/2009,1.2902
11/5/2009,1.2993
11/6/2009,1.3084
11/9/2009,1.28
11/10/2009,1.2933
11/11/2009,1.2445
11/12/2009,1.2316
11/13/2009,1.2113
11/16/2009,1.2059
11/17/2009,1.2059
11/18/2009,1.2482
11/19/2009,1.2662
11/20/2009,1.2418
11/23/2009,1.2331
11/24/2009,1.2488
11/25/2009,1.2493
11/27/2009,1.2493
11/30/2009,1.2651
12/1/2009,1.3054
12/2/2009,1.3211
12/3/2009,1.3292
12/4/2009,1.3383
12/7/2009,1.3097
12/8/2009,1.3356
12/9/2009,1.3439
12/10/2009,1.3276
12/11/2009,1.3235
12/14/2009,1.3165
12/15/2009,1.3472
12/16/2009,1.3604
12/17/2009,1.3675
12/18/2009,1.3542
12/21/2009,1.3493
12/22/2009,1.3614
12/23/2009,1.3299
12/24/2009,1.3205
12/28/2009,1.3205
12/29/2009,1.2816
12/30/2009,1.2771
12/31/2009,1.2726
1/4/2010,1.2726
1/5/2010,1.3135
1/6/2010,1.3228
1/7/2010,1.3303
1/8/2010,1.3297
1/11/2010,1.3592
1/12/2010,1.3568
1/13/2010,1.3479
1/14/2010,1.3606
1/15/2010,1.3575
1/19/2010,1.3197
1/20/2010,1.3235
1/21/2010,1.3059
1/22/2010,1.3061
1/25/2010,1.3066
1/26/2010,1.3096
1/27/2010,1.2968
1/28/2010,1.2677
1/29/2010,1.2495
2/1/2010,1.2374
2/2/2010,1.2356
2/3/2010,1.2525
2/4/2010,1.2437
2/5/2010,1.2392
2/8/2010,1.2194
2/9/2010,1.2228
2/10/2010,1.2286
2/11/2010,1.2369
2/12/2010,1.2449
2/16/2010,1.2578
2/17/2010,1.2741
2/18/2010,1.2716
2/19/2010,1.289
2/22/2010,1.2907
2/23/2010,1.2455
2/24/2010,1.2378
2/25/2010,1.2396
2/26/2010,1.2128
3/1/2010,1.2291
3/2/2010,1.2177
3/3/2010,1.239
3/4/2010,1.2387
3/5/2010,1.2265
3/8/2010,1.2243
3/9/2010,1.2321
3/10/2010,1.2413
3/11/2010,1.2476
3/12/2010,1.2558
3/15/2010,1.2547
3/16/2010,1.2305
3/17/2010,1.245
3/18/2010,1.2506
3/19/2010,1.2796
3/22/2010,1.2662
3/23/2010,1.266
3/24/2010,1.2826
3/25/2010,1.289
3/26/2010,1.3035
3/29/2010,1.3018
3/30/2010,1.3141
3/31/2010,1.3164
4/1/2010,1.3055
4/5/2010,1.3055
4/6/2010,1.3055
4/7/2010,1.3182
4/8/2010,1.3094
4/9/2010,1.2821
4/12/2010,1.2648
4/13/2010,1.2589
4/14/2010,1.2472
4/15/2010,1.2438
4/16/2010,1.2375
4/19/2010,1.2257
4/20/2010,1.2222
4/21/2010,1.2233
4/22/2010,1.2268
4/23/2010,1.2395
4/26/2010,1.246
4/27/2010,1.2547
4/28/2010,1.2285
4/29/2010,1.2582
4/30/2010,1.2694
5/3/2010,1.2773
5/4/2010,1.3072
5/5/2010,1.3044
5/6/2010,1.2973
5/7/2010,1.2673
5/10/2010,1.2663
5/11/2010,1.2676
5/12/2010,1.2809
5/13/2010,1.2962
5/14/2010,1.2962
5/17/2010,1.2829
5/18/2010,1.2579
5/19/2010,1.2713
5/20/2010,1.2592
5/21/2010,1.2534
5/24/2010,1.2553
5/25/2010,1.2527
5/26/2010,1.2523
5/27/2010,1.272
5/28/2010,1.2731
6/1/2010,1.2753
6/2/2010,1.2861
6/3/2010,1.2942
6/4/2010,1.288
6/7/2010,1.2725
6/8/2010,1.2725
6/9/2010,1.2725
6/10/2010,1.2801
6/11/2010,1.3084
6/14/2010,1.3814
6/15/2010,1.4118
6/16/2010,1.4659
6/17/2010,1.516
6/18/2010,1.4945
6/21/2010,1.5108
6/22/2010,1.5331
6/23/2010,1.5192
6/24/2010,1.5169
6/25/2010,1.59
6/28/2010,1.6016
6/29/2010,1.5952
6/30/2010,1.5429
7/1/2010,1.5585
7/2/2010,1.5872
7/6/2010,1.5535
7/7/2010,1.5024
7/8/2010,1.5248
7/9/2010,1.5398
7/12/2010,1.5498
7/13/2010,1.5572
7/14/2010,1.5875
7/15/2010,1.5767
7/16/2010,1.6018
7/19/2010,1.5948
7/20/2010,1.5725
7/21/2010,1.5361
7/22/2010,1.5152
7/23/2010,1.5454
7/26/2010,1.5753
7/27/2010,1.5806
7/28/2010,1.5689
7/29/2010,1.5689
7/30/2010,1.6241
8/2/2010,1.667
8/3/2010,1.6432
8/4/2010,1.5917
8/5/2010,1.598
8/6/2010,1.6015
8/9/2010,1.5857
8/10/2010,1.5906
8/11/2010,1.6086
8/12/2010,1.6097
8/13/2010,1.6455
8/16/2010,1.6619
8/17/2010,1.6703
8/18/2010,1.6658
8/19/2010,1.6528
8/20/2010,1.6643
8/23/2010,1.707
8/24/2010,1.6995
8/25/2010,1.5789
8/26/2010,1.5425
8/27/2010,1.593
8/30/2010,1.6473
8/31/2010,1.6841
9/1/2010,1.6639
9/2/2010,1.6935
9/3/2010,1.7175
9/7/2010,1.7323
9/8/2010,1.7523
9/9/2010,1.8035
9/10/2010,1.7721
9/13/2010,1.7686
9/14/2010,1.7642
9/15/2010,1.8079
9/16/2010,1.7977
9/17/2010,1.7977
9/20/2010,1.7598
9/21/2010,1.719
9/22/2010,1.7063
9/23/2010,1.7261
9/24/2010,1.7139
9/27/2010,1.7151
9/28/2010,1.7585
9/29/2010,1.7812
9/30/2010,1.7644
10/1/2010,1.7607
10/4/2010,1.7399
10/5/2010,1.6301
10/6/2010,1.6374
10/7/2010,1.641
10/8/2010,1.6372
10/11/2010,1.6721
10/12/2010,1.6683
10/13/2010,1.7116
10/14/2010,1.7271
10/15/2010,1.7387
10/18/2010,1.7324
10/19/2010,1.7285
10/20/2010,1.7489
10/21/2010,1.7956
10/22/2010,1.8436
10/25/2010,1.8547
10/26/2010,1.8737
10/27/2010,1.8729
10/28/2010,1.8686
10/29/2010,1.8357
11/1/2010,1.8718
11/2/2010,1.8455
11/3/2010,1.8513
11/4/2010,1.8479
11/5/2010,1.9199
11/8/2010,1.9163
11/9/2010,1.9402
11/10/2010,2.0196
11/11/2010,1.9832
11/12/2010,1.942
11/15/2010,1.8685
11/16/2010,1.8992
11/17/2010,1.8535
11/18/2010,1.8511
11/19/2010,1.9265
11/22/2010,1.9315
11/23/2010,1.9432
11/24/2010,1.281
11/26/2010,1.9387
11/29/2010,1.8722
11/30/2010,1.8772
12/1/2010,1.8726
12/2/2010,1.8799
12/3/2010,1.8909
12/6/2010,1.9031
12/7/2010,1.9315
12/8/2010,1.9419
12/9/2010,1.9159
12/10/2010,1.9019
12/13/2010,1.9298
12/14/2010,2.0355
12/15/2010,2.0271
12/16/2010,2.034
12/17/2010,2.0266
12/20/2010,2.0759
12/21/2010,2.0852
12/22/2010,2.1693
12/23/2010,2.1693
12/27/2010,2.1736
12/28/2010,2.1736
12/29/2010,2.1736
12/30/2010,2.1736
12/31/2010,2.1736
1/3/2011,2.1736
1/4/2011,2.2015
1/5/2011,2.1445
1/6/2011,2.1433
1/7/2011,2.155
1/10/2011,2.1364
1/11/2011,2.1416
1/12/2011,2.1747
1/13/2011,2.2321
1/14/2011,2.1602
1/18/2011,2.1799
1/19/2011,2.1909
1/20/2011,2.1665
1/21/2011,2.1602
1/24/2011,2.235
1/25/2011,2.2275
1/26/2011,2.1718
1/27/2011,2.2386
1/28/2011,2.2374
1/31/2011,2.3129
2/1/2011,2.3146
2/2/2011,2.3617
2/3/2011,2.3732
2/4/2011,2.3848
2/7/2011,2.3662
2/8/2011,2.3743
2/9/2011,2.354
2/10/2011,2.4103
2/11/2011,2.4289
2/14/2011,2.4015
2/15/2011,2.4625
2/16/2011,2.4643
2/17/2011,2.4747
2/18/2011,2.4455
2/22/2011,2.5722
2/23/2011,2.6129
2/24/2011,2.5671
2/25/2011,2.5288
2/28/2011,2.5589
3/1/2011,2.5938
3/2/2011,2.5624
3/3/2011,2.5636
3/4/2011,2.5942
3/7/2011,2.6017
3/8/2011,2.6755
3/9/2011,2.7259
3/10/2011,2.8079
3/11/2011,2.69
3/14/2011,2.6197
3/15/2011,2.6249
3/16/2011,2.5277
3/17/2011,2.5625
3/18/2011,2.6256
3/21/2011,2.6602
3/22/2011,2.6716
3/23/2011,2.628
3/24/2011,2.5914
3/25/2011,2.5535
3/28/2011,2.5913
3/29/2011,2.557
3/30/2011,2.557
3/31/2011,2.5425
4/1/2011,2.5365
4/4/2011,2.4978
4/5/2011,2.4741
4/6/2011,2.564
4/7/2011,2.5489
4/8/2011,2.6229
4/11/2011,2.6377
4/12/2011,2.6377
4/13/2011,2.6406
4/14/2011,2.7093
4/15/2011,2.7282
4/18/2011,2.7818
4/19/2011,2.7681
4/20/2011,2.8322
4/21/2011,2.8907
4/25/2011,2.8827
4/26/2011,2.8447
4/27/2011,2.8844
4/28/2011,2.8747
4/29/2011,2.8747
5/2/2011,2.9194
5/3/2011,2.9675
5/4/2011,2.9584
5/5/2011,2.8507
5/6/2011,2.8069
5/9/2011,2.8142
5/10/2011,2.807
5/11/2011,2.7637
5/12/2011,2.6827
5/13/2011,2.6747
5/16/2011,2.6483
5/17/2011,2.5869
5/18/2011,2.6029
5/19/2011,2.6993
5/20/2011,2.6467
5/23/2011,2.5375
5/24/2011,2.5675
5/25/2011,2.5622
5/26/2011,2.6024
5/27/2011,2.5915
5/31/2011,2.5755
6/1/2011,2.5849
6/2/2011,2.5038
6/3/2011,2.5606
6/6/2011,2.6323
6/7/2011,2.5411
6/8/2011,2.5754
6/9/2011,2.5546
6/10/2011,2.5886
6/13/2011,2.5596
6/14/2011,2.5925
6/15/2011,2.5863
6/16/2011,2.5515
6/17/2011,2.5082
6/20/2011,2.4301
6/21/2011,2.3724
6/22/2011,2.361
6/23/2011,2.3747
6/24/2011,2.3829
6/27/2011,2.4093
6/28/2011,2.4269
6/29/2011,2.4977
6/30/2011,2.5009
7/1/2011,2.619
7/5/2011,2.6034
7/6/2011,2.597
7/7/2011,2.5918
7/8/2011,2.6059
7/11/2011,2.5501
7/12/2011,2.4969
7/13/2011,2.4971
7/14/2011,2.5561
7/15/2011,2.5016
7/18/2011,2.4545
7/19/2011,2.4014
7/20/2011,2.3734
7/21/2011,2.3664
7/22/2011,2.3345
7/25/2011,2.3338
7/26/2011,2.358
7/27/2011,2.3797
7/28/2011,2.3421
7/29/2011,2.3232
8/1/2011,2.3297
8/2/2011,2.3406
8/3/2011,2.3635
8/4/2011,2.3512
8/5/2011,2.2971
8/8/2011,2.3094
8/9/2011,2.2885
8/10/2011,2.2959
8/11/2011,2.3085
8/12/2011,2.3598
8/15/2011,2.3564
8/16/2011,2.403
8/17/2011,2.4641
8/18/2011,2.5754
8/19/2011,2.582
8/22/2011,2.6079
8/23/2011,2.6025
8/24/2011,2.6334
8/25/2011,2.6543
8/26/2011,2.6636
8/29/2011,2.6968
8/30/2011,2.7483
8/31/2011,2.7689
9/1/2011,2.7908
9/2/2011,2.8175
9/6/2011,2.7932
9/7/2011,2.7359
9/8/2011,2.7676
9/9/2011,2.7747
9/12/2011,2.6353
9/13/2011,2.6588
9/14/2011,2.6525
9/15/2011,2.6175
9/16/2011,2.5825
9/19/2011,2.5754
9/20/2011,2.5761
9/21/2011,2.5543
9/22/2011,2.4828
9/23/2011,2.3766
9/26/2011,2.2906
9/27/2011,2.3307
9/28/2011,2.3728
9/29/2011,2.2981
9/30/2011,2.2759
10/3/2011,2.2614
10/4/2011,2.2666
10/5/2011,2.2616
10/6/2011,2.2568
10/7/2011,2.3255
10/10/2011,2.2729
10/11/2011,2.2719
10/12/2011,2.2462
10/13/2011,2.285
10/14/2011,2.3741
10/17/2011,2.4146
10/18/2011,2.3443
10/19/2011,2.339
10/20/2011,2.3761
10/21/2011,2.3358
10/24/2011,2.4612
10/25/2011,2.5151
10/26/2011,2.3943
10/27/2011,2.3893
10/28/2011,2.3842
10/31/2011,2.3821
11/1/2011,2.3025
11/2/2011,2.2725
11/3/2011,2.2941
11/4/2011,2.3175
11/7/2011,2.3531
11/8/2011,2.3771
11/9/2011,2.3676
11/10/2011,2.3539
11/11/2011,2.378
11/14/2011,2.4125
11/15/2011,2.371
11/16/2011,2.4332
11/17/2011,2.4051
11/18/2011,2.3724
11/21/2011,2.3872
11/22/2011,2.3906
11/23/2011,2.3949
11/25/2011,2.3877
11/28/2011,2.3715
11/29/2011,2.3286
11/30/2011,2.3304
12/1/2011,2.399
12/2/2011,2.401
12/5/2011,2.3623
12/6/2011,2.413
12/7/2011,2.3966
12/8/2011,2.3379
12/9/2011,2.3188
12/12/2011,2.3302
12/13/2011,2.2712
12/14/2011,2.2864
12/15/2011,2.2316
12/16/2011,2.228
12/19/2011,2.2084
12/20/2011,2.233
12/21/2011,2.2779
12/22/2011,2.2471
12/23/2011,2.2421
12/27/2011,2.2421
12/28/2011,2.2421
12/29/2011,2.2421
12/30/2011,2.2421
1/3/2012,2.2766
1/4/2012,2.3256
1/5/2012,2.3159
1/6/2012,2.2535
1/9/2012,2.252
1/10/2012,2.2656
1/11/2012,2.2979
1/12/2012,2.379
1/13/2012,2.3772
1/17/2012,2.2959
1/18/2012,2.2964
1/19/2012,2.2952
1/20/2012,2.3092
1/23/2012,2.309
1/24/2012,2.25
1/25/2012,2.2569
1/26/2012,2.2296
1/27/2012,2.2477
1/30/2012,2.2336
1/31/2012,2.2204
2/1/2012,2.2091
2/2/2012,2.2023
2/3/2012,2.2096
2/6/2012,2.2203
2/7/2012,2.2393
2/8/2012,2.2725
2/9/2012,2.2617
2/10/2012,2.2375
2/13/2012,2.2294
2/14/2012,2.2025
2/15/2012,2.1271
2/16/2012,2.0744
2/17/2012,2.0628
2/21/2012,2.0819
2/22/2012,2.1221
2/23/2012,2.0926
2/24/2012,2.0951
2/27/2012,2.1003
2/28/2012,2.1111
2/29/2012,2.1165
3/1/2012,2.0995
3/2/2012,2.1004
3/5/2012,2.0891
3/6/2012,2.0863
3/7/2012,2.0156
3/8/2012,1.9545
3/9/2012,1.9643
3/12/2012,1.9449
3/13/2012,1.9159
3/14/2012,1.9321
3/15/2012,1.9135
3/16/2012,1.9257
3/19/2012,1.8988
3/20/2012,1.9088
3/21/2012,1.9084
3/22/2012,1.9007
3/23/2012,1.7624
3/26/2012,1.7768
3/27/2012,1.7811
3/28/2012,1.8999
3/29/2012,1.8811
3/30/2012,1.8176
4/2/2012,1.8695
4/3/2012,1.901
4/4/2012,1.8635
4/5/2012,1.8746
4/9/2012,1.8746
4/10/2012,1.7947
4/11/2012,1.8074
4/12/2012,1.8228
4/13/2012,1.8414
4/16/2012,1.8151
4/17/2012,1.7617
4/18/2012,1.7559
4/19/2012,1.7509
4/20/2012,1.7595
4/23/2012,1.7957
4/24/2012,1.797
4/25/2012,1.8439
4/26/2012,1.7935
4/27/2012,1.7685
4/30/2012,1.7666
5/1/2012,1.7898
5/2/2012,1.8385
5/3/2012,1.8291
5/4/2012,1.7676
5/7/2012,1.7676
5/8/2012,1.7581
5/9/2012,1.7587
5/10/2012,1.7491
5/11/2012,1.7912
5/14/2012,1.7787
5/15/2012,1.7759
5/16/2012,1.7911
5/17/2012,1.7761
5/18/2012,1.7863
5/21/2012,1.7826
5/22/2012,1.7483
5/23/2012,1.7398
5/24/2012,1.6714
5/25/2012,1.6751
5/29/2012,1.6661
5/30/2012,1.6561
5/31/2012,1.6258
6/1/2012,1.6053
6/4/2012,1.6053
6/5/2012,1.5761
6/6/2012,1.5655
6/7/2012,1.5597
6/8/2012,1.5594
6/11/2012,1.5454
6/12/2012,1.5459
6/13/2012,1.5357
6/14/2012,1.5241
6/15/2012,1.494
6/18/2012,1.498
6/19/2012,1.5034
6/20/2012,1.5683
6/21/2012,1.5185
6/22/2012,1.5648
6/25/2012,1.5326
6/26/2012,1.5691
6/27/2012,1.646
6/28/2012,1.6274
6/29/2012,1.6185
7/2/2012,1.6699
7/3/2012,1.7067
7/5/2012,1.7645
7/6/2012,1.7788
7/9/2012,1.734
7/10/2012,1.7616
7/11/2012,1.7938
7/12/2012,1.8091
7/13/2012,1.772
7/16/2012,1.8048
7/17/2012,1.7928
7/18/2012,1.7671
7/19/2012,1.7702
7/20/2012,1.8294
7/23/2012,1.8264
7/24/2012,1.8014
7/25/2012,1.7366
7/26/2012,1.7135
7/27/2012,1.6995
7/30/2012,1.7046
7/31/2012,1.7061
8/1/2012,1.6767
8/2/2012,1.6651
8/3/2012,1.6553
8/6/2012,1.6659
8/7/2012,1.6932
8/8/2012,1.667
8/9/2012,1.6449
8/10/2012,1.6057
8/13/2012,1.5994
8/14/2012,1.5788
8/15/2012,1.5723
8/16/2012,1.5608
8/17/2012,1.5348
8/20/2012,1.5437
8/21/2012,1.5589
8/22/2012,1.5585
8/23/2012,1.5356
8/24/2012,1.5521
8/27/2012,1.577
8/28/2012,1.6205
8/29/2012,1.6233
8/30/2012,1.6204
8/31/2012,1.5907
9/4/2012,1.5937
9/5/2012,1.5982
9/6/2012,1.5617
9/7/2012,1.5466
9/10/2012,1.573
9/11/2012,1.6575
9/12/2012,1.7045
9/13/2012,1.7106
9/14/2012,1.7154
9/17/2012,1.7367
9/18/2012,1.7117
9/19/2012,1.729
9/20/2012,1.7002
9/21/2012,1.6533
9/24/2012,1.6915
9/25/2012,1.6792
9/26/2012,1.6945
9/27/2012,1.6587
9/28/2012,1.6994
10/1/2012,1.6906
10/2/2012,1.7188
10/3/2012,1.7811
10/4/2012,1.7844
10/5/2012,1.7102
10/8/2012,1.6497
10/9/2012,1.6558
10/10/2012,1.6268
10/11/2012,1.6096
10/12/2012,1.585
10/15/2012,1.5953
10/16/2012,1.5823
10/17/2012,1.5934
10/18/2012,1.5826
10/19/2012,1.5467
10/22/2012,1.5688
10/23/2012,1.5991
10/24/2012,1.5694
10/25/2012,1.5612
10/26/2012,1.5659
10/29/2012,1.5659
10/30/2012,1.5694
10/31/2012,1.5525
11/1/2012,1.5278
11/2/2012,1.5179
11/5/2012,1.5316
11/6/2012,1.4975
11/7/2012,1.4935
11/8/2012,1.5139
11/9/2012,1.5138
11/12/2012,1.4952
11/13/2012,1.5239
11/14/2012,1.4668
11/15/2012,1.4737
11/16/2012,1.4748
11/19/2012,1.4699
11/20/2012,1.5099
11/21/2012,1.4636
11/23/2012,1.4698
11/26/2012,1.4462
11/27/2012,1.4307
11/28/2012,1.431
11/29/2012,1.4733
11/30/2012,1.4923
12/3/2012,1.4563
12/4/2012,1.4395
12/5/2012,1.4142
12/6/2012,1.4185
12/7/2012,1.4393
12/10/2012,1.4529
12/11/2012,1.4071
12/12/2012,1.4264
12/13/2012,1.4026
12/14/2012,1.3759
12/17/2012,1.3677
12/18/2012,1.3921
12/19/2012,1.3779
12/20/2012,1.3961
12/21/2012,1.3781
12/24/2012,1.3781
12/26/2012,1.3781
12/27/2012,1.3781
12/28/2012,1.3781
12/31/2012,1.3781
1/2/2013,1.3939
1/3/2013,1.4467
1/4/2013,1.4192
1/7/2013,1.4191
1/8/2013,1.4451
1/9/2013,1.439
1/10/2013,1.4433
1/11/2013,1.4437
1/14/2013,1.4781
1/15/2013,1.4926
1/16/2013,1.4866
1/17/2013,1.483
1/18/2013,1.4993
1/22/2013,1.4996
1/23/2013,1.4346
1/24/2013,1.4512
1/25/2013,1.4143
1/28/2013,1.4206
1/29/2013,1.4242
1/30/2013,1.4415
1/31/2013,1.4242
2/1/2013,1.4233
2/4/2013,1.4248
2/5/2013,1.3964
2/6/2013,1.3956
2/7/2013,1.3793
2/8/2013,1.3668
2/11/2013,1.3685
2/12/2013,1.3632
2/13/2013,1.3695
2/14/2013,1.3548
2/15/2013,1.3441
2/19/2013,1.3373
2/20/2013,1.319
2/21/2013,1.3549
2/22/2013,1.3538
2/25/2013,1.3734
2/26/2013,1.3734
2/27/2013,1.3644
2/28/2013,1.3739
3/1/2013,1.3718
3/4/2013,1.3695
3/5/2013,1.4061
3/6/2013,1.349
3/7/2013,1.3549
3/8/2013,1.3681
3/11/2013,1.3733
3/12/2013,1.3766
3/13/2013,1.3629
3/14/2013,1.3436
3/15/2013,1.335
3/18/2013,1.316
3/19/2013,1.2873
3/20/2013,1.2872
3/21/2013,1.2881
3/22/2013,1.2939
3/25/2013,1.3017
3/26/2013,1.3158
3/27/2013,1.3323
3/28/2013,1.3237
4/1/2013,1.3237
4/2/2013,1.3458
4/3/2013,1.3235
4/4/2013,1.3514
4/5/2013,1.3526
4/8/2013,1.3597
4/9/2013,1.3275
4/10/2013,1.3199
4/11/2013,1.3243
4/12/2013,1.327
4/15/2013,1.3116
4/16/2013,1.2979
4/17/2013,1.3057
4/18/2013,1.3087
4/19/2013,1.3445
4/22/2013,1.3634
4/23/2013,1.3652
4/24/2013,1.3179
4/25/2013,1.3288
4/26/2013,1.3201
4/29/2013,1.2971
4/30/2013,1.2869
5/1/2013,1.2928
5/2/2013,1.2903
5/3/2013,1.3366
5/6/2013,1.3467
5/7/2013,1.3518
5/8/2013,1.3603
5/9/2013,1.3679
5/10/2013,1.4052
5/13/2013,1.3656
5/14/2013,1.3798
5/15/2013,1.3676
5/16/2013,1.3329
5/17/2013,1.3202
5/20/2013,1.308
5/21/2013,1.3004
5/22/2013,1.278
5/23/2013,1.2482
5/24/2013,1.2515
5/28/2013,1.2284
5/29/2013,1.221
5/30/2013,1.2303
5/31/2013,1.2142
6/3/2013,1.2329
6/4/2013,1.2527
6/5/2013,1.2422
6/6/2013,1.236
6/7/2013,1.2527
6/10/2013,1.2342
6/11/2013,1.2498
6/12/2013,1.2376
6/13/2013,1.2008
6/14/2013,1.2022
6/17/2013,1.1904
6/18/2013,1.1891
6/19/2013,1.1843
6/20/2013,1.1982
6/21/2013,1.1528
6/24/2013,1.161
6/25/2013,1.165
6/26/2013,1.1582
6/27/2013,1.1475
6/28/2013,1.1777
7/1/2013,1.1692
7/2/2013,1.1757
7/3/2013,1.2063
7/5/2013,1.1745
7/8/2013,1.1734
7/9/2013,1.1974
7/10/2013,1.1802
7/11/2013,1.462
7/12/2013,1.1962
7/15/2013,1.1588
7/16/2013,1.1946
7/17/2013,1.2116
7/18/2013,1.2373
7/19/2013,1.2494
7/22/2013,1.2071
7/23/2013,1.2135
7/24/2013,1.223
7/25/2013,1.1862
7/26/2013,1.2072
7/29/2013,1.192
7/30/2013,1.1855
7/31/2013,1.1856
8/1/2013,1.1662
8/2/2013,1.1435
8/5/2013,1.1669
8/6/2013,1.1835
8/7/2013,1.1651
8/8/2013,1.1923
8/9/2013,1.1994
8/12/2013,1.4865
8/13/2013,1.2254
8/14/2013,1.1923
8/15/2013,1.2197
8/16/2013,1.2144
8/19/2013,1.2026
8/20/2013,1.4468
8/21/2013,1.1488
8/22/2013,1.1357
8/23/2013,1.1276
8/26/2013,1.1426
8/27/2013,1.1374
8/28/2013,1.1227
8/29/2013,1.1401
8/30/2013,1.1263
9/3/2013,1.1144
9/4/2013,1.1251
9/5/2013,1.1211
9/6/2013,1.1163
9/9/2013,1.128
9/10/2013,1.1298
9/11/2013,1.1249
9/12/2013,1.1553
9/13/2013,1.1523
9/16/2013,1.1481
9/17/2013,1.1465
9/18/2013,1.1067
9/19/2013,1.1066
9/20/2013,1.1111
9/23/2013,1.1119
9/24/2013,1.1344
9/25/2013,1.1439
9/26/2013,1.1448
9/27/2013,1.1251
9/30/2013,1.1063
10/1/2013,1.1049
10/2/2013,1.1034
10/3/2013,1.1102
10/4/2013,1.1145
10/7/2013,1.1091
10/8/2013,1.105
10/9/2013,1.1106
10/10/2013,1.1137
10/11/2013,1.1132
10/14/2013,1.1285
10/15/2013,1.1339
10/16/2013,1.131
10/17/2013,1.1241
10/18/2013,1.1121
10/21/2013,1.1129
10/22/2013,1.0946
10/23/2013,1.0956
10/24/2013,1.0759
10/25/2013,1.0745
10/28/2013,1.0663
10/29/2013,1.049
10/30/2013,1.0452
10/31/2013,1.0466
11/1/2013,1.027
11/4/2013,1.0309
11/5/2013,1.0157
11/6/2013,1.0115
11/7/2013,0.9971
11/8/2013,1.0141
11/11/2013,1.0216
11/12/2013,1.0176
11/13/2013,1.0334
11/14/2013,1.0085
11/15/2013,1.0046
11/18/2013,1.0329
11/19/2013,1.0382
11/20/2013,1.0424
11/21/2013,1.0449
11/22/2013,1.0535
11/25/2013,1.0222
11/26/2013,1.0248
11/27/2013,1.0321
11/29/2013,1.0227
12/2/2013,1.061
12/3/2013,1.0464
12/4/2013,1.0497
12/5/2013,1.0358
12/6/2013,1.0126
12/9/2013,1.0157
12/10/2013,1.012
12/11/2013,1.0533
12/12/2013,1.0505
12/13/2013,1.0603
12/16/2013,1.093
12/17/2013,1.0984
12/18/2013,1.0843
12/19/2013,1.0999
12/20/2013,1.0961
12/23/2013,1.0961
12/24/2013,1.0961
12/26/2013,1.0961
12/27/2013,1.0961
12/30/2013,1.0961
12/31/2013,1.0961
1/2/2014,1.0764
1/3/2014,1.0764
1/6/2014,1.1211
1/7/2014,1.1648
1/8/2014,1.1357
1/9/2014,1.1684
1/10/2014,1.1567
1/13/2014,1.1564
1/14/2014,1.1493
1/15/2014,1.15
1/16/2014,1.1268
1/17/2014,1.1378
1/21/2014,1.1411
1/22/2014,1.1277
1/23/2014,1.1194
1/24/2014,1.1264
1/27/2014,1.1195
1/28/2014,1.1213
1/29/2014,1.1209
1/30/2014,1.1436
1/31/2014,1.1709
2/3/2014,1.2188
2/4/2014,1.3233
2/5/2014,1.322
2/6/2014,1.3922
2/7/2014,1.3492
2/10/2014,1.3246
2/11/2014,1.3264
2/12/2014,1.3348
2/13/2014,1.3645
2/14/2014,1.3629
2/18/2014,1.3664
2/19/2014,1.4765
2/20/2014,1.636
2/21/2014,1.6209
2/24/2014,1.6364
2/25/2014,1.7052
2/26/2014,1.6946
2/27/2014,1.6929
2/28/2014,1.7186
3/3/2014,1.7364
3/4/2014,1.8457
3/5/2014,1.7973
3/6/2014,1.9173
3/7/2014,1.8811
3/10/2014,1.9051
3/11/2014,1.9656
3/12/2014,1.9907
3/13/2014,1.9852
3/14/2014,1.9977
3/17/2014,1.9204
3/18/2014,1.8521
3/19/2014,1.8518
3/20/2014,1.8021
3/21/2014,1.6943
3/24/2014,1.6595
3/25/2014,1.7147
3/26/2014,1.7069
3/27/2014,1.712
3/28/2014,1.7217
3/31/2014,1.7643
4/1/2014,1.7376
4/2/2014,1.7135
4/3/2014,1.6896
4/4/2014,1.6992
4/7/2014,1.7876
4/8/2014,1.8761
4/9/2014,1.9117
4/10/2014,1.9117
4/11/2014,1.9961
4/14/2014,1.964
4/15/2014,1.9926
4/16/2014,1.9069
4/17/2014,1.8222
4/21/2014,1.8222
4/22/2014,1.8651
4/23/2014,1.967
4/24/2014,2.0301
4/25/2014,2.0283
4/28/2014,2.0069
4/29/2014,1.952
4/30/2014,2.0004
5/1/2014,1.9858
5/2/2014,1.9598
5/5/2014,1.9598
5/6/2014,1.9908
5/7/2014,1.9665
5/8/2014,1.9582
5/9/2014,1.9076
5/12/2014,1.7674
5/13/2014,1.798
5/14/2014,1.7906
5/15/2014,1.7605
5/16/2014,1.8805
5/19/2014,1.7857
5/20/2014,1.776
5/21/2014,1.7879
5/22/2014,1.7615
5/23/2014,1.7592
5/26/2014,1.819
5/27/2014,2.0512
5/28/2014,1.7373
5/29/2014,1.687
5/30/2014,1.7369
6/2/2014,1.7201
6/3/2014,1.6679
6/4/2014,1.6472
6/5/2014,1.6413
6/6/2014,1.6306
6/9/2014,1.6367
6/10/2014,1.5745
6/11/2014,1.6208
6/12/2014,1.6688
6/13/2014,1.6728
6/16/2014,1.6796
6/17/2014,1.6693
6/18/2014,1.6291
6/19/2014,1.6229
6/20/2014,1.6116
6/23/2014,1.6682
6/24/2014,1.6758
6/25/2014,1.6589
6/26/2014,1.7207
6/27/2014,1.7092
6/30/2014,1.6562
7/1/2014,1.6495
7/2/2014,1.6251
7/3/2014,1.6345
7/7/2014,1.6269
7/8/2014,1.6213
7/9/2014,1.6372
7/10/2014,1.6375
7/11/2014,1.5477
7/14/2014,1.5477
7/15/2014,1.567
7/16/2014,1.543
7/17/2014,1.5499
7/18/2014,1.5688
7/21/2014,1.628
7/22/2014,1.6495
7/23/2014,1.6211
7/24/2014,1.6906
7/25/2014,1.7286
7/28/2014,1.7395
7/29/2014,1.7457
7/30/2014,1.7484
7/31/2014,1.7658
8/1/2014,1.8872
8/4/2014,1.8854
8/5/2014,1.8311
8/6/2014,1.8408
8/7/2014,1.8469
8/8/2014,1.7823
8/11/2014,1.7575
8/12/2014,1.8335
8/13/2014,1.7913
8/14/2014,1.8087
8/15/2014,1.7812
8/18/2014,1.8446
8/19/2014,1.8489
8/20/2014,1.7859
8/21/2014,1.8025
8/22/2014,1.8133
8/25/2014,1.8133
8/26/2014,1.8039
8/27/2014,1.8854
8/28/2014,1.9037
8/29/2014,1.9085
9/2/2014,1.9553
9/3/2014,2.028
9/4/2014,1.9605
9/5/2014,1.9667
9/8/2014,1.9025
9/9/2014,1.8663
9/10/2014,1.8531
9/11/2014,1.7679
9/12/2014,1.7746
9/15/2014,1.7653
9/16/2014,1.7394
9/17/2014,1.7692
9/18/2014,1.7606
9/19/2014,1.7343
9/22/2014,1.7107
9/23/2014,1.7188
9/24/2014,1.7407
9/25/2014,1.8137
9/26/2014,1.7458
9/29/2014,1.7953
9/30/2014,1.8368
10/1/2014,1.8684
10/2/2014,1.93
10/3/2014,2.0086
10/6/2014,2.001
10/7/2014,2.115
10/8/2014,2.0792
10/9/2014,2.0689
10/10/2014,2.1347
10/13/2014,2.1117
10/14/2014,2.1077
10/15/2014,2.1222
10/16/2014,2.0889
10/17/2014,2.0848
10/20/2014,2.025
10/21/2014,1.9145
10/22/2014,1.9018
10/23/2014,1.8518
10/24/2014,1.8519
10/27/2014,1.8247
10/28/2014,1.8249
10/29/2014,1.8394
10/30/2014,1.8221
10/31/2014,1.7972
11/3/2014,1.8148
11/4/2014,1.7943
11/5/2014,1.8134
11/6/2014,1.7918
11/7/2014,1.7755
11/10/2014,1.7633
11/11/2014,1.764
11/12/2014,1.7929
11/13/2014,1.7819
11/14/2014,1.8263
11/17/2014,1.8508
11/18/2014,1.8273
11/19/2014,1.8312
11/20/2014,1.8952
11/21/2014,1.8162
11/24/2014,1.8134
11/25/2014,1.8313
11/26/2014,1.8491
11/28/2014,1.8438
12/1/2014,1.7825
12/2/2014,1.7809
12/3/2014,1.7427
12/4/2014,1.7433
12/5/2014,1.7276
12/8/2014,1.7074
12/9/2014,1.6878
12/10/2014,1.7041
12/11/2014,1.6932
12/12/2014,1.6728
12/15/2014,1.6528
12/16/2014,1.6772
12/17/2014,1.676
12/18/2014,1.6329
12/19/2014,1.6487
12/22/2014,1.6722
12/23/2014,1.6471
12/24/2014,1.6471
12/26/2014,1.6471
12/29/2014,1.6471
12/30/2014,1.6471
12/31/2014,1.6471
1/2/2015,1.6471
1/5/2015,1.5408
1/6/2015,1.6047
1/7/2015,1.6706
1/8/2015,1.6792
1/9/2015,1.7166
1/12/2015,1.7404
1/13/2015,1.7224
1/14/2015,1.7058
1/15/2015,1.7439
1/16/2015,1.6439
1/20/2015,1.6493
1/21/2015,1.5893
1/22/2015,1.5667
1/23/2015,1.5522
1/26/2015,1.5726
1/27/2015,1.5679
1/28/2015,1.6151
1/29/2015,1.6222
1/30/2015,1.554
2/2/2015,1.5632
2/3/2015,1.5749
2/4/2015,1.5668
2/5/2015,1.607
2/6/2015,1.5994
2/9/2015,1.6238
2/10/2015,1.6285
2/11/2015,1.5663
2/12/2015,1.5588
2/13/2015,1.6036
2/17/2015,1.597
2/18/2015,1.5188
2/19/2015,1.5025
2/20/2015,1.4614
2/23/2015,1.455
2/24/2015,1.4227
2/25/2015,1.4229
2/26/2015,1.3774
2/27/2015,1.3485
3/2/2015,1.352
3/3/2015,1.3264
3/4/2015,1.2649
3/5/2015,1.3117
3/6/2015,1.2922
3/9/2015,1.3351
3/10/2015,1.3211
3/11/2015,1.3048
3/12/2015,1.2782
3/13/2015,1.2751
3/16/2015,1.2535
3/17/2015,1.3473
3/18/2015,1.3528
3/19/2015,1.3506
3/20/2015,1.409
3/23/2015,1.4138
3/24/2015,1.3996
3/25/2015,1.3581
3/26/2015,1.385
3/27/2015,1.3904
3/30/2015,1.3685
3/31/2015,1.3239
4/1/2015,1.3181
4/2/2015,1.3454
4/6/2015,1.3454
4/7/2015,1.4244
4/8/2015,1.4079
4/9/2015,1.3425
4/10/2015,1.3561
4/13/2015,1.3427
4/14/2015,1.3403
4/15/2015,1.3271
4/16/2015,1.3401
4/17/2015,1.3745
4/20/2015,1.3771
4/21/2015,1.373
4/22/2015,1.3922
4/23/2015,1.4071
4/24/2015,1.3847
4/27/2015,1.3876
4/28/2015,1.3287
4/29/2015,1.3512
4/30/2015,1.3523
5/1/2015,1.3746
5/4/2015,1.3398
5/5/2015,1.3247
5/6/2015,1.3137
5/7/2015,1.2749
5/8/2015,1.2889
5/11/2015,1.3126
5/12/2015,1.316
5/13/2015,1.3253
5/14/2015,1.3192
5/15/2015,1.3325
5/18/2015,1.3584
5/19/2015,1.4
5/20/2015,1.3848
5/21/2015,1.3345
5/22/2015,1.2812
5/26/2015,1.2507
5/27/2015,1.245
5/28/2015,1.2515
5/29/2015,1.2615
6/1/2015,1.298
6/2/2015,1.327
6/3/2015,1.343
6/4/2015,1.357
6/5/2015,1.351
6/8/2015,1.3655
6/9/2015,1.3955
6/10/2015,1.3855
6/11/2015,1.3445
6/12/2015,1.344
6/15/2015,1.303
6/16/2015,1.32
6/17/2015,1.294
6/18/2015,1.3195
6/19/2015,1.301
6/22/2015,1.325
6/23/2015,1.297
6/24/2015,1.351
6/25/2015,1.351
6/26/2015,1.3345
6/29/2015,1.324
6/30/2015,1.324
7/1/2015,1.27
7/2/2015,1.274
7/6/2015,1.2515
7/7/2015,1.247
7/8/2015,1.2495
7/9/2015,1.2525
7/10/2015,1.2625
7/13/2015,1.288
7/14/2015,1.32
7/15/2015,1.2975
7/16/2015,1.2885
7/17/2015,1.284
7/20/2015,1.2745
7/21/2015,1.2595
7/22/2015,1.2505
7/23/2015,1.2155
7/24/2015,1.2225
7/27/2015,1.204
7/28/2015,1.2025
7/29/2015,1.2215
7/30/2015,1.249
7/31/2015,1.2525
8/3/2015,1.2395
8/4/2015,1.249
8/5/2015,1.259
8/6/2015,1.2425
8/7/2015,1.278
8/10/2015,1.3655
8/11/2015,1.4035
8/12/2015,1.3525
8/13/2015,1.406
8/14/2015,1.4115
8/17/2015,1.3855
8/18/2015,1.3905
8/19/2015,1.348
8/20/2015,1.3245
8/21/2015,1.2645
8/24/2015,1.217
8/25/2015,1.2055
8/26/2015,1.222
8/27/2015,1.2455
8/28/2015,1.2405
8/31/2015,1.243
9/1/2015,1.208
9/2/2015,1.1835
9/3/2015,1.1955
9/4/2015,1.1915
9/8/2015,1.21
9/9/2015,1.211
9/10/2015,1.164
9/11/2015,1.1655
9/14/2015,1.202
9/15/2015,1.187
9/16/2015,1.181
9/17/2015,1.1855
9/18/2015,1.1835
9/21/2015,1.1725
9/22/2015,1.1545
9/23/2015,1.162
9/24/2015,1.183
9/25/2015,1.227
9/28/2015,1.1915
9/29/2015,1.2085
9/30/2015,1.2135
10/1/2015,1.2075
10/2/2015,1.243
10/5/2015,1.2755
10/6/2015,1.281
10/7/2015,1.2605
10/8/2015,1.2845
10/9/2015,1.316
10/12/2015,1.345
10/13/2015,1.3435
10/14/2015,1.3465
10/15/2015,1.337
10/16/2015,1.2585
10/19/2015,1.239
10/20/2015,1.2475
10/21/2015,1.21
10/22/2015,1.1985
10/23/2015,1.1845
10/26/2015,1.173
10/27/2015,1.173
10/28/2015,1.191
10/29/2015,1.203
10/30/2015,1.2095
11/2/2015,1.188
11/3/2015,1.2025
11/4/2015,1.205
11/5/2015,1.209
11/6/2015,1.1775
11/9/2015,1.2135
11/10/2015,1.197
11/11/2015,1.2015
11/12/2015,1.1875
11/13/2015,1.158
11/16/2015,1.182
11/17/2015,1.1825
11/18/2015,1.1575
11/19/2015,1.222
11/20/2015,1.244
11/23/2015,1.2245
11/24/2015,1.245
11/25/2015,1.2555
11/27/2015,1.236
11/30/2015,1.1965
12/1/2015,1.199
12/2/2015,1.2045
12/3/2015,1.2485
12/4/2015,1.2695
12/7/2015,1.2605
12/8/2015,1.252
12/9/2015,1.268
12/10/2015,1.2635
12/11/2015,1.212
12/14/2015,1.199
12/15/2015,1.199
12/16/2015,1.1925
12/17/2015,1.183
12/18/2015,1.19
12/21/2015,1.175
12/22/2015,1.1915
12/23/2015,1.2095
12/24/2015,1.197
12/28/2015,1.1915
12/29/2015,1.2145
12/30/2015,1.2365
12/31/2015,1.267
1/4/2016,1.239
1/5/2016,1.23
1/6/2016,1.1995
1/7/2016,1.1845
1/8/2016,1.19
1/11/2016,1.1445
1/12/2016,1.1435
1/13/2016,1.148
1/14/2016,1.159
1/15/2016,1.149
1/19/2016,1.1565
1/20/2016,1.116
1/21/2016,1.144
1/22/2016,1.16
1/25/2016,1.1645
1/26/2016,1.167
1/27/2016,1.182
1/28/2016,1.1915
1/29/2016,1.1635
2/1/2016,1.1775
2/2/2016,1.1985
2/3/2016,1.2155
2/4/2016,1.232
2/5/2016,1.204
2/8/2016,1.1575
2/9/2016,1.1685
2/10/2016,1.1685
2/11/2016,1.15
2/12/2016,1.175
2/16/2016,1.17
2/17/2016,1.166
2/18/2016,1.161
2/19/2016,1.1655
2/22/2016,1.206
2/23/2016,1.1925
2/24/2016,1.17
2/25/2016,1.1615
2/26/2016,1.152
2/29/2016,1.1505
3/1/2016,1.1475
3/2/2016,1.1555
3/3/2016,1.1785
3/4/2016,1.2105
3/7/2016,1.209
3/8/2016,1.217
3/9/2016,1.2235
3/10/2016,1.2215
3/11/2016,1.258
3/14/2016,1.272
3/15/2016,1.257
3/16/2016,1.2905
3/17/2016,1.3255
3/18/2016,1.343
3/21/2016,1.3155
3/22/2016,1.3465
3/23/2016,1.311
3/24/2016,1.2755
3/28/2016,1.2855
3/29/2016,1.2745
3/30/2016,1.27
3/31/2016,1.2745
4/1/2016,1.2725
4/4/2016,1.228
4/5/2016,1.209
4/6/2016,1.215
4/7/2016,1.2195
4/8/2016,1.2255
4/11/2016,1.2525
4/12/2016,1.263
4/13/2016,1.236
4/14/2016,1.251
4/15/2016,1.2485
4/18/2016,1.2595
4/19/2016,1.279
4/20/2016,1.287
4/21/2016,1.241
4/22/2016,1.2335
4/25/2016,1.2355
4/26/2016,1.2575
4/27/2016,1.215
4/28/2016,1.2095
4/29/2016,1.215
5/2/2016,1.1965
5/3/2016,1.1925
5/4/2016,1.197
5/5/2016,1.215
5/6/2016,1.245
5/9/2016,1.2645
5/10/2016,1.2875
5/11/2016,1.2975
5/12/2016,1.3005
5/13/2016,1.301
5/16/2016,1.336
5/17/2016,1.327
5/18/2016,1.301
5/19/2016,1.2395
5/20/2016,1.247
5/23/2016,1.2215
5/24/2016,1.218
5/25/2016,1.214
5/26/2016,1.215
5/27/2016,1.213
5/31/2016,1.2155
6/1/2016,1.219
6/2/2016,1.23
6/3/2016,1.271
6/6/2016,1.317
6/7/2016,1.322
6/8/2016,1.4165
6/9/2016,1.3585
6/10/2016,1.3885
6/13/2016,1.393
6/14/2016,1.3705
6/15/2016,1.401
6/16/2016,1.4145
6/17/2016,1.4285
6/20/2016,1.413
6/21/2016,1.4095
6/22/2016,1.397
6/23/2016,1.429
6/24/2016,1.3715
6/27/2016,1.3605
6/28/2016,1.406
6/29/2016,1.4445
6/30/2016,1.4565
7/1/2016,1.464
7/5/2016,1.4555
7/6/2016,1.433
7/7/2016,1.418
7/8/2016,1.441
7/11/2016,1.493
7/12/2016,1.474
7/13/2016,1.4765
7/14/2016,1.5215
7/15/2016,1.4755
7/18/2016,1.4945
7/19/2016,1.4655
7/20/2016,1.47
7/21/2016,1.4685
7/22/2016,1.419
7/25/2016,1.411
7/26/2016,1.416
7/27/2016,1.412
7/28/2016,1.4215
7/29/2016,1.462
8/1/2016,1.4345
8/2/2016,1.4125
8/3/2016,1.404
8/4/2016,1.421
8/5/2016,1.4615
8/8/2016,1.448
8/9/2016,1.4475
8/10/2016,1.4235
8/11/2016,1.4115
8/12/2016,1.4035
8/15/2016,1.4055
8/16/2016,1.4075
8/17/2016,1.381
8/18/2016,1.4145
8/19/2016,1.416
8/22/2016,1.464
8/23/2016,1.4725
8/24/2016,1.431
8/25/2016,1.4445
8/26/2016,1.4485
8/29/2016,1.451
8/30/2016,1.4605
8/31/2016,1.4705
9/1/2016,1.514
9/2/2016,1.514
9/6/2016,1.5375
9/7/2016,1.551
9/8/2016,1.549
9/9/2016,1.5115
9/12/2016,1.509
9/13/2016,1.484
9/14/2016,1.489
9/15/2016,1.489
9/16/2016,1.484
9/19/2016,1.528
9/20/2016,1.568
9/21/2016,1.5655
9/22/2016,1.5525
9/23/2016,1.514
9/26/2016,1.5355
9/27/2016,1.537
9/28/2016,1.531
9/29/2016,1.5015
9/30/2016,1.5155
10/3/2016,1.4755
10/4/2016,1.4745
10/5/2016,1.482
10/6/2016,1.464
10/7/2016,1.48
10/10/2016,1.5285
10/11/2016,1.508
10/12/2016,1.521
10/13/2016,1.527
10/14/2016,1.554
10/17/2016,1.571
10/18/2016,1.5875
10/19/2016,1.5785
10/20/2016,1.559
10/21/2016,1.561
10/24/2016,1.579
10/25/2016,1.645
10/26/2016,1.637
10/27/2016,1.648
10/28/2016,1.655
10/31/2016,1.6415
11/1/2016,1.6145
11/2/2016,1.629
11/3/2016,1.6565
11/4/2016,1.7135
11/7/2016,1.7435
11/8/2016,1.712
11/9/2016,1.738
11/10/2016,1.6565
11/11/2016,1.631
11/14/2016,1.6545
11/15/2016,1.653
11/16/2016,1.644
11/17/2016,1.6295
11/18/2016,1.621
11/21/2016,1.633
11/22/2016,1.6185
11/23/2016,1.577
11/25/2016,1.554
11/28/2016,1.5665
11/29/2016,1.5305
11/30/2016,1.506
12/1/2016,1.449
12/2/2016,1.458
12/5/2016,1.445
12/6/2016,1.42
12/7/2016,1.417
12/8/2016,1.414
12/9/2016,1.3935
12/12/2016,1.42
12/13/2016,1.4285
12/14/2016,1.4415
12/15/2016,1.422
12/16/2016,1.4245
12/19/2016,1.4425
12/20/2016,1.4385
12/21/2016,1.4455
12/22/2016,1.391
12/23/2016,1.3615
12/27/2016,1.342
12/28/2016,1.335
12/29/2016,1.3545
12/30/2016,1.3705
1/3/2017,1.374
1/4/2017,1.418
1/5/2017,1.4375
1/6/2017,1.4285
1/9/2017,1.442
1/10/2017,1.477
1/11/2017,1.49
1/12/2017,1.496
1/13/2017,1.493
1/17/2017,1.499
1/18/2017,1.492
1/19/2017,1.5075
1/20/2017,1.532
1/23/2017,1.554
1/24/2017,1.5235
1/25/2017,1.529
1/26/2017,1.5145
1/27/2017,1.524
1/30/2017,1.5115
1/31/2017,1.4955
2/1/2017,1.5015
2/2/2017,1.485
2/3/2017,1.487
2/6/2017,1.4655
2/7/2017,1.4505
2/8/2017,1.453
2/9/2017,1.476
2/10/2017,1.4815
2/13/2017,1.4655
2/14/2017,1.4595
2/15/2017,1.4695
2/16/2017,1.484
2/17/2017,1.4955
2/21/2017,1.5185
2/22/2017,1.509
2/23/2017,1.4995
2/24/2017,1.4625
2/27/2017,1.411
2/28/2017,1.426
3/1/2017,1.448
3/2/2017,1.4435
3/3/2017,1.433
3/6/2017,1.4145
3/7/2017,1.407
3/8/2017,1.4175
3/9/2017,1.4045
3/10/2017,1.4135
3/13/2017,1.4235
3/14/2017,1.4125
3/15/2017,1.409
3/16/2017,1.4145
3/17/2017,1.4205
3/20/2017,1.4525
3/21/2017,1.4475
3/22/2017,1.417
3/23/2017,1.405
3/24/2017,1.376
3/27/2017,1.392
3/28/2017,1.3885
3/29/2017,1.393
3/30/2017,1.393
3/31/2017,1.393
4/3/2017,1.3785
4/4/2017,1.3775
4/5/2017,1.373
4/6/2017,1.3775
4/7/2017,1.424
4/10/2017,1.4215
4/11/2017,1.424
4/12/2017,1.406
4/13/2017,1.4125
4/17/2017,1.435
4/18/2017,1.4555
4/19/2017,1.4065
4/20/2017,1.343
4/21/2017,1.329
4/24/2017,1.319
4/25/2017,1.324
4/26/2017,1.307
4/27/2017,1.295
4/28/2017,1.334
5/1/2017,1.3585
5/2/2017,1.3625
5/3/2017,1.3745
5/4/2017,1.3495
5/5/2017,1.357
5/8/2017,1.369
5/9/2017,1.3515
5/10/2017,1.3665
5/11/2017,1.3425
5/12/2017,1.3495
5/15/2017,1.3345
5/16/2017,1.3145
5/17/2017,1.344
5/18/2017,1.2965
5/19/2017,1.321
5/22/2017,1.306
5/23/2017,1.3025
5/24/2017,1.2855
5/25/2017,1.293
5/26/2017,1.312
5/30/2017,1.321
5/31/2017,1.2935
6/1/2017,1.277
6/2/2017,1.2555
6/5/2017,1.2845
6/6/2017,1.2555
6/7/2017,1.2575
6/8/2017,1.2635
6/9/2017,1.2885
6/12/2017,1.298
6/13/2017,1.2865
6/14/2017,1.2775
6/15/2017,1.2805
6/16/2017,1.2595
6/19/2017,1.266
6/20/2017,1.246
6/21/2017,1.2205
6/22/2017,1.165
6/23/2017,1.23
6/26/2017,1.245
6/27/2017,1.253
6/28/2017,1.244
6/29/2017,1.2635
6/30/2017,1.257
7/3/2017,1.277
7/5/2017,1.3
7/6/2017,1.291
7/7/2017,1.289
7/10/2017,1.286
7/11/2017,1.269
7/12/2017,1.276
7/13/2017,1.312
7/14/2017,1.337
7/17/2017,1.3355
7/18/2017,1.349
7/19/2017,1.358
7/20/2017,1.35
7/21/2017,1.3655
7/24/2017,1.3255
7/25/2017,1.306
7/26/2017,1.348
7/27/2017,1.3595
7/28/2017,1.3785
7/31/2017,1.3925
8/1/2017,1.3785
8/2/2017,1.4035
8/3/2017,1.402
8/4/2017,1.4015
8/7/2017,1.4205
8/8/2017,1.463
8/9/2017,1.4615
8/10/2017,1.42
8/11/2017,1.4385
8/14/2017,1.405
8/15/2017,1.3555
8/16/2017,1.345
8/17/2017,1.3205
8/18/2017,1.317
8/21/2017,1.3015
8/22/2017,1.291
8/23/2017,1.287
8/24/2017,1.279
8/25/2017,1.314
8/28/2017,1.3135
8/29/2017,1.2865
8/30/2017,1.282
8/31/2017,1.2935
9/1/2017,1.2905
9/4/2017,1.2905
9/5/2017,1.2785
9/6/2017,1.279
9/7/2017,1.2915
9/8/2017,1.3065
9/11/2017,1.3185
9/12/2017,1.3505
9/13/2017,1.3785
9/14/2017,1.3765
9/15/2017,1.414
9/18/2017,1.4035
9/19/2017,1.3535
9/20/2017,1.3655
9/21/2017,1.35
9/22/2017,1.3445
9/25/2017,1.3155
9/26/2017,1.3225
9/27/2017,1.2935
9/28/2017,1.285
9/29/2017,1.2805
10/2/2017,1.272
10/3/2017,1.2545
10/4/2017,1.2515
10/5/2017,1.272
10/6/2017,1.3
10/9/2017,1.3095
10/10/2017,1.31
10/11/2017,1.268
10/12/2017,1.2635
10/13/2017,1.2645
10/16/2017,1.2375
10/17/2017,1.2415
10/18/2017,1.243
10/19/2017,1.2685
10/20/2017,1.2525
10/23/2017,1.2435
10/24/2017,1.232
10/25/2017,1.241
10/26/2017,1.2455
10/27/2017,1.266
10/30/2017,1.259
10/31/2017,1.251
11/1/2017,1.2295
11/2/2017,1.264
11/3/2017,1.2395
11/6/2017,1.2555
11/7/2017,1.247
11/8/2017,1.2575
11/9/2017,1.264
11/10/2017,1.2755
11/13/2017,1.276
11/14/2017,1.2705
11/15/2017,1.2675
11/16/2017,1.267
11/17/2017,1.238
11/20/2017,1.229
11/21/2017,1.2385
11/22/2017,1.2455
11/24/2017,1.248
11/27/2017,1.2608
11/28/2017,1.2841
11/29/2017,1.3116
11/30/2017,1.2806
12/1/2017,1.2955
12/4/2017,1.285
12/5/2017,1.274
12/6/2017,1.261
12/7/2017,1.229
12/8/2017,1.226
12/11/2017,1.2
12/12/2017,1.1845
12/13/2017,1.201
12/14/2017,1.203
12/15/2017,1.2075
12/18/2017,1.219
12/19/2017,1.2175
12/20/2017,1.2315
12/21/2017,1.2225
12/22/2017,1.204
12/26/2017,1.222
12/27/2017,1.245
12/28/2017,1.248
12/29/2017,1.262
1/2/2018,1.302
1/3/2018,1.286
1/4/2018,1.2955
1/5/2018,1.2845
1/8/2018,1.2515
1/9/2018,1.2515
1/10/2018,1.2395
1/11/2018,1.228
1/12/2018,1.2225
1/16/2018,1.2045
1/17/2018,1.231
1/18/2018,1.211
1/19/2018,1.2125
1/22/2018,1.2255
1/23/2018,1.2095
1/24/2018,1.225
1/25/2018,1.2365
1/26/2018,1.2515
1/29/2018,1.2495
1/30/2018,1.223
1/31/2018,1.2185
2/1/2018,1.214
2/2/2018,1.204
2/5/2018,1.198
2/6/2018,1.2285
2/7/2018,1.233
2/8/2018,1.2285
2/9/2018,1.2185
2/12/2018,1.214
2/13/2018,1.2275
2/14/2018,1.228
2/15/2018,1.2175
2/16/2018,1.1795
2/20/2018,1.182
2/21/2018,1.1695
2/22/2018,1.196
2/23/2018,1.1976
2/26/2018,1.2106
2/27/2018,1.2064
2/28/2018,1.2181
3/1/2018,1.2395
3/2/2018,1.222
3/5/2018,1.211
3/6/2018,1.2125
3/7/2018,1.2075
3/8/2018,1.203
3/9/2018,1.2015
3/12/2018,1.1945
3/13/2018,1.2155
3/14/2018,1.2105
3/15/2018,1.1875
3/16/2018,1.1805
3/19/2018,1.1935
3/20/2018,1.1895
3/21/2018,1.1885
3/22/2018,1.19
3/23/2018,1.172
3/26/2018,1.1815
3/27/2018,1.1895
3/28/2018,1.1775
3/29/2018,1.1815
4/2/2018,1.164
4/3/2018,1.166
4/4/2018,1.169
4/5/2018,1.1755
4/6/2018,1.1745
4/9/2018,1.1865
4/10/2018,1.176
4/11/2018,1.1815
4/12/2018,1.179
4/13/2018,1.173
4/16/2018,1.1425
4/17/2018,1.1355
4/18/2018,1.149
4/19/2018,1.1425
4/20/2018,1.1575
4/23/2018,1.17
4/24/2018,1.185
4/25/2018,1.1724
4/26/2018,1.1842
4/27/2018,1.2158
4/30/2018,1.2237
5/1/2018,1.248
5/2/2018,1.2375
5/3/2018,1.2435
5/4/2018,1.226
5/7/2018,1.2075
5/8/2018,1.196
5/9/2018,1.1875
5/10/2018,1.1955
5/11/2018,1.194
5/14/2018,1.176
5/15/2018,1.1695
5/16/2018,1.173
5/17/2018,1.179
5/18/2018,1.18
5/21/2018,1.202
5/22/2018,1.2085
5/23/2018,1.1935
5/24/2018,1.2055
5/25/2018,1.204
5/29/2018,1.2025
5/30/2018,1.203
5/31/2018,1.237
6/1/2018,1.2275
6/4/2018,1.215
6/5/2018,1.1945
6/6/2018,1.1825
6/7/2018,1.157
6/8/2018,1.1725
6/11/2018,1.171
6/12/2018,1.1735
6/13/2018,1.1635
6/14/2018,1.157
6/15/2018,1.152
6/18/2018,1.1445
6/19/2018,1.141
6/20/2018,1.1365
6/21/2018,1.126
6/22/2018,1.1385
6/25/2018,1.1415
6/26/2018,1.1538
6/27/2018,1.1556
6/28/2018,1.1431
6/29/2018,1.1438
7/2/2018,1.1165
7/3/2018,1.119
7/5/2018,1.0915
7/6/2018,1.141
7/9/2018,1.1505
7/10/2018,1.148
7/11/2018,1.1205
7/12/2018,1.1155
7/13/2018,1.099
7/16/2018,1.103
7/17/2018,1.0925
7/18/2018,1.0815
7/19/2018,1.088
7/20/2018,1.1065
7/23/2018,1.1165
7/24/2018,1.1095
7/25/2018,1.11
7/26/2018,1.0955
7/27/2018,1.1045
7/30/2018,1.114
7/31/2018,1.099
8/1/2018,1.0805
8/2/2018,1.067
8/3/2018,1.0775
8/6/2018,1.0875
8/7/2018,1.0905
8/8/2018,1.0785
8/9/2018,1.0765
8/10/2018,1.07
8/13/2018,1.0625
8/14/2018,1.0505
8/15/2018,1.024
8/16/2018,1.017
8/17/2018,1.012
8/20/2018,0.9725
8/21/2018,0.9795
8/22/2018,0.964
8/23/2018,0.972
8/24/2018,1.0055
8/27/2018,1.0185
8/28/2018,1.0001
8/29/2018,1.0035
8/30/2018,1.0117
8/31/2018,1.0106
9/4/2018,1.0145
9/5/2018,1.038
9/6/2018,1.022
9/7/2018,1.0245
9/10/2018,1.0125
9/11/2018,1.0045
9/12/2018,1.021
9/13/2018,1.0065
9/14/2018,0.997
9/17/2018,0.973
9/18/2018,0.9585
9/19/2018,0.967
9/20/2018,0.9975
9/21/2018,0.999
9/24/2018,0.985
9/25/2018,0.971
9/26/2018,0.9775
9/27/2018,0.993
9/28/2018,1.0245
10/1/2018,1.022
10/2/2018,1.0765
10/3/2018,1.066
10/4/2018,1.0695
10/5/2018,1.0895
10/8/2018,1.1185
10/9/2018,1.1315
10/10/2018,1.119
10/11/2018,1.129
10/12/2018,1.1655
10/15/2018,1.1935
10/16/2018,1.1765
10/17/2018,1.2255
10/18/2018,1.2205
10/19/2018,1.221
10/22/2018,1.1765
10/23/2018,1.211
10/24/2018,1.2025
10/25/2018,1.2115
10/26/2018,1.1965
10/29/2018,1.1425
10/30/2018,1.124
10/31/2018,1.127
11/1/2018,1.178
11/2/2018,1.2005
11/5/2018,1.171
11/6/2018,1.1325
11/7/2018,1.156
11/8/2018,1.1665
11/9/2018,1.1385
11/12/2018,1.1015
11/13/2018,1.092
11/14/2018,1.1265
11/15/2018,1.1005
11/16/2018,1.126
11/19/2018,1.1235
11/20/2018,1.1065
11/21/2018,1.103
11/23/2018,1.0715
11/26/2018,1.07
11/27/2018,1.1026
11/28/2018,1.1162
11/29/2018,1.1078
11/30/2018,1.0669
12/3/2018,1.078
12/4/2018,1.069
12/5/2018,1.0595
12/6/2018,1.0595
12/7/2018,1.041
12/10/2018,1.0515
12/11/2018,1.0235
12/12/2018,1.0305
12/13/2018,1.041
12/14/2018,1.0225
12/17/2018,1.001
12/18/2018,0.994
12/19/2018,1.0085
12/20/2018,1.025
12/21/2018,0.997
12/24/2018,1.022
12/26/2018,1.039
12/27/2018,1.0175
12/28/2018,1.0095
12/31/2018,1.0185
1/2/2019,0.995
1/3/2019,1.0215
1/4/2019,1.016
1/7/2019,1.0275
1/8/2019,1.0505
1/9/2019,1.053
1/10/2019,1.0425
1/11/2019,1.0385
1/14/2019,1.0275
1/15/2019,1.013
1/16/2019,1.024
1/17/2019,1.024
1/18/2019,1.0495
1/22/2019,1.0335
1/23/2019,1.034
1/24/2019,1.053
1/25/2019,1.068
1/28/2019,1.0265
1/29/2019,1.026
1/30/2019,1.021
1/31/2019,1.059
2/1/2019,1.037
2/4/2019,1.056
2/5/2019,1.0485
2/6/2019,1.055
2/7/2019,1.043
2/8/2019,1.026
2/11/2019,1.002
2/12/2019,1.0045
2/13/2019,0.989
2/14/2019,0.9785
2/15/2019,0.9795
2/19/2019,0.972
2/20/2019,0.9755
2/21/2019,0.961
2/22/2019,0.9645
2/25/2019,0.9709
2/26/2019,0.9485
2/27/2019,0.9765
2/28/2019,0.978
3/1/2019,1.002
3/4/2019,0.9735
3/5/2019,0.9965
3/6/2019,0.987
3/7/2019,0.9685
3/8/2019,0.985
3/11/2019,0.972
3/12/2019,0.96
3/13/2019,0.9765
3/14/2019,0.9715
3/15/2019,0.978
3/18/2019,0.9685
3/19/2019,0.9665
3/20/2019,0.9475
3/21/2019,0.948
3/22/2019,0.939
3/25/2019,0.9425
3/26/2019,0.9535
3/27/2019,0.9385
3/28/2019,0.94
3/29/2019,0.945
4/1/2019,0.921
4/2/2019,0.9165
4/3/2019,0.9535
4/4/2019,0.953
4/5/2019,0.932
4/8/2019,0.9295
4/9/2019,0.9365
4/10/2019,0.9425
4/11/2019,0.9025
4/12/2019,0.904
4/15/2019,0.914
4/16/2019,0.905
4/17/2019,0.8705
4/18/2019,0.902
4/22/2019,0.911
4/23/2019,0.915
4/24/2019,0.9045
4/25/2019,0.9231
4/26/2019,0.9326
4/29/2019,0.9213
4/30/2019,0.9289
5/1/2019,0.911
5/2/2019,0.9155
5/3/2019,0.906
5/6/2019,0.9015
5/7/2019,0.88
5/8/2019,0.8855
5/9/2019,0.9085
5/10/2019,0.908
5/13/2019,0.896
5/14/2019,0.9095
5/15/2019,0.913
5/16/2019,0.9165
5/17/2019,0.89
5/20/2019,0.899
5/21/2019,0.929
5/22/2019,0.9175
5/23/2019,0.935
5/24/2019,0.933
5/27/2019,0.933
5/28/2019,0.9605
5/29/2019,0.995
5/30/2019,1.0235
5/31/2019,1.046
6/3/2019,1.0375
6/4/2019,1.0565
6/5/2019,0.991
6/6/2019,1.0205
6/7/2019,1.0095
6/10/2019,0.986
6/11/2019,0.97
6/12/2019,0.9905
6/13/2019,0.9735
6/14/2019,0.96
6/17/2019,0.9605
6/18/2019,0.943
6/19/2019,0.9625
6/20/2019,1.0105
6/21/2019,0.998
6/24/2019,1.02
6/25/2019,1.0665
6/26/2019,1.0536
6/27/2019,1.0624
6/28/2019,1.0921
7/1/2019,1.1135
7/2/2019,1.0965
7/3/2019,1.1365
7/4/2019,1.1365
7/5/2019,1.111
7/8/2019,1.064
7/9/2019,1.0745
7/10/2019,1.059
7/11/2019,1.0695
7/12/2019,1.0665
7/15/2019,1.1025
7/16/2019,1.0555
7/17/2019,1.074
7/18/2019,1.086
7/19/2019,1.073
7/22/2019,1.051
7/23/2019,1.023
7/24/2019,1.01
7/25/2019,1.0065
7/26/2019,0.9975
7/29/2019,1.0115
7/30/2019,0.995
7/31/2019,0.9965
8/1/2019,0.9725
8/2/2019,0.9815
8/5/2019,0.9565
8/6/2019,0.9705
8/7/2019,0.969
8/8/2019,0.974
8/9/2019,0.973
8/12/2019,0.9375
8/13/2019,0.9635
8/14/2019,0.9445
8/15/2019,0.9455
8/16/2019,0.9285
8/19/2019,0.9115
8/20/2019,0.9145
8/21/2019,0.9285
8/22/2019,0.935
8/23/2019,0.926
8/26/2019,0.9415
8/27/2019,0.9447
8/28/2019,0.9554
8/29/2019,0.9391
8/30/2019,0.962
9/2/2019,0.9685
9/3/2019,0.9555
9/4/2019,0.966
9/5/2019,0.954
9/6/2019,0.9705
9/9/2019,0.9825
9/10/2019,1.016
9/11/2019,1.034
9/12/2019,1.036
9/13/2019,1.0275
9/16/2019,1.043
9/17/2019,1.0035
9/18/2019,1.0035
9/19/2019,0.9835
9/20/2019,0.984
9/23/2019,0.99
9/24/2019,0.9915
9/25/2019,1.0095
9/26/2019,1.0085
9/27/2019,1.009
9/30/2019,1.0115
10/1/2019,1.0135
10/2/2019,1.006
10/3/2019,1.0205
10/4/2019,0.99
10/7/2019,0.97
10/8/2019,0.957
10/9/2019,0.9545
10/10/2019,0.935
10/11/2019,0.937
10/14/2019,0.9485
10/15/2019,0.9445
10/16/2019,0.9355
10/17/2019,0.929
10/18/2019,0.957
10/21/2019,0.9635
10/22/2019,0.989
10/23/2019,0.9775
10/24/2019,0.9645
10/25/2019,0.9945
10/28/2019,1.005
10/29/2019,0.9895
10/30/2019,0.9935
10/31/2019,1.0195
11/1/2019,1.04
11/4/2019,1.0365
11/5/2019,1.058
11/6/2019,1.08
11/7/2019,1.091
11/8/2019,1.0945
11/11/2019,1.06
11/12/2019,1.056
11/13/2019,1.0795
11/14/2019,1.0805
11/15/2019,1.0615
11/18/2019,1.0555
11/19/2019,1.027
11/20/2019,1.097
11/21/2019,1.1525
11/22/2019,1.146
11/25/2019,1.178
11/26/2019,1.1593
11/27/2019,1.1776
11/28/2019,1.1799
11/29/2019,1.1895
12/2/2019,1.22
12/3/2019,1.238
12/4/2019,1.2125
12/5/2019,1.2485
12/6/2019,1.248
12/9/2019,1.284
12/10/2019,1.333
12/11/2019,1.352
12/12/2019,1.3725
12/13/2019,1.309
12/16/2019,1.3895
12/17/2019,1.337
12/18/2019,1.332
12/19/2019,1.272
12/20/2019,1.307
12/23/2019,1.253
12/24/2019,1.294
12/26/2019,1.273
12/27/2019,1.325
12/30/2019,1.3215
12/31/2019,1.297
1/2/2020,1.271
1/3/2020,1.2635
1/6/2020,1.2215
1/7/2020,1.224
1/8/2020,1.1915
1/9/2020,1.1735
1/10/2020,1.1895
1/13/2020,1.1455
1/14/2020,1.149
1/15/2020,1.143
1/16/2020,1.1295
1/17/2020,1.1215
1/20/2020,1.1215
1/21/2020,1.1105
1/22/2020,1.11
1/23/2020,1.126
1/24/2020,1.1015
1/27/2020,1.066
1/28/2020,1.0505
1/29/2020,1.0205
1/30/2020,1.015
1/31/2020,1.0265
2/3/2020,0.979
2/4/2020,0.9815
2/5/2020,0.9775
2/6/2020,0.9815
2/7/2020,0.9835
2/10/2020,1.003
2/11/2020,1.005
2/12/2020,1.0065
2/13/2020,1.0445
2/14/2020,1.091
2/17/2020,1.091
2/18/2020,1.0655
2/19/2020,1.068
2/20/2020,1.036
2/21/2020,1.0885
2/24/2020,1.059
2/25/2020,1.0738
2/26/2020,1.0972
2/27/2020,1.0913
2/28/2020,1.111
3/2/2020,1.156
3/3/2020,1.222
3/4/2020,1.184
3/5/2020,1.1135
3/6/2020,1.074
3/9/2020,1.092
3/10/2020,1.1435
3/11/2020,1.1205
3/12/2020,1.0885
3/13/2020,1.0675
3/16/2020,1.039
3/17/2020,1.026
3/18/2020,1.083
3/19/2020,1.127
3/20/2020,1.197
3/23/2020,1.2125
3/24/2020,1.256
3/25/2020,1.2995
3/26/2020,1.2465
3/27/2020,1.1585
3/30/2020,1.193
3/31/2020,1.1955
4/1/2020,1.16
4/2/2020,1.1935
4/3/2020,1.149
4/6/2020,1.1665
4/7/2020,1.199
4/8/2020,1.198
4/9/2020,1.186
4/13/2020,1.1975
4/14/2020,1.172
4/15/2020,1.202
4/16/2020,1.186
4/17/2020,1.1605
4/20/2020,1.1365
4/21/2020,1.0965
4/22/2020,1.106
4/23/2020,1.1105
4/24/2020,1.052
4/27/2020,1.0492
4/28/2020,1.0646
4/29/2020,1.0464
4/30/2020,1.0597
5/1/2020,1.061
5/4/2020,1.072
5/5/2020,1.1065
5/6/2020,1.106
5/7/2020,1.09
5/8/2020,1.1165
5/11/2020,1.1075
5/12/2020,1.0735
5/13/2020,1.0505
5/14/2020,1.067
5/15/2020,1.0685
5/18/2020,1.0775
5/19/2020,1.0705
5/20/2020,1.0565
5/21/2020,1.0475
5/22/2020,1.036
5/25/2020,1.036
5/26/2020,1.051
5/27/2020,1.025
5/28/2020,0.991
5/29/2020,0.963
6/1/2020,0.983
6/2/2020,0.982
6/3/2020,0.991
6/4/2020,0.9815
6/5/2020,0.989
6/8/2020,0.989
6/9/2020,0.978
6/10/2020,0.9675
6/11/2020,0.96
6/12/2020,0.952
6/15/2020,0.94
6/16/2020,0.9365
6/17/2020,0.9625
6/18/2020,0.946
6/19/2020,0.9375
6/22/2020,0.9595
6/23/2020,0.9625
6/24/2020,0.9665
6/25/2020,0.9504
6/26/2020,0.9605
6/29/2020,0.9952
6/30/2020,1.0081
7/1/2020,1.04
7/2/2020,1.032
7/6/2020,0.9815
7/7/2020,1.003
7/8/2020,1
7/9/2020,0.9875
7/10/2020,0.974
7/13/2020,0.9865
7/14/2020,0.9795
7/15/2020,0.972
7/16/2020,0.9835
7/17/2020,1.023
7/20/2020,0.9975
7/21/2020,1.0175
7/22/2020,1.0835
7/23/2020,1.075
7/24/2020,1.084
7/27/2020,1.104
7/28/2020,1.0965
7/29/2020,1.116
7/30/2020,1.1535
7/31/2020,1.1895
8/3/2020,1.179
8/4/2020,1.2105
8/5/2020,1.2155
8/6/2020,1.17
8/7/2020,1.1545
8/10/2020,1.126
8/11/2020,1.1135
8/12/2020,1.1205
8/13/2020,1.162
8/14/2020,1.147
8/17/2020,1.1555
8/18/2020,1.193
8/19/2020,1.1845
8/20/2020,1.1855
8/21/2020,1.201
8/24/2020,1.2025
8/25/2020,1.232
8/26/2020,1.2266
8/27/2020,1.2271
8/28/2020,1.2665
8/31/2020,1.292
9/1/2020,1.314
9/2/2020,1.313
9/3/2020,1.312
9/4/2020,1.34
9/7/2020,1.34
9/8/2020,1.321
9/9/2020,1.2885
9/10/2020,1.317
9/11/2020,1.3245
9/14/2020,1.2305
9/15/2020,1.218
9/16/2020,1.1985
9/17/2020,1.18
9/18/2020,1.135
9/21/2020,1.12
9/22/2020,1.1065
9/23/2020,1.105
9/24/2020,1.1115
9/25/2020,1.1365
9/28/2020,1.0955
9/29/2020,1.0955
9/30/2020,1.1095
10/1/2020,1.0705
10/2/2020,1.0895
10/5/2020,1.072
10/6/2020,1.0765
10/7/2020,1.096
10/8/2020,1.1025
10/9/2020,1.1155
10/12/2020,1.0915
10/13/2020,1.101
10/14/2020,1.096
10/15/2020,1.095
10/16/2020,1.0725
10/19/2020,1.0605
10/20/2020,1.049
10/21/2020,1.0415
10/22/2020,1.067
10/23/2020,1.056
10/26/2020,1.0665
10/27/2020,1.0695
10/28/2020,1.05
10/29/2020,1.046
10/30/2020,1.044
11/2/2020,1.028
11/3/2020,1.0345
11/4/2020,1.03
11/5/2020,1.0595
11/6/2020,1.0695
11/9/2020,1.0685
11/10/2020,1.073
11/11/2020,1.091
11/12/2020,1.101
11/13/2020,1.0925
11/16/2020,1.1565
11/17/2020,1.162
11/18/2020,1.1975
11/19/2020,1.2065
11/20/2020,1.155
11/23/2020,1.1445
11/24/2020,1.1315
11/25/2020,1.1503
11/26/2020,1.1556
11/27/2020,1.232
11/30/2020,1.2278
12/1/2020,1.1845
12/2/2020,1.191
12/3/2020,1.2005
12/4/2020,1.1755
12/7/2020,1.191
12/8/2020,1.1925
12/9/2020,1.1705
12/10/2020,1.2105
12/11/2020,1.216
12/14/2020,1.2615
12/15/2020,1.2465
12/16/2020,1.266
12/17/2020,1.266
12/18/2020,1.2525
12/21/2020,1.243
12/22/2020,1.242
12/23/2020,1.2455
12/24/2020,1.2595
12/28/2020,1.2335
12/29/2020,1.254
12/30/2020,1.254
12/31/2020,1.2825
1/4/2021,1.2615
1/5/2021,1.251
1/6/2021,1.209
1/7/2021,1.211
1/8/2021,1.237
1/11/2021,1.2145
1/12/2021,1.214
1/13/2021,1.2525
1/14/2021,1.2735
1/15/2021,1.2815
1/18/2021,1.2815
1/19/2021,1.2715
1/20/2021,1.252
1/21/2021,1.2645
1/22/2021,1.2405
1/25/2021,1.2325
1/26/2021,1.245
1/27/2021,1.255
1/28/2021,1.24
1/29/2021,1.2295
2/1/2021,1.2535
2/2/2021,1.234
2/3/2021,1.2395
2/4/2021,1.2405
2/5/2021,1.245
2/8/2021,1.241
2/9/2021,1.2295
2/10/2021,1.211
2/11/2021,1.212
2/12/2021,1.2115
2/15/2021,1.2115
2/16/2021,1.2435
2/17/2021,1.257
2/18/2021,1.276
2/19/2021,1.275
2/22/2021,1.3345
2/23/2021,1.3714
2/24/2021,1.3629
2/25/2021,1.3971
2/26/2021,1.3737
3/1/2021,1.358
3/2/2021,1.3385
3/3/2021,1.328
3/4/2021,1.3215
3/5/2021,1.2885
3/8/2021,1.2915
3/9/2021,1.304
3/10/2021,1.3085
3/11/2021,1.3235
3/12/2021,1.33
3/15/2021,1.321
3/16/2021,1.345
3/17/2021,1.3355
3/18/2021,1.2995
3/19/2021,1.29
3/22/2021,1.301
3/23/2021,1.276
3/24/2021,1.265
3/25/2021,1.266
3/26/2021,1.285
3/29/2021,1.2705
3/30/2021,1.226
3/31/2021,1.235
4/1/2021,1.216
4/5/2021,1.221
4/6/2021,1.2685
4/7/2021,1.2675
4/8/2021,1.2785
4/9/2021,1.2725
4/12/2021,1.281
4/13/2021,1.3005
4/14/2021,1.321
4/15/2021,1.327
4/16/2021,1.2915
4/19/2021,1.2985
4/20/2021,1.3245
4/21/2021,1.322
4/22/2021,1.343
4/23/2021,1.3685
4/26/2021,1.4175
4/27/2021,1.4466
4/28/2021,1.4492
4/29/2021,1.4236
4/30/2021,1.4115
5/3/2021,1.4025
5/4/2021,1.4035
5/5/2021,1.4985
5/6/2021,1.543
5/7/2021,1.529
5/10/2021,1.4805
5/11/2021,1.501
5/12/2021,1.465
5/13/2021,1.464
5/14/2021,1.45
5/17/2021,1.4575
5/18/2021,1.528
5/19/2021,1.5095
5/20/2021,1.5095
5/21/2021,1.501
5/24/2021,1.49
5/25/2021,1.505
5/26/2021,1.557
5/27/2021,1.5535
5/28/2021,1.6235
5/31/2021,1.6235
6/1/2021,1.6105
6/2/2021,1.6115
6/3/2021,1.576
6/4/2021,1.6165
6/7/2021,1.6015
6/8/2021,1.577
6/9/2021,1.572
6/10/2021,1.587
6/11/2021,1.5745
6/14/2021,1.541
6/15/2021,1.512
6/16/2021,1.5335
6/17/2021,1.4955
6/18/2021,1.499
6/21/2021,1.5235
6/22/2021,1.5125
6/23/2021,1.5315
6/24/2021,1.524
6/25/2021,1.5736
6/28/2021,1.6243
6/29/2021,1.6
6/30/2021,1.5967
7/1/2021,1.564
7/2/2021,1.5305
7/5/2021,1.5305
7/6/2021,1.481
7/7/2021,1.4995
7/8/2021,1.5225
7/9/2021,1.515
7/12/2021,1.54
7/13/2021,1.5225
7/14/2021,1.566
7/15/2021,1.5705
7/16/2021,1.6135
7/19/2021,1.564
7/20/2021,1.668
7/21/2021,1.76
7/22/2021,1.9365
7/23/2021,1.89
7/26/2021,2.078
7/27/2021,2.0175
7/28/2021,2.0045
7/29/2021,1.965
7/30/2021,1.7955
8/2/2021,1.728
8/3/2021,1.7485
8/4/2021,1.7565
8/5/2021,1.769
8/6/2021,1.76
8/9/2021,1.7935
8/10/2021,1.82
8/11/2021,1.8385
8/12/2021,1.8655
8/13/2021,1.8275
8/16/2021,1.832
8/17/2021,1.7895
8/18/2021,1.797
8/19/2021,1.782
8/20/2021,1.7825
8/23/2021,1.7995
8/24/2021,1.833
8/25/2021,1.8405
8/26/2021,1.8612
8/27/2021,1.9058
8/30/2021,1.989
8/31/2021,1.9541
9/1/2021,1.9565
9/2/2021,1.9435
9/3/2021,1.93
9/6/2021,1.93
9/7/2021,1.9395
9/8/2021,1.902
9/9/2021,1.8745
9/10/2021,1.8805
9/13/2021,1.868
9/14/2021,1.8545
9/15/2021,1.8735
9/16/2021,1.8815
9/17/2021,1.864
9/20/2021,1.826
9/21/2021,1.8335
9/22/2021,1.8485
9/23/2021,1.906
9/24/2021,1.9435
9/27/2021,1.9365
9/28/2021,1.986
9/29/2021,1.934
9/30/2021,1.94
10/1/2021,2.0405
10/4/2021,2.0035
10/5/2021,1.919
10/6/2021,1.9345
10/7/2021,1.979
10/8/2021,2.0135
10/11/2021,2.0425
10/12/2021,2.1315
10/13/2021,2.0865
10/14/2021,2.0925
10/15/2021,2.034
10/18/2021,2.016
10/19/2021,2.0425
10/20/2021,2.0555
10/21/2021,2.033
10/22/2021,1.9985
10/25/2021,2.0255
10/26/2021,2.081
10/27/2021,2.0135
10/28/2021,1.9995
10/29/2021,2.0395
11/1/2021,2.087
11/2/2021,2.0805
11/3/2021,2.093
11/4/2021,2.086
11/5/2021,2.0355
11/8/2021,1.9965
11/9/2021,2.059
11/10/2021,2.04
11/11/2021,2.109
11/12/2021,2.197
11/15/2021,2.2275
11/16/2021,2.2205
11/17/2021,2.326
11/18/2021,2.2895
11/19/2021,2.333
11/22/2021,2.3135
11/23/2021,2.4255
11/24/2021,2.463
11/25/2021,2.4612
11/26/2021,2.4349
11/29/2021,2.3334
11/30/2021,2.3249
12/1/2021,2.3325
12/2/2021,2.366
12/3/2021,2.4335
12/6/2021,2.4985
12/7/2021,2.433
12/8/2021,2.442
12/9/2021,2.402
12/10/2021,2.326
12/13/2021,2.367
12/14/2021,2.3715
12/15/2021,2.373
12/16/2021,2.3685
12/17/2021,2.3475
12/20/2021,2.241
12/21/2021,2.2825
12/22/2021,2.3355
12/23/2021,2.312
12/24/2021,2.312
12/27/2021,2.2705
12/28/2021,2.256
12/29/2021,2.289
12/30/2021,2.2885
12/31/2021,2.261
1/3/2022,2.233
1/4/2022,2.3175
1/5/2022,2.3175
1/6/2022,2.317
1/7/2022,2.3845
1/10/2022,2.349
1/11/2022,2.3705
1/12/2022,2.4085
1/13/2022,2.37
1/14/2022,2.3965
1/17/2022,2.3965
1/18/2022,2.396
1/19/2022,2.4445
1/20/2022,2.4365
1/21/2022,2.379
1/24/2022,2.3295
1/25/2022,2.379
1/26/2022,2.389
1/27/2022,2.3205
1/28/2022,2.359
1/31/2022,2.351
2/1/2022,2.367
2/2/2022,2.388
2/3/2022,2.439
2/4/2022,2.4185
2/7/2022,2.4165
2/8/2022,2.4895
2/9/2022,2.5835
2/10/2022,2.552
2/11/2022,2.5165
2/14/2022,2.4755
2/15/2022,2.5185
2/16/2022,2.5225
2/17/2022,2.515
2/18/2022,2.4685
2/21/2022,2.4685
2/22/2022,2.4845
2/23/2022,2.4839
2/24/2022,2.3877
2/25/2022,2.3921
2/28/2022,2.3317
3/1/2022,2.36
3/2/2022,2.292
3/3/2022,2.229
3/4/2022,2.2425
3/7/2022,2.2425
3/8/2022,2.329
3/9/2022,2.293
3/10/2022,2.242
3/11/2022,2.2195
3/14/2022,2.188
3/15/2022,2.1115
3/16/2022,2.175
3/17/2022,2.161
3/18/2022,2.2005
3/21/2022,2.2465
3/22/2022,2.2505
3/23/2022,2.253
3/24/2022,2.2185
3/25/2022,2.2185
3/28/2022,2.1455
3/29/2022,2.157
3/30/2022,2.2185
3/31/2022,2.264
4/1/2022,2.284
4/4/2022,2.306
4/5/2022,2.313
4/6/2022,2.276
4/7/2022,2.2615
4/8/2022,2.3165
4/11/2022,2.366
4/12/2022,2.336
4/13/2022,2.2505
4/14/2022,2.236
4/18/2022,2.235
4/19/2022,2.213
4/20/2022,2.188
4/21/2022,2.2815
4/22/2022,2.273
4/25/2022,2.208
4/26/2022,2.2135
4/27/2022,2.1579
4/28/2022,2.1772
4/29/2022,2.2219
5/2/2022,2.159
5/3/2022,2.1795
5/4/2022,2.208
5/5/2022,2.1725
5/6/2022,2.1045
5/9/2022,2.061
5/10/2022,2.038
5/11/2022,2.199
5/12/2022,2.153
5/13/2022,2.139
5/16/2022,2.248
5/17/2022,2.272
5/18/2022,2.176
5/19/2022,2.187
5/20/2022,2.1585
5/23/2022,2.1575
5/24/2022,2.1365
5/25/2022,2.1705
5/26/2022,2.266
5/27/2022,2.2945
5/30/2022,2.2945
5/31/2022,2.3125
6/1/2022,2.3945
6/2/2022,2.3825
6/3/2022,2.324
6/6/2022,2.3755
6/7/2022,2.3215
6/8/2022,2.3185
6/9/2022,2.3465
6/10/2022,2.289
6/13/2022,2.2335
6/14/2022,2.2695
6/15/2022,2.285
6/16/2022,2.3195
6/17/2022,2.2765
6/20/2022,2.2765
6/21/2022,2.331
6/22/2022,2.386
6/23/2022,2.3245
6/24/2022,2.266
6/27/2022,2.268
6/28/2022,2.2478
6/29/2022,2.2279
6/30/2022,2.328
7/1/2022,2.3381
7/4/2022,2.279
7/5/2022,2.2792
7/6/2022,2.2487
7/7/2022,2.2186
7/8/2022,2.259
7/11/2022,2.1988
7/12/2022,2.2286
7/13/2022,2.0891
7/14/2022,2.0991
7/15/2022,2.0987
7/18/2022,2.0996
7/19/2022,2.16
7/20/2022,2.17
7/21/2022,2.16
7/22/2022,2.06
7/25/2022,2.09
7/26/2022,2.13
7/27/2022,2.17
7/28/2022,2.19
7/29/2022,2.18
8/1/2022,2.13
8/2/2022,2.09
8/3/2022,2.15
8/4/2022,2.2
8/5/2022,2.09
8/8/2022,2.12
8/9/2022,2.13
8/10/2022,2.21
8/11/2022,2.24
8/12/2022,2.28
8/15/2022,2.26
8/16/2022,2.19
8/17/2022,2.18
8/18/2022,2.15
8/19/2022,2.16
8/22/2022,2.22
8/23/2022,2.32
8/24/2022,2.42
8/25/2022,2.43
8/26/2022,2.43
8/29/2022,2.41
8/30/2022,2.39
8/31/2022,2.4
9/1/2022,2.37
9/2/2022,2.32
9/5/2022,2.32
9/6/2022,2.34
9/7/2022,2.27
9/8/2022,2.26
9/9/2022,2.3
9/12/2022,2.28
9/13/2022,2.22
9/14/2022,2.17
9/15/2022,2.19
9/16/2022,2.16
9/19/2022,2.16
9/20/2022,2.16
9/21/2022,2.21
9/22/2022,2.24
9/23/2022,2.2
9/26/2022,2.22
9/27/2022,2.24
9/28/2022,2.28
9/29/2022,2.26
9/30/2022,2.21
10/3/2022,2.16
10/4/2022,2.18
10/5/2022,2.25
10/6/2022,2.17
10/7/2022,2.17
10/10/2022,2.17
10/11/2022,2.17
10/12/2022,2.09
10/13/2022,2.02
10/14/2022,1.97
10/17/2022,1.96
10/18/2022,1.95
10/19/2022,1.91
10/20/2022,1.88
10/21/2022,1.89
10/24/2022,1.92
10/25/2022,1.84
10/26/2022,1.8
10/27/2022,1.78
10/28/2022,1.72
10/31/2022,1.77
11/1/2022,1.75
11/2/2022,1.82
11/3/2022,1.73
11/4/2022,1.76
11/7/2022,1.72
11/8/2022,1.66
11/9/2022,1.65
11/10/2022,1.7
11/11/2022,1.69
11/14/2022,1.66
11/15/2022,1.58
11/16/2022,1.55
11/17/2022,1.52
11/18/2022,1.52
11/21/2022,1.58
11/22/2022,1.62
11/23/2022,1.6
11/24/2022,1.6
11/25/2022,1.62
11/28/2022,1.61
11/29/2022,1.61
11/30/2022,1.68
12/1/2022,1.7
12/2/2022,1.61
12/5/2022,1.61
12/6/2022,1.61
12/7/2022,1.61
12/8/2022,1.57
12/9/2022,1.57
12/12/2022,1.55
12/13/2022,1.65
12/14/2022,1.69
12/15/2022,1.69
12/16/2022,1.69
12/19/2022,1.69
12/20/2022,1.69
12/21/2022,1.69
12/22/2022,1.69
12/23/2022,1.72
12/26/2022,1.72
12/27/2022,1.67
12/28/2022,1.74
12/29/2022,1.7
12/30/2022,1.67
1/2/2023,1.67
1/3/2023,1.66
1/4/2023,1.61
1/5/2023,1.6
1/6/2023,1.58
1/9/2023,1.57
1/10/2023,1.49
1/11/2023,1.43
1/12/2023,1.5
1/13/2023,1.51
1/16/2023,1.51
1/17/2023,1.51
1/18/2023,1.54
1/19/2023,1.55
1/20/2023,1.54
1/23/2023,1.59
1/24/2023,1.6015
1/25/2023,1.627
1/26/2023,1.6709
1/27/2023,1.6908
1/30/2023,1.7053
1/31/2023,1.8129
2/1/2023,1.7671
2/2/2023,1.7827
2/3/2023,1.7378
2/6/2023,1.7621
2/7/2023,1.7705
2/8/2023,1.7608
2/9/2023,1.7428
2/10/2023,1.7461
2/13/2023,1.7727
2/14/2023,1.8179
2/15/2023,1.7678
2/16/2023,1.8038
2/17/2023,1.8567
2/20/2023,1.8567
2/21/2023,1.9039
2/22/2023,1.9264
2/23/2023,1.8966
2/24/2023,1.8698
2/27/2023,1.8635
2/28/2023,1.8477
3/1/2023,1.8353
3/2/2023,1.807
3/3/2023,1.7782
3/6/2023,1.7959
3/7/2023,1.8183
3/8/2023,1.7623
3/9/2023,1.7496
3/10/2023,1.768
3/13/2023,1.7839
3/14/2023,1.7511
3/15/2023,1.7244
3/16/2023,1.7899
3/17/2023,1.7601
3/20/2023,1.7766
3/21/2023,1.7943
3/22/2023,1.7669
3/23/2023,1.7399
3/24/2023,1.7861
3/27/2023,1.7579
3/28/2023,1.7336
3/29/2023,1.6926
3/30/2023,1.6931
3/31/2023,1.6971
4/3/2023,1.7475
4/4/2023,1.7442
4/5/2023,1.7903
4/6/2023,1.8241
4/7/2023,1.8241
4/10/2023,1.8076
4/11/2023,1.8736
4/12/2023,1.8818
4/13/2023,1.9535
4/14/2023,1.929
4/17/2023,1.9868
4/18/2023,2.0127
4/19/2023,1.989
4/20/2023,1.9392
4/21/2023,1.9114
4/28/2023,1.8512
5/1/2023,1.8417
5/2/2023,1.856
5/3/2023,1.8358
5/4/2023,1.8284
5/5/2023,1.8703
5/8/2023,1.8337
5/9/2023,1.8578
5/10/2023,1.8457
5/11/2023,1.8137
5/12/2023,1.8141
5/15/2023,1.8681
5/16/2023,1.8505
5/17/2023,1.8508
5/18/2023,1.8475
5/19/2023,1.8925
5/22/2023,1.877
5/23/2023,1.8627
5/24/2023,1.862
5/25/2023,1.8445
5/26/2023,1.8445
5/29/2023,1.8445
5/30/2023,1.7539
5/31/2023,1.7648
6/1/2023,1.8169
6/2/2023,1.7841
6/5/2023,1.803
6/6/2023,1.812
6/7/2023,1.8271
6/8/2023,1.917
6/9/2023,1.8794
6/12/2023,1.8199
6/13/2023,1.7857
6/14/2023,1.7959
6/15/2023,1.833
6/16/2023,1.8134
6/19/2023,1.8134
6/20/2023,1.7619
6/21/2023,1.7174
6/22/2023,1.696
6/23/2023,1.6404
6/26/2023,1.6415
6/27/2023,1.6577
6/28/2023,1.61
6/29/2023,1.6159
6/30/2023,1.587
7/3/2023,1.6018
7/4/2023,1.6018
7/5/2023,1.5791
7/6/2023,1.6011
7/7/2023,1.5937
7/10/2023,1.5985
7/11/2023,1.571
7/12/2023,1.5711
7/13/2023,1.5795
7/14/2023,1.5918
7/17/2023,1.5483
7/18/2023,1.5563
7/19/2023,1.5567
7/20/2023,1.5849
7/21/2023,1.6053
7/24/2023,1.6306
7/25/2023,1.6176
7/26/2023,1.6337
7/27/2023,1.6104
7/28/2023,1.5839
7/31/2023,1.6537
8/1/2023,1.6458
8/2/2023,1.6618
8/3/2023,1.634
8/4/2023,1.6078
8/7/2023,1.625
8/8/2023,1.6072
8/9/2023,1.5955
8/10/2023,1.5897
8/11/2023,1.57
8/14/2023,1.5171
8/15/2023,1.5137
8/16/2023,1.5003
8/17/2023,1.4784
8/18/2023,1.5023
8/21/2023,1.5027
8/22/2023,1.5069
8/23/2023,1.5392
8/24/2023,1.5363
8/25/2023,1.5184
8/28/2023,1.5275
8/29/2023,1.5308
8/30/2023,1.5512
8/31/2023,1.5431
9/1/2023,1.516
9/4/2023,1.516
9/5/2023,1.5348
9/6/2023,1.5315
9/7/2023,1.504
9/8/2023,1.481
9/11/2023,1.5278
9/12/2023,1.5249
9/13/2023,1.5168
9/14/2023,1.5384
9/15/2023,1.5923
9/18/2023,1.6066
9/19/2023,1.6122
9/20/2023,1.5872
9/21/2023,1.5517
9/22/2023,1.5033
9/25/2023,1.484
9/26/2023,1.5033
9/27/2023,1.4894
9/28/2023,1.4719
9/29/2023,1.4544
10/2/2023,1.4922
10/3/2023,1.4897
10/4/2023,1.4636
10/5/2023,1.4543
10/6/2023,1.4601
10/9/2023,1.4668
10/10/2023,1.477
10/11/2023,1.4813
10/12/2023,1.4935
10/13/2023,1.5494
10/16/2023,1.5425
10/17/2023,1.5655
10/18/2023,1.5775
10/19/2023,1.6208
10/20/2023,1.6456
10/23/2023,1.6541
10/24/2023,1.6766
10/25/2023,1.6104
10/26/2023,1.6089
10/27/2023,1.5985
10/30/2023,1.5822
10/31/2023,1.6453
11/1/2023,1.5948
11/2/2023,1.637
11/3/2023,1.6918
11/6/2023,1.7189
11/7/2023,1.6994
11/8/2023,1.7262
11/9/2023,1.7419
11/10/2023,1.692
11/13/2023,1.737
11/14/2023,1.7166
11/15/2023,1.7615
11/16/2023,1.7119
11/17/2023,1.6694
11/20/2023,1.7003
11/24/2023,1.6793
11/27/2023,1.6775
11/28/2023,1.6943
11/29/2023,1.7209
11/30/2023,1.7239
12/1/2023,1.8511
12/4/2023,1.8328
12/5/2023,1.7993
12/6/2023,1.8276
12/7/2023,1.7802
12/8/2023,1.7726
12/11/2023,1.8346
12/12/2023,1.8562
12/13/2023,1.8828
12/14/2023,1.8898
12/15/2023,1.8903
12/18/2023,1.9257
12/19/2023,2.0165
12/20/2023,1.9049
12/21/2023,1.9218
12/22/2023,1.9218
12/25/2023,1.9218
12/26/2023,1.9218
12/27/2023,1.9596
12/28/2023,1.9611
12/29/2023,1.9611
1/1/2024,1.9611
1/2/2024,1.8957
1/3/2024,1.8527
1/4/2024,1.8473
1/5/2024,1.8103
1/8/2024,1.8215
1/9/2024,1.8351
1/10/2024,1.7973
1/11/2024,1.8127
1/12/2024,1.7832
1/15/2024,1.7832
1/16/2024,1.829
1/17/2024,1.7727
1/18/2024,1.7961
1/19/2024,1.822
1/22/2024,1.8897
1/23/2024,1.857
1/24/2024,1.8641
1/25/2024,1.8478
1/26/2024,1.8958
1/29/2024,1.8737
1/30/2024,1.9213
1/31/2024,1.9125
2/1/2024,1.9415
2/2/2024,1.9115
2/5/2024,1.887
2/6/2024,1.882
2/7/2024,1.904
2/8/2024,1.9
2/9/2024,1.9605
2/12/2024,1.949
2/13/2024,1.925
2/14/2024,1.88
2/15/2024,1.9025
2/16/2024,1.904
2/19/2024,1.904
2/20/2024,1.9795
2/21/2024,1.986
2/22/2024,1.938
2/23/2024,1.9075
2/26/2024,1.9
2/27/2024,1.9245
2/28/2024,1.934
2/29/2024,1.9585
3/1/2024,1.92
3/4/2024,1.994
3/5/2024,1.958
3/6/2024,1.949
3/7/2024,1.9445
3/8/2024,1.91
3/11/2024,1.9435
3/12/2024,1.954
3/13/2024,1.9165
3/14/2024,1.9135
3/15/2024,1.9135
3/18/2024,1.8175
3/19/2024,1.8305
3/20/2024,1.824
3/21/2024,1.857
3/22/2024,1.8505
3/25/2024,1.8565
3/26/2024,1.8805
3/27/2024,1.9065
3/28/2024,1.8845
3/29/2024,1.8845
4/1/2024,1.918
4/2/2024,1.9735
4/3/2024,2.036
4/4/2024,2.0675
4/5/2024,2.135
4/8/2024,2.111
4/9/2024,2.1355
4/10/2024,2.1465
4/11/2024,2.1465
4/12/2024,2.2035
4/15/2024,2.2465
4/16/2024,2.3155
4/17/2024,2.3675
4/18/2024,2.4795
4/19/2024,2.3985
4/22/2024,2.414
4/23/2024,2.3165
4/24/2024,2.2465
4/25/2024,2.276
4/26/2024,2.309
4/29/2024,2.325
4/30/2024,2.1775
5/1/2024,2.2
5/2/2024,2.18
5/3/2024,2.075
5/6/2024,2.01
5/7/2024,1.966
5/8/2024,2.002
5/9/2024,2.054
5/10/2024,2.054
5/13/2024,2
5/14/2024,1.99
5/15/2024,2.023
5/16/2024,2.023
5/17/2024,2.023
5/20/2024,2.023
5/21/2024,2.1815
5/22/2024,2.204
5/23/2024,2.158
5/24/2024,2.1825
5/27/2024,2.1825
5/28/2024,2.296
5/29/2024,2.298
5/30/2024,2.337
5/31/2024,2.208
6/3/2024,2.2625
6/4/2024,2.3135
6/5/2024,2.32
6/6/2024,2.32
6/7/2024,2.332
6/10/2024,2.221
6/11/2024,2.1885
6/12/2024,2.237
6/13/2024,2.257
6/14/2024,2.2615
6/17/2024,2.2605
6/18/2024,2.2645
6/19/2024,2.2645
6/20/2024,2.315
6/21/2024,2.2695
6/24/2024,2.2695
6/25/2024,2.31
6/26/2024,2.2615
6/27/2024,2.2935
6/28/2024,2.29
7/1/2024,2.2435
7/2/2024,2.2435
7/3/2024,2.2805
7/4/2024,2.2805
7/5/2024,2.2805
7/8/2024,2.367
7/9/2024,2.367
7/10/2024,2.481
7/11/2024,2.471
7/12/2024,2.471
7/15/2024,2.485
7/16/2024,2.485
7/17/2024,2.485
7/18/2024,2.485
7/19/2024,2.3835
7/22/2024,2.4305
7/23/2024,2.389
7/24/2024,2.307
7/25/2024,2.3265
7/26/2024,2.306
7/29/2024,2.301
7/30/2024,2.305
7/31/2024,2.305
8/1/2024,2.2695
8/2/2024,2.2995
8/5/2024,2.275
8/6/2024,2.275
8/7/2024,2.36
8/8/2024,2.4565
8/9/2024,2.3295
8/12/2024,2.422
8/13/2024,2.422
8/14/2024,2.3265
8/15/2024,2.396
8/16/2024,2.396
8/19/2024,2.454
8/20/2024,2.465
8/21/2024,2.5095
8/22/2024,2.472
8/23/2024,2.506
8/26/2024,2.506
8/27/2024,2.6025
8/28/2024,2.6025
8/29/2024,2.507
8/30/2024,2.555
9/2/2024,2.555
9/3/2024,2.4665
9/4/2024,2.461
9/5/2024,2.461
9/6/2024,2.4
9/9/2024,2.4
9/10/2024,2.4
9/11/2024,2.4785
9/12/2024,2.4785
9/13/2024,2.6175
9/16/2024,2.6175
9/17/2024,2.6505
9/18/2024,2.657
9/19/2024,2.626
9/20/2024,2.524
9/23/2024,2.6335
9/24/2024,2.6335
9/25/2024,2.6635
9/26/2024,2.6865
9/27/2024,2.6935
9/30/2024,2.6935
10/1/2024,2.721
10/2/2024,2.564
10/3/2024,2.5425
10/4/2024,2.55
10/7/2024,2.55
10/8/2024,2.4685
10/9/2024,2.4915
10/10/2024,2.4915
10/11/2024,2.525
10/14/2024,2.614
10/15/2024,2.563
10/16/2024,2.563
10/17/2024,2.5705
10/18/2024,2.5365
10/21/2024,2.521
10/22/2024,2.521
10/23/2024,2.519
10/24/2024,2.447
10/25/2024,2.447
10/28/2024,0
10/29/2024,2.4805
10/30/2024,2.495
10/31/2024,2.4605
11/1/2024,2.426
11/4/2024,2.458
11/5/2024,2.51
11/6/2024,2.494
11/7/2024,2.5875
11/8/2024,2.539
11/11/2024,2.563
11/12/2024,2.563
11/13/2024,2.726
11/14/2024,2.785
11/15/2024,2.833
11/18/2024,2.8205
11/19/2024,2.8205
11/20/2024,2.871
11/21/2024,2.9785
11/22/2024,3.055
11/25/2024,3.055
11/26/2024,3.12
11/27/2024,3.288
11/28/2024,3.288
11/29/2024,3.2605
12/2/2024,2.9765
12/3/2024,3.0345
12/4/2024,3.058
12/5/2024,3.1245
12/6/2024,3.1245
12/9/2024,3.1245
12/10/2024,3.3565
12/11/2024,3.4735
12/12/2024,3.1706
12/13/2024,3.1706
12/16/2024,3.2417
12/17/2024,3.2661
12/18/2024,3.2661
12/19/2024,3.3398
12/20/2024,3.2332
12/23/2024,3.2573
12/24/2024,3.294
12/25/2024,3.2956
12/26/2024,3.2267
12/27/2024,3.2176
12/30/2024,3.1866
12/31/2024,3.2049
1/1/2025,3.2083
1/2/2025,3.2083
1/3/2025,3.246
1/6/2025,3.1866
1/7/2025,3.1984
1/8/2025,3.1984
1/9/2025,3.2063
1/10/2025,3.2493
1/13/2025,3.2543
1/14/2025,3.2543
1/15/2025,3.3058
1/16/2025,3.3058
1/17/2025,3.2719
1/20/2025,3.2719
1/21/2025,3.2877
1/22/2025,3.4275
1/23/2025,3.4514
1/24/2025,3.4666
1/27/2025,3.5093
1/28/2025,3.5093
1/29/2025,3.5773
1/30/2025,3.6459
1/31/2025,3.7764
2/3/2025,3.8449
2/4/2025,3.8353
2/5/2025,3.9993
2/6/2025,4.1176
2/7/2025,4.1176
2/10/2025,4.3173
2/11/2025,4.3004
2/12/2025,4.3004
2/13/2025,4.3356
2/14/2025,4.1968
2/17/2025,4.1968
2/18/2025,4.2224
2/19/2025,4.2219
2/20/2025,3.9713
2/21/2025,3.9534
2/24/2025,3.9534
2/25/2025,3.7722
2/26/2025,3.749
2/27/2025,3.7693
2/28/2025,3.7693
3/3/2025,3.8885
3/4/2025,4.053
3/5/2025,4.1333
3/6/2025,4.1333
3/7/2025,3.925
3/10/2025,3.8692
3/11/2025,3.9728
3/12/2025,3.9082
3/13/2025,3.8905
3/14/2025,3.8104
3/17/2025,3.8104
3/18/2025,3.8662
3/19/2025,3.9066
3/20/2025,3.9066
3/21/2025,3.898
3/24/2025,3.9387
3/25/2025,3.9833
3/26/2025,3.9833
3/27/2025,3.7899
3/28/2025,3.796
3/31/2025,3.796
4/1/2025,3.8941
4/2/2025,3.8941
4/3/2025,3.8635
4/4/2025,3.6663
4/7/2025,3.4032
4/8/2025,3.4032
4/9/2025,3.5304
4/10/2025,3.4315
4/11/2025,3.6002
4/14/2025,3.6145
4/15/2025,3.6834
4/16/2025,3.7686
4/17/2025,3.7629
4/18/2025,3.7677
4/21/2025,3.6686
4/22/2025,3.7919
4/23/2025,3.8603
4/24/2025,3.8603
4/25/2025,4.0586
4/28/2025,4.1492
4/29/2025,4.0683
4/30/2025,4.0683
5/1/2025,4.0683
5/2/2025,3.9021
5/5/2025,3.9637
5/6/2025,3.9963
5/7/2025,3.9504
5/8/2025,3.9652
5/9/2025,3.9652
5/12/2025,3.8246
5/13/2025,3.8246
5/14/2025,3.7422
5/15/2025,3.8281
5/16/2025,3.7459
5/19/2025,3.7498
5/20/2025,3.6896
5/21/2025,3.6866
5/22/2025,3.61
5/23/2025,3.61
5/26/2025,3.5983
5/27/2025,3.6006
5/28/2025,3.5156
5/29/2025,3.4194
5/30/2025,3.4194
6/2/2025,3.4318
6/3/2025,3.3985
6/4/2025,3.4546
6/5/2025,3.5783
6/6/2025,3.5747
6/9/2025,3.5494
6/10/2025,3.5494
6/11/2025,3.4964
6/12/2025,3.4629
6/13/2025,3.4629
6/16/2025,3.45
6/17/2025,3.348
6/18/2025,3.1713
6/19/2025,3.1713
6/20/2025,3.1868
6/23/2025,3.2786
6/24/2025,3.2786
6/25/2025,3.1694
6/26/2025,3.0614
6/27/2025,3.0733
6/30/2025,3.0733
7/1/2025,3.0351
7/2/2025,2.9489
7/3/2025,2.9561
7/4/2025,2.888
7/7/2025,2.888
7/8/2025,2.7868
7/9/2025,2.8511
7/10/2025,2.8601
7/11/2025,2.88
7/14/2025,2.8872
7/15/2025,3.0609
7/16/2025,3.0106
7/17/2025,3.1085
7/18/2025,3.1278
7/21/2025,3.0527
7/22/2025,2.9188
7/23/2025,2.9576
7/24/2025,2.996
7/25/2025,3.0491
7/28/2025,2.9765
7/29/2025,3.0086
7/30/2025,2.9741
7/31/2025,2.9265
8/1/2025,2.9459
8/4/2025,2.8991
8/5/2025,2.8991
8/6/2025,2.9773
8/7/2025,2.9446
8/8/2025,2.9713
8/11/2025,3.1982
8/12/2025,3.1982
8/13/2025,3.1571
8/14/2025,3.1893
8/15/2025,3.2594
8/18/2025,3.4355
8/19/2025,3.4467
8/20/2025,3.5873
8/21/2025,3.7613
8/22/2025,3.7613
8/25/2025,3.8865
8/26/2025,3.9213
8/27/2025,3.8037
8/28/2025,3.9295
8/29/2025,3.8527
9/1/2025,3.9301
9/2/2025,3.9807
9/3/2025,3.8401
9/4/2025,3.8401
9/5/2025,3.8494
9/8/2025,3.9012
9/9/2025,3.9541
9/10/2025,3.9229
9/11/2025,3.9744
9/12/2025,3.973
9/15/2025,4.2706
9/16/2025,4.2706
9/17/2025,4.1384
9/18/2025,3.8213
9/19/2025,3.8039
9/22/2025,3.653
9/23/2025,3.6827
9/24/2025,3.5203
9/25/2025,3.6843
9/26/2025,3.7121
9/29/2025,3.7885
9/30/2025,3.717
10/1/2025,3.7393
10/2/2025,3.8448
10/3/2025,3.797
10/6/2025,3.8835
10/7/2025,3.8146
10/8/2025,3.7491
10/9/2025,3.7705
10/10/2025,3.7705
10/13/2025,3.7393
10/14/2025,3.9997
10/15/2025,3.9997
10/16/2025,3.902
10/17/2025,3.9227
10/20/2025,3.969
10/21/2025,4.0527
10/22/2025,4.146
10/23/2025,4.2368
10/24/2025,4.0974
10/27/2025,4.0005
10/28/2025,3.8866
10/29/2025,3.9147
10/30/2025,3.921
10/31/2025,3.9279
11/3/2025,4.088
11/4/2025,4.0517
11/5/2025,4.1579
11/6/2025,3.9623
11/7/2025,4.1151
11/10/2025,4.1591
11/11/2025,4.2361
11/12/2025,4.0165
11/13/2025,3.9919
11/14/2025,4.0114
11/17/2025,4.0341
11/18/2025,4.0187
11/19/2025,4.0605
11/20/2025,4.0581
11/21/2025,4.0314
11/24/2025,4.0831
11/25/2025,4.1241
11/26/2025,4.1147
11/27/2025,4.116
11/28/2025,4.1011
12/1/2025,4.1238
12/2/2025,4.0385
12/3/2025,4.0357
12/4/2025,4.1014
12/5/2025,4.0434
12/8/2025,3.9691
12/9/2025,3.9392
12/10/2025,3.9248
12/11/2025,4.0175
12/12/2025,3.973
12/15/2025,3.8525
12/16/2025,3.7588
12/17/2025,3.4707
12/18/2025,3.4476
12/19/2025,3.4102
12/22/2025,3.4823
12/23/2025,3.4657
12/24/2025,3.4497
12/25/2025,3.451
12/26/2025,3.4836
12/29/2025,3.5115
12/30/2025,3.5051
12/31/2025,3.4844
1/1/2026,3.4845
1/2/2026,3.5511
1/5/2026,3.5894
1/6/2026,3.7208
1/7/2026,3.7434
1/8/2026,3.7249
1/9/2026,3.5594
1/12/2026,3.5578
1/13/2026,3.6061
1/14/2026,3.5566
1/15/2026,3.5857
1/16/2026,3.5482
1/19/2026,3.552
1/20/2026,3.4556
1/21/2026,3.4698
1/22/2026,3.4788
1/23/2026,3.5153
1/26/2026,3.5686
1/27/2026,3.696
1/28/2026,3.5103
1/29/2026,3.4492
1/30/2026,3.3337
2/2/2026,3.3536
2/3/2026,3.1538
2/4/2026,3.0984
2/5/2026,3.0765
2/6/2026,2.94
2/9/2026,2.9907
2/10/2026,2.939
2/11/2026,2.9238
2/12/2026,2.9895
2/13/2026,2.9638
2/16/2026,2.9623
2/17/2026,2.8355
2/18/2026,2.8506
2/19/2026,2.8562
2/20/2026,2.8515
2/23/2026,2.781
2/24/2026,2.8408
2/25/2026,2.8426
2/26/2026,2.8126
2/27/2026,2.8001
3/2/2026,2.8384
3/3/2026,2.826
3/4/2026,2.907
3/5/2026,2.9502
3/6/2026,2.9397
3/9/2026,2.996
3/10/2026,2.991
3/11/2026,2.92
3/12/2026,3.009
3/13/2026,2.9275
3/16/2026,2.9775
3/17/2026,3.0205
3/18/2026,2.974
3/19/2026,2.974
3/20/2026,3.1115
3/23/2026,3.069
3/24/2026,3.1915
3/25/2026,3.158
3/26/2026,3.071
3/27/2026,3.0105
3/30/2026,2.943
3/31/2026,2.9785
4/1/2026,2.999
4/2/2026,2.999
4/3/2026,2.9595
4/6/2026,2.9815
4/7/2026,2.9815
4/8/2026,2.9815
4/9/2026,2.9815
4/10/2026,3.0066
4/13/2026,2.9551
4/14/2026,2.9888
4/15/2026,2.9789
4/16/2026,2.9061
4/17/2026,2.8354
4/20/2026,2.8779
4/21/2026,2.8845
4/22/2026,2.8925
4/23/2026,3.009
4/24/2026,2.949
4/27/2026,2.8845
4/28/2026,2.9215
4/29/2026,2.907
4/30/2026,2.857
5/1/2026,2.864
5/4/2026,2.866
5/5/2026,2.893
5/6/2026,2.837
5/7/2026,2.7245
5/8/2026,2.748
5/11/2026,2.813
5/12/2026,2.8125
5/13/2026,2.807
5/14/2026,2.749
5/15/2026,2.6575
5/18/2026,2.665
5/19/2026,2.698
5/20/2026,2.6835
5/21/2026,2.725
5/22/2026,2.7145
5/25/2026,2.7235
5/26/2026,2.7205
5/27/2026,2.717
5/28/2026,2.739
5/29/2026,2.659
6/1/2026,2.6
6/2/2026,2.5915
6/3/2026,2.5265
6/4/2026,2.4735
6/5/2026,2.4665
6/8/2026,2.455
6/9/2026,2.452
6/10/2026,2.4865
6/11/2026,2.55
6/12/2026,2.572
6/15/2026,2.591
6/16/2026,2.736
6/17/2026,2.7235
6/18/2026,2.658
6/19/2026,2.678
6/22/2026,2.6645
6/23/2026,2.7575
6/24/2026,2.7775
6/25/2026,2.7675
6/26/2026,2.7395
6/29/2026,2.7795
6/30/2026,3.0215
7/1/2026,3.146
7/2/2026,3.0215
7/3/2026,3.012
7/6/2026,3.473
7/7/2026,3.174
7/8/2026,3.136
7/9/2026,3.4145
7/10/2026,3.3775
7/13/2026,3.305
7/14/2026,3.27
7/15/2026,3.245
7/16/2026,3.1395
7/17/2026,3.211
7/20/2026,3.235
7/21/2026,3.228
