Date,Value
7/2/1959,0.293
7/6/1959,0.291
7/7/1959,0.282
7/8/1959,0.2846
7/9/1959,0.276
7/10/1959,0.2757
7/13/1959,0.278
7/14/1959,0.2855
7/15/1959,0.2873
7/16/1959,0.2915
7/17/1959,0.2916
7/20/1959,0.2893
7/21/1959,0.2916
7/22/1959,0.2943
7/23/1959,0.2939
7/24/1959,0.2933
7/27/1959,0.2932
7/28/1959,0.2935
7/29/1959,0.285
7/30/1959,0.2874
7/31/1959,0.2915
8/3/1959,0.2932
8/4/1959,0.29
8/5/1959,0.2905
8/6/1959,0.2945
8/7/1959,0.2993
8/10/1959,0.302
8/11/1959,0.3028
8/12/1959,0.3049
8/13/1959,0.308
8/14/1959,0.3065
8/17/1959,0.294
8/18/1959,0.301
8/19/1959,0.302
8/20/1959,0.301
8/21/1959,0.3001
8/24/1959,0.2998
8/25/1959,0.298
8/26/1959,0.3018
8/27/1959,0.304
8/28/1959,0.3069
8/31/1959,0.3123
9/1/1959,0.307
9/2/1959,0.3078
9/3/1959,0.3083
9/4/1959,0.3101
9/8/1959,0.3113
9/9/1959,0.3089
9/10/1959,0.3075
9/11/1959,0.3076
9/14/1959,0.3023
9/15/1959,0.2983
9/16/1959,0.2996
9/17/1959,0.2979
9/18/1959,0.2943
9/21/1959,0.291
9/22/1959,0.2917
9/23/1959,0.297
9/24/1959,0.3018
9/25/1959,0.3026
9/28/1959,0.3003
9/29/1959,0.3025
9/30/1959,0.3038
10/1/1959,0.305
10/2/1959,0.3092
10/5/1959,0.3108
10/6/1959,0.3117
10/7/1959,0.3076
10/8/1959,0.309
10/9/1959,0.3099
10/13/1959,0.308
10/14/1959,0.312
10/15/1959,0.3112
10/16/1959,0.3115
10/19/1959,0.316
10/20/1959,0.322
10/21/1959,0.3246
10/22/1959,0.3288
10/23/1959,0.3265
10/26/1959,0.3272
10/27/1959,0.331
10/28/1959,0.3315
10/29/1959,0.332
10/30/1959,0.33
11/2/1959,0.3335
11/4/1959,0.3418
11/5/1959,0.3425
11/6/1959,0.3474
11/9/1959,0.3487
11/10/1959,0.353
11/11/1959,0.3472
11/12/1959,0.3422
11/13/1959,0.3365
11/16/1959,0.3285
11/17/1959,0.3197
11/18/1959,0.3215
11/19/1959,0.3259
11/20/1959,0.3237
11/23/1959,0.32
11/24/1959,0.3222
11/25/1959,0.317
11/27/1959,0.3121
11/30/1959,0.3095
12/1/1959,0.3175
12/2/1959,0.3219
12/3/1959,0.319
12/4/1959,0.3192
12/7/1959,0.3216
12/8/1959,0.3264
12/9/1959,0.3265
12/10/1959,0.3286
12/11/1959,0.3248
12/14/1959,0.3235
12/15/1959,0.3284
12/16/1959,0.3233
12/17/1959,0.3215
12/18/1959,0.3269
12/21/1959,0.3297
12/22/1959,0.3296
12/23/1959,0.3312
12/24/1959,0.3338
12/28/1959,0.3364
12/29/1959,0.3278
12/30/1959,0.3231
12/31/1959,0.3199
1/4/1960,0.3187
1/5/1960,0.318
1/6/1960,0.3195
1/7/1960,0.315
1/8/1960,0.3171
1/11/1960,0.3195
1/12/1960,0.3173
1/13/1960,0.3176
1/14/1960,0.3188
1/15/1960,0.321
1/18/1960,0.3213
1/19/1960,0.3197
1/20/1960,0.3195
1/21/1960,0.3197
1/22/1960,0.3225
1/25/1960,0.3267
1/26/1960,0.3283
1/27/1960,0.3265
1/28/1960,0.324
1/29/1960,0.3201
2/1/1960,0.3166
2/2/1960,0.3186
2/3/1960,0.3181
2/4/1960,0.3236
2/5/1960,0.3222
2/8/1960,0.3233
2/9/1960,0.3265
2/10/1960,0.3255
2/11/1960,0.3274
2/12/1960,0.3286
2/15/1960,0.3255
2/16/1960,0.324
2/17/1960,0.326
2/18/1960,0.328
2/19/1960,0.3265
2/23/1960,0.3202
2/24/1960,0.3173
2/25/1960,0.3157
2/26/1960,0.31
2/29/1960,0.302
3/1/1960,0.2955
3/2/1960,0.2964
3/3/1960,0.296
3/4/1960,0.2925
3/7/1960,0.2911
3/8/1960,0.2919
3/9/1960,0.2933
3/10/1960,0.2907
3/11/1960,0.2855
3/14/1960,0.2877
3/15/1960,0.2875
3/16/1960,0.2862
3/17/1960,0.2847
3/18/1960,0.2894
3/21/1960,0.2902
3/22/1960,0.2912
3/23/1960,0.2929
3/24/1960,0.2939
3/25/1960,0.2953
3/28/1960,0.294
3/29/1960,0.2891
3/30/1960,0.2893
3/31/1960,0.2917
4/1/1960,0.291
4/4/1960,0.2901
4/5/1960,0.2919
4/6/1960,0.2935
4/7/1960,0.2968
4/8/1960,0.297
4/11/1960,0.2987
4/12/1960,0.2999
4/13/1960,0.3017
4/14/1960,0.2994
4/18/1960,0.2991
4/19/1960,0.2987
4/20/1960,0.3004
4/21/1960,0.3044
4/22/1960,0.3099
4/25/1960,0.3119
4/26/1960,0.3047
4/27/1960,0.3048
4/28/1960,0.2987
4/29/1960,0.2943
5/2/1960,0.2931
5/3/1960,0.299
5/4/1960,0.2955
5/5/1960,0.294
5/6/1960,0.2915
5/9/1960,0.2926
5/10/1960,0.2925
5/11/1960,0.2925
5/12/1960,0.293
5/13/1960,0.2908
5/16/1960,0.2909
5/17/1960,0.2969
5/18/1960,0.2963
5/19/1960,0.2987
5/20/1960,0.3035
5/23/1960,0.3048
5/24/1960,0.3
5/25/1960,0.2964
5/26/1960,0.2965
5/27/1960,0.2967
5/31/1960,0.301
6/1/1960,0.3037
6/2/1960,0.3108
6/3/1960,0.3106
6/6/1960,0.3141
6/7/1960,0.311
6/8/1960,0.3084
6/9/1960,0.3112
6/10/1960,0.3124
6/13/1960,0.3136
6/14/1960,0.322
6/15/1960,0.3186
6/16/1960,0.3165
6/17/1960,0.3192
6/20/1960,0.316
6/21/1960,0.3185
6/22/1960,0.3152
6/23/1960,0.3135
6/24/1960,0.3097
6/27/1960,0.3088
6/28/1960,0.3084
6/29/1960,0.3074
6/30/1960,0.3054
7/1/1960,0.3028
7/5/1960,0.3012
7/6/1960,0.3028
7/7/1960,0.3027
7/8/1960,0.3074
7/11/1960,0.3119
7/12/1960,0.3085
7/13/1960,0.3102
7/14/1960,0.3086
7/15/1960,0.3055
7/18/1960,0.3076
7/19/1960,0.3058
7/20/1960,0.3096
7/21/1960,0.309
7/22/1960,0.3074
7/25/1960,0.3068
7/26/1960,0.308
7/27/1960,0.3088
7/28/1960,0.3071
7/29/1960,0.3072
8/1/1960,0.3084
8/2/1960,0.3075
8/3/1960,0.3077
8/4/1960,0.3059
8/5/1960,0.3058
8/8/1960,0.3035
8/9/1960,0.3035
8/10/1960,0.3027
8/11/1960,0.3022
8/12/1960,0.3025
8/15/1960,0.3006
8/16/1960,0.3025
8/17/1960,0.303
8/18/1960,0.3037
8/19/1960,0.3045
8/22/1960,0.3017
8/23/1960,0.3026
8/24/1960,0.3035
8/25/1960,0.3038
8/26/1960,0.3013
8/29/1960,0.2992
8/30/1960,0.2967
8/31/1960,0.2929
9/1/1960,0.2931
9/2/1960,0.293
9/6/1960,0.2925
9/7/1960,0.2917
9/8/1960,0.2894
9/9/1960,0.289
9/12/1960,0.2892
9/13/1960,0.2895
9/14/1960,0.2913
9/15/1960,0.2921
9/16/1960,0.2937
9/19/1960,0.2893
9/20/1960,0.2912
9/21/1960,0.2925
9/22/1960,0.2905
9/23/1960,0.2901
9/26/1960,0.2882
9/27/1960,0.2883
9/28/1960,0.288
9/29/1960,0.2867
9/30/1960,0.2881
10/3/1960,0.2842
10/4/1960,0.2825
10/5/1960,0.2825
10/6/1960,0.2818
10/7/1960,0.2819
10/10/1960,0.2839
10/11/1960,0.2822
10/12/1960,0.278
10/13/1960,0.278
10/14/1960,0.2789
10/17/1960,0.2796
10/18/1960,0.2771
10/19/1960,0.2768
10/20/1960,0.2802
10/21/1960,0.2766
10/24/1960,0.277
10/25/1960,0.2776
10/26/1960,0.2774
10/27/1960,0.2789
10/28/1960,0.278
10/31/1960,0.2782
11/1/1960,0.2796
11/2/1960,0.282
11/3/1960,0.2826
11/4/1960,0.2818
11/7/1960,0.2842
11/9/1960,0.2862
11/10/1960,0.2838
11/11/1960,0.2832
11/14/1960,0.2795
11/15/1960,0.2823
11/16/1960,0.2795
11/17/1960,0.2804
11/18/1960,0.2804
11/21/1960,0.284
11/22/1960,0.2835
11/23/1960,0.2818
11/25/1960,0.2813
11/28/1960,0.2807
11/29/1960,0.2795
11/30/1960,0.2805
12/1/1960,0.2819
12/2/1960,0.2817
12/5/1960,0.2828
12/6/1960,0.283
12/7/1960,0.2806
12/8/1960,0.2814
12/9/1960,0.2815
12/12/1960,0.2814
12/13/1960,0.2791
12/14/1960,0.2779
12/15/1960,0.2753
12/16/1960,0.276
12/19/1960,0.2757
12/20/1960,0.2772
12/21/1960,0.278
12/22/1960,0.2793
12/23/1960,0.2791
12/27/1960,0.2784
12/28/1960,0.2764
12/29/1960,0.2767
12/30/1960,0.2773
1/3/1961,0.2767
1/4/1961,0.2745
1/5/1961,0.276
1/6/1961,0.2763
1/9/1961,0.2701
1/10/1961,0.2696
1/11/1961,0.2672
1/12/1961,0.2684
1/13/1961,0.2702
1/16/1961,0.2675
1/17/1961,0.2709
1/18/1961,0.274
1/19/1961,0.2727
1/20/1961,0.2726
1/23/1961,0.275
1/24/1961,0.2737
1/25/1961,0.2709
1/26/1961,0.2713
1/27/1961,0.2726
1/30/1961,0.2757
1/31/1961,0.2739
2/1/1961,0.2755
2/2/1961,0.2768
2/3/1961,0.2765
2/6/1961,0.278
2/7/1961,0.2785
2/8/1961,0.2782
2/9/1961,0.2783
2/10/1961,0.2796
2/13/1961,0.2808
2/14/1961,0.2828
2/15/1961,0.2836
2/16/1961,0.2821
2/17/1961,0.2845
2/20/1961,0.2868
2/21/1961,0.2874
2/23/1961,0.2879
2/24/1961,0.2906
2/27/1961,0.2874
2/28/1961,0.2866
3/1/1961,0.2847
3/2/1961,0.2868
3/3/1961,0.286
3/6/1961,0.2878
3/7/1961,0.2869
3/8/1961,0.2861
3/9/1961,0.2842
3/10/1961,0.284
3/13/1961,0.2837
3/14/1961,0.2844
3/15/1961,0.2855
3/16/1961,0.286
3/17/1961,0.2908
3/20/1961,0.29
3/21/1961,0.2885
3/22/1961,0.288
3/23/1961,0.2893
3/24/1961,0.2892
3/27/1961,0.2842
3/28/1961,0.285
3/29/1961,0.285
3/30/1961,0.2857
4/3/1961,0.2853
4/4/1961,0.2875
4/5/1961,0.2875
4/6/1961,0.29
4/7/1961,0.2928
4/10/1961,0.2943
4/11/1961,0.2951
4/12/1961,0.2985
4/13/1961,0.2977
4/14/1961,0.2957
4/17/1961,0.2971
4/18/1961,0.2988
4/19/1961,0.2944
4/20/1961,0.2966
4/21/1961,0.297
4/24/1961,0.2988
4/25/1961,0.2987
4/26/1961,0.301
4/27/1961,0.3057
4/28/1961,0.3038
5/1/1961,0.306
5/2/1961,0.3064
5/3/1961,0.3094
5/4/1961,0.3082
5/5/1961,0.3122
5/8/1961,0.3125
5/9/1961,0.312
5/10/1961,0.3128
5/11/1961,0.3115
5/12/1961,0.3135
5/15/1961,0.3173
5/16/1961,0.3198
5/17/1961,0.3189
5/18/1961,0.319
5/19/1961,0.321
5/22/1961,0.3257
5/23/1961,0.3255
5/24/1961,0.3276
5/25/1961,0.3207
5/26/1961,0.3227
5/31/1961,0.3178
6/1/1961,0.3146
6/2/1961,0.3164
6/5/1961,0.3127
6/6/1961,0.3107
6/7/1961,0.3064
6/8/1961,0.3085
6/9/1961,0.3105
6/12/1961,0.3051
6/13/1961,0.3048
6/14/1961,0.3041
6/15/1961,0.3018
6/16/1961,0.2982
6/19/1961,0.297
6/20/1961,0.3014
6/21/1961,0.3047
6/22/1961,0.3047
6/23/1961,0.3052
6/26/1961,0.3048
6/27/1961,0.3057
6/28/1961,0.3102
6/29/1961,0.3078
6/30/1961,0.3065
7/3/1961,0.3007
7/5/1961,0.3023
7/6/1961,0.2994
7/7/1961,0.3023
7/10/1961,0.3025
7/11/1961,0.3034
7/12/1961,0.3021
7/13/1961,0.3023
7/14/1961,0.3025
7/17/1961,0.3044
7/18/1961,0.3025
7/19/1961,0.3018
7/20/1961,0.305
7/21/1961,0.3065
7/24/1961,0.307
7/25/1961,0.3049
7/26/1961,0.3055
7/27/1961,0.3057
7/28/1961,0.3064
7/31/1961,0.3077
8/1/1961,0.3037
8/2/1961,0.3037
8/3/1961,0.3027
8/4/1961,0.304
8/7/1961,0.3063
8/8/1961,0.3056
8/9/1961,0.3056
8/10/1961,0.3047
8/11/1961,0.3062
8/14/1961,0.306
8/15/1961,0.3055
8/16/1961,0.3075
8/17/1961,0.3082
8/18/1961,0.3078
8/21/1961,0.3102
8/22/1961,0.3098
8/23/1961,0.3087
8/24/1961,0.3071
8/25/1961,0.3092
8/28/1961,0.3114
8/29/1961,0.3123
8/30/1961,0.3123
8/31/1961,0.3136
9/1/1961,0.3144
9/5/1961,0.3148
9/6/1961,0.3136
9/7/1961,0.3114
9/8/1961,0.3105
9/11/1961,0.3109
9/12/1961,0.3126
9/13/1961,0.3132
9/14/1961,0.3122
9/15/1961,0.3114
9/18/1961,0.309
9/19/1961,0.3083
9/20/1961,0.307
9/21/1961,0.3063
9/22/1961,0.3056
9/25/1961,0.3032
9/26/1961,0.3014
9/27/1961,0.3019
9/28/1961,0.2994
9/29/1961,0.2979
10/2/1961,0.297
10/3/1961,0.2981
10/4/1961,0.3019
10/5/1961,0.3026
10/6/1961,0.3006
10/9/1961,0.2968
10/10/1961,0.2982
10/11/1961,0.2985
10/12/1961,0.3019
10/13/1961,0.3045
10/16/1961,0.303
10/17/1961,0.3003
10/18/1961,0.2996
10/19/1961,0.3006
10/20/1961,0.3001
10/23/1961,0.2977
10/24/1961,0.2985
10/25/1961,0.3002
10/26/1961,0.3011
10/27/1961,0.3
10/30/1961,0.2985
10/31/1961,0.298
11/1/1961,0.2982
11/2/1961,0.2983
11/3/1961,0.2995
11/6/1961,0.2998
11/8/1961,0.3023
11/9/1961,0.3006
11/10/1961,0.2962
11/13/1961,0.295
11/14/1961,0.2945
11/15/1961,0.2953
11/16/1961,0.2952
11/17/1961,0.2961
11/20/1961,0.2965
11/21/1961,0.2951
11/22/1961,0.2961
11/24/1961,0.2978
11/27/1961,0.2981
11/28/1961,0.2961
11/29/1961,0.2941
11/30/1961,0.2959
12/1/1961,0.2961
12/4/1961,0.2962
12/5/1961,0.2987
12/6/1961,0.3
12/7/1961,0.3
12/8/1961,0.2986
12/11/1961,0.3025
12/12/1961,0.3009
12/13/1961,0.3025
12/14/1961,0.3007
12/15/1961,0.2998
12/18/1961,0.2975
12/19/1961,0.299
12/20/1961,0.3008
12/21/1961,0.301
12/22/1961,0.299
12/26/1961,0.3003
12/27/1961,0.3002
12/28/1961,0.3001
12/29/1961,0.3015
1/2/1962,0.3019
1/3/1962,0.3032
1/4/1962,0.3044
1/5/1962,0.3059
1/8/1962,0.3038
1/9/1962,0.3039
1/10/1962,0.303
1/11/1962,0.3027
1/15/1962,0.2995
1/16/1962,0.2988
1/17/1962,0.3
1/18/1962,0.302
1/19/1962,0.3025
1/22/1962,0.303
1/23/1962,0.3003
1/24/1962,0.3035
1/25/1962,0.3034
1/26/1962,0.3026
1/29/1962,0.3021
1/30/1962,0.303
1/31/1962,0.305
2/1/1962,0.3035
2/2/1962,0.3031
2/5/1962,0.3025
2/6/1962,0.3031
2/7/1962,0.3031
2/8/1962,0.3034
2/9/1962,0.3032
2/12/1962,0.303
2/13/1962,0.3038
2/14/1962,0.303
2/15/1962,0.3023
2/16/1962,0.3031
2/19/1962,0.3031
2/20/1962,0.304
2/21/1962,0.304
2/23/1962,0.3039
2/26/1962,0.3048
2/27/1962,0.3048
2/28/1962,0.3046
3/1/1962,0.3049
3/2/1962,0.306
3/5/1962,0.3067
3/6/1962,0.3056
3/7/1962,0.3056
3/8/1962,0.3054
3/9/1962,0.3059
3/12/1962,0.306
3/13/1962,0.3063
3/14/1962,0.3061
3/15/1962,0.3071
3/16/1962,0.3075
3/19/1962,0.3073
3/20/1962,0.3067
3/21/1962,0.3068
3/22/1962,0.3063
3/23/1962,0.304
3/26/1962,0.3028
3/27/1962,0.3035
3/28/1962,0.3032
3/29/1962,0.3032
3/30/1962,0.3034
4/2/1962,0.3031
4/3/1962,0.3031
4/4/1962,0.3006
4/5/1962,0.301
4/6/1962,0.3008
4/9/1962,0.3011
4/10/1962,0.2999
4/11/1962,0.2999
4/12/1962,0.2996
4/13/1962,0.2997
4/16/1962,0.2988
4/17/1962,0.299
4/18/1962,0.2984
4/19/1962,0.2968
4/23/1962,0.2976
4/24/1962,0.2958
4/25/1962,0.295
4/26/1962,0.2964
4/27/1962,0.2967
4/30/1962,0.2989
5/1/1962,0.2988
5/2/1962,0.2984
5/3/1962,0.2976
5/4/1962,0.297
5/7/1962,0.2974
5/8/1962,0.2981
5/9/1962,0.2994
5/10/1962,0.2989
5/11/1962,0.298
5/14/1962,0.2982
5/15/1962,0.2982
5/16/1962,0.297
5/17/1962,0.2971
5/18/1962,0.297
5/21/1962,0.2954
5/22/1962,0.2945
5/23/1962,0.2923
5/24/1962,0.2912
5/25/1962,0.2892
5/28/1962,0.288
5/29/1962,0.2881
5/31/1962,0.2882
6/1/1962,0.2876
6/4/1962,0.2866
6/5/1962,0.2866
6/6/1962,0.2875
6/7/1962,0.288
6/8/1962,0.2881
6/11/1962,0.2879
6/12/1962,0.2872
6/13/1962,0.2872
6/14/1962,0.2862
6/15/1962,0.287
6/18/1962,0.2874
6/19/1962,0.2862
6/20/1962,0.2862
6/21/1962,0.284
6/22/1962,0.2848
6/25/1962,0.2835
6/26/1962,0.2839
6/27/1962,0.2846
6/28/1962,0.2852
6/29/1962,0.285
7/2/1962,0.2859
7/3/1962,0.2865
7/5/1962,0.2864
7/6/1962,0.2878
7/9/1962,0.2879
7/10/1962,0.2854
7/11/1962,0.282
7/12/1962,0.2826
7/13/1962,0.2827
7/16/1962,0.2815
7/17/1962,0.2818
7/18/1962,0.2811
7/19/1962,0.2828
7/20/1962,0.2834
7/23/1962,0.2822
7/24/1962,0.284
7/25/1962,0.285
7/26/1962,0.2844
7/27/1962,0.2842
7/30/1962,0.2838
7/31/1962,0.2834
8/1/1962,0.2825
8/2/1962,0.2825
8/3/1962,0.2825
8/6/1962,0.2831
8/7/1962,0.2834
8/8/1962,0.2857
8/9/1962,0.2866
8/10/1962,0.2863
8/13/1962,0.2876
8/14/1962,0.2872
8/15/1962,0.2891
8/16/1962,0.2904
8/17/1962,0.2927
8/20/1962,0.2936
8/21/1962,0.2932
8/22/1962,0.2922
8/23/1962,0.293
8/24/1962,0.2923
8/27/1962,0.2924
8/28/1962,0.2913
8/29/1962,0.2901
8/30/1962,0.2905
8/31/1962,0.289
9/4/1962,0.288
9/5/1962,0.287
9/6/1962,0.2871
9/7/1962,0.2866
9/10/1962,0.2873
9/11/1962,0.2875
9/12/1962,0.288
9/13/1962,0.2874
9/14/1962,0.2876
9/17/1962,0.2878
9/18/1962,0.2878
9/19/1962,0.2881
9/20/1962,0.2856
9/21/1962,0.2845
9/24/1962,0.2828
9/25/1962,0.2831
9/26/1962,0.2824
9/27/1962,0.2818
9/28/1962,0.2818
10/1/1962,0.2828
10/2/1962,0.2825
10/3/1962,0.2826
10/4/1962,0.2832
10/5/1962,0.2833
10/8/1962,0.282
10/9/1962,0.2823
10/10/1962,0.2822
10/11/1962,0.2821
10/12/1962,0.2804
10/15/1962,0.2809
10/16/1962,0.28
10/17/1962,0.2806
10/18/1962,0.2818
10/19/1962,0.2822
10/22/1962,0.284
10/23/1962,0.2905
10/24/1962,0.2918
10/25/1962,0.2884
10/26/1962,0.2917
10/29/1962,0.2866
10/30/1962,0.287
10/31/1962,0.2872
11/1/1962,0.2885
11/2/1962,0.2887
11/5/1962,0.2881
11/7/1962,0.2888
11/8/1962,0.2878
11/9/1962,0.2876
11/12/1962,0.2882
11/13/1962,0.288
11/14/1962,0.2884
11/15/1962,0.2885
11/16/1962,0.2886
11/19/1962,0.2892
11/20/1962,0.2888
11/21/1962,0.2881
11/23/1962,0.2874
11/26/1962,0.2874
11/27/1962,0.2866
11/28/1962,0.2869
11/29/1962,0.2863
11/30/1962,0.2878
12/3/1962,0.2871
12/4/1962,0.2867
12/5/1962,0.2853
12/6/1962,0.2851
12/7/1962,0.2846
12/10/1962,0.2852
12/11/1962,0.2861
12/12/1962,0.2869
12/13/1962,0.2867
12/14/1962,0.2864
12/17/1962,0.2876
12/18/1962,0.288
12/19/1962,0.2879
12/20/1962,0.2877
12/21/1962,0.2878
12/26/1962,0.2882
12/27/1962,0.2878
12/28/1962,0.2887
12/31/1962,0.2879
1/2/1963,0.287
1/3/1963,0.2883
1/4/1963,0.2889
1/7/1963,0.2897
1/8/1963,0.2894
1/9/1963,0.2898
1/10/1963,0.291
1/11/1963,0.292
1/14/1963,0.2927
1/15/1963,0.2902
1/16/1963,0.2892
1/17/1963,0.2901
1/18/1963,0.2906
1/21/1963,0.2902
1/22/1963,0.291
1/23/1963,0.2918
1/24/1963,0.292
1/25/1963,0.2925
1/28/1963,0.2912
1/29/1963,0.2912
1/30/1963,0.2919
1/31/1963,0.2922
2/1/1963,0.2918
2/4/1963,0.2921
2/5/1963,0.293
2/6/1963,0.293
2/7/1963,0.2929
2/8/1963,0.2935
2/11/1963,0.294
2/12/1963,0.2949
2/13/1963,0.2953
2/14/1963,0.294
2/15/1963,0.2938
2/18/1963,0.2937
2/19/1963,0.2949
2/20/1963,0.295
2/21/1963,0.2953
2/25/1963,0.2951
2/26/1963,0.2948
2/27/1963,0.295
2/28/1963,0.2948
3/1/1963,0.2942
3/4/1963,0.2943
3/5/1963,0.294
3/6/1963,0.2939
3/7/1963,0.2937
3/8/1963,0.2929
3/11/1963,0.2935
3/12/1963,0.2955
3/13/1963,0.2953
3/14/1963,0.2951
3/15/1963,0.2952
3/18/1963,0.2962
3/19/1963,0.2964
3/20/1963,0.297
3/21/1963,0.2975
3/22/1963,0.2973
3/25/1963,0.2971
3/26/1963,0.298
3/27/1963,0.2977
3/28/1963,0.2987
3/29/1963,0.2985
4/1/1963,0.298
4/2/1963,0.2983
4/3/1963,0.2985
4/4/1963,0.2975
4/5/1963,0.2984
4/8/1963,0.2995
4/9/1963,0.3008
4/10/1963,0.2995
4/11/1963,0.3
4/15/1963,0.3
4/16/1963,0.3012
4/17/1963,0.3012
4/18/1963,0.2991
4/19/1963,0.299
4/22/1963,0.2985
4/23/1963,0.2973
4/24/1963,0.2973
4/25/1963,0.2982
4/26/1963,0.2973
4/29/1963,0.297
4/30/1963,0.2981
5/1/1963,0.2987
5/2/1963,0.2982
5/3/1963,0.2981
5/6/1963,0.2977
5/7/1963,0.2982
5/8/1963,0.2989
5/9/1963,0.2989
5/10/1963,0.2989
5/13/1963,0.2985
5/14/1963,0.298
5/15/1963,0.2992
5/16/1963,0.2995
5/17/1963,0.2994
5/20/1963,0.2988
5/21/1963,0.2982
5/22/1963,0.2986
5/23/1963,0.2982
5/24/1963,0.2985
5/27/1963,0.2986
5/28/1963,0.298
5/29/1963,0.298
5/31/1963,0.2975
6/3/1963,0.2973
6/4/1963,0.297
6/5/1963,0.2977
6/6/1963,0.2977
6/7/1963,0.2975
6/10/1963,0.2972
6/11/1963,0.2975
6/12/1963,0.2982
6/13/1963,0.2982
6/14/1963,0.2986
6/17/1963,0.2981
6/18/1963,0.2982
6/19/1963,0.2981
6/20/1963,0.2981
6/21/1963,0.2981
6/24/1963,0.2978
6/25/1963,0.2968
6/26/1963,0.296
6/27/1963,0.2956
6/28/1963,0.2959
7/1/1963,0.2961
7/2/1963,0.296
7/3/1963,0.2961
7/5/1963,0.2965
7/8/1963,0.2965
7/9/1963,0.2965
7/10/1963,0.2973
7/11/1963,0.298
7/12/1963,0.2971
7/15/1963,0.2974
7/16/1963,0.2965
7/17/1963,0.2965
7/18/1963,0.2963
7/19/1963,0.2958
7/22/1963,0.2962
7/23/1963,0.2963
7/24/1963,0.296
7/25/1963,0.2965
7/26/1963,0.297
7/29/1963,0.297
7/30/1963,0.2972
7/31/1963,0.2972
8/1/1963,0.2975
8/2/1963,0.2975
8/5/1963,0.2975
8/6/1963,0.2975
8/7/1963,0.297
8/8/1963,0.297
8/9/1963,0.2972
8/12/1963,0.297
8/13/1963,0.2973
8/14/1963,0.2973
8/15/1963,0.297
8/16/1963,0.297
8/19/1963,0.2965
8/20/1963,0.2968
8/21/1963,0.297
8/22/1963,0.2966
8/23/1963,0.2964
8/26/1963,0.2962
8/27/1963,0.2964
8/28/1963,0.2964
8/29/1963,0.2967
8/30/1963,0.2972
9/3/1963,0.2974
9/4/1963,0.298
9/5/1963,0.2985
9/6/1963,0.2989
9/9/1963,0.2995
9/10/1963,0.3
9/11/1963,0.3009
9/12/1963,0.3014
9/13/1963,0.3005
9/16/1963,0.3
9/17/1963,0.3007
9/18/1963,0.3012
9/19/1963,0.3016
9/20/1963,0.3015
9/23/1963,0.3009
9/24/1963,0.3015
9/25/1963,0.3021
9/26/1963,0.3015
9/27/1963,0.3005
9/30/1963,0.3006
10/1/1963,0.3005
10/2/1963,0.2998
10/3/1963,0.2996
10/4/1963,0.2998
10/7/1963,0.2998
10/8/1963,0.3
10/9/1963,0.3
10/10/1963,0.3005
10/11/1963,0.3005
10/14/1963,0.3002
10/15/1963,0.2997
10/16/1963,0.3
10/17/1963,0.3
10/18/1963,0.3001
10/21/1963,0.3
10/22/1963,0.3
10/23/1963,0.3005
10/24/1963,0.3007
10/25/1963,0.301
10/28/1963,0.301
10/29/1963,0.3023
10/30/1963,0.3022
10/31/1963,0.3018
11/1/1963,0.3015
11/4/1963,0.3015
11/6/1963,0.3013
11/7/1963,0.3012
11/8/1963,0.3015
11/11/1963,0.3012
11/12/1963,0.3014
11/13/1963,0.3011
11/14/1963,0.3009
11/15/1963,0.301
11/18/1963,0.3
11/19/1963,0.3006
11/20/1963,0.3
11/21/1963,0.3
11/22/1963,0.3001
11/26/1963,0.2986
11/27/1963,0.2995
11/29/1963,0.3
12/2/1963,0.2995
12/3/1963,0.2995
12/4/1963,0.2998
12/5/1963,0.3006
12/6/1963,0.3014
12/9/1963,0.3005
12/10/1963,0.3007
12/11/1963,0.301
12/12/1963,0.3015
12/13/1963,0.302
12/16/1963,0.3015
12/17/1963,0.3015
12/18/1963,0.302
12/19/1963,0.303
12/20/1963,0.3013
12/23/1963,0.3005
12/24/1963,0.3005
12/26/1963,0.3033
12/27/1963,0.303
12/30/1963,0.3037
12/31/1963,0.3046
1/2/1964,0.3055
1/3/1964,0.3045
1/6/1964,0.3052
1/7/1964,0.3075
1/8/1964,0.3087
1/9/1964,0.31
1/10/1964,0.3086
1/13/1964,0.3093
1/14/1964,0.3112
1/15/1964,0.3155
1/16/1964,0.3158
1/17/1964,0.313
1/20/1964,0.31
1/21/1964,0.311
1/22/1964,0.313
1/23/1964,0.314
1/24/1964,0.314
1/27/1964,0.311
1/28/1964,0.3125
1/29/1964,0.3137
1/30/1964,0.3131
1/31/1964,0.312
2/3/1964,0.3135
2/4/1964,0.3143
2/5/1964,0.3155
2/6/1964,0.3175
2/7/1964,0.3177
2/10/1964,0.3185
2/11/1964,0.3175
2/12/1964,0.318
2/13/1964,0.3225
2/14/1964,0.3256
2/17/1964,0.3262
2/18/1964,0.33
2/19/1964,0.3324
2/20/1964,0.332
2/24/1964,0.345
2/25/1964,0.3447
2/26/1964,0.3379
2/27/1964,0.3373
2/28/1964,0.3444
3/2/1964,0.3475
3/3/1964,0.346
3/4/1964,0.3432
3/5/1964,0.3435
3/6/1964,0.3473
3/9/1964,0.3495
3/10/1964,0.3505
3/11/1964,0.3465
3/12/1964,0.3495
3/13/1964,0.3515
3/16/1964,0.349
3/17/1964,0.3535
3/18/1964,0.3506
3/19/1964,0.3563
3/20/1964,0.355
3/23/1964,0.3535
3/24/1964,0.3535
3/25/1964,0.3605
3/26/1964,0.364
3/30/1964,0.3725
3/31/1964,0.3702
4/1/1964,0.3755
4/2/1964,0.369
4/3/1964,0.374
4/6/1964,0.388
4/7/1964,0.388
4/8/1964,0.392
4/9/1964,0.396
4/10/1964,0.3965
4/13/1964,0.3955
4/14/1964,0.3875
4/15/1964,0.3855
4/16/1964,0.3845
4/17/1964,0.389
4/20/1964,0.384
4/21/1964,0.3805
4/22/1964,0.386
4/23/1964,0.384
4/24/1964,0.3835
4/27/1964,0.3893
4/28/1964,0.3868
4/29/1964,0.399
4/30/1964,0.3938
5/1/1964,0.3915
5/4/1964,0.3955
5/5/1964,0.3907
5/6/1964,0.3819
5/7/1964,0.3836
5/8/1964,0.379
5/11/1964,0.365
5/12/1964,0.367
5/13/1964,0.3699
5/14/1964,0.3687
5/15/1964,0.3715
5/18/1964,0.3745
5/19/1964,0.3723
5/20/1964,0.3675
5/21/1964,0.3719
5/22/1964,0.3705
5/25/1964,0.3641
5/26/1964,0.3575
5/27/1964,0.3595
5/28/1964,0.3618
6/1/1964,0.355
6/2/1964,0.3563
6/3/1964,0.3602
6/4/1964,0.3718
6/5/1964,0.3735
6/8/1964,0.374
6/9/1964,0.371
6/10/1964,0.374
6/11/1964,0.3798
6/12/1964,0.3858
6/15/1964,0.3758
6/16/1964,0.376
6/17/1964,0.3738
6/18/1964,0.3702
6/19/1964,0.371
6/22/1964,0.3732
6/23/1964,0.3717
6/24/1964,0.3745
6/25/1964,0.3666
6/26/1964,0.363
6/29/1964,0.3585
6/30/1964,0.3537
7/1/1964,0.3562
7/2/1964,0.358
7/6/1964,0.3658
7/7/1964,0.3643
7/8/1964,0.369
7/9/1964,0.3709
7/10/1964,0.3737
7/13/1964,0.3725
7/14/1964,0.3662
7/15/1964,0.3683
7/16/1964,0.365
7/17/1964,0.3693
7/20/1964,0.377
7/21/1964,0.3777
7/22/1964,0.3812
7/23/1964,0.3726
7/24/1964,0.3728
7/27/1964,0.3745
7/28/1964,0.3775
7/29/1964,0.3782
7/30/1964,0.3849
7/31/1964,0.388
8/3/1964,0.3884
8/4/1964,0.3941
8/5/1964,0.4035
8/6/1964,0.4012
8/7/1964,0.4072
8/10/1964,0.4118
8/11/1964,0.4167
8/12/1964,0.425
8/13/1964,0.405
8/14/1964,0.403
8/17/1964,0.4015
8/18/1964,0.396
8/19/1964,0.397
8/20/1964,0.4046
8/21/1964,0.4065
8/24/1964,0.4011
8/25/1964,0.404
8/26/1964,0.4007
8/27/1964,0.3915
8/28/1964,0.3861
8/31/1964,0.377
9/1/1964,0.3751
9/2/1964,0.3833
9/3/1964,0.3934
9/4/1964,0.387
9/8/1964,0.3772
9/9/1964,0.3965
9/10/1964,0.3948
9/11/1964,0.398
9/14/1964,0.3983
9/15/1964,0.405
9/16/1964,0.414
9/17/1964,0.423
9/18/1964,0.425
9/21/1964,0.4105
9/22/1964,0.4116
9/23/1964,0.4268
9/24/1964,0.4312
9/25/1964,0.4385
9/28/1964,0.446
9/29/1964,0.433
9/30/1964,0.4445
10/1/1964,0.4368
10/2/1964,0.4568
10/5/1964,0.455
10/6/1964,0.4628
10/7/1964,0.4705
10/8/1964,0.4655
10/9/1964,0.4795
10/12/1964,0.4995
10/13/1964,0.5
10/14/1964,0.516
10/15/1964,0.517
10/16/1964,0.5275
10/19/1964,0.543
10/20/1964,0.548
10/21/1964,0.545
10/22/1964,0.525
10/23/1964,0.527
10/26/1964,0.537
10/27/1964,0.517
10/28/1964,0.497
10/29/1964,0.517
10/30/1964,0.537
11/2/1964,0.5275
11/4/1964,0.5465
11/5/1964,0.5665
11/6/1964,0.5505
11/9/1964,0.5705
11/10/1964,0.575
11/12/1964,0.555
11/13/1964,0.54
11/16/1964,0.553
11/17/1964,0.552
11/18/1964,0.5632
11/19/1964,0.5832
11/20/1964,0.5895
11/23/1964,0.5875
11/24/1964,0.5853
11/25/1964,0.5734
11/27/1964,0.5535
11/30/1964,0.5427
12/1/1964,0.5263
12/2/1964,0.534
12/3/1964,0.538
12/4/1964,0.537
12/7/1964,0.5445
12/8/1964,0.554
12/9/1964,0.5585
12/10/1964,0.544
12/11/1964,0.5505
12/14/1964,0.5295
12/15/1964,0.5245
12/16/1964,0.498
12/17/1964,0.478
12/18/1964,0.467
12/21/1964,0.447
12/22/1964,0.427
12/23/1964,0.4155
12/28/1964,0.3981
12/29/1964,0.4094
12/30/1964,0.3818
12/31/1964,0.3715
1/4/1965,0.378
1/5/1965,0.3806
1/6/1965,0.391
1/7/1965,0.3805
1/8/1965,0.3845
1/11/1965,0.3875
1/12/1965,0.3825
1/13/1965,0.3765
1/14/1965,0.369
1/15/1965,0.373
1/18/1965,0.37
1/19/1965,0.3655
1/20/1965,0.3705
1/21/1965,0.3735
1/22/1965,0.372
1/25/1965,0.3773
1/26/1965,0.371
1/27/1965,0.3755
1/28/1965,0.382
1/29/1965,0.3815
2/1/1965,0.385
2/2/1965,0.3874
2/3/1965,0.3965
2/4/1965,0.3985
2/5/1965,0.3922
2/8/1965,0.4032
2/9/1965,0.4105
2/10/1965,0.4235
2/11/1965,0.431
2/15/1965,0.436
2/16/1965,0.4405
2/17/1965,0.4305
2/18/1965,0.4435
2/19/1965,0.4505
2/23/1965,0.4302
2/24/1965,0.426
2/25/1965,0.4231
2/26/1965,0.4014
3/1/1965,0.3815
3/2/1965,0.3872
3/3/1965,0.3845
3/4/1965,0.3945
3/5/1965,0.4058
3/8/1965,0.418
3/9/1965,0.429
3/10/1965,0.4365
3/11/1965,0.4295
3/12/1965,0.4325
3/15/1965,0.4247
3/16/1965,0.429
3/17/1965,0.4478
3/18/1965,0.452
3/19/1965,0.459
3/22/1965,0.4635
3/23/1965,0.4558
3/24/1965,0.444
3/25/1965,0.4565
3/26/1965,0.4705
3/29/1965,0.464
3/30/1965,0.4735
3/31/1965,0.475
4/1/1965,0.468
4/2/1965,0.484
4/5/1965,0.4985
4/6/1965,0.498
4/7/1965,0.511
4/8/1965,0.5065
4/9/1965,0.52
4/12/1965,0.5215
4/13/1965,0.5275
4/14/1965,0.5355
4/15/1965,0.545
4/19/1965,0.564
4/20/1965,0.584
4/21/1965,0.564
4/22/1965,0.58
4/23/1965,0.5765
4/26/1965,0.5565
4/27/1965,0.5274
4/28/1965,0.5058
4/29/1965,0.4772
4/30/1965,0.4948
5/3/1965,0.4895
5/4/1965,0.5045
5/5/1965,0.503
5/6/1965,0.481
5/7/1965,0.4875
5/10/1965,0.4785
5/11/1965,0.4975
5/12/1965,0.485
5/13/1965,0.488
5/14/1965,0.4865
5/17/1965,0.497
5/18/1965,0.503
5/19/1965,0.5025
5/20/1965,0.496
5/21/1965,0.4825
5/24/1965,0.48
5/25/1965,0.481
5/26/1965,0.461
5/27/1965,0.457
5/28/1965,0.4633
6/1/1965,0.4825
6/2/1965,0.4765
6/3/1965,0.4805
6/4/1965,0.4955
6/7/1965,0.4925
6/8/1965,0.484
6/9/1965,0.492
6/10/1965,0.505
6/11/1965,0.4995
6/14/1965,0.4885
6/15/1965,0.4835
6/16/1965,0.484
6/17/1965,0.4835
6/18/1965,0.4915
6/21/1965,0.482
6/22/1965,0.4855
6/23/1965,0.485
6/24/1965,0.465
6/25/1965,0.4612
6/28/1965,0.4475
6/29/1965,0.4498
6/30/1965,0.4384
7/1/1965,0.428
7/2/1965,0.4265
7/6/1965,0.418
7/7/1965,0.424
7/8/1965,0.432
7/9/1965,0.431
7/12/1965,0.4255
7/13/1965,0.4275
7/14/1965,0.434
7/15/1965,0.443
7/16/1965,0.4435
7/19/1965,0.442
7/20/1965,0.462
7/21/1965,0.4505
7/22/1965,0.4705
7/23/1965,0.47
7/26/1965,0.49
7/27/1965,0.5035
7/28/1965,0.483
7/29/1965,0.485
7/30/1965,0.4945
8/2/1965,0.502
8/3/1965,0.497
8/4/1965,0.515
8/5/1965,0.506
8/6/1965,0.5115
8/9/1965,0.5085
8/10/1965,0.5125
8/11/1965,0.523
8/12/1965,0.525
8/13/1965,0.5185
8/16/1965,0.527
8/17/1965,0.522
8/18/1965,0.521
8/19/1965,0.5245
8/20/1965,0.522
8/23/1965,0.526
8/24/1965,0.5375
8/25/1965,0.5345
8/26/1965,0.5172
8/27/1965,0.5026
8/30/1965,0.4871
8/31/1965,0.4923
9/1/1965,0.4855
9/2/1965,0.487
9/3/1965,0.4915
9/7/1965,0.5035
9/8/1965,0.504
9/9/1965,0.505
9/10/1965,0.507
9/13/1965,0.515
9/14/1965,0.5065
9/15/1965,0.5159
9/16/1965,0.514
9/17/1965,0.5215
9/20/1965,0.5235
9/21/1965,0.5215
9/22/1965,0.5278
9/23/1965,0.532
9/24/1965,0.537
9/27/1965,0.555
9/28/1965,0.5485
9/29/1965,0.548
9/30/1965,0.5535
10/1/1965,0.5565
10/4/1965,0.5615
10/5/1965,0.5425
10/6/1965,0.5435
10/7/1965,0.5534
10/8/1965,0.56
10/11/1965,0.5555
10/13/1965,0.5555
10/14/1965,0.548
10/15/1965,0.5555
10/18/1965,0.563
10/19/1965,0.571
10/20/1965,0.5675
10/21/1965,0.5595
10/22/1965,0.56
10/25/1965,0.5675
10/26/1965,0.5655
10/27/1965,0.5615
10/28/1965,0.5644
10/29/1965,0.5735
11/1/1965,0.566
11/3/1965,0.5785
11/4/1965,0.579
11/5/1965,0.5975
11/8/1965,0.597
11/9/1965,0.577
11/12/1965,0.597
11/15/1965,0.6045
11/16/1965,0.599
11/17/1965,0.579
11/18/1965,0.559
11/19/1965,0.539
11/22/1965,0.519
11/23/1965,0.5
11/24/1965,0.5131
11/26/1965,0.5304
11/29/1965,0.5432
11/30/1965,0.5284
12/1/1965,0.531
12/2/1965,0.536
12/3/1965,0.5395
12/6/1965,0.543
12/7/1965,0.5465
12/8/1965,0.5255
12/9/1965,0.534
12/10/1965,0.523
12/13/1965,0.5155
12/14/1965,0.5285
12/15/1965,0.5305
12/16/1965,0.543
12/17/1965,0.5485
12/20/1965,0.545
12/21/1965,0.5545
12/22/1965,0.567
12/23/1965,0.5585
12/27/1965,0.5665
12/28/1965,0.5671
12/29/1965,0.5653
12/30/1965,0.5757
1/3/1966,0.587
1/4/1966,0.5745
1/5/1966,0.58
1/6/1966,0.5641
1/7/1966,0.576
1/10/1966,0.584
1/11/1966,0.581
1/12/1966,0.5805
1/13/1966,0.59
1/14/1966,0.595
1/17/1966,0.5975
1/18/1966,0.592
1/19/1966,0.5915
1/20/1966,0.58
1/21/1966,0.588
1/24/1966,0.583
1/25/1966,0.5925
1/26/1966,0.596
1/27/1966,0.5935
1/28/1966,0.5915
1/31/1966,0.5975
2/1/1966,0.616
2/2/1966,0.6355
2/3/1966,0.632
2/4/1966,0.652
2/7/1966,0.672
2/8/1966,0.691
2/9/1966,0.708
2/10/1966,0.701
2/11/1966,0.692
2/14/1966,0.71
2/15/1966,0.7285
2/16/1966,0.728
2/17/1966,0.715
2/18/1966,0.716
2/21/1966,0.711
2/23/1966,0.6902
2/24/1966,0.6841
2/25/1966,0.6754
2/28/1966,0.6853
3/1/1966,0.7
3/2/1966,0.7095
3/3/1966,0.72
3/4/1966,0.7275
3/7/1966,0.735
3/8/1966,0.7315
3/9/1966,0.7335
3/10/1966,0.75
3/11/1966,0.758
3/14/1966,0.76
3/15/1966,0.7625
3/16/1966,0.752
3/17/1966,0.738
3/18/1966,0.7305
3/21/1966,0.7105
3/22/1966,0.6905
3/23/1966,0.7105
3/24/1966,0.7305
3/25/1966,0.7474
3/28/1966,0.7674
3/29/1966,0.7685
3/30/1966,0.765
3/31/1966,0.7815
4/1/1966,0.7925
4/4/1966,0.806
4/5/1966,0.827
4/6/1966,0.824
4/7/1966,0.816
4/11/1966,0.796
4/12/1966,0.804
4/13/1966,0.799
4/14/1966,0.808
4/15/1966,0.797
4/18/1966,0.776
4/19/1966,0.756
4/20/1966,0.74
4/21/1966,0.7325
4/22/1966,0.7365
4/25/1966,0.7165
4/26/1966,0.6915
4/27/1966,0.6665
4/28/1966,0.6435
4/29/1966,0.662
5/2/1966,0.6775
5/3/1966,0.67
5/4/1966,0.675
5/5/1966,0.6595
5/6/1966,0.6465
5/9/1966,0.651
5/10/1966,0.6485
5/11/1966,0.6575
5/12/1966,0.6485
5/13/1966,0.655
5/16/1966,0.6615
5/17/1966,0.66
5/18/1966,0.675
5/19/1966,0.694
5/20/1966,0.7085
5/23/1966,0.727
5/24/1966,0.7155
5/25/1966,0.703
5/26/1966,0.723
5/27/1966,0.727
5/31/1966,0.707
6/1/1966,0.705
6/2/1966,0.7055
6/3/1966,0.7075
6/6/1966,0.7035
6/7/1966,0.7135
6/8/1966,0.7235
6/9/1966,0.7335
6/10/1966,0.7305
6/13/1966,0.7425
6/14/1966,0.755
6/15/1966,0.7465
6/16/1966,0.729
6/17/1966,0.739
6/20/1966,0.739
6/21/1966,0.729
6/22/1966,0.725
6/23/1966,0.7165
6/24/1966,0.717
6/27/1966,0.7166
6/28/1966,0.7228
6/29/1966,0.718
6/30/1966,0.7085
7/1/1966,0.6995
7/5/1966,0.698
7/6/1966,0.714
7/7/1966,0.709
7/8/1966,0.7135
7/11/1966,0.718
7/12/1966,0.714
7/13/1966,0.711
7/14/1966,0.6955
7/15/1966,0.709
7/18/1966,0.711
7/19/1966,0.7185
7/20/1966,0.709
7/21/1966,0.694
7/22/1966,0.675
7/25/1966,0.654
7/26/1966,0.66
7/27/1966,0.6645
7/28/1966,0.664
7/29/1966,0.644
8/1/1966,0.624
8/2/1966,0.6205
8/3/1966,0.6115
8/4/1966,0.6035
8/5/1966,0.598
8/8/1966,0.5975
8/9/1966,0.5935
8/10/1966,0.5815
8/11/1966,0.5615
8/12/1966,0.5645
8/15/1966,0.5415
8/16/1966,0.5345
8/17/1966,0.5325
8/18/1966,0.5125
8/19/1966,0.504
8/22/1966,0.484
8/23/1966,0.464
8/24/1966,0.4835
8/25/1966,0.4895
8/26/1966,0.4777
8/29/1966,0.497
8/30/1966,0.5159
8/31/1966,0.4945
9/1/1966,0.5085
9/2/1966,0.5035
9/6/1966,0.4855
9/7/1966,0.495
9/8/1966,0.4835
9/9/1966,0.4905
9/12/1966,0.5027
9/13/1966,0.504
9/14/1966,0.505
9/15/1966,0.5095
9/16/1966,0.5169
9/19/1966,0.5225
9/20/1966,0.5142
9/21/1966,0.524
9/22/1966,0.5175
9/23/1966,0.5249
9/26/1966,0.535
9/27/1966,0.539
9/28/1966,0.5525
9/29/1966,0.568
9/30/1966,0.572
10/3/1966,0.586
10/4/1966,0.59
10/5/1966,0.581
10/6/1966,0.561
10/7/1966,0.5605
10/10/1966,0.547
10/11/1966,0.551
10/13/1966,0.57
10/14/1966,0.567
10/17/1966,0.5795
10/18/1966,0.572
10/19/1966,0.565
10/20/1966,0.571
10/21/1966,0.568
10/24/1966,0.571
10/25/1966,0.5735
10/26/1966,0.5655
10/27/1966,0.571
10/28/1966,0.574
10/31/1966,0.5835
11/1/1966,0.5835
11/2/1966,0.592
11/3/1966,0.596
11/4/1966,0.595
11/7/1966,0.5969
11/9/1966,0.6
11/10/1966,0.594
11/14/1966,0.5835
11/15/1966,0.5645
11/16/1966,0.566
11/17/1966,0.568
11/18/1966,0.551
11/21/1966,0.55
11/22/1966,0.555
11/23/1966,0.5561
11/25/1966,0.5458
11/28/1966,0.5512
11/29/1966,0.5324
11/30/1966,0.5346
12/1/1966,0.518
12/2/1966,0.504
12/5/1966,0.524
12/6/1966,0.54
12/7/1966,0.5525
12/8/1966,0.539
12/9/1966,0.5445
12/12/1966,0.53
12/13/1966,0.531
12/14/1966,0.5245
12/15/1966,0.5145
12/16/1966,0.52
12/19/1966,0.521
12/20/1966,0.526
12/21/1966,0.544
12/22/1966,0.541
12/23/1966,0.554
12/27/1966,0.5705
12/28/1966,0.5587
12/29/1966,0.5522
12/30/1966,0.5403
1/3/1967,0.552
1/4/1967,0.5555
1/5/1967,0.5385
1/6/1967,0.519
1/9/1967,0.5305
1/10/1967,0.53
1/11/1967,0.53
1/12/1967,0.532
1/13/1967,0.528
1/16/1967,0.527
1/17/1967,0.543
1/18/1967,0.5385
1/19/1967,0.527
1/20/1967,0.5335
1/23/1967,0.529
1/24/1967,0.533
1/25/1967,0.5435
1/26/1967,0.536
1/27/1967,0.5385
1/30/1967,0.543
1/31/1967,0.541
2/1/1967,0.539
2/2/1967,0.535
2/3/1967,0.5335
2/6/1967,0.5285
2/7/1967,0.5315
2/8/1967,0.5353
2/9/1967,0.527
2/10/1967,0.53
2/14/1967,0.5235
2/15/1967,0.5115
2/16/1967,0.508
2/17/1967,0.509
2/20/1967,0.501
2/21/1967,0.504
2/23/1967,0.5082
2/24/1967,0.5005
2/27/1967,0.493
2/28/1967,0.4876
3/1/1967,0.4837
3/2/1967,0.479
3/3/1967,0.476
3/6/1967,0.481
3/7/1967,0.485
3/8/1967,0.4835
3/9/1967,0.471
3/10/1967,0.4765
3/13/1967,0.4665
3/14/1967,0.466
3/15/1967,0.4605
3/16/1967,0.4718
3/17/1967,0.465
3/20/1967,0.474
3/21/1967,0.4625
3/22/1967,0.4665
3/23/1967,0.463
3/27/1967,0.4645
3/28/1967,0.456
3/29/1967,0.4565
3/30/1967,0.454
3/31/1967,0.4525
4/3/1967,0.4485
4/4/1967,0.444
4/5/1967,0.4425
4/6/1967,0.434
4/7/1967,0.43
4/10/1967,0.426
4/11/1967,0.423
4/12/1967,0.429
4/13/1967,0.433
4/14/1967,0.427
4/17/1967,0.4335
4/18/1967,0.4235
4/19/1967,0.422
4/20/1967,0.422
4/21/1967,0.4205
4/24/1967,0.4165
4/25/1967,0.4207
4/26/1967,0.4249
4/27/1967,0.4293
4/28/1967,0.428
5/1/1967,0.4275
5/2/1967,0.424
5/3/1967,0.426
5/4/1967,0.4295
5/5/1967,0.4365
5/8/1967,0.432
5/9/1967,0.425
5/10/1967,0.4275
5/11/1967,0.4285
5/12/1967,0.43
5/15/1967,0.4285
5/16/1967,0.43
5/17/1967,0.4225
5/18/1967,0.425
5/19/1967,0.439
5/22/1967,0.441
5/23/1967,0.4495
5/24/1967,0.4525
5/25/1967,0.4415
5/26/1967,0.4435
5/29/1967,0.447
5/31/1967,0.4535
6/1/1967,0.451
6/2/1967,0.45
6/5/1967,0.467
6/6/1967,0.4495
6/7/1967,0.4405
6/8/1967,0.4405
6/9/1967,0.43
6/12/1967,0.423
6/13/1967,0.4205
6/14/1967,0.424
6/15/1967,0.425
6/16/1967,0.4255
6/19/1967,0.42
6/20/1967,0.42
6/21/1967,0.425
6/22/1967,0.421
6/23/1967,0.4165
6/26/1967,0.415
6/27/1967,0.4184
6/28/1967,0.4228
6/29/1967,0.4184
6/30/1967,0.4204
7/5/1967,0.4235
7/6/1967,0.421
7/7/1967,0.417
7/10/1967,0.42
7/11/1967,0.422
7/12/1967,0.435
7/13/1967,0.4325
7/14/1967,0.4335
7/17/1967,0.439
7/18/1967,0.44
7/19/1967,0.44
7/20/1967,0.4445
7/21/1967,0.4475
7/24/1967,0.4515
7/25/1967,0.4475
7/26/1967,0.446
7/27/1967,0.4485
7/28/1967,0.454
7/31/1967,0.4625
8/1/1967,0.4675
8/2/1967,0.474
8/3/1967,0.464
8/4/1967,0.459
8/7/1967,0.4605
8/8/1967,0.457
8/9/1967,0.45
8/10/1967,0.453
8/11/1967,0.4535
8/14/1967,0.4595
8/15/1967,0.466
8/16/1967,0.4725
8/17/1967,0.4795
8/18/1967,0.4815
8/21/1967,0.4825
8/22/1967,0.479
8/23/1967,0.4825
8/24/1967,0.4805
8/25/1967,0.465
8/28/1967,0.4682
8/29/1967,0.4634
8/30/1967,0.4638
8/31/1967,0.4597
9/1/1967,0.462
9/5/1967,0.453
9/6/1967,0.4544
9/7/1967,0.4545
9/8/1967,0.4565
9/11/1967,0.456
9/12/1967,0.4565
9/13/1967,0.464
9/14/1967,0.4635
9/15/1967,0.467
9/18/1967,0.4724
9/19/1967,0.481
9/20/1967,0.4795
9/21/1967,0.4795
9/22/1967,0.483
9/25/1967,0.4895
9/26/1967,0.494
9/27/1967,0.491
9/28/1967,0.4935
9/29/1967,0.495
10/2/1967,0.487
10/3/1967,0.4835
10/4/1967,0.4805
10/5/1967,0.481
10/6/1967,0.481
10/9/1967,0.484
10/10/1967,0.4815
10/11/1967,0.483
10/13/1967,0.484
10/16/1967,0.4875
10/17/1967,0.4875
10/18/1967,0.489
10/19/1967,0.4945
10/20/1967,0.5105
10/23/1967,0.53
10/24/1967,0.534
10/25/1967,0.55
10/26/1967,0.5695
10/27/1967,0.579
10/30/1967,0.5985
10/31/1967,0.6165
11/1/1967,0.615
11/2/1967,0.6055
11/3/1967,0.5965
11/6/1967,0.6155
11/8/1967,0.615
11/9/1967,0.624
11/10/1967,0.623
11/13/1967,0.619
11/14/1967,0.6025
11/15/1967,0.61
11/16/1967,0.62
11/17/1967,0.62
11/20/1967,0.62
11/21/1967,0.616
11/22/1967,0.6175
11/24/1967,0.6345
11/27/1967,0.6453
11/28/1967,0.6302
11/29/1967,0.614
11/30/1967,0.5925
12/1/1967,0.6
12/4/1967,0.58
12/5/1967,0.586
12/6/1967,0.5665
12/7/1967,0.5745
12/8/1967,0.5865
12/11/1967,0.604
12/12/1967,0.609
12/13/1967,0.596
12/14/1967,0.5885
12/15/1967,0.6035
12/18/1967,0.617
12/19/1967,0.6065
12/20/1967,0.6135
12/21/1967,0.6075
12/22/1967,0.605
12/26/1967,0.5971
12/27/1967,0.5858
12/28/1967,0.5806
12/29/1967,0.5758
1/2/1968,0.58
1/3/1968,0.5705
1/4/1968,0.5725
1/5/1968,0.5695
1/8/1968,0.568
1/9/1968,0.5595
1/10/1968,0.5675
1/11/1968,0.583
1/12/1968,0.575
1/15/1968,0.588
1/16/1968,0.6
1/17/1968,0.605
1/18/1968,0.6135
1/19/1968,0.6205
1/22/1968,0.62
1/23/1968,0.605
1/24/1968,0.585
1/25/1968,0.593
1/26/1968,0.6025
1/29/1968,0.622
1/30/1968,0.6225
1/31/1968,0.6425
2/1/1968,0.66
2/2/1968,0.661
2/5/1968,0.665
2/6/1968,0.654
2/7/1968,0.6625
2/8/1968,0.66
2/9/1968,0.6575
2/13/1968,0.677
2/14/1968,0.681
2/15/1968,0.686
2/16/1968,0.697
2/19/1968,0.7085
2/20/1968,0.72
2/21/1968,0.74
2/23/1968,0.72
2/26/1968,0.7212
2/27/1968,0.6955
2/28/1968,0.6785
2/29/1968,0.6495
3/1/1968,0.6135
3/4/1968,0.6335
3/5/1968,0.6435
3/6/1968,0.6335
3/7/1968,0.6285
3/8/1968,0.6325
3/11/1968,0.62
3/12/1968,0.612
3/13/1968,0.6125
3/14/1968,0.615
3/18/1968,0.61
3/19/1968,0.62
3/20/1968,0.6135
3/21/1968,0.6075
3/22/1968,0.604
3/25/1968,0.5995
3/26/1968,0.5855
3/27/1968,0.595
3/28/1968,0.615
3/29/1968,0.61
4/1/1968,0.59
4/2/1968,0.57
4/3/1968,0.55
4/4/1968,0.5495
4/5/1968,0.56
4/8/1968,0.553
4/10/1968,0.5525
4/11/1968,0.55
4/15/1968,0.56
4/16/1968,0.551
4/17/1968,0.531
4/18/1968,0.511
4/19/1968,0.5025
4/22/1968,0.5125
4/23/1968,0.502
4/24/1968,0.496
4/25/1968,0.4815
4/26/1968,0.4596
4/29/1968,0.4452
4/30/1968,0.4459
5/1/1968,0.4395
5/2/1968,0.433
5/3/1968,0.434
5/6/1968,0.433
5/7/1968,0.4395
5/8/1968,0.439
5/9/1968,0.439
5/10/1968,0.4425
5/13/1968,0.4445
5/14/1968,0.442
5/15/1968,0.44
5/16/1968,0.4455
5/17/1968,0.4475
5/20/1968,0.451
5/21/1968,0.4475
5/22/1968,0.449
5/23/1968,0.4493
5/24/1968,0.46
5/27/1968,0.4575
5/28/1968,0.4535
5/29/1968,0.448
6/3/1968,0.436
6/4/1968,0.4425
6/5/1968,0.442
6/6/1968,0.4425
6/7/1968,0.4435
6/10/1968,0.446
6/11/1968,0.45
6/12/1968,0.4615
6/13/1968,0.457
6/14/1968,0.452
6/17/1968,0.463
6/18/1968,0.458
6/19/1968,0.457
6/20/1968,0.455
6/21/1968,0.455
6/24/1968,0.4535
6/25/1968,0.449
6/26/1968,0.4471
6/27/1968,0.4501
6/28/1968,0.4499
7/1/1968,0.445
7/2/1968,0.4425
7/3/1968,0.4425
7/8/1968,0.438
7/9/1968,0.4425
7/10/1968,0.439
7/11/1968,0.4425
7/12/1968,0.44
7/15/1968,0.439
7/16/1968,0.4407
7/17/1968,0.4415
7/18/1968,0.442
7/19/1968,0.441
7/22/1968,0.439
7/23/1968,0.4405
7/24/1968,0.4465
7/25/1968,0.4415
7/26/1968,0.4415
7/29/1968,0.444
7/30/1968,0.442
7/31/1968,0.442
8/1/1968,0.439
8/2/1968,0.441
8/5/1968,0.439
8/6/1968,0.441
8/7/1968,0.44
8/8/1968,0.44
8/9/1968,0.4425
8/12/1968,0.443
8/13/1968,0.444
8/14/1968,0.448
8/15/1968,0.4475
8/16/1968,0.448
8/19/1968,0.449
8/20/1968,0.4545
8/21/1968,0.4565
8/22/1968,0.457
8/23/1968,0.458
8/26/1968,0.459
8/27/1968,0.4456
8/28/1968,0.448
8/29/1968,0.4459
8/30/1968,0.444
9/3/1968,0.442
9/4/1968,0.448
9/5/1968,0.4525
9/6/1968,0.451
9/9/1968,0.452
9/10/1968,0.454
9/11/1968,0.456
9/12/1968,0.46
9/13/1968,0.4645
9/16/1968,0.4705
9/17/1968,0.4785
9/18/1968,0.475
9/19/1968,0.4695
9/20/1968,0.4765
9/23/1968,0.477
9/24/1968,0.478
9/25/1968,0.4755
9/26/1968,0.472
9/27/1968,0.472
9/30/1968,0.468
10/1/1968,0.465
10/2/1968,0.4605
10/3/1968,0.467
10/4/1968,0.4695
10/7/1968,0.473
10/8/1968,0.468
10/9/1968,0.465
10/10/1968,0.4675
10/11/1968,0.47
10/14/1968,0.4695
10/15/1968,0.466
10/16/1968,0.463
10/17/1968,0.4611
10/18/1968,0.4625
10/21/1968,0.4615
10/22/1968,0.4555
10/23/1968,0.461
10/24/1968,0.4595
10/25/1968,0.461
10/28/1968,0.46
10/29/1968,0.4635
10/30/1968,0.461
10/31/1968,0.4625
11/1/1968,0.465
11/4/1968,0.47
11/6/1968,0.476
11/7/1968,0.4725
11/8/1968,0.475
11/12/1968,0.4775
11/13/1968,0.476
11/14/1968,0.472
11/15/1968,0.476
11/18/1968,0.4755
11/19/1968,0.475
11/20/1968,0.475
11/21/1968,0.4745
11/22/1968,0.4735
11/25/1968,0.4709
11/26/1968,0.4728
11/27/1968,0.4758
11/29/1968,0.4769
12/2/1968,0.481
12/3/1968,0.491
12/4/1968,0.5045
12/5/1968,0.505
12/6/1968,0.5115
12/9/1968,0.51
12/10/1968,0.5125
12/11/1968,0.5235
12/12/1968,0.5225
12/13/1968,0.5245
12/16/1968,0.5205
12/17/1968,0.5075
12/18/1968,0.515
12/19/1968,0.5105
12/20/1968,0.512
12/23/1968,0.509
12/26/1968,0.5082
12/27/1968,0.5018
12/30/1968,0.5029
12/31/1968,0.5083
1/2/1969,0.5145
1/3/1969,0.517
1/6/1969,0.524
1/7/1969,0.5155
1/8/1969,0.519
1/9/1969,0.516
1/10/1969,0.5115
1/13/1969,0.5185
1/14/1969,0.529
1/15/1969,0.5265
1/16/1969,0.5215
1/17/1969,0.527
1/20/1969,0.529
1/21/1969,0.5355
1/22/1969,0.5335
1/23/1969,0.5365
1/24/1969,0.542
1/27/1969,0.5455
1/28/1969,0.5425
1/29/1969,0.5325
1/30/1969,0.533
1/31/1969,0.544
2/3/1969,0.538
2/4/1969,0.533
2/5/1969,0.5165
2/6/1969,0.5215
2/7/1969,0.511
2/11/1969,0.518
2/13/1969,0.5175
2/14/1969,0.518
2/17/1969,0.528
2/18/1969,0.5385
2/19/1969,0.536
2/20/1969,0.5335
2/24/1969,0.5265
2/25/1969,0.5138
2/26/1969,0.5172
2/27/1969,0.5145
2/28/1969,0.5082
3/3/1969,0.504
3/4/1969,0.5105
3/5/1969,0.515
3/6/1969,0.516
3/7/1969,0.5185
3/10/1969,0.526
3/11/1969,0.525
3/12/1969,0.53
3/13/1969,0.5325
3/14/1969,0.539
3/17/1969,0.5475
3/18/1969,0.543
3/19/1969,0.5425
3/20/1969,0.548
3/21/1969,0.548
3/24/1969,0.55
3/25/1969,0.56
3/26/1969,0.5675
3/27/1969,0.5705
3/28/1969,0.569
4/1/1969,0.561
4/2/1969,0.566
4/3/1969,0.5725
4/7/1969,0.5725
4/8/1969,0.5735
4/9/1969,0.586
4/10/1969,0.5945
4/11/1969,0.6
4/14/1969,0.5925
4/15/1969,0.5945
4/16/1969,0.6145
4/17/1969,0.615
4/18/1969,0.627
4/21/1969,0.63
4/22/1969,0.6375
4/23/1969,0.647
4/24/1969,0.639
4/25/1969,0.6321
4/28/1969,0.6292
4/29/1969,0.6063
4/30/1969,0.5784
5/1/1969,0.575
5/2/1969,0.5785
5/5/1969,0.565
5/6/1969,0.5625
5/7/1969,0.572
5/8/1969,0.568
5/9/1969,0.565
5/12/1969,0.56
5/13/1969,0.5665
5/14/1969,0.561
5/15/1969,0.571
5/16/1969,0.5785
5/19/1969,0.5745
5/20/1969,0.58
5/21/1969,0.5786
5/22/1969,0.577
5/23/1969,0.5809
5/26/1969,0.5865
5/27/1969,0.5905
5/28/1969,0.5995
5/29/1969,0.5945
6/2/1969,0.612
6/3/1969,0.6175
6/4/1969,0.606
6/5/1969,0.593
6/6/1969,0.599
6/9/1969,0.609
6/10/1969,0.6015
6/11/1969,0.616
6/12/1969,0.6125
6/13/1969,0.608
6/16/1969,0.6153
6/17/1969,0.6115
6/18/1969,0.613
6/19/1969,0.6095
6/20/1969,0.607
6/23/1969,0.6075
6/24/1969,0.601
6/25/1969,0.5867
6/26/1969,0.5768
6/27/1969,0.5744
6/30/1969,0.5927
7/1/1969,0.5785
7/2/1969,0.584
7/3/1969,0.596
7/7/1969,0.5905
7/8/1969,0.59
7/9/1969,0.5955
7/10/1969,0.5905
7/11/1969,0.59
7/14/1969,0.586
7/15/1969,0.5935
7/16/1969,0.6095
7/17/1969,0.6105
7/18/1969,0.6175
7/22/1969,0.617
7/23/1969,0.6105
7/24/1969,0.622
7/25/1969,0.619
7/28/1969,0.634
7/29/1969,0.65
7/30/1969,0.6395
7/31/1969,0.641
8/1/1969,0.6355
8/4/1969,0.6535
8/5/1969,0.646
8/6/1969,0.6525
8/7/1969,0.6455
8/8/1969,0.6535
8/11/1969,0.6615
8/12/1969,0.677
8/13/1969,0.6815
8/14/1969,0.674
8/15/1969,0.683
8/18/1969,0.671
8/19/1969,0.661
8/20/1969,0.6695
8/21/1969,0.684
8/22/1969,0.6785
8/25/1969,0.679
8/26/1969,0.6711
8/27/1969,0.669
8/28/1969,0.6744
8/29/1969,0.6784
9/2/1969,0.68
9/3/1969,0.677
9/4/1969,0.682
9/5/1969,0.6865
9/8/1969,0.686
9/9/1969,0.6845
9/10/1969,0.676
9/11/1969,0.656
9/12/1969,0.6625
9/15/1969,0.6615
9/16/1969,0.6515
9/17/1969,0.639
9/18/1969,0.646
9/19/1969,0.647
9/22/1969,0.641
9/23/1969,0.649
9/24/1969,0.6535
9/25/1969,0.661
9/26/1969,0.6595
9/29/1969,0.658
9/30/1969,0.676
10/1/1969,0.683
10/2/1969,0.67
10/3/1969,0.674
10/6/1969,0.6785
10/7/1969,0.67
10/8/1969,0.6681
10/9/1969,0.672
10/10/1969,0.6765
10/14/1969,0.669
10/15/1969,0.6575
10/16/1969,0.655
10/17/1969,0.6645
10/20/1969,0.661
10/21/1969,0.6725
10/22/1969,0.6825
10/23/1969,0.701
10/24/1969,0.695
10/27/1969,0.6965
10/28/1969,0.6925
10/29/1969,0.693
10/30/1969,0.692
10/31/1969,0.6985
11/3/1969,0.708
11/5/1969,0.716
11/6/1969,0.7145
11/7/1969,0.71
11/10/1969,0.713
11/12/1969,0.732
11/13/1969,0.726
11/14/1969,0.715
11/17/1969,0.724
11/18/1969,0.7115
11/19/1969,0.7135
11/20/1969,0.724
11/21/1969,0.737
11/24/1969,0.7336
11/25/1969,0.724
11/26/1969,0.7264
11/28/1969,0.7322
12/1/1969,0.737
12/2/1969,0.7295
12/3/1969,0.739
12/4/1969,0.7375
12/5/1969,0.744
12/8/1969,0.744
12/9/1969,0.724
12/10/1969,0.704
12/11/1969,0.7105
12/12/1969,0.7035
12/15/1969,0.707
12/16/1969,0.7205
12/17/1969,0.714
12/18/1969,0.713
12/19/1969,0.71
12/22/1969,0.7195
12/23/1969,0.7275
12/24/1969,0.7298
12/29/1969,0.7238
12/30/1969,0.7306
12/31/1969,0.7303
1/5/1970,0.718
1/6/1970,0.714
1/7/1970,0.7115
1/8/1970,0.7095
1/9/1970,0.7175
1/12/1970,0.6955
1/13/1970,0.705
1/14/1970,0.6855
1/15/1970,0.673
1/16/1970,0.675
1/19/1970,0.671
1/20/1970,0.6735
1/21/1970,0.6845
1/22/1970,0.677
1/23/1970,0.676
1/26/1970,0.6715
1/27/1970,0.677
1/28/1970,0.6925
1/29/1970,0.6865
1/30/1970,0.6925
2/2/1970,0.6915
2/3/1970,0.7045
2/4/1970,0.702
2/5/1970,0.7035
2/6/1970,0.72
2/9/1970,0.7155
2/10/1970,0.709
2/11/1970,0.7205
2/13/1970,0.7295
2/16/1970,0.725
2/17/1970,0.7105
2/18/1970,0.7035
2/19/1970,0.71
2/20/1970,0.709
2/24/1970,0.7024
2/25/1970,0.7084
2/26/1970,0.7239
2/27/1970,0.7348
3/2/1970,0.7285
3/3/1970,0.724
3/4/1970,0.7265
3/5/1970,0.729
3/6/1970,0.724
3/9/1970,0.71
3/10/1970,0.716
3/11/1970,0.7355
3/12/1970,0.7315
3/13/1970,0.7415
3/16/1970,0.7385
3/17/1970,0.7415
3/18/1970,0.7355
3/19/1970,0.74
3/20/1970,0.737
3/23/1970,0.7355
3/24/1970,0.7265
3/25/1970,0.746
3/26/1970,0.743
3/30/1970,0.7395
3/31/1970,0.7345
4/1/1970,0.749
4/2/1970,0.744
4/3/1970,0.752
4/6/1970,0.7605
4/7/1970,0.7665
4/8/1970,0.765
4/9/1970,0.7605
4/10/1970,0.765
4/13/1970,0.765
4/14/1970,0.77
4/15/1970,0.771
4/16/1970,0.766
4/17/1970,0.759
4/20/1970,0.761
4/21/1970,0.7565
4/22/1970,0.753
4/23/1970,0.756
4/24/1970,0.759
4/27/1970,0.7353
4/28/1970,0.7327
4/29/1970,0.7275
4/30/1970,0.735
5/1/1970,0.727
5/4/1970,0.7205
5/5/1970,0.7145
5/6/1970,0.7205
5/7/1970,0.719
5/8/1970,0.7205
5/11/1970,0.7075
5/12/1970,0.7105
5/13/1970,0.6975
5/14/1970,0.698
5/15/1970,0.701
5/18/1970,0.6895
5/19/1970,0.692
5/20/1970,0.6795
5/21/1970,0.67
5/22/1970,0.6725
5/25/1970,0.658
5/26/1970,0.654
5/27/1970,0.67
5/28/1970,0.6645
6/1/1970,0.658
6/2/1970,0.6565
6/3/1970,0.6735
6/4/1970,0.6655
6/5/1970,0.66
6/8/1970,0.656
6/9/1970,0.6625
6/10/1970,0.646
6/11/1970,0.639
6/12/1970,0.6495
6/15/1970,0.647
6/16/1970,0.6605
6/17/1970,0.666
6/18/1970,0.6635
6/19/1970,0.6615
6/22/1970,0.6525
6/23/1970,0.6475
6/24/1970,0.6455
6/25/1970,0.6387
6/26/1970,0.6362
6/29/1970,0.6226
6/30/1970,0.6157
7/1/1970,0.62
7/2/1970,0.615
7/6/1970,0.609
7/7/1970,0.612
7/8/1970,0.6085
7/9/1970,0.6135
7/10/1970,0.6175
7/13/1970,0.624
7/14/1970,0.6105
7/15/1970,0.6085
7/16/1970,0.6125
7/17/1970,0.613
7/20/1970,0.6165
7/21/1970,0.6255
7/22/1970,0.627
7/23/1970,0.624
7/24/1970,0.6125
7/27/1970,0.6095
7/28/1970,0.6205
7/29/1970,0.6135
7/30/1970,0.6015
7/31/1970,0.5955
8/3/1970,0.593
8/4/1970,0.591
8/5/1970,0.583
8/6/1970,0.5875
8/7/1970,0.5885
8/10/1970,0.575
8/11/1970,0.5775
8/12/1970,0.563
8/13/1970,0.568
8/14/1970,0.5705
8/17/1970,0.579
8/18/1970,0.5665
8/19/1970,0.56
8/20/1970,0.56
8/21/1970,0.555
8/24/1970,0.552
8/25/1970,0.562
8/26/1970,0.5626
8/27/1970,0.565
8/28/1970,0.5672
8/31/1970,0.5698
9/1/1970,0.57
9/2/1970,0.572
9/3/1970,0.5745
9/4/1970,0.5585
9/8/1970,0.571
9/9/1970,0.5715
9/10/1970,0.5705
9/11/1970,0.5705
9/14/1970,0.565
9/15/1970,0.569
9/16/1970,0.573
9/17/1970,0.573
9/18/1970,0.575
9/21/1970,0.5825
9/22/1970,0.57
9/23/1970,0.572
9/24/1970,0.555
9/25/1970,0.556
9/28/1970,0.568
9/29/1970,0.564
9/30/1970,0.557
10/1/1970,0.5575
10/2/1970,0.546
10/5/1970,0.5385
10/6/1970,0.534
10/7/1970,0.53
10/8/1970,0.54
10/9/1970,0.534
10/13/1970,0.5225
10/14/1970,0.5185
10/15/1970,0.5175
10/16/1970,0.509
10/19/1970,0.498
10/20/1970,0.484
10/21/1970,0.4905
10/22/1970,0.5085
10/23/1970,0.497
10/26/1970,0.4865
10/27/1970,0.4865
10/28/1970,0.489
10/29/1970,0.4935
10/30/1970,0.496
11/2/1970,0.5085
11/4/1970,0.4965
11/5/1970,0.4905
11/6/1970,0.4935
11/9/1970,0.504
11/10/1970,0.4955
11/12/1970,0.4845
11/13/1970,0.483
11/16/1970,0.4745
11/17/1970,0.468
11/18/1970,0.471
11/19/1970,0.4715
11/20/1970,0.472
11/23/1970,0.4825
11/24/1970,0.466
11/25/1970,0.473
11/27/1970,0.4747
11/30/1970,0.4746
12/1/1970,0.468
12/2/1970,0.459
12/3/1970,0.4625
12/4/1970,0.4575
12/7/1970,0.4545
12/8/1970,0.4575
12/9/1970,0.4595
12/10/1970,0.468
12/11/1970,0.475
12/14/1970,0.4735
12/15/1970,0.47
12/16/1970,0.4775
12/17/1970,0.472
12/18/1970,0.4745
12/21/1970,0.47
12/22/1970,0.466
12/23/1970,0.479
12/24/1970,0.4725
12/28/1970,0.4703
12/29/1970,0.4646
12/30/1970,0.4652
12/31/1970,0.4646
1/4/1971,0.5325
1/5/1971,0.5325
1/6/1971,0.5325
1/7/1971,0.5325
1/8/1971,0.5325
1/11/1971,0.5325
1/12/1971,0.5325
1/13/1971,0.516
1/14/1971,0.516
1/15/1971,0.516
1/18/1971,0.516
1/19/1971,0.5037
1/20/1971,0.5037
1/21/1971,0.5037
1/22/1971,0.5037
1/25/1971,0.5037
1/26/1971,0.5037
1/27/1971,0.5037
1/28/1971,0.5037
1/29/1971,0.5037
2/1/1971,0.5037
2/2/1971,0.5037
2/3/1971,0.5037
2/4/1971,0.5037
2/5/1971,0.5037
2/8/1971,0.5037
2/9/1971,0.5037
2/10/1971,0.5037
2/11/1971,0.5037
2/12/1971,0.5037
2/16/1971,0.5037
2/17/1971,0.5037
2/18/1971,0.5037
2/19/1971,0.5037
2/22/1971,0.5037
2/23/1971,0.5037
2/24/1971,0.5037
2/25/1971,0.5037
2/26/1971,0.5037
3/1/1971,0.5037
3/2/1971,0.5037
3/3/1971,0.5037
3/4/1971,0.5037
3/5/1971,0.5037
3/8/1971,0.5037
3/9/1971,0.5037
3/10/1971,0.5037
3/11/1971,0.5037
3/12/1971,0.5037
3/15/1971,0.5037
3/16/1971,0.5037
3/17/1971,0.5037
3/18/1971,0.5037
3/19/1971,0.5037
3/22/1971,0.5037
3/23/1971,0.5037
3/24/1971,0.5037
3/25/1971,0.5037
3/26/1971,0.5037
3/29/1971,0.5162
3/30/1971,0.5162
3/31/1971,0.5287
4/1/1971,0.5287
4/2/1971,0.5287
4/5/1971,0.5287
4/6/1971,0.5287
4/7/1971,0.5287
4/8/1971,0.5287
4/12/1971,0.5287
4/13/1971,0.5287
4/14/1971,0.5287
4/15/1971,0.5287
4/16/1971,0.5287
4/19/1971,0.5287
4/20/1971,0.5287
4/21/1971,0.5287
4/22/1971,0.5287
4/23/1971,0.5287
4/26/1971,0.5287
4/27/1971,0.5287
4/28/1971,0.5287
4/29/1971,0.5287
4/30/1971,0.5287
5/3/1971,0.5287
5/4/1971,0.5287
5/5/1971,0.5287
5/6/1971,0.5287
5/7/1971,0.5287
5/10/1971,0.5287
5/11/1971,0.5287
5/12/1971,0.5287
5/13/1971,0.5287
5/14/1971,0.5287
5/17/1971,0.5287
5/18/1971,0.5287
5/19/1971,0.5287
5/20/1971,0.5287
5/21/1971,0.5287
5/24/1971,0.5287
5/25/1971,0.5287
5/26/1971,0.5287
5/27/1971,0.5287
5/28/1971,0.5287
6/1/1971,0.5287
6/2/1971,0.5287
6/3/1971,0.5287
6/4/1971,0.5287
6/7/1971,0.5287
6/8/1971,0.5287
6/9/1971,0.5287
6/10/1971,0.5287
6/11/1971,0.5287
6/14/1971,0.5287
6/15/1971,0.5287
6/16/1971,0.5287
6/17/1971,0.5287
6/18/1971,0.5287
6/21/1971,0.5287
6/22/1971,0.5287
6/23/1971,0.5287
6/24/1971,0.5287
6/25/1971,0.5287
6/28/1971,0.5287
6/29/1971,0.5287
6/30/1971,0.5287
7/1/1971,0.5287
7/2/1971,0.5287
7/6/1971,0.5287
7/7/1971,0.5287
7/8/1971,0.5287
7/9/1971,0.5287
7/12/1971,0.5287
7/13/1971,0.5287
7/14/1971,0.5287
7/15/1971,0.5287
7/16/1971,0.5287
7/19/1971,0.5287
7/20/1971,0.5287
7/21/1971,0.5287
7/22/1971,0.5287
7/23/1971,0.5287
7/26/1971,0.5287
7/27/1971,0.5287
7/28/1971,0.5287
7/29/1971,0.5287
7/30/1971,0.5287
8/2/1971,0.5287
8/3/1971,0.5287
8/4/1971,0.5287
8/5/1971,0.5287
8/6/1971,0.5287
8/9/1971,0.5287
8/10/1971,0.5287
8/11/1971,0.5287
8/12/1971,0.5287
8/13/1971,0.5287
8/16/1971,0.5287
8/17/1971,0.5287
8/18/1971,0.5287
8/19/1971,0.5287
8/20/1971,0.5287
8/23/1971,0.5287
8/24/1971,0.5287
8/25/1971,0.5287
8/26/1971,0.5287
8/27/1971,0.5287
8/30/1971,0.5287
8/31/1971,0.5287
9/1/1971,0.5287
9/2/1971,0.5287
9/3/1971,0.5287
9/7/1971,0.5287
9/8/1971,0.5287
9/9/1971,0.5287
9/10/1971,0.5287
9/13/1971,0.5287
9/14/1971,0.5287
9/15/1971,0.5287
9/16/1971,0.5287
9/17/1971,0.5287
9/20/1971,0.5287
9/21/1971,0.5287
9/22/1971,0.5287
9/23/1971,0.5287
9/24/1971,0.5287
9/27/1971,0.5287
9/28/1971,0.5287
9/29/1971,0.5287
9/30/1971,0.5287
10/1/1971,0.5287
10/4/1971,0.5287
10/5/1971,0.5287
10/6/1971,0.5287
10/7/1971,0.5287
10/8/1971,0.5287
10/11/1971,0.5287
10/12/1971,0.5287
10/13/1971,0.5287
10/14/1971,0.5287
10/15/1971,0.5287
10/18/1971,0.5287
10/19/1971,0.5287
10/20/1971,0.5287
10/21/1971,0.5287
10/22/1971,0.5287
10/25/1971,0.5287
10/26/1971,0.5287
10/27/1971,0.5287
10/28/1971,0.5287
10/29/1971,0.5287
11/1/1971,0.5287
11/2/1971,0.5287
11/3/1971,0.5287
11/4/1971,0.5287
11/5/1971,0.5287
11/8/1971,0.5287
11/9/1971,0.5287
11/10/1971,0.5287
11/11/1971,0.5287
11/12/1971,0.5287
11/15/1971,0.5287
11/16/1971,0.5287
11/17/1971,0.5287
11/18/1971,0.5287
11/19/1971,0.5287
11/22/1971,0.5162
11/23/1971,0.5037
11/24/1971,0.5037
11/26/1971,0.5037
11/29/1971,0.5037
11/30/1971,0.5037
12/1/1971,0.5037
12/2/1971,0.5037
12/3/1971,0.5037
12/6/1971,0.5037
12/7/1971,0.5037
12/8/1971,0.5037
12/9/1971,0.5037
12/10/1971,0.5037
12/13/1971,0.5037
12/14/1971,0.5037
12/15/1971,0.5037
12/16/1971,0.5037
12/17/1971,0.5037
12/20/1971,0.5037
12/21/1971,0.5037
12/22/1971,0.5037
12/23/1971,0.5037
12/27/1971,0.5037
12/28/1971,0.5037
12/29/1971,0.5037
12/30/1971,0.5037
12/31/1971,0.5037
1/3/1972,0.5037
1/4/1972,0.5037
1/5/1972,0.5037
1/6/1972,0.5037
1/7/1972,0.5037
1/10/1972,0.5037
1/11/1972,0.5037
1/12/1972,0.5037
1/13/1972,0.5037
1/14/1972,0.5037
1/17/1972,0.5037
1/18/1972,0.5037
1/19/1972,0.5037
1/20/1972,0.5037
1/21/1972,0.5037
1/24/1972,0.5037
1/25/1972,0.5037
1/26/1972,0.5037
1/27/1972,0.5037
1/28/1972,0.5037
1/31/1972,0.5037
2/1/1972,0.5037
2/2/1972,0.5037
2/3/1972,0.5037
2/4/1972,0.5037
2/7/1972,0.5037
2/8/1972,0.5037
2/9/1972,0.5037
2/10/1972,0.5037
2/11/1972,0.5037
2/14/1972,0.5037
2/15/1972,0.5037
2/16/1972,0.5037
2/17/1972,0.5
2/18/1972,0.5037
2/22/1972,0.5037
2/23/1972,0.5037
2/24/1972,0.5037
2/25/1972,0.5263
2/28/1972,0.5263
2/29/1972,0.5263
3/1/1972,0.5263
3/2/1972,0.5262
3/3/1972,0.5262
3/6/1972,0.5262
3/7/1972,0.5262
3/8/1972,0.5262
3/9/1972,0.5262
3/10/1972,0.5262
3/13/1972,0.5262
3/14/1972,0.5262
3/15/1972,0.5262
3/16/1972,0.5262
3/17/1972,0.5262
3/20/1972,0.5263
3/21/1972,0.5262
3/22/1972,0.5262
3/23/1972,0.5262
3/24/1972,0.5262
3/27/1972,0.5262
3/28/1972,0.5262
3/29/1972,0.5262
3/30/1972,0.5262
4/3/1972,0.5262
4/4/1972,0.5263
4/5/1972,0.5263
4/6/1972,0.5263
4/7/1972,0.5263
4/10/1972,0.5263
4/11/1972,0.5263
4/12/1972,0.5263
4/13/1972,0.5263
4/14/1972,0.5263
4/17/1972,0.5263
4/18/1972,0.5263
4/19/1972,0.5263
4/20/1972,0.5263
4/21/1972,0.5263
4/24/1972,0.5263
4/25/1972,0.5263
4/26/1972,0.5263
4/27/1972,0.5265
4/28/1972,0.5265
5/1/1972,0.5263
5/2/1972,0.5263
5/3/1972,0.5263
5/4/1972,0.5263
5/5/1972,0.5263
5/8/1972,0.5262
5/9/1972,0.5262
5/10/1972,0.5262
5/11/1972,0.5262
5/12/1972,0.5262
5/15/1972,0.5262
5/16/1972,0.5262
5/17/1972,0.5262
5/18/1972,0.5262
5/19/1972,0.5262
5/22/1972,0.5262
5/23/1972,0.5262
5/24/1972,0.5262
5/25/1972,0.5262
5/26/1972,0.5262
5/30/1972,0.5262
5/31/1972,0.5262
6/1/1972,0.5262
6/2/1972,0.5262
6/5/1972,0.5262
6/6/1972,0.5262
6/7/1972,0.5262
6/8/1972,0.5262
6/9/1972,0.5262
6/12/1972,0.5262
6/13/1972,0.5262
6/14/1972,0.5262
6/15/1972,0.5262
6/16/1972,0.5262
6/19/1972,0.5262
6/20/1972,0.5262
6/21/1972,0.5262
6/22/1972,0.5262
6/23/1972,0.5262
6/26/1972,0.5262
6/27/1972,0.5262
6/28/1972,0.5262
6/29/1972,0.5262
6/30/1972,0.5262
7/3/1972,0.5162
7/5/1972,0.5062
7/6/1972,0.5062
7/7/1972,0.5062
7/10/1972,0.5062
7/11/1972,0.5062
7/12/1972,0.5062
7/13/1972,0.5062
7/14/1972,0.5062
7/17/1972,0.5062
7/18/1972,0.5062
7/19/1972,0.5062
7/20/1972,0.5062
7/21/1972,0.5062
7/24/1972,0.5062
7/25/1972,0.5062
7/26/1972,0.5062
7/27/1972,0.5062
7/28/1972,0.5062
7/31/1972,0.5062
8/1/1972,0.5062
8/2/1972,0.5062
8/3/1972,0.5062
8/4/1972,0.5062
8/7/1972,0.5062
8/8/1972,0.5062
8/9/1972,0.5062
8/10/1972,0.5063
8/11/1972,0.5062
8/14/1972,0.5062
8/15/1972,0.5062
8/16/1972,0.5062
8/17/1972,0.5062
8/18/1972,0.5062
8/21/1972,0.5062
8/22/1972,0.5062
8/23/1972,0.5062
8/24/1972,0.5062
8/25/1972,0.5062
8/28/1972,0.5062
8/29/1972,0.5062
8/30/1972,0.5062
8/31/1972,0.5062
9/1/1972,0.5062
9/5/1972,0.5062
9/6/1972,0.5062
9/7/1972,0.5062
9/8/1972,0.5062
9/11/1972,0.5062
9/12/1972,0.5062
9/13/1972,0.5062
9/14/1972,0.5062
9/15/1972,0.5062
9/18/1972,0.5062
9/19/1972,0.5062
9/20/1972,0.5062
9/21/1972,0.5062
9/22/1972,0.5062
9/25/1972,0.5062
9/26/1972,0.5062
9/27/1972,0.5062
9/28/1972,0.5062
9/29/1972,0.5062
10/2/1972,0.5062
10/3/1972,0.5062
10/4/1972,0.5062
10/5/1972,0.5062
10/6/1972,0.5062
10/9/1972,0.5062
10/10/1972,0.5062
10/11/1972,0.5062
10/12/1972,0.5062
10/13/1972,0.5062
10/16/1972,0.5062
10/17/1972,0.5062
10/18/1972,0.5062
10/19/1972,0.5062
10/20/1972,0.5062
10/23/1972,0.5062
10/24/1972,0.5062
10/25/1972,0.5062
10/26/1972,0.5062
10/27/1972,0.5062
10/30/1972,0.5062
10/31/1972,0.5062
11/1/1972,0.5062
11/2/1972,0.5062
11/3/1972,0.5062
11/6/1972,0.5062
11/8/1972,0.5062
11/9/1972,0.5062
11/10/1972,0.5062
11/13/1972,0.5062
11/14/1972,0.5062
11/15/1972,0.5062
11/16/1972,0.5062
11/17/1972,0.5062
11/20/1972,0.5062
11/21/1972,0.5062
11/22/1972,0.5062
11/24/1972,0.5062
11/27/1972,0.5062
11/28/1972,0.5062
11/29/1972,0.5062
11/30/1972,0.5062
12/1/1972,0.5062
12/4/1972,0.5062
12/5/1972,0.5062
12/6/1972,0.5062
12/7/1972,0.5062
12/8/1972,0.5062
12/11/1972,0.5062
12/12/1972,0.5062
12/13/1972,0.5062
12/14/1972,0.5062
12/15/1972,0.5062
12/18/1972,0.5062
12/19/1972,0.5062
12/20/1972,0.5062
12/21/1972,0.5062
12/22/1972,0.5062
12/26/1972,0.5062
12/27/1972,0.5062
12/29/1972,0.5062
1/2/1973,0.5062
1/3/1973,0.5062
1/4/1973,0.5062
1/5/1973,0.5062
1/8/1973,0.5062
1/9/1973,0.5062
1/10/1973,0.5312
1/11/1973,0.5312
1/12/1973,0.5312
1/15/1973,0.5312
1/16/1973,0.5312
1/17/1973,0.5312
1/18/1973,0.5312
1/19/1973,0.5312
1/22/1973,0.5312
1/23/1973,0.5312
1/24/1973,0.5312
1/26/1973,0.5312
1/29/1973,0.5312
1/30/1973,0.5312
1/31/1973,0.5312
2/1/1973,0.5312
2/2/1973,0.5312
2/5/1973,0.5312
2/6/1973,0.5312
2/7/1973,0.5312
2/8/1973,0.5312
2/9/1973,0.5312
2/12/1973,0.5312
2/13/1973,0.5312
2/14/1973,0.5312
2/15/1973,0.5612
2/16/1973,0.5612
2/20/1973,0.5612
2/21/1973,0.5612
2/22/1973,0.5612
2/23/1973,0.5612
2/26/1973,0.5612
2/27/1973,0.5612
2/28/1973,0.5612
3/1/1973,0.58
3/2/1973,0.58
3/5/1973,0.58
3/6/1973,0.6013
3/7/1973,0.6013
3/8/1973,0.6013
3/9/1973,0.6013
3/12/1973,0.6013
3/13/1973,0.6013
3/14/1973,0.6013
3/15/1973,0.6013
3/16/1973,0.6013
3/19/1973,0.6013
3/20/1973,0.6013
3/21/1973,0.6013
3/22/1973,0.6013
3/23/1973,0.6013
3/26/1973,0.6013
3/27/1973,0.6025
3/28/1973,0.6013
3/29/1973,0.6013
3/30/1973,0.6013
4/2/1973,0.6013
4/3/1973,0.6013
4/4/1973,0.6013
4/5/1973,0.6013
4/6/1973,0.6013
4/9/1973,0.6013
4/10/1973,0.6013
4/11/1973,0.6013
4/12/1973,0.6013
4/13/1973,0.6013
4/16/1973,0.6013
4/17/1973,0.6013
4/18/1973,0.6013
4/19/1973,0.6013
4/23/1973,0.6013
4/24/1973,0.6013
4/25/1973,0.6013
4/26/1973,0.6013
4/27/1973,0.6013
4/30/1973,0.6013
5/1/1973,0.6013
5/2/1973,0.6013
5/3/1973,0.6013
5/4/1973,0.6013
5/7/1973,0.6013
5/8/1973,0.6013
5/9/1973,0.6013
5/10/1973,0.6013
5/11/1973,0.6013
5/14/1973,0.6013
5/15/1973,0.6013
5/16/1973,0.6013
5/17/1973,0.6013
5/18/1973,0.6013
5/21/1973,0.6013
5/22/1973,0.6013
5/23/1973,0.6013
5/24/1973,0.6013
5/25/1973,0.6013
5/29/1973,0.6013
5/30/1973,0.6013
5/31/1973,0.6013
6/1/1973,0.6025
6/4/1973,0.6013
6/5/1973,0.6013
6/6/1973,0.6013
6/7/1973,0.6013
6/8/1973,0.6013
6/11/1973,0.6013
6/12/1973,0.6013
6/13/1973,0.6013
6/14/1973,0.6013
6/15/1973,0.6013
6/18/1973,0.6013
6/19/1973,0.6013
6/20/1973,0.6013
6/21/1973,0.6013
6/22/1973,0.6013
6/25/1973,0.6013
6/26/1973,0.6013
6/27/1973,0.6013
6/28/1973,0.6013
6/29/1973,0.6013
7/2/1973,0.6013
7/3/1973,0.6013
7/5/1973,0.6013
7/6/1973,0.6013
7/9/1973,0.6013
7/10/1973,0.6013
7/11/1973,0.6013
7/12/1973,0.6013
7/13/1973,0.6013
7/16/1973,0.6013
7/17/1973,0.6013
7/18/1973,0.6013
7/19/1973,0.6013
7/20/1973,0.6013
7/23/1973,0.6013
7/24/1973,0.6013
7/25/1973,0.6013
7/26/1973,0.6013
7/27/1973,0.6013
7/30/1973,0.6013
7/31/1973,0.6013
8/1/1973,0.6013
8/2/1973,0.6013
8/3/1973,0.6013
8/6/1973,0.6013
8/7/1973,0.6013
8/8/1973,0.6013
8/9/1973,0.6013
8/10/1973,0.6013
8/13/1973,0.6013
8/14/1973,0.6013
8/15/1973,0.6013
8/16/1973,0.6013
8/17/1973,0.6013
8/20/1973,0.6013
8/21/1973,0.6013
8/22/1973,0.6013
8/23/1973,0.6013
8/24/1973,0.6013
8/27/1973,0.6013
8/28/1973,0.6013
8/29/1973,0.6013
8/30/1973,0.6013
8/31/1973,0.6013
9/4/1973,0.6013
9/5/1973,0.6013
9/6/1973,0.6013
9/7/1973,0.6013
9/10/1973,0.6013
9/11/1973,0.6013
9/12/1973,0.6013
9/13/1973,0.6013
9/14/1973,0.6013
9/17/1973,0.6013
9/18/1973,0.6013
9/19/1973,0.6013
9/20/1973,0.6013
9/21/1973,0.6013
9/24/1973,0.6013
9/25/1973,0.6013
9/26/1973,0.6013
9/27/1973,0.6013
9/28/1973,0.6013
10/1/1973,0.6013
10/2/1973,0.6013
10/3/1973,0.6013
10/4/1973,0.6013
10/5/1973,0.6013
10/8/1973,0.6013
10/9/1973,0.6013
10/10/1973,0.6013
10/11/1973,0.6013
10/12/1973,0.6013
10/15/1973,0.6013
10/16/1973,0.6013
10/17/1973,0.6013
10/18/1973,0.6013
10/19/1973,0.6013
10/22/1973,0.6013
10/23/1973,0.6013
10/24/1973,0.6013
10/25/1973,0.6013
10/26/1973,0.6013
10/29/1973,0.6013
10/30/1973,0.6013
10/31/1973,0.6013
11/1/1973,0.6013
11/2/1973,0.6013
11/5/1973,0.6013
11/6/1973,0.6013
11/7/1973,0.6013
11/8/1973,0.6013
11/9/1973,0.6013
11/12/1973,0.6013
11/13/1973,0.6013
11/14/1973,0.6013
11/15/1973,0.6013
11/16/1973,0.6013
11/19/1973,0.6013
11/20/1973,0.6013
11/21/1973,0.6013
11/23/1973,0.6013
11/26/1973,0.6013
11/27/1973,0.6013
11/28/1973,0.6013
11/29/1973,0.6013
11/30/1973,0.6013
12/3/1973,0.6013
12/4/1973,0.6013
12/5/1973,0.6013
12/6/1973,0.6013
12/7/1973,0.6013
12/10/1973,0.6869
12/11/1973,0.6875
12/12/1973,0.6875
12/13/1973,0.6875
12/14/1973,0.6875
12/17/1973,0.6875
12/18/1973,0.6875
12/19/1973,0.6875
12/20/1973,0.6875
12/21/1973,0.6875
12/24/1973,0.6875
12/26/1973,0.6875
12/27/1973,0.6875
12/28/1973,0.6875
12/31/1973,0.6875
1/2/1974,0.6875
1/3/1974,0.6875
1/4/1974,0.6875
1/7/1974,0.6875
1/8/1974,0.6875
1/9/1974,0.6875
1/10/1974,0.6875
1/11/1974,0.6875
1/14/1974,0.6875
1/15/1974,0.6875
1/16/1974,0.6875
1/17/1974,0.6875
1/18/1974,0.6875
1/21/1974,0.6875
1/22/1974,0.6875
1/23/1974,0.6875
1/24/1974,0.6875
1/25/1974,0.6862
1/28/1974,0.6862
1/29/1974,0.6862
1/30/1974,0.6862
1/31/1974,0.6862
2/1/1974,0.6887
2/4/1974,0.6887
2/5/1974,0.6882
2/6/1974,0.6862
2/7/1974,0.6887
2/8/1974,0.6887
2/11/1974,0.6862
2/12/1974,0.6862
2/13/1974,0.6862
2/14/1974,0.6862
2/15/1974,0.6862
2/19/1974,0.6862
2/20/1974,0.6862
2/21/1974,0.6862
2/22/1974,0.6862
2/25/1974,0.6862
2/26/1974,0.6862
2/27/1974,0.6862
2/28/1974,0.6862
3/1/1974,0.6862
3/4/1974,0.6862
3/5/1974,0.6862
3/6/1974,0.6862
3/7/1974,0.6862
3/8/1974,0.6862
3/11/1974,0.6862
3/12/1974,0.6862
3/13/1974,0.6862
3/14/1974,0.6862
3/15/1974,0.6862
3/18/1974,0.6862
3/19/1974,0.6862
3/20/1974,0.6862
3/21/1974,0.6862
3/22/1974,0.6862
3/25/1974,0.6862
3/26/1974,0.6862
3/27/1974,0.6862
3/28/1974,0.6862
3/29/1974,0.6862
4/1/1974,0.6862
4/2/1974,0.6862
4/3/1974,0.6862
4/4/1974,0.6862
4/5/1974,0.6862
4/8/1974,0.6862
4/9/1974,0.6862
4/10/1974,0.6862
4/11/1974,0.6862
4/15/1974,0.6862
4/16/1974,0.6862
4/17/1974,0.6862
4/18/1974,0.6862
4/19/1974,0.6862
4/22/1974,0.6862
4/23/1974,0.6862
4/24/1974,0.6862
4/25/1974,0.6862
4/26/1974,0.6862
4/29/1974,0.6862
4/30/1974,0.687
5/1/1974,0.8119
5/2/1974,0.8119
5/3/1974,0.8119
5/6/1974,0.8119
5/7/1974,0.8119
5/8/1974,0.8119
5/9/1974,0.8119
5/10/1974,0.8119
5/13/1974,0.8119
5/14/1974,0.8119
5/15/1974,0.8119
5/16/1974,0.8119
5/17/1974,0.8119
5/20/1974,0.8119
5/21/1974,0.8119
5/22/1974,0.8119
5/23/1974,0.8119
5/24/1974,0.8119
5/28/1974,0.8119
5/29/1974,0.8119
5/30/1974,0.8119
5/31/1974,0.8119
6/3/1974,0.8368
6/4/1974,0.845
6/5/1974,0.8631
6/6/1974,0.8631
6/7/1974,0.8631
6/10/1974,0.8631
6/11/1974,0.8631
6/12/1974,0.8631
6/13/1974,0.8631
6/14/1974,0.8631
6/17/1974,0.8631
6/18/1974,0.8631
6/19/1974,0.8631
6/20/1974,0.8631
6/21/1974,0.8631
6/24/1974,0.8631
6/25/1974,0.8631
6/26/1974,0.8631
6/27/1974,0.8631
6/28/1974,0.8631
7/1/1974,0.8631
7/2/1974,0.8631
7/3/1974,0.8631
7/5/1974,0.8631
7/8/1974,0.8631
7/9/1974,0.8631
7/10/1974,0.8631
7/11/1974,0.8631
7/12/1974,0.8631
7/15/1974,0.8631
7/16/1974,0.8631
7/17/1974,0.8631
7/18/1974,0.8631
7/19/1974,0.8631
7/22/1974,0.8631
7/23/1974,0.8631
7/24/1974,0.8631
7/25/1974,0.8631
7/26/1974,0.8631
7/29/1974,0.8631
7/30/1974,0.8631
7/31/1974,0.8631
8/1/1974,0.8631
8/2/1974,0.8631
8/5/1974,0.8631
8/6/1974,0.8631
8/7/1974,0.8631
8/8/1974,0.8631
8/9/1974,0.8631
8/12/1974,0.8631
8/13/1974,0.8631
8/14/1974,0.8631
8/15/1974,0.8631
8/16/1974,0.8631
8/19/1974,0.8631
8/20/1974,0.8631
8/21/1974,0.8631
8/22/1974,0.8631
8/23/1974,0.8631
8/26/1974,0.8631
8/27/1974,0.8631
8/28/1974,0.8631
8/29/1974,0.8631
8/30/1974,0.8631
9/3/1974,0.8631
9/4/1974,0.8631
9/5/1974,0.8631
9/6/1974,0.8631
9/9/1974,0.8631
9/10/1974,0.8631
9/11/1974,0.8631
9/12/1974,0.8631
9/13/1974,0.8631
9/16/1974,0.8281
9/17/1974,0.8281
9/18/1974,0.8031
9/19/1974,0.8031
9/20/1974,0.8031
9/23/1974,0.8031
9/24/1974,0.8031
9/25/1974,0.8031
9/26/1974,0.8031
9/27/1974,0.8031
9/30/1974,0.8031
10/1/1974,0.8031
10/2/1974,0.8031
10/3/1974,0.8031
10/4/1974,0.8031
10/7/1974,0.8031
10/8/1974,0.8031
10/9/1974,0.8031
10/10/1974,0.8031
10/11/1974,0.8031
10/14/1974,0.8031
10/15/1974,0.8031
10/16/1974,0.7631
10/17/1974,0.7631
10/18/1974,0.7631
10/21/1974,0.7631
10/22/1974,0.7631
10/23/1974,0.7631
10/24/1974,0.7631
10/25/1974,0.7631
10/28/1974,0.7631
10/29/1974,0.7631
10/30/1974,0.7631
10/31/1974,0.7631
11/1/1974,0.7631
11/4/1974,0.7631
11/5/1974,0.7631
11/6/1974,0.7631
11/7/1974,0.7631
11/8/1974,0.7631
11/11/1974,0.7631
11/12/1974,0.7631
11/13/1974,0.7631
11/14/1974,0.7631
11/15/1974,0.7631
11/18/1974,0.7631
11/19/1974,0.7631
11/20/1974,0.7631
11/21/1974,0.7631
11/22/1974,0.7631
11/25/1974,0.7431
11/26/1974,0.7321
11/27/1974,0.7321
11/29/1974,0.7321
12/2/1974,0.7321
12/3/1974,0.7321
12/4/1974,0.7321
12/5/1974,0.7321
12/6/1974,0.7321
12/9/1974,0.7321
12/10/1974,0.7321
12/11/1974,0.7321
12/12/1974,0.7321
12/13/1974,0.7321
12/16/1974,0.7321
12/17/1974,0.7321
12/18/1974,0.7321
12/19/1974,0.7321
12/20/1974,0.7321
12/23/1974,0.7321
12/24/1974,0.7321
12/26/1974,0.7321
12/27/1974,0.7321
12/30/1974,0.71
12/31/1974,0.7131
1/2/1975,0.7131
1/3/1975,0.6931
1/6/1975,0.6931
1/7/1975,0.6931
1/8/1975,0.6931
1/9/1975,0.6931
1/10/1975,0.6931
1/13/1975,0.6931
1/14/1975,0.6931
1/15/1975,0.6931
1/16/1975,0.6931
1/17/1975,0.6931
1/20/1975,0.6931
1/21/1975,0.6931
1/22/1975,0.6931
1/23/1975,0.6931
1/24/1975,0.6931
1/27/1975,0.6931
1/28/1975,0.6931
1/29/1975,0.6931
1/30/1975,0.6931
1/31/1975,0.6931
2/3/1975,0.6431
2/4/1975,0.6431
2/5/1975,0.6431
2/6/1975,0.6431
2/7/1975,0.6431
2/10/1975,0.6431
2/11/1975,0.6431
2/12/1975,0.6431
2/13/1975,0.6431
2/14/1975,0.6431
2/18/1975,0.6431
2/19/1975,0.6431
2/20/1975,0.6431
2/21/1975,0.6431
2/24/1975,0.6431
2/25/1975,0.6431
2/26/1975,0.6431
2/27/1975,0.6431
2/28/1975,0.6431
3/3/1975,0.6431
3/4/1975,0.6431
3/5/1975,0.6431
3/6/1975,0.6431
3/7/1975,0.6431
3/10/1975,0.6431
3/11/1975,0.6431
3/12/1975,0.6431
3/13/1975,0.6431
3/14/1975,0.6431
3/17/1975,0.6431
3/18/1975,0.6431
3/19/1975,0.6431
3/20/1975,0.6431
3/21/1975,0.6431
3/24/1975,0.6431
3/25/1975,0.6431
3/26/1975,0.6431
3/27/1975,0.6431
3/31/1975,0.6431
4/1/1975,0.6431
4/2/1975,0.6431
4/3/1975,0.6431
4/4/1975,0.6431
4/7/1975,0.6431
4/8/1975,0.6431
4/9/1975,0.6431
4/10/1975,0.6431
4/11/1975,0.6431
4/14/1975,0.6431
4/15/1975,0.6431
4/16/1975,0.6431
4/17/1975,0.6431
4/18/1975,0.6431
4/21/1975,0.6431
4/22/1975,0.6431
4/23/1975,0.6431
4/24/1975,0.6431
4/25/1975,0.6431
4/28/1975,0.6431
4/29/1975,0.6431
4/30/1975,0.6431
5/1/1975,0.6431
5/2/1975,0.6431
5/5/1975,0.6431
5/6/1975,0.6431
5/7/1975,0.6431
5/8/1975,0.6431
5/9/1975,0.6431
5/12/1975,0.6431
5/13/1975,0.6431
5/14/1975,0.6431
5/15/1975,0.6431
5/16/1975,0.6431
5/19/1975,0.6431
5/20/1975,0.6431
5/21/1975,0.6431
5/22/1975,0.6431
5/23/1975,0.6431
5/27/1975,0.6431
5/28/1975,0.6431
5/29/1975,0.6431
5/30/1975,0.6431
6/2/1975,0.6431
6/3/1975,0.6431
6/4/1975,0.6431
6/5/1975,0.6431
6/6/1975,0.6431
6/9/1975,0.6431
6/10/1975,0.6431
6/11/1975,0.6431
6/12/1975,0.6431
6/13/1975,0.6431
6/16/1975,0.6431
6/17/1975,0.6431
6/18/1975,0.6281
6/19/1975,0.6281
6/20/1975,0.6281
6/23/1975,0.6281
6/24/1975,0.6281
6/25/1975,0.6281
6/26/1975,0.6281
6/27/1975,0.6281
6/30/1975,0.6281
7/1/1975,0.6281
7/2/1975,0.6281
7/3/1975,0.6281
7/7/1975,0.6281
7/8/1975,0.6281
7/9/1975,0.6281
7/10/1975,0.6281
7/11/1975,0.6281
7/14/1975,0.6281
7/15/1975,0.6281
7/16/1975,0.6281
7/17/1975,0.6281
7/18/1975,0.6281
7/21/1975,0.6281
7/22/1975,0.6281
7/23/1975,0.6281
7/24/1975,0.6281
7/25/1975,0.6281
7/28/1975,0.6281
7/29/1975,0.6431
7/30/1975,0.6431
7/31/1975,0.6431
8/1/1975,0.6431
8/4/1975,0.6431
8/5/1975,0.6431
8/6/1975,0.6431
8/7/1975,0.6431
8/8/1975,0.6431
8/11/1975,0.6431
8/12/1975,0.6431
8/13/1975,0.6431
8/14/1975,0.6431
8/15/1975,0.6431
8/18/1975,0.6431
8/19/1975,0.6431
8/20/1975,0.6431
8/21/1975,0.6431
8/22/1975,0.6431
8/25/1975,0.6431
8/26/1975,0.6431
8/27/1975,0.6431
8/28/1975,0.6431
8/29/1975,0.6431
9/2/1975,0.6431
9/3/1975,0.6431
9/4/1975,0.6431
9/5/1975,0.6431
9/8/1975,0.6431
9/9/1975,0.6431
9/10/1975,0.6431
9/11/1975,0.6431
9/12/1975,0.6431
9/15/1975,0.6431
9/16/1975,0.6431
9/17/1975,0.6431
9/18/1975,0.6431
9/19/1975,0.6431
9/22/1975,0.6431
9/23/1975,0.6431
9/24/1975,0.6431
9/25/1975,0.6431
9/26/1975,0.6431
9/29/1975,0.6431
9/30/1975,0.6431
10/1/1975,0.6431
10/2/1975,0.6431
10/3/1975,0.6431
10/6/1975,0.6431
10/7/1975,0.6431
10/8/1975,0.6431
10/9/1975,0.6431
10/10/1975,0.6431
10/13/1975,0.6431
10/14/1975,0.6431
10/15/1975,0.6431
10/16/1975,0.6431
10/17/1975,0.6431
10/20/1975,0.6431
10/21/1975,0.6431
10/22/1975,0.6431
10/23/1975,0.6431
10/24/1975,0.6431
10/27/1975,0.6431
10/28/1975,0.6431
10/29/1975,0.6431
10/30/1975,0.6431
10/31/1975,0.6431
11/3/1975,0.6431
11/4/1975,0.6431
11/5/1975,0.6431
11/6/1975,0.6431
11/7/1975,0.6431
11/10/1975,0.6431
11/11/1975,0.6431
11/12/1975,0.6431
11/13/1975,0.6431
11/14/1975,0.6431
11/17/1975,0.6431
11/18/1975,0.6431
11/19/1975,0.6431
11/20/1975,0.6431
11/21/1975,0.6431
11/24/1975,0.6431
11/25/1975,0.6431
11/26/1975,0.6431
11/28/1975,0.6431
12/1/1975,0.6431
12/2/1975,0.6431
12/3/1975,0.6431
12/4/1975,0.6431
12/5/1975,0.6431
12/8/1975,0.6431
12/9/1975,0.6431
12/10/1975,0.6431
12/11/1975,0.6431
12/12/1975,0.6431
12/15/1975,0.6431
12/16/1975,0.6431
12/17/1975,0.6431
12/18/1975,0.6431
12/19/1975,0.6431
12/22/1975,0.6431
12/23/1975,0.6431
12/24/1975,0.6431
12/26/1975,0.6431
12/29/1975,0.6431
12/30/1975,0.6431
12/31/1975,0.6431
1/2/1976,0.6431
1/5/1976,0.6431
1/6/1976,0.6431
1/7/1976,0.6431
1/8/1976,0.6431
1/9/1976,0.6431
1/12/1976,0.6431
1/13/1976,0.6431
1/14/1976,0.6431
1/15/1976,0.6362
1/16/1976,0.6362
1/19/1976,0.6362
1/20/1976,0.6362
1/21/1976,0.6362
1/22/1976,0.6362
1/23/1976,0.6362
1/26/1976,0.6362
1/27/1976,0.6362
1/28/1976,0.6362
1/29/1976,0.6362
1/30/1976,0.6362
2/2/1976,0.6362
2/3/1976,0.6362
2/4/1976,0.6362
2/5/1976,0.6362
2/6/1976,0.6362
2/9/1976,0.6362
2/10/1976,0.6362
2/11/1976,0.6362
2/12/1976,0.6362
2/13/1976,0.6362
2/17/1976,0.6362
2/18/1976,0.6362
2/19/1976,0.6362
2/20/1976,0.6362
2/23/1976,0.6362
2/24/1976,0.6362
2/25/1976,0.6362
2/26/1976,0.6362
2/27/1976,0.6362
3/1/1976,0.6362
3/2/1976,0.6362
3/3/1976,0.6362
3/4/1976,0.6362
3/5/1976,0.6362
3/8/1976,0.6362
3/9/1976,0.6362
3/10/1976,0.6362
3/11/1976,0.6362
3/12/1976,0.6362
3/15/1976,0.6362
3/16/1976,0.6362
3/17/1976,0.6362
3/18/1976,0.6362
3/19/1976,0.6512
3/22/1976,0.6662
3/23/1976,0.6662
3/24/1976,0.6662
3/25/1976,0.6662
3/26/1976,0.6662
3/29/1976,0.6662
3/30/1976,0.6662
3/31/1976,0.6662
4/1/1976,0.6662
4/2/1976,0.6662
4/5/1976,0.6662
4/6/1976,0.6662
4/7/1976,0.6662
4/8/1976,0.6662
4/9/1976,0.6662
4/12/1976,0.6862
4/13/1976,0.7062
4/14/1976,0.7062
4/15/1976,0.7062
4/19/1976,0.7062
4/20/1976,0.7062
4/21/1976,0.7062
4/22/1976,0.7062
4/23/1976,0.7062
4/26/1976,0.7062
4/27/1976,0.7062
4/28/1976,0.7062
4/29/1976,0.7062
4/30/1976,0.7062
5/3/1976,0.7062
5/4/1976,0.7062
5/5/1976,0.7062
5/6/1976,0.7062
5/7/1976,0.7062
5/10/1976,0.7062
5/11/1976,0.7062
5/12/1976,0.7062
5/13/1976,0.7062
5/14/1976,0.7062
5/17/1976,0.7062
5/18/1976,0.7062
5/19/1976,0.7062
5/20/1976,0.7062
5/21/1976,0.7062
5/24/1976,0.7062
5/25/1976,0.7062
5/26/1976,0.7062
5/27/1976,0.7062
5/28/1976,0.7062
6/1/1976,0.7062
6/2/1976,0.7062
6/3/1976,0.7062
6/4/1976,0.7062
6/7/1976,0.7062
6/8/1976,0.7062
6/9/1976,0.7062
6/10/1976,0.7062
6/11/1976,0.7062
6/14/1976,0.7062
6/15/1976,0.7062
6/16/1976,0.7062
6/17/1976,0.7062
6/18/1976,0.7062
6/21/1976,0.7062
6/22/1976,0.7062
6/23/1976,0.7062
6/24/1976,0.7062
6/25/1976,0.7062
6/28/1976,0.7062
6/29/1976,0.7062
6/30/1976,0.7062
7/1/1976,0.74
7/2/1976,0.74
7/6/1976,0.74
7/7/1976,0.74
7/8/1976,0.74
7/9/1976,0.74
7/12/1976,0.74
7/13/1976,0.74
7/14/1976,0.74
7/15/1976,0.74
7/16/1976,0.74
7/19/1976,0.74
7/20/1976,0.74
7/21/1976,0.74
7/22/1976,0.74
7/23/1976,0.74
7/26/1976,0.74
7/27/1976,0.74
7/28/1976,0.74
7/29/1976,0.74
7/30/1976,0.74
8/2/1976,0.74
8/3/1976,0.74
8/4/1976,0.74
8/5/1976,0.74
8/6/1976,0.74
8/9/1976,0.74
8/10/1976,0.74
8/11/1976,0.74
8/12/1976,0.74
8/13/1976,0.74
8/16/1976,0.74
8/17/1976,0.74
8/18/1976,0.74
8/19/1976,0.74
8/20/1976,0.74
8/23/1976,0.74
8/24/1976,0.74
8/25/1976,0.74
8/26/1976,0.74
8/27/1976,0.74
8/30/1976,0.74
8/31/1976,0.74
9/1/1976,0.74
9/2/1976,0.74
9/3/1976,0.74
9/7/1976,0.74
9/8/1976,0.74
9/9/1976,0.74
9/10/1976,0.74
9/13/1976,0.74
9/14/1976,0.74
9/15/1976,0.74
9/16/1976,0.74
9/17/1976,0.74
9/20/1976,0.74
9/21/1976,0.74
9/22/1976,0.74
9/23/1976,0.74
9/24/1976,0.74
9/27/1976,0.74
9/28/1976,0.74
9/29/1976,0.74
9/30/1976,0.74
10/1/1976,0.74
10/4/1976,0.74
10/5/1976,0.74
10/6/1976,0.74
10/7/1976,0.72
10/8/1976,0.72
10/11/1976,0.72
10/12/1976,0.72
10/13/1976,0.72
10/14/1976,0.72
10/15/1976,0.72
10/18/1976,0.72
10/19/1976,0.72
10/20/1976,0.7
10/21/1976,0.7
10/22/1976,0.7
10/25/1976,0.7
10/26/1976,0.7
10/27/1976,0.7
10/28/1976,0.7
10/29/1976,0.7
11/1/1976,0.7
11/3/1976,0.7
11/4/1976,0.7
11/5/1976,0.7
11/8/1976,0.7
11/9/1976,0.7
11/10/1976,0.7
11/11/1976,0.7
11/12/1976,0.7
11/15/1976,0.7
11/16/1976,0.7
11/17/1976,0.7
11/18/1976,0.7
11/19/1976,0.7
11/22/1976,0.7
11/23/1976,0.7
11/24/1976,0.7
11/26/1976,0.7
11/29/1976,0.7
11/30/1976,0.7
12/1/1976,0.675
12/2/1976,0.675
12/3/1976,0.65
12/6/1976,0.65
12/7/1976,0.65
12/8/1976,0.65
12/9/1976,0.65
12/10/1976,0.65
12/13/1976,0.65
12/14/1976,0.65
12/15/1976,0.65
12/16/1976,0.65
12/17/1976,0.65
12/20/1976,0.65
12/21/1976,0.65
12/22/1976,0.65
12/23/1976,0.65
12/27/1976,0.65
12/28/1976,0.65
12/29/1976,0.65
12/30/1976,0.65
12/31/1976,0.65
1/3/1977,0.65
1/4/1977,0.65
1/5/1977,0.65
1/6/1977,0.65
1/7/1977,0.65
1/10/1977,0.65
1/11/1977,0.65
1/12/1977,0.65
1/13/1977,0.65
1/14/1977,0.65
1/17/1977,0.65
1/18/1977,0.65
1/19/1977,0.65
1/20/1977,0.66
1/21/1977,0.66
1/24/1977,0.665
1/25/1977,0.665
1/26/1977,0.665
1/27/1977,0.665
1/28/1977,0.665
1/31/1977,0.665
2/1/1977,0.68
2/2/1977,0.68
2/3/1977,0.68
2/4/1977,0.68
2/7/1977,0.68
2/8/1977,0.68
2/9/1977,0.68
2/10/1977,0.68
2/11/1977,0.68
2/14/1977,0.68
2/15/1977,0.68
2/16/1977,0.68
2/17/1977,0.68
2/18/1977,0.68
2/22/1977,0.68
2/23/1977,0.68
2/24/1977,0.68
2/25/1977,0.68
2/28/1977,0.68
3/1/1977,0.68
3/2/1977,0.695
3/3/1977,0.71
3/4/1977,0.71
3/7/1977,0.71
3/8/1977,0.71
3/9/1977,0.71
3/10/1977,0.71
3/11/1977,0.71
3/14/1977,0.71
3/15/1977,0.71
3/16/1977,0.71
3/17/1977,0.71
3/18/1977,0.725
3/21/1977,0.725
3/22/1977,0.74
3/23/1977,0.74
3/24/1977,0.74
3/25/1977,0.74
3/28/1977,0.74
3/29/1977,0.74
3/30/1977,0.74
3/31/1977,0.74
4/1/1977,0.74
4/4/1977,0.74
4/5/1977,0.74
4/6/1977,0.74
4/7/1977,0.74
4/11/1977,0.74
4/12/1977,0.74
4/13/1977,0.74
4/14/1977,0.74
4/15/1977,0.74
4/18/1977,0.74
4/19/1977,0.74
4/20/1977,0.74
4/21/1977,0.74
4/22/1977,0.74
4/25/1977,0.74
4/26/1977,0.74
4/27/1977,0.725
4/28/1977,0.725
4/29/1977,0.725
5/2/1977,0.725
5/3/1977,0.725
5/4/1977,0.725
5/5/1977,0.725
5/6/1977,0.725
5/9/1977,0.725
5/10/1977,0.725
5/11/1977,0.725
5/12/1977,0.725
5/13/1977,0.725
5/16/1977,0.725
5/17/1977,0.725
5/18/1977,0.725
5/19/1977,0.725
5/20/1977,0.725
5/23/1977,0.725
5/24/1977,0.725
5/25/1977,0.71
5/26/1977,0.71
5/27/1977,0.71
5/31/1977,0.71
6/1/1977,0.71
6/2/1977,0.695
6/3/1977,0.695
6/6/1977,0.695
6/7/1977,0.695
6/8/1977,0.695
6/9/1977,0.695
6/10/1977,0.695
6/13/1977,0.695
6/14/1977,0.695
6/15/1977,0.695
6/16/1977,0.695
6/17/1977,0.695
6/20/1977,0.695
6/21/1977,0.695
6/22/1977,0.695
6/23/1977,0.695
6/24/1977,0.695
6/27/1977,0.695
6/28/1977,0.695
6/29/1977,0.695
6/30/1977,0.695
7/1/1977,0.695
7/5/1977,0.695
7/6/1977,0.695
7/7/1977,0.695
7/8/1977,0.695
7/11/1977,0.68
7/12/1977,0.68
7/13/1977,0.68
7/15/1977,0.68
7/18/1977,0.68
7/19/1977,0.68
7/20/1977,0.68
7/21/1977,0.665
7/22/1977,0.665
7/25/1977,0.65
7/26/1977,0.65
7/27/1977,0.65
7/28/1977,0.65
7/29/1977,0.65
8/1/1977,0.65
8/2/1977,0.65
8/3/1977,0.65
8/4/1977,0.65
8/5/1977,0.65
8/8/1977,0.65
8/9/1977,0.65
8/10/1977,0.65
8/11/1977,0.65
8/12/1977,0.65
8/15/1977,0.65
8/16/1977,0.65
8/17/1977,0.65
8/18/1977,0.625
8/19/1977,0.625
8/22/1977,0.6
8/23/1977,0.6
8/24/1977,0.6
8/25/1977,0.6
8/26/1977,0.6
8/29/1977,0.6
8/30/1977,0.6
8/31/1977,0.6
9/1/1977,0.6
9/2/1977,0.6
9/6/1977,0.6
9/7/1977,0.6
9/8/1977,0.6
9/9/1977,0.6
9/12/1977,0.6
9/13/1977,0.6
9/14/1977,0.6
9/15/1977,0.6
9/16/1977,0.6
9/19/1977,0.6
9/20/1977,0.6
9/21/1977,0.6
9/22/1977,0.6
9/23/1977,0.6
9/26/1977,0.6
9/27/1977,0.6
9/28/1977,0.6
9/29/1977,0.6
9/30/1977,0.6
10/3/1977,0.6
10/4/1977,0.6
10/5/1977,0.6
10/6/1977,0.6
10/7/1977,0.6
10/10/1977,0.6
10/11/1977,0.6
10/12/1977,0.6
10/13/1977,0.6
10/14/1977,0.6
10/17/1977,0.6
10/18/1977,0.6
10/19/1977,0.6
10/20/1977,0.6
10/21/1977,0.6
10/24/1977,0.6
10/25/1977,0.6
10/26/1977,0.6
10/27/1977,0.6
10/28/1977,0.6
10/31/1977,0.6
11/1/1977,0.6
11/2/1977,0.6
11/3/1977,0.6
11/4/1977,0.6
11/7/1977,0.6
11/8/1977,0.6
11/9/1977,0.6
11/10/1977,0.6
11/11/1977,0.6
11/14/1977,0.6
11/15/1977,0.6
11/16/1977,0.6
11/17/1977,0.6
11/18/1977,0.6
11/21/1977,0.6
11/22/1977,0.6
11/23/1977,0.6
11/25/1977,0.6
11/28/1977,0.6
11/29/1977,0.6
11/30/1977,0.6
12/1/1977,0.6
12/2/1977,0.6
12/5/1977,0.6
12/6/1977,0.6
12/7/1977,0.6
12/8/1977,0.6
12/9/1977,0.6
12/12/1977,0.6125
12/13/1977,0.6125
12/14/1977,0.6125
12/15/1977,0.6125
12/16/1977,0.6125
12/19/1977,0.615
12/20/1977,0.615
12/21/1977,0.615
12/22/1977,0.615
12/23/1977,0.63
12/27/1977,0.63
12/28/1977,0.63
12/29/1977,0.63
12/30/1977,0.63
1/3/1978,0.63
1/4/1978,0.63
1/5/1978,0.63
1/6/1978,0.63
1/9/1978,0.63
1/10/1978,0.63
1/11/1978,0.63
1/12/1978,0.63
1/13/1978,0.63
1/16/1978,0.63
1/17/1978,0.63
1/18/1978,0.63
1/19/1978,0.63
1/20/1978,0.63
1/23/1978,0.63
1/24/1978,0.6225
1/25/1978,0.6225
1/26/1978,0.6225
1/27/1978,0.6225
1/30/1978,0.6225
1/31/1978,0.6225
2/1/1978,0.6225
2/2/1978,0.6225
2/3/1978,0.6225
2/6/1978,0.6225
2/7/1978,0.6225
2/8/1978,0.6225
2/9/1978,0.6225
2/10/1978,0.6225
2/13/1978,0.6225
2/14/1978,0.6225
2/15/1978,0.6225
2/16/1978,0.6225
2/17/1978,0.6225
2/21/1978,0.6225
2/22/1978,0.6225
2/23/1978,0.6225
2/24/1978,0.6225
2/27/1978,0.6225
2/28/1978,0.6225
3/1/1978,0.6225
3/2/1978,0.6075
3/3/1978,0.6205
3/6/1978,0.6025
3/7/1978,0.6025
3/8/1978,0.615
3/9/1978,0.615
3/10/1978,0.615
3/13/1978,0.615
3/14/1978,0.615
3/15/1978,0.615
3/16/1978,0.615
3/17/1978,0.615
3/20/1978,0.615
3/21/1978,0.615
3/22/1978,0.615
3/23/1978,0.615
3/27/1978,0.6325
3/28/1978,0.6325
3/29/1978,0.6325
3/30/1978,0.6325
3/31/1978,0.64
4/3/1978,0.64
4/4/1978,0.64
4/5/1978,0.64
4/6/1978,0.64
4/7/1978,0.64
4/10/1978,0.64
4/11/1978,0.64
4/12/1978,0.64
4/13/1978,0.64
4/14/1978,0.64
4/17/1978,0.64
4/18/1978,0.64
4/19/1978,0.64
4/20/1978,0.64
4/21/1978,0.64
4/24/1978,0.64
4/25/1978,0.64
4/26/1978,0.64
4/27/1978,0.64
4/28/1978,0.64
5/1/1978,0.64
5/2/1978,0.64
5/3/1978,0.64
5/4/1978,0.64
5/5/1978,0.64
5/8/1978,0.64
5/9/1978,0.64
5/10/1978,0.64
5/11/1978,0.64
5/12/1978,0.64
5/15/1978,0.64
5/16/1978,0.64
5/17/1978,0.64
5/18/1978,0.64
5/19/1978,0.64
5/22/1978,0.64
5/23/1978,0.64
5/24/1978,0.64
5/25/1978,0.64
5/26/1978,0.64
5/30/1978,0.66
5/31/1978,0.66
6/1/1978,0.66
6/2/1978,0.66
6/5/1978,0.67
6/6/1978,0.67
6/7/1978,0.67
6/8/1978,0.67
6/9/1978,0.67
6/12/1978,0.6581
6/13/1978,0.6563
6/14/1978,0.6438
6/15/1978,0.6488
6/16/1978,0.6375
6/19/1978,0.6413
6/20/1978,0.6388
6/21/1978,0.635
6/22/1978,0.6313
6/23/1978,0.6337
6/26/1978,0.635
6/27/1978,0.6388
6/28/1978,0.6388
6/29/1978,0.63
6/30/1978,0.6325
7/3/1978,0.6338
7/5/1978,0.6338
7/6/1978,0.6338
7/7/1978,0.6375
7/10/1978,0.64
7/11/1978,0.6425
7/12/1978,0.6425
7/13/1978,0.64
7/14/1978,0.64
7/17/1978,0.64
7/18/1978,0.64
7/19/1978,0.6313
7/20/1978,0.635
7/21/1978,0.635
7/24/1978,0.635
7/25/1978,0.6388
7/26/1978,0.645
7/27/1978,0.645
7/28/1978,0.645
7/31/1978,0.645
8/1/1978,0.645
8/2/1978,0.645
8/3/1978,0.645
8/4/1978,0.645
8/7/1978,0.645
8/8/1978,0.645
8/9/1978,0.645
8/10/1978,0.6513
8/11/1978,0.67
8/14/1978,0.675
8/15/1978,0.6725
8/16/1978,0.67
8/17/1978,0.67
8/18/1978,0.67
8/21/1978,0.67
8/22/1978,0.675
8/23/1978,0.675
8/24/1978,0.675
8/25/1978,0.675
8/28/1978,0.675
8/29/1978,0.675
8/30/1978,0.675
8/31/1978,0.675
9/1/1978,0.665
9/5/1978,0.665
9/6/1978,0.66
9/7/1978,0.6625
9/8/1978,0.665
9/11/1978,0.6675
9/12/1978,0.6675
9/13/1978,0.6725
9/14/1978,0.6713
9/15/1978,0.675
9/18/1978,0.6719
9/19/1978,0.6706
9/20/1978,0.6756
9/21/1978,0.6731
9/22/1978,0.6725
9/25/1978,0.6738
9/26/1978,0.6744
9/27/1978,0.6769
9/28/1978,0.6788
9/29/1978,0.6775
10/2/1978,0.6806
10/3/1978,0.68
10/4/1978,0.6819
10/5/1978,0.685
10/6/1978,0.685
10/9/1978,0.6863
10/10/1978,0.6919
10/11/1978,0.695
10/12/1978,0.695
10/13/1978,0.7
10/16/1978,0.7
10/17/1978,0.7
10/18/1978,0.7
10/19/1978,0.6827
10/20/1978,0.695
10/23/1978,0.6925
10/24/1978,0.6875
10/25/1978,0.705
10/26/1978,0.705
10/27/1978,0.705
10/30/1978,0.715
10/31/1978,0.715
11/1/1978,0.725
11/2/1978,0.725
11/3/1978,0.725
11/6/1978,0.7156
11/7/1978,0.7156
11/8/1978,0.7106
11/9/1978,0.7038
11/10/1978,0.7081
11/13/1978,0.7013
11/14/1978,0.6988
11/15/1978,0.7013
11/16/1978,0.6963
11/17/1978,0.7013
11/20/1978,0.6806
11/21/1978,0.6806
11/22/1978,0.6875
11/24/1978,0.69
11/27/1978,0.685
11/28/1978,0.6813
11/29/1978,0.685
11/30/1978,0.6931
12/1/1978,0.6963
12/4/1978,0.6963
12/5/1978,0.6931
12/6/1978,0.695
12/7/1978,0.695
12/8/1978,0.6975
12/11/1978,0.7019
12/12/1978,0.7072
12/13/1978,0.7038
12/14/1978,0.7038
12/15/1978,0.7056
12/18/1978,0.7075
12/19/1978,0.7119
12/20/1978,0.72
12/21/1978,0.7188
12/22/1978,0.7188
12/26/1978,0.7188
12/27/1978,0.72
12/28/1978,0.7188
12/29/1978,0.7188
1/2/1979,0.7188
1/3/1979,0.7188
1/4/1979,0.7188
1/5/1979,0.7263
1/8/1979,0.7313
1/9/1979,0.7344
1/10/1979,0.7432
1/11/1979,0.7438
1/12/1979,0.7481
1/15/1979,0.7494
1/16/1979,0.7525
1/17/1979,0.7525
1/18/1979,0.7594
1/19/1979,0.7725
1/22/1979,0.7731
1/23/1979,0.7719
1/24/1979,0.7825
1/25/1979,0.7788
1/26/1979,0.78
1/29/1979,0.7813
1/30/1979,0.8013
1/31/1979,0.8094
2/1/1979,0.82
2/2/1979,0.8288
2/5/1979,0.8425
2/6/1979,0.8481
2/7/1979,0.87
2/8/1979,0.87
2/9/1979,0.87
2/12/1979,0.87
2/13/1979,0.86
2/14/1979,0.855
2/15/1979,0.8713
2/16/1979,0.875
2/20/1979,0.8856
2/21/1979,0.91
2/22/1979,0.91
2/23/1979,0.925
2/26/1979,0.925
2/27/1979,0.925
2/28/1979,0.94
3/1/1979,0.965
3/2/1979,0.965
3/5/1979,0.9538
3/6/1979,0.965
3/7/1979,0.965
3/8/1979,0.9544
3/9/1979,0.9463
3/12/1979,0.9381
3/13/1979,0.9488
3/14/1979,0.95
3/15/1979,0.955
3/16/1979,0.95
3/19/1979,0.95
3/20/1979,0.95
3/21/1979,0.95
3/22/1979,0.95
3/23/1979,0.96
3/26/1979,1
3/27/1979,0.9944
3/28/1979,1
3/29/1979,0.9969
3/30/1979,0.9913
4/2/1979,0.9944
4/3/1979,0.9888
4/4/1979,1
4/5/1979,1
4/6/1979,1
4/9/1979,1.015
4/10/1979,1.015
4/11/1979,1.015
4/12/1979,1.015
4/16/1979,1.0044
4/17/1979,1.0025
4/18/1979,0.995
4/19/1979,0.98
4/20/1979,0.9438
4/23/1979,0.9563
4/24/1979,0.9419
4/25/1979,0.9369
4/26/1979,0.9463
4/27/1979,0.9531
4/30/1979,0.9575
5/1/1979,0.9525
5/2/1979,0.9431
5/3/1979,0.9438
5/4/1979,0.9338
5/7/1979,0.9275
5/8/1979,0.9225
5/9/1979,0.9063
5/10/1979,0.8925
5/11/1979,0.88
5/14/1979,0.8838
5/15/1979,0.8888
5/16/1979,0.8813
5/17/1979,0.8913
5/18/1979,0.8925
5/21/1979,0.8906
5/22/1979,0.8956
5/23/1979,0.89
5/24/1979,0.8888
5/25/1979,0.8806
5/29/1979,0.8681
5/30/1979,0.8663
5/31/1979,0.8669
6/1/1979,0.8663
6/4/1979,0.8713
6/5/1979,0.8744
6/6/1979,0.8381
6/7/1979,0.88
6/8/1979,0.85
6/11/1979,0.85
6/12/1979,0.8488
6/13/1979,0.8538
6/14/1979,0.855
6/15/1979,0.85
6/18/1979,0.8475
6/19/1979,0.87
6/20/1979,0.89
6/21/1979,0.8875
6/22/1979,0.89
6/25/1979,0.89
6/26/1979,0.89
6/27/1979,0.8763
6/28/1979,0.8638
6/29/1979,0.8738
7/2/1979,0.8338
7/3/1979,0.8444
7/5/1979,0.85
7/6/1979,0.835
7/9/1979,0.835
7/10/1979,0.8481
7/11/1979,0.8513
7/12/1979,0.8494
7/13/1979,0.8406
7/16/1979,0.8456
7/17/1979,0.8475
7/18/1979,0.8425
7/19/1979,0.8388
7/20/1979,0.85
7/23/1979,0.8525
7/24/1979,0.855
7/25/1979,0.86
7/26/1979,0.86
7/27/1979,0.86
7/30/1979,0.8525
7/31/1979,0.8513
8/1/1979,0.86
8/2/1979,0.8575
8/3/1979,0.8575
8/6/1979,0.8575
8/7/1979,0.86
8/8/1979,0.89
8/9/1979,0.8913
8/10/1979,0.8913
8/13/1979,0.89
8/14/1979,0.9006
8/15/1979,0.905
8/16/1979,0.905
8/17/1979,0.905
8/20/1979,0.905
8/21/1979,0.905
8/22/1979,0.905
8/23/1979,0.905
8/24/1979,0.905
8/27/1979,0.905
8/28/1979,0.905
8/29/1979,0.9056
8/30/1979,0.9088
8/31/1979,0.905
9/4/1979,0.9475
9/5/1979,0.955
9/6/1979,0.94
9/7/1979,0.94
9/10/1979,0.945
9/11/1979,0.9388
9/12/1979,0.9213
9/13/1979,0.915
9/14/1979,0.9025
9/17/1979,0.9063
9/18/1979,0.8963
9/19/1979,0.9038
9/20/1979,0.9
9/21/1979,0.91
9/24/1979,0.9175
9/25/1979,0.97
9/26/1979,1.0125
9/27/1979,1.06
9/28/1979,1.085
10/1/1979,1.1013
10/2/1979,1.1
10/3/1979,1.0681
10/4/1979,1.0269
10/5/1979,1.035
10/8/1979,1.0256
10/9/1979,1.005
10/10/1979,0.9725
10/11/1979,0.9669
10/12/1979,0.975
10/15/1979,0.96
10/16/1979,0.9125
10/17/1979,0.9163
10/18/1979,0.9175
10/19/1979,0.925
10/22/1979,0.9213
10/23/1979,0.925
10/24/1979,0.915
10/25/1979,0.91
10/26/1979,0.91
10/29/1979,0.92
10/30/1979,0.93
10/31/1979,0.93
11/1/1979,0.9375
11/2/1979,0.94
11/5/1979,0.94
11/6/1979,0.94
11/7/1979,0.945
11/8/1979,0.945
11/9/1979,0.9525
11/12/1979,0.96
11/13/1979,0.9925
11/14/1979,0.9931
11/15/1979,0.9931
11/16/1979,1.0025
11/19/1979,1.0075
11/20/1979,1.0025
11/21/1979,1.0125
11/23/1979,1.0125
11/26/1979,1.01
11/27/1979,0.98
11/28/1979,0.98
11/29/1979,1.0025
11/30/1979,1.035
12/3/1979,1.0875
12/4/1979,1.085
12/5/1979,1.075
12/6/1979,1.0588
12/7/1979,1.0463
12/10/1979,1.05
12/11/1979,1.05
12/12/1979,1.05
12/13/1979,1.045
12/14/1979,1.0475
12/17/1979,1.0475
12/18/1979,1.045
12/19/1979,1.045
12/20/1979,1.045
12/21/1979,1.045
12/24/1979,1.045
12/26/1979,1.045
12/27/1979,1.045
12/28/1979,1.045
12/31/1979,1.045
1/2/1980,1.125
1/3/1980,1.15
1/4/1980,1.15
1/7/1980,1.1175
1/8/1980,1.0494
1/9/1980,1.07
1/10/1980,1.06
1/11/1980,1.085
1/14/1980,1.1
1/15/1980,1.13
1/16/1980,1.1563
1/17/1980,1.1769
1/18/1980,1.2075
1/21/1980,1.305
1/22/1980,1.29
1/23/1980,1.245
1/24/1980,1.245
1/25/1980,1.2675
1/28/1980,1.2913
1/29/1980,1.3238
1/30/1980,1.3238
1/31/1980,1.3063
2/1/1980,1.3113
2/4/1980,1.2969
2/5/1980,1.3163
2/6/1980,1.345
2/7/1980,1.345
2/8/1980,1.3463
2/11/1980,1.415
2/12/1980,1.415
2/13/1980,1.415
2/14/1980,1.405
2/15/1980,1.405
2/19/1980,1.345
2/20/1980,1.323
2/21/1980,1.2985
2/22/1980,1.2525
2/25/1980,1.2495
2/26/1980,1.2475
2/27/1980,1.26
2/28/1980,1.235
2/29/1980,1.235
3/3/1980,1.2013
3/4/1980,1.204
3/5/1980,1.2155
3/6/1980,1.1588
3/7/1980,1.1139
3/10/1980,1.0675
3/11/1980,1.0435
3/12/1980,1.0535
3/13/1980,1.0275
3/14/1980,1.0213
3/17/1980,0.9745
3/18/1980,0.9935
3/19/1980,1.0005
3/20/1980,0.9905
3/21/1980,0.9935
3/24/1980,0.9805
3/25/1980,0.972
3/26/1980,0.9563
3/27/1980,0.9135
3/28/1980,0.934
3/31/1980,0.92
4/1/1980,0.9181
4/2/1980,0.9263
4/3/1980,0.9294
4/7/1980,0.9369
4/8/1980,0.945
4/9/1980,0.95
4/10/1980,0.95
4/11/1980,0.955
4/14/1980,0.9425
4/15/1980,0.9557
4/16/1980,0.9394
4/17/1980,0.9419
4/18/1980,0.935
4/21/1980,0.9163
4/22/1980,0.8863
4/23/1980,0.8913
4/24/1980,0.9063
4/25/1980,0.955
4/28/1980,0.935
4/29/1980,0.93
4/30/1980,0.93
5/1/1980,0.9238
5/2/1980,0.93
5/5/1980,0.93
5/6/1980,0.9263
5/7/1980,0.9175
5/8/1980,0.9169
5/9/1980,0.9063
5/12/1980,0.9075
5/13/1980,0.915
5/14/1980,0.9131
5/15/1980,0.9075
5/16/1980,0.9081
5/19/1980,0.9088
5/20/1980,0.9088
5/21/1980,0.9131
5/22/1980,0.915
5/23/1980,0.9463
5/27/1980,0.9456
5/28/1980,0.94
5/29/1980,0.9581
5/30/1980,0.955
6/2/1980,0.94
6/3/1980,0.9388
6/4/1980,0.9469
6/5/1980,0.9375
6/6/1980,0.9188
6/9/1980,0.9175
6/10/1980,0.8975
6/11/1980,0.8963
6/12/1980,0.89
6/13/1980,0.8831
6/16/1980,0.885
6/17/1980,0.89
6/18/1980,0.895
6/19/1980,0.895
6/20/1980,0.905
6/23/1980,0.9
6/24/1980,0.8975
6/25/1980,0.8988
6/26/1980,0.898
6/27/1980,0.92
6/30/1980,0.92
7/1/1980,0.95
7/2/1980,0.955
7/3/1980,0.975
7/7/1980,0.985
7/8/1980,0.985
7/9/1980,0.985
7/10/1980,0.99
7/11/1980,1.0025
7/14/1980,1.0031
7/15/1980,0.9919
7/16/1980,0.9975
7/17/1980,1
7/18/1980,1.02
7/21/1980,1.03
7/22/1980,1.0488
7/23/1980,1.06
7/24/1980,1.06
7/25/1980,1.06
7/28/1980,1.06
7/29/1980,1.045
7/30/1980,1.0319
7/31/1980,1.0275
8/1/1980,0.995
8/4/1980,1.003
8/5/1980,1.01
8/6/1980,1.025
8/7/1980,1.0236
8/8/1980,1.0188
8/11/1980,1.0188
8/12/1980,1.025
8/13/1980,1.03
8/14/1980,1.04
8/15/1980,0.9886
8/18/1980,0.97
8/19/1980,0.975
8/20/1980,0.985
8/21/1980,0.9675
8/22/1980,0.9663
8/25/1980,0.9631
8/26/1980,0.9456
8/27/1980,0.9575
8/28/1980,0.9287
8/29/1980,0.9319
9/2/1980,0.9394
9/3/1980,0.935
9/4/1980,0.99
9/5/1980,0.99
9/8/1980,0.99
9/9/1980,0.945
9/10/1980,0.96
9/11/1980,0.96
9/12/1980,0.9875
9/15/1980,0.9681
9/16/1980,0.965
9/17/1980,0.9744
9/18/1980,0.975
9/19/1980,0.975
9/22/1980,1.02
9/23/1980,1.02
9/24/1980,1.035
9/25/1980,1.025
9/26/1980,0.9944
9/29/1980,0.98
9/30/1980,0.96
10/1/1980,0.9625
10/2/1980,0.9531
10/3/1980,0.9575
10/6/1980,0.9681
10/7/1980,0.9669
10/8/1980,0.9656
10/9/1980,0.975
10/10/1980,0.96
10/13/1980,0.9775
10/14/1980,0.9831
10/15/1980,0.9869
10/16/1980,0.9669
10/17/1980,0.9736
10/20/1980,0.9775
10/21/1980,0.9856
10/22/1980,0.985
10/23/1980,1
10/24/1980,1
10/27/1980,0.9963
10/28/1980,0.99
10/29/1980,0.9894
10/30/1980,0.9875
10/31/1980,0.9775
11/3/1980,0.9806
11/5/1980,0.9834
11/6/1980,0.9688
11/7/1980,0.96
11/10/1980,0.96
11/11/1980,0.9588
11/12/1980,0.96
11/13/1980,0.96
11/14/1980,0.96
11/17/1980,0.96
11/18/1980,0.96
11/19/1980,0.96
11/20/1980,0.96
11/21/1980,0.97
11/24/1980,0.96
11/25/1980,0.9456
11/26/1980,0.9475
11/28/1980,0.9456
12/1/1980,0.9394
12/2/1980,0.925
12/3/1980,0.9231
12/4/1980,0.9163
12/5/1980,0.9
12/8/1980,0.8988
12/9/1980,0.885
12/10/1980,0.8575
12/11/1980,0.8413
12/12/1980,0.8581
12/15/1980,0.855
12/16/1980,0.855
12/17/1980,0.865
12/18/1980,0.867
12/19/1980,0.87
12/22/1980,0.87
12/23/1980,0.88
12/24/1980,0.88
12/26/1980,0.88
12/29/1980,0.88
12/30/1980,0.8738
12/31/1980,0.8763
1/2/1981,0.88
1/5/1981,0.89
1/6/1981,0.89
1/7/1981,0.88
1/8/1981,0.8881
1/9/1981,0.8892
1/12/1981,0.8762
1/13/1981,0.88
1/14/1981,0.88
1/15/1981,0.8781
1/16/1981,0.88
1/19/1981,0.8794
1/20/1981,0.88
1/21/1981,0.88
1/22/1981,0.8669
1/23/1981,0.86
1/26/1981,0.86
1/27/1981,0.86
1/28/1981,0.86
1/29/1981,0.86
1/30/1981,0.86
2/2/1981,0.86
2/3/1981,0.8482
2/4/1981,0.85
2/5/1981,0.85
2/6/1981,0.855
2/9/1981,0.855
2/10/1981,0.8525
2/11/1981,0.845
2/12/1981,0.8413
2/13/1981,0.835
2/17/1981,0.8275
2/18/1981,0.8313
2/19/1981,0.8413
2/20/1981,0.8563
2/23/1981,0.8544
2/24/1981,0.85
2/25/1981,0.8469
2/26/1981,0.845
2/27/1981,0.8431
3/2/1981,0.8244
3/3/1981,0.8319
3/4/1981,0.8238
3/5/1981,0.8275
3/6/1981,0.8313
3/9/1981,0.83
3/10/1981,0.835
3/11/1981,0.8338
3/12/1981,0.8356
3/13/1981,0.855
3/16/1981,0.86
3/17/1981,0.86
3/18/1981,0.875
3/19/1981,0.875
3/20/1981,0.875
3/23/1981,0.875
3/24/1981,0.885
3/25/1981,0.885
3/26/1981,0.89
3/27/1981,0.8875
3/30/1981,0.8856
3/31/1981,0.8894
4/1/1981,0.8925
4/2/1981,0.8913
4/3/1981,0.8919
4/6/1981,0.8869
4/7/1981,0.8838
4/8/1981,0.8769
4/9/1981,0.8644
4/10/1981,0.8606
4/13/1981,0.8475
4/14/1981,0.8556
4/15/1981,0.8419
4/16/1981,0.8438
4/20/1981,0.865
4/21/1981,0.865
4/22/1981,0.865
4/23/1981,0.865
4/24/1981,0.8644
4/27/1981,0.8638
4/28/1981,0.8606
4/29/1981,0.8538
4/30/1981,0.8556
5/1/1981,0.8556
5/4/1981,0.85
5/5/1981,0.8369
5/6/1981,0.84
5/7/1981,0.84
5/8/1981,0.8519
5/11/1981,0.8419
5/12/1981,0.8394
5/13/1981,0.8375
5/14/1981,0.835
5/15/1981,0.8369
5/18/1981,0.8438
5/19/1981,0.8369
5/20/1981,0.8375
5/21/1981,0.85
5/22/1981,0.85
5/26/1981,0.84
5/27/1981,0.84
5/28/1981,0.84
5/29/1981,0.84
6/1/1981,0.86
6/2/1981,0.86
6/3/1981,0.85
6/4/1981,0.85
6/5/1981,0.85
6/8/1981,0.84
6/9/1981,0.84
6/10/1981,0.84
6/11/1981,0.84
6/12/1981,0.84
6/15/1981,0.84
6/16/1981,0.84
6/17/1981,0.84
6/18/1981,0.84
6/19/1981,0.84
6/22/1981,0.84
6/23/1981,0.84
6/24/1981,0.84
6/25/1981,0.84
6/26/1981,0.84
6/29/1981,0.83
6/30/1981,0.83
7/1/1981,0.83
7/2/1981,0.83
7/6/1981,0.83
7/7/1981,0.83
7/8/1981,0.83
7/9/1981,0.83
7/10/1981,0.83
7/13/1981,0.83
7/14/1981,0.83
7/15/1981,0.83
7/16/1981,0.835
7/17/1981,0.835
7/20/1981,0.835
7/21/1981,0.8275
7/22/1981,0.8275
7/23/1981,0.8275
7/24/1981,0.8275
7/27/1981,0.81
7/28/1981,0.8275
7/29/1981,0.85
7/30/1981,0.85
7/31/1981,0.87
8/3/1981,0.87
8/4/1981,0.87
8/5/1981,0.87
8/6/1981,0.87
8/7/1981,0.87
8/10/1981,0.87
8/11/1981,0.875
8/12/1981,0.8825
8/13/1981,0.8875
8/14/1981,0.8875
8/17/1981,0.8875
8/18/1981,0.8775
8/19/1981,0.875
8/20/1981,0.875
8/21/1981,0.875
8/24/1981,0.86
8/25/1981,0.86
8/26/1981,0.86
8/27/1981,0.86
8/28/1981,0.86
8/31/1981,0.86
9/1/1981,0.86
9/2/1981,0.86
9/3/1981,0.86
9/4/1981,0.86
9/8/1981,0.86
9/9/1981,0.8475
9/10/1981,0.8475
9/11/1981,0.8475
9/14/1981,0.8475
9/15/1981,0.85
9/16/1981,0.85
9/17/1981,0.85
9/18/1981,0.85
9/21/1981,0.85
9/22/1981,0.85
9/23/1981,0.85
9/24/1981,0.85
9/25/1981,0.85
9/28/1981,0.82
9/29/1981,0.82
9/30/1981,0.82
10/1/1981,0.805
10/2/1981,0.805
10/5/1981,0.805
10/6/1981,0.805
10/7/1981,0.82
10/8/1981,0.82
10/9/1981,0.82
10/12/1981,0.82
10/13/1981,0.82
10/14/1981,0.82
10/15/1981,0.82
10/16/1981,0.82
10/19/1981,0.82
10/20/1981,0.815
10/21/1981,0.82
10/22/1981,0.815
10/23/1981,0.815
10/26/1981,0.82
10/27/1981,0.815
10/28/1981,0.815
10/29/1981,0.815
10/30/1981,0.815
11/2/1981,0.815
11/3/1981,0.815
11/4/1981,0.815
11/5/1981,0.815
11/6/1981,0.815
11/9/1981,0.815
11/10/1981,0.81
11/11/1981,0.805
11/12/1981,0.805
11/13/1981,0.805
11/16/1981,0.805
11/17/1981,0.805
11/18/1981,0.805
11/19/1981,0.795
11/20/1981,0.795
11/23/1981,0.795
11/24/1981,0.795
11/25/1981,0.795
11/27/1981,0.795
11/30/1981,0.795
12/1/1981,0.8
12/2/1981,0.8
12/3/1981,0.8
12/4/1981,0.805
12/7/1981,0.805
12/8/1981,0.805
12/9/1981,0.8
12/10/1981,0.795
12/11/1981,0.795
12/14/1981,0.795
12/15/1981,0.795
12/16/1981,0.79
12/17/1981,0.79
12/18/1981,0.79
12/21/1981,0.79
12/22/1981,0.79
12/23/1981,0.79
12/24/1981,0.79
12/28/1981,0.79
12/29/1981,0.79
12/30/1981,0.79
12/31/1981,0.79
1/4/1982,0.795
1/5/1982,0.795
1/6/1982,0.785
1/7/1982,0.7775
1/8/1982,0.7775
1/11/1982,0.7775
1/12/1982,0.7775
1/13/1982,0.7775
1/14/1982,0.7775
1/15/1982,0.7775
1/18/1982,0.7775
1/19/1982,0.7775
1/20/1982,0.7775
1/21/1982,0.7775
1/22/1982,0.7775
1/25/1982,0.7775
1/26/1982,0.7775
1/27/1982,0.7775
1/28/1982,0.7775
1/29/1982,0.7775
2/1/1982,0.7775
2/2/1982,0.7775
2/3/1982,0.7775
2/4/1982,0.7775
2/5/1982,0.7775
2/8/1982,0.7775
2/9/1982,0.7775
2/10/1982,0.78
2/11/1982,0.78
2/12/1982,0.775
2/16/1982,0.78
2/17/1982,0.78
2/18/1982,0.78
2/19/1982,0.78
2/22/1982,0.78
2/23/1982,0.78
2/24/1982,0.765
2/25/1982,0.765
2/26/1982,0.76
3/1/1982,0.76
3/2/1982,0.76
3/3/1982,0.75
3/4/1982,0.76
3/5/1982,0.745
3/8/1982,0.74
3/9/1982,0.74
3/10/1982,0.74
3/11/1982,0.735
3/12/1982,0.735
3/15/1982,0.7325
3/16/1982,0.74
3/17/1982,0.75
3/18/1982,0.75
3/19/1982,0.75
3/22/1982,0.75
3/23/1982,0.75
3/24/1982,0.75
3/25/1982,0.75
3/26/1982,0.75
3/29/1982,0.75
3/30/1982,0.75
3/31/1982,0.75
4/1/1982,0.75
4/2/1982,0.75
4/5/1982,0.75
4/6/1982,0.75
4/7/1982,0.75
4/8/1982,0.75
4/12/1982,0.75
4/13/1982,0.75
4/14/1982,0.75
4/15/1982,0.75
4/16/1982,0.75
4/19/1982,0.75
4/20/1982,0.75
4/21/1982,0.75
4/22/1982,0.75
4/23/1982,0.75
4/26/1982,0.75
4/27/1982,0.76
4/28/1982,0.76
4/29/1982,0.76
4/30/1982,0.76
5/3/1982,0.77
5/4/1982,0.77
5/5/1982,0.77
5/6/1982,0.77
5/7/1982,0.77
5/10/1982,0.77
5/11/1982,0.77
5/12/1982,0.77
5/13/1982,0.77
5/14/1982,0.77
5/17/1982,0.77
5/18/1982,0.775
5/19/1982,0.765
5/20/1982,0.765
5/21/1982,0.755
5/24/1982,0.755
5/25/1982,0.755
5/26/1982,0.755
5/27/1982,0.75
5/28/1982,0.75
6/1/1982,0.74
6/2/1982,0.74
6/3/1982,0.73
6/4/1982,0.71
6/7/1982,0.71
6/8/1982,0.705
6/9/1982,0.71
6/10/1982,0.71
6/11/1982,0.71
6/14/1982,0.68
6/15/1982,0.68
6/16/1982,0.68
6/17/1982,0.68
6/18/1982,0.6675
6/21/1982,0.665
6/22/1982,0.665
6/23/1982,0.665
6/24/1982,0.6675
6/25/1982,0.6675
6/28/1982,0.675
6/29/1982,0.68
6/30/1982,0.68
7/1/1982,0.68
7/2/1982,0.67
7/6/1982,0.67
7/7/1982,0.67
7/8/1982,0.67
7/9/1982,0.68
7/12/1982,0.69
7/13/1982,0.69
7/14/1982,0.7
7/15/1982,0.7
7/16/1982,0.7
7/19/1982,0.7
7/20/1982,0.71
7/21/1982,0.71
7/22/1982,0.72
7/23/1982,0.73
7/26/1982,0.72
7/27/1982,0.72
7/28/1982,0.72
7/29/1982,0.72
7/30/1982,0.72
8/2/1982,0.72
8/3/1982,0.72
8/4/1982,0.72
8/5/1982,0.72
8/6/1982,0.72
8/9/1982,0.7
8/10/1982,0.7
8/11/1982,0.7
8/12/1982,0.7
8/13/1982,0.7
8/16/1982,0.69
8/17/1982,0.69
8/18/1982,0.7
8/19/1982,0.7
8/20/1982,0.71
8/23/1982,0.71
8/24/1982,0.71
8/25/1982,0.71
8/26/1982,0.71
8/27/1982,0.71
8/30/1982,0.71
8/31/1982,0.71
9/1/1982,0.71
9/2/1982,0.705
9/3/1982,0.66
9/7/1982,0.71
9/8/1982,0.71
9/9/1982,0.71
9/10/1982,0.71
9/13/1982,0.71
9/14/1982,0.71
9/15/1982,0.7025
9/16/1982,0.7025
9/17/1982,0.7025
9/20/1982,0.7325
9/21/1982,0.7025
9/22/1982,0.7
9/23/1982,0.7
9/24/1982,0.7
9/27/1982,0.695
9/28/1982,0.695
9/29/1982,0.695
9/30/1982,0.68
10/1/1982,0.685
10/4/1982,0.625
10/5/1982,0.665
10/6/1982,0.665
10/7/1982,0.67
10/8/1982,0.68
10/11/1982,0.68
10/12/1982,0.685
10/13/1982,0.685
10/14/1982,0.7
10/15/1982,0.72
10/18/1982,0.72
10/19/1982,0.72
10/20/1982,0.72
10/21/1982,0.72
10/22/1982,0.72
10/25/1982,0.72
10/26/1982,0.72
10/27/1982,0.72
10/28/1982,0.72
10/29/1982,0.72
11/1/1982,0.72
11/2/1982,0.72
11/3/1982,0.72
11/4/1982,0.72
11/5/1982,0.72
11/8/1982,0.72
11/9/1982,0.71
11/10/1982,0.71
11/11/1982,0.7
11/12/1982,0.7
11/15/1982,0.7
11/16/1982,0.69
11/17/1982,0.69
11/18/1982,0.69
11/19/1982,0.69
11/22/1982,0.69
11/23/1982,0.69
11/24/1982,0.69
11/26/1982,0.69
11/29/1982,0.69
11/30/1982,0.695
12/1/1982,0.705
12/2/1982,0.705
12/3/1982,0.71
12/6/1982,0.71
12/7/1982,0.72
12/8/1982,0.72
12/9/1982,0.72
12/10/1982,0.715
12/13/1982,0.705
12/14/1982,0.705
12/15/1982,0.7075
12/16/1982,0.705
12/17/1982,0.705
12/20/1982,0.705
12/21/1982,0.7125
12/22/1982,0.715
12/23/1982,0.715
12/27/1982,0.715
12/28/1982,0.73
12/29/1982,0.73
12/30/1982,0.73
12/31/1982,0.73
1/3/1983,0.73
1/4/1983,0.745
1/5/1983,0.755
1/6/1983,0.755
1/7/1983,0.76
1/10/1983,0.775
1/11/1983,0.775
1/12/1983,0.775
1/13/1983,0.7775
1/14/1983,0.7775
1/17/1983,0.79
1/18/1983,0.79
1/19/1983,0.79
1/20/1983,0.775
1/21/1983,0.775
1/24/1983,0.775
1/25/1983,0.775
1/26/1983,0.775
1/27/1983,0.78
1/28/1983,0.78
1/31/1983,0.79
2/1/1983,0.795
2/2/1983,0.795
2/3/1983,0.795
2/4/1983,0.79
2/7/1983,0.79
2/8/1983,0.79
2/9/1983,0.79
2/10/1983,0.795
2/11/1983,0.795
2/14/1983,0.81
2/15/1983,0.82
2/16/1983,0.825
2/17/1983,0.825
2/18/1983,0.825
2/22/1983,0.825
2/23/1983,0.815
2/24/1983,0.83
2/25/1983,0.84
2/28/1983,0.84
3/1/1983,0.83
3/2/1983,0.83
3/3/1983,0.83
3/4/1983,0.81
3/7/1983,0.81
3/8/1983,0.79
3/9/1983,0.79
3/10/1983,0.79
3/11/1983,0.79
3/14/1983,0.78
3/15/1983,0.78
3/16/1983,0.78
3/17/1983,0.78
3/18/1983,0.78
3/21/1983,0.775
3/22/1983,0.775
3/23/1983,0.77
3/24/1983,0.77
3/25/1983,0.77
3/28/1983,0.77
3/29/1983,0.79
3/30/1983,0.8
3/31/1983,0.8
4/4/1983,0.8
4/5/1983,0.8
4/6/1983,0.8
4/7/1983,0.8
4/8/1983,0.79
4/11/1983,0.7925
4/12/1983,0.7975
4/13/1983,0.7975
4/14/1983,0.7975
4/15/1983,0.7975
4/18/1983,0.8075
4/19/1983,0.81
4/20/1983,0.81
4/21/1983,0.81
4/22/1983,0.8175
4/25/1983,0.8175
4/26/1983,0.8175
4/27/1983,0.8175
4/28/1983,0.8225
4/29/1983,0.8225
5/2/1983,0.8225
5/3/1983,0.8225
5/4/1983,0.835
5/5/1983,0.8275
5/6/1983,0.8275
5/9/1983,0.8275
5/10/1983,0.8325
5/11/1983,0.8325
5/12/1983,0.8325
5/13/1983,0.8325
5/16/1983,0.8325
5/17/1983,0.8325
5/18/1983,0.8325
5/19/1983,0.8325
5/20/1983,0.8325
5/23/1983,0.825
5/24/1983,0.825
5/25/1983,0.815
5/26/1983,0.815
5/27/1983,0.815
5/31/1983,0.815
6/1/1983,0.81
6/2/1983,0.8
6/3/1983,0.795
6/6/1983,0.79
6/7/1983,0.785
6/8/1983,0.785
6/9/1983,0.785
6/10/1983,0.785
6/13/1983,0.785
6/14/1983,0.78
6/15/1983,0.7825
6/16/1983,0.7775
6/17/1983,0.7775
6/20/1983,0.7775
6/21/1983,0.795
6/22/1983,0.795
6/23/1983,0.795
6/24/1983,0.795
6/27/1983,0.795
6/28/1983,0.79
6/29/1983,0.79
6/30/1983,0.795
7/1/1983,0.795
7/5/1983,0.79
7/6/1983,0.795
7/7/1983,0.795
7/8/1983,0.8
7/11/1983,0.8
7/12/1983,0.8
7/13/1983,0.8
7/14/1983,0.8
7/15/1983,0.8
7/18/1983,0.795
7/19/1983,0.79
7/20/1983,0.79
7/21/1983,0.79
7/22/1983,0.8
7/25/1983,0.805
7/26/1983,0.825
7/27/1983,0.825
7/28/1983,0.825
7/29/1983,0.82
8/1/1983,0.82
8/2/1983,0.82
8/3/1983,0.81
8/4/1983,0.8
8/5/1983,0.8
8/8/1983,0.795
8/9/1983,0.785
8/10/1983,0.7675
8/11/1983,0.7675
8/12/1983,0.7675
8/15/1983,0.7775
8/16/1983,0.78
8/17/1983,0.78
8/18/1983,0.78
8/19/1983,0.78
8/22/1983,0.7775
8/23/1983,0.7675
8/24/1983,0.7675
8/25/1983,0.7625
8/26/1983,0.7625
8/29/1983,0.765
8/30/1983,0.765
8/31/1983,0.76
9/1/1983,0.7575
9/2/1983,0.76
9/6/1983,0.76
9/7/1983,0.76
9/8/1983,0.76
9/9/1983,0.76
9/12/1983,0.76
9/13/1983,0.76
9/14/1983,0.76
9/15/1983,0.755
9/16/1983,0.75
9/19/1983,0.75
9/20/1983,0.75
9/21/1983,0.74
9/22/1983,0.7375
9/23/1983,0.7375
9/26/1983,0.7375
9/27/1983,0.7375
9/28/1983,0.735
9/29/1983,0.73
9/30/1983,0.7175
10/3/1983,0.7175
10/4/1983,0.705
10/5/1983,0.705
10/6/1983,0.705
10/7/1983,0.71
10/10/1983,0.71
10/11/1983,0.71
10/12/1983,0.71
10/13/1983,0.71
10/14/1983,0.7
10/17/1983,0.7
10/18/1983,0.7
10/19/1983,0.7
10/20/1983,0.69
10/21/1983,0.69
10/24/1983,0.69
10/25/1983,0.69
10/26/1983,0.685
10/27/1983,0.685
10/28/1983,0.69
10/31/1983,0.69
11/1/1983,0.69
11/2/1983,0.69
11/3/1983,0.67
11/4/1983,0.665
11/7/1983,0.655
11/8/1983,0.655
11/9/1983,0.655
11/10/1983,0.655
11/11/1983,0.655
11/14/1983,0.655
11/15/1983,0.655
11/16/1983,0.665
11/17/1983,0.665
11/18/1983,0.665
11/21/1983,0.665
11/22/1983,0.665
11/23/1983,0.67
11/25/1983,0.67
11/28/1983,0.685
11/29/1983,0.685
11/30/1983,0.7
12/1/1983,0.7
12/2/1983,0.7
12/5/1983,0.69
12/6/1983,0.685
12/7/1983,0.69
12/8/1983,0.69
12/9/1983,0.69
12/12/1983,0.69
12/13/1983,0.69
12/14/1983,0.685
12/15/1983,0.68
12/16/1983,0.675
12/19/1983,0.675
12/20/1983,0.675
12/21/1983,0.675
12/22/1983,0.675
12/23/1983,0.675
12/27/1983,0.675
12/28/1983,0.675
12/29/1983,0.675
12/30/1983,0.685
1/3/1984,0.69
1/4/1984,0.685
1/5/1984,0.685
1/6/1984,0.6775
1/9/1984,0.6775
1/10/1984,0.6525
1/11/1984,0.6525
1/12/1984,0.655
1/13/1984,0.655
1/16/1984,0.655
1/17/1984,0.6475
1/18/1984,0.645
1/19/1984,0.65
1/20/1984,0.645
1/23/1984,0.6475
1/24/1984,0.6475
1/25/1984,0.6475
1/26/1984,0.6575
1/27/1984,0.6575
1/30/1984,0.6625
1/31/1984,0.6625
2/1/1984,0.67
2/2/1984,0.67
2/3/1984,0.67
2/6/1984,0.68
2/7/1984,0.68
2/8/1984,0.68
2/9/1984,0.67
2/10/1984,0.67
2/13/1984,0.67
2/14/1984,0.675
2/15/1984,0.685
2/16/1984,0.69
2/17/1984,0.695
2/21/1984,0.695
2/22/1984,0.695
2/23/1984,0.6925
2/24/1984,0.69
2/27/1984,0.69
2/28/1984,0.695
2/29/1984,0.695
3/1/1984,0.69
3/2/1984,0.6975
3/5/1984,0.7025
3/6/1984,0.7025
3/7/1984,0.7025
3/8/1984,0.7025
3/9/1984,0.71
3/12/1984,0.715
3/13/1984,0.73
3/14/1984,0.73
3/15/1984,0.73
3/16/1984,0.73
3/19/1984,0.73
3/20/1984,0.74
3/21/1984,0.74
3/22/1984,0.74
3/23/1984,0.74
3/26/1984,0.74
3/27/1984,0.73
3/28/1984,0.75
3/29/1984,0.755
3/30/1984,0.755
4/2/1984,0.76
4/3/1984,0.76
4/4/1984,0.76
4/5/1984,0.76
4/6/1984,0.755
4/9/1984,0.755
4/10/1984,0.755
4/11/1984,0.755
4/12/1984,0.755
4/13/1984,0.75
4/16/1984,0.745
4/17/1984,0.745
4/18/1984,0.745
4/19/1984,0.745
4/23/1984,0.745
4/24/1984,0.735
4/25/1984,0.735
4/26/1984,0.73
4/27/1984,0.72
4/30/1984,0.72
5/1/1984,0.715
5/2/1984,0.715
5/3/1984,0.715
5/4/1984,0.715
5/7/1984,0.705
5/8/1984,0.695
5/9/1984,0.695
5/10/1984,0.695
5/11/1984,0.695
5/14/1984,0.69
5/15/1984,0.685
5/16/1984,0.685
5/17/1984,0.685
5/18/1984,0.685
5/21/1984,0.685
5/22/1984,0.685
5/23/1984,0.685
5/24/1984,0.685
5/25/1984,0.695
5/29/1984,0.695
5/30/1984,0.69
5/31/1984,0.69
6/1/1984,0.69
6/4/1984,0.69
6/5/1984,0.69
6/6/1984,0.69
6/7/1984,0.69
6/8/1984,0.69
6/11/1984,0.685
6/12/1984,0.675
6/13/1984,0.675
6/14/1984,0.675
6/15/1984,0.675
6/18/1984,0.675
6/19/1984,0.67
6/20/1984,0.6625
6/21/1984,0.6525
6/22/1984,0.6513
6/25/1984,0.645
6/26/1984,0.645
6/27/1984,0.645
6/28/1984,0.6475
6/29/1984,0.6475
7/2/1984,0.6525
7/3/1984,0.6525
7/5/1984,0.645
7/6/1984,0.64
7/9/1984,0.64
7/10/1984,0.63
7/11/1984,0.63
7/12/1984,0.63
7/13/1984,0.64
7/16/1984,0.64
7/17/1984,0.6375
7/18/1984,0.6375
7/19/1984,0.6375
7/20/1984,0.6375
7/23/1984,0.635
7/24/1984,0.635
7/25/1984,0.64
7/26/1984,0.64
7/27/1984,0.64
7/30/1984,0.635
7/31/1984,0.63
8/1/1984,0.63
8/2/1984,0.63
8/3/1984,0.635
8/6/1984,0.635
8/7/1984,0.63
8/8/1984,0.63
8/9/1984,0.635
8/10/1984,0.635
8/13/1984,0.6375
8/14/1984,0.6425
8/15/1984,0.6425
8/16/1984,0.6425
8/17/1984,0.6425
8/20/1984,0.635
8/21/1984,0.635
8/22/1984,0.645
8/23/1984,0.65
8/24/1984,0.66
8/27/1984,0.66
8/28/1984,0.655
8/29/1984,0.655
8/30/1984,0.655
8/31/1984,0.66
9/4/1984,0.66
9/5/1984,0.66
9/6/1984,0.655
9/7/1984,0.64
9/10/1984,0.6475
9/11/1984,0.6475
9/12/1984,0.6475
9/13/1984,0.64
9/14/1984,0.64
9/17/1984,0.62
9/18/1984,0.62
9/19/1984,0.615
9/20/1984,0.615
9/21/1984,0.615
9/24/1984,0.615
9/25/1984,0.615
9/26/1984,0.615
9/27/1984,0.615
9/28/1984,0.615
10/1/1984,0.615
10/2/1984,0.615
10/3/1984,0.615
10/4/1984,0.615
10/5/1984,0.615
10/8/1984,0.615
10/9/1984,0.615
10/10/1984,0.615
10/11/1984,0.615
10/12/1984,0.615
10/15/1984,0.615
10/16/1984,0.615
10/17/1984,0.61
10/18/1984,0.61
10/19/1984,0.61
10/22/1984,0.61
10/23/1984,0.61
10/24/1984,0.615
10/25/1984,0.625
10/26/1984,0.63
10/29/1984,0.63
10/30/1984,0.63
10/31/1984,0.635
11/1/1984,0.645
11/2/1984,0.66
11/5/1984,0.66
11/6/1984,0.66
11/7/1984,0.66
11/8/1984,0.665
11/9/1984,0.665
11/12/1984,0.665
11/13/1984,0.665
11/14/1984,0.66
11/15/1984,0.66
11/16/1984,0.66
11/19/1984,0.655
11/20/1984,0.655
11/21/1984,0.65
11/23/1984,0.65
11/26/1984,0.65
11/27/1984,0.65
11/28/1984,0.65
11/29/1984,0.6425
11/30/1984,0.6425
12/3/1984,0.6425
12/4/1984,0.6325
12/5/1984,0.6325
12/6/1984,0.6325
12/7/1984,0.6325
12/10/1984,0.625
12/11/1984,0.6275
12/12/1984,0.6275
12/13/1984,0.6275
12/14/1984,0.64
12/17/1984,0.64
12/18/1984,0.64
12/19/1984,0.64
12/20/1984,0.64
12/21/1984,0.64
12/24/1984,0.64
12/26/1984,0.64
12/27/1984,0.64
12/28/1984,0.64
12/31/1984,0.64
1/2/1985,0.64
1/3/1985,0.64
1/4/1985,0.64
1/7/1985,0.635
1/8/1985,0.635
1/9/1985,0.63
1/10/1985,0.63
1/11/1985,0.63
1/14/1985,0.62
1/15/1985,0.63
1/16/1985,0.64
1/17/1985,0.64
1/18/1985,0.6525
1/21/1985,0.655
1/22/1985,0.655
1/23/1985,0.655
1/24/1985,0.65
1/25/1985,0.65
1/28/1985,0.66
1/29/1985,0.665
1/30/1985,0.675
1/31/1985,0.675
2/1/1985,0.675
2/4/1985,0.675
2/5/1985,0.675
2/6/1985,0.6725
2/7/1985,0.6725
2/8/1985,0.665
2/11/1985,0.665
2/12/1985,0.6675
2/13/1985,0.67
2/14/1985,0.675
2/15/1985,0.675
2/19/1985,0.6725
2/20/1985,0.6725
2/21/1985,0.665
2/22/1985,0.66
2/25/1985,0.655
2/26/1985,0.635
2/27/1985,0.635
2/28/1985,0.635
3/1/1985,0.635
3/4/1985,0.64
3/5/1985,0.64
3/6/1985,0.6375
3/7/1985,0.645
3/8/1985,0.645
3/11/1985,0.645
3/12/1985,0.645
3/13/1985,0.645
3/14/1985,0.645
3/15/1985,0.645
3/18/1985,0.645
3/19/1985,0.6675
3/20/1985,0.6725
3/21/1985,0.6675
3/22/1985,0.6675
3/25/1985,0.6675
3/26/1985,0.6725
3/27/1985,0.6725
3/28/1985,0.6725
3/29/1985,0.6725
4/1/1985,0.6775
4/2/1985,0.6875
4/3/1985,0.6925
4/4/1985,0.7
4/8/1985,0.7
4/9/1985,0.705
4/10/1985,0.705
4/11/1985,0.705
4/12/1985,0.715
4/15/1985,0.715
4/16/1985,0.7125
4/17/1985,0.7125
4/18/1985,0.705
4/19/1985,0.705
4/22/1985,0.705
4/23/1985,0.7
4/24/1985,0.7
4/25/1985,0.7
4/26/1985,0.6975
4/29/1985,0.6975
4/30/1985,0.6975
5/1/1985,0.6825
5/2/1985,0.685
5/3/1985,0.685
5/6/1985,0.6825
5/7/1985,0.685
5/8/1985,0.69
5/9/1985,0.7
5/10/1985,0.705
5/13/1985,0.705
5/14/1985,0.705
5/15/1985,0.705
5/16/1985,0.705
5/17/1985,0.705
5/20/1985,0.705
5/21/1985,0.705
5/22/1985,0.705
5/23/1985,0.705
5/24/1985,0.7
5/28/1985,0.695
5/29/1985,0.695
5/30/1985,0.695
5/31/1985,0.685
6/3/1985,0.675
6/4/1985,0.675
6/5/1985,0.675
6/6/1985,0.675
6/7/1985,0.67
6/10/1985,0.67
6/11/1985,0.67
6/12/1985,0.675
6/13/1985,0.6725
6/14/1985,0.67
6/17/1985,0.67
6/18/1985,0.6725
6/19/1985,0.6725
6/20/1985,0.6725
6/21/1985,0.67
6/24/1985,0.665
6/25/1985,0.6675
6/26/1985,0.665
6/27/1985,0.665
6/28/1985,0.665
7/1/1985,0.665
7/2/1985,0.6575
7/3/1985,0.6525
7/5/1985,0.6525
7/8/1985,0.6525
7/9/1985,0.655
7/10/1985,0.655
7/11/1985,0.655
7/12/1985,0.655
7/15/1985,0.655
7/16/1985,0.6625
7/17/1985,0.67
7/18/1985,0.67
7/19/1985,0.67
7/22/1985,0.67
7/23/1985,0.6775
7/24/1985,0.6775
7/25/1985,0.6775
7/26/1985,0.6775
7/29/1985,0.68
7/30/1985,0.68
7/31/1985,0.6775
8/1/1985,0.6775
8/2/1985,0.675
8/5/1985,0.6675
8/6/1985,0.67
8/7/1985,0.665
8/8/1985,0.665
8/9/1985,0.665
8/12/1985,0.665
8/13/1985,0.66
8/14/1985,0.6625
8/15/1985,0.665
8/16/1985,0.665
8/19/1985,0.6625
8/20/1985,0.66
8/21/1985,0.6575
8/22/1985,0.6575
8/23/1985,0.6575
8/26/1985,0.655
8/27/1985,0.6487
8/28/1985,0.6588
8/29/1985,0.6588
8/30/1985,0.665
9/3/1985,0.665
9/4/1985,0.6675
9/5/1985,0.6675
9/6/1985,0.6675
9/9/1985,0.665
9/10/1985,0.6625
9/11/1985,0.655
9/12/1985,0.655
9/13/1985,0.655
9/16/1985,0.6575
9/17/1985,0.6575
9/18/1985,0.655
9/19/1985,0.65
9/20/1985,0.6475
9/23/1985,0.645
9/24/1985,0.645
9/25/1985,0.6525
9/26/1985,0.6525
9/27/1985,0.595
9/30/1985,0.65
10/1/1985,0.6475
10/2/1985,0.6575
10/3/1985,0.66
10/4/1985,0.66
10/7/1985,0.6675
10/8/1985,0.6675
10/9/1985,0.6675
10/10/1985,0.665
10/11/1985,0.665
10/14/1985,0.665
10/15/1985,0.665
10/16/1985,0.6613
10/17/1985,0.66
10/18/1985,0.665
10/21/1985,0.6675
10/22/1985,0.665
10/23/1985,0.6725
10/24/1985,0.6725
10/25/1985,0.6725
10/28/1985,0.6575
10/29/1985,0.6663
10/30/1985,0.6725
10/31/1985,0.6725
11/1/1985,0.6675
11/4/1985,0.6675
11/5/1985,0.6675
11/6/1985,0.6675
11/7/1985,0.6675
11/8/1985,0.6675
11/11/1985,0.6725
11/12/1985,0.6675
11/13/1985,0.6675
11/14/1985,0.6675
11/15/1985,0.6675
11/18/1985,0.6675
11/19/1985,0.66
11/20/1985,0.655
11/21/1985,0.65
11/22/1985,0.6525
11/25/1985,0.655
11/26/1985,0.655
11/27/1985,0.655
11/29/1985,0.655
12/2/1985,0.655
12/3/1985,0.6525
12/4/1985,0.655
12/5/1985,0.67
12/6/1985,0.675
12/9/1985,0.68
12/10/1985,0.68
12/11/1985,0.6775
12/12/1985,0.68
12/13/1985,0.68
12/16/1985,0.68
12/17/1985,0.6825
12/18/1985,0.6775
12/19/1985,0.6775
12/20/1985,0.6775
12/23/1985,0.6775
12/24/1985,0.675
12/26/1985,0.675
12/27/1985,0.6775
12/30/1985,0.6775
12/31/1985,0.6775
1/2/1986,0.6775
1/3/1986,0.68
1/6/1986,0.68
1/7/1986,0.68
1/8/1986,0.685
1/9/1986,0.6875
1/10/1986,0.6925
1/13/1986,0.7
1/14/1986,0.7025
1/15/1986,0.7025
1/16/1986,0.7025
1/17/1986,0.7025
1/20/1986,0.7
1/21/1986,0.7
1/22/1986,0.695
1/23/1986,0.695
1/24/1986,0.695
1/27/1986,0.695
1/28/1986,0.7
1/29/1986,0.6975
1/30/1986,0.6975
1/31/1986,0.6975
2/3/1986,0.695
2/4/1986,0.68
2/5/1986,0.68
2/6/1986,0.68
2/7/1986,0.68
2/10/1986,0.6775
2/11/1986,0.6825
2/12/1986,0.675
2/13/1986,0.67
2/14/1986,0.6725
2/18/1986,0.675
2/19/1986,0.675
2/20/1986,0.675
2/21/1986,0.675
2/24/1986,0.6825
2/25/1986,0.685
2/26/1986,0.6863
2/27/1986,0.6825
2/28/1986,0.6825
3/3/1986,0.6825
3/4/1986,0.67
3/5/1986,0.67
3/6/1986,0.68
3/7/1986,0.685
3/10/1986,0.6875
3/11/1986,0.685
3/12/1986,0.685
3/13/1986,0.685
3/14/1986,0.6925
3/17/1986,0.7
3/18/1986,0.71
3/19/1986,0.7125
3/20/1986,0.7125
3/21/1986,0.7125
3/24/1986,0.7175
3/25/1986,0.715
3/26/1986,0.715
3/27/1986,0.715
3/31/1986,0.715
4/1/1986,0.71
4/2/1986,0.7075
4/3/1986,0.695
4/4/1986,0.695
4/7/1986,0.695
4/8/1986,0.69
4/9/1986,0.6875
4/10/1986,0.6875
4/11/1986,0.6875
4/14/1986,0.6875
4/15/1986,0.6775
4/16/1986,0.6775
4/17/1986,0.6775
4/18/1986,0.6775
4/21/1986,0.6775
4/22/1986,0.6775
4/23/1986,0.6775
4/24/1986,0.6825
4/25/1986,0.6825
4/28/1986,0.68
4/29/1986,0.68
4/30/1986,0.6775
5/1/1986,0.6775
5/2/1986,0.6775
5/5/1986,0.6775
5/6/1986,0.6775
5/7/1986,0.6775
5/8/1986,0.68
5/9/1986,0.6825
5/12/1986,0.6825
5/13/1986,0.68
5/14/1986,0.68
5/15/1986,0.68
5/16/1986,0.68
5/19/1986,0.67
5/20/1986,0.665
5/21/1986,0.665
5/22/1986,0.665
5/23/1986,0.6625
5/27/1986,0.6625
5/28/1986,0.665
5/29/1986,0.67
5/30/1986,0.67
6/2/1986,0.67
6/3/1986,0.67
6/4/1986,0.665
6/5/1986,0.665
6/6/1986,0.6675
6/9/1986,0.675
6/10/1986,0.675
6/11/1986,0.675
6/12/1986,0.675
6/13/1986,0.675
6/16/1986,0.675
6/17/1986,0.675
6/18/1986,0.675
6/19/1986,0.675
6/20/1986,0.6775
6/23/1986,0.675
6/24/1986,0.6725
6/25/1986,0.6625
6/26/1986,0.6625
6/27/1986,0.66
6/30/1986,0.66
7/1/1986,0.66
7/2/1986,0.66
7/3/1986,0.66
7/7/1986,0.6475
7/8/1986,0.6475
7/9/1986,0.6425
7/10/1986,0.6425
7/11/1986,0.645
7/14/1986,0.645
7/15/1986,0.6425
7/16/1986,0.6425
7/17/1986,0.64
7/18/1986,0.64
7/21/1986,0.64
7/22/1986,0.64
7/23/1986,0.64
7/24/1986,0.6325
7/25/1986,0.6325
7/28/1986,0.6325
7/29/1986,0.63
7/30/1986,0.63
7/31/1986,0.63
8/1/1986,0.63
8/4/1986,0.63
8/5/1986,0.63
8/6/1986,0.63
8/7/1986,0.6275
8/8/1986,0.6275
8/11/1986,0.6275
8/12/1986,0.6275
8/13/1986,0.625
8/14/1986,0.625
8/15/1986,0.625
8/18/1986,0.6125
8/19/1986,0.61
8/20/1986,0.61
8/21/1986,0.61
8/22/1986,0.6125
8/25/1986,0.6125
8/26/1986,0.61
8/27/1986,0.61
8/28/1986,0.61
8/29/1986,0.61
9/2/1986,0.6325
9/3/1986,0.6425
9/4/1986,0.6425
9/5/1986,0.645
9/8/1986,0.645
9/9/1986,0.6425
9/10/1986,0.64
9/11/1986,0.64
9/12/1986,0.64
9/15/1986,0.6425
9/16/1986,0.645
9/17/1986,0.6525
9/18/1986,0.6525
9/19/1986,0.6525
9/22/1986,0.655
9/23/1986,0.65
9/24/1986,0.65
9/25/1986,0.65
9/26/1986,0.65
9/29/1986,0.65
9/30/1986,0.65
10/1/1986,0.645
10/2/1986,0.64
10/3/1986,0.635
10/6/1986,0.635
10/7/1986,0.635
10/8/1986,0.635
10/9/1986,0.63
10/10/1986,0.63
10/13/1986,0.63
10/14/1986,0.63
10/15/1986,0.63
10/16/1986,0.6325
10/17/1986,0.6325
10/20/1986,0.6325
10/21/1986,0.6325
10/22/1986,0.6325
10/23/1986,0.6325
10/24/1986,0.6375
10/27/1986,0.635
10/28/1986,0.635
10/29/1986,0.6325
10/30/1986,0.6325
10/31/1986,0.63
11/3/1986,0.63
11/4/1986,0.63
11/5/1986,0.63
11/6/1986,0.63
11/7/1986,0.6275
11/10/1986,0.6275
11/11/1986,0.625
11/12/1986,0.625
11/13/1986,0.625
11/14/1986,0.625
11/17/1986,0.625
11/18/1986,0.625
11/19/1986,0.6175
11/20/1986,0.62
11/21/1986,0.6275
11/24/1986,0.6275
11/25/1986,0.6275
11/26/1986,0.6338
11/28/1986,0.6338
12/1/1986,0.635
12/2/1986,0.635
12/3/1986,0.635
12/4/1986,0.635
12/5/1986,0.635
12/8/1986,0.635
12/9/1986,0.635
12/10/1986,0.6313
12/11/1986,0.6338
12/12/1986,0.6338
12/15/1986,0.635
12/16/1986,0.635
12/17/1986,0.635
12/18/1986,0.635
12/19/1986,0.635
12/22/1986,0.635
12/23/1986,0.635
12/24/1986,0.635
12/26/1986,0.635
12/29/1986,0.635
12/30/1986,0.635
12/31/1986,0.6363
1/2/1987,0.635
1/5/1987,0.6513
1/6/1987,0.6513
1/7/1987,0.65
1/8/1987,0.65
1/9/1987,0.65
1/12/1987,0.65
1/13/1987,0.65
1/14/1987,0.6525
1/15/1987,0.6488
1/16/1987,0.645
1/19/1987,0.645
1/20/1987,0.6425
1/21/1987,0.6463
1/22/1987,0.6463
1/23/1987,0.645
1/26/1987,0.65
1/27/1987,0.65
1/28/1987,0.65
1/29/1987,0.6413
1/30/1987,0.6425
2/2/1987,0.6425
2/3/1987,0.6425
2/4/1987,0.6425
2/5/1987,0.6425
2/6/1987,0.645
2/9/1987,0.645
2/10/1987,0.645
2/11/1987,0.645
2/12/1987,0.645
2/13/1987,0.645
2/17/1987,0.645
2/18/1987,0.6563
2/19/1987,0.6588
2/20/1987,0.6588
2/23/1987,0.6588
2/24/1987,0.6588
2/25/1987,0.6588
2/26/1987,0.6588
2/27/1987,0.6675
3/2/1987,0.6775
3/3/1987,0.6775
3/4/1987,0.6763
3/5/1987,0.6775
3/6/1987,0.6775
3/9/1987,0.6763
3/10/1987,0.6788
3/11/1987,0.6775
3/12/1987,0.6775
3/13/1987,0.6775
3/16/1987,0.6775
3/17/1987,0.6775
3/18/1987,0.6775
3/19/1987,0.6775
3/20/1987,0.6775
3/23/1987,0.6775
3/24/1987,0.6775
3/25/1987,0.6775
3/26/1987,0.68
3/27/1987,0.68
3/30/1987,0.68
3/31/1987,0.6738
4/1/1987,0.6725
4/2/1987,0.6738
4/3/1987,0.6725
4/6/1987,0.675
4/7/1987,0.6725
4/8/1987,0.6725
4/9/1987,0.6738
4/10/1987,0.6775
4/13/1987,0.6775
4/14/1987,0.675
4/15/1987,0.6763
4/16/1987,0.6775
4/20/1987,0.6763
4/21/1987,0.6763
4/22/1987,0.6725
4/23/1987,0.6688
4/24/1987,0.6725
4/27/1987,0.6613
4/28/1987,0.6625
4/29/1987,0.6613
4/30/1987,0.6638
5/1/1987,0.665
5/4/1987,0.6725
5/5/1987,0.6825
5/6/1987,0.69
5/7/1987,0.7
5/8/1987,0.7
5/11/1987,0.715
5/12/1987,0.715
5/13/1987,0.715
5/14/1987,0.715
5/15/1987,0.72
5/18/1987,0.72
5/19/1987,0.72
5/20/1987,0.72
5/21/1987,0.72
5/22/1987,0.725
5/26/1987,0.7063
5/27/1987,0.7063
5/28/1987,0.71
5/29/1987,0.71
6/1/1987,0.71
6/2/1987,0.715
6/3/1987,0.72
6/4/1987,0.72
6/5/1987,0.72
6/8/1987,0.74
6/9/1987,0.74
6/10/1987,0.74
6/11/1987,0.7425
6/12/1987,0.7475
6/15/1987,0.7475
6/16/1987,0.7475
6/17/1987,0.7475
6/18/1987,0.7475
6/19/1987,0.745
6/22/1987,0.745
6/23/1987,0.7425
6/24/1987,0.7425
6/25/1987,0.745
6/26/1987,0.745
6/29/1987,0.745
6/30/1987,0.7475
7/1/1987,0.7638
7/2/1987,0.7875
7/6/1987,0.8175
7/7/1987,0.7925
7/8/1987,0.7975
7/9/1987,0.7675
7/10/1987,0.7975
7/13/1987,0.7975
7/14/1987,0.795
7/15/1987,0.7888
7/16/1987,0.79
7/17/1987,0.79
7/20/1987,0.79
7/21/1987,0.79
7/22/1987,0.8
7/23/1987,0.8063
7/24/1987,0.815
7/27/1987,0.8113
7/28/1987,0.8263
7/29/1987,0.835
7/30/1987,0.835
7/31/1987,0.835
8/3/1987,0.8388
8/4/1987,0.8388
8/5/1987,0.8338
8/6/1987,0.825
8/7/1987,0.825
8/10/1987,0.825
8/11/1987,0.83
8/12/1987,0.83
8/13/1987,0.8238
8/14/1987,0.8238
8/17/1987,0.825
8/18/1987,0.825
8/19/1987,0.825
8/20/1987,0.8213
8/21/1987,0.8213
8/24/1987,0.805
8/25/1987,0.8
8/26/1987,0.7975
8/27/1987,0.805
8/28/1987,0.805
8/31/1987,0.805
9/1/1987,0.8138
9/2/1987,0.8113
9/3/1987,0.8125
9/4/1987,0.8125
9/8/1987,0.84
9/9/1987,0.84
9/10/1987,0.86
9/11/1987,0.86
9/14/1987,0.86
9/15/1987,0.86
9/16/1987,0.86
9/17/1987,0.8825
9/18/1987,0.8813
9/21/1987,0.8775
9/22/1987,0.8725
9/23/1987,0.8725
9/24/1987,0.8713
9/25/1987,0.8638
9/28/1987,0.8613
9/29/1987,0.8625
9/30/1987,0.8525
10/1/1987,0.8525
10/2/1987,0.8613
10/5/1987,0.8775
10/6/1987,0.8775
10/7/1987,0.8775
10/8/1987,0.8825
10/9/1987,0.8925
10/12/1987,0.8925
10/13/1987,0.8963
10/14/1987,0.9025
10/15/1987,0.92
10/16/1987,0.925
10/19/1987,0.9138
10/20/1987,0.8588
10/21/1987,0.8775
10/22/1987,0.8813
10/23/1987,0.8913
10/26/1987,0.8913
10/27/1987,0.8763
10/28/1987,0.88
10/29/1987,0.885
10/30/1987,0.8925
11/2/1987,0.915
11/3/1987,0.9263
11/4/1987,0.95
11/5/1987,0.96
11/6/1987,1.02
11/9/1987,1.03
11/10/1987,1.085
11/11/1987,1.125
11/12/1987,1.12
11/13/1987,1.1175
11/16/1987,1.1013
11/17/1987,1.11
11/18/1987,1.125
11/19/1987,1.125
11/20/1987,1.1388
11/23/1987,1.14
11/24/1987,1.165
11/25/1987,1.235
11/27/1987,1.235
11/30/1987,1.235
12/1/1987,1.2425
12/2/1987,1.2425
12/3/1987,1.2425
12/4/1987,1.2
12/7/1987,1.2
12/8/1987,1.2475
12/9/1987,1.24
12/10/1987,1.2775
12/11/1987,1.325
12/14/1987,1.36
12/15/1987,1.36
12/16/1987,1.36
12/17/1987,1.36
12/18/1987,1.35
12/21/1987,1.375
12/22/1987,1.375
12/23/1987,1.4
12/24/1987,1.4
12/28/1987,1.42
12/29/1987,1.4163
12/30/1987,1.435
12/31/1987,1.51
1/4/1988,1.5075
1/5/1988,1.5075
1/6/1988,1.43
1/7/1988,1.4225
1/8/1988,1.42
1/11/1988,1.425
1/12/1988,1.425
1/13/1988,1.385
1/14/1988,1.305
1/15/1988,1.305
1/18/1988,1.305
1/19/1988,1.305
1/20/1988,1.27
1/21/1988,1.265
1/22/1988,1.265
1/25/1988,1.2513
1/26/1988,1.26
1/27/1988,1.22
1/28/1988,1.22
1/29/1988,1.2088
2/1/1988,1.065
2/2/1988,1.0875
2/3/1988,1.095
2/4/1988,1.11
2/5/1988,1.1013
2/8/1988,1.1013
2/9/1988,1.085
2/10/1988,1.0913
2/11/1988,1.1288
2/12/1988,1.13
2/16/1988,1.1388
2/17/1988,1.135
2/18/1988,1.1125
2/19/1988,1.085
2/22/1988,1.0638
2/23/1988,1.0175
2/24/1988,1.02
2/25/1988,1.02
2/26/1988,0.9825
2/29/1988,0.955
3/1/1988,0.9788
3/2/1988,0.99
3/3/1988,1.025
3/4/1988,1.035
3/7/1988,1.0713
3/8/1988,1.0725
3/9/1988,1.0775
3/10/1988,1.085
3/11/1988,1.1063
3/14/1988,1.105
3/15/1988,1.105
3/16/1988,1.09
3/17/1988,1.09
3/18/1988,1.09
3/21/1988,1.09
3/22/1988,1.09
3/23/1988,1.1125
3/24/1988,1.1638
3/25/1988,1.1788
3/28/1988,1.1625
3/29/1988,1.1263
3/30/1988,1.1263
3/31/1988,1.13
4/4/1988,1.13
4/5/1988,1.13
4/6/1988,1.125
4/7/1988,1.1113
4/8/1988,1.115
4/11/1988,1.0975
4/12/1988,1.065
4/13/1988,1.0138
4/14/1988,1.02
4/15/1988,1.03
4/18/1988,1.025
4/19/1988,1.02
4/20/1988,0.9975
4/21/1988,0.995
4/22/1988,0.9925
4/25/1988,0.9788
4/26/1988,0.965
4/27/1988,0.9675
4/28/1988,0.9675
4/29/1988,0.985
5/2/1988,0.985
5/3/1988,0.9875
5/4/1988,0.9963
5/5/1988,1.01
5/6/1988,1.0175
5/9/1988,1.0475
5/10/1988,1.0475
5/11/1988,1.05
5/12/1988,1.0538
5/13/1988,1.065
5/16/1988,1.06
5/17/1988,1.07
5/18/1988,1.0763
5/19/1988,1.075
5/20/1988,1.0763
5/23/1988,1.065
5/24/1988,1.0325
5/25/1988,1.0325
5/26/1988,1.0325
5/27/1988,1.0325
5/31/1988,1.01
6/1/1988,1.0113
6/2/1988,1.0825
6/3/1988,1.1375
6/6/1988,1.13
6/7/1988,1.1575
6/8/1988,1.1488
6/9/1988,1.165
6/10/1988,1.185
6/13/1988,1.1838
6/14/1988,1.1663
6/15/1988,1.1575
6/16/1988,1.1475
6/17/1988,1.14
6/20/1988,1.135
6/21/1988,1.165
6/22/1988,1.165
6/23/1988,1.165
6/24/1988,1.1438
6/27/1988,1.1338
6/28/1988,1.1325
6/29/1988,1.1263
6/30/1988,1.1188
7/1/1988,1.085
7/5/1988,1.0713
7/6/1988,1.075
7/7/1988,1.075
7/8/1988,1.075
7/11/1988,1.05
7/12/1988,1.03
7/13/1988,1.03
7/14/1988,1.04
7/15/1988,1.04
7/18/1988,1.025
7/19/1988,1.035
7/20/1988,1.0413
7/21/1988,1.0438
7/22/1988,1.065
7/25/1988,1.06
7/26/1988,1.03
7/27/1988,1.0213
7/28/1988,1.0025
7/29/1988,0.9975
8/1/1988,0.9688
8/2/1988,0.96
8/3/1988,0.955
8/4/1988,0.955
8/5/1988,0.9875
8/8/1988,0.9775
8/9/1988,0.9625
8/10/1988,0.9625
8/11/1988,0.985
8/12/1988,0.9975
8/15/1988,0.995
8/16/1988,0.995
8/17/1988,0.995
8/18/1988,1.015
8/19/1988,1.015
8/22/1988,1.05
8/23/1988,1.05
8/24/1988,1.055
8/25/1988,1.065
8/26/1988,1.075
8/29/1988,1.075
8/30/1988,1.075
8/31/1988,1.075
9/1/1988,1.0775
9/2/1988,1.075
9/6/1988,1.0788
9/7/1988,1.08
9/8/1988,1.08
9/9/1988,1.1
9/12/1988,1.11
9/13/1988,1.1175
9/14/1988,1.1288
9/15/1988,1.1463
9/16/1988,1.1688
9/19/1988,1.165
9/20/1988,1.185
9/21/1988,1.18
9/22/1988,1.19
9/23/1988,1.2425
9/26/1988,1.2425
9/27/1988,1.25
9/28/1988,1.25
9/29/1988,1.24
9/30/1988,1.2363
10/3/1988,1.24
10/4/1988,1.235
10/5/1988,1.245
10/6/1988,1.265
10/7/1988,1.2825
10/10/1988,1.305
10/11/1988,1.3263
10/12/1988,1.335
10/13/1988,1.3375
10/14/1988,1.38
10/17/1988,1.395
10/18/1988,1.425
10/19/1988,1.47
10/20/1988,1.4925
10/21/1988,1.505
10/24/1988,1.485
10/25/1988,1.45
10/26/1988,1.4225
10/27/1988,1.4125
10/28/1988,1.475
10/31/1988,1.5275
11/1/1988,1.5325
11/2/1988,1.5688
11/3/1988,1.565
11/4/1988,1.545
11/7/1988,1.52
11/8/1988,1.52
11/9/1988,1.5662
11/10/1988,1.5275
11/11/1988,1.485
11/14/1988,1.485
11/15/1988,1.425
11/16/1988,1.415
11/17/1988,1.4425
11/18/1988,1.465
11/21/1988,1.4575
11/22/1988,1.4575
11/23/1988,1.6513
11/25/1988,1.6513
11/28/1988,1.635
11/29/1988,1.6038
11/30/1988,1.57
12/1/1988,1.5713
12/2/1988,1.57
12/5/1988,1.57
12/6/1988,1.5775
12/7/1988,1.6075
12/8/1988,1.6825
12/9/1988,1.6825
12/12/1988,1.6575
12/13/1988,1.6
12/14/1988,1.585
12/15/1988,1.585
12/16/1988,1.58
12/19/1988,1.5875
12/20/1988,1.6325
12/21/1988,1.655
12/22/1988,1.6525
12/23/1988,1.65
12/27/1988,1.635
12/28/1988,1.6325
12/29/1988,1.5938
12/30/1988,1.5838
1/3/1989,1.5838
1/4/1989,1.6013
1/5/1989,1.6225
1/6/1989,1.58
1/9/1989,1.5225
1/10/1989,1.5225
1/11/1989,1.5088
1/12/1989,1.525
1/13/1989,1.5638
1/16/1989,1.6138
1/17/1989,1.64
1/18/1989,1.6275
1/19/1989,1.5963
1/20/1989,1.595
1/23/1989,1.6113
1/24/1989,1.6238
1/25/1989,1.595
1/26/1989,1.6113
1/27/1989,1.6225
1/30/1989,1.545
1/31/1989,1.5
2/1/1989,1.4675
2/2/1989,1.4275
2/3/1989,1.4063
2/6/1989,1.3888
2/7/1989,1.3738
2/8/1989,1.4
2/9/1989,1.4125
2/10/1989,1.4013
2/13/1989,1.3625
2/14/1989,1.33
2/15/1989,1.33
2/16/1989,1.3463
2/17/1989,1.3525
2/21/1989,1.4063
2/22/1989,1.4563
2/23/1989,1.4688
2/24/1989,1.4538
2/27/1989,1.4425
2/28/1989,1.4175
3/1/1989,1.4688
3/2/1989,1.5275
3/3/1989,1.5575
3/6/1989,1.57
3/7/1989,1.57
3/8/1989,1.555
3/9/1989,1.5125
3/10/1989,1.53
3/13/1989,1.4988
3/14/1989,1.49
3/15/1989,1.4888
3/16/1989,1.445
3/17/1989,1.4625
3/20/1989,1.4425
3/21/1989,1.45
3/22/1989,1.465
3/23/1989,1.4625
3/27/1989,1.4675
3/28/1989,1.475
3/29/1989,1.455
3/30/1989,1.425
3/31/1989,1.415
4/3/1989,1.38
4/4/1989,1.335
4/5/1989,1.34
4/6/1989,1.355
4/7/1989,1.37
4/10/1989,1.4563
4/11/1989,1.4775
4/12/1989,1.47
4/13/1989,1.4838
4/14/1989,1.4975
4/17/1989,1.4975
4/18/1989,1.495
4/19/1989,1.495
4/20/1989,1.4375
4/21/1989,1.4438
4/24/1989,1.4625
4/25/1989,1.4388
4/26/1989,1.4388
4/27/1989,1.445
4/28/1989,1.445
5/1/1989,1.4325
5/2/1989,1.39
5/3/1989,1.3813
5/4/1989,1.385
5/5/1989,1.3775
5/8/1989,1.34
5/9/1989,1.32
5/10/1989,1.32
5/11/1989,1.3175
5/12/1989,1.3138
5/15/1989,1.2563
5/16/1989,1.2413
5/17/1989,1.25
5/18/1989,1.24
5/19/1989,1.2263
5/22/1989,1.1925
5/23/1989,1.1525
5/24/1989,1.1488
5/25/1989,1.1475
5/26/1989,1.165
5/30/1989,1.18
5/31/1989,1.1938
6/1/1989,1.1675
6/2/1989,1.17
6/5/1989,1.1488
6/6/1989,1.1263
6/7/1989,1.135
6/8/1989,1.1675
6/9/1989,1.1725
6/12/1989,1.1513
6/13/1989,1.1525
6/14/1989,1.1525
6/15/1989,1.1525
6/16/1989,1.175
6/19/1989,1.2225
6/20/1989,1.225
6/21/1989,1.2
6/22/1989,1.2
6/23/1989,1.1338
6/26/1989,1.1413
6/27/1989,1.1388
6/28/1989,1.14
6/29/1989,1.145
6/30/1989,1.135
7/3/1989,1.1063
7/5/1989,1.1163
7/6/1989,1.0644
7/7/1989,1.0644
7/10/1989,1.09
7/11/1989,1.08
7/12/1989,1.0975
7/13/1989,1.105
7/14/1989,1.105
7/17/1989,1.1163
7/18/1989,1.14
7/19/1989,1.1625
7/20/1989,1.1625
7/21/1989,1.1575
7/24/1989,1.1775
7/25/1989,1.195
7/26/1989,1.1825
7/27/1989,1.185
7/28/1989,1.1738
7/31/1989,1.18
8/1/1989,1.18
8/2/1989,1.19
8/3/1989,1.1875
8/4/1989,1.1888
8/7/1989,1.175
8/8/1989,1.17
8/9/1989,1.1675
8/10/1989,1.175
8/11/1989,1.215
8/14/1989,1.2425
8/15/1989,1.255
8/16/1989,1.275
8/17/1989,1.3
8/18/1989,1.295
8/21/1989,1.3238
8/22/1989,1.315
8/23/1989,1.325
8/24/1989,1.355
8/25/1989,1.4075
8/28/1989,1.4125
8/29/1989,1.3813
8/30/1989,1.375
8/31/1989,1.3725
9/1/1989,1.3825
9/5/1989,1.35
9/6/1989,1.3375
9/7/1989,1.3525
9/8/1989,1.345
9/11/1989,1.355
9/12/1989,1.3675
9/13/1989,1.3675
9/14/1989,1.4375
9/15/1989,1.4275
9/18/1989,1.435
9/19/1989,1.4463
9/20/1989,1.4375
9/21/1989,1.435
9/22/1989,1.4275
9/25/1989,1.4138
9/26/1989,1.4
9/27/1989,1.3775
9/28/1989,1.3113
9/29/1989,1.35
10/2/1989,1.3675
10/3/1989,1.3638
10/4/1989,1.3725
10/5/1989,1.3775
10/6/1989,1.3975
10/9/1989,1.405
10/10/1989,1.3925
10/11/1989,1.3725
10/12/1989,1.39
10/13/1989,1.39
10/16/1989,1.3663
10/17/1989,1.3675
10/18/1989,1.3438
10/19/1989,1.345
10/20/1989,1.33
10/23/1989,1.2669
10/24/1989,1.24
10/25/1989,1.24
10/26/1989,1.2338
10/27/1989,1.2138
10/30/1989,1.1988
10/31/1989,1.2038
11/1/1989,1.225
11/2/1989,1.21
11/3/1989,1.205
11/6/1989,1.19
11/7/1989,1.185
11/8/1989,1.2138
11/9/1989,1.225
11/10/1989,1.225
11/13/1989,1.225
11/14/1989,1.2113
11/15/1989,1.2108
11/16/1989,1.207
11/17/1989,1.1556
11/20/1989,1.1425
11/21/1989,1.135
11/22/1989,1.1263
11/24/1989,1.1263
11/27/1989,1.135
11/28/1989,1.1569
11/29/1989,1.155
11/30/1989,1.1575
12/1/1989,1.1438
12/4/1989,1.1388
12/5/1989,1.1
12/6/1989,1.09
12/7/1989,1.1
12/8/1989,1.0988
12/11/1989,1.095
12/12/1989,1.0613
12/13/1989,1.085
12/14/1989,1.075
12/15/1989,1.075
12/18/1989,1.075
12/19/1989,1.08
12/20/1989,1.0875
12/21/1989,1.0975
12/22/1989,1.1025
12/26/1989,1.1025
12/27/1989,1.1
12/28/1989,1.1025
12/29/1989,1.1
1/2/1990,1.1
1/3/1990,1.115
1/4/1990,1.1288
1/5/1990,1.135
1/8/1990,1.145
1/9/1990,1.1513
1/10/1990,1.1438
1/11/1990,1.1488
1/12/1990,1.135
1/15/1990,1.1063
1/16/1990,1.0925
1/17/1990,1.0925
1/18/1990,1.0738
1/19/1990,1.0607
1/22/1990,1.0594
1/23/1990,1.0375
1/24/1990,1.0307
1/25/1990,1.0363
1/26/1990,1.0363
1/29/1990,1.0238
1/30/1990,1.0157
1/31/1990,1.0319
2/1/1990,1.03
2/2/1990,1.0475
2/5/1990,1.0425
2/6/1990,1.035
2/7/1990,1.0425
2/8/1990,1.0425
2/9/1990,1.0525
2/12/1990,1.055
2/13/1990,1.07
2/14/1990,1.1088
2/15/1990,1.1088
2/16/1990,1.145
2/20/1990,1.155
2/21/1990,1.1907
2/22/1990,1.195
2/23/1990,1.1925
2/26/1990,1.1888
2/27/1990,1.1675
2/28/1990,1.1775
3/1/1990,1.1907
3/2/1990,1.2125
3/5/1990,1.23
3/6/1990,1.2488
3/7/1990,1.2463
3/8/1990,1.2525
3/9/1990,1.2525
3/12/1990,1.2525
3/13/1990,1.2425
3/14/1990,1.27
3/15/1990,1.3125
3/16/1990,1.325
3/19/1990,1.325
3/20/1990,1.325
3/21/1990,1.34
3/22/1990,1.33
3/23/1990,1.3263
3/26/1990,1.3263
3/27/1990,1.3025
3/28/1990,1.2675
3/29/1990,1.2725
3/30/1990,1.295
4/2/1990,1.295
4/3/1990,1.3125
4/4/1990,1.2925
4/5/1990,1.26
4/6/1990,1.2775
4/9/1990,1.2488
4/10/1990,1.255
4/11/1990,1.255
4/12/1990,1.2475
4/16/1990,1.2475
4/17/1990,1.23
4/18/1990,1.2288
4/19/1990,1.235
4/20/1990,1.2275
4/23/1990,1.23
4/24/1990,1.2525
4/25/1990,1.2525
4/26/1990,1.34
4/27/1990,1.2925
4/30/1990,1.25
5/1/1990,1.255
5/2/1990,1.2713
5/3/1990,1.2513
5/4/1990,1.245
5/7/1990,1.2363
5/8/1990,1.2219
5/9/1990,1.26
5/10/1990,1.2838
5/11/1990,1.285
5/14/1990,1.275
5/15/1990,1.2613
5/16/1990,1.2638
5/17/1990,1.2613
5/18/1990,1.2625
5/21/1990,1.255
5/22/1990,1.245
5/23/1990,1.235
5/24/1990,1.24
5/25/1990,1.24
5/29/1990,1.2193
5/30/1990,1.2143
5/31/1990,1.175
6/1/1990,1.185
6/4/1990,1.18
6/5/1990,1.19
6/6/1990,1.2
6/7/1990,1.1888
6/8/1990,1.1813
6/11/1990,1.17
6/12/1990,1.175
6/13/1990,1.1713
6/14/1990,1.1788
6/15/1990,1.16
6/18/1990,1.1907
6/19/1990,1.1906
6/20/1990,1.1675
6/21/1990,1.17
6/22/1990,1.1725
6/25/1990,1.1625
6/26/1990,1.1275
6/27/1990,1.1419
6/28/1990,1.165
6/29/1990,1.1925
7/2/1990,1.18
7/3/1990,1.1875
7/5/1990,1.205
7/6/1990,1.2157
7/9/1990,1.2157
7/10/1990,1.2325
7/11/1990,1.2863
7/12/1990,1.2975
7/13/1990,1.2975
7/16/1990,1.29
7/17/1990,1.2788
7/18/1990,1.2563
7/19/1990,1.2475
7/20/1990,1.2507
7/23/1990,1.2413
7/24/1990,1.2575
7/25/1990,1.2725
7/26/1990,1.29
7/27/1990,1.29
7/30/1990,1.287
7/31/1990,1.285
8/1/1990,1.29
8/2/1990,1.337
8/3/1990,1.325
8/6/1990,1.3225
8/7/1990,1.325
8/8/1990,1.33
8/9/1990,1.35
8/10/1990,1.355
8/13/1990,1.355
8/14/1990,1.3675
8/15/1990,1.3825
8/16/1990,1.3825
8/17/1990,1.375
8/20/1990,1.3663
8/21/1990,1.36
8/22/1990,1.3457
8/23/1990,1.3313
8/24/1990,1.3313
8/27/1990,1.34
8/28/1990,1.33
8/29/1990,1.33
8/30/1990,1.33
8/31/1990,1.33
9/4/1990,1.3275
9/5/1990,1.3007
9/6/1990,1.3257
9/7/1990,1.355
9/10/1990,1.3738
9/11/1990,1.3807
9/12/1990,1.4044
9/13/1990,1.395
9/14/1990,1.3663
9/17/1990,1.3675
9/18/1990,1.35
9/19/1990,1.32
9/20/1990,1.3025
9/21/1990,1.3125
9/24/1990,1.32
9/25/1990,1.33
9/26/1990,1.3475
9/27/1990,1.3225
9/28/1990,1.3075
10/1/1990,1.3038
10/2/1990,1.3075
10/3/1990,1.3225
10/4/1990,1.33
10/5/1990,1.335
10/8/1990,1.335
10/9/1990,1.34
10/10/1990,1.345
10/11/1990,1.3275
10/12/1990,1.2888
10/15/1990,1.3
10/16/1990,1.2925
10/17/1990,1.285
10/18/1990,1.285
10/19/1990,1.3038
10/22/1990,1.305
10/23/1990,1.35
10/24/1990,1.34
10/25/1990,1.33
10/26/1990,1.3213
10/29/1990,1.2838
10/30/1990,1.2725
10/31/1990,1.24
11/1/1990,1.1888
11/2/1990,1.2025
11/5/1990,1.1863
11/6/1990,1.19
11/7/1990,1.1925
11/8/1990,1.1888
11/9/1990,1.195
11/12/1990,1.1913
11/13/1990,1.205
11/14/1990,1.205
11/15/1990,1.215
11/16/1990,1.23
11/19/1990,1.225
11/20/1990,1.23
11/21/1990,1.23
11/23/1990,1.23
11/26/1990,1.225
11/27/1990,1.2
11/28/1990,1.1775
11/29/1990,1.1825
11/30/1990,1.1825
12/3/1990,1.1775
12/4/1990,1.18
12/5/1990,1.18
12/6/1990,1.1813
12/7/1990,1.15
12/10/1990,1.15
12/11/1990,1.15
12/12/1990,1.15
12/13/1990,1.1538
12/14/1990,1.1538
12/17/1990,1.1538
12/18/1990,1.155
12/19/1990,1.16
12/20/1990,1.16
12/21/1990,1.16
12/24/1990,1.16
12/26/1990,1.1657
12/27/1990,1.1657
12/28/1990,1.1775
12/31/1990,1.21
1/2/1991,1.23
1/3/1991,1.2156
1/4/1991,1.2156
1/7/1991,1.22
1/8/1991,1.2088
1/9/1991,1.1925
1/10/1991,1.1925
1/11/1991,1.1863
1/14/1991,1.1775
1/15/1991,1.1281
1/16/1991,1.1225
1/17/1991,1.1413
1/18/1991,1.1363
1/21/1991,1.1363
1/22/1991,1.1225
1/23/1991,1.0938
1/24/1991,1.0813
1/25/1991,1.0857
1/28/1991,1.0925
1/29/1991,1.0944
1/30/1991,1.105
1/31/1991,1.1113
2/1/1991,1.1113
2/4/1991,1.105
2/5/1991,1.11
2/6/1991,1.1213
2/7/1991,1.12
2/8/1991,1.135
2/11/1991,1.1425
2/12/1991,1.145
2/13/1991,1.15
2/14/1991,1.152
2/15/1991,1.1582
2/19/1991,1.1538
2/20/1991,1.1525
2/21/1991,1.16
2/22/1991,1.16
2/25/1991,1.17
2/26/1991,1.1775
2/27/1991,1.1788
2/28/1991,1.1838
3/1/1991,1.1788
3/4/1991,1.1738
3/5/1991,1.1588
3/6/1991,1.1588
3/7/1991,1.1575
3/8/1991,1.1588
3/11/1991,1.1595
3/12/1991,1.1595
3/13/1991,1.1388
3/14/1991,1.1338
3/15/1991,1.13
3/18/1991,1.1288
3/19/1991,1.11
3/20/1991,1.1125
3/21/1991,1.1225
3/22/1991,1.1225
3/25/1991,1.12
3/26/1991,1.115
3/27/1991,1.1075
3/28/1991,1.1075
4/1/1991,1.105
4/2/1991,1.13
4/3/1991,1.1225
4/4/1991,1.1238
4/5/1991,1.1225
4/8/1991,1.1188
4/9/1991,1.1163
4/10/1991,1.1263
4/11/1991,1.125
4/12/1991,1.1257
4/15/1991,1.1225
4/16/1991,1.125
4/17/1991,1.1413
4/18/1991,1.15
4/19/1991,1.1463
4/22/1991,1.1433
4/23/1991,1.1268
4/24/1991,1.128
4/25/1991,1.1233
4/26/1991,1.1188
4/29/1991,1.1213
4/30/1991,1.1132
5/1/1991,1.115
5/2/1991,1.1157
5/3/1991,1.085
5/6/1991,1.0744
5/7/1991,1.0775
5/8/1991,1.0713
5/9/1991,1.075
5/10/1991,1.075
5/13/1991,1.0525
5/14/1991,1.035
5/15/1991,1.04
5/16/1991,1.03
5/17/1991,1.0313
5/20/1991,1.0375
5/21/1991,1.0475
5/22/1991,1.04
5/23/1991,1.0425
5/24/1991,1.0425
5/28/1991,1.0375
5/29/1991,1.0238
5/30/1991,1.0163
5/31/1991,1.0025
6/3/1991,1.005
6/4/1991,1.0225
6/5/1991,1.05
6/6/1991,1.04
6/7/1991,1.0363
6/10/1991,1.0338
6/11/1991,1.04
6/12/1991,1.0319
6/13/1991,1.0338
6/14/1991,1.0325
6/17/1991,1.0207
6/18/1991,1.0219
6/19/1991,1.0244
6/20/1991,1.0413
6/21/1991,1.0425
6/24/1991,1.0375
6/25/1991,1.0475
6/26/1991,1.0507
6/27/1991,1.0438
6/28/1991,1.0488
7/1/1991,1.0508
7/2/1991,1.0605
7/3/1991,1.052
7/5/1991,1.052
7/8/1991,1.0557
7/9/1991,1.0538
7/10/1991,1.0438
7/11/1991,1.0238
7/12/1991,1.0263
7/15/1991,1.025
7/16/1991,1.0275
7/17/1991,1.03
7/18/1991,1.0275
7/19/1991,1.0319
7/22/1991,1.0306
7/23/1991,1.03
7/24/1991,1.0275
7/25/1991,1.03
7/26/1991,1.0375
7/29/1991,1.045
7/30/1991,1.0438
7/31/1991,1.0438
8/1/1991,1.045
8/2/1991,1.045
8/5/1991,1.05
8/6/1991,1.0488
8/7/1991,1.065
8/8/1991,1.065
8/9/1991,1.0675
8/12/1991,1.0575
8/13/1991,1.06
8/14/1991,1.0475
8/15/1991,1.0463
8/16/1991,1.0425
8/19/1991,1.04
8/20/1991,1.04
8/21/1991,1.0425
8/22/1991,1.0463
8/23/1991,1.05
8/26/1991,1.05
8/27/1991,1.0707
8/28/1991,1.08
8/29/1991,1.0775
8/30/1991,1.08
9/3/1991,1.0656
9/4/1991,1.0713
9/5/1991,1.0725
9/6/1991,1.1025
9/9/1991,1.0938
9/10/1991,1.1025
9/11/1991,1.1083
9/12/1991,1.108
9/13/1991,1.1068
9/16/1991,1.0932
9/17/1991,1.0857
9/18/1991,1.0938
9/19/1991,1.1038
9/20/1991,1.1394
9/23/1991,1.14
9/24/1991,1.1206
9/25/1991,1.135
9/26/1991,1.1295
9/27/1991,1.1305
9/30/1991,1.1213
10/1/1991,1.125
10/2/1991,1.1223
10/3/1991,1.1244
10/4/1991,1.1225
10/7/1991,1.115
10/8/1991,1.125
10/9/1991,1.1225
10/10/1991,1.1075
10/11/1991,1.1106
10/14/1991,1.105
10/15/1991,1.0925
10/16/1991,1.095
10/17/1991,1.105
10/18/1991,1.0963
10/21/1991,1.0975
10/22/1991,1.0988
10/23/1991,1.1
10/24/1991,1.105
10/25/1991,1.105
10/28/1991,1.1094
10/29/1991,1.1219
10/30/1991,1.12
10/31/1991,1.1075
11/1/1991,1.1075
11/4/1991,1.1113
11/5/1991,1.1094
11/6/1991,1.1075
11/7/1991,1.1063
11/8/1991,1.1044
11/11/1991,1.0963
11/12/1991,1.1
11/13/1991,1.1013
11/14/1991,1.11
11/15/1991,1.11
11/18/1991,1.1032
11/19/1991,1.0963
11/20/1991,1.095
11/21/1991,1.0813
11/22/1991,1.0769
11/25/1991,1.0825
11/26/1991,1.0907
11/27/1991,1.0863
11/29/1991,1.0775
12/2/1991,1.0738
12/3/1991,1.0625
12/4/1991,1.0525
12/5/1991,1.0325
12/6/1991,1.0344
12/9/1991,1.0344
12/10/1991,1.0175
12/11/1991,1.0188
12/12/1991,1.0188
12/13/1991,1.0188
12/16/1991,1.0188
12/17/1991,1.0206
12/18/1991,1.0206
12/19/1991,1.02
12/20/1991,1.015
12/23/1991,1.015
12/24/1991,1.02
12/26/1991,1.015
12/27/1991,1.02
12/30/1991,1.0188
12/31/1991,1.0125
1/2/1992,1.0025
1/3/1992,1.0056
1/6/1992,1.005
1/7/1992,0.9863
1/8/1992,0.9781
1/9/1992,0.9775
1/10/1992,0.98
1/13/1992,0.9781
1/14/1992,0.9744
1/15/1992,0.9844
1/16/1992,1
1/17/1992,1.0075
1/20/1992,1.0063
1/21/1992,1.005
1/22/1992,1.0088
1/23/1992,1.005
1/24/1992,1.0213
1/27/1992,1.0194
1/28/1992,1.0281
1/29/1992,1.0275
1/30/1992,1.0269
1/31/1992,1.025
2/3/1992,1.02
2/4/1992,1.02
2/5/1992,1.0244
2/6/1992,1.0256
2/7/1992,1.0263
2/10/1992,1.025
2/11/1992,1.0275
2/12/1992,1.05
2/13/1992,1.0525
2/14/1992,1.06
2/18/1992,1.0538
2/19/1992,1.0525
2/20/1992,1.0513
2/21/1992,1.0488
2/24/1992,1.0588
2/25/1992,1.0588
2/26/1992,1.0694
2/27/1992,1.0688
2/28/1992,1.0688
3/2/1992,1.0656
3/3/1992,1.065
3/4/1992,1.0656
3/5/1992,1.0675
3/6/1992,1.06
3/9/1992,1.0575
3/10/1992,1.0638
3/11/1992,1.06
3/12/1992,1.0488
3/13/1992,1.0494
3/16/1992,1.0494
3/17/1992,1.0538
3/18/1992,1.06
3/19/1992,1.06
3/20/1992,1.0538
3/23/1992,1.055
3/24/1992,1.0563
3/25/1992,1.055
3/26/1992,1.0563
3/27/1992,1.0544
3/30/1992,1.0556
3/31/1992,1.0575
4/1/1992,1.0613
4/2/1992,1.0706
4/3/1992,1.0675
4/6/1992,1.0613
4/7/1992,1.0594
4/8/1992,1.0494
4/9/1992,1.0519
4/10/1992,1.0475
4/13/1992,1.03
4/14/1992,1.0294
4/15/1992,1.0313
4/16/1992,1.0263
4/20/1992,1.0263
4/21/1992,1.0313
4/22/1992,1.0306
4/23/1992,1.0331
4/24/1992,1.0394
4/27/1992,1.0325
4/28/1992,1.04
4/29/1992,1.0313
4/30/1992,1.0325
5/1/1992,1.03
5/4/1992,1.0338
5/5/1992,1.0306
5/6/1992,1.0306
5/7/1992,1.0413
5/8/1992,1.0475
5/11/1992,1.0488
5/12/1992,1.0456
5/13/1992,1.0456
5/14/1992,1.0444
5/15/1992,1.0356
5/18/1992,1.0356
5/19/1992,1.0481
5/20/1992,1.0475
5/21/1992,1.0481
5/22/1992,1.0525
5/26/1992,1.0513
5/27/1992,1.0506
5/28/1992,1.0475
5/29/1992,1.0494
6/1/1992,1.06
6/2/1992,1.0606
6/3/1992,1.0644
6/4/1992,1.0819
6/5/1992,1.0769
6/8/1992,1.0781
6/9/1992,1.0781
6/10/1992,1.07
6/11/1992,1.0688
6/12/1992,1.0713
6/15/1992,1.0713
6/16/1992,1.0663
6/17/1992,1.085
6/18/1992,1.085
6/19/1992,1.0875
6/22/1992,1.0875
6/23/1992,1.0875
6/24/1992,1.1075
6/25/1992,1.1525
6/26/1992,1.1106
6/29/1992,1.1413
6/30/1992,1.1363
7/1/1992,1.1348
7/2/1992,1.1525
7/6/1992,1.1563
7/7/1992,1.1638
7/8/1992,1.1725
7/9/1992,1.1675
7/10/1992,1.1756
7/13/1992,1.1725
7/14/1992,1.1794
7/15/1992,1.1975
7/16/1992,1.2
7/17/1992,1.195
7/20/1992,1.1925
7/21/1992,1.1956
7/22/1992,1.1938
7/23/1992,1.1956
7/24/1992,1.1944
7/27/1992,1.1919
7/28/1992,1.1919
7/29/1992,1.1863
7/30/1992,1.1813
7/31/1992,1.18
8/3/1992,1.16
8/4/1992,1.17
8/5/1992,1.17
8/6/1992,1.17
8/7/1992,1.175
8/10/1992,1.17
8/11/1992,1.17
8/12/1992,1.165
8/13/1992,1.155
8/14/1992,1.155
8/17/1992,1.19
8/18/1992,1.19
8/19/1992,1.19
8/20/1992,1.185
8/21/1992,1.18
8/24/1992,1.18
8/25/1992,1.18
8/26/1992,1.175
8/27/1992,1.175
8/28/1992,1.17
8/31/1992,1.15
9/1/1992,1.155
9/2/1992,1.155
9/3/1992,1.15
9/4/1992,1.155
9/8/1992,1.15
9/9/1992,1.145
9/10/1992,1.11
9/11/1992,1.11
9/14/1992,1.115
9/15/1992,1.115
9/16/1992,1.115
9/17/1992,1.115
9/18/1992,1.115
9/21/1992,1.125
9/22/1992,1.12
9/23/1992,1.12
9/24/1992,1.12
9/25/1992,1.12
9/28/1992,1.105
9/29/1992,1.105
9/30/1992,1.09
10/1/1992,1.08
10/2/1992,1.07
10/5/1992,1.07
10/6/1992,1.07
10/7/1992,1.05
10/8/1992,1.05
10/9/1992,1.05
10/12/1992,1.05
10/13/1992,1.045
10/14/1992,1.045
10/15/1992,1.045
10/16/1992,1.045
10/19/1992,1.045
10/20/1992,1.045
10/21/1992,1.045
10/22/1992,1.045
10/23/1992,1.04
10/26/1992,1.045
10/27/1992,1.045
10/28/1992,1.05
10/29/1992,1.055
10/30/1992,1.055
11/2/1992,1.045
11/3/1992,1.045
11/4/1992,1.045
11/5/1992,1.04
11/6/1992,1.035
11/9/1992,1.025
11/10/1992,0.995
11/11/1992,1.005
11/12/1992,1.005
11/13/1992,1
11/16/1992,1.005
11/17/1992,1.005
11/18/1992,1.005
11/19/1992,1.005
11/20/1992,1.005
11/23/1992,1.005
11/24/1992,1.005
11/25/1992,1.005
11/27/1992,1.005
11/30/1992,1.015
12/1/1992,1.01
12/2/1992,1.01
12/3/1992,1.01
12/4/1992,1.01
12/7/1992,1.035
12/8/1992,1.035
12/9/1992,1.035
12/10/1992,1.03
12/11/1992,1.03
12/14/1992,1.03
12/15/1992,1.035
12/16/1992,1.035
12/17/1992,1.035
12/18/1992,1.04
12/21/1992,1.045
12/22/1992,1.045
12/23/1992,1.045
12/24/1992,1.045
12/28/1992,1.045
12/29/1992,1.055
12/30/1992,1.055
12/31/1992,1.055
1/4/1993,1.065
1/5/1993,1.095
1/6/1993,1.095
1/7/1993,1.095
1/8/1993,1.105
1/11/1993,1.105
1/12/1993,1.031
1/13/1993,1.03
1/14/1993,1.03
1/15/1993,1.03
1/18/1993,1.03
1/19/1993,1.03
1/20/1993,1.03
1/21/1993,1.03
1/22/1993,1.03
1/25/1993,1.03
1/26/1993,1.035
1/27/1993,1.035
1/28/1993,1.045
1/29/1993,1.04
2/1/1993,1.04
2/2/1993,1.04
2/3/1993,1.04
2/4/1993,1.04
2/5/1993,1.045
2/8/1993,1.045
2/9/1993,1.045
2/10/1993,1.045
2/11/1993,1.045
2/12/1993,1.04
2/16/1993,1.04
2/17/1993,1.04
2/18/1993,1.04
2/19/1993,1.04
2/22/1993,1.04
2/23/1993,1.035
2/24/1993,1.03
2/25/1993,1
2/26/1993,1
3/1/1993,0.995
3/2/1993,0.995
3/3/1993,0.995
3/4/1993,0.995
3/5/1993,0.995
3/8/1993,0.995
3/9/1993,0.995
3/10/1993,1
3/11/1993,1.005
3/12/1993,1.01
3/15/1993,1.015
3/16/1993,1.015
3/17/1993,1.015
3/18/1993,1.015
3/19/1993,1.015
3/22/1993,1.015
3/23/1993,1.015
3/24/1993,1.015
3/25/1993,1.015
3/26/1993,1.015
3/29/1993,1.015
3/30/1993,1.01
3/31/1993,1.01
4/1/1993,1.01
4/2/1993,1.01
4/5/1993,1.005
4/6/1993,0.995
4/7/1993,0.965
4/8/1993,0.965
4/12/1993,0.95
4/13/1993,0.95
4/14/1993,0.945
4/15/1993,0.94
4/16/1993,0.93
4/19/1993,0.93
4/20/1993,0.885
4/21/1993,0.885
4/22/1993,0.89
4/23/1993,0.9
4/26/1993,0.9
4/27/1993,0.9
4/28/1993,0.89
4/29/1993,0.88
4/30/1993,0.88
5/3/1993,0.89
5/4/1993,0.885
5/5/1993,0.885
5/6/1993,0.88
5/7/1993,0.865
5/10/1993,0.865
5/11/1993,0.87
5/12/1993,0.88
5/13/1993,0.885
5/14/1993,0.87
5/17/1993,0.87
5/18/1993,0.87
5/19/1993,0.875
5/20/1993,0.885
5/21/1993,0.885
5/24/1993,0.88
5/25/1993,0.88
5/26/1993,0.88
5/27/1993,0.87
5/28/1993,0.87
6/1/1993,0.87
6/2/1993,0.875
6/3/1993,0.89
6/4/1993,0.88
6/7/1993,0.88
6/8/1993,0.88
6/9/1993,0.885
6/10/1993,0.885
6/11/1993,0.885
6/14/1993,0.885
6/15/1993,0.885
6/16/1993,0.885
6/17/1993,0.885
6/18/1993,0.89
6/21/1993,0.89
6/22/1993,0.89
6/23/1993,0.89
6/24/1993,0.89
6/25/1993,0.89
6/28/1993,0.89
6/29/1993,0.895
6/30/1993,0.9
7/1/1993,0.915
7/2/1993,0.915
7/6/1993,0.915
7/7/1993,0.92
7/8/1993,0.925
7/9/1993,0.92
7/12/1993,0.91
7/13/1993,0.905
7/14/1993,0.905
7/15/1993,0.9
7/16/1993,0.905
7/19/1993,0.905
7/20/1993,0.905
7/21/1993,0.9
7/22/1993,0.9
7/23/1993,0.905
7/26/1993,0.905
7/27/1993,0.91
7/28/1993,0.91
7/29/1993,0.915
7/30/1993,0.92
8/2/1993,0.92
8/3/1993,0.915
8/4/1993,0.915
8/5/1993,0.915
8/6/1993,0.91
8/9/1993,0.9
8/10/1993,0.9
8/11/1993,0.9
8/12/1993,0.9
8/13/1993,0.9
8/16/1993,0.905
8/17/1993,0.905
8/18/1993,0.9
8/19/1993,0.905
8/20/1993,0.91
8/23/1993,0.915
8/24/1993,0.915
8/25/1993,0.91
8/26/1993,0.91
8/27/1993,0.91
8/30/1993,0.91
8/31/1993,0.91
9/1/1993,0.9
9/2/1993,0.915
9/3/1993,0.915
9/7/1993,0.91
9/8/1993,0.91
9/9/1993,0.9
9/10/1993,0.9
9/13/1993,0.9
9/14/1993,0.9
9/15/1993,0.895
9/16/1993,0.885
9/17/1993,0.875
9/20/1993,0.865
9/21/1993,0.87
9/22/1993,0.87
9/23/1993,0.87
9/24/1993,0.875
9/27/1993,0.875
9/28/1993,0.865
9/29/1993,0.875
9/30/1993,0.86
10/1/1993,0.86
10/4/1993,0.855
10/5/1993,0.86
10/6/1993,0.855
10/7/1993,0.855
10/8/1993,0.855
10/11/1993,0.86
10/12/1993,0.855
10/13/1993,0.86
10/14/1993,0.855
10/15/1993,0.855
10/18/1993,0.85
10/19/1993,0.845
10/20/1993,0.845
10/21/1993,0.845
10/22/1993,0.845
10/25/1993,0.845
10/26/1993,0.845
10/27/1993,0.845
10/28/1993,0.845
10/29/1993,0.845
11/1/1993,0.845
11/2/1993,0.85
11/3/1993,0.85
11/4/1993,0.795
11/5/1993,0.8
11/8/1993,0.8
11/9/1993,0.8
11/10/1993,0.8
11/11/1993,0.8
11/12/1993,0.8
11/15/1993,0.795
11/16/1993,0.79
11/17/1993,0.79
11/18/1993,0.79
11/19/1993,0.795
11/22/1993,0.795
11/23/1993,0.795
11/24/1993,0.795
11/26/1993,0.795
11/29/1993,0.79
11/30/1993,0.795
12/1/1993,0.8
12/2/1993,0.8
12/3/1993,0.8
12/6/1993,0.805
12/7/1993,0.82
12/8/1993,0.82
12/9/1993,0.82
12/10/1993,0.835
12/13/1993,0.835
12/14/1993,0.835
12/15/1993,0.835
12/16/1993,0.835
12/17/1993,0.84
12/20/1993,0.85
12/21/1993,0.855
12/22/1993,0.855
12/23/1993,0.855
12/27/1993,0.855
12/28/1993,0.855
12/29/1993,0.86
12/30/1993,0.86
12/31/1993,0.86
1/3/1994,0.86
1/4/1994,0.86
1/5/1994,0.86
1/6/1994,0.86
1/7/1994,0.845
1/10/1994,0.85
1/11/1994,0.85
1/12/1994,0.85
1/13/1994,0.87
1/14/1994,0.89
1/17/1994,0.89
1/18/1994,0.88
1/19/1994,0.88
1/20/1994,0.88
1/21/1994,0.88
1/24/1994,0.89
1/25/1994,0.89
1/26/1994,0.89
1/27/1994,0.89
1/28/1994,0.89
1/31/1994,0.89
2/1/1994,0.915
2/2/1994,0.92
2/3/1994,0.92
2/4/1994,0.92
2/7/1994,0.92
2/8/1994,0.895
2/9/1994,0.895
2/10/1994,0.91
2/11/1994,0.875
2/14/1994,0.875
2/15/1994,0.875
2/16/1994,0.89
2/17/1994,0.9
2/18/1994,0.895
2/22/1994,0.895
2/23/1994,0.895
2/24/1994,0.895
2/25/1994,0.89
2/28/1994,0.895
3/1/1994,0.92
3/2/1994,0.92
3/3/1994,0.92
3/4/1994,0.92
3/7/1994,0.92
3/8/1994,0.92
3/9/1994,0.92
3/10/1994,0.92
3/11/1994,0.95
3/14/1994,0.95
3/15/1994,0.96
3/16/1994,0.97
3/17/1994,0.97
3/18/1994,0.97
3/21/1994,0.96
3/22/1994,0.96
3/23/1994,0.96
3/24/1994,0.95
3/25/1994,0.95
3/28/1994,0.95
3/29/1994,0.95
3/30/1994,0.92
3/31/1994,0.92
4/4/1994,0.92
4/5/1994,0.92
4/6/1994,0.91
4/7/1994,0.91
4/8/1994,0.91
4/11/1994,0.91
4/12/1994,0.91
4/13/1994,0.91
4/14/1994,0.91
4/15/1994,0.91
4/18/1994,0.91
4/19/1994,0.91
4/20/1994,0.91
4/21/1994,0.93
4/22/1994,0.93
4/25/1994,0.94
4/26/1994,0.94
4/28/1994,0.96
4/29/1994,0.96
5/2/1994,0.97
5/3/1994,0.97
5/4/1994,0.97
5/5/1994,0.97
5/6/1994,1
5/9/1994,1.02
5/10/1994,1.01
5/11/1994,1.03
5/12/1994,1.03
5/13/1994,1.07
5/16/1994,1.07
5/17/1994,1.09
5/18/1994,1.09
5/19/1994,1.09
5/20/1994,1.07
5/23/1994,1.11
5/24/1994,1.11
5/25/1994,1.09
5/26/1994,1.07
5/27/1994,1.07
5/31/1994,1.08
6/1/1994,1.06
6/2/1994,1.06
6/3/1994,1.08
6/6/1994,1.06
6/7/1994,1.11
6/8/1994,1.13
6/9/1994,1.14
6/10/1994,1.14
6/13/1994,1.16
6/14/1994,1.15
6/15/1994,1.15
6/16/1994,1.16
6/17/1994,1.18
6/20/1994,1.17
6/21/1994,1.17
6/22/1994,1.17
6/23/1994,1.17
6/24/1994,1.17
6/27/1994,1.15
6/28/1994,1.11
6/29/1994,1.11
6/30/1994,1.12
7/1/1994,1.15
7/5/1994,1.16
7/6/1994,1.15
7/7/1994,1.14
7/8/1994,1.14
7/11/1994,1.14
7/12/1994,1.14
7/13/1994,1.14
7/14/1994,1.16
7/15/1994,1.16
7/18/1994,1.16
7/19/1994,1.2
7/20/1994,1.19
7/21/1994,1.19
7/22/1994,1.19
7/25/1994,1.19
7/26/1994,1.16
7/27/1994,1.16
7/28/1994,1.15
7/29/1994,1.16
8/1/1994,1.14
8/2/1994,1.14
8/3/1994,1.11
8/4/1994,1.11
8/5/1994,1.11
8/8/1994,1.11
8/9/1994,1.12
8/10/1994,1.13
8/11/1994,1.14
8/12/1994,1.13
8/15/1994,1.13
8/16/1994,1.13
8/17/1994,1.14
8/18/1994,1.14
8/19/1994,1.13
8/22/1994,1.12
8/23/1994,1.12
8/24/1994,1.14
8/25/1994,1.14
8/26/1994,1.16
8/29/1994,1.18
8/30/1994,1.18
8/31/1994,1.21
9/1/1994,1.2
9/2/1994,1.2
9/6/1994,1.21
9/7/1994,1.21
9/8/1994,1.22
9/9/1994,1.23
9/12/1994,1.25
9/13/1994,1.24
9/14/1994,1.25
9/15/1994,1.24
9/16/1994,1.26
9/19/1994,1.26
9/20/1994,1.26
9/21/1994,1.26
9/22/1994,1.29
9/23/1994,1.32
9/26/1994,1.32
9/27/1994,1.29
9/28/1994,1.28
9/29/1994,1.24
9/30/1994,1.19
10/3/1994,1.21
10/4/1994,1.22
10/5/1994,1.22
10/6/1994,1.23
10/7/1994,1.22
10/10/1994,1.22
10/11/1994,1.21
10/12/1994,1.21
10/13/1994,1.2
10/14/1994,1.21
10/17/1994,1.21
10/18/1994,1.21
10/19/1994,1.24
10/20/1994,1.23
10/21/1994,1.23
10/24/1994,1.23
10/25/1994,1.25
10/26/1994,1.28
10/27/1994,1.29
10/28/1994,1.29
10/31/1994,1.29
11/1/1994,1.31
11/2/1994,1.32
11/3/1994,1.3
11/4/1994,1.33
11/7/1994,1.3
11/8/1994,1.29
11/9/1994,1.28
11/10/1994,1.29
11/11/1994,1.29
11/14/1994,1.33
11/15/1994,1.34
11/16/1994,1.39
11/17/1994,1.4
11/18/1994,1.4
11/21/1994,1.41
11/22/1994,1.38
11/23/1994,1.35
11/25/1994,1.35
11/28/1994,1.36
11/29/1994,1.4
11/30/1994,1.41
12/1/1994,1.43
12/2/1994,1.43
12/5/1994,1.41
12/6/1994,1.4
12/7/1994,1.39
12/8/1994,1.41
12/9/1994,1.4
12/12/1994,1.4
12/13/1994,1.39
12/14/1994,1.41
12/15/1994,1.43
12/16/1994,1.43
12/19/1994,1.41
12/20/1994,1.4
12/21/1994,1.41
12/22/1994,1.41
12/23/1994,1.41
12/27/1994,1.41
12/28/1994,1.43
12/29/1994,1.43
12/30/1994,1.43
1/3/1995,1.41
1/4/1995,1.39
1/5/1995,1.4
1/6/1995,1.42
1/9/1995,1.45
1/10/1995,1.45
1/11/1995,1.44
1/12/1995,1.44
1/13/1995,1.44
1/16/1995,1.42
1/17/1995,1.45
1/18/1995,1.46
1/19/1995,1.49
1/20/1995,1.48
1/23/1995,1.47
1/24/1995,1.49
1/25/1995,1.45
1/26/1995,1.47
1/27/1995,1.45
1/30/1995,1.44
1/31/1995,1.42
2/1/1995,1.38
2/2/1995,1.38
2/3/1995,1.39
2/6/1995,1.39
2/7/1995,1.36
2/8/1995,1.36
2/9/1995,1.38
2/10/1995,1.41
2/13/1995,1.4
2/14/1995,1.4
2/15/1995,1.39
2/16/1995,1.39
2/17/1995,1.39
2/21/1995,1.39
2/22/1995,1.39
2/23/1995,1.38
2/24/1995,1.38
2/27/1995,1.38
2/28/1995,1.35
3/1/1995,1.37
3/2/1995,1.37
3/3/1995,1.4
3/6/1995,1.4
3/7/1995,1.41
3/8/1995,1.42
3/9/1995,1.42
3/10/1995,1.43
3/13/1995,1.44
3/14/1995,1.45
3/15/1995,1.44
3/16/1995,1.44
3/17/1995,1.44
3/20/1995,1.44
3/21/1995,1.34
3/22/1995,1.47
3/23/1995,1.47
3/24/1995,1.47
3/27/1995,1.47
3/28/1995,1.46
3/29/1995,1.45
3/30/1995,1.45
3/31/1995,1.44
4/3/1995,1.45
4/4/1995,1.44
4/5/1995,1.44
4/6/1995,1.43
4/7/1995,1.43
4/10/1995,1.43
4/11/1995,1.43
4/12/1995,1.41
4/13/1995,1.41
4/17/1995,1.41
4/18/1995,1.4
4/19/1995,1.34
4/20/1995,1.35
4/21/1995,1.37
4/24/1995,1.35
4/25/1995,1.33
4/26/1995,1.32
4/27/1995,1.32
4/28/1995,1.32
5/1/1995,1.28
5/2/1995,1.26
5/3/1995,1.27
5/4/1995,1.24
5/5/1995,1.24
5/8/1995,1.25
5/9/1995,1.25
5/10/1995,1.26
5/11/1995,1.26
5/12/1995,1.26
5/15/1995,1.26
5/16/1995,1.26
5/17/1995,1.27
5/18/1995,1.28
5/19/1995,1.28
5/22/1995,1.28
5/23/1995,1.31
5/24/1995,1.34
5/25/1995,1.33
5/26/1995,1.34
5/30/1995,1.31
5/31/1995,1.32
6/1/1995,1.35
6/2/1995,1.35
6/5/1995,1.35
6/6/1995,1.33
6/7/1995,1.34
6/8/1995,1.33
6/9/1995,1.35
6/12/1995,1.35
6/13/1995,1.33
6/14/1995,1.35
6/15/1995,1.4
6/16/1995,1.41
6/19/1995,1.41
6/20/1995,1.41
6/21/1995,1.41
6/22/1995,1.46
6/23/1995,1.43
6/26/1995,1.42
6/27/1995,1.38
6/28/1995,1.39
6/29/1995,1.39
6/30/1995,1.39
7/3/1995,1.39
7/5/1995,1.38
7/6/1995,1.38
7/7/1995,1.39
7/10/1995,1.39
7/11/1995,1.42
7/12/1995,1.44
7/13/1995,1.44
7/14/1995,1.45
7/17/1995,1.45
7/18/1995,1.45
7/19/1995,1.45
7/20/1995,1.45
7/21/1995,1.3445
7/24/1995,1.334
7/25/1995,1.33
7/26/1995,1.34
7/27/1995,1.34
7/28/1995,1.35
7/31/1995,1.35
8/1/1995,1.35
8/2/1995,1.4
8/3/1995,1.39
8/4/1995,1.39
8/7/1995,1.38
8/8/1995,1.37
8/9/1995,1.37
8/10/1995,1.36
8/11/1995,1.37
8/14/1995,1.37
8/15/1995,1.39
8/16/1995,1.42
8/17/1995,1.41
8/18/1995,1.42
8/21/1995,1.4
8/22/1995,1.4
8/23/1995,1.39
8/24/1995,1.39
8/25/1995,1.38
8/28/1995,1.37
8/29/1995,1.34
8/30/1995,1.32
8/31/1995,1.33
9/1/1995,1.33
9/5/1995,1.33
9/6/1995,1.34
9/7/1995,1.33
9/8/1995,1.32
9/11/1995,1.34
9/12/1995,1.3
9/13/1995,1.29
9/14/1995,1.29
9/15/1995,1.29
9/18/1995,1.3
9/19/1995,1.32
9/20/1995,1.31
9/21/1995,1.34
9/22/1995,1.34
9/25/1995,1.33
9/26/1995,1.35
9/27/1995,1.33
9/28/1995,1.33
9/29/1995,1.33
10/2/1995,1.32
10/3/1995,1.31
10/4/1995,1.32
10/5/1995,1.3
10/6/1995,1.29
10/9/1995,1.2855
10/10/1995,1.255
10/11/1995,1.267
10/12/1995,1.29
10/13/1995,1.29
10/16/1995,1.28
10/17/1995,1.25
10/18/1995,1.21
10/19/1995,1.28
10/20/1995,1.27
10/23/1995,1.3
10/24/1995,1.28
10/25/1995,1.28
10/26/1995,1.28
10/27/1995,1.27
10/30/1995,1.26
10/31/1995,1.29
11/1/1995,1.33
11/2/1995,1.35
11/3/1995,1.36
11/6/1995,1.35
11/7/1995,1.38
11/8/1995,1.36
11/9/1995,1.39
11/10/1995,1.39
11/13/1995,1.38
11/14/1995,1.36
11/15/1995,1.35
11/16/1995,1.35
11/17/1995,1.38
11/20/1995,1.4
11/21/1995,1.39
11/22/1995,1.38
11/24/1995,1.38
11/27/1995,1.38
11/28/1995,1.38
11/29/1995,1.3
11/30/1995,1.32
12/1/1995,1.32
12/4/1995,1.32
12/5/1995,1.31
12/6/1995,1.3
12/7/1995,1.34
12/8/1995,1.34
12/11/1995,1.35
12/12/1995,1.34
12/13/1995,1.37
12/14/1995,1.4
12/15/1995,1.33
12/18/1995,1.32
12/19/1995,1.3
12/20/1995,1.31
12/21/1995,1.31
12/22/1995,1.3
12/26/1995,1.3
12/27/1995,1.27
12/28/1995,1.27
12/29/1995,1.26
1/2/1996,1.23
1/3/1996,1.22
1/4/1996,1.21
1/5/1996,1.25
1/8/1996,1.25
1/9/1996,1.19
1/10/1996,1.19
1/11/1996,1.19
1/12/1996,1.15
1/15/1996,1.13
1/16/1996,1.15
1/17/1996,1.14
1/18/1996,1.19
1/19/1996,1.16
1/22/1996,1.16
1/23/1996,1.19
1/24/1996,1.19
1/25/1996,1.18
1/26/1996,1.17
1/29/1996,1.19
1/30/1996,1.17
1/31/1996,1.16
2/1/1996,1.19
2/2/1996,1.18
2/5/1996,1.17
2/6/1996,1.17
2/7/1996,1.19
2/8/1996,1.18
2/9/1996,1.18
2/12/1996,1.17
2/13/1996,1.15
2/14/1996,1.15
2/15/1996,1.15
2/16/1996,1.14
2/20/1996,1.15
2/21/1996,1.16
2/22/1996,1.18
2/23/1996,1.19
2/26/1996,1.18
2/27/1996,1.16
2/28/1996,1.15
2/29/1996,1.17
3/1/1996,1.18
3/4/1996,1.19
3/5/1996,1.18
3/6/1996,1.18
3/7/1996,1.18
3/8/1996,1.21
3/11/1996,1.2
3/12/1996,1.22
3/13/1996,1.2
3/14/1996,1.18
3/15/1996,1.18
3/18/1996,1.19
3/19/1996,1.18
3/20/1996,1.18
3/21/1996,1.18
3/22/1996,1.16
3/25/1996,1.16
3/26/1996,1.17
3/27/1996,1.16
3/28/1996,1.17
3/29/1996,1.17
4/1/1996,1.15
4/2/1996,1.14
4/3/1996,1.13
4/4/1996,1.13
4/8/1996,1.14
4/9/1996,1.13
4/10/1996,1.16
4/11/1996,1.19
4/12/1996,1.19
4/15/1996,1.19
4/16/1996,1.19
4/17/1996,1.2
4/18/1996,1.21
4/19/1996,1.24
4/22/1996,1.24
4/23/1996,1.23
4/24/1996,1.23
4/25/1996,1.26
4/26/1996,1.27
4/29/1996,1.21
4/30/1996,1.21
5/1/1996,1.23
5/2/1996,1.23
5/3/1996,1.25
5/6/1996,1.25
5/7/1996,1.29
5/8/1996,1.3
5/9/1996,1.29
5/10/1996,1.29
5/13/1996,1.3
5/14/1996,1.29
5/15/1996,1.28
5/16/1996,1.28
5/17/1996,1.21
5/20/1996,1.16
5/21/1996,1.17
5/22/1996,1.18
5/23/1996,1.19
5/24/1996,1.19
5/28/1996,1.21
5/29/1996,1.21
5/30/1996,1.18
5/31/1996,1.18
6/3/1996,1.16
6/4/1996,1.13
6/5/1996,1.06
6/6/1996,1.06
6/7/1996,1.15
6/10/1996,1.16
6/11/1996,1.07
6/12/1996,1.12
6/13/1996,1.11
6/14/1996,1
6/17/1996,1
6/18/1996,0.99
6/19/1996,1.03
6/20/1996,1.01
6/21/1996,1.06
6/24/1996,1
6/25/1996,0.95
6/26/1996,1.02
6/27/1996,0.91
6/28/1996,0.92
7/1/1996,0.9
7/2/1996,0.89
7/3/1996,0.89
7/5/1996,0.89
7/8/1996,0.92
7/9/1996,0.92
7/10/1996,0.91
7/11/1996,0.88
7/12/1996,0.89
7/15/1996,0.87
7/16/1996,0.88
7/17/1996,0.89
7/18/1996,0.88
7/19/1996,0.88
7/22/1996,0.89
7/23/1996,0.92
7/24/1996,0.94
7/25/1996,0.96
7/26/1996,0.95
7/29/1996,0.93
7/30/1996,0.93
7/31/1996,0.94
8/1/1996,0.93
8/2/1996,0.92
8/5/1996,0.91
8/6/1996,0.92
8/7/1996,0.93
8/8/1996,0.92
8/9/1996,0.92
8/12/1996,0.92
8/13/1996,0.92
8/14/1996,0.93
8/15/1996,0.93
8/16/1996,0.91
8/19/1996,0.93
8/20/1996,0.91
8/21/1996,0.92
8/22/1996,0.91
8/23/1996,0.92
8/26/1996,0.91
8/27/1996,0.92
8/28/1996,0.91
8/29/1996,0.92
8/30/1996,0.97
9/3/1996,0.96
9/4/1996,0.95
9/5/1996,0.9
9/6/1996,0.9
9/9/1996,0.91
9/10/1996,0.91
9/11/1996,0.88
9/12/1996,0.87
9/13/1996,0.88
9/16/1996,0.87
9/17/1996,0.89
9/18/1996,0.91
9/19/1996,0.92
9/20/1996,0.89
9/23/1996,0.87
9/24/1996,0.9
9/25/1996,0.91
9/26/1996,0.94
9/27/1996,0.94
9/30/1996,0.94
10/1/1996,0.89
10/2/1996,0.9
10/3/1996,0.9
10/4/1996,0.91
10/7/1996,0.9
10/8/1996,0.93
10/9/1996,0.92
10/10/1996,0.93
10/11/1996,0.93
10/14/1996,0.92
10/15/1996,0.92
10/16/1996,0.9
10/17/1996,0.93
10/18/1996,0.94
10/21/1996,0.96
10/22/1996,0.96
10/23/1996,0.97
10/24/1996,0.99
10/25/1996,1.01
10/28/1996,1
10/29/1996,0.96
10/30/1996,0.94
10/31/1996,0.93
11/1/1996,0.94
11/4/1996,0.94
11/5/1996,0.93
11/6/1996,0.94
11/7/1996,0.97
11/8/1996,0.96
11/11/1996,0.96
11/12/1996,0.99
11/13/1996,0.99
11/14/1996,0.97
11/15/1996,1.01
11/18/1996,1.07
11/19/1996,1.07
11/20/1996,1.07
11/21/1996,1.06
11/22/1996,1.05
11/25/1996,1.06
11/26/1996,1.08
11/27/1996,1.1
11/29/1996,1.1
12/2/1996,1.06
12/3/1996,1.05
12/4/1996,1.05
12/5/1996,1.05
12/6/1996,1.05
12/9/1996,1.03
12/10/1996,1.04
12/11/1996,1.04
12/12/1996,1.03
12/13/1996,1.03
12/16/1996,1
12/17/1996,0.99
12/18/1996,1.01
12/19/1996,1.03
12/20/1996,1.03
12/23/1996,1.01
12/24/1996,1.02
12/26/1996,1.02
12/27/1996,1.02
12/30/1996,1.01
12/31/1996,1.03
1/2/1997,1.05
1/3/1997,1.05
1/6/1997,1.04
1/7/1997,1.08
1/8/1997,1.07
1/9/1997,1.09
1/10/1997,1.09
1/13/1997,1.09
1/14/1997,1.08
1/15/1997,1.09
1/16/1997,1.09
1/17/1997,1.08
1/20/1997,1.1
1/21/1997,1.1
1/22/1997,1.11
1/23/1997,1.11
1/24/1997,1.11
1/27/1997,1.11
1/28/1997,1.11
1/29/1997,1.08
1/30/1997,1.08
1/31/1997,1.06
2/3/1997,1.04
2/4/1997,1.06
2/5/1997,1.1
2/6/1997,1.1
2/7/1997,1.09
2/10/1997,1.09
2/11/1997,1.07
2/12/1997,1.08
2/13/1997,1.08
2/14/1997,1.08
2/18/1997,1.1
2/19/1997,1.12
2/20/1997,1.12
2/21/1997,1.14
2/24/1997,1.14
2/25/1997,1.12
2/26/1997,1.15
2/27/1997,1.14
2/28/1997,1.14
3/3/1997,1.16
3/4/1997,1.16
3/5/1997,1.14
3/6/1997,1.16
3/7/1997,1.15
3/10/1997,1.15
3/11/1997,1.15
3/12/1997,1.12
3/13/1997,1.12
3/14/1997,1.14
3/17/1997,1.13
3/18/1997,1.13
3/19/1997,1.13
3/20/1997,1.16
3/21/1997,1.18
3/24/1997,1.17
3/25/1997,1.2
3/26/1997,1.16
3/27/1997,1.13
3/31/1997,1.15
4/1/1997,1.13
4/2/1997,1.13
4/3/1997,1.08
4/4/1997,1.1
4/7/1997,1.07
4/8/1997,1.08
4/9/1997,1.09
4/10/1997,1.09
4/11/1997,1.08
4/14/1997,1.07
4/15/1997,1.08
4/16/1997,1.06
4/17/1997,1.06
4/18/1997,1.07
4/21/1997,1.07
4/22/1997,1.11
4/23/1997,1.14
4/24/1997,1.14
4/25/1997,1.15
4/28/1997,1.12
4/29/1997,1.11
4/30/1997,1.13
5/1/1997,1.11
5/2/1997,1.12
5/5/1997,1.12
5/6/1997,1.1
5/7/1997,1.11
5/8/1997,1.12
5/9/1997,1.12
5/12/1997,1.14
5/13/1997,1.13
5/14/1997,1.14
5/15/1997,1.17
5/16/1997,1.17
5/19/1997,1.17
5/20/1997,1.18
5/21/1997,1.19
5/22/1997,1.19
5/23/1997,1.19
5/27/1997,1.18
5/28/1997,1.19
5/29/1997,1.19
5/30/1997,1.19
6/2/1997,1.17
6/3/1997,1.17
6/4/1997,1.16
6/5/1997,1.17
6/6/1997,1.17
6/9/1997,1.17
6/10/1997,1.2
6/11/1997,1.22
6/12/1997,1.21
6/13/1997,1.2
6/16/1997,1.22
6/17/1997,1.21
6/18/1997,1.22
6/19/1997,1.22
6/20/1997,1.19
6/23/1997,1.19
6/24/1997,1.13
6/25/1997,1.1
6/26/1997,1.13
6/27/1997,1.13
6/30/1997,1.14
7/1/1997,1.12
7/2/1997,1.14
7/3/1997,1.13
7/7/1997,1.12
7/8/1997,1.07
7/9/1997,1.05
7/10/1997,1.07
7/11/1997,1.08
7/14/1997,1.1
7/15/1997,1.08
7/16/1997,1.07
7/17/1997,1.09
7/18/1997,1.1
7/21/1997,1.11
7/22/1997,1.1
7/23/1997,1.08
7/24/1997,1.1
7/25/1997,1.14
7/28/1997,1.13
7/29/1997,1.17
7/30/1997,1.06
7/31/1997,1.09
8/1/1997,1.07
8/4/1997,1.07
8/5/1997,1.08
8/6/1997,1.06
8/7/1997,1.08
8/8/1997,1.06
8/11/1997,1.05
8/12/1997,1.05
8/13/1997,1.05
8/14/1997,1.04
8/15/1997,0.99
8/18/1997,0.97
8/19/1997,0.98
8/20/1997,0.98
8/21/1997,0.99
8/22/1997,1
8/25/1997,0.99
8/26/1997,1
8/27/1997,1
8/28/1997,0.97
8/29/1997,0.99
9/2/1997,0.96
9/3/1997,0.97
9/4/1997,0.97
9/5/1997,0.98
9/8/1997,0.96
9/9/1997,0.96
9/10/1997,0.96
9/11/1997,0.94
9/12/1997,0.94
9/15/1997,0.94
9/16/1997,0.93
9/17/1997,0.94
9/18/1997,0.95
9/19/1997,0.95
9/22/1997,0.95
9/23/1997,0.94
9/24/1997,0.94
9/25/1997,0.94
9/26/1997,0.94
9/29/1997,0.98
9/30/1997,0.96
10/1/1997,0.96
10/2/1997,0.93
10/3/1997,0.93
10/6/1997,0.93
10/7/1997,0.94
10/8/1997,0.93
10/9/1997,0.94
10/10/1997,0.93
10/13/1997,0.93
10/14/1997,0.95
10/15/1997,0.96
10/16/1997,0.94
10/17/1997,0.95
10/20/1997,0.96
10/21/1997,0.94
10/22/1997,0.94
10/23/1997,0.93
10/24/1997,0.9
10/27/1997,0.9
10/28/1997,0.9
10/29/1997,0.91
10/30/1997,0.91
10/31/1997,0.91
11/3/1997,0.91
11/4/1997,0.91
11/5/1997,0.91
11/6/1997,0.89
11/7/1997,0.89
11/10/1997,0.9
11/11/1997,0.89
11/12/1997,0.86
11/13/1997,0.88
11/14/1997,0.89
11/17/1997,0.89
11/18/1997,0.86
11/19/1997,0.86
11/20/1997,0.85
11/21/1997,0.84
11/24/1997,0.84
11/25/1997,0.84
11/26/1997,0.84
11/28/1997,0.84
12/1/1997,0.81
12/2/1997,0.82
12/3/1997,0.8
12/4/1997,0.81
12/5/1997,0.8
12/8/1997,0.81
12/9/1997,0.81
12/10/1997,0.81
12/11/1997,0.8
12/12/1997,0.8
12/15/1997,0.79
12/16/1997,0.78
12/17/1997,0.79
12/18/1997,0.8
12/19/1997,0.8
12/22/1997,0.79
12/23/1997,0.78
12/24/1997,0.78
12/26/1997,0.77
12/29/1997,0.77
12/30/1997,0.77
12/31/1997,0.77
1/2/1998,0.76
1/5/1998,0.75
1/6/1998,0.75
1/7/1998,0.75
1/8/1998,0.75
1/9/1998,0.74
1/12/1998,0.74
1/13/1998,0.77
1/14/1998,0.77
1/15/1998,0.77
1/16/1998,0.76
1/20/1998,0.76
1/21/1998,0.77
1/22/1998,0.78
1/23/1998,0.78
1/26/1998,0.79
1/27/1998,0.8
1/28/1998,0.8
1/29/1998,0.8
1/30/1998,0.79
2/2/1998,0.79
2/3/1998,0.76
2/4/1998,0.77
2/5/1998,0.76
2/6/1998,0.76
2/9/1998,0.75
2/10/1998,0.77
2/11/1998,0.77
2/12/1998,0.77
2/13/1998,0.76
2/17/1998,0.75
2/18/1998,0.74
2/19/1998,0.75
2/20/1998,0.74
2/23/1998,0.73
2/24/1998,0.72
2/25/1998,0.76
2/26/1998,0.76
2/27/1998,0.76
3/2/1998,0.79
3/3/1998,0.77
3/4/1998,0.78
3/5/1998,0.8
3/6/1998,0.79
3/9/1998,0.79
3/10/1998,0.8
3/11/1998,0.8
3/12/1998,0.83
3/13/1998,0.82
3/16/1998,0.82
3/17/1998,0.82
3/18/1998,0.8
3/19/1998,0.79
3/20/1998,0.79
3/23/1998,0.81
3/24/1998,0.79
3/25/1998,0.78
3/26/1998,0.79
3/27/1998,0.79
3/30/1998,0.79
3/31/1998,0.79
4/1/1998,0.76
4/2/1998,0.77
4/3/1998,0.76
4/6/1998,0.76
4/7/1998,0.77
4/8/1998,0.78
4/9/1998,0.81
4/13/1998,0.82
4/14/1998,0.82
4/15/1998,0.86
4/16/1998,0.83
4/17/1998,0.84
4/20/1998,0.83
4/21/1998,0.84
4/22/1998,0.85
4/23/1998,0.85
4/24/1998,0.84
4/27/1998,0.85
4/28/1998,0.85
4/29/1998,0.83
4/30/1998,0.83
5/1/1998,0.85
5/4/1998,0.85
5/5/1998,0.84
5/6/1998,0.81
5/7/1998,0.79
5/8/1998,0.79
5/11/1998,0.77
5/12/1998,0.79
5/13/1998,0.78
5/14/1998,0.78
5/15/1998,0.78
5/18/1998,0.73
5/19/1998,0.75
5/20/1998,0.75
5/21/1998,0.76
5/22/1998,0.76
5/26/1998,0.74
5/27/1998,0.76
5/28/1998,0.76
5/29/1998,0.77
6/1/1998,0.76
6/2/1998,0.74
6/3/1998,0.76
6/4/1998,0.75
6/5/1998,0.77
6/8/1998,0.76
6/9/1998,0.76
6/10/1998,0.78
6/11/1998,0.76
6/12/1998,0.75
6/15/1998,0.73
6/16/1998,0.73
6/17/1998,0.75
6/18/1998,0.74
6/19/1998,0.75
6/22/1998,0.76
6/23/1998,0.75
6/24/1998,0.74
6/25/1998,0.74
6/26/1998,0.74
6/29/1998,0.73
6/30/1998,0.73
7/1/1998,0.72
7/2/1998,0.73
7/6/1998,0.72
7/7/1998,0.72
7/8/1998,0.72
7/9/1998,0.72
7/10/1998,0.72
7/13/1998,0.74
7/14/1998,0.74
7/15/1998,0.76
7/16/1998,0.76
7/17/1998,0.76
7/20/1998,0.78
7/21/1998,0.77
7/22/1998,0.78
7/23/1998,0.78
7/24/1998,0.8
7/27/1998,0.79
7/28/1998,0.78
7/29/1998,0.78
7/30/1998,0.78
7/31/1998,0.77
8/3/1998,0.75
8/4/1998,0.73
8/5/1998,0.74
8/6/1998,0.74
8/7/1998,0.74
8/10/1998,0.73
8/11/1998,0.72
8/12/1998,0.72
8/13/1998,0.73
8/14/1998,0.73
8/17/1998,0.73
8/18/1998,0.73
8/19/1998,0.74
8/20/1998,0.75
8/21/1998,0.73
8/24/1998,0.75
8/25/1998,0.75
8/26/1998,0.73
8/27/1998,0.74
8/28/1998,0.72
8/31/1998,0.72
9/1/1998,0.77
9/2/1998,0.74
9/3/1998,0.75
9/4/1998,0.75
9/8/1998,0.77
9/9/1998,0.78
9/10/1998,0.78
9/11/1998,0.77
9/14/1998,0.76
9/15/1998,0.76
9/16/1998,0.76
9/17/1998,0.75
9/18/1998,0.75
9/21/1998,0.74
9/22/1998,0.74
9/23/1998,0.76
9/24/1998,0.75
9/25/1998,0.76
9/28/1998,0.76
9/29/1998,0.75
9/30/1998,0.73
10/1/1998,0.73
10/2/1998,0.72
10/5/1998,0.71
10/6/1998,0.72
10/7/1998,0.73
10/8/1998,0.72
10/9/1998,0.72
10/12/1998,0.72
10/13/1998,0.73
10/14/1998,0.72
10/15/1998,0.72
10/16/1998,0.74
10/19/1998,0.74
10/20/1998,0.73
10/21/1998,0.73
10/22/1998,0.73
10/23/1998,0.72
10/26/1998,0.72
10/27/1998,0.71
10/28/1998,0.7
10/29/1998,0.71
10/30/1998,0.72
11/2/1998,0.72
11/3/1998,0.72
11/4/1998,0.72
11/5/1998,0.73
11/6/1998,0.73
11/9/1998,0.72
11/10/1998,0.71
11/11/1998,0.72
11/12/1998,0.72
11/13/1998,0.71
11/16/1998,0.7
11/17/1998,0.71
11/18/1998,0.72
11/19/1998,0.71
11/20/1998,0.72
11/23/1998,0.71
11/24/1998,0.71
11/25/1998,0.7
11/27/1998,0.7
11/30/1998,0.7
12/1/1998,0.7
12/2/1998,0.69
12/3/1998,0.67
12/4/1998,0.67
12/7/1998,0.67
12/8/1998,0.67
12/9/1998,0.67
12/10/1998,0.67
12/11/1998,0.65
12/14/1998,0.65
12/15/1998,0.66
12/16/1998,0.67
12/17/1998,0.65
12/18/1998,0.65
12/21/1998,0.65
12/22/1998,0.65
12/23/1998,0.65
12/24/1998,0.65
12/28/1998,0.65
12/29/1998,0.66
12/30/1998,0.66
12/31/1998,0.66
1/4/1999,0.64
1/5/1999,0.64
1/6/1999,0.65
1/7/1999,0.65
1/8/1999,0.66
1/11/1999,0.67
1/12/1999,0.66
1/13/1999,0.66
1/14/1999,0.65
1/15/1999,0.66
1/19/1999,0.66
1/20/1999,0.66
1/21/1999,0.65
1/22/1999,0.65
1/25/1999,0.65
1/26/1999,0.65
1/27/1999,0.64
1/28/1999,0.64
1/29/1999,0.64
2/1/1999,0.64
2/2/1999,0.64
2/3/1999,0.64
2/4/1999,0.65
2/5/1999,0.66
2/8/1999,0.68
2/9/1999,0.67
2/10/1999,0.66
2/11/1999,0.66
2/12/1999,0.65
2/16/1999,0.62
2/17/1999,0.63
2/18/1999,0.62
2/19/1999,0.62
2/22/1999,0.61
2/23/1999,0.62
2/24/1999,0.62
2/25/1999,0.62
2/26/1999,0.62
3/1/1999,0.62
3/2/1999,0.62
3/3/1999,0.63
3/4/1999,0.63
3/5/1999,0.63
3/8/1999,0.62
3/9/1999,0.62
3/10/1999,0.63
3/11/1999,0.62
3/12/1999,0.62
3/15/1999,0.61
3/16/1999,0.61
3/17/1999,0.62
3/18/1999,0.61
3/19/1999,0.61
3/22/1999,0.64
3/23/1999,0.65
3/24/1999,0.65
3/25/1999,0.65
3/26/1999,0.65
3/29/1999,0.62
3/30/1999,0.62
3/31/1999,0.62
4/1/1999,0.62
4/5/1999,0.62
4/6/1999,0.62
4/7/1999,0.64
4/8/1999,0.64
4/9/1999,0.64
4/12/1999,0.63
4/13/1999,0.65
4/14/1999,0.65
4/15/1999,0.67
4/16/1999,0.69
4/19/1999,0.7
4/20/1999,0.68
4/21/1999,0.68
4/22/1999,0.7
4/23/1999,0.7
4/26/1999,0.69
4/27/1999,0.7
4/28/1999,0.7
4/29/1999,0.7
4/30/1999,0.7
5/3/1999,0.72
5/4/1999,0.72
5/5/1999,0.71
5/6/1999,0.72
5/7/1999,0.72
5/10/1999,0.71
5/11/1999,0.71
5/12/1999,0.7
5/13/1999,0.71
5/14/1999,0.71
5/17/1999,0.71
5/18/1999,0.7
5/19/1999,0.68
5/20/1999,0.67
5/21/1999,0.67
5/24/1999,0.67
5/25/1999,0.67
5/26/1999,0.66
5/27/1999,0.63
5/28/1999,0.62
6/1/1999,0.63
6/2/1999,0.62
6/3/1999,0.62
6/4/1999,0.62
6/7/1999,0.63
6/8/1999,0.63
6/9/1999,0.64
6/10/1999,0.64
6/11/1999,0.64
6/14/1999,0.65
6/15/1999,0.63
6/16/1999,0.63
6/17/1999,0.63
6/18/1999,0.65
6/21/1999,0.66
6/22/1999,0.66
6/23/1999,0.66
6/24/1999,0.66
6/25/1999,0.69
6/28/1999,0.7
6/29/1999,0.71
6/30/1999,0.76
7/1/1999,0.75
7/2/1999,0.76
7/6/1999,0.75
7/7/1999,0.78
7/8/1999,0.77
7/9/1999,0.77
7/12/1999,0.77
7/13/1999,0.76
7/14/1999,0.77
7/15/1999,0.79
7/16/1999,0.78
7/19/1999,0.78
7/20/1999,0.77
7/21/1999,0.74
7/22/1999,0.75
7/23/1999,0.75
7/26/1999,0.74
7/27/1999,0.75
7/28/1999,0.74
7/29/1999,0.73
7/30/1999,0.76
8/2/1999,0.74
8/3/1999,0.75
8/4/1999,0.76
8/5/1999,0.77
8/6/1999,0.77
8/9/1999,0.77
8/10/1999,0.76
8/11/1999,0.77
8/12/1999,0.77
8/13/1999,0.77
8/16/1999,0.77
8/17/1999,0.77
8/18/1999,0.74
8/19/1999,0.75
8/20/1999,0.74
8/23/1999,0.74
8/24/1999,0.76
8/25/1999,0.75
8/26/1999,0.75
8/27/1999,0.75
8/30/1999,0.75
8/31/1999,0.78
9/1/1999,0.79
9/2/1999,0.8
9/3/1999,0.79
9/7/1999,0.81
9/8/1999,0.81
9/9/1999,0.82
9/10/1999,0.82
9/13/1999,0.81
9/14/1999,0.8
9/15/1999,0.82
9/16/1999,0.81
9/17/1999,0.83
9/20/1999,0.82
9/21/1999,0.83
9/22/1999,0.81
9/23/1999,0.81
9/24/1999,0.79
9/27/1999,0.79
9/28/1999,0.81
9/29/1999,0.8
9/30/1999,0.82
10/1/1999,0.81
10/4/1999,0.8
10/5/1999,0.8
10/6/1999,0.8
10/7/1999,0.81
10/8/1999,0.76
10/11/1999,0.75
10/12/1999,0.78
10/13/1999,0.79
10/14/1999,0.78
10/15/1999,0.78
10/18/1999,0.79
10/19/1999,0.79
10/20/1999,0.81
10/21/1999,0.81
10/22/1999,0.81
10/25/1999,0.81
10/26/1999,0.79
10/27/1999,0.7935
10/28/1999,0.8025
10/29/1999,0.803
11/1/1999,0.8015
11/2/1999,0.81
11/3/1999,0.8085
11/4/1999,0.8065
11/5/1999,0.7985
11/8/1999,0.796
11/9/1999,0.8025
11/10/1999,0.7885
11/11/1999,0.778
11/12/1999,0.7695
11/15/1999,0.779
11/16/1999,0.7805
11/17/1999,0.7805
11/18/1999,0.7805
11/19/1999,0.783
11/22/1999,0.7885
11/23/1999,0.784
11/24/1999,0.788
11/26/1999,0.788
11/29/1999,0.7955
11/30/1999,0.8
12/1/1999,0.789
12/2/1999,0.784
12/3/1999,0.7985
12/6/1999,0.8
12/7/1999,0.788
12/8/1999,0.7855
12/9/1999,0.79
12/10/1999,0.783
12/13/1999,0.789
12/14/1999,0.795
12/15/1999,0.8235
12/16/1999,0.826
12/17/1999,0.8305
12/20/1999,0.8315
12/21/1999,0.8185
12/22/1999,0.8385
12/23/1999,0.837
12/27/1999,0.8385
12/28/1999,0.837
12/29/1999,0.848
12/30/1999,0.8525
12/31/1999,0.8525
1/3/2000,0.8525
1/4/2000,0.838
1/5/2000,0.8475
1/6/2000,0.845
1/7/2000,0.8455
1/10/2000,0.8395
1/11/2000,0.838
1/12/2000,0.859
1/13/2000,0.849
1/14/2000,0.8545
1/18/2000,0.86
1/19/2000,0.875
1/20/2000,0.866
1/21/2000,0.8665
1/24/2000,0.85
1/25/2000,0.837
1/26/2000,0.8365
1/27/2000,0.8375
1/28/2000,0.83
1/31/2000,0.844
2/1/2000,0.837
2/2/2000,0.818
2/3/2000,0.8215
2/4/2000,0.8235
2/7/2000,0.825
2/8/2000,0.8175
2/9/2000,0.8195
2/10/2000,0.846
2/11/2000,0.834
2/14/2000,0.8425
2/15/2000,0.8235
2/16/2000,0.825
2/17/2000,0.8335
2/18/2000,0.8295
2/22/2000,0.8255
2/23/2000,0.8375
2/24/2000,0.8325
2/25/2000,0.814
2/28/2000,0.7575
2/29/2000,0.787
3/1/2000,0.7915
3/2/2000,0.786
3/3/2000,0.7915
3/6/2000,0.7935
3/7/2000,0.784
3/8/2000,0.7785
3/9/2000,0.7885
3/10/2000,0.7815
3/13/2000,0.78
3/14/2000,0.7935
3/15/2000,0.8015
3/16/2000,0.8105
3/17/2000,0.8055
3/20/2000,0.799
3/21/2000,0.81
3/22/2000,0.809
3/23/2000,0.811
3/24/2000,0.8045
3/27/2000,0.795
3/28/2000,0.798
3/29/2000,0.8005
3/30/2000,0.8025
3/31/2000,0.8
4/3/2000,0.7975
4/4/2000,0.789
4/5/2000,0.7865
4/6/2000,0.76
4/7/2000,0.765
4/10/2000,0.7725
4/11/2000,0.777
4/12/2000,0.7745
4/13/2000,0.7675
4/14/2000,0.7515
4/17/2000,0.742
4/18/2000,0.763
4/19/2000,0.769
4/20/2000,0.766
4/24/2000,0.766
4/25/2000,0.7895
4/26/2000,0.783
4/27/2000,0.788
4/28/2000,0.79
5/1/2000,0.795
5/2/2000,0.8175
5/3/2000,0.8155
5/4/2000,0.82
5/5/2000,0.838
5/8/2000,0.8335
5/9/2000,0.8265
5/10/2000,0.8245
5/11/2000,0.826
5/12/2000,0.84
5/15/2000,0.8355
5/16/2000,0.846
5/17/2000,0.839
5/18/2000,0.842
5/19/2000,0.84
5/22/2000,0.8285
5/23/2000,0.831
5/24/2000,0.836
5/25/2000,0.831
5/26/2000,0.8305
5/30/2000,0.8085
5/31/2000,0.811
6/1/2000,0.807
6/2/2000,0.788
6/5/2000,0.797
6/6/2000,0.8
6/7/2000,0.791
6/8/2000,0.7945
6/9/2000,0.795
6/12/2000,0.79
6/13/2000,0.7985
6/14/2000,0.8055
6/15/2000,0.815
6/16/2000,0.8205
6/19/2000,0.8255
6/20/2000,0.81
6/21/2000,0.822
6/22/2000,0.8155
6/23/2000,0.809
6/26/2000,0.8215
6/27/2000,0.816
6/28/2000,0.817
6/29/2000,0.808
6/30/2000,0.8155
7/3/2000,0.8155
7/5/2000,0.8135
7/6/2000,0.8035
7/7/2000,0.806
7/10/2000,0.8135
7/11/2000,0.818
7/12/2000,0.824
7/13/2000,0.8235
7/14/2000,0.823
7/17/2000,0.8405
7/18/2000,0.841
7/19/2000,0.842
7/20/2000,0.8435
7/21/2000,0.863
7/24/2000,0.864
7/25/2000,0.866
7/26/2000,0.857
7/27/2000,0.8675
7/28/2000,0.866
7/31/2000,0.871
8/1/2000,0.8695
8/2/2000,0.866
8/3/2000,0.866
8/4/2000,0.8705
8/7/2000,0.869
8/8/2000,0.86
8/9/2000,0.872
8/10/2000,0.863
8/11/2000,0.8575
8/14/2000,0.865
8/15/2000,0.869
8/16/2000,0.8655
8/17/2000,0.8685
8/18/2000,0.864
8/21/2000,0.854
8/22/2000,0.8575
8/23/2000,0.8565
8/24/2000,0.864
8/25/2000,0.864
8/28/2000,0.8615
8/29/2000,0.881
8/30/2000,0.885
8/31/2000,0.885
9/1/2000,0.889
9/5/2000,0.905
9/6/2000,0.9015
9/7/2000,0.906
9/8/2000,0.912
9/11/2000,0.913
9/12/2000,0.9285
9/13/2000,0.9275
9/14/2000,0.9255
9/15/2000,0.92
9/18/2000,0.9185
9/19/2000,0.9215
9/20/2000,0.9015
9/21/2000,0.9255
9/22/2000,0.917
9/25/2000,0.927
9/26/2000,0.9165
9/27/2000,0.9125
9/28/2000,0.911
9/29/2000,0.9155
10/2/2000,0.895
10/3/2000,0.8985
10/4/2000,0.8965
10/5/2000,0.9095
10/6/2000,0.9045
10/9/2000,0.8925
10/10/2000,0.9025
10/11/2000,0.8985
10/12/2000,0.8795
10/13/2000,0.8895
10/16/2000,0.8915
10/17/2000,0.8805
10/18/2000,0.87
10/19/2000,0.871
10/20/2000,0.86
10/23/2000,0.8655
10/24/2000,0.8625
10/25/2000,0.8505
10/26/2000,0.829
10/27/2000,0.8415
10/30/2000,0.8425
10/31/2000,0.8465
11/1/2000,0.833
11/2/2000,0.836
11/3/2000,0.836
11/6/2000,0.825
11/7/2000,0.8285
11/8/2000,0.8345
11/9/2000,0.838
11/10/2000,0.8365
11/13/2000,0.819
11/14/2000,0.826
11/15/2000,0.826
11/16/2000,0.8185
11/17/2000,0.822
11/20/2000,0.822
11/21/2000,0.829
11/22/2000,0.8195
11/24/2000,0.8195
11/27/2000,0.8465
11/28/2000,0.861
11/29/2000,0.852
11/30/2000,0.841
12/1/2000,0.8585
12/4/2000,0.8605
12/5/2000,0.869
12/6/2000,0.877
12/7/2000,0.8785
12/8/2000,0.8875
12/11/2000,0.8895
12/12/2000,0.8835
12/13/2000,0.8805
12/14/2000,0.889
12/15/2000,0.8725
12/18/2000,0.8745
12/19/2000,0.874
12/20/2000,0.863
12/21/2000,0.856
12/22/2000,0.86
12/26/2000,0.8635
12/27/2000,0.8475
12/28/2000,0.8525
12/29/2000,0.8465
1/2/2001,0.818
1/3/2001,0.8235
1/4/2001,0.815
1/5/2001,0.832
1/8/2001,0.833
1/9/2001,0.8295
1/10/2001,0.831
1/11/2001,0.8325
1/12/2001,0.8445
1/16/2001,0.825
1/17/2001,0.8315
1/18/2001,0.867
1/19/2001,0.853
1/22/2001,0.8495
1/23/2001,0.851
1/24/2001,0.84
1/25/2001,0.839
1/26/2001,0.839
1/29/2001,0.8335
1/30/2001,0.8405
1/31/2001,0.8485
2/1/2001,0.85
2/2/2001,0.844
2/5/2001,0.8295
2/6/2001,0.831
2/7/2001,0.8295
2/8/2001,0.8295
2/9/2001,0.82
2/12/2001,0.8175
2/13/2001,0.825
2/14/2001,0.8215
2/15/2001,0.827
2/16/2001,0.825
2/20/2001,0.819
2/21/2001,0.801
2/22/2001,0.801
2/23/2001,0.7955
2/26/2001,0.804
2/27/2001,0.801
2/28/2001,0.81
3/1/2001,0.821
3/2/2001,0.8245
3/5/2001,0.8335
3/6/2001,0.844
3/7/2001,0.834
3/8/2001,0.821
3/9/2001,0.826
3/12/2001,0.821
3/13/2001,0.8115
3/14/2001,0.804
3/15/2001,0.8025
3/16/2001,0.7835
3/19/2001,0.791
3/20/2001,0.794
3/21/2001,0.7855
3/22/2001,0.7785
3/23/2001,0.7805
3/26/2001,0.777
3/27/2001,0.786
3/28/2001,0.7675
3/29/2001,0.7695
3/30/2001,0.7585
4/2/2001,0.755
4/3/2001,0.761
4/4/2001,0.761
4/5/2001,0.764
4/6/2001,0.746
4/9/2001,0.756
4/10/2001,0.765
4/11/2001,0.762
4/12/2001,0.764
4/16/2001,0.765
4/17/2001,0.761
4/18/2001,0.783
4/19/2001,0.771
4/20/2001,0.7735
4/23/2001,0.757
4/24/2001,0.7605
4/25/2001,0.763
4/26/2001,0.758
4/27/2001,0.759
4/30/2001,0.7665
5/1/2001,0.774
5/2/2001,0.786
5/3/2001,0.7825
5/4/2001,0.775
5/7/2001,0.7765
5/8/2001,0.7605
5/9/2001,0.7545
5/10/2001,0.7505
5/11/2001,0.7555
5/14/2001,0.747
5/15/2001,0.7475
5/16/2001,0.7485
5/17/2001,0.761
5/18/2001,0.7805
5/21/2001,0.795
5/22/2001,0.784
5/23/2001,0.784
5/24/2001,0.7875
5/25/2001,0.786
5/29/2001,0.761
5/30/2001,0.7575
5/31/2001,0.752
6/1/2001,0.7475
6/4/2001,0.7475
6/5/2001,0.757
6/6/2001,0.7495
6/7/2001,0.7465
6/8/2001,0.7275
6/11/2001,0.729
6/12/2001,0.7255
6/13/2001,0.7215
6/14/2001,0.7245
6/15/2001,0.7165
6/18/2001,0.7175
6/19/2001,0.723
6/20/2001,0.713
6/21/2001,0.7195
6/22/2001,0.713
6/25/2001,0.7125
6/26/2001,0.716
6/27/2001,0.723
6/28/2001,0.708
6/29/2001,0.7045
7/2/2001,0.712
7/3/2001,0.7055
7/5/2001,0.698
7/6/2001,0.7035
7/9/2001,0.7015
7/10/2001,0.71
7/11/2001,0.706
7/12/2001,0.698
7/13/2001,0.7
7/16/2001,0.702
7/17/2001,0.7125
7/18/2001,0.7
7/19/2001,0.689
7/20/2001,0.694
7/23/2001,0.6815
7/24/2001,0.6805
7/25/2001,0.682
7/26/2001,0.68
7/27/2001,0.674
7/30/2001,0.674
7/31/2001,0.678
8/1/2001,0.6595
8/2/2001,0.6775
8/3/2001,0.673
8/6/2001,0.667
8/7/2001,0.665
8/8/2001,0.6575
8/9/2001,0.664
8/10/2001,0.6583
8/13/2001,0.654
8/14/2001,0.662
8/15/2001,0.656
8/16/2001,0.6645
8/17/2001,0.684
8/20/2001,0.6745
8/21/2001,0.67
8/22/2001,0.6755
8/23/2001,0.6835
8/24/2001,0.682
8/27/2001,0.694
8/28/2001,0.689
8/29/2001,0.6945
8/30/2001,0.681
8/31/2001,0.6785
9/4/2001,0.673
9/5/2001,0.671
9/6/2001,0.66
9/7/2001,0.652
9/10/2001,0.6515
9/11/2001,0.6515
9/12/2001,0.6515
9/13/2001,0.6515
9/14/2001,0.6515
9/17/2001,0.6505
9/18/2001,0.6505
9/19/2001,0.6485
9/20/2001,0.6475
9/21/2001,0.657
9/24/2001,0.653
9/25/2001,0.6475
9/26/2001,0.6535
9/27/2001,0.65
9/28/2001,0.646
10/1/2001,0.6445
10/2/2001,0.644
10/3/2001,0.636
10/4/2001,0.639
10/5/2001,0.635
10/8/2001,0.637
10/9/2001,0.6355
10/10/2001,0.6345
10/11/2001,0.638
10/12/2001,0.6355
10/15/2001,0.6345
10/16/2001,0.6395
10/17/2001,0.635
10/18/2001,0.628
10/19/2001,0.6205
10/22/2001,0.621
10/23/2001,0.6255
10/24/2001,0.618
10/25/2001,0.621
10/26/2001,0.6305
10/29/2001,0.6285
10/30/2001,0.634
10/31/2001,0.622
11/1/2001,0.618
11/2/2001,0.6115
11/5/2001,0.614
11/6/2001,0.613
11/7/2001,0.604
11/8/2001,0.6125
11/9/2001,0.6385
11/12/2001,0.656
11/13/2001,0.675
11/14/2001,0.675
11/15/2001,0.675
11/16/2001,0.68
11/19/2001,0.681
11/20/2001,0.6715
11/21/2001,0.6755
11/23/2001,0.6755
11/26/2001,0.6815
11/27/2001,0.702
11/28/2001,0.7035
11/29/2001,0.713
11/30/2001,0.722
12/3/2001,0.704
12/4/2001,0.6995
12/5/2001,0.694
12/6/2001,0.6875
12/7/2001,0.6765
12/10/2001,0.676
12/11/2001,0.6805
12/12/2001,0.6705
12/13/2001,0.67
12/14/2001,0.671
12/17/2001,0.674
12/18/2001,0.6825
12/19/2001,0.6715
12/20/2001,0.6705
12/21/2001,0.6765
12/24/2001,0.6765
12/26/2001,0.6835
12/27/2001,0.676
12/28/2001,0.671
12/31/2001,0.653
1/2/2002,0.653
1/3/2002,0.658
1/4/2002,0.67
1/7/2002,0.7095
1/8/2002,0.7035
1/9/2002,0.7105
1/10/2002,0.7005
1/11/2002,0.704
1/14/2002,0.7035
1/15/2002,0.697
1/16/2002,0.7045
1/17/2002,0.704
1/18/2002,0.6945
1/22/2002,0.699
1/23/2002,0.705
1/24/2002,0.712
1/25/2002,0.7085
1/28/2002,0.698
1/29/2002,0.696
1/30/2002,0.694
1/31/2002,0.7305
2/1/2002,0.7335
2/4/2002,0.726
2/5/2002,0.73
2/6/2002,0.7265
2/7/2002,0.735
2/8/2002,0.7315
2/11/2002,0.7255
2/12/2002,0.7305
2/13/2002,0.7495
2/14/2002,0.743
2/15/2002,0.7325
2/19/2002,0.706
2/20/2002,0.7075
2/21/2002,0.7135
2/22/2002,0.699
2/25/2002,0.705
2/26/2002,0.701
2/27/2002,0.7135
2/28/2002,0.714
3/1/2002,0.7265
3/4/2002,0.7365
3/5/2002,0.7355
3/6/2002,0.7445
3/7/2002,0.7425
3/8/2002,0.747
3/11/2002,0.7405
3/12/2002,0.736
3/13/2002,0.7355
3/14/2002,0.74
3/15/2002,0.746
3/18/2002,0.76
3/19/2002,0.766
3/20/2002,0.7615
3/21/2002,0.7585
3/22/2002,0.745
3/25/2002,0.7335
3/26/2002,0.7415
3/27/2002,0.748
3/28/2002,0.7605
4/1/2002,0.761
4/2/2002,0.761
4/3/2002,0.74
4/4/2002,0.7305
4/5/2002,0.721
4/8/2002,0.7205
4/9/2002,0.725
4/10/2002,0.722
4/11/2002,0.721
4/12/2002,0.715
4/15/2002,0.714
4/16/2002,0.724
4/17/2002,0.7345
4/18/2002,0.7255
4/19/2002,0.7315
4/22/2002,0.742
4/23/2002,0.73
4/24/2002,0.735
4/25/2002,0.7285
4/26/2002,0.735
4/29/2002,0.734
4/30/2002,0.7325
5/1/2002,0.723
5/2/2002,0.73
5/3/2002,0.719
5/6/2002,0.71
5/7/2002,0.7205
5/8/2002,0.7275
5/9/2002,0.725
5/10/2002,0.733
5/13/2002,0.732
5/14/2002,0.74
5/15/2002,0.743
5/16/2002,0.734
5/17/2002,0.724
5/20/2002,0.722
5/21/2002,0.723
5/22/2002,0.724
5/23/2002,0.732
5/24/2002,0.735
5/28/2002,0.7535
5/29/2002,0.7475
5/30/2002,0.749
5/31/2002,0.7615
6/3/2002,0.7725
6/4/2002,0.7835
6/5/2002,0.7805
6/6/2002,0.7765
6/7/2002,0.7775
6/10/2002,0.778
6/11/2002,0.763
6/12/2002,0.762
6/13/2002,0.7645
6/14/2002,0.7635
6/17/2002,0.7595
6/18/2002,0.7585
6/19/2002,0.756
6/20/2002,0.75
6/21/2002,0.742
6/24/2002,0.7395
6/25/2002,0.7485
6/26/2002,0.75
6/27/2002,0.7525
6/28/2002,0.7675
7/1/2002,0.768
7/2/2002,0.756
7/3/2002,0.7485
7/5/2002,0.7485
7/8/2002,0.756
7/9/2002,0.7555
7/10/2002,0.7525
7/11/2002,0.7455
7/12/2002,0.7395
7/15/2002,0.7335
7/16/2002,0.7385
7/17/2002,0.731
7/18/2002,0.7275
7/19/2002,0.7145
7/22/2002,0.701
7/23/2002,0.6935
7/24/2002,0.6925
7/25/2002,0.687
7/26/2002,0.687
7/29/2002,0.695
7/30/2002,0.689
7/31/2002,0.6775
8/1/2002,0.682
8/2/2002,0.679
8/5/2002,0.669
8/6/2002,0.6725
8/7/2002,0.6685
8/8/2002,0.6725
8/9/2002,0.6755
8/12/2002,0.676
8/13/2002,0.674
8/14/2002,0.6685
8/15/2002,0.6805
8/16/2002,0.6745
8/19/2002,0.6745
8/20/2002,0.6815
8/21/2002,0.6745
8/22/2002,0.6835
8/23/2002,0.6845
8/26/2002,0.688
8/27/2002,0.688
8/28/2002,0.683
8/29/2002,0.684
8/30/2002,0.687
9/3/2002,0.6745
9/4/2002,0.673
9/5/2002,0.668
9/6/2002,0.674
9/9/2002,0.689
9/10/2002,0.7005
9/11/2002,0.6985
9/12/2002,0.697
9/13/2002,0.692
9/16/2002,0.681
9/17/2002,0.6805
9/18/2002,0.67
9/19/2002,0.6695
9/20/2002,0.676
9/23/2002,0.6705
9/24/2002,0.6655
9/25/2002,0.67
9/26/2002,0.672
9/27/2002,0.6605
9/30/2002,0.66
10/1/2002,0.664
10/2/2002,0.6695
10/3/2002,0.662
10/4/2002,0.656
10/7/2002,0.659
10/8/2002,0.659
10/9/2002,0.6585
10/10/2002,0.666
10/11/2002,0.678
10/14/2002,0.666
10/15/2002,0.6715
10/16/2002,0.67
10/17/2002,0.692
10/18/2002,0.688
10/21/2002,0.699
10/22/2002,0.693
10/23/2002,0.6905
10/24/2002,0.699
10/25/2002,0.7105
10/28/2002,0.7095
10/29/2002,0.7015
10/30/2002,0.7005
10/31/2002,0.714
11/1/2002,0.7235
11/4/2002,0.726
11/5/2002,0.723
11/6/2002,0.728
11/7/2002,0.7135
11/8/2002,0.714
11/11/2002,0.719
11/12/2002,0.719
11/13/2002,0.7155
11/14/2002,0.7105
11/15/2002,0.717
11/18/2002,0.727
11/19/2002,0.726
11/20/2002,0.738
11/21/2002,0.739
11/22/2002,0.7355
11/25/2002,0.736
11/26/2002,0.7285
11/27/2002,0.7495
11/29/2002,0.7495
12/2/2002,0.7565
12/3/2002,0.753
12/4/2002,0.753
12/5/2002,0.74
12/6/2002,0.7405
12/9/2002,0.7305
12/10/2002,0.737
12/11/2002,0.736
12/12/2002,0.733
12/13/2002,0.724
12/16/2002,0.723
12/17/2002,0.7245
12/18/2002,0.718
12/19/2002,0.7135
12/20/2002,0.711
12/23/2002,0.7135
12/24/2002,0.702
12/26/2002,0.696
12/27/2002,0.6995
12/30/2002,0.699
12/31/2002,0.697
1/2/2003,0.714
1/3/2003,0.7265
1/6/2003,0.7345
1/7/2003,0.7315
1/8/2003,0.742
1/9/2003,0.746
1/10/2003,0.74
1/13/2003,0.748
1/14/2003,0.756
1/15/2003,0.761
1/16/2003,0.757
1/17/2003,0.7545
1/21/2003,0.765
1/22/2003,0.769
1/23/2003,0.7665
1/24/2003,0.765
1/27/2003,0.7565
1/28/2003,0.753
1/29/2003,0.7625
1/30/2003,0.788
1/31/2003,0.7915
2/3/2003,0.7865
2/4/2003,0.7775
2/5/2003,0.777
2/6/2003,0.766
2/7/2003,0.7615
2/10/2003,0.774
2/11/2003,0.774
2/12/2003,0.77
2/13/2003,0.749
2/14/2003,0.755
2/18/2003,0.739
2/19/2003,0.7445
2/20/2003,0.751
2/21/2003,0.7765
2/24/2003,0.785
2/25/2003,0.7785
2/26/2003,0.795
2/27/2003,0.788
2/28/2003,0.775
3/3/2003,0.7875
3/4/2003,0.777
3/5/2003,0.7605
3/6/2003,0.7515
3/7/2003,0.7665
3/10/2003,0.7525
3/11/2003,0.7615
3/12/2003,0.753
3/13/2003,0.7485
3/14/2003,0.7505
3/17/2003,0.768
3/18/2003,0.7605
3/19/2003,0.7735
3/20/2003,0.765
3/21/2003,0.7755
3/24/2003,0.7655
3/25/2003,0.7675
3/26/2003,0.749
3/27/2003,0.729
3/28/2003,0.7255
3/31/2003,0.7125
4/1/2003,0.7225
4/2/2003,0.717
4/3/2003,0.709
4/4/2003,0.716
4/7/2003,0.727
4/8/2003,0.7205
4/9/2003,0.7175
4/10/2003,0.7135
4/11/2003,0.7245
4/14/2003,0.7235
4/15/2003,0.733
4/16/2003,0.733
4/17/2003,0.736
4/21/2003,0.7275
4/22/2003,0.721
4/23/2003,0.7225
4/24/2003,0.7145
4/25/2003,0.7145
4/28/2003,0.7155
4/29/2003,0.7235
4/30/2003,0.725
5/1/2003,0.7245
5/2/2003,0.715
5/5/2003,0.7135
5/6/2003,0.719
5/7/2003,0.7305
5/8/2003,0.736
5/9/2003,0.734
5/12/2003,0.7475
5/13/2003,0.76
5/14/2003,0.7565
5/15/2003,0.757
5/16/2003,0.7575
5/19/2003,0.7605
5/20/2003,0.76
5/21/2003,0.7675
5/22/2003,0.7645
5/23/2003,0.764
5/27/2003,0.775
5/28/2003,0.7675
5/29/2003,0.77
5/30/2003,0.78
6/2/2003,0.7875
6/3/2003,0.7815
6/4/2003,0.778
6/5/2003,0.78
6/6/2003,0.7805
6/9/2003,0.768
6/10/2003,0.765
6/11/2003,0.7655
6/12/2003,0.7735
6/13/2003,0.76
6/16/2003,0.7595
6/17/2003,0.7795
6/18/2003,0.7765
6/19/2003,0.7805
6/20/2003,0.773
6/23/2003,0.766
6/24/2003,0.767
6/25/2003,0.7575
6/26/2003,0.751
6/27/2003,0.7565
6/30/2003,0.748
7/1/2003,0.746
7/2/2003,0.7565
7/3/2003,0.7465
7/7/2003,0.7665
7/8/2003,0.765
7/9/2003,0.777
7/10/2003,0.7775
7/11/2003,0.776
7/14/2003,0.794
7/15/2003,0.79
7/16/2003,0.789
7/17/2003,0.778
7/18/2003,0.783
7/21/2003,0.773
7/22/2003,0.769
7/23/2003,0.7755
7/24/2003,0.79
7/25/2003,0.7945
7/28/2003,0.8045
7/29/2003,0.803
7/30/2003,0.7995
7/31/2003,0.818
8/1/2003,0.816
8/4/2003,0.8075
8/5/2003,0.8065
8/6/2003,0.8025
8/7/2003,0.813
8/8/2003,0.7995
8/11/2003,0.8045
8/12/2003,0.7875
8/13/2003,0.791
8/14/2003,0.797
8/15/2003,0.79
8/18/2003,0.7945
8/19/2003,0.801
8/20/2003,0.801
8/21/2003,0.8015
8/22/2003,0.802
8/25/2003,0.804
8/26/2003,0.7935
8/27/2003,0.7935
8/28/2003,0.787
8/29/2003,0.803
9/2/2003,0.8095
9/3/2003,0.8245
9/4/2003,0.8135
9/5/2003,0.827
9/8/2003,0.824
9/9/2003,0.8135
9/10/2003,0.8035
9/11/2003,0.8225
9/12/2003,0.81
9/15/2003,0.8155
9/16/2003,0.8105
9/17/2003,0.819
9/18/2003,0.823
9/19/2003,0.825
9/22/2003,0.826
9/23/2003,0.82
9/24/2003,0.8235
9/25/2003,0.8275
9/26/2003,0.8165
9/29/2003,0.819
9/30/2003,0.813
10/1/2003,0.8185
10/2/2003,0.8295
10/3/2003,0.834
10/6/2003,0.8345
10/7/2003,0.844
10/8/2003,0.8515
10/9/2003,0.8505
10/10/2003,0.861
10/13/2003,0.885
10/14/2003,0.871
10/15/2003,0.8955
10/16/2003,0.8915
10/17/2003,0.892
10/20/2003,0.9085
10/21/2003,0.903
10/22/2003,0.9105
10/23/2003,0.9035
10/24/2003,0.8905
10/27/2003,0.905
10/28/2003,0.9015
10/29/2003,0.916
10/30/2003,0.931
10/31/2003,0.937
11/3/2003,0.931
11/4/2003,0.956
11/5/2003,0.955
11/6/2003,0.9385
11/7/2003,0.943
11/10/2003,0.927
11/11/2003,0.944
11/12/2003,0.9475
11/13/2003,0.9425
11/14/2003,0.9515
11/17/2003,0.919
11/18/2003,0.933
11/19/2003,0.9185
11/20/2003,0.8845
11/21/2003,0.8935
11/24/2003,0.904
11/25/2003,0.887
11/26/2003,0.887
11/28/2003,0.907
12/1/2003,0.9555
12/2/2003,0.9695
12/3/2003,0.976
12/4/2003,0.963
12/5/2003,0.969
12/8/2003,0.9665
12/9/2003,0.978
12/10/2003,0.9775
12/11/2003,0.976
12/12/2003,0.9865
12/15/2003,0.998
12/16/2003,1.0075
12/17/2003,0.997
12/18/2003,1.017
12/19/2003,1.026
12/22/2003,1.009
12/23/2003,1.02
12/24/2003,1.0265
12/26/2003,1.0265
12/29/2003,1.042
12/30/2003,1.04
12/31/2003,1.043
1/2/2004,1.043
1/5/2004,1.083
1/6/2004,1.067
1/7/2004,1.0625
1/8/2004,1.1045
1/9/2004,1.0995
1/12/2004,1.08
1/13/2004,1.0835
1/14/2004,1.0925
1/15/2004,1.082
1/16/2004,1.091
1/20/2004,1.1135
1/21/2004,1.114
1/22/2004,1.1165
1/23/2004,1.1215
1/26/2004,1.1135
1/27/2004,1.111
1/28/2004,1.1295
1/29/2004,1.1205
1/30/2004,1.143
2/2/2004,1.1425
2/3/2004,1.1675
2/4/2004,1.1735
2/5/2004,1.1725
2/6/2004,1.18
2/9/2004,1.185
2/10/2004,1.1775
2/11/2004,1.214
2/12/2004,1.2425
2/13/2004,1.2445
2/17/2004,1.3
2/18/2004,1.3
2/19/2004,1.328
2/20/2004,1.3075
2/23/2004,1.3125
2/24/2004,1.3255
2/25/2004,1.308
2/26/2004,1.348
2/27/2004,1.343
3/1/2004,1.3945
3/2/2004,1.371
3/3/2004,1.301
3/4/2004,1.3175
3/5/2004,1.338
3/8/2004,1.292
3/9/2004,1.27
3/10/2004,1.284
3/11/2004,1.3355
3/12/2004,1.309
3/15/2004,1.347
3/16/2004,1.364
3/17/2004,1.3495
3/18/2004,1.3695
3/19/2004,1.379
3/22/2004,1.355
3/23/2004,1.3605
3/24/2004,1.3555
3/25/2004,1.3455
3/26/2004,1.3525
3/29/2004,1.3595
3/30/2004,1.344
3/31/2004,1.3585
4/1/2004,1.371
4/2/2004,1.352
4/5/2004,1.3171
4/6/2004,1.327
4/7/2004,1.318
4/8/2004,1.3125
4/12/2004,1.297
4/13/2004,1.291
4/14/2004,1.303
4/15/2004,1.2945
4/16/2004,1.3505
4/19/2004,1.368
4/20/2004,1.317
4/21/2004,1.2335
4/22/2004,1.2295
4/23/2004,1.243
4/26/2004,1.2435
4/27/2004,1.236
4/28/2004,1.1775
4/29/2004,1.192
4/30/2004,1.2095
5/3/2004,1.228
5/4/2004,1.2315
5/5/2004,1.2465
5/6/2004,1.2385
5/7/2004,1.1925
5/10/2004,1.1675
5/11/2004,1.1935
5/12/2004,1.187
5/13/2004,1.1775
5/14/2004,1.176
5/17/2004,1.1445
5/18/2004,1.156
5/19/2004,1.1975
5/20/2004,1.189
5/21/2004,1.221
5/24/2004,1.2325
5/25/2004,1.237
5/26/2004,1.2325
5/27/2004,1.273
5/28/2004,1.278
6/1/2004,1.2855
6/2/2004,1.249
6/3/2004,1.247
6/4/2004,1.2335
6/7/2004,1.272
6/8/2004,1.2405
6/9/2004,1.1675
6/10/2004,1.176
6/14/2004,1.1565
6/15/2004,1.195
6/16/2004,1.1825
6/17/2004,1.203
6/18/2004,1.195
6/21/2004,1.197
6/22/2004,1.1635
6/23/2004,1.201
6/24/2004,1.2185
6/25/2004,1.2095
6/28/2004,1.2065
6/29/2004,1.1715
6/30/2004,1.205
7/1/2004,1.222
7/2/2004,1.22
7/6/2004,1.22
7/7/2004,1.2525
7/8/2004,1.2515
7/9/2004,1.281
7/12/2004,1.2775
7/13/2004,1.279
7/14/2004,1.278
7/15/2004,1.2895
7/16/2004,1.3135
7/19/2004,1.3085
7/20/2004,1.288
7/21/2004,1.2765
7/22/2004,1.2845
7/23/2004,1.247
7/26/2004,1.2495
7/27/2004,1.22
7/28/2004,1.268
7/29/2004,1.2915
7/30/2004,1.308
8/2/2004,1.308
8/3/2004,1.306
8/4/2004,1.298
8/5/2004,1.284
8/6/2004,1.282
8/9/2004,1.2455
8/10/2004,1.261
8/11/2004,1.276
8/12/2004,1.27
8/13/2004,1.321
8/16/2004,1.319
8/17/2004,1.3115
8/18/2004,1.274
8/19/2004,1.2855
8/20/2004,1.2715
8/23/2004,1.2395
8/24/2004,1.2415
8/25/2004,1.242
8/26/2004,1.2515
8/27/2004,1.259
8/30/2004,1.262
8/31/2004,1.281
9/1/2004,1.275
9/2/2004,1.2475
9/3/2004,1.2405
9/7/2004,1.273
9/8/2004,1.2575
9/9/2004,1.265
9/10/2004,1.281
9/13/2004,1.2805
9/14/2004,1.278
9/15/2004,1.2675
9/16/2004,1.298
9/17/2004,1.302
9/20/2004,1.311
9/21/2004,1.3415
9/22/2004,1.38
9/23/2004,1.368
9/24/2004,1.362
9/27/2004,1.3855
9/28/2004,1.378
9/29/2004,1.393
9/30/2004,1.4
10/1/2004,1.408
10/4/2004,1.401
10/5/2004,1.4055
10/6/2004,1.4265
10/7/2004,1.4325
10/8/2004,1.4735
10/11/2004,1.4735
10/12/2004,1.453
10/13/2004,1.293
10/14/2004,1.2765
10/15/2004,1.316
10/18/2004,1.291
10/19/2004,1.303
10/20/2004,1.297
10/21/2004,1.3105
10/22/2004,1.3095
10/25/2004,1.28
10/26/2004,1.2865
10/27/2004,1.293
10/28/2004,1.2575
10/29/2004,1.3475
11/1/2004,1.3155
11/2/2004,1.3295
11/3/2004,1.34
11/4/2004,1.361
11/5/2004,1.3785
11/8/2004,1.379
11/9/2004,1.3885
11/10/2004,1.383
11/11/2004,1.3925
11/12/2004,1.428
11/15/2004,1.4365
11/16/2004,1.419
11/17/2004,1.4555
11/18/2004,1.475
11/19/2004,1.482
11/22/2004,1.459
11/23/2004,1.4675
11/24/2004,1.4885
11/26/2004,1.4885
11/29/2004,1.445
11/30/2004,1.443
12/1/2004,1.4675
12/2/2004,1.437
12/3/2004,1.435
12/6/2004,1.4335
12/7/2004,1.406
12/8/2004,1.3755
12/9/2004,1.379
12/10/2004,1.4015
12/13/2004,1.436
12/14/2004,1.444
12/15/2004,1.4645
12/16/2004,1.466
12/17/2004,1.4725
12/20/2004,1.4905
12/21/2004,1.504
12/22/2004,1.475
12/23/2004,1.483
12/27/2004,1.5
12/28/2004,1.5425
12/29/2004,1.4825
12/30/2004,1.487
12/31/2004,1.487
1/3/2005,1.5235
1/4/2005,1.395
1/5/2005,1.422
1/6/2005,1.42
1/7/2005,1.415
1/10/2005,1.4135
1/11/2005,1.44
1/12/2005,1.444
1/13/2005,1.408
1/14/2005,1.434
1/18/2005,1.44
1/19/2005,1.4505
1/20/2005,1.458
1/21/2005,1.4765
1/24/2005,1.4755
1/25/2005,1.4735
1/26/2005,1.4855
1/27/2005,1.4955
1/28/2005,1.4625
1/31/2005,1.463
2/1/2005,1.451
2/2/2005,1.4335
2/3/2005,1.4305
2/4/2005,1.418
2/7/2005,1.4335
2/8/2005,1.433
2/9/2005,1.43
2/10/2005,1.47
2/11/2005,1.4675
2/14/2005,1.4695
2/15/2005,1.487
2/16/2005,1.476
2/17/2005,1.5035
2/18/2005,1.4945
2/22/2005,1.492
2/23/2005,1.5
2/24/2005,1.483
2/25/2005,1.489
2/28/2005,1.5
3/1/2005,1.4645
3/2/2005,1.477
3/3/2005,1.475
3/4/2005,1.492
3/7/2005,1.4945
3/8/2005,1.4975
3/9/2005,1.502
3/10/2005,1.495
3/11/2005,1.481
3/14/2005,1.475
3/15/2005,1.4955
3/16/2005,1.506
3/17/2005,1.506
3/18/2005,1.5075
3/21/2005,1.489
3/22/2005,1.4985
3/23/2005,1.447
3/24/2005,1.4595
3/28/2005,1.4605
3/29/2005,1.4765
3/30/2005,1.4995
3/31/2005,1.5105
4/1/2005,1.4925
4/4/2005,1.506
4/5/2005,1.4965
4/6/2005,1.5225
4/7/2005,1.5215
4/8/2005,1.5235
4/11/2005,1.542
4/12/2005,1.5115
4/13/2005,1.475
4/14/2005,1.4455
4/15/2005,1.463
4/18/2005,1.462
4/19/2005,1.4885
4/20/2005,1.517
4/21/2005,1.4965
4/22/2005,1.502
4/25/2005,1.504
4/26/2005,1.4815
4/27/2005,1.463
4/28/2005,1.445
4/29/2005,1.493
5/2/2005,1.496
5/3/2005,1.4785
5/4/2005,1.459
5/5/2005,1.459
5/6/2005,1.472
5/9/2005,1.4765
5/10/2005,1.492
5/11/2005,1.4825
5/12/2005,1.4555
5/13/2005,1.4245
5/16/2005,1.4225
5/17/2005,1.4335
5/18/2005,1.466
5/19/2005,1.458
5/20/2005,1.475
5/23/2005,1.4885
5/24/2005,1.505
5/25/2005,1.529
5/26/2005,1.614
5/27/2005,1.486
5/31/2005,1.505
6/1/2005,1.538
6/2/2005,1.559
6/3/2005,1.5955
6/6/2005,1.6065
6/7/2005,1.593
6/8/2005,1.5985
6/9/2005,1.602
6/10/2005,1.632
6/13/2005,1.615
6/14/2005,1.5845
6/15/2005,1.607
6/16/2005,1.6435
6/17/2005,1.6895
6/20/2005,1.6725
6/21/2005,1.686
6/22/2005,1.675
6/23/2005,1.675
6/24/2005,1.6755
6/27/2005,1.682
6/28/2005,1.6
6/29/2005,1.5975
6/30/2005,1.5535
7/1/2005,1.5365
7/5/2005,1.58
7/6/2005,1.603
7/7/2005,1.6095
7/8/2005,1.6255
7/11/2005,1.624
7/12/2005,1.603
7/13/2005,1.62
7/14/2005,1.618
7/15/2005,1.629
7/18/2005,1.6305
7/19/2005,1.6505
7/20/2005,1.6555
7/21/2005,1.631
7/22/2005,1.6555
7/25/2005,1.658
7/26/2005,1.666
7/27/2005,1.6775
7/28/2005,1.683
7/29/2005,1.6875
8/1/2005,1.7035
8/2/2005,1.7
8/3/2005,1.709
8/4/2005,1.6945
8/5/2005,1.689
8/8/2005,1.687
8/9/2005,1.652
8/10/2005,1.687
8/11/2005,1.706
8/12/2005,1.7375
8/15/2005,1.771
8/16/2005,1.7795
8/17/2005,1.721
8/18/2005,1.7215
8/19/2005,1.7185
8/22/2005,1.74
8/23/2005,1.7445
8/24/2005,1.717
8/25/2005,1.714
8/26/2005,1.7695
8/29/2005,1.7105
8/30/2005,1.7095
8/31/2005,1.7435
9/1/2005,1.727
9/2/2005,1.747
9/6/2005,1.736
9/7/2005,1.721
9/8/2005,1.6965
9/9/2005,1.684
9/12/2005,1.719
9/13/2005,1.7
9/14/2005,1.682
9/15/2005,1.678
9/16/2005,1.673
9/19/2005,1.7395
9/20/2005,1.7495
9/21/2005,1.7965
9/22/2005,1.81
9/23/2005,1.7985
9/26/2005,1.841
9/27/2005,1.838
9/28/2005,1.8765
9/29/2005,1.8105
9/30/2005,1.8015
10/3/2005,1.834
10/4/2005,1.8505
10/5/2005,1.873
10/6/2005,1.875
10/7/2005,1.9005
10/10/2005,1.899
10/11/2005,1.927
10/12/2005,1.88
10/13/2005,1.86
10/14/2005,1.8545
10/17/2005,1.921
10/18/2005,1.93
10/19/2005,1.926
10/20/2005,1.923
10/21/2005,1.928
10/24/2005,1.9235
10/25/2005,1.9645
10/26/2005,1.968
10/27/2005,1.937
10/28/2005,1.896
10/31/2005,1.896
11/1/2005,1.896
11/2/2005,1.902
11/3/2005,1.905
11/4/2005,1.9335
11/7/2005,1.9375
11/8/2005,1.932
11/9/2005,1.9255
11/10/2005,1.965
11/11/2005,1.999
11/14/2005,2.0065
11/15/2005,2.0275
11/16/2005,2.035
11/17/2005,2.046
11/18/2005,2.1
11/21/2005,2.1
11/22/2005,2.08
11/23/2005,2.14
11/25/2005,2.14
11/28/2005,2.18
11/29/2005,2.0405
11/30/2005,2.075
12/1/2005,2.168
12/2/2005,2.1525
12/5/2005,2.166
12/6/2005,2.119
12/7/2005,2.1605
12/8/2005,2.17
12/9/2005,2.18
12/12/2005,2.1555
12/13/2005,2.173
12/14/2005,2.126
12/15/2005,2.1415
12/16/2005,2.1695
12/19/2005,2.1595
12/20/2005,2.165
12/21/2005,2.179
12/22/2005,2.206
12/23/2005,2.2305
12/27/2005,2.28
12/28/2005,2.194
12/29/2005,2.1645
12/30/2005,2.1615
1/3/2006,2.168
1/4/2006,2.2165
1/5/2006,2.1385
1/6/2006,2.1555
1/9/2006,2.167
1/10/2006,2.1795
1/11/2006,2.155
1/12/2006,2.147
1/13/2006,2.168
1/17/2006,2.169
1/18/2006,2.17
1/19/2006,2.156
1/20/2006,2.13
1/23/2006,2.1425
1/24/2006,2.1725
1/25/2006,2.2185
1/26/2006,2.2315
1/27/2006,2.2965
1/30/2006,2.2345
1/31/2006,2.2355
2/1/2006,2.259
2/2/2006,2.3185
2/3/2006,2.318
2/6/2006,2.3365
2/7/2006,2.2875
2/8/2006,2.28
2/9/2006,2.309
2/10/2006,2.226
2/13/2006,2.237
2/14/2006,2.2665
2/15/2006,2.194
2/16/2006,2.237
2/17/2006,2.209
2/21/2006,2.281
2/22/2006,2.266
2/23/2006,2.21
2/24/2006,2.204
2/27/2006,2.136
2/28/2006,2.1855
3/1/2006,2.2435
3/2/2006,2.2755
3/3/2006,2.2695
3/6/2006,2.201
3/7/2006,2.186
3/8/2006,2.1725
3/9/2006,2.2045
3/10/2006,2.217
3/13/2006,2.2515
3/14/2006,2.26
3/15/2006,2.252
3/16/2006,2.2665
3/17/2006,2.369
3/20/2006,2.344
3/21/2006,2.334
3/22/2006,2.35
3/23/2006,2.409
3/24/2006,2.4115
3/27/2006,2.475
3/28/2006,2.494
3/29/2006,2.4765
3/30/2006,2.5035
3/31/2006,2.488
4/3/2006,2.577
4/4/2006,2.5735
4/5/2006,2.628
4/6/2006,2.6765
4/7/2006,2.6705
4/10/2006,2.739
4/11/2006,2.7515
4/12/2006,2.8215
4/13/2006,2.868
4/17/2006,2.969
4/18/2006,3.059
4/19/2006,3.0585
4/20/2006,3.066
4/21/2006,3.248
4/24/2006,3.2135
4/25/2006,3.408
4/26/2006,3.483
4/27/2006,3.26
4/28/2006,3.3355
5/1/2006,3.453
5/2/2006,3.4165
5/3/2006,3.425
5/4/2006,3.593
5/5/2006,3.597
5/8/2006,3.6055
5/9/2006,3.696
5/10/2006,3.784
5/11/2006,4.033
5/12/2006,3.9665
5/15/2006,3.869
5/16/2006,3.982
5/17/2006,3.8305
5/18/2006,3.8695
5/19/2006,3.643
5/22/2006,3.69
5/23/2006,4.0755
5/24/2006,3.8305
5/25/2006,3.9015
5/26/2006,4.015
5/30/2006,3.747
5/31/2006,3.7165
6/1/2006,3.5685
6/2/2006,3.6645
6/5/2006,3.691
6/6/2006,3.5845
6/7/2006,3.679
6/8/2006,3.452
6/9/2006,3.373
6/12/2006,3.3285
6/13/2006,3.0955
6/14/2006,3.1535
6/15/2006,3.309
6/16/2006,3.3865
6/19/2006,3.2525
6/20/2006,3.2865
6/21/2006,3.3005
6/22/2006,3.2055
6/23/2006,3.34
6/26/2006,3.444
6/27/2006,3.287
6/28/2006,3.433
6/29/2006,3.423
6/30/2006,3.4625
7/3/2006,3.423
7/5/2006,3.4945
7/6/2006,3.7145
7/7/2006,3.6425
7/10/2006,3.672
7/11/2006,3.7225
7/12/2006,3.775
7/13/2006,3.7915
7/14/2006,3.8295
7/17/2006,3.7145
7/18/2006,3.6805
7/19/2006,3.6785
7/20/2006,3.485
7/21/2006,3.4165
7/24/2006,3.4835
7/25/2006,3.5385
7/26/2006,3.4845
7/27/2006,3.5185
7/28/2006,3.584
7/31/2006,3.61
8/1/2006,3.633
8/2/2006,3.6285
8/3/2006,3.5295
8/4/2006,3.6625
8/7/2006,3.6255
8/8/2006,3.621
8/9/2006,3.744
8/10/2006,3.6645
8/11/2006,3.513
8/14/2006,3.567
8/15/2006,3.5575
8/16/2006,3.495
8/17/2006,3.383
8/18/2006,3.45
8/21/2006,3.5225
8/22/2006,3.4985
8/23/2006,3.473
8/24/2006,3.44
8/25/2006,3.455
8/28/2006,3.484
8/29/2006,3.423
8/30/2006,3.365
8/31/2006,3.469
9/1/2006,3.475
9/5/2006,3.651
9/6/2006,3.702
9/7/2006,3.6655
9/8/2006,3.578
9/11/2006,3.434
9/12/2006,3.3905
9/13/2006,3.3925
9/14/2006,3.382
9/15/2006,3.3165
9/18/2006,3.418
9/19/2006,3.3755
9/20/2006,3.37
9/21/2006,3.422
9/22/2006,3.4395
9/25/2006,3.4475
9/26/2006,3.4635
9/27/2006,3.4755
9/28/2006,3.414
9/29/2006,3.459
10/2/2006,3.4305
10/3/2006,3.2865
10/4/2006,3.198
10/5/2006,3.2995
10/6/2006,3.3835
10/9/2006,3.4065
10/10/2006,3.373
10/11/2006,3.4
10/12/2006,3.374
10/13/2006,3.3985
10/16/2006,3.56
10/17/2006,3.485
10/18/2006,3.471
10/19/2006,3.4885
10/20/2006,3.4445
10/23/2006,3.43
10/24/2006,3.4015
10/25/2006,3.388
10/26/2006,3.382
10/27/2006,3.391
10/30/2006,3.3405
10/31/2006,3.336
11/1/2006,3.2305
11/2/2006,3.284
11/3/2006,3.3155
11/6/2006,3.3325
11/7/2006,3.3455
11/8/2006,3.232
11/9/2006,3.2955
11/10/2006,3.0775
11/13/2006,3.065
11/14/2006,3.084
11/15/2006,3.0875
11/16/2006,3.036
11/17/2006,3.0525
11/20/2006,3.0365
11/21/2006,3.1105
11/22/2006,3.106
11/24/2006,3.0365
11/27/2006,3.186
11/28/2006,3.1355
11/29/2006,3.128
11/30/2006,3.1715
12/1/2006,3.147
12/4/2006,3.157
12/5/2006,3.2345
12/6/2006,3.2275
12/7/2006,3.094
12/8/2006,3.107
12/11/2006,3.12
12/12/2006,3.0845
12/13/2006,3.0845
12/14/2006,3.081
12/15/2006,3.0425
12/18/2006,3.017
12/19/2006,3.0025
12/20/2006,2.9395
12/21/2006,2.8605
12/22/2006,2.83
12/26/2006,2.873
12/27/2006,2.882
12/28/2006,2.88
12/29/2006,2.854
1/3/2007,2.6325
1/4/2007,2.5885
1/5/2007,2.5225
1/8/2007,2.5145
1/9/2007,2.542
1/10/2007,2.6515
1/11/2007,2.6485
1/12/2007,2.593
1/16/2007,2.565
1/17/2007,2.5555
1/18/2007,2.477
1/19/2007,2.502
1/22/2007,2.5195
1/23/2007,2.5665
1/24/2007,2.5885
1/25/2007,2.6395
1/26/2007,2.6215
1/29/2007,2.5285
1/30/2007,2.55
1/31/2007,2.5835
2/1/2007,2.518
2/2/2007,2.41
2/5/2007,2.4045
2/6/2007,2.4825
2/7/2007,2.441
2/8/2007,2.4385
2/9/2007,2.5065
2/12/2007,2.4675
2/13/2007,2.577
2/14/2007,2.5695
2/15/2007,2.658
2/16/2007,2.6385
2/20/2007,2.582
2/21/2007,2.651
2/22/2007,2.762
2/23/2007,2.8365
2/26/2007,2.8525
2/27/2007,2.805
2/28/2007,2.733
3/1/2007,2.7365
3/2/2007,2.69
3/5/2007,2.658
3/6/2007,2.701
3/7/2007,2.772
3/8/2007,2.8255
3/9/2007,2.777
3/12/2007,2.844
3/13/2007,2.8245
3/14/2007,2.822
3/15/2007,2.97
3/16/2007,3.005
3/19/2007,3.0175
3/20/2007,3.031
3/21/2007,3.019
3/22/2007,3.0675
3/23/2007,3.069
3/26/2007,3.1245
3/27/2007,3.0525
3/28/2007,3.0515
3/29/2007,3.0765
3/30/2007,3.1435
4/2/2007,3.174
4/3/2007,3.3095
4/4/2007,3.3095
4/5/2007,3.371
4/9/2007,3.497
4/10/2007,3.517
4/11/2007,3.5755
4/12/2007,3.493
4/13/2007,3.5295
4/16/2007,3.5405
4/17/2007,3.674
4/18/2007,3.615
4/19/2007,3.584
4/20/2007,3.6065
4/23/2007,3.6305
4/24/2007,3.55
4/25/2007,3.505
4/26/2007,3.487
4/27/2007,3.5145
4/30/2007,3.5415
5/1/2007,3.605
5/2/2007,3.6285
5/3/2007,3.772
5/4/2007,3.7505
5/7/2007,3.7105
5/8/2007,3.7155
5/9/2007,3.6755
5/10/2007,3.564
5/11/2007,3.601
5/14/2007,3.492
5/15/2007,3.5335
5/16/2007,3.424
5/17/2007,3.309
5/18/2007,3.3285
5/21/2007,3.406
5/22/2007,3.3085
5/23/2007,3.304
5/24/2007,3.1835
5/25/2007,3.327
5/29/2007,3.326
5/30/2007,3.306
5/31/2007,3.3875
6/1/2007,3.4025
6/4/2007,3.4655
6/5/2007,3.4465
6/6/2007,3.395
6/7/2007,3.377
6/8/2007,3.258
6/11/2007,3.351
6/12/2007,3.2875
6/13/2007,3.318
6/14/2007,3.3975
6/15/2007,3.423
6/18/2007,3.4205
6/19/2007,3.3995
6/20/2007,3.4475
6/21/2007,3.4065
6/22/2007,3.385
6/25/2007,3.402
6/26/2007,3.318
6/27/2007,3.3565
6/28/2007,3.4295
6/29/2007,3.4535
7/2/2007,3.5355
7/3/2007,3.563
7/5/2007,3.612
7/6/2007,3.611
7/9/2007,3.6485
7/10/2007,3.6285
7/11/2007,3.6415
7/12/2007,3.602
7/13/2007,3.6155
7/16/2007,3.5885
7/17/2007,3.585
7/18/2007,3.61
7/19/2007,3.7095
7/20/2007,3.754
7/23/2007,3.69
7/24/2007,3.6485
7/25/2007,3.5705
7/26/2007,3.5285
7/27/2007,3.551
7/30/2007,3.592
7/31/2007,3.6535
8/1/2007,3.595
8/2/2007,3.575
8/3/2007,3.4845
8/6/2007,3.4825
8/7/2007,3.5155
8/8/2007,3.445
8/9/2007,3.372
8/10/2007,3.3945
8/13/2007,3.4825
8/14/2007,3.412
8/15/2007,3.374
8/16/2007,3.1295
8/17/2007,3.1565
8/20/2007,3.174
8/21/2007,3.1625
8/22/2007,3.227
8/23/2007,3.2865
8/24/2007,3.365
8/27/2007,3.384
8/28/2007,3.337
8/29/2007,3.345
8/30/2007,3.3535
8/31/2007,3.411
9/4/2007,3.3225
9/5/2007,3.279
9/6/2007,3.3155
9/7/2007,3.2595
9/10/2007,3.264
9/11/2007,3.389
9/12/2007,3.36
9/13/2007,3.402
9/14/2007,3.3915
9/17/2007,3.4175
9/18/2007,3.4425
9/19/2007,3.5676
9/20/2007,3.574
9/21/2007,3.5725
9/24/2007,3.627
9/25/2007,3.6115
9/26/2007,3.613
9/27/2007,3.636
9/28/2007,3.6305
10/1/2007,3.681
10/2/2007,3.7005
10/3/2007,3.7495
10/4/2007,3.715
10/5/2007,3.6965
10/8/2007,3.593
10/9/2007,3.601
10/10/2007,3.676
10/11/2007,3.649
10/12/2007,3.6305
10/15/2007,3.6605
10/16/2007,3.624
10/17/2007,3.5845
10/18/2007,3.5335
10/19/2007,3.5475
10/22/2007,3.478
10/23/2007,3.505
10/24/2007,3.45
10/25/2007,3.48
10/26/2007,3.5295
10/29/2007,3.513
10/30/2007,3.468
10/31/2007,3.498
11/1/2007,3.356
11/2/2007,3.3175
11/5/2007,3.294
11/6/2007,3.3325
11/7/2007,3.251
11/8/2007,3.197
11/9/2007,3.1425
11/12/2007,3.105
11/13/2007,3.102
11/14/2007,3.3015
11/15/2007,3.082
11/16/2007,3.156
11/19/2007,2.9805
11/20/2007,3.0255
11/21/2007,2.887
11/23/2007,2.985
11/26/2007,3.019
11/27/2007,2.9585
11/28/2007,3.001
11/29/2007,3.0635
11/30/2007,3.157
12/3/2007,3.061
12/4/2007,2.998
12/5/2007,3.016
12/6/2007,3.0185
12/7/2007,3.0945
12/10/2007,3.061
12/11/2007,3.0575
12/12/2007,3.016
12/13/2007,2.9395
12/14/2007,2.9365
12/17/2007,2.873
12/18/2007,2.87
12/19/2007,2.9455
12/20/2007,2.9585
12/21/2007,3.0935
12/24/2007,3.0935
12/26/2007,3.155
12/27/2007,3.105
12/28/2007,3.0575
12/31/2007,3.0305
1/2/2008,3.0505
1/3/2008,3.173
1/4/2008,3.1415
1/7/2008,3.125
1/8/2008,3.2735
1/9/2008,3.2645
1/10/2008,3.261
1/11/2008,3.2835
1/14/2008,3.3235
1/15/2008,3.22
1/16/2008,3.1615
1/17/2008,3.1705
1/18/2008,3.2245
1/22/2008,3.189
1/23/2008,3.0635
1/24/2008,3.165
1/25/2008,3.176
1/28/2008,3.182
1/29/2008,3.289
1/30/2008,3.216
1/31/2008,3.2895
2/1/2008,3.2605
2/4/2008,3.288
2/5/2008,3.2035
2/6/2008,3.3075
2/7/2008,3.448
2/8/2008,3.5345
2/11/2008,3.5535
2/12/2008,3.555
2/13/2008,3.5255
2/14/2008,3.488
2/15/2008,3.521
2/19/2008,3.725
2/20/2008,3.7055
2/21/2008,3.8105
2/22/2008,3.787
2/25/2008,3.7115
2/26/2008,3.781
2/27/2008,3.84
2/28/2008,3.8635
2/29/2008,3.852
3/3/2008,3.931
3/4/2008,3.927
3/5/2008,3.9895
3/6/2008,3.9145
3/7/2008,3.932
3/10/2008,3.8085
3/11/2008,3.799
3/12/2008,3.8515
3/13/2008,3.84
3/14/2008,3.847
3/17/2008,3.712
3/18/2008,3.7705
3/19/2008,3.6595
3/20/2008,3.611
3/24/2008,3.655
3/25/2008,3.6995
3/26/2008,3.751
3/27/2008,3.9035
3/28/2008,3.856
3/31/2008,3.8635
4/1/2008,3.826
4/2/2008,3.8885
4/3/2008,3.924
4/4/2008,3.9785
4/7/2008,3.9945
4/8/2008,3.909
4/9/2008,4.028
4/10/2008,3.954
4/11/2008,3.9745
4/14/2008,3.9265
4/15/2008,3.891
4/16/2008,3.988
4/17/2008,3.942
4/18/2008,3.9195
4/21/2008,3.898
4/22/2008,4.005
4/23/2008,3.947
4/24/2008,3.895
4/25/2008,3.9595
4/28/2008,3.984
4/29/2008,3.8995
4/30/2008,3.934
5/1/2008,3.7255
5/2/2008,3.858
5/5/2008,3.9785
5/6/2008,3.9125
5/7/2008,3.863
5/8/2008,3.8205
5/9/2008,3.7535
5/12/2008,3.784
5/13/2008,3.765
5/14/2008,3.707
5/15/2008,3.761
5/16/2008,3.8465
5/19/2008,3.7955
5/20/2008,3.7905
5/21/2008,3.7535
5/22/2008,3.7225
5/23/2008,3.755
5/27/2008,3.741
5/28/2008,3.7285
5/29/2008,3.569
5/30/2008,3.628
6/2/2008,3.609
6/3/2008,3.586
6/4/2008,3.553
6/5/2008,3.553
6/6/2008,3.624
6/9/2008,3.6115
6/10/2008,3.557
6/11/2008,3.5755
6/12/2008,3.5325
6/13/2008,3.594
6/16/2008,3.6795
6/17/2008,3.6585
6/18/2008,3.7455
6/19/2008,3.7775
6/20/2008,3.832
6/23/2008,3.814
6/24/2008,3.7935
6/25/2008,3.7855
6/26/2008,3.8235
6/27/2008,3.884
6/30/2008,3.875
7/1/2008,3.9225
7/2/2008,4.0775
7/3/2008,3.963
7/7/2008,3.865
7/8/2008,3.7125
7/9/2008,3.755
7/10/2008,3.7335
7/11/2008,3.7555
7/14/2008,3.7695
7/15/2008,3.722
7/16/2008,3.677
7/17/2008,3.735
7/18/2008,3.6865
7/21/2008,3.71
7/22/2008,3.7355
7/23/2008,3.7145
7/24/2008,3.677
7/25/2008,3.704
7/28/2008,3.7095
7/29/2008,3.6835
7/30/2008,3.6795
7/31/2008,3.7165
8/1/2008,3.6285
8/4/2008,3.4875
8/5/2008,3.457
8/6/2008,3.463
8/7/2008,3.458
8/8/2008,3.4005
8/11/2008,3.359
8/12/2008,3.235
8/13/2008,3.367
8/14/2008,3.323
8/15/2008,3.3425
8/18/2008,3.355
8/19/2008,3.4475
8/20/2008,3.41
8/21/2008,3.561
8/22/2008,3.5085
8/25/2008,3.519
8/26/2008,3.4785
8/27/2008,3.5075
8/28/2008,3.427
8/29/2008,3.4295
9/2/2008,3.3225
9/3/2008,3.354
9/4/2008,3.297
9/5/2008,3.1235
9/8/2008,3.109
9/9/2008,3.095
9/10/2008,3.1235
9/11/2008,3.1345
9/12/2008,3.029
9/15/2008,3.184
9/16/2008,3.1139
9/17/2008,3.071
9/18/2008,3.0955
9/19/2008,3.185
9/22/2008,3.266
9/23/2008,3.167
9/24/2008,3.1215
9/25/2008,3.1455
9/26/2008,3.0795
9/29/2008,2.9175
9/30/2008,2.888
10/1/2008,2.797
10/2/2008,2.6525
10/3/2008,2.705
10/6/2008,2.504
10/7/2008,2.5445
10/8/2008,2.3665
10/9/2008,2.424
10/10/2008,2.1565
10/13/2008,2.328
10/14/2008,2.4095
10/15/2008,2.2235
10/16/2008,2.099
10/17/2008,2.181
10/20/2008,2.119
10/21/2008,2.007
10/22/2008,1.851
10/23/2008,1.7955
10/24/2008,1.675
10/27/2008,1.786
10/28/2008,1.8415
10/29/2008,2.0715
10/30/2008,1.8885
10/31/2008,1.844
11/3/2008,1.8375
11/4/2008,1.951
11/5/2008,1.814
11/6/2008,1.7225
11/7/2008,1.6925
11/10/2008,1.7465
11/11/2008,1.6425
11/12/2008,1.6495
11/13/2008,1.6161
11/14/2008,1.7015
11/17/2008,1.6495
11/18/2008,1.655
11/19/2008,1.5945
11/20/2008,1.5685
11/21/2008,1.571
11/24/2008,1.666
11/25/2008,1.646
11/26/2008,1.668
11/28/2008,1.6235
12/1/2008,1.6035
12/2/2008,1.5785
12/3/2008,1.5325
12/4/2008,1.452
12/5/2008,1.355
12/8/2008,1.478
12/9/2008,1.4215
12/10/2008,1.469
12/11/2008,1.4865
12/12/2008,1.406
12/15/2008,1.385
12/16/2008,1.3545
12/17/2008,1.347
12/18/2008,1.2695
12/19/2008,1.305
12/22/2008,1.317
12/23/2008,1.253
12/24/2008,1.2475
12/26/2008,1.2745
12/29/2008,1.297
12/30/2008,1.307
12/31/2008,1.395
1/2/2009,1.444
1/5/2009,1.442
1/6/2009,1.566
1/7/2009,1.4945
1/8/2009,1.463
1/9/2009,1.5455
1/12/2009,1.475
1/13/2009,1.5325
1/14/2009,1.473
1/15/2009,1.4385
1/16/2009,1.5135
1/20/2009,1.49
1/21/2009,1.419
1/22/2009,1.381
1/23/2009,1.4575
1/26/2009,1.572
1/27/2009,1.47
1/28/2009,1.4805
1/29/2009,1.45
1/30/2009,1.462
2/2/2009,1.4235
2/3/2009,1.515
2/4/2009,1.524
2/5/2009,1.494
2/6/2009,1.6225
2/9/2009,1.6065
2/10/2009,1.57
2/11/2009,1.534
2/12/2009,1.5295
2/13/2009,1.535
2/17/2009,1.4205
2/18/2009,1.4325
2/19/2009,1.468
2/20/2009,1.414
2/23/2009,1.4345
2/24/2009,1.484
2/25/2009,1.522
2/26/2009,1.565
2/27/2009,1.526
3/2/2009,1.5075
3/3/2009,1.596
3/4/2009,1.6855
3/5/2009,1.646
3/6/2009,1.6805
3/9/2009,1.6295
3/10/2009,1.6745
3/11/2009,1.616
3/12/2009,1.6175
3/13/2009,1.6585
3/16/2009,1.7395
3/17/2009,1.7175
3/18/2009,1.7175
3/19/2009,1.8
3/20/2009,1.794
3/23/2009,1.832
3/24/2009,1.7985
3/25/2009,1.797
3/26/2009,1.8495
3/27/2009,1.8375
3/30/2009,1.761
3/31/2009,1.839
4/1/2009,1.8455
4/2/2009,1.888
4/3/2009,1.9995
4/6/2009,1.9585
4/7/2009,1.991
4/8/2009,1.998
4/9/2009,2.0705
4/13/2009,2.1255
4/14/2009,2.115
4/15/2009,2.2035
4/16/2009,2.1835
4/17/2009,2.2115
4/20/2009,2.1285
4/21/2009,2.111
4/22/2009,2.0745
4/23/2009,2.013
4/24/2009,2.071
4/27/2009,2.004
4/28/2009,1.914
4/29/2009,2.01
4/30/2009,2.053
5/1/2009,2.1015
5/4/2009,2.145
5/5/2009,2.0845
5/6/2009,2.1885
5/7/2009,2.1655
5/8/2009,2.147
5/11/2009,2.0935
5/12/2009,2.09
5/13/2009,2.037
5/14/2009,2.035
5/15/2009,2.028
5/18/2009,2.0755
5/19/2009,2.0695
5/20/2009,2.1085
5/21/2009,2.054
5/22/2009,2.054
5/26/2009,2.1475
5/27/2009,2.1165
5/28/2009,2.1355
5/29/2009,2.1975
6/1/2009,2.319
6/2/2009,2.2965
6/3/2009,2.2115
6/4/2009,2.3015
6/5/2009,2.281
6/8/2009,2.247
6/9/2009,2.3585
6/10/2009,2.36
6/11/2009,2.438
6/12/2009,2.3675
6/15/2009,2.2815
6/16/2009,2.2525
6/17/2009,2.2565
6/18/2009,2.267
6/19/2009,2.267
6/22/2009,2.127
6/23/2009,2.194
6/24/2009,2.266
6/25/2009,2.3
6/26/2009,2.2935
6/29/2009,2.2935
6/30/2009,2.258
7/1/2009,2.315
7/2/2009,2.29
7/6/2009,2.2505
7/7/2009,2.214
7/8/2009,2.148
7/9/2009,2.2265
7/10/2009,2.2005
7/13/2009,2.213
7/14/2009,2.29
7/15/2009,2.3825
7/16/2009,2.38
7/17/2009,2.414
7/20/2009,2.46
7/21/2009,2.4435
7/22/2009,2.158
7/23/2009,2.519
7/24/2009,2.517
7/27/2009,2.54
7/28/2009,2.54
7/29/2009,2.472
7/30/2009,2.557
7/31/2009,2.6165
8/3/2009,2.7315
8/4/2009,2.789
8/5/2009,2.8065
8/6/2009,2.7475
8/7/2009,2.7815
8/10/2009,2.7665
8/11/2009,2.7665
8/12/2009,2.7335
8/13/2009,2.9105
8/14/2009,2.834
8/17/2009,2.7615
8/18/2009,2.7595
8/19/2009,2.757
8/20/2009,2.738
8/21/2009,2.879
8/24/2009,2.914
8/25/2009,2.854
8/26/2009,2.8555
8/27/2009,2.8455
8/28/2009,2.923
8/31/2009,2.808
9/1/2009,2.7965
9/2/2009,2.8025
9/3/2009,2.8435
9/4/2009,2.8435
9/8/2009,2.9345
9/9/2009,2.906
9/10/2009,2.8595
9/11/2009,2.8275
9/14/2009,2.787
9/15/2009,2.8285
9/16/2009,2.9205
9/17/2009,2.88
9/18/2009,2.771
9/21/2009,2.7925
9/22/2009,2.8525
9/23/2009,2.7965
9/24/2009,2.6995
9/25/2009,2.731
9/28/2009,2.714
9/29/2009,2.715
9/30/2009,2.809
10/1/2009,2.7255
10/2/2009,2.6715
10/5/2009,2.718
10/6/2009,2.7755
10/7/2009,2.7705
10/8/2009,2.887
10/9/2009,2.8285
10/12/2009,2.848
10/13/2009,2.786
10/14/2009,2.8365
10/15/2009,2.851
10/16/2009,2.8375
10/19/2009,2.9565
10/20/2009,2.9565
10/21/2009,3.0265
10/22/2009,2.988
10/23/2009,3.024
10/26/2009,3.024
10/27/2009,2.9885
10/28/2009,2.919
10/29/2009,3.021
10/30/2009,2.9475
11/2/2009,2.937
11/3/2009,2.948
11/4/2009,2.9845
11/5/2009,2.9505
11/6/2009,2.9455
11/9/2009,2.9615
11/10/2009,2.957
11/11/2009,2.9615
11/12/2009,2.9435
11/13/2009,2.9685
11/16/2009,3.1005
11/17/2009,3.1005
11/18/2009,3.1075
11/19/2009,3.078
11/20/2009,3.105
11/23/2009,3.1335
11/24/2009,3.112
11/25/2009,3.166
11/27/2009,3.166
11/30/2009,3.1485
12/1/2009,3.2035
12/2/2009,3.2315
12/3/2009,3.2195
12/4/2009,3.2135
12/7/2009,3.185
12/8/2009,3.1395
12/9/2009,3.098
12/10/2009,3.0795
12/11/2009,3.11
12/14/2009,3.13
12/15/2009,3.121
12/16/2009,3.186
12/17/2009,3.1105
12/18/2009,3.121
12/21/2009,3.1405
12/22/2009,3.12
12/23/2009,3.1845
12/24/2009,3.271
12/28/2009,3.3165
12/29/2009,3.296
12/30/2009,3.3255
12/31/2009,3.3255
1/4/2010,3.388
1/5/2010,3.388
1/6/2010,3.4775
1/7/2010,3.4115
1/8/2010,3.388
1/11/2010,3.4285
1/12/2010,3.3375
1/13/2010,3.3875
1/14/2010,3.376
1/15/2010,3.355
1/19/2010,3.437
1/20/2010,3.346
1/21/2010,3.285
1/22/2010,3.3385
1/25/2010,3.384
1/26/2010,3.329
1/27/2010,3.2145
1/28/2010,3.09
1/29/2010,3.046
2/1/2010,3.0785
2/2/2010,3.085
2/3/2010,2.968
2/4/2010,2.8755
2/5/2010,2.854
2/8/2010,2.9095
2/9/2010,2.9835
2/10/2010,2.986
2/11/2010,3.1295
2/12/2010,3.079
2/16/2010,3.2185
2/17/2010,3.2385
2/18/2010,3.285
2/19/2010,3.357
2/22/2010,3.3065
2/23/2010,3.214
2/24/2010,3.2355
2/25/2010,3.1925
2/26/2010,3.2685
3/1/2010,3.333
3/2/2010,3.3955
3/3/2010,3.419
3/4/2010,3.3605
3/5/2010,3.4025
3/8/2010,3.3965
3/9/2010,3.398
3/10/2010,3.355
3/11/2010,3.366
3/12/2010,3.3695
3/15/2010,3.307
3/16/2010,3.357
3/17/2010,3.41
3/18/2010,3.3875
3/19/2010,3.3645
3/22/2010,3.3725
3/23/2010,3.3695
3/24/2010,3.3365
3/25/2010,3.371
3/26/2010,3.393
3/29/2010,3.5295
3/30/2010,3.555
3/31/2010,3.546
4/1/2010,3.577
4/5/2010,3.626
4/6/2010,3.6095
4/7/2010,3.592
4/8/2010,3.581
4/9/2010,3.5845
4/12/2010,3.5595
4/13/2010,3.5955
4/14/2010,3.6055
4/15/2010,3.5965
4/16/2010,3.5115
4/19/2010,3.4945
4/20/2010,3.512
4/21/2010,3.533
4/22/2010,3.4845
4/23/2010,3.5115
4/26/2010,3.527
4/27/2010,3.3635
4/28/2010,3.3675
4/29/2010,3.3335
4/30/2010,3.3375
5/3/2010,3.2785
5/4/2010,3.1645
5/5/2010,3.138
5/6/2010,3.1035
5/7/2010,3.131
5/10/2010,3.215
5/11/2010,3.194
5/12/2010,3.176
5/13/2010,3.2195
5/14/2010,3.123
5/17/2010,2.923
5/18/2010,3.0225
5/19/2010,2.95
5/20/2010,2.9355
5/21/2010,3.0515
5/24/2010,3.1365
5/25/2010,3.0335
5/26/2010,3.0715
5/27/2010,3.1515
5/28/2010,3.097
6/1/2010,3.054
6/2/2010,3.032
6/3/2010,2.9385
6/4/2010,2.8125
6/7/2010,2.795
6/8/2010,2.7725
6/9/2010,2.8425
6/10/2010,2.8555
6/11/2010,2.8995
6/14/2010,2.99
6/15/2010,3.0025
6/16/2010,2.994
6/17/2010,2.9025
6/18/2010,2.881
6/21/2010,2.939
6/22/2010,2.9905
6/23/2010,2.934
6/24/2010,3.003
6/25/2010,3.093
6/28/2010,3.0685
6/29/2010,2.9155
6/30/2010,2.936
7/1/2010,2.865
7/2/2010,2.904
7/6/2010,2.96
7/7/2010,3.0055
7/8/2010,3.007
7/9/2010,3.0445
7/12/2010,2.9995
7/13/2010,3.0095
7/14/2010,3.001
7/15/2010,3.005
7/16/2010,2.9235
7/19/2010,2.9325
7/20/2010,2.9975
7/21/2010,3.087
7/22/2010,3.1605
7/23/2010,3.185
7/26/2010,3.225
7/27/2010,3.205
7/28/2010,3.24
7/29/2010,3.2855
7/30/2010,3.307
8/2/2010,3.385
8/3/2010,3.355
8/4/2010,3.4005
8/5/2010,3.3505
8/6/2010,3.3395
8/9/2010,3.3505
8/10/2010,3.311
8/11/2010,3.2525
8/12/2010,3.2825
8/13/2010,3.2515
8/16/2010,3.277
8/17/2010,3.3375
8/18/2010,3.349
8/19/2010,3.3175
8/20/2010,3.291
8/23/2010,3.2915
8/24/2010,3.2395
8/25/2010,3.211
8/26/2010,3.3055
8/27/2010,3.364
8/30/2010,3.413
8/31/2010,3.361
9/1/2010,3.4685
9/2/2010,3.488
9/3/2010,3.4935
9/7/2010,3.4635
9/8/2010,3.4905
9/9/2010,3.4335
9/10/2010,3.397
9/13/2010,3.4715
9/14/2010,3.4595
9/15/2010,3.458
9/16/2010,3.483
9/17/2010,3.483
9/20/2010,3.496
9/21/2010,3.4745
9/22/2010,3.5585
9/23/2010,3.585
9/24/2010,3.6135
9/27/2010,3.5935
9/28/2010,3.634
9/29/2010,3.6565
9/30/2010,3.646
10/1/2010,3.6835
10/4/2010,3.6575
10/5/2010,3.719
10/6/2010,3.746
10/7/2010,3.6735
10/8/2010,3.7665
10/11/2010,3.7795
10/12/2010,3.781
10/13/2010,3.814
10/14/2010,3.809
10/15/2010,3.8345
10/18/2010,3.8505
10/19/2010,3.755
10/20/2010,3.7885
10/21/2010,3.7755
10/22/2010,3.7915
10/25/2010,3.8565
10/26/2010,3.8635
10/27/2010,3.7735
10/28/2010,3.785
10/29/2010,3.732
11/1/2010,3.7785
11/2/2010,3.8335
11/3/2010,3.7795
11/4/2010,3.9065
11/5/2010,3.944
11/8/2010,3.9525
11/9/2010,4.0395
11/10/2010,3.966
11/11/2010,4.018
11/12/2010,3.8885
11/15/2010,3.923
11/16/2010,3.724
11/17/2010,3.7285
11/18/2010,3.8305
11/19/2010,3.833
11/22/2010,3.7495
11/23/2010,3.701
11/24/2010,3.7555
11/26/2010,3.751
11/29/2010,3.758
11/30/2010,3.823
12/1/2010,3.946
12/2/2010,3.977
12/3/2010,3.995
12/6/2010,4.004
12/7/2010,4.044
12/8/2010,4.0945
12/9/2010,4.0815
12/10/2010,4.105
12/13/2010,4.1995
12/14/2010,4.2015
12/15/2010,4.1265
12/16/2010,4.1105
12/17/2010,4.153
12/20/2010,4.2005
12/21/2010,4.2705
12/22/2010,4.269
12/23/2010,4.269
12/27/2010,4.275
12/28/2010,4.324
12/29/2010,4.309
12/30/2010,4.3565
12/31/2010,4.4395
1/3/2011,4.4515
1/4/2011,4.3635
1/5/2011,4.4015
1/6/2011,4.321
1/7/2011,4.2725
1/10/2011,4.2545
1/11/2011,4.339
1/12/2011,4.402
1/13/2011,4.367
1/14/2011,4.3
1/18/2011,4.4185
1/19/2011,4.36
1/20/2011,4.2625
1/21/2011,4.3
1/24/2011,4.3415
1/25/2011,4.219
1/26/2011,4.2605
1/27/2011,4.331
1/28/2011,4.3655
1/31/2011,4.451
2/1/2011,4.54
2/2/2011,4.534
2/3/2011,4.535
2/4/2011,4.571
2/7/2011,4.5675
2/8/2011,4.568
2/9/2011,4.5195
2/10/2011,4.537
2/11/2011,4.531
2/14/2011,4.623
2/15/2011,4.5315
2/16/2011,4.466
2/17/2011,4.48
2/18/2011,4.4785
2/22/2011,4.3455
2/23/2011,4.2735
2/24/2011,4.3265
2/25/2011,4.436
2/28/2011,4.478
3/1/2011,4.4905
3/2/2011,4.48
3/3/2011,4.475
3/4/2011,4.472
3/7/2011,4.313
3/8/2011,4.325
3/9/2011,4.1995
3/10/2011,4.1845
3/11/2011,4.195
3/14/2011,4.1735
3/15/2011,4.125
3/16/2011,4.187
3/17/2011,4.336
3/18/2011,4.3295
3/21/2011,4.2755
3/22/2011,4.3035
3/23/2011,4.4185
3/24/2011,4.414
3/25/2011,4.4085
3/28/2011,4.3405
3/29/2011,4.3375
3/30/2011,4.3375
3/31/2011,4.3
4/1/2011,4.2515
4/4/2011,4.2465
4/5/2011,4.258
4/6/2011,4.3635
4/7/2011,4.409
4/8/2011,4.495
4/11/2011,4.4535
4/12/2011,4.3775
4/13/2011,4.2885
4/14/2011,4.2795
4/15/2011,4.253
4/18/2011,4.194
4/19/2011,4.225
4/20/2011,4.3365
4/21/2011,4.398
4/25/2011,4.301
4/26/2011,4.3185
4/27/2011,4.2285
4/28/2011,4.245
4/29/2011,4.1655
5/2/2011,4.1825
5/3/2011,4.24
5/4/2011,4.1205
5/5/2011,3.9855
5/6/2011,3.9635
5/9/2011,4.004
5/10/2011,4.0295
5/11/2011,3.902
5/12/2011,3.9605
5/13/2011,3.975
5/16/2011,3.983
5/17/2011,3.991
5/18/2011,4.1095
5/19/2011,4.047
5/20/2011,4.119
5/23/2011,3.99
5/24/2011,4.0125
5/25/2011,4.102
5/26/2011,4.107
5/27/2011,4.1795
5/31/2011,4.1735
6/1/2011,4.103
6/2/2011,4.0805
6/3/2011,4.13
6/6/2011,4.137
6/7/2011,4.1445
6/8/2011,4.105
6/9/2011,4.1035
6/10/2011,4.052
6/13/2011,4.0305
6/14/2011,4.154
6/15/2011,4.1215
6/16/2011,4.1175
6/17/2011,4.301
6/20/2011,4.075
6/21/2011,4.0895
6/22/2011,4.09
6/23/2011,4.041
6/24/2011,4.0985
6/27/2011,4.0515
6/28/2011,4.092
6/29/2011,4.2095
6/30/2011,4.272
7/1/2011,4.292
7/5/2011,4.339
7/6/2011,4.3265
7/7/2011,4.432
7/8/2011,4.4025
7/11/2011,4.3585
7/12/2011,4.3815
7/13/2011,4.3945
7/14/2011,4.372
7/15/2011,4.405
7/18/2011,4.396
7/19/2011,4.4605
7/20/2011,4.4285
7/21/2011,4.3775
7/22/2011,4.396
7/25/2011,4.4015
7/26/2011,4.474
7/27/2011,4.4405
7/28/2011,4.4645
7/29/2011,4.474
8/1/2011,4.404
8/2/2011,4.389
8/3/2011,4.32
8/4/2011,4.231
8/5/2011,4.113
8/8/2011,3.9575
8/9/2011,3.967
8/10/2011,3.8855
8/11/2011,4.0045
8/12/2011,4.0095
8/15/2011,4.0315
8/16/2011,3.994
8/17/2011,4.029
8/18/2011,3.9645
8/19/2011,3.9825
8/22/2011,3.956
8/23/2011,3.9945
8/24/2011,3.997
8/25/2011,4.079
8/26/2011,4.099
8/29/2011,4.099
8/30/2011,4.123
8/31/2011,4.187
9/1/2011,4.1425
9/2/2011,4.107
9/6/2011,4.0395
9/7/2011,4.1155
9/8/2011,4.128
9/9/2011,3.9875
9/12/2011,3.9505
9/13/2011,3.956
9/14/2011,3.885
9/15/2011,3.945
9/16/2011,3.92
9/19/2011,3.7715
9/20/2011,3.7165
9/21/2011,3.7535
9/22/2011,3.4805
9/23/2011,3.272
9/26/2011,3.275
9/27/2011,3.4295
9/28/2011,3.236
9/29/2011,3.237
9/30/2011,3.145
10/3/2011,3.14
10/4/2011,3.0945
10/5/2011,3.0975
10/6/2011,3.239
10/7/2011,3.2665
10/10/2011,3.362
10/11/2011,3.2875
10/12/2011,3.3905
10/13/2011,3.3025
10/14/2011,3.405
10/17/2011,3.3735
10/18/2011,3.3555
10/19/2011,3.254
10/20/2011,3.0545
10/21/2011,3.219
10/24/2011,3.447
10/25/2011,3.419
10/26/2011,3.488
10/27/2011,3.689
10/28/2011,3.702
10/31/2011,3.629
11/1/2011,3.4985
11/2/2011,3.5785
11/3/2011,3.5845
11/4/2011,3.563
11/7/2011,3.533
11/8/2011,3.532
11/9/2011,3.439
11/10/2011,3.3725
11/11/2011,3.462
11/14/2011,3.4855
11/15/2011,3.499
11/16/2011,3.482
11/17/2011,3.382
11/18/2011,3.402
11/21/2011,3.299
11/22/2011,3.3305
11/23/2011,3.2775
11/25/2011,3.268
11/28/2011,3.3585
11/29/2011,3.376
11/30/2011,3.563
12/1/2011,3.522
12/2/2011,3.5725
12/5/2011,3.604
12/6/2011,3.5655
12/7/2011,3.545
12/8/2011,3.4895
12/9/2011,3.547
12/12/2011,3.4545
12/13/2011,3.4325
12/14/2011,3.271
12/15/2011,3.2595
12/16/2011,3.324
12/19/2011,3.301
12/20/2011,3.363
12/21/2011,3.389
12/22/2011,3.409
12/23/2011,3.4635
12/27/2011,3.404
12/28/2011,3.36
12/29/2011,3.3655
12/30/2011,3.4315
1/3/2012,3.525
1/4/2012,3.4295
1/5/2012,3.4225
1/6/2012,3.431
1/9/2012,3.4125
1/10/2012,3.51
1/11/2012,3.5415
1/12/2012,3.644
1/13/2012,3.632
1/17/2012,3.726
1/18/2012,3.747
1/19/2012,3.7975
1/20/2012,3.741
1/23/2012,3.7945
1/24/2012,3.804
1/25/2012,3.825
1/26/2012,3.897
1/27/2012,3.8835
1/30/2012,3.822
1/31/2012,3.7875
2/1/2012,3.8385
2/2/2012,3.7775
2/3/2012,3.897
2/6/2012,3.859
2/7/2012,3.8725
2/8/2012,3.906
2/9/2012,3.9745
2/10/2012,3.8595
2/13/2012,3.837
2/14/2012,3.8115
2/15/2012,3.798
2/16/2012,3.788
2/17/2012,3.705
2/21/2012,3.8335
2/22/2012,3.83
2/23/2012,3.8045
2/24/2012,3.8625
2/27/2012,3.88
2/28/2012,3.912
2/29/2012,3.8705
3/1/2012,3.9245
3/2/2012,3.8955
3/5/2012,3.8525
3/6/2012,3.731
3/7/2012,3.7605
3/8/2012,3.786
3/9/2012,3.8525
3/12/2012,3.8315
3/13/2012,3.8965
3/14/2012,3.842
3/15/2012,3.892
3/16/2012,3.874
3/19/2012,3.906
3/20/2012,3.828
3/21/2012,3.8495
3/22/2012,3.7675
3/23/2012,3.8095
3/26/2012,3.8855
3/27/2012,3.879
3/28/2012,3.787
3/29/2012,3.794
3/30/2012,3.824
4/2/2012,3.9185
4/3/2012,3.9155
4/4/2012,3.7855
4/5/2012,3.7915
4/9/2012,3.716
4/10/2012,3.646
4/11/2012,3.636
4/12/2012,3.7165
4/13/2012,3.623
4/16/2012,3.624
4/17/2012,3.644
4/18/2012,3.628
4/19/2012,3.6265
4/20/2012,3.696
4/23/2012,3.623
4/24/2012,3.6715
4/25/2012,3.7005
4/26/2012,3.768
4/27/2012,3.82
4/30/2012,3.8335
5/1/2012,3.84
5/2/2012,3.7855
5/3/2012,3.7335
5/4/2012,3.724
5/7/2012,3.7775
5/8/2012,3.6855
5/9/2012,3.6695
5/10/2012,3.6915
5/11/2012,3.6485
5/14/2012,3.557
5/15/2012,3.522
5/16/2012,3.485
5/17/2012,3.4795
5/18/2012,3.4695
5/21/2012,3.504
5/22/2012,3.4875
5/23/2012,3.398
5/24/2012,3.429
5/25/2012,3.448
5/29/2012,3.4635
5/30/2012,3.3865
5/31/2012,3.3625
6/1/2012,3.31
6/4/2012,3.304
6/5/2012,3.2885
6/6/2012,3.379
6/7/2012,3.3695
6/8/2012,3.2835
6/11/2012,3.345
6/12/2012,3.334
6/13/2012,3.34
6/14/2012,3.354
6/15/2012,3.385
6/18/2012,3.396
6/19/2012,3.4325
6/20/2012,3.3865
6/21/2012,3.295
6/22/2012,3.305
6/25/2012,3.314
6/26/2012,3.3155
6/27/2012,3.3465
6/28/2012,3.326
6/29/2012,3.49
7/2/2012,3.465
7/3/2012,3.5345
7/5/2012,3.488
7/6/2012,3.4045
7/9/2012,3.426
7/10/2012,3.393
7/11/2012,3.443
7/12/2012,3.4115
7/13/2012,3.5005
7/16/2012,3.481
7/17/2012,3.453
7/18/2012,3.473
7/19/2012,3.534
7/20/2012,3.4485
7/23/2012,3.3815
7/24/2012,3.353
7/25/2012,3.375
7/26/2012,3.394
7/27/2012,3.426
7/30/2012,3.415
7/31/2012,3.4195
8/1/2012,3.3765
8/2/2012,3.2925
8/3/2012,3.371
8/6/2012,3.393
8/7/2012,3.445
8/8/2012,3.4275
8/9/2012,3.437
8/10/2012,3.409
8/13/2012,3.3585
8/14/2012,3.3595
8/15/2012,3.3515
8/16/2012,3.386
8/17/2012,3.422
8/20/2012,3.3735
8/21/2012,3.4565
8/22/2012,3.46
8/23/2012,3.496
8/24/2012,3.488
8/27/2012,3.4845
8/28/2012,3.47
8/29/2012,3.4625
8/30/2012,3.4405
8/31/2012,3.454
9/4/2012,3.4685
9/5/2012,3.532
9/6/2012,3.5235
9/7/2012,3.656
9/10/2012,3.7
9/11/2012,3.7145
9/12/2012,3.71
9/13/2012,3.727
9/14/2012,3.8515
9/17/2012,3.81
9/18/2012,3.8025
9/19/2012,3.829
9/20/2012,3.7725
9/21/2012,3.8035
9/24/2012,3.7455
9/25/2012,3.7735
9/26/2012,3.714
9/27/2012,3.748
9/28/2012,3.773
10/1/2012,3.793
10/2/2012,3.807
10/3/2012,3.794
10/4/2012,3.794
10/5/2012,3.786
10/8/2012,3.727
10/9/2012,3.729
10/10/2012,3.729
10/11/2012,3.759
10/12/2012,3.7145
10/15/2012,3.7115
10/16/2012,3.708
10/17/2012,3.7525
10/18/2012,3.747
10/19/2012,3.6485
10/22/2012,3.6255
10/23/2012,3.576
10/24/2012,3.576
10/25/2012,3.5645
10/26/2012,3.5635
10/29/2012,3.5635
10/30/2012,3.506
10/31/2012,3.527
11/1/2012,3.555
11/2/2012,3.483
11/5/2012,3.4705
11/6/2012,3.506
11/7/2012,3.443
11/8/2012,3.4705
11/9/2012,3.4495
11/12/2012,3.473
11/13/2012,3.473
11/14/2012,3.4555
11/15/2012,3.4645
11/16/2012,3.4535
11/19/2012,3.5275
11/20/2012,3.515
11/21/2012,3.496
11/23/2012,3.5275
11/26/2012,3.536
11/27/2012,3.5365
11/28/2012,3.522
11/29/2012,3.5885
11/30/2012,3.6295
12/3/2012,3.64
12/4/2012,3.6335
12/5/2012,3.667
12/6/2012,3.627
12/7/2012,3.6475
12/10/2012,3.6905
12/11/2012,3.671
12/12/2012,3.7
12/13/2012,3.6445
12/14/2012,3.665
12/17/2012,3.649
12/18/2012,3.6365
12/19/2012,3.595
12/20/2012,3.525
12/21/2012,3.5555
12/24/2012,3.534
12/26/2012,3.583
12/27/2012,3.59
12/28/2012,3.5775
12/31/2012,3.641
1/2/2013,3.7245
1/3/2013,3.7015
1/4/2013,3.6785
1/7/2013,3.663
1/8/2013,3.657
1/9/2013,3.6565
1/10/2013,3.6945
1/11/2013,3.6395
1/14/2013,3.6195
1/15/2013,3.623
1/16/2013,3.591
1/17/2013,3.647
1/18/2013,3.6635
1/22/2013,3.691
1/23/2013,3.671
1/24/2013,3.6645
1/25/2013,3.6395
1/28/2013,3.649
1/29/2013,3.6775
1/30/2013,3.74
1/31/2013,3.7235
2/1/2013,3.7755
2/4/2013,3.7585
2/5/2013,3.7615
2/6/2013,3.7335
2/7/2013,3.72
2/8/2013,3.7535
2/11/2013,3.718
2/12/2013,3.7365
2/13/2013,3.734
2/14/2013,3.73
2/15/2013,3.731
2/19/2013,3.6445
2/20/2013,3.6055
2/21/2013,3.5505
2/22/2013,3.53
2/25/2013,3.541
2/26/2013,3.5665
2/27/2013,3.545
2/28/2013,3.5275
3/1/2013,3.4815
3/4/2013,3.483
3/5/2013,3.4965
3/6/2013,3.474
3/7/2013,3.5015
3/8/2013,3.4915
3/11/2013,3.5
3/12/2013,3.538
3/13/2013,3.5095
3/14/2013,3.5235
3/15/2013,3.508
3/18/2013,3.417
3/19/2013,3.3955
3/20/2013,3.4355
3/21/2013,3.423
3/22/2013,3.454
3/25/2013,3.435
3/26/2013,3.4325
3/27/2013,3.435
3/28/2013,3.395
4/1/2013,3.3675
4/2/2013,3.372
4/3/2013,3.3255
4/4/2013,3.3455
4/5/2013,3.34
4/8/2013,3.368
4/9/2013,3.438
4/10/2013,3.414
4/11/2013,3.428
4/12/2013,3.349
4/15/2013,3.28
4/16/2013,3.3065
4/17/2013,3.188
4/18/2013,3.2045
4/19/2013,3.1515
4/22/2013,3.132
4/23/2013,3.094
4/24/2013,3.158
4/25/2013,3.238
4/26/2013,3.185
4/29/2013,3.2255
4/30/2013,3.1875
5/1/2013,3.0825
5/2/2013,3.1045
5/3/2013,3.3135
5/6/2013,3.31
5/7/2013,3.3005
5/8/2013,3.371
5/9/2013,3.3415
5/10/2013,3.356
5/13/2013,3.362
5/14/2013,3.2905
5/15/2013,3.267
5/16/2013,3.292
5/17/2013,3.321
5/20/2013,3.357
5/21/2013,3.339
5/22/2013,3.3775
5/23/2013,3.2995
5/24/2013,3.2915
5/28/2013,3.3115
5/29/2013,3.291
5/30/2013,3.3105
5/31/2013,3.289
6/3/2013,3.327
6/4/2013,3.365
6/5/2013,3.367
6/6/2013,3.316
6/7/2013,3.266
6/10/2013,3.239
6/11/2013,3.193
6/12/2013,3.225
6/13/2013,3.185
6/14/2013,3.2045
6/17/2013,3.202
6/18/2013,3.157
6/19/2013,3.1435
6/20/2013,3.0615
6/21/2013,3.0965
6/24/2013,3.026
6/25/2013,3.071
6/26/2013,3.041
6/27/2013,3.0525
6/28/2013,3.0505
7/1/2013,3.155
7/2/2013,3.142
7/3/2013,3.142
7/5/2013,3.08
7/8/2013,3.1115
7/9/2013,3.076
7/10/2013,3.101
7/11/2013,3.1835
7/12/2013,3.1705
7/15/2013,3.161
7/16/2013,3.1995
7/17/2013,3.1405
7/18/2013,3.1425
7/19/2013,3.15
7/22/2013,3.1895
7/23/2013,3.198
7/24/2013,3.1815
7/25/2013,3.1885
7/26/2013,3.109
7/29/2013,3.1165
7/30/2013,3.041
7/31/2013,3.1185
8/1/2013,3.164
8/2/2013,3.1695
8/5/2013,3.167
8/6/2013,3.172
8/7/2013,3.1775
8/8/2013,3.2705
8/9/2013,3.3085
8/12/2013,3.3065
8/13/2013,3.3185
8/14/2013,3.3405
8/15/2013,3.338
8/16/2013,3.3645
8/19/2013,3.3365
8/20/2013,3.3395
8/21/2013,3.3115
8/22/2013,3.333
8/23/2013,3.352
8/26/2013,3.322
8/27/2013,3.3325
8/28/2013,3.307
8/29/2013,3.244
8/30/2013,3.225
9/3/2013,3.2965
9/4/2013,3.2365
9/5/2013,3.241
9/6/2013,3.258
9/9/2013,3.2755
9/10/2013,3.2615
9/11/2013,3.2565
9/12/2013,3.2125
9/13/2013,3.207
9/16/2013,3.227
9/17/2013,3.228
9/18/2013,3.2835
9/19/2013,3.35
9/20/2013,3.3275
9/23/2013,3.308
9/24/2013,3.2655
9/25/2013,3.2805
9/26/2013,3.304
9/27/2013,3.3255
9/30/2013,3.321
10/1/2013,3.272
10/2/2013,3.3115
10/3/2013,3.262
10/4/2013,3.2935
10/7/2013,3.2895
10/8/2013,3.282
10/9/2013,3.2215
10/10/2013,3.241
10/11/2013,3.265
10/14/2013,3.3
10/15/2013,3.304
10/16/2013,3.3005
10/17/2013,3.289
10/18/2013,3.293
10/21/2013,3.296
10/22/2013,3.3285
10/23/2013,3.2665
10/24/2013,3.261
10/25/2013,3.2655
10/28/2013,3.261
10/29/2013,3.2755
10/30/2013,3.3205
10/31/2013,3.2945
11/1/2013,3.2935
11/4/2013,3.2475
11/5/2013,3.2525
11/6/2013,3.235
11/7/2013,3.249
11/8/2013,3.253
11/11/2013,3.262
11/12/2013,3.2365
11/13/2013,3.164
11/14/2013,3.161
11/15/2013,3.173
11/18/2013,3.1535
11/19/2013,3.162
11/20/2013,3.1615
11/21/2013,3.1975
11/22/2013,3.2265
11/25/2013,3.239
11/26/2013,3.229
11/27/2013,3.2005
11/29/2013,3.2305
12/2/2013,3.2175
12/3/2013,3.201
12/4/2013,3.2715
12/5/2013,3.2615
12/6/2013,3.2695
12/9/2013,3.2955
12/10/2013,3.3015
12/11/2013,3.3315
12/12/2013,3.332
12/13/2013,3.352
12/16/2013,3.376
12/17/2013,3.367
12/18/2013,3.361
12/19/2013,3.3405
12/20/2013,3.348
12/23/2013,3.3505
12/24/2013,3.4175
12/26/2013,3.4495
12/27/2013,3.47
12/30/2013,3.4205
12/31/2013,3.4415
1/2/2014,3.4315
1/3/2014,3.406
1/6/2014,3.412
1/7/2014,3.411
1/8/2014,3.3935
1/9/2014,3.354
1/10/2014,3.387
1/13/2014,3.4
1/14/2014,3.388
1/15/2014,3.4065
1/16/2014,3.391
1/17/2014,3.3785
1/21/2014,3.3915
1/22/2014,3.375
1/23/2014,3.3225
1/24/2014,3.304
1/27/2014,3.294
1/28/2014,3.2855
1/29/2014,3.268
1/30/2014,3.238
1/31/2014,3.2205
2/3/2014,3.1995
2/4/2014,3.217
2/5/2014,3.2145
2/6/2014,3.259
2/7/2014,3.271
2/10/2014,3.272
2/11/2014,3.27
2/12/2014,3.3155
2/13/2014,3.307
2/14/2014,3.3205
2/18/2014,3.3405
2/19/2014,3.3355
2/20/2014,3.324
2/21/2014,3.336
2/24/2014,3.359
2/25/2014,3.338
2/26/2014,3.2695
2/27/2014,3.2365
2/28/2014,3.2385
3/3/2014,3.2205
3/4/2014,3.2615
3/5/2014,3.253
3/6/2014,3.2755
3/7/2014,3.1565
3/10/2014,3.1105
3/11/2014,3.031
3/12/2014,3.026
3/13/2014,2.9905
3/14/2014,3.013
3/17/2014,3.002
3/18/2014,2.9945
3/19/2014,3.028
3/20/2014,2.976
3/21/2014,2.994
3/24/2014,2.9895
3/25/2014,3.0455
3/26/2014,3.0105
3/27/2014,3.0365
3/28/2014,3.059
3/31/2014,3.0465
4/1/2014,3.055
4/2/2014,3.065
4/3/2014,3.047
4/4/2014,3.043
4/7/2014,3.0635
4/8/2014,3.0765
4/9/2014,3.066
4/10/2014,3.068
4/11/2014,3.066
4/14/2014,3.067
4/15/2014,3.0165
4/16/2014,3.0505
4/17/2014,3.0695
4/21/2014,3.068
4/22/2014,3.0785
4/23/2014,3.082
4/24/2014,3.1365
4/25/2014,3.127
4/28/2014,3.1085
4/29/2014,3.0725
4/30/2014,3.0295
5/1/2014,3.029
5/2/2014,3.0815
5/5/2014,3.071
5/6/2014,3.075
5/7/2014,3.0505
5/8/2014,3.0825
5/9/2014,3.1005
5/12/2014,3.1665
5/13/2014,3.1495
5/14/2014,3.174
5/15/2014,3.162
5/16/2014,3.161
5/19/2014,3.1795
5/20/2014,3.156
5/21/2014,3.1305
5/22/2014,3.152
5/23/2014,3.18
5/27/2014,3.1935
5/28/2014,3.1885
5/29/2014,3.1535
5/30/2014,3.136
6/2/2014,3.179
6/3/2014,3.1455
6/4/2014,3.0935
6/5/2014,3.091
6/6/2014,3.053
6/9/2014,3.0455
6/10/2014,3.055
6/11/2014,3.042
6/12/2014,3.017
6/13/2014,3.0305
6/16/2014,3.047
6/17/2014,3.0575
6/18/2014,3.0555
6/19/2014,3.075
6/20/2014,3.1175
6/23/2014,3.1455
6/24/2014,3.1465
6/25/2014,3.1605
6/26/2014,3.161
6/27/2014,3.149
6/30/2014,3.188
7/1/2014,3.191
7/2/2014,3.2525
7/3/2014,3.265
7/7/2014,3.2485
7/8/2014,3.243
7/9/2014,3.2365
7/10/2014,3.256
7/11/2014,3.2585
7/14/2014,3.2585
7/15/2014,3.2385
7/16/2014,3.205
7/17/2014,3.209
7/18/2014,3.174
7/21/2014,3.1865
7/22/2014,3.1955
7/23/2014,3.195
7/24/2014,3.254
7/25/2014,3.227
7/28/2014,3.231
7/29/2014,3.2095
7/30/2014,3.2325
7/31/2014,3.223
8/1/2014,3.2065
8/4/2014,3.2365
8/5/2014,3.199
8/6/2014,3.1625
8/7/2014,3.1705
8/8/2014,3.166
8/11/2014,3.167
8/12/2014,3.149
8/13/2014,3.106
8/14/2014,3.0855
8/15/2014,3.097
8/18/2014,3.103
8/19/2014,3.0855
8/20/2014,3.174
8/21/2014,3.172
8/22/2014,3.199
8/25/2014,3.2135
8/26/2014,3.182
8/27/2014,3.1745
8/28/2014,3.1265
8/29/2014,3.135
9/2/2014,3.1345
9/3/2014,3.1115
9/4/2014,3.1385
9/5/2014,3.158
9/8/2014,3.1575
9/9/2014,3.0945
9/10/2014,3.1045
9/11/2014,3.087
9/12/2014,3.102
9/15/2014,3.081
9/16/2014,3.16
9/17/2014,3.1415
9/18/2014,3.0925
9/19/2014,3.0885
9/22/2014,3.038
9/23/2014,3.0345
9/24/2014,3.0595
9/25/2014,3.06
9/26/2014,3.029
9/29/2014,3.053
9/30/2014,3.0055
10/1/2014,3.0335
10/2/2014,2.9965
10/3/2014,2.9945
10/6/2014,3.0305
10/7/2014,3.0345
10/8/2014,3
10/9/2014,3.028
10/10/2014,3.032
10/13/2014,3.0365
10/14/2014,3.085
10/15/2014,3.0045
10/16/2014,2.9785
10/17/2014,3.001
10/20/2014,2.9905
10/21/2014,3.031
10/22/2014,3.0225
10/23/2014,3.05
10/24/2014,3.051
10/27/2014,3.078
10/28/2014,3.1085
10/29/2014,3.112
10/30/2014,3.072
10/31/2014,3.061
11/3/2014,3.0795
11/4/2014,3.0335
11/5/2014,3.0225
11/6/2014,3.0305
11/7/2014,3.0525
11/10/2014,3.0275
11/11/2014,3.0415
11/12/2014,3.0345
11/13/2014,2.9995
11/14/2014,3.058
11/17/2014,3.0495
11/18/2014,3.011
11/19/2014,3.047
11/20/2014,3.0275
11/21/2014,3.035
11/24/2014,3.004
11/25/2014,2.961
11/26/2014,2.96
11/28/2014,2.86
12/1/2014,2.9305
12/2/2014,2.9135
12/3/2014,2.893
12/4/2014,2.9325
12/5/2014,2.9255
12/8/2014,2.9105
12/9/2014,2.9465
12/10/2014,2.914
12/11/2014,2.941
12/12/2014,2.9465
12/15/2014,2.898
12/16/2014,2.8775
12/17/2014,2.8875
12/18/2014,2.8725
12/19/2014,2.908
12/22/2014,2.9035
12/23/2014,2.902
12/24/2014,2.8745
12/26/2014,2.8355
12/29/2014,2.838
12/30/2014,2.869
12/31/2014,2.8385
1/2/2015,2.8385
1/5/2015,2.793
1/6/2015,2.804
1/7/2015,2.796
1/8/2015,2.807
1/9/2015,2.7905
1/12/2015,2.763
1/13/2015,2.679
1/14/2015,2.553
1/15/2015,2.611
1/16/2015,2.654
1/20/2015,2.6155
1/21/2015,2.615
1/22/2015,2.6005
1/23/2015,2.5375
1/26/2015,2.5735
1/27/2015,2.5135
1/28/2015,2.5215
1/29/2015,2.4705
1/30/2015,2.528
2/2/2015,2.511
2/3/2015,2.6
2/4/2015,2.612
2/5/2015,2.612
2/6/2015,2.603
2/9/2015,2.599
2/10/2015,2.5625
2/11/2015,2.5525
2/12/2015,2.609
2/13/2015,2.6135
2/17/2015,2.5945
2/18/2015,2.6395
2/19/2015,2.6415
2/20/2015,2.6105
2/23/2015,2.6395
2/24/2015,2.7115
2/25/2015,2.7075
2/26/2015,2.714
2/27/2015,2.716
3/2/2015,2.711
3/3/2015,2.6735
3/4/2015,2.677
3/5/2015,2.672
3/6/2015,2.629
3/9/2015,2.687
3/10/2015,2.635
3/11/2015,2.6225
3/12/2015,2.6745
3/13/2015,2.6785
3/16/2015,2.6775
3/17/2015,2.6415
3/18/2015,2.587
3/19/2015,2.6745
3/20/2015,2.775
3/23/2015,2.808
3/24/2015,2.815
3/25/2015,2.805
3/26/2015,2.8215
3/27/2015,2.775
3/30/2015,2.7875
3/31/2015,2.747
4/1/2015,2.7565
4/2/2015,2.748
4/6/2015,2.732
4/7/2015,2.777
4/8/2015,2.7485
4/9/2015,2.745
4/10/2015,2.7505
4/13/2015,2.737
4/14/2015,2.7195
4/15/2015,2.7295
4/16/2015,2.7855
4/17/2015,2.7835
4/20/2015,2.7355
4/21/2015,2.705
4/22/2015,2.6695
4/23/2015,2.698
4/24/2015,2.752
4/27/2015,2.774
4/28/2015,2.78
4/29/2015,2.795
4/30/2015,2.8865
5/1/2015,2.9315
5/4/2015,2.924
5/5/2015,2.94
5/6/2015,2.9325
5/7/2015,2.926
5/8/2015,2.931
5/11/2015,2.9175
5/12/2015,2.9505
5/13/2015,2.95
5/14/2015,2.946
5/15/2015,2.949
5/18/2015,2.93
5/19/2015,2.8615
5/20/2015,2.8515
5/21/2015,2.871
5/22/2015,2.8335
5/26/2015,2.8535
5/27/2015,2.7685
5/28/2015,2.7675
5/29/2015,2.728
6/1/2015,2.72
6/2/2015,2.736
6/3/2015,2.7265
6/4/2015,2.687
6/5/2015,2.6925
6/8/2015,2.6965
6/9/2015,2.714
6/10/2015,2.747
6/11/2015,2.675
6/12/2015,2.683
6/15/2015,2.65
6/16/2015,2.6205
6/17/2015,2.6085
6/18/2015,2.6115
6/19/2015,2.575
6/22/2015,2.571
6/23/2015,2.615
6/24/2015,2.624
6/25/2015,2.6195
6/26/2015,2.6355
6/29/2015,2.6335
6/30/2015,2.615
7/1/2015,2.6305
7/2/2015,2.631
7/6/2015,2.538
7/7/2015,2.4465
7/8/2015,2.497
7/9/2015,2.5515
7/10/2015,2.5375
7/13/2015,2.5445
7/14/2015,2.535
7/15/2015,2.5215
7/16/2015,2.523
7/17/2015,2.496
7/20/2015,2.4815
7/21/2015,2.4745
7/22/2015,2.428
7/23/2015,2.3855
7/24/2015,2.3825
7/27/2015,2.3535
7/28/2015,2.4025
7/29/2015,2.4075
7/30/2015,2.377
7/31/2015,2.3635
8/3/2015,2.346
8/4/2015,2.362
8/5/2015,2.3485
8/6/2015,2.341
8/7/2015,2.3325
8/10/2015,2.4
8/11/2015,2.3315
8/12/2015,2.35
8/13/2015,2.353
8/14/2015,2.353
8/17/2015,2.3215
8/18/2015,2.286
8/19/2015,2.2775
8/20/2015,2.3175
8/21/2015,2.2985
8/24/2015,2.248
8/25/2015,2.3005
8/26/2015,2.235
8/27/2015,2.3285
8/28/2015,2.346
8/31/2015,2.3375
9/1/2015,2.3015
9/2/2015,2.3295
9/3/2015,2.3845
9/4/2015,2.312
9/8/2015,2.434
9/9/2015,2.4365
9/10/2015,2.447
9/11/2015,2.4535
9/14/2015,2.4055
9/15/2015,2.4265
9/16/2015,2.452
9/17/2015,2.452
9/18/2015,2.386
9/21/2015,2.3885
9/22/2015,2.2975
9/23/2015,2.2955
9/24/2015,2.3025
9/25/2015,2.2835
9/28/2015,2.2515
9/29/2015,2.2515
9/30/2015,2.341
10/1/2015,2.3045
10/2/2015,2.3255
10/5/2015,2.3555
10/6/2015,2.355
10/7/2015,2.367
10/8/2015,2.343
10/9/2015,2.414
10/12/2015,2.4155
10/13/2015,2.3875
10/14/2015,2.4155
10/15/2015,2.423
10/16/2015,2.4035
10/19/2015,2.3675
10/20/2015,2.3655
10/21/2015,2.3605
10/22/2015,2.3835
10/23/2015,2.35
10/26/2015,2.357
10/27/2015,2.362
10/28/2015,2.3625
10/29/2015,2.321
10/30/2015,2.3175
11/2/2015,2.319
11/3/2015,2.3305
11/4/2015,2.3225
11/5/2015,2.255
11/6/2015,2.242
11/9/2015,2.23
11/10/2015,2.2175
11/11/2015,2.218
11/12/2015,2.1725
11/13/2015,2.176
11/16/2015,2.1255
11/17/2015,2.1115
11/18/2015,2.083
11/19/2015,2.083
11/20/2015,2.0595
11/23/2015,2.0215
11/24/2015,2.069
11/25/2015,2.049
11/27/2015,2.0575
11/30/2015,2.0485
12/1/2015,2.0715
12/2/2015,2.033
12/3/2015,2.061
12/4/2015,2.079
12/7/2015,2.051
12/8/2015,2.054
12/9/2015,2.066
12/10/2015,2.0725
12/11/2015,2.1165
12/14/2015,2.1115
12/15/2015,2.0565
12/16/2015,2.0715
12/17/2015,2.0435
12/18/2015,2.1125
12/21/2015,2.14
12/22/2015,2.109
12/23/2015,2.1245
12/24/2015,2.124
12/28/2015,2.079
12/29/2015,2.1365
12/30/2015,2.1465
12/31/2015,2.135
1/4/2016,2.0795
1/5/2016,2.0955
1/6/2016,2.088
1/7/2016,2.022
1/8/2016,2.022
1/11/2016,1.9725
1/12/2016,1.959
1/13/2016,1.956
1/14/2016,1.976
1/15/2016,1.9435
1/19/2016,1.9775
1/20/2016,1.9595
1/21/2016,1.9965
1/22/2016,2.0025
1/25/2016,1.998
1/26/2016,2.0375
1/27/2016,2.064
1/28/2016,2.0515
1/29/2016,2.067
2/1/2016,2.0555
2/2/2016,2.055
2/3/2016,2.095
2/4/2016,2.1315
2/5/2016,2.103
2/8/2016,2.0905
2/9/2016,2.0395
2/10/2016,2.027
2/11/2016,2.0065
2/12/2016,2.0315
2/16/2016,2.0565
2/17/2016,2.079
2/18/2016,2.0765
2/19/2016,2.0805
2/22/2016,2.119
2/23/2016,2.109
2/24/2016,2.101
2/25/2016,2.073
2/26/2016,2.125
2/29/2016,2.1325
3/1/2016,2.1455
3/2/2016,2.181
3/3/2016,2.2085
3/4/2016,2.2745
3/7/2016,2.2835
3/8/2016,2.222
3/9/2016,2.2325
3/10/2016,2.22
3/11/2016,2.241
3/14/2016,2.2395
3/15/2016,2.2335
3/16/2016,2.234
3/17/2016,2.2925
3/18/2016,2.2825
3/21/2016,2.2925
3/22/2016,2.2895
3/23/2016,2.2355
3/24/2016,2.229
3/28/2016,2.246
3/29/2016,2.214
3/30/2016,2.19
3/31/2016,2.183
4/1/2016,2.163
4/4/2016,2.1405
4/5/2016,2.138
4/6/2016,2.1435
4/7/2016,2.0765
4/8/2016,2.087
4/11/2016,2.0905
4/12/2016,2.147
4/13/2016,2.168
4/14/2016,2.1795
4/15/2016,2.162
4/18/2016,2.173
4/19/2016,2.2315
4/20/2016,2.2455
4/21/2016,2.256
4/22/2016,2.2685
4/25/2016,2.256
4/26/2016,2.2465
4/27/2016,2.2245
4/28/2016,2.2315
4/29/2016,2.2835
5/2/2016,2.2665
5/3/2016,2.219
5/4/2016,2.1865
5/5/2016,2.154
5/6/2016,2.154
5/9/2016,2.1065
5/10/2016,2.0925
5/11/2016,2.1035
5/12/2016,2.0745
5/13/2016,2.074
5/16/2016,2.089
5/17/2016,2.089
5/18/2016,2.0785
5/19/2016,2.061
5/20/2016,2.0555
5/23/2016,2.055
5/24/2016,2.0665
5/25/2016,2.1015
5/26/2016,2.1025
5/27/2016,2.114
5/30/2016,2.0965
5/31/2016,2.0955
6/1/2016,2.073
6/2/2016,2.07
6/3/2016,2.113
6/6/2016,2.1175
6/7/2016,2.051
6/8/2016,2.0615
6/9/2016,2.039
6/10/2016,2.0305
6/13/2016,2.0535
6/14/2016,2.0405
6/15/2016,2.091
6/16/2016,2.048
6/17/2016,2.051
6/20/2016,2.097
6/21/2016,2.118
6/22/2016,2.136
6/23/2016,2.1655
6/24/2016,2.116
6/27/2016,2.1255
6/28/2016,2.1755
6/29/2016,2.186
6/30/2016,2.1955
7/1/2016,2.217
7/4/2016,2.2205
7/5/2016,2.1835
7/6/2016,2.1535
7/7/2016,2.1235
7/8/2016,2.119
7/11/2016,2.1475
7/12/2016,2.213
7/13/2016,2.24
7/14/2016,2.243
7/15/2016,2.2335
7/18/2016,2.237
7/19/2016,2.263
7/20/2016,2.254
7/21/2016,2.2585
7/22/2016,2.2355
7/25/2016,2.217
7/26/2016,2.2255
7/27/2016,2.185
7/28/2016,2.209
7/29/2016,2.2215
8/1/2016,2.1995
8/2/2016,2.209
8/3/2016,2.1985
8/4/2016,2.174
8/5/2016,2.154
8/8/2016,2.165
8/9/2016,2.15
8/10/2016,2.181
8/11/2016,2.2
8/12/2016,2.1515
8/15/2016,2.162
8/16/2016,2.182
8/17/2016,2.1635
8/18/2016,2.1785
8/19/2016,2.1775
8/22/2016,2.152
8/23/2016,2.126
8/24/2016,2.085
8/25/2016,2.083
8/26/2016,2.0845
8/29/2016,2.079
8/30/2016,2.0765
8/31/2016,2.0775
9/1/2016,2.0755
9/2/2016,2.078
9/5/2016,2.0825
9/6/2016,2.089
9/7/2016,2.0975
9/8/2016,2.1
9/9/2016,2.0925
9/12/2016,2.1
9/13/2016,2.1015
9/14/2016,2.155
9/15/2016,2.1595
9/16/2016,2.16
9/19/2016,2.1565
9/20/2016,2.165
9/21/2016,2.155
9/22/2016,2.1945
9/23/2016,2.201
9/26/2016,2.1985
9/27/2016,2.171
9/28/2016,2.1875
9/29/2016,2.19
9/30/2016,2.2105
10/3/2016,2.192
10/4/2016,2.167
10/5/2016,2.1645
10/6/2016,2.1555
10/7/2016,2.1635
10/10/2016,2.1975
10/11/2016,2.1855
10/12/2016,2.1765
10/13/2016,2.122
10/14/2016,2.1105
10/17/2016,2.107
10/18/2016,2.1055
10/19/2016,2.1035
10/20/2016,2.096
10/21/2016,2.0885
10/24/2016,2.093
10/25/2016,2.1385
10/26/2016,2.1455
10/27/2016,2.1635
10/28/2016,2.1935
10/31/2016,2.205
11/1/2016,2.229
11/2/2016,2.2305
11/3/2016,2.249
11/4/2016,2.265
11/7/2016,2.3095
11/8/2016,2.38
11/9/2016,2.4595
11/10/2016,2.551
11/11/2016,2.509
11/14/2016,2.521
11/15/2016,2.5145
11/16/2016,2.479
11/17/2016,2.502
11/18/2016,2.478
11/21/2016,2.5275
11/22/2016,2.556
11/23/2016,2.6175
11/24/2016,2.6705
11/25/2016,2.6815
11/28/2016,2.6705
11/29/2016,2.61
11/30/2016,2.633
12/1/2016,2.643
12/2/2016,2.625
12/5/2016,2.698
12/6/2016,2.68
12/7/2016,2.644
12/8/2016,2.626
12/9/2016,2.6475
12/12/2016,2.619
12/13/2016,2.5985
12/14/2016,2.6045
12/15/2016,2.6005
12/16/2016,2.5645
12/19/2016,2.4995
12/20/2016,2.5025
12/21/2016,2.497
12/22/2016,2.4995
12/23/2016,2.479
12/27/2016,2.5155
12/28/2016,2.5005
12/29/2016,2.488
12/30/2016,2.5055
1/3/2017,2.489
1/4/2017,2.5565
1/5/2017,2.5375
1/6/2017,2.546
1/9/2017,2.5385
1/10/2017,2.6125
1/11/2017,2.6105
1/12/2017,2.6715
1/13/2017,2.69
1/16/2017,2.6595
1/17/2017,2.625
1/18/2017,2.6165
1/19/2017,2.6105
1/20/2017,2.625
1/23/2017,2.6475
1/24/2017,2.7085
1/25/2017,2.71
1/26/2017,2.673
1/27/2017,2.6895
1/30/2017,2.655
1/31/2017,2.7275
2/1/2017,2.7115
2/2/2017,2.6855
2/3/2017,2.616
2/6/2017,2.6515
2/7/2017,2.632
2/8/2017,2.6665
2/9/2017,2.6535
2/10/2017,2.768
2/13/2017,2.783
2/14/2017,2.755
2/15/2017,2.7615
2/16/2017,2.7355
2/17/2017,2.72
2/20/2017,2.765
2/21/2017,2.7575
2/22/2017,2.746
2/23/2017,2.659
2/24/2017,2.696
2/27/2017,2.698
2/28/2017,2.714
3/1/2017,2.736
3/2/2017,2.6905
3/3/2017,2.6965
3/6/2017,2.652
3/7/2017,2.6185
3/8/2017,2.6005
3/9/2017,2.58
3/10/2017,2.595
3/13/2017,2.6255
3/14/2017,2.635
3/15/2017,2.6565
3/16/2017,2.6775
3/17/2017,2.6915
3/20/2017,2.667
3/21/2017,2.6185
3/22/2017,2.6305
3/23/2017,2.6445
3/24/2017,2.631
3/27/2017,2.632
3/28/2017,2.676
3/29/2017,2.6775
3/30/2017,2.6715
3/31/2017,2.6525
4/3/2017,2.6035
4/4/2017,2.612
4/5/2017,2.68
4/6/2017,2.658
4/7/2017,2.647
4/10/2017,2.604
4/11/2017,2.608
4/12/2017,2.545
4/13/2017,2.586
4/17/2017,2.61
4/18/2017,2.5405
4/19/2017,2.549
4/20/2017,2.557
4/21/2017,2.551
4/24/2017,2.565
4/25/2017,2.591
4/26/2017,2.6005
4/27/2017,2.593
4/28/2017,2.6075
5/1/2017,2.6605
5/2/2017,2.6355
5/3/2017,2.5435
5/4/2017,2.5115
5/5/2017,2.5285
5/8/2017,2.4935
5/9/2017,2.498
5/10/2017,2.4945
5/11/2017,2.508
5/12/2017,2.524
5/15/2017,2.539
5/16/2017,2.5505
5/17/2017,2.5465
5/18/2017,2.5315
5/19/2017,2.5815
5/22/2017,2.5955
5/23/2017,2.596
5/24/2017,2.5835
5/25/2017,2.5975
5/26/2017,2.566
5/29/2017,2.57
5/30/2017,2.564
5/31/2017,2.58
6/1/2017,2.5875
6/2/2017,2.5745
6/5/2017,2.5575
6/6/2017,2.547
6/7/2017,2.5515
6/8/2017,2.6095
6/9/2017,2.6495
6/12/2017,2.6155
6/13/2017,2.5965
6/14/2017,2.5735
6/15/2017,2.5805
6/16/2017,2.579
6/19/2017,2.606
6/20/2017,2.572
6/21/2017,2.615
6/22/2017,2.61
6/23/2017,2.6345
6/26/2017,2.6385
6/27/2017,2.6615
6/28/2017,2.676
6/29/2017,2.6955
6/30/2017,2.711
7/3/2017,2.693
7/4/2017,2.6825
7/5/2017,2.66
7/6/2017,2.6615
7/7/2017,2.647
7/10/2017,2.6475
7/11/2017,2.672
7/12/2017,2.684
7/13/2017,2.6615
7/14/2017,2.691
7/17/2017,2.724
7/18/2017,2.7305
7/19/2017,2.7105
7/20/2017,2.716
7/21/2017,2.7225
7/24/2017,2.7365
7/25/2017,2.8465
7/26/2017,2.872
7/27/2017,2.8775
7/28/2017,2.875
7/31/2017,2.8915
8/1/2017,2.881
8/2/2017,2.8845
8/3/2017,2.878
8/4/2017,2.885
8/7/2017,2.907
8/8/2017,2.9425
8/9/2017,2.927
8/10/2017,2.903
8/11/2017,2.912
8/14/2017,2.9045
8/15/2017,2.883
8/16/2017,2.976
8/17/2017,2.961
8/18/2017,2.9615
8/21/2017,3.0015
8/22/2017,3.0075
8/23/2017,3.003
8/24/2017,3.0565
8/25/2017,3.0565
8/28/2017,3.086
8/29/2017,3.1045
8/30/2017,3.087
8/31/2017,3.0985
9/1/2017,3.118
9/4/2017,3.155
9/5/2017,3.128
9/6/2017,3.1515
9/7/2017,3.1435
9/8/2017,3.0415
9/11/2017,3.066
9/12/2017,3.036
9/13/2017,2.981
9/14/2017,2.9575
9/15/2017,2.949
9/18/2017,2.969
9/19/2017,2.9695
9/20/2017,2.969
9/21/2017,2.9345
9/22/2017,2.9445
9/25/2017,2.9375
9/26/2017,2.919
9/27/2017,2.9295
9/28/2017,2.981
9/29/2017,2.955
10/2/2017,2.9555
10/3/2017,2.9635
10/4/2017,2.959
10/5/2017,3.0465
10/6/2017,3.029
10/9/2017,3.031
10/10/2017,3.0605
10/11/2017,3.0955
10/12/2017,3.12
10/13/2017,3.1335
10/16/2017,3.239
10/17/2017,3.1955
10/18/2017,3.178
10/19/2017,3.1675
10/20/2017,3.1655
10/23/2017,3.188
10/24/2017,3.198
10/25/2017,3.183
10/26/2017,3.1775
10/27/2017,3.1035
10/30/2017,3.112
10/31/2017,3.101
11/1/2017,3.1425
11/2/2017,3.1435
11/3/2017,3.1175
11/6/2017,3.1575
11/7/2017,3.089
11/8/2017,3.0995
11/9/2017,3.086
11/10/2017,3.076
11/13/2017,3.1165
11/14/2017,3.065
11/15/2017,3.0545
11/16/2017,3.048
11/17/2017,3.067
11/20/2017,3.093
11/21/2017,3.1285
11/22/2017,3.137
11/23/2017,3.1685
11/24/2017,3.169
11/27/2017,3.136
11/28/2017,3.0755
11/29/2017,3.0463
11/30/2017,3.0442
12/1/2017,3.0745
12/4/2017,3.072
12/5/2017,2.9285
12/6/2017,2.9445
12/7/2017,2.9475
12/8/2017,2.9615
12/11/2017,2.9945
12/12/2017,3.006
12/13/2017,3.0355
12/14/2017,3.0545
12/15/2017,3.116
12/18/2017,3.128
12/19/2017,3.1335
12/20/2017,3.1775
12/21/2017,3.1995
12/22/2017,3.2195
12/26/2017,3.2649
12/27/2017,3.2711
12/28/2017,3.2995
12/29/2017,3.2963
1/2/2018,3.278
1/3/2018,3.2575
1/4/2018,3.263
1/5/2018,3.2295
1/8/2018,3.224
1/9/2018,3.216
1/10/2018,3.2355
1/11/2018,3.233
1/12/2018,3.2185
1/15/2018,3.274
1/16/2018,3.2195
1/17/2018,3.189
1/18/2018,3.199
1/19/2018,3.1875
1/22/2018,3.1985
1/23/2018,3.111
1/24/2018,3.2285
1/25/2018,3.2165
1/26/2018,3.199
1/29/2018,3.194
1/30/2018,3.189
1/31/2018,3.1955
2/1/2018,3.209
2/2/2018,3.1875
2/5/2018,3.221
2/6/2018,3.189
2/7/2018,3.0875
2/8/2018,3.082
2/9/2018,3.0335
2/12/2018,3.0865
2/13/2018,3.1625
2/14/2018,3.236
2/15/2018,3.2455
2/16/2018,3.2485
2/19/2018,3.2335
2/20/2018,3.1905
2/21/2018,3.216
2/22/2018,3.2415
2/23/2018,3.2166
2/26/2018,3.2083
2/27/2018,3.1749
2/28/2018,3.1275
3/1/2018,3.123
3/2/2018,3.1245
3/5/2018,3.128
3/6/2018,3.159
3/7/2018,3.136
3/8/2018,3.079
3/9/2018,3.136
3/12/2018,3.124
3/13/2018,3.138
3/14/2018,3.1585
3/15/2018,3.1275
3/16/2018,3.1075
3/19/2018,3.082
3/20/2018,3.038
3/21/2018,3.0585
3/22/2018,3.02
3/23/2018,2.993
3/26/2018,2.97
3/27/2018,3.0005
3/28/2018,3.002
3/29/2018,3.0255
4/2/2018,3.05
4/3/2018,3.0635
4/4/2018,3.0105
4/5/2018,3.0745
4/6/2018,3.0585
4/9/2018,3.077
4/10/2018,3.137
4/11/2018,3.117
4/12/2018,3.0635
4/13/2018,3.071
4/16/2018,3.0955
4/17/2018,3.0795
4/18/2018,3.1585
4/19/2018,3.132
4/20/2018,3.135
4/23/2018,3.1105
4/24/2018,3.142
4/25/2018,3.1391
4/26/2018,3.1236
4/27/2018,3.0601
4/30/2018,3.0697
5/1/2018,3.0375
5/2/2018,3.0685
5/3/2018,3.0805
5/4/2018,3.0855
5/7/2018,3.079
5/8/2018,3.059
5/9/2018,3.0575
5/10/2018,3.11
5/11/2018,3.1115
5/14/2018,3.093
5/15/2018,3.056
5/16/2018,3.0705
5/17/2018,3.089
5/18/2018,3.0635
5/21/2018,3.0985
5/22/2018,3.132
5/23/2018,3.0705
5/24/2018,3.096
5/25/2018,3.0775
5/29/2018,3.0625
5/30/2018,3.069
5/31/2018,3.065
6/1/2018,3.0985
6/4/2018,3.1345
6/5/2018,3.1985
6/6/2018,3.262
6/7/2018,3.275
6/8/2018,3.3
6/11/2018,3.257
6/12/2018,3.2495
6/13/2018,3.254
6/14/2018,3.222
6/15/2018,3.1445
6/18/2018,3.1065
6/19/2018,3.047
6/20/2018,3.0405
6/21/2018,3.0215
6/22/2018,3.027
6/25/2018,2.987
6/26/2018,2.9967
6/27/2018,2.9937
6/28/2018,2.9643
6/29/2018,2.963
7/2/2018,2.944
7/3/2018,2.917
7/5/2018,2.826
7/6/2018,2.824
7/9/2018,2.85
7/10/2018,2.8395
7/11/2018,2.7435
7/12/2018,2.777
7/13/2018,2.7755
7/16/2018,2.7645
7/17/2018,2.747
7/18/2018,2.76
7/19/2018,2.6955
7/20/2018,2.756
7/23/2018,2.7465
7/24/2018,2.8105
7/25/2018,2.8175
7/26/2018,2.818
7/27/2018,2.802
7/30/2018,2.792
7/31/2018,2.8315
8/1/2018,2.7475
8/2/2018,2.7375
8/3/2018,2.7635
8/6/2018,2.7315
8/7/2018,2.752
8/8/2018,2.751
8/9/2018,2.7655
8/10/2018,2.7425
8/13/2018,2.731
8/14/2018,2.682
8/15/2018,2.56
8/16/2018,2.6165
8/17/2018,2.629
8/20/2018,2.6685
8/21/2018,2.6955
8/22/2018,2.6735
8/23/2018,2.6545
8/24/2018,2.7005
8/27/2018,2.7085
8/28/2018,2.7405
8/29/2018,2.7206
8/30/2018,2.7067
8/31/2018,2.6666
9/4/2018,2.602
9/5/2018,2.61
9/6/2018,2.6365
9/7/2018,2.6225
9/10/2018,2.628
9/11/2018,2.6215
9/12/2018,2.676
9/13/2018,2.683
9/14/2018,2.646
9/17/2018,2.651
9/18/2018,2.7305
9/19/2018,2.7295
9/20/2018,2.74
9/21/2018,2.8575
9/24/2018,2.836
9/25/2018,2.8235
9/26/2018,2.828
9/27/2018,2.783
9/28/2018,2.805
10/1/2018,2.7875
10/2/2018,2.8065
10/3/2018,2.834
10/4/2018,2.7775
10/5/2018,2.763
10/8/2018,2.767
10/9/2018,2.8065
10/10/2018,2.7805
10/11/2018,2.803
10/12/2018,2.8005
10/15/2018,2.7885
10/16/2018,2.7795
10/17/2018,2.778
10/18/2018,2.7465
10/19/2018,2.778
10/22/2018,2.7855
10/23/2018,2.758
10/24/2018,2.7575
10/25/2018,2.7545
10/26/2018,2.741
10/29/2018,2.7405
10/30/2018,2.664
10/31/2018,2.659
11/1/2018,2.7215
11/2/2018,2.807
11/5/2018,2.756
11/6/2018,2.7325
11/7/2018,2.7545
11/8/2018,2.736
11/9/2018,2.6845
11/12/2018,2.6765
11/13/2018,2.687
11/14/2018,2.71
11/15/2018,2.7465
11/16/2018,2.7985
11/19/2018,2.799
11/20/2018,2.7665
11/21/2018,2.7945
11/23/2018,2.7665
11/26/2018,2.7555
11/27/2018,2.7092
11/28/2018,2.7993
11/29/2018,2.7819
11/30/2018,2.7827
12/3/2018,2.806
12/4/2018,2.755
12/5/2018,2.772
12/6/2018,2.7425
12/7/2018,2.758
12/10/2018,2.7205
12/11/2018,2.768
12/12/2018,2.7705
12/13/2018,2.7645
12/14/2018,2.7605
12/17/2018,2.752
12/18/2018,2.665
12/19/2018,2.7195
12/20/2018,2.698
12/21/2018,2.6735
12/24/2018,2.663
12/26/2018,2.7004
12/27/2018,2.6677
12/28/2018,2.6805
12/31/2018,2.6304
1/2/2019,2.623
1/3/2019,2.568
1/4/2019,2.6475
1/7/2019,2.637
1/8/2019,2.656
1/9/2019,2.657
1/10/2019,2.6375
1/11/2019,2.662
1/14/2019,2.635
1/15/2019,2.6345
1/16/2019,2.6735
1/17/2019,2.68
1/18/2019,2.719
1/22/2019,2.6595
1/23/2019,2.6545
1/24/2019,2.6445
1/25/2019,2.729
1/28/2019,2.68
1/29/2019,2.725
1/30/2019,2.7675
1/31/2019,2.7845
2/1/2019,2.773
2/4/2019,2.7945
2/5/2019,2.817
2/6/2019,2.8365
2/7/2019,2.8285
2/8/2019,2.8105
2/11/2019,2.79
2/12/2019,2.772
2/13/2019,2.773
2/14/2019,2.774
2/15/2019,2.7985
2/19/2019,2.8745
2/20/2019,2.92
2/21/2019,2.897
2/22/2019,2.9515
2/25/2019,2.9458
2/26/2019,2.9472
2/27/2019,2.9611
2/28/2019,2.9484
3/1/2019,2.932
3/4/2019,2.909
3/5/2019,2.9335
3/6/2019,2.9185
3/7/2019,2.9105
3/8/2019,2.8935
3/11/2019,2.901
3/12/2019,2.9285
3/13/2019,2.9355
3/14/2019,2.8915
3/15/2019,2.906
3/18/2019,2.909
3/19/2019,2.923
3/20/2019,2.921
3/21/2019,2.906
3/22/2019,2.8425
3/25/2019,2.8565
3/26/2019,2.854
3/27/2019,2.863
3/28/2019,2.8725
3/29/2019,2.936
4/1/2019,2.9245
4/2/2019,2.9055
4/3/2019,2.9485
4/4/2019,2.91
4/5/2019,2.8945
4/8/2019,2.932
4/9/2019,2.934
4/10/2019,2.9255
4/11/2019,2.887
4/12/2019,2.946
4/15/2019,2.935
4/16/2019,2.9305
4/17/2019,2.9675
4/18/2019,2.92
4/22/2019,2.9015
4/23/2019,2.8935
4/24/2019,2.91
4/25/2019,2.8627
4/26/2019,2.8895
4/29/2019,2.8962
4/30/2019,2.9035
5/1/2019,2.8015
5/2/2019,2.7795
5/3/2019,2.819
5/6/2019,2.8295
5/7/2019,2.7855
5/8/2019,2.7745
5/9/2019,2.7715
5/10/2019,2.7745
5/13/2019,2.719
5/14/2019,2.725
5/15/2019,2.743
5/16/2019,2.748
5/17/2019,2.7385
5/20/2019,2.726
5/21/2019,2.715
5/22/2019,2.678
5/23/2019,2.6805
5/24/2019,2.6995
5/28/2019,2.696
5/29/2019,2.664
5/30/2019,2.654
5/31/2019,2.64
6/3/2019,2.65
6/4/2019,2.669
6/5/2019,2.623
6/6/2019,2.6505
6/7/2019,2.6275
6/10/2019,2.6615
6/11/2019,2.6715
6/12/2019,2.654
6/13/2019,2.6565
6/14/2019,2.6295
6/17/2019,2.6465
6/18/2019,2.703
6/19/2019,2.6805
6/20/2019,2.712
6/21/2019,2.7045
6/24/2019,2.7055
6/25/2019,2.7354
6/26/2019,2.7143
6/27/2019,2.7149
6/28/2019,2.7119
7/1/2019,2.688
7/2/2019,2.664
7/3/2019,2.683
7/5/2019,2.661
7/8/2019,2.659
7/9/2019,2.625
7/10/2019,2.694
7/11/2019,2.6875
7/12/2019,2.694
7/15/2019,2.711
7/16/2019,2.7
7/17/2019,2.716
7/18/2019,2.71
7/19/2019,2.7525
7/22/2019,2.722
7/23/2019,2.7
7/24/2019,2.712
7/25/2019,2.7035
7/26/2019,2.685
7/29/2019,2.7175
7/30/2019,2.6785
7/31/2019,2.666
8/1/2019,2.6655
8/2/2019,2.5715
8/5/2019,2.544
8/6/2019,2.5575
8/7/2019,2.571
8/8/2019,2.6075
8/9/2019,2.589
8/12/2019,2.585
8/13/2019,2.63
8/14/2019,2.592
8/15/2019,2.595
8/16/2019,2.595
8/19/2019,2.6015
8/20/2019,2.578
8/21/2019,2.5855
8/22/2019,2.5575
8/23/2019,2.53
8/26/2019,2.5435
8/27/2019,2.5486
8/28/2019,2.5582
8/29/2019,2.5703
8/30/2019,2.5478
9/3/2019,2.528
9/4/2019,2.595
9/5/2019,2.642
9/6/2019,2.634
9/9/2019,2.6275
9/10/2019,2.628
9/11/2019,2.6145
9/12/2019,2.6405
9/13/2019,2.6995
9/16/2019,2.6405
9/17/2019,2.627
9/18/2019,2.613
9/19/2019,2.6085
9/20/2019,2.6065
9/23/2019,2.6115
9/24/2019,2.6065
9/25/2019,2.612
9/26/2019,2.5775
9/27/2019,2.5975
9/30/2019,2.5785
10/1/2019,2.5605
10/2/2019,2.5705
10/3/2019,2.5535
10/4/2019,2.5625
10/7/2019,2.577
10/8/2019,2.5685
10/9/2019,2.568
10/10/2019,2.6135
10/11/2019,2.628
10/14/2019,2.634
10/15/2019,2.614
10/16/2019,2.5895
10/17/2019,2.5975
10/18/2019,2.636
10/21/2019,2.6465
10/22/2019,2.633
10/23/2019,2.6715
10/24/2019,2.668
10/25/2019,2.6755
10/28/2019,2.683
10/29/2019,2.6915
10/30/2019,2.686
10/31/2019,2.638
11/1/2019,2.653
11/4/2019,2.671
11/5/2019,2.7005
11/6/2019,2.665
11/7/2019,2.7275
11/8/2019,2.682
11/11/2019,2.664
11/12/2019,2.6455
11/13/2019,2.6395
11/14/2019,2.6215
11/15/2019,2.638
11/18/2019,2.62
11/19/2019,2.6565
11/20/2019,2.6495
11/21/2019,2.6235
11/22/2019,2.648
11/25/2019,2.6487
11/26/2019,2.6809
11/27/2019,2.6805
11/29/2019,2.6484
12/2/2019,2.6395
12/3/2019,2.6125
12/4/2019,2.6485
12/5/2019,2.653
12/6/2019,2.7155
12/9/2019,2.749
12/10/2019,2.757
12/11/2019,2.781
12/12/2019,2.788
12/13/2019,2.774
12/16/2019,2.806
12/17/2019,2.81
12/18/2019,2.8085
12/19/2019,2.8245
12/20/2019,2.8025
12/23/2019,2.8075
12/24/2019,2.825
12/26/2019,2.847
12/27/2019,2.8271
12/30/2019,2.8311
12/31/2019,2.7964
1/2/2020,2.825
1/3/2020,2.787
1/6/2020,2.79
1/7/2020,2.7935
1/8/2020,2.812
1/9/2020,2.802
1/10/2020,2.8135
1/13/2020,2.861
1/14/2020,2.8735
1/15/2020,2.866
1/16/2020,2.847
1/17/2020,2.8455
1/21/2020,2.7935
1/22/2020,2.765
1/23/2020,2.726
1/24/2020,2.684
1/27/2020,2.5965
1/28/2020,2.5795
1/29/2020,2.554
1/30/2020,2.524
1/31/2020,2.517
2/3/2020,2.507
2/4/2020,2.542
2/5/2020,2.5745
2/6/2020,2.593
2/7/2020,2.553
2/10/2020,2.5505
2/11/2020,2.583
2/12/2020,2.6
2/13/2020,2.613
2/14/2020,2.5995
2/18/2020,2.604
2/19/2020,2.606
2/20/2020,2.588
2/21/2020,2.608
2/24/2020,2.577
2/25/2020,2.5788
2/26/2020,2.5729
2/27/2020,2.5715
2/28/2020,2.5412
3/2/2020,2.595
3/3/2020,2.573
3/4/2020,2.586
3/5/2020,2.573
3/6/2020,2.5605
3/9/2020,2.5105
3/10/2020,2.5215
3/11/2020,2.502
3/12/2020,2.4725
3/13/2020,2.464
3/16/2020,2.3925
3/17/2020,2.3135
3/18/2020,2.151
3/19/2020,2.1855
3/20/2020,2.1715
3/23/2020,2.1005
3/24/2020,2.18
3/25/2020,2.204
3/26/2020,2.178
3/27/2020,2.172
3/30/2020,2.1555
3/31/2020,2.228
4/1/2020,2.1745
4/2/2020,2.2185
4/3/2020,2.1925
4/6/2020,2.2175
4/7/2020,2.2725
4/8/2020,2.26
4/9/2020,2.2595
4/13/2020,2.3025
4/14/2020,2.3295
4/15/2020,2.296
4/16/2020,2.291
4/17/2020,2.3445
4/20/2020,2.32
4/21/2020,2.2295
4/22/2020,2.29
4/23/2020,2.312
4/24/2020,2.337
4/27/2020,2.349
4/28/2020,2.3455
4/29/2020,2.3721
4/30/2020,2.346
5/1/2020,2.312
5/4/2020,2.3125
5/5/2020,2.3325
5/6/2020,2.347
5/7/2020,2.3805
5/8/2020,2.406
5/11/2020,2.38
5/12/2020,2.359
5/13/2020,2.346
5/14/2020,2.346
5/15/2020,2.3305
5/18/2020,2.404
5/19/2020,2.418
5/20/2020,2.46
5/21/2020,2.432
5/22/2020,2.3865
5/26/2020,2.4185
5/27/2020,2.382
5/28/2020,2.4135
5/29/2020,2.4255
6/1/2020,2.4705
6/2/2020,2.491
6/3/2020,2.4875
6/4/2020,2.4895
6/5/2020,2.5555
6/8/2020,2.5655
6/9/2020,2.599
6/10/2020,2.6565
6/11/2020,2.5865
6/12/2020,2.6
6/15/2020,2.567
6/16/2020,2.5645
6/17/2020,2.5895
6/18/2020,2.588
6/19/2020,2.611
6/22/2020,2.6525
6/23/2020,2.6585
6/24/2020,2.6505
6/25/2020,2.666
6/26/2020,2.667
6/29/2020,2.6873
6/30/2020,2.7255
7/1/2020,2.734
7/2/2020,2.7485
7/6/2020,2.7745
7/7/2020,2.797
7/8/2020,2.824
7/9/2020,2.8385
7/10/2020,2.8975
7/13/2020,2.955
7/14/2020,2.9325
7/15/2020,2.885
7/16/2020,2.9015
7/17/2020,2.9045
7/20/2020,2.9155
7/21/2020,2.958
7/22/2020,2.9245
7/23/2020,2.9385
7/24/2020,2.8925
7/27/2020,2.8975
7/28/2020,2.9175
7/29/2020,2.919
7/30/2020,2.914
7/31/2020,2.868
8/3/2020,2.912
8/4/2020,2.8945
8/5/2020,2.917
8/6/2020,2.9105
8/7/2020,2.7925
8/10/2020,2.8615
8/11/2020,2.8755
8/12/2020,2.891
8/13/2020,2.807
8/14/2020,2.859
8/17/2020,2.9015
8/18/2020,2.975
8/19/2020,3.023
8/20/2020,2.9745
8/21/2020,2.9175
8/24/2020,2.9265
8/25/2020,2.934
8/26/2020,2.9655
8/27/2020,2.9767
8/28/2020,3.0097
8/31/2020,3.0574
9/1/2020,3.0285
9/2/2020,3.0205
9/3/2020,2.975
9/4/2020,3.062
9/8/2020,3.025
9/9/2020,3.0515
9/10/2020,2.9985
9/11/2020,3.0395
9/14/2020,3.068
9/15/2020,3.063
9/16/2020,3.061
9/17/2020,3.071
9/18/2020,3.116
9/21/2020,3.032
9/22/2020,3.061
9/23/2020,2.993
9/24/2020,2.968
9/25/2020,2.971
9/28/2020,2.99
9/29/2020,2.99
9/30/2020,3.0325
10/1/2020,2.8655
10/2/2020,2.9775
10/5/2020,2.963
10/6/2020,2.9635
10/7/2020,3.033
10/8/2020,3.042
10/9/2020,3.0825
10/12/2020,3.064
10/13/2020,3.0445
10/14/2020,3.0505
10/15/2020,3.0855
10/16/2020,3.0675
10/19/2020,3.086
10/20/2020,3.148
10/21/2020,3.1985
10/22/2020,3.1535
10/23/2020,3.129
10/26/2020,3.0895
10/27/2020,3.0935
10/28/2020,3.064
10/29/2020,3.0565
10/30/2020,3.0475
11/2/2020,3.077
11/3/2020,3.0925
11/4/2020,3.107
11/5/2020,3.11
11/6/2020,3.154
11/9/2020,3.156
11/10/2020,3.1555
11/11/2020,3.134
11/12/2020,3.145
11/13/2020,3.178
11/16/2020,3.222
11/17/2020,3.198
11/18/2020,3.198
11/19/2020,3.202
11/20/2020,3.291
11/23/2020,3.258
11/24/2020,3.3011
11/25/2020,3.3129
11/27/2020,3.4037
11/30/2020,3.4257
12/1/2020,3.473
12/2/2020,3.478
12/3/2020,3.481
12/4/2020,3.516
12/7/2020,3.5095
12/8/2020,3.4935
12/9/2020,3.5085
12/10/2020,3.5695
12/11/2020,3.5235
12/14/2020,3.5215
12/15/2020,3.538
12/16/2020,3.5535
12/17/2020,3.5965
12/18/2020,3.6275
12/21/2020,3.5725
12/22/2020,3.5165
12/23/2020,3.5525
12/24/2020,3.5585
12/28/2020,3.5678
12/29/2020,3.5519
12/30/2020,3.5466
12/31/2020,3.518
1/4/2021,3.5545
1/5/2021,3.6395
1/6/2021,3.6505
1/7/2021,3.696
1/8/2021,3.6735
1/11/2021,3.5645
1/12/2021,3.6055
1/13/2021,3.617
1/14/2021,3.6645
1/15/2021,3.602
1/19/2021,3.6335
1/20/2021,3.6415
1/21/2021,3.6475
1/22/2021,3.626
1/25/2021,3.6295
1/26/2021,3.6195
1/27/2021,3.5575
1/28/2021,3.578
1/29/2021,3.556
2/1/2021,3.546
2/2/2021,3.5245
2/3/2021,3.5655
2/4/2021,3.553
2/5/2021,3.626
2/8/2021,3.666
2/9/2021,3.72
2/10/2021,3.7725
2/11/2021,3.7715
2/12/2021,3.788
2/16/2021,3.834
2/17/2021,3.8205
2/18/2021,3.901
2/19/2021,4.074
2/22/2021,4.141
2/23/2021,4.1803
2/24/2021,4.2983
2/25/2021,4.2645
2/26/2021,4.0929
3/1/2021,4.113
3/2/2021,4.222
3/3/2021,4.142
3/4/2021,3.9785
3/5/2021,4.0755
3/8/2021,4.093
3/9/2021,4.0085
3/10/2021,4.0325
3/11/2021,4.139
3/12/2021,4.14
3/15/2021,4.1405
3/16/2021,4.0715
3/17/2021,4.119
3/18/2021,4.108
3/19/2021,4.113
3/22/2021,4.1395
3/23/2021,4.0795
3/24/2021,4.064
3/25/2021,3.978
3/26/2021,4.068
3/29/2021,4.0345
3/30/2021,3.9785
3/31/2021,3.9955
4/1/2021,3.9905
4/5/2021,4.1375
4/6/2021,4.1165
4/7/2021,4.0545
4/8/2021,4.0945
4/9/2021,4.04
4/12/2021,4.0185
4/13/2021,4.0315
4/14/2021,4.1285
4/15/2021,4.2185
4/16/2021,4.168
4/19/2021,4.238
4/20/2021,4.213
4/21/2021,4.279
4/22/2021,4.273
4/23/2021,4.336
4/26/2021,4.441
4/27/2021,4.4875
4/28/2021,4.4978
4/29/2021,4.4891
4/30/2021,4.4702
5/3/2021,4.5285
5/4/2021,4.5215
5/5/2021,4.524
5/6/2021,4.6025
5/7/2021,4.7485
5/10/2021,4.716
5/11/2021,4.762
5/12/2021,4.736
5/13/2021,4.6905
5/14/2021,4.6545
5/17/2021,4.7115
5/18/2021,4.7255
5/19/2021,4.5765
5/20/2021,4.568
5/21/2021,4.481
5/24/2021,4.5255
5/25/2021,4.5065
5/26/2021,4.5295
5/27/2021,4.663
5/28/2021,4.6775
6/1/2021,4.6535
6/2/2021,4.5915
6/3/2021,4.463
6/4/2021,4.529
6/7/2021,4.5265
6/8/2021,4.556
6/9/2021,4.531
6/10/2021,4.485
6/11/2021,4.5375
6/14/2021,4.527
6/15/2021,4.333
6/16/2021,4.385
6/17/2021,4.178
6/18/2021,4.157
6/21/2021,4.184
6/22/2021,4.23
6/23/2021,4.3305
6/24/2021,4.311
6/25/2021,4.2915
6/28/2021,4.2782
6/29/2021,4.2693
6/30/2021,4.2905
7/1/2021,4.236
7/2/2021,4.276
7/6/2021,4.251
7/7/2021,4.3225
7/8/2021,4.2645
7/9/2021,4.3455
7/12/2021,4.316
7/13/2021,4.307
7/14/2021,4.2675
7/15/2021,4.323
7/16/2021,4.323
7/19/2021,4.2015
7/20/2021,4.263
7/21/2021,4.272
7/22/2021,4.3375
7/23/2021,4.4
7/26/2021,4.585
7/27/2021,4.5445
7/28/2021,4.482
7/29/2021,4.5235
7/30/2021,4.4825
8/2/2021,4.433
8/3/2021,4.386
8/4/2021,4.3325
8/5/2021,4.348
8/6/2021,4.348
8/9/2021,4.2895
8/10/2021,4.354
8/11/2021,4.3675
8/12/2021,4.36
8/13/2021,4.3915
8/16/2021,4.327
8/17/2021,4.206
8/18/2021,4.12
8/19/2021,4.041
8/20/2021,4.137
8/23/2021,4.237
8/24/2021,4.258
8/25/2021,4.2675
8/26/2021,4.2499
8/27/2021,4.3239
8/30/2021,4.3697
8/31/2021,4.372
9/1/2021,4.278
9/2/2021,4.304
9/3/2021,4.334
9/6/2021,4.334
9/7/2021,4.2815
9/8/2021,4.233
9/9/2021,4.2855
9/10/2021,4.452
9/13/2021,4.367
9/14/2021,4.321
9/15/2021,4.4065
9/16/2021,4.2815
9/17/2021,4.246
9/20/2021,4.1145
9/21/2021,4.126
9/22/2021,4.252
9/23/2021,4.231
9/24/2021,4.2855
9/27/2021,4.2895
9/28/2021,4.2465
9/29/2021,4.199
9/30/2021,4.089
10/1/2021,4.1885
10/4/2021,4.2385
10/5/2021,4.1925
10/6/2021,4.1475
10/7/2021,4.2435
10/8/2021,4.2755
10/11/2021,4.3665
10/12/2021,4.3255
10/13/2021,4.516
10/14/2021,4.6315
10/15/2021,4.7295
10/18/2021,4.7255
10/19/2021,4.703
10/20/2021,4.7345
10/21/2021,4.5585
10/22/2021,4.498
10/25/2021,4.528
10/26/2021,4.486
10/27/2021,4.3895
10/28/2021,4.4385
10/29/2021,4.368
11/1/2021,4.3935
11/2/2021,4.366
11/3/2021,4.321
11/4/2021,4.3205
11/5/2021,4.343
11/8/2021,4.399
11/9/2021,4.373
11/10/2021,4.323
11/11/2021,4.3995
11/12/2021,4.4495
11/15/2021,4.4
11/16/2021,4.3515
11/17/2021,4.266
11/18/2021,4.3045
11/19/2021,4.4075
11/22/2021,4.3965
11/23/2021,4.4235
11/24/2021,4.4601
11/26/2021,4.2851
11/29/2021,4.3385
11/30/2021,4.2788
12/1/2021,4.248
12/2/2021,4.2995
12/3/2021,4.266
12/6/2021,4.3375
12/7/2021,4.339
12/8/2021,4.3915
12/9/2021,4.331
12/10/2021,4.284
12/13/2021,4.2805
12/14/2021,4.2545
12/15/2021,4.18
12/16/2021,4.301
12/17/2021,4.2905
12/20/2021,4.2875
12/21/2021,4.3385
12/22/2021,4.3885
12/23/2021,4.3875
12/24/2021,4.3875
12/26/2021,4.3875
12/27/2021,4.4665
12/28/2021,4.4278
12/29/2021,4.4091
12/30/2021,4.3893
12/31/2021,4.4618
1/3/2022,4.4215
1/4/2022,4.475
1/5/2022,4.4135
1/6/2022,4.3545
1/7/2022,4.41
1/10/2022,4.352
1/11/2022,4.429
1/12/2022,4.5765
1/13/2022,4.546
1/14/2022,4.4205
1/18/2022,4.3825
1/19/2022,4.47
1/20/2022,4.5825
1/21/2022,4.524
1/24/2022,4.4125
1/25/2022,4.45
1/26/2022,4.515
1/27/2022,4.4235
1/28/2022,4.31
1/31/2022,4.3245
2/1/2022,4.434
2/2/2022,4.496
2/3/2022,4.471
2/4/2022,4.4875
2/7/2022,4.4625
2/8/2022,4.461
2/9/2022,4.6025
2/10/2022,4.6595
2/11/2022,4.506
2/14/2022,4.5075
2/15/2022,4.5315
2/16/2022,4.5365
2/17/2022,4.523
2/18/2022,4.5195
2/21/2022,4.5195
2/22/2022,4.5105
2/23/2022,4.4849
2/24/2022,4.458
2/25/2022,4.4798
2/28/2022,4.4525
3/1/2022,4.5965
3/2/2022,4.6655
3/3/2022,4.7815
3/4/2022,4.9375
3/7/2022,4.731
3/8/2022,4.71
3/9/2022,4.5725
3/10/2022,4.6525
3/11/2022,4.6255
3/14/2022,4.523
3/15/2022,4.513
3/16/2022,4.6005
3/17/2022,4.702
3/18/2022,4.7395
3/21/2022,4.7105
3/22/2022,4.7
3/23/2022,4.7765
3/24/2022,4.7425
3/25/2022,4.6985
3/28/2022,4.7255
3/29/2022,4.731
3/30/2022,4.7505
3/31/2022,4.751
4/1/2022,4.6885
4/4/2022,4.7815
4/5/2022,4.795
4/6/2022,4.738
4/7/2022,4.6995
4/8/2022,4.725
4/11/2022,4.634
4/12/2022,4.7095
4/13/2022,4.712
4/14/2022,4.7235
4/15/2022,4.7235
4/18/2022,4.802
4/19/2022,4.718
4/20/2022,4.652
4/21/2022,4.704
4/22/2022,4.5815
4/25/2022,4.449
4/26/2022,4.4456
4/27/2022,4.4639
4/28/2022,4.4255
4/29/2022,4.4058
5/2/2022,4.268
5/3/2022,4.283
5/4/2022,4.338
5/5/2022,4.2915
5/6/2022,4.267
5/9/2022,4.1935
5/10/2022,4.1545
5/11/2022,4.209
5/12/2022,4.1005
5/13/2022,4.175
5/16/2022,4.1915
5/17/2022,4.239
5/18/2022,4.1785
5/19/2022,4.283
5/20/2022,4.275
5/23/2022,4.3455
5/24/2022,4.305
5/25/2022,4.2545
5/26/2022,4.259
5/27/2022,4.3065
5/31/2022,4.296
6/1/2022,4.3285
6/2/2022,4.5525
6/3/2022,4.472
6/6/2022,4.435
6/7/2022,4.4355
6/8/2022,4.4545
6/9/2022,4.381
6/10/2022,4.2945
6/13/2022,4.2115
6/14/2022,4.1565
6/15/2022,4.1635
6/16/2022,4.108
6/17/2022,4.0135
6/20/2022,4.0135
6/21/2022,4.039
6/22/2022,3.944
6/23/2022,3.739
6/24/2022,3.7405
6/27/2022,3.7744
6/28/2022,3.752
6/29/2022,3.7568
6/30/2022,3.7808
7/1/2022,3.6864
7/2/2022,3.6128
7/3/2022,3.6128
7/4/2022,3.6096
7/5/2022,3.5808
7/6/2022,3.4384
7/7/2022,3.432
7/8/2022,3.5392
7/9/2022,3.5168
7/10/2022,3.5168
7/11/2022,3.4752
7/12/2022,3.4224
7/13/2022,3.2464
7/14/2022,3.3088
7/15/2022,3.2272
7/16/2022,3.2448
7/17/2022,3.2448
7/18/2022,3.2464
7/19/2022,3.3008
7/20/2022,3.3136
7/21/2022,3.3056
7/22/2022,3.3248
7/25/2022,3.3568
7/26/2022,3.4
7/27/2022,3.4784
7/28/2022,3.4976
7/29/2022,3.5952
8/1/2022,3.5296
8/2/2022,3.4768
8/3/2022,3.472
8/4/2022,3.4864
8/5/2022,3.5568
8/8/2022,3.5952
8/9/2022,3.5904
8/10/2022,3.6496
8/11/2022,3.6992
8/12/2022,3.6848
8/15/2022,3.6048
8/16/2022,3.6288
8/17/2022,3.5904
8/18/2022,3.6448
8/19/2022,3.6752
8/22/2022,3.656
8/23/2022,3.68
8/24/2022,3.6384
8/25/2022,3.6944
8/26/2022,3.6944
8/29/2022,3.624
8/30/2022,3.552
8/31/2022,3.5008
9/1/2022,3.4192
9/2/2022,3.4
9/5/2022,3.4576
9/6/2022,3.4544
9/7/2022,3.4432
9/8/2022,3.5504
9/9/2022,3.552
9/12/2022,3.6176
9/13/2022,3.5328
9/14/2022,3.5168
9/15/2022,3.4624
9/16/2022,3.5376
9/19/2022,3.5312
9/20/2022,3.496
9/21/2022,3.424
9/22/2022,3.4656
9/23/2022,3.344
9/26/2022,3.2912
9/27/2022,3.288
9/28/2022,3.3696
9/29/2022,3.4272
9/30/2022,3.3808
10/3/2022,3.4192
10/4/2022,3.4832
10/5/2022,3.5424
10/6/2022,3.4224
10/7/2022,3.3728
10/10/2022,3.4288
10/11/2022,3.4144
10/12/2022,3.4192
10/13/2022,3.4512
10/14/2022,3.3952
10/17/2022,3.3968
10/18/2022,3.3568
10/19/2022,3.3168
10/20/2022,3.3856
10/21/2022,3.4672
10/24/2022,3.4208
10/25/2022,3.3888
10/26/2022,3.528
10/27/2022,3.5072
10/28/2022,3.4208
10/31/2022,3.3696
11/1/2022,3.4576
11/2/2022,3.4208
11/3/2022,3.4128
11/4/2022,3.688
11/7/2022,3.5968
11/8/2022,3.656
11/9/2022,3.6672
11/10/2022,3.7664
11/11/2022,3.9248
11/14/2022,3.8336
11/15/2022,3.8176
11/16/2022,3.7552
11/17/2022,3.6832
11/18/2022,3.6432
11/21/2022,3.5824
11/22/2022,3.6208
11/23/2022,3.6416
11/24/2022,3.6336
11/25/2022,3.6176
11/28/2022,3.5984
11/29/2022,3.6448
11/30/2022,3.7824
12/1/2022,3.7952
12/2/2022,3.8544
12/5/2022,3.7872
12/6/2022,3.8208
12/7/2022,3.8432
12/8/2022,3.8784
12/9/2022,3.8544
12/12/2022,3.8064
12/13/2022,3.8448
12/14/2022,3.8608
12/15/2022,3.776
12/16/2022,3.7696
12/19/2022,3.7616
12/20/2022,3.8064
12/21/2022,3.816
12/22/2022,3.7648
12/23/2022,3.8112
12/26/2022,3.8112
12/27/2022,3.8496
12/28/2022,3.8336
12/29/2022,3.8288
12/30/2022,3.8192
1/2/2023,3.8192
1/3/2023,3.7696
1/4/2023,3.7424
1/5/2023,3.8272
1/6/2023,3.9232
1/9/2023,4.0096
1/10/2023,4.08
1/11/2023,4.1776
1/12/2023,4.1728
1/13/2023,4.2192
1/16/2023,4.144
1/17/2023,4.2352
1/18/2023,4.2304
1/19/2023,4.2496
1/20/2023,4.28
1/23/2023,4.2624
1/24/2023,4.2672
1/25/2023,4.2656
1/26/2023,4.2864
1/27/2023,4.2336
1/30/2023,4.1888
1/31/2023,4.2272
2/1/2023,4.1872
2/2/2023,4.0944
2/3/2023,4.0384
2/6/2023,4.0464
2/7/2023,4.0768
2/8/2023,4.0544
2/9/2023,4.0768
2/10/2023,4.0256
2/13/2023,4.072
2/14/2023,4.1008
2/15/2023,4.032
2/16/2023,4.112
2/17/2023,4.1216
2/20/2023,4.16
2/21/2023,4.1952
2/22/2023,4.168
2/23/2023,4.0496
2/24/2023,3.9568
2/27/2023,4.0064
2/28/2023,4.0736
3/1/2023,4.1664
3/2/2023,4.072
3/3/2023,4.0688
3/6/2023,4.0752
3/7/2023,3.9648
3/8/2023,4.0288
3/9/2023,4.0064
3/10/2023,4.0064
3/13/2023,4.0384
3/14/2023,4.0048
3/15/2023,3.8848
3/16/2023,3.8736
3/17/2023,3.896
3/20/2023,3.9552
3/21/2023,4.0048
3/22/2023,4.0416
3/23/2023,4.1008
3/24/2023,4.0736
3/27/2023,4.0992
3/28/2023,4.0768
3/29/2023,4.0768
3/30/2023,4.1072
3/31/2023,4.0848
4/3/2023,4.0528
4/4/2023,3.9776
4/5/2023,3.9904
4/6/2023,4.0128
4/7/2023,4.0128
4/10/2023,3.9968
4/11/2023,4.0336
4/12/2023,4.0688
4/13/2023,4.12
4/14/2023,4.1168
4/17/2023,4.0688
4/18/2023,4.088
4/19/2023,4.0704
4/20/2023,4.0208
4/21/2023,3.9904
4/24/2023,3.9696
4/25/2023,3.864
4/26/2023,3.856
4/27/2023,3.888
4/28/2023,3.896
5/1/2023,3.9296
5/2/2023,3.864
5/3/2023,3.8384
5/4/2023,3.8624
5/5/2023,3.8912
5/8/2023,3.92
5/9/2023,3.9056
5/10/2023,3.8528
5/11/2023,3.7008
5/12/2023,3.7248
5/15/2023,3.744
5/16/2023,3.6624
5/17/2023,3.7504
5/18/2023,3.7008
5/19/2023,3.7312
5/22/2023,3.6864
5/23/2023,3.6512
5/24/2023,3.5728
5/25/2023,3.6032
5/26/2023,3.6768
5/29/2023,3.6768
5/30/2023,3.6672
5/31/2023,3.6784
6/1/2023,3.7168
6/2/2023,3.7376
6/5/2023,3.7664
6/6/2023,3.776
6/7/2023,3.7584
6/8/2023,3.7888
6/9/2023,3.7792
6/12/2023,3.76
6/13/2023,3.8352
6/14/2023,3.8592
6/15/2023,3.8944
6/16/2023,3.8848
6/19/2023,3.872
6/20/2023,3.8912
6/21/2023,3.9024
6/22/2023,3.8992
6/23/2023,3.8176
6/26/2023,3.7968
6/27/2023,3.7904
6/28/2023,3.7264
6/29/2023,3.6976
6/30/2023,3.7632
7/3/2023,3.792
7/4/2023,3.784
7/5/2023,3.7616
7/6/2023,3.744
7/7/2023,3.7824
7/10/2023,3.7936
7/11/2023,3.776
7/12/2023,3.856
7/13/2023,3.9536
7/14/2023,3.928
7/17/2023,3.84
7/18/2023,3.8384
7/19/2023,3.8176
7/20/2023,3.8352
7/21/2023,3.8256
7/24/2023,3.8544
7/25/2023,3.9328
7/26/2023,3.9136
7/27/2023,3.8608
7/28/2023,3.9424
7/31/2023,4.0224
8/1/2023,3.9152
8/2/2023,3.8608
8/3/2023,3.9184
8/4/2023,3.8624
8/7/2023,3.8576
8/8/2023,3.7904
8/9/2023,3.8048
8/10/2023,3.7744
8/11/2023,3.7488
8/14/2023,3.7504
8/15/2023,3.688
8/16/2023,3.6784
8/17/2023,3.72
8/18/2023,3.7504
8/21/2023,3.7504
8/22/2023,3.7856
8/23/2023,3.832
8/24/2023,3.7856
8/25/2023,3.784
8/28/2023,3.7968
8/29/2023,3.8368
8/30/2023,3.8384
8/31/2023,3.8336
9/1/2023,3.8512
9/4/2023,3.832
9/5/2023,3.8416
9/6/2023,3.7856
9/7/2023,3.7632
9/8/2023,3.7168
9/11/2023,3.8032
9/12/2023,3.792
9/13/2023,3.7824
9/14/2023,3.8192
9/15/2023,3.8
9/18/2023,3.7808
9/19/2023,3.7568
9/20/2023,3.7392
9/21/2023,3.7024
9/22/2023,3.7008
9/25/2023,3.6784
9/26/2023,3.6544
9/27/2023,3.6496
9/28/2023,3.7232
9/29/2023,3.7408
10/2/2023,3.648
10/3/2023,3.624
10/4/2023,3.5856
10/5/2023,3.5728
10/6/2023,3.6432
10/9/2023,3.6736
10/10/2023,3.6416
10/11/2023,3.6224
10/12/2023,3.6
10/13/2023,3.5856
10/16/2023,3.5952
10/17/2023,3.608
10/18/2023,3.6
10/19/2023,3.6032
10/20/2023,3.5728
10/23/2023,3.6064
10/24/2023,3.6544
10/25/2023,3.6096
10/26/2023,3.6208
10/27/2023,3.6656
10/30/2023,4.0352
10/31/2023,4
11/1/2023,3.9968
11/2/2023,4.0144
11/3/2023,4.016
11/6/2023,3.7125
11/7/2023,3.685
11/8/2023,3.636
11/9/2023,3.6325
11/10/2023,3.5965
11/13/2023,3.671
11/14/2023,3.6765
11/15/2023,3.713
11/16/2023,3.695
11/17/2023,3.734
11/20/2023,3.8095
11/24/2023,3.7904
11/27/2023,3.8
11/28/2023,3.84
11/29/2023,3.83
11/30/2023,3.85
12/1/2023,3.93
12/4/2023,3.84
12/5/2023,3.78
12/6/2023,3.73
12/7/2023,3.8
12/8/2023,3.8336
12/11/2023,3.784
12/12/2023,3.7936
12/13/2023,3.8352
12/14/2023,3.8736
12/15/2023,3.8784
12/18/2023,3.848
12/19/2023,3.9072
12/20/2023,3.88
12/21/2023,3.928
12/22/2023,3.9008
12/25/2023,3.9008
12/26/2023,3.9024
12/27/2023,3.9552
12/28/2023,3.9168
12/29/2023,3.8912
1/1/2024,3.8912
1/2/2024,3.8704
1/3/2024,3.872
1/4/2024,3.8512
1/5/2024,3.8016
1/8/2024,3.8224
1/9/2024,3.7616
1/10/2024,3.7888
1/11/2024,3.7904
1/12/2024,3.736
1/15/2024,3.784
1/16/2024,3.768
1/17/2024,3.7424
1/18/2024,3.7568
1/19/2024,3.7904
1/22/2024,3.7456
1/23/2024,3.8048
1/24/2024,3.8736
1/25/2024,3.8688
1/26/2024,3.8528
1/29/2024,3.8864
1/30/2024,3.9168
1/31/2024,3.888
2/1/2024,3.8512
2/2/2024,3.8208
2/5/2024,3.7728
2/6/2024,3.784
2/7/2024,3.736
2/8/2024,3.7088
2/9/2024,3.6864
2/12/2024,3.72
2/13/2024,3.7088
2/14/2024,3.7024
2/15/2024,3.7584
2/16/2024,3.8224
2/19/2024,3.8128
2/20/2024,3.856
2/21/2024,3.88
2/22/2024,3.896
2/23/2024,3.8688
2/26/2024,3.8368
2/27/2024,3.8544
2/28/2024,3.8368
2/29/2024,3.8448
3/1/2024,3.8592
3/4/2024,3.856
3/5/2024,3.8432
3/6/2024,3.8688
3/7/2024,3.9248
3/8/2024,3.8896
3/11/2024,3.9328
3/12/2024,3.9392
3/13/2024,4.0592
3/14/2024,4.0496
3/15/2024,4.1216
3/18/2024,4.1328
3/19/2024,4.0656
3/20/2024,4.0976
3/21/2024,4.0624
3/22/2024,4.008
3/25/2024,4.016
3/26/2024,4.0064
3/27/2024,4.0096
3/28/2024,4.0128
3/29/2024,4.0112
4/1/2024,4.0512
4/2/2024,4.0768
4/3/2024,4.2064
4/4/2024,4.2336
4/5/2024,4.2368
4/8/2024,4.2912
4/9/2024,4.2896
4/10/2024,4.272
4/11/2024,4.2608
4/12/2024,4.264
4/15/2024,4.36
4/16/2024,4.3056
4/17/2024,4.3408
4/18/2024,4.4256
4/19/2024,4.496
4/22/2024,4.4848
4/23/2024,4.4336
4/24/2024,4.456
4/25/2024,4.5408
4/26/2024,4.568
4/29/2024,4.672
4/30/2024,4.5504
5/1/2024,4.5648
5/2/2024,4.5056
5/3/2024,4.5584
5/6/2024,4.6112
5/7/2024,4.5904
5/8/2024,4.5424
5/9/2024,4.6032
5/10/2024,4.6528
5/13/2024,4.7712
5/14/2024,4.9056
5/15/2024,4.9232
5/16/2024,4.8816
5/17/2024,5.0832
5/20/2024,5.1056
5/21/2024,5.1024
5/22/2024,4.8
5/23/2024,4.776
5/24/2024,4.7584
5/27/2024,4.824
5/28/2024,4.8512
5/29/2024,4.7936
5/30/2024,4.656
5/31/2024,4.5904
6/3/2024,4.648
6/4/2024,4.5456
6/5/2024,4.6224
6/6/2024,4.6224
6/7/2024,4.6704
6/10/2024,4.5488
6/11/2024,4.5216
6/12/2024,4.5248
6/13/2024,4.4768
6/14/2024,4.4992
6/17/2024,4.4576
6/18/2024,4.4896
6/19/2024,4.5008
6/20/2024,4.5632
6/21/2024,4.4288
6/24/2024,4.4256
6/25/2024,4.3712
6/26/2024,4.3712
6/27/2024,4.3232
6/28/2024,4.4
7/1/2024,4.4048
7/2/2024,4.4048
7/3/2024,4.5312
7/4/2024,4.5312
7/5/2024,4.6672
7/8/2024,4.5984
7/9/2024,4.5792
7/10/2024,4.5904
7/11/2024,4.512
7/12/2024,4.5888
7/15/2024,4.5152
7/16/2024,4.4544
7/17/2024,4.4064
7/18/2024,4.256
7/19/2024,4.2384
7/22/2024,4.1968
7/23/2024,4.1616
7/24/2024,4.0848
7/25/2024,4.12
7/26/2024,4.1056
7/29/2024,4.0912
7/30/2024,4.0912
7/31/2024,4.0912
8/1/2024,4.072
8/2/2024,4.1216
8/5/2024,4.0032
8/6/2024,4.0032
8/7/2024,4.0128
8/8/2024,3.9792
8/9/2024,3.9872
8/12/2024,4.0736
8/13/2024,4.0736
8/14/2024,4.0592
8/15/2024,4.1408
8/16/2024,4.1408
8/19/2024,4.1968
8/20/2024,4.1536
8/21/2024,4.2
8/22/2024,4.1376
8/23/2024,4.2048
8/26/2024,4.2016
8/27/2024,4.2368
8/28/2024,4.2368
8/29/2024,4.2096
8/30/2024,4.2192
9/2/2024,4.2112
9/3/2024,4.0912
9/4/2024,4.0784
9/5/2024,4.1376
9/6/2024,4.0656
9/9/2024,4.1392
9/10/2024,4.1024
9/11/2024,4.168
9/12/2024,4.2096
9/13/2024,4.2208
9/16/2024,4.2688
9/17/2024,4.2768
9/18/2024,4.2752
9/19/2024,4.3504
9/20/2024,4.3328
9/23/2024,4.344
9/24/2024,4.344
9/25/2024,4.5344
9/26/2024,4.4896
9/27/2024,4.5856
9/30/2024,4.6
10/1/2024,4.5504
10/2/2024,4.6512
10/3/2024,4.5472
10/4/2024,4.5792
10/7/2024,4.5744
10/8/2024,4.5456
10/9/2024,4.4112
10/10/2024,4.4112
10/11/2024,4.496
10/14/2024,4.4032
10/15/2024,4.3424
10/16/2024,4.3424
10/17/2024,4.3664
10/18/2024,4.3328
10/21/2024,4.3632
10/22/2024,4.3632
10/23/2024,4.3312
10/24/2024,4.3696
10/25/2024,0
10/28/2024,4.3664
10/29/2024,4.3632
10/30/2024,4.3584
10/31/2024,4.3616
11/1/2024,4.3472
11/4/2024,4.4288
11/5/2024,4.4608
11/6/2024,4.2352
11/7/2024,4.44
11/8/2024,4.3136
11/11/2024,4.2464
11/12/2024,4.2464
11/13/2024,4.0736
11/14/2024,4.08
11/15/2024,4.0656
11/18/2024,4.1232
11/19/2024,4.1232
11/20/2024,4.1712
11/21/2024,4.1344
11/22/2024,4.0848
11/25/2024,4.0864
11/26/2024,4.0592
11/27/2024,4.0688
11/28/2024,4.0688
11/29/2024,4.1424
12/2/2024,4.1392
12/3/2024,4.1968
12/4/2024,4.1984
12/5/2024,4.1952
12/6/2024,4.1952
12/9/2024,4.264
12/10/2024,4.2704
12/11/2024,4.264
12/12/2024,4.2352
12/13/2024,4.2352
12/16/2024,4.192
12/17/2024,4.1456
12/18/2024,4.1456
12/19/2024,4.1056
12/20/2024,4.1024
12/23/2024,4.0944
12/24/2024,4.1024
12/25/2024,4.1104
12/26/2024,4.1408
12/27/2024,4.1264
12/30/2024,4.0912
12/31/2024,4.024
1/1/2025,4.0272
1/2/2025,4.0272
1/3/2025,4.0368
1/6/2025,4.1504
1/7/2025,4.1792
1/8/2025,4.1792
1/9/2025,4.2704
1/10/2025,4.2896
1/13/2025,4.3264
1/14/2025,4.3264
1/15/2025,4.3984
1/16/2025,4.3984
1/17/2025,4.3504
1/20/2025,4.368
1/21/2025,4.3376
1/22/2025,4.2944
1/23/2025,4.328
1/24/2025,4.3104
1/27/2025,4.232
1/28/2025,4.232
1/29/2025,4.2464
1/30/2025,4.2832
1/31/2025,4.2736
2/3/2025,4.3344
2/4/2025,4.36
2/5/2025,4.4528
2/6/2025,4.4608
2/7/2025,4.5952
2/10/2025,4.6848
2/11/2025,4.6848
2/12/2025,4.6928
2/13/2025,4.7808
2/14/2025,4.664
2/17/2025,4.664
2/18/2025,4.5872
2/19/2025,4.5584
2/20/2025,4.6112
2/21/2025,4.5488
2/24/2025,4.56
2/25/2025,4.4832
2/26/2025,4.5296
2/27/2025,4.6176
2/28/2025,4.6176
3/3/2025,4.6032
3/4/2025,4.5696
3/5/2025,4.8064
3/6/2025,4.8064
3/7/2025,4.712
3/10/2025,4.6464
3/11/2025,4.7984
3/12/2025,4.856
3/13/2025,4.9184
3/14/2025,4.888
3/17/2025,4.896
3/18/2025,5.008
3/19/2025,5.1088
3/20/2025,5.1088
3/21/2025,5.0976
3/24/2025,5.088
3/25/2025,5.2192
3/26/2025,5.2192
3/27/2025,5.1232
3/28/2025,5.1088
3/31/2025,5.1296
4/1/2025,5.0352
4/2/2025,5.0352
4/3/2025,4.8128
4/4/2025,4.3968
4/7/2025,4.2848
4/8/2025,4.2848
4/9/2025,4.4528
4/10/2025,4.3728
4/11/2025,4.5536
4/14/2025,4.6592
4/15/2025,4.6176
4/16/2025,4.6768
4/17/2025,4.7056
4/18/2025,4.7056
4/21/2025,4.72
4/22/2025,4.848
4/23/2025,4.832
4/24/2025,4.832
4/25/2025,4.8448
4/28/2025,4.848
4/29/2025,4.848
4/30/2025,4.56
5/1/2025,4.56
5/2/2025,4.6528
5/5/2025,4.6736
5/6/2025,4.792
5/7/2025,4.6224
5/8/2025,4.592
5/9/2025,4.592
5/12/2025,4.6272
5/13/2025,4.6272
5/14/2025,4.6416
5/15/2025,4.6976
5/16/2025,4.592
5/19/2025,4.664
5/20/2025,4.6816
5/21/2025,4.6576
5/22/2025,4.6736
5/23/2025,4.6736
5/26/2025,4.8384
5/27/2025,4.7472
5/28/2025,4.6848
5/29/2025,4.6688
5/30/2025,4.7024
6/2/2025,4.8512
6/3/2025,4.8592
6/4/2025,4.904
6/5/2025,4.928
6/6/2025,4.8368
6/9/2025,4.848
6/10/2025,4.8896
6/11/2025,4.7984
6/12/2025,4.8448
6/13/2025,4.8448
6/16/2025,4.8272
6/17/2025,4.7936
6/18/2025,4.856
6/19/2025,4.856
6/20/2025,4.848
6/23/2025,4.9168
6/24/2025,4.9168
6/25/2025,4.8848
6/26/2025,4.9088
6/27/2025,5.0528
6/30/2025,5.0688
7/1/2025,5.048
7/2/2025,5.0368
7/3/2025,5.1536
7/4/2025,5.0928
7/7/2025,5.0128
7/8/2025,5.0256
7/9/2025,5.5104
7/10/2025,5.5296
7/11/2025,5.6192
7/14/2025,5.5744
7/15/2025,5.52
7/16/2025,5.5328
7/17/2025,5.512
7/18/2025,5.5024
7/21/2025,5.6048
7/22/2025,5.6432
7/23/2025,5.7232
7/24/2025,5.832
7/25/2025,5.832
7/28/2025,5.7856
7/29/2025,5.6224
7/30/2025,5.664
7/31/2025,4.544
8/1/2025,4.4288
8/4/2025,4.4368
8/5/2025,4.4368
8/6/2025,4.384
8/7/2025,4.416
8/8/2025,4.424
8/11/2025,4.4528
8/12/2025,4.4528
8/13/2025,4.5072
8/14/2025,4.488
8/15/2025,4.4864
8/18/2025,4.4928
8/19/2025,4.4784
8/20/2025,4.4304
8/21/2025,4.4544
8/22/2025,4.4544
8/25/2025,4.4592
8/26/2025,4.4608
8/27/2025,4.472
8/28/2025,4.4224
8/29/2025,4.472
9/1/2025,4.5184
9/2/2025,4.5216
9/3/2025,4.5664
9/4/2025,4.5664
9/5/2025,4.5104
9/8/2025,4.512
9/9/2025,4.5152
9/10/2025,4.5184
9/11/2025,4.5664
9/12/2025,4.6016
9/15/2025,4.6656
9/16/2025,4.6656
9/17/2025,4.6416
9/18/2025,4.5696
9/19/2025,4.5456
9/22/2025,4.576
9/23/2025,4.6
9/24/2025,4.5856
9/25/2025,4.7728
9/26/2025,4.736
9/29/2025,4.7184
9/30/2025,4.896
10/1/2025,4.88
10/2/2025,4.8832
10/3/2025,4.9408
10/6/2025,5.1088
10/7/2025,5.0336
10/8/2025,5.0912
10/9/2025,5.0976
10/10/2025,5.1152
10/13/2025,4.8944
10/14/2025,4.9984
10/15/2025,4.9984
10/16/2025,4.9728
10/17/2025,4.984
10/20/2025,5.0096
10/21/2025,5.0512
10/22/2025,4.9488
10/23/2025,4.9984
10/24/2025,5.0928
10/27/2025,5.2096
10/28/2025,5.168
10/29/2025,5.2448
10/30/2025,5.104
10/31/2025,5.096
11/3/2025,5.0448
11/4/2025,4.9312
11/5/2025,4.9984
11/6/2025,4.9808
11/7/2025,4.9552
11/10/2025,5.096
11/11/2025,5.0672
11/12/2025,5.0816
11/13/2025,5.0544
11/14/2025,5.0512
11/17/2025,4.9888
11/18/2025,4.9696
11/19/2025,5.0304
11/20/2025,4.992
11/21/2025,5.0128
11/24/2025,4.9632
11/25/2025,5.008
11/26/2025,5.104
11/27/2025,5.0544
11/28/2025,5.2736
12/1/2025,5.2768
12/2/2025,5.2464
12/3/2025,5.3968
12/4/2025,5.3568
12/5/2025,5.4496
12/8/2025,5.424
12/9/2025,5.3344
12/10/2025,5.4064
12/11/2025,5.488
12/12/2025,5.3584
12/15/2025,5.4112
12/16/2025,5.3552
12/17/2025,5.4416
12/18/2025,5.4384
12/19/2025,5.5072
12/22/2025,5.4912
12/23/2025,5.5712
12/24/2025,5.5728
12/25/2025,5.5744
12/26/2025,5.8256
12/29/2025,5.5664
12/30/2025,5.7552
12/31/2025,5.696
1/1/2026,5.6816
1/2/2026,5.6992
1/5/2026,5.9632
1/6/2026,6.0528
1/7/2026,5.8784
1/8/2026,5.7968
1/9/2026,5.8976
1/12/2026,6.0096
1/13/2026,6.0128
1/14/2026,6.088
1/15/2026,5.9952
1/16/2026,5.8368
1/19/2026,5.9056
1/20/2026,5.8144
1/21/2026,5.7968
1/22/2026,5.7984
1/23/2026,5.936
1/26/2026,5.9856
1/27/2026,5.8752
1/28/2026,5.9056
1/29/2026,6.1808
1/30/2026,5.9168
2/2/2026,5.8224
2/3/2026,6.0848
2/4/2026,5.8368
2/5/2026,5.8096
2/6/2026,5.8848
2/9/2026,5.9648
2/10/2026,5.9136
2/11/2026,5.976
2/12/2026,5.7936
2/13/2026,5.7856
2/16/2026,5.7632
2/17/2026,5.6752
2/18/2026,5.7776
2/19/2026,5.7648
2/20/2026,5.8688
2/23/2026,5.7984
2/24/2026,5.8976
2/25/2026,5.9792
2/26/2026,6.0416
2/27/2026,6.0592
3/2/2026,5.9456
3/3/2026,5.8576
3/4/2026,5.904
3/5/2026,5.8064
3/6/2026,5.8192
3/9/2026,5.8976
3/10/2026,5.9184
3/11/2026,5.92
3/12/2026,5.8416
3/13/2026,5.7136
3/16/2026,5.8384
3/17/2026,5.7664
3/18/2026,5.5088
3/19/2026,5.52
3/20/2026,5.3024
3/23/2026,5.4784
3/24/2026,5.44
3/25/2026,5.5616
3/26/2026,5.4736
3/27/2026,5.4688
3/30/2026,5.4832
3/31/2026,5.6096
4/1/2026,5.648
4/2/2026,5.6816
4/3/2026,5.6816
4/6/2026,5.6016
4/7/2026,5.7088
4/8/2026,5.7488
4/9/2026,5.768
4/10/2026,5.8688
4/13/2026,6.008
4/14/2026,6.08
4/15/2026,6.096
4/16/2026,6.0624
4/17/2026,6.0864
4/20/2026,6.048
4/21/2026,6.0064
4/22/2026,6.128
4/23/2026,6.0432
4/24/2026,6.0288
4/27/2026,6.0208
4/28/2026,5.9248
4/29/2026,5.8736
4/30/2026,5.9808
5/1/2026,5.9664
5/4/2026,5.864
5/5/2026,5.9792
5/6/2026,6.1808
5/7/2026,6.1392
5/8/2026,6.2832
5/11/2026,6.4832
5/12/2026,6.6432
5/13/2026,6.6784
5/14/2026,6.5776
5/15/2026,6.2784
5/18/2026,6.3312
5/19/2026,6.1952
5/20/2026,6.3376
5/21/2026,6.3456
5/22/2026,6.3808
5/25/2026,6.4704
5/26/2026,6.424
5/27/2026,6.3376
5/28/2026,6.424
5/29/2026,6.3936
6/1/2026,6.552
6/2/2026,6.6576
6/3/2026,6.5072
6/4/2026,6.5344
6/5/2026,6.2752
6/8/2026,6.3504
6/9/2026,6.3216
6/10/2026,6.2672
6/11/2026,6.2752
6/12/2026,6.4736
6/15/2026,6.496
6/16/2026,6.504
6/17/2026,6.4928
6/18/2026,6.3856
6/19/2026,6.3376
6/22/2026,6.3648
6/23/2026,6.1472
6/24/2026,5.9488
6/25/2026,6.0736
6/26/2026,6.1376
6/29/2026,6.0976
6/30/2026,6.192
7/1/2026,6.1792
7/2/2026,6.1696
7/3/2026,6.224
7/6/2026,6.232
7/7/2026,6.2256
7/8/2026,6.1072
7/9/2026,6.2656
7/10/2026,6.2848
7/13/2026,6.2816
7/14/2026,6.3776
7/15/2026,6.3408
7/16/2026,6.3424
7/17/2026,6.2704
7/20/2026,6.3408
7/21/2026,6.552
