Date,Value
7/1/1959,1.177
7/2/1959,1.176
7/6/1959,1.171
7/7/1959,1.171
7/8/1959,1.17
7/9/1959,1.174
7/10/1959,1.182
7/13/1959,1.173
7/14/1959,1.186
7/15/1959,1.182
7/16/1959,1.181
7/17/1959,1.184
7/20/1959,1.19
7/21/1959,1.185
7/22/1959,1.183
7/23/1959,1.166
7/24/1959,1.175
7/27/1959,1.174
7/28/1959,1.166
7/29/1959,1.172
7/30/1959,1.17
7/31/1959,1.173
8/3/1959,1.165
8/4/1959,1.167
8/5/1959,1.17
8/6/1959,1.162
8/7/1959,1.16
8/10/1959,1.156
8/11/1959,1.156
8/12/1959,1.155
8/13/1959,1.16
8/14/1959,1.164
8/17/1959,1.157
8/18/1959,1.155
8/19/1959,1.156
8/20/1959,1.16
8/21/1959,1.162
8/24/1959,1.162
8/25/1959,1.162
8/26/1959,1.161
8/27/1959,1.156
8/28/1959,1.155
8/31/1959,1.153
9/1/1959,1.156
9/2/1959,1.16
9/3/1959,1.157
9/4/1959,1.16
9/8/1959,1.153
9/9/1959,1.146
9/10/1959,1.145
9/11/1959,1.141
9/14/1959,1.135
9/15/1959,1.134
9/16/1959,1.134
9/17/1959,1.134
9/18/1959,1.133
9/21/1959,1.133
9/22/1959,1.133
9/23/1959,1.142
9/24/1959,1.142
9/25/1959,1.136
9/28/1959,1.14
9/29/1959,1.135
9/30/1959,1.135
10/1/1959,1.135
10/2/1959,1.141
10/5/1959,1.141
10/6/1959,1.142
10/7/1959,1.142
10/8/1959,1.142
10/9/1959,1.137
10/12/1959,1.132
10/13/1959,1.135
10/14/1959,1.131
10/15/1959,1.131
10/16/1959,1.126
10/19/1959,1.13
10/20/1959,1.136
10/21/1959,1.144
10/22/1959,1.141
10/23/1959,1.137
10/26/1959,1.151
10/27/1959,1.144
10/28/1959,1.144
10/29/1959,1.136
10/30/1959,1.142
11/2/1959,1.141
11/3/1959,1.154
11/4/1959,1.166
11/5/1959,1.164
11/6/1959,1.171
11/9/1959,1.164
11/10/1959,1.16
11/11/1959,1.162
11/12/1959,1.166
11/13/1959,1.167
11/16/1959,1.165
11/17/1959,1.163
11/18/1959,1.163
11/19/1959,1.154
11/20/1959,1.144
11/23/1959,1.141
11/24/1959,1.143
11/25/1959,1.144
11/27/1959,1.141
11/30/1959,1.142
12/1/1959,1.142
12/2/1959,1.141
12/3/1959,1.141
12/4/1959,1.14
12/7/1959,1.143
12/8/1959,1.14
12/9/1959,1.135
12/10/1959,1.136
12/11/1959,1.135
12/14/1959,1.134
12/15/1959,1.133
12/16/1959,1.131
12/17/1959,1.12
12/18/1959,1.131
12/21/1959,1.122
12/22/1959,1.123
12/23/1959,1.133
12/24/1959,1.13
12/28/1959,1.137
12/29/1959,1.144
12/30/1959,1.141
12/31/1959,1.137
1/4/1960,1.14
1/5/1960,1.14
1/6/1960,1.144
1/7/1960,1.147
1/8/1960,1.143
1/11/1960,1.14
1/12/1960,1.142
1/13/1960,1.144
1/14/1960,1.145
1/15/1960,1.146
1/18/1960,1.152
1/19/1960,1.15
1/20/1960,1.147
1/21/1960,1.146
1/22/1960,1.144
1/25/1960,1.14
1/26/1960,1.141
1/27/1960,1.142
1/28/1960,1.142
1/29/1960,1.141
2/1/1960,1.136
2/2/1960,1.137
2/3/1960,1.145
2/4/1960,1.143
2/5/1960,1.142
2/8/1960,1.144
2/9/1960,1.143
2/10/1960,1.14
2/11/1960,1.141
2/12/1960,1.136
2/15/1960,1.133
2/16/1960,1.127
2/17/1960,1.13
2/18/1960,1.126
2/19/1960,1.12
2/23/1960,1.114
2/24/1960,1.1226
2/25/1960,1.1366
2/26/1960,1.1422
2/29/1960,1.155
3/1/1960,1.167
3/2/1960,1.166
3/3/1960,1.172
3/4/1960,1.166
3/7/1960,1.167
3/8/1960,1.17
3/9/1960,1.172
3/10/1960,1.167
3/11/1960,1.164
3/14/1960,1.166
3/15/1960,1.164
3/16/1960,1.167
3/17/1960,1.165
3/18/1960,1.164
3/21/1960,1.161
3/22/1960,1.162
3/23/1960,1.166
3/24/1960,1.172
3/25/1960,1.174
3/28/1960,1.176
3/29/1960,1.182
3/30/1960,1.19
3/31/1960,1.192
4/1/1960,1.192
4/4/1960,1.185
4/5/1960,1.18
4/6/1960,1.181
4/7/1960,1.184
4/8/1960,1.183
4/11/1960,1.183
4/12/1960,1.187
4/13/1960,1.191
4/14/1960,1.191
4/18/1960,1.191
4/19/1960,1.184
4/20/1960,1.185
4/21/1960,1.19
4/22/1960,1.192
4/25/1960,1.192
4/26/1960,1.192
4/27/1960,1.1916
4/28/1960,1.1992
4/29/1960,1.205
5/2/1960,1.205
5/3/1960,1.205
5/4/1960,1.2
5/5/1960,1.202
5/6/1960,1.206
5/9/1960,1.202
5/10/1960,1.203
5/11/1960,1.201
5/12/1960,1.207
5/13/1960,1.204
5/16/1960,1.211
5/17/1960,1.211
5/18/1960,1.207
5/19/1960,1.213
5/20/1960,1.217
5/23/1960,1.213
5/24/1960,1.211
5/25/1960,1.214
5/26/1960,1.214
5/27/1960,1.215
5/31/1960,1.213
6/1/1960,1.21
6/2/1960,1.204
6/3/1960,1.201
6/6/1960,1.201
6/7/1960,1.196
6/8/1960,1.192
6/9/1960,1.192
6/10/1960,1.184
6/13/1960,1.185
6/14/1960,1.186
6/15/1960,1.185
6/16/1960,1.187
6/17/1960,1.181
6/20/1960,1.173
6/21/1960,1.167
6/22/1960,1.157
6/23/1960,1.161
6/24/1960,1.16
6/27/1960,1.1582
6/28/1960,1.1584
6/29/1960,1.156
6/30/1960,1.159
7/1/1960,1.167
7/5/1960,1.174
7/6/1960,1.175
7/7/1960,1.173
7/8/1960,1.173
7/11/1960,1.172
7/12/1960,1.166
7/13/1960,1.165
7/14/1960,1.165
7/15/1960,1.163
7/18/1960,1.161
7/19/1960,1.163
7/20/1960,1.154
7/21/1960,1.167
7/22/1960,1.166
7/25/1960,1.163
7/26/1960,1.164
7/27/1960,1.167
7/28/1960,1.165
7/29/1960,1.161
8/1/1960,1.163
8/2/1960,1.163
8/3/1960,1.157
8/4/1960,1.163
8/5/1960,1.16
8/8/1960,1.151
8/9/1960,1.147
8/10/1960,1.151
8/11/1960,1.147
8/12/1960,1.147
8/15/1960,1.151
8/16/1960,1.154
8/17/1960,1.163
8/18/1960,1.161
8/19/1960,1.154
8/22/1960,1.152
8/23/1960,1.156
8/24/1960,1.157
8/25/1960,1.156
8/26/1960,1.148
8/29/1960,1.1336
8/30/1960,1.1198
8/31/1960,1.1084
9/1/1960,1.105
9/2/1960,1.104
9/6/1960,1.102
9/7/1960,1.102
9/8/1960,1.103
9/9/1960,1.102
9/12/1960,1.1
9/13/1960,1.1
9/14/1960,1.095
9/15/1960,1.094
9/16/1960,1.092
9/19/1960,1.092
9/20/1960,1.093
9/21/1960,1.091
9/22/1960,1.091
9/23/1960,1.093
9/26/1960,1.087
9/27/1960,1.086
9/28/1960,1.091
9/29/1960,1.09
9/30/1960,1.092
10/3/1960,1.09
10/4/1960,1.087
10/5/1960,1.086
10/6/1960,1.085
10/7/1960,1.084
10/10/1960,1.086
10/11/1960,1.084
10/12/1960,1.083
10/13/1960,1.08
10/14/1960,1.08
10/17/1960,1.076
10/18/1960,1.077
10/19/1960,1.086
10/20/1960,1.094
10/21/1960,1.091
10/24/1960,1.087
10/25/1960,1.08
10/26/1960,1.08
10/27/1960,1.08
10/28/1960,1.073
10/31/1960,1.075
11/1/1960,1.083
11/2/1960,1.083
11/3/1960,1.076
11/4/1960,1.073
11/7/1960,1.074
11/9/1960,1.074
11/10/1960,1.063
11/11/1960,1.054
11/14/1960,1.034
11/15/1960,1.031
11/16/1960,1.031
11/17/1960,1.024
11/18/1960,1.01
11/21/1960,1.007
11/22/1960,1.026
11/23/1960,1.031
11/25/1960,1.0336
11/28/1960,1.0478
11/29/1960,1.0572
11/30/1960,1.0752
12/1/1960,1.084
12/2/1960,1.085
12/5/1960,1.09
12/6/1960,1.095
12/7/1960,1.102
12/8/1960,1.094
12/9/1960,1.091
12/12/1960,1.096
12/13/1960,1.09
12/14/1960,1.086
12/15/1960,1.09
12/16/1960,1.09
12/19/1960,1.085
12/20/1960,1.087
12/21/1960,1.096
12/22/1960,1.096
12/23/1960,1.097
12/27/1960,1.094
12/28/1960,1.102
12/29/1960,1.101
12/30/1960,1.093
1/3/1961,1.102
1/4/1961,1.114
1/5/1961,1.114
1/6/1961,1.117
1/9/1961,1.115
1/10/1961,1.116
1/11/1961,1.113
1/12/1961,1.107
1/13/1961,1.115
1/16/1961,1.116
1/17/1961,1.115
1/18/1961,1.116
1/19/1961,1.115
1/20/1961,1.115
1/23/1961,1.115
1/24/1961,1.123
1/25/1961,1.121
1/26/1961,1.126
1/27/1961,1.136
1/30/1961,1.154
1/31/1961,1.152
2/1/1961,1.15
2/2/1961,1.154
2/3/1961,1.171
2/6/1961,1.184
2/7/1961,1.164
2/8/1961,1.157
2/9/1961,1.166
2/10/1961,1.155
2/13/1961,1.15
2/14/1961,1.151
2/15/1961,1.152
2/16/1961,1.153
2/17/1961,1.135
2/20/1961,1.132
2/21/1961,1.135
2/23/1961,1.1494
2/24/1961,1.1588
2/27/1961,1.1454
2/28/1961,1.1746
3/1/1961,1.173
3/2/1961,1.172
3/3/1961,1.18
3/6/1961,1.192
3/7/1961,1.184
3/8/1961,1.19
3/9/1961,1.181
3/10/1961,1.182
3/13/1961,1.18
3/14/1961,1.184
3/15/1961,1.176
3/16/1961,1.177
3/17/1961,1.165
3/20/1961,1.155
3/21/1961,1.16
3/22/1961,1.157
3/23/1961,1.157
3/24/1961,1.155
3/27/1961,1.132
3/28/1961,1.105
3/29/1961,1.082
3/30/1961,1.09
4/3/1961,1.083
4/4/1961,1.096
4/5/1961,1.1
4/6/1961,1.1
4/7/1961,1.093
4/10/1961,1.081
4/11/1961,1.093
4/12/1961,1.084
4/13/1961,1.09
4/14/1961,1.09
4/17/1961,1.087
4/18/1961,1.093
4/19/1961,1.1
4/20/1961,1.11
4/21/1961,1.114
4/24/1961,1.123
4/25/1961,1.14
4/26/1961,1.1324
4/27/1961,1.137
4/28/1961,1.1552
5/1/1961,1.162
5/2/1961,1.161
5/3/1961,1.153
5/4/1961,1.154
5/5/1961,1.154
5/8/1961,1.157
5/9/1961,1.156
5/10/1961,1.156
5/11/1961,1.162
5/12/1961,1.174
5/15/1961,1.174
5/16/1961,1.163
5/17/1961,1.167
5/18/1961,1.164
5/19/1961,1.157
5/22/1961,1.14
5/23/1961,1.142
5/24/1961,1.147
5/25/1961,1.153
5/26/1961,1.152
5/29/1961,1.155
5/31/1961,1.163
6/1/1961,1.164
6/2/1961,1.166
6/5/1961,1.171
6/6/1961,1.165
6/7/1961,1.163
6/8/1961,1.157
6/9/1961,1.147
6/12/1961,1.137
6/13/1961,1.136
6/14/1961,1.137
6/15/1961,1.141
6/16/1961,1.133
6/19/1961,1.123
6/20/1961,1.126
6/21/1961,1.126
6/22/1961,1.13
6/23/1961,1.137
6/26/1961,1.126
6/27/1961,1.1298
6/28/1961,1.1322
6/29/1961,1.151
6/30/1961,1.1636
7/3/1961,1.176
7/5/1961,1.173
7/6/1961,1.175
7/7/1961,1.172
7/10/1961,1.18
7/11/1961,1.191
7/12/1961,1.193
7/13/1961,1.172
7/14/1961,1.171
7/17/1961,1.173
7/18/1961,1.163
7/19/1961,1.163
7/20/1961,1.162
7/21/1961,1.151
7/24/1961,1.146
7/25/1961,1.154
7/26/1961,1.146
7/27/1961,1.146
7/28/1961,1.145
7/31/1961,1.134
8/1/1961,1.127
8/2/1961,1.134
8/3/1961,1.127
8/4/1961,1.123
8/7/1961,1.115
8/8/1961,1.112
8/9/1961,1.113
8/10/1961,1.114
8/11/1961,1.114
8/14/1961,1.123
8/15/1961,1.125
8/16/1961,1.122
8/17/1961,1.12
8/18/1961,1.121
8/21/1961,1.116
8/22/1961,1.117
8/23/1961,1.12
8/24/1961,1.122
8/25/1961,1.124
8/28/1961,1.1226
8/29/1961,1.1188
8/30/1961,1.124
8/31/1961,1.1254
9/1/1961,1.13
9/5/1961,1.13
9/6/1961,1.131
9/7/1961,1.133
9/8/1961,1.136
9/11/1961,1.132
9/12/1961,1.131
9/13/1961,1.136
9/14/1961,1.122
9/15/1961,1.11
9/18/1961,1.11
9/19/1961,1.11
9/20/1961,1.11
9/21/1961,1.112
9/22/1961,1.114
9/25/1961,1.104
9/26/1961,1.097
9/27/1961,1.094
9/28/1961,1.092
9/29/1961,1.092
10/2/1961,1.084
10/3/1961,1.091
10/4/1961,1.084
10/5/1961,1.08
10/6/1961,1.077
10/9/1961,1.093
10/10/1961,1.1
10/11/1961,1.113
10/12/1961,1.11
10/13/1961,1.106
10/16/1961,1.1
10/17/1961,1.093
10/18/1961,1.094
10/19/1961,1.111
10/20/1961,1.116
10/23/1961,1.115
10/24/1961,1.113
10/25/1961,1.115
10/26/1961,1.104
10/27/1961,1.097
10/30/1961,1.083
10/31/1961,1.086
11/1/1961,1.084
11/2/1961,1.09
11/3/1961,1.094
11/6/1961,1.084
11/7/1961,1.091
11/8/1961,1.101
11/9/1961,1.092
11/10/1961,1.093
11/13/1961,1.102
11/14/1961,1.11
11/15/1961,1.103
11/16/1961,1.102
11/17/1961,1.087
11/20/1961,1.09
11/21/1961,1.097
11/22/1961,1.1
11/24/1961,1.104
11/27/1961,1.1098
11/28/1961,1.1076
11/29/1961,1.11
11/30/1961,1.1206
12/1/1961,1.123
12/4/1961,1.116
12/5/1961,1.115
12/6/1961,1.112
12/7/1961,1.107
12/8/1961,1.11
12/11/1961,1.113
12/12/1961,1.114
12/13/1961,1.112
12/14/1961,1.114
12/15/1961,1.106
12/18/1961,1.102
12/19/1961,1.1
12/20/1961,1.097
12/21/1961,1.103
12/22/1961,1.104
12/26/1961,1.101
12/27/1961,1.1
12/28/1961,1.105
12/29/1961,1.106
1/2/1962,1.105
1/3/1962,1.096
1/4/1962,1.095
1/5/1962,1.093
1/8/1962,1.091
1/9/1962,1.094
1/10/1962,1.09
1/11/1962,1.075
1/12/1962,1.075
1/15/1962,1.072
1/16/1962,1.073
1/17/1962,1.066
1/18/1962,1.057
1/19/1962,1.066
1/22/1962,1.056
1/23/1962,1.061
1/24/1962,1.055
1/25/1962,1.062
1/26/1962,1.061
1/29/1962,1.064
1/30/1962,1.062
1/31/1962,1.075
2/1/1962,1.072
2/2/1962,1.066
2/5/1962,1.072
2/6/1962,1.072
2/7/1962,1.072
2/8/1962,1.066
2/9/1962,1.062
2/12/1962,1.055
2/13/1962,1.065
2/14/1962,1.063
2/15/1962,1.061
2/16/1962,1.055
2/19/1962,1.043
2/20/1962,1.05
2/21/1962,1.046
2/23/1962,1.048
2/26/1962,1.0682
2/27/1962,1.0688
2/28/1962,1.0838
3/1/1962,1.093
3/2/1962,1.093
3/5/1962,1.105
3/6/1962,1.097
3/7/1962,1.1
3/8/1962,1.101
3/9/1962,1.102
3/12/1962,1.104
3/13/1962,1.1
3/14/1962,1.095
3/15/1962,1.104
3/16/1962,1.125
3/19/1962,1.126
3/20/1962,1.132
3/21/1962,1.127
3/22/1962,1.126
3/23/1962,1.124
3/26/1962,1.122
3/27/1962,1.124
3/28/1962,1.135
3/29/1962,1.14
3/30/1962,1.146
4/2/1962,1.141
4/3/1962,1.143
4/4/1962,1.157
4/5/1962,1.152
4/6/1962,1.145
4/9/1962,1.12
4/10/1962,1.133
4/11/1962,1.115
4/12/1962,1.117
4/13/1962,1.107
4/16/1962,1.106
4/17/1962,1.104
4/18/1962,1.106
4/19/1962,1.123
4/23/1962,1.12
4/24/1962,1.121
4/25/1962,1.1306
4/26/1962,1.1298
4/27/1962,1.1368
4/30/1962,1.144
5/1/1962,1.161
5/2/1962,1.161
5/3/1962,1.171
5/4/1962,1.163
5/7/1962,1.162
5/8/1962,1.161
5/9/1962,1.154
5/10/1962,1.153
5/11/1962,1.143
5/14/1962,1.141
5/15/1962,1.147
5/16/1962,1.154
5/17/1962,1.156
5/18/1962,1.156
5/21/1962,1.16
5/22/1962,1.15
5/23/1962,1.146
5/24/1962,1.151
5/25/1962,1.157
5/28/1962,1.146
5/29/1962,1.142
5/31/1962,1.145
6/1/1962,1.14
6/4/1962,1.145
6/5/1962,1.141
6/6/1962,1.124
6/7/1962,1.105
6/8/1962,1.103
6/11/1962,1.107
6/12/1962,1.106
6/13/1962,1.115
6/14/1962,1.114
6/15/1962,1.112
6/18/1962,1.117
6/19/1962,1.123
6/20/1962,1.12
6/21/1962,1.113
6/22/1962,1.103
6/25/1962,1.097
6/26/1962,1.1034
6/27/1962,1.1032
6/28/1962,1.1202
6/29/1962,1.128
7/2/1962,1.116
7/3/1962,1.12
7/5/1962,1.12
7/6/1962,1.125
7/9/1962,1.123
7/10/1962,1.114
7/11/1962,1.104
7/12/1962,1.11
7/13/1962,1.104
7/16/1962,1.095
7/17/1962,1.094
7/18/1962,1.086
7/19/1962,1.093
7/20/1962,1.092
7/23/1962,1.082
7/24/1962,1.082
7/25/1962,1.091
7/26/1962,1.083
7/27/1962,1.072
7/30/1962,1.076
7/31/1962,1.081
8/1/1962,1.067
8/2/1962,1.056
8/3/1962,1.056
8/6/1962,1.045
8/7/1962,1.04
8/8/1962,1.047
8/9/1962,1.045
8/10/1962,1.052
8/13/1962,1.066
8/14/1962,1.076
8/15/1962,1.08
8/16/1962,1.075
8/17/1962,1.083
8/20/1962,1.082
8/21/1962,1.077
8/22/1962,1.075
8/23/1962,1.082
8/24/1962,1.07
8/27/1962,1.06
8/28/1962,1.0644
8/29/1962,1.0672
8/30/1962,1.0678
8/31/1962,1.068
9/4/1962,1.077
9/5/1962,1.072
9/6/1962,1.073
9/7/1962,1.077
9/10/1962,1.081
9/11/1962,1.08
9/12/1962,1.081
9/13/1962,1.07
9/14/1962,1.075
9/17/1962,1.077
9/18/1962,1.076
9/19/1962,1.072
9/20/1962,1.082
9/21/1962,1.081
9/24/1962,1.077
9/25/1962,1.076
9/26/1962,1.073
9/27/1962,1.077
9/28/1962,1.072
10/1/1962,1.065
10/2/1962,1.061
10/3/1962,1.061
10/4/1962,1.061
10/5/1962,1.066
10/8/1962,1.062
10/9/1962,1.054
10/10/1962,1.055
10/11/1962,1.054
10/12/1962,1.055
10/15/1962,1.052
10/16/1962,1.056
10/17/1962,1.054
10/18/1962,1.052
10/19/1962,1.05
10/22/1962,1.075
10/23/1962,1.12
10/24/1962,1.114
10/25/1962,1.085
10/26/1962,1.096
10/29/1962,1.067
10/30/1962,1.071
10/31/1962,1.071
11/1/1962,1.074
11/2/1962,1.074
11/5/1962,1.06
11/7/1962,1.054
11/8/1962,1.053
11/9/1962,1.052
11/12/1962,1.061
11/13/1962,1.062
11/14/1962,1.066
11/15/1962,1.064
11/16/1962,1.066
11/19/1962,1.081
11/20/1962,1.074
11/21/1962,1.066
11/23/1962,1.064
11/26/1962,1.062
11/27/1962,1.0694
11/28/1962,1.074
11/29/1962,1.0866
11/30/1962,1.0976
12/3/1962,1.102
12/4/1962,1.097
12/5/1962,1.105
12/6/1962,1.111
12/7/1962,1.114
12/10/1962,1.124
12/11/1962,1.125
12/12/1962,1.126
12/13/1962,1.123
12/14/1962,1.121
12/17/1962,1.123
12/18/1962,1.121
12/19/1962,1.117
12/20/1962,1.122
12/21/1962,1.115
12/26/1962,1.115
12/27/1962,1.127
12/28/1962,1.132
12/31/1962,1.126
1/2/1963,1.134
1/3/1963,1.135
1/4/1963,1.132
1/7/1963,1.136
1/8/1963,1.135
1/9/1963,1.135
1/10/1963,1.142
1/11/1963,1.145
1/14/1963,1.15
1/15/1963,1.153
1/16/1963,1.157
1/17/1963,1.163
1/18/1963,1.166
1/21/1963,1.162
1/22/1963,1.152
1/23/1963,1.154
1/24/1963,1.147
1/25/1963,1.152
1/28/1963,1.156
1/29/1963,1.157
1/30/1963,1.147
1/31/1963,1.147
2/1/1963,1.135
2/4/1963,1.141
2/5/1963,1.144
2/6/1963,1.143
2/7/1963,1.146
2/8/1963,1.153
2/11/1963,1.157
2/12/1963,1.157
2/13/1963,1.163
2/14/1963,1.172
2/15/1963,1.174
2/18/1963,1.165
2/19/1963,1.161
2/20/1963,1.161
2/21/1963,1.172
2/25/1963,1.1798
2/26/1963,1.184
2/27/1963,1.1836
2/28/1963,1.1922
3/1/1963,1.194
3/4/1963,1.191
3/5/1963,1.176
3/6/1963,1.164
3/7/1963,1.177
3/8/1963,1.175
3/11/1963,1.182
3/12/1963,1.177
3/13/1963,1.175
3/14/1963,1.175
3/15/1963,1.18
3/18/1963,1.183
3/19/1963,1.184
3/20/1963,1.181
3/21/1963,1.183
3/22/1963,1.184
3/25/1963,1.174
3/26/1963,1.173
3/27/1963,1.166
3/28/1963,1.171
3/29/1963,1.171
4/1/1963,1.163
4/2/1963,1.161
4/3/1963,1.165
4/4/1963,1.165
4/5/1963,1.163
4/8/1963,1.163
4/9/1963,1.173
4/10/1963,1.167
4/11/1963,1.17
4/15/1963,1.171
4/16/1963,1.173
4/17/1963,1.18
4/18/1963,1.185
4/19/1963,1.176
4/22/1963,1.177
4/23/1963,1.176
4/24/1963,1.172
4/25/1963,1.1796
4/26/1963,1.184
4/29/1963,1.1804
4/30/1963,1.1834
5/1/1963,1.192
5/2/1963,1.195
5/3/1963,1.197
5/6/1963,1.202
5/7/1963,1.204
5/8/1963,1.204
5/9/1963,1.21
5/10/1963,1.212
5/13/1963,1.206
5/14/1963,1.203
5/15/1963,1.216
5/16/1963,1.211
5/17/1963,1.206
5/20/1963,1.211
5/21/1963,1.204
5/22/1963,1.216
5/23/1963,1.213
5/24/1963,1.213
5/27/1963,1.207
5/28/1963,1.216
5/29/1963,1.227
5/31/1963,1.232
6/3/1963,1.235
6/4/1963,1.232
6/5/1963,1.233
6/6/1963,1.243
6/7/1963,1.246
6/10/1963,1.25
6/11/1963,1.253
6/12/1963,1.265
6/13/1963,1.266
6/14/1963,1.27
6/17/1963,1.271
6/18/1963,1.266
6/19/1963,1.257
6/20/1963,1.262
6/21/1963,1.256
6/24/1963,1.272
6/25/1963,1.264
6/26/1963,1.2624
6/27/1963,1.2596
6/28/1963,1.2436
7/1/1963,1.267
7/2/1963,1.254
7/3/1963,1.26
7/5/1963,1.254
7/8/1963,1.237
7/9/1963,1.245
7/10/1963,1.252
7/11/1963,1.25
7/12/1963,1.24
7/15/1963,1.215
7/16/1963,1.23
7/17/1963,1.233
7/18/1963,1.237
7/19/1963,1.236
7/22/1963,1.223
7/23/1963,1.235
7/24/1963,1.246
7/25/1963,1.247
7/26/1963,1.237
7/29/1963,1.23
7/30/1963,1.217
7/31/1963,1.205
8/1/1963,1.207
8/2/1963,1.222
8/5/1963,1.23
8/6/1963,1.214
8/7/1963,1.211
8/8/1963,1.214
8/9/1963,1.215
8/12/1963,1.222
8/13/1963,1.234
8/14/1963,1.232
8/15/1963,1.231
8/16/1963,1.224
8/19/1963,1.22
8/20/1963,1.224
8/21/1963,1.231
8/22/1963,1.245
8/23/1963,1.243
8/26/1963,1.255
8/27/1963,1.2312
8/28/1963,1.2044
8/29/1963,1.1796
8/30/1963,1.1568
9/3/1963,1.135
9/4/1963,1.135
9/5/1963,1.13
9/6/1963,1.124
9/9/1963,1.124
9/10/1963,1.134
9/11/1963,1.133
9/12/1963,1.137
9/13/1963,1.143
9/16/1963,1.155
9/17/1963,1.161
9/18/1963,1.16
9/19/1963,1.155
9/20/1963,1.202
9/23/1963,1.187
9/24/1963,1.214
9/25/1963,1.237
9/26/1963,1.19
9/27/1963,1.172
9/30/1963,1.197
10/1/1963,1.21
10/2/1963,1.194
10/3/1963,1.192
10/4/1963,1.202
10/7/1963,1.215
10/8/1963,1.205
10/9/1963,1.215
10/10/1963,1.212
10/11/1963,1.165
10/14/1963,1.166
10/15/1963,1.186
10/16/1963,1.181
10/17/1963,1.162
10/18/1963,1.157
10/21/1963,1.164
10/22/1963,1.171
10/23/1963,1.174
10/24/1963,1.173
10/25/1963,1.174
10/28/1963,1.173
10/29/1963,1.166
10/30/1963,1.162
10/31/1963,1.167
11/1/1963,1.183
11/4/1963,1.191
11/5/1963,1.185
11/6/1963,1.181
11/7/1963,1.183
11/8/1963,1.191
11/11/1963,1.184
11/12/1963,1.175
11/13/1963,1.176
11/14/1963,1.171
11/15/1963,1.166
11/18/1963,1.171
11/19/1963,1.167
11/20/1963,1.163
11/21/1963,1.161
11/22/1963,1.16
11/26/1963,1.1776
11/27/1963,1.1892
11/29/1963,1.193
12/2/1963,1.196
12/3/1963,1.197
12/4/1963,1.203
12/5/1963,1.206
12/6/1963,1.215
12/9/1963,1.215
12/10/1963,1.213
12/11/1963,1.211
12/12/1963,1.214
12/13/1963,1.205
12/16/1963,1.203
12/17/1963,1.203
12/18/1963,1.206
12/19/1963,1.212
12/20/1963,1.202
12/23/1963,1.203
12/24/1963,1.205
12/26/1963,1.21
12/27/1963,1.211
12/30/1963,1.204
12/31/1963,1.201
1/2/1964,1.191
1/3/1964,1.195
1/6/1964,1.207
1/7/1964,1.197
1/8/1964,1.201
1/9/1964,1.205
1/10/1964,1.207
1/13/1964,1.213
1/14/1964,1.212
1/15/1964,1.21
1/16/1964,1.206
1/17/1964,1.205
1/20/1964,1.202
1/21/1964,1.205
1/22/1964,1.206
1/23/1964,1.213
1/24/1964,1.211
1/27/1964,1.205
1/28/1964,1.207
1/29/1964,1.206
1/30/1964,1.203
1/31/1964,1.202
2/3/1964,1.196
2/4/1964,1.194
2/5/1964,1.197
2/6/1964,1.197
2/7/1964,1.196
2/10/1964,1.192
2/11/1964,1.187
2/12/1964,1.177
2/13/1964,1.174
2/14/1964,1.18
2/17/1964,1.176
2/18/1964,1.176
2/19/1964,1.174
2/20/1964,1.177
2/24/1964,1.183
2/25/1964,1.1924
2/26/1964,1.1954
2/27/1964,1.197
2/28/1964,1.2044
3/2/1964,1.212
3/3/1964,1.215
3/4/1964,1.211
3/5/1964,1.216
3/6/1964,1.217
3/9/1964,1.213
3/10/1964,1.214
3/11/1964,1.217
3/12/1964,1.221
3/13/1964,1.224
3/16/1964,1.222
3/17/1964,1.211
3/18/1964,1.221
3/19/1964,1.221
3/20/1964,1.216
3/23/1964,1.213
3/24/1964,1.21
3/25/1964,1.206
3/26/1964,1.212
3/30/1964,1.213
3/31/1964,1.213
4/1/1964,1.213
4/2/1964,1.211
4/3/1964,1.215
4/6/1964,1.215
4/7/1964,1.224
4/8/1964,1.23
4/9/1964,1.226
4/10/1964,1.221
4/13/1964,1.227
4/14/1964,1.23
4/15/1964,1.232
4/16/1964,1.235
4/17/1964,1.236
4/20/1964,1.235
4/21/1964,1.242
4/22/1964,1.24
4/23/1964,1.233
4/24/1964,1.237
4/27/1964,1.2374
4/28/1964,1.2386
4/29/1964,1.2446
4/30/1964,1.2474
5/1/1964,1.247
5/4/1964,1.252
5/5/1964,1.253
5/6/1964,1.257
5/7/1964,1.255
5/8/1964,1.256
5/11/1964,1.253
5/12/1964,1.244
5/13/1964,1.236
5/14/1964,1.232
5/15/1964,1.234
5/18/1964,1.24
5/19/1964,1.242
5/20/1964,1.24
5/21/1964,1.243
5/22/1964,1.245
5/25/1964,1.243
5/26/1964,1.237
5/27/1964,1.232
5/28/1964,1.231
6/1/1964,1.232
6/2/1964,1.241
6/3/1964,1.242
6/4/1964,1.241
6/5/1964,1.237
6/8/1964,1.232
6/9/1964,1.235
6/10/1964,1.233
6/11/1964,1.231
6/12/1964,1.23
6/15/1964,1.223
6/16/1964,1.223
6/17/1964,1.226
6/18/1964,1.231
6/19/1964,1.233
6/22/1964,1.23
6/23/1964,1.231
6/24/1964,1.232
6/25/1964,1.2264
6/26/1964,1.2232
6/29/1964,1.2204
6/30/1964,1.2104
7/1/1964,1.2
7/2/1964,1.196
7/6/1964,1.194
7/7/1964,1.19
7/8/1964,1.185
7/9/1964,1.184
7/10/1964,1.185
7/13/1964,1.175
7/14/1964,1.18
7/15/1964,1.183
7/16/1964,1.186
7/17/1964,1.185
7/20/1964,1.176
7/21/1964,1.171
7/22/1964,1.175
7/23/1964,1.183
7/24/1964,1.18
7/27/1964,1.173
7/28/1964,1.174
7/29/1964,1.174
7/30/1964,1.174
7/31/1964,1.175
8/3/1964,1.185
8/4/1964,1.186
8/5/1964,1.203
8/6/1964,1.192
8/7/1964,1.193
8/10/1964,1.184
8/11/1964,1.193
8/12/1964,1.196
8/13/1964,1.195
8/14/1964,1.19
8/17/1964,1.202
8/18/1964,1.21
8/19/1964,1.203
8/20/1964,1.202
8/21/1964,1.207
8/24/1964,1.22
8/25/1964,1.23
8/26/1964,1.237
8/27/1964,1.2346
8/28/1964,1.2234
8/31/1964,1.2118
9/1/1964,1.204
9/2/1964,1.205
9/3/1964,1.216
9/4/1964,1.23
9/8/1964,1.225
9/9/1964,1.224
9/10/1964,1.23
9/11/1964,1.245
9/14/1964,1.233
9/15/1964,1.23
9/16/1964,1.224
9/17/1964,1.231
9/18/1964,1.242
9/21/1964,1.221
9/22/1964,1.221
9/23/1964,1.22
9/24/1964,1.215
9/25/1964,1.213
9/28/1964,1.214
9/29/1964,1.215
9/30/1964,1.205
10/1/1964,1.216
10/2/1964,1.224
10/5/1964,1.221
10/6/1964,1.213
10/7/1964,1.216
10/8/1964,1.223
10/9/1964,1.225
10/12/1964,1.216
10/13/1964,1.215
10/14/1964,1.206
10/15/1964,1.205
10/16/1964,1.203
10/19/1964,1.212
10/20/1964,1.214
10/21/1964,1.215
10/22/1964,1.212
10/23/1964,1.206
10/26/1964,1.203
10/27/1964,1.203
10/28/1964,1.194
10/29/1964,1.184
10/30/1964,1.191
11/2/1964,1.194
11/4/1964,1.201
11/5/1964,1.204
11/6/1964,1.204
11/9/1964,1.204
11/10/1964,1.196
11/11/1964,1.197
11/12/1964,1.195
11/13/1964,1.192
11/16/1964,1.2
11/17/1964,1.207
11/18/1964,1.212
11/19/1964,1.22
11/20/1964,1.224
11/23/1964,1.224
11/24/1964,1.2344
11/25/1964,1.2444
11/27/1964,1.2464
11/30/1964,1.2646
12/1/1964,1.26
12/2/1964,1.254
12/3/1964,1.262
12/4/1964,1.264
12/7/1964,1.27
12/8/1964,1.266
12/9/1964,1.27
12/10/1964,1.26
12/11/1964,1.263
12/14/1964,1.264
12/15/1964,1.263
12/16/1964,1.264
12/17/1964,1.265
12/18/1964,1.265
12/21/1964,1.271
12/22/1964,1.266
12/23/1964,1.256
12/24/1964,1.256
12/28/1964,1.256
12/29/1964,1.256
12/30/1964,1.261
12/31/1964,1.263
1/4/1965,1.261
1/5/1965,1.26
1/6/1965,1.255
1/7/1965,1.255
1/8/1965,1.261
1/11/1965,1.256
1/12/1965,1.265
1/13/1965,1.265
1/14/1965,1.26
1/15/1965,1.263
1/18/1965,1.265
1/19/1965,1.264
1/20/1965,1.262
1/21/1965,1.264
1/22/1965,1.263
1/25/1965,1.263
1/26/1965,1.27
1/27/1965,1.274
1/28/1965,1.275
1/29/1965,1.27
2/1/1965,1.273
2/2/1965,1.281
2/3/1965,1.282
2/4/1965,1.284
2/5/1965,1.283
2/8/1965,1.286
2/9/1965,1.284
2/10/1965,1.283
2/11/1965,1.29
2/12/1965,1.28
2/15/1965,1.274
2/16/1965,1.274
2/17/1965,1.275
2/18/1965,1.277
2/19/1965,1.274
2/23/1965,1.2762
2/24/1965,1.2762
2/25/1965,1.281
2/26/1965,1.2954
3/1/1965,1.302
3/2/1965,1.304
3/3/1965,1.303
3/4/1965,1.31
3/5/1965,1.307
3/8/1965,1.311
3/9/1965,1.312
3/10/1965,1.314
3/11/1965,1.317
3/12/1965,1.321
3/15/1965,1.32
3/16/1965,1.317
3/17/1965,1.322
3/18/1965,1.324
3/19/1965,1.322
3/22/1965,1.326
3/23/1965,1.322
3/24/1965,1.323
3/25/1965,1.326
3/26/1965,1.332
3/29/1965,1.332
3/30/1965,1.327
3/31/1965,1.331
4/1/1965,1.327
4/2/1965,1.325
4/5/1965,1.325
4/6/1965,1.316
4/7/1965,1.32
4/8/1965,1.325
4/9/1965,1.327
4/12/1965,1.326
4/13/1965,1.323
4/14/1965,1.327
4/15/1965,1.33
4/19/1965,1.326
4/20/1965,1.33
4/21/1965,1.333
4/22/1965,1.332
4/23/1965,1.333
4/26/1965,1.335
4/27/1965,1.3428
4/28/1965,1.34
4/29/1965,1.338
4/30/1965,1.3418
5/3/1965,1.341
5/4/1965,1.343
5/5/1965,1.346
5/6/1965,1.343
5/7/1965,1.337
5/10/1965,1.334
5/11/1965,1.334
5/12/1965,1.341
5/13/1965,1.342
5/14/1965,1.346
5/17/1965,1.334
5/18/1965,1.342
5/19/1965,1.335
5/20/1965,1.337
5/21/1965,1.326
5/24/1965,1.315
5/25/1965,1.317
5/26/1965,1.322
5/27/1965,1.324
5/28/1965,1.322
6/1/1965,1.32
6/2/1965,1.314
6/3/1965,1.317
6/4/1965,1.322
6/7/1965,1.32
6/8/1965,1.32
6/9/1965,1.315
6/10/1965,1.317
6/11/1965,1.315
6/14/1965,1.32
6/15/1965,1.317
6/16/1965,1.316
6/17/1965,1.317
6/18/1965,1.326
6/21/1965,1.327
6/22/1965,1.325
6/23/1965,1.326
6/24/1965,1.326
6/25/1965,1.316
6/28/1965,1.3076
6/29/1965,1.2942
6/30/1965,1.2836
7/1/1965,1.273
7/2/1965,1.271
7/6/1965,1.265
7/7/1965,1.26
7/8/1965,1.254
7/9/1965,1.254
7/12/1965,1.246
7/13/1965,1.253
7/14/1965,1.252
7/15/1965,1.26
7/16/1965,1.26
7/19/1965,1.253
7/20/1965,1.244
7/21/1965,1.244
7/22/1965,1.255
7/23/1965,1.252
7/26/1965,1.255
7/27/1965,1.253
7/28/1965,1.254
7/29/1965,1.252
7/30/1965,1.251
8/2/1965,1.236
8/3/1965,1.233
8/4/1965,1.231
8/5/1965,1.231
8/6/1965,1.226
8/9/1965,1.214
8/10/1965,1.212
8/11/1965,1.213
8/12/1965,1.205
8/13/1965,1.207
8/16/1965,1.204
8/17/1965,1.21
8/18/1965,1.207
8/19/1965,1.206
8/20/1965,1.21
8/23/1965,1.213
8/24/1965,1.21
8/25/1965,1.214
8/26/1965,1.2076
8/27/1965,1.2068
8/30/1965,1.2032
8/31/1965,1.1926
9/1/1965,1.183
9/2/1965,1.182
9/3/1965,1.186
9/7/1965,1.184
9/8/1965,1.182
9/9/1965,1.174
9/10/1965,1.174
9/13/1965,1.166
9/14/1965,1.17
9/15/1965,1.172
9/16/1965,1.181
9/17/1965,1.175
9/20/1965,1.172
9/21/1965,1.172
9/22/1965,1.177
9/23/1965,1.173
9/24/1965,1.167
9/27/1965,1.171
9/28/1965,1.163
9/29/1965,1.162
9/30/1965,1.163
10/1/1965,1.157
10/4/1965,1.151
10/5/1965,1.153
10/6/1965,1.152
10/7/1965,1.151
10/8/1965,1.155
10/11/1965,1.15
10/12/1965,1.144
10/13/1965,1.146
10/14/1965,1.145
10/15/1965,1.147
10/18/1965,1.141
10/19/1965,1.141
10/20/1965,1.144
10/21/1965,1.152
10/22/1965,1.146
10/25/1965,1.14
10/26/1965,1.14
10/27/1965,1.141
10/28/1965,1.141
10/29/1965,1.143
11/1/1965,1.144
11/2/1965,1.151
11/3/1965,1.144
11/4/1965,1.144
11/5/1965,1.144
11/8/1965,1.15
11/9/1965,1.155
11/10/1965,1.154
11/11/1965,1.156
11/12/1965,1.165
11/15/1965,1.16
11/16/1965,1.163
11/17/1965,1.153
11/18/1965,1.16
11/19/1965,1.155
11/22/1965,1.152
11/23/1965,1.152
11/24/1965,1.1606
11/26/1965,1.1772
11/29/1965,1.1898
11/30/1965,1.2142
12/1/1965,1.23
12/2/1965,1.242
12/3/1965,1.242
12/6/1965,1.243
12/7/1965,1.242
12/8/1965,1.241
12/9/1965,1.244
12/10/1965,1.255
12/13/1965,1.267
12/14/1965,1.252
12/15/1965,1.26
12/16/1965,1.251
12/17/1965,1.253
12/20/1965,1.247
12/21/1965,1.252
12/22/1965,1.252
12/23/1965,1.247
12/27/1965,1.245
12/28/1965,1.244
12/29/1965,1.243
12/30/1965,1.247
1/3/1966,1.263
1/4/1966,1.262
1/5/1966,1.274
1/6/1966,1.276
1/7/1966,1.276
1/10/1966,1.271
1/11/1966,1.277
1/12/1966,1.291
1/13/1966,1.307
1/14/1966,1.3
1/17/1966,1.295
1/18/1966,1.294
1/19/1966,1.293
1/20/1966,1.296
1/21/1966,1.295
1/24/1966,1.297
1/25/1966,1.301
1/26/1966,1.293
1/27/1966,1.291
1/28/1966,1.292
1/31/1966,1.284
2/1/1966,1.281
2/2/1966,1.284
2/3/1966,1.287
2/4/1966,1.287
2/7/1966,1.292
2/8/1966,1.287
2/9/1966,1.291
2/10/1966,1.292
2/11/1966,1.286
2/14/1966,1.286
2/15/1966,1.28
2/16/1966,1.273
2/17/1966,1.273
2/18/1966,1.262
2/21/1966,1.257
2/23/1966,1.2642
2/24/1966,1.254
2/25/1966,1.2514
2/28/1966,1.2462
3/1/1966,1.261
3/2/1966,1.267
3/3/1966,1.242
3/4/1966,1.256
3/7/1966,1.262
3/8/1966,1.253
3/9/1966,1.253
3/10/1966,1.246
3/11/1966,1.251
3/14/1966,1.246
3/15/1966,1.242
3/16/1966,1.241
3/17/1966,1.243
3/18/1966,1.244
3/21/1966,1.252
3/22/1966,1.256
3/23/1966,1.262
3/24/1966,1.262
3/25/1966,1.257
3/28/1966,1.251
3/29/1966,1.247
3/30/1966,1.254
3/31/1966,1.247
4/1/1966,1.25
4/4/1966,1.246
4/5/1966,1.251
4/6/1966,1.255
4/7/1966,1.26
4/11/1966,1.261
4/12/1966,1.264
4/13/1966,1.273
4/14/1966,1.271
4/15/1966,1.266
4/18/1966,1.272
4/19/1966,1.277
4/20/1966,1.277
4/21/1966,1.276
4/22/1966,1.273
4/25/1966,1.274
4/26/1966,1.2772
4/27/1966,1.2738
4/28/1966,1.273
4/29/1966,1.2736
5/2/1966,1.26
5/3/1966,1.257
5/4/1966,1.254
5/5/1966,1.264
5/6/1966,1.262
5/9/1966,1.267
5/10/1966,1.266
5/11/1966,1.274
5/12/1966,1.267
5/13/1966,1.275
5/16/1966,1.271
5/17/1966,1.276
5/18/1966,1.275
5/19/1966,1.266
5/20/1966,1.266
5/23/1966,1.274
5/24/1966,1.27
5/25/1966,1.266
5/26/1966,1.262
5/27/1966,1.262
5/31/1966,1.272
6/1/1966,1.272
6/2/1966,1.271
6/3/1966,1.27
6/6/1966,1.271
6/7/1966,1.265
6/8/1966,1.264
6/9/1966,1.271
6/10/1966,1.27
6/13/1966,1.27
6/14/1966,1.27
6/15/1966,1.266
6/16/1966,1.275
6/17/1966,1.285
6/20/1966,1.322
6/21/1966,1.317
6/22/1966,1.312
6/23/1966,1.336
6/24/1966,1.33
6/27/1966,1.35
6/28/1966,1.3402
6/29/1966,1.3596
6/30/1966,1.3596
7/1/1966,1.36
7/5/1966,1.382
7/6/1966,1.37
7/7/1966,1.354
7/8/1966,1.36
7/11/1966,1.392
7/12/1966,1.406
7/13/1966,1.396
7/14/1966,1.382
7/15/1966,1.397
7/18/1966,1.431
7/19/1966,1.435
7/20/1966,1.443
7/21/1966,1.432
7/22/1966,1.407
7/25/1966,1.44
7/26/1966,1.416
7/27/1966,1.397
7/28/1966,1.406
7/29/1966,1.411
8/1/1966,1.411
8/2/1966,1.426
8/3/1966,1.43
8/4/1966,1.431
8/5/1966,1.432
8/8/1966,1.427
8/9/1966,1.434
8/10/1966,1.433
8/11/1966,1.464
8/12/1966,1.457
8/15/1966,1.476
8/16/1966,1.5
8/17/1966,1.504
8/18/1966,1.502
8/19/1966,1.51
8/22/1966,1.491
8/23/1966,1.48
8/24/1966,1.483
8/25/1966,1.474
8/26/1966,1.454
8/29/1966,1.454
8/30/1966,1.4404
8/31/1966,1.4484
9/1/1966,1.472
9/2/1966,1.476
9/6/1966,1.484
9/7/1966,1.471
9/8/1966,1.464
9/9/1966,1.482
9/12/1966,1.414
9/13/1966,1.435
9/14/1966,1.451
9/15/1966,1.432
9/16/1966,1.427
9/19/1966,1.402
9/20/1966,1.403
9/21/1966,1.383
9/22/1966,1.386
9/23/1966,1.383
9/26/1966,1.39
9/27/1966,1.382
9/28/1966,1.366
9/29/1966,1.37
9/30/1966,1.381
10/3/1966,1.363
10/4/1966,1.342
10/5/1966,1.352
10/6/1966,1.355
10/7/1966,1.361
10/10/1966,1.356
10/11/1966,1.356
10/12/1966,1.34
10/13/1966,1.332
10/14/1966,1.35
10/17/1966,1.352
10/18/1966,1.345
10/19/1966,1.345
10/20/1966,1.355
10/21/1966,1.36
10/24/1966,1.341
10/25/1966,1.353
10/26/1966,1.37
10/27/1966,1.357
10/28/1966,1.357
10/31/1966,1.375
11/1/1966,1.37
11/2/1966,1.391
11/3/1966,1.404
11/4/1966,1.395
11/7/1966,1.393
11/9/1966,1.385
11/10/1966,1.393
11/11/1966,1.411
11/14/1966,1.413
11/15/1966,1.401
11/16/1966,1.373
11/17/1966,1.382
11/18/1966,1.374
11/21/1966,1.383
11/22/1966,1.38
11/23/1966,1.39
11/25/1966,1.3942
11/28/1966,1.414
11/29/1966,1.436
11/30/1966,1.444
12/1/1966,1.484
12/2/1966,1.481
12/5/1966,1.49
12/6/1966,1.474
12/7/1966,1.475
12/8/1966,1.48
12/9/1966,1.476
12/12/1966,1.472
12/13/1966,1.465
12/14/1966,1.441
12/15/1966,1.442
12/16/1966,1.455
12/19/1966,1.441
12/20/1966,1.447
12/21/1966,1.425
12/22/1966,1.417
12/23/1966,1.422
12/27/1966,1.423
12/28/1966,1.432
12/29/1966,1.42
12/30/1966,1.42
1/3/1967,1.416
1/4/1967,1.411
1/5/1967,1.413
1/6/1967,1.426
1/9/1967,1.431
1/10/1967,1.427
1/11/1967,1.436
1/12/1967,1.422
1/13/1967,1.416
1/16/1967,1.393
1/17/1967,1.393
1/18/1967,1.394
1/19/1967,1.397
1/20/1967,1.396
1/23/1967,1.394
1/24/1967,1.4
1/25/1967,1.42
1/26/1967,1.422
1/30/1967,1.421
1/31/1967,1.394
2/1/1967,1.41
2/2/1967,1.405
2/3/1967,1.401
2/6/1967,1.395
2/7/1967,1.387
2/8/1967,1.363
2/9/1967,1.374
2/10/1967,1.371
2/13/1967,1.354
2/14/1967,1.346
2/15/1967,1.345
2/16/1967,1.365
2/17/1967,1.366
2/20/1967,1.376
2/21/1967,1.383
2/23/1967,1.3906
2/24/1967,1.4062
2/27/1967,1.4076
2/28/1967,1.4236
3/1/1967,1.441
3/2/1967,1.43
3/3/1967,1.431
3/6/1967,1.431
3/7/1967,1.426
3/8/1967,1.422
3/9/1967,1.42
3/10/1967,1.422
3/13/1967,1.427
3/14/1967,1.427
3/15/1967,1.425
3/16/1967,1.422
3/17/1967,1.412
3/20/1967,1.405
3/21/1967,1.426
3/22/1967,1.41
3/23/1967,1.41
3/27/1967,1.422
3/28/1967,1.412
3/29/1967,1.4
3/30/1967,1.404
3/31/1967,1.413
4/3/1967,1.42
4/4/1967,1.423
4/5/1967,1.422
4/6/1967,1.425
4/7/1967,1.423
4/10/1967,1.434
4/11/1967,1.397
4/12/1967,1.373
4/13/1967,1.376
4/14/1967,1.365
4/17/1967,1.341
4/18/1967,1.344
4/19/1967,1.346
4/20/1967,1.353
4/21/1967,1.335
4/24/1967,1.335
4/25/1967,1.2972
4/26/1967,1.3092
4/27/1967,1.3088
4/28/1967,1.3238
5/1/1967,1.352
5/2/1967,1.347
5/3/1967,1.356
5/4/1967,1.36
5/5/1967,1.354
5/8/1967,1.355
5/9/1967,1.35
5/10/1967,1.341
5/11/1967,1.351
5/12/1967,1.354
5/15/1967,1.344
5/16/1967,1.336
5/17/1967,1.323
5/18/1967,1.326
5/19/1967,1.337
5/22/1967,1.334
5/23/1967,1.36
5/24/1967,1.354
5/25/1967,1.346
5/26/1967,1.357
5/29/1967,1.344
5/31/1967,1.355
6/1/1967,1.347
6/2/1967,1.347
6/5/1967,1.375
6/6/1967,1.361
6/7/1967,1.342
6/8/1967,1.344
6/9/1967,1.33
6/12/1967,1.323
6/13/1967,1.324
6/14/1967,1.321
6/15/1967,1.314
6/16/1967,1.324
6/19/1967,1.306
6/20/1967,1.313
6/21/1967,1.32
6/22/1967,1.322
6/23/1967,1.321
6/26/1967,1.317
6/27/1967,1.3136
6/28/1967,1.3152
6/29/1967,1.3074
6/30/1967,1.3084
7/3/1967,1.302
7/5/1967,1.305
7/6/1967,1.31
7/7/1967,1.307
7/10/1967,1.29
7/11/1967,1.284
7/12/1967,1.257
7/13/1967,1.255
7/14/1967,1.254
7/17/1967,1.263
7/18/1967,1.264
7/19/1967,1.255
7/20/1967,1.256
7/21/1967,1.252
7/24/1967,1.236
7/25/1967,1.25
7/26/1967,1.26
7/27/1967,1.246
7/28/1967,1.243
7/31/1967,1.236
8/1/1967,1.217
8/2/1967,1.214
8/3/1967,1.221
8/4/1967,1.221
8/7/1967,1.216
8/8/1967,1.206
8/9/1967,1.196
8/10/1967,1.194
8/11/1967,1.196
8/14/1967,1.187
8/15/1967,1.186
8/16/1967,1.202
8/17/1967,1.206
8/18/1967,1.213
8/21/1967,1.207
8/22/1967,1.204
8/23/1967,1.204
8/24/1967,1.203
8/25/1967,1.203
8/28/1967,1.1898
8/29/1967,1.1868
8/30/1967,1.1876
8/31/1967,1.1836
9/1/1967,1.172
9/5/1967,1.175
9/6/1967,1.172
9/7/1967,1.166
9/8/1967,1.165
9/11/1967,1.165
9/12/1967,1.157
9/13/1967,1.162
9/14/1967,1.162
9/15/1967,1.16
9/18/1967,1.157
9/19/1967,1.16
9/20/1967,1.15
9/21/1967,1.145
9/22/1967,1.144
9/25/1967,1.135
9/26/1967,1.142
9/27/1967,1.143
9/28/1967,1.14
9/29/1967,1.133
10/2/1967,1.126
10/3/1967,1.134
10/4/1967,1.14
10/5/1967,1.144
10/6/1967,1.15
10/9/1967,1.137
10/10/1967,1.14
10/11/1967,1.134
10/12/1967,1.136
10/13/1967,1.144
10/16/1967,1.15
10/17/1967,1.143
10/18/1967,1.141
10/19/1967,1.135
10/20/1967,1.131
10/23/1967,1.13
10/24/1967,1.14
10/25/1967,1.142
10/26/1967,1.146
10/27/1967,1.133
10/30/1967,1.131
10/31/1967,1.142
11/1/1967,1.141
11/2/1967,1.144
11/3/1967,1.143
11/6/1967,1.123
11/7/1967,1.121
11/8/1967,1.12
11/9/1967,1.123
11/10/1967,1.123
11/13/1967,1.126
11/14/1967,1.121
11/15/1967,1.121
11/16/1967,1.123
11/17/1967,1.123
11/20/1967,1.122
11/21/1967,1.124
11/22/1967,1.135
11/24/1967,1.151
11/27/1967,1.1336
11/28/1967,1.1492
11/29/1967,1.1656
11/30/1967,1.169
12/1/1967,1.181
12/4/1967,1.175
12/5/1967,1.182
12/6/1967,1.194
12/7/1967,1.19
12/8/1967,1.196
12/11/1967,1.214
12/12/1967,1.207
12/13/1967,1.196
12/14/1967,1.194
12/15/1967,1.201
12/18/1967,1.197
12/19/1967,1.203
12/20/1967,1.185
12/21/1967,1.191
12/22/1967,1.192
12/26/1967,1.187
12/27/1967,1.184
12/28/1967,1.19
12/29/1967,1.183
1/2/1968,1.177
1/3/1968,1.181
1/4/1968,1.186
1/5/1968,1.182
1/8/1968,1.185
1/9/1968,1.183
1/10/1968,1.183
1/11/1968,1.191
1/12/1968,1.193
1/15/1968,1.197
1/16/1968,1.196
1/17/1968,1.197
1/18/1968,1.194
1/19/1968,1.186
1/22/1968,1.187
1/23/1968,1.194
1/24/1968,1.195
1/25/1968,1.194
1/26/1968,1.195
1/29/1968,1.191
1/30/1968,1.183
1/31/1968,1.187
2/1/1968,1.193
2/2/1968,1.192
2/5/1968,1.186
2/6/1968,1.185
2/7/1968,1.186
2/8/1968,1.194
2/9/1968,1.181
2/13/1968,1.19
2/14/1968,1.191
2/15/1968,1.193
2/16/1968,1.191
2/19/1968,1.186
2/20/1968,1.186
2/21/1968,1.181
2/23/1968,1.175
2/26/1968,1.1884
2/27/1968,1.193
2/28/1968,1.1972
2/29/1968,1.2062
3/1/1968,1.225
3/4/1968,1.223
3/5/1968,1.222
3/6/1968,1.222
3/7/1968,1.213
3/8/1968,1.221
3/11/1968,1.215
3/12/1968,1.22
3/13/1968,1.225
3/14/1968,1.23
3/15/1968,1.222
3/18/1968,1.215
3/19/1968,1.217
3/20/1968,1.221
3/21/1968,1.225
3/22/1968,1.224
3/25/1968,1.212
3/26/1968,1.207
3/27/1968,1.212
3/28/1968,1.212
3/29/1968,1.21
4/1/1968,1.203
4/2/1968,1.197
4/3/1968,1.194
4/4/1968,1.182
4/5/1968,1.176
4/8/1968,1.173
4/10/1968,1.173
4/11/1968,1.155
4/15/1968,1.142
4/16/1968,1.152
4/17/1968,1.161
4/18/1968,1.163
4/19/1968,1.164
4/22/1968,1.157
4/23/1968,1.157
4/24/1968,1.155
4/25/1968,1.152
4/26/1968,1.1584
4/29/1968,1.1518
4/30/1968,1.1574
5/1/1968,1.167
5/2/1968,1.172
5/3/1968,1.181
5/6/1968,1.174
5/7/1968,1.175
5/8/1968,1.186
5/9/1968,1.185
5/10/1968,1.182
5/13/1968,1.177
5/14/1968,1.176
5/15/1968,1.17
5/16/1968,1.17
5/17/1968,1.164
5/20/1968,1.154
5/21/1968,1.154
5/22/1968,1.164
5/23/1968,1.161
5/24/1968,1.157
5/27/1968,1.16
5/28/1968,1.155
5/29/1968,1.157
5/31/1968,1.163
6/3/1968,1.154
6/4/1968,1.151
6/5/1968,1.146
6/6/1968,1.154
6/7/1968,1.15
6/10/1968,1.15
6/11/1968,1.15
6/12/1968,1.152
6/13/1968,1.151
6/14/1968,1.147
6/17/1968,1.141
6/18/1968,1.136
6/19/1968,1.132
6/20/1968,1.126
6/21/1968,1.124
6/24/1968,1.116
6/25/1968,1.1152
6/26/1968,1.1206
6/27/1968,1.1314
6/28/1968,1.132
7/1/1968,1.133
7/2/1968,1.126
7/3/1968,1.121
7/5/1968,1.125
7/8/1968,1.114
7/9/1968,1.115
7/10/1968,1.12
7/11/1968,1.11
7/12/1968,1.115
7/15/1968,1.123
7/16/1968,1.116
7/17/1968,1.113
7/18/1968,1.103
7/19/1968,1.11
7/22/1968,1.103
7/23/1968,1.102
7/24/1968,1.101
7/25/1968,1.095
7/26/1968,1.092
7/29/1968,1.077
7/30/1968,1.064
7/31/1968,1.065
8/1/1968,1.065
8/2/1968,1.062
8/5/1968,1.053
8/6/1968,1.051
8/7/1968,1.05
8/8/1968,1.055
8/9/1968,1.053
8/12/1968,1.043
8/13/1968,1.055
8/14/1968,1.054
8/15/1968,1.055
8/16/1968,1.056
8/19/1968,1.063
8/20/1968,1.063
8/21/1968,1.065
8/22/1968,1.057
8/23/1968,1.051
8/26/1968,1.046
8/27/1968,1.0508
8/28/1968,1.0506
8/29/1968,1.041
8/30/1968,1.0372
9/3/1968,1.032
9/4/1968,1.032
9/5/1968,1.026
9/6/1968,1.027
9/9/1968,1.03
9/10/1968,1.026
9/11/1968,1.025
9/12/1968,1.03
9/13/1968,1.031
9/16/1968,1.032
9/17/1968,1.027
9/18/1968,1.024
9/19/1968,1.026
9/20/1968,1.026
9/23/1968,1.033
9/24/1968,1.034
9/25/1968,1.026
9/26/1968,1.025
9/27/1968,1.022
9/30/1968,1.014
10/1/1968,1.014
10/2/1968,1.016
10/3/1968,1.021
10/4/1968,1.017
10/7/1968,1.02
10/8/1968,1.023
10/9/1968,1.045
10/10/1968,1.034
10/11/1968,1.036
10/14/1968,1.053
10/15/1968,1.056
10/16/1968,1.072
10/17/1968,1.07
10/18/1968,1.065
10/21/1968,1.061
10/22/1968,1.065
10/23/1968,1.093
10/24/1968,1.093
10/25/1968,1.09
10/28/1968,1.093
10/29/1968,1.125
10/30/1968,1.122
10/31/1968,1.105
11/1/1968,1.106
11/4/1968,1.122
11/6/1968,1.137
11/7/1968,1.157
11/8/1968,1.146
11/11/1968,1.151
11/12/1968,1.144
11/13/1968,1.177
11/14/1968,1.164
11/15/1968,1.174
11/18/1968,1.186
11/19/1968,1.176
11/20/1968,1.157
11/21/1968,1.156
11/22/1968,1.153
11/25/1968,1.1588
11/26/1968,1.1689
11/27/1968,1.1818
11/29/1968,1.193
12/2/1968,1.18
12/3/1968,1.1738
12/4/1968,1.1788
12/5/1968,1.17
12/6/1968,1.1838
12/9/1968,1.1725
12/10/1968,1.175
12/11/1968,1.1775
12/12/1968,1.1863
12/13/1968,1.1863
12/16/1968,1.1838
12/17/1968,1.1813
12/18/1968,1.1788
12/19/1968,1.1825
12/20/1968,1.1763
12/23/1968,1.17
12/24/1968,1.1738
12/26/1968,1.1788
12/27/1968,1.175
12/30/1968,1.1825
12/31/1968,1.1788
1/2/1969,1.1738
1/3/1969,1.1788
1/6/1969,1.1813
1/7/1969,1.1813
1/8/1969,1.1838
1/9/1969,1.1875
1/10/1969,1.1863
1/13/1969,1.1838
1/14/1969,1.18
1/15/1969,1.1813
1/16/1969,1.1825
1/17/1969,1.1763
1/20/1969,1.1725
1/21/1969,1.1738
1/22/1969,1.17
1/23/1969,1.175
1/24/1969,1.1763
1/27/1969,1.17
1/28/1969,1.1725
1/29/1969,1.175
1/30/1969,1.175
1/31/1969,1.17
2/3/1969,1.1713
2/4/1969,1.17
2/5/1969,1.1675
2/6/1969,1.1663
2/7/1969,1.1688
2/10/1969,1.1538
2/11/1969,1.1538
2/12/1969,1.1538
2/13/1969,1.16
2/14/1969,1.1575
2/17/1969,1.16
2/18/1969,1.1575
2/19/1969,1.155
2/20/1969,1.1575
2/24/1969,1.1488
2/25/1969,1.1495
2/26/1969,1.1518
2/27/1969,1.165
2/28/1969,1.1703
3/3/1969,1.1863
3/4/1969,1.1925
3/5/1969,1.1838
3/6/1969,1.1813
3/7/1969,1.185
3/10/1969,1.1788
3/11/1969,1.18
3/12/1969,1.18
3/13/1969,1.1775
3/14/1969,1.1688
3/17/1969,1.1613
3/18/1969,1.155
3/19/1969,1.1613
3/20/1969,1.1575
3/21/1969,1.1563
3/24/1969,1.1638
3/25/1969,1.1625
3/26/1969,1.1638
3/27/1969,1.1588
3/28/1969,1.1613
4/1/1969,1.1663
4/2/1969,1.1675
4/3/1969,1.1713
4/7/1969,1.17
4/8/1969,1.175
4/9/1969,1.1763
4/10/1969,1.1788
4/11/1969,1.1875
4/14/1969,1.1938
4/15/1969,1.1975
4/16/1969,1.2038
4/17/1969,1.2025
4/18/1969,1.2138
4/21/1969,1.2088
4/22/1969,1.2075
4/23/1969,1.2125
4/24/1969,1.215
4/25/1969,1.2508
4/28/1969,1.2658
4/29/1969,1.2565
4/30/1969,1.2688
5/1/1969,1.265
5/2/1969,1.2638
5/5/1969,1.285
5/6/1969,1.29
5/7/1969,1.2863
5/8/1969,1.2888
5/9/1969,1.2875
5/12/1969,1.285
5/13/1969,1.2875
5/14/1969,1.2913
5/15/1969,1.2925
5/16/1969,1.2888
5/19/1969,1.3125
5/20/1969,1.3075
5/21/1969,1.3088
5/22/1969,1.2975
5/23/1969,1.2863
5/26/1969,1.2575
5/27/1969,1.2738
5/28/1969,1.2763
5/29/1969,1.2775
6/2/1969,1.33
6/3/1969,1.345
6/4/1969,1.3475
6/5/1969,1.345
6/6/1969,1.34
6/9/1969,1.345
6/10/1969,1.3275
6/11/1969,1.3025
6/12/1969,1.3
6/13/1969,1.3
6/16/1969,1.295
6/17/1969,1.2887
6/18/1969,1.3
6/19/1969,1.315
6/20/1969,1.3075
6/23/1969,1.31
6/24/1969,1.3025
6/25/1969,1.3
6/26/1969,1.2875
6/27/1969,1.2825
6/30/1969,1.2875
7/1/1969,1.29
7/2/1969,1.29
7/3/1969,1.2875
7/7/1969,1.3
7/8/1969,1.3025
7/9/1969,1.2975
7/10/1969,1.3
7/11/1969,1.3
7/14/1969,1.295
7/15/1969,1.295
7/16/1969,1.295
7/17/1969,1.3
7/18/1969,1.315
7/22/1969,1.305
7/23/1969,1.29
7/24/1969,1.2975
7/25/1969,1.24
7/28/1969,1.2525
7/29/1969,1.25
7/30/1969,1.26
7/31/1969,1.2675
8/1/1969,1.27
8/4/1969,1.27
8/5/1969,1.27
8/6/1969,1.285
8/7/1969,1.31
8/8/1969,1.29
8/11/1969,1.285
8/12/1969,1.295
8/13/1969,1.2925
8/14/1969,1.3025
8/15/1969,1.31
8/18/1969,1.31
8/19/1969,1.3075
8/20/1969,1.3175
8/21/1969,1.32
8/22/1969,1.32
8/25/1969,1.3125
8/26/1969,1.315
8/27/1969,1.29
8/28/1969,1.295
8/29/1969,1.29
9/2/1969,1.27
9/3/1969,1.26
9/4/1969,1.265
9/5/1969,1.27
9/8/1969,1.26
9/9/1969,1.27
9/10/1969,1.2675
9/11/1969,1.2425
9/12/1969,1.24
9/15/1969,1.2425
9/16/1969,1.245
9/17/1969,1.2525
9/18/1969,1.255
9/19/1969,1.24
9/22/1969,1.2275
9/23/1969,1.22
9/24/1969,1.2275
9/25/1969,1.23
9/26/1969,1.1925
9/29/1969,1.1875
9/30/1969,1.19
10/1/1969,1.1975
10/2/1969,1.1975
10/3/1969,1.2125
10/6/1969,1.2425
10/7/1969,1.235
10/8/1969,1.205
10/9/1969,1.235
10/10/1969,1.2375
10/13/1969,1.3
10/14/1969,1.27
10/15/1969,1.29
10/16/1969,1.25
10/17/1969,1.22
10/20/1969,1.21
10/21/1969,1.2
10/22/1969,1.165
10/23/1969,1.1687
10/24/1969,1.18
10/27/1969,1.1625
10/28/1969,1.15
10/29/1969,1.1675
10/30/1969,1.1675
10/31/1969,1.1575
11/3/1969,1.1625
11/4/1969,1.17
11/5/1969,1.15
11/6/1969,1.16
11/7/1969,1.15
11/10/1969,1.155
11/11/1969,1.17
11/12/1969,1.175
11/13/1969,1.195
11/14/1969,1.19
11/17/1969,1.1925
11/18/1969,1.1975
11/19/1969,1.1925
11/20/1969,1.1925
11/21/1969,1.195
11/24/1969,1.1975
11/25/1969,1.185
11/26/1969,1.2025
11/28/1969,1.1875
12/1/1969,1.18
12/2/1969,1.17
12/3/1969,1.1825
12/4/1969,1.195
12/5/1969,1.1875
12/8/1969,1.2
12/9/1969,1.19
12/10/1969,1.1875
12/11/1969,1.185
12/12/1969,1.19
12/15/1969,1.1875
12/16/1969,1.18
12/17/1969,1.18
12/18/1969,1.1825
12/19/1969,1.1925
12/22/1969,1.185
12/23/1969,1.185
12/24/1969,1.1925
12/26/1969,1.1925
12/29/1969,1.19
12/30/1969,1.21
12/31/1969,1.2225
1/2/1970,1.2225
1/5/1970,1.25
1/6/1970,1.25
1/7/1970,1.245
1/8/1970,1.245
1/9/1970,1.245
1/12/1970,1.2575
1/13/1970,1.2775
1/14/1970,1.2625
1/15/1970,1.26
1/16/1970,1.27
1/19/1970,1.2625
1/20/1970,1.2625
1/21/1970,1.26
1/22/1970,1.2625
1/23/1970,1.265
1/26/1970,1.27
1/27/1970,1.265
1/28/1970,1.2675
1/29/1970,1.27
1/30/1970,1.26
2/2/1970,1.2725
2/3/1970,1.27
2/4/1970,1.255
2/5/1970,1.2525
2/6/1970,1.255
2/9/1970,1.255
2/10/1970,1.255
2/11/1970,1.26
2/12/1970,1.2675
2/13/1970,1.2825
2/16/1970,1.28
2/17/1970,1.2625
2/18/1970,1.2675
2/19/1970,1.265
2/20/1970,1.27
2/24/1970,1.27
2/25/1970,1.245
2/26/1970,1.235
2/27/1970,1.265
3/2/1970,1.26
3/3/1970,1.255
3/4/1970,1.25
3/5/1970,1.255
3/6/1970,1.26
3/9/1970,1.26
3/10/1970,1.255
3/11/1970,1.25
3/12/1970,1.255
3/13/1970,1.255
3/16/1970,1.2575
3/17/1970,1.24
3/18/1970,1.2375
3/19/1970,1.24
3/20/1970,1.23
3/23/1970,1.235
3/24/1970,1.2325
3/25/1970,1.215
3/26/1970,1.2225
3/30/1970,1.2275
3/31/1970,1.2375
4/1/1970,1.245
4/2/1970,1.255
4/3/1970,1.27
4/6/1970,1.27
4/7/1970,1.275
4/8/1970,1.2675
4/9/1970,1.27
4/10/1970,1.2725
4/13/1970,1.285
4/14/1970,1.295
4/15/1970,1.2925
4/16/1970,1.2825
4/17/1970,1.29
4/20/1970,1.3
4/21/1970,1.2875
4/22/1970,1.3
4/23/1970,1.2825
4/24/1970,1.3025
4/27/1970,1.31
4/28/1970,1.3075
4/29/1970,1.3
4/30/1970,1.31
5/1/1970,1.32
5/4/1970,1.315
5/5/1970,1.31
5/6/1970,1.315
5/7/1970,1.31
5/8/1970,1.315
5/11/1970,1.32
5/12/1970,1.32
5/13/1970,1.3275
5/14/1970,1.34
5/15/1970,1.3325
5/18/1970,1.3325
5/19/1970,1.3225
5/20/1970,1.3225
5/21/1970,1.335
5/22/1970,1.31
5/25/1970,1.31
5/26/1970,1.315
5/27/1970,1.315
5/28/1970,1.3225
5/29/1970,1.3225
6/1/1970,1.325
6/2/1970,1.3375
6/3/1970,1.345
6/4/1970,1.35
6/5/1970,1.345
6/8/1970,1.35
6/9/1970,1.3575
6/10/1970,1.355
6/11/1970,1.365
6/12/1970,1.3675
6/15/1970,1.3775
6/16/1970,1.38
6/17/1970,1.385
6/18/1970,1.3875
6/19/1970,1.39
6/22/1970,1.3925
6/23/1970,1.3775
6/24/1970,1.38
6/25/1970,1.3975
6/26/1970,1.395
6/29/1970,1.41
6/30/1970,1.41
7/1/1970,1.395
7/2/1970,1.4075
7/6/1970,1.3925
7/7/1970,1.39
7/8/1970,1.405
7/9/1970,1.41
7/10/1970,1.41
7/13/1970,1.405
7/14/1970,1.395
7/15/1970,1.39
7/16/1970,1.3912
7/17/1970,1.405
7/20/1970,1.38
7/21/1970,1.37
7/22/1970,1.37
7/23/1970,1.385
7/24/1970,1.395
7/27/1970,1.3875
7/28/1970,1.34
7/29/1970,1.36
7/30/1970,1.3575
7/31/1970,1.3575
8/3/1970,1.3525
8/4/1970,1.3575
8/5/1970,1.34
8/6/1970,1.3625
8/7/1970,1.365
8/10/1970,1.3725
8/11/1970,1.375
8/12/1970,1.4025
8/13/1970,1.4175
8/14/1970,1.435
8/17/1970,1.535
8/18/1970,1.505
8/19/1970,1.5625
8/20/1970,1.5675
8/21/1970,1.5175
8/24/1970,1.5025
8/25/1970,1.535
8/26/1970,1.535
8/27/1970,1.545
8/28/1970,1.5375
8/31/1970,1.57
9/1/1970,1.535
9/2/1970,1.515
9/3/1970,1.55
9/4/1970,1.535
9/8/1970,1.5375
9/9/1970,1.535
9/10/1970,1.535
9/11/1970,1.525
9/14/1970,1.5675
9/15/1970,1.565
9/16/1970,1.57
9/17/1970,1.525
9/18/1970,1.54
9/21/1970,1.4775
9/22/1970,1.52
9/23/1970,1.5325
9/24/1970,1.53
9/25/1970,1.5025
9/28/1970,1.5025
9/29/1970,1.465
9/30/1970,1.4375
10/1/1970,1.42
10/2/1970,1.4375
10/5/1970,1.47
10/6/1970,1.4375
10/7/1970,1.4275
10/8/1970,1.4575
10/9/1970,1.46
10/12/1970,1.46
10/13/1970,1.43
10/14/1970,1.44
10/15/1970,1.45
10/16/1970,1.435
10/19/1970,1.38
10/20/1970,1.4025
10/21/1970,1.41
10/22/1970,1.425
10/23/1970,1.4475
10/26/1970,1.45
10/27/1970,1.4125
10/28/1970,1.4175
10/29/1970,1.3875
10/30/1970,1.4075
11/2/1970,1.42
11/3/1970,1.42
11/4/1970,1.43
11/5/1970,1.455
11/6/1970,1.4425
11/9/1970,1.43
11/10/1970,1.43
11/11/1970,1.425
11/12/1970,1.44
11/13/1970,1.4325
11/16/1970,1.42
11/17/1970,1.4
11/18/1970,1.3975
11/19/1970,1.395
11/20/1970,1.385
11/23/1970,1.415
11/24/1970,1.4325
11/25/1970,1.4425
11/27/1970,1.4325
11/30/1970,1.5
12/1/1970,1.5
12/2/1970,1.52
12/3/1970,1.5525
12/4/1970,1.565
12/7/1970,1.565
12/8/1970,1.55
12/9/1970,1.52
12/10/1970,1.5075
12/11/1970,1.5375
12/14/1970,1.5125
12/15/1970,1.52
12/16/1970,1.55
12/17/1970,1.5575
12/18/1970,1.56
12/21/1970,1.545
12/22/1970,1.55
12/23/1970,1.56
12/24/1970,1.5725
12/28/1970,1.5775
12/29/1970,1.57
12/30/1970,1.565
12/31/1970,1.5625
1/4/1971,1.58
1/5/1971,1.585
1/6/1971,1.59
1/7/1971,1.585
1/8/1971,1.585
1/11/1971,1.6
1/12/1971,1.6
1/13/1971,1.6
1/14/1971,1.5975
1/15/1971,1.6
1/18/1971,1.605
1/19/1971,1.5925
1/20/1971,1.5925
1/21/1971,1.6
1/22/1971,1.6
1/25/1971,1.6
1/26/1971,1.575
1/27/1971,1.57
1/28/1971,1.5625
1/29/1971,1.575
2/1/1971,1.565
2/2/1971,1.575
2/3/1971,1.57
2/4/1971,1.58
2/5/1971,1.595
2/8/1971,1.6
2/9/1971,1.59
2/10/1971,1.6
2/11/1971,1.6
2/12/1971,1.6
2/16/1971,1.57
2/17/1971,1.57
2/18/1971,1.575
2/19/1971,1.5625
2/22/1971,1.555
2/23/1971,1.56
2/24/1971,1.57
2/25/1971,1.56
2/26/1971,1.57
3/1/1971,1.565
3/2/1971,1.57
3/3/1971,1.57
3/4/1971,1.57
3/5/1971,1.58
3/8/1971,1.58
3/9/1971,1.56
3/10/1971,1.56
3/11/1971,1.55
3/12/1971,1.56
3/15/1971,1.545
3/16/1971,1.56
3/17/1971,1.54
3/18/1971,1.54
3/19/1971,1.56
3/22/1971,1.5425
3/23/1971,1.5425
3/24/1971,1.555
3/25/1971,1.55
3/26/1971,1.5325
3/29/1971,1.545
3/30/1971,1.53
3/31/1971,1.52
4/1/1971,1.5275
4/2/1971,1.5325
4/5/1971,1.53
4/6/1971,1.5225
4/7/1971,1.525
4/8/1971,1.53
4/12/1971,1.55
4/13/1971,1.535
4/14/1971,1.5425
4/15/1971,1.545
4/16/1971,1.5275
4/19/1971,1.5225
4/20/1971,1.515
4/21/1971,1.515
4/22/1971,1.5175
4/23/1971,1.505
4/26/1971,1.4825
4/27/1971,1.4625
4/28/1971,1.4675
4/29/1971,1.475
4/30/1971,1.49
5/3/1971,1.4975
5/4/1971,1.485
5/5/1971,1.495
5/6/1971,1.515
5/7/1971,1.53
5/10/1971,1.51
5/11/1971,1.51
5/12/1971,1.53
5/13/1971,1.5225
5/14/1971,1.55
5/17/1971,1.5375
5/18/1971,1.5175
5/19/1971,1.5125
5/20/1971,1.53
5/21/1971,1.5425
5/24/1971,1.5325
5/25/1971,1.535
5/26/1971,1.53
5/27/1971,1.545
5/28/1971,1.55
6/1/1971,1.54
6/2/1971,1.5175
6/3/1971,1.52
6/4/1971,1.55
6/7/1971,1.54
6/8/1971,1.5225
6/9/1971,1.555
6/10/1971,1.6
6/11/1971,1.61
6/14/1971,1.605
6/15/1971,1.58
6/16/1971,1.6275
6/17/1971,1.62
6/18/1971,1.61
6/21/1971,1.5825
6/22/1971,1.5875
6/23/1971,1.5775
6/24/1971,1.5775
6/25/1971,1.59
6/28/1971,1.5725
6/29/1971,1.5725
6/30/1971,1.535
7/1/1971,1.5525
7/2/1971,1.5675
7/6/1971,1.54
7/7/1971,1.52
7/8/1971,1.525
7/9/1971,1.5175
7/12/1971,1.495
7/13/1971,1.49
7/14/1971,1.5475
7/15/1971,1.535
7/16/1971,1.5325
7/19/1971,1.5275
7/20/1971,1.52
7/21/1971,1.4775
7/22/1971,1.47
7/23/1971,1.445
7/26/1971,1.45
7/27/1971,1.42
7/28/1971,1.3875
7/29/1971,1.36
7/30/1971,1.375
8/2/1971,1.355
8/3/1971,1.34
8/4/1971,1.3225
8/5/1971,1.3
8/6/1971,1.3
8/9/1971,1.305
8/10/1971,1.31
8/11/1971,1.29
8/12/1971,1.2775
8/13/1971,1.3
8/16/1971,1.315
8/17/1971,1.3025
8/18/1971,1.33
8/19/1971,1.325
8/20/1971,1.33
8/23/1971,1.3275
8/24/1971,1.3025
8/25/1971,1.275
8/26/1971,1.255
8/27/1971,1.2375
8/30/1971,1.21
8/31/1971,1.22
9/1/1971,1.2075
9/2/1971,1.22
9/3/1971,1.225
9/7/1971,1.175
9/8/1971,1.16
9/9/1971,1.1875
9/10/1971,1.185
9/13/1971,1.1675
9/14/1971,1.17
9/15/1971,1.1675
9/16/1971,1.145
9/17/1971,1.145
9/20/1971,1.1425
9/21/1971,1.1325
9/22/1971,1.1475
9/23/1971,1.1325
9/24/1971,1.135
9/27/1971,1.145
9/28/1971,1.1425
9/29/1971,1.13
9/30/1971,1.12
10/1/1971,1.11
10/4/1971,1.1125
10/5/1971,1.115
10/6/1971,1.1225
10/7/1971,1.1175
10/8/1971,1.1175
10/11/1971,1.12
10/12/1971,1.12
10/13/1971,1.1
10/14/1971,1.095
10/15/1971,1.12
10/18/1971,1.1225
10/19/1971,1.12
10/20/1971,1.1225
10/21/1971,1.115
10/22/1971,1.0925
10/25/1971,1.1
10/26/1971,1.0825
10/27/1971,1.07
10/28/1971,1.07
10/29/1971,1.0625
11/1/1971,1.0425
11/2/1971,1.05
11/3/1971,1.0575
11/4/1971,1.06
11/5/1971,1.08
11/8/1971,1.1075
11/9/1971,1.09
11/10/1971,1.085
11/11/1971,1.0725
11/12/1971,1.06
11/15/1971,1.055
11/16/1971,1.065
11/17/1971,1.025
11/18/1971,1.04
11/19/1971,1.05
11/22/1971,1.06
11/23/1971,1.0825
11/24/1971,1.11
11/26/1971,1.135
11/29/1971,1.14
11/30/1971,1.135
12/1/1971,1.155
12/2/1971,1.1575
12/3/1971,1.1775
12/6/1971,1.1875
12/7/1971,1.2
12/8/1971,1.2
12/9/1971,1.21
12/10/1971,1.2225
12/13/1971,1.25
12/14/1971,1.26
12/15/1971,1.255
12/16/1971,1.26
12/17/1971,1.25
12/20/1971,1.25
12/21/1971,1.235
12/22/1971,1.235
12/23/1971,1.22
12/27/1971,1.225
12/28/1971,1.215
12/29/1971,1.23
12/30/1971,1.2225
12/31/1971,1.2225
1/3/1972,1.2075
1/4/1972,1.205
1/5/1972,1.205
1/6/1972,1.225
1/7/1972,1.225
1/10/1972,1.2225
1/11/1972,1.23
1/12/1972,1.215
1/13/1972,1.21
1/14/1972,1.22
1/17/1972,1.23
1/18/1972,1.225
1/19/1972,1.2225
1/20/1972,1.23
1/21/1972,1.225
1/24/1972,1.2225
1/25/1972,1.225
1/26/1972,1.21
1/27/1972,1.215
1/28/1972,1.22
1/31/1972,1.22
2/1/1972,1.22
2/2/1972,1.225
2/3/1972,1.225
2/4/1972,1.2175
2/7/1972,1.22
2/8/1972,1.215
2/9/1972,1.215
2/10/1972,1.215
2/11/1972,1.215
2/14/1972,1.21
2/15/1972,1.21
2/16/1972,1.21
2/17/1972,1.215
2/18/1972,1.21
2/22/1972,1.2125
2/23/1972,1.21
2/24/1972,1.205
2/25/1972,1.2
2/28/1972,1.205
2/29/1972,1.2025
3/1/1972,1.2
3/2/1972,1.21
3/3/1972,1.22
3/6/1972,1.22
3/7/1972,1.22
3/8/1972,1.215
3/9/1972,1.225
3/10/1972,1.245
3/13/1972,1.235
3/14/1972,1.23
3/15/1972,1.2325
3/16/1972,1.24
3/17/1972,1.225
3/20/1972,1.22
3/21/1972,1.22
3/22/1972,1.22
3/23/1972,1.225
3/24/1972,1.2325
3/27/1972,1.24
3/28/1972,1.245
3/29/1972,1.245
3/30/1972,1.235
4/3/1972,1.24
4/4/1972,1.2425
4/5/1972,1.2525
4/6/1972,1.245
4/7/1972,1.26
4/10/1972,1.2575
4/11/1972,1.255
4/12/1972,1.255
4/13/1972,1.255
4/14/1972,1.26
4/17/1972,1.2575
4/18/1972,1.255
4/19/1972,1.25
4/20/1972,1.26
4/21/1972,1.275
4/24/1972,1.285
4/25/1972,1.2775
4/26/1972,1.275
4/27/1972,1.28
4/28/1972,1.3025
5/1/1972,1.3025
5/2/1972,1.3
5/3/1972,1.275
5/4/1972,1.2775
5/5/1972,1.285
5/8/1972,1.2925
5/9/1972,1.2875
5/10/1972,1.295
5/11/1972,1.3
5/12/1972,1.295
5/15/1972,1.295
5/16/1972,1.285
5/17/1972,1.2825
5/18/1972,1.28
5/19/1972,1.2725
5/22/1972,1.2725
5/23/1972,1.275
5/24/1972,1.29
5/25/1972,1.29
5/26/1972,1.3
5/30/1972,1.2925
5/31/1972,1.2825
6/1/1972,1.28
6/2/1972,1.2825
6/5/1972,1.285
6/6/1972,1.285
6/7/1972,1.285
6/8/1972,1.285
6/9/1972,1.285
6/12/1972,1.2775
6/13/1972,1.27
6/14/1972,1.255
6/15/1972,1.255
6/16/1972,1.2525
6/19/1972,1.25
6/20/1972,1.2475
6/21/1972,1.245
6/22/1972,1.24
6/23/1972,1.24
6/26/1972,1.225
6/27/1972,1.215
6/28/1972,1.21
6/29/1972,1.2075
6/30/1972,1.215
7/3/1972,1.2575
7/5/1972,1.255
7/6/1972,1.27
7/7/1972,1.285
7/10/1972,1.3
7/11/1972,1.3
7/12/1972,1.3
7/13/1972,1.3
7/14/1972,1.3
7/17/1972,1.29
7/18/1972,1.29
7/19/1972,1.29
7/20/1972,1.29
7/21/1972,1.29
7/24/1972,1.3
7/25/1972,1.3
7/26/1972,1.29
7/27/1972,1.28
7/28/1972,1.285
7/31/1972,1.29
8/1/1972,1.29
8/2/1972,1.2875
8/3/1972,1.3
8/4/1972,1.29
8/7/1972,1.3
8/8/1972,1.3
8/9/1972,1.305
8/10/1972,1.3
8/11/1972,1.2975
8/14/1972,1.2875
8/15/1972,1.285
8/16/1972,1.3
8/17/1972,1.2925
8/18/1972,1.2975
8/21/1972,1.2825
8/22/1972,1.28
8/23/1972,1.285
8/24/1972,1.3175
8/25/1972,1.295
8/28/1972,1.29
8/29/1972,1.2925
8/30/1972,1.3025
8/31/1972,1.315
9/1/1972,1.3375
9/5/1972,1.3525
9/6/1972,1.355
9/7/1972,1.37
9/8/1972,1.3775
9/11/1972,1.3825
9/12/1972,1.395
9/13/1972,1.37
9/14/1972,1.39
9/15/1972,1.435
9/18/1972,1.4525
9/19/1972,1.4225
9/20/1972,1.415
9/21/1972,1.4375
9/22/1972,1.435
9/25/1972,1.4475
9/26/1972,1.4525
9/27/1972,1.4025
9/28/1972,1.3875
9/29/1972,1.4
10/2/1972,1.36
10/3/1972,1.355
10/4/1972,1.3375
10/5/1972,1.34
10/6/1972,1.335
10/9/1972,1.3075
10/10/1972,1.315
10/11/1972,1.325
10/12/1972,1.33
10/13/1972,1.3
10/16/1972,1.3075
10/17/1972,1.285
10/18/1972,1.29
10/19/1972,1.315
10/20/1972,1.315
10/23/1972,1.34
10/24/1972,1.34
10/25/1972,1.3
10/26/1972,1.325
10/27/1972,1.33
10/30/1972,1.355
10/31/1972,1.35
11/1/1972,1.35
11/2/1972,1.325
11/3/1972,1.29
11/6/1972,1.28
11/8/1972,1.2825
11/9/1972,1.28
11/10/1972,1.27
11/13/1972,1.2975
11/14/1972,1.315
11/15/1972,1.32
11/16/1972,1.3275
11/17/1972,1.345
11/20/1972,1.3275
11/21/1972,1.3225
11/22/1972,1.3175
11/24/1972,1.34
11/27/1972,1.3875
11/28/1972,1.4175
11/29/1972,1.4
11/30/1972,1.4125
12/1/1972,1.4725
12/4/1972,1.5275
12/5/1972,1.57
12/6/1972,1.5475
12/7/1972,1.57
12/8/1972,1.63
12/11/1972,1.605
12/12/1972,1.655
12/13/1972,1.63
12/14/1972,1.635
12/15/1972,1.63
12/18/1972,1.5625
12/19/1972,1.53
12/20/1972,1.575
12/21/1972,1.57
12/22/1972,1.55
12/26/1972,1.565
12/27/1972,1.56
12/29/1972,1.5625
1/2/1973,1.54
1/3/1973,1.57
1/4/1973,1.5875
1/5/1973,1.59
1/8/1973,1.57
1/9/1973,1.595
1/10/1973,1.62
1/11/1973,1.58
1/12/1973,1.585
1/15/1973,1.5525
1/16/1973,1.58
1/17/1973,1.56
1/18/1973,1.58
1/19/1973,1.5875
1/22/1973,1.5725
1/23/1973,1.5875
1/24/1973,1.56
1/26/1973,1.6225
1/29/1973,1.585
1/30/1973,1.6
1/31/1973,1.595
2/1/1973,1.605
2/2/1973,1.59
2/5/1973,1.57
2/6/1973,1.6
2/7/1973,1.53
2/8/1973,1.5475
2/9/1973,1.55
2/12/1973,1.595
2/13/1973,1.6475
2/14/1973,1.5925
2/15/1973,1.6125
2/16/1973,1.64
2/20/1973,1.64
2/21/1973,1.65
2/22/1973,1.68
2/23/1973,1.63
2/26/1973,1.605
2/27/1973,1.585
2/28/1973,1.585
3/1/1973,1.6
3/2/1973,1.58
3/5/1973,1.6
3/6/1973,1.63
3/7/1973,1.65
3/8/1973,1.635
3/9/1973,1.61
3/12/1973,1.6175
3/13/1973,1.575
3/14/1973,1.57
3/15/1973,1.59
3/16/1973,1.5875
3/19/1973,1.56
3/20/1973,1.565
3/21/1973,1.575
3/22/1973,1.59
3/23/1973,1.6
3/26/1973,1.595
3/27/1973,1.58
3/28/1973,1.575
3/29/1973,1.58
3/30/1973,1.57
4/2/1973,1.5925
4/3/1973,1.6
4/4/1973,1.635
4/5/1973,1.615
4/6/1973,1.63
4/9/1973,1.65
4/10/1973,1.665
4/11/1973,1.66
4/12/1973,1.67
4/13/1973,1.62
4/16/1973,1.65
4/17/1973,1.615
4/18/1973,1.625
4/19/1973,1.6275
4/23/1973,1.6475
4/24/1973,1.66
4/25/1973,1.67
4/26/1973,1.69
4/27/1973,1.67
4/30/1973,1.7225
5/1/1973,1.85
5/2/1973,1.7675
5/3/1973,1.85
5/4/1973,1.835
5/7/1973,1.8825
5/8/1973,1.9725
5/9/1973,2.03
5/10/1973,1.9625
5/11/1973,1.91
5/14/1973,1.99
5/15/1973,2.06
5/16/1973,1.9275
5/17/1973,1.9
5/18/1973,1.9575
5/21/1973,2.015
5/22/1973,2.095
5/23/1973,2.07
5/24/1973,2.1025
5/25/1973,2.205
5/29/1973,2.3062
5/30/1973,2.325
5/31/1973,2.3625
6/1/1973,2.42
6/4/1973,2.5125
6/5/1973,2.605
6/6/1973,2.52
6/7/1973,2.4
6/8/1973,2.33
6/11/1973,2.4575
6/12/1973,2.54
6/13/1973,2.46
6/14/1973,2.375
6/15/1973,2.275
6/18/1973,2.375
6/19/1973,2.475
6/20/1973,2.47
6/21/1973,2.515
6/22/1973,2.57
6/25/1973,2.51
6/26/1973,2.38
6/27/1973,2.365
6/28/1973,2.3175
6/29/1973,2.2275
7/2/1973,2.3125
7/3/1973,2.315
7/5/1973,2.25
7/6/1973,2.2
7/9/1973,2.22
7/10/1973,2.22
7/11/1973,2.32
7/12/1973,2.39
7/13/1973,2.4875
7/16/1973,2.51
7/17/1973,2.48
7/18/1973,2.47
7/19/1973,2.5687
7/20/1973,2.665
7/23/1973,2.79
7/24/1973,2.7175
7/25/1973,2.82
7/26/1973,2.8975
7/27/1973,2.68
7/30/1973,2.66
7/31/1973,2.9125
8/1/1973,2.75
8/2/1973,2.725
8/3/1973,2.7875
8/6/1973,2.8825
8/7/1973,2.9825
8/8/1973,3.1125
8/9/1973,3.165
8/10/1973,3.3
8/13/1973,3.3775
8/14/1973,3.4
8/15/1973,3.235
8/16/1973,3.155
8/17/1973,3.035
8/20/1973,3.15
8/21/1973,2.9425
8/22/1973,2.795
8/23/1973,2.695
8/24/1973,2.7925
8/27/1973,2.745
8/28/1973,2.595
8/29/1973,2.56
8/30/1973,2.485
8/31/1973,2.46
9/4/1973,2.415
9/5/1973,2.305
9/6/1973,2.36
9/7/1973,2.47
9/10/1973,2.44
9/11/1973,2.4875
9/12/1973,2.405
9/13/1973,2.385
9/14/1973,2.47
9/17/1973,2.5975
9/18/1973,2.55
9/19/1973,2.495
9/20/1973,2.5
9/21/1973,2.485
9/24/1973,2.565
9/25/1973,2.61
9/26/1973,2.5525
9/27/1973,2.5425
9/28/1973,2.565
10/1/1973,2.515
10/2/1973,2.465
10/3/1973,2.5525
10/4/1973,2.505
10/5/1973,2.495
10/8/1973,2.495
10/9/1973,2.505
10/10/1973,2.42
10/11/1973,2.585
10/12/1973,2.385
10/15/1973,2.2675
10/16/1973,2.2162
10/17/1973,2.23
10/18/1973,2.34
10/19/1973,2.365
10/22/1973,2.2375
10/23/1973,2.26
10/24/1973,2.32
10/25/1973,2.39
10/26/1973,2.375
10/29/1973,2.275
10/30/1973,2.275
10/31/1973,2.335
11/1/1973,2.33
11/2/1973,2.315
11/5/1973,2.31
11/6/1973,2.305
11/7/1973,2.3075
11/8/1973,2.335
11/9/1973,2.33
11/12/1973,2.43
11/13/1973,2.52
11/14/1973,2.5175
11/15/1973,2.535
11/16/1973,2.5225
11/19/1973,2.5475
11/20/1973,2.6475
11/21/1973,2.785
11/23/1973,2.76
11/26/1973,2.645
11/27/1973,2.545
11/28/1973,2.635
11/29/1973,2.65
11/30/1973,2.6175
12/3/1973,2.645
12/4/1973,2.6725
12/5/1973,2.66
12/6/1973,2.67
12/7/1973,2.68
12/10/1973,2.7
12/11/1973,2.7625
12/12/1973,2.66
12/13/1973,2.725
12/14/1973,2.695
12/17/1973,2.7125
12/18/1973,2.7225
12/19/1973,2.695
12/20/1973,2.72
12/21/1973,2.7
12/24/1973,2.7
12/26/1973,2.6525
12/27/1973,2.68
12/28/1973,2.6625
12/31/1973,2.665
1/2/1974,2.695
1/3/1974,2.7125
1/4/1974,2.7225
1/7/1974,2.8225
1/8/1974,2.855
1/9/1974,2.805
1/10/1974,2.885
1/11/1974,2.91
1/14/1974,2.9425
1/15/1974,2.93
1/16/1974,2.9375
1/17/1974,2.985
1/18/1974,2.955
1/21/1974,2.9675
1/22/1974,2.9375
1/23/1974,2.8375
1/24/1974,2.865
1/25/1974,2.9375
1/28/1974,3.0225
1/29/1974,2.96
1/30/1974,2.98
1/31/1974,3.02
2/1/1974,3.0375
2/4/1974,3.015
2/5/1974,3.025
2/6/1974,3.015
2/7/1974,3.005
2/8/1974,3.0425
2/11/1974,3.095
2/12/1974,3.095
2/13/1974,3.0775
2/14/1974,3.075
2/15/1974,3.105
2/19/1974,3.185
2/20/1974,3.2
2/21/1974,3.2025
2/22/1974,3.2375
2/25/1974,3.33
2/26/1974,3.3125
2/27/1974,3.2125
2/28/1974,3.1325
3/1/1974,3.21
3/4/1974,3.1575
3/5/1974,3.06
3/6/1974,3.055
3/7/1974,3.085
3/8/1974,3.0125
3/11/1974,2.955
3/12/1974,2.99
3/13/1974,3.02
3/14/1974,3
3/15/1974,2.88
3/18/1974,2.98
3/19/1974,3.065
3/20/1974,2.955
3/21/1974,2.95
3/22/1974,3.03
3/25/1974,2.9625
3/26/1974,2.895
3/27/1974,2.89
3/28/1974,2.7875
3/29/1974,2.83
4/1/1974,2.7
4/2/1974,2.61
4/3/1974,2.705
4/4/1974,2.6075
4/5/1974,2.54
4/8/1974,2.56
4/9/1974,2.66
4/10/1974,2.68
4/11/1974,2.6
4/15/1974,2.68
4/16/1974,2.655
4/17/1974,2.655
4/18/1974,2.66
4/19/1974,2.695
4/22/1974,2.755
4/23/1974,2.745
4/24/1974,2.74
4/25/1974,2.8475
4/26/1974,2.8825
4/29/1974,2.79
4/30/1974,2.81
5/1/1974,2.7625
5/2/1974,2.7425
5/3/1974,2.6575
5/6/1974,2.555
5/7/1974,2.535
5/8/1974,2.6175
5/9/1974,2.595
5/10/1974,2.675
5/13/1974,2.7025
5/14/1974,2.7125
5/15/1974,2.7375
5/16/1974,2.79
5/17/1974,2.79
5/20/1974,2.7325
5/21/1974,2.715
5/22/1974,2.685
5/23/1974,2.705
5/24/1974,2.7025
5/28/1974,2.7175
5/29/1974,2.79
5/30/1974,2.7775
5/31/1974,2.75
6/3/1974,2.715
6/4/1974,2.7325
6/5/1974,2.8325
6/6/1974,2.89
6/7/1974,2.895
6/10/1974,2.91
6/11/1974,2.89
6/12/1974,2.925
6/13/1974,2.9225
6/14/1974,2.8725
6/17/1974,2.9225
6/18/1974,2.8775
6/19/1974,2.9775
6/20/1974,2.955
6/21/1974,3.025
6/24/1974,3.1025
6/25/1974,3
6/26/1974,3.08
6/27/1974,3.0025
6/28/1974,3.0225
7/1/1974,3.1125
7/2/1974,3.065
7/3/1974,3.12
7/5/1974,3.125
7/8/1974,3.2125
7/9/1974,3.185
7/10/1974,3.0875
7/11/1974,3.1375
7/12/1974,3.2175
7/15/1974,3.3075
7/16/1974,3.3
7/17/1974,3.2625
7/18/1974,3.3925
7/19/1974,3.4625
7/22/1974,3.335
7/23/1974,3.3825
7/24/1974,3.465
7/25/1974,3.6325
7/26/1974,3.6625
7/29/1974,3.7825
7/30/1974,3.745
7/31/1974,3.865
8/1/1974,3.765
8/2/1974,3.625
8/5/1974,3.525
8/6/1974,3.625
8/7/1974,3.745
8/8/1974,3.69
8/9/1974,3.58
8/12/1974,3.43
8/13/1974,3.77
8/14/1974,3.87
8/15/1974,3.63
8/16/1974,3.6825
8/19/1974,3.6775
8/20/1974,3.5875
8/21/1974,3.565
8/22/1974,3.665
8/23/1974,3.725
8/26/1974,3.6375
8/27/1974,3.575
8/28/1974,3.62
8/29/1974,3.5725
8/30/1974,3.525
9/3/1974,3.42
9/4/1974,3.325
9/5/1974,3.37
9/6/1974,3.445
9/9/1974,3.545
9/10/1974,3.5025
9/11/1974,3.5725
9/12/1974,3.6475
9/13/1974,3.565
9/16/1974,3.465
9/17/1974,3.435
9/18/1974,3.4625
9/19/1974,3.505
9/20/1974,3.485
9/23/1974,3.585
9/24/1974,3.685
9/25/1974,3.6425
9/26/1974,3.745
9/27/1974,3.865
9/30/1974,3.965
10/1/1974,3.875
10/2/1974,3.895
10/3/1974,3.96
10/4/1974,3.9475
10/7/1974,3.35
10/8/1974,3.5975
10/9/1974,3.695
10/10/1974,3.7575
10/11/1974,3.69
10/14/1974,3.785
10/15/1974,3.7875
10/16/1974,3.81
10/17/1974,3.735
10/18/1974,3.7325
10/21/1974,3.7575
10/22/1974,3.7625
10/23/1974,3.715
10/24/1974,3.63
10/25/1974,3.5275
10/28/1974,3.5375
10/29/1974,3.6375
10/30/1974,3.6375
10/31/1974,3.7
11/1/1974,3.63
11/4/1974,3.6125
11/5/1974,3.6125
11/6/1974,3.62
11/7/1974,3.6325
11/8/1974,3.66
11/11/1974,3.645
11/12/1974,3.575
11/13/1974,3.585
11/14/1974,3.5325
11/15/1974,3.525
11/18/1974,3.44
11/19/1974,3.315
11/20/1974,3.415
11/21/1974,3.315
11/22/1974,3.3275
11/25/1974,3.36
11/26/1974,3.4075
11/27/1974,3.4875
11/29/1974,3.5925
12/2/1974,3.5725
12/3/1974,3.65
12/4/1974,3.5375
12/5/1974,3.6125
12/6/1974,3.5825
12/9/1974,3.5375
12/10/1974,3.6175
12/11/1974,3.6125
12/12/1974,3.6325
12/13/1974,3.6175
12/16/1974,3.57
12/17/1974,3.4925
12/18/1974,3.54
12/19/1974,3.54
12/20/1974,3.5
12/23/1974,3.42
12/24/1974,3.3375
12/26/1974,3.3475
12/27/1974,3.395
12/30/1974,3.3525
12/31/1974,3.4175
1/2/1975,3.4375
1/3/1975,3.405
1/6/1975,3.4775
1/7/1975,3.375
1/8/1975,3.3475
1/9/1975,3.335
1/10/1975,3.385
1/13/1975,3.32
1/14/1975,3.38
1/15/1975,3.295
1/16/1975,3.25
1/17/1975,3.1025
1/20/1975,3.0025
1/21/1975,3.06
1/22/1975,2.8725
1/23/1975,3.0425
1/24/1975,3.0875
1/27/1975,3.03
1/28/1975,3.065
1/29/1975,3.0975
1/30/1975,3.0825
1/31/1975,3.0525
2/3/1975,3.0275
2/4/1975,3.0875
2/5/1975,3.0637
2/6/1975,3.1025
2/7/1975,3.125
2/10/1975,3.0925
2/11/1975,3.1275
2/12/1975,3.12
2/13/1975,3.13
2/14/1975,3.12
2/18/1975,3.0375
2/19/1975,2.9375
2/20/1975,2.885
2/21/1975,2.84
2/24/1975,2.8325
2/25/1975,2.775
2/26/1975,2.735
2/27/1975,2.71
2/28/1975,2.6325
3/3/1975,2.685
3/4/1975,2.7
3/5/1975,2.755
3/6/1975,2.855
3/7/1975,2.82
3/10/1975,2.855
3/11/1975,2.955
3/12/1975,3.045
3/13/1975,2.95
3/14/1975,2.91
3/17/1975,2.955
3/18/1975,2.915
3/19/1975,2.9475
3/20/1975,2.925
3/21/1975,3.02
3/24/1975,2.985
3/25/1975,3
3/26/1975,3.085
3/27/1975,3.025
3/31/1975,3.0675
4/1/1975,3.11
4/2/1975,3.08
4/3/1975,3.0275
4/4/1975,3.055
4/7/1975,3.0675
4/8/1975,3.055
4/9/1975,3.055
4/10/1975,2.95
4/11/1975,2.945
4/14/1975,2.9275
4/15/1975,2.8975
4/16/1975,2.885
4/17/1975,2.965
4/18/1975,2.9125
4/21/1975,2.9225
4/22/1975,2.9075
4/23/1975,2.9375
4/24/1975,2.9775
4/25/1975,3.0575
4/28/1975,3.0425
4/29/1975,2.985
4/30/1975,2.975
5/1/1975,2.8775
5/2/1975,2.915
5/5/1975,2.8625
5/6/1975,2.8475
5/7/1975,2.7925
5/8/1975,2.825
5/9/1975,2.845
5/12/1975,2.88
5/13/1975,2.915
5/14/1975,2.9025
5/15/1975,2.8425
5/16/1975,2.8175
5/19/1975,2.8675
5/20/1975,2.9125
5/21/1975,2.925
5/22/1975,2.88
5/23/1975,2.8625
5/27/1975,2.79
5/28/1975,2.7975
5/29/1975,2.835
5/30/1975,2.8575
6/2/1975,2.85
6/3/1975,2.885
6/4/1975,2.905
6/5/1975,2.9025
6/6/1975,2.8725
6/9/1975,2.9175
6/10/1975,2.9075
6/11/1975,2.945
6/12/1975,2.9125
6/13/1975,2.86
6/16/1975,2.92
6/17/1975,2.95
6/18/1975,2.9325
6/19/1975,2.9275
6/20/1975,2.985
6/23/1975,2.9525
6/24/1975,2.97
6/25/1975,2.9325
6/26/1975,2.91
6/27/1975,2.84
6/30/1975,2.8325
7/1/1975,2.815
7/2/1975,2.855
7/3/1975,2.9275
7/7/1975,2.86
7/8/1975,2.94
7/9/1975,2.93
7/10/1975,2.9225
7/11/1975,2.965
7/14/1975,2.93
7/15/1975,2.94
7/16/1975,3.04
7/17/1975,2.9975
7/18/1975,2.8775
7/21/1975,3.0125
7/22/1975,3.0275
7/23/1975,2.9725
7/24/1975,3.0675
7/25/1975,3.1025
7/28/1975,3.1725
7/29/1975,3.1875
7/30/1975,2.9875
7/31/1975,2.975
8/1/1975,3.0025
8/4/1975,3.095
8/5/1975,3.075
8/6/1975,3.1425
8/7/1975,3.2325
8/8/1975,3.185
8/11/1975,3.1675
8/12/1975,3.23
8/13/1975,3.265
8/14/1975,3.23
8/15/1975,3.235
8/18/1975,3.135
8/19/1975,3.1925
8/20/1975,3.2275
8/21/1975,3.225
8/22/1975,3.19
8/25/1975,3.2
8/26/1975,3.1
8/27/1975,3.1525
8/28/1975,3.1025
8/29/1975,3.0875
9/2/1975,3.025
9/3/1975,3.0475
9/4/1975,3.065
9/5/1975,3.08
9/8/1975,2.9675
9/9/1975,2.9175
9/10/1975,2.9575
9/11/1975,2.925
9/12/1975,3.045
9/15/1975,3.0475
9/16/1975,3.1275
9/17/1975,3.2075
9/18/1975,3.1425
9/19/1975,3.0825
9/22/1975,3.0025
9/23/1975,2.9625
9/24/1975,2.95
9/25/1975,2.975
9/26/1975,2.99
9/29/1975,2.9325
9/30/1975,2.94
10/1/1975,2.9125
10/2/1975,2.8375
10/3/1975,2.875
10/6/1975,2.875
10/7/1975,2.8925
10/8/1975,2.905
10/9/1975,2.92
10/10/1975,2.92
10/13/1975,2.7975
10/14/1975,2.7925
10/15/1975,2.7575
10/16/1975,2.75
10/17/1975,2.7275
10/20/1975,2.75
10/21/1975,2.7
10/22/1975,2.6625
10/23/1975,2.63
10/24/1975,2.605
10/27/1975,2.5425
10/28/1975,2.5425
10/29/1975,2.5675
10/30/1975,2.5975
10/31/1975,2.5675
11/3/1975,2.5275
11/4/1975,2.54
11/5/1975,2.595
11/6/1975,2.6325
11/7/1975,2.6375
11/10/1975,2.5925
11/11/1975,2.5425
11/12/1975,2.5225
11/13/1975,2.5175
11/14/1975,2.545
11/17/1975,2.5575
11/18/1975,2.545
11/19/1975,2.535
11/20/1975,2.6025
11/21/1975,2.6
11/24/1975,2.7525
11/25/1975,2.715
11/26/1975,2.6875
11/28/1975,2.6825
12/1/1975,2.69
12/2/1975,2.69
12/3/1975,2.77
12/4/1975,2.7425
12/5/1975,2.7225
12/8/1975,2.5825
12/9/1975,2.6125
12/10/1975,2.5675
12/11/1975,2.55
12/12/1975,2.535
12/15/1975,2.4775
12/16/1975,2.5175
12/17/1975,2.55
12/18/1975,2.5625
12/19/1975,2.6
12/22/1975,2.5925
12/23/1975,2.5775
12/24/1975,2.5725
12/26/1975,2.5725
12/29/1975,2.5425
12/30/1975,2.5425
12/31/1975,2.555
1/2/1976,2.5575
1/5/1976,2.6025
1/6/1976,2.595
1/7/1976,2.65
1/8/1976,2.6475
1/9/1976,2.6275
1/12/1976,2.6675
1/13/1976,2.675
1/14/1976,2.6725
1/15/1976,2.6625
1/16/1976,2.675
1/19/1976,2.6875
1/20/1976,2.6825
1/21/1976,2.655
1/22/1976,2.635
1/23/1976,2.665
1/26/1976,2.5325
1/27/1976,2.5575
1/28/1976,2.5825
1/29/1976,2.6
1/30/1976,2.63
2/2/1976,2.66
2/3/1976,2.68
2/4/1976,2.6775
2/5/1976,2.68
2/6/1976,2.6875
2/9/1976,2.7025
2/10/1976,2.7125
2/11/1976,2.7025
2/12/1976,2.7275
2/13/1976,2.71
2/17/1976,2.7125
2/18/1976,2.695
2/19/1976,2.7
2/20/1976,2.6875
2/23/1976,2.705
2/24/1976,2.695
2/25/1976,2.695
2/26/1976,2.69
2/27/1976,2.735
3/1/1976,2.74
3/2/1976,2.715
3/3/1976,2.7175
3/4/1976,2.7325
3/5/1976,2.74
3/8/1976,2.7425
3/9/1976,2.75
3/10/1976,2.7475
3/11/1976,2.7375
3/12/1976,2.7375
3/15/1976,2.7125
3/16/1976,2.6825
3/17/1976,2.7125
3/18/1976,2.7325
3/19/1976,2.73
3/22/1976,2.7375
3/23/1976,2.6875
3/24/1976,2.67
3/25/1976,2.6575
3/26/1976,2.655
3/29/1976,2.665
3/30/1976,2.69
3/31/1976,2.6775
4/1/1976,2.6725
4/2/1976,2.685
4/5/1976,2.695
4/6/1976,2.705
4/7/1976,2.7025
4/8/1976,2.7125
4/9/1976,2.6875
4/12/1976,2.69
4/13/1976,2.675
4/14/1976,2.6725
4/15/1976,2.7025
4/19/1976,2.6975
4/20/1976,2.695
4/21/1976,2.71
4/22/1976,2.71
4/23/1976,2.71
4/26/1976,2.7
4/27/1976,2.695
4/28/1976,2.735
4/29/1976,2.715
4/30/1976,2.725
5/3/1976,2.7525
5/4/1976,2.7525
5/5/1976,2.7625
5/6/1976,2.78
5/7/1976,2.795
5/10/1976,2.7925
5/11/1976,2.805
5/12/1976,2.8275
5/13/1976,2.875
5/14/1976,2.9175
5/17/1976,2.885
5/18/1976,2.8525
5/19/1976,2.84
5/20/1976,2.8725
5/21/1976,2.905
5/24/1976,2.9625
5/25/1976,2.96
5/26/1976,2.9525
5/27/1976,2.9625
5/28/1976,2.9275
6/1/1976,2.9375
6/2/1976,2.9475
6/3/1976,2.97
6/4/1976,2.9875
6/7/1976,3.0775
6/8/1976,3.045
6/9/1976,3.07
6/10/1976,3.095
6/11/1976,3.04
6/14/1976,2.9975
6/15/1976,2.955
6/16/1976,2.9375
6/17/1976,2.8875
6/18/1976,2.8775
6/21/1976,2.975
6/22/1976,3.0175
6/23/1976,2.9325
6/24/1976,2.965
6/25/1976,2.97
6/28/1976,2.945
6/29/1976,2.9025
6/30/1976,2.8675
7/1/1976,2.955
7/2/1976,2.975
7/6/1976,3.07
7/7/1976,2.9725
7/8/1976,3.01
7/9/1976,3.03
7/12/1976,2.995
7/13/1976,3.0075
7/14/1976,3.1375
7/15/1976,3.06
7/16/1976,3.0525
7/19/1976,2.9975
7/20/1976,3.0325
7/21/1976,2.9975
7/22/1976,2.9025
7/23/1976,2.93
7/26/1976,2.885
7/27/1976,2.9025
7/28/1976,2.9125
7/29/1976,2.925
7/30/1976,2.9125
8/2/1976,2.8725
8/3/1976,2.885
8/4/1976,2.9225
8/5/1976,2.9175
8/6/1976,2.9025
8/9/1976,2.8825
8/10/1976,2.8625
8/11/1976,2.8275
8/12/1976,2.8125
8/13/1976,2.88
8/16/1976,2.8675
8/17/1976,2.82
8/18/1976,2.8525
8/19/1976,2.875
8/20/1976,2.8725
8/23/1976,2.8925
8/24/1976,2.875
8/25/1976,2.8475
8/26/1976,2.81
8/27/1976,2.835
8/30/1976,2.785
8/31/1976,2.7975
9/1/1976,2.845
9/2/1976,2.8925
9/3/1976,2.8725
9/7/1976,2.9725
9/8/1976,2.925
9/9/1976,2.9125
9/10/1976,2.9025
9/13/1976,2.91
9/14/1976,2.8425
9/15/1976,2.84
9/16/1976,2.8425
9/17/1976,2.815
9/20/1976,2.83
9/21/1976,2.7575
9/22/1976,2.7125
9/23/1976,2.7075
9/24/1976,2.6325
9/27/1976,2.6375
9/28/1976,2.6475
9/29/1976,2.595
9/30/1976,2.5875
10/1/1976,2.5875
10/4/1976,2.6375
10/5/1976,2.65
10/6/1976,2.67
10/7/1976,2.705
10/8/1976,2.61
10/11/1976,2.54
10/12/1976,2.4975
10/13/1976,2.61
10/14/1976,2.5075
10/15/1976,2.4975
10/18/1976,2.435
10/19/1976,2.4575
10/20/1976,2.4775
10/21/1976,2.445
10/22/1976,2.46
10/25/1976,2.4625
10/26/1976,2.4425
10/27/1976,2.4125
10/28/1976,2.3075
10/29/1976,2.3225
11/1/1976,2.3275
11/3/1976,2.3025
11/4/1976,2.3825
11/5/1976,2.375
11/8/1976,2.3275
11/9/1976,2.3475
11/10/1976,2.3534
11/11/1976,2.2575
11/12/1976,2.2325
11/15/1976,2.2525
11/16/1976,2.3175
11/17/1976,2.35
11/18/1976,2.35
11/19/1976,2.35
11/22/1976,2.425
11/23/1976,2.4375
11/24/1976,2.445
11/26/1976,2.4225
11/29/1976,2.41
11/30/1976,2.4275
12/1/1976,2.44
12/2/1976,2.4175
12/3/1976,2.4375
12/6/1976,2.48
12/7/1976,2.49
12/8/1976,2.54
12/9/1976,2.5225
12/10/1976,2.52
12/13/1976,2.48
12/14/1976,2.495
12/15/1976,2.4525
12/16/1976,2.4275
12/17/1976,2.4075
12/20/1976,2.4425
12/21/1976,2.4525
12/22/1976,2.48
12/23/1976,2.4875
12/27/1976,2.49
12/28/1976,2.51
12/29/1976,2.515
12/30/1976,2.5175
12/31/1976,2.5175
1/3/1977,2.51
1/4/1977,2.52
1/5/1977,2.54
1/6/1977,2.55
1/7/1977,2.54
1/10/1977,2.545
1/11/1977,2.535
1/12/1977,2.5425
1/13/1977,2.52
1/14/1977,2.53
1/17/1977,2.5725
1/18/1977,2.5575
1/19/1977,2.61
1/20/1977,2.59
1/21/1977,2.595
1/24/1977,2.6275
1/25/1977,2.625
1/26/1977,2.5725
1/27/1977,2.5575
1/28/1977,2.53
1/31/1977,2.585
2/1/1977,2.5775
2/2/1977,2.5625
2/3/1977,2.58
2/4/1977,2.6075
2/7/1977,2.615
2/8/1977,2.6075
2/9/1977,2.615
2/10/1977,2.5675
2/11/1977,2.5525
2/14/1977,2.5425
2/15/1977,2.5325
2/16/1977,2.555
2/17/1977,2.5775
2/18/1977,2.57
2/22/1977,2.5675
2/23/1977,2.5475
2/24/1977,2.55
2/25/1977,2.5425
2/28/1977,2.5475
3/1/1977,2.5425
3/2/1977,2.5375
3/3/1977,2.55
3/4/1977,2.5525
3/7/1977,2.5875
3/8/1977,2.61
3/9/1977,2.605
3/10/1977,2.5725
3/11/1977,2.5675
3/14/1977,2.545
3/15/1977,2.545
3/16/1977,2.5575
3/17/1977,2.5425
3/18/1977,2.51
3/21/1977,2.525
3/22/1977,2.5125
3/23/1977,2.51
3/24/1977,2.525
3/25/1977,2.52
3/28/1977,2.495
3/29/1977,2.505
3/30/1977,2.515
3/31/1977,2.4975
4/1/1977,2.5225
4/4/1977,2.4975
4/5/1977,2.495
4/6/1977,2.51
4/7/1977,2.5225
4/11/1977,2.5475
4/12/1977,2.595
4/13/1977,2.5775
4/14/1977,2.585
4/15/1977,2.5925
4/18/1977,2.605
4/19/1977,2.6025
4/20/1977,2.5725
4/21/1977,2.555
4/22/1977,2.5125
4/25/1977,2.4775
4/26/1977,2.4725
4/27/1977,2.4625
4/28/1977,2.4725
4/29/1977,2.4775
5/2/1977,2.4775
5/3/1977,2.49
5/4/1977,2.4325
5/5/1977,2.4425
5/6/1977,2.4525
5/9/1977,2.43
5/10/1977,2.3875
5/11/1977,2.4
5/12/1977,2.435
5/13/1977,2.4125
5/16/1977,2.405
5/17/1977,2.3975
5/18/1977,2.42
5/19/1977,2.425
5/20/1977,2.3975
5/23/1977,2.43
5/24/1977,2.4675
5/25/1977,2.44
5/26/1977,2.4225
5/27/1977,2.43
5/31/1977,2.465
6/1/1977,2.4625
6/2/1977,2.4575
6/3/1977,2.47
6/6/1977,2.4625
6/7/1977,2.4475
6/8/1977,2.375
6/9/1977,2.35
6/10/1977,2.2825
6/13/1977,2.2475
6/14/1977,2.2475
6/15/1977,2.2525
6/16/1977,2.2475
6/17/1977,2.2225
6/20/1977,2.245
6/21/1977,2.195
6/22/1977,2.1675
6/23/1977,2.1775
6/24/1977,2.1725
6/27/1977,2.205
6/28/1977,2.2175
6/29/1977,2.22
6/30/1977,2.1675
7/1/1977,2.14
7/5/1977,2.215
7/6/1977,2.2325
7/7/1977,2.165
7/8/1977,2.1675
7/11/1977,2.0725
7/12/1977,2.065
7/13/1977,2.1
7/14/1977,2.19
7/15/1977,2.1125
7/18/1977,2.035
7/19/1977,2.07
7/20/1977,2.04
7/21/1977,2.0625
7/22/1977,2.0675
7/25/1977,2.035
7/26/1977,2
7/27/1977,1.9525
7/28/1977,1.91
7/29/1977,1.8425
8/1/1977,1.85
8/2/1977,1.8175
8/3/1977,1.875
8/4/1977,1.8975
8/5/1977,1.9125
8/8/1977,1.8675
8/9/1977,1.8625
8/10/1977,1.87
8/11/1977,1.855
8/12/1977,1.85
8/15/1977,1.795
8/16/1977,1.7825
8/17/1977,1.7725
8/18/1977,1.755
8/19/1977,1.7425
8/22/1977,1.7225
8/23/1977,1.735
8/24/1977,1.7675
8/25/1977,1.7825
8/26/1977,1.77
8/29/1977,1.75
8/30/1977,1.76
8/31/1977,1.755
9/1/1977,1.77
9/2/1977,1.7975
9/6/1977,1.8225
9/7/1977,1.815
9/8/1977,1.84
9/9/1977,1.86
9/12/1977,1.8825
9/13/1977,1.88
9/14/1977,1.8625
9/15/1977,1.8475
9/16/1977,1.845
9/19/1977,1.8625
9/20/1977,1.8925
9/21/1977,1.8675
9/22/1977,1.8525
9/23/1977,1.86
9/26/1977,1.79
9/27/1977,1.8
9/28/1977,1.785
9/29/1977,1.8175
9/30/1977,1.81
10/3/1977,1.8375
10/4/1977,1.8825
10/5/1977,1.83
10/6/1977,1.8725
10/7/1977,1.9325
10/10/1977,1.9075
10/11/1977,1.8325
10/12/1977,1.825
10/13/1977,1.7925
10/14/1977,1.805
10/17/1977,1.87
10/18/1977,1.875
10/19/1977,1.875
10/20/1977,1.8475
10/21/1977,1.8475
10/24/1977,1.8925
10/25/1977,1.8825
10/26/1977,1.9625
10/27/1977,1.9975
10/28/1977,2.0075
10/31/1977,2.06
11/1/1977,2.1025
11/2/1977,2.1925
11/3/1977,2.165
11/4/1977,2.155
11/7/1977,2.2025
11/8/1977,2.1975
11/9/1977,2.22
11/10/1977,2.2225
11/11/1977,2.1975
11/14/1977,2.1575
11/15/1977,2.1825
11/16/1977,2.215
11/17/1977,2.2025
11/18/1977,2.2025
11/21/1977,2.1825
11/22/1977,2.1475
11/23/1977,2.1675
11/25/1977,2.19
11/28/1977,2.1775
11/29/1977,2.1975
11/30/1977,2.215
12/1/1977,2.2
12/2/1977,2.225
12/5/1977,2.21
12/6/1977,2.2275
12/7/1977,2.22
12/8/1977,2.22
12/9/1977,2.2375
12/12/1977,2.205
12/13/1977,2.2125
12/14/1977,2.21
12/15/1977,2.215
12/16/1977,2.21
12/19/1977,2.215
12/20/1977,2.2375
12/21/1977,2.23
12/22/1977,2.23
12/23/1977,2.245
12/27/1977,2.2125
12/28/1977,2.22
12/29/1977,2.215
12/30/1977,2.2025
1/3/1978,2.1975
1/4/1978,2.195
1/5/1978,2.185
1/6/1978,2.195
1/9/1978,2.1975
1/10/1978,2.22
1/11/1978,2.22
1/12/1978,2.2225
1/13/1978,2.21
1/16/1978,2.1825
1/17/1978,2.18
1/18/1978,2.1775
1/19/1978,2.1875
1/20/1978,2.2075
1/23/1978,2.22
1/24/1978,2.215
1/25/1978,2.2275
1/26/1978,2.225
1/27/1978,2.2425
1/30/1978,2.23
1/31/1978,2.2225
2/1/1978,2.2225
2/2/1978,2.2275
2/3/1978,2.2275
2/6/1978,2.2325
2/7/1978,2.23
2/8/1978,2.2175
2/9/1978,2.2225
2/10/1978,2.23
2/13/1978,2.2375
2/14/1978,2.235
2/15/1978,2.2325
2/16/1978,2.2275
2/17/1978,2.2375
2/21/1978,2.2375
2/22/1978,2.24
2/23/1978,2.2375
2/24/1978,2.235
2/27/1978,2.235
2/28/1978,2.225
3/1/1978,2.2375
3/2/1978,2.255
3/3/1978,2.2725
3/6/1978,2.275
3/7/1978,2.3
3/8/1978,2.315
3/9/1978,2.3275
3/10/1978,2.3125
3/13/1978,2.3475
3/14/1978,2.375
3/15/1978,2.3975
3/16/1978,2.42
3/17/1978,2.4925
3/20/1978,2.445
3/21/1978,2.4075
3/22/1978,2.425
3/23/1978,2.4525
3/27/1978,2.5
3/28/1978,2.5125
3/29/1978,2.465
3/30/1978,2.465
3/31/1978,2.5125
4/3/1978,2.5475
4/4/1978,2.5425
4/5/1978,2.57
4/6/1978,2.545
4/7/1978,2.5825
4/10/1978,2.6075
4/11/1978,2.59
4/12/1978,2.5725
4/13/1978,2.5225
4/14/1978,2.5425
4/17/1978,2.555
4/18/1978,2.55
4/19/1978,2.5325
4/20/1978,2.515
4/21/1978,2.545
4/24/1978,2.475
4/25/1978,2.525
4/26/1978,2.4925
4/27/1978,2.5025
4/28/1978,2.5275
5/1/1978,2.5075
5/2/1978,2.495
5/3/1978,2.5175
5/4/1978,2.595
5/5/1978,2.59
5/8/1978,2.555
5/9/1978,2.5775
5/10/1978,2.5825
5/11/1978,2.6275
5/12/1978,2.585
5/15/1978,2.62
5/16/1978,2.5625
5/17/1978,2.615
5/18/1978,2.6275
5/19/1978,2.6225
5/22/1978,2.62
5/23/1978,2.68
5/24/1978,2.67
5/25/1978,2.695
5/26/1978,2.69
5/30/1978,2.7025
5/31/1978,2.645
6/1/1978,2.605
6/2/1978,2.56
6/5/1978,2.59
6/6/1978,2.5875
6/7/1978,2.5475
6/8/1978,2.5375
6/9/1978,2.52
6/12/1978,2.5375
6/13/1978,2.5375
6/14/1978,2.5075
6/15/1978,2.51
6/16/1978,2.51
6/19/1978,2.5625
6/20/1978,2.5875
6/21/1978,2.575
6/22/1978,2.565
6/23/1978,2.54
6/26/1978,2.525
6/27/1978,2.4975
6/28/1978,2.4325
6/29/1978,2.4175
6/30/1978,2.43
7/3/1978,2.4425
7/5/1978,2.4225
7/6/1978,2.4325
7/7/1978,2.405
7/10/1978,2.3925
7/11/1978,2.3525
7/12/1978,2.3075
7/13/1978,2.3025
7/14/1978,2.3175
7/17/1978,2.2775
7/18/1978,2.2325
7/19/1978,2.2625
7/20/1978,2.2675
7/21/1978,2.2675
7/24/1978,2.2325
7/25/1978,2.2175
7/26/1978,2.2425
7/27/1978,2.2275
7/28/1978,2.22
7/31/1978,2.2225
8/1/1978,2.1925
8/2/1978,2.15
8/3/1978,2.1425
8/4/1978,2.125
8/7/1978,2.095
8/8/1978,2.115
8/9/1978,2.1675
8/10/1978,2.1675
8/11/1978,2.1375
8/14/1978,2.165
8/15/1978,2.2375
8/16/1978,2.1975
8/17/1978,2.2125
8/18/1978,2.2425
8/21/1978,2.25
8/22/1978,2.2525
8/23/1978,2.2275
8/24/1978,2.235
8/25/1978,2.2275
8/28/1978,2.2
8/29/1978,2.155
8/30/1978,2.165
8/31/1978,2.1525
9/1/1978,2.14
9/5/1978,2.1325
9/6/1978,2.1325
9/7/1978,2.14
9/8/1978,2.1375
9/11/1978,2.1625
9/12/1978,2.1625
9/13/1978,2.145
9/14/1978,2.1625
9/15/1978,2.12
9/18/1978,2.13
9/19/1978,2.165
9/20/1978,2.185
9/21/1978,2.1525
9/22/1978,2.1325
9/25/1978,2.155
9/26/1978,2.16
9/27/1978,2.185
9/28/1978,2.21
9/29/1978,2.2125
10/2/1978,2.245
10/3/1978,2.2375
10/4/1978,2.2425
10/5/1978,2.2425
10/6/1978,2.2025
10/9/1978,2.23
10/10/1978,2.215
10/11/1978,2.2175
10/12/1978,2.255
10/13/1978,2.23
10/16/1978,2.25
10/17/1978,2.225
10/18/1978,2.195
10/19/1978,2.195
10/20/1978,2.21
10/23/1978,2.2325
10/24/1978,2.25
10/25/1978,2.2775
10/26/1978,2.3175
10/27/1978,2.3425
10/30/1978,2.325
10/31/1978,2.3125
11/1/1978,2.2975
11/2/1978,2.3125
11/3/1978,2.3125
11/6/1978,2.2825
11/7/1978,2.2825
11/8/1978,2.315
11/9/1978,2.29
11/10/1978,2.295
11/13/1978,2.3
11/14/1978,2.29
11/15/1978,2.2825
11/16/1978,2.285
11/17/1978,2.29
11/20/1978,2.29
11/21/1978,2.325
11/22/1978,2.3425
11/24/1978,2.36
11/27/1978,2.33
11/28/1978,2.32
11/29/1978,2.3125
11/30/1978,2.3325
12/1/1978,2.3425
12/4/1978,2.3275
12/5/1978,2.315
12/6/1978,2.3125
12/7/1978,2.3225
12/8/1978,2.33
12/11/1978,2.3075
12/12/1978,2.28
12/13/1978,2.28
12/14/1978,2.27
12/15/1978,2.275
12/18/1978,2.305
12/19/1978,2.3
12/20/1978,2.285
12/21/1978,2.2775
12/22/1978,2.285
12/26/1978,2.285
12/27/1978,2.2875
12/28/1978,2.295
12/29/1978,2.2875
1/2/1979,2.2775
1/3/1979,2.2675
1/4/1979,2.2575
1/5/1979,2.255
1/8/1979,2.2675
1/9/1979,2.2775
1/10/1979,2.2775
1/11/1979,2.28
1/12/1979,2.305
1/15/1979,2.3075
1/16/1979,2.3175
1/17/1979,2.3
1/18/1979,2.31
1/19/1979,2.3225
1/22/1979,2.33
1/23/1979,2.3425
1/24/1979,2.35
1/25/1979,2.34
1/26/1979,2.3375
1/29/1979,2.3375
1/30/1979,2.3475
1/31/1979,2.345
2/1/1979,2.3375
2/2/1979,2.3425
2/5/1979,2.375
2/6/1979,2.3675
2/7/1979,2.3825
2/8/1979,2.38
2/9/1979,2.3725
2/12/1979,2.3825
2/13/1979,2.37
2/14/1979,2.395
2/15/1979,2.3925
2/16/1979,2.395
2/20/1979,2.3975
2/21/1979,2.4175
2/22/1979,2.4225
2/23/1979,2.415
2/26/1979,2.3975
2/27/1979,2.4025
2/28/1979,2.3975
3/1/1979,2.405
3/2/1979,2.4075
3/5/1979,2.4125
3/6/1979,2.42
3/7/1979,2.435
3/8/1979,2.4425
3/9/1979,2.4425
3/12/1979,2.425
3/13/1979,2.4125
3/14/1979,2.42
3/15/1979,2.44
3/16/1979,2.44
3/19/1979,2.445
3/20/1979,2.49
3/21/1979,2.4875
3/22/1979,2.5
3/23/1979,2.515
3/26/1979,2.5225
3/27/1979,2.515
3/28/1979,2.535
3/29/1979,2.5225
3/30/1979,2.535
4/2/1979,2.54
4/3/1979,2.5175
4/4/1979,2.5275
4/5/1979,2.5375
4/6/1979,2.56
4/9/1979,2.56
4/10/1979,2.5475
4/11/1979,2.56
4/12/1979,2.5675
4/16/1979,2.5575
4/17/1979,2.5825
4/18/1979,2.5675
4/19/1979,2.5525
4/20/1979,2.5475
4/23/1979,2.56
4/24/1979,2.58
4/25/1979,2.595
4/26/1979,2.5825
4/27/1979,2.6025
4/30/1979,2.615
5/1/1979,2.63
5/2/1979,2.6725
5/3/1979,2.6625
5/4/1979,2.68
5/7/1979,2.6025
5/8/1979,2.63
5/9/1979,2.68
5/10/1979,2.68
5/11/1979,2.6
5/14/1979,2.64
5/15/1979,2.62
5/16/1979,2.6075
5/17/1979,2.63
5/18/1979,2.6225
5/21/1979,2.655
5/22/1979,2.675
5/23/1979,2.6775
5/24/1979,2.6675
5/25/1979,2.665
5/29/1979,2.695
5/30/1979,2.6975
5/31/1979,2.69
6/1/1979,2.65
6/4/1979,2.6575
6/5/1979,2.6625
6/6/1979,2.65
6/7/1979,2.6775
6/8/1979,2.7175
6/11/1979,2.725
6/12/1979,2.6875
6/13/1979,2.7275
6/14/1979,2.79
6/15/1979,2.82
6/18/1979,2.8
6/19/1979,2.82
6/20/1979,2.925
6/21/1979,3.025
6/22/1979,3.125
6/25/1979,3.085
6/26/1979,3.075
6/27/1979,2.9775
6/28/1979,2.9075
6/29/1979,2.9275
7/2/1979,2.935
7/3/1979,3.0475
7/5/1979,3.1125
7/6/1979,3.055
7/9/1979,3.1
7/10/1979,3.05
7/11/1979,3.0925
7/12/1979,3
7/13/1979,3.0525
7/16/1979,3.02
7/17/1979,3.035
7/18/1979,3.0925
7/19/1979,3.0825
7/20/1979,3.115
7/23/1979,3.035
7/24/1979,2.9875
7/25/1979,2.915
7/26/1979,2.915
7/27/1979,2.82
7/30/1979,2.725
7/31/1979,2.795
8/1/1979,2.8675
8/2/1979,2.765
8/3/1979,2.78
8/6/1979,2.7525
8/7/1979,2.76
8/8/1979,2.82
8/9/1979,2.8325
8/10/1979,2.8
8/13/1979,2.76
8/14/1979,2.8375
8/15/1979,2.8225
8/16/1979,2.8525
8/17/1979,2.825
8/20/1979,2.81
8/21/1979,2.8675
8/22/1979,2.84
8/23/1979,2.8025
8/24/1979,2.825
8/27/1979,2.8375
8/28/1979,2.8275
8/29/1979,2.8575
8/30/1979,2.88
8/31/1979,2.885
9/4/1979,2.785
9/5/1979,2.7725
9/6/1979,2.73
9/7/1979,2.735
9/10/1979,2.785
9/11/1979,2.7475
9/12/1979,2.75
9/13/1979,2.8375
9/14/1979,2.79
9/17/1979,2.7925
9/18/1979,2.7825
9/19/1979,2.755
9/20/1979,2.795
9/21/1979,2.7825
9/24/1979,2.795
9/25/1979,2.7475
9/26/1979,2.7475
9/27/1979,2.835
9/28/1979,2.8075
10/1/1979,2.865
10/2/1979,2.835
10/3/1979,2.8575
10/4/1979,2.8675
10/5/1979,2.8675
10/8/1979,2.8375
10/9/1979,2.8
10/10/1979,2.815
10/11/1979,2.8025
10/12/1979,2.8125
10/15/1979,2.7625
10/16/1979,2.775
10/17/1979,2.8
10/18/1979,2.73
10/19/1979,2.7875
10/22/1979,2.77
10/23/1979,2.6925
10/24/1979,2.635
10/25/1979,2.5525
10/26/1979,2.44
10/29/1979,2.4675
10/30/1979,2.475
10/31/1979,2.495
11/1/1979,2.4875
11/2/1979,2.5
11/5/1979,2.535
11/6/1979,2.5125
11/7/1979,2.525
11/8/1979,2.5125
11/9/1979,2.5225
11/12/1979,2.5575
11/13/1979,2.59
11/14/1979,2.6125
11/15/1979,2.5875
11/16/1979,2.61
11/19/1979,2.6025
11/20/1979,2.6275
11/21/1979,2.67
11/23/1979,2.6625
11/26/1979,2.625
11/27/1979,2.6675
11/28/1979,2.685
11/29/1979,2.665
11/30/1979,2.705
12/3/1979,2.6925
12/4/1979,2.7
12/5/1979,2.705
12/6/1979,2.675
12/7/1979,2.685
12/10/1979,2.6675
12/11/1979,2.7125
12/12/1979,2.7
12/13/1979,2.6925
12/14/1979,2.6975
12/17/1979,2.6725
12/18/1979,2.655
12/19/1979,2.645
12/20/1979,2.665
12/21/1979,2.6725
12/24/1979,2.6725
12/26/1979,2.7225
12/27/1979,2.7575
12/28/1979,2.7363
12/31/1979,2.7163
1/2/1980,2.625
1/3/1980,2.625
1/4/1980,2.5625
1/7/1980,2.5625
1/8/1980,2.5625
1/9/1980,2.3925
1/10/1980,2.3025
1/11/1980,2.53
1/14/1980,2.505
1/15/1980,2.515
1/16/1980,2.4975
1/17/1980,2.57
1/18/1980,2.5325
1/21/1980,2.5325
1/22/1980,2.525
1/23/1980,2.57
1/24/1980,2.5425
1/25/1980,2.5475
1/28/1980,2.5675
1/29/1980,2.5725
1/30/1980,2.615
1/31/1980,2.6075
2/1/1980,2.625
2/4/1980,2.6475
2/5/1980,2.6775
2/6/1980,2.6575
2/7/1980,2.6575
2/8/1980,2.65
2/11/1980,2.675
2/12/1980,2.6625
2/13/1980,2.68
2/14/1980,2.655
2/15/1980,2.6475
2/19/1980,2.635
2/20/1980,2.64
2/21/1980,2.6325
2/22/1980,2.6125
2/25/1980,2.635
2/26/1980,2.6275
2/27/1980,2.6525
2/28/1980,2.645
2/29/1980,2.63
3/3/1980,2.6175
3/4/1980,2.6525
3/5/1980,2.665
3/6/1980,2.6575
3/7/1980,2.6475
3/10/1980,2.6175
3/11/1980,2.62
3/12/1980,2.62
3/13/1980,2.605
3/14/1980,2.63
3/17/1980,2.6175
3/18/1980,2.6125
3/19/1980,2.63
3/20/1980,2.6025
3/21/1980,2.5925
3/24/1980,2.5675
3/25/1980,2.58
3/26/1980,2.565
3/27/1980,2.495
3/28/1980,2.51
3/31/1980,2.4925
4/1/1980,2.55
4/2/1980,2.5725
4/3/1980,2.6175
4/7/1980,2.61
4/8/1980,2.655
4/9/1980,2.6875
4/10/1980,2.635
4/11/1980,2.6375
4/14/1980,2.5925
4/15/1980,2.61
4/16/1980,2.625
4/17/1980,2.6025
4/18/1980,2.585
4/21/1980,2.6175
4/22/1980,2.615
4/23/1980,2.605
4/24/1980,2.6075
4/25/1980,2.635
4/28/1980,2.615
4/29/1980,2.605
4/30/1980,2.6075
5/1/1980,2.6525
5/2/1980,2.665
5/5/1980,2.715
5/6/1980,2.7075
5/7/1980,2.7175
5/8/1980,2.7475
5/9/1980,2.735
5/12/1980,2.6775
5/13/1980,2.7025
5/14/1980,2.71
5/15/1980,2.73
5/16/1980,2.695
5/19/1980,2.7025
5/20/1980,2.7075
5/21/1980,2.6975
5/22/1980,2.71
5/23/1980,2.71
5/27/1980,2.735
5/28/1980,2.715
5/29/1980,2.6725
5/30/1980,2.6675
6/2/1980,2.6375
6/3/1980,2.655
6/4/1980,2.655
6/5/1980,2.6375
6/6/1980,2.6375
6/9/1980,2.6375
6/10/1980,2.6525
6/11/1980,2.665
6/12/1980,2.695
6/13/1980,2.7075
6/16/1980,2.725
6/17/1980,2.7175
6/18/1980,2.7275
6/19/1980,2.72
6/20/1980,2.73
6/23/1980,2.7525
6/24/1980,2.7575
6/25/1980,2.7675
6/26/1980,2.76
6/27/1980,2.7475
6/30/1980,2.765
7/1/1980,2.8075
7/2/1980,2.9075
7/3/1980,2.9275
7/7/1980,2.915
7/8/1980,2.9575
7/9/1980,2.935
7/10/1980,2.9925
7/11/1980,3.0425
7/14/1980,3.1425
7/15/1980,3.1125
7/16/1980,3.1575
7/17/1980,3.2025
7/18/1980,3.175
7/21/1980,3.1025
7/22/1980,3.1075
7/23/1980,3.2
7/24/1980,3.185
7/25/1980,3.13
7/28/1980,3.1575
7/29/1980,3.1875
7/30/1980,3.1725
7/31/1980,3.2725
8/1/1980,3.3175
8/4/1980,3.255
8/5/1980,3.31
8/6/1980,3.3375
8/7/1980,3.365
8/8/1980,3.3225
8/11/1980,3.3075
8/12/1980,3.405
8/13/1980,3.3725
8/14/1980,3.31
8/15/1980,3.2725
8/18/1980,3.305
8/19/1980,3.3275
8/20/1980,3.3375
8/21/1980,3.4
8/22/1980,3.3625
8/25/1980,3.405
8/26/1980,3.46
8/27/1980,3.4475
8/28/1980,3.4425
8/29/1980,3.515
9/2/1980,3.54
9/3/1980,3.5075
9/4/1980,3.4875
9/5/1980,3.5
9/8/1980,3.5225
9/9/1980,3.4725
9/10/1980,3.4525
9/11/1980,3.4675
9/12/1980,3.3925
9/15/1980,3.385
9/16/1980,3.4175
9/17/1980,3.415
9/18/1980,3.42
9/19/1980,3.4725
9/22/1980,3.4575
9/23/1980,3.465
9/24/1980,3.43
9/25/1980,3.41
9/26/1980,3.33
9/29/1980,3.335
9/30/1980,3.3675
10/1/1980,3.365
10/2/1980,3.31
10/3/1980,3.34
10/6/1980,3.395
10/7/1980,3.3475
10/8/1980,3.3475
10/9/1980,3.375
10/10/1980,3.38
10/13/1980,3.48
10/14/1980,3.46
10/15/1980,3.455
10/16/1980,3.4225
10/17/1980,3.4475
10/20/1980,3.4275
10/21/1980,3.445
10/22/1980,3.485
10/23/1980,3.485
10/24/1980,3.5425
10/27/1980,3.455
10/28/1980,3.5275
10/29/1980,3.5125
10/30/1980,3.4925
10/31/1980,3.485
11/3/1980,3.4725
11/5/1980,3.475
11/6/1980,3.36
11/7/1980,3.3575
11/10/1980,3.3375
11/11/1980,3.32
11/12/1980,3.38
11/13/1980,3.365
11/14/1980,3.415
11/17/1980,3.3925
11/18/1980,3.39
11/19/1980,3.3775
11/20/1980,3.485
11/21/1980,3.49
11/24/1980,3.425
11/25/1980,3.44
11/26/1980,3.5637
11/28/1980,3.69
12/1/1980,3.69
12/2/1980,3.56
12/3/1980,3.5025
12/4/1980,3.435
12/5/1980,3.4825
12/8/1980,3.4975
12/9/1980,3.44
12/10/1980,3.4375
12/11/1980,3.335
12/12/1980,3.475
12/15/1980,3.575
12/16/1980,3.53
12/17/1980,3.595
12/18/1980,3.5825
12/19/1980,3.5775
12/22/1980,3.6175
12/23/1980,3.6575
12/24/1980,3.6175
12/26/1980,3.6175
12/29/1980,3.595
12/30/1980,3.5625
12/31/1980,3.62
1/2/1981,3.6575
1/5/1981,3.6575
1/6/1981,3.6575
1/7/1981,3.6275
1/8/1981,3.5875
1/9/1981,3.5725
1/12/1981,3.6
1/13/1981,3.59
1/14/1981,3.605
1/15/1981,3.565
1/16/1981,3.6275
1/19/1981,3.5875
1/20/1981,3.6025
1/21/1981,3.5775
1/22/1981,3.54
1/23/1981,3.4625
1/26/1981,3.485
1/27/1981,3.515
1/28/1981,3.475
1/29/1981,3.41
1/30/1981,3.4275
2/2/1981,3.4375
2/3/1981,3.5125
2/4/1981,3.4875
2/5/1981,3.51
2/6/1981,3.545
2/9/1981,3.4475
2/10/1981,3.4675
2/11/1981,3.5025
2/12/1981,3.4725
2/13/1981,3.505
2/17/1981,3.505
2/18/1981,3.465
2/19/1981,3.49
2/20/1981,3.4925
2/23/1981,3.4825
2/24/1981,3.505
2/25/1981,3.4925
2/26/1981,3.475
2/27/1981,3.4975
3/2/1981,3.4325
3/3/1981,3.4425
3/4/1981,3.425
3/5/1981,3.4375
3/6/1981,3.4475
3/9/1981,3.4775
3/10/1981,3.4375
3/11/1981,3.4225
3/12/1981,3.4525
3/13/1981,3.4525
3/16/1981,3.455
3/17/1981,3.505
3/18/1981,3.505
3/19/1981,3.505
3/20/1981,3.4725
3/23/1981,3.525
3/24/1981,3.5452
3/25/1981,3.54
3/26/1981,3.5025
3/27/1981,3.4925
3/30/1981,3.5025
3/31/1981,3.5275
4/1/1981,3.5025
4/2/1981,3.5175
4/3/1981,3.495
4/6/1981,3.5
4/7/1981,3.575
4/8/1981,3.5625
4/9/1981,3.565
4/10/1981,3.52
4/13/1981,3.48
4/14/1981,3.47
4/15/1981,3.515
4/16/1981,3.545
4/20/1981,3.57
4/21/1981,3.56
4/22/1981,3.575
4/23/1981,3.565
4/24/1981,3.5325
4/27/1981,3.5175
4/28/1981,3.4875
4/29/1981,3.5175
4/30/1981,3.55
5/1/1981,3.55
5/4/1981,3.5175
5/5/1981,3.5025
5/6/1981,3.5225
5/7/1981,3.5425
5/8/1981,3.5275
5/11/1981,3.4975
5/12/1981,3.415
5/13/1981,3.4225
5/14/1981,3.46
5/15/1981,3.4425
5/18/1981,3.48
5/19/1981,3.47
5/20/1981,3.4975
5/21/1981,3.405
5/22/1981,3.4125
5/26/1981,3.42
5/27/1981,3.435
5/28/1981,3.455
5/29/1981,3.4875
6/1/1981,3.465
6/2/1981,3.435
6/3/1981,3.395
6/4/1981,3.38
6/5/1981,3.38
6/8/1981,3.3925
6/9/1981,3.4275
6/10/1981,3.4825
6/11/1981,3.4325
6/12/1981,3.485
6/15/1981,3.3875
6/16/1981,3.5
6/17/1981,3.4675
6/18/1981,3.2875
6/19/1981,3.32
6/22/1981,3.2975
6/23/1981,3.29
6/24/1981,3.265
6/25/1981,3.205
6/26/1981,3.1575
6/29/1981,3.095
6/30/1981,3.13
7/1/1981,3.195
7/2/1981,3.2425
7/6/1981,3.355
7/7/1981,3.3325
7/8/1981,3.3475
7/9/1981,3.3475
7/10/1981,3.3825
7/13/1981,3.4725
7/14/1981,3.38
7/15/1981,3.3275
7/16/1981,3.3225
7/17/1981,3.32
7/20/1981,3.2175
7/21/1981,3.2175
7/22/1981,3.2525
7/23/1981,3.2525
7/24/1981,3.2475
7/27/1981,3.2025
7/28/1981,3.2175
7/29/1981,3.17
7/30/1981,3.185
7/31/1981,3.215
8/3/1981,3.225
8/4/1981,3.225
8/5/1981,3.1775
8/6/1981,3.1675
8/7/1981,3.1675
8/10/1981,3.1275
8/11/1981,3.1725
8/12/1981,3.185
8/13/1981,3.0325
8/14/1981,3.0675
8/17/1981,3.1125
8/18/1981,3.0725
8/19/1981,3.0975
8/20/1981,3.0875
8/21/1981,3.02
8/24/1981,2.955
8/25/1981,2.89
8/26/1981,2.9175
8/27/1981,2.7875
8/28/1981,2.8325
8/31/1981,2.8875
9/1/1981,2.8825
9/2/1981,2.8825
9/3/1981,2.9125
9/4/1981,2.8375
9/8/1981,2.77
9/9/1981,2.7625
9/10/1981,2.755
9/11/1981,2.7125
9/14/1981,2.75
9/15/1981,2.77
9/16/1981,2.73
9/17/1981,2.7225
9/18/1981,2.69
9/21/1981,2.6375
9/22/1981,2.63
9/23/1981,2.6075
9/24/1981,2.615
9/25/1981,2.59
9/28/1981,2.575
9/29/1981,2.605
9/30/1981,2.5975
10/1/1981,2.585
10/2/1981,2.5875
10/5/1981,2.6275
10/6/1981,2.65
10/7/1981,2.6275
10/8/1981,2.5875
10/9/1981,2.6175
10/12/1981,2.635
10/13/1981,2.685
10/14/1981,2.6875
10/15/1981,2.6575
10/16/1981,2.5975
10/19/1981,2.6025
10/20/1981,2.5825
10/21/1981,2.555
10/22/1981,2.5425
10/23/1981,2.5525
10/26/1981,2.52
10/27/1981,2.5325
10/28/1981,2.555
10/29/1981,2.56
10/30/1981,2.5575
11/2/1981,2.59
11/3/1981,2.5975
11/4/1981,2.6075
11/5/1981,2.625
11/6/1981,2.5925
11/9/1981,2.605
11/10/1981,2.5775
11/11/1981,2.58
11/12/1981,2.595
11/13/1981,2.585
11/16/1981,2.6025
11/17/1981,2.5925
11/18/1981,2.5925
11/19/1981,2.6275
11/20/1981,2.655
11/23/1981,2.645
11/24/1981,2.62
11/25/1981,2.615
11/27/1981,2.6225
11/30/1981,2.59
12/1/1981,2.6475
12/2/1981,2.6325
12/3/1981,2.65
12/4/1981,2.6525
12/7/1981,2.575
12/8/1981,2.5525
12/9/1981,2.5575
12/10/1981,2.485
12/11/1981,2.515
12/14/1981,2.46
12/15/1981,2.42
12/16/1981,2.455
12/17/1981,2.4875
12/18/1981,2.455
12/21/1981,2.4475
12/22/1981,2.455
12/23/1981,2.4525
12/24/1981,2.4925
12/28/1981,2.565
12/29/1981,2.52
12/30/1981,2.5175
12/31/1981,2.515
1/4/1982,2.5425
1/5/1982,2.57
1/6/1982,2.6325
1/7/1982,2.6325
1/8/1982,2.62
1/11/1982,2.6
1/12/1982,2.635
1/13/1982,2.635
1/14/1982,2.6375
1/15/1982,2.635
1/18/1982,2.64
1/19/1982,2.62
1/20/1982,2.625
1/21/1982,2.6425
1/22/1982,2.645
1/25/1982,2.63
1/26/1982,2.64
1/27/1982,2.67
1/28/1982,2.6475
1/29/1982,2.66
2/1/1982,2.6925
2/2/1982,2.6775
2/3/1982,2.6775
2/4/1982,2.6675
2/5/1982,2.6525
2/8/1982,2.635
2/9/1982,2.6125
2/10/1982,2.6325
2/11/1982,2.6325
2/12/1982,2.62
2/16/1982,2.6125
2/17/1982,2.6075
2/18/1982,2.615
2/19/1982,2.595
2/22/1982,2.605
2/23/1982,2.6125
2/24/1982,2.6025
2/25/1982,2.6025
2/26/1982,2.6
3/1/1982,2.6125
3/2/1982,2.625
3/3/1982,2.645
3/4/1982,2.6425
3/5/1982,2.65
3/8/1982,2.6475
3/9/1982,2.6325
3/10/1982,2.6475
3/11/1982,2.6725
3/12/1982,2.6475
3/15/1982,2.655
3/16/1982,2.6625
3/17/1982,2.6825
3/18/1982,2.7025
3/19/1982,2.705
3/22/1982,2.7125
3/23/1982,2.695
3/24/1982,2.7125
3/25/1982,2.7075
3/26/1982,2.71
3/29/1982,2.505
3/30/1982,2.495
3/31/1982,2.5
4/1/1982,2.5
4/2/1982,2.515
4/5/1982,2.54
4/6/1982,2.56
4/7/1982,2.545
4/8/1982,2.57
4/12/1982,2.575
4/13/1982,2.575
4/14/1982,2.58
4/15/1982,2.6
4/16/1982,2.61
4/19/1982,2.595
4/20/1982,2.615
4/21/1982,2.61
4/22/1982,2.59
4/23/1982,2.6
4/26/1982,2.605
4/27/1982,2.59
4/28/1982,2.6
4/29/1982,2.64
4/30/1982,2.635
5/3/1982,2.615
5/4/1982,2.61
5/5/1982,2.63
5/6/1982,2.63
5/7/1982,2.63
5/10/1982,2.61
5/11/1982,2.595
5/12/1982,2.595
5/13/1982,2.58
5/14/1982,2.605
5/17/1982,2.595
5/18/1982,2.6
5/19/1982,2.61
5/20/1982,2.63
5/21/1982,2.635
5/24/1982,2.63
5/25/1982,2.6
5/26/1982,2.61
5/27/1982,2.59
5/28/1982,2.585
6/1/1982,2.545
6/2/1982,2.565
6/3/1982,2.56
6/4/1982,2.565
6/7/1982,2.61
6/8/1982,2.595
6/9/1982,2.615
6/10/1982,2.635
6/11/1982,2.645
6/14/1982,2.61
6/15/1982,2.615
6/16/1982,2.6
6/17/1982,2.6
6/18/1982,2.59
6/21/1982,2.61
6/22/1982,2.62
6/23/1982,2.6
6/24/1982,2.585
6/25/1982,2.565
6/28/1982,2.535
6/29/1982,2.49
6/30/1982,2.5
7/1/1982,2.525
7/2/1982,2.525
7/6/1982,2.505
7/7/1982,2.505
7/8/1982,2.555
7/9/1982,2.56
7/12/1982,2.565
7/13/1982,2.58
7/14/1982,2.575
7/15/1982,2.57
7/16/1982,2.57
7/19/1982,2.54
7/20/1982,2.53
7/21/1982,2.54
7/22/1982,2.51
7/23/1982,2.48
7/26/1982,2.45
7/27/1982,2.41
7/28/1982,2.35
7/29/1982,2.32
7/30/1982,2.32
8/2/1982,2.375
8/3/1982,2.385
8/4/1982,2.385
8/5/1982,2.35
8/6/1982,2.31
8/9/1982,2.29
8/10/1982,2.24
8/11/1982,2.24
8/12/1982,2.12
8/13/1982,2.155
8/16/1982,2.135
8/17/1982,2.125
8/18/1982,2.17
8/19/1982,2.15
8/20/1982,2.205
8/23/1982,2.23
8/24/1982,2.25
8/25/1982,2.285
8/26/1982,2.26
8/27/1982,2.27
8/30/1982,2.24
8/31/1982,2.24
9/1/1982,2.255
9/2/1982,2.295
9/3/1982,2.275
9/7/1982,2.215
9/8/1982,2.165
9/9/1982,2.1
9/10/1982,2.08
9/13/1982,2.145
9/14/1982,2.205
9/15/1982,2.25
9/16/1982,2.2025
9/17/1982,2.14
9/20/1982,2.095
9/21/1982,2.125
9/22/1982,2.06
9/23/1982,2.08
9/24/1982,2.105
9/27/1982,2.115
9/28/1982,2.05
9/29/1982,2.06
9/30/1982,2.01
10/1/1982,1.96
10/4/1982,1.925
10/5/1982,1.915
10/6/1982,1.915
10/7/1982,1.97
10/8/1982,1.95
10/11/1982,2.01
10/12/1982,1.97
10/13/1982,1.965
10/14/1982,1.94
10/15/1982,1.915
10/18/1982,1.9
10/19/1982,1.925
10/20/1982,1.955
10/21/1982,1.92
10/22/1982,1.915
10/25/1982,1.86
10/26/1982,1.935
10/27/1982,1.955
10/28/1982,1.995
10/29/1982,1.965
11/1/1982,2
11/2/1982,2
11/3/1982,2.08
11/4/1982,2.08
11/5/1982,2.185
11/8/1982,2.165
11/9/1982,2.21
11/10/1982,2.21
11/11/1982,2.26
11/12/1982,2.24
11/15/1982,2.22
11/16/1982,2.25
11/17/1982,2.28
11/18/1982,2.295
11/19/1982,2.305
11/22/1982,2.29
11/23/1982,2.305
11/24/1982,2.33
11/26/1982,2.32
11/29/1982,2.295
11/30/1982,2.28
12/1/1982,2.255
12/2/1982,2.25
12/3/1982,2.24
12/6/1982,2.28
12/7/1982,2.3
12/8/1982,2.26
12/9/1982,2.275
12/10/1982,2.265
12/13/1982,2.265
12/14/1982,2.255
12/15/1982,2.225
12/16/1982,2.255
12/17/1982,2.27
12/20/1982,2.27
12/21/1982,2.275
12/22/1982,2.255
12/23/1982,2.27
12/27/1982,2.29
12/28/1982,2.31
12/29/1982,2.295
12/30/1982,2.29
12/31/1982,2.29
1/3/1983,2.28
1/4/1983,2.26
1/5/1983,2.265
1/6/1983,2.265
1/7/1983,2.285
1/10/1983,2.275
1/11/1983,2.28
1/12/1983,2.32
1/13/1983,2.295
1/14/1983,2.315
1/17/1983,2.315
1/18/1983,2.325
1/19/1983,2.33
1/20/1983,2.345
1/21/1983,2.37
1/24/1983,2.39
1/25/1983,2.41
1/26/1983,2.435
1/27/1983,2.475
1/28/1983,2.45
1/31/1983,2.505
2/1/1983,2.51
2/2/1983,2.505
2/3/1983,2.555
2/4/1983,2.57
2/7/1983,2.55
2/8/1983,2.545
2/9/1983,2.575
2/10/1983,2.615
2/11/1983,2.615
2/14/1983,2.66
2/15/1983,2.645
2/16/1983,2.635
2/17/1983,2.66
2/18/1983,2.67
2/22/1983,2.64
2/23/1983,2.67
2/24/1983,2.705
2/25/1983,2.695
2/28/1983,2.67
3/1/1983,2.695
3/2/1983,2.72
3/3/1983,2.745
3/4/1983,2.745
3/7/1983,2.745
3/8/1983,2.72
3/9/1983,2.75
3/10/1983,2.69
3/11/1983,2.685
3/14/1983,2.725
3/15/1983,2.71
3/16/1983,2.76
3/17/1983,2.785
3/18/1983,2.79
3/21/1983,2.84
3/22/1983,2.88
3/23/1983,2.93
3/24/1983,2.915
3/25/1983,2.91
3/28/1983,2.99
3/29/1983,3.025
3/30/1983,3
3/31/1983,3.03
4/4/1983,3.07
4/5/1983,3.035
4/6/1983,3.035
4/7/1983,3.02
4/8/1983,3.065
4/11/1983,3.07
4/12/1983,3.065
4/13/1983,3.095
4/14/1983,3.085
4/15/1983,3.055
4/18/1983,3.07
4/19/1983,3.075
4/20/1983,3.03
4/21/1983,3.05
4/22/1983,3.12
4/25/1983,3.1
4/26/1983,3.125
4/27/1983,3.135
4/28/1983,3.12
4/29/1983,3.14
5/2/1983,3.165
5/3/1983,3.155
5/4/1983,3.145
5/5/1983,3.14
5/6/1983,3.12
5/9/1983,3.095
5/10/1983,3.09
5/11/1983,3.02
5/12/1983,2.98
5/13/1983,2.985
5/16/1983,3.015
5/17/1983,3.06
5/18/1983,3.095
5/19/1983,3.1
5/20/1983,3.05
5/23/1983,3.11
5/24/1983,3.145
5/25/1983,3.11
5/26/1983,3.08
5/27/1983,3.05
5/31/1983,3.09
6/1/1983,3.08
6/2/1983,3.13
6/3/1983,3.135
6/6/1983,3.13
6/7/1983,3.105
6/8/1983,3.155
6/9/1983,3.18
6/10/1983,3.175
6/13/1983,3.185
6/14/1983,3.155
6/15/1983,3.14
6/16/1983,3.135
6/17/1983,3.135
6/20/1983,3.155
6/21/1983,3.165
6/22/1983,3.16
6/23/1983,3.175
6/24/1983,3.165
6/27/1983,3.175
6/28/1983,3.185
6/29/1983,3.165
6/30/1983,3.135
7/1/1983,3.145
7/5/1983,3.165
7/6/1983,3.195
7/7/1983,3.2
7/8/1983,3.2
7/11/1983,3.23
7/12/1983,3.215
7/13/1983,3.18
7/14/1983,3.205
7/15/1983,3.235
7/18/1983,3.195
7/19/1983,3.265
7/20/1983,3.36
7/21/1983,3.335
7/22/1983,3.365
7/25/1983,3.365
7/26/1983,3.315
7/27/1983,3.325
7/28/1983,3.4
7/29/1983,3.365
8/1/1983,3.435
8/2/1983,3.455
8/3/1983,3.525
8/4/1983,3.51
8/5/1983,3.59
8/8/1983,3.565
8/9/1983,3.53
8/10/1983,3.645
8/11/1983,3.67
8/12/1983,3.68
8/15/1983,3.77
8/16/1983,3.71
8/17/1983,3.65
8/18/1983,3.58
8/19/1983,3.575
8/22/1983,3.655
8/23/1983,3.64
8/24/1983,3.575
8/25/1983,3.54
8/26/1983,3.6
8/29/1983,3.56
8/30/1983,3.425
8/31/1983,3.565
9/1/1983,3.47
9/2/1983,3.53
9/6/1983,3.6
9/7/1983,3.59
9/8/1983,3.595
9/9/1983,3.6
9/12/1983,3.565
9/13/1983,3.46
9/14/1983,3.43
9/15/1983,3.33
9/16/1983,3.365
9/19/1983,3.45
9/20/1983,3.465
9/21/1983,3.535
9/22/1983,3.43
9/23/1983,3.38
9/26/1983,3.38
9/27/1983,3.41
9/28/1983,3.355
9/29/1983,3.355
9/30/1983,3.44
10/3/1983,3.42
10/4/1983,3.37
10/5/1983,3.425
10/6/1983,3.395
10/7/1983,3.365
10/10/1983,3.36
10/11/1983,3.39
10/12/1983,3.385
10/13/1983,3.485
10/14/1983,3.4
10/17/1983,3.375
10/18/1983,3.33
10/19/1983,3.29
10/20/1983,3.24
10/21/1983,3.29
10/24/1983,3.31
10/25/1983,3.37
10/26/1983,3.305
10/27/1983,3.35
10/28/1983,3.38
10/31/1983,3.345
11/1/1983,3.35
11/2/1983,3.385
11/3/1983,3.36
11/4/1983,3.385
11/7/1983,3.425
11/8/1983,3.445
11/9/1983,3.455
11/10/1983,3.465
11/11/1983,3.435
11/14/1983,3.44
11/15/1983,3.47
11/16/1983,3.415
11/17/1983,3.42
11/18/1983,3.37
11/21/1983,3.315
11/22/1983,3.27
11/23/1983,3.275
11/25/1983,3.32
11/28/1983,3.355
11/29/1983,3.345
11/30/1983,3.315
12/1/1983,3.325
12/2/1983,3.275
12/5/1983,3.23
12/6/1983,3.21
12/7/1983,3.25
12/8/1983,3.25
12/9/1983,3.225
12/12/1983,3.215
12/13/1983,3.175
12/14/1983,3.19
12/15/1983,3.195
12/16/1983,3.21
12/19/1983,3.285
12/20/1983,3.29
12/21/1983,3.295
12/22/1983,3.345
12/23/1983,3.365
12/27/1983,3.385
12/28/1983,3.335
12/29/1983,3.315
12/30/1983,3.29
1/3/1984,3.195
1/4/1984,3.205
1/5/1984,3.23
1/6/1984,3.2
1/9/1984,3.215
1/10/1984,3.25
1/11/1984,3.255
1/12/1984,3.26
1/13/1984,3.21
1/16/1984,3.195
1/17/1984,3.2
1/18/1984,3.195
1/19/1984,3.17
1/20/1984,3.12
1/23/1984,3.16
1/24/1984,3.255
1/25/1984,3.235
1/26/1984,3.175
1/27/1984,3.185
1/30/1984,3.19
1/31/1984,3.205
2/1/1984,3.21
2/2/1984,3.22
2/3/1984,3.195
2/6/1984,3.19
2/7/1984,3.2
2/8/1984,3.2
2/9/1984,3.165
2/10/1984,3.14
2/13/1984,3.085
2/14/1984,3.05
2/15/1984,3.08
2/16/1984,3.095
2/17/1984,3.1
2/21/1984,3.1
2/22/1984,3.165
2/23/1984,3.15
2/24/1984,3.16
2/27/1984,3.17
2/28/1984,3.17
2/29/1984,3.225
3/1/1984,3.225
3/2/1984,3.25
3/5/1984,3.275
3/6/1984,3.31
3/7/1984,3.3
3/8/1984,3.305
3/9/1984,3.325
3/12/1984,3.31
3/13/1984,3.325
3/14/1984,3.355
3/15/1984,3.39
3/16/1984,3.375
3/19/1984,3.39
3/20/1984,3.405
3/21/1984,3.42
3/22/1984,3.445
3/23/1984,3.445
3/26/1984,3.48
3/27/1984,3.465
3/28/1984,3.455
3/29/1984,3.435
3/30/1984,3.46
4/2/1984,3.51
4/3/1984,3.51
4/4/1984,3.54
4/5/1984,3.5
4/6/1984,3.5
4/9/1984,3.525
4/10/1984,3.5
4/11/1984,3.46
4/12/1984,3.44
4/13/1984,3.455
4/16/1984,3.44
4/17/1984,3.425
4/18/1984,3.445
4/19/1984,3.48
4/23/1984,3.495
4/24/1984,3.42
4/25/1984,3.38
4/26/1984,3.325
4/27/1984,3.355
4/30/1984,3.325
5/1/1984,3.355
5/2/1984,3.405
5/3/1984,3.405
5/4/1984,3.405
5/7/1984,3.415
5/8/1984,3.42
5/9/1984,3.41
5/10/1984,3.395
5/11/1984,3.385
5/14/1984,3.405
5/15/1984,3.425
5/16/1984,3.455
5/17/1984,3.46
5/18/1984,3.48
5/21/1984,3.525
5/22/1984,3.535
5/23/1984,3.515
5/24/1984,3.49
5/25/1984,3.48
5/29/1984,3.485
5/30/1984,3.485
5/31/1984,3.45
6/1/1984,3.43
6/4/1984,3.43
6/5/1984,3.41
6/6/1984,3.43
6/7/1984,3.455
6/8/1984,3.435
6/11/1984,3.455
6/12/1984,3.425
6/13/1984,3.445
6/14/1984,3.425
6/15/1984,3.425
6/18/1984,3.455
6/19/1984,3.48
6/20/1984,3.48
6/21/1984,3.465
6/22/1984,3.48
6/25/1984,3.495
6/26/1984,3.445
6/27/1984,3.43
6/28/1984,3.435
6/29/1984,3.465
7/2/1984,3.44
7/3/1984,3.405
7/5/1984,3.345
7/6/1984,3.34
7/9/1984,3.415
7/10/1984,3.38
7/11/1984,3.36
7/12/1984,3.365
7/13/1984,3.31
7/16/1984,3.34
7/17/1984,3.35
7/18/1984,3.355
7/19/1984,3.345
7/20/1984,3.295
7/23/1984,3.24
7/24/1984,3.225
7/25/1984,3.2
7/26/1984,3.15
7/27/1984,3.045
7/30/1984,3
7/31/1984,3.11
8/1/1984,3.085
8/2/1984,3.155
8/3/1984,3.17
8/6/1984,3.2125
8/7/1984,3.21
8/8/1984,3.165
8/9/1984,3.19
8/10/1984,3.165
8/13/1984,3.155
8/14/1984,3.16
8/15/1984,3.2
8/16/1984,3.235
8/17/1984,3.155
8/20/1984,3.11
8/21/1984,3.145
8/22/1984,3.24
8/23/1984,3.215
8/24/1984,3.23
8/27/1984,3.195
8/28/1984,3.115
8/29/1984,3.05
8/30/1984,3.085
8/31/1984,3.045
9/4/1984,2.995
9/5/1984,3.025
9/6/1984,3.02
9/7/1984,3.005
9/10/1984,3.075
9/11/1984,3.06
9/12/1984,3.015
9/13/1984,2.955
9/14/1984,3.015
9/17/1984,2.89
9/18/1984,2.915
9/19/1984,2.91
9/20/1984,2.845
9/21/1984,2.845
9/24/1984,2.84
9/25/1984,2.84
9/26/1984,2.805
9/27/1984,2.76
9/28/1984,2.7
10/1/1984,2.65
10/2/1984,2.67
10/3/1984,2.665
10/4/1984,2.675
10/5/1984,2.68
10/8/1984,2.695
10/9/1984,2.68
10/10/1984,2.705
10/11/1984,2.69
10/12/1984,2.735
10/15/1984,2.705
10/16/1984,2.72
10/17/1984,2.69
10/18/1984,2.67
10/19/1984,2.675
10/22/1984,2.635
10/23/1984,2.62
10/24/1984,2.635
10/25/1984,2.655
10/26/1984,2.63
10/29/1984,2.6
10/30/1984,2.6
10/31/1984,2.62
11/1/1984,2.645
11/2/1984,2.615
11/5/1984,2.575
11/6/1984,2.605
11/7/1984,2.615
11/8/1984,2.63
11/9/1984,2.645
11/12/1984,2.665
11/13/1984,2.645
11/14/1984,2.625
11/15/1984,2.645
11/16/1984,2.655
11/19/1984,2.645
11/20/1984,2.64
11/21/1984,2.625
11/23/1984,2.61
11/26/1984,2.555
11/27/1984,2.565
11/28/1984,2.62
11/29/1984,2.605
11/30/1984,2.615
12/3/1984,2.595
12/4/1984,2.595
12/5/1984,2.59
12/6/1984,2.6
12/7/1984,2.575
12/10/1984,2.575
12/11/1984,2.57
12/12/1984,2.525
12/13/1984,2.505
12/14/1984,2.53
12/17/1984,2.55
12/18/1984,2.545
12/19/1984,2.54
12/20/1984,2.545
12/21/1984,2.535
12/24/1984,2.54
12/26/1984,2.575
12/27/1984,2.56
12/28/1984,2.575
12/31/1984,2.595
1/2/1985,2.62
1/3/1985,2.63
1/4/1985,2.615
1/7/1985,2.63
1/8/1985,2.61
1/9/1985,2.63
1/10/1985,2.635
1/11/1985,2.62
1/14/1985,2.625
1/15/1985,2.645
1/16/1985,2.65
1/17/1985,2.65
1/18/1985,2.66
1/21/1985,2.66
1/22/1985,2.65
1/23/1985,2.625
1/24/1985,2.64
1/25/1985,2.65
1/28/1985,2.645
1/29/1985,2.65
1/30/1985,2.67
1/31/1985,2.66
2/1/1985,2.655
2/4/1985,2.655
2/5/1985,2.695
2/6/1985,2.66
2/7/1985,2.645
2/8/1985,2.65
2/11/1985,2.635
2/12/1985,2.63
2/13/1985,2.63
2/14/1985,2.64
2/15/1985,2.65
2/19/1985,2.625
2/20/1985,2.625
2/21/1985,2.615
2/22/1985,2.615
2/25/1985,2.59
2/26/1985,2.605
2/27/1985,2.615
2/28/1985,2.635
3/1/1985,2.64
3/4/1985,2.655
3/5/1985,2.67
3/6/1985,2.68
3/7/1985,2.655
3/8/1985,2.67
3/11/1985,2.67
3/12/1985,2.68
3/13/1985,2.695
3/14/1985,2.7
3/15/1985,2.695
3/18/1985,2.69
3/19/1985,2.7
3/20/1985,2.705
3/21/1985,2.705
3/22/1985,2.73
3/25/1985,2.705
3/26/1985,2.695
3/27/1985,2.71
3/28/1985,2.715
3/29/1985,2.72
4/1/1985,2.72
4/2/1985,2.73
4/3/1985,2.725
4/4/1985,2.72
4/8/1985,2.73
4/9/1985,2.72
4/10/1985,2.72
4/11/1985,2.72
4/12/1985,2.71
4/15/1985,2.72
4/16/1985,2.73
4/17/1985,2.725
4/18/1985,2.715
4/19/1985,2.73
4/22/1985,2.725
4/23/1985,2.72
4/24/1985,2.745
4/25/1985,2.72
4/26/1985,2.72
4/29/1985,2.725
4/30/1985,2.705
5/1/1985,2.72
5/2/1985,2.705
5/3/1985,2.705
5/6/1985,2.715
5/7/1985,2.71
5/8/1985,2.69
5/9/1985,2.68
5/10/1985,2.7
5/13/1985,2.7
5/14/1985,2.695
5/15/1985,2.69
5/16/1985,2.69
5/17/1985,2.695
5/20/1985,2.69
5/21/1985,2.68
5/22/1985,2.675
5/23/1985,2.685
5/24/1985,2.665
5/28/1985,2.645
5/29/1985,2.655
5/30/1985,2.66
5/31/1985,2.67
6/3/1985,2.64
6/4/1985,2.63
6/5/1985,2.65
6/6/1985,2.655
6/7/1985,2.655
6/10/1985,2.645
6/11/1985,2.635
6/12/1985,2.65
6/13/1985,2.67
6/14/1985,2.65
6/17/1985,2.65
6/18/1985,2.66
6/19/1985,2.67
6/20/1985,2.64
6/21/1985,2.635
6/24/1985,2.64
6/25/1985,2.66
6/26/1985,2.64
6/27/1985,2.615
6/28/1985,2.6
7/1/1985,2.605
7/2/1985,2.615
7/3/1985,2.62
7/5/1985,2.65
7/8/1985,2.66
7/9/1985,2.655
7/10/1985,2.645
7/11/1985,2.65
7/12/1985,2.665
7/15/1985,2.635
7/16/1985,2.625
7/17/1985,2.6425
7/18/1985,2.665
7/19/1985,2.615
7/22/1985,2.61
7/23/1985,2.595
7/24/1985,2.59
7/25/1985,2.55
7/26/1985,2.54
7/29/1985,2.53
7/30/1985,2.45
7/31/1985,2.37
8/1/1985,2.395
8/2/1985,2.385
8/5/1985,2.37
8/6/1985,2.385
8/7/1985,2.385
8/8/1985,2.405
8/9/1985,2.41
8/12/1985,2.395
8/13/1985,2.4125
8/14/1985,2.455
8/15/1985,2.48
8/16/1985,2.47
8/19/1985,2.51
8/20/1985,2.53
8/21/1985,2.525
8/22/1985,2.5725
8/23/1985,2.555
8/26/1985,2.535
8/27/1985,2.52
8/28/1985,2.505
8/29/1985,2.48
8/30/1985,2.45
9/3/1985,2.385
9/4/1985,2.445
9/5/1985,2.4825
9/6/1985,2.415
9/9/1985,2.37
9/10/1985,2.36
9/11/1985,2.285
9/12/1985,2.265
9/13/1985,2.195
9/16/1985,2.215
9/17/1985,2.21
9/18/1985,2.21
9/19/1985,2.1825
9/20/1985,2.21
9/23/1985,2.255
9/24/1985,2.25
9/25/1985,2.245
9/26/1985,2.21
9/27/1985,2.225
9/30/1985,2.165
10/1/1985,2.11
10/2/1985,2.13
10/3/1985,2.135
10/4/1985,2.125
10/7/1985,2.095
10/8/1985,2.13
10/9/1985,2.155
10/10/1985,2.13
10/11/1985,2.115
10/14/1985,2.11
10/15/1985,2.075
10/16/1985,2.06
10/17/1985,2.055
10/18/1985,2.05
10/21/1985,2.07
10/22/1985,2.115
10/23/1985,2.06
10/24/1985,2.05
10/25/1985,2.05
10/28/1985,2.06
10/29/1985,2.105
10/30/1985,2.11
10/31/1985,2.19
11/1/1985,2.215
11/4/1985,2.18
11/5/1985,2.265
11/6/1985,2.26
11/7/1985,2.275
11/8/1985,2.29
11/11/1985,2.295
11/12/1985,2.315
11/13/1985,2.34
11/14/1985,2.33
11/15/1985,2.325
11/18/1985,2.34
11/19/1985,2.365
11/20/1985,2.385
11/21/1985,2.36
11/22/1985,2.335
11/25/1985,2.325
11/26/1985,2.36
11/27/1985,2.385
11/29/1985,2.385
12/2/1985,2.4
12/3/1985,2.38
12/4/1985,2.365
12/5/1985,2.36
12/6/1985,2.36
12/9/1985,2.38
12/10/1985,2.37
12/11/1985,2.36
12/12/1985,2.37
12/13/1985,2.385
12/16/1985,2.395
12/17/1985,2.375
12/18/1985,2.37
12/19/1985,2.365
12/20/1985,2.36
12/23/1985,2.365
12/24/1985,2.365
12/26/1985,2.385
12/27/1985,2.41
12/30/1985,2.4
12/31/1985,2.385
1/2/1986,2.37
1/3/1986,2.365
1/6/1986,2.375
1/7/1986,2.38
1/8/1986,2.37
1/9/1986,2.37
1/10/1986,2.37
1/13/1986,2.3425
1/14/1986,2.36
1/15/1986,2.385
1/16/1986,2.37
1/17/1986,2.37
1/20/1986,2.385
1/21/1986,2.375
1/22/1986,2.385
1/23/1986,2.38
1/24/1986,2.325
1/27/1986,2.32
1/28/1986,2.37
1/29/1986,2.375
1/30/1986,2.36
1/31/1986,2.36
2/3/1986,2.36
2/4/1986,2.36
2/5/1986,2.38
2/6/1986,2.35
2/7/1986,2.35
2/10/1986,2.36
2/11/1986,2.3425
2/12/1986,2.335
2/13/1986,2.32
2/14/1986,2.335
2/18/1986,2.355
2/19/1986,2.345
2/20/1986,2.335
2/21/1986,2.345
2/24/1986,2.34
2/25/1986,2.32
2/26/1986,2.29
2/27/1986,2.275
2/28/1986,2.225
3/3/1986,2.255
3/4/1986,2.21
3/5/1986,2.225
3/6/1986,2.26
3/7/1986,2.265
3/10/1986,2.275
3/11/1986,2.265
3/12/1986,2.255
3/13/1986,2.295
3/14/1986,2.315
3/17/1986,2.315
3/18/1986,2.315
3/19/1986,2.325
3/20/1986,2.315
3/21/1986,2.3
3/24/1986,2.31
3/25/1986,2.315
3/26/1986,2.34
3/27/1986,2.32
3/31/1986,2.335
4/1/1986,2.365
4/2/1986,2.325
4/3/1986,2.305
4/4/1986,2.305
4/7/1986,2.325
4/8/1986,2.315
4/9/1986,2.29
4/10/1986,2.29
4/11/1986,2.3
4/14/1986,2.3
4/15/1986,2.285
4/16/1986,2.275
4/17/1986,2.295
4/18/1986,2.28
4/21/1986,2.275
4/22/1986,2.315
4/23/1986,2.33
4/24/1986,2.305
4/25/1986,2.3
4/28/1986,2.305
4/29/1986,2.305
4/30/1986,2.35
5/1/1986,2.325
5/2/1986,2.315
5/5/1986,2.35
5/6/1986,2.37
5/7/1986,2.385
5/8/1986,2.4
5/9/1986,2.425
5/12/1986,2.39
5/13/1986,2.44
5/14/1986,2.445
5/15/1986,2.43
5/16/1986,2.415
5/19/1986,2.435
5/20/1986,2.45
5/21/1986,2.46
5/22/1986,2.435
5/23/1986,2.435
5/27/1986,2.455
5/28/1986,2.485
5/29/1986,2.465
5/30/1986,2.475
6/2/1986,2.49
6/3/1986,2.46
6/4/1986,2.49
6/5/1986,2.475
6/6/1986,2.495
6/9/1986,2.485
6/10/1986,2.475
6/11/1986,2.46
6/12/1986,2.42
6/13/1986,2.42
6/16/1986,2.425
6/17/1986,2.44
6/18/1986,2.455
6/19/1986,2.46
6/20/1986,2.445
6/23/1986,2.425
6/24/1986,2.36
6/25/1986,2.3
6/26/1986,2.255
6/27/1986,2.255
6/30/1986,2.14
7/1/1986,1.99
7/2/1986,2.02
7/3/1986,1.955
7/7/1986,1.87
7/8/1986,1.89
7/9/1986,1.925
7/10/1986,1.905
7/11/1986,1.925
7/14/1986,1.935
7/15/1986,1.98
7/16/1986,1.985
7/17/1986,1.95
7/18/1986,1.92
7/21/1986,1.915
7/22/1986,1.905
7/23/1986,1.95
7/24/1986,2
7/25/1986,1.99
7/28/1986,1.985
7/29/1986,1.885
7/30/1986,1.79
7/31/1986,1.7
8/1/1986,1.655
8/4/1986,1.62
8/5/1986,1.585
8/6/1986,1.57
8/7/1986,1.565
8/8/1986,1.57
8/11/1986,1.58
8/12/1986,1.55
8/13/1986,1.58
8/14/1986,1.6
8/15/1986,1.55
8/18/1986,1.535
8/19/1986,1.515
8/20/1986,1.495
8/21/1986,1.5
8/22/1986,1.485
8/25/1986,1.445
8/26/1986,1.4
8/27/1986,1.415
8/28/1986,1.39
8/29/1986,1.38
9/2/1986,1.35
9/3/1986,1.37
9/4/1986,1.37
9/5/1986,1.345
9/8/1986,1.37
9/9/1986,1.36
9/10/1986,1.3
9/11/1986,1.3
9/12/1986,1.3
9/15/1986,1.285
9/16/1986,1.265
9/17/1986,1.28
9/18/1986,1.3
9/19/1986,1.305
9/22/1986,1.31
9/23/1986,1.38
9/24/1986,1.395
9/25/1986,1.37
9/26/1986,1.39
9/29/1986,1.46
9/30/1986,1.445
10/1/1986,1.45
10/2/1986,1.41
10/3/1986,1.38
10/6/1986,1.3
10/7/1986,1.23
10/8/1986,1.26
10/9/1986,1.25
10/10/1986,1.27
10/13/1986,1.265
10/14/1986,1.255
10/15/1986,1.225
10/16/1986,1.22
10/17/1986,1.235
10/20/1986,1.26
10/21/1986,1.3
10/22/1986,1.345
10/23/1986,1.325
10/24/1986,1.395
10/27/1986,1.42
10/28/1986,1.43
10/29/1986,1.425
10/30/1986,1.475
10/31/1986,1.465
11/3/1986,1.495
11/4/1986,1.525
11/5/1986,1.53
11/6/1986,1.52
11/7/1986,1.53
11/10/1986,1.52
11/11/1986,1.51
11/12/1986,1.58
11/13/1986,1.575
11/14/1986,1.555
11/17/1986,1.53
11/18/1986,1.53
11/19/1986,1.57
11/20/1986,1.58
11/21/1986,1.58
11/24/1986,1.56
11/25/1986,1.57
11/26/1986,1.59
11/28/1986,1.59
12/1/1986,1.62
12/2/1986,1.63
12/3/1986,1.6
12/4/1986,1.59
12/5/1986,1.58
12/8/1986,1.59
12/9/1986,1.585
12/10/1986,1.585
12/11/1986,1.545
12/12/1986,1.525
12/15/1986,1.525
12/16/1986,1.52
12/17/1986,1.51
12/18/1986,1.5
12/19/1986,1.465
12/22/1986,1.46
12/23/1986,1.445
12/24/1986,1.445
12/26/1986,1.465
12/29/1986,1.42
12/30/1986,1.415
12/31/1986,1.42
1/2/1987,1.405
1/5/1987,1.365
1/6/1987,1.355
1/7/1987,1.395
1/8/1987,1.395
1/9/1987,1.43
1/12/1987,1.46
1/13/1987,1.43
1/14/1987,1.46
1/15/1987,1.45
1/16/1987,1.465
1/19/1987,1.465
1/20/1987,1.47
1/21/1987,1.47
1/22/1987,1.455
1/23/1987,1.465
1/26/1987,1.46
1/27/1987,1.455
1/28/1987,1.435
1/29/1987,1.44
1/30/1987,1.44
2/2/1987,1.465
2/3/1987,1.465
2/4/1987,1.46
2/5/1987,1.43
2/6/1987,1.425
2/9/1987,1.415
2/10/1987,1.41
2/11/1987,1.365
2/12/1987,1.305
2/13/1987,1.3
2/17/1987,1.31
2/18/1987,1.31
2/19/1987,1.335
2/20/1987,1.375
2/23/1987,1.365
2/24/1987,1.37
2/25/1987,1.345
2/26/1987,1.355
2/27/1987,1.38
3/2/1987,1.415
3/3/1987,1.39
3/4/1987,1.405
3/5/1987,1.415
3/6/1987,1.43
3/9/1987,1.455
3/10/1987,1.425
3/11/1987,1.425
3/12/1987,1.435
3/13/1987,1.46
3/16/1987,1.465
3/17/1987,1.495
3/18/1987,1.485
3/19/1987,1.485
3/20/1987,1.475
3/23/1987,1.5
3/24/1987,1.535
3/25/1987,1.555
3/26/1987,1.53
3/27/1987,1.5
3/30/1987,1.5
3/31/1987,1.475
4/1/1987,1.455
4/2/1987,1.435
4/3/1987,1.425
4/6/1987,1.435
4/7/1987,1.46
4/8/1987,1.49
4/9/1987,1.51
4/10/1987,1.52
4/13/1987,1.535
4/14/1987,1.575
4/15/1987,1.54
4/16/1987,1.56
4/20/1987,1.605
4/21/1987,1.615
4/22/1987,1.61
4/23/1987,1.635
4/24/1987,1.635
4/27/1987,1.62
4/28/1987,1.635
4/29/1987,1.67
4/30/1987,1.7
5/1/1987,1.695
5/4/1987,1.73
5/5/1987,1.735
5/6/1987,1.755
5/7/1987,1.76
5/8/1987,1.78
5/11/1987,1.82
5/12/1987,1.765
5/13/1987,1.75
5/14/1987,1.785
5/15/1987,1.78
5/18/1987,1.665
5/19/1987,1.705
5/20/1987,1.695
5/21/1987,1.74
5/22/1987,1.76
5/26/1987,1.76
5/27/1987,1.78
5/28/1987,1.775
5/29/1987,1.75
6/1/1987,1.725
6/2/1987,1.76
6/3/1987,1.775
6/4/1987,1.74
6/5/1987,1.76
6/8/1987,1.745
6/9/1987,1.74
6/10/1987,1.705
6/11/1987,1.71
6/12/1987,1.75
6/15/1987,1.805
6/16/1987,1.855
6/17/1987,1.8
6/18/1987,1.755
6/19/1987,1.77
6/22/1987,1.675
6/23/1987,1.74
6/24/1987,1.79
6/25/1987,1.74
6/26/1987,1.735
6/29/1987,1.675
6/30/1987,1.7
7/1/1987,1.64
7/2/1987,1.64
7/6/1987,1.61
7/7/1987,1.65
7/8/1987,1.575
7/9/1987,1.585
7/10/1987,1.595
7/13/1987,1.57
7/14/1987,1.555
7/15/1987,1.59
7/16/1987,1.58
7/17/1987,1.565
7/20/1987,1.62
7/21/1987,1.585
7/22/1987,1.61
7/23/1987,1.595
7/24/1987,1.595
7/27/1987,1.585
7/28/1987,1.62
7/29/1987,1.57
7/30/1987,1.57
7/31/1987,1.58
8/3/1987,1.53
8/4/1987,1.455
8/5/1987,1.45
8/6/1987,1.415
8/7/1987,1.4
8/10/1987,1.41
8/11/1987,1.39
8/12/1987,1.41
8/13/1987,1.43
8/14/1987,1.46
8/17/1987,1.435
8/18/1987,1.46
8/19/1987,1.51
8/20/1987,1.495
8/21/1987,1.485
8/24/1987,1.485
8/25/1987,1.47
8/26/1987,1.5
8/27/1987,1.495
8/28/1987,1.485
8/31/1987,1.485
9/1/1987,1.465
9/2/1987,1.465
9/3/1987,1.45
9/4/1987,1.46
9/8/1987,1.475
9/9/1987,1.495
9/10/1987,1.505
9/11/1987,1.485
9/14/1987,1.525
9/15/1987,1.535
9/16/1987,1.58
9/17/1987,1.57
9/18/1987,1.565
9/21/1987,1.525
9/22/1987,1.5
9/23/1987,1.5
9/24/1987,1.485
9/25/1987,1.49
9/28/1987,1.525
9/29/1987,1.57
9/30/1987,1.56
10/1/1987,1.61
10/2/1987,1.62
10/5/1987,1.615
10/6/1987,1.585
10/7/1987,1.575
10/8/1987,1.59
10/9/1987,1.57
10/12/1987,1.565
10/13/1987,1.605
10/14/1987,1.63
10/15/1987,1.63
10/16/1987,1.63
10/19/1987,1.55
10/20/1987,1.66
10/21/1987,1.69
10/22/1987,1.685
10/23/1987,1.68
10/26/1987,1.69
10/27/1987,1.705
10/28/1987,1.7
10/29/1987,1.685
10/30/1987,1.685
11/2/1987,1.67
11/3/1987,1.655
11/4/1987,1.66
11/5/1987,1.6975
11/6/1987,1.67
11/9/1987,1.69
11/10/1987,1.705
11/11/1987,1.705
11/12/1987,1.71
11/13/1987,1.725
11/16/1987,1.735
11/17/1987,1.765
11/18/1987,1.765
11/19/1987,1.775
11/20/1987,1.78
11/23/1987,1.785
11/24/1987,1.795
11/25/1987,1.815
11/27/1987,1.835
11/30/1987,1.825
12/1/1987,1.82
12/2/1987,1.81
12/3/1987,1.825
12/4/1987,1.79
12/7/1987,1.8
12/8/1987,1.79
12/9/1987,1.825
12/10/1987,1.82
12/11/1987,1.815
12/14/1987,1.805
12/15/1987,1.82
12/16/1987,1.745
12/17/1987,1.75
12/18/1987,1.75
12/21/1987,1.75
12/22/1987,1.775
12/23/1987,1.78
12/24/1987,1.78
12/28/1987,1.76
12/29/1987,1.755
12/30/1987,1.74
12/31/1987,1.74
1/4/1988,1.745
1/5/1988,1.75
1/6/1988,1.79
1/7/1988,1.795
1/8/1988,1.795
1/11/1988,1.815
1/12/1988,1.8
1/13/1988,1.825
1/14/1988,1.825
1/15/1988,1.85
1/18/1988,1.885
1/19/1988,1.88
1/20/1988,1.875
1/21/1988,1.865
1/22/1988,1.88
1/25/1988,1.9
1/26/1988,1.91
1/27/1988,1.905
1/28/1988,1.86
1/29/1988,1.845
2/1/1988,1.86
2/2/1988,1.86
2/3/1988,1.87
2/4/1988,1.895
2/5/1988,1.895
2/8/1988,1.905
2/9/1988,1.915
2/10/1988,1.91
2/11/1988,1.91
2/12/1988,1.895
2/16/1988,1.855
2/17/1988,1.9
2/18/1988,1.895
2/19/1988,1.9
2/22/1988,1.89
2/23/1988,1.855
2/24/1988,1.875
2/25/1988,1.88
2/26/1988,1.905
2/29/1988,1.925
3/1/1988,1.93
3/2/1988,1.925
3/3/1988,1.92
3/4/1988,1.91
3/7/1988,1.935
3/8/1988,1.935
3/9/1988,1.91
3/10/1988,1.895
3/11/1988,1.88
3/14/1988,1.9
3/15/1988,1.89
3/16/1988,1.89
3/17/1988,1.91
3/18/1988,1.905
3/21/1988,1.925
3/22/1988,1.915
3/23/1988,1.92
3/24/1988,1.925
3/25/1988,1.95
3/28/1988,1.955
3/29/1988,1.95
3/30/1988,1.93
3/31/1988,1.935
4/4/1988,1.92
4/5/1988,1.915
4/6/1988,1.91
4/7/1988,1.915
4/8/1988,1.93
4/11/1988,1.92
4/12/1988,1.92
4/13/1988,1.915
4/14/1988,1.91
4/15/1988,1.9
4/18/1988,1.925
4/19/1988,1.94
4/20/1988,1.93
4/21/1988,1.915
4/22/1988,1.91
4/25/1988,1.91
4/26/1988,1.925
4/27/1988,1.93
4/28/1988,1.92
4/29/1988,1.955
5/2/1988,1.98
5/3/1988,1.975
5/4/1988,1.975
5/5/1988,1.955
5/6/1988,1.945
5/9/1988,1.9325
5/10/1988,1.935
5/11/1988,1.9
5/12/1988,1.885
5/13/1988,1.89
5/16/1988,1.98
5/17/1988,1.985
5/18/1988,1.99
5/19/1988,2.005
5/20/1988,2.045
5/23/1988,1.975
5/24/1988,2.03
5/25/1988,1.995
5/26/1988,1.97
5/27/1988,2.02
5/31/1988,2.085
6/1/1988,2.05
6/2/1988,2.095
6/3/1988,2.185
6/6/1988,2.26
6/7/1988,2.385
6/8/1988,2.33
6/9/1988,2.365
6/10/1988,2.41
6/13/1988,2.41
6/14/1988,2.505
6/15/1988,2.585
6/16/1988,2.73
6/17/1988,2.845
6/20/1988,3.005
6/21/1988,3.14
6/22/1988,3.21
6/23/1988,3.15
6/24/1988,3.125
6/27/1988,3.23
6/28/1988,3.025
6/29/1988,2.75
6/30/1988,2.98
7/1/1988,3.135
7/5/1988,3.195
7/6/1988,3.175
7/7/1988,2.945
7/8/1988,2.9
7/11/1988,2.695
7/12/1988,2.87
7/13/1988,3.06
7/14/1988,3.15
7/15/1988,3.155
7/18/1988,2.8
7/19/1988,2.825
7/20/1988,2.835
7/21/1988,2.905
7/22/1988,2.855
7/25/1988,2.73
7/26/1988,2.52
7/27/1988,2.53
7/28/1988,2.385
7/29/1988,2.505
8/1/1988,2.67
8/2/1988,2.79
8/3/1988,2.755
8/4/1988,2.83
8/5/1988,2.845
8/8/1988,2.7
8/9/1988,2.78
8/10/1988,2.805
8/11/1988,2.77
8/12/1988,2.665
8/15/1988,2.79
8/16/1988,2.68
8/17/1988,2.675
8/18/1988,2.73
8/19/1988,2.725
8/22/1988,2.6
8/23/1988,2.59
8/24/1988,2.695
8/25/1988,2.66
8/26/1988,2.635
8/29/1988,2.6
8/30/1988,2.65
8/31/1988,2.7
9/1/1988,2.73
9/2/1988,2.75
9/6/1988,2.795
9/7/1988,2.77
9/8/1988,2.76
9/9/1988,2.725
9/12/1988,2.675
9/13/1988,2.74
9/14/1988,2.75
9/15/1988,2.705
9/16/1988,2.665
9/19/1988,2.605
9/20/1988,2.635
9/21/1988,2.645
9/22/1988,2.68
9/23/1988,2.625
9/26/1988,2.585
9/27/1988,2.645
9/28/1988,2.645
9/29/1988,2.675
9/30/1988,2.67
10/3/1988,2.71
10/4/1988,2.76
10/5/1988,2.74
10/6/1988,2.79
10/7/1988,2.75
10/10/1988,2.735
10/11/1988,2.755
10/12/1988,2.755
10/13/1988,2.77
10/14/1988,2.74
10/17/1988,2.75
10/18/1988,2.735
10/19/1988,2.725
10/20/1988,2.685
10/21/1988,2.655
10/24/1988,2.595
10/25/1988,2.57
10/26/1988,2.625
10/27/1988,2.555
10/28/1988,2.6
10/31/1988,2.645
11/1/1988,2.675
11/2/1988,2.685
11/3/1988,2.645
11/4/1988,2.6
11/7/1988,2.615
11/8/1988,2.63
11/9/1988,2.62
11/10/1988,2.59
11/11/1988,2.59
11/14/1988,2.565
11/15/1988,2.5
11/16/1988,2.49
11/17/1988,2.44
11/18/1988,2.43
11/21/1988,2.465
11/22/1988,2.495
11/23/1988,2.495
11/25/1988,2.51
11/28/1988,2.435
11/29/1988,2.445
11/30/1988,2.49
12/1/1988,2.47
12/2/1988,2.49
12/5/1988,2.45
12/6/1988,2.49
12/7/1988,2.495
12/8/1988,2.51
12/9/1988,2.53
12/12/1988,2.545
12/13/1988,2.57
12/14/1988,2.605
12/15/1988,2.605
12/16/1988,2.635
12/19/1988,2.63
12/20/1988,2.59
12/21/1988,2.65
12/22/1988,2.64
12/23/1988,2.66
12/27/1988,2.67
12/28/1988,2.66
12/29/1988,2.645
12/30/1988,2.67
1/3/1989,2.65
1/4/1989,2.675
1/5/1989,2.71
1/6/1989,2.725
1/9/1989,2.735
1/10/1989,2.725
1/11/1989,2.7
1/12/1989,2.69
1/13/1989,2.66
1/16/1989,2.515
1/17/1989,2.515
1/18/1989,2.54
1/19/1989,2.53
1/20/1989,2.535
1/23/1989,2.555
1/24/1989,2.585
1/25/1989,2.565
1/26/1989,2.595
1/27/1989,2.6
1/30/1989,2.59
1/31/1989,2.625
2/1/1989,2.615
2/2/1989,2.615
2/3/1989,2.605
2/6/1989,2.54
2/7/1989,2.555
2/8/1989,2.53
2/9/1989,2.55
2/10/1989,2.56
2/13/1989,2.56
2/14/1989,2.6
2/15/1989,2.62
2/16/1989,2.585
2/17/1989,2.6
2/21/1989,2.62
2/22/1989,2.66
2/23/1989,2.64
2/24/1989,2.64
2/27/1989,2.62
2/28/1989,2.655
3/1/1989,2.645
3/2/1989,2.675
3/3/1989,2.695
3/6/1989,2.7
3/7/1989,2.675
3/8/1989,2.65
3/9/1989,2.67
3/10/1989,2.645
3/13/1989,2.66
3/14/1989,2.675
3/15/1989,2.675
3/16/1989,2.675
3/17/1989,2.68
3/20/1989,2.7
3/21/1989,2.655
3/22/1989,2.645
3/23/1989,2.635
3/27/1989,2.575
3/28/1989,2.6
3/29/1989,2.595
3/30/1989,2.525
3/31/1989,2.525
4/3/1989,2.455
4/4/1989,2.485
4/5/1989,2.515
4/6/1989,2.53
4/7/1989,2.545
4/10/1989,2.55
4/11/1989,2.545
4/12/1989,2.57
4/13/1989,2.58
4/14/1989,2.6
4/17/1989,2.66
4/18/1989,2.64
4/19/1989,2.62
4/20/1989,2.62
4/21/1989,2.645
4/24/1989,2.575
4/25/1989,2.54
4/26/1989,2.555
4/27/1989,2.585
4/28/1989,2.58
5/1/1989,2.63
5/2/1989,2.63
5/3/1989,2.65
5/4/1989,2.64
5/5/1989,2.67
5/8/1989,2.655
5/9/1989,2.65
5/10/1989,2.67
5/11/1989,2.645
5/12/1989,2.66
5/15/1989,2.675
5/16/1989,2.64
5/17/1989,2.63
5/18/1989,2.64
5/19/1989,2.66
5/22/1989,2.605
5/23/1989,2.595
5/24/1989,2.57
5/25/1989,2.605
5/26/1989,2.595
5/30/1989,2.575
5/31/1989,2.57
6/1/1989,2.56
6/2/1989,2.58
6/5/1989,2.6
6/6/1989,2.555
6/7/1989,2.52
6/8/1989,2.485
6/9/1989,2.475
6/12/1989,2.455
6/13/1989,2.455
6/14/1989,2.5
6/15/1989,2.505
6/16/1989,2.54
6/19/1989,2.62
6/20/1989,2.56
6/21/1989,2.55
6/22/1989,2.54
6/23/1989,2.54
6/26/1989,2.5
6/27/1989,2.565
6/28/1989,2.58
6/29/1989,2.57
6/30/1989,2.605
7/3/1989,2.64
7/5/1989,2.74
7/6/1989,2.695
7/7/1989,2.64
7/10/1989,2.53
7/11/1989,2.49
7/12/1989,2.475
7/13/1989,2.475
7/14/1989,2.49
7/17/1989,2.375
7/18/1989,2.355
7/19/1989,2.405
7/20/1989,2.4
7/21/1989,2.4
7/24/1989,2.31
7/25/1989,2.305
7/26/1989,2.325
7/27/1989,2.365
7/28/1989,2.325
7/31/1989,2.25
8/1/1989,2.26
8/2/1989,2.235
8/3/1989,2.19
8/4/1989,2.215
8/7/1989,2.25
8/8/1989,2.25
8/9/1989,2.255
8/10/1989,2.29
8/11/1989,2.335
8/14/1989,2.255
8/15/1989,2.34
8/16/1989,2.335
8/17/1989,2.365
8/18/1989,2.34
8/21/1989,2.345
8/22/1989,2.38
8/23/1989,2.365
8/24/1989,2.325
8/25/1989,2.325
8/28/1989,2.315
8/29/1989,2.315
8/30/1989,2.315
8/31/1989,2.335
9/1/1989,2.325
9/5/1989,2.325
9/6/1989,2.375
9/7/1989,2.39
9/8/1989,2.405
9/11/1989,2.405
9/12/1989,2.38
9/13/1989,2.34
9/14/1989,2.35
9/15/1989,2.32
9/18/1989,2.285
9/19/1989,2.245
9/20/1989,2.27
9/21/1989,2.27
9/22/1989,2.26
9/25/1989,2.235
9/26/1989,2.2
9/27/1989,2.155
9/28/1989,2.19
9/29/1989,2.18
10/2/1989,2.245
10/3/1989,2.24
10/4/1989,2.23
10/5/1989,2.255
10/6/1989,2.245
10/9/1989,2.215
10/10/1989,2.205
10/11/1989,2.225
10/12/1989,2.235
10/13/1989,2.23
10/16/1989,2.235
10/17/1989,2.265
10/18/1989,2.255
10/19/1989,2.325
10/20/1989,2.3
10/23/1989,2.285
10/24/1989,2.245
10/25/1989,2.305
10/26/1989,2.32
10/27/1989,2.26
10/30/1989,2.275
10/31/1989,2.215
11/1/1989,2.26
11/2/1989,2.31
11/3/1989,2.28
11/6/1989,2.265
11/7/1989,2.27
11/8/1989,2.285
11/9/1989,2.26
11/10/1989,2.29
11/13/1989,2.29
11/14/1989,2.315
11/15/1989,2.32
11/16/1989,2.325
11/17/1989,2.33
11/20/1989,2.305
11/21/1989,2.315
11/22/1989,2.325
11/24/1989,2.325
11/27/1989,2.28
11/28/1989,2.29
11/29/1989,2.29
11/30/1989,2.325
12/1/1989,2.28
12/4/1989,2.265
12/5/1989,2.295
12/6/1989,2.315
12/7/1989,2.3
12/8/1989,2.31
12/11/1989,2.295
12/12/1989,2.295
12/13/1989,2.295
12/14/1989,2.305
12/15/1989,2.315
12/18/1989,2.285
12/19/1989,2.3
12/20/1989,2.28
12/21/1989,2.285
12/22/1989,2.285
12/26/1989,2.295
12/27/1989,2.285
12/28/1989,2.29
12/29/1989,2.29
1/2/1990,2.28
1/3/1990,2.28
1/4/1990,2.275
1/5/1990,2.29
1/8/1990,2.29
1/9/1990,2.29
1/10/1990,2.275
1/11/1990,2.27
1/12/1990,2.305
1/15/1990,2.32
1/16/1990,2.3
1/17/1990,2.29
1/18/1990,2.3
1/19/1990,2.295
1/22/1990,2.3
1/23/1990,2.3
1/24/1990,2.315
1/25/1990,2.295
1/26/1990,2.295
1/29/1990,2.32
1/30/1990,2.3
1/31/1990,2.315
2/1/1990,2.315
2/2/1990,2.3
2/5/1990,2.3
2/6/1990,2.305
2/7/1990,2.335
2/8/1990,2.32
2/9/1990,2.325
2/12/1990,2.355
2/13/1990,2.345
2/14/1990,2.36
2/15/1990,2.365
2/16/1990,2.35
2/20/1990,2.345
2/21/1990,2.37
2/22/1990,2.38
2/23/1990,2.39
2/26/1990,2.4
2/27/1990,2.385
2/28/1990,2.41
3/1/1990,2.41
3/2/1990,2.405
3/5/1990,2.4
3/6/1990,2.4
3/7/1990,2.385
3/8/1990,2.38
3/9/1990,2.4
3/12/1990,2.44
3/13/1990,2.405
3/14/1990,2.41
3/15/1990,2.43
3/16/1990,2.43
3/19/1990,2.47
3/20/1990,2.49
3/21/1990,2.475
3/22/1990,2.485
3/23/1990,2.485
3/26/1990,2.505
3/27/1990,2.515
3/28/1990,2.5
3/29/1990,2.505
3/30/1990,2.51
4/2/1990,2.535
4/3/1990,2.56
4/4/1990,2.575
4/5/1990,2.595
4/6/1990,2.59
4/9/1990,2.59
4/10/1990,2.63
4/11/1990,2.615
4/12/1990,2.595
4/16/1990,2.635
4/17/1990,2.65
4/18/1990,2.65
4/19/1990,2.695
4/20/1990,2.685
4/23/1990,2.685
4/24/1990,2.675
4/25/1990,2.715
4/26/1990,2.715
4/27/1990,2.7
4/30/1990,2.71
5/1/1990,2.73
5/2/1990,2.775
5/3/1990,2.76
5/4/1990,2.78
5/7/1990,2.81
5/8/1990,2.79
5/9/1990,2.81
5/10/1990,2.82
5/11/1990,2.765
5/14/1990,2.745
5/15/1990,2.745
5/16/1990,2.715
5/17/1990,2.735
5/18/1990,2.71
5/21/1990,2.66
5/22/1990,2.65
5/23/1990,2.655
5/24/1990,2.7
5/25/1990,2.74
5/29/1990,2.74
5/30/1990,2.69
5/31/1990,2.685
6/1/1990,2.67
6/4/1990,2.64
6/5/1990,2.69
6/6/1990,2.72
6/7/1990,2.77
6/8/1990,2.76
6/11/1990,2.815
6/12/1990,2.825
6/13/1990,2.815
6/14/1990,2.795
6/15/1990,2.755
6/18/1990,2.75
6/19/1990,2.78
6/20/1990,2.76
6/21/1990,2.765
6/22/1990,2.74
6/25/1990,2.77
6/26/1990,2.77
6/27/1990,2.78
6/28/1990,2.835
6/29/1990,2.85
7/2/1990,2.845
7/3/1990,2.84
7/5/1990,2.755
7/6/1990,2.68
7/9/1990,2.7
7/10/1990,2.735
7/11/1990,2.71
7/12/1990,2.665
7/13/1990,2.69
7/16/1990,2.64
7/17/1990,2.625
7/18/1990,2.605
7/19/1990,2.625
7/20/1990,2.585
7/23/1990,2.66
7/24/1990,2.63
7/25/1990,2.635
7/26/1990,2.66
7/27/1990,2.64
7/30/1990,2.63
7/31/1990,2.625
8/1/1990,2.585
8/2/1990,2.56
8/3/1990,2.545
8/6/1990,2.555
8/7/1990,2.555
8/8/1990,2.525
8/9/1990,2.56
8/10/1990,2.415
8/13/1990,2.47
8/14/1990,2.48
8/15/1990,2.51
8/16/1990,2.53
8/17/1990,2.54
8/20/1990,2.55
8/21/1990,2.53
8/22/1990,2.53
8/23/1990,2.595
8/24/1990,2.59
8/27/1990,2.545
8/28/1990,2.56
8/29/1990,2.525
8/30/1990,2.465
8/31/1990,2.46
9/4/1990,2.46
9/5/1990,2.45
9/6/1990,2.425
9/7/1990,2.365
9/10/1990,2.36
9/11/1990,2.35
9/12/1990,2.255
9/13/1990,2.2
9/14/1990,2.18
9/17/1990,2.175
9/18/1990,2.165
9/19/1990,2.16
9/20/1990,2.18
9/21/1990,2.2
9/24/1990,2.215
9/25/1990,2.18
9/26/1990,2.17
9/27/1990,2.155
9/28/1990,2.155
10/1/1990,2.105
10/2/1990,2.13
10/3/1990,2.17
10/4/1990,2.19
10/5/1990,2.17
10/8/1990,2.225
10/9/1990,2.235
10/10/1990,2.25
10/11/1990,2.225
10/12/1990,2.185
10/15/1990,2.145
10/16/1990,2.145
10/17/1990,2.17
10/18/1990,2.17
10/19/1990,2.165
10/22/1990,2.175
10/23/1990,2.195
10/24/1990,2.205
10/25/1990,2.185
10/26/1990,2.165
10/29/1990,2.17
10/30/1990,2.2
10/31/1990,2.175
11/1/1990,2.185
11/2/1990,2.19
11/5/1990,2.195
11/6/1990,2.2
11/7/1990,2.215
11/8/1990,2.23
11/9/1990,2.215
11/12/1990,2.24
11/13/1990,2.235
11/14/1990,2.16
11/15/1990,2.145
11/16/1990,2.19
11/19/1990,2.22
11/20/1990,2.155
11/21/1990,2.145
11/23/1990,2.18
11/26/1990,2.16
11/27/1990,2.155
11/28/1990,2.2
11/29/1990,2.24
11/30/1990,2.24
12/3/1990,2.285
12/4/1990,2.28
12/5/1990,2.28
12/6/1990,2.265
12/7/1990,2.27
12/10/1990,2.28
12/11/1990,2.285
12/12/1990,2.29
12/13/1990,2.255
12/14/1990,2.255
12/17/1990,2.295
12/18/1990,2.285
12/19/1990,2.255
12/20/1990,2.26
12/21/1990,2.255
12/24/1990,2.245
12/26/1990,2.265
12/27/1990,2.245
12/28/1990,2.245
12/31/1990,2.235
1/2/1991,2.245
1/3/1991,2.245
1/4/1991,2.265
1/7/1991,2.29
1/8/1991,2.28
1/9/1991,2.275
1/10/1991,2.285
1/11/1991,2.265
1/14/1991,2.285
1/15/1991,2.29
1/16/1991,2.32
1/17/1991,2.34
1/18/1991,2.345
1/21/1991,2.33
1/22/1991,2.325
1/23/1991,2.32
1/24/1991,2.34
1/25/1991,2.365
1/28/1991,2.375
1/29/1991,2.385
1/30/1991,2.365
1/31/1991,2.37
2/1/1991,2.37
2/4/1991,2.37
2/5/1991,2.365
2/6/1991,2.35
2/7/1991,2.34
2/8/1991,2.35
2/11/1991,2.335
2/12/1991,2.325
2/13/1991,2.355
2/14/1991,2.355
2/15/1991,2.36
2/19/1991,2.37
2/20/1991,2.37
2/21/1991,2.375
2/22/1991,2.365
2/25/1991,2.39
2/26/1991,2.375
2/27/1991,2.375
2/28/1991,2.395
3/1/1991,2.415
3/4/1991,2.435
3/5/1991,2.445
3/6/1991,2.455
3/7/1991,2.455
3/8/1991,2.46
3/11/1991,2.445
3/12/1991,2.48
3/13/1991,2.48
3/14/1991,2.475
3/15/1991,2.4
3/18/1991,2.405
3/19/1991,2.44
3/20/1991,2.445
3/21/1991,2.46
3/22/1991,2.475
3/25/1991,2.465
3/26/1991,2.445
3/27/1991,2.445
3/28/1991,2.46
4/1/1991,2.505
4/2/1991,2.505
4/3/1991,2.51
4/4/1991,2.495
4/5/1991,2.53
4/8/1991,2.535
4/9/1991,2.48
4/10/1991,2.525
4/11/1991,2.53
4/12/1991,2.54
4/15/1991,2.51
4/16/1991,2.51
4/17/1991,2.485
4/18/1991,2.485
4/19/1991,2.52
4/22/1991,2.49
4/23/1991,2.51
4/24/1991,2.495
4/25/1991,2.515
4/26/1991,2.485
4/29/1991,2.455
4/30/1991,2.435
5/1/1991,2.415
5/2/1991,2.415
5/3/1991,2.435
5/6/1991,2.46
5/7/1991,2.435
5/8/1991,2.405
5/9/1991,2.41
5/10/1991,2.38
5/13/1991,2.365
5/14/1991,2.39
5/15/1991,2.365
5/16/1991,2.38
5/17/1991,2.385
5/20/1991,2.395
5/21/1991,2.43
5/22/1991,2.415
5/23/1991,2.43
5/24/1991,2.42
5/28/1991,2.4
5/29/1991,2.385
5/30/1991,2.375
5/31/1991,2.395
6/3/1991,2.435
6/4/1991,2.405
6/5/1991,2.395
6/6/1991,2.375
6/7/1991,2.395
6/10/1991,2.325
6/11/1991,2.305
6/12/1991,2.325
6/13/1991,2.36
6/14/1991,2.365
6/17/1991,2.33
6/18/1991,2.33
6/19/1991,2.36
6/20/1991,2.34
6/21/1991,2.295
6/24/1991,2.33
6/25/1991,2.33
6/26/1991,2.32
6/27/1991,2.265
6/28/1991,2.205
7/1/1991,2.265
7/2/1991,2.26
7/3/1991,2.29
7/5/1991,2.255
7/8/1991,2.21
7/9/1991,2.205
7/10/1991,2.235
7/11/1991,2.225
7/12/1991,2.245
7/15/1991,2.285
7/16/1991,2.39
7/17/1991,2.385
7/18/1991,2.305
7/19/1991,2.285
7/22/1991,2.37
7/23/1991,2.435
7/24/1991,2.43
7/25/1991,2.425
7/26/1991,2.45
7/29/1991,2.48
7/30/1991,2.45
7/31/1991,2.51
8/1/1991,2.54
8/2/1991,2.55
8/5/1991,2.42
8/6/1991,2.455
8/7/1991,2.425
8/8/1991,2.455
8/9/1991,2.48
8/12/1991,2.515
8/13/1991,2.5
8/14/1991,2.42
8/15/1991,2.445
8/16/1991,2.455
8/19/1991,2.33
8/20/1991,2.315
8/21/1991,2.425
8/22/1991,2.485
8/23/1991,2.48
8/26/1991,2.48
8/27/1991,2.47
8/28/1991,2.445
8/29/1991,2.445
8/30/1991,2.445
9/3/1991,2.44
9/4/1991,2.45
9/5/1991,2.43
9/6/1991,2.41
9/9/1991,2.39
9/10/1991,2.385
9/11/1991,2.415
9/12/1991,2.44
9/13/1991,2.415
9/16/1991,2.445
9/17/1991,2.425
9/18/1991,2.45
9/19/1991,2.39
9/20/1991,2.34
9/23/1991,2.335
9/24/1991,2.335
9/25/1991,2.335
9/26/1991,2.29
9/27/1991,2.3
9/30/1991,2.325
10/1/1991,2.41
10/2/1991,2.415
10/3/1991,2.395
10/4/1991,2.41
10/7/1991,2.415
10/8/1991,2.395
10/9/1991,2.395
10/10/1991,2.27
10/11/1991,2.39
10/14/1991,2.375
10/15/1991,2.345
10/16/1991,2.375
10/17/1991,2.395
10/18/1991,2.42
10/21/1991,2.395
10/22/1991,2.465
10/23/1991,2.44
10/24/1991,2.44
10/25/1991,2.42
10/28/1991,2.445
10/29/1991,2.475
10/30/1991,2.46
10/31/1991,2.475
11/1/1991,2.515
11/4/1991,2.495
11/5/1991,2.465
11/6/1991,2.44
11/7/1991,2.41
11/8/1991,2.415
11/11/1991,2.4
11/12/1991,2.405
11/13/1991,2.435
11/14/1991,2.415
11/15/1991,2.375
11/18/1991,2.395
11/19/1991,2.37
11/20/1991,2.395
11/21/1991,2.395
11/22/1991,2.39
11/25/1991,2.38
11/26/1991,2.38
11/27/1991,2.375
11/29/1991,2.37
12/2/1991,2.395
12/3/1991,2.38
12/4/1991,2.39
12/5/1991,2.39
12/6/1991,2.365
12/9/1991,2.375
12/10/1991,2.38
12/11/1991,2.375
12/12/1991,2.395
12/13/1991,2.44
12/16/1991,2.44
12/17/1991,2.43
12/18/1991,2.45
12/19/1991,2.435
12/20/1991,2.435
12/23/1991,2.455
12/24/1991,2.44
12/26/1991,2.45
12/27/1991,2.445
12/30/1991,2.42
12/31/1991,2.415
1/2/1992,2.415
1/3/1992,2.405
1/6/1992,2.415
1/7/1992,2.415
1/8/1992,2.44
1/9/1992,2.44
1/10/1992,2.44
1/13/1992,2.47
1/14/1992,2.49
1/15/1992,2.51
1/16/1992,2.48
1/17/1992,2.485
1/20/1992,2.51
1/21/1992,2.49
1/22/1992,2.515
1/23/1992,2.52
1/24/1992,2.55
1/27/1992,2.535
1/28/1992,2.555
1/29/1992,2.545
1/30/1992,2.55
1/31/1992,2.565
2/3/1992,2.6
2/4/1992,2.605
2/5/1992,2.59
2/6/1992,2.57
2/7/1992,2.57
2/10/1992,2.615
2/11/1992,2.54
2/12/1992,2.565
2/13/1992,2.55
2/14/1992,2.545
2/18/1992,2.56
2/19/1992,2.58
2/20/1992,2.595
2/21/1992,2.58
2/24/1992,2.585
2/25/1992,2.58
2/26/1992,2.57
2/27/1992,2.575
2/28/1992,2.61
3/2/1992,2.62
3/3/1992,2.62
3/4/1992,2.64
3/5/1992,2.65
3/6/1992,2.665
3/9/1992,2.7
3/10/1992,2.675
3/11/1992,2.67
3/12/1992,2.655
3/13/1992,2.63
3/16/1992,2.61
3/17/1992,2.615
3/18/1992,2.635
3/19/1992,2.63
3/20/1992,2.63
3/23/1992,2.64
3/24/1992,2.64
3/25/1992,2.63
3/26/1992,2.645
3/27/1992,2.635
3/30/1992,2.605
3/31/1992,2.585
4/1/1992,2.545
4/2/1992,2.535
4/3/1992,2.545
4/6/1992,2.565
4/7/1992,2.53
4/8/1992,2.485
4/9/1992,2.49
4/10/1992,2.495
4/13/1992,2.495
4/14/1992,2.495
4/15/1992,2.5
4/16/1992,2.51
4/20/1992,2.53
4/21/1992,2.535
4/22/1992,2.485
4/23/1992,2.495
4/24/1992,2.46
4/27/1992,2.445
4/28/1992,2.435
4/29/1992,2.42
4/30/1992,2.415
5/1/1992,2.46
5/4/1992,2.52
5/5/1992,2.51
5/6/1992,2.525
5/7/1992,2.555
5/8/1992,2.54
5/11/1992,2.51
5/12/1992,2.525
5/13/1992,2.54
5/14/1992,2.555
5/15/1992,2.545
5/18/1992,2.555
5/19/1992,2.48
5/20/1992,2.475
5/21/1992,2.455
5/22/1992,2.465
5/26/1992,2.5
5/27/1992,2.52
5/28/1992,2.505
5/29/1992,2.535
6/1/1992,2.52
6/2/1992,2.56
6/3/1992,2.56
6/4/1992,2.565
6/5/1992,2.525
6/8/1992,2.575
6/9/1992,2.58
6/10/1992,2.58
6/11/1992,2.56
6/12/1992,2.535
6/15/1992,2.4
6/16/1992,2.455
6/17/1992,2.47
6/18/1992,2.455
6/19/1992,2.48
6/22/1992,2.45
6/23/1992,2.49
6/24/1992,2.47
6/25/1992,2.495
6/26/1992,2.51
6/29/1992,2.485
6/30/1992,2.465
7/1/1992,2.515
7/2/1992,2.485
7/6/1992,2.41
7/7/1992,2.43
7/8/1992,2.415
7/9/1992,2.4
7/10/1992,2.39
7/13/1992,2.36
7/14/1992,2.33
7/15/1992,2.31
7/16/1992,2.295
7/17/1992,2.28
7/20/1992,2.255
7/21/1992,2.255
7/22/1992,2.245
7/23/1992,2.22
7/24/1992,2.195
7/27/1992,2.205
7/28/1992,2.22
7/29/1992,2.22
7/30/1992,2.195
7/31/1992,2.18
8/3/1992,2.175
8/4/1992,2.17
8/5/1992,2.16
8/6/1992,2.115
8/7/1992,2.11
8/10/1992,2.125
8/11/1992,2.155
8/12/1992,2.12
8/13/1992,2.15
8/14/1992,2.17
8/17/1992,2.205
8/18/1992,2.17
8/19/1992,2.16
8/20/1992,2.18
8/21/1992,2.22
8/24/1992,2.245
8/25/1992,2.245
8/26/1992,2.215
8/27/1992,2.205
8/28/1992,2.17
8/31/1992,2.17
9/1/1992,2.205
9/2/1992,2.205
9/3/1992,2.22
9/4/1992,2.225
9/8/1992,2.245
9/9/1992,2.2
9/10/1992,2.15
9/11/1992,2.145
9/14/1992,2.13
9/15/1992,2.165
9/16/1992,2.145
9/17/1992,2.125
9/18/1992,2.11
9/21/1992,2.115
9/22/1992,2.115
9/23/1992,2.095
9/24/1992,2.115
9/25/1992,2.12
9/28/1992,2.09
9/29/1992,2.085
9/30/1992,2.08
10/1/1992,2.07
10/2/1992,2.03
10/5/1992,2
10/6/1992,2.01
10/7/1992,2.015
10/8/1992,1.985
10/9/1992,1.97
10/12/1992,1.97
10/13/1992,1.97
10/14/1992,1.97
10/15/1992,1.96
10/16/1992,1.945
10/19/1992,1.92
10/20/1992,1.955
10/21/1992,1.925
10/22/1992,1.92
10/23/1992,1.9
10/26/1992,1.88
10/27/1992,1.865
10/28/1992,1.865
10/29/1992,1.895
10/30/1992,1.92
11/2/1992,1.945
11/3/1992,1.99
11/4/1992,1.955
11/5/1992,1.945
11/6/1992,1.96
11/9/1992,1.95
11/10/1992,1.935
11/11/1992,1.975
11/12/1992,2
11/13/1992,2.03
11/16/1992,2.01
11/17/1992,2.065
11/18/1992,2.075
11/19/1992,2.1
11/20/1992,2.075
11/23/1992,2.125
11/24/1992,2.095
11/25/1992,2.09
11/27/1992,2.075
11/30/1992,2.055
12/1/1992,2.035
12/2/1992,2.04
12/3/1992,2.08
12/4/1992,2.08
12/7/1992,2.05
12/8/1992,2.035
12/9/1992,2.045
12/10/1992,2.05
12/11/1992,2.05
12/14/1992,2.08
12/15/1992,2.075
12/16/1992,2.075
12/17/1992,2.065
12/18/1992,2.045
12/21/1992,2.045
12/22/1992,2.045
12/23/1992,2.055
12/24/1992,2.055
12/28/1992,2.04
12/29/1992,2.025
12/30/1992,2.03
12/31/1992,2.03
1/4/1993,2.03
1/5/1993,2.045
1/6/1993,2.07
1/7/1993,2.08
1/8/1993,2.08
1/11/1993,2.075
1/12/1993,2.07
1/13/1993,2.075
1/14/1993,2.06
1/15/1993,2.055
1/18/1993,2.075
1/19/1993,2.095
1/20/1993,2.075
1/21/1993,2.07
1/22/1993,2.06
1/25/1993,2.055
1/26/1993,2.05
1/27/1993,2.055
1/28/1993,2.05
1/29/1993,2.03
2/1/1993,2.02
2/2/1993,2.015
2/3/1993,2.015
2/4/1993,2.005
2/5/1993,2.01
2/8/1993,2.015
2/9/1993,2.04
2/10/1993,2.045
2/11/1993,2.05
2/12/1993,2.05
2/16/1993,2.065
2/17/1993,2.06
2/18/1993,2.08
2/19/1993,2.09
2/22/1993,2.07
2/23/1993,2.085
2/24/1993,2.095
2/25/1993,2.085
2/26/1993,2.08
3/1/1993,2.11
3/2/1993,2.11
3/3/1993,2.11
3/4/1993,2.115
3/5/1993,2.115
3/8/1993,2.125
3/9/1993,2.125
3/10/1993,2.135
3/11/1993,2.125
3/12/1993,2.12
3/15/1993,2.135
3/16/1993,2.145
3/17/1993,2.155
3/18/1993,2.165
3/19/1993,2.175
3/22/1993,2.1525
3/23/1993,2.185
3/24/1993,2.195
3/25/1993,2.19
3/26/1993,2.2
3/29/1993,2.215
3/30/1993,2.22
3/31/1993,2.235
4/1/1993,2.23
4/2/1993,2.24
4/5/1993,2.23
4/6/1993,2.23
4/7/1993,2.26
4/8/1993,2.255
4/12/1993,2.275
4/13/1993,2.26
4/14/1993,2.24
4/15/1993,2.25
4/16/1993,2.21
4/19/1993,2.225
4/20/1993,2.255
4/21/1993,2.235
4/22/1993,2.2
4/23/1993,2.2
4/26/1993,2.205
4/27/1993,2.19
4/28/1993,2.195
4/29/1993,2.2
4/30/1993,2.23
5/3/1993,2.245
5/4/1993,2.22
5/5/1993,2.22
5/6/1993,2.22
5/7/1993,2.23
5/10/1993,2.195
5/11/1993,2.215
5/12/1993,2.23
5/13/1993,2.25
5/14/1993,2.205
5/17/1993,2.18
5/18/1993,2.21
5/19/1993,2.175
5/20/1993,2.195
5/21/1993,2.195
5/24/1993,2.17
5/25/1993,2.16
5/26/1993,2.17
5/27/1993,2.16
5/28/1993,2.16
6/1/1993,2.11
6/2/1993,2.105
6/3/1993,2.1
6/4/1993,2.1
6/7/1993,2.12
6/8/1993,2.11
6/9/1993,2.1
6/10/1993,2.09
6/11/1993,2.055
6/14/1993,2.035
6/15/1993,2.025
6/16/1993,2.03
6/17/1993,2.035
6/18/1993,2.055
6/21/1993,2.065
6/22/1993,2.075
6/23/1993,2.085
6/24/1993,2.105
6/25/1993,2.1
6/28/1993,2.115
6/29/1993,2.105
6/30/1993,2.13
7/1/1993,2.215
7/2/1993,2.235
7/6/1993,2.33
7/7/1993,2.31
7/8/1993,2.255
7/9/1993,2.24
7/12/1993,2.195
7/13/1993,2.185
7/14/1993,2.22
7/15/1993,2.21
7/16/1993,2.26
7/19/1993,2.28
7/20/1993,2.27
7/21/1993,2.26
7/22/1993,2.28
7/23/1993,2.295
7/26/1993,2.28
7/27/1993,2.295
7/28/1993,2.25
7/29/1993,2.26
7/30/1993,2.225
8/2/1993,2.285
8/3/1993,2.29
8/4/1993,2.28
8/5/1993,2.25
8/6/1993,2.27
8/9/1993,2.235
8/10/1993,2.26
8/11/1993,2.29
8/12/1993,2.24
8/13/1993,2.26
8/16/1993,2.235
8/17/1993,2.265
8/18/1993,2.245
8/19/1993,2.255
8/20/1993,2.24
8/23/1993,2.265
8/24/1993,2.26
8/25/1993,2.25
8/26/1993,2.215
8/27/1993,2.235
8/30/1993,2.235
8/31/1993,2.21
9/1/1993,2.17
9/2/1993,2.175
9/3/1993,2.195
9/7/1993,2.165
9/8/1993,2.175
9/9/1993,2.19
9/10/1993,2.18
9/13/1993,2.22
9/14/1993,2.2
9/15/1993,2.215
9/16/1993,2.205
9/17/1993,2.245
9/20/1993,2.24
9/21/1993,2.22
9/22/1993,2.25
9/23/1993,2.3
9/24/1993,2.295
9/27/1993,2.265
9/28/1993,2.225
9/29/1993,2.205
9/30/1993,2.255
10/1/1993,2.21
10/4/1993,2.16
10/5/1993,2.155
10/6/1993,2.175
10/7/1993,2.21
10/8/1993,2.205
10/11/1993,2.235
10/12/1993,2.235
10/13/1993,2.275
10/14/1993,2.275
10/15/1993,2.27
10/18/1993,2.31
10/19/1993,2.315
10/20/1993,2.325
10/21/1993,2.36
10/22/1993,2.325
10/25/1993,2.33
10/26/1993,2.325
10/27/1993,2.32
10/28/1993,2.31
10/29/1993,2.35
11/1/1993,2.39
11/2/1993,2.42
11/3/1993,2.425
11/4/1993,2.47
11/5/1993,2.49
11/8/1993,2.465
11/9/1993,2.475
11/10/1993,2.615
11/11/1993,2.645
11/12/1993,2.655
11/15/1993,2.685
11/16/1993,2.705
11/17/1993,2.75
11/18/1993,2.755
11/19/1993,2.745
11/22/1993,2.72
11/23/1993,2.72
11/24/1993,2.73
11/26/1993,2.77
11/29/1993,2.765
11/30/1993,2.725
12/1/1993,2.725
12/2/1993,2.78
12/3/1993,2.77
12/6/1993,2.775
12/7/1993,2.805
12/8/1993,2.81
12/9/1993,2.78
12/10/1993,2.77
12/13/1993,2.75
12/14/1993,2.78
12/15/1993,2.77
12/16/1993,2.785
12/17/1993,2.8
12/20/1993,2.81
12/21/1993,2.82
12/22/1993,2.84
12/23/1993,2.835
12/27/1993,2.865
12/28/1993,2.87
12/29/1993,2.88
12/30/1993,2.905
12/31/1993,2.905
1/3/1994,2.91
1/4/1994,2.89
1/5/1994,2.89
1/6/1994,2.915
1/7/1994,2.93
1/10/1994,2.87
1/11/1994,2.915
1/12/1994,2.895
1/13/1994,2.945
1/14/1994,2.95
1/17/1994,2.93
1/18/1994,2.88
1/19/1994,2.83
1/20/1994,2.855
1/21/1994,2.86
1/24/1994,2.88
1/25/1994,2.885
1/26/1994,2.895
1/27/1994,2.855
1/28/1994,2.805
1/31/1994,2.805
2/1/1994,2.805
2/2/1994,2.825
2/3/1994,2.81
2/4/1994,2.78
2/7/1994,2.81
2/8/1994,2.815
2/9/1994,2.86
2/10/1994,2.86
2/11/1994,2.9
2/14/1994,2.89
2/15/1994,2.845
2/16/1994,2.865
2/17/1994,2.8
2/18/1994,2.81
2/22/1994,2.81
2/23/1994,2.8
2/24/1994,2.795
2/25/1994,2.775
2/28/1994,2.815
3/1/1994,2.82
3/2/1994,2.8
3/3/1994,2.75
3/4/1994,2.75
3/7/1994,2.765
3/8/1994,2.72
3/9/1994,2.73
3/10/1994,2.715
3/11/1994,2.72
3/14/1994,2.77
3/15/1994,2.745
3/16/1994,2.76
3/17/1994,2.76
3/18/1994,2.77
3/21/1994,2.77
3/22/1994,2.745
3/23/1994,2.76
3/24/1994,2.775
3/25/1994,2.755
3/28/1994,2.78
3/29/1994,2.78
3/30/1994,2.76
3/31/1994,2.67
4/4/1994,2.64
4/5/1994,2.675
4/6/1994,2.69
4/7/1994,2.665
4/8/1994,2.66
4/11/1994,2.615
4/12/1994,2.625
4/13/1994,2.63
4/14/1994,2.58
4/15/1994,2.585
4/18/1994,2.55
4/19/1994,2.535
4/20/1994,2.545
4/21/1994,2.57
4/22/1994,2.55
4/25/1994,2.54
4/26/1994,2.555
4/28/1994,2.595
4/29/1994,2.645
5/2/1994,2.645
5/3/1994,2.575
5/4/1994,2.595
5/5/1994,2.505
5/6/1994,2.52
5/9/1994,2.48
5/10/1994,2.485
5/11/1994,2.5
5/12/1994,2.525
5/13/1994,2.525
5/16/1994,2.585
5/17/1994,2.59
5/18/1994,2.61
5/19/1994,2.605
5/20/1994,2.615
5/23/1994,2.655
5/24/1994,2.575
5/25/1994,2.59
5/26/1994,2.565
5/27/1994,2.59
5/31/1994,2.71
6/1/1994,2.73
6/2/1994,2.73
6/3/1994,2.655
6/6/1994,2.585
6/7/1994,2.61
6/8/1994,2.645
6/9/1994,2.65
6/10/1994,2.67
6/13/1994,2.68
6/14/1994,2.69
6/15/1994,2.73
6/16/1994,2.745
6/17/1994,2.76
6/20/1994,2.585
6/21/1994,2.605
6/22/1994,2.54
6/23/1994,2.515
6/24/1994,2.49
6/27/1994,2.42
6/28/1994,2.515
6/29/1994,2.4
6/30/1994,2.43
7/1/1994,2.4
7/5/1994,2.28
7/6/1994,2.28
7/7/1994,2.285
7/8/1994,2.3
7/11/1994,2.27
7/12/1994,2.23
7/13/1994,2.25
7/14/1994,2.225
7/15/1994,2.2
7/18/1994,2.225
7/19/1994,2.15
7/20/1994,2.095
7/21/1994,2.06
7/22/1994,2.075
7/25/1994,2.1
7/26/1994,2.13
7/27/1994,2.11
7/28/1994,2.105
7/29/1994,2.115
8/1/1994,2.105
8/2/1994,2.11
8/3/1994,2.08
8/4/1994,2.075
8/5/1994,2.095
8/8/1994,2.11
8/9/1994,2.1
8/10/1994,2.105
8/11/1994,2.115
8/12/1994,2.1
8/15/1994,2.1
8/16/1994,2.12
8/17/1994,2.145
8/18/1994,2.145
8/19/1994,2.155
8/22/1994,2.155
8/23/1994,2.165
8/24/1994,2.185
8/25/1994,2.175
8/26/1994,2.155
8/29/1994,2.14
8/30/1994,2.125
8/31/1994,2.135
9/1/1994,2.135
9/2/1994,2.15
9/6/1994,2.185
9/7/1994,2.215
9/8/1994,2.19
9/9/1994,2.175
9/12/1994,2.165
9/13/1994,2.165
9/14/1994,2.12
9/15/1994,2.07
9/16/1994,2.15
9/19/1994,2.015
9/20/1994,2.025
9/21/1994,2.045
9/22/1994,2.01
9/23/1994,2.005
9/26/1994,2.005
9/27/1994,1.98
9/28/1994,1.96
9/29/1994,1.955
9/30/1994,1.975
10/3/1994,2
10/4/1994,2
10/5/1994,1.995
10/6/1994,1.95
10/7/1994,1.925
10/10/1994,1.98
10/11/1994,1.98
10/12/1994,1.92
10/13/1994,1.925
10/14/1994,1.925
10/17/1994,1.905
10/18/1994,1.895
10/19/1994,1.89
10/20/1994,1.89
10/21/1994,1.86
10/24/1994,1.885
10/25/1994,1.845
10/26/1994,1.875
10/27/1994,1.93
10/28/1994,1.925
10/31/1994,1.925
11/1/1994,1.91
11/2/1994,1.965
11/3/1994,1.975
11/4/1994,1.99
11/7/1994,2.01
11/8/1994,2.015
11/9/1994,2.025
11/10/1994,2.05
11/11/1994,2.02
11/14/1994,2.02
11/15/1994,2.035
11/16/1994,2.05
11/17/1994,2.085
11/18/1994,2.085
11/21/1994,2.085
11/22/1994,2.07
11/23/1994,2.055
11/25/1994,2.06
11/28/1994,2.075
11/29/1994,2.065
11/30/1994,2.095
12/1/1994,2.1
12/2/1994,2.115
12/5/1994,2.11
12/6/1994,2.115
12/7/1994,2.14
12/8/1994,2.145
12/9/1994,2.17
12/12/1994,2.18
12/13/1994,2.17
12/14/1994,2.14
12/15/1994,2.155
12/16/1994,2.18
12/19/1994,2.155
12/20/1994,2.175
12/21/1994,2.185
12/22/1994,2.175
12/23/1994,2.195
12/27/1994,2.205
12/28/1994,2.215
12/29/1994,2.195
12/30/1994,2.19
1/3/1995,2.165
1/4/1995,2.17
1/5/1995,2.195
1/6/1995,2.21
1/9/1995,2.225
1/10/1995,2.215
1/11/1995,2.22
1/12/1995,2.23
1/13/1995,2.23
1/16/1995,2.24
1/17/1995,2.255
1/18/1995,2.23
1/19/1995,2.235
1/20/1995,2.225
1/23/1995,2.22
1/24/1995,2.225
1/25/1995,2.215
1/26/1995,2.225
1/27/1995,2.23
1/30/1995,2.21
1/31/1995,2.215
2/1/1995,2.245
2/2/1995,2.255
2/3/1995,2.255
2/6/1995,2.28
2/7/1995,2.2625
2/8/1995,2.24
2/9/1995,2.26
2/10/1995,2.27
2/13/1995,2.25
2/14/1995,2.275
2/15/1995,2.27
2/16/1995,2.26
2/17/1995,2.26
2/21/1995,2.255
2/22/1995,2.265
2/23/1995,2.275
2/24/1995,2.28
2/27/1995,2.28
2/28/1995,2.29
3/1/1995,2.3
3/2/1995,2.31
3/3/1995,2.29
3/6/1995,2.325
3/7/1995,2.325
3/8/1995,2.325
3/9/1995,2.335
3/10/1995,2.355
3/13/1995,2.355
3/14/1995,2.37
3/15/1995,2.38
3/16/1995,2.355
3/17/1995,2.36
3/20/1995,2.355
3/21/1995,2.355
3/22/1995,2.36
3/23/1995,2.38
3/24/1995,2.375
3/27/1995,2.39
3/28/1995,2.4
3/29/1995,2.4
3/30/1995,2.395
3/31/1995,2.405
4/3/1995,2.43
4/4/1995,2.42
4/5/1995,2.405
4/6/1995,2.4
4/7/1995,2.41
4/10/1995,2.425
4/11/1995,2.44
4/12/1995,2.42
4/13/1995,2.4
4/17/1995,2.38
4/18/1995,2.37
4/19/1995,2.36
4/20/1995,2.39
4/21/1995,2.4
4/24/1995,2.415
4/25/1995,2.44
4/26/1995,2.445
4/27/1995,2.42
4/28/1995,2.43
5/1/1995,2.47
5/2/1995,2.48
5/3/1995,2.465
5/4/1995,2.47
5/5/1995,2.45
5/8/1995,2.465
5/9/1995,2.47
5/10/1995,2.485
5/11/1995,2.48
5/12/1995,2.485
5/15/1995,2.455
5/16/1995,2.465
5/17/1995,2.485
5/18/1995,2.495
5/19/1995,2.46
5/22/1995,2.51
5/23/1995,2.56
5/24/1995,2.55
5/25/1995,2.54
5/26/1995,2.59
5/30/1995,2.555
5/31/1995,2.545
6/1/1995,2.59
6/2/1995,2.62
6/5/1995,2.585
6/6/1995,2.57
6/7/1995,2.555
6/8/1995,2.61
6/9/1995,2.6
6/12/1995,2.595
6/13/1995,2.635
6/14/1995,2.685
6/15/1995,2.71
6/16/1995,2.7
6/19/1995,2.76
6/20/1995,2.74
6/21/1995,2.75
6/22/1995,2.735
6/23/1995,2.73
6/26/1995,2.605
6/27/1995,2.585
6/28/1995,2.645
6/29/1995,2.625
6/30/1995,2.695
7/3/1995,2.73
7/5/1995,2.74
7/6/1995,2.74
7/7/1995,2.72
7/10/1995,2.715
7/11/1995,2.755
7/12/1995,2.79
7/13/1995,2.785
7/14/1995,2.8
7/17/1995,2.85
7/18/1995,2.85
7/19/1995,2.85
7/20/1995,2.805
7/21/1995,2.85
7/24/1995,2.845
7/25/1995,2.87
7/26/1995,2.85
7/27/1995,2.805
7/28/1995,2.79
7/31/1995,2.7
8/1/1995,2.72
8/2/1995,2.67
8/3/1995,2.675
8/4/1995,2.63
8/7/1995,2.59
8/8/1995,2.64
8/9/1995,2.62
8/10/1995,2.61
8/11/1995,2.62
8/14/1995,2.65
8/15/1995,2.65
8/16/1995,2.65
8/17/1995,2.645
8/18/1995,2.66
8/21/1995,2.7
8/22/1995,2.715
8/23/1995,2.71
8/24/1995,2.74
8/25/1995,2.765
8/28/1995,2.78
8/29/1995,2.74
8/30/1995,2.735
8/31/1995,2.76
9/1/1995,2.765
9/5/1995,2.745
9/6/1995,2.725
9/7/1995,2.75
9/8/1995,2.755
9/11/1995,2.735
9/12/1995,2.78
9/13/1995,2.78
9/14/1995,2.78
9/15/1995,2.815
9/18/1995,2.92
9/19/1995,2.885
9/20/1995,2.875
9/21/1995,2.885
9/22/1995,2.875
9/25/1995,2.85
9/26/1995,2.85
9/27/1995,2.865
9/28/1995,2.89
9/29/1995,2.93
10/2/1995,2.955
10/3/1995,2.925
10/4/1995,2.92
10/5/1995,2.94
10/6/1995,2.965
10/9/1995,2.99
10/10/1995,3.035
10/11/1995,3.085
10/12/1995,3.065
10/13/1995,3.125
10/16/1995,3.15
10/17/1995,3.13
10/18/1995,3.15
10/19/1995,3.215
10/20/1995,3.225
10/23/1995,3.215
10/24/1995,3.215
10/25/1995,3.215
10/26/1995,3.23
10/27/1995,3.225
10/30/1995,3.24
10/31/1995,3.28
11/1/1995,3.315
11/2/1995,3.325
11/3/1995,3.275
11/6/1995,3.285
11/7/1995,3.255
11/8/1995,3.245
11/9/1995,3.2
11/10/1995,3.21
11/13/1995,3.18
11/14/1995,3.145
11/15/1995,3.135
11/16/1995,3.165
11/17/1995,3.21
11/20/1995,3.19
11/21/1995,3.175
11/22/1995,3.2
11/24/1995,3.235
11/27/1995,3.205
11/28/1995,3.205
11/29/1995,3.24
11/30/1995,3.2525
12/1/1995,3.255
12/4/1995,3.23
12/5/1995,3.275
12/6/1995,3.3
12/7/1995,3.275
12/8/1995,3.305
12/11/1995,3.335
12/12/1995,3.33
12/13/1995,3.34
12/14/1995,3.34
12/15/1995,3.33
12/18/1995,3.355
12/19/1995,3.385
12/20/1995,3.365
12/21/1995,3.36
12/22/1995,3.42
12/26/1995,3.47
12/27/1995,3.445
12/28/1995,3.49
12/29/1995,3.56
1/2/1996,3.615
1/3/1996,3.62
1/4/1996,3.58
1/5/1996,3.545
1/8/1996,3.475
1/9/1996,3.535
1/10/1996,3.485
1/11/1996,3.45
1/12/1996,3.505
1/15/1996,3.53
1/16/1996,3.425
1/17/1996,3.405
1/18/1996,3.45
1/19/1996,3.51
1/22/1996,3.49
1/23/1996,3.525
1/24/1996,3.51
1/25/1996,3.49
1/26/1996,3.505
1/29/1996,3.58
1/30/1996,3.64
1/31/1996,3.635
2/1/1996,3.61
2/2/1996,3.61
2/5/1996,3.55
2/6/1996,3.585
2/7/1996,3.555
2/8/1996,3.55
2/9/1996,3.595
2/12/1996,3.62
2/13/1996,3.68
2/14/1996,3.75
2/15/1996,3.755
2/16/1996,3.775
2/20/1996,3.78
2/21/1996,3.755
2/22/1996,3.73
2/23/1996,3.78
2/26/1996,3.835
2/27/1996,3.845
2/28/1996,3.87
2/29/1996,3.88
3/1/1996,3.865
3/4/1996,3.83
3/5/1996,3.805
3/6/1996,3.815
3/7/1996,3.88
3/8/1996,3.88
3/11/1996,3.9
3/12/1996,3.87
3/13/1996,3.905
3/14/1996,3.92
3/15/1996,3.84
3/18/1996,3.885
3/19/1996,3.88
3/20/1996,3.915
3/21/1996,3.925
3/22/1996,3.945
3/25/1996,3.985
3/26/1996,4.015
3/27/1996,4.05
3/28/1996,4.045
3/29/1996,4.13
4/1/1996,4.155
4/2/1996,4.13
4/3/1996,4.215
4/4/1996,4.25
4/8/1996,4.33
4/9/1996,4.315
4/10/1996,4.405
4/11/1996,4.41
4/12/1996,4.48
4/15/1996,4.525
4/16/1996,4.4
4/17/1996,4.425
4/18/1996,4.52
4/19/1996,4.49
4/22/1996,4.6
4/23/1996,4.7
4/24/1996,4.76
4/25/1996,4.88
4/26/1996,4.875
4/29/1996,4.57
4/30/1996,4.44
5/1/1996,4.665
5/2/1996,4.585
5/3/1996,4.54
5/6/1996,4.58
5/7/1996,4.69
5/8/1996,4.815
5/9/1996,4.89
5/10/1996,4.875
5/13/1996,4.985
5/14/1996,4.945
5/15/1996,4.95
5/16/1996,5.075
5/17/1996,5.125
5/20/1996,5.09
5/21/1996,5.075
5/22/1996,4.905
5/23/1996,4.98
5/24/1996,4.945
5/28/1996,4.845
5/29/1996,4.7
5/30/1996,4.785
5/31/1996,4.84
6/3/1996,4.715
6/4/1996,4.54
6/5/1996,4.45
6/6/1996,4.5625
6/7/1996,4.68
6/10/1996,4.805
6/11/1996,4.805
6/12/1996,4.87
6/13/1996,4.865
6/14/1996,4.72
6/17/1996,4.67
6/18/1996,4.79
6/19/1996,4.795
6/20/1996,4.795
6/21/1996,4.75
6/24/1996,4.725
6/25/1996,4.755
6/26/1996,4.79
6/27/1996,4.76
6/28/1996,4.915
7/1/1996,5.105
7/2/1996,5.065
7/3/1996,5.095
7/5/1996,5.07
7/8/1996,5.075
7/9/1996,5.12
7/10/1996,5.145
7/11/1996,5.25
7/12/1996,5.215
7/15/1996,5.125
7/16/1996,4.81
7/17/1996,4.575
7/18/1996,4.245
7/19/1996,4.225
7/22/1996,4.12
7/23/1996,4.25
7/24/1996,4.27
7/25/1996,4.215
7/26/1996,4.235
7/29/1996,4.35
7/30/1996,4.415
7/31/1996,4.415
8/1/1996,4.49
8/2/1996,4.465
8/5/1996,4.365
8/6/1996,4.395
8/7/1996,4.41
8/8/1996,4.565
8/9/1996,4.735
8/12/1996,4.875
8/13/1996,4.93
8/14/1996,4.875
8/15/1996,4.86
8/16/1996,4.785
8/19/1996,4.76
8/20/1996,4.585
8/21/1996,4.57
8/22/1996,4.54
8/23/1996,4.375
8/26/1996,4.22
8/27/1996,4.03
8/28/1996,3.94
8/29/1996,3.855
8/30/1996,3.845
9/3/1996,3.775
9/4/1996,3.705
9/5/1996,3.805
9/6/1996,3.76
9/9/1996,3.69
9/10/1996,3.66
9/11/1996,3.51
9/12/1996,3.54
9/13/1996,3.315
9/16/1996,3.245
9/17/1996,3.24
9/18/1996,3.26
9/19/1996,3.22
9/20/1996,3.24
9/23/1996,3.205
9/24/1996,3.185
9/25/1996,3.225
9/26/1996,3.15
9/27/1996,3.085
9/30/1996,2.97
10/1/1996,2.935
10/2/1996,2.91
10/3/1996,2.9
10/4/1996,2.865
10/7/1996,2.915
10/8/1996,2.945
10/9/1996,2.91
10/10/1996,2.885
10/11/1996,2.82
10/14/1996,2.835
10/15/1996,2.84
10/16/1996,2.81
10/17/1996,2.815
10/18/1996,2.795
10/21/1996,2.77
10/22/1996,2.79
10/23/1996,2.825
10/24/1996,2.76
10/25/1996,2.715
10/28/1996,2.7
10/29/1996,2.68
10/30/1996,2.625
10/31/1996,2.585
11/1/1996,2.545
11/4/1996,2.535
11/5/1996,2.51
11/6/1996,2.535
11/7/1996,2.59
11/8/1996,2.63
11/11/1996,2.635
11/12/1996,2.64
11/13/1996,2.69
11/14/1996,2.67
11/15/1996,2.65
11/18/1996,2.625
11/19/1996,2.61
11/20/1996,2.66
11/21/1996,2.68
11/22/1996,2.675
11/25/1996,2.71
11/26/1996,2.685
11/27/1996,2.68
11/29/1996,2.66
12/2/1996,2.615
12/3/1996,2.59
12/4/1996,2.605
12/5/1996,2.64
12/6/1996,2.63
12/9/1996,2.61
12/10/1996,2.61
12/11/1996,2.62
12/12/1996,2.62
12/13/1996,2.615
12/16/1996,2.615
12/17/1996,2.615
12/18/1996,2.61
12/19/1996,2.625
12/20/1996,2.63
12/23/1996,2.625
12/24/1996,2.625
12/26/1996,2.63
12/27/1996,2.61
12/30/1996,2.55
12/31/1996,2.55
1/2/1997,2.545
1/3/1997,2.525
1/6/1997,2.525
1/7/1997,2.54
1/8/1997,2.545
1/9/1997,2.53
1/10/1997,2.585
1/13/1997,2.6
1/14/1997,2.63
1/15/1997,2.665
1/16/1997,2.66
1/17/1997,2.655
1/20/1997,2.64
1/21/1997,2.645
1/22/1997,2.64
1/23/1997,2.635
1/24/1997,2.665
1/27/1997,2.68
1/28/1997,2.67
1/29/1997,2.67
1/30/1997,2.66
1/31/1997,2.625
2/3/1997,2.615
2/4/1997,2.62
2/5/1997,2.64
2/6/1997,2.61
2/7/1997,2.635
2/10/1997,2.645
2/11/1997,2.655
2/12/1997,2.655
2/13/1997,2.66
2/14/1997,2.645
2/18/1997,2.725
2/19/1997,2.725
2/20/1997,2.755
2/21/1997,2.805
2/24/1997,2.775
2/25/1997,2.82
2/26/1997,2.815
2/27/1997,2.835
2/28/1997,2.83
3/3/1997,2.88
3/4/1997,2.885
3/5/1997,2.86
3/6/1997,2.92
3/7/1997,2.9
3/10/1997,2.955
3/11/1997,2.915
3/12/1997,2.815
3/13/1997,2.85
3/14/1997,2.905
3/17/1997,2.925
3/18/1997,2.875
3/19/1997,2.905
3/20/1997,2.915
3/21/1997,2.87
3/24/1997,2.86
3/25/1997,2.9
3/26/1997,2.935
3/27/1997,2.965
3/31/1997,2.98
4/1/1997,2.995
4/2/1997,2.955
4/3/1997,2.87
4/4/1997,2.795
4/7/1997,2.87
4/8/1997,2.85
4/9/1997,2.86
4/10/1997,2.9
4/11/1997,2.855
4/14/1997,2.895
4/15/1997,2.885
4/16/1997,2.835
4/17/1997,2.835
4/18/1997,2.885
4/21/1997,2.875
4/22/1997,2.895
4/23/1997,2.875
4/24/1997,2.82
4/25/1997,2.815
4/28/1997,2.805
4/29/1997,2.815
4/30/1997,2.84
5/1/1997,2.88
5/2/1997,2.84
5/5/1997,2.82
5/6/1997,2.77
5/7/1997,2.775
5/8/1997,2.765
5/9/1997,2.8
5/12/1997,2.75
5/13/1997,2.825
5/14/1997,2.76
5/15/1997,2.755
5/16/1997,2.775
5/19/1997,2.785
5/20/1997,2.705
5/21/1997,2.71
5/22/1997,2.66
5/23/1997,2.63
5/27/1997,2.57
5/28/1997,2.63
5/29/1997,2.635
5/30/1997,2.65
6/2/1997,2.68
6/3/1997,2.715
6/4/1997,2.655
6/5/1997,2.68
6/6/1997,2.685
6/9/1997,2.68
6/10/1997,2.66
6/11/1997,2.67
6/12/1997,2.65
6/13/1997,2.655
6/16/1997,2.625
6/17/1997,2.63
6/18/1997,2.595
6/19/1997,2.5725
6/20/1997,2.555
6/23/1997,2.505
6/24/1997,2.5
6/25/1997,2.45
6/26/1997,2.405
6/27/1997,2.37
6/30/1997,2.385
7/1/1997,2.325
7/2/1997,2.345
7/3/1997,2.325
7/7/1997,2.29
7/8/1997,2.295
7/9/1997,2.36
7/10/1997,2.345
7/11/1997,2.385
7/14/1997,2.435
7/15/1997,2.57
7/16/1997,2.51
7/17/1997,2.485
7/18/1997,2.535
7/21/1997,2.465
7/22/1997,2.48
7/23/1997,2.48
7/24/1997,2.445
7/25/1997,2.44
7/28/1997,2.5
7/29/1997,2.56
7/30/1997,2.565
7/31/1997,2.58
8/1/1997,2.61
8/4/1997,2.57
8/5/1997,2.48
8/6/1997,2.53
8/7/1997,2.45
8/8/1997,2.48
8/11/1997,2.47
8/12/1997,2.59
8/13/1997,2.605
8/14/1997,2.61
8/15/1997,2.565
8/18/1997,2.6
8/19/1997,2.61
8/20/1997,2.6
8/21/1997,2.725
8/22/1997,2.695
8/25/1997,2.71
8/26/1997,2.62
8/27/1997,2.665
8/28/1997,2.655
8/29/1997,2.65
9/2/1997,2.695
9/3/1997,2.705
9/4/1997,2.69
9/5/1997,2.63
9/8/1997,2.635
9/9/1997,2.67
9/10/1997,2.69
9/11/1997,2.72
9/12/1997,2.655
9/15/1997,2.675
9/16/1997,2.615
9/17/1997,2.625
9/18/1997,2.625
9/19/1997,2.625
9/22/1997,2.54
9/23/1997,2.555
9/24/1997,2.525
9/25/1997,2.515
9/26/1997,2.485
9/29/1997,2.445
9/30/1997,2.44
10/1/1997,2.435
10/2/1997,2.445
10/3/1997,2.51
10/6/1997,2.53
10/7/1997,2.64
10/8/1997,2.68
10/9/1997,2.7
10/10/1997,2.73
10/13/1997,2.745
10/14/1997,2.69
10/15/1997,2.735
10/16/1997,2.705
10/17/1997,2.65
10/20/1997,2.65
10/21/1997,2.695
10/22/1997,2.77
10/23/1997,2.73
10/24/1997,2.745
10/27/1997,2.725
10/28/1997,2.705
10/29/1997,2.69
10/30/1997,2.685
10/31/1997,2.7
11/3/1997,2.76
11/4/1997,2.71
11/5/1997,2.7
11/6/1997,2.755
11/7/1997,2.76
11/10/1997,2.685
11/11/1997,2.7
11/12/1997,2.685
11/13/1997,2.67
11/14/1997,2.65
11/17/1997,2.73
11/18/1997,2.715
11/19/1997,2.685
11/20/1997,2.675
11/21/1997,2.7
11/24/1997,2.69
11/25/1997,2.66
11/26/1997,2.69
11/28/1997,2.675
12/1/1997,2.69
12/2/1997,2.665
12/3/1997,2.665
12/4/1997,2.625
12/5/1997,2.65
12/8/1997,2.695
12/9/1997,2.67
12/10/1997,2.66
12/11/1997,2.625
12/12/1997,2.585
12/15/1997,2.57
12/16/1997,2.56
12/17/1997,2.585
12/18/1997,2.535
12/19/1997,2.515
12/22/1997,2.49
12/23/1997,2.525
12/24/1997,2.545
12/26/1997,2.545
12/29/1997,2.555
12/30/1997,2.555
12/31/1997,2.54
1/2/1998,2.515
1/5/1998,2.55
1/6/1998,2.52
1/7/1998,2.535
1/8/1998,2.485
1/9/1998,2.515
1/12/1998,2.495
1/13/1998,2.61
1/14/1998,2.635
1/15/1998,2.66
1/16/1998,2.65
1/20/1998,2.66
1/21/1998,2.645
1/22/1998,2.64
1/23/1998,2.64
1/26/1998,2.68
1/27/1998,2.64
1/28/1998,2.65
1/29/1998,2.63
1/30/1998,2.615
2/2/1998,2.63
2/3/1998,2.615
2/4/1998,2.6
2/5/1998,2.595
2/6/1998,2.575
2/9/1998,2.58
2/10/1998,2.6
2/11/1998,2.55
2/12/1998,2.58
2/13/1998,2.585
2/17/1998,2.565
2/18/1998,2.58
2/19/1998,2.595
2/20/1998,2.595
2/23/1998,2.575
2/24/1998,2.555
2/25/1998,2.565
2/26/1998,2.545
2/27/1998,2.53
3/2/1998,2.58
3/3/1998,2.57
3/4/1998,2.59
3/5/1998,2.6
3/6/1998,2.62
3/9/1998,2.64
3/10/1998,2.66
3/11/1998,2.68
3/12/1998,2.685
3/13/1998,2.615
3/16/1998,2.595
3/17/1998,2.6
3/18/1998,2.61
3/19/1998,2.58
3/20/1998,2.535
3/23/1998,2.56
3/24/1998,2.55
3/25/1998,2.54
3/26/1998,2.51
3/27/1998,2.515
3/30/1998,2.555
3/31/1998,2.485
4/1/1998,2.45
4/2/1998,2.475
4/3/1998,2.445
4/6/1998,2.39
4/7/1998,2.38
4/8/1998,2.39
4/9/1998,2.405
4/13/1998,2.365
4/14/1998,2.38
4/15/1998,2.435
4/16/1998,2.42
4/17/1998,2.42
4/20/1998,2.395
4/21/1998,2.42
4/22/1998,2.385
4/23/1998,2.425
4/24/1998,2.435
4/27/1998,2.39
4/28/1998,2.395
4/29/1998,2.38
4/30/1998,2.39
5/1/1998,2.38
5/4/1998,2.405
5/5/1998,2.44
5/6/1998,2.47
5/7/1998,2.46
5/8/1998,2.425
5/11/1998,2.355
5/12/1998,2.34
5/13/1998,2.385
5/14/1998,2.375
5/15/1998,2.34
5/18/1998,2.37
5/19/1998,2.35
5/20/1998,2.38
5/21/1998,2.38
5/22/1998,2.395
5/26/1998,2.315
5/27/1998,2.285
5/28/1998,2.3
5/29/1998,2.3
6/1/1998,2.295
6/2/1998,2.305
6/3/1998,2.28
6/4/1998,2.3
6/5/1998,2.27
6/8/1998,2.215
6/9/1998,2.215
6/10/1998,2.215
6/11/1998,2.215
6/12/1998,2.25
6/15/1998,2.21
6/16/1998,2.255
6/17/1998,2.31
6/18/1998,2.315
6/19/1998,2.36
6/22/1998,2.34
6/23/1998,2.385
6/24/1998,2.42
6/25/1998,2.375
6/26/1998,2.345
6/29/1998,2.195
6/30/1998,2.305
7/1/1998,2.25
7/2/1998,2.23
7/6/1998,2.205
7/7/1998,2.275
7/8/1998,2.315
7/9/1998,2.27
7/10/1998,2.2
7/13/1998,2.26
7/14/1998,2.175
7/15/1998,2.15
7/16/1998,2.16
7/17/1998,2.215
7/20/1998,2.16
7/21/1998,2.15
7/22/1998,2.12
7/23/1998,2.11
7/24/1998,2.095
7/27/1998,2.075
7/28/1998,2.05
7/29/1998,2.01
7/30/1998,2.005
7/31/1998,1.98
8/3/1998,1.92
8/4/1998,1.935
8/5/1998,1.915
8/6/1998,1.905
8/7/1998,1.915
8/10/1998,1.95
8/11/1998,1.945
8/12/1998,1.905
8/13/1998,1.885
8/14/1998,1.875
8/17/1998,1.895
8/18/1998,1.9
8/19/1998,1.9
8/20/1998,1.865
8/21/1998,1.835
8/24/1998,1.855
8/25/1998,1.815
8/26/1998,1.755
8/27/1998,1.73
8/28/1998,1.68
8/31/1998,1.665
9/1/1998,1.71
9/2/1998,1.73
9/3/1998,1.765
9/4/1998,1.765
9/8/1998,1.81
9/9/1998,1.79
9/10/1998,1.81
9/11/1998,1.765
9/14/1998,1.765
9/15/1998,1.785
9/16/1998,1.76
9/17/1998,1.745
9/18/1998,1.725
9/21/1998,1.725
9/22/1998,1.75
9/23/1998,1.755
9/24/1998,1.8
9/25/1998,1.815
9/28/1998,1.825
9/29/1998,1.835
9/30/1998,1.835
10/1/1998,1.78
10/2/1998,1.785
10/5/1998,1.82
10/6/1998,1.85
10/7/1998,1.915
10/8/1998,1.905
10/9/1998,1.95
10/12/1998,1.925
10/13/1998,2.02
10/14/1998,2.04
10/15/1998,2.04
10/16/1998,2.025
10/19/1998,1.995
10/20/1998,1.955
10/21/1998,1.96
10/22/1998,1.995
10/23/1998,1.945
10/26/1998,1.935
10/27/1998,1.94
10/28/1998,1.955
10/29/1998,1.975
10/30/1998,1.99
11/2/1998,1.99
11/3/1998,2
11/4/1998,2.015
11/5/1998,2.05
11/6/1998,2.05
11/9/1998,2.05
11/10/1998,2.1
11/11/1998,2.14
11/12/1998,2.145
11/13/1998,2.1
11/16/1998,2.105
11/17/1998,2.1
11/18/1998,2.12
11/19/1998,2.11
11/20/1998,2.12
11/23/1998,2.09
11/24/1998,2.115
11/25/1998,2.105
11/27/1998,2.12
11/30/1998,2.135
12/1/1998,2.125
12/2/1998,2.115
12/3/1998,2.095
12/4/1998,2.075
12/7/1998,2.095
12/8/1998,2.085
12/9/1998,2.075
12/10/1998,2.085
12/11/1998,2.1
12/14/1998,2.095
12/15/1998,2.11
12/16/1998,2.11
12/17/1998,2.08
12/18/1998,2.05
12/21/1998,2.045
12/22/1998,2.05
12/23/1998,2.065
12/24/1998,2.065
12/28/1998,2.075
12/29/1998,2.06
12/30/1998,1.995
12/31/1998,1.995
1/4/1999,2.035
1/5/1999,2.06
1/6/1999,2.115
1/7/1999,2.065
1/8/1999,2.09
1/11/1999,2.075
1/12/1999,2.045
1/13/1999,2.045
1/14/1999,2.05
1/15/1999,2.05
1/19/1999,2.05
1/20/1999,2.07
1/21/1999,2.07
1/22/1999,2.075
1/25/1999,2.07
1/26/1999,2.075
1/27/1999,2.08
1/28/1999,2.075
1/29/1999,2.055
2/1/1999,2.085
2/2/1999,2.095
2/3/1999,2.06
2/4/1999,2.08
2/5/1999,2.085
2/8/1999,2.07
2/9/1999,2.08
2/10/1999,2.105
2/11/1999,2.055
2/12/1999,2.045
2/16/1999,2.045
2/17/1999,2.04
2/18/1999,2.05
2/19/1999,2.05
2/22/1999,2.045
2/23/1999,2.06
2/24/1999,1.985
2/25/1999,1.975
2/26/1999,1.945
3/1/1999,1.955
3/2/1999,2
3/3/1999,1.995
3/4/1999,2.01
3/5/1999,2
3/8/1999,2.065
3/9/1999,2.075
3/10/1999,2.095
3/11/1999,2.11
3/12/1999,2.09
3/15/1999,2.07
3/16/1999,2.11
3/17/1999,2.11
3/18/1999,2.085
3/19/1999,2.135
3/22/1999,2.15
3/23/1999,2.115
3/24/1999,2.115
3/25/1999,2.145
3/26/1999,2.17
3/29/1999,2.175
3/30/1999,2.18
3/31/1999,2.1
4/1/1999,2.075
4/5/1999,2.055
4/6/1999,2.025
4/7/1999,2.05
4/8/1999,2.03
4/9/1999,2.05
4/12/1999,2.01
4/13/1999,2.035
4/14/1999,2.045
4/15/1999,2.07
4/16/1999,2.05
4/19/1999,2.08
4/20/1999,2.11
4/21/1999,2.11
4/22/1999,2.065
4/23/1999,2.07
4/26/1999,2.03
4/27/1999,2.035
4/28/1999,2.025
4/29/1999,2.015
4/30/1999,2.02
5/3/1999,2.04
5/4/1999,2.06
5/5/1999,2.045
5/6/1999,2.02
5/7/1999,2.01
5/10/1999,2.05
5/11/1999,2.04
5/12/1999,2.055
5/13/1999,2.065
5/14/1999,2.05
5/17/1999,2.075
5/18/1999,2.05
5/19/1999,2.03
5/20/1999,2.02
5/21/1999,2.01
5/24/1999,1.945
5/25/1999,1.975
5/26/1999,1.975
5/27/1999,2.005
5/28/1999,2.02
6/1/1999,1.99
6/2/1999,1.99
6/3/1999,2.055
6/4/1999,2.035
6/7/1999,2.04
6/8/1999,2.045
6/9/1999,2.02
6/10/1999,2.01
6/11/1999,1.98
6/14/1999,1.995
6/15/1999,1.95
6/16/1999,1.98
6/17/1999,1.985
6/18/1999,2.015
6/21/1999,1.995
6/22/1999,1.975
6/23/1999,1.985
6/24/1999,1.96
6/25/1999,1.965
6/28/1999,1.92
6/29/1999,1.895
6/30/1999,1.9
7/1/1999,1.815
7/2/1999,1.785
7/6/1999,1.67
7/7/1999,1.675
7/8/1999,1.635
7/9/1999,1.6
7/12/1999,1.605
7/13/1999,1.585
7/14/1999,1.625
7/15/1999,1.64
7/16/1999,1.58
7/19/1999,1.52
7/20/1999,1.645
7/21/1999,1.71
7/22/1999,1.715
7/23/1999,1.795
7/26/1999,1.725
7/27/1999,1.65
7/28/1999,1.645
7/29/1999,1.7
7/30/1999,1.73
8/2/1999,1.84
8/3/1999,1.875
8/4/1999,1.93
8/5/1999,1.915
8/6/1999,1.925
8/9/1999,1.93
8/10/1999,1.975
8/11/1999,1.9
8/12/1999,1.77
8/13/1999,1.775
8/16/1999,1.885
8/17/1999,1.86
8/18/1999,1.845
8/19/1999,1.83
8/20/1999,1.79
8/23/1999,1.79
8/24/1999,1.78
8/25/1999,1.815
8/26/1999,1.79
8/27/1999,1.745
8/30/1999,1.745
8/31/1999,1.785
9/1/1999,1.835
9/2/1999,1.87
9/3/1999,1.9
9/7/1999,1.905
9/8/1999,1.8525
9/9/1999,1.86
9/10/1999,1.85
9/13/1999,1.83
9/14/1999,1.81
9/15/1999,1.77
9/16/1999,1.775
9/17/1999,1.745
9/20/1999,1.745
9/21/1999,1.755
9/22/1999,1.75
9/23/1999,1.745
9/24/1999,1.75
9/27/1999,1.79
9/28/1999,1.825
9/29/1999,1.83
9/30/1999,1.76
10/1/1999,1.725
10/4/1999,1.73
10/5/1999,1.71
10/6/1999,1.71
10/7/1999,1.72
10/8/1999,1.675
10/11/1999,1.675
10/12/1999,1.69
10/13/1999,1.695
10/14/1999,1.71
10/15/1999,1.7
10/18/1999,1.73
10/19/1999,1.72
10/20/1999,1.72
10/21/1999,1.71
10/22/1999,1.72
10/25/1999,1.745
10/26/1999,1.77
10/27/1999,1.76
10/28/1999,1.755
10/29/1999,1.77
11/1/1999,1.785
11/2/1999,1.78
11/3/1999,1.805
11/4/1999,1.855
11/5/1999,1.865
11/8/1999,1.875
11/9/1999,1.84
11/10/1999,1.79
11/11/1999,1.8
11/12/1999,1.8
11/15/1999,1.835
11/16/1999,1.835
11/17/1999,1.82
11/18/1999,1.805
11/19/1999,1.805
11/22/1999,1.825
11/23/1999,1.845
11/24/1999,1.835
11/26/1999,1.835
11/29/1999,1.81
11/30/1999,1.795
12/1/1999,1.825
12/2/1999,1.825
12/3/1999,1.82
12/6/1999,1.85
12/7/1999,1.84
12/8/1999,1.815
12/9/1999,1.785
12/10/1999,1.795
12/13/1999,1.785
12/14/1999,1.82
12/15/1999,1.83
12/16/1999,1.835
12/17/1999,1.835
12/20/1999,1.845
12/21/1999,1.84
12/22/1999,1.85
12/23/1999,1.865
12/27/1999,1.865
12/28/1999,1.885
12/29/1999,1.88
12/30/1999,1.885
12/31/1999,1.885
1/3/2000,1.845
1/4/2000,1.875
1/5/2000,1.87
1/6/2000,1.875
1/7/2000,1.9
1/10/2000,1.9
1/11/2000,1.885
1/12/2000,1.92
1/13/2000,1.96
1/14/2000,1.945
1/18/2000,1.955
1/19/2000,1.985
1/20/2000,1.99
1/21/2000,2.01
1/24/2000,2.045
1/25/2000,2.045
1/26/2000,1.975
1/27/2000,2.01
1/28/2000,1.995
1/31/2000,1.975
2/1/2000,2.01
2/2/2000,2.01
2/3/2000,2.005
2/4/2000,2.005
2/7/2000,2.02
2/8/2000,2.025
2/9/2000,2.055
2/10/2000,2.08
2/11/2000,2.055
2/14/2000,2.045
2/15/2000,2.055
2/16/2000,2.055
2/17/2000,2.055
2/18/2000,2.03
2/22/2000,2.03
2/23/2000,1.99
2/24/2000,2.005
2/25/2000,1.975
2/28/2000,1.98
2/29/2000,2.015
3/1/2000,2.02
3/2/2000,2.02
3/3/2000,2.035
3/6/2000,2.065
3/7/2000,2.035
3/8/2000,2.05
3/9/2000,2.045
3/10/2000,2.06
3/13/2000,2.095
3/14/2000,2.14
3/15/2000,2.12
3/16/2000,2.105
3/17/2000,2.15
3/20/2000,2.105
3/21/2000,2.07
3/22/2000,2.1
3/23/2000,2.065
3/24/2000,2.085
3/27/2000,2.08
3/28/2000,2.005
3/29/2000,2.04
3/30/2000,2.105
3/31/2000,2.135
4/3/2000,2.115
4/4/2000,2.105
4/5/2000,2.105
4/6/2000,2.07
4/7/2000,2.09
4/10/2000,2.075
4/11/2000,2.045
4/12/2000,2.07
4/13/2000,2.09
4/14/2000,2.075
4/17/2000,2.055
4/18/2000,2.07
4/19/2000,2.115
4/20/2000,2.1
4/24/2000,2.105
4/25/2000,2.145
4/26/2000,2.12
4/27/2000,2.095
4/28/2000,2.095
5/1/2000,2.185
5/2/2000,2.195
5/3/2000,2.225
5/4/2000,2.225
5/5/2000,2.205
5/8/2000,2.135
5/9/2000,2.14
5/10/2000,2.195
5/11/2000,2.205
5/12/2000,2.215
5/15/2000,2.145
5/16/2000,2.115
5/17/2000,2.115
5/18/2000,2.14
5/19/2000,2.165
5/22/2000,2.165
5/23/2000,2.13
5/24/2000,2.105
5/25/2000,2.065
5/26/2000,2.095
5/30/2000,2.005
5/31/2000,2.01
6/1/2000,2.01
6/2/2000,2.05
6/5/2000,2.005
6/6/2000,2.02
6/7/2000,1.96
6/8/2000,1.94
6/9/2000,1.94
6/12/2000,1.975
6/13/2000,1.835
6/14/2000,1.745
6/15/2000,1.81
6/16/2000,1.825
6/19/2000,1.815
6/20/2000,1.785
6/21/2000,1.79
6/22/2000,1.775
6/23/2000,1.745
6/26/2000,1.69
6/27/2000,1.715
6/28/2000,1.68
6/29/2000,1.7
6/30/2000,1.62
7/3/2000,1.57
7/5/2000,1.595
7/6/2000,1.565
7/7/2000,1.59
7/10/2000,1.57
7/11/2000,1.57
7/12/2000,1.585
7/13/2000,1.575
7/14/2000,1.535
7/17/2000,1.505
7/18/2000,1.51
7/19/2000,1.515
7/20/2000,1.535
7/21/2000,1.54
7/24/2000,1.495
7/25/2000,1.475
7/26/2000,1.465
7/27/2000,1.47
7/28/2000,1.455
7/31/2000,1.465
8/1/2000,1.47
8/2/2000,1.475
8/3/2000,1.465
8/4/2000,1.455
8/7/2000,1.455
8/8/2000,1.47
8/9/2000,1.46
8/10/2000,1.455
8/11/2000,1.45
8/14/2000,1.47
8/15/2000,1.47
8/16/2000,1.495
8/17/2000,1.495
8/18/2000,1.48
8/21/2000,1.485
8/22/2000,1.48
8/23/2000,1.48
8/24/2000,1.5
8/25/2000,1.515
8/28/2000,1.545
8/29/2000,1.59
8/30/2000,1.555
8/31/2000,1.59
9/1/2000,1.565
9/5/2000,1.59
9/6/2000,1.565
9/7/2000,1.555
9/8/2000,1.585
9/11/2000,1.605
9/12/2000,1.605
9/13/2000,1.58
9/14/2000,1.565
9/15/2000,1.54
9/18/2000,1.54
9/19/2000,1.51
9/20/2000,1.52
9/21/2000,1.56
9/22/2000,1.605
9/25/2000,1.585
9/26/2000,1.59
9/27/2000,1.6
9/28/2000,1.625
9/29/2000,1.645
10/2/2000,1.665
10/3/2000,1.7
10/4/2000,1.75
10/5/2000,1.735
10/6/2000,1.73
10/9/2000,1.745
10/10/2000,1.775
10/11/2000,1.79
10/12/2000,1.825
10/13/2000,1.845
10/16/2000,1.84
10/17/2000,1.845
10/18/2000,1.835
10/19/2000,1.865
10/20/2000,1.835
10/23/2000,1.825
10/24/2000,1.84
10/25/2000,1.845
10/26/2000,1.84
10/27/2000,1.84
10/30/2000,1.84
10/31/2000,1.885
11/1/2000,1.885
11/2/2000,1.945
11/3/2000,1.96
11/6/2000,1.98
11/7/2000,1.98
11/8/2000,1.975
11/9/2000,1.975
11/10/2000,1.97
11/13/2000,1.955
11/14/2000,1.94
11/15/2000,1.93
11/16/2000,1.955
11/17/2000,1.975
11/20/2000,1.98
11/21/2000,1.98
11/22/2000,1.97
11/24/2000,1.97
11/27/2000,1.985
11/28/2000,1.96
11/29/2000,1.94
11/30/2000,1.97
12/1/2000,1.985
12/4/2000,1.97
12/5/2000,1.97
12/6/2000,1.96
12/7/2000,1.925
12/8/2000,1.965
12/11/2000,1.955
12/12/2000,1.945
12/13/2000,1.945
12/14/2000,1.975
12/15/2000,1.975
12/18/2000,2.015
12/19/2000,2.05
12/20/2000,2.05
12/21/2000,2.065
12/22/2000,2.075
12/26/2000,2.075
12/27/2000,2.095
12/28/2000,2.095
12/29/2000,2.105
1/2/2001,2.07
1/3/2001,2.095
1/4/2001,2.095
1/5/2001,2.04
1/8/2001,2.045
1/9/2001,2.07
1/10/2001,2.085
1/11/2001,2.025
1/12/2001,1.985
1/16/2001,1.955
1/17/2001,1.965
1/18/2001,1.96
1/19/2001,1.93
1/22/2001,1.935
1/23/2001,1.94
1/24/2001,1.955
1/25/2001,1.935
1/26/2001,1.895
1/29/2001,1.875
1/30/2001,1.885
1/31/2001,1.895
2/1/2001,1.92
2/2/2001,1.94
2/5/2001,1.935
2/6/2001,1.97
2/7/2001,1.95
2/8/2001,1.92
2/9/2001,1.925
2/12/2001,1.93
2/13/2001,1.94
2/14/2001,1.97
2/15/2001,1.97
2/16/2001,1.96
2/20/2001,1.965
2/21/2001,1.965
2/22/2001,1.96
2/23/2001,1.95
2/26/2001,1.96
2/27/2001,1.975
2/28/2001,2.005
3/1/2001,2
3/2/2001,2.005
3/5/2001,2.01
3/6/2001,2
3/7/2001,1.98
3/8/2001,1.98
3/9/2001,1.98
3/12/2001,1.99
3/13/2001,1.985
3/14/2001,1.945
3/15/2001,1.87
3/16/2001,1.84
3/19/2001,1.855
3/20/2001,1.88
3/21/2001,1.865
3/22/2001,1.83
3/23/2001,1.835
3/26/2001,1.88
3/27/2001,1.9
3/28/2001,1.885
3/29/2001,1.87
3/30/2001,1.83
4/2/2001,1.88
4/3/2001,1.9
4/4/2001,1.92
4/5/2001,1.92
4/6/2001,1.905
4/9/2001,1.91
4/10/2001,1.895
4/11/2001,1.915
4/12/2001,1.93
4/16/2001,1.94
4/17/2001,1.91
4/18/2001,1.91
4/19/2001,1.865
4/20/2001,1.84
4/23/2001,1.795
4/24/2001,1.78
4/25/2001,1.79
4/26/2001,1.835
4/27/2001,1.79
4/30/2001,1.825
5/1/2001,1.825
5/2/2001,1.835
5/3/2001,1.84
5/4/2001,1.855
5/7/2001,1.83
5/8/2001,1.81
5/9/2001,1.82
5/10/2001,1.75
5/11/2001,1.745
5/14/2001,1.805
5/15/2001,1.8
5/16/2001,1.8
5/17/2001,1.795
5/18/2001,1.785
5/21/2001,1.745
5/22/2001,1.705
5/23/2001,1.715
5/24/2001,1.735
5/25/2001,1.72
5/29/2001,1.71
5/30/2001,1.72
5/31/2001,1.75
6/1/2001,1.795
6/4/2001,1.775
6/5/2001,1.775
6/6/2001,1.815
6/7/2001,1.81
6/8/2001,1.79
6/11/2001,1.79
6/12/2001,1.775
6/13/2001,1.785
6/14/2001,1.775
6/15/2001,1.73
6/18/2001,1.735
6/19/2001,1.76
6/20/2001,1.74
6/21/2001,1.725
6/22/2001,1.715
6/25/2001,1.69
6/26/2001,1.7
6/27/2001,1.735
6/28/2001,1.74
6/29/2001,1.74
7/2/2001,1.76
7/3/2001,1.795
7/5/2001,1.84
7/6/2001,1.85
7/9/2001,1.89
7/10/2001,1.935
7/11/2001,2.005
7/12/2001,2.075
7/13/2001,1.98
7/16/2001,1.91
7/17/2001,1.99
7/18/2001,1.915
7/19/2001,1.92
7/20/2001,1.845
7/23/2001,1.85
7/24/2001,1.915
7/25/2001,1.96
7/26/2001,1.955
7/27/2001,1.985
7/30/2001,1.96
7/31/2001,1.985
8/1/2001,1.945
8/2/2001,1.93
8/3/2001,1.92
8/6/2001,1.94
8/7/2001,1.985
8/8/2001,1.985
8/9/2001,2.015
8/10/2001,2.04
8/13/2001,2.065
8/14/2001,2.055
8/15/2001,2.015
8/16/2001,2.01
8/17/2001,1.995
8/20/2001,1.96
8/21/2001,1.985
8/22/2001,1.985
8/23/2001,2.04
8/24/2001,2
8/27/2001,2.015
8/28/2001,2.015
8/29/2001,2.015
8/30/2001,2.025
8/31/2001,2.01
9/4/2001,2
9/5/2001,1.995
9/6/2001,1.935
9/7/2001,1.995
9/10/2001,2.01
9/11/2001,2.01
9/12/2001,2.01
9/13/2001,2.03
9/14/2001,1.985
9/17/2001,1.965
9/18/2001,1.93
9/19/2001,1.9
9/20/2001,1.895
9/21/2001,1.905
9/24/2001,1.885
9/25/2001,1.88
9/26/2001,1.895
9/27/2001,1.89
9/28/2001,1.875
10/1/2001,1.85
10/2/2001,1.835
10/3/2001,1.865
10/4/2001,1.86
10/5/2001,1.875
10/8/2001,1.89
10/9/2001,1.87
10/10/2001,1.87
10/11/2001,1.865
10/12/2001,1.815
10/15/2001,1.795
10/16/2001,1.82
10/17/2001,1.835
10/18/2001,1.81
10/19/2001,1.81
10/22/2001,1.795
10/23/2001,1.795
10/24/2001,1.83
10/25/2001,1.825
10/26/2001,1.81
10/29/2001,1.81
10/30/2001,1.835
10/31/2001,1.84
11/1/2001,1.825
11/2/2001,1.805
11/5/2001,1.845
11/6/2001,1.845
11/7/2001,1.85
11/8/2001,1.865
11/9/2001,1.895
11/12/2001,1.9
11/13/2001,1.89
11/14/2001,1.905
11/15/2001,1.905
11/16/2001,1.925
11/19/2001,1.96
11/20/2001,1.96
11/21/2001,1.96
11/23/2001,1.96
11/26/2001,1.915
11/27/2001,1.95
11/28/2001,1.91
11/29/2001,1.91
11/30/2001,1.97
12/3/2001,1.98
12/4/2001,2
12/5/2001,1.985
12/6/2001,1.955
12/7/2001,1.98
12/10/2001,2.02
12/11/2001,2.01
12/12/2001,1.975
12/13/2001,1.98
12/14/2001,1.985
12/17/2001,1.975
12/18/2001,1.975
12/19/2001,1.98
12/20/2001,1.96
12/21/2001,1.955
12/24/2001,1.99
12/26/2001,1.915
12/27/2001,1.925
12/28/2001,1.935
12/31/2001,1.925
1/2/2002,1.93
1/3/2002,1.95
1/4/2002,1.95
1/7/2002,1.965
1/8/2002,1.975
1/9/2002,1.945
1/10/2002,1.935
1/11/2002,1.975
1/14/2002,1.95
1/15/2002,1.965
1/16/2002,1.99
1/17/2002,1.96
1/18/2002,1.95
1/22/2002,1.935
1/23/2002,1.935
1/24/2002,1.94
1/25/2002,1.935
1/28/2002,1.92
1/29/2002,1.91
1/30/2002,1.915
1/31/2002,1.92
2/1/2002,1.91
2/4/2002,1.91
2/5/2002,1.925
2/6/2002,1.905
2/7/2002,1.905
2/8/2002,1.91
2/11/2002,1.91
2/12/2002,1.93
2/13/2002,1.95
2/14/2002,1.95
2/15/2002,1.925
2/19/2002,1.93
2/20/2002,1.96
2/21/2002,1.965
2/22/2002,1.93
2/25/2002,1.895
2/26/2002,1.89
2/27/2002,1.89
2/28/2002,1.91
3/1/2002,1.91
3/4/2002,1.91
3/5/2002,1.93
3/6/2002,1.92
3/7/2002,1.92
3/8/2002,1.925
3/11/2002,1.935
3/12/2002,1.95
3/13/2002,1.925
3/14/2002,1.935
3/15/2002,1.925
3/18/2002,1.92
3/19/2002,1.92
3/20/2002,1.925
3/21/2002,1.925
3/22/2002,1.91
3/25/2002,1.9
3/26/2002,1.915
3/27/2002,1.925
3/28/2002,1.905
4/1/2002,1.92
4/2/2002,1.91
4/3/2002,1.89
4/4/2002,1.895
4/5/2002,1.89
4/8/2002,1.905
4/9/2002,1.9
4/10/2002,1.895
4/11/2002,1.885
4/12/2002,1.875
4/15/2002,1.855
4/16/2002,1.875
4/17/2002,1.895
4/18/2002,1.885
4/19/2002,1.89
4/22/2002,1.895
4/23/2002,1.895
4/24/2002,1.885
4/25/2002,1.875
4/26/2002,1.865
4/29/2002,1.84
4/30/2002,1.855
5/1/2002,1.88
5/2/2002,1.865
5/3/2002,1.865
5/6/2002,1.875
5/7/2002,1.925
5/8/2002,1.92
5/9/2002,1.93
5/10/2002,1.935
5/13/2002,2.015
5/14/2002,2.03
5/15/2002,2.03
5/16/2002,2
5/17/2002,1.97
5/20/2002,1.985
5/21/2002,1.995
5/22/2002,1.97
5/23/2002,1.97
5/24/2002,1.935
5/28/2002,1.965
5/29/2002,2.005
5/30/2002,2.015
5/31/2002,2.03
6/3/2002,1.99
6/4/2002,1.99
6/5/2002,2.005
6/6/2002,2
6/7/2002,1.975
6/10/2002,1.97
6/11/2002,1.955
6/12/2002,1.985
6/13/2002,2.035
6/14/2002,2.015
6/17/2002,2.005
6/18/2002,2
6/19/2002,2.025
6/20/2002,2.03
6/21/2002,2.02
6/24/2002,2.09
6/25/2002,2.115
6/26/2002,2.135
6/27/2002,2.175
6/28/2002,2.17
7/1/2002,2.25
7/2/2002,2.195
7/3/2002,2.15
7/5/2002,2.21
7/8/2002,2.14
7/9/2002,2.175
7/10/2002,2.135
7/11/2002,2.085
7/12/2002,2.07
7/15/2002,2.115
7/16/2002,2.205
7/17/2002,2.175
7/18/2002,2.185
7/19/2002,2.205
7/22/2002,2.32
7/23/2002,2.285
7/24/2002,2.35
7/25/2002,2.32
7/26/2002,2.31
7/29/2002,2.195
7/30/2002,2.235
7/31/2002,2.365
8/1/2002,2.375
8/2/2002,2.42
8/5/2002,2.425
8/6/2002,2.395
8/7/2002,2.39
8/8/2002,2.355
8/9/2002,2.395
8/12/2002,2.485
8/13/2002,2.555
8/14/2002,2.625
8/15/2002,2.615
8/16/2002,2.605
8/19/2002,2.555
8/20/2002,2.51
8/21/2002,2.53
8/22/2002,2.53
8/23/2002,2.545
8/26/2002,2.555
8/27/2002,2.54
8/28/2002,2.53
8/29/2002,2.5
8/30/2002,2.53
9/3/2002,2.58
9/4/2002,2.63
9/5/2002,2.65
9/6/2002,2.67
9/9/2002,2.735
9/10/2002,2.715
9/11/2002,2.785
9/12/2002,2.675
9/13/2002,2.61
9/16/2002,2.615
9/17/2002,2.615
9/18/2002,2.565
9/19/2002,2.525
9/20/2002,2.355
9/23/2002,2.395
9/24/2002,2.46
9/25/2002,2.445
9/26/2002,2.46
9/27/2002,2.45
9/30/2002,2.36
10/1/2002,2.41
10/2/2002,2.44
10/3/2002,2.42
10/4/2002,2.455
10/7/2002,2.485
10/8/2002,2.45
10/9/2002,2.44
10/10/2002,2.39
10/11/2002,2.325
10/14/2002,2.35
10/15/2002,2.4
10/16/2002,2.42
10/17/2002,2.46
10/18/2002,2.44
10/21/2002,2.42
10/22/2002,2.4
10/23/2002,2.385
10/24/2002,2.38
10/25/2002,2.395
10/28/2002,2.37
10/29/2002,2.4
10/30/2002,2.37
10/31/2002,2.395
11/1/2002,2.375
11/4/2002,2.365
11/5/2002,2.34
11/6/2002,2.345
11/7/2002,2.325
11/8/2002,2.305
11/11/2002,2.3
11/12/2002,2.325
11/13/2002,2.35
11/14/2002,2.37
11/15/2002,2.37
11/18/2002,2.37
11/19/2002,2.4
11/20/2002,2.4
11/21/2002,2.39
11/22/2002,2.4
11/25/2002,2.36
11/26/2002,2.35
11/27/2002,2.335
11/29/2002,2.335
12/2/2002,2.34
12/3/2002,2.32
12/4/2002,2.32
12/5/2002,2.275
12/6/2002,2.325
12/9/2002,2.29
12/10/2002,2.305
12/11/2002,2.335
12/12/2002,2.31
12/13/2002,2.325
12/16/2002,2.315
12/17/2002,2.31
12/18/2002,2.33
12/19/2002,2.32
12/20/2002,2.315
12/23/2002,2.35
12/24/2002,2.35
12/26/2002,2.35
12/27/2002,2.32
12/30/2002,2.28
12/31/2002,2.295
1/2/2003,2.32
1/3/2003,2.3
1/6/2003,2.3
1/7/2003,2.34
1/8/2003,2.39
1/9/2003,2.37
1/10/2003,2.28
1/13/2003,2.23
1/14/2003,2.22
1/15/2003,2.225
1/16/2003,2.225
1/17/2003,2.235
1/21/2003,2.24
1/22/2003,2.25
1/23/2003,2.265
1/24/2003,2.265
1/27/2003,2.235
1/28/2003,2.315
1/29/2003,2.295
1/30/2003,2.29
1/31/2003,2.315
2/3/2003,2.335
2/4/2003,2.345
2/5/2003,2.315
2/6/2003,2.335
2/7/2003,2.335
2/10/2003,2.375
2/11/2003,2.37
2/12/2003,2.355
2/13/2003,2.36
2/14/2003,2.36
2/18/2003,2.35
2/19/2003,2.32
2/20/2003,2.33
2/21/2003,2.295
2/24/2003,2.285
2/25/2003,2.295
2/26/2003,2.295
2/27/2003,2.285
2/28/2003,2.29
3/3/2003,2.31
3/4/2003,2.345
3/5/2003,2.35
3/6/2003,2.36
3/7/2003,2.375
3/10/2003,2.33
3/11/2003,2.33
3/12/2003,2.34
3/13/2003,2.34
3/14/2003,2.295
3/17/2003,2.27
3/18/2003,2.28
3/19/2003,2.3
3/20/2003,2.33
3/21/2003,2.295
3/24/2003,2.265
3/25/2003,2.255
3/26/2003,2.255
3/27/2003,2.265
3/28/2003,2.26
3/31/2003,2.35
4/1/2003,2.37
4/2/2003,2.37
4/3/2003,2.355
4/4/2003,2.355
4/7/2003,2.4
4/8/2003,2.395
4/9/2003,2.385
4/10/2003,2.355
4/11/2003,2.36
4/14/2003,2.36
4/15/2003,2.385
4/16/2003,2.36
4/17/2003,2.38
4/21/2003,2.365
4/22/2003,2.37
4/23/2003,2.375
4/24/2003,2.35
4/25/2003,2.32
4/28/2003,2.295
4/29/2003,2.295
4/30/2003,2.3
5/1/2003,2.305
5/2/2003,2.305
5/5/2003,2.36
5/6/2003,2.365
5/7/2003,2.415
5/8/2003,2.41
5/9/2003,2.49
5/12/2003,2.47
5/13/2003,2.475
5/14/2003,2.455
5/15/2003,2.505
5/16/2003,2.47
5/19/2003,2.39
5/20/2003,2.405
5/21/2003,2.39
5/22/2003,2.36
5/23/2003,2.36
5/27/2003,2.355
5/28/2003,2.345
5/29/2003,2.385
5/30/2003,2.38
6/2/2003,2.37
6/3/2003,2.355
6/4/2003,2.34
6/5/2003,2.32
6/6/2003,2.35
6/9/2003,2.32
6/10/2003,2.355
6/11/2003,2.405
6/12/2003,2.435
6/13/2003,2.315
6/16/2003,2.375
6/17/2003,2.395
6/18/2003,2.42
6/19/2003,2.425
6/20/2003,2.405
6/23/2003,2.38
6/24/2003,2.38
6/25/2003,2.38
6/26/2003,2.32
6/27/2003,2.31
6/30/2003,2.265
7/1/2003,2.265
7/2/2003,2.26
7/3/2003,2.245
7/7/2003,2.225
7/8/2003,2.265
7/9/2003,2.24
7/10/2003,2.18
7/11/2003,2.16
7/14/2003,2.15
7/15/2003,2.1
7/16/2003,2.095
7/17/2003,2.085
7/18/2003,2.075
7/21/2003,2.1
7/22/2003,2.105
7/23/2003,2.06
7/24/2003,2.05
7/25/2003,2.045
7/28/2003,2.075
7/29/2003,2.07
7/30/2003,2.04
7/31/2003,2.02
8/1/2003,2.015
8/4/2003,2.03
8/5/2003,2.04
8/6/2003,2.06
8/7/2003,2.065
8/8/2003,2.07
8/11/2003,2.04
8/12/2003,2.13
8/13/2003,2.125
8/14/2003,2.135
8/15/2003,2.145
8/18/2003,2.235
8/19/2003,2.19
8/20/2003,2.235
8/21/2003,2.205
8/22/2003,2.23
8/25/2003,2.245
8/26/2003,2.26
8/27/2003,2.265
8/28/2003,2.28
8/29/2003,2.3
9/2/2003,2.3
9/3/2003,2.35
9/4/2003,2.395
9/5/2003,2.31
9/8/2003,2.4
9/9/2003,2.315
9/10/2003,2.26
9/11/2003,2.16
9/12/2003,2.105
9/15/2003,2.095
9/16/2003,2.065
9/17/2003,2.045
9/18/2003,2.06
9/19/2003,2.08
9/22/2003,2.095
9/23/2003,2.04
9/24/2003,2.055
9/25/2003,2.065
9/26/2003,2.065
9/29/2003,2.06
9/30/2003,2.005
10/1/2003,2
10/2/2003,2.03
10/3/2003,2.06
10/6/2003,2.05
10/7/2003,2.065
10/8/2003,2.055
10/9/2003,2.07
10/10/2003,2.02
10/13/2003,2.03
10/14/2003,2.055
10/15/2003,2.035
10/16/2003,2.02
10/17/2003,2.01
10/20/2003,2.015
10/21/2003,2.025
10/22/2003,2.065
10/23/2003,2.215
10/24/2003,2.2
10/27/2003,2.185
10/28/2003,2.265
10/29/2003,2.33
10/30/2003,2.34
10/31/2003,2.34
11/3/2003,2.27
11/4/2003,2.19
11/5/2003,2.23
11/6/2003,2.22
11/7/2003,2.23
11/10/2003,2.22
11/11/2003,2.235
11/12/2003,2.28
11/13/2003,2.29
11/14/2003,2.29
11/17/2003,2.27
11/18/2003,2.255
11/19/2003,2.21
11/20/2003,2.28
11/21/2003,2.285
11/24/2003,2.28
11/25/2003,2.32
11/26/2003,2.32
11/28/2003,2.355
12/1/2003,2.375
12/2/2003,2.365
12/3/2003,2.405
12/4/2003,2.39
12/5/2003,2.38
12/8/2003,2.36
12/9/2003,2.38
12/10/2003,2.38
12/11/2003,2.41
12/12/2003,2.41
12/15/2003,2.435
12/16/2003,2.415
12/17/2003,2.415
12/18/2003,2.385
12/19/2003,2.39
12/22/2003,2.355
12/23/2003,2.335
12/24/2003,2.26
12/26/2003,2.26
12/29/2003,2.335
12/30/2003,2.335
12/31/2003,2.355
1/2/2004,2.43
1/5/2004,2.43
1/6/2004,2.415
1/7/2004,2.385
1/8/2004,2.4
1/9/2004,2.395
1/12/2004,2.515
1/13/2004,2.525
1/14/2004,2.515
1/15/2004,2.505
1/16/2004,2.545
1/20/2004,2.57
1/21/2004,2.6
1/22/2004,2.6
1/23/2004,2.61
1/26/2004,2.65
1/27/2004,2.595
1/28/2004,2.56
1/29/2004,2.56
1/30/2004,2.625
2/2/2004,2.575
2/3/2004,2.59
2/4/2004,2.575
2/5/2004,2.52
2/6/2004,2.655
2/9/2004,2.71
2/10/2004,2.675
2/11/2004,2.73
2/12/2004,2.705
2/13/2004,2.725
2/17/2004,2.745
2/18/2004,2.71
2/19/2004,2.77
2/20/2004,2.77
2/23/2004,2.785
2/24/2004,2.805
2/25/2004,2.825
2/26/2004,2.875
2/27/2004,2.875
3/1/2004,2.895
3/2/2004,2.805
3/3/2004,2.825
3/4/2004,2.805
3/5/2004,2.815
3/8/2004,2.77
3/9/2004,2.86
3/10/2004,2.825
3/11/2004,2.84
3/12/2004,2.86
3/15/2004,2.925
3/16/2004,2.9
3/17/2004,2.935
3/18/2004,2.945
3/19/2004,2.945
3/22/2004,3
3/23/2004,2.97
3/24/2004,2.915
3/25/2004,2.89
3/26/2004,2.985
3/29/2004,2.88
3/30/2004,2.95
3/31/2004,3.025
4/1/2004,3.07
4/2/2004,3.125
4/5/2004,3.11
4/6/2004,3.085
4/7/2004,3.125
4/8/2004,3.145
4/12/2004,3.08
4/13/2004,2.99
4/14/2004,3.03
4/15/2004,2.94
4/16/2004,3.02
4/19/2004,3
4/20/2004,2.98
4/21/2004,2.925
4/22/2004,2.925
4/23/2004,2.935
4/26/2004,2.915
4/27/2004,2.94
4/28/2004,2.985
4/29/2004,3.045
4/30/2004,3.065
5/3/2004,3.085
5/4/2004,3.09
5/5/2004,3.065
5/6/2004,2.98
5/7/2004,2.97
5/10/2004,2.85
5/11/2004,2.855
5/12/2004,2.845
5/13/2004,2.84
5/14/2004,2.805
5/17/2004,2.84
5/18/2004,2.805
5/19/2004,2.855
5/20/2004,2.81
5/21/2004,2.79
5/24/2004,2.85
5/25/2004,2.935
5/26/2004,2.905
5/27/2004,2.885
5/28/2004,2.935
6/1/2004,3.12
6/2/2004,3.115
6/3/2004,3
6/4/2004,2.96
6/7/2004,2.9725
6/8/2004,2.85
6/9/2004,2.865
6/10/2004,2.75
6/14/2004,2.78
6/15/2004,2.69
6/16/2004,2.705
6/17/2004,2.67
6/18/2004,2.645
6/21/2004,2.63
6/22/2004,2.575
6/23/2004,2.725
6/24/2004,2.655
6/25/2004,2.645
6/28/2004,2.605
6/29/2004,2.58
6/30/2004,2.485
7/1/2004,2.61
7/2/2004,2.48
7/6/2004,2.455
7/7/2004,2.445
7/8/2004,2.39
7/9/2004,2.365
7/12/2004,2.355
7/13/2004,2.34
7/14/2004,2.35
7/15/2004,2.31
7/16/2004,2.27
7/19/2004,2.25
7/20/2004,2.225
7/21/2004,2.145
7/22/2004,2.075
7/23/2004,2.135
7/26/2004,2.12
7/27/2004,2.11
7/28/2004,2.065
7/29/2004,2.06
7/30/2004,2.05
8/2/2004,2.06
8/3/2004,2.07
8/4/2004,2.085
8/5/2004,2.125
8/6/2004,2.1
8/9/2004,2.155
8/10/2004,2.1
8/11/2004,2.1
8/12/2004,2.085
8/13/2004,2.065
8/16/2004,2.155
8/17/2004,2.21
8/18/2004,2.18
8/19/2004,2.22
8/20/2004,2.235
8/23/2004,2.265
8/24/2004,2.25
8/25/2004,2.23
8/26/2004,2.205
8/27/2004,2.17
8/30/2004,2.22
8/31/2004,2.25
9/1/2004,2.305
9/2/2004,2.245
9/3/2004,2.175
9/7/2004,2.145
9/8/2004,2.145
9/9/2004,2.12
9/10/2004,2.04
9/13/2004,2.04
9/14/2004,1.995
9/15/2004,2.01
9/16/2004,1.97
9/17/2004,1.965
9/20/2004,1.91
9/21/2004,1.91
9/22/2004,1.91
9/23/2004,1.82
9/24/2004,1.785
9/27/2004,1.81
9/28/2004,1.805
9/29/2004,1.78
9/30/2004,1.76
10/1/2004,1.775
10/4/2004,1.735
10/5/2004,1.75
10/6/2004,1.78
10/7/2004,1.77
10/8/2004,1.755
10/11/2004,1.755
10/12/2004,1.725
10/13/2004,1.75
10/14/2004,1.765
10/15/2004,1.775
10/18/2004,1.775
10/19/2004,1.81
10/20/2004,1.8
10/21/2004,1.775
10/22/2004,1.72
10/25/2004,1.75
10/26/2004,1.79
10/27/2004,1.8
10/28/2004,1.785
10/29/2004,1.74
11/1/2004,1.72
11/2/2004,1.72
11/3/2004,1.705
11/4/2004,1.695
11/5/2004,1.73
11/8/2004,1.75
11/9/2004,1.75
11/10/2004,1.735
11/11/2004,1.735
11/12/2004,1.81
11/15/2004,1.815
11/16/2004,1.835
11/17/2004,1.875
11/18/2004,1.87
11/19/2004,1.825
11/22/2004,1.83
11/23/2004,1.82
11/24/2004,1.855
11/25/2004,1.9985
11/26/2004,1.855
11/29/2004,1.85
11/30/2004,1.845
12/1/2004,1.835
12/2/2004,1.895
12/3/2004,1.875
12/6/2004,1.91
12/7/2004,1.85
12/8/2004,1.85
12/9/2004,1.845
12/10/2004,1.83
12/13/2004,1.86
12/14/2004,1.86
12/15/2004,1.845
12/16/2004,1.845
12/17/2004,1.855
12/20/2004,1.875
12/21/2004,1.87
12/22/2004,1.865
12/23/2004,1.87
12/24/2004,2.07
12/27/2004,1.89
12/28/2004,1.91
12/29/2004,1.865
12/30/2004,1.885
12/31/2004,1.885
1/3/2005,1.855
1/4/2005,1.865
1/5/2005,1.865
1/6/2005,1.935
1/7/2005,1.91
1/10/2005,1.91
1/11/2005,1.915
1/12/2005,1.85
1/13/2005,1.85
1/14/2005,1.81
1/18/2005,1.805
1/19/2005,1.83
1/20/2005,1.845
1/21/2005,1.835
1/24/2005,1.845
1/25/2005,1.86
1/26/2005,1.86
1/27/2005,1.82
1/28/2005,1.82
1/31/2005,1.835
2/1/2005,1.84
2/2/2005,1.83
2/3/2005,1.78
2/4/2005,1.81
2/7/2005,1.82
2/8/2005,1.81
2/9/2005,1.815
2/10/2005,1.85
2/11/2005,1.845
2/14/2005,1.865
2/15/2005,1.86
2/16/2005,1.83
2/17/2005,1.845
2/18/2005,1.87
2/22/2005,1.935
2/23/2005,1.91
2/24/2005,1.91
2/25/2005,1.965
2/28/2005,1.96
3/1/2005,1.935
3/2/2005,1.96
3/3/2005,1.935
3/4/2005,1.945
3/7/2005,1.91
3/8/2005,1.925
3/9/2005,1.95
3/10/2005,1.99
3/11/2005,2.02
3/14/2005,1.985
3/15/2005,2.055
3/16/2005,2.025
3/17/2005,2.02
3/18/2005,1.99
3/21/2005,1.95
3/22/2005,1.97
3/23/2005,1.92
3/24/2005,1.925
3/28/2005,1.96
3/29/2005,1.99
3/30/2005,1.97
3/31/2005,1.96
4/1/2005,1.97
4/4/2005,1.94
4/5/2005,1.88
4/6/2005,1.9
4/7/2005,1.9
4/8/2005,1.88
4/11/2005,1.91
4/12/2005,1.925
4/13/2005,1.92
4/14/2005,1.93
4/15/2005,1.92
4/18/2005,1.895
4/19/2005,1.97
4/20/2005,1.985
4/21/2005,1.985
4/22/2005,1.98
4/25/2005,1.995
4/26/2005,1.995
4/27/2005,1.955
4/28/2005,1.925
4/29/2005,1.925
5/2/2005,1.885
5/3/2005,1.875
5/4/2005,1.86
5/5/2005,1.88
5/6/2005,1.88
5/9/2005,1.9
5/10/2005,1.89
5/11/2005,1.885
5/12/2005,1.86
5/13/2005,1.855
5/16/2005,1.885
5/17/2005,1.9
5/18/2005,1.945
5/19/2005,1.92
5/20/2005,1.945
5/23/2005,2.025
5/24/2005,1.995
5/25/2005,1.995
5/26/2005,2.03
5/27/2005,2
5/31/2005,2.01
6/1/2005,2.035
6/2/2005,1.965
6/3/2005,1.985
6/6/2005,2
6/7/2005,1.99
6/8/2005,1.95
6/9/2005,1.95
6/10/2005,1.895
6/13/2005,1.94
6/14/2005,1.94
6/15/2005,2.025
6/16/2005,2.045
6/17/2005,2.08
6/20/2005,2.145
6/21/2005,2.125
6/22/2005,2.115
6/23/2005,2.085
6/24/2005,2.14
6/27/2005,2.035
6/28/2005,2.01
6/29/2005,2.005
6/30/2005,1.96
7/1/2005,2.005
7/5/2005,2.145
7/6/2005,2.16
7/7/2005,2.195
7/8/2005,2.13
7/11/2005,2.145
7/12/2005,2.15
7/13/2005,2.25
7/14/2005,2.3
7/15/2005,2.375
7/18/2005,2.395
7/19/2005,2.3
7/20/2005,2.225
7/21/2005,2.145
7/22/2005,2.145
7/25/2005,2.115
7/26/2005,2.165
7/27/2005,2.18
7/28/2005,2.21
7/29/2005,2.155
8/1/2005,2.115
8/2/2005,2.115
8/3/2005,2.06
8/4/2005,2.045
8/5/2005,2.01
8/8/2005,2.02
8/9/2005,1.995
8/10/2005,2.05
8/11/2005,2.065
8/12/2005,2
8/15/2005,1.93
8/16/2005,1.905
8/17/2005,1.935
8/18/2005,1.955
8/19/2005,1.95
8/22/2005,1.975
8/23/2005,1.945
8/24/2005,1.93
8/25/2005,1.89
8/26/2005,1.87
8/29/2005,1.89
8/30/2005,1.875
8/31/2005,1.855
9/1/2005,1.905
9/2/2005,1.87
9/6/2005,1.83
9/7/2005,1.865
9/8/2005,1.83
9/9/2005,1.825
9/12/2005,1.77
9/13/2005,1.75
9/14/2005,1.725
9/15/2005,1.71
9/16/2005,1.69
9/19/2005,1.69
9/20/2005,1.7
9/21/2005,1.7
9/22/2005,1.71
9/23/2005,1.705
9/26/2005,1.675
9/27/2005,1.665
9/28/2005,1.67
9/29/2005,1.665
9/30/2005,1.675
10/3/2005,1.705
10/4/2005,1.67
10/5/2005,1.665
10/6/2005,1.665
10/7/2005,1.65
10/10/2005,1.66
10/11/2005,1.652
10/12/2005,1.685
10/13/2005,1.675
10/14/2005,1.67
10/17/2005,1.67
10/18/2005,1.635
10/19/2005,1.645
10/20/2005,1.665
10/21/2005,1.675
10/24/2005,1.68
10/25/2005,1.67
10/26/2005,1.665
10/27/2005,1.675
10/28/2005,1.675
10/31/2005,1.695
11/1/2005,1.7
11/2/2005,1.7
11/3/2005,1.705
11/4/2005,1.705
11/7/2005,1.705
11/8/2005,1.74
11/9/2005,1.735
11/10/2005,1.73
11/11/2005,1.765
11/14/2005,1.795
11/15/2005,1.78
11/16/2005,1.755
11/17/2005,1.76
11/18/2005,1.755
11/21/2005,1.76
11/22/2005,1.745
11/23/2005,1.76
11/25/2005,1.76
11/28/2005,1.755
11/29/2005,1.74
11/30/2005,1.76
12/1/2005,1.785
12/2/2005,1.78
12/5/2005,1.83
12/6/2005,1.805
12/7/2005,1.79
12/8/2005,1.81
12/9/2005,1.835
12/12/2005,1.885
12/13/2005,1.895
12/14/2005,1.87
12/15/2005,1.83
12/16/2005,1.885
12/19/2005,1.9
12/20/2005,1.94
12/21/2005,1.94
12/22/2005,1.97
12/23/2005,1.98
12/27/2005,1.995
12/28/2005,1.995
12/29/2005,1.95
12/30/2005,2
1/3/2006,2.04
1/4/2006,2.02
1/5/2006,1.955
1/6/2006,1.975
1/9/2006,1.945
1/10/2006,1.97
1/11/2006,1.975
1/12/2006,1.97
1/13/2006,1.97
1/17/2006,1.925
1/18/2006,1.905
1/19/2006,1.895
1/20/2006,1.9
1/23/2006,1.935
1/24/2006,1.89
1/25/2006,2.015
1/26/2006,2.015
1/27/2006,2.03
1/30/2006,2.01
1/31/2006,2.03
2/1/2006,2.01
2/2/2006,2.045
2/3/2006,2.075
2/6/2006,2.055
2/7/2006,2.005
2/8/2006,2.035
2/9/2006,2.08
2/10/2006,2.035
2/13/2006,2.035
2/14/2006,2.035
2/15/2006,2.065
2/16/2006,2.08
2/17/2006,2.1
2/21/2006,2.085
2/22/2006,2.06
2/23/2006,2.075
2/24/2006,2.125
2/27/2006,2.115
2/28/2006,2.135
3/1/2006,2.085
3/2/2006,2.125
3/3/2006,2.14
3/6/2006,2.075
3/7/2006,2.055
3/8/2006,2.025
3/9/2006,2.07
3/10/2006,2.095
3/13/2006,2.095
3/14/2006,2.05
3/15/2006,2.03
3/16/2006,2
3/17/2006,1.97
3/20/2006,1.945
3/21/2006,2
3/22/2006,2
3/23/2006,1.98
3/24/2006,1.975
3/27/2006,2.01
3/28/2006,2.01
3/29/2006,2.035
3/30/2006,2.07
3/31/2006,2.155
4/3/2006,2.16
4/4/2006,2.14
4/5/2006,2.16
4/6/2006,2.215
4/7/2006,2.23
4/10/2006,2.215
4/11/2006,2.235
4/12/2006,2.175
4/13/2006,2.165
4/17/2006,2.17
4/18/2006,2.2
4/19/2006,2.195
4/20/2006,2.175
4/21/2006,2.175
4/24/2006,2.15
4/25/2006,2.145
4/26/2006,2.16
4/27/2006,2.155
4/28/2006,2.215
5/1/2006,2.22
5/2/2006,2.17
5/3/2006,2.165
5/4/2006,2.125
5/5/2006,2.145
5/8/2006,2.11
5/9/2006,2.12
5/10/2006,2.15
5/11/2006,2.19
5/12/2006,2.26
5/15/2006,2.31
5/16/2006,2.305
5/17/2006,2.345
5/18/2006,2.32
5/19/2006,2.24
5/22/2006,2.275
5/23/2006,2.23
5/24/2006,2.195
5/25/2006,2.23
5/26/2006,2.24
5/30/2006,2.25
5/31/2006,2.225
6/1/2006,2.26
6/2/2006,2.31
6/5/2006,2.25
6/6/2006,2.225
6/7/2006,2.235
6/8/2006,2.19
6/9/2006,2.165
6/12/2006,2.215
6/13/2006,2.185
6/14/2006,2.145
6/15/2006,2.125
6/16/2006,2.17
6/19/2006,2.09
6/20/2006,2.085
6/21/2006,2.13
6/22/2006,2.095
6/23/2006,2.08
6/26/2006,2.04
6/27/2006,2.06
6/28/2006,2.075
6/29/2006,2.1
6/30/2006,2.155
7/3/2006,2.23
7/5/2006,2.19
7/6/2006,2.245
7/7/2006,2.205
7/10/2006,2.285
7/11/2006,2.375
7/12/2006,2.435
7/13/2006,2.335
7/14/2006,2.345
7/17/2006,2.275
7/18/2006,2.21
7/19/2006,2.18
7/20/2006,2.155
7/21/2006,2.1
7/24/2006,2.12
7/25/2006,2.13
7/26/2006,2.09
7/27/2006,2.115
7/28/2006,2.1
7/31/2006,2.13
8/1/2006,2.13
8/2/2006,2.185
8/3/2006,2.18
8/4/2006,2.18
8/7/2006,2.125
8/8/2006,2.09
8/9/2006,2.12
8/10/2006,2.11
8/11/2006,1.98
8/14/2006,1.955
8/15/2006,1.98
8/16/2006,1.985
8/17/2006,1.96
8/18/2006,1.955
8/21/2006,1.985
8/22/2006,1.98
8/23/2006,2.045
8/24/2006,2.085
8/25/2006,2.07
8/28/2006,2.065
8/29/2006,2.05
8/30/2006,2.105
8/31/2006,2.145
9/1/2006,2.13
9/5/2006,2.11
9/6/2006,2.1
9/7/2006,2.155
9/8/2006,2.15
9/11/2006,2.13
9/12/2006,2.09
9/13/2006,2.105
9/14/2006,2.105
9/15/2006,2.175
9/18/2006,2.215
9/19/2006,2.2
9/20/2006,2.235
9/21/2006,2.31
9/22/2006,2.3
9/25/2006,2.3
9/26/2006,2.34
9/27/2006,2.29
9/28/2006,2.39
9/29/2006,2.375
10/2/2006,2.42
10/3/2006,2.38
10/4/2006,2.49
10/5/2006,2.47
10/6/2006,2.47
10/9/2006,2.665
10/10/2006,2.535
10/11/2006,2.625
10/12/2006,2.755
10/13/2006,2.92
10/16/2006,2.96
10/17/2006,3
10/18/2006,2.955
10/19/2006,2.955
10/20/2006,2.93
10/23/2006,2.99
10/24/2006,3.05
10/25/2006,3.075
10/26/2006,3.085
10/27/2006,3.145
10/30/2006,3.125
10/31/2006,3.05
11/1/2006,3.175
11/2/2006,3.29
11/3/2006,3.26
11/6/2006,3.325
11/7/2006,3.41
11/8/2006,3.49
11/9/2006,3.395
11/10/2006,3.325
11/13/2006,3.305
11/14/2006,3.45
11/15/2006,3.46
11/16/2006,3.385
11/17/2006,3.42
11/20/2006,3.47
11/21/2006,3.475
11/22/2006,3.505
11/24/2006,3.505
11/27/2006,3.6
11/28/2006,3.68
11/29/2006,3.61
11/30/2006,3.57
12/1/2006,3.57
12/4/2006,3.53
12/5/2006,3.545
12/6/2006,3.44
12/7/2006,3.5
12/8/2006,3.455
12/11/2006,3.495
12/12/2006,3.505
12/13/2006,3.455
12/14/2006,3.485
12/15/2006,3.455
12/18/2006,3.425
12/19/2006,3.505
12/20/2006,3.485
12/21/2006,3.53
12/22/2006,3.59
12/26/2006,3.63
12/27/2006,3.625
12/28/2006,3.64
12/29/2006,3.65
1/2/2007,3.9025
1/3/2007,3.455
1/4/2007,3.4
1/5/2007,3.445
1/8/2007,3.395
1/9/2007,3.33
1/10/2007,3.375
1/11/2007,3.52
1/12/2007,3.7
1/16/2007,3.765
1/17/2007,3.83
1/18/2007,3.85
1/19/2007,3.8
1/22/2007,3.79
1/23/2007,3.85
1/24/2007,3.765
1/25/2007,3.825
1/26/2007,3.81
1/29/2007,3.755
1/30/2007,3.82
1/31/2007,3.8
2/1/2007,3.75
2/2/2007,3.79
2/5/2007,3.79
2/6/2007,3.76
2/7/2007,3.715
2/8/2007,3.8
2/9/2007,3.855
2/12/2007,3.845
2/13/2007,3.845
2/14/2007,3.87
2/15/2007,3.875
2/16/2007,3.96
2/20/2007,3.975
2/21/2007,4.06
2/22/2007,4.125
2/23/2007,4.08
2/26/2007,4.035
2/27/2007,3.89
2/28/2007,4.025
3/1/2007,3.95
3/2/2007,3.885
3/5/2007,3.965
3/6/2007,3.915
3/7/2007,3.95
3/8/2007,3.915
3/9/2007,3.875
3/12/2007,3.77
3/13/2007,3.76
3/14/2007,3.745
3/15/2007,3.66
3/16/2007,3.695
3/19/2007,3.68
3/20/2007,3.75
3/21/2007,3.79
3/22/2007,3.795
3/23/2007,3.73
3/26/2007,3.605
3/27/2007,3.615
3/28/2007,3.575
3/29/2007,3.63
3/30/2007,3.405
4/2/2007,3.25
4/3/2007,3.16
4/4/2007,3.295
4/5/2007,3.36
4/9/2007,3.345
4/10/2007,3.425
4/11/2007,3.345
4/12/2007,3.33
4/13/2007,3.415
4/16/2007,3.375
4/17/2007,3.275
4/18/2007,3.37
4/19/2007,3.445
4/20/2007,3.35
4/23/2007,3.295
4/24/2007,3.4
4/25/2007,3.51
4/26/2007,3.445
4/27/2007,3.435
4/30/2007,3.385
5/1/2007,3.505
5/2/2007,3.57
5/3/2007,3.64
5/4/2007,3.56
5/7/2007,3.54
5/8/2007,3.335
5/9/2007,3.415
5/10/2007,3.31
5/11/2007,3.46
5/14/2007,3.405
5/15/2007,3.48
5/16/2007,3.54
5/17/2007,3.51
5/18/2007,3.49
5/21/2007,3.59
5/22/2007,3.47
5/23/2007,3.46
5/24/2007,3.56
5/25/2007,3.565
5/29/2007,3.475
5/30/2007,3.665
5/31/2007,3.785
6/1/2007,3.765
6/4/2007,3.72
6/5/2007,3.67
6/6/2007,3.62
6/7/2007,3.72
6/8/2007,3.695
6/11/2007,3.835
6/12/2007,3.805
6/13/2007,3.92
6/14/2007,3.98
6/15/2007,4.07
6/18/2007,4.03
6/19/2007,3.83
6/20/2007,3.815
6/21/2007,3.72
6/22/2007,3.55
6/25/2007,3.435
6/26/2007,3.42
6/27/2007,3.295
6/28/2007,3.24
6/29/2007,3.15
7/2/2007,3.16
7/3/2007,3.055
7/5/2007,3.095
7/6/2007,3.2
7/9/2007,3.17
7/10/2007,3.22
7/11/2007,3.2
7/12/2007,3.49
7/13/2007,3.3
7/16/2007,3.07
7/17/2007,3.025
7/18/2007,3.015
7/19/2007,2.935
7/20/2007,2.87
7/23/2007,2.82
7/24/2007,2.83
7/25/2007,2.835
7/26/2007,2.845
7/27/2007,2.885
7/30/2007,2.92
7/31/2007,2.94
8/1/2007,2.885
8/2/2007,2.925
8/3/2007,2.985
8/6/2007,3
8/7/2007,3.095
8/8/2007,3.165
8/9/2007,3.09
8/10/2007,3.09
8/13/2007,3.06
8/14/2007,3.055
8/15/2007,3.06
8/16/2007,3.01
8/17/2007,3.08
8/20/2007,3.105
8/21/2007,3.19
8/22/2007,3.28
8/23/2007,3.24
8/24/2007,3.205
8/27/2007,3.135
8/28/2007,3.07
8/29/2007,3.01
8/30/2007,3.005
8/31/2007,2.995
9/4/2007,3.06
9/5/2007,3.04
9/6/2007,2.975
9/7/2007,3.045
9/10/2007,3.035
9/11/2007,2.985
9/12/2007,3.115
9/13/2007,3.015
9/14/2007,3.035
9/17/2007,3.065
9/18/2007,3.065
9/19/2007,3.12
9/20/2007,3.225
9/21/2007,3.305
9/24/2007,3.285
9/25/2007,3.28
9/26/2007,3.34
9/27/2007,3.46
9/28/2007,3.33
10/1/2007,3.29
10/2/2007,3.09
10/3/2007,3.07
10/4/2007,3.05
10/5/2007,3.05
10/8/2007,3.02
10/9/2007,3.065
10/10/2007,3.145
10/11/2007,3.13
10/12/2007,3.205
10/15/2007,3.315
10/16/2007,3.32
10/17/2007,3.295
10/18/2007,3.385
10/19/2007,3.42
10/22/2007,3.36
10/23/2007,3.345
10/24/2007,3.305
10/25/2007,3.415
10/26/2007,3.47
10/29/2007,3.565
10/30/2007,3.535
10/31/2007,3.59
11/1/2007,3.525
11/2/2007,3.615
11/5/2007,3.61
11/6/2007,3.7
11/7/2007,3.68
11/8/2007,3.72
11/9/2007,3.69
11/12/2007,3.62
11/13/2007,3.505
11/14/2007,3.675
11/15/2007,3.58
11/16/2007,3.63
11/19/2007,3.61
11/20/2007,3.645
11/21/2007,3.66
11/23/2007,3.66
11/26/2007,3.715
11/27/2007,3.69
11/28/2007,3.735
11/29/2007,3.71
11/30/2007,3.72
12/3/2007,3.74
12/4/2007,3.815
12/5/2007,3.815
12/6/2007,3.825
12/7/2007,3.875
12/10/2007,3.875
12/11/2007,3.95
12/12/2007,4.045
12/13/2007,4.065
12/14/2007,4.095
12/17/2007,4.1
12/18/2007,4.035
12/19/2007,4.055
12/20/2007,4.085
12/21/2007,4.135
12/24/2007,4.135
12/26/2007,4.235
12/27/2007,4.265
12/28/2007,4.265
12/31/2007,4.255
1/2/2008,4.335
1/3/2008,4.37
1/4/2008,4.38
1/7/2008,4.38
1/8/2008,4.505
1/9/2008,4.485
1/10/2008,4.45
1/11/2008,4.61
1/14/2008,4.745
1/15/2008,4.72
1/16/2008,4.675
1/17/2008,4.665
1/18/2008,4.605
1/22/2008,4.54
1/23/2008,4.36
1/24/2008,4.565
1/25/2008,4.665
1/28/2008,4.705
1/29/2008,4.695
1/30/2008,4.695
1/31/2008,4.695
2/1/2008,4.695
2/4/2008,4.85
2/5/2008,4.825
2/6/2008,4.75
2/7/2008,4.75
2/8/2008,4.83
2/11/2008,4.785
2/12/2008,4.725
2/13/2008,4.715
2/14/2008,4.855
2/15/2008,4.89
2/19/2008,4.935
2/20/2008,4.97
2/21/2008,4.98
2/22/2008,4.955
2/25/2008,5.06
2/26/2008,5.04
2/27/2008,4.995
2/28/2008,5.175
2/29/2008,5.19
3/3/2008,5.28
3/4/2008,5.155
3/5/2008,5.295
3/6/2008,5.3
3/7/2008,5.055
3/10/2008,5.285
3/11/2008,5.34
3/12/2008,5.275
3/13/2008,5.3
3/14/2008,5.21
3/17/2008,4.945
3/18/2008,5.105
3/19/2008,4.89
3/20/2008,4.7
3/24/2008,4.905
3/25/2008,5.1
3/26/2008,5.17
3/27/2008,5.205
3/28/2008,5.26
3/31/2008,5.32
4/1/2008,5.505
4/2/2008,5.615
4/3/2008,5.655
4/4/2008,5.64
4/7/2008,5.56
4/8/2008,5.57
4/9/2008,5.69
4/10/2008,5.58
4/11/2008,5.48
4/14/2008,5.57
4/15/2008,5.7
4/16/2008,5.675
4/17/2008,5.675
4/18/2008,5.63
4/21/2008,5.44
4/22/2008,5.59
4/23/2008,5.54
4/24/2008,5.415
4/25/2008,5.435
4/28/2008,5.66
4/29/2008,5.585
4/30/2008,5.665
5/1/2008,5.725
5/2/2008,5.685
5/5/2008,5.505
5/6/2008,5.625
5/7/2008,5.695
5/8/2008,5.835
5/9/2008,5.84
5/12/2008,5.685
5/13/2008,5.615
5/14/2008,5.505
5/15/2008,5.535
5/16/2008,5.455
5/19/2008,5.42
5/20/2008,5.445
5/21/2008,5.6
5/22/2008,5.49
5/23/2008,5.53
5/27/2008,5.54
5/28/2008,5.49
5/29/2008,5.385
5/30/2008,5.555
6/2/2008,5.715
6/3/2008,5.66
6/4/2008,5.725
6/5/2008,6.025
6/6/2008,6.095
6/9/2008,6.135
6/10/2008,6.305
6/11/2008,6.615
6/12/2008,6.665
6/13/2008,6.845
6/16/2008,6.68
6/17/2008,6.955
6/18/2008,7.015
6/19/2008,6.83
6/20/2008,6.76
6/23/2008,6.79
6/24/2008,6.67
6/25/2008,6.835
6/26/2008,7.1
6/27/2008,7.11
6/30/2008,6.805
7/1/2008,6.745
7/2/2008,7.03
7/3/2008,7.03
7/7/2008,6.545
7/8/2008,6.505
7/9/2008,6.405
7/10/2008,6.335
7/11/2008,6.39
7/14/2008,6.12
7/15/2008,5.945
7/16/2008,6.045
7/17/2008,5.81
7/18/2008,5.6
7/21/2008,5.395
7/22/2008,5.24
7/23/2008,5.215
7/24/2008,5.215
7/25/2008,5.27
7/28/2008,5.32
7/29/2008,5.44
7/30/2008,5.52
7/31/2008,5.375
8/1/2008,5.15
8/4/2008,4.855
8/5/2008,4.75
8/6/2008,4.6
8/7/2008,4.725
8/8/2008,4.5
8/11/2008,4.51
8/12/2008,4.64
8/13/2008,4.94
8/14/2008,5.125
8/15/2008,4.84
8/18/2008,5.07
8/19/2008,5.2
8/20/2008,5.315
8/21/2008,5.545
8/22/2008,5.42
8/25/2008,5.355
8/26/2008,5.33
8/27/2008,5.375
8/28/2008,5.31
8/29/2008,5.345
9/2/2008,5.18
9/3/2008,5.12
9/4/2008,5.145
9/5/2008,4.99
9/8/2008,5.015
9/9/2008,4.96
9/10/2008,4.895
9/11/2008,4.87
9/12/2008,5.155
9/15/2008,5.145
9/16/2008,4.865
9/17/2008,5.095
9/18/2008,4.825
9/19/2008,4.97
9/22/2008,5.17
9/23/2008,5.185
9/24/2008,5.22
9/25/2008,5.17
9/26/2008,4.955
9/29/2008,4.62
9/30/2008,4.41
10/1/2008,4.37
10/2/2008,4.07
10/3/2008,4.07
10/6/2008,3.725
10/7/2008,3.73
10/8/2008,3.835
10/9/2008,3.945
10/10/2008,3.495
10/13/2008,3.685
10/14/2008,3.67
10/15/2008,3.415
10/16/2008,3.37
10/17/2008,3.57
10/20/2008,3.735
10/21/2008,3.725
10/22/2008,3.47
10/23/2008,3.515
10/24/2008,3.33
10/27/2008,3.46
10/28/2008,3.515
10/29/2008,3.825
10/30/2008,3.725
10/31/2008,3.645
11/3/2008,3.655
11/4/2008,3.755
11/5/2008,3.525
11/6/2008,3.405
11/7/2008,3.385
11/10/2008,3.485
11/11/2008,3.41
11/12/2008,3.375
11/13/2008,3.47
11/14/2008,3.5
11/17/2008,3.56
11/18/2008,3.5
11/19/2008,3.49
11/20/2008,3.34
11/21/2008,3.06
11/24/2008,3.215
11/25/2008,3.215
11/26/2008,3.25
11/28/2008,3.215
12/1/2008,3.08
12/2/2008,3.08
12/3/2008,3.095
12/4/2008,2.97
12/5/2008,2.72
12/8/2008,2.91
12/9/2008,2.89
12/10/2008,3.03
12/11/2008,3.175
12/12/2008,3.4
12/15/2008,3.415
12/16/2008,3.605
12/17/2008,3.555
12/18/2008,3.57
12/19/2008,3.515
12/22/2008,3.525
12/23/2008,3.69
12/24/2008,3.68
12/26/2008,3.68
12/29/2008,3.635
12/30/2008,3.755
12/31/2008,3.785
1/2/2009,3.835
1/5/2009,3.815
1/6/2009,3.98
1/7/2009,3.84
1/8/2009,3.76
1/9/2009,3.78
1/12/2009,3.43
1/13/2009,3.315
1/14/2009,3.355
1/15/2009,3.335
1/16/2009,3.61
1/20/2009,3.555
1/21/2009,3.615
1/22/2009,3.59
1/23/2009,3.62
1/26/2009,3.65
1/27/2009,3.5
1/28/2009,3.57
1/29/2009,3.55
1/30/2009,3.53
2/2/2009,3.455
2/3/2009,3.365
2/4/2009,3.375
2/5/2009,3.525
2/6/2009,3.605
2/9/2009,3.605
2/10/2009,3.605
2/11/2009,3.515
2/12/2009,3.48
2/13/2009,3.46
2/17/2009,3.33
2/18/2009,3.325
2/19/2009,3.395
2/20/2009,3.39
2/23/2009,3.41
2/24/2009,3.44
2/25/2009,3.53
2/26/2009,3.515
2/27/2009,3.405
3/2/2009,3.305
3/3/2009,3.31
3/4/2009,3.31
3/5/2009,3.395
3/6/2009,3.425
3/9/2009,3.455
3/10/2009,3.56
3/11/2009,3.465
3/12/2009,3.65
3/13/2009,3.67
3/16/2009,3.69
3/17/2009,3.6
3/18/2009,3.6
3/19/2009,3.74
3/20/2009,3.74
3/23/2009,3.72
3/24/2009,3.7
3/25/2009,3.625
3/26/2009,3.625
3/27/2009,3.682
3/30/2009,3.665
3/31/2009,3.6755
4/1/2009,3.85
4/2/2009,3.825
4/3/2009,3.84
4/6/2009,3.85
4/7/2009,3.765
4/8/2009,3.775
4/9/2009,3.71
4/13/2009,3.69
4/14/2009,3.755
4/15/2009,3.66
4/16/2009,3.68
4/17/2009,3.58
4/20/2009,3.52
4/21/2009,3.57
4/22/2009,3.56
4/23/2009,3.645
4/24/2009,3.61
4/27/2009,3.565
4/28/2009,3.6
4/29/2009,3.79
4/30/2009,3.815
5/1/2009,3.9
5/4/2009,3.815
5/5/2009,3.815
5/6/2009,3.83
5/7/2009,3.885
5/8/2009,3.975
5/11/2009,3.965
5/12/2009,4.02
5/13/2009,4.015
5/14/2009,4.025
5/15/2009,3.92
5/18/2009,3.965
5/19/2009,4.01
5/20/2009,4.04
5/21/2009,4.015
5/22/2009,4.015
5/26/2009,4.06
5/27/2009,4.025
5/28/2009,4.085
5/29/2009,4.16
6/1/2009,4.255
6/2/2009,4.295
6/3/2009,4.125
6/4/2009,4.3
6/5/2009,4.245
6/8/2009,4.165
6/9/2009,4.255
6/10/2009,4.18
6/11/2009,4.23
6/12/2009,4.085
6/15/2009,3.885
6/16/2009,3.875
6/17/2009,3.945
6/18/2009,3.915
6/19/2009,3.915
6/22/2009,3.745
6/23/2009,3.785
6/24/2009,3.765
6/25/2009,3.725
6/26/2009,3.735
6/29/2009,3.735
6/30/2009,3.38
7/1/2009,3.4
7/2/2009,3.295
7/6/2009,3.21
7/7/2009,3.215
7/8/2009,3.2
7/9/2009,3.25
7/10/2009,3.235
7/13/2009,3.295
7/14/2009,3.365
7/15/2009,3.265
7/16/2009,3.145
7/17/2009,3.18
7/20/2009,3.195
7/21/2009,3.09
7/22/2009,3.055
7/23/2009,3.22
7/24/2009,3.11
7/27/2009,3.175
7/28/2009,3.175
7/29/2009,3.165
7/30/2009,3.275
7/31/2009,3.345
8/3/2009,3.515
8/4/2009,3.48
8/5/2009,3.405
8/6/2009,3.405
8/7/2009,3.15
8/10/2009,3.175
8/11/2009,3.175
8/12/2009,3.19
8/13/2009,3.19
8/14/2009,3.14
8/17/2009,3.09
8/18/2009,3.09
8/19/2009,3.14
8/20/2009,3.12
8/21/2009,3.145
8/24/2009,3.245
8/25/2009,3.16
8/26/2009,3.14
8/27/2009,3.165
8/28/2009,3.16
8/31/2009,3.18
9/1/2009,3.075
9/2/2009,3.035
9/3/2009,3.02
9/4/2009,2.915
9/8/2009,2.925
9/9/2009,2.695
9/10/2009,3.005
9/11/2009,3.0505
9/14/2009,3.01
9/15/2009,3.29
9/16/2009,3.195
9/17/2009,3.125
9/18/2009,3.01
9/21/2009,2.99
9/22/2009,3.09
9/23/2009,3.145
9/24/2009,3.21
9/25/2009,3.18
9/28/2009,3.235
9/29/2009,3.245
9/30/2009,3.275
10/1/2009,3.22
10/2/2009,3.155
10/5/2009,3.225
10/6/2009,3.395
10/7/2009,3.42
10/8/2009,3.465
10/9/2009,3.44
10/12/2009,3.63
10/13/2009,3.655
10/14/2009,3.665
10/15/2009,3.545
10/16/2009,3.535
10/19/2009,3.67
10/20/2009,3.67
10/21/2009,3.78
10/22/2009,3.83
10/23/2009,3.755
10/26/2009,3.755
10/27/2009,3.48
10/28/2009,3.46
10/29/2009,3.56
10/30/2009,3.435
11/2/2009,3.6
11/3/2009,3.655
11/4/2009,3.6
11/5/2009,3.5
11/6/2009,3.41
11/9/2009,3.6
11/10/2009,3.675
11/11/2009,3.65
11/12/2009,3.635
11/13/2009,3.62
11/16/2009,3.74
11/17/2009,3.74
11/18/2009,3.695
11/19/2009,3.65
11/20/2009,3.62
11/23/2009,3.58
11/24/2009,3.48
11/25/2009,3.64
11/27/2009,3.64
11/30/2009,3.74
12/1/2009,3.71
12/2/2009,3.63
12/3/2009,3.575
12/4/2009,3.43
12/7/2009,3.385
12/8/2009,3.41
12/9/2009,3.395
12/10/2009,3.485
12/11/2009,3.605
12/14/2009,3.645
12/15/2009,3.635
12/16/2009,3.66
12/17/2009,3.535
12/18/2009,3.54
12/21/2009,3.575
12/22/2009,3.565
12/23/2009,3.625
12/24/2009,3.655
12/28/2009,3.745
12/29/2009,3.765
12/30/2009,3.74
12/31/2009,3.76
1/4/2010,3.83
1/5/2010,3.83
1/6/2010,3.845
1/7/2010,3.815
1/8/2010,3.865
1/11/2010,3.875
1/12/2010,3.53
1/13/2010,3.505
1/14/2010,3.48
1/15/2010,3.39
1/19/2010,3.37
1/20/2010,3.36
1/21/2010,3.4
1/22/2010,3.33
1/25/2010,3.33
1/26/2010,3.3
1/27/2010,3.28
1/28/2010,3.32
1/29/2010,3.285
2/1/2010,3.31
2/2/2010,3.37
2/3/2010,3.245
2/4/2010,3.27
2/5/2010,3.24
2/8/2010,3.295
2/9/2010,3.315
2/10/2010,3.36
2/11/2010,3.38
2/12/2010,3.375
2/16/2010,3.43
2/17/2010,3.365
2/18/2010,3.335
2/19/2010,3.405
2/22/2010,3.515
2/23/2010,3.48
2/24/2010,3.545
2/25/2010,3.515
2/26/2010,3.585
3/1/2010,3.54
3/2/2010,3.515
3/3/2010,3.565
3/4/2010,3.525
3/5/2010,3.445
3/8/2010,3.445
3/9/2010,3.385
3/10/2010,3.36
3/11/2010,3.355
3/12/2010,3.355
3/15/2010,3.345
3/16/2010,3.395
3/17/2010,3.445
3/18/2010,3.47
3/19/2010,3.46
3/22/2010,3.435
3/23/2010,3.35
3/24/2010,3.38
3/25/2010,3.28
3/26/2010,3.32
3/29/2010,3.335
3/30/2010,3.305
3/31/2010,3.215
4/1/2010,3.215
4/5/2010,3.23
4/6/2010,3.235
4/7/2010,3.34
4/8/2010,3.27
4/9/2010,3.27
4/12/2010,3.295
4/13/2010,3.35
4/14/2010,3.4
4/15/2010,3.45
4/16/2010,3.46
4/19/2010,3.315
4/20/2010,3.4
4/21/2010,3.45
4/22/2010,3.47
4/23/2010,3.38
4/26/2010,3.365
4/27/2010,3.31
4/28/2010,3.41
4/29/2010,3.445
4/30/2010,3.505
5/3/2010,3.47
5/4/2010,3.465
5/5/2010,3.5
5/6/2010,3.46
5/7/2010,3.48
5/10/2010,3.46
5/11/2010,3.515
5/12/2010,3.53
5/13/2010,3.48
5/14/2010,3.38
5/17/2010,3.3
5/18/2010,3.335
5/19/2010,3.33
5/20/2010,3.36
5/21/2010,3.43
5/24/2010,3.445
5/25/2010,3.38
5/26/2010,3.455
5/27/2010,3.48
5/28/2010,3.345
6/1/2010,3.295
6/2/2010,3.24
6/3/2010,3.25
6/4/2010,3.18
6/7/2010,3.15
6/8/2010,3.16
6/9/2010,3.17
6/10/2010,3.225
6/11/2010,3.28
6/14/2010,3.315
6/15/2010,3.315
6/16/2010,3.335
6/17/2010,3.34
6/18/2010,3.38
6/21/2010,3.32
6/22/2010,3.29
6/23/2010,3.24
6/24/2010,3.22
6/25/2010,3.19
6/28/2010,3.12
6/29/2010,3.025
6/30/2010,3.32
7/1/2010,3.42
7/2/2010,3.415
7/6/2010,3.375
7/7/2010,3.475
7/8/2010,3.545
7/9/2010,3.53
7/12/2010,3.495
7/13/2010,3.485
7/14/2010,3.555
7/15/2010,3.64
7/16/2010,3.66
7/19/2010,3.53
7/20/2010,3.45
7/21/2010,3.515
7/22/2010,3.485
7/23/2010,3.42
7/26/2010,3.35
7/27/2010,3.345
7/28/2010,3.475
7/29/2010,3.505
7/30/2010,3.65
8/2/2010,3.63
8/3/2010,3.615
8/4/2010,3.72
8/5/2010,3.69
8/6/2010,3.71
8/9/2010,3.695
8/10/2010,3.605
8/11/2010,3.63
8/12/2010,3.73
8/13/2010,3.79
8/16/2010,3.755
8/17/2010,3.81
8/18/2010,3.835
8/19/2010,3.825
8/20/2010,3.89
8/23/2010,3.855
8/24/2010,3.74
8/25/2010,3.74
8/26/2010,3.86
8/27/2010,3.92
8/30/2010,3.96
8/31/2010,3.935
9/1/2010,3.935
9/2/2010,4.025
9/3/2010,4.2
9/7/2010,4.25
9/8/2010,4.195
9/9/2010,4.3
9/10/2010,4.38
9/13/2010,4.42
9/14/2010,4.52
9/15/2010,4.55
9/16/2010,4.565
9/17/2010,4.565
9/20/2010,4.705
9/21/2010,4.675
9/22/2010,4.695
9/23/2010,4.65
9/24/2010,4.89
9/27/2010,4.8
9/28/2010,4.68
9/29/2010,4.75
9/30/2010,4.705
10/1/2010,4.405
10/4/2010,4.48
10/5/2010,4.675
10/6/2010,4.62
10/7/2010,4.71
10/8/2010,4.965
10/11/2010,5.245
10/12/2010,5.475
10/13/2010,5.415
10/14/2010,5.395
10/15/2010,5.355
10/18/2010,5.295
10/19/2010,5.17
10/20/2010,5.455
10/21/2010,5.39
10/22/2010,5.335
10/25/2010,5.415
10/26/2010,5.475
10/27/2010,5.54
10/28/2010,5.57
10/29/2010,5.61
11/1/2010,5.56
11/2/2010,5.55
11/3/2010,5.6
11/4/2010,5.695
11/5/2010,5.675
11/8/2010,5.65
11/9/2010,5.55
11/10/2010,5.45
11/11/2010,5.42
11/12/2010,5.12
11/15/2010,5.33
11/16/2010,5.055
11/17/2010,5.05
11/18/2010,5.225
11/19/2010,5.02
11/22/2010,4.975
11/23/2010,5.105
11/24/2010,5.215
11/26/2010,5.215
11/29/2010,5.245
11/30/2010,5.155
12/1/2010,5.39
12/2/2010,5.31
12/3/2010,5.48
12/6/2010,5.41
12/7/2010,5.3
12/8/2010,5.48
12/9/2010,5.47
12/10/2010,5.47
12/13/2010,5.65
12/14/2010,5.645
12/15/2010,5.615
12/16/2010,5.65
12/17/2010,5.74
12/20/2010,5.77
12/21/2010,5.8
12/22/2010,5.845
12/23/2010,5.845
12/27/2010,5.895
12/28/2010,5.975
12/29/2010,5.985
12/30/2010,5.905
12/31/2010,5.905
1/3/2011,5.975
1/4/2011,5.855
1/5/2011,5.95
1/6/2011,5.775
1/7/2011,5.715
1/10/2011,5.835
1/11/2011,5.835
1/12/2011,6.065
1/13/2011,6.18
1/14/2011,6.295
1/18/2011,6.33
1/19/2011,6.125
1/20/2011,6.255
1/21/2011,6.295
1/24/2011,6.275
1/25/2011,6.165
1/26/2011,6.31
1/27/2011,6.25
1/28/2011,6.18
1/31/2011,6.345
2/1/2011,6.345
2/2/2011,6.345
2/3/2011,6.36
2/4/2011,6.545
2/7/2011,6.5
2/8/2011,6.52
2/9/2011,6.73
2/10/2011,6.745
2/11/2011,6.825
2/14/2011,6.73
2/15/2011,6.65
2/16/2011,6.68
2/17/2011,6.89
2/18/2011,6.77
2/22/2011,6.525
2/23/2011,6.66
2/24/2011,6.625
2/25/2011,6.885
2/28/2011,7.05
3/1/2011,7.045
3/2/2011,6.94
3/3/2011,7.08
3/4/2011,6.975
3/7/2011,6.875
3/8/2011,6.755
3/9/2011,6.71
3/10/2011,6.53
3/11/2011,6.34
3/14/2011,6.36
3/15/2011,6
3/16/2011,5.865
3/17/2011,6.185
3/18/2011,6.545
3/21/2011,6.575
3/22/2011,6.605
3/23/2011,6.555
3/24/2011,6.775
3/25/2011,6.655
3/28/2011,6.485
3/29/2011,6.505
3/30/2011,6.505
3/31/2011,6.73
4/1/2011,7.145
4/4/2011,7.385
4/5/2011,7.465
4/6/2011,7.425
4/7/2011,7.385
4/8/2011,7.475
4/11/2011,7.565
4/12/2011,7.36
4/13/2011,7.35
4/14/2011,7.325
4/15/2011,7.21
4/18/2011,7.335
4/19/2011,7.295
4/20/2011,7.155
4/21/2011,7.175
4/25/2011,7.44
4/26/2011,7.475
4/27/2011,7.33
4/28/2011,7.365
4/29/2011,7.35
5/2/2011,7.11
5/3/2011,7.01
5/4/2011,7.075
5/5/2011,6.86
5/6/2011,6.635
5/9/2011,6.865
5/10/2011,6.865
5/11/2011,6.605
5/12/2011,6.645
5/13/2011,6.665
5/16/2011,6.81
5/17/2011,7.05
5/18/2011,7.35
5/19/2011,7.37
5/20/2011,7.485
5/23/2011,7.435
5/24/2011,7.225
5/25/2011,7.345
5/26/2011,7.38
5/27/2011,7.515
5/31/2011,7.415
6/1/2011,7.53
6/2/2011,7.605
6/3/2011,7.48
6/6/2011,7.255
6/7/2011,7.305
6/8/2011,7.585
6/9/2011,7.779
6/10/2011,7.81
6/13/2011,7.775
6/14/2011,7.495
6/15/2011,7.2
6/16/2011,6.975
6/17/2011,6.96
6/20/2011,6.985
6/21/2011,7.065
6/22/2011,6.755
6/23/2011,6.785
6/24/2011,6.68
6/27/2011,6.895
6/28/2011,6.81
6/29/2011,6.695
6/30/2011,6.615
7/1/2011,6.25
7/5/2011,6.445
7/6/2011,6.42
7/7/2011,6.48
7/8/2011,6.665
7/11/2011,6.675
7/12/2011,6.695
7/13/2011,7.13
7/14/2011,7.175
7/15/2011,7.295
7/18/2011,7.25
7/19/2011,7.315
7/20/2011,7.165
7/21/2011,7.17
7/22/2011,7.24
7/25/2011,7.13
7/26/2011,7.24
7/27/2011,7.22
7/28/2011,7.115
7/29/2011,6.95
8/1/2011,7.065
8/2/2011,7.33
8/3/2011,7.285
8/4/2011,7.205
8/5/2011,7.17
8/8/2011,6.945
8/9/2011,7.01
8/10/2011,7.02
8/11/2011,7.21
8/12/2011,7.205
8/15/2011,7.24
8/16/2011,7.29
8/17/2011,7.3
8/18/2011,7.225
8/19/2011,7.245
8/22/2011,7.355
8/23/2011,7.45
8/24/2011,7.42
8/25/2011,7.42
8/26/2011,7.625
8/29/2011,7.63
8/30/2011,7.655
8/31/2011,7.585
9/1/2011,7.265
9/2/2011,7.455
9/6/2011,7.405
9/7/2011,7.34
9/8/2011,7.19
9/9/2011,7.205
9/12/2011,7.3
9/13/2011,7.075
9/14/2011,7.08
9/15/2011,6.84
9/16/2011,6.745
9/19/2011,6.6725
9/20/2011,6.675
9/21/2011,6.665
9/22/2011,6.32
9/23/2011,6.2
9/26/2011,6.28
9/27/2011,6.345
9/28/2011,6.135
9/29/2011,6.17
9/30/2011,5.755
10/3/2011,5.755
10/4/2011,5.74
10/5/2011,5.915
10/6/2011,5.945
10/7/2011,5.9
10/10/2011,5.95
10/11/2011,6.345
10/12/2011,6.305
10/13/2011,6.28
10/14/2011,6.31
10/17/2011,6.32
10/18/2011,6.365
10/19/2011,6.61
10/20/2011,6.425
10/21/2011,6.495
10/24/2011,6.45
10/25/2011,6.445
10/26/2011,6.305
10/27/2011,6.45
10/28/2011,6.49
10/31/2011,6.41
11/1/2011,6.455
11/2/2011,6.39
11/3/2011,6.48
11/4/2011,6.505
11/7/2011,6.485
11/8/2011,6.585
11/9/2011,6.545
11/10/2011,6.44
11/11/2011,6.37
11/14/2011,6.335
11/15/2011,6.455
11/16/2011,6.425
11/17/2011,6.14
11/18/2011,6.09
11/21/2011,5.955
11/22/2011,5.965
11/23/2011,5.85
11/25/2011,5.85
11/28/2011,5.865
11/29/2011,5.93
11/30/2011,5.96
12/1/2011,5.91
12/2/2011,5.84
12/5/2011,5.795
12/6/2011,5.84
12/7/2011,5.8
12/8/2011,5.905
12/9/2011,5.845
12/12/2011,5.855
12/13/2011,5.86
12/14/2011,5.72
12/15/2011,5.795
12/16/2011,5.755
12/19/2011,5.925
12/20/2011,5.975
12/21/2011,6.06
12/22/2011,6.075
12/23/2011,6.085
12/27/2011,6.235
12/28/2011,6.3625
12/29/2011,6.28
12/30/2011,6.465
1/3/2012,6.48
1/4/2012,6.485
1/5/2012,6.335
1/6/2012,6.335
1/9/2012,6.42
1/10/2012,6.425
1/11/2012,6.42
1/12/2012,6.02
1/13/2012,5.9
1/17/2012,5.945
1/18/2012,5.86
1/19/2012,6.03
1/20/2012,6.095
1/23/2012,6.18
1/24/2012,6.29
1/25/2012,6.335
1/26/2012,6.345
1/27/2012,6.495
1/30/2012,6.32
1/31/2012,6.4
2/1/2012,6.41
2/2/2012,6.425
2/3/2012,6.435
2/6/2012,6.44
2/7/2012,6.42
2/8/2012,6.425
2/9/2012,6.675
2/10/2012,6.32
2/13/2012,6.4
2/14/2012,6.365
2/15/2012,6.27
2/16/2012,6.335
2/17/2012,6.425
2/21/2012,6.31
2/22/2012,6.38
2/23/2012,6.395
2/24/2012,6.395
2/27/2012,6.48
2/28/2012,6.57
2/29/2012,6.585
3/1/2012,6.535
3/2/2012,6.545
3/5/2012,6.695
3/6/2012,6.545
3/7/2012,6.395
3/8/2012,6.36
3/9/2012,6.455
3/12/2012,6.595
3/13/2012,6.615
3/14/2012,6.59
3/15/2012,6.65
3/16/2012,6.695
3/19/2012,6.605
3/20/2012,6.445
3/21/2012,6.39
3/22/2012,6.42
3/23/2012,6.44
3/26/2012,6.355
3/27/2012,6.28
3/28/2012,6.175
3/29/2012,6.015
3/30/2012,6.43
4/2/2012,6.55
4/3/2012,6.57
4/4/2012,6.565
4/5/2012,6.585
4/9/2012,6.505
4/10/2012,6.365
4/11/2012,6.375
4/12/2012,6.38
4/13/2012,6.29
4/16/2012,6.255
4/17/2012,6.17
4/18/2012,6.03
4/19/2012,6.215
4/20/2012,6.135
4/23/2012,6.24
4/24/2012,6.195
4/25/2012,6.13
4/26/2012,6.22
4/27/2012,6.43
4/30/2012,6.525
5/1/2012,6.475
5/2/2012,6.295
5/3/2012,6.365
5/4/2012,6.465
5/7/2012,6.465
5/8/2012,6.555
5/9/2012,6.36
5/10/2012,6.16
5/11/2012,6.08
5/14/2012,6.1
5/15/2012,6.235
5/16/2012,6.48
5/17/2012,6.545
5/18/2012,6.645
5/21/2012,6.61
5/22/2012,6.26
5/23/2012,6.295
5/24/2012,6.055
5/25/2012,6.04
5/29/2012,5.88
5/30/2012,5.85
5/31/2012,5.82
6/1/2012,5.795
6/4/2012,5.92
6/5/2012,5.93
6/6/2012,6.135
6/7/2012,6.215
6/8/2012,6.275
6/11/2012,6.215
6/12/2012,6.14
6/13/2012,6.225
6/14/2012,6.14
6/15/2012,6.175
6/18/2012,6.39
6/19/2012,6.52
6/20/2012,6.46
6/21/2012,6.09
6/22/2012,6.15
6/25/2012,6.54
6/26/2012,6.665
6/27/2012,6.69
6/28/2012,6.67
6/29/2012,6.675
7/2/2012,6.925
7/3/2012,7.135
7/5/2012,7.48
7/6/2012,7.34
7/9/2012,7.7
7/10/2012,7.525
7/11/2012,7.365
7/12/2012,7.62
7/13/2012,7.685
7/16/2012,8.03
7/17/2012,8.04
7/18/2012,8.18
7/19/2012,8.29
7/20/2012,8.395
7/23/2012,8.31
7/24/2012,8.075
7/25/2012,8.11
7/26/2012,7.95
7/27/2012,8.12
7/30/2012,8.35
7/31/2012,8.18
8/1/2012,8.13
8/2/2012,8.03
8/3/2012,8.15
8/6/2012,8.085
8/7/2012,8.025
8/8/2012,8.175
8/9/2012,8.245
8/10/2012,8.065
8/13/2012,7.91
8/14/2012,7.915
8/15/2012,8.06
8/16/2012,8.115
8/17/2012,8.13
8/20/2012,8.295
8/21/2012,8.49
8/22/2012,8.48
8/23/2012,8.27
8/24/2012,8.215
8/27/2012,8.12
8/28/2012,8.09
8/29/2012,8.27
8/30/2012,8.18
8/31/2012,8.085
9/4/2012,8.15
9/5/2012,7.995
9/6/2012,8.035
9/7/2012,8.07
9/10/2012,7.905
9/11/2012,7.87
9/12/2012,7.785
9/13/2012,7.81
9/14/2012,7.895
9/17/2012,7.545
9/18/2012,7.465
9/19/2012,7.63
9/20/2012,7.52
9/21/2012,7.525
9/24/2012,7.4825
9/25/2012,7.475
9/26/2012,7.27
9/27/2012,7.185
9/28/2012,7.58
10/1/2012,7.585
10/2/2012,7.58
10/3/2012,7.555
10/4/2012,7.55
10/5/2012,7.46
10/8/2012,7.36
10/9/2012,7.36
10/10/2012,7.31
10/11/2012,7.69
10/12/2012,7.485
10/15/2012,7.335
10/16/2012,7.36
10/17/2012,7.43
10/18/2012,7.58
10/19/2012,7.61
10/22/2012,7.59
10/23/2012,7.55
10/24/2012,7.535
10/25/2012,7.4
10/26/2012,7.35
10/29/2012,7.35
10/30/2012,7.395
10/31/2012,7.54
11/1/2012,7.515
11/2/2012,7.375
11/5/2012,7.35
11/6/2012,7.39
11/7/2012,7.425
11/8/2012,7.395
11/9/2012,7.375
11/12/2012,7.17
11/13/2012,7.22
11/14/2012,7.24
11/15/2012,7.2
11/16/2012,7.26
11/19/2012,7.375
11/20/2012,7.42
11/21/2012,7.395
11/23/2012,7.395
11/26/2012,7.455
11/27/2012,7.61
11/28/2012,7.615
11/29/2012,7.55
11/30/2012,7.49
12/3/2012,7.52
12/4/2012,7.505
12/5/2012,7.57
12/6/2012,7.52
12/7/2012,7.355
12/10/2012,7.305
12/11/2012,7.285
12/12/2012,7.24
12/13/2012,7.215
12/14/2012,7.31
12/17/2012,7.25
12/18/2012,7.2
12/19/2012,7.03
12/20/2012,6.965
12/21/2012,7.02
12/24/2012,7.02
12/26/2012,6.93
12/27/2012,6.925
12/28/2012,6.945
12/31/2012,6.945
1/2/2013,6.925
1/3/2013,6.87
1/4/2013,6.825
1/7/2013,6.85
1/8/2013,6.89
1/9/2013,6.96
1/10/2013,6.99
1/11/2013,7.09
1/14/2013,7.245
1/15/2013,7.31
1/16/2013,7.33
1/17/2013,7.27
1/18/2013,7.3
1/22/2013,7.33
1/23/2013,7.23
1/24/2013,7.28
1/25/2013,7.25
1/28/2013,7.33
1/29/2013,7.355
1/30/2013,7.46
1/31/2013,7.48
2/1/2013,7.43
2/4/2013,7.425
2/5/2013,7.375
2/6/2013,7.32
2/7/2013,7.205
2/8/2013,7.19
2/11/2013,7.2825
2/12/2013,7.2225
2/13/2013,7.205
2/14/2013,7.035
2/15/2013,7.06
2/19/2013,7.035
2/20/2013,7.1
2/21/2013,7
2/22/2013,7.005
2/25/2013,7.04
2/26/2013,7.125
2/27/2013,7.135
2/28/2013,7.215
3/1/2013,7.275
3/4/2013,7.225
3/5/2013,7.2575
3/6/2013,7.065
3/7/2013,7.1
3/8/2013,7.22
3/11/2013,7.285
3/12/2013,7.33
3/13/2013,7.285
3/14/2013,7.345
3/15/2013,7.335
3/18/2013,7.365
3/19/2013,7.475
3/20/2013,7.515
3/21/2013,7.5
3/22/2013,7.405
3/25/2013,7.475
3/26/2013,7.455
3/27/2013,7.49
3/28/2013,7.09
4/1/2013,6.57
4/2/2013,6.56
4/3/2013,6.565
4/4/2013,6.455
4/5/2013,6.445
4/8/2013,6.475
4/9/2013,6.58
4/10/2013,6.62
4/11/2013,6.615
4/12/2013,6.67
4/15/2013,6.565
4/16/2013,6.71
4/17/2013,6.685
4/18/2013,6.505
4/19/2013,6.555
4/22/2013,6.495
4/23/2013,6.415
4/24/2013,6.435
4/25/2013,6.495
4/26/2013,6.475
4/29/2013,6.85
4/30/2013,6.75
5/1/2013,6.735
5/2/2013,6.875
5/3/2013,6.885
5/6/2013,6.645
5/7/2013,6.695
5/8/2013,6.62
5/9/2013,6.795
5/10/2013,6.655
5/13/2013,6.845
5/14/2013,6.84
5/15/2013,6.83
5/16/2013,6.73
5/17/2013,6.855
5/20/2013,6.83
5/21/2013,6.725
5/22/2013,6.91
5/23/2013,6.955
5/24/2013,6.89
5/28/2013,7.02
5/29/2013,6.99
5/30/2013,6.89
5/31/2013,6.95
6/3/2013,6.88
6/4/2013,6.935
6/5/2013,6.935
6/6/2013,6.94
6/7/2013,6.965
6/10/2013,6.81
6/11/2013,6.905
6/12/2013,6.835
6/13/2013,6.745
6/14/2013,6.86
6/17/2013,6.995
6/18/2013,7.065
6/19/2013,7.175
6/20/2013,7.09
6/21/2013,6.965
6/24/2013,6.885
6/25/2013,6.91
6/26/2013,7.005
6/27/2013,7
6/28/2013,6.975
7/1/2013,6.57
7/2/2013,6.755
7/3/2013,6.765
7/5/2013,6.705
7/8/2013,6.835
7/9/2013,6.93
7/10/2013,7.02
7/11/2013,7.06
7/12/2013,6.83
7/15/2013,6.73
7/16/2013,6.76
7/17/2013,6.765
7/18/2013,6.765
7/19/2013,6.82
7/22/2013,6.83
7/23/2013,6.645
7/24/2013,6.47
7/25/2013,6.12
7/26/2013,5.95
7/29/2013,5.91
7/30/2013,5.96
7/31/2013,6.045
8/1/2013,5.97
8/2/2013,5.815
8/5/2013,5.745
8/6/2013,5.775
8/7/2013,5.78
8/8/2013,5.855
8/9/2013,5.81
8/12/2013,5.885
8/13/2013,5.74
8/14/2013,5.835
8/15/2013,6.035
8/16/2013,5.945
8/19/2013,6.205
8/20/2013,6.105
8/21/2013,6.265
8/22/2013,6.225
8/23/2013,6.305
8/26/2013,6.305
8/27/2013,6.1
8/28/2013,6.09
8/29/2013,5.985
8/30/2013,5.88
9/3/2013,5.745
9/4/2013,5.67
9/5/2013,5.46
9/6/2013,5.465
9/9/2013,5.01
9/10/2013,5.045
9/11/2013,5.04
9/12/2013,4.945
9/13/2013,4.695
9/16/2013,4.6
9/17/2013,4.52
9/18/2013,4.44
9/19/2013,4.5
9/20/2013,4.445
9/23/2013,4.4
9/24/2013,4.355
9/25/2013,4.375
9/26/2013,4.37
9/27/2013,4.34
9/30/2013,4.19
10/1/2013,4.19
10/2/2013,4.19
10/3/2013,4.19
10/4/2013,4.19
10/7/2013,4.19
10/8/2013,4.19
10/9/2013,4.19
10/10/2013,4.19
10/11/2013,4.19
10/14/2013,4.19
10/15/2013,4.19
10/16/2013,4.19
10/17/2013,4.23
10/18/2013,4.21
10/21/2013,4.23
10/22/2013,4.17
10/23/2013,4.285
10/24/2013,4.245
10/25/2013,4.2
10/28/2013,4.18
10/29/2013,4.19
10/30/2013,4.17
10/31/2013,4.15
11/1/2013,4.135
11/4/2013,4.12
11/5/2013,4.105
11/6/2013,4.06
11/7/2013,4.05
11/8/2013,4.145
11/11/2013,4.205
11/12/2013,4.185
11/13/2013,4.165
11/14/2013,4.135
11/15/2013,4.085
11/18/2013,3.985
11/19/2013,4.045
11/20/2013,4.035
11/21/2013,4.115
11/22/2013,4.105
11/25/2013,4.13
11/26/2013,4.09
11/27/2013,4.09
11/29/2013,4.09
12/2/2013,4.065
12/3/2013,4.11
12/4/2013,4.165
12/5/2013,4.165
12/6/2013,4.15
12/9/2013,4.195
12/10/2013,4.175
12/11/2013,4.2
12/12/2013,4.165
12/13/2013,4.05
12/16/2013,4.035
12/17/2013,4.075
12/18/2013,4.09
12/19/2013,4.135
12/20/2013,4.135
12/23/2013,4.195
12/24/2013,4.2
12/26/2013,4.09
12/27/2013,4.105
12/30/2013,4.065
12/31/2013,4.055
1/2/2014,4.06
1/3/2014,4.105
1/6/2014,4.105
1/7/2014,4.105
1/8/2014,4.05
1/9/2014,3.98
1/10/2014,4.175
1/13/2014,4.195
1/14/2014,4.165
1/15/2014,4.105
1/16/2014,4.125
1/17/2014,4.085
1/21/2014,4.095
1/22/2014,4.105
1/23/2014,4.135
1/24/2014,4.175
1/27/2014,4.165
1/28/2014,4.165
1/29/2014,4.125
1/30/2014,4.195
1/31/2014,4.195
2/3/2014,4.215
2/4/2014,4.31
2/5/2014,4.315
2/6/2014,4.29
2/7/2014,4.295
2/10/2014,4.285
2/11/2014,4.275
2/12/2014,4.26
2/13/2014,4.265
2/14/2014,4.23
2/18/2014,4.35
2/19/2014,4.39
2/20/2014,4.41
2/21/2014,4.38
2/24/2014,4.365
2/25/2014,4.405
2/26/2014,4.405
2/27/2014,4.33
2/28/2014,4.44
3/3/2014,4.5
3/4/2014,4.61
3/5/2014,4.59
3/6/2014,4.68
3/7/2014,4.64
3/10/2014,4.57
3/11/2014,4.602
3/12/2014,4.66
3/13/2014,4.625
3/14/2014,4.64
3/17/2014,4.575
3/18/2014,4.64
3/19/2014,4.65
3/20/2014,4.57
3/21/2014,4.575
3/24/2014,4.68
3/25/2014,4.675
3/26/2014,4.655
3/27/2014,4.725
3/28/2014,4.725
3/31/2014,4.825
4/1/2014,4.89
4/2/2014,4.765
4/3/2014,4.81
4/4/2014,4.825
4/7/2014,4.8
4/8/2014,4.88
4/9/2014,4.83
4/10/2014,4.82
4/11/2014,4.795
4/14/2014,4.835
4/15/2014,4.845
4/16/2014,4.785
4/17/2014,4.76
4/21/2014,4.695
4/22/2014,4.775
4/23/2014,4.86
4/24/2014,4.84
4/25/2014,4.885
4/28/2014,4.915
4/29/2014,4.985
4/30/2014,4.965
5/1/2014,4.855
5/2/2014,4.78
5/5/2014,4.86
5/6/2014,4.96
5/7/2014,4.955
5/8/2014,4.97
5/9/2014,4.88
5/12/2014,4.8
5/13/2014,4.845
5/14/2014,4.775
5/15/2014,4.66
5/16/2014,4.655
5/19/2014,4.595
5/20/2014,4.575
5/21/2014,4.565
5/22/2014,4.59
5/23/2014,4.6
5/27/2014,4.535
5/28/2014,4.57
5/29/2014,4.55
5/30/2014,4.52
6/2/2014,4.52
6/3/2014,4.46
6/4/2014,4.44
6/5/2014,4.375
6/6/2014,4.47
6/9/2014,4.415
6/10/2014,4.365
6/11/2014,4.32
6/12/2014,4.35
6/13/2014,4.38
6/16/2014,4.33
6/17/2014,4.31
6/18/2014,4.335
6/19/2014,4.425
6/20/2014,4.455
6/23/2014,4.37
6/24/2014,4.35
6/25/2014,4.335
6/26/2014,4.355
6/27/2014,4.36
6/30/2014,4.13
7/1/2014,4.08
7/2/2014,4.06
7/3/2014,4.02
7/7/2014,3.925
7/8/2014,3.915
7/9/2014,3.845
7/10/2014,3.795
7/11/2014,3.73
7/14/2014,3.73
7/15/2014,3.695
7/16/2014,3.725
7/17/2014,3.735
7/18/2014,3.655
7/21/2014,3.625
7/22/2014,3.57
7/23/2014,3.625
7/24/2014,3.585
7/25/2014,3.58
7/28/2014,3.63
7/29/2014,3.58
7/30/2014,3.52
7/31/2014,3.535
8/1/2014,3.46
8/4/2014,3.525
8/5/2014,3.525
8/6/2014,3.595
8/7/2014,3.57
8/8/2014,3.495
8/11/2014,3.545
8/12/2014,3.56
8/13/2014,3.555
8/14/2014,3.595
8/15/2014,3.635
8/18/2014,3.585
8/19/2014,3.65
8/20/2014,3.63
8/21/2014,3.655
8/22/2014,3.69
8/25/2014,3.63
8/26/2014,3.595
8/27/2014,3.595
8/28/2014,3.68
8/29/2014,3.62
9/2/2014,3.56
9/3/2014,3.495
9/4/2014,3.41
9/5/2014,3.43
9/8/2014,3.34
9/9/2014,3.325
9/10/2014,3.305
9/11/2014,3.26
9/12/2014,3.235
9/15/2014,3.2
9/16/2014,3.19
9/17/2014,3.175
9/18/2014,3.07
9/19/2014,3.03
9/22/2014,2.995
9/23/2014,2.905
9/24/2014,2.935
9/25/2014,2.91
9/26/2014,2.85
9/29/2014,2.865
9/30/2014,2.82
10/1/2014,2.79
10/2/2014,2.81
10/3/2014,2.805
10/6/2014,2.88
10/7/2014,2.98
10/8/2014,3.005
10/9/2014,3.03
10/10/2014,2.94
10/13/2014,2.94
10/14/2014,3.14
10/15/2014,3.08
10/16/2014,3.135
10/17/2014,3.09
10/20/2014,3.09
10/21/2014,3.16
10/22/2014,3.145
10/23/2014,3.2
10/24/2014,3.14
10/27/2014,3.23
10/28/2014,3.265
10/29/2014,3.33
10/30/2014,3.325
10/31/2014,3.395
11/3/2014,3.375
11/4/2014,3.28
11/5/2014,3.37
11/6/2014,3.38
11/7/2014,3.385
11/10/2014,3.4
11/11/2014,3.4
11/12/2014,3.485
11/13/2014,3.56
11/14/2014,3.53
11/17/2014,3.515
11/18/2014,3.465
11/19/2014,3.38
11/20/2014,3.46
11/21/2014,3.49
11/24/2014,3.44
11/25/2014,3.5
11/26/2014,3.555
11/28/2014,3.555
12/1/2014,3.555
12/2/2014,3.525
12/3/2014,3.545
12/4/2014,3.625
12/5/2014,3.675
12/8/2014,3.635
12/9/2014,3.675
12/10/2014,3.68
12/11/2014,3.73
12/12/2014,3.775
12/15/2014,3.825
12/16/2014,3.795
12/17/2014,3.815
12/18/2014,3.845
12/19/2014,3.845
12/22/2014,3.855
12/23/2014,3.875
12/24/2014,3.825
12/26/2014,3.905
12/29/2014,3.88
12/30/2014,3.82
12/31/2014,3.72
1/2/2015,3.705
1/5/2015,3.81
1/6/2015,3.8
1/7/2015,3.71
1/8/2015,3.685
1/9/2015,3.745
1/12/2015,3.8
1/13/2015,3.645
1/14/2015,3.595
1/15/2015,3.615
1/16/2015,3.665
1/20/2015,3.71
1/21/2015,3.7
1/22/2015,3.655
1/23/2015,3.685
1/26/2015,3.655
1/27/2015,3.625
1/28/2015,3.545
1/29/2015,3.53
1/30/2015,3.505
2/2/2015,3.515
2/3/2015,3.66
2/4/2015,3.64
2/5/2015,3.65
2/6/2015,3.66
2/9/2015,3.71
2/10/2015,3.68
2/11/2015,3.67
2/12/2015,3.64
2/13/2015,3.64
2/17/2015,3.71
2/18/2015,3.65
2/19/2015,3.725
2/20/2015,3.675
2/23/2015,3.615
2/24/2015,3.605
2/25/2015,3.585
2/26/2015,3.625
2/27/2015,3.675
3/2/2015,3.645
3/3/2015,3.675
3/4/2015,3.665
3/5/2015,3.675
3/6/2015,3.65
3/9/2015,3.655
3/10/2015,3.645
3/11/2015,3.675
3/12/2015,3.665
3/13/2015,3.585
3/16/2015,3.59
3/17/2015,3.51
3/18/2015,3.55
3/19/2015,3.54
3/20/2015,3.68
3/23/2015,3.74
3/24/2015,3.77
3/25/2015,3.795
3/26/2015,3.755
3/27/2015,3.755
3/30/2015,3.79
3/31/2015,3.575
4/1/2015,3.645
4/2/2015,3.7
4/6/2015,3.68
4/7/2015,3.66
4/8/2015,3.62
4/9/2015,3.61
4/10/2015,3.6
4/13/2015,3.55
4/14/2015,3.58
4/15/2015,3.6
4/16/2015,3.6
4/17/2015,3.64
4/20/2015,3.65
4/21/2015,3.6
4/22/2015,3.6
4/23/2015,3.58
4/24/2015,3.52
4/27/2015,3.48
4/28/2015,3.48
4/29/2015,3.555
4/30/2015,3.5
5/1/2015,3.47
5/4/2015,3.485
5/5/2015,3.505
5/6/2015,3.555
5/7/2015,3.5
5/8/2015,3.525
5/11/2015,3.5
5/12/2015,3.505
5/13/2015,3.52
5/14/2015,3.56
5/15/2015,3.555
5/18/2015,3.575
5/19/2015,3.495
5/20/2015,3.475
5/21/2015,3.525
5/22/2015,3.475
5/26/2015,3.425
5/27/2015,3.495
5/28/2015,3.535
5/29/2015,3.515
6/1/2015,3.5225
6/2/2015,3.59
6/3/2015,3.59
6/4/2015,3.635
6/5/2015,3.605
6/8/2015,3.6525
6/9/2015,3.65
6/10/2015,3.5725
6/11/2015,3.63
6/12/2015,3.5875
6/15/2015,3.5275
6/16/2015,3.5975
6/17/2015,3.6525
6/18/2015,3.635
6/19/2015,3.5875
6/22/2015,3.6425
6/23/2015,3.72
6/24/2015,3.715
6/25/2015,3.8275
6/26/2015,3.925
6/29/2015,3.92
6/30/2015,4.22
7/1/2015,4.225
7/2/2015,4.285
7/6/2015,4.265
7/7/2015,4.2325
7/8/2015,4.245
7/9/2015,4.2875
7/10/2015,4.3475
7/13/2015,4.5175
7/14/2015,4.3875
7/15/2015,4.4025
7/16/2015,4.41
7/17/2015,4.3125
7/20/2015,4.16
7/21/2015,4.175
7/22/2015,4.135
7/23/2015,4.1375
7/24/2015,4.0275
7/27/2015,3.835
7/28/2015,3.855
7/29/2015,3.7825
7/30/2015,3.8375
7/31/2015,3.8125
8/3/2015,3.765
8/4/2015,3.7875
8/5/2015,3.8325
8/6/2015,3.805
8/7/2015,3.8375
8/10/2015,4.01
8/11/2015,3.875
8/12/2015,3.68
8/13/2015,3.7525
8/14/2015,3.755
8/17/2015,3.745
8/18/2015,3.7725
8/19/2015,3.785
8/20/2015,3.825
8/21/2015,3.7725
8/24/2015,3.805
8/25/2015,3.77
8/26/2015,3.7325
8/27/2015,3.75
8/28/2015,3.75
8/31/2015,3.7525
9/1/2015,3.69
9/2/2015,3.675
9/3/2015,3.615
9/4/2015,3.63
9/8/2015,3.6825
9/9/2015,3.69
9/10/2015,3.7425
9/11/2015,3.87
9/14/2015,3.935
9/15/2015,3.905
9/16/2015,3.86
9/17/2015,3.7975
9/18/2015,3.7725
9/21/2015,3.845
9/22/2015,3.805
9/23/2015,3.8325
9/24/2015,3.815
9/25/2015,3.89
9/28/2015,3.8675
9/29/2015,3.89
9/30/2015,3.8775
10/1/2015,3.8875
10/2/2015,3.8925
10/5/2015,3.935
10/6/2015,3.9825
10/7/2015,3.9575
10/8/2015,3.9125
10/9/2015,3.8275
10/12/2015,3.8075
10/13/2015,3.845
10/14/2015,3.79
10/15/2015,3.755
10/16/2015,3.7675
10/19/2015,3.73
10/20/2015,3.7675
10/21/2015,3.8075
10/22/2015,3.7825
10/23/2015,3.7975
10/26/2015,3.845
10/27/2015,3.8
10/28/2015,3.76
10/29/2015,3.8
10/30/2015,3.8225
11/2/2015,3.765
11/3/2015,3.805
11/4/2015,3.805
11/5/2015,3.745
11/6/2015,3.73
11/9/2015,3.6675
11/10/2015,3.59
11/11/2015,3.7
11/12/2015,3.695
11/13/2015,3.655
11/16/2015,3.6675
11/17/2015,3.68
11/18/2015,3.6825
11/19/2015,3.7025
11/20/2015,3.6975
11/23/2015,3.73
11/24/2015,3.695
11/25/2015,3.7275
11/27/2015,3.6725
11/30/2015,3.7225
12/1/2015,3.7375
12/2/2015,3.7025
12/3/2015,3.77
12/4/2015,3.815
12/7/2015,3.73
12/8/2015,3.735
12/9/2015,3.7375
12/10/2015,3.7925
12/11/2015,3.7525
12/14/2015,3.79
12/15/2015,3.7725
12/16/2015,3.6975
12/17/2015,3.7425
12/18/2015,3.745
12/21/2015,3.72
12/22/2015,3.6625
12/23/2015,3.655
12/24/2015,3.645
12/28/2015,3.61
12/29/2015,3.625
12/30/2015,3.59
12/31/2015,3.5875
1/4/2016,3.515
1/5/2016,3.53
1/6/2016,3.5325
1/7/2016,3.53
1/8/2016,3.57
1/11/2016,3.5175
1/12/2016,3.5675
1/13/2016,3.58
1/14/2016,3.58
1/15/2016,3.6325
1/19/2016,3.6775
1/20/2016,3.6875
1/21/2016,3.67
1/22/2016,3.7025
1/25/2016,3.6975
1/26/2016,3.6925
1/27/2016,3.6925
1/28/2016,3.655
1/29/2016,3.72
2/1/2016,3.7125
2/2/2016,3.725
2/3/2016,3.71
2/4/2016,3.685
2/5/2016,3.6575
2/8/2016,3.6225
2/9/2016,3.61
2/10/2016,3.6025
2/11/2016,3.65
2/12/2016,3.635
2/16/2016,3.6775
2/17/2016,3.715
2/18/2016,3.6975
2/19/2016,3.6925
2/22/2016,3.7225
2/23/2016,3.6675
2/24/2016,3.645
2/25/2016,3.605
2/26/2016,3.595
2/29/2016,3.57
3/1/2016,3.5575
3/2/2016,3.5625
3/3/2016,3.565
3/4/2016,3.5825
3/7/2016,3.59
3/8/2016,3.605
3/9/2016,3.595
3/10/2016,3.6275
3/11/2016,3.65
3/14/2016,3.6875
3/15/2016,3.685
3/16/2016,3.6825
3/17/2016,3.685
3/18/2016,3.67
3/21/2016,3.695
3/22/2016,3.7
3/23/2016,3.685
3/24/2016,3.7
3/28/2016,3.705
3/29/2016,3.73
3/30/2016,3.67
3/31/2016,3.515
4/1/2016,3.54
4/4/2016,3.545
4/5/2016,3.5675
4/6/2016,3.58
4/7/2016,3.615
4/8/2016,3.65
4/11/2016,3.5975
4/12/2016,3.655
4/13/2016,3.77
4/14/2016,3.78
4/15/2016,3.82
4/18/2016,3.85
4/19/2016,3.895
4/20/2016,3.9975
4/21/2016,3.8975
4/22/2016,3.755
4/25/2016,3.8175
4/26/2016,3.8725
4/27/2016,3.8475
4/28/2016,3.9125
4/29/2016,3.9175
5/2/2016,3.9175
5/3/2016,3.7975
5/4/2016,3.7675
5/5/2016,3.7375
5/6/2016,3.775
5/9/2016,3.69
5/10/2016,3.81
5/11/2016,3.775
5/12/2016,3.89
5/13/2016,3.9075
5/16/2016,3.94
5/17/2016,3.97
5/18/2016,3.995
5/19/2016,3.9
5/20/2016,3.945
5/23/2016,3.9775
5/24/2016,3.975
5/25/2016,4.0475
5/26/2016,4.0825
5/27/2016,4.1275
5/31/2016,4.0475
6/1/2016,4.1375
6/2/2016,4.1525
6/3/2016,4.1825
6/6/2016,4.2725
6/7/2016,4.2775
6/8/2016,4.3125
6/9/2016,4.265
6/10/2016,4.275
6/13/2016,4.355
6/14/2016,4.4175
6/15/2016,4.34
6/16/2016,4.305
6/17/2016,4.4275
6/20/2016,4.2675
6/21/2016,4.0225
6/22/2016,3.9825
6/23/2016,3.925
6/24/2016,3.89
6/27/2016,3.8925
6/28/2016,3.8875
6/29/2016,3.7775
6/30/2016,3.655
7/1/2016,3.6
7/5/2016,3.5075
7/6/2016,3.415
7/7/2016,3.4175
7/8/2016,3.55
7/11/2016,3.4825
7/12/2016,3.5225
7/13/2016,3.6975
7/14/2016,3.6475
7/15/2016,3.5825
7/18/2016,3.6325
7/19/2016,3.485
7/20/2016,3.4425
7/21/2016,3.4075
7/22/2016,3.4175
7/25/2016,3.4125
7/26/2016,3.395
7/27/2016,3.43
7/28/2016,3.3875
7/29/2016,3.4275
8/1/2016,3.3425
8/2/2016,3.34
8/3/2016,3.35
8/4/2016,3.31
8/5/2016,3.3425
8/8/2016,3.3475
8/9/2016,3.325
8/10/2016,3.33
8/11/2016,3.3175
8/12/2016,3.33
8/15/2016,3.37
8/16/2016,3.3725
8/17/2016,3.3975
8/18/2016,3.42
8/19/2016,3.4375
8/22/2016,3.425
8/23/2016,3.3725
8/24/2016,3.3625
8/25/2016,3.32
8/26/2016,3.25
8/29/2016,3.2075
8/30/2016,3.1575
8/31/2016,3.155
9/1/2016,3.2375
9/2/2016,3.285
9/6/2016,3.285
9/7/2016,3.3325
9/8/2016,3.385
9/9/2016,3.41
9/12/2016,3.395
9/13/2016,3.3
9/14/2016,3.3175
9/15/2016,3.3
9/16/2016,3.37
9/19/2016,3.3725
9/20/2016,3.405
9/21/2016,3.4
9/22/2016,3.3675
9/23/2016,3.365
9/26/2016,3.29
9/27/2016,3.3175
9/28/2016,3.2925
9/29/2016,3.2925
9/30/2016,3.3675
10/3/2016,3.46
10/4/2016,3.4825
10/5/2016,3.4775
10/6/2016,3.405
10/7/2016,3.3975
10/10/2016,3.4325
10/11/2016,3.455
10/12/2016,3.37
10/13/2016,3.495
10/14/2016,3.5425
10/17/2016,3.54
10/18/2016,3.5375
10/19/2016,3.575
10/20/2016,3.51
10/21/2016,3.525
10/24/2016,3.4825
10/25/2016,3.4925
10/26/2016,3.54
10/27/2016,3.575
10/28/2016,3.55
10/31/2016,3.5475
11/1/2016,3.49
11/2/2016,3.4625
11/3/2016,3.48
11/4/2016,3.4875
11/7/2016,3.4625
11/8/2016,3.5425
11/9/2016,3.4075
11/10/2016,3.52
11/11/2016,3.49
11/14/2016,3.4525
11/15/2016,3.4925
11/16/2016,3.465
11/17/2016,3.4975
11/18/2016,3.535
11/21/2016,3.5775
11/22/2016,3.59
11/23/2016,3.5925
11/25/2016,3.5825
11/28/2016,3.5825
11/29/2016,3.49
11/30/2016,3.485
12/1/2016,3.425
12/2/2016,3.4725
12/5/2016,3.5925
12/6/2016,3.605
12/7/2016,3.58
12/8/2016,3.535
12/9/2016,3.595
12/12/2016,3.605
12/13/2016,3.61
12/14/2016,3.62
12/15/2016,3.565
12/16/2016,3.5625
12/19/2016,3.5325
12/20/2016,3.5025
12/21/2016,3.4725
12/22/2016,3.4725
12/23/2016,3.4575
12/27/2016,3.55
12/28/2016,3.4825
12/29/2016,3.4975
12/30/2016,3.52
1/3/2017,3.5575
1/4/2017,3.5975
1/5/2017,3.6125
1/6/2017,3.58
1/9/2017,3.6
1/10/2017,3.5825
1/11/2017,3.5725
1/12/2017,3.5825
1/13/2017,3.585
1/17/2017,3.655
1/18/2017,3.65
1/19/2017,3.6625
1/20/2017,3.6975
1/23/2017,3.695
1/24/2017,3.6325
1/25/2017,3.6625
1/26/2017,3.6375
1/27/2017,3.625
1/30/2017,3.5775
1/31/2017,3.5975
2/1/2017,3.6825
2/2/2017,3.675
2/3/2017,3.6525
2/6/2017,3.6375
2/7/2017,3.685
2/8/2017,3.7075
2/9/2017,3.695
2/10/2017,3.82
2/13/2017,3.8275
2/14/2017,3.8175
2/15/2017,3.86
2/16/2017,3.81
2/17/2017,3.755
2/21/2017,3.765
2/22/2017,3.7825
2/23/2017,3.725
2/24/2017,3.7075
2/27/2017,3.6825
2/28/2017,3.7375
3/1/2017,3.82
3/2/2017,3.795
3/3/2017,3.8075
3/6/2017,3.785
3/7/2017,3.76
3/8/2017,3.7225
3/9/2017,3.67
3/10/2017,3.6425
3/13/2017,3.61
3/14/2017,3.6225
3/15/2017,3.635
3/16/2017,3.66
3/17/2017,3.675
3/20/2017,3.635
3/21/2017,3.6125
3/22/2017,3.5875
3/23/2017,3.5675
3/24/2017,3.5625
3/27/2017,3.5575
3/28/2017,3.5775
3/29/2017,3.585
3/30/2017,3.575
3/31/2017,3.6425
4/3/2017,3.6775
4/4/2017,3.63
4/5/2017,3.6475
4/6/2017,3.6075
4/7/2017,3.595
4/10/2017,3.745
4/11/2017,3.7375
4/12/2017,3.76
4/13/2017,3.78
4/17/2017,3.7325
4/18/2017,3.6825
4/19/2017,3.6825
4/20/2017,3.6425
4/21/2017,3.6375
4/24/2017,3.655
4/25/2017,3.7175
4/26/2017,3.6675
4/27/2017,3.6925
4/28/2017,3.665
5/1/2017,3.775
5/2/2017,3.7225
5/3/2017,3.7475
5/4/2017,3.665
5/5/2017,3.7075
5/8/2017,3.66
5/9/2017,3.665
5/10/2017,3.7375
5/11/2017,3.6925
5/12/2017,3.71
5/15/2017,3.6775
5/16/2017,3.6775
5/17/2017,3.715
5/18/2017,3.66
5/19/2017,3.725
5/22/2017,3.75
5/23/2017,3.695
5/24/2017,3.7125
5/25/2017,3.6925
5/26/2017,3.7425
5/30/2017,3.67
5/31/2017,3.72
6/1/2017,3.705
6/2/2017,3.7275
6/5/2017,3.73
6/6/2017,3.7725
6/7/2017,3.8475
6/8/2017,3.8575
6/9/2017,3.8775
6/12/2017,3.7725
6/13/2017,3.81
6/14/2017,3.77
6/15/2017,3.875
6/16/2017,3.92
6/19/2017,3.8325
6/20/2017,3.78
6/21/2017,3.7675
6/22/2017,3.7075
6/23/2017,3.655
6/26/2017,3.6725
6/27/2017,3.6775
6/28/2017,3.6625
6/29/2017,3.695
6/30/2017,3.81
7/3/2017,3.885
7/5/2017,3.92
7/6/2017,3.905
7/7/2017,3.925
7/10/2017,4.02
7/11/2017,4.0175
7/12/2017,3.855
7/13/2017,3.6975
7/14/2017,3.7625
7/17/2017,3.75
7/18/2017,3.77
7/19/2017,3.825
7/20/2017,3.91
7/21/2017,3.7975
7/24/2017,3.9075
7/25/2017,3.8225
7/26/2017,3.86
7/27/2017,3.8775
7/28/2017,3.88
7/31/2017,3.8475
8/1/2017,3.765
8/2/2017,3.79
8/3/2017,3.7775
8/4/2017,3.81
8/7/2017,3.8675
8/8/2017,3.8375
8/9/2017,3.8625
8/10/2017,3.71
8/11/2017,3.7475
8/14/2017,3.7625
8/15/2017,3.685
8/16/2017,3.665
8/17/2017,3.6425
8/18/2017,3.6575
8/21/2017,3.63
8/22/2017,3.6
8/23/2017,3.5575
8/24/2017,3.5625
8/25/2017,3.535
8/28/2017,3.51
8/29/2017,3.4875
8/30/2017,3.455
8/31/2017,3.5775
9/1/2017,3.5525
9/5/2017,3.585
9/6/2017,3.61
9/7/2017,3.5525
9/8/2017,3.5675
9/11/2017,3.575
9/12/2017,3.515
9/13/2017,3.515
9/14/2017,3.5425
9/15/2017,3.5475
9/18/2017,3.515
9/19/2017,3.4825
9/20/2017,3.5
9/21/2017,3.5025
9/22/2017,3.535
9/25/2017,3.5375
9/26/2017,3.5225
9/27/2017,3.54
9/28/2017,3.525
9/29/2017,3.5525
10/2/2017,3.515
10/3/2017,3.495
10/4/2017,3.4825
10/5/2017,3.495
10/6/2017,3.5
10/9/2017,3.495
10/10/2017,3.4925
10/11/2017,3.46
10/12/2017,3.49
10/13/2017,3.5275
10/16/2017,3.505
10/17/2017,3.5
10/18/2017,3.485
10/19/2017,3.49
10/20/2017,3.445
10/23/2017,3.5125
10/24/2017,3.5275
10/25/2017,3.51
10/26/2017,3.505
10/27/2017,3.4875
10/30/2017,3.4875
10/31/2017,3.4575
11/1/2017,3.4825
11/2/2017,3.505
11/3/2017,3.4825
11/6/2017,3.48
11/7/2017,3.4775
11/8/2017,3.4825
11/9/2017,3.415
11/10/2017,3.435
11/13/2017,3.4225
11/14/2017,3.375
11/15/2017,3.3825
11/16/2017,3.365
11/17/2017,3.43
11/20/2017,3.45
11/21/2017,3.45
11/22/2017,3.4525
11/24/2017,3.4225
11/27/2017,3.4135
11/28/2017,3.4165
11/29/2017,3.477
11/30/2017,3.5295
12/1/2017,3.5875
12/4/2017,3.535
12/5/2017,3.5375
12/6/2017,3.5275
12/7/2017,3.515
12/8/2017,3.5275
12/11/2017,3.49
12/12/2017,3.4775
12/13/2017,3.49
12/14/2017,3.485
12/15/2017,3.475
12/18/2017,3.47
12/19/2017,3.475
12/20/2017,3.4925
12/21/2017,3.5125
12/22/2017,3.52
12/26/2017,3.5275
12/27/2017,3.5375
12/28/2017,3.52
12/29/2017,3.5075
1/2/2018,3.5325
1/3/2018,3.53
1/4/2018,3.51
1/5/2018,3.5125
1/8/2018,3.4725
1/9/2018,3.49
1/10/2018,3.49
1/11/2018,3.4875
1/12/2018,3.4625
1/16/2018,3.4825
1/17/2018,3.53
1/18/2018,3.515
1/19/2018,3.525
1/22/2018,3.52
1/23/2018,3.5125
1/24/2018,3.565
1/25/2018,3.5525
1/26/2018,3.565
1/29/2018,3.5875
1/30/2018,3.615
1/31/2018,3.615
2/1/2018,3.6175
2/2/2018,3.615
2/5/2018,3.5875
2/6/2018,3.635
2/7/2018,3.6525
2/8/2018,3.6575
2/9/2018,3.62
2/12/2018,3.67
2/13/2018,3.6675
2/14/2018,3.6725
2/15/2018,3.6775
2/16/2018,3.675
2/20/2018,3.655
2/21/2018,3.6575
2/22/2018,3.6675
2/23/2018,3.679
2/26/2018,3.72
2/27/2018,3.7575
2/28/2018,3.805
3/1/2018,3.8625
3/2/2018,3.8525
3/5/2018,3.8725
3/6/2018,3.8825
3/7/2018,3.8725
3/8/2018,3.935
3/9/2018,3.905
3/12/2018,3.9075
3/13/2018,3.9175
3/14/2018,3.8875
3/15/2018,3.8675
3/16/2018,3.8275
3/19/2018,3.75
3/20/2018,3.745
3/21/2018,3.75
3/22/2018,3.76
3/23/2018,3.7725
3/26/2018,3.74
3/27/2018,3.74
3/28/2018,3.735
3/29/2018,3.8775
4/2/2018,3.8725
4/3/2018,3.885
4/4/2018,3.81
4/5/2018,3.895
4/6/2018,3.885
4/9/2018,3.9075
4/10/2018,3.8925
4/11/2018,3.87
4/12/2018,3.8875
4/13/2018,3.8625
4/16/2018,3.825
4/17/2018,3.8025
4/18/2018,3.83
4/19/2018,3.82
4/20/2018,3.765
4/23/2018,3.785
4/24/2018,3.8125
4/25/2018,3.8835
4/26/2018,3.897
4/27/2018,3.949
4/30/2018,3.991
5/1/2018,4.0575
5/2/2018,4.05
5/3/2018,4.08
5/4/2018,4.0625
5/7/2018,4.0075
5/8/2018,4.0325
5/9/2018,4.0275
5/10/2018,4.02
5/11/2018,3.965
5/14/2018,3.965
5/15/2018,4.0225
5/16/2018,3.9925
5/17/2018,3.9525
5/18/2018,4.025
5/21/2018,4.0275
5/22/2018,4.0475
5/23/2018,4.085
5/24/2018,4.0425
5/25/2018,4.06
5/29/2018,4
5/30/2018,3.935
5/31/2018,3.94
6/1/2018,3.915
6/4/2018,3.8075
6/5/2018,3.8375
6/6/2018,3.7825
6/7/2018,3.7625
6/8/2018,3.7775
6/11/2018,3.6725
6/12/2018,3.775
6/13/2018,3.76
6/14/2018,3.63
6/15/2018,3.6125
6/18/2018,3.56
6/19/2018,3.5375
6/20/2018,3.5425
6/21/2018,3.57
6/22/2018,3.5725
6/25/2018,3.505
6/26/2018,3.5425
6/27/2018,3.562
6/28/2018,3.5055
6/29/2018,3.5765
7/2/2018,3.47
7/3/2018,3.52
7/5/2018,3.5225
7/6/2018,3.6025
7/9/2018,3.54
7/10/2018,3.4775
7/11/2018,3.4
7/12/2018,3.4575
7/13/2018,3.4125
7/16/2018,3.4175
7/17/2018,3.4625
7/18/2018,3.4725
7/19/2018,3.5125
7/20/2018,3.5525
7/23/2018,3.5725
7/24/2018,3.52
7/25/2018,3.5925
7/26/2018,3.615
7/27/2018,3.62
7/30/2018,3.6725
7/31/2018,3.7225
8/1/2018,3.65
8/2/2018,3.6675
8/3/2018,3.6975
8/6/2018,3.71
8/7/2018,3.7075
8/8/2018,3.7125
8/9/2018,3.6925
8/10/2018,3.5775
8/13/2018,3.565
8/14/2018,3.6225
8/15/2018,3.615
8/16/2018,3.6525
8/17/2018,3.6425
8/20/2018,3.62
8/21/2018,3.5975
8/22/2018,3.525
8/23/2018,3.4675
8/24/2018,3.485
8/27/2018,3.4675
8/28/2018,3.4405
8/29/2018,3.4735
8/30/2018,3.503
8/31/2018,3.622
9/4/2018,3.6825
9/5/2018,3.6525
9/6/2018,3.6625
9/7/2018,3.67
9/10/2018,3.6725
9/11/2018,3.6675
9/12/2018,3.525
9/13/2018,3.505
9/14/2018,3.5175
9/17/2018,3.48
9/18/2018,3.4325
9/19/2018,3.4575
9/20/2018,3.525
9/21/2018,3.5725
9/24/2018,3.605
9/25/2018,3.6375
9/26/2018,3.63
9/27/2018,3.6475
9/28/2018,3.5625
10/1/2018,3.6575
10/2/2018,3.675
10/3/2018,3.6475
10/4/2018,3.675
10/5/2018,3.6825
10/8/2018,3.665
10/9/2018,3.645
10/10/2018,3.6275
10/11/2018,3.6925
10/12/2018,3.7375
10/15/2018,3.7825
10/16/2018,3.7525
10/17/2018,3.7425
10/18/2018,3.7075
10/19/2018,3.67
10/22/2018,3.695
10/23/2018,3.7025
10/24/2018,3.6825
10/25/2018,3.61
10/26/2018,3.6775
10/29/2018,3.6675
10/30/2018,3.6475
10/31/2018,3.6325
11/1/2018,3.6675
11/2/2018,3.7125
11/5/2018,3.74
11/6/2018,3.7325
11/7/2018,3.7225
11/8/2018,3.735
11/9/2018,3.6975
11/12/2018,3.7125
11/13/2018,3.665
11/14/2018,3.67
11/15/2018,3.675
11/16/2018,3.6475
11/19/2018,3.6225
11/20/2018,3.6125
11/21/2018,3.6175
11/23/2018,3.59
11/26/2018,3.56
11/27/2018,3.589
11/28/2018,3.656
11/29/2018,3.6805
11/30/2018,3.755
12/3/2018,3.82
12/4/2018,3.8475
12/5/2018,3.8425
12/6/2018,3.8275
12/7/2018,3.855
12/10/2018,3.84
12/11/2018,3.8475
12/12/2018,3.8525
12/13/2018,3.8425
12/14/2018,3.8475
12/17/2018,3.84
12/18/2018,3.855
12/19/2018,3.8175
12/20/2018,3.7525
12/21/2018,3.785
12/24/2018,3.7775
12/26/2018,3.7325
12/27/2018,3.745
12/28/2018,3.755
12/31/2018,3.75
1/2/2019,3.7575
1/3/2019,3.7975
1/4/2019,3.83
1/7/2019,3.8225
1/8/2019,3.8
1/9/2019,3.82
1/10/2019,3.7625
1/11/2019,3.7825
1/14/2019,3.785
1/15/2019,3.7125
1/16/2019,3.74
1/17/2019,3.8
1/18/2019,3.8175
1/22/2019,3.79
1/23/2019,3.7875
1/24/2019,3.77
1/25/2019,3.8025
1/28/2019,3.7975
1/29/2019,3.7725
1/30/2019,3.8125
1/31/2019,3.765
2/1/2019,3.7825
2/4/2019,3.7925
2/5/2019,3.8075
2/6/2019,3.8
2/7/2019,3.765
2/8/2019,3.7425
2/11/2019,3.7275
2/12/2019,3.7825
2/13/2019,3.7875
2/14/2019,3.7475
2/15/2019,3.7475
2/19/2019,3.6975
2/20/2019,3.7075
2/21/2019,3.755
2/22/2019,3.7525
2/25/2019,3.724
2/26/2019,3.7015
2/27/2019,3.6975
2/28/2019,3.69
3/1/2019,3.73
3/4/2019,3.7475
3/5/2019,3.7575
3/6/2019,3.725
3/7/2019,3.6525
3/8/2019,3.6425
3/11/2019,3.62
3/12/2019,3.6575
3/13/2019,3.665
3/14/2019,3.7025
3/15/2019,3.7325
3/18/2019,3.715
3/19/2019,3.7125
3/20/2019,3.715
3/21/2019,3.7625
3/22/2019,3.7825
3/25/2019,3.7975
3/26/2019,3.7725
3/27/2019,3.7375
3/28/2019,3.74
3/29/2019,3.565
4/1/2019,3.6175
4/2/2019,3.615
4/3/2019,3.6275
4/4/2019,3.6525
4/5/2019,3.625
4/8/2019,3.6
4/9/2019,3.6
4/10/2019,3.6175
4/11/2019,3.6
4/12/2019,3.61
4/15/2019,3.6275
4/16/2019,3.59
4/17/2019,3.5825
4/18/2019,3.585
4/22/2019,3.5475
4/23/2019,3.5125
4/24/2019,3.4675
4/25/2019,3.4945
4/26/2019,3.5525
4/29/2019,3.5785
4/30/2019,3.6065
5/1/2019,3.685
5/2/2019,3.705
5/3/2019,3.7075
5/6/2019,3.6425
5/7/2019,3.665
5/8/2019,3.6425
5/9/2019,3.5325
5/10/2019,3.5175
5/13/2019,3.565
5/14/2019,3.6875
5/15/2019,3.695
5/16/2019,3.79
5/17/2019,3.8325
5/20/2019,3.89
5/21/2019,3.9425
5/22/2019,3.945
5/23/2019,3.8975
5/24/2019,4.0425
5/28/2019,4.2025
5/29/2019,4.1875
5/30/2019,4.3625
5/31/2019,4.27
6/3/2019,4.2425
6/4/2019,4.2525
6/5/2019,4.1475
6/6/2019,4.205
6/7/2019,4.1575
6/10/2019,4.1575
6/11/2019,4.2775
6/12/2019,4.3
6/13/2019,4.42
6/14/2019,4.53
6/17/2019,4.5475
6/18/2019,4.4975
6/19/2019,4.41
6/20/2019,4.5
6/21/2019,4.4225
6/24/2019,4.4675
6/25/2019,4.486
6/26/2019,4.4575
6/27/2019,4.4345
6/28/2019,4.2385
7/1/2019,4.155
7/2/2019,4.19
7/3/2019,4.3675
7/5/2019,4.3875
7/8/2019,4.395
7/9/2019,4.325
7/10/2019,4.35
7/11/2019,4.4425
7/12/2019,4.5425
7/15/2019,4.41
7/16/2019,4.3525
7/17/2019,4.36
7/18/2019,4.245
7/19/2019,4.3075
7/22/2019,4.2225
7/23/2019,4.255
7/24/2019,4.24
7/25/2019,4.185
7/26/2019,4.145
7/29/2019,4.17
7/30/2019,4.1125
7/31/2019,4.0025
8/1/2019,3.9275
8/2/2019,3.995
8/5/2019,4.0525
8/6/2019,4.04
8/7/2019,4.065
8/8/2019,4.11
8/9/2019,4.1025
8/12/2019,3.8525
8/13/2019,3.66
8/14/2019,3.59
8/15/2019,3.6075
8/16/2019,3.71
8/19/2019,3.65
8/20/2019,3.595
8/21/2019,3.625
8/22/2019,3.6325
8/23/2019,3.5975
8/26/2019,3.585
8/27/2019,3.5885
8/28/2019,3.6605
8/29/2019,3.6665
8/30/2019,3.674
9/3/2019,3.61
9/4/2019,3.585
9/5/2019,3.5875
9/6/2019,3.555
9/9/2019,3.5425
9/10/2019,3.615
9/11/2019,3.6
9/12/2019,3.6725
9/13/2019,3.6875
9/16/2019,3.74
9/17/2019,3.68
9/18/2019,3.7125
9/19/2019,3.7275
9/20/2019,3.7075
9/23/2019,3.7325
9/24/2019,3.7475
9/25/2019,3.7425
9/26/2019,3.725
9/27/2019,3.715
9/30/2019,3.88
10/1/2019,3.925
10/2/2019,3.8775
10/3/2019,3.8875
10/4/2019,3.8475
10/7/2019,3.87
10/8/2019,3.9575
10/9/2019,3.9425
10/10/2019,3.8025
10/11/2019,3.9775
10/14/2019,3.9775
10/15/2019,3.9325
10/16/2019,3.9175
10/17/2019,3.9475
10/18/2019,3.91
10/21/2019,3.8725
10/22/2019,3.88
10/23/2019,3.8775
10/24/2019,3.8675
10/25/2019,3.8675
10/28/2019,3.84
10/29/2019,3.8625
10/30/2019,3.9075
10/31/2019,3.9
11/1/2019,3.8925
11/4/2019,3.8325
11/5/2019,3.8175
11/6/2019,3.7875
11/7/2019,3.7525
11/8/2019,3.7725
11/11/2019,3.7325
11/12/2019,3.7775
11/13/2019,3.7525
11/14/2019,3.7575
11/15/2019,3.7125
11/18/2019,3.6775
11/19/2019,3.7
11/20/2019,3.6675
11/21/2019,3.685
11/22/2019,3.6875
11/25/2019,3.7255
11/26/2019,3.718
11/27/2019,3.6905
11/29/2019,3.7925
12/2/2019,3.82
12/3/2019,3.8125
12/4/2019,3.785
12/5/2019,3.7675
12/6/2019,3.7675
12/9/2019,3.7575
12/10/2019,3.77
12/11/2019,3.7125
12/12/2019,3.7775
12/13/2019,3.81
12/16/2019,3.88
12/17/2019,3.9
12/18/2019,3.87
12/19/2019,3.865
12/20/2019,3.8775
12/23/2019,3.8875
12/24/2019,3.875
12/26/2019,3.885
12/27/2019,3.9
12/30/2019,3.8825
12/31/2019,3.8775
1/2/2020,3.915
1/3/2020,3.865
1/6/2020,3.8475
1/7/2020,3.845
1/8/2020,3.8425
1/9/2020,3.8325
1/10/2020,3.8575
1/13/2020,3.895
1/14/2020,3.89
1/15/2020,3.875
1/16/2020,3.755
1/17/2020,3.8925
1/21/2020,3.875
1/22/2020,3.8875
1/23/2020,3.9375
1/24/2020,3.8725
1/27/2020,3.805
1/28/2020,3.865
1/29/2020,3.8425
1/30/2020,3.795
1/31/2020,3.8125
2/3/2020,3.7875
2/4/2020,3.8225
2/5/2020,3.8075
2/6/2020,3.7925
2/7/2020,3.835
2/10/2020,3.8175
2/11/2020,3.7975
2/12/2020,3.83
2/13/2020,3.795
2/14/2020,3.7775
2/18/2020,3.83
2/19/2020,3.805
2/20/2020,3.785
2/21/2020,3.77
2/24/2020,3.7225
2/25/2020,3.733
2/26/2020,3.721
2/27/2020,3.666
2/28/2020,3.679
3/2/2020,3.755
3/3/2020,3.8125
3/4/2020,3.85
3/5/2020,3.8175
3/6/2020,3.76
3/9/2020,3.7275
3/10/2020,3.775
3/11/2020,3.745
3/12/2020,3.6575
3/13/2020,3.6575
3/16/2020,3.5475
3/17/2020,3.44
3/18/2020,3.3525
3/19/2020,3.455
3/20/2020,3.4375
3/23/2020,3.435
3/24/2020,3.4725
3/25/2020,3.485
3/26/2020,3.4875
3/27/2020,3.46
3/30/2020,3.4125
3/31/2020,3.4075
4/1/2020,3.3475
4/2/2020,3.335
4/3/2020,3.3075
4/6/2020,3.2775
4/7/2020,3.315
4/8/2020,3.3
4/9/2020,3.3175
4/13/2020,3.315
4/14/2020,3.26
4/15/2020,3.1925
4/16/2020,3.1975
4/17/2020,3.2225
4/20/2020,3.1425
4/21/2020,3.0925
4/22/2020,3.175
4/23/2020,3.1925
4/24/2020,3.1575
4/27/2020,3.0705
4/28/2020,3.0645
4/29/2020,3.105
4/30/2020,3.183
5/1/2020,3.185
5/4/2020,3.155
5/5/2020,3.17
5/6/2020,3.1425
5/7/2020,3.18
5/8/2020,3.1925
5/11/2020,3.185
5/12/2020,3.2225
5/13/2020,3.1825
5/14/2020,3.175
5/15/2020,3.1925
5/18/2020,3.2075
5/19/2020,3.2125
5/20/2020,3.195
5/21/2020,3.1775
5/22/2020,3.18
5/26/2020,3.19
5/27/2020,3.205
5/28/2020,3.275
5/29/2020,3.2575
6/1/2020,3.2325
6/2/2020,3.2425
6/3/2020,3.24
6/4/2020,3.29
6/5/2020,3.3125
6/8/2020,3.3375
6/9/2020,3.275
6/10/2020,3.2625
6/11/2020,3.2975
6/12/2020,3.3
6/15/2020,3.2925
6/16/2020,3.29
6/17/2020,3.3025
6/18/2020,3.31
6/19/2020,3.325
6/22/2020,3.2825
6/23/2020,3.25
6/24/2020,3.2425
6/25/2020,3.179
6/26/2020,3.179
6/29/2020,3.2775
6/30/2020,3.409
7/1/2020,3.505
7/2/2020,3.435
7/6/2020,3.465
7/7/2020,3.435
7/8/2020,3.4625
7/9/2020,3.4875
7/10/2020,3.3725
7/13/2020,3.2875
7/14/2020,3.26
7/15/2020,3.2625
7/16/2020,3.3025
7/17/2020,3.33
7/20/2020,3.2825
7/21/2020,3.2275
7/22/2020,3.275
7/23/2020,3.28
7/24/2020,3.2625
7/27/2020,3.25
7/28/2020,3.2
7/29/2020,3.155
7/30/2020,3.1575
7/31/2020,3.16
8/3/2020,3.175
8/4/2020,3.0825
8/5/2020,3.11
8/6/2020,3.1125
8/7/2020,3.0775
8/10/2020,3.105
8/11/2020,3.115
8/12/2020,3.145
8/13/2020,3.2525
8/14/2020,3.245
8/17/2020,3.31
8/18/2020,3.27
8/19/2020,3.25
8/20/2020,3.245
8/21/2020,3.27
8/24/2020,3.3175
8/25/2020,3.4075
8/26/2020,3.4325
8/27/2020,3.4995
8/28/2020,3.5395
8/31/2020,3.559
9/1/2020,3.58
9/2/2020,3.5875
9/3/2020,3.5375
9/4/2020,3.58
9/8/2020,3.6175
9/9/2020,3.6025
9/10/2020,3.65
9/11/2020,3.685
9/14/2020,3.695
9/15/2020,3.66
9/16/2020,3.7175
9/17/2020,3.7525
9/18/2020,3.785
9/21/2020,3.6975
9/22/2020,3.6925
9/23/2020,3.685
9/24/2020,3.635
9/25/2020,3.6525
9/28/2020,3.6675
9/29/2020,3.6475
9/30/2020,3.79
10/1/2020,3.8275
10/2/2020,3.7975
10/5/2020,3.795
10/6/2020,3.85
10/7/2020,3.8875
10/8/2020,3.87
10/9/2020,3.95
10/12/2020,3.89
10/13/2020,3.9125
10/14/2020,3.965
10/15/2020,4.0375
10/16/2020,4.02
10/19/2020,4.0525
10/20/2020,4.0875
10/21/2020,4.1375
10/22/2020,4.1625
10/23/2020,4.1925
10/26/2020,4.1775
10/27/2020,4.16
10/28/2020,4.015
10/29/2020,3.985
10/30/2020,3.985
11/2/2020,3.975
11/3/2020,4.01
11/4/2020,4.0525
11/5/2020,4.0925
11/6/2020,4.0675
11/9/2020,4.075
11/10/2020,4.23
11/11/2020,4.1725
11/12/2020,4.0825
11/13/2020,4.105
11/16/2020,4.1625
11/17/2020,4.2025
11/18/2020,4.2575
11/19/2020,4.225
11/20/2020,4.2325
11/23/2020,4.265
11/24/2020,4.271
11/25/2020,4.23
11/27/2020,4.3045
11/30/2020,4.2475
12/1/2020,4.2075
12/2/2020,4.2375
12/3/2020,4.265
12/4/2020,4.205
12/7/2020,4.24
12/8/2020,4.1975
12/9/2020,4.2375
12/10/2020,4.2125
12/11/2020,4.235
12/14/2020,4.24
12/15/2020,4.2475
12/16/2020,4.2725
12/17/2020,4.325
12/18/2020,4.375
12/21/2020,4.4
12/22/2020,4.435
12/23/2020,4.4725
12/24/2020,4.51
12/28/2020,4.565
12/29/2020,4.66
12/30/2020,4.745
12/31/2020,4.84
1/4/2021,4.8375
1/5/2021,4.9175
1/6/2021,4.95
1/7/2021,4.94
1/8/2021,4.9625
1/11/2021,4.9225
1/12/2021,5.1725
1/13/2021,5.245
1/14/2021,5.3425
1/15/2021,5.315
1/19/2021,5.26
1/20/2021,5.22
1/21/2021,5.2425
1/22/2021,5.005
1/25/2021,5.115
1/26/2021,5.3225
1/27/2021,5.34
1/28/2021,5.345
1/29/2021,5.47
2/1/2021,5.4925
2/2/2021,5.43
2/3/2021,5.52
2/4/2021,5.5
2/5/2021,5.485
2/8/2021,5.6375
2/9/2021,5.5625
2/10/2021,5.345
2/11/2021,5.41
2/12/2021,5.3875
2/16/2021,5.5225
2/17/2021,5.53
2/18/2021,5.5025
2/19/2021,5.4275
2/22/2021,5.51
2/23/2021,5.535
2/24/2021,5.5835
2/25/2021,5.5175
2/26/2021,5.491
3/1/2021,5.3825
3/2/2021,5.45
3/3/2021,5.3525
3/4/2021,5.325
3/5/2021,5.455
3/8/2021,5.47
3/9/2021,5.4575
3/10/2021,5.34
3/11/2021,5.385
3/12/2021,5.39
3/15/2021,5.495
3/16/2021,5.5425
3/17/2021,5.58
3/18/2021,5.465
3/19/2021,5.5775
3/22/2021,5.49
3/23/2021,5.5125
3/24/2021,5.5325
3/25/2021,5.465
3/26/2021,5.525
3/29/2021,5.4675
3/30/2021,5.3925
3/31/2021,5.6425
4/1/2021,5.5975
4/5/2021,5.5325
4/6/2021,5.5425
4/7/2021,5.605
4/8/2021,5.7975
4/9/2021,5.7725
4/12/2021,5.69
4/13/2021,5.8
4/14/2021,5.94
4/15/2021,5.9
4/16/2021,5.855
4/19/2021,5.92
4/20/2021,6.065
4/21/2021,6.255
4/22/2021,6.505
4/23/2021,6.555
4/26/2021,6.805
4/27/2021,6.873
4/28/2021,6.6935
4/29/2021,6.6975
4/30/2021,6.866
5/3/2021,6.795
5/4/2021,6.9675
5/5/2021,7.085
5/6/2021,7.1875
5/7/2021,7.3225
5/10/2021,7.1175
5/11/2021,7.2225
5/12/2021,7.1475
5/13/2021,6.7475
5/14/2021,6.4375
5/17/2021,6.525
5/18/2021,6.5825
5/19/2021,6.5825
5/20/2021,6.645
5/21/2021,6.595
5/24/2021,6.5725
5/25/2021,6.2025
5/26/2021,6.245
5/27/2021,6.645
5/28/2021,6.5675
6/1/2021,6.8875
6/2/2021,6.75
6/3/2021,6.62
6/4/2021,6.8275
6/7/2021,6.7925
6/8/2021,6.8
6/9/2021,6.9075
6/10/2021,6.99
6/11/2021,6.845
6/14/2021,6.5925
6/15/2021,6.675
6/16/2021,6.73
6/17/2021,6.33
6/18/2021,6.5525
6/21/2021,6.5925
6/22/2021,6.5975
6/23/2021,6.6425
6/24/2021,6.5325
6/25/2021,6.1525
6/28/2021,6.286
6/29/2021,6.1335
6/30/2021,6.234
7/1/2021,6.0175
7/2/2021,5.92
7/5/2021,5.92
7/6/2021,5.52
7/7/2021,5.4275
7/8/2021,5.3675
7/9/2021,5.295
7/12/2021,5.4525
7/13/2021,5.5125
7/14/2021,5.6825
7/15/2021,5.6425
7/16/2021,5.56
7/19/2021,5.56
7/20/2021,5.7175
7/21/2021,5.7175
7/22/2021,5.645
7/23/2021,5.4725
7/26/2021,5.4975
7/27/2021,5.4875
7/28/2021,5.4925
7/29/2021,5.58
7/30/2021,5.47
8/2/2021,5.5875
8/3/2021,5.505
8/4/2021,5.4575
8/5/2021,5.5575
8/6/2021,5.55
8/9/2021,5.5025
8/10/2021,5.4925
8/11/2021,5.5625
8/12/2021,5.67
8/13/2021,5.6825
8/16/2021,5.6475
8/17/2021,5.5825
8/18/2021,5.6175
8/19/2021,5.5
8/20/2021,5.3875
8/23/2021,5.38
8/24/2021,5.445
8/25/2021,5.5125
8/26/2021,5.5235
8/27/2021,5.563
8/30/2021,5.4175
8/31/2021,5.342
9/1/2021,5.2275
9/2/2021,5.255
9/3/2021,5.24
9/6/2021,5.24
9/7/2021,5.1075
9/8/2021,5.1025
9/9/2021,5.1
9/10/2021,5.175
9/13/2021,5.1325
9/14/2021,5.2025
9/15/2021,5.335
9/16/2021,5.295
9/17/2021,5.2725
9/20/2021,5.2175
9/21/2021,5.17
9/22/2021,5.255
9/23/2021,5.2925
9/24/2021,5.2675
9/27/2021,5.395
9/28/2021,5.325
9/29/2021,5.39
9/30/2021,5.3675
10/1/2021,5.415
10/4/2021,5.4075
10/5/2021,5.375
10/6/2021,5.3225
10/7/2021,5.34
10/8/2021,5.305
10/11/2021,5.33
10/12/2021,5.225
10/13/2021,5.1225
10/14/2021,5.1675
10/15/2021,5.2575
10/18/2021,5.3275
10/19/2021,5.3025
10/20/2021,5.3925
10/21/2021,5.3225
10/22/2021,5.38
10/25/2021,5.38
10/26/2021,5.435
10/27/2021,5.5725
10/28/2021,5.6275
10/29/2021,5.6825
11/1/2021,5.79
11/2/2021,5.73
11/3/2021,5.64
11/4/2021,5.5925
11/5/2021,5.53
11/8/2021,5.515
11/9/2021,5.5475
11/10/2021,5.6925
11/11/2021,5.695
11/12/2021,5.7725
11/15/2021,5.765
11/16/2021,5.71
11/17/2021,5.7525
11/18/2021,5.73
11/19/2021,5.7075
11/22/2021,5.7675
11/23/2021,5.805
11/24/2021,5.809
11/26/2021,5.8875
11/29/2021,5.8175
11/30/2021,5.674
12/1/2021,5.715
12/2/2021,5.7675
12/3/2021,5.84
12/6/2021,5.835
12/7/2021,5.86
12/8/2021,5.8725
12/9/2021,5.9175
12/10/2021,5.9
12/13/2021,5.85
12/14/2021,5.9025
12/15/2021,5.8575
12/16/2021,5.9125
12/17/2021,5.9325
12/20/2021,5.91
12/21/2021,5.9825
12/22/2021,6.025
12/23/2021,6.0575
12/24/2021,6.0575
12/26/2021,6.0575
12/27/2021,6.1475
12/28/2021,6.0475
12/29/2021,6.055
12/30/2021,5.96
12/31/2021,5.9325
1/3/2022,5.8925
1/4/2022,6.095
1/5/2022,6.0225
1/6/2022,6.0375
1/7/2022,6.0675
1/10/2022,5.9975
1/11/2022,6.01
1/12/2022,5.99
1/13/2022,5.875
1/14/2022,5.9625
1/18/2022,5.995
1/19/2022,6.105
1/20/2022,6.11
1/21/2022,6.1625
1/24/2022,6.21
1/25/2022,6.2
1/26/2022,6.27
1/27/2022,6.2525
1/28/2022,6.36
1/31/2022,6.26
2/1/2022,6.3475
2/2/2022,6.225
2/3/2022,6.1675
2/4/2022,6.205
2/7/2022,6.3525
2/8/2022,6.3225
2/9/2022,6.4675
2/10/2022,6.4175
2/11/2022,6.51
2/14/2022,6.5575
2/15/2022,6.38
2/16/2022,6.47
2/17/2022,6.5
2/18/2022,6.5425
2/21/2022,6.5425
2/22/2022,6.7475
2/23/2022,6.8325
2/24/2022,6.931
2/25/2022,6.5725
2/28/2022,6.921
3/1/2022,7.2575
3/2/2022,7.25
3/3/2022,7.4775
3/4/2022,7.5425
3/7/2022,7.5075
3/8/2022,7.53
3/9/2022,7.33
3/10/2022,7.5575
3/11/2022,7.625
3/14/2022,7.4825
3/15/2022,7.58
3/16/2022,7.3
3/17/2022,7.545
3/18/2022,7.4175
3/21/2022,7.5625
3/22/2022,7.53
3/23/2022,7.5775
3/24/2022,7.4825
3/25/2022,7.54
3/28/2022,7.485
3/29/2022,7.2625
3/30/2022,7.38
3/31/2022,7.4875
4/1/2022,7.35
4/4/2022,7.505
4/5/2022,7.5975
4/6/2022,7.565
4/7/2022,7.5775
4/8/2022,7.6875
4/11/2022,7.645
4/12/2022,7.7625
4/13/2022,7.835
4/14/2022,7.9025
4/15/2022,7.9025
4/18/2022,8.1325
4/19/2022,8.04
4/20/2022,8.1575
4/21/2022,7.9925
4/22/2022,7.93
4/25/2022,8.0025
4/26/2022,8.029
4/27/2022,8.142
4/28/2022,8.145
4/29/2022,8.1445
5/2/2022,8.035
5/3/2022,7.93
5/4/2022,7.9425
5/5/2022,7.975
5/6/2022,7.8475
5/9/2022,7.72
5/10/2022,7.7525
5/11/2022,7.885
5/12/2022,7.915
5/13/2022,7.8125
5/16/2022,8.095
5/17/2022,8.0075
5/18/2022,7.815
5/19/2022,7.8325
5/20/2022,7.7875
5/23/2022,7.8625
5/24/2022,7.7175
5/25/2022,7.7225
5/26/2022,7.65
5/27/2022,7.7725
5/31/2022,7.535
6/1/2022,7.3125
6/2/2022,7.3025
6/3/2022,7.27
6/6/2022,7.425
6/7/2022,7.57
6/8/2022,7.645
6/9/2022,7.73
6/10/2022,7.7325
6/13/2022,7.6925
6/14/2022,7.6825
6/15/2022,7.74
6/16/2022,7.8825
6/17/2022,7.845
6/20/2022,7.845
6/21/2022,7.6075
6/22/2022,7.68
6/23/2022,7.4675
6/24/2022,7.5025
6/27/2022,7.497
6/28/2022,7.4406
6/29/2022,7.5882
6/30/2022,7.6969
7/1/2022,7.4306
7/2/2022,7.5075
7/3/2022,7.5075
7/4/2022,7.5421
7/5/2022,7.5424
7/6/2022,7.3559
7/7/2022,7.4399
7/8/2022,7.4663
7/9/2022,7.7825
7/10/2022,7.7825
7/11/2022,7.7792
7/12/2022,7.8072
7/13/2022,7.3214
7/14/2022,7.3987
7/15/2022,6.949
7/16/2022,6.0625
7/17/2022,6.0625
7/18/2022,6.0395
7/19/2022,5.9675
7/20/2022,5.9225
7/21/2022,5.7575
7/22/2022,5.6225
7/25/2022,5.8
7/26/2022,5.97
7/27/2022,6.0025
7/28/2022,6.15
7/29/2022,6.185
8/1/2022,6.07
8/2/2022,5.9125
8/3/2022,5.915
8/4/2022,6.0225
8/5/2022,6.09
8/8/2022,6.085
8/9/2022,6.155
8/10/2022,6.2125
8/11/2022,6.2925
8/12/2022,6.365
8/15/2022,6.2675
8/16/2022,6.11
8/17/2022,6.15
8/18/2022,6.1975
8/19/2022,6.27
8/22/2022,6.335
8/23/2022,6.6
8/24/2022,6.6575
8/25/2022,6.575
8/26/2022,6.7025
8/29/2022,6.8375
8/30/2022,6.7975
8/31/2022,6.7375
9/1/2022,6.5825
9/2/2022,6.6825
9/5/2022,6.69
9/6/2022,6.8075
9/7/2022,6.7675
9/8/2022,6.745
9/9/2022,6.975
9/12/2022,7.1225
9/13/2022,7.09
9/14/2022,7.09
9/15/2022,6.775
9/16/2022,6.7925
9/19/2022,6.7825
9/20/2022,6.92
9/21/2022,6.855
9/22/2022,6.8825
9/23/2022,6.75
9/26/2022,6.6625
9/27/2022,6.675
9/28/2022,6.705
9/29/2022,6.695
9/30/2022,6.78
10/3/2022,6.8075
10/4/2022,6.83
10/5/2022,6.84
10/6/2022,6.755
10/7/2022,6.83
10/10/2022,6.9825
10/11/2022,6.93
10/12/2022,6.93
10/13/2022,6.9775
10/14/2022,6.9075
10/17/2022,6.835
10/18/2022,6.81
10/19/2022,6.7825
10/20/2022,6.84
10/21/2022,6.835
10/24/2022,6.815
10/25/2022,6.8625
10/26/2022,6.85
10/27/2022,6.8225
10/28/2022,6.7975
10/31/2022,6.915
11/1/2022,6.9775
11/2/2022,6.875
11/3/2022,6.7925
11/4/2022,6.8025
11/7/2022,6.7575
11/8/2022,6.675
11/9/2022,6.645
11/10/2022,6.5325
11/11/2022,6.575
11/14/2022,6.5725
11/15/2022,6.6675
11/16/2022,6.6525
11/17/2022,6.675
11/18/2022,6.67
11/21/2022,6.595
11/22/2022,6.5675
11/23/2022,6.6325
11/24/2022,6.6325
11/25/2022,6.6725
11/28/2022,6.6875
11/29/2022,6.6575
11/30/2022,6.62
12/1/2022,6.5
12/2/2022,6.355
12/5/2022,6.2875
12/6/2022,6.255
12/7/2022,6.2775
12/8/2022,6.32
12/9/2022,6.34
12/12/2022,6.4125
12/13/2022,6.4375
12/14/2022,6.39
12/15/2022,6.535
12/16/2022,6.535
12/19/2022,6.4725
12/20/2022,6.52
12/21/2022,6.6225
12/22/2022,6.605
12/23/2022,6.66
12/26/2022,6.6625
12/27/2022,6.7475
12/28/2022,6.8275
12/29/2022,6.795
12/30/2022,6.785
1/2/2023,6.785
1/3/2023,6.705
1/4/2023,6.5375
1/5/2023,6.5275
1/6/2023,6.5325
1/9/2023,6.5275
1/10/2023,6.55
1/11/2023,6.56
1/12/2023,6.71
1/13/2023,6.7575
1/16/2023,6.75
1/17/2023,6.8525
1/18/2023,6.8125
1/19/2023,6.7725
1/20/2023,6.77
1/23/2023,6.6625
1/24/2023,6.77
1/25/2023,6.7475
1/26/2023,6.825
1/27/2023,6.835
1/30/2023,6.8375
1/31/2023,6.7975
2/1/2023,6.81
2/2/2023,6.7525
2/3/2023,6.77
2/6/2023,6.79
2/7/2023,6.74
2/8/2023,6.785
2/9/2023,6.7075
2/10/2023,6.8075
2/13/2023,6.85
2/14/2023,6.8225
2/15/2023,6.7625
2/16/2023,6.76
2/17/2023,6.7775
2/20/2023,6.7775
2/21/2023,6.805
2/22/2023,6.74
2/23/2023,6.6025
2/24/2023,6.5
2/27/2023,6.4275
2/28/2023,6.295
3/1/2023,6.405
3/2/2023,6.3775
3/3/2023,6.4775
3/6/2023,6.445
3/7/2023,6.42
3/8/2023,6.345
3/9/2023,6.185
3/10/2023,6.2675
3/13/2023,6.245
3/14/2023,6.275
3/15/2023,6.265
3/16/2023,6.32
3/17/2023,6.3475
3/20/2023,6.33
3/21/2023,6.3
3/22/2023,6.335
3/23/2023,6.3175
3/24/2023,6.445
3/27/2023,6.4725
3/28/2023,6.4725
3/29/2023,6.505
3/30/2023,6.495
3/31/2023,6.585
4/3/2023,6.5775
4/4/2023,6.5375
4/5/2023,6.5275
4/6/2023,6.435
4/7/2023,6.435
4/10/2023,6.54
4/11/2023,6.51
4/12/2023,6.56
4/13/2023,6.5225
4/14/2023,6.6775
4/17/2023,6.765
4/18/2023,6.775
4/19/2023,6.7225
4/20/2023,6.6375
4/21/2023,6.6175
4/24/2023,6.5125
4/25/2023,6.465
4/26/2023,6.415
4/27/2023,6.27
4/28/2023,6.3475
5/1/2023,6.395
5/2/2023,6.38
5/3/2023,6.4525
5/4/2023,6.465
5/5/2023,6.5175
5/8/2023,6.565
5/9/2023,6.4225
5/10/2023,6.455
5/11/2023,6.325
5/12/2023,6.345
5/15/2023,5.925
5/16/2023,5.8125
5/17/2023,5.615
5/18/2023,5.5525
5/19/2023,5.5625
5/22/2023,5.71
5/23/2023,5.775
5/24/2023,5.8725
5/25/2023,5.9075
5/26/2023,6.05
5/29/2023,6.04
5/30/2023,5.94
5/31/2023,5.94
6/1/2023,5.925
6/2/2023,6.0775
6/5/2023,5.975
6/6/2023,6.08
6/7/2023,6.0425
6/8/2023,6.1025
6/9/2023,6.045
6/12/2023,6.1725
6/13/2023,6.125
6/14/2023,6.0775
6/15/2023,6.2325
6/16/2023,6.395
6/19/2023,6.4025
6/20/2023,6.4375
6/21/2023,6.71
6/22/2023,6.605
6/23/2023,6.2975
6/26/2023,6.3725
6/27/2023,6.23
6/28/2023,5.9
6/29/2023,5.81
6/30/2023,5.5625
7/3/2023,5.555
7/4/2023,5.555
7/5/2023,5.4825
7/6/2023,5.6675
7/7/2023,5.6
7/10/2023,5.7075
7/11/2023,5.7175
7/12/2023,5.4975
7/13/2023,5.935
7/14/2023,6.08
7/17/2023,4.9925
7/18/2023,5.2875
7/19/2023,5.455
7/20/2023,5.3725
7/21/2023,5.28
7/24/2023,5.605
7/25/2023,5.575
7/26/2023,5.4025
7/27/2023,5.3325
7/28/2023,5.22
7/31/2023,5.0275
8/1/2023,4.97
8/2/2023,4.8825
8/3/2023,4.8075
8/4/2023,4.8475
8/7/2023,4.8225
8/8/2023,4.8575
8/9/2023,4.81
8/10/2023,4.8325
8/11/2023,4.755
8/14/2023,4.7475
8/15/2023,4.64
8/16/2023,4.695
8/17/2023,4.73
8/18/2023,4.79
8/21/2023,4.6925
8/22/2023,4.665
8/23/2023,4.7625
8/24/2023,4.7225
8/25/2023,4.695
8/28/2023,4.785
8/29/2023,4.695
8/30/2023,4.6175
8/31/2023,4.61
9/1/2023,4.6525
9/4/2023,4.6475
9/5/2023,4.71
9/6/2023,4.715
9/7/2023,4.7075
9/8/2023,4.685
9/11/2023,4.7125
9/12/2023,4.6325
9/13/2023,4.64
9/14/2023,4.625
9/15/2023,4.7525
9/18/2023,4.715
9/19/2023,4.7625
9/20/2023,4.8225
9/21/2023,4.7525
9/22/2023,4.7775
9/25/2023,4.8125
9/26/2023,4.7975
9/27/2023,4.8325
9/28/2023,4.885
9/29/2023,4.76
10/2/2023,4.8875
10/3/2023,4.875
10/4/2023,4.86
10/5/2023,4.975
10/6/2023,4.925
10/9/2023,4.8825
10/10/2023,4.855
10/11/2023,4.88
10/12/2023,4.96
10/13/2023,4.94
10/16/2023,4.9
10/17/2023,4.89
10/18/2023,4.92
10/19/2023,5.05
10/20/2023,4.955
10/23/2023,4.9075
10/24/2023,4.84
10/25/2023,4.8
10/26/2023,4.7925
10/27/2023,4.815
10/30/2023,4.7825
10/31/2023,4.7875
11/1/2023,4.75
11/2/2023,4.7
11/3/2023,4.78
11/6/2023,4.7775
11/7/2023,4.69
11/8/2023,4.75
11/9/2023,4.68
11/10/2023,4.64
11/13/2023,4.7725
11/14/2023,4.7825
11/15/2023,4.7075
11/16/2023,4.7475
11/17/2023,4.68
11/20/2023,4.655
11/24/2023,4.6375
11/27/2023,4.6325
11/28/2023,4.555
11/29/2023,4.515
11/30/2023,4.4975
12/1/2023,4.6175
12/4/2023,4.645
12/5/2023,4.6025
12/6/2023,4.685
12/7/2023,4.6825
12/8/2023,4.6625
12/11/2023,4.605
12/12/2023,4.625
12/13/2023,4.5675
12/14/2023,4.5675
12/15/2023,4.825
12/18/2023,4.77
12/19/2023,4.7275
12/20/2023,4.6975
12/21/2023,4.725
12/22/2023,4.7275
12/25/2023,4.73
12/26/2023,4.8025
12/27/2023,4.765
12/28/2023,4.7425
12/29/2023,4.7075
1/1/2024,4.7125
1/2/2024,4.6375
1/3/2024,4.6525
1/4/2024,4.665
1/5/2024,4.6175
1/8/2024,4.55
1/9/2024,4.5925
1/10/2024,4.595
1/11/2024,4.5775
1/12/2024,4.4875
1/15/2024,4.47
1/16/2024,4.435
1/17/2024,4.4225
1/18/2024,4.44
1/19/2024,4.4525
1/22/2024,4.4575
1/23/2024,4.465
1/24/2024,4.5225
1/25/2024,4.5175
1/26/2024,4.465
1/29/2024,4.4025
1/30/2024,4.4775
1/31/2024,4.4825
2/1/2024,4.4725
2/2/2024,4.4275
2/5/2024,4.4275
2/6/2024,4.3875
2/7/2024,4.3425
2/8/2024,4.3325
2/9/2024,4.305
2/12/2024,4.305
2/13/2024,4.3075
2/14/2024,4.2425
2/15/2024,4.1775
2/16/2024,4.165
2/19/2024,4.165
2/20/2024,4.1875
2/21/2024,4.11
2/22/2024,4.06
2/23/2024,3.9975
2/26/2024,4.07
2/27/2024,4.0825
2/28/2024,4.1325
2/29/2024,4.1575
3/1/2024,4.1225
3/4/2024,4.175
3/5/2024,4.135
3/6/2024,4.18
3/7/2024,4.26
3/8/2024,4.26
3/11/2024,4.2825
3/12/2024,4.29
3/13/2024,4.265
3/14/2024,4.3375
3/15/2024,4.38
3/18/2024,4.36
3/19/2024,4.395
3/20/2024,4.39
3/21/2024,4.4075
3/22/2024,4.395
3/25/2024,4.3775
3/26/2024,4.325
3/27/2024,4.2675
3/28/2024,4.4225
3/29/2024,4.4225
4/1/2024,4.355
4/2/2024,4.265
4/3/2024,4.3175
4/4/2024,4.3525
4/5/2024,4.3375
4/8/2024,4.355
4/9/2024,4.3125
4/10/2024,4.3425
4/11/2024,4.3425
4/12/2024,4.2875
4/15/2024,4.355
4/16/2024,4.315
4/17/2024,4.31
4/18/2024,4.3025
4/19/2024,4.2675
4/22/2024,4.335
4/23/2024,4.4
4/24/2024,4.43
4/25/2024,4.375
4/26/2024,4.4125
4/29/2024,4.4
4/30/2024,4.4075
5/1/2024,4.43
5/2/2024,4.5125
5/3/2024,4.47
5/6/2024,4.57
5/7/2024,4.5375
5/8/2024,4.455
5/9/2024,4.4275
5/10/2024,4.5525
5/13/2024,4.615
5/14/2024,4.5575
5/15/2024,4.63
5/16/2024,4.625
5/17/2024,4.5275
5/20/2024,4.6025
5/21/2024,4.58
5/22/2024,4.61
5/23/2024,4.645
5/24/2024,4.65
5/27/2024,4.65
5/28/2024,4.6325
5/29/2024,4.555
5/30/2024,4.485
5/31/2024,4.4575
6/3/2024,4.43
6/4/2024,4.42
6/5/2024,4.3925
6/6/2024,4.3925
6/7/2024,4.5325
6/10/2024,4.51
6/11/2024,4.4925
6/12/2024,4.5325
6/13/2024,4.5825
6/14/2024,4.485
6/17/2024,4.4375
6/18/2024,4.48
6/19/2024,4.48
6/20/2024,4.3975
6/21/2024,4.3525
6/24/2024,4.3525
6/25/2024,4.2375
6/26/2024,4.19
6/27/2024,4.15
6/28/2024,3.98
7/1/2024,3.9875
7/2/2024,3.9875
7/3/2024,4.0375
7/4/2024,4.0375
7/5/2024,4.12
7/8/2024,3.9825
7/9/2024,3.9975
7/10/2024,4.0575
7/11/2024,4.09
7/12/2024,4.035
7/15/2024,3.8975
7/16/2024,3.96
7/17/2024,3.99
7/18/2024,3.915
7/19/2024,3.915
7/22/2024,4.005
7/23/2024,4.02
7/24/2024,4.0375
7/25/2024,4.065
7/26/2024,3.9475
7/29/2024,3.9675
7/30/2024,3.8775
7/31/2024,3.8775
8/1/2024,3.835
8/2/2024,3.87
8/5/2024,3.9125
8/6/2024,3.9125
8/7/2024,3.8775
8/8/2024,3.7875
8/9/2024,3.77
8/12/2024,3.835
8/13/2024,3.835
8/14/2024,3.775
8/15/2024,3.75
8/16/2024,3.75
8/19/2024,3.7825
8/20/2024,3.755
8/21/2024,3.76
8/22/2024,3.7075
8/23/2024,3.6775
8/26/2024,3.6775
8/27/2024,3.6725
8/28/2024,3.6725
8/29/2024,3.705
8/30/2024,3.785
9/2/2024,3.785
9/3/2024,3.8525
9/4/2024,3.9125
9/5/2024,3.9
9/6/2024,3.83
9/9/2024,3.8425
9/10/2024,3.81
9/11/2024,3.81
9/12/2024,3.875
9/13/2024,4.1375
9/16/2024,4.1025
9/17/2024,4.1225
9/18/2024,4.1225
9/19/2024,4.0575
9/20/2024,4.015
9/23/2024,4.13
9/24/2024,4.13
9/25/2024,4.1175
9/26/2024,4.15
9/27/2024,4.175
9/30/2024,4.175
10/1/2024,4.24
10/2/2024,4.3175
10/3/2024,4.28
10/4/2024,4.2525
10/7/2024,4.2525
10/8/2024,4.265
10/9/2024,4.2125
10/10/2024,4.2125
10/11/2024,4.165
10/14/2024,4.0775
10/15/2024,4.015
10/16/2024,4.015
10/17/2024,4.045
10/18/2024,4.0675
10/21/2024,4.095
10/22/2024,4.095
10/23/2024,4.19
10/24/2024,4.215
10/25/2024,4.215
10/28/2024,0
10/29/2024,4.1375
10/30/2024,4.115
10/31/2024,4.1125
11/1/2024,4.1475
11/4/2024,4.1625
11/5/2024,4.185
11/6/2024,4.265
11/7/2024,4.2825
11/8/2024,4.3125
11/11/2024,4.295
11/12/2024,4.295
11/13/2024,4.26
11/14/2024,4.1875
11/15/2024,4.24
11/18/2024,4.2925
11/19/2024,4.2925
11/20/2024,4.2725
11/21/2024,4.27
11/22/2024,4.26
11/25/2024,4.26
11/26/2024,4.195
11/27/2024,4.15
11/28/2024,4.15
11/29/2024,4.2325
12/2/2024,4.2525
12/3/2024,4.235
12/4/2024,4.2225
12/5/2024,4.2575
12/6/2024,4.3125
12/9/2024,4.335
12/10/2024,4.405
12/11/2024,4.395
12/12/2024,4.3275
12/13/2024,4.3275
12/16/2024,4.45
12/17/2024,4.435
12/18/2024,4.435
12/19/2024,4.375
12/20/2024,4.46
12/23/2024,4.4775
12/24/2024,4.485
12/25/2024,4.485
12/26/2024,4.5375
12/27/2024,4.5375
12/30/2024,4.5275
12/31/2024,4.5875
1/1/2025,4.5875
1/2/2025,4.5875
1/3/2025,4.595
1/6/2025,4.5675
1/7/2025,4.5775
1/8/2025,4.5775
1/9/2025,4.54
1/10/2025,4.71
1/13/2025,4.7575
1/14/2025,4.7575
1/15/2025,4.7875
1/16/2025,4.7875
1/17/2025,4.8475
1/20/2025,4.8475
1/21/2025,4.895
1/22/2025,4.8425
1/23/2025,4.8925
1/24/2025,4.8575
1/27/2025,4.8225
1/28/2025,4.8225
1/29/2025,4.8525
1/30/2025,4.9625
1/31/2025,4.8275
2/3/2025,4.88
2/4/2025,4.94
2/5/2025,4.9325
2/6/2025,4.955
2/7/2025,4.875
2/10/2025,4.9175
2/11/2025,4.9175
2/12/2025,4.9075
2/13/2025,4.9325
2/14/2025,4.965
2/17/2025,4.965
2/18/2025,5.02
2/19/2025,4.9775
2/20/2025,4.975
2/21/2025,4.905
2/24/2025,4.98
2/25/2025,4.805
2/26/2025,4.79
2/27/2025,4.64
2/28/2025,4.64
3/3/2025,4.405
3/4/2025,4.37
3/5/2025,4.4125
3/6/2025,4.4125
3/7/2025,4.555
3/10/2025,4.58
3/11/2025,4.6
3/12/2025,4.4925
3/13/2025,4.55
3/14/2025,4.4325
3/17/2025,4.5875
3/18/2025,4.5775
3/19/2025,4.62
3/20/2025,4.62
3/21/2025,4.63
3/24/2025,4.645
3/25/2025,4.585
3/26/2025,4.585
3/27/2025,4.5
3/28/2025,4.53
3/31/2025,4.53
4/1/2025,4.6025
4/2/2025,4.6025
4/3/2025,4.585
4/4/2025,4.605
4/7/2025,4.645
4/8/2025,4.645
4/9/2025,4.735
4/10/2025,4.825
4/11/2025,4.895
4/14/2025,4.8425
4/15/2025,4.8075
4/16/2025,4.8375
4/17/2025,4.825
4/18/2025,4.825
4/21/2025,4.82
4/22/2025,4.75
4/23/2025,4.72
4/24/2025,4.72
4/25/2025,4.7725
4/28/2025,4.7525
4/29/2025,4.7525
4/30/2025,4.67
5/1/2025,4.67
5/2/2025,4.6075
5/5/2025,4.475
5/6/2025,4.48
5/7/2025,4.42
5/8/2025,4.4025
5/9/2025,4.4025
5/12/2025,4.4
5/13/2025,4.4
5/14/2025,4.385
5/15/2025,4.4825
5/16/2025,4.43
5/19/2025,4.47
5/20/2025,4.545
5/21/2025,4.6
5/22/2025,4.6275
5/23/2025,4.6275
5/26/2025,4.59
5/27/2025,4.5825
5/28/2025,4.5075
5/29/2025,4.47
5/30/2025,4.435
6/2/2025,4.3825
6/3/2025,4.3825
6/4/2025,4.38
6/5/2025,4.3825
6/6/2025,4.42
6/9/2025,4.42
6/10/2025,4.39
6/11/2025,4.365
6/12/2025,4.385
6/13/2025,4.385
6/16/2025,4.3425
6/17/2025,4.3075
6/18/2025,4.3275
6/19/2025,4.3275
6/20/2025,4.29
6/23/2025,4.185
6/24/2025,4.185
6/25/2025,4.15
6/26/2025,4.105
6/27/2025,4.175
6/30/2025,4.175
7/1/2025,4.21
7/2/2025,4.2
7/3/2025,4.3025
7/4/2025,4.33
7/7/2025,4.33
7/8/2025,4.2025
7/9/2025,4.1225
7/10/2025,4.1375
7/11/2025,4.0725
7/14/2025,4.0975
7/15/2025,4.1275
7/16/2025,4.0125
7/17/2025,4.0525
7/18/2025,4.02
7/21/2025,4.085
7/22/2025,4.0375
7/23/2025,3.9925
7/24/2025,3.985
7/25/2025,4.0175
7/28/2025,3.995
7/29/2025,3.9375
7/30/2025,3.8925
7/31/2025,3.9175
8/1/2025,3.94
8/4/2025,3.87
8/5/2025,3.87
8/6/2025,3.815
8/7/2025,3.7975
8/8/2025,3.845
8/11/2025,3.85
8/12/2025,3.85
8/13/2025,3.715
8/14/2025,3.74
8/15/2025,3.75
8/18/2025,3.8425
8/19/2025,3.83
8/20/2025,3.795
8/21/2025,3.8725
8/22/2025,3.8725
8/25/2025,3.8825
8/26/2025,3.8925
8/27/2025,3.875
8/28/2025,3.825
8/29/2025,3.855
9/1/2025,3.9825
9/2/2025,3.9825
9/3/2025,3.9775
9/4/2025,3.9775
9/5/2025,3.9975
9/8/2025,3.9775
9/9/2025,4.03
9/10/2025,4.0125
9/11/2025,3.9725
9/12/2025,3.99
9/15/2025,4.2325
9/16/2025,4.2325
9/17/2025,4.295
9/18/2025,4.2675
9/19/2025,4.2375
9/22/2025,4.2425
9/23/2025,4.2175
9/24/2025,4.2625
9/25/2025,4.2425
9/26/2025,4.2575
9/29/2025,4.215
9/30/2025,4.215
10/1/2025,4.155
10/2/2025,4.165
10/3/2025,4.2175
10/6/2025,4.195
10/7/2025,4.2175
10/8/2025,4.1975
10/9/2025,4.22
10/10/2025,4.1825
10/13/2025,4.135
10/14/2025,4.13
10/15/2025,4.13
10/16/2025,4.1675
10/17/2025,4.2175
10/20/2025,4.23
10/21/2025,4.2325
10/22/2025,4.1975
10/23/2025,4.23
10/24/2025,4.28
10/27/2025,4.24
10/28/2025,4.2875
10/29/2025,4.34
10/30/2025,4.3025
10/31/2025,4.31
11/3/2025,4.3425
11/4/2025,4.315
11/5/2025,4.3525
11/6/2025,4.2875
11/7/2025,4.2725
11/10/2025,4.2975
11/11/2025,4.32
11/12/2025,4.3525
11/13/2025,4.415
11/14/2025,4.3025
11/17/2025,4.3475
11/18/2025,4.3675
11/19/2025,4.2975
11/20/2025,4.265
11/21/2025,4.255
11/24/2025,4.2375
11/25/2025,4.235
11/26/2025,4.3175
11/27/2025,4.3175
11/28/2025,4.355
12/1/2025,4.3275
12/2/2025,4.38
12/3/2025,4.315
12/4/2025,4.3775
12/5/2025,4.3675
12/8/2025,4.3625
12/9/2025,4.4075
12/10/2025,4.3475
12/11/2025,4.3525
12/12/2025,4.325
12/15/2025,4.3975
12/16/2025,4.365
12/17/2025,4.405
12/18/2025,4.445
12/19/2025,4.4375
12/22/2025,4.47
12/23/2025,4.4725
12/24/2025,4.505
12/25/2025,4.51
12/26/2025,4.495
12/29/2025,4.425
12/30/2025,4.405
12/31/2025,4.41
1/1/2026,4.4025
1/2/2026,4.37
1/5/2026,4.445
1/6/2026,4.4375
1/7/2026,4.4625
1/8/2026,4.4575
1/9/2026,4.4525
1/12/2026,4.2175
1/13/2026,4.2025
1/14/2026,4.2225
1/15/2026,4.2025
1/16/2026,4.25
1/19/2026,4.25
1/20/2026,4.24
1/21/2026,4.2175
1/22/2026,4.24
1/23/2026,4.3075
1/26/2026,4.285
1/27/2026,4.265
1/28/2026,4.3075
1/29/2026,4.31
1/30/2026,4.2825
2/2/2026,4.2575
2/3/2026,4.285
2/4/2026,4.295
2/5/2026,4.35
2/6/2026,4.3025
2/9/2026,4.2875
2/10/2026,4.2875
2/11/2026,4.275
2/12/2026,4.3125
2/13/2026,4.3175
2/16/2026,4.3175
2/17/2026,4.2625
2/18/2026,4.27
2/19/2026,4.2575
2/20/2026,4.275
2/23/2026,4.275
2/24/2026,4.2775
2/25/2026,4.305
2/26/2026,4.3325
2/27/2026,4.3875
3/2/2026,4.3325
3/3/2026,4.3425
3/4/2026,4.3175
3/5/2026,4.415
3/6/2026,4.47
3/9/2026,4.375
3/10/2026,4.3625
3/11/2026,4.4425
3/12/2026,4.4825
3/13/2026,4.535
3/16/2026,4.54
3/17/2026,4.54
3/18/2026,4.6325
3/19/2026,4.6975
3/20/2026,4.6625
3/23/2026,4.595
3/24/2026,4.625
3/25/2026,4.6725
3/26/2026,4.67
3/27/2026,4.62
3/30/2026,4.5575
3/31/2026,4.5775
4/1/2026,4.5425
4/2/2026,4.5225
4/3/2026,4.52
4/6/2026,4.54
4/7/2026,4.49
4/8/2026,4.4725
4/9/2026,4.44
4/10/2026,4.4075
4/13/2026,4.4025
4/14/2026,4.43
4/15/2026,4.5125
4/16/2026,4.485
4/17/2026,4.48
4/20/2026,4.52
4/21/2026,4.5375
4/22/2026,4.5425
4/23/2026,4.555
4/24/2026,4.55
4/27/2026,4.6075
4/28/2026,4.6525
4/29/2026,4.665
4/30/2026,4.6475
5/1/2026,4.6825
5/4/2026,4.7375
5/5/2026,4.655
5/6/2026,4.5275
5/7/2026,4.5275
5/8/2026,4.5625
5/11/2026,4.6075
5/12/2026,4.6725
5/13/2026,4.665
5/14/2026,4.515
5/15/2026,4.5525
5/18/2026,4.77
5/19/2026,4.7525
5/20/2026,4.6575
5/21/2026,4.6225
5/22/2026,4.6375
5/25/2026,4.6375
5/26/2026,4.575
5/27/2026,4.525
5/28/2026,4.5575
5/29/2026,4.47
6/1/2026,4.44
6/2/2026,4.405
6/3/2026,4.315
6/4/2026,4.245
6/5/2026,4.175
6/8/2026,4.1875
6/9/2026,4.195
6/10/2026,4.19
6/11/2026,4.1175
6/12/2026,4.1325
6/15/2026,4.155
6/16/2026,4.1375
6/17/2026,4.21
6/18/2026,4.175
6/19/2026,4.175
6/22/2026,4.115
6/23/2026,4.0975
6/24/2026,4.07
6/25/2026,4.1475
6/26/2026,4.1275
6/29/2026,4.02
6/30/2026,4.1275
7/1/2026,4.21
7/2/2026,4.25
7/3/2026,4.245
7/6/2026,4.4075
7/7/2026,4.425
7/8/2026,4.3475
7/9/2026,4.2775
7/10/2026,4.38
7/13/2026,4.3775
7/14/2026,4.3375
7/15/2026,4.475
7/16/2026,4.415
7/17/2026,4.455
7/20/2026,4.495
7/21/2026,4.5275
