Date,Value
6/2/1969,0.26
6/3/1969,0.26
6/4/1969,0.26
6/5/1969,0.26
6/6/1969,0.26
6/9/1969,0.26
6/10/1969,0.26
6/11/1969,0.26
6/12/1969,0.26
6/13/1969,0.26
6/16/1969,0.26
6/17/1969,0.26
6/18/1969,0.26
6/19/1969,0.26
6/20/1969,0.26
6/23/1969,0.26
6/24/1969,0.26
6/25/1969,0.26
6/26/1969,0.26
6/27/1969,0.26
6/30/1969,0.26
7/1/1969,0.26
7/2/1969,0.26
7/3/1969,0.26
7/7/1969,0.26
7/8/1969,0.26
7/9/1969,0.26
7/10/1969,0.26
7/11/1969,0.26
7/14/1969,0.26
7/15/1969,0.26
7/16/1969,0.26
7/17/1969,0.26
7/18/1969,0.26
7/22/1969,0.26
7/23/1969,0.26
7/24/1969,0.26
7/25/1969,0.26
7/28/1969,0.26
7/29/1969,0.26
7/30/1969,0.26
7/31/1969,0.26
8/1/1969,0.26
8/4/1969,0.26
8/5/1969,0.26
8/6/1969,0.26
8/7/1969,0.26
8/8/1969,0.26
8/11/1969,0.26
8/12/1969,0.26
8/13/1969,0.26
8/14/1969,0.26
8/15/1969,0.26
8/18/1969,0.26
8/19/1969,0.26
8/20/1969,0.26
8/21/1969,0.26
8/22/1969,0.26
8/25/1969,0.26
8/26/1969,0.26
8/27/1969,0.26
8/28/1969,0.26
8/29/1969,0.26
9/2/1969,0.26
9/3/1969,0.26
9/4/1969,0.25
9/5/1969,0.25
9/8/1969,0.25
9/9/1969,0.25
9/10/1969,0.25
9/11/1969,0.25
9/12/1969,0.25
9/15/1969,0.25
9/16/1969,0.25
9/17/1969,0.25
9/18/1969,0.25
9/19/1969,0.25
9/22/1969,0.25
9/23/1969,0.25
9/24/1969,0.25
9/25/1969,0.25
9/26/1969,0.25
9/29/1969,0.25
9/30/1969,0.25
10/1/1969,0.25
10/2/1969,0.25
10/3/1969,0.25
10/6/1969,0.25
10/7/1969,0.25
10/8/1969,0.25
10/9/1969,0.25
10/10/1969,0.25
10/13/1969,0.25
10/14/1969,0.25
10/15/1969,0.25
10/16/1969,0.25
10/17/1969,0.25
10/20/1969,0.25
10/21/1969,0.25
10/22/1969,0.25
10/23/1969,0.25
10/24/1969,0.25
10/27/1969,0.25
10/28/1969,0.25
10/29/1969,0.25
10/30/1969,0.25
10/31/1969,0.25
11/3/1969,0.25
11/4/1969,0.25
11/5/1969,0.25
11/6/1969,0.25
11/7/1969,0.25
11/10/1969,0.25
11/11/1969,0.25
11/12/1969,0.25
11/13/1969,0.25
11/14/1969,0.25
11/17/1969,0.25
11/18/1969,0.25
11/19/1969,0.25
11/20/1969,0.25
11/21/1969,0.25
11/24/1969,0.25
11/25/1969,0.25
11/26/1969,0.25
11/28/1969,0.25
12/1/1969,0.25
12/2/1969,0.25
12/3/1969,0.25
12/4/1969,0.25
12/5/1969,0.25
12/8/1969,0.25
12/9/1969,0.25
12/10/1969,0.25
12/11/1969,0.25
12/12/1969,0.25
12/15/1969,0.25
12/16/1969,0.25
12/17/1969,0.25
12/18/1969,0.25
12/19/1969,0.25
12/22/1969,0.25
12/23/1969,0.25
12/24/1969,0.25
12/26/1969,0.25
12/29/1969,0.25
12/30/1969,0.25
12/31/1969,0.25
1/2/1970,0.25
1/5/1970,0.25
1/6/1970,0.25
1/7/1970,0.25
1/8/1970,0.25
1/9/1970,0.25
1/12/1970,0.25
1/13/1970,0.25
1/14/1970,0.25
1/15/1970,0.25
1/16/1970,0.25
1/19/1970,0.25
1/20/1970,0.25
1/21/1970,0.25
1/22/1970,0.25
1/23/1970,0.25
1/26/1970,0.25
1/27/1970,0.25
1/28/1970,0.25
1/29/1970,0.25
1/30/1970,0.25
2/2/1970,0.25
2/3/1970,0.25
2/4/1970,0.25
2/5/1970,0.25
2/6/1970,0.25
2/9/1970,0.25
2/10/1970,0.25
2/11/1970,0.25
2/12/1970,0.25
2/13/1970,0.25
2/16/1970,0.25
2/17/1970,0.25
2/18/1970,0.25
2/19/1970,0.25
2/20/1970,0.25
2/24/1970,0.25
2/25/1970,0.25
2/26/1970,0.25
2/27/1970,0.25
3/2/1970,0.25
3/3/1970,0.25
3/4/1970,0.25
3/5/1970,0.25
3/6/1970,0.25
3/9/1970,0.25
3/10/1970,0.25
3/11/1970,0.25
3/12/1970,0.25
3/13/1970,0.25
3/16/1970,0.25
3/17/1970,0.25
3/18/1970,0.25
3/19/1970,0.25
3/20/1970,0.25
3/23/1970,0.25
3/24/1970,0.25
3/25/1970,0.25
3/26/1970,0.25
3/30/1970,0.25
3/31/1970,0.25
4/1/1970,0.25
4/2/1970,0.25
4/3/1970,0.2525
4/6/1970,0.2525
4/7/1970,0.2525
4/8/1970,0.2525
4/9/1970,0.2525
4/10/1970,0.2525
4/13/1970,0.2525
4/14/1970,0.2525
4/15/1970,0.2525
4/16/1970,0.2525
4/17/1970,0.2525
4/20/1970,0.2525
4/21/1970,0.2525
4/22/1970,0.2525
4/23/1970,0.2525
4/24/1970,0.2525
4/27/1970,0.2525
4/28/1970,0.2525
4/29/1970,0.2525
4/30/1970,0.2525
5/1/1970,0.2525
5/4/1970,0.2525
5/5/1970,0.2525
5/6/1970,0.2525
5/7/1970,0.255
5/8/1970,0.255
5/11/1970,0.255
5/12/1970,0.255
5/13/1970,0.255
5/14/1970,0.255
5/15/1970,0.255
5/18/1970,0.255
5/19/1970,0.255
5/20/1970,0.255
5/21/1970,0.255
5/22/1970,0.255
5/25/1970,0.255
5/26/1970,0.255
5/27/1970,0.255
5/28/1970,0.2575
5/29/1970,0.2575
6/1/1970,0.2575
6/2/1970,0.2575
6/3/1970,0.2575
6/4/1970,0.2575
6/5/1970,0.2575
6/8/1970,0.2575
6/9/1970,0.2575
6/10/1970,0.2575
6/11/1970,0.26
6/12/1970,0.26
6/15/1970,0.26
6/16/1970,0.26
6/17/1970,0.26
6/18/1970,0.26
6/19/1970,0.26
6/22/1970,0.26
6/23/1970,0.26
6/24/1970,0.26
6/25/1970,0.26
6/26/1970,0.26
6/29/1970,0.26
6/30/1970,0.26
7/1/1970,0.26
7/2/1970,0.26
7/6/1970,0.26
7/7/1970,0.26
7/8/1970,0.26
7/9/1970,0.26
7/10/1970,0.26
7/13/1970,0.26
7/14/1970,0.26
7/15/1970,0.26
7/16/1970,0.2625
7/17/1970,0.2625
7/20/1970,0.2625
7/21/1970,0.2625
7/22/1970,0.2625
7/23/1970,0.2625
7/24/1970,0.2625
7/27/1970,0.2625
7/28/1970,0.2625
7/29/1970,0.2625
7/30/1970,0.2625
7/31/1970,0.2625
8/3/1970,0.2625
8/4/1970,0.2625
8/5/1970,0.2625
8/6/1970,0.2625
8/7/1970,0.2625
8/10/1970,0.2625
8/11/1970,0.2625
8/12/1970,0.2625
8/13/1970,0.2625
8/14/1970,0.2625
8/17/1970,0.2625
8/18/1970,0.2625
8/19/1970,0.2625
8/20/1970,0.2575
8/21/1970,0.2575
8/24/1970,0.2575
8/25/1970,0.2575
8/26/1970,0.2575
8/27/1970,0.255
8/28/1970,0.255
8/31/1970,0.255
9/1/1970,0.255
9/2/1970,0.255
9/3/1970,0.255
9/4/1970,0.2525
9/8/1970,0.2525
9/9/1970,0.2525
9/10/1970,0.2525
9/11/1970,0.2525
9/14/1970,0.2525
9/15/1970,0.2525
9/16/1970,0.2525
9/17/1970,0.2525
9/18/1970,0.2525
9/21/1970,0.2525
9/22/1970,0.2525
9/23/1970,0.2525
9/24/1970,0.2525
9/25/1970,0.2525
9/28/1970,0.2525
9/29/1970,0.2525
9/30/1970,0.2525
10/1/1970,0.25
10/2/1970,0.25
10/5/1970,0.25
10/6/1970,0.25
10/7/1970,0.25
10/8/1970,0.2475
10/9/1970,0.2475
10/12/1970,0.2475
10/13/1970,0.2475
10/14/1970,0.2475
10/15/1970,0.25
10/16/1970,0.25
10/19/1970,0.25
10/20/1970,0.25
10/21/1970,0.25
10/22/1970,0.25
10/23/1970,0.25
10/26/1970,0.25
10/27/1970,0.25
10/28/1970,0.25
10/29/1970,0.25
10/30/1970,0.25
11/2/1970,0.25
11/3/1970,0.25
11/4/1970,0.25
11/5/1970,0.25
11/6/1970,0.25
11/9/1970,0.25
11/10/1970,0.25
11/11/1970,0.25
11/12/1970,0.25
11/13/1970,0.25
11/16/1970,0.25
11/17/1970,0.25
11/18/1970,0.25
11/19/1970,0.25
11/20/1970,0.25
11/23/1970,0.25
11/24/1970,0.25
11/25/1970,0.25
11/27/1970,0.25
11/30/1970,0.25
12/1/1970,0.25
12/2/1970,0.25
12/3/1970,0.25
12/4/1970,0.25
12/7/1970,0.25
12/8/1970,0.25
12/9/1970,0.25
12/10/1970,0.25
12/11/1970,0.25
12/14/1970,0.25
12/15/1970,0.25
12/16/1970,0.25
12/17/1970,0.25
12/18/1970,0.25
12/21/1970,0.25
12/22/1970,0.25
12/23/1970,0.25
12/24/1970,0.25
12/28/1970,0.25
12/29/1970,0.25
12/30/1970,0.25
12/31/1970,0.25
1/4/1971,0.25
1/5/1971,0.25
1/6/1971,0.25
1/7/1971,0.25
1/8/1971,0.25
1/11/1971,0.25
1/12/1971,0.25
1/13/1971,0.25
1/14/1971,0.25
1/15/1971,0.25
1/18/1971,0.25
1/19/1971,0.25
1/20/1971,0.25
1/21/1971,0.25
1/22/1971,0.25
1/25/1971,0.25
1/26/1971,0.25
1/27/1971,0.25
1/28/1971,0.2525
1/29/1971,0.2525
2/1/1971,0.2525
2/2/1971,0.2525
2/3/1971,0.2525
2/4/1971,0.2575
2/5/1971,0.2575
2/8/1971,0.2575
2/9/1971,0.2575
2/10/1971,0.2575
2/11/1971,0.2575
2/12/1971,0.2575
2/16/1971,0.2575
2/17/1971,0.2575
2/18/1971,0.2575
2/19/1971,0.2575
2/22/1971,0.2575
2/23/1971,0.2575
2/24/1971,0.2575
2/25/1971,0.2575
2/26/1971,0.2575
3/1/1971,0.2575
3/2/1971,0.2575
3/3/1971,0.2575
3/4/1971,0.2575
3/5/1971,0.2575
3/8/1971,0.2575
3/9/1971,0.2575
3/10/1971,0.2575
3/11/1971,0.2575
3/12/1971,0.2575
3/15/1971,0.2575
3/16/1971,0.2575
3/17/1971,0.2575
3/18/1971,0.2575
3/19/1971,0.2575
3/22/1971,0.2575
3/23/1971,0.2575
3/24/1971,0.2575
3/25/1971,0.2575
3/26/1971,0.2575
3/29/1971,0.2575
3/30/1971,0.2575
3/31/1971,0.2575
4/1/1971,0.2575
4/2/1971,0.2575
4/5/1971,0.2575
4/6/1971,0.2575
4/7/1971,0.2575
4/8/1971,0.2575
4/12/1971,0.2575
4/13/1971,0.2575
4/14/1971,0.2575
4/15/1971,0.2575
4/16/1971,0.2575
4/19/1971,0.2575
4/20/1971,0.2575
4/21/1971,0.2575
4/22/1971,0.26
4/23/1971,0.26
4/26/1971,0.26
4/27/1971,0.26
4/28/1971,0.26
4/29/1971,0.26
4/30/1971,0.26
5/3/1971,0.26
5/4/1971,0.26
5/5/1971,0.26
5/6/1971,0.26
5/7/1971,0.26
5/10/1971,0.26
5/11/1971,0.26
5/12/1971,0.26
5/13/1971,0.26
5/14/1971,0.26
5/17/1971,0.26
5/18/1971,0.26
5/19/1971,0.26
5/20/1971,0.26
5/21/1971,0.26
5/24/1971,0.26
5/25/1971,0.26
5/26/1971,0.265
5/27/1971,0.265
5/28/1971,0.265
6/1/1971,0.265
6/2/1971,0.265
6/3/1971,0.265
6/4/1971,0.265
6/7/1971,0.265
6/8/1971,0.265
6/9/1971,0.265
6/10/1971,0.265
6/11/1971,0.2675
6/14/1971,0.2675
6/15/1971,0.2675
6/16/1971,0.2675
6/17/1971,0.27
6/18/1971,0.27
6/21/1971,0.27
6/22/1971,0.27
6/23/1971,0.27
6/24/1971,0.27
6/25/1971,0.27
6/28/1971,0.27
6/29/1971,0.27
6/30/1971,0.27
7/1/1971,0.27
7/2/1971,0.27
7/6/1971,0.27
7/7/1971,0.27
7/8/1971,0.27
7/9/1971,0.27
7/12/1971,0.27
7/13/1971,0.27
7/14/1971,0.27
7/15/1971,0.2725
7/16/1971,0.2725
7/19/1971,0.2725
7/20/1971,0.2725
7/21/1971,0.2725
7/22/1971,0.275
7/23/1971,0.275
7/26/1971,0.275
7/27/1971,0.275
7/28/1971,0.275
7/29/1971,0.275
7/30/1971,0.275
8/2/1971,0.287
8/3/1971,0.287
8/4/1971,0.287
8/5/1971,0.287
8/6/1971,0.287
8/9/1971,0.287
8/10/1971,0.287
8/11/1971,0.287
8/12/1971,0.287
8/13/1971,0.287
8/16/1971,0.287
8/17/1971,0.287
8/18/1971,0.287
8/19/1971,0.287
8/20/1971,0.287
8/23/1971,0.287
8/24/1971,0.287
8/25/1971,0.287
8/26/1971,0.2895
8/27/1971,0.2895
8/30/1971,0.2895
8/31/1971,0.2895
9/1/1971,0.2895
9/2/1971,0.2895
9/3/1971,0.2895
9/7/1971,0.2895
9/8/1971,0.2895
9/9/1971,0.2895
9/10/1971,0.2895
9/13/1971,0.2895
9/14/1971,0.2895
9/15/1971,0.2895
9/16/1971,0.292
9/17/1971,0.292
9/20/1971,0.292
9/21/1971,0.292
9/22/1971,0.292
9/23/1971,0.292
9/24/1971,0.292
9/27/1971,0.292
9/28/1971,0.292
9/29/1971,0.292
9/30/1971,0.2945
10/1/1971,0.2945
10/4/1971,0.2945
10/5/1971,0.2945
10/6/1971,0.2945
10/7/1971,0.297
10/8/1971,0.297
10/11/1971,0.297
10/12/1971,0.297
10/13/1971,0.297
10/14/1971,0.297
10/15/1971,0.297
10/18/1971,0.297
10/19/1971,0.297
10/20/1971,0.297
10/21/1971,0.2995
10/22/1971,0.2995
10/25/1971,0.2995
10/26/1971,0.2995
10/27/1971,0.2995
10/28/1971,0.2995
10/29/1971,0.2995
11/1/1971,0.2995
11/2/1971,0.2995
11/3/1971,0.2995
11/4/1971,0.2995
11/5/1971,0.2995
11/8/1971,0.2995
11/9/1971,0.2995
11/10/1971,0.2995
11/11/1971,0.3005
11/12/1971,0.3005
11/15/1971,0.3005
11/16/1971,0.3005
11/17/1971,0.3005
11/18/1971,0.3005
11/19/1971,0.3005
11/22/1971,0.3005
11/23/1971,0.3005
11/24/1971,0.3005
11/26/1971,0.3005
11/29/1971,0.3005
11/30/1971,0.3005
12/1/1971,0.3005
12/2/1971,0.303
12/3/1971,0.303
12/6/1971,0.303
12/7/1971,0.303
12/8/1971,0.303
12/9/1971,0.313
12/10/1971,0.313
12/13/1971,0.313
12/14/1971,0.323
12/15/1971,0.323
12/16/1971,0.333
12/17/1971,0.333
12/20/1971,0.335
12/21/1971,0.335
12/22/1971,0.335
12/23/1971,0.3375
12/27/1971,0.3375
12/28/1971,0.3375
12/29/1971,0.3375
12/30/1971,0.34
12/31/1971,0.34
1/3/1972,0.34
1/4/1972,0.34
1/5/1972,0.34
1/6/1972,0.346
1/7/1972,0.346
1/10/1972,0.346
1/11/1972,0.346
1/12/1972,0.346
1/13/1972,0.346
1/14/1972,0.35
1/17/1972,0.35
1/18/1972,0.35
1/19/1972,0.35
1/20/1972,0.355
1/21/1972,0.355
1/24/1972,0.355
1/25/1972,0.355
1/26/1972,0.355
1/27/1972,0.357
1/28/1972,0.357
1/31/1972,0.357
2/1/1972,0.357
2/2/1972,0.357
2/3/1972,0.357
2/4/1972,0.357
2/7/1972,0.357
2/8/1972,0.357
2/9/1972,0.357
2/10/1972,0.357
2/11/1972,0.357
2/14/1972,0.357
2/15/1972,0.357
2/16/1972,0.357
2/17/1972,0.357
2/18/1972,0.357
2/22/1972,0.357
2/23/1972,0.357
2/24/1972,0.357
2/25/1972,0.357
2/28/1972,0.357
2/29/1972,0.357
3/1/1972,0.357
3/2/1972,0.357
3/3/1972,0.357
3/6/1972,0.357
3/7/1972,0.357
3/8/1972,0.357
3/9/1972,0.357
3/10/1972,0.357
3/13/1972,0.357
3/14/1972,0.357
3/15/1972,0.357
3/16/1972,0.362
3/17/1972,0.362
3/20/1972,0.362
3/21/1972,0.362
3/22/1972,0.362
3/23/1972,0.3734
3/24/1972,0.3745
3/27/1972,0.3745
3/28/1972,0.3745
3/29/1972,0.3745
3/30/1972,0.3795
4/3/1972,0.3795
4/4/1972,0.3795
4/5/1972,0.3795
4/6/1972,0.3885
4/7/1972,0.3885
4/10/1972,0.3885
4/11/1972,0.3885
4/12/1972,0.3885
4/13/1972,0.3885
4/14/1972,0.3885
4/17/1972,0.3885
4/18/1972,0.3885
4/19/1972,0.3885
4/20/1972,0.3885
4/21/1972,0.3885
4/24/1972,0.3885
4/25/1972,0.3885
4/26/1972,0.3885
4/27/1972,0.4
4/28/1972,0.4
5/1/1972,0.4
5/2/1972,0.4
5/3/1972,0.4
5/4/1972,0.4
5/5/1972,0.4
5/8/1972,0.4
5/9/1972,0.4
5/10/1972,0.4
5/11/1972,0.4
5/12/1972,0.4025
5/15/1972,0.4025
5/16/1972,0.4025
5/17/1972,0.4025
5/18/1972,0.3925
5/19/1972,0.3925
5/22/1972,0.3925
5/23/1972,0.3925
5/24/1972,0.3925
5/25/1972,0.4025
5/26/1972,0.4025
5/30/1972,0.4025
5/31/1972,0.4025
6/1/1972,0.3925
6/2/1972,0.3925
6/5/1972,0.3925
6/6/1972,0.3925
6/7/1972,0.3925
6/8/1972,0.385
6/9/1972,0.385
6/12/1972,0.385
6/13/1972,0.385
6/14/1972,0.385
6/15/1972,0.385
6/16/1972,0.38
6/19/1972,0.38
6/20/1972,0.38
6/21/1972,0.38
6/22/1972,0.3775
6/23/1972,0.3775
6/26/1972,0.3775
6/27/1972,0.3775
6/28/1972,0.3775
6/29/1972,0.3775
6/30/1972,0.3775
7/3/1972,0.3775
7/5/1972,0.3775
7/6/1972,0.3775
7/7/1972,0.3775
7/10/1972,0.3775
7/11/1972,0.3775
7/12/1972,0.3775
7/13/1972,0.3625
7/14/1972,0.3625
7/17/1972,0.3675
7/18/1972,0.3625
7/19/1972,0.3625
7/20/1972,0.3525
7/21/1972,0.3525
7/24/1972,0.3525
7/25/1972,0.3525
7/26/1972,0.3525
7/27/1972,0.3495
7/28/1972,0.3495
7/31/1972,0.3495
8/1/1972,0.3495
8/2/1972,0.3495
8/3/1972,0.3495
8/4/1972,0.3495
8/7/1972,0.3495
8/8/1972,0.3495
8/9/1972,0.3495
8/10/1972,0.3475
8/11/1972,0.3475
8/14/1972,0.3475
8/15/1972,0.3475
8/16/1972,0.3475
8/17/1972,0.3425
8/18/1972,0.3425
8/21/1972,0.3425
8/22/1972,0.3425
8/23/1972,0.3425
8/24/1972,0.3225
8/25/1972,0.3225
8/28/1972,0.3225
8/29/1972,0.3225
8/30/1972,0.3225
8/31/1972,0.3125
9/1/1972,0.3125
9/5/1972,0.3125
9/6/1972,0.3125
9/7/1972,0.3075
9/8/1972,0.3075
9/11/1972,0.3075
9/12/1972,0.3075
9/13/1972,0.2925
9/14/1972,0.2875
9/15/1972,0.2875
9/18/1972,0.2875
9/19/1972,0.2875
9/20/1972,0.2875
9/21/1972,0.2775
9/22/1972,0.2775
9/25/1972,0.2775
9/26/1972,0.2775
9/27/1972,0.2775
9/28/1972,0.275
9/29/1972,0.275
10/2/1972,0.275
10/3/1972,0.275
10/4/1972,0.275
10/5/1972,0.27
10/6/1972,0.27
10/9/1972,0.27
10/10/1972,0.27
10/11/1972,0.27
10/12/1972,0.27
10/13/1972,0.27
10/16/1972,0.27
10/17/1972,0.27
10/18/1972,0.27
10/19/1972,0.27
10/20/1972,0.27
10/23/1972,0.27
10/24/1972,0.27
10/25/1972,0.27
10/26/1972,0.2775
10/27/1972,0.2775
10/30/1972,0.2775
10/31/1972,0.285
11/1/1972,0.285
11/2/1972,0.285
11/3/1972,0.285
11/6/1972,0.285
11/8/1972,0.285
11/9/1972,0.29
11/10/1972,0.29
11/13/1972,0.295
11/14/1972,0.295
11/15/1972,0.295
11/16/1972,0.31
11/17/1972,0.31
11/20/1972,0.31
11/21/1972,0.31
11/22/1972,0.32
11/24/1972,0.32
11/27/1972,0.32
11/28/1972,0.32
11/29/1972,0.32
11/30/1972,0.315
12/1/1972,0.315
12/4/1972,0.315
12/5/1972,0.315
12/6/1972,0.315
12/7/1972,0.3155
12/8/1972,0.315
12/11/1972,0.315
12/12/1972,0.315
12/13/1972,0.315
12/14/1972,0.33
12/15/1972,0.33
12/18/1972,0.33
12/19/1972,0.33
12/20/1972,0.33
12/21/1972,0.33
12/22/1972,0.33
12/26/1972,0.33
12/27/1972,0.33
12/29/1972,0.33
1/2/1973,0.33
1/3/1973,0.345
1/4/1973,0.345
1/5/1973,0.345
1/8/1973,0.345
1/9/1973,0.345
1/10/1973,0.36
1/11/1973,0.36
1/12/1973,0.36
1/15/1973,0.36
1/16/1973,0.36
1/17/1973,0.36
1/18/1973,0.36
1/19/1973,0.36
1/22/1973,0.36
1/23/1973,0.36
1/24/1973,0.36
1/26/1973,0.36
1/29/1973,0.36
1/30/1973,0.36
1/31/1973,0.36
2/1/1973,0.36
2/2/1973,0.36
2/5/1973,0.36
2/6/1973,0.36
2/7/1973,0.36
2/8/1973,0.36
2/9/1973,0.36
2/12/1973,0.36
2/13/1973,0.36
2/14/1973,0.36
2/15/1973,0.365
2/16/1973,0.365
2/20/1973,0.365
2/21/1973,0.365
2/22/1973,0.365
2/23/1973,0.365
2/26/1973,0.365
2/27/1973,0.365
2/28/1973,0.365
3/1/1973,0.37
3/2/1973,0.37
3/5/1973,0.37
3/6/1973,0.37
3/7/1973,0.37
3/8/1973,0.38
3/9/1973,0.38
3/12/1973,0.38
3/13/1973,0.38
3/14/1973,0.38
3/15/1973,0.38
3/16/1973,0.38
3/19/1973,0.38
3/20/1973,0.38
3/21/1973,0.38
3/22/1973,0.39
3/23/1973,0.39
3/26/1973,0.39
3/27/1973,0.395
3/28/1973,0.395
3/29/1973,0.395
3/30/1973,0.395
4/2/1973,0.395
4/3/1973,0.395
4/4/1973,0.395
4/5/1973,0.405
4/6/1973,0.405
4/9/1973,0.405
4/10/1973,0.4175
4/11/1973,0.4175
4/12/1973,0.4175
4/13/1973,0.4175
4/16/1973,0.4175
4/17/1973,0.4175
4/18/1973,0.4175
4/19/1973,0.4325
4/23/1973,0.4325
4/24/1973,0.4625
4/25/1973,0.4625
4/26/1973,0.4625
4/27/1973,0.4625
4/30/1973,0.4625
5/1/1973,0.4625
5/2/1973,0.4625
5/3/1973,0.4725
5/4/1973,0.4725
5/7/1973,0.4725
5/8/1973,0.4725
5/9/1973,0.4725
5/10/1973,0.4725
5/11/1973,0.4825
5/14/1973,0.4825
5/15/1973,0.4825
5/16/1973,0.4825
5/17/1973,0.4775
5/18/1973,0.4775
5/21/1973,0.4775
5/22/1973,0.4775
5/23/1973,0.4775
5/24/1973,0.4825
5/25/1973,0.4825
5/29/1973,0.4825
5/30/1973,0.4825
5/31/1973,0.4925
6/1/1973,0.4925
6/4/1973,0.4925
6/5/1973,0.4925
6/6/1973,0.4925
6/7/1973,0.4825
6/8/1973,0.4825
6/11/1973,0.4875
6/12/1973,0.4825
6/13/1973,0.4825
6/14/1973,0.4825
6/15/1973,0.4825
6/18/1973,0.4825
6/19/1973,0.4825
6/20/1973,0.4825
6/21/1973,0.4825
6/22/1973,0.4825
6/25/1973,0.4825
6/26/1973,0.4825
6/27/1973,0.4825
6/28/1973,0.5025
6/29/1973,0.5025
7/2/1973,0.5025
7/3/1973,0.5025
7/5/1973,0.535
7/6/1973,0.5325
7/9/1973,0.5325
7/10/1973,0.5125
7/11/1973,0.5125
7/12/1973,0.5125
7/13/1973,0.5125
7/16/1973,0.5125
7/17/1973,0.5125
7/18/1973,0.5125
7/19/1973,0.5475
7/20/1973,0.5475
7/23/1973,0.5475
7/24/1973,0.5875
7/25/1973,0.5875
7/26/1973,0.5875
7/27/1973,0.5875
7/30/1973,0.5875
7/31/1973,0.5875
8/1/1973,0.5875
8/2/1973,0.57
8/3/1973,0.57
8/6/1973,0.57
8/7/1973,0.57
8/8/1973,0.6175
8/9/1973,0.6175
8/10/1973,0.6275
8/13/1973,0.6275
8/14/1973,0.6575
8/15/1973,0.6575
8/16/1973,0.6875
8/17/1973,0.6875
8/20/1973,0.6875
8/21/1973,0.7275
8/22/1973,0.7275
8/23/1973,0.7675
8/24/1973,0.7675
8/27/1973,0.7675
8/28/1973,0.7675
8/29/1973,0.7675
8/30/1973,0.8175
8/31/1973,0.8175
9/4/1973,0.8575
9/5/1973,0.8575
9/6/1973,0.8575
9/7/1973,0.8575
9/10/1973,0.8275
9/11/1973,0.8275
9/12/1973,0.7875
9/13/1973,0.8075
9/14/1973,0.8275
9/17/1973,0.8475
9/18/1973,0.8675
9/19/1973,0.8875
9/20/1973,0.9075
9/21/1973,0.9275
9/24/1973,0.9275
9/25/1973,0.8575
9/26/1973,0.8375
9/27/1973,0.8325
9/28/1973,0.8455
10/1/1973,0.8305
10/2/1973,0.8305
10/3/1973,0.817
10/4/1973,0.8225
10/5/1973,0.8215
10/8/1973,0.8215
10/9/1973,0.8492
10/10/1973,0.8692
10/11/1973,0.8395
10/12/1973,0.8475
10/15/1973,0.8285
10/16/1973,0.8485
10/17/1973,0.829
10/18/1973,0.8135
10/19/1973,0.7945
10/22/1973,0.7945
10/23/1973,0.7747
10/24/1973,0.7547
10/25/1973,0.7197
10/26/1973,0.6997
10/29/1973,0.6797
10/30/1973,0.67
10/31/1973,0.68
11/1/1973,0.665
11/2/1973,0.659
11/5/1973,0.6802
11/6/1973,0.6802
11/7/1973,0.7002
11/8/1973,0.7002
11/9/1973,0.7105
11/12/1973,0.725
11/13/1973,0.707
11/14/1973,0.687
11/15/1973,0.684
11/16/1973,0.692
11/19/1973,0.6928
11/20/1973,0.669
11/21/1973,0.69
11/23/1973,0.71
11/26/1973,0.697
11/27/1973,0.6995
11/28/1973,0.7197
11/29/1973,0.7397
11/30/1973,0.7197
12/3/1973,0.739
12/4/1973,0.7245
12/5/1973,0.7395
12/6/1973,0.7597
12/7/1973,0.7797
12/10/1973,0.7997
12/11/1973,0.8205
12/12/1973,0.801
12/13/1973,0.793
12/14/1973,0.79
12/17/1973,0.7884
12/18/1973,0.8084
12/19/1973,0.822
12/20/1973,0.847
12/21/1973,0.8625
12/24/1973,0.8625
12/26/1973,0.8833
12/27/1973,0.9033
12/28/1973,0.885
12/31/1973,0.8833
1/2/1974,0.8675
1/3/1974,0.8475
1/4/1974,0.846
1/7/1974,0.8668
1/8/1974,0.869
1/9/1974,0.849
1/10/1974,0.8695
1/11/1974,0.855
1/14/1974,0.8829
1/15/1974,0.8835
1/16/1974,0.884
1/17/1974,0.8545
1/18/1974,0.8345
1/21/1974,0.8145
1/22/1974,0.7945
1/23/1974,0.7745
1/24/1974,0.7945
1/25/1974,0.775
1/28/1974,0.7557
1/29/1974,0.7357
1/30/1974,0.7157
1/31/1974,0.705
2/1/1974,0.726
2/4/1974,0.737
2/5/1974,0.7172
2/6/1974,0.706
2/7/1974,0.736
2/8/1974,0.756
2/11/1974,0.7715
2/12/1974,0.752
2/13/1974,0.738
2/14/1974,0.718
2/15/1974,0.698
2/19/1974,0.678
2/20/1974,0.698
2/21/1974,0.7282
2/22/1974,0.7282
2/25/1974,0.751
2/26/1974,0.731
2/27/1974,0.711
2/28/1974,0.691
3/1/1974,0.711
3/4/1974,0.703
3/5/1974,0.7125
3/6/1974,0.7
3/7/1974,0.6915
3/8/1974,0.698
3/11/1974,0.68
3/12/1974,0.66
3/13/1974,0.64
3/14/1974,0.632
3/15/1974,0.6326
3/18/1974,0.6137
3/19/1974,0.6337
3/20/1974,0.6465
3/21/1974,0.65
3/22/1974,0.6702
3/25/1974,0.6502
3/26/1974,0.647
3/27/1974,0.6585
3/28/1974,0.6875
3/29/1974,0.6765
4/1/1974,0.662
4/2/1974,0.6437
4/3/1974,0.6637
4/4/1974,0.6675
4/5/1974,0.67
4/8/1974,0.6575
4/9/1974,0.641
4/10/1974,0.658
4/11/1974,0.678
4/15/1974,0.698
4/16/1974,0.705
4/17/1974,0.71
4/18/1974,0.716
4/19/1974,0.697
4/22/1974,0.697
4/23/1974,0.7115
4/24/1974,0.686
4/25/1974,0.685
4/26/1974,0.704
4/29/1974,0.703
4/30/1974,0.695
5/1/1974,0.6753
5/2/1974,0.653
5/3/1974,0.642
5/6/1974,0.623
5/7/1974,0.618
5/8/1974,0.615
5/9/1974,0.6125
5/10/1974,0.624
5/13/1974,0.6042
5/14/1974,0.5842
5/15/1974,0.58
5/16/1974,0.579
5/17/1974,0.5665
5/20/1974,0.5335
5/21/1974,0.5335
5/22/1974,0.558
5/23/1974,0.541
5/24/1974,0.537
5/28/1974,0.5335
5/29/1974,0.552
5/30/1974,0.558
5/31/1974,0.5695
6/3/1974,0.5745
6/4/1974,0.5945
6/5/1974,0.6146
6/6/1974,0.592
6/7/1974,0.6
6/10/1974,0.604
6/11/1974,0.5857
6/12/1974,0.5657
6/13/1974,0.551
6/14/1974,0.561
6/17/1974,0.564
6/18/1974,0.574
6/19/1974,0.5575
6/20/1974,0.557
6/21/1974,0.5725
6/24/1974,0.5875
6/25/1974,0.564
6/26/1974,0.5625
6/27/1974,0.5565
6/28/1974,0.562
7/1/1974,0.582
7/2/1974,0.5701
7/3/1974,0.5752
7/5/1974,0.5825
7/8/1974,0.579
7/9/1974,0.551
7/10/1974,0.5515
7/11/1974,0.542
7/12/1974,0.5395
7/15/1974,0.5515
7/16/1974,0.55
7/17/1974,0.5485
7/18/1974,0.566
7/19/1974,0.5635
7/22/1974,0.5835
7/23/1974,0.592
7/24/1974,0.612
7/25/1974,0.582
7/26/1974,0.572
7/29/1974,0.5925
7/30/1974,0.5725
7/31/1974,0.566
8/1/1974,0.546
8/2/1974,0.528
8/5/1974,0.5375
8/6/1974,0.537
8/7/1974,0.544
8/8/1974,0.526
8/9/1974,0.521
8/12/1974,0.515
8/13/1974,0.535
8/14/1974,0.524
8/15/1974,0.5125
8/16/1974,0.517
8/19/1974,0.507
8/20/1974,0.4975
8/21/1974,0.5015
8/22/1974,0.502
8/23/1974,0.505
8/26/1974,0.486
8/27/1974,0.487
8/28/1974,0.492
8/29/1974,0.49
8/30/1974,0.499
9/3/1974,0.4975
9/4/1974,0.504
9/5/1974,0.511
9/6/1974,0.519
9/9/1974,0.5085
9/10/1974,0.494
9/11/1974,0.5005
9/12/1974,0.485
9/13/1974,0.485
9/16/1974,0.4775
9/17/1974,0.475
9/18/1974,0.4745
9/19/1974,0.4805
9/20/1974,0.4745
9/23/1974,0.469
9/24/1974,0.4815
9/25/1974,0.4835
9/26/1974,0.482
9/27/1974,0.4915
9/30/1974,0.5115
10/1/1974,0.4915
10/2/1974,0.502
10/3/1974,0.518
10/4/1974,0.51
10/7/1974,0.49
10/8/1974,0.481
10/9/1974,0.49
10/10/1974,0.481
10/11/1974,0.461
10/14/1974,0.4565
10/15/1974,0.457
10/16/1974,0.4505
10/17/1974,0.459
10/18/1974,0.4595
10/21/1974,0.459
10/22/1974,0.4485
10/23/1974,0.4335
10/24/1974,0.4285
10/25/1974,0.4345
10/28/1974,0.429
10/29/1974,0.4435
10/30/1974,0.447
10/31/1974,0.4435
11/1/1974,0.436
11/4/1974,0.446
11/5/1974,0.446
11/6/1974,0.4385
11/7/1974,0.437
11/8/1974,0.436
11/11/1974,0.4335
11/12/1974,0.414
11/13/1974,0.4165
11/14/1974,0.4145
11/15/1974,0.4025
11/18/1974,0.3705
11/19/1974,0.41
11/20/1974,0.424
11/21/1974,0.4055
11/22/1974,0.4045
11/25/1974,0.4095
11/26/1974,0.422
11/27/1974,0.4215
11/29/1974,0.4205
12/2/1974,0.4131
12/3/1974,0.418
12/4/1974,0.414
12/5/1974,0.4095
12/6/1974,0.41
12/9/1974,0.4155
12/10/1974,0.42
12/11/1974,0.41
12/12/1974,0.405
12/13/1974,0.3965
12/16/1974,0.394
12/17/1974,0.3855
12/18/1974,0.3905
12/19/1974,0.3875
12/20/1974,0.386
12/23/1974,0.375
12/24/1974,0.3745
12/26/1974,0.373
12/27/1974,0.3755
12/30/1974,0.3725
12/31/1974,0.3735
1/2/1975,0.3895
1/3/1975,0.3815
1/6/1975,0.385
1/7/1975,0.3835
1/8/1975,0.387
1/9/1975,0.393
1/10/1975,0.393
1/13/1975,0.3855
1/14/1975,0.3995
1/15/1975,0.3865
1/16/1975,0.387
1/17/1975,0.3855
1/20/1975,0.3995
1/21/1975,0.3945
1/22/1975,0.394
1/23/1975,0.3845
1/24/1975,0.386
1/27/1975,0.3965
1/28/1975,0.392
1/29/1975,0.396
1/30/1975,0.397
1/31/1975,0.3975
2/3/1975,0.405
2/4/1975,0.405
2/5/1975,0.4005
2/6/1975,0.393
2/7/1975,0.3935
2/10/1975,0.392
2/11/1975,0.393
2/12/1975,0.395
2/13/1975,0.3965
2/14/1975,0.3945
2/18/1975,0.3925
2/19/1975,0.381
2/20/1975,0.386
2/21/1975,0.38
2/24/1975,0.387
2/25/1975,0.389
2/26/1975,0.398
2/27/1975,0.3935
2/28/1975,0.3915
3/3/1975,0.3975
3/4/1975,0.393
3/5/1975,0.3955
3/6/1975,0.402
3/7/1975,0.4045
3/10/1975,0.4055
3/11/1975,0.4065
3/12/1975,0.4025
3/13/1975,0.394
3/14/1975,0.397
3/17/1975,0.3975
3/18/1975,0.3915
3/19/1975,0.395
3/20/1975,0.3945
3/21/1975,0.4
3/24/1975,0.4025
3/25/1975,0.4085
3/26/1975,0.411
3/27/1975,0.4095
3/31/1975,0.416
4/1/1975,0.4175
4/2/1975,0.4215
4/3/1975,0.4175
4/4/1975,0.416
4/7/1975,0.4125
4/8/1975,0.4175
4/9/1975,0.415
4/10/1975,0.4125
4/11/1975,0.4095
4/14/1975,0.415
4/15/1975,0.414
4/16/1975,0.4165
4/17/1975,0.4225
4/18/1975,0.4275
4/21/1975,0.44
4/22/1975,0.43
4/23/1975,0.433
4/24/1975,0.433
4/25/1975,0.4315
4/28/1975,0.437
4/29/1975,0.4395
4/30/1975,0.442
5/1/1975,0.431
5/2/1975,0.4345
5/5/1975,0.4315
5/6/1975,0.436
5/7/1975,0.4385
5/8/1975,0.437
5/9/1975,0.4395
5/12/1975,0.441
5/13/1975,0.444
5/14/1975,0.4295
5/15/1975,0.4305
5/16/1975,0.4405
5/19/1975,0.433
5/20/1975,0.439
5/21/1975,0.439
5/22/1975,0.441
5/23/1975,0.437
5/27/1975,0.424
5/28/1975,0.421
5/29/1975,0.4325
5/30/1975,0.4315
6/2/1975,0.4295
6/3/1975,0.426
6/4/1975,0.4295
6/5/1975,0.4395
6/6/1975,0.437
6/9/1975,0.447
6/10/1975,0.446
6/11/1975,0.4465
6/12/1975,0.4445
6/13/1975,0.4415
6/16/1975,0.447
6/17/1975,0.455
6/18/1975,0.4535
6/19/1975,0.4595
6/20/1975,0.462
6/23/1975,0.461
6/24/1975,0.478
6/25/1975,0.4755
6/26/1975,0.4695
6/27/1975,0.471
6/30/1975,0.475
7/1/1975,0.4595
7/2/1975,0.4665
7/3/1975,0.472
7/7/1975,0.4775
7/8/1975,0.4715
7/9/1975,0.471
7/10/1975,0.466
7/11/1975,0.473
7/14/1975,0.4675
7/15/1975,0.4685
7/16/1975,0.469
7/17/1975,0.4705
7/18/1975,0.471
7/21/1975,0.4775
7/22/1975,0.4765
7/23/1975,0.4745
7/24/1975,0.4775
7/25/1975,0.484
7/28/1975,0.493
7/29/1975,0.492
7/30/1975,0.4835
7/31/1975,0.485
8/1/1975,0.486
8/4/1975,0.4935
8/5/1975,0.489
8/6/1975,0.4915
8/7/1975,0.4915
8/8/1975,0.4825
8/11/1975,0.482
8/12/1975,0.4995
8/13/1975,0.4965
8/14/1975,0.507
8/15/1975,0.507
8/18/1975,0.504
8/19/1975,0.5105
8/20/1975,0.51
8/21/1975,0.5085
8/22/1975,0.512
8/25/1975,0.5205
8/26/1975,0.5155
8/27/1975,0.526
8/28/1975,0.522
8/29/1975,0.526
9/2/1975,0.5135
9/3/1975,0.5175
9/4/1975,0.5105
9/5/1975,0.513
9/8/1975,0.505
9/9/1975,0.505
9/10/1975,0.5195
9/11/1975,0.5165
9/12/1975,0.518
9/15/1975,0.516
9/16/1975,0.523
9/17/1975,0.521
9/18/1975,0.5265
9/19/1975,0.5315
9/22/1975,0.5515
9/23/1975,0.5405
9/24/1975,0.5445
9/25/1975,0.559
9/26/1975,0.561
9/29/1975,0.555
9/30/1975,0.561
10/1/1975,0.5675
10/2/1975,0.5515
10/3/1975,0.558
10/6/1975,0.5485
10/7/1975,0.5375
10/8/1975,0.5405
10/9/1975,0.538
10/10/1975,0.5315
10/13/1975,0.5315
10/14/1975,0.5115
10/15/1975,0.5101
10/16/1975,0.529
10/17/1975,0.523
10/20/1975,0.503
10/21/1975,0.509
10/22/1975,0.514
10/23/1975,0.509
10/24/1975,0.5155
10/27/1975,0.514
10/28/1975,0.5155
10/29/1975,0.5195
10/30/1975,0.5165
10/31/1975,0.514
11/3/1975,0.506
11/4/1975,0.506
11/5/1975,0.5075
11/6/1975,0.509
11/7/1975,0.509
11/10/1975,0.509
11/11/1975,0.515
11/12/1975,0.515
11/13/1975,0.517
11/14/1975,0.526
11/17/1975,0.5345
11/18/1975,0.5265
11/19/1975,0.5375
11/20/1975,0.527
11/21/1975,0.5275
11/24/1975,0.537
11/25/1975,0.5485
11/26/1975,0.558
11/28/1975,0.558
12/1/1975,0.539
12/2/1975,0.5405
12/3/1975,0.5405
12/4/1975,0.5395
12/5/1975,0.5395
12/8/1975,0.5515
12/9/1975,0.5455
12/10/1975,0.548
12/11/1975,0.564
12/12/1975,0.563
12/15/1975,0.5715
12/16/1975,0.562
12/17/1975,0.5625
12/18/1975,0.558
12/19/1975,0.5575
12/22/1975,0.5685
12/23/1975,0.5715
12/24/1975,0.578
12/26/1975,0.578
12/29/1975,0.5755
12/30/1975,0.571
12/31/1975,0.5735
1/2/1976,0.586
1/5/1976,0.583
1/6/1976,0.5835
1/7/1976,0.587
1/8/1976,0.5885
1/9/1976,0.584
1/12/1976,0.59
1/13/1976,0.588
1/14/1976,0.589
1/15/1976,0.569
1/16/1976,0.5625
1/19/1976,0.551
1/20/1976,0.5585
1/21/1976,0.5545
1/22/1976,0.57
1/23/1976,0.57
1/26/1976,0.558
1/27/1976,0.563
1/28/1976,0.564
1/29/1976,0.589
1/30/1976,0.579
2/2/1976,0.579
2/3/1976,0.5795
2/4/1976,0.577
2/5/1976,0.5685
2/6/1976,0.5615
2/9/1976,0.556
2/10/1976,0.57
2/11/1976,0.569
2/12/1976,0.572
2/13/1976,0.57
2/17/1976,0.585
2/18/1976,0.58
2/19/1976,0.584
2/20/1976,0.5865
2/23/1976,0.586
2/24/1976,0.5835
2/25/1976,0.5835
2/26/1976,0.598
2/27/1976,0.594
3/1/1976,0.595
3/2/1976,0.582
3/3/1976,0.5825
3/4/1976,0.584
3/5/1976,0.5855
3/8/1976,0.5875
3/9/1976,0.574
3/10/1976,0.5685
3/11/1976,0.5635
3/12/1976,0.5665
3/15/1976,0.558
3/16/1976,0.5455
3/17/1976,0.5485
3/18/1976,0.5615
3/19/1976,0.564
3/22/1976,0.548
3/23/1976,0.551
3/24/1976,0.5525
3/25/1976,0.5525
3/26/1976,0.5495
3/29/1976,0.542
3/30/1976,0.5445
3/31/1976,0.543
4/1/1976,0.5595
4/2/1976,0.557
4/5/1976,0.5605
4/6/1976,0.57
4/7/1976,0.5705
4/8/1976,0.575
4/9/1976,0.5815
4/12/1976,0.576
4/13/1976,0.573
4/14/1976,0.5755
4/15/1976,0.5765
4/19/1976,0.5965
4/20/1976,0.598
4/21/1976,0.5925
4/22/1976,0.588
4/23/1976,0.59
4/26/1976,0.6
4/27/1976,0.6015
4/28/1976,0.61
4/29/1976,0.6095
4/30/1976,0.615
5/3/1976,0.6235
5/4/1976,0.618
5/5/1976,0.633
5/6/1976,0.6295
5/7/1976,0.6375
5/10/1976,0.634
5/11/1976,0.6245
5/12/1976,0.6295
5/13/1976,0.6505
5/14/1976,0.6505
5/17/1976,0.641
5/18/1976,0.6235
5/19/1976,0.638
5/20/1976,0.64
5/21/1976,0.646
5/24/1976,0.646
5/25/1976,0.6395
5/26/1976,0.6595
5/27/1976,0.6565
5/28/1976,0.661
6/1/1976,0.664
6/2/1976,0.672
6/3/1976,0.676
6/4/1976,0.696
6/7/1976,0.716
6/8/1976,0.72
6/9/1976,0.74
6/10/1976,0.755
6/11/1976,0.772
6/14/1976,0.7585
6/15/1976,0.7385
6/16/1976,0.7585
6/17/1976,0.739
6/18/1976,0.7295
6/21/1976,0.7495
6/22/1976,0.7485
6/23/1976,0.7535
6/24/1976,0.7875
6/25/1976,0.8075
6/28/1976,0.8245
6/29/1976,0.8395
6/30/1976,0.8485
7/1/1976,0.8685
7/2/1976,0.8885
7/6/1976,0.9085
7/7/1976,0.881
7/8/1976,0.8845
7/9/1976,0.9045
7/12/1976,0.8845
7/13/1976,0.8645
7/14/1976,0.8495
7/15/1976,0.8295
7/16/1976,0.8095
7/19/1976,0.7895
7/20/1976,0.7695
7/21/1976,0.7495
7/22/1976,0.7695
7/23/1976,0.7895
7/26/1976,0.77
7/27/1976,0.75
7/28/1976,0.73
7/29/1976,0.75
7/30/1976,0.735
8/2/1976,0.715
8/3/1976,0.735
8/4/1976,0.7435
8/5/1976,0.753
8/6/1976,0.7475
8/9/1976,0.7275
8/10/1976,0.7395
8/11/1976,0.7525
8/12/1976,0.75
8/13/1976,0.77
8/16/1976,0.783
8/17/1976,0.763
8/18/1976,0.7705
8/19/1976,0.77
8/20/1976,0.7695
8/23/1976,0.7755
8/24/1976,0.7555
8/25/1976,0.76
8/26/1976,0.769
8/27/1976,0.755
8/30/1976,0.7405
8/31/1976,0.7335
9/1/1976,0.741
9/2/1976,0.7295
9/3/1976,0.7195
9/7/1976,0.739
9/8/1976,0.734
9/9/1976,0.7395
9/10/1976,0.758
9/13/1976,0.778
9/14/1976,0.758
9/15/1976,0.738
9/16/1976,0.7375
9/17/1976,0.721
9/20/1976,0.7155
9/21/1976,0.7085
9/22/1976,0.717
9/23/1976,0.72
9/24/1976,0.7315
9/27/1976,0.7495
9/28/1976,0.75
9/29/1976,0.739
9/30/1976,0.7665
10/1/1976,0.7865
10/4/1976,0.7895
10/5/1976,0.788
10/6/1976,0.7805
10/7/1976,0.8005
10/8/1976,0.8135
10/11/1976,0.7939
10/12/1976,0.7705
10/13/1976,0.766
10/14/1976,0.749
10/15/1976,0.7655
10/18/1976,0.7855
10/19/1976,0.778
10/20/1976,0.781
10/21/1976,0.7675
10/22/1976,0.7675
10/25/1976,0.7835
10/26/1976,0.787
10/27/1976,0.7965
10/28/1976,0.7885
10/29/1976,0.798
11/1/1976,0.793
11/3/1976,0.773
11/4/1976,0.7915
11/5/1976,0.791
11/8/1976,0.7955
11/9/1976,0.794
11/10/1976,0.788
11/11/1976,0.7785
11/12/1976,0.778
11/15/1976,0.758
11/16/1976,0.761
11/17/1976,0.7465
11/18/1976,0.761
11/19/1976,0.762
11/22/1976,0.7665
11/23/1976,0.754
11/24/1976,0.744
11/26/1976,0.7555
11/29/1976,0.758
11/30/1976,0.756
12/1/1976,0.756
12/2/1976,0.7545
12/3/1976,0.7535
12/6/1976,0.768
12/7/1976,0.7665
12/8/1976,0.763
12/9/1976,0.772
12/10/1976,0.7645
12/13/1976,0.7445
12/14/1976,0.7385
12/15/1976,0.7275
12/16/1976,0.724
12/17/1976,0.7315
12/20/1976,0.7325
12/21/1976,0.7215
12/22/1976,0.7225
12/23/1976,0.7265
12/27/1976,0.7275
12/28/1976,0.73
12/29/1976,0.7295
12/30/1976,0.7195
12/31/1976,0.7195
1/3/1977,0.6995
1/4/1977,0.695
1/5/1977,0.6835
1/6/1977,0.6635
1/7/1977,0.6705
1/10/1977,0.6805
1/11/1977,0.6655
1/12/1977,0.6455
1/13/1977,0.6505
1/14/1977,0.6495
1/17/1977,0.6695
1/18/1977,0.6785
1/19/1977,0.675
1/20/1977,0.6575
1/21/1977,0.666
1/24/1977,0.686
1/25/1977,0.706
1/26/1977,0.7015
1/27/1977,0.711
1/28/1977,0.719
1/31/1977,0.7065
2/1/1977,0.706
2/2/1977,0.7165
2/3/1977,0.7105
2/4/1977,0.713
2/7/1977,0.722
2/8/1977,0.726
2/9/1977,0.7375
2/10/1977,0.7445
2/11/1977,0.7435
2/14/1977,0.749
2/15/1977,0.7405
2/16/1977,0.739
2/17/1977,0.742
2/18/1977,0.7465
2/22/1977,0.734
2/23/1977,0.7345
2/24/1977,0.7185
2/25/1977,0.722
2/28/1977,0.742
3/1/1977,0.752
3/2/1977,0.746
3/3/1977,0.7475
3/4/1977,0.766
3/7/1977,0.7695
3/8/1977,0.763
3/9/1977,0.7635
3/10/1977,0.755
3/11/1977,0.758
3/14/1977,0.7685
3/15/1977,0.779
3/16/1977,0.7765
3/17/1977,0.771
3/18/1977,0.7895
3/21/1977,0.794
3/22/1977,0.7875
3/23/1977,0.768
3/24/1977,0.781
3/25/1977,0.78
3/28/1977,0.7645
3/29/1977,0.7625
3/30/1977,0.7655
3/31/1977,0.7615
4/1/1977,0.7725
4/4/1977,0.77
4/5/1977,0.7545
4/6/1977,0.7645
4/7/1977,0.762
4/11/1977,0.7515
4/12/1977,0.77
4/13/1977,0.7545
4/14/1977,0.756
4/15/1977,0.736
4/18/1977,0.7225
4/19/1977,0.7345
4/20/1977,0.7335
4/21/1977,0.727
4/22/1977,0.736
4/25/1977,0.7275
4/26/1977,0.7275
4/27/1977,0.7185
4/28/1977,0.7195
4/29/1977,0.7325
5/2/1977,0.7445
5/3/1977,0.7415
5/4/1977,0.736
5/5/1977,0.75
5/6/1977,0.752
5/9/1977,0.7335
5/10/1977,0.738
5/11/1977,0.735
5/12/1977,0.7355
5/13/1977,0.7255
5/16/1977,0.712
5/17/1977,0.715
5/18/1977,0.7175
5/19/1977,0.72
5/20/1977,0.7
5/23/1977,0.689
5/24/1977,0.6945
5/25/1977,0.693
5/26/1977,0.6815
5/27/1977,0.6665
5/31/1977,0.669
6/1/1977,0.6595
6/2/1977,0.6435
6/3/1977,0.646
6/6/1977,0.6565
6/7/1977,0.666
6/8/1977,0.6485
6/9/1977,0.6395
6/10/1977,0.629
6/13/1977,0.622
6/14/1977,0.602
6/15/1977,0.586
6/16/1977,0.606
6/17/1977,0.6175
6/20/1977,0.616
6/21/1977,0.5965
6/22/1977,0.6025
6/23/1977,0.612
6/24/1977,0.632
6/27/1977,0.612
6/28/1977,0.6015
6/29/1977,0.6025
6/30/1977,0.609
7/1/1977,0.629
7/5/1977,0.6475
7/6/1977,0.63
7/7/1977,0.61
7/8/1977,0.599
7/11/1977,0.604
7/12/1977,0.5965
7/13/1977,0.5995
7/15/1977,0.6135
7/18/1977,0.598
7/19/1977,0.5805
7/20/1977,0.5805
7/21/1977,0.578
7/22/1977,0.58
7/25/1977,0.564
7/26/1977,0.568
7/27/1977,0.5675
7/28/1977,0.5725
7/29/1977,0.5635
8/1/1977,0.5435
8/2/1977,0.544
8/3/1977,0.54
8/4/1977,0.5385
8/5/1977,0.5405
8/8/1977,0.545
8/9/1977,0.5495
8/10/1977,0.547
8/11/1977,0.541
8/12/1977,0.532
8/15/1977,0.522
8/16/1977,0.518
8/17/1977,0.5255
8/18/1977,0.529
8/19/1977,0.533
8/22/1977,0.532
8/23/1977,0.5335
8/24/1977,0.5335
8/25/1977,0.5225
8/26/1977,0.5245
8/29/1977,0.53
8/30/1977,0.523
8/31/1977,0.5235
9/1/1977,0.506
9/2/1977,0.506
9/6/1977,0.5005
9/7/1977,0.493
9/8/1977,0.4915
9/9/1977,0.4915
9/12/1977,0.491
9/13/1977,0.4884
9/14/1977,0.4892
9/15/1977,0.49
9/16/1977,0.4885
9/19/1977,0.492
9/20/1977,0.4905
9/21/1977,0.4905
9/22/1977,0.486
9/23/1977,0.4952
9/26/1977,0.5032
9/27/1977,0.5034
9/28/1977,0.5085
9/29/1977,0.5111
9/30/1977,0.5072
10/3/1977,0.505
10/4/1977,0.5058
10/5/1977,0.505
10/6/1977,0.5093
10/7/1977,0.5077
10/10/1977,0.5082
10/11/1977,0.5027
10/12/1977,0.5015
10/13/1977,0.5015
10/14/1977,0.5007
10/17/1977,0.5045
10/18/1977,0.5029
10/19/1977,0.5027
10/20/1977,0.5007
10/21/1977,0.5007
10/24/1977,0.5008
10/25/1977,0.494
10/26/1977,0.4901
10/27/1977,0.4851
10/28/1977,0.4887
10/31/1977,0.4889
11/1/1977,0.4839
11/2/1977,0.4809
11/3/1977,0.4881
11/4/1977,0.4895
11/7/1977,0.4895
11/8/1977,0.4895
11/9/1977,0.4858
11/10/1977,0.4868
11/11/1977,0.485
11/14/1977,0.4907
11/15/1977,0.4951
11/16/1977,0.4957
11/17/1977,0.5007
11/18/1977,0.5015
11/21/1977,0.4957
11/22/1977,0.491
11/23/1977,0.4882
11/25/1977,0.4907
11/28/1977,0.4885
11/29/1977,0.4911
11/30/1977,0.4901
12/1/1977,0.4902
12/2/1977,0.4877
12/5/1977,0.4839
12/6/1977,0.4834
12/7/1977,0.4858
12/8/1977,0.4836
12/9/1977,0.4859
12/12/1977,0.4794
12/13/1977,0.484
12/14/1977,0.4849
12/15/1977,0.4913
12/16/1977,0.4974
12/19/1977,0.5075
12/20/1977,0.5015
12/21/1977,0.497
12/22/1977,0.4982
12/23/1977,0.497
12/27/1977,0.5066
12/28/1977,0.5112
12/29/1977,0.5094
12/30/1977,0.5044
1/3/1978,0.5097
1/4/1978,0.503
1/5/1978,0.5072
1/6/1978,0.5002
1/9/1978,0.504
1/10/1978,0.5145
1/11/1978,0.5136
1/12/1978,0.515
1/13/1978,0.5212
1/16/1978,0.5204
1/17/1978,0.5192
1/18/1978,0.5187
1/19/1978,0.5165
1/20/1978,0.5165
1/23/1978,0.524
1/24/1978,0.5302
1/25/1978,0.5308
1/26/1978,0.5347
1/27/1978,0.5285
1/30/1978,0.529
1/31/1978,0.528
2/1/1978,0.5241
2/2/1978,0.5274
2/3/1978,0.5325
2/6/1978,0.5367
2/7/1978,0.5377
2/8/1978,0.538
2/9/1978,0.5336
2/10/1978,0.5292
2/13/1978,0.51
2/14/1978,0.5132
2/15/1978,0.5183
2/16/1978,0.521
2/17/1978,0.5165
2/21/1978,0.5262
2/22/1978,0.5237
2/23/1978,0.5377
2/24/1978,0.5397
2/27/1978,0.5362
2/28/1978,0.5423
3/1/1978,0.5402
3/2/1978,0.5377
3/3/1978,0.5407
3/6/1978,0.5425
3/7/1978,0.558
3/8/1978,0.5525
3/9/1978,0.554
3/10/1978,0.555
3/13/1978,0.562
3/14/1978,0.569
3/15/1978,0.569
3/16/1978,0.5694
3/17/1978,0.5712
3/20/1978,0.5725
3/21/1978,0.5702
3/22/1978,0.5707
3/23/1978,0.5578
3/27/1978,0.5657
3/28/1978,0.5635
3/29/1978,0.563
3/30/1978,0.5579
3/31/1978,0.5482
4/3/1978,0.5439
4/4/1978,0.5488
4/5/1978,0.5475
4/6/1978,0.5521
4/7/1978,0.5527
4/10/1978,0.5505
4/11/1978,0.5441
4/12/1978,0.5462
4/13/1978,0.549
4/14/1978,0.5649
4/17/1978,0.5602
4/18/1978,0.5684
4/19/1978,0.564
4/20/1978,0.5622
4/21/1978,0.5595
4/24/1978,0.5563
4/25/1978,0.5687
4/26/1978,0.5697
4/27/1978,0.5692
4/28/1978,0.5765
5/1/1978,0.5807
5/2/1978,0.5745
5/3/1978,0.5748
5/4/1978,0.5776
5/5/1978,0.5789
5/8/1978,0.5867
5/9/1978,0.5905
5/10/1978,0.5867
5/11/1978,0.5947
5/12/1978,0.5962
5/15/1978,0.596
5/16/1978,0.5985
5/17/1978,0.6135
5/18/1978,0.6127
5/19/1978,0.6069
5/22/1978,0.6043
5/23/1978,0.6007
5/24/1978,0.5982
5/25/1978,0.6067
5/26/1978,0.6009
5/30/1978,0.5987
5/31/1978,0.5967
6/1/1978,0.5828
6/2/1978,0.5734
6/5/1978,0.5812
6/6/1978,0.582
6/7/1978,0.5874
6/8/1978,0.5885
6/9/1978,0.5845
6/12/1978,0.5927
6/13/1978,0.5934
6/14/1978,0.6003
6/15/1978,0.6119
6/16/1978,0.6088
6/19/1978,0.6046
6/20/1978,0.5987
6/21/1978,0.5965
6/22/1978,0.599
6/23/1978,0.5907
6/26/1978,0.612
6/27/1978,0.592
6/28/1978,0.5785
6/29/1978,0.5835
6/30/1978,0.595
7/3/1978,0.585
7/5/1978,0.5785
7/6/1978,0.5834
7/7/1978,0.5802
7/10/1978,0.5815
7/11/1978,0.5872
7/12/1978,0.5886
7/13/1978,0.5935
7/14/1978,0.589
7/17/1978,0.5974
7/18/1978,0.5975
7/19/1978,0.599
7/20/1978,0.5926
7/21/1978,0.5941
7/24/1978,0.5852
7/25/1978,0.587
7/26/1978,0.5916
7/27/1978,0.5925
7/28/1978,0.609
7/31/1978,0.6142
8/1/1978,0.6119
8/2/1978,0.6075
8/3/1978,0.605
8/4/1978,0.6072
8/7/1978,0.6092
8/8/1978,0.6056
8/9/1978,0.603
8/10/1978,0.6046
8/11/1978,0.6262
8/14/1978,0.616
8/15/1978,0.614
8/16/1978,0.6113
8/17/1978,0.6155
8/18/1978,0.6095
8/21/1978,0.605
8/22/1978,0.6085
8/23/1978,0.6127
8/24/1978,0.6084
8/25/1978,0.622
8/28/1978,0.622
8/29/1978,0.623
8/30/1978,0.6186
8/31/1978,0.6195
9/1/1978,0.619
9/5/1978,0.6146
9/6/1978,0.6045
9/7/1978,0.6082
9/8/1978,0.6045
9/11/1978,0.6064
9/12/1978,0.6092
9/13/1978,0.5974
9/14/1978,0.6017
9/15/1978,0.5985
9/18/1978,0.601
9/19/1978,0.6022
9/20/1978,0.6005
9/21/1978,0.6107
9/22/1978,0.6097
9/25/1978,0.6197
9/26/1978,0.6177
9/27/1978,0.6246
9/28/1978,0.6267
9/29/1978,0.6255
10/2/1978,0.6337
10/3/1978,0.6339
10/4/1978,0.631
10/5/1978,0.6366
10/6/1978,0.6431
10/9/1978,0.6436
10/10/1978,0.6413
10/11/1978,0.644
10/12/1978,0.6506
10/13/1978,0.6513
10/16/1978,0.6487
10/17/1978,0.6554
10/18/1978,0.6567
10/19/1978,0.6529
10/20/1978,0.6523
10/23/1978,0.6547
10/24/1978,0.6649
10/25/1978,0.6719
10/26/1978,0.6668
10/27/1978,0.672
10/30/1978,0.6749
10/31/1978,0.6705
11/1/1978,0.6529
11/2/1978,0.6627
11/3/1978,0.674
11/6/1978,0.676
11/7/1978,0.676
11/8/1978,0.6665
11/9/1978,0.6655
11/10/1978,0.6602
11/13/1978,0.6512
11/14/1978,0.6414
11/15/1978,0.6501
11/16/1978,0.6467
11/17/1978,0.6574
11/20/1978,0.6592
11/21/1978,0.6674
11/22/1978,0.6777
11/24/1978,0.6845
11/27/1978,0.6763
11/28/1978,0.6702
11/29/1978,0.677
11/30/1978,0.6765
12/1/1978,0.6759
12/4/1978,0.6621
12/5/1978,0.6639
12/6/1978,0.6617
12/7/1978,0.6563
12/8/1978,0.6521
12/11/1978,0.6373
12/12/1978,0.6342
12/13/1978,0.6394
12/14/1978,0.6416
12/15/1978,0.6365
12/18/1978,0.6414
12/19/1978,0.6306
12/20/1978,0.628
12/21/1978,0.6297
12/22/1978,0.6324
12/26/1978,0.6324
12/27/1978,0.6287
12/28/1978,0.633
12/29/1978,0.6332
1/2/1979,0.6338
1/3/1979,0.6414
1/4/1979,0.6426
1/5/1979,0.6484
1/8/1979,0.6463
1/9/1979,0.6449
1/10/1979,0.6382
1/11/1979,0.6329
1/12/1979,0.6175
1/15/1979,0.6143
1/16/1979,0.6101
1/17/1979,0.6003
1/18/1979,0.6064
1/19/1979,0.6065
1/22/1979,0.6044
1/23/1979,0.616
1/24/1979,0.609
1/25/1979,0.605
1/26/1979,0.6071
1/29/1979,0.6144
1/30/1979,0.6127
1/31/1979,0.6058
2/1/1979,0.6025
2/2/1979,0.607
2/5/1979,0.6021
2/6/1979,0.5979
2/7/1979,0.6018
2/8/1979,0.6037
2/9/1979,0.6212
2/12/1979,0.6165
2/13/1979,0.6227
2/14/1979,0.6342
2/15/1979,0.6329
2/16/1979,0.6293
2/20/1979,0.6361
2/21/1979,0.6335
2/22/1979,0.6265
2/23/1979,0.6256
2/26/1979,0.6237
2/27/1979,0.6209
2/28/1979,0.6177
3/1/1979,0.6082
3/2/1979,0.6162
3/5/1979,0.6098
3/6/1979,0.6047
3/7/1979,0.5969
3/8/1979,0.6115
3/9/1979,0.6076
3/12/1979,0.6002
3/13/1979,0.598
3/14/1979,0.5994
3/15/1979,0.613
3/16/1979,0.6064
3/19/1979,0.6139
3/20/1979,0.6128
3/21/1979,0.6135
3/22/1979,0.6124
3/23/1979,0.6082
3/26/1979,0.5897
3/27/1979,0.5777
3/28/1979,0.5823
3/29/1979,0.5885
3/30/1979,0.5842
4/2/1979,0.5788
4/3/1979,0.5709
4/4/1979,0.5893
4/5/1979,0.5907
4/6/1979,0.5939
4/9/1979,0.5988
4/10/1979,0.5965
4/11/1979,0.5969
4/12/1979,0.5988
4/16/1979,0.6025
4/17/1979,0.5825
4/18/1979,0.5885
4/19/1979,0.593
4/20/1979,0.5927
4/23/1979,0.5832
4/24/1979,0.5884
4/25/1979,0.6227
4/26/1979,0.6244
4/27/1979,0.6212
4/30/1979,0.6267
5/1/1979,0.6428
5/2/1979,0.6486
5/3/1979,0.6465
5/4/1979,0.6417
5/7/1979,0.6228
5/8/1979,0.6302
5/9/1979,0.6375
5/10/1979,0.633
5/11/1979,0.6403
5/14/1979,0.631
5/15/1979,0.6362
5/16/1979,0.6367
5/17/1979,0.6359
5/18/1979,0.632
5/21/1979,0.6286
5/22/1979,0.623
5/23/1979,0.6127
5/24/1979,0.618
5/25/1979,0.6165
5/29/1979,0.6241
5/30/1979,0.6318
5/31/1979,0.6275
6/1/1979,0.6461
6/4/1979,0.6483
6/5/1979,0.6517
6/6/1979,0.6522
6/7/1979,0.6507
6/8/1979,0.6706
6/11/1979,0.6901
6/12/1979,0.6937
6/13/1979,0.6639
6/14/1979,0.6736
6/15/1979,0.679
6/18/1979,0.6592
6/19/1979,0.6607
6/20/1979,0.6645
6/21/1979,0.6737
6/22/1979,0.6776
6/25/1979,0.6659
6/26/1979,0.6617
6/27/1979,0.6417
6/28/1979,0.6315
6/29/1979,0.6301
7/2/1979,0.6368
7/3/1979,0.6427
7/5/1979,0.6512
7/6/1979,0.6436
7/9/1979,0.646
7/10/1979,0.65
7/11/1979,0.6455
7/12/1979,0.635
7/13/1979,0.636
7/16/1979,0.6347
7/17/1979,0.634
7/18/1979,0.6242
7/19/1979,0.6248
7/20/1979,0.6324
7/23/1979,0.6341
7/24/1979,0.6377
7/25/1979,0.6387
7/26/1979,0.646
7/27/1979,0.6397
7/30/1979,0.6316
7/31/1979,0.6311
8/1/1979,0.626
8/2/1979,0.624
8/3/1979,0.6203
8/6/1979,0.6306
8/7/1979,0.6285
8/8/1979,0.6292
8/9/1979,0.6286
8/10/1979,0.6335
8/13/1979,0.6445
8/14/1979,0.6387
8/15/1979,0.635
8/16/1979,0.637
8/17/1979,0.6332
8/20/1979,0.6275
8/21/1979,0.6306
8/22/1979,0.6253
8/23/1979,0.629
8/24/1979,0.6339
8/27/1979,0.65
8/28/1979,0.6475
8/29/1979,0.648
8/30/1979,0.6474
8/31/1979,0.642
9/4/1979,0.6292
9/5/1979,0.632
9/6/1979,0.6675
9/7/1979,0.623
9/10/1979,0.6332
9/11/1979,0.6325
9/12/1979,0.628
9/13/1979,0.6155
9/14/1979,0.6137
9/17/1979,0.6178
9/18/1979,0.6245
9/19/1979,0.6268
9/20/1979,0.6268
9/21/1979,0.633
9/24/1979,0.631
9/25/1979,0.6376
9/26/1979,0.6459
9/27/1979,0.6523
9/28/1979,0.6417
10/1/1979,0.6429
10/2/1979,0.6386
10/3/1979,0.6402
10/4/1979,0.6411
10/5/1979,0.6464
10/8/1979,0.6409
10/9/1979,0.6331
10/10/1979,0.6365
10/11/1979,0.6408
10/12/1979,0.6421
10/15/1979,0.6362
10/16/1979,0.6457
10/17/1979,0.6424
10/18/1979,0.6364
10/19/1979,0.6337
10/22/1979,0.6377
10/23/1979,0.6368
10/24/1979,0.6351
10/25/1979,0.6355
10/26/1979,0.6333
10/29/1979,0.6391
10/30/1979,0.6462
10/31/1979,0.6447
11/1/1979,0.6534
11/2/1979,0.655
11/5/1979,0.6525
11/6/1979,0.6362
11/7/1979,0.6425
11/8/1979,0.64
11/9/1979,0.6362
11/12/1979,0.6545
11/13/1979,0.647
11/14/1979,0.6552
11/15/1979,0.6491
11/16/1979,0.6441
11/19/1979,0.644
11/20/1979,0.649
11/21/1979,0.6523
11/23/1979,0.6519
11/26/1979,0.6335
11/27/1979,0.6417
11/28/1979,0.6491
11/29/1979,0.6487
11/30/1979,0.6563
12/3/1979,0.6692
12/4/1979,0.6504
12/5/1979,0.6514
12/6/1979,0.6427
12/7/1979,0.6545
12/10/1979,0.6513
12/11/1979,0.6509
12/12/1979,0.6615
12/13/1979,0.6702
12/14/1979,0.6826
12/17/1979,0.6809
12/18/1979,0.6884
12/19/1979,0.6806
12/20/1979,0.6776
12/21/1979,0.6857
12/24/1979,0.6857
12/26/1979,0.6932
12/27/1979,0.6901
12/28/1979,0.6942
12/31/1979,0.6931
1/2/1980,0.6915
1/3/1980,0.6913
1/4/1980,0.688
1/7/1980,0.6748
1/8/1980,0.6715
1/9/1980,0.6896
1/10/1980,0.6987
1/11/1980,0.7105
1/14/1980,0.7154
1/15/1980,0.718
1/16/1980,0.7179
1/17/1980,0.7336
1/18/1980,0.7264
1/21/1980,0.7301
1/22/1980,0.7535
1/23/1980,0.765
1/24/1980,0.7764
1/25/1980,0.7631
1/28/1980,0.7788
1/29/1980,0.8013
1/30/1980,0.803
1/31/1980,0.8105
2/1/1980,0.8246
2/4/1980,0.8446
2/5/1980,0.858
2/6/1980,0.838
2/7/1980,0.818
2/8/1980,0.838
2/11/1980,0.8505
2/12/1980,0.838
2/13/1980,0.8395
2/14/1980,0.8395
2/15/1980,0.8195
2/19/1980,0.7995
2/20/1980,0.8046
2/21/1980,0.7937
2/22/1980,0.7848
2/25/1980,0.8136
2/26/1980,0.833
2/27/1980,0.8301
2/28/1980,0.8409
2/29/1980,0.8377
3/3/1980,0.8235
3/4/1980,0.8185
3/5/1980,0.8195
3/6/1980,0.7995
3/7/1980,0.7962
3/10/1980,0.7762
3/11/1980,0.7759
3/12/1980,0.769
3/13/1980,0.7515
3/14/1980,0.7712
3/17/1980,0.7912
3/18/1980,0.8162
3/19/1980,0.8362
3/20/1980,0.8512
3/21/1980,0.8812
3/24/1980,0.8612
3/25/1980,0.8462
3/26/1980,0.8662
3/27/1980,0.8462
3/28/1980,0.8615
3/31/1980,0.8412
4/1/1980,0.8212
4/2/1980,0.8012
4/3/1980,0.8103
4/7/1980,0.8165
4/8/1980,0.7965
4/9/1980,0.8095
4/10/1980,0.8277
4/11/1980,0.8447
4/14/1980,0.8505
4/15/1980,0.8373
4/16/1980,0.8571
4/17/1980,0.8334
4/18/1980,0.8134
4/21/1980,0.7934
4/22/1980,0.8129
4/23/1980,0.8148
4/24/1980,0.8148
4/25/1980,0.8258
4/28/1980,0.8062
4/29/1980,0.8152
4/30/1980,0.8137
5/1/1980,0.8329
5/2/1980,0.8155
5/5/1980,0.8114
5/6/1980,0.8065
5/7/1980,0.8265
5/8/1980,0.8287
5/9/1980,0.8592
5/12/1980,0.8652
5/13/1980,0.8561
5/14/1980,0.8261
5/15/1980,0.8075
5/16/1980,0.8162
5/19/1980,0.7973
5/20/1980,0.7875
5/21/1980,0.7981
5/22/1980,0.774
5/23/1980,0.7709
5/27/1980,0.7522
5/28/1980,0.7605
5/29/1980,0.7448
5/30/1980,0.7412
6/2/1980,0.7319
6/3/1980,0.7335
6/4/1980,0.7535
6/5/1980,0.7335
6/6/1980,0.7405
6/9/1980,0.7513
6/10/1980,0.7467
6/11/1980,0.7458
6/12/1980,0.7346
6/13/1980,0.7249
6/16/1980,0.7128
6/17/1980,0.7191
6/18/1980,0.7321
6/19/1980,0.7194
6/20/1980,0.7255
6/23/1980,0.7185
6/24/1980,0.7282
6/25/1980,0.732
6/26/1980,0.7165
6/27/1980,0.713
6/30/1980,0.733
7/1/1980,0.753
7/2/1980,0.7723
7/3/1980,0.7695
7/7/1980,0.7857
7/8/1980,0.7741
7/9/1980,0.7792
7/10/1980,0.7725
7/11/1980,0.7925
7/14/1980,0.8125
7/15/1980,0.824
7/16/1980,0.8436
7/17/1980,0.8435
7/18/1980,0.8375
7/21/1980,0.8175
7/22/1980,0.7975
7/23/1980,0.809
7/24/1980,0.7916
7/25/1980,0.8116
7/28/1980,0.8316
7/29/1980,0.8516
7/30/1980,0.875
7/31/1980,0.869
8/1/1980,0.8875
8/4/1980,0.8675
8/5/1980,0.8648
8/6/1980,0.85
8/7/1980,0.8374
8/8/1980,0.8574
8/11/1980,0.8486
8/12/1980,0.8686
8/13/1980,0.8786
8/14/1980,0.8652
8/15/1980,0.8621
8/18/1980,0.8493
8/19/1980,0.8639
8/20/1980,0.8739
8/21/1980,0.8554
8/22/1980,0.8696
8/25/1980,0.8896
8/26/1980,0.905
8/27/1980,0.8802
8/28/1980,0.9
8/29/1980,0.916
9/2/1980,0.9222
9/3/1980,0.9165
9/4/1980,0.8965
9/5/1980,0.9065
9/8/1980,0.906
9/9/1980,0.9032
9/10/1980,0.8931
9/11/1980,0.9127
9/12/1980,0.9327
9/15/1980,0.9127
9/16/1980,0.8827
9/17/1980,0.871
9/18/1980,0.875
9/19/1980,0.8807
9/22/1980,0.8607
9/23/1980,0.8679
9/24/1980,0.8447
9/25/1980,0.8247
9/26/1980,0.8066
9/29/1980,0.8266
9/30/1980,0.8387
10/1/1980,0.835
10/2/1980,0.8235
10/3/1980,0.8411
10/6/1980,0.8567
10/7/1980,0.8555
10/8/1980,0.8537
10/9/1980,0.8606
10/10/1980,0.8558
10/13/1980,0.84
10/14/1980,0.8445
10/15/1980,0.849
10/16/1980,0.8513
10/17/1980,0.866
10/20/1980,0.8617
10/21/1980,0.8867
10/22/1980,0.8966
10/23/1980,0.98
10/24/1980,0.8937
10/27/1980,0.8837
10/28/1980,0.8905
10/29/1980,0.8791
10/30/1980,0.8665
10/31/1980,0.875
11/3/1980,0.8687
11/5/1980,0.8595
11/6/1980,0.8623
11/7/1980,0.8578
11/10/1980,0.8458
11/11/1980,0.8658
11/12/1980,0.8706
11/13/1980,0.867
11/14/1980,0.8741
11/17/1980,0.872
11/18/1980,0.8721
11/19/1980,0.876
11/20/1980,0.896
11/21/1980,0.8941
11/24/1980,0.881
11/25/1980,0.901
11/26/1980,0.889
11/28/1980,0.8845
12/1/1980,0.8712
12/2/1980,0.8755
12/3/1980,0.88
12/4/1980,0.885
12/5/1980,0.9035
12/8/1980,0.8983
12/9/1980,0.8962
12/10/1980,0.8762
12/11/1980,0.8437
12/12/1980,0.86
12/15/1980,0.8612
12/16/1980,0.864
12/17/1980,0.8551
12/18/1980,0.8611
12/19/1980,0.873
12/22/1980,0.892
12/23/1980,0.8862
12/24/1980,0.8923
12/26/1980,0.8923
12/29/1980,0.9033
12/30/1980,0.8833
12/31/1980,0.8937
1/2/1981,0.889
1/5/1981,0.8975
1/6/1981,0.8885
1/7/1981,0.8753
1/8/1981,0.8813
1/9/1981,0.8751
1/12/1981,0.8602
1/13/1981,0.8622
1/14/1981,0.87
1/15/1981,0.867
1/16/1981,0.8702
1/19/1981,0.8602
1/20/1981,0.8567
1/21/1981,0.8465
1/22/1981,0.8487
1/23/1981,0.8315
1/26/1981,0.8192
1/27/1981,0.8192
1/28/1981,0.8301
1/29/1981,0.8418
1/30/1981,0.8435
2/2/1981,0.8355
2/3/1981,0.8518
2/4/1981,0.8561
2/5/1981,0.8582
2/6/1981,0.8465
2/9/1981,0.8265
2/10/1981,0.8135
2/11/1981,0.8216
2/12/1981,0.835
2/13/1981,0.8215
2/17/1981,0.8241
2/18/1981,0.8441
2/19/1981,0.864
2/20/1981,0.8834
2/23/1981,0.871
2/24/1981,0.8593
2/25/1981,0.8612
2/26/1981,0.856
2/27/1981,0.8514
3/2/1981,0.8314
3/3/1981,0.8397
3/4/1981,0.8297
3/5/1981,0.8227
3/6/1981,0.8391
3/9/1981,0.8402
3/10/1981,0.8202
3/11/1981,0.8212
3/12/1981,0.8213
3/13/1981,0.8215
3/16/1981,0.8065
3/17/1981,0.8243
3/18/1981,0.8112
3/19/1981,0.814
3/20/1981,0.8305
3/23/1981,0.8285
3/24/1981,0.8365
3/25/1981,0.821
3/26/1981,0.8202
3/27/1981,0.8137
3/30/1981,0.8105
3/31/1981,0.8112
4/1/1981,0.8037
4/2/1981,0.812
4/3/1981,0.8221
4/6/1981,0.8172
4/7/1981,0.8245
4/8/1981,0.8365
4/9/1981,0.8394
4/10/1981,0.8539
4/13/1981,0.8479
4/14/1981,0.842
4/15/1981,0.8372
4/16/1981,0.834
4/20/1981,0.8217
4/21/1981,0.8218
4/22/1981,0.8162
4/23/1981,0.8172
4/24/1981,0.8187
4/27/1981,0.8202
4/28/1981,0.8187
4/29/1981,0.8072
4/30/1981,0.8022
5/1/1981,0.8067
5/4/1981,0.789
5/5/1981,0.7855
5/6/1981,0.7885
5/7/1981,0.8018
5/8/1981,0.8003
5/11/1981,0.7812
5/12/1981,0.7822
5/13/1981,0.786
5/14/1981,0.7955
5/15/1981,0.7865
5/18/1981,0.7923
5/19/1981,0.789
5/20/1981,0.8005
5/21/1981,0.7945
5/22/1981,0.7985
5/26/1981,0.8072
5/27/1981,0.8031
5/28/1981,0.811
5/29/1981,0.8183
6/1/1981,0.8072
6/2/1981,0.798
6/3/1981,0.7977
6/4/1981,0.8102
6/5/1981,0.8077
6/8/1981,0.7902
6/9/1981,0.7879
6/10/1981,0.7856
6/11/1981,0.779
6/12/1981,0.7932
6/15/1981,0.799
6/16/1981,0.8107
6/17/1981,0.7992
6/18/1981,0.8022
6/19/1981,0.7934
6/22/1981,0.7927
6/23/1981,0.7881
6/24/1981,0.7795
6/25/1981,0.7812
6/26/1981,0.7755
6/29/1981,0.7642
6/30/1981,0.7716
7/1/1981,0.7688
7/2/1981,0.7632
7/6/1981,0.7805
7/7/1981,0.77
7/8/1981,0.7577
7/9/1981,0.7597
7/10/1981,0.7636
7/13/1981,0.76
7/14/1981,0.7496
7/15/1981,0.7475
7/16/1981,0.742
7/17/1981,0.7402
7/20/1981,0.7405
7/21/1981,0.7464
7/22/1981,0.7537
7/23/1981,0.7462
7/24/1981,0.7515
7/27/1981,0.7447
7/28/1981,0.736
7/29/1981,0.7295
7/30/1981,0.7285
7/31/1981,0.7273
8/3/1981,0.7122
8/4/1981,0.7135
8/5/1981,0.7065
8/6/1981,0.7032
8/7/1981,0.689
8/10/1981,0.6798
8/11/1981,0.684
8/12/1981,0.6782
8/13/1981,0.6725
8/14/1981,0.6662
8/17/1981,0.6565
8/18/1981,0.646
8/19/1981,0.6456
8/20/1981,0.648
8/21/1981,0.6371
8/24/1981,0.6275
8/25/1981,0.6275
8/26/1981,0.6229
8/27/1981,0.6307
8/28/1981,0.629
8/31/1981,0.635
9/1/1981,0.6353
9/2/1981,0.6321
9/3/1981,0.6246
9/4/1981,0.613
9/8/1981,0.604
9/9/1981,0.6095
9/10/1981,0.6105
9/11/1981,0.6115
9/14/1981,0.599
9/15/1981,0.6015
9/16/1981,0.6022
9/17/1981,0.6012
9/18/1981,0.5963
9/21/1981,0.595
9/22/1981,0.5972
9/23/1981,0.5924
9/24/1981,0.5935
9/25/1981,0.5914
9/28/1981,0.5893
9/29/1981,0.5893
9/30/1981,0.5942
10/1/1981,0.5933
10/2/1981,0.5969
10/5/1981,0.603
10/6/1981,0.6017
10/7/1981,0.6077
10/8/1981,0.6097
10/9/1981,0.604
10/12/1981,0.62
10/13/1981,0.624
10/14/1981,0.613
10/15/1981,0.6112
10/16/1981,0.6138
10/19/1981,0.5938
10/20/1981,0.5967
10/21/1981,0.6072
10/22/1981,0.6002
10/23/1981,0.6025
10/26/1981,0.6065
10/27/1981,0.6102
10/28/1981,0.6042
10/29/1981,0.6063
10/30/1981,0.6089
11/2/1981,0.607
11/3/1981,0.5997
11/4/1981,0.5994
11/5/1981,0.5967
11/6/1981,0.5875
11/9/1981,0.5838
11/10/1981,0.5762
11/11/1981,0.5783
11/12/1981,0.575
11/13/1981,0.5726
11/16/1981,0.5675
11/17/1981,0.5677
11/18/1981,0.5714
11/19/1981,0.5666
11/20/1981,0.5642
11/23/1981,0.5554
11/24/1981,0.5503
11/25/1981,0.5488
11/27/1981,0.5517
11/30/1981,0.5554
12/1/1981,0.5538
12/2/1981,0.5591
12/3/1981,0.5483
12/4/1981,0.5487
12/7/1981,0.5412
12/8/1981,0.5369
12/9/1981,0.536
12/10/1981,0.5351
12/11/1981,0.5437
12/14/1981,0.5429
12/15/1981,0.5457
12/16/1981,0.5518
12/17/1981,0.5498
12/18/1981,0.5467
12/21/1981,0.5488
12/22/1981,0.5579
12/23/1981,0.5609
12/24/1981,0.5609
12/28/1981,0.5751
12/29/1981,0.5721
12/30/1981,0.563
12/31/1981,0.5602
1/4/1982,0.5715
1/5/1982,0.5713
1/6/1982,0.5802
1/7/1982,0.589
1/8/1982,0.5905
1/11/1982,0.5815
1/12/1982,0.5904
1/13/1982,0.5936
1/14/1982,0.592
1/15/1982,0.5862
1/18/1982,0.5869
1/19/1982,0.5876
1/20/1982,0.5864
1/21/1982,0.5845
1/22/1982,0.5838
1/25/1982,0.5815
1/26/1982,0.5964
1/27/1982,0.6007
1/28/1982,0.5963
1/29/1982,0.603
2/1/1982,0.599
2/2/1982,0.5896
2/3/1982,0.5912
2/4/1982,0.5894
2/5/1982,0.5944
2/8/1982,0.5867
2/9/1982,0.5822
2/10/1982,0.5802
2/11/1982,0.5802
2/12/1982,0.5827
2/16/1982,0.5895
2/17/1982,0.5892
2/18/1982,0.5922
2/19/1982,0.5935
2/22/1982,0.5901
2/23/1982,0.5914
2/24/1982,0.5932
2/25/1982,0.5977
2/26/1982,0.5944
3/1/1982,0.5971
3/2/1982,0.6117
3/3/1982,0.6065
3/4/1982,0.6046
3/5/1982,0.6027
3/8/1982,0.5956
3/9/1982,0.6026
3/10/1982,0.6065
3/11/1982,0.6034
3/12/1982,0.6035
3/15/1982,0.611
3/16/1982,0.6136
3/17/1982,0.6138
3/18/1982,0.621
3/19/1982,0.619
3/22/1982,0.6275
3/23/1982,0.6277
3/24/1982,0.6266
3/25/1982,0.6227
3/26/1982,0.6215
3/29/1982,0.6272
3/30/1982,0.6231
3/31/1982,0.6242
4/1/1982,0.6201
4/2/1982,0.6258
4/5/1982,0.6288
4/6/1982,0.6231
4/7/1982,0.6248
4/8/1982,0.6258
4/12/1982,0.6255
4/13/1982,0.6252
4/14/1982,0.626
4/15/1982,0.6281
4/16/1982,0.6274
4/19/1982,0.6258
4/20/1982,0.6238
4/21/1982,0.6303
4/22/1982,0.6302
4/23/1982,0.6391
4/26/1982,0.6514
4/27/1982,0.6459
4/28/1982,0.6468
4/29/1982,0.6491
4/30/1982,0.6452
5/3/1982,0.6411
5/4/1982,0.6414
5/5/1982,0.6394
5/6/1982,0.6448
5/7/1982,0.6472
5/10/1982,0.6413
5/11/1982,0.6435
5/12/1982,0.6353
5/13/1982,0.6277
5/14/1982,0.6225
5/17/1982,0.6177
5/18/1982,0.6183
5/19/1982,0.6237
5/20/1982,0.6284
5/21/1982,0.6272
5/24/1982,0.6205
5/25/1982,0.6196
5/26/1982,0.6221
5/27/1982,0.6212
5/28/1982,0.6077
6/1/1982,0.5996
6/2/1982,0.6037
6/3/1982,0.6011
6/4/1982,0.5955
6/7/1982,0.602
6/8/1982,0.6082
6/9/1982,0.6097
6/10/1982,0.6102
6/11/1982,0.6114
6/14/1982,0.5976
6/15/1982,0.6
6/16/1982,0.591
6/17/1982,0.5853
6/18/1982,0.5945
6/21/1982,0.6123
6/22/1982,0.6167
6/23/1982,0.625
6/24/1982,0.6335
6/25/1982,0.6422
6/28/1982,0.6429
6/29/1982,0.653
6/30/1982,0.653
7/1/1982,0.6532
7/2/1982,0.6669
7/6/1982,0.6589
7/7/1982,0.654
7/8/1982,0.6655
7/9/1982,0.6585
7/12/1982,0.6603
7/13/1982,0.6675
7/14/1982,0.6692
7/15/1982,0.6614
7/16/1982,0.662
7/19/1982,0.6505
7/20/1982,0.6647
7/21/1982,0.6542
7/22/1982,0.6664
7/23/1982,0.6605
7/26/1982,0.6421
7/27/1982,0.638
7/28/1982,0.632
7/29/1982,0.637
7/30/1982,0.635
8/2/1982,0.6362
8/3/1982,0.6212
8/4/1982,0.626
8/5/1982,0.6275
8/6/1982,0.6285
8/9/1982,0.618
8/10/1982,0.6214
8/11/1982,0.619
8/12/1982,0.5995
8/13/1982,0.6035
8/16/1982,0.5942
8/17/1982,0.5974
8/18/1982,0.6015
8/19/1982,0.5965
8/20/1982,0.6028
8/23/1982,0.6013
8/24/1982,0.6027
8/25/1982,0.5961
8/26/1982,0.596
8/27/1982,0.5852
8/30/1982,0.5908
8/31/1982,0.5868
9/1/1982,0.592
9/2/1982,0.609
9/3/1982,0.5966
9/7/1982,0.59
9/8/1982,0.5902
9/9/1982,0.5875
9/10/1982,0.5945
9/13/1982,0.591
9/14/1982,0.5813
9/15/1982,0.569
9/16/1982,0.5979
9/17/1982,0.5986
9/20/1982,0.5912
9/21/1982,0.5917
9/22/1982,0.5924
9/23/1982,0.5921
9/24/1982,0.5941
9/27/1982,0.5924
9/28/1982,0.5945
9/29/1982,0.5877
9/30/1982,0.5875
10/1/1982,0.5822
10/4/1982,0.577
10/5/1982,0.579
10/6/1982,0.579
10/7/1982,0.5821
10/8/1982,0.5752
10/11/1982,0.5789
10/12/1982,0.5889
10/13/1982,0.599
10/14/1982,0.5991
10/15/1982,0.5974
10/18/1982,0.5976
10/19/1982,0.5931
10/20/1982,0.595
10/21/1982,0.5892
10/22/1982,0.5843
10/25/1982,0.5778
10/26/1982,0.5795
10/27/1982,0.5772
10/28/1982,0.5805
10/29/1982,0.5793
11/1/1982,0.5813
11/2/1982,0.5813
11/3/1982,0.5724
11/4/1982,0.5811
11/5/1982,0.5752
11/8/1982,0.5786
11/9/1982,0.5853
11/10/1982,0.5802
11/11/1982,0.586
11/12/1982,0.5886
11/15/1982,0.5947
11/16/1982,0.5958
11/17/1982,0.5977
11/18/1982,0.5962
11/19/1982,0.599
11/22/1982,0.5905
11/23/1982,0.5848
11/24/1982,0.5852
11/26/1982,0.5867
11/29/1982,0.5873
11/30/1982,0.5985
12/1/1982,0.5997
12/2/1982,0.5966
12/3/1982,0.5945
12/6/1982,0.6033
12/7/1982,0.6006
12/8/1982,0.6003
12/9/1982,0.6153
12/10/1982,0.6082
12/13/1982,0.5962
12/14/1982,0.5967
12/15/1982,0.5947
12/16/1982,0.5986
12/17/1982,0.5987
12/20/1982,0.5917
12/21/1982,0.5936
12/22/1982,0.597
12/23/1982,0.5986
12/27/1982,0.6044
12/28/1982,0.6035
12/29/1982,0.5987
12/30/1982,0.5992
12/31/1982,0.5992
1/3/1983,0.5983
1/4/1983,0.594
1/5/1983,0.5957
1/6/1983,0.6023
1/7/1983,0.6058
1/10/1983,0.6156
1/11/1983,0.6052
1/12/1983,0.6113
1/13/1983,0.6122
1/14/1983,0.6122
1/17/1983,0.6095
1/18/1983,0.619
1/19/1983,0.6121
1/20/1983,0.6128
1/21/1983,0.6106
1/24/1983,0.6053
1/25/1983,0.6012
1/26/1983,0.6012
1/27/1983,0.6022
1/28/1983,0.6065
1/31/1983,0.6092
2/1/1983,0.6065
2/2/1983,0.6075
2/3/1983,0.6064
2/4/1983,0.608
2/7/1983,0.6088
2/8/1983,0.6107
2/9/1983,0.6078
2/10/1983,0.6166
2/11/1983,0.6157
2/14/1983,0.6189
2/15/1983,0.625
2/16/1983,0.6267
2/17/1983,0.6255
2/18/1983,0.627
2/22/1983,0.6454
2/23/1983,0.6511
2/24/1983,0.64
2/25/1983,0.6384
2/28/1983,0.652
3/1/1983,0.6512
3/2/1983,0.6548
3/3/1983,0.6445
3/4/1983,0.6482
3/7/1983,0.6472
3/8/1983,0.6488
3/9/1983,0.6491
3/10/1983,0.6464
3/11/1983,0.6493
3/14/1983,0.649
3/15/1983,0.6575
3/16/1983,0.6603
3/17/1983,0.6772
3/18/1983,0.6742
3/21/1983,0.6827
3/22/1983,0.669
3/23/1983,0.6652
3/24/1983,0.675
3/25/1983,0.6745
3/28/1983,0.6882
3/29/1983,0.6905
3/30/1983,0.6826
3/31/1983,0.6832
4/4/1983,0.6765
4/5/1983,0.672
4/6/1983,0.658
4/7/1983,0.6602
4/8/1983,0.65
4/11/1983,0.644
4/12/1983,0.6382
4/13/1983,0.642
4/14/1983,0.6417
4/15/1983,0.6465
4/18/1983,0.6581
4/19/1983,0.6565
4/20/1983,0.6484
4/21/1983,0.6343
4/22/1983,0.6409
4/25/1983,0.6303
4/26/1983,0.6417
4/27/1983,0.6432
4/28/1983,0.6443
4/29/1983,0.6464
5/2/1983,0.6387
5/3/1983,0.6376
5/4/1983,0.6487
5/5/1983,0.6491
5/6/1983,0.6588
5/9/1983,0.6754
5/10/1983,0.6765
5/11/1983,0.6692
5/12/1983,0.666
5/13/1983,0.6679
5/16/1983,0.6777
5/17/1983,0.6785
5/18/1983,0.6742
5/19/1983,0.6817
5/20/1983,0.6818
5/23/1983,0.6763
5/24/1983,0.672
5/25/1983,0.6685
5/26/1983,0.6707
5/27/1983,0.6705
5/31/1983,0.6905
6/1/1983,0.6872
6/2/1983,0.6905
6/3/1983,0.708
6/6/1983,0.7066
6/7/1983,0.7042
6/8/1983,0.7043
6/9/1983,0.7187
6/10/1983,0.7088
6/13/1983,0.7088
6/14/1983,0.6967
6/15/1983,0.6912
6/16/1983,0.6971
6/17/1983,0.6985
6/20/1983,0.7185
6/21/1983,0.7282
6/22/1983,0.7262
6/23/1983,0.7335
6/24/1983,0.741
6/27/1983,0.721
6/28/1983,0.7044
6/29/1983,0.7248
6/30/1983,0.7048
7/1/1983,0.6975
7/5/1983,0.7068
7/6/1983,0.714
7/7/1983,0.7083
7/8/1983,0.7063
7/11/1983,0.712
7/12/1983,0.6998
7/13/1983,0.698
7/14/1983,0.699
7/15/1983,0.682
7/18/1983,0.686
7/19/1983,0.6795
7/20/1983,0.7032
7/21/1983,0.699
7/22/1983,0.7144
7/25/1983,0.7342
7/26/1983,0.7332
7/27/1983,0.7275
7/28/1983,0.7295
7/29/1983,0.7215
8/1/1983,0.737
8/2/1983,0.736
8/3/1983,0.7318
8/4/1983,0.7331
8/5/1983,0.743
8/8/1983,0.735
8/9/1983,0.7275
8/10/1983,0.7263
8/11/1983,0.7285
8/12/1983,0.7215
8/15/1983,0.7397
8/16/1983,0.735
8/17/1983,0.7255
8/18/1983,0.7101
8/19/1983,0.7167
8/22/1983,0.7367
8/23/1983,0.7255
8/24/1983,0.732
8/25/1983,0.7315
8/26/1983,0.7375
8/29/1983,0.74
8/30/1983,0.7435
8/31/1983,0.735
9/1/1983,0.7315
9/2/1983,0.739
9/6/1983,0.7375
9/7/1983,0.733
9/8/1983,0.7385
9/9/1983,0.738
9/12/1983,0.732
9/13/1983,0.7125
9/14/1983,0.699
9/15/1983,0.694
9/16/1983,0.701
9/19/1983,0.6985
9/20/1983,0.6892
9/21/1983,0.7106
9/22/1983,0.6916
9/23/1983,0.693
9/26/1983,0.6875
9/27/1983,0.6941
9/28/1983,0.6916
9/29/1983,0.6925
9/30/1983,0.6996
10/3/1983,0.7038
10/4/1983,0.7013
10/5/1983,0.7145
10/6/1983,0.7125
10/7/1983,0.714
10/10/1983,0.7123
10/11/1983,0.7069
10/12/1983,0.7047
10/13/1983,0.7098
10/14/1983,0.7113
10/17/1983,0.7245
10/18/1983,0.7252
10/19/1983,0.742
10/20/1983,0.7372
10/21/1983,0.7394
10/24/1983,0.733
10/25/1983,0.74
10/26/1983,0.7422
10/27/1983,0.7445
10/28/1983,0.7447
10/31/1983,0.7417
11/1/1983,0.7477
11/2/1983,0.7439
11/3/1983,0.7434
11/4/1983,0.743
11/7/1983,0.736
11/8/1983,0.7417
11/9/1983,0.7407
11/10/1983,0.7508
11/11/1983,0.7313
11/14/1983,0.735
11/15/1983,0.7345
11/16/1983,0.7319
11/17/1983,0.7372
11/18/1983,0.733
11/21/1983,0.7334
11/22/1983,0.7222
11/23/1983,0.7141
11/25/1983,0.717
11/28/1983,0.7189
11/29/1983,0.7235
11/30/1983,0.7193
12/1/1983,0.7204
12/2/1983,0.7243
12/5/1983,0.7229
12/6/1983,0.7255
12/7/1983,0.7353
12/8/1983,0.729
12/9/1983,0.7337
12/12/1983,0.7276
12/13/1983,0.7298
12/14/1983,0.7294
12/15/1983,0.7155
12/16/1983,0.7217
12/19/1983,0.7322
12/20/1983,0.7167
12/21/1983,0.7105
12/22/1983,0.7145
12/23/1983,0.7141
12/27/1983,0.7202
12/28/1983,0.7172
12/29/1983,0.7115
12/30/1983,0.7061
1/3/1984,0.6932
1/4/1984,0.6977
1/5/1984,0.6962
1/6/1984,0.6852
1/9/1984,0.6747
1/10/1984,0.6797
1/11/1984,0.6835
1/12/1984,0.6915
1/13/1984,0.6938
1/16/1984,0.6891
1/17/1984,0.706
1/18/1984,0.7034
1/19/1984,0.7079
1/20/1984,0.7162
1/23/1984,0.7103
1/24/1984,0.7027
1/25/1984,0.703
1/26/1984,0.7082
1/27/1984,0.7162
1/30/1984,0.713
1/31/1984,0.7244
2/1/1984,0.7232
2/2/1984,0.7248
2/3/1984,0.712
2/6/1984,0.7147
2/7/1984,0.7162
2/8/1984,0.711
2/9/1984,0.7015
2/10/1984,0.6968
2/13/1984,0.6899
2/14/1984,0.6925
2/15/1984,0.6912
2/16/1984,0.6944
2/17/1984,0.7144
2/21/1984,0.7091
2/22/1984,0.7114
2/23/1984,0.7158
2/24/1984,0.7252
2/27/1984,0.7305
2/28/1984,0.7262
2/29/1984,0.7259
3/1/1984,0.7283
3/2/1984,0.7369
3/5/1984,0.7367
3/6/1984,0.7323
3/7/1984,0.733
3/8/1984,0.7389
3/9/1984,0.7449
3/12/1984,0.7539
3/13/1984,0.754
3/14/1984,0.754
3/15/1984,0.7532
3/16/1984,0.7472
3/19/1984,0.7454
3/20/1984,0.7555
3/21/1984,0.7641
3/22/1984,0.7618
3/23/1984,0.7574
3/26/1984,0.7488
3/27/1984,0.7527
3/28/1984,0.7639
3/29/1984,0.7652
3/30/1984,0.7699
4/2/1984,0.7758
4/3/1984,0.7765
4/4/1984,0.7652
4/5/1984,0.7555
4/6/1984,0.7572
4/9/1984,0.7605
4/10/1984,0.7628
4/11/1984,0.7667
4/12/1984,0.7467
4/13/1984,0.7375
4/16/1984,0.7392
4/17/1984,0.7435
4/18/1984,0.7415
4/19/1984,0.7513
4/23/1984,0.7691
4/24/1984,0.7702
4/25/1984,0.7781
4/26/1984,0.7883
4/27/1984,0.7822
4/30/1984,0.7871
5/1/1984,0.7769
5/2/1984,0.7872
5/3/1984,0.7958
5/4/1984,0.7942
5/7/1984,0.8027
5/8/1984,0.7934
5/9/1984,0.8025
5/10/1984,0.794
5/11/1984,0.7991
5/14/1984,0.7934
5/15/1984,0.7872
5/16/1984,0.8072
5/17/1984,0.8055
5/18/1984,0.8186
5/21/1984,0.8237
5/22/1984,0.8179
5/23/1984,0.82
5/24/1984,0.8154
5/25/1984,0.8274
5/29/1984,0.8311
5/30/1984,0.8246
5/31/1984,0.8212
6/1/1984,0.8241
6/4/1984,0.8041
6/5/1984,0.8062
6/6/1984,0.801
6/7/1984,0.7995
6/8/1984,0.7895
6/11/1984,0.7695
6/12/1984,0.7707
6/13/1984,0.7817
6/14/1984,0.7617
6/15/1984,0.7488
6/18/1984,0.74
6/19/1984,0.745
6/20/1984,0.7376
6/21/1984,0.7365
6/22/1984,0.7331
6/25/1984,0.7292
6/26/1984,0.7282
6/27/1984,0.7295
6/28/1984,0.7235
6/29/1984,0.7147
7/2/1984,0.7056
7/3/1984,0.7095
7/5/1984,0.7207
7/6/1984,0.7267
7/9/1984,0.7243
7/10/1984,0.7151
7/11/1984,0.707
7/12/1984,0.7106
7/13/1984,0.6982
7/16/1984,0.6782
7/17/1984,0.6735
7/18/1984,0.6732
7/19/1984,0.667
7/20/1984,0.6592
7/23/1984,0.6479
7/24/1984,0.6465
7/25/1984,0.6429
7/26/1984,0.6447
7/27/1984,0.642
7/30/1984,0.6385
7/31/1984,0.6395
8/1/1984,0.6375
8/2/1984,0.6413
8/3/1984,0.6575
8/6/1984,0.6533
8/7/1984,0.6355
8/8/1984,0.6374
8/9/1984,0.632
8/10/1984,0.6345
8/13/1984,0.6216
8/14/1984,0.6243
8/15/1984,0.6241
8/16/1984,0.6265
8/17/1984,0.6324
8/20/1984,0.6305
8/21/1984,0.63
8/22/1984,0.6237
8/23/1984,0.6315
8/24/1984,0.6255
8/27/1984,0.6212
8/28/1984,0.6235
8/29/1984,0.622
8/30/1984,0.6185
8/31/1984,0.617
9/4/1984,0.6102
9/5/1984,0.6155
9/6/1984,0.6187
9/7/1984,0.6189
9/10/1984,0.6207
9/11/1984,0.6222
9/12/1984,0.6072
9/13/1984,0.6015
9/14/1984,0.6047
9/17/1984,0.6001
9/18/1984,0.6027
9/19/1984,0.5966
9/20/1984,0.5957
9/21/1984,0.6022
9/24/1984,0.5996
9/25/1984,0.6017
9/26/1984,0.6076
9/27/1984,0.6042
9/28/1984,0.5972
10/1/1984,0.5951
10/2/1984,0.5954
10/3/1984,0.5972
10/4/1984,0.5891
10/5/1984,0.5869
10/8/1984,0.5954
10/9/1984,0.5946
10/10/1984,0.5947
10/11/1984,0.594
10/12/1984,0.5988
10/15/1984,0.61
10/16/1984,0.6131
10/17/1984,0.6074
10/18/1984,0.6062
10/19/1984,0.6147
10/22/1984,0.6347
10/23/1984,0.631
10/24/1984,0.6262
10/25/1984,0.6311
10/26/1984,0.6282
10/29/1984,0.6124
10/30/1984,0.6137
10/31/1984,0.6207
11/1/1984,0.6317
11/2/1984,0.6183
11/5/1984,0.6059
11/6/1984,0.6025
11/7/1984,0.6064
11/8/1984,0.6063
11/9/1984,0.6085
11/12/1984,0.5911
11/13/1984,0.5882
11/14/1984,0.592
11/15/1984,0.5913
11/16/1984,0.6056
11/19/1984,0.5987
11/20/1984,0.6027
11/21/1984,0.604
11/23/1984,0.6037
11/26/1984,0.6094
11/27/1984,0.602
11/28/1984,0.6037
11/29/1984,0.6103
11/30/1984,0.6093
12/3/1984,0.6093
12/4/1984,0.6132
12/5/1984,0.612
12/6/1984,0.6115
12/7/1984,0.608
12/10/1984,0.6033
12/11/1984,0.598
12/12/1984,0.5995
12/13/1984,0.5993
12/14/1984,0.6042
12/17/1984,0.6087
12/18/1984,0.6136
12/19/1984,0.6126
12/20/1984,0.6104
12/21/1984,0.6142
12/24/1984,0.6142
12/26/1984,0.6101
12/27/1984,0.6099
12/28/1984,0.6117
12/31/1984,0.6117
1/2/1985,0.6104
1/3/1985,0.6199
1/4/1985,0.6145
1/7/1985,0.6246
1/8/1985,0.6204
1/9/1985,0.6207
1/10/1985,0.6212
1/11/1985,0.6156
1/14/1985,0.6152
1/15/1985,0.6111
1/16/1985,0.6063
1/17/1985,0.6029
1/18/1985,0.6047
1/21/1985,0.6054
1/22/1985,0.6035
1/23/1985,0.6046
1/24/1985,0.5982
1/25/1985,0.5969
1/28/1985,0.5932
1/29/1985,0.5905
1/30/1985,0.5953
1/31/1985,0.5953
2/1/1985,0.5923
2/4/1985,0.5898
2/5/1985,0.5968
2/6/1985,0.5978
2/7/1985,0.5942
2/8/1985,0.6017
2/11/1985,0.5981
2/12/1985,0.6017
2/13/1985,0.5998
2/14/1985,0.5922
2/15/1985,0.5923
2/19/1985,0.6018
2/20/1985,0.5988
2/21/1985,0.5953
2/22/1985,0.5935
2/25/1985,0.588
2/26/1985,0.5943
2/27/1985,0.5942
2/28/1985,0.5993
3/1/1985,0.6002
3/4/1985,0.5982
3/5/1985,0.5934
3/6/1985,0.6008
3/7/1985,0.6013
3/8/1985,0.6062
3/11/1985,0.6017
3/12/1985,0.6078
3/13/1985,0.6195
3/14/1985,0.6143
3/15/1985,0.6105
3/18/1985,0.6131
3/19/1985,0.6319
3/20/1985,0.6363
3/21/1985,0.628
3/22/1985,0.6319
3/25/1985,0.6273
3/26/1985,0.6265
3/27/1985,0.623
3/28/1985,0.6243
3/29/1985,0.6285
4/1/1985,0.6321
4/2/1985,0.6365
4/3/1985,0.6373
4/4/1985,0.6424
4/8/1985,0.648
4/9/1985,0.647
4/10/1985,0.6367
4/11/1985,0.6359
4/12/1985,0.6225
4/15/1985,0.6312
4/16/1985,0.628
4/17/1985,0.6308
4/18/1985,0.6248
4/19/1985,0.6243
4/22/1985,0.6235
4/23/1985,0.6162
4/24/1985,0.5982
4/25/1985,0.5935
4/26/1985,0.5945
4/29/1985,0.6025
4/30/1985,0.6002
5/1/1985,0.6049
5/2/1985,0.5997
5/3/1985,0.5972
5/6/1985,0.6019
5/7/1985,0.6019
5/8/1985,0.6015
5/9/1985,0.6068
5/10/1985,0.6075
5/13/1985,0.6033
5/14/1985,0.599
5/15/1985,0.5982
5/16/1985,0.6005
5/17/1985,0.6006
5/20/1985,0.6022
5/21/1985,0.6036
5/22/1985,0.6026
5/23/1985,0.5962
5/24/1985,0.5872
5/28/1985,0.5818
5/29/1985,0.589
5/30/1985,0.5738
5/31/1985,0.5927
6/3/1985,0.5964
6/4/1985,0.5994
6/5/1985,0.5994
6/6/1985,0.6007
6/7/1985,0.6012
6/10/1985,0.5983
6/11/1985,0.5935
6/12/1985,0.596
6/13/1985,0.6023
6/14/1985,0.5997
6/17/1985,0.6044
6/18/1985,0.604
6/19/1985,0.596
6/20/1985,0.599
6/21/1985,0.5966
6/24/1985,0.6
6/25/1985,0.6009
6/26/1985,0.599
6/27/1985,0.5973
6/28/1985,0.5986
7/1/1985,0.5922
7/2/1985,0.597
7/3/1985,0.594
7/5/1985,0.594
7/8/1985,0.5955
7/9/1985,0.5952
7/10/1985,0.5945
7/11/1985,0.587
7/12/1985,0.5992
7/15/1985,0.5969
7/16/1985,0.5923
7/17/1985,0.5909
7/18/1985,0.5902
7/19/1985,0.577
7/22/1985,0.5806
7/23/1985,0.58
7/24/1985,0.588
7/25/1985,0.5897
7/26/1985,0.5848
7/29/1985,0.5815
7/30/1985,0.5785
7/31/1985,0.5825
8/1/1985,0.5815
8/2/1985,0.58
8/5/1985,0.5872
8/6/1985,0.584
8/7/1985,0.5801
8/8/1985,0.5742
8/9/1985,0.5728
8/12/1985,0.5677
8/13/1985,0.564
8/14/1985,0.5695
8/15/1985,0.5715
8/16/1985,0.5615
8/19/1985,0.5635
8/20/1985,0.5665
8/21/1985,0.5672
8/22/1985,0.5618
8/23/1985,0.5598
8/26/1985,0.559
8/27/1985,0.5625
8/28/1985,0.5645
8/29/1985,0.5683
8/30/1985,0.5665
9/3/1985,0.568
9/4/1985,0.5642
9/5/1985,0.5668
9/6/1985,0.568
9/9/1985,0.5672
9/10/1985,0.5657
9/11/1985,0.5655
9/12/1985,0.5688
9/13/1985,0.5735
9/16/1985,0.5805
9/17/1985,0.5597
9/18/1985,0.5572
9/19/1985,0.565
9/20/1985,0.5626
9/23/1985,0.562
9/24/1985,0.5605
9/25/1985,0.5965
9/26/1985,0.5557
9/30/1985,0.5573
10/1/1985,0.564
10/2/1985,0.5637
10/3/1985,0.5643
10/4/1985,0.5659
10/7/1985,0.5626
10/8/1985,0.5654
10/9/1985,0.5697
10/10/1985,0.5703
10/11/1985,0.5671
10/14/1985,0.5699
10/15/1985,0.5653
10/16/1985,0.563
10/17/1985,0.5628
10/18/1985,0.5586
10/21/1985,0.5541
10/22/1985,0.5605
10/23/1985,0.5642
10/24/1985,0.5637
10/25/1985,0.5637
10/28/1985,0.5723
10/29/1985,0.5667
10/30/1985,0.5634
10/31/1985,0.5727
11/1/1985,0.5672
11/4/1985,0.5667
11/5/1985,0.5679
11/6/1985,0.5662
11/7/1985,0.572
11/8/1985,0.5684
11/11/1985,0.5662
11/12/1985,0.5673
11/13/1985,0.5692
11/14/1985,0.5629
11/15/1985,0.5557
11/18/1985,0.5604
11/19/1985,0.5641
11/20/1985,0.5621
11/21/1985,0.5648
11/22/1985,0.5661
11/25/1985,0.5584
11/26/1985,0.5652
11/27/1985,0.5562
11/29/1985,0.5498
12/2/1985,0.5504
12/3/1985,0.5576
12/4/1985,0.5568
12/5/1985,0.5565
12/6/1985,0.5584
12/9/1985,0.5572
12/10/1985,0.56
12/11/1985,0.56
12/12/1985,0.56
12/13/1985,0.56
12/16/1985,0.56
12/17/1985,0.565
12/18/1985,0.565
12/19/1985,0.57
12/20/1985,0.57
12/23/1985,0.57
12/24/1985,0.57
12/26/1985,0.57
12/27/1985,0.57
12/30/1985,0.57
12/31/1985,0.585
1/2/1986,0.59
1/3/1986,0.59
1/6/1986,0.59
1/7/1986,0.59
1/8/1986,0.59
1/9/1986,0.595
1/10/1986,0.595
1/13/1986,0.595
1/14/1986,0.595
1/15/1986,0.595
1/16/1986,0.595
1/17/1986,0.6
1/20/1986,0.6
1/21/1986,0.6
1/22/1986,0.6
1/23/1986,0.6
1/24/1986,0.6
1/27/1986,0.6
1/28/1986,0.6
1/29/1986,0.6
1/30/1986,0.6
1/31/1986,0.6
2/3/1986,0.6
2/4/1986,0.6
2/5/1986,0.6
2/6/1986,0.6
2/7/1986,0.6
2/10/1986,0.6
2/11/1986,0.6
2/12/1986,0.6
2/13/1986,0.6
2/14/1986,0.6
2/18/1986,0.62
2/19/1986,0.62
2/20/1986,0.62
2/21/1986,0.62
2/24/1986,0.62
2/25/1986,0.62
2/26/1986,0.62
2/27/1986,0.62
2/28/1986,0.62
3/3/1986,0.62
3/4/1986,0.62
3/5/1986,0.62
3/6/1986,0.62
3/7/1986,0.62
3/10/1986,0.62
3/11/1986,0.62
3/12/1986,0.62
3/13/1986,0.625
3/14/1986,0.625
3/17/1986,0.625
3/18/1986,0.625
3/19/1986,0.625
3/20/1986,0.625
3/21/1986,0.625
3/24/1986,0.625
3/25/1986,0.6275
3/26/1986,0.6275
3/27/1986,0.63
3/31/1986,0.63
4/1/1986,0.63
4/2/1986,0.63
4/3/1986,0.63
4/4/1986,0.63
4/7/1986,0.63
4/8/1986,0.63
4/9/1986,0.63
4/10/1986,0.63
4/11/1986,0.6325
4/14/1986,0.6325
4/15/1986,0.635
4/16/1986,0.635
4/17/1986,0.635
4/18/1986,0.635
4/21/1986,0.635
4/22/1986,0.635
4/23/1986,0.635
4/24/1986,0.635
4/25/1986,0.635
4/28/1986,0.635
4/29/1986,0.635
4/30/1986,0.635
5/1/1986,0.64
5/2/1986,0.64
5/5/1986,0.64
5/6/1986,0.64
5/7/1986,0.645
5/8/1986,0.645
5/9/1986,0.645
5/12/1986,0.645
5/13/1986,0.645
5/14/1986,0.65
5/15/1986,0.65
5/16/1986,0.65
5/19/1986,0.65
5/20/1986,0.65
5/21/1986,0.655
5/22/1986,0.655
5/23/1986,0.655
5/27/1986,0.655
5/28/1986,0.655
5/29/1986,0.655
5/30/1986,0.655
6/2/1986,0.655
6/3/1986,0.655
6/4/1986,0.665
6/5/1986,0.655
6/6/1986,0.655
6/9/1986,0.655
6/10/1986,0.655
6/11/1986,0.655
6/12/1986,0.655
6/13/1986,0.655
6/16/1986,0.655
6/17/1986,0.655
6/18/1986,0.655
6/19/1986,0.655
6/20/1986,0.655
6/23/1986,0.655
6/24/1986,0.655
6/25/1986,0.655
6/26/1986,0.655
6/27/1986,0.655
6/30/1986,0.655
7/1/1986,0.655
7/2/1986,0.655
7/3/1986,0.655
7/7/1986,0.655
7/8/1986,0.655
7/9/1986,0.655
7/10/1986,0.655
7/11/1986,0.655
7/14/1986,0.655
7/15/1986,0.655
7/16/1986,0.655
7/17/1986,0.655
7/18/1986,0.655
7/21/1986,0.655
7/22/1986,0.655
7/23/1986,0.655
7/24/1986,0.655
7/25/1986,0.655
7/28/1986,0.655
7/29/1986,0.655
7/30/1986,0.655
7/31/1986,0.655
8/1/1986,0.265
8/4/1986,0.265
8/5/1986,0.265
8/6/1986,0.265
8/7/1986,0.265
8/8/1986,0.265
8/11/1986,0.265
8/12/1986,0.265
8/13/1986,0.265
8/14/1986,0.265
8/15/1986,0.265
8/18/1986,0.265
8/19/1986,0.265
8/20/1986,0.265
8/21/1986,0.265
8/22/1986,0.265
8/25/1986,0.265
8/26/1986,0.265
8/27/1986,0.265
8/28/1986,0.265
8/29/1986,0.275
9/2/1986,0.275
9/3/1986,0.275
9/4/1986,0.285
9/5/1986,0.29
9/8/1986,0.29
9/9/1986,0.33
9/10/1986,0.33
9/11/1986,0.33
9/12/1986,0.33
9/15/1986,0.33
9/16/1986,0.34
9/17/1986,0.34
9/18/1986,0.34
9/19/1986,0.3575
9/22/1986,0.3575
9/23/1986,0.3675
9/24/1986,0.3675
9/25/1986,0.3675
9/26/1986,0.3675
9/29/1986,0.3675
9/30/1986,0.3955
10/1/1986,0.3975
10/2/1986,0.3975
10/3/1986,0.3975
10/6/1986,0.3975
10/7/1986,0.3975
10/8/1986,0.3975
10/9/1986,0.3975
10/10/1986,0.3975
10/13/1986,0.3975
10/14/1986,0.42
10/15/1986,0.42
10/16/1986,0.42
10/17/1986,0.42
10/20/1986,0.42
10/21/1986,0.443
10/22/1986,0.443
10/23/1986,0.443
10/24/1986,0.443
10/27/1986,0.443
10/28/1986,0.443
10/29/1986,0.443
10/30/1986,0.443
10/31/1986,0.433
11/3/1986,0.433
11/4/1986,0.433
11/5/1986,0.433
11/6/1986,0.433
11/7/1986,0.433
11/10/1986,0.433
11/11/1986,0.433
11/12/1986,0.433
11/13/1986,0.433
11/14/1986,0.433
11/17/1986,0.433
11/18/1986,0.433
11/19/1986,0.433
11/20/1986,0.453
11/21/1986,0.453
11/24/1986,0.453
11/25/1986,0.463
11/26/1986,0.463
11/28/1986,0.463
12/1/1986,0.463
12/2/1986,0.483
12/3/1986,0.483
12/4/1986,0.49
12/5/1986,0.49
12/8/1986,0.49
12/9/1986,0.5
12/10/1986,0.5
12/11/1986,0.52
12/12/1986,0.52
12/15/1986,0.52
12/16/1986,0.52
12/17/1986,0.52
12/18/1986,0.52
12/19/1986,0.52
12/22/1986,0.52
12/23/1986,0.53
12/24/1986,0.53
12/26/1986,0.53
12/29/1986,0.53
12/30/1986,0.54
12/31/1986,0.54
1/2/1987,0.54
1/5/1987,0.54
1/6/1987,0.54
1/7/1987,0.54
1/8/1987,0.545
1/9/1987,0.545
1/12/1987,0.545
1/13/1987,0.545
1/14/1987,0.545
1/15/1987,0.545
1/16/1987,0.545
1/19/1987,0.545
1/20/1987,0.545
1/21/1987,0.565
1/22/1987,0.565
1/23/1987,0.565
1/26/1987,0.565
1/27/1987,0.545
1/28/1987,0.545
1/29/1987,0.52
1/30/1987,0.52
2/2/1987,0.52
2/3/1987,0.53
2/4/1987,0.53
2/5/1987,0.53
2/6/1987,0.53
2/9/1987,0.53
2/10/1987,0.53
2/11/1987,0.53
2/12/1987,0.53
2/13/1987,0.53
2/17/1987,0.53
2/18/1987,0.53
2/19/1987,0.525
2/20/1987,0.525
2/23/1987,0.525
2/24/1987,0.525
2/25/1987,0.525
2/26/1987,0.525
2/27/1987,0.525
3/2/1987,0.525
3/3/1987,0.54
3/4/1987,0.54
3/5/1987,0.54
3/6/1987,0.54
3/9/1987,0.54
3/10/1987,0.53
3/11/1987,0.53
3/12/1987,0.525
3/13/1987,0.525
3/16/1987,0.525
3/17/1987,0.53
3/18/1987,0.53
3/19/1987,0.53
3/20/1987,0.53
3/23/1987,0.53
3/24/1987,0.535
3/25/1987,0.535
3/26/1987,0.535
3/27/1987,0.535
3/30/1987,0.535
3/31/1987,0.54
4/1/1987,0.54
4/2/1987,0.545
4/3/1987,0.545
4/6/1987,0.545
4/7/1987,0.54
4/8/1987,0.54
4/9/1987,0.54
4/10/1987,0.54
4/13/1987,0.54
4/14/1987,0.54
4/15/1987,0.56
4/16/1987,0.565
4/20/1987,0.565
4/21/1987,0.565
4/22/1987,0.565
4/23/1987,0.57
4/24/1987,0.57
4/27/1987,0.57
4/28/1987,0.57
4/29/1987,0.57
4/30/1987,0.57
5/1/1987,0.595
5/4/1987,0.595
5/5/1987,0.595
5/6/1987,0.595
5/7/1987,0.595
5/8/1987,0.6
5/11/1987,0.6
5/12/1987,0.63
5/13/1987,0.631
5/14/1987,0.6572
5/15/1987,0.6596
5/18/1987,0.6482
5/19/1987,0.6544
5/20/1987,0.6654
5/21/1987,0.6895
5/22/1987,0.6752
5/26/1987,0.6868
5/27/1987,0.7045
5/28/1987,0.6845
5/29/1987,0.687
6/1/1987,0.6735
6/2/1987,0.666
6/3/1987,0.6745
6/4/1987,0.6945
6/5/1987,0.7
6/8/1987,0.6816
6/9/1987,0.682
6/10/1987,0.679
6/11/1987,0.6965
6/12/1987,0.7163
6/15/1987,0.7325
6/16/1987,0.7132
6/17/1987,0.7
6/18/1987,0.7145
6/19/1987,0.7115
6/22/1987,0.7115
6/23/1987,0.7008
6/24/1987,0.6808
6/25/1987,0.6868
6/26/1987,0.6995
6/29/1987,0.7075
6/30/1987,0.708
7/1/1987,0.7047
7/2/1987,0.7098
7/6/1987,0.7073
7/7/1987,0.7105
7/8/1987,0.7132
7/9/1987,0.6995
7/10/1987,0.7193
7/13/1987,0.71
7/14/1987,0.713
7/15/1987,0.728
7/16/1987,0.7347
7/17/1987,0.7337
7/20/1987,0.7263
7/21/1987,0.7363
7/22/1987,0.7333
7/23/1987,0.7348
7/24/1987,0.7418
7/27/1987,0.741
7/28/1987,0.746
7/29/1987,0.756
7/30/1987,0.7638
7/31/1987,0.763
8/3/1987,0.7655
8/4/1987,0.7527
8/5/1987,0.7565
8/6/1987,0.7558
8/7/1987,0.742
8/10/1987,0.73
8/11/1987,0.7335
8/12/1987,0.7535
8/13/1987,0.7735
8/14/1987,0.7677
8/17/1987,0.7715
8/18/1987,0.7672
8/19/1987,0.7717
8/20/1987,0.7539
8/21/1987,0.7465
8/24/1987,0.7375
8/25/1987,0.731
8/26/1987,0.751
8/27/1987,0.75
8/28/1987,0.7305
8/31/1987,0.7219
9/1/1987,0.7242
9/2/1987,0.7095
9/3/1987,0.7118
9/4/1987,0.713
9/8/1987,0.693
9/9/1987,0.6815
9/10/1987,0.6825
9/11/1987,0.7025
9/14/1987,0.6943
9/15/1987,0.6889
9/16/1987,0.7089
9/17/1987,0.6925
9/18/1987,0.6975
9/21/1987,0.6923
9/22/1987,0.6795
9/23/1987,0.6995
9/24/1987,0.6932
9/25/1987,0.6832
9/28/1987,0.6632
9/29/1987,0.6587
9/30/1987,0.6641
10/1/1987,0.6562
10/2/1987,0.6625
10/5/1987,0.6554
10/6/1987,0.651
10/7/1987,0.6548
10/8/1987,0.6535
10/9/1987,0.6535
10/12/1987,0.6358
10/13/1987,0.6325
10/14/1987,0.6388
10/15/1987,0.6364
10/16/1987,0.6269
10/19/1987,0.6069
10/20/1987,0.6004
10/21/1987,0.6147
10/22/1987,0.605
10/23/1987,0.5958
10/26/1987,0.5958
10/27/1987,0.5838
10/28/1987,0.5936
10/29/1987,0.5988
10/30/1987,0.6188
11/2/1987,0.6347
11/3/1987,0.614
11/4/1987,0.621
11/5/1987,0.6225
11/6/1987,0.62
11/9/1987,0.623
11/10/1987,0.6057
11/11/1987,0.6078
11/12/1987,0.6278
11/13/1987,0.6469
11/16/1987,0.6469
11/17/1987,0.6535
11/18/1987,0.6468
11/19/1987,0.634
11/20/1987,0.621
11/23/1987,0.6317
11/24/1987,0.6473
11/25/1987,0.6473
11/27/1987,0.6525
11/30/1987,0.6362
12/1/1987,0.6162
12/2/1987,0.6206
12/3/1987,0.6006
12/4/1987,0.589
12/7/1987,0.5892
12/8/1987,0.5981
12/9/1987,0.6055
12/10/1987,0.5963
12/11/1987,0.5923
12/14/1987,0.5735
12/15/1987,0.5788
12/16/1987,0.5988
12/17/1987,0.617
12/18/1987,0.6101
12/21/1987,0.6146
12/22/1987,0.6122
12/23/1987,0.6291
12/24/1987,0.642
12/28/1987,0.636
12/29/1987,0.6252
12/30/1987,0.618
12/31/1987,0.618
1/4/1988,0.6148
1/5/1988,0.5993
1/6/1988,0.602
1/7/1988,0.5958
1/8/1988,0.5958
1/11/1988,0.593
1/12/1988,0.5813
1/13/1988,0.5996
1/14/1988,0.5929
1/15/1988,0.5866
1/18/1988,0.5795
1/19/1988,0.5845
1/20/1988,0.5741
1/21/1988,0.5843
1/22/1988,0.5869
1/25/1988,0.576
1/26/1988,0.5578
1/27/1988,0.5653
1/28/1988,0.5555
1/29/1988,0.5565
2/1/1988,0.5608
2/2/1988,0.5618
2/3/1988,0.5565
2/4/1988,0.5748
2/5/1988,0.5754
2/8/1988,0.5725
2/9/1988,0.5652
2/10/1988,0.564
2/11/1988,0.5715
2/12/1988,0.5692
2/16/1988,0.5798
2/17/1988,0.5998
2/18/1988,0.6015
2/19/1988,0.593
2/22/1988,0.573
2/23/1988,0.5568
2/24/1988,0.5612
2/25/1988,0.5775
2/26/1988,0.5819
2/29/1988,0.5853
3/1/1988,0.5895
3/2/1988,0.5956
3/3/1988,0.5933
3/4/1988,0.5971
3/7/1988,0.5872
3/8/1988,0.5877
3/9/1988,0.5863
3/10/1988,0.5935
3/11/1988,0.607
3/14/1988,0.6097
3/15/1988,0.6086
3/16/1988,0.6145
3/17/1988,0.6147
3/18/1988,0.6103
3/21/1988,0.6096
3/22/1988,0.6143
3/23/1988,0.6109
3/24/1988,0.6143
3/25/1988,0.6065
3/28/1988,0.6011
3/29/1988,0.6089
3/30/1988,0.6117
3/31/1988,0.6088
4/4/1988,0.5888
4/5/1988,0.5837
4/6/1988,0.5897
4/7/1988,0.5975
4/8/1988,0.5982
4/11/1988,0.6069
4/12/1988,0.6127
4/13/1988,0.6105
4/14/1988,0.6095
4/15/1988,0.6072
4/18/1988,0.5937
4/19/1988,0.5905
4/20/1988,0.5933
4/21/1988,0.6064
4/22/1988,0.618
4/25/1988,0.616
4/26/1988,0.6169
4/27/1988,0.6251
4/28/1988,0.6063
4/29/1988,0.6078
5/2/1988,0.6043
5/3/1988,0.6027
5/4/1988,0.5978
5/5/1988,0.5967
5/6/1988,0.5923
5/9/1988,0.6065
5/10/1988,0.6046
5/11/1988,0.6039
5/12/1988,0.6198
5/13/1988,0.6265
5/16/1988,0.6441
5/17/1988,0.6362
5/18/1988,0.629
5/19/1988,0.6265
5/20/1988,0.6388
5/23/1988,0.6305
5/24/1988,0.6367
5/25/1988,0.6257
5/26/1988,0.624
5/27/1988,0.6296
5/31/1988,0.6445
6/1/1988,0.6368
6/2/1988,0.6364
6/3/1988,0.6388
6/6/1988,0.6584
6/7/1988,0.653
6/8/1988,0.633
6/9/1988,0.634
6/10/1988,0.6372
6/13/1988,0.6405
6/14/1988,0.6441
6/15/1988,0.6641
6/16/1988,0.6542
6/17/1988,0.649
6/20/1988,0.667
6/21/1988,0.6625
6/22/1988,0.658
6/23/1988,0.638
6/24/1988,0.6305
6/27/1988,0.6545
6/28/1988,0.6305
6/29/1988,0.6105
6/30/1988,0.591
7/1/1988,0.596
7/5/1988,0.5843
7/6/1988,0.6023
7/7/1988,0.5823
7/8/1988,0.5823
7/11/1988,0.5798
7/12/1988,0.5765
7/13/1988,0.5608
7/14/1988,0.5625
7/15/1988,0.5621
7/18/1988,0.5578
7/19/1988,0.5602
7/20/1988,0.565
7/21/1988,0.567
7/22/1988,0.5724
7/25/1988,0.5724
7/26/1988,0.5588
7/27/1988,0.5539
7/28/1988,0.561
7/29/1988,0.5647
8/1/1988,0.5615
8/2/1988,0.5502
8/3/1988,0.5415
8/4/1988,0.587
8/5/1988,0.585
8/8/1988,0.5847
8/9/1988,0.595
8/10/1988,0.6035
8/11/1988,0.5928
8/12/1988,0.5728
8/15/1988,0.5725
8/16/1988,0.569
8/17/1988,0.5752
8/18/1988,0.5689
8/19/1988,0.5675
8/22/1988,0.542
8/23/1988,0.524
8/24/1988,0.5275
8/25/1988,0.5265
8/26/1988,0.5425
8/29/1988,0.5552
8/30/1988,0.5431
8/31/1988,0.5325
9/1/1988,0.5008
9/2/1988,0.5044
9/6/1988,0.505
9/7/1988,0.505
9/8/1988,0.505
9/9/1988,0.515
9/12/1988,0.515
9/13/1988,0.515
9/14/1988,0.515
9/15/1988,0.515
9/16/1988,0.525
9/19/1988,0.52
9/20/1988,0.52
9/21/1988,0.52
9/22/1988,0.52
9/23/1988,0.515
9/26/1988,0.515
9/27/1988,0.51
9/28/1988,0.51
9/29/1988,0.5025
9/30/1988,0.495
10/3/1988,0.495
10/4/1988,0.495
10/5/1988,0.495
10/6/1988,0.495
10/7/1988,0.505
10/10/1988,0.505
10/11/1988,0.505
10/12/1988,0.505
10/13/1988,0.5
10/14/1988,0.51
10/17/1988,0.5125
10/18/1988,0.5125
10/19/1988,0.5125
10/20/1988,0.5125
10/21/1988,0.5225
10/24/1988,0.5225
10/25/1988,0.5275
10/26/1988,0.5275
10/27/1988,0.52
10/28/1988,0.5275
10/31/1988,0.5275
11/1/1988,0.5275
11/2/1988,0.5275
11/3/1988,0.5275
11/4/1988,0.525
11/7/1988,0.525
11/8/1988,0.5225
11/9/1988,0.5225
11/10/1988,0.5225
11/11/1988,0.5225
11/14/1988,0.52
11/15/1988,0.52
11/16/1988,0.5167
11/17/1988,0.5107
11/18/1988,0.4982
11/21/1988,0.4998
11/22/1988,0.5025
11/23/1988,0.5118
11/25/1988,0.522
11/28/1988,0.5273
11/29/1988,0.5244
11/30/1988,0.53
12/1/1988,0.5338
12/2/1988,0.5368
12/5/1988,0.5396
12/6/1988,0.5247
12/7/1988,0.5353
12/8/1988,0.5084
12/9/1988,0.5145
12/12/1988,0.5194
12/13/1988,0.528
12/14/1988,0.5305
12/15/1988,0.5363
12/16/1988,0.5365
12/19/1988,0.538
12/20/1988,0.538
12/21/1988,0.5403
12/22/1988,0.54
12/23/1988,0.54
12/27/1988,0.5294
12/28/1988,0.5268
12/29/1988,0.526
12/30/1988,0.5324
1/3/1989,0.5142
1/4/1989,0.5088
1/5/1989,0.5263
1/6/1989,0.5432
1/9/1989,0.5434
1/10/1989,0.539
1/11/1989,0.5371
1/12/1989,0.5367
1/13/1989,0.539
1/16/1989,0.5405
1/17/1989,0.5449
1/18/1989,0.5423
1/19/1989,0.543
1/20/1989,0.5438
1/23/1989,0.5528
1/24/1989,0.5521
1/25/1989,0.547
1/26/1989,0.5528
1/27/1989,0.5565
1/30/1989,0.5493
1/31/1989,0.5503
2/1/1989,0.5555
2/2/1989,0.5462
2/3/1989,0.5424
2/6/1989,0.5497
2/7/1989,0.5468
2/8/1989,0.5464
2/9/1989,0.5289
2/10/1989,0.5363
2/13/1989,0.5319
2/14/1989,0.5405
2/15/1989,0.5446
2/16/1989,0.5373
2/17/1989,0.5385
2/21/1989,0.5432
2/22/1989,0.5498
2/23/1989,0.545
2/24/1989,0.5398
2/27/1989,0.5415
2/28/1989,0.5379
3/1/1989,0.5363
3/2/1989,0.5354
3/3/1989,0.55
3/6/1989,0.55
3/7/1989,0.55
3/8/1989,0.55
3/9/1989,0.55
3/10/1989,0.555
3/13/1989,0.555
3/14/1989,0.555
3/15/1989,0.56
3/16/1989,0.56
3/17/1989,0.57
3/20/1989,0.57
3/21/1989,0.57
3/22/1989,0.57
3/23/1989,0.57
3/27/1989,0.585
3/28/1989,0.5775
3/29/1989,0.5775
3/30/1989,0.5775
3/31/1989,0.5775
4/3/1989,0.5775
4/4/1989,0.57
4/5/1989,0.57
4/6/1989,0.585
4/7/1989,0.595
4/10/1989,0.595
4/11/1989,0.605
4/12/1989,0.6
4/13/1989,0.6071
4/14/1989,0.6024
4/17/1989,0.6031
4/18/1989,0.6118
4/19/1989,0.6107
4/20/1989,0.6073
4/21/1989,0.6146
4/24/1989,0.6116
4/25/1989,0.6084
4/26/1989,0.6005
4/27/1989,0.5989
4/28/1989,0.5968
5/1/1989,0.599
5/2/1989,0.6098
5/3/1989,0.6225
5/4/1989,0.627
5/5/1989,0.6265
5/8/1989,0.6279
5/9/1989,0.6251
5/10/1989,0.632
5/11/1989,0.6338
5/12/1989,0.6353
5/15/1989,0.6296
5/16/1989,0.6248
5/17/1989,0.6272
5/18/1989,0.6306
5/19/1989,0.6275
5/22/1989,0.6222
5/23/1989,0.6235
5/24/1989,0.6255
5/25/1989,0.624
5/26/1989,0.6282
5/30/1989,0.632
5/31/1989,0.6361
6/1/1989,0.6341
6/2/1989,0.6311
6/5/1989,0.6111
6/6/1989,0.5958
6/7/1989,0.5891
6/8/1989,0.5993
6/9/1989,0.607
6/12/1989,0.627
6/13/1989,0.6449
6/14/1989,0.6509
6/15/1989,0.6269
6/16/1989,0.6296
6/19/1989,0.6191
6/20/1989,0.635
6/21/1989,0.635
6/22/1989,0.64
6/23/1989,0.64
6/26/1989,0.64
6/27/1989,0.64
6/28/1989,0.64
6/29/1989,0.64
6/30/1989,0.6425
7/3/1989,0.6475
7/5/1989,0.6525
7/6/1989,0.6525
7/7/1989,0.6435
7/10/1989,0.6475
7/11/1989,0.6475
7/12/1989,0.6475
7/13/1989,0.655
7/14/1989,0.66
7/17/1989,0.6675
7/18/1989,0.67
7/19/1989,0.67
7/20/1989,0.67
7/21/1989,0.67
7/24/1989,0.67
7/25/1989,0.67
7/26/1989,0.67
7/27/1989,0.68
7/28/1989,0.68
7/31/1989,0.7
8/1/1989,0.7075
8/2/1989,0.7075
8/3/1989,0.7075
8/4/1989,0.7075
8/7/1989,0.7075
8/8/1989,0.6975
8/9/1989,0.7025
8/10/1989,0.7025
8/11/1989,0.7025
8/14/1989,0.7025
8/15/1989,0.6925
8/16/1989,0.68
8/17/1989,0.68
8/18/1989,0.68
8/21/1989,0.68
8/22/1989,0.695
8/23/1989,0.695
8/24/1989,0.695
8/25/1989,0.7
8/28/1989,0.7
8/29/1989,0.7
8/30/1989,0.7
8/31/1989,0.7
9/1/1989,0.7
9/5/1989,0.7
9/6/1989,0.68
9/7/1989,0.6748
9/8/1989,0.674
9/11/1989,0.6717
9/12/1989,0.6677
9/13/1989,0.6877
9/14/1989,0.6924
9/15/1989,0.6895
9/18/1989,0.6899
9/19/1989,0.6881
9/20/1989,0.685
9/21/1989,0.6704
9/22/1989,0.668
9/25/1989,0.677
9/26/1989,0.672
9/27/1989,0.6573
9/28/1989,0.6603
9/29/1989,0.6793
10/2/1989,0.6938
10/3/1989,0.6872
10/4/1989,0.6845
10/5/1989,0.6837
10/6/1989,0.699
10/9/1989,0.6861
10/10/1989,0.6824
10/11/1989,0.6833
10/12/1989,0.6905
10/13/1989,0.6945
10/16/1989,0.6873
10/17/1989,0.6753
10/18/1989,0.6817
10/19/1989,0.6753
10/20/1989,0.679
10/23/1989,0.6802
10/24/1989,0.6813
10/25/1989,0.6872
10/26/1989,0.6893
10/27/1989,0.6833
10/30/1989,0.6893
10/31/1989,0.6998
11/1/1989,0.7007
11/2/1989,0.7013
11/3/1989,0.6987
11/6/1989,0.6902
11/7/1989,0.6895
11/8/1989,0.6915
11/9/1989,0.6934
11/10/1989,0.6742
11/13/1989,0.6646
11/14/1989,0.6667
11/15/1989,0.6703
11/16/1989,0.6654
11/17/1989,0.6659
11/20/1989,0.657
11/21/1989,0.6519
11/22/1989,0.6572
11/24/1989,0.6572
11/27/1989,0.6358
11/28/1989,0.6245
11/29/1989,0.6274
11/30/1989,0.6338
12/1/1989,0.6344
12/4/1989,0.6144
12/5/1989,0.6097
12/6/1989,0.6165
12/7/1989,0.6011
12/8/1989,0.5868
12/11/1989,0.6041
12/12/1989,0.6073
12/13/1989,0.6164
12/14/1989,0.6065
12/15/1989,0.615
12/18/1989,0.6142
12/19/1989,0.6047
12/20/1989,0.5986
12/21/1989,0.6103
12/22/1989,0.6171
12/26/1989,0.6371
12/27/1989,0.6327
12/28/1989,0.6286
12/29/1989,0.6232
1/2/1990,0.6159
1/3/1990,0.6285
1/4/1990,0.611
1/5/1990,0.6006
1/8/1990,0.6015
1/9/1990,0.6038
1/10/1990,0.5923
1/11/1990,0.609
1/12/1990,0.604
1/15/1990,0.6047
1/16/1990,0.601
1/17/1990,0.6115
1/18/1990,0.6075
1/19/1990,0.6127
1/22/1990,0.6096
1/23/1990,0.6104
1/24/1990,0.602
1/25/1990,0.5942
1/26/1990,0.5876
1/29/1990,0.5891
1/30/1990,0.5997
1/31/1990,0.6205
2/1/1990,0.6191
2/2/1990,0.6211
2/5/1990,0.6264
2/6/1990,0.6152
2/7/1990,0.6243
2/8/1990,0.6267
2/9/1990,0.62
2/12/1990,0.6278
2/13/1990,0.6393
2/14/1990,0.6483
2/15/1990,0.6521
2/16/1990,0.6484
2/20/1990,0.6444
2/21/1990,0.6523
2/22/1990,0.6497
2/23/1990,0.6498
2/26/1990,0.6498
2/27/1990,0.6488
2/28/1990,0.6466
3/1/1990,0.6455
3/2/1990,0.6479
3/5/1990,0.6679
3/6/1990,0.667
3/7/1990,0.6677
3/8/1990,0.6812
3/9/1990,0.682
3/12/1990,0.682
3/13/1990,0.6778
3/14/1990,0.674
3/15/1990,0.6724
3/16/1990,0.682
3/19/1990,0.6811
3/20/1990,0.6711
3/21/1990,0.6652
3/22/1990,0.6671
3/23/1990,0.6744
3/26/1990,0.6732
3/27/1990,0.6751
3/28/1990,0.6763
3/29/1990,0.6912
3/30/1990,0.697
4/2/1990,0.7116
4/3/1990,0.7101
4/4/1990,0.7097
4/5/1990,0.7076
4/6/1990,0.7003
4/9/1990,0.7013
4/10/1990,0.7139
4/11/1990,0.7083
4/12/1990,0.7113
4/16/1990,0.7132
4/17/1990,0.713
4/18/1990,0.7025
4/19/1990,0.7048
4/20/1990,0.7155
4/23/1990,0.7283
4/24/1990,0.7247
4/25/1990,0.7236
4/26/1990,0.729
4/27/1990,0.7288
4/30/1990,0.7236
5/1/1990,0.722
5/2/1990,0.729
5/3/1990,0.7323
5/4/1990,0.7226
5/7/1990,0.7282
5/8/1990,0.7312
5/9/1990,0.7397
5/10/1990,0.7438
5/11/1990,0.7436
5/14/1990,0.7392
5/15/1990,0.7415
5/16/1990,0.7424
5/17/1990,0.7515
5/18/1990,0.7513
5/21/1990,0.7713
5/22/1990,0.7677
5/23/1990,0.8002
5/24/1990,0.7979
5/25/1990,0.8028
5/29/1990,0.8228
5/30/1990,0.8138
5/31/1990,0.7842
6/1/1990,0.7952
6/4/1990,0.7956
6/5/1990,0.7984
6/6/1990,0.791
6/7/1990,0.7884
6/8/1990,0.7601
6/11/1990,0.7554
6/12/1990,0.7662
6/13/1990,0.7628
6/14/1990,0.7668
6/15/1990,0.7683
6/18/1990,0.7872
6/19/1990,0.7872
6/20/1990,0.7965
6/21/1990,0.7955
6/22/1990,0.796
6/25/1990,0.8038
6/26/1990,0.8018
6/27/1990,0.797
6/28/1990,0.7967
6/29/1990,0.8023
7/2/1990,0.7956
7/3/1990,0.8205
7/5/1990,0.8474
7/6/1990,0.8474
7/9/1990,0.8274
7/10/1990,0.8083
7/11/1990,0.811
7/12/1990,0.8085
7/13/1990,0.821
7/16/1990,0.8249
7/17/1990,0.8275
7/18/1990,0.8221
7/19/1990,0.815
7/20/1990,0.8123
7/23/1990,0.819
7/24/1990,0.8165
7/25/1990,0.8138
7/26/1990,0.817
7/27/1990,0.8238
7/30/1990,0.8148
7/31/1990,0.8128
8/1/1990,0.8042
8/2/1990,0.8039
8/3/1990,0.814
8/6/1990,0.8161
8/7/1990,0.8199
8/8/1990,0.8158
8/9/1990,0.8026
8/10/1990,0.7985
8/13/1990,0.7785
8/14/1990,0.7535
8/15/1990,0.7335
8/16/1990,0.7335
8/17/1990,0.7314
8/20/1990,0.7423
8/21/1990,0.7498
8/22/1990,0.7562
8/23/1990,0.7592
8/24/1990,0.7732
8/27/1990,0.7655
8/28/1990,0.7533
8/29/1990,0.7576
8/30/1990,0.7508
8/31/1990,0.7433
9/4/1990,0.7413
9/5/1990,0.7448
9/6/1990,0.7198
9/7/1990,0.7016
9/10/1990,0.6908
9/11/1990,0.6867
9/12/1990,0.704
9/13/1990,0.6862
9/14/1990,0.682
9/17/1990,0.691
9/18/1990,0.688
9/19/1990,0.7045
9/20/1990,0.703
9/21/1990,0.6954
9/24/1990,0.6764
9/25/1990,0.6832
9/26/1990,0.6878
9/27/1990,0.6884
9/28/1990,0.6867
10/1/1990,0.6833
10/2/1990,0.691
10/3/1990,0.6878
10/4/1990,0.6769
10/5/1990,0.6855
10/8/1990,0.6951
10/9/1990,0.6918
10/10/1990,0.6921
10/11/1990,0.6929
10/12/1990,0.6908
10/15/1990,0.6883
10/16/1990,0.6951
10/17/1990,0.6932
10/18/1990,0.6896
10/19/1990,0.6848
10/22/1990,0.6987
10/23/1990,0.6943
10/24/1990,0.6833
10/25/1990,0.6872
10/26/1990,0.6851
10/29/1990,0.6979
10/30/1990,0.6917
10/31/1990,0.6928
11/1/1990,0.6829
11/2/1990,0.6848
11/5/1990,0.6648
11/6/1990,0.6533
11/7/1990,0.6717
11/8/1990,0.6737
11/9/1990,0.6657
11/12/1990,0.6589
11/13/1990,0.6737
11/14/1990,0.6749
11/15/1990,0.6765
11/16/1990,0.6713
11/19/1990,0.6765
11/20/1990,0.6726
11/21/1990,0.6778
11/23/1990,0.6793
11/26/1990,0.6785
11/27/1990,0.6753
11/28/1990,0.6741
11/29/1990,0.6643
11/30/1990,0.6743
12/3/1990,0.6701
12/4/1990,0.6713
12/5/1990,0.6688
12/6/1990,0.6752
12/7/1990,0.6768
12/10/1990,0.69
12/11/1990,0.6869
12/12/1990,0.6821
12/13/1990,0.6847
12/14/1990,0.6936
12/17/1990,0.6873
12/18/1990,0.6817
12/19/1990,0.6849
12/20/1990,0.6941
12/21/1990,0.6902
12/24/1990,0.6902
12/26/1990,0.7
12/27/1990,0.6944
12/28/1990,0.7055
12/31/1990,0.7055
1/2/1991,0.6855
1/3/1991,0.6955
1/4/1991,0.6955
1/7/1991,0.6873
1/8/1991,0.6843
1/9/1991,0.6822
1/10/1991,0.6892
1/11/1991,0.6927
1/14/1991,0.691
1/15/1991,0.6907
1/16/1991,0.693
1/17/1991,0.7091
1/18/1991,0.7077
1/21/1991,0.7048
1/22/1991,0.7011
1/23/1991,0.6993
1/24/1991,0.699
1/25/1991,0.7128
1/28/1991,0.7117
1/29/1991,0.7244
1/30/1991,0.7268
1/31/1991,0.7274
2/1/1991,0.7278
2/4/1991,0.7398
2/5/1991,0.7592
2/6/1991,0.7697
2/7/1991,0.7505
2/8/1991,0.7638
2/11/1991,0.754
2/12/1991,0.7589
2/13/1991,0.7588
2/14/1991,0.7653
2/15/1991,0.7833
2/19/1991,0.7971
2/20/1991,0.7865
2/21/1991,0.7894
2/22/1991,0.8219
2/25/1991,0.8189
2/26/1991,0.8034
2/27/1991,0.8087
2/28/1991,0.8218
3/1/1991,0.8313
3/4/1991,0.825
3/5/1991,0.8133
3/6/1991,0.7995
3/7/1991,0.7945
3/8/1991,0.7918
3/11/1991,0.7837
3/12/1991,0.8007
3/13/1991,0.8053
3/14/1991,0.8019
3/15/1991,0.805
3/18/1991,0.7887
3/19/1991,0.7692
3/20/1991,0.7711
3/21/1991,0.7818
3/22/1991,0.7618
3/25/1991,0.7638
3/26/1991,0.7642
3/27/1991,0.7753
3/28/1991,0.7657
4/1/1991,0.7857
4/2/1991,0.7845
4/3/1991,0.7833
4/4/1991,0.7874
4/5/1991,0.8084
4/8/1991,0.8284
4/9/1991,0.841
4/10/1991,0.8345
4/11/1991,0.8213
4/12/1991,0.8399
4/15/1991,0.8335
4/16/1991,0.8183
4/17/1991,0.8244
4/18/1991,0.8256
4/19/1991,0.8301
4/22/1991,0.8297
4/23/1991,0.824
4/24/1991,0.82
4/25/1991,0.8355
4/26/1991,0.8388
4/29/1991,0.8468
4/30/1991,0.8574
5/1/1991,0.8625
5/2/1991,0.8613
5/3/1991,0.8757
5/6/1991,0.8633
5/7/1991,0.8654
5/8/1991,0.8622
5/9/1991,0.8655
5/10/1991,0.8572
5/13/1991,0.8663
5/14/1991,0.8833
5/15/1991,0.8996
5/16/1991,0.8983
5/17/1991,0.903
5/20/1991,0.9205
5/21/1991,0.9186
5/22/1991,0.8986
5/23/1991,0.8786
5/24/1991,0.8852
5/28/1991,0.878
5/29/1991,0.8666
5/30/1991,0.8527
5/31/1991,0.8408
6/3/1991,0.83
6/4/1991,0.8458
6/5/1991,0.8474
6/6/1991,0.8441
6/7/1991,0.8531
6/10/1991,0.8545
6/11/1991,0.8365
6/12/1991,0.8278
6/13/1991,0.8265
6/14/1991,0.8285
6/17/1991,0.839
6/18/1991,0.8255
6/19/1991,0.8225
6/20/1991,0.8394
6/21/1991,0.8312
6/24/1991,0.8112
6/25/1991,0.8157
6/26/1991,0.8133
6/27/1991,0.809
6/28/1991,0.789
7/1/1991,0.769
7/2/1991,0.7665
7/3/1991,0.7708
7/5/1991,0.7708
7/8/1991,0.7653
7/9/1991,0.7453
7/10/1991,0.7409
7/11/1991,0.7452
7/12/1991,0.7441
7/15/1991,0.7266
7/16/1991,0.7376
7/17/1991,0.7523
7/18/1991,0.7455
7/19/1991,0.7413
7/22/1991,0.7467
7/23/1991,0.7498
7/24/1991,0.7332
7/25/1991,0.7308
7/26/1991,0.7315
7/29/1991,0.7222
7/30/1991,0.7244
7/31/1991,0.7227
8/1/1991,0.7355
8/2/1991,0.7414
8/5/1991,0.7381
8/6/1991,0.7395
8/7/1991,0.733
8/8/1991,0.7277
8/9/1991,0.7115
8/12/1991,0.698
8/13/1991,0.678
8/14/1991,0.673
8/15/1991,0.6803
8/16/1991,0.6812
8/19/1991,0.6972
8/20/1991,0.702
8/21/1991,0.692
8/22/1991,0.6894
8/23/1991,0.682
8/26/1991,0.6823
8/27/1991,0.6892
8/28/1991,0.7003
8/29/1991,0.69
8/30/1991,0.675
9/3/1991,0.685
9/4/1991,0.681
9/5/1991,0.6845
9/6/1991,0.6757
9/9/1991,0.6794
9/10/1991,0.675
9/11/1991,0.667
9/12/1991,0.6532
9/13/1991,0.6455
9/16/1991,0.6535
9/17/1991,0.6416
9/18/1991,0.6223
9/19/1991,0.6149
9/20/1991,0.6141
9/23/1991,0.6173
9/24/1991,0.5954
9/25/1991,0.5909
9/26/1991,0.589
9/27/1991,0.5834
9/30/1991,0.5768
10/1/1991,0.5902
10/2/1991,0.5851
10/3/1991,0.6021
10/4/1991,0.5914
10/7/1991,0.5792
10/8/1991,0.5775
10/9/1991,0.5795
10/10/1991,0.576
10/11/1991,0.5802
10/14/1991,0.5699
10/15/1991,0.5715
10/16/1991,0.5745
10/17/1991,0.5679
10/18/1991,0.5665
10/21/1991,0.5637
10/22/1991,0.5672
10/23/1991,0.5635
10/24/1991,0.563
10/25/1991,0.5618
10/28/1991,0.5563
10/29/1991,0.5507
10/30/1991,0.5482
10/31/1991,0.5503
11/1/1991,0.5583
11/4/1991,0.545
11/5/1991,0.533
11/6/1991,0.5373
11/7/1991,0.5371
11/8/1991,0.5302
11/11/1991,0.5217
11/12/1991,0.5292
11/13/1991,0.5202
11/14/1991,0.5402
11/15/1991,0.5281
11/18/1991,0.5326
11/19/1991,0.5395
11/20/1991,0.5407
11/21/1991,0.5473
11/22/1991,0.5273
11/25/1991,0.5269
11/26/1991,0.5292
11/27/1991,0.534
11/29/1991,0.534
12/2/1991,0.5298
12/3/1991,0.5361
12/4/1991,0.5321
12/5/1991,0.5232
12/6/1991,0.5266
12/9/1991,0.529
12/10/1991,0.5343
12/11/1991,0.531
12/12/1991,0.5238
12/13/1991,0.5295
12/16/1991,0.5391
12/17/1991,0.5394
12/18/1991,0.528
12/19/1991,0.5242
12/20/1991,0.5209
12/23/1991,0.5194
12/24/1991,0.5207
12/26/1991,0.5264
12/27/1991,0.5228
12/30/1991,0.5228
12/31/1991,0.5217
1/2/1992,0.5258
1/3/1992,0.5283
1/6/1992,0.531
1/7/1992,0.5343
1/8/1992,0.5194
1/9/1992,0.5023
1/10/1992,0.503
1/13/1992,0.4907
1/14/1992,0.4943
1/15/1992,0.5005
1/16/1992,0.4957
1/17/1992,0.4986
1/20/1992,0.4965
1/21/1992,0.4921
1/22/1992,0.4992
1/23/1992,0.4991
1/24/1992,0.49
1/27/1992,0.4768
1/28/1992,0.4688
1/29/1992,0.4745
1/30/1992,0.4738
1/31/1992,0.4681
2/3/1992,0.4698
2/4/1992,0.484
2/5/1992,0.4806
2/6/1992,0.4781
2/7/1992,0.4854
2/10/1992,0.4895
2/11/1992,0.4778
2/12/1992,0.4919
2/13/1992,0.4787
2/14/1992,0.4872
2/18/1992,0.485
2/19/1992,0.489
2/20/1992,0.4972
2/21/1992,0.4975
2/24/1992,0.4983
2/25/1992,0.514
2/26/1992,0.5121
2/27/1992,0.5085
2/28/1992,0.507
3/2/1992,0.5128
3/3/1992,0.5057
3/4/1992,0.4934
3/5/1992,0.486
3/6/1992,0.4753
3/9/1992,0.4836
3/10/1992,0.5008
3/11/1992,0.4781
3/12/1992,0.491
3/13/1992,0.4879
3/16/1992,0.4985
3/17/1992,0.4944
3/18/1992,0.5035
3/19/1992,0.5114
3/20/1992,0.5113
3/23/1992,0.509
3/24/1992,0.5086
3/25/1992,0.5147
3/26/1992,0.5244
3/27/1992,0.5328
3/30/1992,0.5257
3/31/1992,0.536
4/1/1992,0.5315
4/2/1992,0.5365
4/3/1992,0.5474
4/6/1992,0.5458
4/7/1992,0.5369
4/8/1992,0.525
4/9/1992,0.529
4/10/1992,0.526
4/13/1992,0.5141
4/14/1992,0.5141
4/15/1992,0.5123
4/16/1992,0.5199
4/20/1992,0.5208
4/21/1992,0.5188
4/22/1992,0.5195
4/23/1992,0.54
4/24/1992,0.5427
4/27/1992,0.5524
4/28/1992,0.55
4/29/1992,0.5469
4/30/1992,0.5565
5/1/1992,0.5414
5/4/1992,0.5506
5/5/1992,0.5434
5/6/1992,0.531
5/7/1992,0.5418
5/8/1992,0.5322
5/11/1992,0.5365
5/12/1992,0.5462
5/13/1992,0.5655
5/14/1992,0.5613
5/15/1992,0.5565
5/18/1992,0.5515
5/19/1992,0.5315
5/20/1992,0.5455
5/21/1992,0.5255
5/22/1992,0.5217
5/26/1992,0.524
5/27/1992,0.5433
5/28/1992,0.5462
5/29/1992,0.5454
6/1/1992,0.5493
6/2/1992,0.556
6/3/1992,0.5538
6/4/1992,0.5508
6/5/1992,0.5607
6/8/1992,0.5794
6/9/1992,0.5899
6/10/1992,0.5814
6/11/1992,0.5923
6/12/1992,0.6072
6/15/1992,0.604
6/16/1992,0.5891
6/17/1992,0.5795
6/18/1992,0.6027
6/19/1992,0.6022
6/22/1992,0.5998
6/23/1992,0.6151
6/24/1992,0.62
6/25/1992,0.6168
6/26/1992,0.622
6/29/1992,0.6217
6/30/1992,0.6201
7/1/1992,0.6127
7/2/1992,0.6158
7/6/1992,0.6055
7/7/1992,0.6045
7/8/1992,0.6163
7/9/1992,0.6175
7/10/1992,0.624
7/13/1992,0.6175
7/14/1992,0.6148
7/15/1992,0.616
7/16/1992,0.6083
7/17/1992,0.612
7/20/1992,0.605
7/21/1992,0.6032
7/22/1992,0.6098
7/23/1992,0.6095
7/24/1992,0.6036
7/27/1992,0.5957
7/28/1992,0.5884
7/29/1992,0.5913
7/30/1992,0.5932
7/31/1992,0.5967
8/3/1992,0.6049
8/4/1992,0.6106
8/5/1992,0.6018
8/6/1992,0.595
8/7/1992,0.5956
8/10/1992,0.5936
8/11/1992,0.5745
8/12/1992,0.58
8/13/1992,0.5663
8/14/1992,0.5695
8/17/1992,0.5746
8/18/1992,0.5788
8/19/1992,0.5677
8/20/1992,0.5626
8/21/1992,0.5668
8/24/1992,0.5868
8/25/1992,0.5745
8/26/1992,0.5731
8/27/1992,0.5728
8/28/1992,0.5579
8/31/1992,0.5496
9/1/1992,0.544
9/2/1992,0.5498
9/3/1992,0.559
9/4/1992,0.5638
9/8/1992,0.5554
9/9/1992,0.5507
9/10/1992,0.564
9/11/1992,0.5783
9/14/1992,0.5808
9/15/1992,0.5965
9/16/1992,0.5923
9/17/1992,0.5985
9/18/1992,0.5976
9/21/1992,0.5917
9/22/1992,0.5506
9/23/1992,0.5185
9/24/1992,0.5095
9/25/1992,0.5112
9/28/1992,0.4912
9/29/1992,0.4944
9/30/1992,0.4936
10/1/1992,0.5008
10/2/1992,0.4911
10/5/1992,0.492
10/6/1992,0.502
10/7/1992,0.5053
10/8/1992,0.5026
10/9/1992,0.502
10/12/1992,0.5169
10/13/1992,0.5125
10/14/1992,0.5227
10/15/1992,0.5207
10/16/1992,0.5173
10/19/1992,0.5268
10/20/1992,0.5134
10/21/1992,0.5081
10/22/1992,0.5015
10/23/1992,0.496
10/26/1992,0.4807
10/27/1992,0.4839
10/28/1992,0.4821
10/29/1992,0.4854
10/30/1992,0.487
11/2/1992,0.4993
11/3/1992,0.5143
11/4/1992,0.5101
11/5/1992,0.5052
11/6/1992,0.5118
11/9/1992,0.5123
11/10/1992,0.5007
11/11/1992,0.4946
11/12/1992,0.494
11/13/1992,0.5125
11/16/1992,0.5099
11/17/1992,0.5071
11/18/1992,0.5038
11/19/1992,0.5048
11/20/1992,0.514
11/23/1992,0.5145
11/24/1992,0.5053
11/25/1992,0.502
11/27/1992,0.502
11/30/1992,0.5162
12/1/1992,0.516
12/2/1992,0.5151
12/3/1992,0.5213
12/4/1992,0.5237
12/7/1992,0.5203
12/8/1992,0.5198
12/9/1992,0.5329
12/10/1992,0.5306
12/11/1992,0.5255
12/14/1992,0.5204
12/15/1992,0.5216
12/16/1992,0.5098
12/17/1992,0.5076
12/18/1992,0.5125
12/21/1992,0.5174
12/22/1992,0.5128
12/23/1992,0.5158
12/24/1992,0.5156
12/28/1992,0.5238
12/29/1992,0.521
12/30/1992,0.5241
12/31/1992,0.5236
1/4/1993,0.5192
1/5/1993,0.5208
1/6/1993,0.5304
1/7/1993,0.5408
1/8/1993,0.5379
1/11/1993,0.538
1/12/1993,0.5378
1/13/1993,0.5393
1/14/1993,0.5471
1/15/1993,0.5439
1/18/1993,0.5401
1/19/1993,0.5455
1/20/1993,0.554
1/21/1993,0.5587
1/22/1993,0.559
1/25/1993,0.559
1/26/1993,0.528
1/27/1993,0.5094
1/28/1993,0.5176
1/29/1993,0.5234
2/1/1993,0.522
2/2/1993,0.5278
2/3/1993,0.5298
2/4/1993,0.5476
2/5/1993,0.5441
2/8/1993,0.5407
2/9/1993,0.5325
2/10/1993,0.5625
2/11/1993,0.5558
2/12/1993,0.559
2/16/1993,0.5696
2/17/1993,0.566
2/18/1993,0.5739
2/19/1993,0.582
2/22/1993,0.5746
2/23/1993,0.5803
2/24/1993,0.5774
2/25/1993,0.5702
2/26/1993,0.5732
3/1/1993,0.5683
3/2/1993,0.5618
3/3/1993,0.569
3/4/1993,0.5658
3/5/1993,0.5837
3/8/1993,0.5798
3/9/1993,0.5861
3/10/1993,0.6054
3/11/1993,0.5995
3/12/1993,0.5975
3/15/1993,0.5965
3/16/1993,0.5855
3/17/1993,0.5655
3/18/1993,0.5638
3/19/1993,0.576
3/22/1993,0.5796
3/23/1993,0.566
3/24/1993,0.5671
3/25/1993,0.5632
3/26/1993,0.5655
3/29/1993,0.5692
3/30/1993,0.5662
3/31/1993,0.5653
4/1/1993,0.5596
4/2/1993,0.5592
4/5/1993,0.5792
4/6/1993,0.5766
4/7/1993,0.5704
4/8/1993,0.5702
4/12/1993,0.5735
4/13/1993,0.5667
4/14/1993,0.5835
4/15/1993,0.5814
4/16/1993,0.589
4/19/1993,0.5943
4/20/1993,0.5867
4/21/1993,0.585
4/22/1993,0.5788
4/23/1993,0.5788
4/26/1993,0.5843
4/27/1993,0.5775
4/28/1993,0.5626
4/29/1993,0.5722
4/30/1993,0.573
5/3/1993,0.561
5/4/1993,0.5584
5/5/1993,0.5723
5/6/1993,0.5858
5/7/1993,0.5874
5/10/1993,0.587
5/11/1993,0.5814
5/12/1993,0.5802
5/13/1993,0.5844
5/14/1993,0.5865
5/17/1993,0.5717
5/18/1993,0.5923
5/19/1993,0.5855
5/20/1993,0.5857
5/21/1993,0.5846
5/24/1993,0.5884
5/25/1993,0.5789
5/26/1993,0.5719
5/27/1993,0.5735
5/28/1993,0.5711
6/1/1993,0.57
6/2/1993,0.5765
6/3/1993,0.5762
6/4/1993,0.5708
6/7/1993,0.5746
6/8/1993,0.5624
6/9/1993,0.554
6/10/1993,0.5552
6/11/1993,0.5522
6/14/1993,0.5587
6/15/1993,0.561
6/16/1993,0.5572
6/17/1993,0.5542
6/18/1993,0.5542
6/21/1993,0.55
6/22/1993,0.5515
6/23/1993,0.5481
6/24/1993,0.5438
6/25/1993,0.5455
6/28/1993,0.5477
6/29/1993,0.5427
6/30/1993,0.5445
7/1/1993,0.536
7/2/1993,0.5375
7/6/1993,0.5497
7/7/1993,0.5475
7/8/1993,0.5485
7/9/1993,0.5672
7/12/1993,0.5747
7/13/1993,0.571
7/14/1993,0.5557
7/15/1993,0.5502
7/16/1993,0.555
7/19/1993,0.562
7/20/1993,0.5735
7/21/1993,0.581
7/22/1993,0.5755
7/23/1993,0.5755
7/26/1993,0.5767
7/27/1993,0.563
7/28/1993,0.5667
7/29/1993,0.5505
7/30/1993,0.5412
8/2/1993,0.5614
8/3/1993,0.5497
8/4/1993,0.5551
8/5/1993,0.5455
8/6/1993,0.5395
8/9/1993,0.5423
8/10/1993,0.5463
8/11/1993,0.5363
8/12/1993,0.5192
8/13/1993,0.5284
8/16/1993,0.5282
8/17/1993,0.5256
8/18/1993,0.5327
8/19/1993,0.5313
8/20/1993,0.5303
8/23/1993,0.5348
8/24/1993,0.536
8/25/1993,0.5509
8/26/1993,0.5447
8/27/1993,0.5522
8/30/1993,0.539
8/31/1993,0.5431
9/1/1993,0.5345
9/2/1993,0.5477
9/3/1993,0.544
9/7/1993,0.5508
9/8/1993,0.5478
9/9/1993,0.5495
9/10/1993,0.5682
9/13/1993,0.5675
9/14/1993,0.5565
9/15/1993,0.5593
9/16/1993,0.56
9/17/1993,0.5665
9/20/1993,0.5604
9/21/1993,0.5613
9/22/1993,0.5618
9/23/1993,0.5465
9/24/1993,0.5716
9/27/1993,0.5742
9/28/1993,0.5641
9/29/1993,0.5581
9/30/1993,0.562
10/1/1993,0.551
10/4/1993,0.5574
10/5/1993,0.5604
10/6/1993,0.563
10/7/1993,0.5668
10/8/1993,0.5785
10/11/1993,0.582
10/12/1993,0.5756
10/13/1993,0.5627
10/14/1993,0.5587
10/15/1993,0.5606
10/18/1993,0.554
10/19/1993,0.5517
10/20/1993,0.5513
10/21/1993,0.5574
10/22/1993,0.5605
10/25/1993,0.5573
10/26/1993,0.5589
10/27/1993,0.5614
10/28/1993,0.5672
10/29/1993,0.5677
11/1/1993,0.5667
11/2/1993,0.5705
11/3/1993,0.5675
11/4/1993,0.5525
11/5/1993,0.5547
11/8/1993,0.5513
11/9/1993,0.5535
11/10/1993,0.5667
11/11/1993,0.579
11/12/1993,0.5736
11/15/1993,0.5776
11/16/1993,0.5707
11/17/1993,0.5668
11/18/1993,0.574
11/19/1993,0.5919
11/22/1993,0.5903
11/23/1993,0.5909
11/24/1993,0.5918
11/26/1993,0.5918
11/29/1993,0.5886
11/30/1993,0.5873
12/1/1993,0.5858
12/2/1993,0.589
12/3/1993,0.6065
12/6/1993,0.6026
12/7/1993,0.6185
12/8/1993,0.6116
12/9/1993,0.6112
12/10/1993,0.6035
12/13/1993,0.6023
12/14/1993,0.6045
12/15/1993,0.6155
12/16/1993,0.6118
12/17/1993,0.6199
12/20/1993,0.6197
12/21/1993,0.6204
12/22/1993,0.6261
12/23/1993,0.6298
12/27/1993,0.6338
12/28/1993,0.6334
12/29/1993,0.6425
12/30/1993,0.6438
12/31/1993,0.6438
1/3/1994,0.6426
1/4/1994,0.6338
1/5/1994,0.649
1/6/1994,0.6508
1/7/1994,0.6479
1/10/1994,0.641
1/11/1994,0.6561
1/12/1994,0.661
1/13/1994,0.6592
1/14/1994,0.6598
1/17/1994,0.6618
1/18/1994,0.6758
1/19/1994,0.6729
1/20/1994,0.683
1/21/1994,0.6848
1/24/1994,0.6906
1/25/1994,0.6978
1/26/1994,0.6889
1/27/1994,0.6986
1/28/1994,0.7186
1/31/1994,0.7386
2/1/1994,0.7334
2/2/1994,0.7165
2/3/1994,0.7229
2/4/1994,0.7273
2/7/1994,0.711
2/8/1994,0.7297
2/9/1994,0.7186
2/10/1994,0.7254
2/11/1994,0.7254
2/14/1994,0.7172
2/15/1994,0.7204
2/16/1994,0.722
2/17/1994,0.7256
2/18/1994,0.728
2/22/1994,0.743
2/23/1994,0.743
2/24/1994,0.7435
2/25/1994,0.7405
2/28/1994,0.7426
3/1/1994,0.7398
3/2/1994,0.7198
3/3/1994,0.7097
3/4/1994,0.7286
3/7/1994,0.7264
3/8/1994,0.7225
3/9/1994,0.727
3/10/1994,0.7267
3/11/1994,0.7235
3/14/1994,0.7147
3/15/1994,0.7227
3/16/1994,0.7243
3/17/1994,0.7167
3/18/1994,0.7176
3/21/1994,0.7143
3/22/1994,0.7199
3/23/1994,0.7367
3/24/1994,0.7375
3/25/1994,0.7357
3/28/1994,0.7314
3/29/1994,0.7387
3/30/1994,0.7455
3/31/1994,0.7571
4/4/1994,0.7453
4/5/1994,0.7283
4/6/1994,0.7375
4/7/1994,0.7415
4/8/1994,0.744
4/11/1994,0.7487
4/12/1994,0.7655
4/13/1994,0.7834
4/14/1994,0.8078
4/15/1994,0.8043
4/18/1994,0.8022
4/19/1994,0.8032
4/20/1994,0.7992
4/21/1994,0.807
4/22/1994,0.789
4/25/1994,0.7943
4/26/1994,0.7855
4/28/1994,0.8055
4/29/1994,0.8222
5/2/1994,0.8217
5/3/1994,0.8308
5/4/1994,0.8161
5/5/1994,0.8142
5/6/1994,0.8037
5/9/1994,0.7837
5/10/1994,0.7908
5/11/1994,0.7844
5/12/1994,0.7822
5/13/1994,0.7862
5/16/1994,0.7819
5/17/1994,0.7847
5/18/1994,0.789
5/19/1994,0.809
5/20/1994,0.8205
5/23/1994,0.8206
5/24/1994,0.8193
5/25/1994,0.8199
5/26/1994,0.8104
5/27/1994,0.8158
5/31/1994,0.8174
6/1/1994,0.7997
6/2/1994,0.8039
6/3/1994,0.7942
6/6/1994,0.7893
6/7/1994,0.786
6/8/1994,0.7715
6/9/1994,0.779
6/10/1994,0.793
6/13/1994,0.797
6/14/1994,0.7929
6/15/1994,0.7943
6/16/1994,0.8006
6/17/1994,0.7772
6/20/1994,0.7638
6/21/1994,0.7683
6/22/1994,0.757
6/23/1994,0.7515
6/24/1994,0.7544
6/27/1994,0.7347
6/28/1994,0.7236
6/29/1994,0.7151
6/30/1994,0.7167
7/1/1994,0.7028
7/5/1994,0.6985
7/6/1994,0.702
7/7/1994,0.712
7/8/1994,0.7219
7/11/1994,0.7019
7/12/1994,0.6855
7/13/1994,0.6905
7/14/1994,0.6964
7/15/1994,0.6951
7/18/1994,0.7151
7/19/1994,0.7125
7/20/1994,0.71
7/21/1994,0.706
7/22/1994,0.726
7/25/1994,0.7415
7/26/1994,0.7345
7/27/1994,0.7303
7/28/1994,0.731
7/29/1994,0.716
8/1/1994,0.6995
8/2/1994,0.703
8/3/1994,0.7045
8/4/1994,0.7069
8/5/1994,0.7087
8/8/1994,0.6985
8/9/1994,0.7019
8/10/1994,0.7015
8/11/1994,0.7027
8/12/1994,0.6827
8/15/1994,0.6627
8/16/1994,0.6699
8/17/1994,0.6793
8/18/1994,0.68
8/19/1994,0.679
8/22/1994,0.674
8/23/1994,0.7023
8/24/1994,0.7087
8/25/1994,0.702
8/26/1994,0.705
8/29/1994,0.719
8/30/1994,0.7133
8/31/1994,0.7066
9/1/1994,0.7075
9/2/1994,0.712
9/6/1994,0.7095
9/7/1994,0.7165
9/8/1994,0.7365
9/9/1994,0.733
9/12/1994,0.7297
9/13/1994,0.734
9/14/1994,0.7342
9/15/1994,0.7258
9/16/1994,0.7103
9/19/1994,0.6996
9/20/1994,0.7026
9/21/1994,0.6952
9/22/1994,0.6894
9/23/1994,0.6881
9/26/1994,0.6757
9/27/1994,0.672
9/28/1994,0.6892
9/29/1994,0.6616
9/30/1994,0.6663
10/3/1994,0.6594
10/4/1994,0.6547
10/5/1994,0.6608
10/6/1994,0.6608
10/7/1994,0.6545
10/10/1994,0.6548
10/11/1994,0.665
10/12/1994,0.6679
10/13/1994,0.6666
10/14/1994,0.6714
10/17/1994,0.6664
10/18/1994,0.6692
10/19/1994,0.6528
10/20/1994,0.6606
10/21/1994,0.661
10/24/1994,0.676
10/25/1994,0.6897
10/26/1994,0.6891
10/27/1994,0.6983
10/28/1994,0.6845
10/31/1994,0.6875
11/1/1994,0.6894
11/2/1994,0.6877
11/3/1994,0.6844
11/4/1994,0.6827
11/7/1994,0.6976
11/8/1994,0.6946
11/9/1994,0.6875
11/10/1994,0.6963
11/11/1994,0.6957
11/14/1994,0.7
11/15/1994,0.711
11/16/1994,0.7095
11/17/1994,0.7114
11/18/1994,0.7107
11/21/1994,0.712
11/22/1994,0.708
11/23/1994,0.7178
11/25/1994,0.7178
11/28/1994,0.7378
11/29/1994,0.7405
11/30/1994,0.7436
12/1/1994,0.7586
12/2/1994,0.7734
12/5/1994,0.762
12/6/1994,0.7684
12/7/1994,0.7867
12/8/1994,0.7859
12/9/1994,0.7895
12/12/1994,0.7806
12/13/1994,0.7792
12/14/1994,0.7848
12/15/1994,0.8013
12/16/1994,0.7842
12/19/1994,0.7913
12/20/1994,0.7784
12/21/1994,0.7893
12/22/1994,0.8093
12/23/1994,0.8293
12/27/1994,0.8435
12/28/1994,0.8415
12/29/1994,0.8461
12/30/1994,0.8435
1/3/1995,0.8235
1/4/1995,0.8512
1/5/1995,0.8383
1/6/1995,0.8358
1/9/1995,0.8427
1/10/1995,0.8448
1/11/1995,0.8497
1/12/1995,0.8643
1/13/1995,0.8584
1/16/1995,0.8394
1/17/1995,0.8495
1/18/1995,0.8682
1/19/1995,0.8811
1/20/1995,0.8733
1/23/1995,0.8653
1/24/1995,0.8735
1/25/1995,0.8735
1/26/1995,0.8818
1/27/1995,0.8921
1/30/1995,0.8935
1/31/1995,0.8847
2/1/1995,0.871
2/2/1995,0.876
2/3/1995,0.8564
2/6/1995,0.8542
2/7/1995,0.8378
2/8/1995,0.8319
2/9/1995,0.8495
2/10/1995,0.8449
2/13/1995,0.8649
2/14/1995,0.889
2/15/1995,0.8929
2/16/1995,0.9123
2/17/1995,0.9256
2/21/1995,0.9456
2/22/1995,0.9534
2/23/1995,0.9435
2/24/1995,0.9617
2/27/1995,0.9817
2/28/1995,1.0017
3/1/1995,1.0217
3/2/1995,1.0017
3/3/1995,1.0217
3/6/1995,1.0417
3/7/1995,1.0525
3/8/1995,1.0715
3/9/1995,1.067
3/10/1995,1.076
3/13/1995,1.0751
3/14/1995,1.0736
3/15/1995,1.0709
3/16/1995,1.08
3/17/1995,1.06
3/20/1995,1.04
3/21/1995,1.046
3/22/1995,1.053
3/23/1995,1.028
3/24/1995,1.008
3/27/1995,0.988
3/28/1995,0.968
3/29/1995,0.948
3/30/1995,0.9513
3/31/1995,0.9665
4/3/1995,0.9472
4/4/1995,0.9672
4/5/1995,0.9872
4/6/1995,1.0017
4/7/1995,1.0272
4/10/1995,1.0472
4/11/1995,1.0422
4/12/1995,1.0622
4/13/1995,1.0723
4/17/1995,1.0415
4/18/1995,1.0337
4/19/1995,1.0537
4/20/1995,1.0735
4/21/1995,1.078
4/24/1995,1.0945
4/25/1995,1.0805
4/26/1995,1.0605
4/27/1995,1.0646
4/28/1995,1.0756
5/1/1995,1.0783
5/2/1995,1.0583
5/3/1995,1.0699
5/4/1995,1.0551
5/5/1995,1.0351
5/8/1995,1.0151
5/9/1995,1.0029
5/10/1995,1.0229
5/11/1995,1.0429
5/12/1995,1.0629
5/15/1995,1.0513
5/16/1995,1.0313
5/17/1995,1.0184
5/18/1995,1.0384
5/19/1995,1.0584
5/22/1995,1.0784
5/23/1995,1.0984
5/24/1995,1.1084
5/25/1995,1.1284
5/26/1995,1.1284
5/30/1995,1.1175
5/31/1995,1.0875
6/1/1995,1.0835
6/2/1995,1.0675
6/5/1995,1.0375
6/6/1995,1.0465
6/7/1995,1.0765
6/8/1995,1.122
6/9/1995,1.1085
6/12/1995,1.0905
6/13/1995,1.107
6/14/1995,1.1135
6/15/1995,1.0835
6/16/1995,1.084
6/19/1995,1.0767
6/20/1995,1.081
6/21/1995,1.0968
6/22/1995,1.0675
6/23/1995,1.0709
6/26/1995,1.0669
6/27/1995,1.0573
6/28/1995,1.0598
6/29/1995,1.0549
6/30/1995,1.0406
7/3/1995,1.0406
7/5/1995,1.018
7/6/1995,1.0075
7/7/1995,1.0075
7/10/1995,1.0036
7/11/1995,0.9822
7/12/1995,0.9622
7/13/1995,0.9485
7/14/1995,0.9577
7/17/1995,0.9497
7/18/1995,0.8967
7/19/1995,0.8767
7/20/1995,0.878
7/21/1995,0.8803
7/24/1995,0.878
7/25/1995,0.8863
7/26/1995,0.8965
7/27/1995,0.8895
7/28/1995,0.8678
7/31/1995,0.849
8/1/1995,0.8279
8/2/1995,0.8208
8/3/1995,0.827
8/4/1995,0.8337
8/7/1995,0.8325
8/8/1995,0.8275
8/9/1995,0.8232
8/10/1995,0.8207
8/11/1995,0.837
8/14/1995,0.857
8/15/1995,0.8441
8/16/1995,0.8425
8/17/1995,0.8625
8/18/1995,0.8827
8/21/1995,0.9025
8/22/1995,0.9285
8/23/1995,0.9196
8/24/1995,0.8896
8/25/1995,0.89
8/28/1995,0.902
8/29/1995,0.9003
8/30/1995,0.9309
8/31/1995,0.9245
9/1/1995,0.9383
9/5/1995,0.9192
9/6/1995,0.8992
9/7/1995,0.8642
9/8/1995,0.867
9/11/1995,0.8695
9/12/1995,0.8895
9/13/1995,0.8895
9/14/1995,0.9095
9/15/1995,0.9195
9/18/1995,0.9098
9/19/1995,0.8789
9/20/1995,0.8942
9/21/1995,0.9094
9/22/1995,0.8867
9/25/1995,0.8512
9/26/1995,0.8575
9/27/1995,0.846
9/28/1995,0.846
9/29/1995,0.8559
10/2/1995,0.8568
10/3/1995,0.8656
10/4/1995,0.8772
10/5/1995,0.8547
10/6/1995,0.8265
10/9/1995,0.8489
10/10/1995,0.8343
10/11/1995,0.8143
10/12/1995,0.8209
10/13/1995,0.8161
10/16/1995,0.8036
10/17/1995,0.792
10/18/1995,0.812
10/19/1995,0.8048
10/20/1995,0.8098
10/23/1995,0.8125
10/24/1995,0.8005
10/25/1995,0.8105
10/26/1995,0.8138
10/27/1995,0.8185
10/30/1995,0.8358
10/31/1995,0.8239
11/1/1995,0.8333
11/2/1995,0.8183
11/3/1995,0.8195
11/6/1995,0.831
11/7/1995,0.826
11/8/1995,0.8051
11/9/1995,0.7978
11/10/1995,0.8031
11/13/1995,0.8065
11/14/1995,0.8265
11/15/1995,0.844
11/16/1995,0.8367
11/17/1995,0.818
11/20/1995,0.8203
11/21/1995,0.823
11/22/1995,0.8338
11/24/1995,0.8338
11/27/1995,0.818
11/28/1995,0.807
11/29/1995,0.8114
11/30/1995,0.8159
12/1/1995,0.8274
12/4/1995,0.828
12/5/1995,0.823
12/6/1995,0.811
12/7/1995,0.8205
12/8/1995,0.826
12/11/1995,0.8271
12/12/1995,0.8115
12/13/1995,0.8195
12/14/1995,0.8216
12/15/1995,0.8134
12/18/1995,0.7945
12/19/1995,0.7754
12/20/1995,0.7755
12/21/1995,0.7879
12/22/1995,0.776
12/26/1995,0.7683
12/27/1995,0.7766
12/28/1995,0.7795
12/29/1995,0.7755
1/2/1996,0.7717
1/3/1996,0.7865
1/4/1996,0.7985
1/5/1996,0.7985
1/8/1996,0.7985
1/9/1996,0.804
1/10/1996,0.793
1/11/1996,0.7897
1/12/1996,0.7915
1/15/1996,0.7975
1/16/1996,0.7854
1/17/1996,0.7925
1/18/1996,0.7896
1/19/1996,0.81
1/22/1996,0.8082
1/23/1996,0.8106
1/24/1996,0.8292
1/25/1996,0.8424
1/26/1996,0.84
1/29/1996,0.8455
1/30/1996,0.8358
1/31/1996,0.8219
2/1/1996,0.825
2/2/1996,0.825
2/5/1996,0.8236
2/6/1996,0.806
2/7/1996,0.8043
2/8/1996,0.816
2/9/1996,0.8138
2/12/1996,0.8033
2/13/1996,0.805
2/14/1996,0.8051
2/15/1996,0.8135
2/16/1996,0.8183
2/20/1996,0.8205
2/21/1996,0.8074
2/22/1996,0.7955
2/23/1996,0.8043
2/26/1996,0.808
2/27/1996,0.7955
2/28/1996,0.7973
2/29/1996,0.792
3/1/1996,0.7925
3/4/1996,0.7878
3/5/1996,0.7838
3/6/1996,0.7925
3/7/1996,0.8086
3/8/1996,0.8071
3/11/1996,0.8033
3/12/1996,0.7994
3/13/1996,0.804
3/14/1996,0.822
3/15/1996,0.8129
3/18/1996,0.8214
3/19/1996,0.814
3/20/1996,0.8565
3/21/1996,0.8425
3/22/1996,0.8469
3/25/1996,0.8555
3/26/1996,0.8509
3/27/1996,0.8484
3/28/1996,0.8336
3/29/1996,0.8306
4/1/1996,0.8428
4/2/1996,0.8436
4/3/1996,0.873
4/4/1996,0.8505
4/8/1996,0.8972
4/9/1996,0.894
4/10/1996,0.8987
4/11/1996,0.8925
4/12/1996,0.8849
4/15/1996,0.8639
4/16/1996,0.8567
4/17/1996,0.8495
4/18/1996,0.8709
4/19/1996,0.8684
4/22/1996,0.8673
4/23/1996,0.8603
4/24/1996,0.8612
4/25/1996,0.8715
4/26/1996,0.8714
4/29/1996,0.8586
4/30/1996,0.8752
5/1/1996,0.8885
5/2/1996,0.8833
5/3/1996,0.8964
5/6/1996,0.9047
5/7/1996,0.9037
5/8/1996,0.9
5/9/1996,0.8894
5/10/1996,0.8625
5/13/1996,0.8643
5/14/1996,0.8637
5/15/1996,0.86
5/16/1996,0.8556
5/17/1996,0.857
5/20/1996,0.8538
5/21/1996,0.8542
5/22/1996,0.8602
5/23/1996,0.8609
5/24/1996,0.8705
5/28/1996,0.858
5/29/1996,0.8412
5/30/1996,0.829
5/31/1996,0.8378
6/3/1996,0.8482
6/4/1996,0.8589
6/5/1996,0.8505
6/6/1996,0.8454
6/7/1996,0.8595
6/10/1996,0.8572
6/11/1996,0.8403
6/12/1996,0.8396
6/13/1996,0.8507
6/14/1996,0.8492
6/17/1996,0.853
6/18/1996,0.853
6/19/1996,0.8495
6/20/1996,0.8516
6/21/1996,0.8455
6/24/1996,0.847
6/25/1996,0.8186
6/26/1996,0.8192
6/27/1996,0.82
6/28/1996,0.8109
7/1/1996,0.8339
7/2/1996,0.8337
7/3/1996,0.8307
7/5/1996,0.8307
7/8/1996,0.8338
7/9/1996,0.8383
7/10/1996,0.8208
7/11/1996,0.8271
7/12/1996,0.8328
7/15/1996,0.823
7/16/1996,0.828
7/17/1996,0.8245
7/18/1996,0.8375
7/19/1996,0.8452
7/22/1996,0.8525
7/23/1996,0.8365
7/24/1996,0.8365
7/25/1996,0.8297
7/26/1996,0.8307
7/29/1996,0.837
7/30/1996,0.8323
7/31/1996,0.837
8/1/1996,0.8298
8/2/1996,0.8279
8/5/1996,0.8303
8/6/1996,0.7858
8/7/1996,0.765
8/8/1996,0.768
8/9/1996,0.7575
8/12/1996,0.7875
8/13/1996,0.8025
8/14/1996,0.7935
8/15/1996,0.7897
8/16/1996,0.7822
8/19/1996,0.7762
8/20/1996,0.785
8/21/1996,0.785
8/22/1996,0.7843
8/23/1996,0.798
8/26/1996,0.7929
8/27/1996,0.8135
8/28/1996,0.7981
8/29/1996,0.8082
8/30/1996,0.8015
9/3/1996,0.809
9/4/1996,0.7941
9/5/1996,0.7722
9/6/1996,0.776
9/9/1996,0.7626
9/10/1996,0.764
9/11/1996,0.794
9/12/1996,0.7991
9/13/1996,0.793
9/16/1996,0.7798
9/17/1996,0.7605
9/18/1996,0.7595
9/19/1996,0.7528
9/20/1996,0.7539
9/23/1996,0.761
9/24/1996,0.7722
9/25/1996,0.7721
9/26/1996,0.7484
9/27/1996,0.7419
9/30/1996,0.7368
10/1/1996,0.7416
10/2/1996,0.7575
10/3/1996,0.7479
10/4/1996,0.7473
10/7/1996,0.7565
10/8/1996,0.7385
10/9/1996,0.7423
10/10/1996,0.734
10/11/1996,0.712
10/14/1996,0.7143
10/15/1996,0.7212
10/16/1996,0.7112
10/17/1996,0.7078
10/18/1996,0.6965
10/21/1996,0.6992
10/22/1996,0.7088
10/23/1996,0.7108
10/24/1996,0.702
10/25/1996,0.7054
10/28/1996,0.7075
10/29/1996,0.7073
10/30/1996,0.7095
10/31/1996,0.698
11/1/1996,0.7022
11/4/1996,0.7027
11/5/1996,0.7002
11/6/1996,0.6912
11/7/1996,0.6929
11/8/1996,0.6906
11/11/1996,0.6847
11/12/1996,0.6805
11/13/1996,0.6872
11/14/1996,0.6983
11/15/1996,0.6992
11/18/1996,0.7057
11/19/1996,0.706
11/20/1996,0.7073
11/21/1996,0.7148
11/22/1996,0.7085
11/25/1996,0.7065
11/26/1996,0.709
11/27/1996,0.7182
11/29/1996,0.7182
12/2/1996,0.7224
12/3/1996,0.7153
12/4/1996,0.705
12/5/1996,0.7135
12/6/1996,0.7186
12/9/1996,0.7205
12/10/1996,0.7228
12/11/1996,0.7192
12/12/1996,0.722
12/13/1996,0.7185
12/16/1996,0.716
12/17/1996,0.7129
12/18/1996,0.7128
12/19/1996,0.7155
12/20/1996,0.7175
12/23/1996,0.7146
12/24/1996,0.7146
12/26/1996,0.7128
12/27/1996,0.7082
12/30/1996,0.7006
12/31/1996,0.709
1/2/1997,0.7113
1/3/1997,0.6983
1/6/1997,0.6989
1/7/1997,0.6938
1/8/1997,0.6971
1/9/1997,0.6931
1/10/1997,0.6931
1/13/1997,0.6993
1/14/1997,0.6965
1/15/1997,0.703
1/16/1997,0.703
1/17/1997,0.6983
1/20/1997,0.6959
1/21/1997,0.6875
1/22/1997,0.6985
1/23/1997,0.7065
1/24/1997,0.706
1/27/1997,0.7201
1/28/1997,0.7186
1/29/1997,0.721
1/30/1997,0.7065
1/31/1997,0.7095
2/3/1997,0.71
2/4/1997,0.7051
2/5/1997,0.7085
2/6/1997,0.7045
2/7/1997,0.7058
2/10/1997,0.7026
2/11/1997,0.6985
2/12/1997,0.6985
2/13/1997,0.6921
2/14/1997,0.7035
2/18/1997,0.6859
2/19/1997,0.6935
2/20/1997,0.7068
2/21/1997,0.686
2/24/1997,0.7072
2/25/1997,0.7146
2/26/1997,0.7181
2/27/1997,0.7137
2/28/1997,0.7113
3/3/1997,0.7113
3/4/1997,0.7028
3/5/1997,0.7126
3/6/1997,0.723
3/7/1997,0.7317
3/10/1997,0.742
3/11/1997,0.739
3/12/1997,0.739
3/13/1997,0.7185
3/14/1997,0.7186
3/17/1997,0.7116
3/18/1997,0.7045
3/19/1997,0.7014
3/20/1997,0.705
3/21/1997,0.696
3/24/1997,0.7023
3/25/1997,0.6884
3/26/1997,0.6915
3/27/1997,0.6933
3/31/1997,0.6785
4/1/1997,0.682
4/2/1997,0.6856
4/3/1997,0.688
4/4/1997,0.695
4/7/1997,0.6939
4/8/1997,0.6875
4/9/1997,0.686
4/10/1997,0.6786
4/11/1997,0.6819
4/14/1997,0.6886
4/15/1997,0.6826
4/16/1997,0.6738
4/17/1997,0.6795
4/18/1997,0.6802
4/21/1997,0.6799
4/22/1997,0.684
4/23/1997,0.6895
4/24/1997,0.6944
4/25/1997,0.7049
4/28/1997,0.7053
4/29/1997,0.7048
4/30/1997,0.7065
5/1/1997,0.6931
5/2/1997,0.694
5/5/1997,0.689
5/6/1997,0.6902
5/7/1997,0.6892
5/8/1997,0.6912
5/9/1997,0.6898
5/12/1997,0.6965
5/13/1997,0.6983
5/14/1997,0.698
5/15/1997,0.7066
5/16/1997,0.7054
5/19/1997,0.6988
5/20/1997,0.6985
5/21/1997,0.6962
5/22/1997,0.7011
5/23/1997,0.6981
5/27/1997,0.7047
5/28/1997,0.7071
5/29/1997,0.7106
5/30/1997,0.6995
6/2/1997,0.7086
6/3/1997,0.7092
6/4/1997,0.7062
6/5/1997,0.706
6/6/1997,0.6987
6/9/1997,0.6962
6/10/1997,0.7002
6/11/1997,0.7114
6/12/1997,0.7238
6/13/1997,0.7215
6/16/1997,0.7124
6/17/1997,0.728
6/18/1997,0.7277
6/19/1997,0.7302
6/20/1997,0.731
6/23/1997,0.729
6/24/1997,0.7426
6/25/1997,0.747
6/26/1997,0.7443
6/27/1997,0.7456
6/30/1997,0.7442
7/1/1997,0.741
7/2/1997,0.739
7/3/1997,0.731
7/7/1997,0.7124
7/8/1997,0.717
7/9/1997,0.717
7/10/1997,0.718
7/11/1997,0.7139
7/14/1997,0.7148
7/15/1997,0.7224
7/16/1997,0.7218
7/17/1997,0.7278
7/18/1997,0.7293
7/21/1997,0.7258
7/22/1997,0.7408
7/23/1997,0.7406
7/24/1997,0.7498
7/25/1997,0.7345
7/28/1997,0.7297
7/29/1997,0.7343
7/30/1997,0.7346
7/31/1997,0.7297
8/1/1997,0.7318
8/4/1997,0.7306
8/5/1997,0.7293
8/6/1997,0.7343
8/7/1997,0.7231
8/8/1997,0.7225
8/11/1997,0.7171
8/12/1997,0.7279
8/13/1997,0.7279
8/14/1997,0.7248
8/15/1997,0.7266
8/18/1997,0.718
8/19/1997,0.7258
8/20/1997,0.7165
8/21/1997,0.7179
8/22/1997,0.7119
8/25/1997,0.716
8/26/1997,0.7077
8/27/1997,0.715
8/28/1997,0.7173
8/29/1997,0.712
9/2/1997,0.717
9/3/1997,0.709
9/4/1997,0.7143
9/5/1997,0.7104
9/8/1997,0.7147
9/9/1997,0.7149
9/10/1997,0.7133
9/11/1997,0.7105
9/12/1997,0.7241
9/15/1997,0.7168
9/16/1997,0.718
9/17/1997,0.718
9/18/1997,0.7209
9/19/1997,0.7193
9/22/1997,0.7081
9/23/1997,0.7242
9/24/1997,0.721
9/25/1997,0.7178
9/26/1997,0.7074
9/29/1997,0.7059
9/30/1997,0.6905
10/1/1997,0.6914
10/2/1997,0.691
10/3/1997,0.6934
10/6/1997,0.6852
10/7/1997,0.6869
10/8/1997,0.6888
10/9/1997,0.6882
10/10/1997,0.6914
10/13/1997,0.6889
10/14/1997,0.6915
10/15/1997,0.6872
10/16/1997,0.6888
10/17/1997,0.6913
10/20/1997,0.6862
10/21/1997,0.6968
10/22/1997,0.6985
10/23/1997,0.6936
10/24/1997,0.6963
10/27/1997,0.6902
10/28/1997,0.6941
10/29/1997,0.6918
10/30/1997,0.6955
10/31/1997,0.6982
11/3/1997,0.7027
11/4/1997,0.6988
11/5/1997,0.6961
11/6/1997,0.6959
11/7/1997,0.6957
11/10/1997,0.6743
11/11/1997,0.6783
11/12/1997,0.6783
11/13/1997,0.6823
11/14/1997,0.6801
11/17/1997,0.6787
11/18/1997,0.6808
11/19/1997,0.6805
11/20/1997,0.6756
11/21/1997,0.6722
11/24/1997,0.6791
11/25/1997,0.679
11/26/1997,0.6723
11/28/1997,0.6723
12/1/1997,0.6663
12/2/1997,0.6629
12/3/1997,0.6613
12/4/1997,0.6506
12/5/1997,0.6533
12/8/1997,0.6497
12/9/1997,0.6417
12/10/1997,0.6455
12/11/1997,0.6428
12/12/1997,0.6345
12/15/1997,0.6288
12/16/1997,0.6262
12/17/1997,0.6369
12/18/1997,0.6425
12/19/1997,0.638
12/22/1997,0.6438
12/23/1997,0.6393
12/24/1997,0.6407
12/26/1997,0.6407
12/29/1997,0.6362
12/30/1997,0.6365
12/31/1997,0.6357
1/2/1998,0.6361
1/5/1998,0.6404
1/6/1998,0.6499
1/7/1998,0.6423
1/8/1998,0.634
1/9/1998,0.6254
1/12/1998,0.6208
1/13/1998,0.6196
1/14/1998,0.6238
1/15/1998,0.6247
1/16/1998,0.6268
1/20/1998,0.6288
1/21/1998,0.6263
1/22/1998,0.6199
1/23/1998,0.6127
1/26/1998,0.6148
1/27/1998,0.6171
1/28/1998,0.6258
1/29/1998,0.6239
1/30/1998,0.6362
2/2/1998,0.642
2/3/1998,0.6402
2/4/1998,0.6355
2/5/1998,0.6357
2/6/1998,0.6437
2/9/1998,0.6546
2/10/1998,0.6553
2/11/1998,0.6553
2/12/1998,0.6481
2/13/1998,0.6481
2/17/1998,0.6413
2/18/1998,0.6352
2/19/1998,0.6232
2/20/1998,0.6254
2/23/1998,0.641
2/24/1998,0.6353
2/25/1998,0.6518
2/26/1998,0.6512
2/27/1998,0.6761
3/2/1998,0.6891
3/3/1998,0.6857
3/4/1998,0.6864
3/5/1998,0.6895
3/6/1998,0.6539
3/9/1998,0.6517
3/10/1998,0.6821
3/11/1998,0.686
3/12/1998,0.6995
3/13/1998,0.7092
3/16/1998,0.6954
3/17/1998,0.6969
3/18/1998,0.6917
3/19/1998,0.6933
3/20/1998,0.6837
3/23/1998,0.6868
3/24/1998,0.6836
3/25/1998,0.6806
3/26/1998,0.6851
3/27/1998,0.6884
3/30/1998,0.6923
3/31/1998,0.6623
4/1/1998,0.6646
4/2/1998,0.6572
4/3/1998,0.6356
4/6/1998,0.6064
4/7/1998,0.6022
4/8/1998,0.601
4/9/1998,0.604
4/13/1998,0.6028
4/14/1998,0.6041
4/15/1998,0.6089
4/16/1998,0.6145
4/17/1998,0.6178
4/20/1998,0.6108
4/21/1998,0.6104
4/22/1998,0.6109
4/23/1998,0.6134
4/24/1998,0.6321
4/27/1998,0.636
4/28/1998,0.6414
4/29/1998,0.6439
4/30/1998,0.6554
5/1/1998,0.6566
5/4/1998,0.6487
5/5/1998,0.6522
5/6/1998,0.6616
5/7/1998,0.6559
5/8/1998,0.6616
5/11/1998,0.659
5/12/1998,0.6733
5/13/1998,0.6741
5/14/1998,0.6675
5/15/1998,0.6728
5/18/1998,0.6765
5/19/1998,0.6732
5/20/1998,0.6686
5/21/1998,0.6758
5/22/1998,0.6899
5/26/1998,0.6919
5/27/1998,0.6888
5/28/1998,0.7033
5/29/1998,0.7159
6/1/1998,0.7459
6/2/1998,0.731
6/3/1998,0.7276
6/4/1998,0.7331
6/5/1998,0.7327
6/8/1998,0.7539
6/9/1998,0.7296
6/10/1998,0.7131
6/11/1998,0.733
6/12/1998,0.7294
6/15/1998,0.7366
6/16/1998,0.7316
6/17/1998,0.727
6/18/1998,0.7364
6/19/1998,0.7364
6/22/1998,0.7416
6/23/1998,0.7551
6/24/1998,0.7626
6/25/1998,0.7755
6/26/1998,0.7685
6/29/1998,0.7764
6/30/1998,0.7789
7/1/1998,0.7811
7/2/1998,0.7757
7/6/1998,0.7698
7/7/1998,0.7828
7/8/1998,0.785
7/9/1998,0.7808
7/10/1998,0.7619
7/13/1998,0.738
7/14/1998,0.7367
7/15/1998,0.7358
7/16/1998,0.7365
7/17/1998,0.7583
7/20/1998,0.7478
7/21/1998,0.7376
7/22/1998,0.743
7/23/1998,0.7415
7/24/1998,0.7378
7/27/1998,0.7185
7/28/1998,0.7158
7/29/1998,0.7175
7/30/1998,0.7211
7/31/1998,0.7054
8/3/1998,0.694
8/4/1998,0.6945
8/5/1998,0.7105
8/6/1998,0.7222
8/7/1998,0.7203
8/10/1998,0.7101
8/11/1998,0.6998
8/12/1998,0.6998
8/13/1998,0.7239
8/14/1998,0.7323
8/17/1998,0.7423
8/18/1998,0.7318
8/19/1998,0.7396
8/20/1998,0.7368
8/21/1998,0.7305
8/24/1998,0.7475
8/25/1998,0.7403
8/26/1998,0.739
8/27/1998,0.724
8/28/1998,0.714
8/31/1998,0.7111
9/1/1998,0.724
9/2/1998,0.7376
9/3/1998,0.735
9/4/1998,0.724
9/8/1998,0.7237
9/9/1998,0.72
9/10/1998,0.7145
9/11/1998,0.716
9/14/1998,0.7218
9/15/1998,0.718
9/16/1998,0.7202
9/17/1998,0.7111
9/18/1998,0.723
9/21/1998,0.7233
9/22/1998,0.7299
9/23/1998,0.7257
9/24/1998,0.7094
9/25/1998,0.7081
9/28/1998,0.7087
9/29/1998,0.6941
9/30/1998,0.7007
10/1/1998,0.6968
10/2/1998,0.6971
10/5/1998,0.705
10/6/1998,0.7167
10/7/1998,0.7119
10/8/1998,0.712
10/9/1998,0.6968
10/12/1998,0.689
10/13/1998,0.6836
10/14/1998,0.6845
10/15/1998,0.6665
10/16/1998,0.6553
10/19/1998,0.6546
10/20/1998,0.6631
10/21/1998,0.672
10/22/1998,0.6536
10/23/1998,0.6612
10/26/1998,0.6556
10/27/1998,0.6607
10/28/1998,0.6618
10/29/1998,0.6512
10/30/1998,0.6527
11/2/1998,0.6546
11/3/1998,0.6539
11/4/1998,0.6596
11/5/1998,0.6623
11/6/1998,0.6762
11/9/1998,0.6895
11/10/1998,0.6865
11/11/1998,0.6693
11/12/1998,0.6773
11/13/1998,0.6802
11/16/1998,0.6656
11/17/1998,0.642
11/18/1998,0.654
11/19/1998,0.6474
11/20/1998,0.6397
11/23/1998,0.6336
11/24/1998,0.6361
11/25/1998,0.6455
11/27/1998,0.6455
11/30/1998,0.644
12/1/1998,0.6445
12/2/1998,0.6515
12/3/1998,0.6357
12/4/1998,0.641
12/7/1998,0.6372
12/8/1998,0.6367
12/9/1998,0.6322
12/10/1998,0.6385
12/11/1998,0.6206
12/14/1998,0.6214
12/15/1998,0.6127
12/16/1998,0.6245
12/17/1998,0.617
12/18/1998,0.6167
12/21/1998,0.6082
12/22/1998,0.6023
12/23/1998,0.5795
12/24/1998,0.5795
12/28/1998,0.5828
12/29/1998,0.5865
12/30/1998,0.5844
12/31/1998,0.5844
1/4/1999,0.5703
1/5/1999,0.5823
1/6/1999,0.5797
1/7/1999,0.5734
1/8/1999,0.5729
1/11/1999,0.5704
1/12/1999,0.5811
1/13/1999,0.5748
1/14/1999,0.5748
1/15/1999,0.5803
1/19/1999,0.5741
1/20/1999,0.5784
1/21/1999,0.5788
1/22/1999,0.5704
1/25/1999,0.5587
1/26/1999,0.5675
1/27/1999,0.5745
1/28/1999,0.5955
1/29/1999,0.5918
2/1/1999,0.5912
2/2/1999,0.5858
2/3/1999,0.5889
2/4/1999,0.5763
2/5/1999,0.5791
2/8/1999,0.5827
2/9/1999,0.5639
2/10/1999,0.566
2/11/1999,0.5502
2/12/1999,0.5591
2/16/1999,0.5569
2/17/1999,0.5626
2/18/1999,0.562
2/19/1999,0.5593
2/22/1999,0.5589
2/23/1999,0.5545
2/24/1999,0.5632
2/25/1999,0.5814
2/26/1999,0.5694
3/1/1999,0.5774
3/2/1999,0.5969
3/3/1999,0.5985
3/4/1999,0.6054
3/5/1999,0.6198
3/8/1999,0.6089
3/9/1999,0.6043
3/10/1999,0.6043
3/11/1999,0.6175
3/12/1999,0.6041
3/15/1999,0.6011
3/16/1999,0.6042
3/17/1999,0.6067
3/18/1999,0.6141
3/19/1999,0.6021
3/22/1999,0.6192
3/23/1999,0.6152
3/24/1999,0.6075
3/25/1999,0.6165
3/26/1999,0.6179
3/29/1999,0.5974
3/30/1999,0.5979
3/31/1999,0.6004
4/1/1999,0.6035
4/5/1999,0.6059
4/6/1999,0.6131
4/7/1999,0.6135
4/8/1999,0.6241
4/9/1999,0.6171
4/12/1999,0.6098
4/13/1999,0.607
4/14/1999,0.607
4/15/1999,0.6003
4/16/1999,0.5819
4/19/1999,0.5827
4/20/1999,0.5844
4/21/1999,0.5891
4/22/1999,0.5774
4/23/1999,0.5964
4/26/1999,0.5901
4/27/1999,0.5996
4/28/1999,0.6143
4/29/1999,0.6248
4/30/1999,0.6171
5/3/1999,0.607
5/4/1999,0.6034
5/5/1999,0.5921
5/6/1999,0.5926
5/7/1999,0.6029
5/10/1999,0.602
5/11/1999,0.5971
5/12/1999,0.573
5/13/1999,0.5787
5/14/1999,0.5774
5/17/1999,0.5813
5/18/1999,0.5749
5/19/1999,0.5786
5/20/1999,0.5793
5/21/1999,0.5758
5/24/1999,0.5657
5/25/1999,0.576
5/26/1999,0.5721
5/27/1999,0.5697
5/28/1999,0.5774
6/1/1999,0.5783
6/2/1999,0.5821
6/3/1999,0.5891
6/4/1999,0.5853
6/7/1999,0.5897
6/8/1999,0.5848
6/9/1999,0.5848
6/10/1999,0.5731
6/11/1999,0.5658
6/14/1999,0.5658
6/15/1999,0.5766
6/16/1999,0.5626
6/17/1999,0.5518
6/18/1999,0.5616
6/21/1999,0.559
6/22/1999,0.5588
6/23/1999,0.5474
6/24/1999,0.5534
6/25/1999,0.5474
6/28/1999,0.5358
6/29/1999,0.5335
6/30/1999,0.5464
7/1/1999,0.5375
7/2/1999,0.5223
7/6/1999,0.5383
7/7/1999,0.5268
7/8/1999,0.5217
7/9/1999,0.5101
7/12/1999,0.4945
7/13/1999,0.5053
7/14/1999,0.4955
7/15/1999,0.4995
7/16/1999,0.5052
7/19/1999,0.5144
7/20/1999,0.5189
7/21/1999,0.5321
7/22/1999,0.5309
7/23/1999,0.5401
7/26/1999,0.5285
7/27/1999,0.5282
7/28/1999,0.5205
7/29/1999,0.5346
7/30/1999,0.5438
8/2/1999,0.5307
8/3/1999,0.5281
8/4/1999,0.5209
8/5/1999,0.5198
8/6/1999,0.5259
8/9/1999,0.5339
8/10/1999,0.5231
8/11/1999,0.5225
8/12/1999,0.5315
8/13/1999,0.529
8/16/1999,0.5368
8/17/1999,0.5366
8/18/1999,0.5345
8/19/1999,0.5294
8/20/1999,0.5223
8/23/1999,0.5013
8/24/1999,0.4986
8/25/1999,0.4953
8/26/1999,0.498
8/27/1999,0.4881
8/30/1999,0.479
8/31/1999,0.4864
9/1/1999,0.4869
9/2/1999,0.485
9/3/1999,0.4823
9/7/1999,0.489
9/8/1999,0.487
9/9/1999,0.4914
9/10/1999,0.5222
9/13/1999,0.509
9/14/1999,0.499
9/15/1999,0.4943
9/16/1999,0.4943
9/17/1999,0.5059
9/20/1999,0.5053
9/21/1999,0.5084
9/22/1999,0.5044
9/23/1999,0.4979
9/24/1999,0.5007
9/27/1999,0.5069
9/28/1999,0.5097
9/29/1999,0.5099
9/30/1999,0.4956
10/1/1999,0.497
10/4/1999,0.4854
10/5/1999,0.4825
10/6/1999,0.4827
10/7/1999,0.4872
10/8/1999,0.5053
10/11/1999,0.5049
10/12/1999,0.508
10/13/1999,0.5267
10/14/1999,0.5251
10/15/1999,0.5223
10/18/1999,0.5173
10/19/1999,0.5174
10/20/1999,0.5112
10/21/1999,0.5125
10/22/1999,0.5137
10/25/1999,0.5134
10/26/1999,0.5083
10/27/1999,0.5143
10/28/1999,0.5051
10/29/1999,0.5027
11/1/1999,0.5014
11/2/1999,0.5046
11/3/1999,0.4981
11/4/1999,0.4972
11/5/1999,0.4961
11/8/1999,0.489
11/9/1999,0.4934
11/10/1999,0.4934
11/11/1999,0.4927
11/12/1999,0.4918
11/15/1999,0.4906
11/16/1999,0.4833
11/17/1999,0.4864
11/18/1999,0.4899
11/19/1999,0.485
11/22/1999,0.4937
11/23/1999,0.4903
11/24/1999,0.4901
11/26/1999,0.4901
11/29/1999,0.4897
11/30/1999,0.4805
12/1/1999,0.4825
12/2/1999,0.4809
12/3/1999,0.474
12/6/1999,0.4724
12/7/1999,0.4797
12/8/1999,0.4758
12/9/1999,0.474
12/10/1999,0.4745
12/13/1999,0.4751
12/14/1999,0.4763
12/15/1999,0.4721
12/16/1999,0.4638
12/17/1999,0.4665
12/20/1999,0.4657
12/21/1999,0.4693
12/22/1999,0.4683
12/23/1999,0.4683
12/27/1999,0.4636
12/28/1999,0.4642
12/29/1999,0.471
12/30/1999,0.4824
12/31/1999,0.4824
1/3/2000,0.4857
1/4/2000,0.4823
1/5/2000,0.4906
1/6/2000,0.4958
1/7/2000,0.5146
1/10/2000,0.5106
1/11/2000,0.5168
1/12/2000,0.5122
1/13/2000,0.5225
1/14/2000,0.5262
1/18/2000,0.5226
1/19/2000,0.5525
1/20/2000,0.5494
1/21/2000,0.5365
1/24/2000,0.5385
1/25/2000,0.5536
1/26/2000,0.5492
1/27/2000,0.5503
1/28/2000,0.5503
1/31/2000,0.5536
2/1/2000,0.5463
2/2/2000,0.5454
2/3/2000,0.5359
2/4/2000,0.5358
2/7/2000,0.5368
2/8/2000,0.528
2/9/2000,0.533
2/10/2000,0.5504
2/11/2000,0.5447
2/14/2000,0.5476
2/15/2000,0.5435
2/16/2000,0.5413
2/17/2000,0.5443
2/18/2000,0.5625
2/22/2000,0.5767
2/23/2000,0.5715
2/24/2000,0.5683
2/25/2000,0.5538
2/28/2000,0.5609
2/29/2000,0.5503
3/1/2000,0.5801
3/2/2000,0.5718
3/3/2000,0.5756
3/6/2000,0.5782
3/7/2000,0.5814
3/8/2000,0.5929
3/9/2000,0.5951
3/10/2000,0.601
3/13/2000,0.5971
3/14/2000,0.5986
3/15/2000,0.5972
3/16/2000,0.5904
3/17/2000,0.5969
3/20/2000,0.5814
3/21/2000,0.5838
3/22/2000,0.5686
3/23/2000,0.5604
3/24/2000,0.5581
3/27/2000,0.5621
3/28/2000,0.5615
3/29/2000,0.5495
3/30/2000,0.5457
3/31/2000,0.5514
4/3/2000,0.5539
4/4/2000,0.5421
4/5/2000,0.534
4/6/2000,0.5268
4/7/2000,0.5329
4/10/2000,0.5349
4/11/2000,0.5245
4/12/2000,0.5325
4/13/2000,0.5432
4/14/2000,0.5393
4/17/2000,0.5433
4/18/2000,0.5473
4/19/2000,0.5371
4/20/2000,0.5371
4/24/2000,0.5409
4/25/2000,0.5409
4/26/2000,0.5491
4/27/2000,0.5455
4/28/2000,0.5281
5/1/2000,0.547
5/2/2000,0.5595
5/3/2000,0.5469
5/4/2000,0.5425
5/5/2000,0.5586
5/8/2000,0.5796
5/9/2000,0.5916
5/10/2000,0.6074
5/11/2000,0.603
5/12/2000,0.6123
5/15/2000,0.6175
5/16/2000,0.6162
5/17/2000,0.6107
5/18/2000,0.6112
5/19/2000,0.603
5/22/2000,0.6266
5/23/2000,0.6242
5/24/2000,0.6173
5/25/2000,0.6228
5/26/2000,0.6222
5/30/2000,0.6001
5/31/2000,0.6164
6/1/2000,0.5925
6/2/2000,0.5799
6/5/2000,0.5767
6/6/2000,0.566
6/7/2000,0.5725
6/8/2000,0.5719
6/9/2000,0.5739
6/12/2000,0.5565
6/13/2000,0.5598
6/14/2000,0.56
6/15/2000,0.5691
6/16/2000,0.56
6/19/2000,0.5614
6/20/2000,0.5675
6/21/2000,0.5588
6/22/2000,0.558
6/23/2000,0.5578
6/26/2000,0.5416
6/27/2000,0.5379
6/28/2000,0.5363
6/29/2000,0.541
6/30/2000,0.528
7/3/2000,0.528
7/5/2000,0.5276
7/6/2000,0.523
7/7/2000,0.5366
7/10/2000,0.5363
7/11/2000,0.5367
7/12/2000,0.5401
7/13/2000,0.5902
7/14/2000,0.5902
7/17/2000,0.5802
7/18/2000,0.5856
7/19/2000,0.5808
7/20/2000,0.568
7/21/2000,0.5713
7/24/2000,0.5912
7/25/2000,0.5795
7/26/2000,0.5714
7/27/2000,0.5648
7/28/2000,0.5706
7/31/2000,0.5802
8/1/2000,0.5726
8/2/2000,0.5689
8/3/2000,0.5714
8/4/2000,0.5675
8/7/2000,0.5905
8/8/2000,0.5901
8/9/2000,0.6038
8/10/2000,0.5908
8/11/2000,0.5923
8/14/2000,0.5975
8/15/2000,0.592
8/16/2000,0.5914
8/17/2000,0.602
8/18/2000,0.5777
8/21/2000,0.5884
8/22/2000,0.585
8/23/2000,0.5838
8/24/2000,0.5802
8/25/2000,0.5923
8/28/2000,0.5934
8/29/2000,0.597
8/30/2000,0.5925
8/31/2000,0.5787
9/1/2000,0.5799
9/5/2000,0.5904
9/6/2000,0.5886
9/7/2000,0.5864
9/8/2000,0.6222
9/11/2000,0.621
9/12/2000,0.6068
9/13/2000,0.5997
9/14/2000,0.6045
9/15/2000,0.6066
9/18/2000,0.6068
9/19/2000,0.6063
9/20/2000,0.6065
9/21/2000,0.6148
9/22/2000,0.6104
9/25/2000,0.6144
9/26/2000,0.6123
9/27/2000,0.6019
9/28/2000,0.6003
9/29/2000,0.6003
10/2/2000,0.6112
10/3/2000,0.6154
10/4/2000,0.609
10/5/2000,0.6182
10/6/2000,0.6218
10/9/2000,0.6283
10/10/2000,0.6257
10/11/2000,0.6187
10/12/2000,0.6236
10/13/2000,0.614
10/16/2000,0.607
10/17/2000,0.6075
10/18/2000,0.6002
10/19/2000,0.6012
10/20/2000,0.6092
10/23/2000,0.6041
10/24/2000,0.607
10/25/2000,0.6126
10/26/2000,0.6088
10/27/2000,0.6114
10/30/2000,0.6199
10/31/2000,0.6077
11/1/2000,0.5982
11/2/2000,0.6016
11/3/2000,0.61
11/6/2000,0.6261
11/7/2000,0.6314
11/8/2000,0.629
11/9/2000,0.6221
11/10/2000,0.629
11/13/2000,0.6282
11/14/2000,0.623
11/15/2000,0.6232
11/16/2000,0.6295
11/17/2000,0.6242
11/20/2000,0.628
11/21/2000,0.6161
11/22/2000,0.6258
11/24/2000,0.6258
11/27/2000,0.6437
11/28/2000,0.6369
11/29/2000,0.6359
11/30/2000,0.6385
12/1/2000,0.6357
12/4/2000,0.6335
12/5/2000,0.6335
12/6/2000,0.6334
12/7/2000,0.6483
12/8/2000,0.6313
12/11/2000,0.6342
12/12/2000,0.6159
12/13/2000,0.6159
12/14/2000,0.6169
12/15/2000,0.6137
12/18/2000,0.611
12/19/2000,0.614
12/20/2000,0.6213
12/21/2000,0.6183
12/22/2000,0.6183
12/26/2000,0.5969
12/27/2000,0.5976
12/28/2000,0.5992
12/29/2000,0.5853
1/2/2001,0.566
1/3/2001,0.5721
1/4/2001,0.5586
1/5/2001,0.5567
1/8/2001,0.5648
1/9/2001,0.5737
1/10/2001,0.5784
1/11/2001,0.5837
1/12/2001,0.5862
1/16/2001,0.5846
1/17/2001,0.5802
1/18/2001,0.58
1/19/2001,0.5813
1/22/2001,0.5686
1/23/2001,0.5678
1/24/2001,0.5861
1/25/2001,0.581
1/26/2001,0.5875
1/29/2001,0.5845
1/30/2001,0.5951
1/31/2001,0.5886
2/1/2001,0.5693
2/2/2001,0.5726
2/5/2001,0.5769
2/6/2001,0.5773
2/7/2001,0.567
2/8/2001,0.5655
2/9/2001,0.5587
2/12/2001,0.564
2/13/2001,0.5703
2/14/2001,0.5793
2/15/2001,0.5621
2/16/2001,0.5556
2/20/2001,0.5361
2/21/2001,0.5328
2/22/2001,0.5268
2/23/2001,0.534
2/26/2001,0.5142
2/27/2001,0.5112
2/28/2001,0.5075
3/1/2001,0.5133
3/2/2001,0.5211
3/5/2001,0.5205
3/6/2001,0.5248
3/7/2001,0.5233
3/8/2001,0.5201
3/9/2001,0.4991
3/12/2001,0.4902
3/13/2001,0.4953
3/14/2001,0.499
3/15/2001,0.4684
3/16/2001,0.4648
3/19/2001,0.4711
3/20/2001,0.4649
3/21/2001,0.4582
3/22/2001,0.4439
3/23/2001,0.4556
3/26/2001,0.4653
3/27/2001,0.4509
3/28/2001,0.4456
3/29/2001,0.4269
3/30/2001,0.4309
4/2/2001,0.4273
4/3/2001,0.4339
4/4/2001,0.4419
4/5/2001,0.4397
4/6/2001,0.4488
4/9/2001,0.4459
4/10/2001,0.4457
4/11/2001,0.4358
4/12/2001,0.4289
4/16/2001,0.4307
4/17/2001,0.4447
4/18/2001,0.437
4/19/2001,0.4339
4/20/2001,0.419
4/23/2001,0.4228
4/24/2001,0.4273
4/25/2001,0.423
4/26/2001,0.4197
4/27/2001,0.4183
4/30/2001,0.4214
5/1/2001,0.4227
5/2/2001,0.4315
5/3/2001,0.4221
5/4/2001,0.4221
5/7/2001,0.4243
5/8/2001,0.4144
5/9/2001,0.4143
5/10/2001,0.4183
5/11/2001,0.4217
5/14/2001,0.437
5/15/2001,0.4308
5/16/2001,0.4163
5/17/2001,0.4147
5/18/2001,0.4084
5/21/2001,0.4019
5/22/2001,0.3956
5/23/2001,0.3966
5/24/2001,0.3946
5/25/2001,0.3965
5/29/2001,0.3804
5/30/2001,0.3772
5/31/2001,0.3788
6/1/2001,0.3842
6/4/2001,0.3806
6/5/2001,0.3798
6/6/2001,0.3903
6/7/2001,0.3944
6/8/2001,0.4021
6/11/2001,0.3822
6/12/2001,0.3851
6/13/2001,0.386
6/14/2001,0.3807
6/15/2001,0.3688
6/18/2001,0.3641
6/19/2001,0.3573
6/20/2001,0.3585
6/21/2001,0.3731
6/22/2001,0.3656
6/25/2001,0.3742
6/26/2001,0.3775
6/27/2001,0.3657
6/28/2001,0.3861
6/29/2001,0.387
7/2/2001,0.379
7/3/2001,0.379
7/5/2001,0.3755
7/6/2001,0.3752
7/9/2001,0.3908
7/10/2001,0.3867
7/11/2001,0.395
7/12/2001,0.394
7/13/2001,0.375
7/16/2001,0.379
7/17/2001,0.3773
7/18/2001,0.386
7/19/2001,0.382
7/20/2001,0.382
7/23/2001,0.385
7/24/2001,0.3793
7/25/2001,0.385
7/26/2001,0.3998
7/27/2001,0.4009
7/30/2001,0.3974
7/31/2001,0.399
8/1/2001,0.3928
8/2/2001,0.3816
8/3/2001,0.384
8/6/2001,0.3847
8/7/2001,0.3763
8/8/2001,0.3732
8/9/2001,0.3695
8/10/2001,0.3445
8/13/2001,0.344
8/14/2001,0.3426
8/15/2001,0.3497
8/16/2001,0.3495
8/17/2001,0.3453
8/20/2001,0.3488
8/21/2001,0.3485
8/22/2001,0.3486
8/23/2001,0.3479
8/24/2001,0.3475
8/27/2001,0.3525
8/28/2001,0.351
8/29/2001,0.3555
8/30/2001,0.349
8/31/2001,0.3494
9/4/2001,0.3588
9/5/2001,0.3525
9/6/2001,0.341
9/7/2001,0.335
9/10/2001,0.335
9/11/2001,0.335
9/12/2001,0.335
9/13/2001,0.335
9/14/2001,0.335
9/17/2001,0.325
9/18/2001,0.3202
9/19/2001,0.313
9/20/2001,0.3168
9/21/2001,0.3188
9/24/2001,0.3312
9/25/2001,0.3302
9/26/2001,0.331
9/27/2001,0.3173
9/28/2001,0.3188
10/1/2001,0.3155
10/2/2001,0.3185
10/3/2001,0.3192
10/4/2001,0.3115
10/5/2001,0.3002
10/8/2001,0.2879
10/9/2001,0.284
10/10/2001,0.2907
10/11/2001,0.2967
10/12/2001,0.2951
10/15/2001,0.2883
10/16/2001,0.2897
10/17/2001,0.2903
10/18/2001,0.2868
10/19/2001,0.2805
10/22/2001,0.2731
10/23/2001,0.2726
10/24/2001,0.2684
10/25/2001,0.2627
10/26/2001,0.2661
10/29/2001,0.2669
10/30/2001,0.2667
10/31/2001,0.2765
11/1/2001,0.2803
11/2/2001,0.2776
11/5/2001,0.2858
11/6/2001,0.2881
11/7/2001,0.3023
11/8/2001,0.3015
11/9/2001,0.3038
11/12/2001,0.3038
11/13/2001,0.3271
11/14/2001,0.3269
11/15/2001,0.3202
11/16/2001,0.325
11/19/2001,0.3223
11/20/2001,0.3185
11/21/2001,0.3213
11/23/2001,0.3213
11/26/2001,0.323
11/27/2001,0.3312
11/28/2001,0.3378
11/29/2001,0.3446
11/30/2001,0.3427
12/3/2001,0.3249
12/4/2001,0.3181
12/5/2001,0.3288
12/6/2001,0.3268
12/7/2001,0.3209
12/10/2001,0.3109
12/11/2001,0.3186
12/12/2001,0.3111
12/13/2001,0.3015
12/14/2001,0.328
12/17/2001,0.3295
12/18/2001,0.3231
12/19/2001,0.3195
12/20/2001,0.3141
12/21/2001,0.3141
12/24/2001,0.3141
12/26/2001,0.32
12/27/2001,0.3183
12/28/2001,0.3059
12/31/2001,0.3059
1/2/2002,0.3096
1/3/2002,0.3064
1/4/2002,0.3112
1/7/2002,0.3206
1/8/2002,0.3295
1/9/2002,0.3223
1/10/2002,0.319
1/11/2002,0.3154
1/14/2002,0.3115
1/15/2002,0.3209
1/16/2002,0.3243
1/17/2002,0.3271
1/18/2002,0.3183
1/22/2002,0.3128
1/23/2002,0.3123
1/24/2002,0.3059
1/25/2002,0.3118
1/28/2002,0.307
1/29/2002,0.3104
1/30/2002,0.2977
1/31/2002,0.2973
2/1/2002,0.317
2/4/2002,0.3208
2/5/2002,0.3155
2/6/2002,0.3162
2/7/2002,0.3239
2/8/2002,0.3276
2/11/2002,0.3196
2/12/2002,0.3294
2/13/2002,0.302
2/14/2002,0.3131
2/15/2002,0.3058
2/19/2002,0.2911
2/20/2002,0.2932
2/21/2002,0.2955
2/22/2002,0.3001
2/25/2002,0.3032
2/26/2002,0.3092
2/27/2002,0.311
2/28/2002,0.3113
3/1/2002,0.3131
3/4/2002,0.3115
3/5/2002,0.3139
3/6/2002,0.3173
3/7/2002,0.337
3/8/2002,0.3308
3/11/2002,0.3337
3/12/2002,0.3305
3/13/2002,0.338
3/14/2002,0.3456
3/15/2002,0.3445
3/18/2002,0.3444
3/19/2002,0.3451
3/20/2002,0.347
3/21/2002,0.3556
3/22/2002,0.3495
3/25/2002,0.3446
3/26/2002,0.3391
3/27/2002,0.3414
3/28/2002,0.3391
4/1/2002,0.3416
4/2/2002,0.3438
4/3/2002,0.3395
4/4/2002,0.3347
4/5/2002,0.3348
4/8/2002,0.3281
4/9/2002,0.3261
4/10/2002,0.3389
4/11/2002,0.3312
4/12/2002,0.328
4/15/2002,0.3222
4/16/2002,0.3253
4/17/2002,0.3257
4/18/2002,0.3158
4/19/2002,0.3074
4/22/2002,0.3083
4/23/2002,0.3101
4/24/2002,0.3192
4/25/2002,0.315
4/26/2002,0.3002
4/29/2002,0.2934
4/30/2002,0.2972
5/1/2002,0.2987
5/2/2002,0.2851
5/3/2002,0.2877
5/6/2002,0.289
5/7/2002,0.2836
5/8/2002,0.2895
5/9/2002,0.292
5/10/2002,0.3046
5/13/2002,0.3037
5/14/2002,0.3117
5/15/2002,0.3211
5/16/2002,0.3148
5/17/2002,0.3189
5/20/2002,0.3174
5/21/2002,0.3245
5/22/2002,0.3315
5/23/2002,0.333
5/24/2002,0.3294
5/28/2002,0.3425
5/29/2002,0.344
5/30/2002,0.3449
5/31/2002,0.3572
6/3/2002,0.3573
6/4/2002,0.3508
6/5/2002,0.3528
6/6/2002,0.3541
6/7/2002,0.3515
6/10/2002,0.3471
6/11/2002,0.3495
6/12/2002,0.3432
6/13/2002,0.3539
6/14/2002,0.3524
6/17/2002,0.3698
6/18/2002,0.3665
6/19/2002,0.3722
6/20/2002,0.4022
6/21/2002,0.3955
6/24/2002,0.3985
6/25/2002,0.4065
6/26/2002,0.4045
6/27/2002,0.3932
6/28/2002,0.4196
7/1/2002,0.3998
7/2/2002,0.4094
7/3/2002,0.416
7/5/2002,0.416
7/8/2002,0.4022
7/9/2002,0.4109
7/10/2002,0.427
7/11/2002,0.4106
7/12/2002,0.3974
7/15/2002,0.3849
7/16/2002,0.3838
7/17/2002,0.401
7/18/2002,0.4194
7/19/2002,0.421
7/22/2002,0.4254
7/23/2002,0.4133
7/24/2002,0.409
7/25/2002,0.4094
7/26/2002,0.4075
7/29/2002,0.4025
7/30/2002,0.4203
7/31/2002,0.4195
8/1/2002,0.4226
8/2/2002,0.4148
8/5/2002,0.3922
8/6/2002,0.398
8/7/2002,0.3996
8/8/2002,0.396
8/9/2002,0.3929
8/12/2002,0.4043
8/13/2002,0.4048
8/14/2002,0.4098
8/15/2002,0.3972
8/16/2002,0.3936
8/19/2002,0.4063
8/20/2002,0.392
8/21/2002,0.3855
8/22/2002,0.3944
8/23/2002,0.393
8/26/2002,0.387
8/27/2002,0.3885
8/28/2002,0.4073
8/29/2002,0.405
8/30/2002,0.3994
9/3/2002,0.3905
9/4/2002,0.3875
9/5/2002,0.3909
9/6/2002,0.3859
9/9/2002,0.3864
9/10/2002,0.3868
9/11/2002,0.3846
9/12/2002,0.3698
9/13/2002,0.3652
9/16/2002,0.364
9/17/2002,0.3739
9/18/2002,0.3815
9/19/2002,0.3848
9/20/2002,0.386
9/23/2002,0.3823
9/24/2002,0.3902
9/25/2002,0.3829
9/26/2002,0.3828
9/27/2002,0.3834
9/30/2002,0.3892
10/1/2002,0.4074
10/2/2002,0.4124
10/3/2002,0.3971
10/4/2002,0.3769
10/7/2002,0.3802
10/8/2002,0.379
10/9/2002,0.3842
10/10/2002,0.3954
10/11/2002,0.3884
10/14/2002,0.3876
10/15/2002,0.4054
10/16/2002,0.4008
10/17/2002,0.4054
10/18/2002,0.4095
10/21/2002,0.409
10/22/2002,0.4123
10/23/2002,0.4171
10/24/2002,0.4239
10/25/2002,0.4338
10/28/2002,0.4306
10/29/2002,0.4297
10/30/2002,0.4285
10/31/2002,0.4375
11/1/2002,0.4441
11/4/2002,0.4738
11/5/2002,0.462
11/6/2002,0.4594
11/7/2002,0.4698
11/8/2002,0.4713
11/11/2002,0.4717
11/12/2002,0.4642
11/13/2002,0.461
11/14/2002,0.4659
11/15/2002,0.4848
11/18/2002,0.4772
11/19/2002,0.4671
11/20/2002,0.4804
11/21/2002,0.4738
11/22/2002,0.479
11/25/2002,0.4814
11/26/2002,0.4743
11/27/2002,0.4743
11/29/2002,0.4743
12/2/2002,0.4706
12/3/2002,0.4564
12/4/2002,0.457
12/5/2002,0.468
12/6/2002,0.4711
12/9/2002,0.4675
12/10/2002,0.4863
12/11/2002,0.4863
12/12/2002,0.4797
12/13/2002,0.4833
12/16/2002,0.4885
12/17/2002,0.4858
12/18/2002,0.5001
12/19/2002,0.5023
12/20/2002,0.507
12/23/2002,0.5142
12/24/2002,0.5142
12/26/2002,0.5078
12/27/2002,0.5105
12/30/2002,0.5082
12/31/2002,0.4991
1/2/2003,0.5076
1/3/2003,0.5037
1/6/2003,0.5033
1/7/2003,0.5042
1/8/2003,0.5099
1/9/2003,0.5006
1/10/2003,0.504
1/13/2003,0.4991
1/14/2003,0.503
1/15/2003,0.5046
1/16/2003,0.5052
1/17/2003,0.4963
1/21/2003,0.4896
1/22/2003,0.4851
1/23/2003,0.4923
1/24/2003,0.4931
1/27/2003,0.5058
1/28/2003,0.5036
1/29/2003,0.5111
1/30/2003,0.5143
1/31/2003,0.5236
2/3/2003,0.5218
2/4/2003,0.5198
2/5/2003,0.5185
2/6/2003,0.517
2/7/2003,0.5015
2/10/2003,0.5068
2/11/2003,0.5327
2/12/2003,0.5327
2/13/2003,0.5121
2/14/2003,0.5293
2/18/2003,0.5293
2/19/2003,0.5333
2/20/2003,0.5356
2/21/2003,0.5409
2/24/2003,0.5312
2/25/2003,0.5418
2/26/2003,0.5447
2/27/2003,0.5331
2/28/2003,0.5479
3/3/2003,0.544
3/4/2003,0.5414
3/5/2003,0.5449
3/6/2003,0.5447
3/7/2003,0.5494
3/10/2003,0.5503
3/11/2003,0.5506
3/12/2003,0.558
3/13/2003,0.5631
3/14/2003,0.5652
3/17/2003,0.5606
3/18/2003,0.5453
3/19/2003,0.5534
3/20/2003,0.5505
3/21/2003,0.5578
3/24/2003,0.5431
3/25/2003,0.5445
3/26/2003,0.5352
3/27/2003,0.53
3/28/2003,0.5354
3/31/2003,0.5471
4/1/2003,0.5472
4/2/2003,0.5497
4/3/2003,0.545
4/4/2003,0.5469
4/7/2003,0.5432
4/8/2003,0.5347
4/9/2003,0.5337
4/10/2003,0.5442
4/11/2003,0.5425
4/14/2003,0.5336
4/15/2003,0.5425
4/16/2003,0.5427
4/17/2003,0.548
4/21/2003,0.5498
4/22/2003,0.5471
4/23/2003,0.5471
4/24/2003,0.5261
4/25/2003,0.5384
4/28/2003,0.5213
4/29/2003,0.5101
4/30/2003,0.5067
5/1/2003,0.5098
5/2/2003,0.5075
5/5/2003,0.4917
5/6/2003,0.4701
5/7/2003,0.4586
5/8/2003,0.4759
5/9/2003,0.4909
5/12/2003,0.499
5/13/2003,0.4976
5/14/2003,0.5049
5/15/2003,0.4973
5/16/2003,0.4995
5/19/2003,0.497
5/20/2003,0.4919
5/21/2003,0.4917
5/22/2003,0.4925
5/23/2003,0.4925
5/27/2003,0.482
5/28/2003,0.4777
5/29/2003,0.4718
5/30/2003,0.4658
6/2/2003,0.4662
6/3/2003,0.4513
6/4/2003,0.4664
6/5/2003,0.4751
6/6/2003,0.4776
6/9/2003,0.4921
6/10/2003,0.5019
6/11/2003,0.5218
6/12/2003,0.5292
6/13/2003,0.5229
6/16/2003,0.5292
6/17/2003,0.533
6/18/2003,0.5288
6/19/2003,0.5288
6/20/2003,0.5365
6/23/2003,0.526
6/24/2003,0.5159
6/25/2003,0.5301
6/26/2003,0.5217
6/27/2003,0.5275
6/30/2003,0.536
7/1/2003,0.536
7/2/2003,0.5513
7/3/2003,0.5447
7/7/2003,0.5592
7/8/2003,0.5546
7/9/2003,0.56
7/10/2003,0.5523
7/11/2003,0.5533
7/14/2003,0.561
7/15/2003,0.5545
7/16/2003,0.5448
7/17/2003,0.5435
7/18/2003,0.5585
7/21/2003,0.5555
7/22/2003,0.5555
7/23/2003,0.5385
7/24/2003,0.5508
7/25/2003,0.5483
7/28/2003,0.5515
7/29/2003,0.5427
7/30/2003,0.5377
7/31/2003,0.5341
8/1/2003,0.5285
8/4/2003,0.5245
8/5/2003,0.5243
8/6/2003,0.539
8/7/2003,0.529
8/8/2003,0.531
8/11/2003,0.524
8/12/2003,0.5129
8/13/2003,0.5195
8/14/2003,0.5105
8/15/2003,0.5102
8/18/2003,0.514
8/19/2003,0.5167
8/20/2003,0.537
8/21/2003,0.5247
8/22/2003,0.522
8/25/2003,0.522
8/26/2003,0.525
8/27/2003,0.5263
8/28/2003,0.5325
8/29/2003,0.543
9/2/2003,0.5425
9/3/2003,0.5434
9/4/2003,0.5467
9/5/2003,0.55
9/8/2003,0.544
9/9/2003,0.5493
9/10/2003,0.5745
9/11/2003,0.5995
9/12/2003,0.6072
9/15/2003,0.601
9/16/2003,0.5835
9/17/2003,0.5863
9/18/2003,0.5984
9/19/2003,0.5957
9/22/2003,0.5922
9/23/2003,0.6061
9/24/2003,0.6142
9/25/2003,0.6191
9/26/2003,0.6191
9/29/2003,0.6375
9/30/2003,0.6426
10/1/2003,0.637
10/2/2003,0.6455
10/3/2003,0.6358
10/6/2003,0.6474
10/7/2003,0.6428
10/8/2003,0.6569
10/9/2003,0.658
10/10/2003,0.6754
10/13/2003,0.6754
10/14/2003,0.6787
10/15/2003,0.7023
10/16/2003,0.6984
10/17/2003,0.7127
10/20/2003,0.7117
10/21/2003,0.7106
10/22/2003,0.7334
10/23/2003,0.7634
10/24/2003,0.7786
10/27/2003,0.7797
10/28/2003,0.7773
10/29/2003,0.7848
10/30/2003,0.7548
10/31/2003,0.7248
11/3/2003,0.7216
11/4/2003,0.7305
11/5/2003,0.7332
11/6/2003,0.7102
11/7/2003,0.7277
11/10/2003,0.722
11/11/2003,0.7145
11/12/2003,0.6881
11/13/2003,0.7071
11/14/2003,0.718
11/17/2003,0.7121
11/18/2003,0.6869
11/19/2003,0.6966
11/20/2003,0.6835
11/21/2003,0.6659
11/24/2003,0.6359
11/25/2003,0.6059
11/26/2003,0.6059
11/28/2003,0.6359
12/1/2003,0.6359
12/2/2003,0.6733
12/3/2003,0.6613
12/4/2003,0.6473
12/5/2003,0.6499
12/8/2003,0.6354
12/9/2003,0.6425
12/10/2003,0.6381
12/11/2003,0.6439
12/12/2003,0.6481
12/15/2003,0.6352
12/16/2003,0.6467
12/17/2003,0.6512
12/18/2003,0.6408
12/19/2003,0.6604
12/22/2003,0.6604
12/23/2003,0.6604
12/24/2003,0.6604
12/26/2003,0.6604
12/29/2003,0.6872
12/30/2003,0.6937
12/31/2003,0.7506
1/2/2004,0.7506
1/5/2004,0.713
1/6/2004,0.7117
1/7/2004,0.6954
1/8/2004,0.7063
1/9/2004,0.6967
1/12/2004,0.6976
1/13/2004,0.6981
1/14/2004,0.6907
1/15/2004,0.6999
1/16/2004,0.7022
1/20/2004,0.7077
1/21/2004,0.7066
1/22/2004,0.7082
1/23/2004,0.7094
1/26/2004,0.7064
1/27/2004,0.6876
1/28/2004,0.6576
1/29/2004,0.6366
1/30/2004,0.6573
2/2/2004,0.6364
2/3/2004,0.639
2/4/2004,0.6425
2/5/2004,0.635
2/6/2004,0.6407
2/9/2004,0.6296
2/10/2004,0.5996
2/11/2004,0.5994
2/12/2004,0.6142
2/13/2004,0.6168
2/17/2004,0.6251
2/18/2004,0.6188
2/19/2004,0.6428
2/20/2004,0.6476
2/23/2004,0.6515
2/24/2004,0.6566
2/25/2004,0.6466
2/26/2004,0.6841
2/27/2004,0.6902
3/1/2004,0.6878
3/2/2004,0.6598
3/3/2004,0.6527
3/4/2004,0.6422
3/5/2004,0.6473
3/8/2004,0.6226
3/9/2004,0.5926
3/10/2004,0.5926
3/11/2004,0.6218
3/12/2004,0.6087
3/15/2004,0.6168
3/16/2004,0.6204
3/17/2004,0.626
3/18/2004,0.6425
3/19/2004,0.6442
3/22/2004,0.635
3/23/2004,0.6136
3/24/2004,0.6176
3/25/2004,0.607
3/26/2004,0.616
3/29/2004,0.6203
3/30/2004,0.616
3/31/2004,0.586
4/1/2004,0.5803
4/2/2004,0.5912
4/5/2004,0.5868
4/6/2004,0.5822
4/7/2004,0.5818
4/8/2004,0.5821
4/12/2004,0.5526
4/13/2004,0.5412
4/14/2004,0.5737
4/15/2004,0.5865
4/16/2004,0.5924
4/19/2004,0.5996
4/20/2004,0.5909
4/21/2004,0.6036
4/22/2004,0.6101
4/23/2004,0.6155
4/26/2004,0.6155
4/27/2004,0.6038
4/28/2004,0.5738
4/29/2004,0.5713
4/30/2004,0.5711
5/3/2004,0.5711
5/4/2004,0.5743
5/5/2004,0.5829
5/6/2004,0.595
5/7/2004,0.625
5/10/2004,0.6229
5/11/2004,0.619
5/12/2004,0.609
5/13/2004,0.6259
5/14/2004,0.6222
5/17/2004,0.6146
5/18/2004,0.6019
5/19/2004,0.6122
5/20/2004,0.6122
5/21/2004,0.6025
5/24/2004,0.6079
5/25/2004,0.6143
5/26/2004,0.601
5/27/2004,0.589
5/28/2004,0.5894
6/1/2004,0.5598
6/2/2004,0.5563
6/3/2004,0.5579
6/4/2004,0.5655
6/7/2004,0.5528
6/8/2004,0.5444
6/9/2004,0.5534
6/10/2004,0.5692
6/14/2004,0.5607
6/15/2004,0.5307
6/16/2004,0.5028
6/17/2004,0.51
6/18/2004,0.51
6/21/2004,0.4956
6/22/2004,0.4845
6/23/2004,0.4855
6/24/2004,0.5
6/25/2004,0.5095
6/28/2004,0.492
6/29/2004,0.5002
6/30/2004,0.4845
7/1/2004,0.4732
7/2/2004,0.4722
7/6/2004,0.4724
7/7/2004,0.466
7/8/2004,0.4575
7/9/2004,0.456
7/12/2004,0.4435
7/13/2004,0.4485
7/14/2004,0.453
7/15/2004,0.4378
7/16/2004,0.458
7/19/2004,0.46
7/20/2004,0.4718
7/21/2004,0.465
7/22/2004,0.4535
7/23/2004,0.4495
7/26/2004,0.4331
7/27/2004,0.4294
7/28/2004,0.4345
7/29/2004,0.4273
7/30/2004,0.4283
8/2/2004,0.433
8/3/2004,0.4446
8/4/2004,0.4395
8/5/2004,0.4473
8/6/2004,0.434
8/9/2004,0.434
8/10/2004,0.4355
8/11/2004,0.4338
8/12/2004,0.4102
8/13/2004,0.4155
8/16/2004,0.416
8/17/2004,0.446
8/18/2004,0.4535
8/19/2004,0.4508
8/20/2004,0.4805
8/23/2004,0.4785
8/24/2004,0.482
8/25/2004,0.4749
8/26/2004,0.4565
8/27/2004,0.4515
8/30/2004,0.4815
8/31/2004,0.513
9/1/2004,0.5065
9/2/2004,0.515
9/3/2004,0.485
9/7/2004,0.497
9/8/2004,0.505
9/9/2004,0.5005
9/10/2004,0.4875
9/13/2004,0.5055
9/14/2004,0.4895
9/15/2004,0.4875
9/16/2004,0.4597
9/17/2004,0.4718
9/20/2004,0.4718
9/21/2004,0.4688
9/22/2004,0.4784
9/23/2004,0.4707
9/24/2004,0.4527
9/27/2004,0.463
9/28/2004,0.4626
9/29/2004,0.4528
9/30/2004,0.446
10/1/2004,0.4523
10/4/2004,0.4558
10/5/2004,0.4498
10/6/2004,0.4622
10/7/2004,0.4547
10/8/2004,0.4435
10/11/2004,0.4435
10/12/2004,0.4179
10/13/2004,0.4295
10/14/2004,0.4452
10/15/2004,0.4382
10/18/2004,0.4442
10/19/2004,0.4604
10/20/2004,0.4649
10/21/2004,0.4431
10/22/2004,0.4417
10/25/2004,0.4504
10/26/2004,0.4512
10/27/2004,0.4533
10/28/2004,0.4356
10/29/2004,0.4323
11/1/2004,0.4223
11/2/2004,0.434
11/3/2004,0.4283
11/4/2004,0.4162
11/5/2004,0.4161
11/8/2004,0.4208
11/9/2004,0.4229
11/10/2004,0.419
11/11/2004,0.419
11/12/2004,0.4284
11/15/2004,0.428
11/16/2004,0.4287
11/17/2004,0.426
11/18/2004,0.4331
11/19/2004,0.4253
11/22/2004,0.4274
11/23/2004,0.423
11/24/2004,0.4142
11/26/2004,0.4142
11/29/2004,0.4247
11/30/2004,0.4353
12/1/2004,0.4214
12/2/2004,0.4162
12/3/2004,0.4042
12/6/2004,0.4053
12/7/2004,0.4169
12/8/2004,0.411
12/9/2004,0.4136
12/10/2004,0.4081
12/13/2004,0.4197
12/14/2004,0.4138
12/15/2004,0.4151
12/16/2004,0.4221
12/17/2004,0.4238
12/20/2004,0.4199
12/21/2004,0.4162
12/22/2004,0.4072
12/23/2004,0.409
12/27/2004,0.4092
12/28/2004,0.422
12/29/2004,0.4201
12/30/2004,0.4277
12/31/2004,0.4277
1/3/2005,0.4212
1/4/2005,0.4249
1/5/2005,0.4337
1/6/2005,0.4331
1/7/2005,0.4406
1/10/2005,0.4406
1/11/2005,0.427
1/12/2005,0.4309
1/13/2005,0.4278
1/14/2005,0.4267
1/18/2005,0.4321
1/19/2005,0.4496
1/20/2005,0.4458
1/21/2005,0.4397
1/24/2005,0.4344
1/25/2005,0.4378
1/26/2005,0.4378
1/27/2005,0.4086
1/28/2005,0.4085
1/31/2005,0.4176
2/1/2005,0.4188
2/2/2005,0.4227
2/3/2005,0.4112
2/4/2005,0.4122
2/7/2005,0.4124
2/8/2005,0.407
2/9/2005,0.4107
2/10/2005,0.4274
2/11/2005,0.4295
2/14/2005,0.4347
2/15/2005,0.4391
2/16/2005,0.4383
2/17/2005,0.4366
2/18/2005,0.4448
2/22/2005,0.4643
2/23/2005,0.4539
2/24/2005,0.4525
2/25/2005,0.4718
2/28/2005,0.4827
3/1/2005,0.4734
3/2/2005,0.4694
3/3/2005,0.4727
3/4/2005,0.4798
3/7/2005,0.4719
3/8/2005,0.4827
3/9/2005,0.4875
3/10/2005,0.4965
3/11/2005,0.5065
3/14/2005,0.5011
3/15/2005,0.5063
3/16/2005,0.5078
3/17/2005,0.4808
3/18/2005,0.4769
3/21/2005,0.4687
3/22/2005,0.4813
3/23/2005,0.4733
3/24/2005,0.4834
3/28/2005,0.5071
3/29/2005,0.5033
3/30/2005,0.5013
3/31/2005,0.4978
4/1/2005,0.4955
4/4/2005,0.4935
4/5/2005,0.488
4/6/2005,0.4838
4/7/2005,0.4872
4/8/2005,0.4872
4/11/2005,0.4977
4/12/2005,0.495
4/13/2005,0.4772
4/14/2005,0.4864
4/15/2005,0.4856
4/18/2005,0.4984
4/19/2005,0.5137
4/20/2005,0.5135
4/21/2005,0.5094
4/22/2005,0.5062
4/25/2005,0.5351
4/26/2005,0.5397
4/27/2005,0.5291
4/28/2005,0.5352
4/29/2005,0.5355
5/2/2005,0.5308
5/3/2005,0.5308
5/4/2005,0.5039
5/5/2005,0.4976
5/6/2005,0.4999
5/9/2005,0.5176
5/10/2005,0.5268
5/11/2005,0.5355
5/12/2005,0.5183
5/13/2005,0.505
5/16/2005,0.4876
5/17/2005,0.4881
5/18/2005,0.4855
5/19/2005,0.469
5/20/2005,0.4705
5/23/2005,0.4727
5/24/2005,0.4733
5/25/2005,0.4762
5/26/2005,0.4763
5/27/2005,0.4768
5/31/2005,0.4589
6/1/2005,0.4584
6/2/2005,0.4601
6/3/2005,0.4559
6/6/2005,0.4487
6/7/2005,0.4444
6/8/2005,0.4439
6/9/2005,0.4379
6/10/2005,0.4446
6/13/2005,0.4503
6/14/2005,0.451
6/15/2005,0.4457
6/16/2005,0.4414
6/17/2005,0.45
6/20/2005,0.462
6/21/2005,0.4666
6/22/2005,0.4665
6/23/2005,0.4894
6/24/2005,0.5065
6/27/2005,0.5113
6/28/2005,0.4975
6/29/2005,0.514
6/30/2005,0.5222
7/1/2005,0.5215
7/5/2005,0.5215
7/6/2005,0.5104
7/7/2005,0.519
7/8/2005,0.5155
7/11/2005,0.509
7/12/2005,0.479
7/13/2005,0.4735
7/14/2005,0.4797
7/15/2005,0.4795
7/18/2005,0.4684
7/19/2005,0.462
7/20/2005,0.46
7/21/2005,0.4665
7/22/2005,0.4795
7/25/2005,0.4795
7/26/2005,0.4825
7/27/2005,0.478
7/28/2005,0.4786
7/29/2005,0.4874
8/1/2005,0.4845
8/2/2005,0.487
8/3/2005,0.4814
8/4/2005,0.4835
8/5/2005,0.4835
8/8/2005,0.4717
8/9/2005,0.469
8/10/2005,0.4626
8/11/2005,0.4563
8/12/2005,0.4488
8/15/2005,0.439
8/16/2005,0.44
8/17/2005,0.4475
8/18/2005,0.4401
8/19/2005,0.4462
8/22/2005,0.4505
8/23/2005,0.4567
8/24/2005,0.45
8/25/2005,0.4452
8/26/2005,0.449
8/29/2005,0.4563
8/30/2005,0.4725
8/31/2005,0.4665
9/1/2005,0.4679
9/2/2005,0.4697
9/6/2005,0.4895
9/7/2005,0.4975
9/8/2005,0.4887
9/9/2005,0.4855
9/12/2005,0.481
9/13/2005,0.4687
9/14/2005,0.471
9/15/2005,0.4654
9/16/2005,0.4649
9/19/2005,0.4873
9/20/2005,0.4732
9/21/2005,0.4864
9/22/2005,0.4872
9/23/2005,0.478
9/26/2005,0.4801
9/27/2005,0.5084
9/28/2005,0.5066
9/29/2005,0.5116
9/30/2005,0.4986
10/3/2005,0.5124
10/4/2005,0.5005
10/5/2005,0.5091
10/6/2005,0.5075
10/7/2005,0.5063
10/10/2005,0.5063
10/11/2005,0.5267
10/12/2005,0.534
10/13/2005,0.5368
10/14/2005,0.5443
10/17/2005,0.535
10/18/2005,0.5287
10/19/2005,0.5179
10/20/2005,0.5071
10/21/2005,0.5174
10/24/2005,0.5128
10/25/2005,0.5298
10/26/2005,0.5251
10/27/2005,0.4938
10/28/2005,0.5027
10/31/2005,0.4962
11/1/2005,0.5011
11/2/2005,0.5029
11/3/2005,0.4973
11/4/2005,0.4944
11/7/2005,0.4926
11/8/2005,0.4896
11/9/2005,0.4841
11/10/2005,0.482
11/11/2005,0.482
11/14/2005,0.4889
11/15/2005,0.4993
11/16/2005,0.4936
11/17/2005,0.4996
11/18/2005,0.4963
11/21/2005,0.4601
11/22/2005,0.5031
11/23/2005,0.4961
11/25/2005,0.4601
11/28/2005,0.4915
11/29/2005,0.4931
11/30/2005,0.4953
12/1/2005,0.4878
12/2/2005,0.4902
12/5/2005,0.4952
12/6/2005,0.5027
12/7/2005,0.5012
12/8/2005,0.505
12/9/2005,0.5047
12/12/2005,0.5116
12/13/2005,0.5119
12/14/2005,0.5049
12/15/2005,0.5001
12/16/2005,0.5039
12/19/2005,0.5063
12/20/2005,0.5063
12/21/2005,0.4985
12/22/2005,0.5114
12/23/2005,0.5054
12/27/2005,0.508
12/28/2005,0.5107
12/29/2005,0.5065
12/30/2005,0.5119
1/3/2006,0.5224
1/4/2006,0.5194
1/5/2006,0.5169
1/6/2006,0.518
1/9/2006,0.5245
1/10/2006,0.5245
1/11/2006,0.5218
1/12/2006,0.5219
1/13/2006,0.5268
1/17/2006,0.5274
1/18/2006,0.5131
1/19/2006,0.5251
1/20/2006,0.5357
1/23/2006,0.5328
1/24/2006,0.531
1/25/2006,0.5303
1/26/2006,0.5298
1/27/2006,0.5202
1/30/2006,0.5167
1/31/2006,0.5222
2/1/2006,0.5237
2/2/2006,0.5398
2/3/2006,0.537
2/6/2006,0.5394
2/7/2006,0.5185
2/8/2006,0.5303
2/9/2006,0.5317
2/10/2006,0.5272
2/13/2006,0.5191
2/14/2006,0.54
2/15/2006,0.533
2/16/2006,0.5287
2/17/2006,0.5359
2/21/2006,0.5264
2/22/2006,0.5345
2/23/2006,0.5327
2/24/2006,0.5286
2/27/2006,0.5177
2/28/2006,0.5219
3/1/2006,0.5211
3/2/2006,0.5146
3/3/2006,0.5124
3/6/2006,0.5068
3/7/2006,0.505
3/8/2006,0.516
3/9/2006,0.5092
3/10/2006,0.5186
3/13/2006,0.5099
3/14/2006,0.5085
3/15/2006,0.5158
3/16/2006,0.5149
3/17/2006,0.5131
3/20/2006,0.5076
3/21/2006,0.5046
3/22/2006,0.4947
3/23/2006,0.5049
3/24/2006,0.5
3/27/2006,0.506
3/28/2006,0.5041
3/29/2006,0.5066
3/30/2006,0.512
3/31/2006,0.504
4/3/2006,0.5032
4/4/2006,0.5056
4/5/2006,0.5171
4/6/2006,0.5139
4/7/2006,0.5172
4/10/2006,0.5095
4/11/2006,0.4981
4/12/2006,0.4978
4/13/2006,0.4951
4/17/2006,0.5091
4/18/2006,0.504
4/19/2006,0.5045
4/20/2006,0.4956
4/21/2006,0.4927
4/24/2006,0.4886
4/25/2006,0.4789
4/26/2006,0.4822
4/27/2006,0.475
4/28/2006,0.4847
5/1/2006,0.4832
5/2/2006,0.4766
5/3/2006,0.4794
5/4/2006,0.4703
5/5/2006,0.4706
5/8/2006,0.4769
5/9/2006,0.4788
5/10/2006,0.4838
5/11/2006,0.4858
5/12/2006,0.493
5/15/2006,0.4887
5/16/2006,0.4864
5/17/2006,0.4806
5/18/2006,0.4727
5/19/2006,0.4661
5/22/2006,0.4642
5/23/2006,0.4803
5/24/2006,0.472
5/25/2006,0.4731
5/26/2006,0.4819
5/30/2006,0.489
5/31/2006,0.4794
6/1/2006,0.4935
6/2/2006,0.4967
6/5/2006,0.4939
6/6/2006,0.4863
6/7/2006,0.4887
6/8/2006,0.4957
6/9/2006,0.4961
6/12/2006,0.497
6/13/2006,0.4875
6/14/2006,0.4883
6/15/2006,0.4944
6/16/2006,0.4907
6/19/2006,0.4885
6/20/2006,0.4895
6/21/2006,0.4948
6/22/2006,0.4766
6/23/2006,0.4766
6/26/2006,0.4623
6/27/2006,0.4766
6/28/2006,0.4705
6/29/2006,0.4705
6/30/2006,0.472
7/3/2006,0.4625
7/5/2006,0.4675
7/6/2006,0.4665
7/7/2006,0.4675
7/10/2006,0.4599
7/11/2006,0.4618
7/12/2006,0.4739
7/13/2006,0.4665
7/14/2006,0.4587
7/17/2006,0.4645
7/18/2006,0.479
7/19/2006,0.484
7/20/2006,0.4775
7/21/2006,0.491
7/24/2006,0.4965
7/25/2006,0.489
7/26/2006,0.4875
7/27/2006,0.4935
7/28/2006,0.4945
7/31/2006,0.492
8/1/2006,0.5048
8/2/2006,0.5058
8/3/2006,0.5098
8/4/2006,0.5023
8/7/2006,0.508
8/8/2006,0.5075
8/9/2006,0.5078
8/10/2006,0.5108
8/11/2006,0.4974
8/14/2006,0.4871
8/15/2006,0.4935
8/16/2006,0.492
8/17/2006,0.4905
8/18/2006,0.4865
8/21/2006,0.4836
8/22/2006,0.495
8/23/2006,0.493
8/24/2006,0.4935
8/25/2006,0.4975
8/28/2006,0.4935
8/29/2006,0.496
8/30/2006,0.49
8/31/2006,0.4955
9/1/2006,0.4856
9/5/2006,0.484
9/6/2006,0.4819
9/7/2006,0.4794
9/8/2006,0.4738
9/11/2006,0.4675
9/12/2006,0.4778
9/13/2006,0.4755
9/14/2006,0.4738
9/15/2006,0.4807
9/18/2006,0.4873
9/19/2006,0.4731
9/20/2006,0.4784
9/21/2006,0.4773
9/22/2006,0.4785
9/25/2006,0.4736
9/26/2006,0.4825
9/27/2006,0.4796
9/28/2006,0.4716
9/29/2006,0.462
10/2/2006,0.4597
10/3/2006,0.4562
10/4/2006,0.4641
10/5/2006,0.4594
10/6/2006,0.4534
10/9/2006,0.4534
10/10/2006,0.4545
10/11/2006,0.4513
10/12/2006,0.4568
10/13/2006,0.4576
10/16/2006,0.4593
10/17/2006,0.4645
10/18/2006,0.4558
10/19/2006,0.4625
10/20/2006,0.4671
10/23/2006,0.4752
10/24/2006,0.4707
10/25/2006,0.4742
10/26/2006,0.4835
10/27/2006,0.4854
10/30/2006,0.4711
10/31/2006,0.4703
11/1/2006,0.4653
11/2/2006,0.4693
11/3/2006,0.4696
11/6/2006,0.4767
11/7/2006,0.4789
11/8/2006,0.4752
11/9/2006,0.478
11/10/2006,0.4709
11/13/2006,0.4583
11/14/2006,0.4656
11/15/2006,0.4736
11/16/2006,0.4665
11/17/2006,0.464
11/20/2006,0.4644
11/21/2006,0.4688
11/22/2006,0.4737
11/24/2006,0.4644
11/27/2006,0.4835
11/28/2006,0.4816
11/29/2006,0.4764
11/30/2006,0.4925
12/1/2006,0.4968
12/4/2006,0.4968
12/5/2006,0.4939
12/6/2006,0.4935
12/7/2006,0.4906
12/8/2006,0.4873
12/11/2006,0.5029
12/12/2006,0.5048
12/13/2006,0.5034
12/14/2006,0.5118
12/15/2006,0.5096
12/18/2006,0.5081
12/19/2006,0.5103
12/20/2006,0.5062
12/21/2006,0.5162
12/22/2006,0.5203
12/26/2006,0.5203
12/27/2006,0.5263
12/28/2006,0.5321
12/29/2006,0.5244
1/3/2007,0.5114
1/4/2007,0.5081
1/5/2007,0.5067
1/8/2007,0.5078
1/9/2007,0.5035
1/10/2007,0.5018
1/11/2007,0.5029
1/12/2007,0.5095
1/16/2007,0.5117
1/17/2007,0.5131
1/18/2007,0.5078
1/19/2007,0.508
1/22/2007,0.5034
1/23/2007,0.5107
1/24/2007,0.5072
1/25/2007,0.5062
1/26/2007,0.5037
1/29/2007,0.4982
1/30/2007,0.496
1/31/2007,0.5025
2/1/2007,0.4982
2/2/2007,0.5014
2/5/2007,0.5088
2/6/2007,0.4992
2/7/2007,0.4992
2/8/2007,0.4866
2/9/2007,0.4901
2/12/2007,0.4849
2/13/2007,0.4884
2/14/2007,0.48
2/15/2007,0.4848
2/16/2007,0.4857
2/20/2007,0.488
2/21/2007,0.4881
2/22/2007,0.4942
2/23/2007,0.4985
2/26/2007,0.5005
2/27/2007,0.4931
2/28/2007,0.5007
3/1/2007,0.4995
3/2/2007,0.5014
3/5/2007,0.493
3/6/2007,0.4984
3/7/2007,0.5073
3/8/2007,0.5074
3/9/2007,0.5075
3/12/2007,0.5081
3/13/2007,0.4981
3/14/2007,0.4975
3/15/2007,0.4969
3/16/2007,0.4969
3/19/2007,0.4996
3/20/2007,0.4955
3/21/2007,0.4936
3/22/2007,0.4947
3/23/2007,0.4952
3/26/2007,0.4954
3/27/2007,0.4964
3/28/2007,0.5016
3/29/2007,0.5044
3/30/2007,0.4962
4/2/2007,0.4949
4/3/2007,0.493
4/4/2007,0.4951
4/5/2007,0.4916
4/9/2007,0.4806
4/10/2007,0.4794
4/11/2007,0.4807
4/12/2007,0.4737
4/13/2007,0.4762
4/16/2007,0.4663
4/17/2007,0.4685
4/18/2007,0.4749
4/19/2007,0.4658
4/20/2007,0.4734
4/23/2007,0.4676
4/24/2007,0.4597
4/25/2007,0.4648
4/26/2007,0.4524
4/27/2007,0.4525
4/30/2007,0.4451
5/1/2007,0.4347
5/2/2007,0.4387
5/3/2007,0.4365
5/4/2007,0.4353
5/7/2007,0.4385
5/8/2007,0.4445
5/9/2007,0.4482
5/10/2007,0.4503
5/11/2007,0.4411
5/14/2007,0.4292
5/15/2007,0.4375
5/16/2007,0.4519
5/17/2007,0.4559
5/18/2007,0.4576
5/21/2007,0.4654
5/22/2007,0.4632
5/23/2007,0.4514
5/24/2007,0.4609
5/25/2007,0.4714
5/29/2007,0.4603
5/30/2007,0.4638
5/31/2007,0.4705
6/1/2007,0.4648
6/4/2007,0.4599
6/5/2007,0.4775
6/6/2007,0.4805
6/7/2007,0.4826
6/8/2007,0.4792
6/11/2007,0.4842
6/12/2007,0.481
6/13/2007,0.4919
6/14/2007,0.5075
6/15/2007,0.5167
6/18/2007,0.5267
6/19/2007,0.552
6/20/2007,0.547
6/21/2007,0.55
6/22/2007,0.543
6/25/2007,0.54
6/26/2007,0.5466
6/27/2007,0.548
6/28/2007,0.549
6/29/2007,0.565
7/2/2007,0.5665
7/3/2007,0.5625
7/5/2007,0.57
7/6/2007,0.5773
7/9/2007,0.6
7/10/2007,0.6041
7/11/2007,0.605
7/12/2007,0.6025
7/13/2007,0.6149
7/16/2007,0.6092
7/17/2007,0.5861
7/18/2007,0.597
7/19/2007,0.579
7/20/2007,0.5635
7/23/2007,0.5625
7/24/2007,0.571
7/25/2007,0.5725
7/26/2007,0.5725
7/27/2007,0.568
7/30/2007,0.568
7/31/2007,0.5825
8/1/2007,0.575
8/2/2007,0.5785
8/3/2007,0.581
8/6/2007,0.572
8/7/2007,0.5585
8/8/2007,0.564
8/9/2007,0.555
8/10/2007,0.545
8/13/2007,0.543
8/14/2007,0.5385
8/15/2007,0.535
8/16/2007,0.5073
8/17/2007,0.515
8/20/2007,0.5278
8/21/2007,0.5235
8/22/2007,0.522
8/23/2007,0.529
8/24/2007,0.5295
8/27/2007,0.524
8/28/2007,0.5257
8/29/2007,0.5283
8/30/2007,0.544
8/31/2007,0.5612
9/4/2007,0.567
9/5/2007,0.556
9/6/2007,0.5541
9/7/2007,0.5515
9/10/2007,0.558
9/11/2007,0.564
9/12/2007,0.576
9/13/2007,0.5775
9/14/2007,0.5842
9/17/2007,0.5968
9/18/2007,0.601
9/19/2007,0.5942
9/20/2007,0.6037
9/21/2007,0.6158
9/24/2007,0.6173
9/25/2007,0.6158
9/26/2007,0.6145
9/27/2007,0.6217
9/28/2007,0.605
10/1/2007,0.6061
10/2/2007,0.5874
10/3/2007,0.5893
10/4/2007,0.5899
10/5/2007,0.5872
10/8/2007,0.5872
10/9/2007,0.5848
10/10/2007,0.5971
10/11/2007,0.5973
10/12/2007,0.5987
10/15/2007,0.5932
10/16/2007,0.5946
10/17/2007,0.6006
10/18/2007,0.6165
10/19/2007,0.619
10/22/2007,0.6137
10/23/2007,0.6176
10/24/2007,0.6032
10/25/2007,0.6089
10/26/2007,0.6163
10/29/2007,0.6177
10/30/2007,0.6087
10/31/2007,0.6108
11/1/2007,0.6074
11/2/2007,0.6131
11/5/2007,0.6102
11/6/2007,0.6242
11/7/2007,0.6232
11/8/2007,0.6194
11/9/2007,0.6189
11/12/2007,0.6189
11/13/2007,0.6039
11/14/2007,0.604
11/15/2007,0.6048
11/16/2007,0.6014
11/19/2007,0.5962
11/20/2007,0.5962
11/21/2007,0.5954
11/23/2007,0.5954
11/26/2007,0.5892
11/27/2007,0.584
11/28/2007,0.5993
11/29/2007,0.5904
11/30/2007,0.5746
12/3/2007,0.5745
12/4/2007,0.575
12/5/2007,0.5812
12/6/2007,0.5853
12/7/2007,0.593
12/10/2007,0.593
12/11/2007,0.5888
12/12/2007,0.6
12/13/2007,0.5966
12/14/2007,0.5966
12/17/2007,0.604
12/18/2007,0.6047
12/19/2007,0.6102
12/20/2007,0.6092
12/21/2007,0.6133
12/24/2007,0.6133
12/26/2007,0.6187
12/27/2007,0.6253
12/28/2007,0.6264
12/31/2007,0.6276
1/2/2008,0.6363
1/3/2008,0.6346
1/4/2008,0.6344
1/7/2008,0.637
1/8/2008,0.6468
1/9/2008,0.6427
1/10/2008,0.6221
1/11/2008,0.6521
1/14/2008,0.6645
1/15/2008,0.6694
1/16/2008,0.6656
1/17/2008,0.6717
1/18/2008,0.6598
1/22/2008,0.6508
1/23/2008,0.6208
1/24/2008,0.6364
1/25/2008,0.6314
1/28/2008,0.6355
1/29/2008,0.6349
1/30/2008,0.6381
1/31/2008,0.6304
2/1/2008,0.6381
2/4/2008,0.6412
2/5/2008,0.6335
2/6/2008,0.6392
2/7/2008,0.6366
2/8/2008,0.6434
2/11/2008,0.6266
2/12/2008,0.6252
2/13/2008,0.6266
2/14/2008,0.6566
2/15/2008,0.654
2/19/2008,0.668
2/20/2008,0.6727
2/21/2008,0.6996
2/22/2008,0.7081
2/25/2008,0.7381
2/26/2008,0.7448
2/27/2008,0.7293
2/28/2008,0.7433
2/29/2008,0.7686
3/3/2008,0.7986
3/4/2008,0.8286
3/5/2008,0.8328
3/6/2008,0.7828
3/7/2008,0.7428
3/10/2008,0.7028
3/11/2008,0.7428
3/12/2008,0.7506
3/13/2008,0.7381
3/14/2008,0.723
3/17/2008,0.683
3/18/2008,0.6802
3/19/2008,0.6902
3/20/2008,0.6402
3/24/2008,0.6605
3/25/2008,0.6713
3/26/2008,0.6679
3/27/2008,0.659
3/28/2008,0.6468
3/31/2008,0.6234
4/1/2008,0.6345
4/2/2008,0.6315
4/3/2008,0.6341
4/4/2008,0.6386
4/7/2008,0.658
4/8/2008,0.6494
4/9/2008,0.6685
4/10/2008,0.6775
4/11/2008,0.6716
4/14/2008,0.6702
4/15/2008,0.6823
4/16/2008,0.6654
4/17/2008,0.6578
4/18/2008,0.651
4/21/2008,0.6385
4/22/2008,0.6525
4/23/2008,0.6458
4/24/2008,0.6263
4/25/2008,0.6194
4/28/2008,0.6211
4/29/2008,0.611
4/30/2008,0.6167
5/1/2008,0.5975
5/2/2008,0.6006
5/5/2008,0.5979
5/6/2008,0.6086
5/7/2008,0.6087
5/8/2008,0.6135
5/9/2008,0.6205
5/12/2008,0.6205
5/13/2008,0.614
5/14/2008,0.6049
5/15/2008,0.6049
5/16/2008,0.6371
5/19/2008,0.6356
5/20/2008,0.6252
5/21/2008,0.6273
5/22/2008,0.6174
5/23/2008,0.6096
5/27/2008,0.58
5/28/2008,0.5824
5/29/2008,0.5924
5/30/2008,0.5899
6/2/2008,0.5869
6/3/2008,0.5746
6/4/2008,0.5757
6/5/2008,0.579
6/6/2008,0.5977
6/9/2008,0.6
6/10/2008,0.6025
6/11/2008,0.6325
6/12/2008,0.6364
6/13/2008,0.6563
6/16/2008,0.6862
6/17/2008,0.6907
6/18/2008,0.7017
6/19/2008,0.7017
6/20/2008,0.6829
6/23/2008,0.6762
6/24/2008,0.688
6/25/2008,0.6951
6/26/2008,0.7039
6/27/2008,0.7011
6/30/2008,0.6748
7/1/2008,0.6521
7/2/2008,0.6426
7/3/2008,0.6426
7/7/2008,0.6176
7/8/2008,0.6281
7/9/2008,0.6481
7/10/2008,0.6511
7/11/2008,0.6513
7/14/2008,0.6364
7/15/2008,0.6538
7/16/2008,0.6541
7/17/2008,0.6479
7/18/2008,0.6485
7/21/2008,0.6464
7/22/2008,0.6351
7/23/2008,0.6491
7/24/2008,0.6579
7/25/2008,0.6643
7/28/2008,0.6583
7/29/2008,0.6641
7/30/2008,0.6615
7/31/2008,0.664
8/1/2008,0.6406
8/4/2008,0.6179
8/5/2008,0.6222
8/6/2008,0.6271
8/7/2008,0.6458
8/8/2008,0.625
8/11/2008,0.6197
8/12/2008,0.6253
8/13/2008,0.6407
8/14/2008,0.6234
8/15/2008,0.6032
8/18/2008,0.6041
8/19/2008,0.602
8/20/2008,0.6085
8/21/2008,0.6278
8/22/2008,0.6267
8/25/2008,0.6216
8/26/2008,0.6252
8/27/2008,0.637
8/28/2008,0.6241
8/29/2008,0.6278
9/2/2008,0.6316
9/3/2008,0.6244
9/4/2008,0.6148
9/5/2008,0.5876
9/8/2008,0.588
9/9/2008,0.5716
9/10/2008,0.5718
9/11/2008,0.5704
9/12/2008,0.5767
9/15/2008,0.5547
9/16/2008,0.5407
9/17/2008,0.5617
9/18/2008,0.5551
9/19/2008,0.5727
9/22/2008,0.5914
9/23/2008,0.5705
9/24/2008,0.561
9/25/2008,0.5641
9/26/2008,0.5513
9/29/2008,0.5213
9/30/2008,0.52
10/1/2008,0.5309
10/2/2008,0.5319
10/3/2008,0.5216
10/6/2008,0.4916
10/7/2008,0.4831
10/8/2008,0.4833
10/9/2008,0.4719
10/10/2008,0.4544
10/13/2008,0.4544
10/14/2008,0.4617
10/15/2008,0.4354
10/16/2008,0.4557
10/17/2008,0.4857
10/20/2008,0.4506
10/21/2008,0.466
10/22/2008,0.4642
10/23/2008,0.4508
10/24/2008,0.4223
10/27/2008,0.436
10/28/2008,0.4317
10/29/2008,0.4338
10/30/2008,0.4159
10/31/2008,0.4079
11/3/2008,0.4118
11/4/2008,0.4282
11/5/2008,0.4081
11/6/2008,0.3948
11/7/2008,0.3857
11/10/2008,0.3774
11/11/2008,0.3774
11/12/2008,0.3595
11/13/2008,0.378
11/14/2008,0.3751
11/17/2008,0.3662
11/18/2008,0.3784
11/19/2008,0.3803
11/20/2008,0.3616
11/21/2008,0.3805
11/24/2008,0.4105
11/25/2008,0.4
11/26/2008,0.428
11/28/2008,0.4
12/1/2008,0.4328
12/2/2008,0.4258
12/3/2008,0.4285
12/4/2008,0.3985
12/5/2008,0.3762
12/8/2008,0.4059
12/9/2008,0.392
12/10/2008,0.4042
12/11/2008,0.4121
12/12/2008,0.4018
12/15/2008,0.4091
12/16/2008,0.4089
12/17/2008,0.4296
12/18/2008,0.4228
12/19/2008,0.4223
12/22/2008,0.4289
12/23/2008,0.4302
12/24/2008,0.4336
12/26/2008,0.4336
12/29/2008,0.4325
12/30/2008,0.4497
12/31/2008,0.4602
1/2/2009,0.4591
1/5/2009,0.4531
1/6/2009,0.4728
1/7/2009,0.4611
1/8/2009,0.4642
1/9/2009,0.4532
1/12/2009,0.4267
1/13/2009,0.4223
1/14/2009,0.42
1/15/2009,0.4453
1/16/2009,0.45
1/20/2009,0.4281
1/21/2009,0.4323
1/22/2009,0.4493
1/23/2009,0.4664
1/26/2009,0.4807
1/27/2009,0.4735
1/28/2009,0.4707
1/29/2009,0.4557
1/30/2009,0.4491
2/2/2009,0.4521
2/3/2009,0.4488
2/4/2009,0.4517
2/5/2009,0.4521
2/6/2009,0.4536
2/9/2009,0.4548
2/10/2009,0.4248
2/11/2009,0.4133
2/12/2009,0.4053
2/13/2009,0.3972
2/17/2009,0.3943
2/18/2009,0.3985
2/19/2009,0.3966
2/20/2009,0.3885
2/23/2009,0.3866
2/24/2009,0.3853
2/25/2009,0.3831
2/26/2009,0.3899
2/27/2009,0.3801
3/2/2009,0.3624
3/3/2009,0.3647
3/4/2009,0.3671
3/5/2009,0.3613
3/6/2009,0.3618
3/9/2009,0.3593
3/10/2009,0.3655
3/11/2009,0.3657
3/12/2009,0.3758
3/13/2009,0.3808
3/16/2009,0.383
3/17/2009,0.381
3/18/2009,0.381
3/19/2009,0.3889
3/20/2009,0.3933
3/23/2009,0.4028
3/24/2009,0.3956
3/25/2009,0.3983
3/26/2009,0.3921
3/27/2009,0.395
3/30/2009,0.3964
3/31/2009,0.4222
4/1/2009,0.4215
4/2/2009,0.4213
4/3/2009,0.436
4/6/2009,0.4303
4/7/2009,0.4308
4/8/2009,0.4472
4/9/2009,0.4441
4/13/2009,0.4415
4/14/2009,0.4312
4/15/2009,0.4433
4/16/2009,0.4531
4/17/2009,0.4619
4/20/2009,0.445
4/21/2009,0.468
4/22/2009,0.4629
4/23/2009,0.4786
4/24/2009,0.4845
4/27/2009,0.4882
4/28/2009,0.485
4/29/2009,0.4909
4/30/2009,0.501
5/1/2009,0.5295
5/4/2009,0.5322
5/5/2009,0.5405
5/6/2009,0.5417
5/7/2009,0.5488
5/8/2009,0.5585
5/11/2009,0.5654
5/12/2009,0.5632
5/13/2009,0.5504
5/14/2009,0.5506
5/15/2009,0.523
5/18/2009,0.5355
5/19/2009,0.5222
5/20/2009,0.5315
5/21/2009,0.5278
5/22/2009,0.5278
5/26/2009,0.5131
5/27/2009,0.5183
5/28/2009,0.5048
5/29/2009,0.5322
6/1/2009,0.5404
6/2/2009,0.549
6/3/2009,0.5234
6/4/2009,0.5363
6/5/2009,0.5186
6/8/2009,0.5242
6/9/2009,0.5161
6/10/2009,0.5138
6/11/2009,0.5305
6/12/2009,0.5285
6/15/2009,0.4985
6/16/2009,0.4918
6/17/2009,0.5206
6/18/2009,0.5206
6/19/2009,0.49
6/22/2009,0.4816
6/23/2009,0.4864
6/24/2009,0.496
6/25/2009,0.5024
6/26/2009,0.4964
6/29/2009,0.4964
6/30/2009,0.5038
7/1/2009,0.5338
7/2/2009,0.5375
7/6/2009,0.5305
7/7/2009,0.5245
7/8/2009,0.5175
7/9/2009,0.5386
7/10/2009,0.5539
7/13/2009,0.5596
7/14/2009,0.5659
7/15/2009,0.5639
7/16/2009,0.5658
7/17/2009,0.571
7/20/2009,0.5801
7/21/2009,0.5695
7/22/2009,0.5401
7/23/2009,0.545
7/24/2009,0.5239
7/27/2009,0.5256
7/28/2009,0.5256
7/29/2009,0.5231
7/30/2009,0.5333
7/31/2009,0.5318
8/3/2009,0.5616
8/4/2009,0.5615
8/5/2009,0.5589
8/6/2009,0.5448
8/7/2009,0.5603
8/10/2009,0.5745
8/11/2009,0.5745
8/12/2009,0.5774
8/13/2009,0.5771
8/14/2009,0.5471
8/17/2009,0.5278
8/18/2009,0.5221
8/19/2009,0.5236
8/20/2009,0.5212
8/21/2009,0.5195
8/24/2009,0.5242
8/25/2009,0.5147
8/26/2009,0.5087
8/27/2009,0.5104
8/28/2009,0.523
8/31/2009,0.5376
9/1/2009,0.5237
9/2/2009,0.5289
9/3/2009,0.5315
9/4/2009,0.5353
9/8/2009,0.5478
9/9/2009,0.5478
9/10/2009,0.5499
9/11/2009,0.5531
9/14/2009,0.5646
9/15/2009,0.5767
9/16/2009,0.5862
9/17/2009,0.5993
9/18/2009,0.6035
9/21/2009,0.5835
9/22/2009,0.5988
9/23/2009,0.5988
9/24/2009,0.6056
9/25/2009,0.5769
9/28/2009,0.5865
9/29/2009,0.572
9/30/2009,0.5859
10/1/2009,0.5709
10/2/2009,0.5641
10/5/2009,0.5734
10/6/2009,0.5873
10/7/2009,0.5825
10/8/2009,0.594
10/9/2009,0.5877
10/12/2009,0.5877
10/13/2009,0.6163
10/14/2009,0.6283
10/15/2009,0.6339
10/16/2009,0.6396
10/19/2009,0.6222
10/20/2009,0.6222
10/21/2009,0.6438
10/22/2009,0.6455
10/23/2009,0.6388
10/26/2009,0.6388
10/27/2009,0.6355
10/28/2009,0.6338
10/29/2009,0.6407
10/30/2009,0.6414
11/2/2009,0.6414
11/3/2009,0.6395
11/4/2009,0.6461
11/5/2009,0.6391
11/6/2009,0.6304
11/9/2009,0.6411
11/10/2009,0.6555
11/11/2009,0.6555
11/12/2009,0.6292
11/13/2009,0.641
11/16/2009,0.6767
11/17/2009,0.6767
11/18/2009,0.6755
11/19/2009,0.6772
11/20/2009,0.6879
11/23/2009,0.6923
11/24/2009,0.7027
11/25/2009,0.6997
11/27/2009,0.6997
11/30/2009,0.6968
12/1/2009,0.6848
12/2/2009,0.6882
12/3/2009,0.6949
12/4/2009,0.6907
12/7/2009,0.6994
12/8/2009,0.6946
12/9/2009,0.6967
12/10/2009,0.6897
12/11/2009,0.6956
12/14/2009,0.7102
12/15/2009,0.7013
12/16/2009,0.715
12/17/2009,0.7099
12/18/2009,0.7053
12/21/2009,0.7021
12/22/2009,0.6905
12/23/2009,0.6915
12/24/2009,0.6809
12/28/2009,0.7132
12/29/2009,0.7057
12/30/2009,0.7093
12/31/2009,0.7093
1/4/2010,0.72
1/5/2010,0.72
1/6/2010,0.6955
1/7/2010,0.6889
1/8/2010,0.6844
1/11/2010,0.7024
1/12/2010,0.6879
1/13/2010,0.6943
1/14/2010,0.6891
1/15/2010,0.6808
1/19/2010,0.6764
1/20/2010,0.668
1/21/2010,0.6785
1/22/2010,0.6707
1/25/2010,0.6596
1/26/2010,0.6582
1/27/2010,0.6523
1/28/2010,0.6523
1/29/2010,0.6514
2/1/2010,0.6422
2/2/2010,0.6526
2/3/2010,0.6582
2/4/2010,0.6499
2/5/2010,0.6287
2/8/2010,0.6287
2/9/2010,0.6287
2/10/2010,0.6882
2/11/2010,0.6892
2/12/2010,0.7041
2/16/2010,0.7176
2/17/2010,0.7161
2/18/2010,0.7363
2/19/2010,0.7448
2/22/2010,0.752
2/23/2010,0.7527
2/24/2010,0.7491
2/25/2010,0.7692
2/26/2010,0.7821
3/1/2010,0.7904
3/2/2010,0.776
3/3/2010,0.7872
3/4/2010,0.7757
3/5/2010,0.7818
3/8/2010,0.7754
3/9/2010,0.7583
3/10/2010,0.7571
3/11/2010,0.7427
3/12/2010,0.7597
3/15/2010,0.7626
3/16/2010,0.7734
3/17/2010,0.7667
3/18/2010,0.7771
3/19/2010,0.7768
3/22/2010,0.7799
3/23/2010,0.7839
3/24/2010,0.7691
3/25/2010,0.7568
3/26/2010,0.7519
3/29/2010,0.7593
3/30/2010,0.7504
3/31/2010,0.7605
4/1/2010,0.7675
4/5/2010,0.7753
4/6/2010,0.7754
4/7/2010,0.7623
4/8/2010,0.7385
4/9/2010,0.7332
4/12/2010,0.7338
4/13/2010,0.7528
4/14/2010,0.7475
4/15/2010,0.7575
4/16/2010,0.7526
4/19/2010,0.756
4/20/2010,0.786
4/21/2010,0.7915
4/22/2010,0.7882
4/23/2010,0.802
4/26/2010,0.7989
4/27/2010,0.792
4/28/2010,0.789
4/29/2010,0.773
4/30/2010,0.7813
5/3/2010,0.7723
5/4/2010,0.7529
5/5/2010,0.7608
5/6/2010,0.7385
5/7/2010,0.7471
5/10/2010,0.7504
5/11/2010,0.7453
5/12/2010,0.7437
5/13/2010,0.7476
5/14/2010,0.7476
5/17/2010,0.757
5/18/2010,0.767
5/19/2010,0.7778
5/20/2010,0.7659
5/21/2010,0.7747
5/24/2010,0.7675
5/25/2010,0.7657
5/26/2010,0.7684
5/27/2010,0.7653
5/28/2010,0.753
6/1/2010,0.7432
6/2/2010,0.7365
6/3/2010,0.7371
6/4/2010,0.7281
6/7/2010,0.7297
6/8/2010,0.7407
6/9/2010,0.7707
6/10/2010,0.7826
6/11/2010,0.7729
6/14/2010,0.7831
6/15/2010,0.7797
6/16/2010,0.7777
6/17/2010,0.7766
6/18/2010,0.7706
6/21/2010,0.7741
6/22/2010,0.7789
6/23/2010,0.7806
6/24/2010,0.7851
6/25/2010,0.7871
6/28/2010,0.7816
6/29/2010,0.778
6/30/2010,0.7731
7/1/2010,0.776
7/2/2010,0.7633
7/6/2010,0.7633
7/7/2010,0.7646
7/8/2010,0.7629
7/9/2010,0.7715
7/12/2010,0.7616
7/13/2010,0.7714
7/14/2010,0.765
7/15/2010,0.7777
7/16/2010,0.7921
7/19/2010,0.7802
7/20/2010,0.7703
7/21/2010,0.7802
7/22/2010,0.7882
7/23/2010,0.7957
7/26/2010,0.8047
7/27/2010,0.807
7/28/2010,0.7982
7/29/2010,0.7993
7/30/2010,0.8161
8/2/2010,0.831
8/3/2010,0.8376
8/4/2010,0.8325
8/5/2010,0.8345
8/6/2010,0.8365
8/9/2010,0.8342
8/10/2010,0.8363
8/11/2010,0.8347
8/12/2010,0.86
8/13/2010,0.8674
8/16/2010,0.8668
8/17/2010,0.8698
8/18/2010,0.8667
8/19/2010,0.8723
8/20/2010,0.864
8/23/2010,0.869
8/24/2010,0.8767
8/25/2010,0.874
8/26/2010,0.8849
8/27/2010,0.8828
8/30/2010,0.8862
8/31/2010,0.8833
9/1/2010,0.8938
9/2/2010,0.9012
9/3/2010,0.902
9/7/2010,0.9057
9/8/2010,0.8982
9/9/2010,0.8962
9/10/2010,0.9012
9/13/2010,0.9105
9/14/2010,0.9304
9/15/2010,0.9206
9/16/2010,0.9418
9/17/2010,0.9418
9/20/2010,0.9637
9/21/2010,0.9729
9/22/2010,0.9612
9/23/2010,0.9367
9/24/2010,0.9643
9/27/2010,1.0043
9/28/2010,1.0174
9/29/2010,0.9774
9/30/2010,0.9842
10/1/2010,0.9452
10/4/2010,0.9433
10/5/2010,0.9506
10/6/2010,0.9625
10/7/2010,1.0025
10/8/2010,1.0417
10/11/2010,1.075
10/12/2010,1.0683
10/13/2010,1.0812
10/14/2010,1.1212
10/15/2010,1.0712
10/18/2010,1.1062
10/19/2010,1.0751
10/20/2010,1.1176
10/21/2010,1.1346
10/22/2010,1.1771
10/25/2010,1.2271
10/26/2010,1.2759
10/27/2010,1.2159
10/28/2010,1.1968
10/29/2010,1.1968
11/1/2010,1.2726
11/2/2010,1.3251
11/3/2010,1.3377
11/4/2010,1.387
11/5/2010,1.4048
11/8/2010,1.4448
11/9/2010,1.4948
11/10/2010,1.439
11/11/2010,1.439
11/12/2010,1.3843
11/15/2010,1.36
11/16/2010,1.262
11/17/2010,1.209
11/18/2010,1.259
11/19/2010,1.1965
11/22/2010,1.1429
11/23/2010,1.0829
11/24/2010,1.1309
11/26/2010,1.0826
11/29/2010,1.1226
11/30/2010,1.1384
12/1/2010,1.1784
12/2/2010,1.2284
12/3/2010,1.2884
12/6/2010,1.2693
12/7/2010,1.2687
12/8/2010,1.2845
12/9/2010,1.3245
12/10/2010,1.3347
12/13/2010,1.3747
12/14/2010,1.4099
12/15/2010,1.3864
12/16/2010,1.4262
12/17/2010,1.4662
12/20/2010,1.5062
12/21/2010,1.5562
12/22/2010,1.5012
12/23/2010,1.5012
12/27/2010,1.4126
12/28/2010,1.3885
12/29/2010,1.3393
12/30/2010,1.3634
12/31/2010,1.3634
1/3/2011,1.357
1/4/2011,1.3728
1/5/2011,1.387
1/6/2011,1.3472
1/7/2011,1.341
1/10/2011,1.3675
1/11/2011,1.4075
1/12/2011,1.4147
1/13/2011,1.3756
1/14/2011,1.5044
1/18/2011,1.3894
1/19/2011,1.4244
1/20/2011,1.4644
1/21/2011,1.5044
1/24/2011,1.5544
1/25/2011,1.5533
1/26/2011,1.6033
1/27/2011,1.6289
1/28/2011,1.5825
1/31/2011,1.6194
2/1/2011,1.6572
2/2/2011,1.6972
2/3/2011,1.6536
2/4/2011,1.6136
2/7/2011,1.6801
2/8/2011,1.6879
2/9/2011,1.7408
2/10/2011,1.7408
2/11/2011,1.8347
2/14/2011,1.7956
2/15/2011,1.8443
2/16/2011,1.9143
2/17/2011,1.9843
2/18/2011,1.9143
2/22/2011,1.8443
2/23/2011,1.8073
2/24/2011,1.7373
2/25/2011,1.8073
2/28/2011,1.8773
3/1/2011,1.901
3/2/2011,1.971
3/3/2011,2.02
3/4/2011,2.092
3/7/2011,2.1064
3/8/2011,2.0364
3/9/2011,1.9991
3/10/2011,1.9598
3/11/2011,1.9994
3/14/2011,1.9294
3/15/2011,1.8594
3/16/2011,1.8012
3/17/2011,1.8712
3/18/2011,1.9412
3/21/2011,1.9396
3/22/2011,2.0096
3/23/2011,1.9687
3/24/2011,2.0382
3/25/2011,1.9949
3/28/2011,1.9249
3/29/2011,1.8988
3/30/2011,1.8988
3/31/2011,1.9573
4/1/2011,1.9105
4/4/2011,1.9105
4/5/2011,1.9656
4/6/2011,2.0356
4/7/2011,2.0372
4/8/2011,1.9847
4/11/2011,2.0008
4/12/2011,1.9523
4/13/2011,1.9285
4/14/2011,1.9154
4/15/2011,1.814
4/18/2011,1.8216
4/19/2011,1.7516
4/20/2011,1.7106
4/21/2011,1.7151
4/25/2011,1.7039
4/26/2011,1.6439
4/27/2011,1.5739
4/28/2011,1.5602
4/29/2011,1.6202
5/2/2011,1.5845
5/3/2011,1.6151
5/4/2011,1.5551
5/5/2011,1.4586
5/6/2011,1.4456
5/9/2011,1.444
5/10/2011,1.504
5/11/2011,1.493
5/12/2011,1.433
5/13/2011,1.4415
5/16/2011,1.5015
5/17/2011,1.5504
5/18/2011,1.5986
5/19/2011,1.5565
5/20/2011,1.5561
5/23/2011,1.5389
5/24/2011,1.5388
5/25/2011,1.5603
5/26/2011,1.5103
5/27/2011,1.5267
5/31/2011,1.5867
6/1/2011,1.6097
6/2/2011,1.6424
6/3/2011,1.6163
6/6/2011,1.5563
6/7/2011,1.4863
6/8/2011,1.4505
6/9/2011,1.5105
6/10/2011,1.5003
6/13/2011,1.5095
6/14/2011,1.5554
6/15/2011,1.5196
6/16/2011,1.4596
6/17/2011,1.3711
6/20/2011,1.3679
6/21/2011,1.3783
6/22/2011,1.3572
6/23/2011,1.325
6/24/2011,1.3542
6/27/2011,1.3644
6/28/2011,1.3651
6/29/2011,1.3574
6/30/2011,1.3219
7/1/2011,1.3031
7/5/2011,1.2745
7/6/2011,1.2548
7/7/2011,1.247
7/8/2011,1.2508
7/11/2011,1.1958
7/12/2011,1.1459
7/13/2011,1.1835
7/14/2011,1.1435
7/15/2011,1.0946
7/18/2011,1.0395
7/19/2011,1.0795
7/20/2011,1.0729
7/21/2011,1.0533
7/22/2011,1.0514
7/25/2011,1.0309
7/26/2011,1.0709
7/27/2011,1.0685
7/28/2011,1.0581
7/29/2011,1.0508
8/1/2011,1.0859
8/2/2011,1.1017
8/3/2011,1.0542
8/4/2011,1.0601
8/5/2011,1.0248
8/8/2011,1.0001
8/9/2011,0.9826
8/10/2011,1.0016
8/11/2011,0.9679
8/12/2011,0.9972
8/15/2011,1.0403
8/16/2011,1.0362
8/17/2011,1.0743
8/18/2011,1.0605
8/19/2011,1.0526
8/22/2011,1.0511
8/23/2011,1.0364
8/24/2011,1.0262
8/25/2011,1.0059
8/26/2011,1.0192
8/29/2011,1.0277
8/30/2011,1.0291
8/31/2011,1.0388
9/1/2011,1.0408
9/2/2011,1.0459
9/6/2011,1.0424
9/7/2011,1.0824
9/8/2011,1.0945
9/9/2011,1.073
9/12/2011,1.0772
9/13/2011,1.0856
9/14/2011,1.1039
9/15/2011,1.0762
9/16/2011,1.0608
9/19/2011,1.0052
9/20/2011,1.0041
9/21/2011,0.9783
9/22/2011,0.9429
9/23/2011,0.9624
9/26/2011,0.9464
9/27/2011,0.9515
9/28/2011,0.9453
9/29/2011,0.9722
9/30/2011,0.9519
10/3/2011,0.9421
10/4/2011,0.9421
10/5/2011,0.973
10/6/2011,0.9873
10/7/2011,0.9848
10/10/2011,0.9848
10/11/2011,0.9997
10/12/2011,0.9701
10/13/2011,0.9856
10/14/2011,0.9919
10/17/2011,0.9761
10/18/2011,0.9818
10/19/2011,0.9797
10/20/2011,0.9511
10/21/2011,0.956
10/24/2011,0.9694
10/25/2011,0.9868
10/26/2011,0.9932
10/27/2011,1.0332
10/28/2011,1.0337
10/31/2011,1.0129
11/1/2011,0.9854
11/2/2011,0.9734
11/3/2011,0.9712
11/4/2011,0.9774
11/7/2011,0.9576
11/8/2011,0.9662
11/9/2011,0.9593
11/10/2011,0.9825
11/11/2011,0.9825
11/14/2011,0.9929
11/15/2011,1.0016
11/16/2011,0.9848
11/17/2011,0.9448
11/18/2011,0.9127
11/21/2011,0.8841
11/22/2011,0.8912
11/23/2011,0.8891
11/25/2011,0.8887
11/28/2011,0.8935
11/29/2011,0.9075
11/30/2011,0.8891
12/1/2011,0.893
12/2/2011,0.8984
12/5/2011,0.9022
12/6/2011,0.9181
12/7/2011,0.9031
12/8/2011,0.8955
12/9/2011,0.8793
12/12/2011,0.8466
12/13/2011,0.8481
12/14/2011,0.8237
12/15/2011,0.8354
12/16/2011,0.8354
12/19/2011,0.8434
12/20/2011,0.8355
12/21/2011,0.8359
12/22/2011,0.8399
12/23/2011,0.8399
12/27/2011,0.8399
12/28/2011,0.8743
12/29/2011,0.8838
12/30/2011,0.8855
1/3/2012,0.923
1/4/2012,0.923
1/5/2012,0.9124
1/6/2012,0.9211
1/9/2012,0.9219
1/10/2012,0.9271
1/11/2012,0.9237
1/12/2012,0.9119
1/13/2012,0.9047
1/17/2012,0.9319
1/18/2012,0.9253
1/19/2012,0.9267
1/20/2012,0.926
1/23/2012,0.9337
1/24/2012,0.9218
1/25/2012,0.9042
1/26/2012,0.8909
1/27/2012,0.8911
1/30/2012,0.8765
1/31/2012,0.8675
2/1/2012,0.8689
2/2/2012,0.8771
2/3/2012,0.9009
2/6/2012,0.9006
2/7/2012,0.8832
2/8/2012,0.8737
2/9/2012,0.8413
2/10/2012,0.8436
2/13/2012,0.8527
2/14/2012,0.86
2/15/2012,0.8675
2/16/2012,0.8771
2/17/2012,0.8665
2/21/2012,0.8697
2/22/2012,0.8453
2/23/2012,0.8323
2/24/2012,0.8415
2/27/2012,0.8467
2/28/2012,0.8624
2/29/2012,0.8624
3/1/2012,0.8367
3/2/2012,0.8223
3/5/2012,0.8623
3/6/2012,0.8542
3/7/2012,0.8412
3/8/2012,0.8356
3/9/2012,0.828
3/12/2012,0.82
3/13/2012,0.8204
3/14/2012,0.8114
3/15/2012,0.8134
3/16/2012,0.8148
3/19/2012,0.8308
3/20/2012,0.819
3/21/2012,0.8231
3/22/2012,0.8408
3/23/2012,0.8413
3/26/2012,0.8541
3/27/2012,0.8709
3/28/2012,0.8853
3/29/2012,0.8804
3/30/2012,0.8802
4/2/2012,0.8762
4/3/2012,0.8714
4/4/2012,0.8382
4/5/2012,0.8304
4/9/2012,0.8398
4/10/2012,0.8423
4/11/2012,0.8588
4/12/2012,0.875
4/13/2012,0.8658
4/16/2012,0.8258
4/17/2012,0.8393
4/18/2012,0.8643
4/19/2012,0.8603
4/20/2012,0.8454
4/23/2012,0.8498
4/24/2012,0.8396
4/25/2012,0.833
4/26/2012,0.8461
4/27/2012,0.8373
4/30/2012,0.819
5/1/2012,0.8218
5/2/2012,0.8201
5/3/2012,0.8271
5/4/2012,0.8149
5/7/2012,0.8017
5/8/2012,0.7968
5/9/2012,0.7932
5/10/2012,0.7532
5/11/2012,0.7247
5/14/2012,0.7232
5/15/2012,0.7266
5/16/2012,0.7047
5/17/2012,0.7015
5/18/2012,0.7149
5/21/2012,0.7202
5/22/2012,0.7002
5/23/2012,0.6751
5/24/2012,0.6994
5/25/2012,0.6962
5/29/2012,0.688
5/30/2012,0.6691
5/31/2012,0.6755
6/1/2012,0.6459
6/4/2012,0.6459
6/5/2012,0.6289
6/6/2012,0.6589
6/7/2012,0.6989
6/8/2012,0.689
6/11/2012,0.7109
6/12/2012,0.7157
6/13/2012,0.7109
6/14/2012,0.7409
6/15/2012,0.7598
6/18/2012,0.7337
6/19/2012,0.7555
6/20/2012,0.7324
6/21/2012,0.6875
6/22/2012,0.708
6/25/2012,0.7201
6/26/2012,0.6785
6/27/2012,0.6731
6/28/2012,0.6801
6/29/2012,0.6982
7/2/2012,0.7055
7/3/2012,0.7115
7/5/2012,0.6827
7/6/2012,0.6728
7/9/2012,0.6712
7/10/2012,0.6682
7/11/2012,0.6739
7/12/2012,0.6611
7/13/2012,0.6851
7/16/2012,0.6905
7/17/2012,0.6686
7/18/2012,0.6785
7/19/2012,0.6854
7/20/2012,0.6881
7/23/2012,0.681
7/24/2012,0.6704
7/25/2012,0.6585
7/26/2012,0.6743
7/27/2012,0.6748
7/30/2012,0.6737
7/31/2012,0.6733
8/1/2012,0.6681
8/2/2012,0.6719
8/3/2012,0.6997
8/6/2012,0.7187
8/7/2012,0.7171
8/8/2012,0.7225
8/9/2012,0.7234
8/10/2012,0.6965
8/13/2012,0.6805
8/14/2012,0.6834
8/15/2012,0.6946
8/16/2012,0.6912
8/17/2012,0.6941
8/20/2012,0.7092
8/21/2012,0.732
8/22/2012,0.7332
8/23/2012,0.7315
8/24/2012,0.717
8/27/2012,0.7258
8/28/2012,0.7204
8/29/2012,0.7308
8/30/2012,0.734
8/31/2012,0.7373
9/4/2012,0.7228
9/5/2012,0.7214
9/6/2012,0.7284
9/7/2012,0.7297
9/10/2012,0.7223
9/11/2012,0.7153
9/12/2012,0.7008
9/13/2012,0.702
9/14/2012,0.7264
9/17/2012,0.7108
9/18/2012,0.7177
9/19/2012,0.7216
9/20/2012,0.7097
9/21/2012,0.69
9/24/2012,0.6825
9/25/2012,0.6808
9/26/2012,0.6677
9/27/2012,0.6728
9/28/2012,0.664
10/1/2012,0.6695
10/2/2012,0.676
10/3/2012,0.6791
10/4/2012,0.6784
10/5/2012,0.6724
10/8/2012,0.6724
10/9/2012,0.6759
10/10/2012,0.6785
10/11/2012,0.6646
10/12/2012,0.6711
10/15/2012,0.6834
10/16/2012,0.7111
10/17/2012,0.7411
10/18/2012,0.7397
10/19/2012,0.7313
10/22/2012,0.7318
10/23/2012,0.7052
10/24/2012,0.6892
10/25/2012,0.6898
10/26/2012,0.6867
10/29/2012,0.6867
10/30/2012,0.6717
10/31/2012,0.6632
11/1/2012,0.6646
11/2/2012,0.666
11/5/2012,0.6665
11/6/2012,0.669
11/7/2012,0.6633
11/8/2012,0.6576
11/9/2012,0.6608
11/12/2012,0.6608
11/13/2012,0.6781
11/14/2012,0.6863
11/15/2012,0.7096
11/16/2012,0.6973
11/19/2012,0.6906
11/20/2012,0.6949
11/21/2012,0.6966
11/23/2012,0.6843
11/26/2012,0.6962
11/27/2012,0.6952
11/28/2012,0.6963
11/29/2012,0.7035
11/30/2012,0.7091
12/3/2012,0.7098
12/4/2012,0.6991
12/5/2012,0.7004
12/6/2012,0.7055
12/7/2012,0.7054
12/10/2012,0.7015
12/11/2012,0.7165
12/12/2012,0.7187
12/13/2012,0.7131
12/14/2012,0.7184
12/17/2012,0.726
12/18/2012,0.727
12/19/2012,0.7264
12/20/2012,0.726
12/21/2012,0.7293
12/24/2012,0.7293
12/26/2012,0.7381
12/27/2012,0.7276
12/28/2012,0.7141
12/31/2012,0.7189
1/2/2013,0.7211
1/3/2013,0.7214
1/4/2013,0.718
1/7/2013,0.7246
1/8/2013,0.7187
1/9/2013,0.7154
1/10/2013,0.7195
1/11/2013,0.7237
1/14/2013,0.7227
1/15/2013,0.7296
1/16/2013,0.7408
1/17/2013,0.7453
1/18/2013,0.7505
1/22/2013,0.7593
1/23/2013,0.7648
1/24/2013,0.7889
1/25/2013,0.7652
1/28/2013,0.7705
1/29/2013,0.7839
1/30/2013,0.7896
1/31/2013,0.787
2/1/2013,0.7873
2/4/2013,0.7749
2/5/2013,0.7726
2/6/2013,0.7747
2/7/2013,0.7715
2/8/2013,0.7842
2/11/2013,0.7867
2/12/2013,0.7756
2/13/2013,0.7657
2/14/2013,0.7779
2/15/2013,0.7819
2/19/2013,0.7913
2/20/2013,0.7946
2/21/2013,0.7823
2/22/2013,0.7823
2/25/2013,0.7672
2/26/2013,0.7683
2/27/2013,0.7938
2/28/2013,0.8079
3/1/2013,0.809
3/4/2013,0.8176
3/5/2013,0.8248
3/6/2013,0.8324
3/7/2013,0.8275
3/8/2013,0.8313
3/11/2013,0.8297
3/12/2013,0.8358
3/13/2013,0.8511
3/14/2013,0.8736
3/15/2013,0.89
3/18/2013,0.8733
3/19/2013,0.8963
3/20/2013,0.856
3/21/2013,0.847
3/22/2013,0.8379
3/25/2013,0.8309
3/26/2013,0.8454
3/27/2013,0.8503
3/28/2013,0.8496
4/1/2013,0.8389
4/2/2013,0.8537
4/3/2013,0.8572
4/4/2013,0.8483
4/5/2013,0.8329
4/8/2013,0.8188
4/9/2013,0.8139
4/10/2013,0.8212
4/11/2013,0.8166
4/12/2013,0.8258
4/15/2013,0.8133
4/16/2013,0.8035
4/17/2013,0.8265
4/18/2013,0.8148
4/19/2013,0.8136
4/22/2013,0.8215
4/23/2013,0.8135
4/24/2013,0.792
4/25/2013,0.7948
4/26/2013,0.805
4/29/2013,0.8199
4/30/2013,0.8422
5/1/2013,0.8062
5/2/2013,0.8062
5/3/2013,0.8343
5/6/2013,0.8439
5/7/2013,0.8415
5/8/2013,0.8468
5/9/2013,0.8492
5/10/2013,0.8348
5/13/2013,0.8304
5/14/2013,0.8392
5/15/2013,0.8345
5/16/2013,0.8303
5/17/2013,0.8341
5/20/2013,0.8328
5/21/2013,0.8136
5/22/2013,0.8092
5/23/2013,0.7928
5/24/2013,0.7899
5/28/2013,0.7892
5/29/2013,0.7845
5/30/2013,0.7845
5/31/2013,0.7711
6/3/2013,0.8011
6/4/2013,0.8231
6/5/2013,0.8127
6/6/2013,0.8312
6/7/2013,0.8311
6/10/2013,0.849
6/11/2013,0.8631
6/12/2013,0.8781
6/13/2013,0.8947
6/14/2013,0.8904
6/17/2013,0.8604
6/18/2013,0.8438
6/19/2013,0.8414
6/20/2013,0.8292
6/21/2013,0.8268
6/24/2013,0.8102
6/25/2013,0.8295
6/26/2013,0.8229
6/27/2013,0.8313
6/28/2013,0.8261
7/1/2013,0.8392
7/2/2013,0.8322
7/3/2013,0.8414
7/5/2013,0.8343
7/8/2013,0.8337
7/9/2013,0.8368
7/10/2013,0.843
7/11/2013,0.8218
7/12/2013,0.8213
7/15/2013,0.8235
7/16/2013,0.8167
7/17/2013,0.8107
7/18/2013,0.8199
7/19/2013,0.8352
7/22/2013,0.8364
7/23/2013,0.8326
7/24/2013,0.8341
7/25/2013,0.8344
7/26/2013,0.8262
7/29/2013,0.821
7/30/2013,0.8273
7/31/2013,0.8288
8/1/2013,0.8313
8/2/2013,0.8257
8/5/2013,0.8265
8/6/2013,0.8307
8/7/2013,0.8578
8/8/2013,0.8663
8/9/2013,0.863
8/12/2013,0.8731
8/13/2013,0.8884
8/14/2013,0.887
8/15/2013,0.8889
8/16/2013,0.9065
8/19/2013,0.9001
8/20/2013,0.8601
8/21/2013,0.8116
8/22/2013,0.8116
8/23/2013,0.8149
8/26/2013,0.8149
8/27/2013,0.8225
8/28/2013,0.8176
8/29/2013,0.8135
8/30/2013,0.8135
9/3/2013,0.8057
9/4/2013,0.8058
9/5/2013,0.8015
9/6/2013,0.8099
9/9/2013,0.8146
9/10/2013,0.826
9/11/2013,0.8255
9/12/2013,0.8363
9/13/2013,0.8296
9/16/2013,0.8275
9/17/2013,0.8219
9/18/2013,0.8329
9/19/2013,0.8247
9/20/2013,0.8227
9/23/2013,0.8202
9/24/2013,0.8213
9/25/2013,0.824
9/26/2013,0.8322
9/27/2013,0.8438
9/30/2013,0.8496
10/1/2013,0.8496
10/2/2013,0.8496
10/3/2013,0.8496
10/4/2013,0.8496
10/7/2013,0.8496
10/8/2013,0.8496
10/9/2013,0.8496
10/10/2013,0.8496
10/11/2013,0.8496
10/14/2013,0.8496
10/15/2013,0.8496
10/16/2013,0.8496
10/17/2013,0.8496
10/18/2013,0.8086
10/21/2013,0.8081
10/22/2013,0.802
10/23/2013,0.7844
10/24/2013,0.7696
10/25/2013,0.7708
10/28/2013,0.7665
10/29/2013,0.7634
10/30/2013,0.7584
10/31/2013,0.7518
11/1/2013,0.7458
11/4/2013,0.7395
11/5/2013,0.7394
11/6/2013,0.7507
11/7/2013,0.7476
11/8/2013,0.7488
11/11/2013,0.7488
11/12/2013,0.7488
11/13/2013,0.7597
11/14/2013,0.7452
11/15/2013,0.752
11/18/2013,0.7469
11/19/2013,0.7481
11/20/2013,0.7539
11/21/2013,0.756
11/22/2013,0.7448
11/25/2013,0.7571
11/26/2013,0.7639
11/27/2013,0.7569
11/29/2013,0.766
12/2/2013,0.7587
12/3/2013,0.7586
12/4/2013,0.7655
12/5/2013,0.7685
12/6/2013,0.7866
12/9/2013,0.7861
12/10/2013,0.7894
12/11/2013,0.8074
12/12/2013,0.8131
12/13/2013,0.8122
12/16/2013,0.8138
12/17/2013,0.8095
12/18/2013,0.81
12/19/2013,0.8133
12/20/2013,0.8115
12/23/2013,0.8024
12/24/2013,0.8118
12/26/2013,0.8089
12/27/2013,0.8212
12/30/2013,0.8266
12/31/2013,0.8264
1/2/2014,0.8154
1/3/2014,0.8044
1/6/2014,0.8113
1/7/2014,0.8217
1/8/2014,0.8064
1/9/2014,0.8031
1/10/2014,0.8009
1/13/2014,0.8118
1/14/2014,0.8123
1/15/2014,0.8229
1/16/2014,0.8369
1/17/2014,0.848
1/21/2014,0.8613
1/22/2014,0.8584
1/23/2014,0.8533
1/24/2014,0.8521
1/27/2014,0.8225
1/28/2014,0.8235
1/29/2014,0.8355
1/30/2014,0.8403
1/31/2014,0.8383
2/3/2014,0.8301
2/4/2014,0.834
2/5/2014,0.8352
2/6/2014,0.8431
2/7/2014,0.8572
2/10/2014,0.8562
2/11/2014,0.8692
2/12/2014,0.8662
2/13/2014,0.8585
2/14/2014,0.8579
2/18/2014,0.8623
2/19/2014,0.8466
2/20/2014,0.844
2/21/2014,0.851
2/24/2014,0.8605
2/25/2014,0.841
2/26/2014,0.8312
2/27/2014,0.8456
2/28/2014,0.8389
3/3/2014,0.8508
3/4/2014,0.8597
3/5/2014,0.8536
3/6/2014,0.8836
3/7/2014,0.8802
3/10/2014,0.8831
3/11/2014,0.884
3/12/2014,0.8895
3/13/2014,0.8843
3/14/2014,0.8894
3/17/2014,0.8878
3/18/2014,0.8968
3/19/2014,0.8937
3/20/2014,0.8893
3/21/2014,0.8981
3/24/2014,0.8713
3/25/2014,0.9061
3/26/2014,0.8816
3/27/2014,0.8906
3/28/2014,0.8974
3/31/2014,0.8952
4/1/2014,0.8807
4/2/2014,0.8751
4/3/2014,0.8698
4/4/2014,0.884
4/7/2014,0.8662
4/8/2014,0.8779
4/9/2014,0.8644
4/10/2014,0.8502
4/11/2014,0.8502
4/14/2014,0.8691
4/15/2014,0.8592
4/16/2014,0.8679
4/17/2014,0.8734
4/21/2014,0.8721
4/22/2014,0.8825
4/23/2014,0.8764
4/24/2014,0.882
4/25/2014,0.8825
4/28/2014,0.8723
4/29/2014,0.8906
4/30/2014,0.8929
5/1/2014,0.892
5/2/2014,0.8932
5/5/2014,0.8975
5/6/2014,0.8898
5/7/2014,0.8755
5/8/2014,0.8805
5/9/2014,0.8736
5/12/2014,0.863
5/13/2014,0.8593
5/14/2014,0.857
5/15/2014,0.8536
5/16/2014,0.8482
5/19/2014,0.8415
5/20/2014,0.84
5/21/2014,0.8429
5/22/2014,0.8328
5/23/2014,0.8181
5/26/2014,0.8631
5/27/2014,0.8072
5/28/2014,0.8062
5/29/2014,0.819
5/30/2014,0.8202
6/2/2014,0.8223
6/3/2014,0.8311
6/4/2014,0.8183
6/5/2014,0.8125
6/6/2014,0.8053
6/9/2014,0.803
6/10/2014,0.8205
6/11/2014,0.8126
6/12/2014,0.8137
6/13/2014,0.8273
6/16/2014,0.834
6/17/2014,0.7994
6/18/2014,0.7994
6/19/2014,0.8081
6/20/2014,0.8149
6/23/2014,0.822
6/24/2014,0.8055
6/25/2014,0.789
6/26/2014,0.7812
6/27/2014,0.783
6/30/2014,0.7738
7/1/2014,0.766
7/2/2014,0.7626
7/3/2014,0.7579
7/7/2014,0.7423
7/8/2014,0.7409
7/9/2014,0.8053
7/10/2014,0.729
7/11/2014,0.7274
7/14/2014,0.7274
7/15/2014,0.7225
7/16/2014,0.7239
7/17/2014,0.7245
7/18/2014,0.7263
7/21/2014,0.7252
7/22/2014,0.728
7/23/2014,0.7277
7/24/2014,0.704
7/25/2014,0.6916
7/28/2014,0.6936
7/29/2014,0.6844
7/30/2014,0.6734
7/31/2014,0.6559
8/1/2014,0.6599
8/4/2014,0.6742
8/5/2014,0.6696
8/6/2014,0.6697
8/7/2014,0.6527
8/8/2014,0.6581
8/11/2014,0.6613
8/12/2014,0.6403
8/13/2014,0.6502
8/14/2014,0.6489
8/15/2014,0.646
8/18/2014,0.6434
8/19/2014,0.6447
8/20/2014,0.6532
8/21/2014,0.665
8/22/2014,0.6746
8/25/2014,0.6766
8/26/2014,0.6826
8/27/2014,0.683
8/28/2014,0.6714
8/29/2014,0.676
9/2/2014,0.6634
9/3/2014,0.667
9/4/2014,0.6627
9/5/2014,0.6558
9/8/2014,0.6606
9/9/2014,0.6628
9/10/2014,0.6864
9/11/2014,0.6929
9/12/2014,0.6911
9/15/2014,0.6668
9/16/2014,0.6678
9/17/2014,0.6518
9/18/2014,0.6455
9/19/2014,0.6389
9/22/2014,0.6209
9/23/2014,0.6233
9/24/2014,0.6107
9/25/2014,0.609
9/26/2014,0.6139
9/29/2014,0.6097
9/30/2014,0.6087
10/1/2014,0.6166
10/2/2014,0.6135
10/3/2014,0.6197
10/6/2014,0.6388
10/7/2014,0.6471
10/8/2014,0.6439
10/9/2014,0.6344
10/10/2014,0.636
10/13/2014,0.636
10/14/2014,0.6391
10/15/2014,0.6346
10/16/2014,0.6331
10/17/2014,0.6275
10/20/2014,0.6204
10/21/2014,0.6254
10/22/2014,0.6243
10/23/2014,0.6279
10/24/2014,0.6356
10/27/2014,0.6342
10/28/2014,0.6422
10/29/2014,0.6485
10/30/2014,0.64
10/31/2014,0.6395
11/3/2014,0.6375
11/4/2014,0.6205
11/5/2014,0.6196
11/6/2014,0.6219
11/7/2014,0.6296
11/10/2014,0.6143
11/11/2014,0.6143
11/12/2014,0.6044
11/13/2014,0.5823
11/14/2014,0.5838
11/17/2014,0.5785
11/18/2014,0.5861
11/19/2014,0.581
11/20/2014,0.5786
11/21/2014,0.5852
11/24/2014,0.5781
11/25/2014,0.5831
11/26/2014,0.5903
11/28/2014,0.5908
12/1/2014,0.5818
12/2/2014,0.5838
12/3/2014,0.5864
12/4/2014,0.5942
12/5/2014,0.5864
12/8/2014,0.5831
12/9/2014,0.5888
12/10/2014,0.5857
12/11/2014,0.5973
12/12/2014,0.5979
12/15/2014,0.6015
12/16/2014,0.5928
12/17/2014,0.6015
12/18/2014,0.6032
12/19/2014,0.6039
12/22/2014,0.6154
12/23/2014,0.6132
12/24/2014,0.6128
12/26/2014,0.6128
12/29/2014,0.6151
12/30/2014,0.6148
12/31/2014,0.5977
1/2/2015,0.5908
1/5/2015,0.6021
1/6/2015,0.597
1/7/2015,0.5993
1/8/2015,0.6006
1/9/2015,0.6026
1/12/2015,0.5923
1/13/2015,0.5965
1/14/2015,0.5848
1/15/2015,0.5899
1/16/2015,0.5873
1/20/2015,0.5729
1/21/2015,0.5751
1/22/2015,0.5726
1/23/2015,0.568
1/26/2015,0.5812
1/27/2015,0.5828
1/28/2015,0.5919
1/29/2015,0.5932
1/30/2015,0.5911
2/2/2015,0.5964
2/3/2015,0.612
2/4/2015,0.6098
2/5/2015,0.6154
2/6/2015,0.6134
2/9/2015,0.6205
2/10/2015,0.6226
2/11/2015,0.6177
2/12/2015,0.6223
2/13/2015,0.6307
2/17/2015,0.6428
2/18/2015,0.6507
2/19/2015,0.6444
2/20/2015,0.6441
2/23/2015,0.6395
2/24/2015,0.6416
2/25/2015,0.648
2/26/2015,0.6446
2/27/2015,0.6418
3/2/2015,0.641
3/3/2015,0.6288
3/4/2015,0.6285
3/5/2015,0.6248
3/6/2015,0.6222
3/9/2015,0.615
3/10/2015,0.6012
3/11/2015,0.5958
3/12/2015,0.6047
3/13/2015,0.5975
3/16/2015,0.5974
3/17/2015,0.5946
3/18/2015,0.6173
3/19/2015,0.622
3/20/2015,0.6207
3/23/2015,0.633
3/24/2015,0.6266
3/25/2015,0.6191
3/26/2015,0.6183
3/27/2015,0.623
3/30/2015,0.6127
3/31/2015,0.6185
4/1/2015,0.6133
4/2/2015,0.6244
4/6/2015,0.6409
4/7/2015,0.6517
4/8/2015,0.6548
4/9/2015,0.6497
4/10/2015,0.6381
4/13/2015,0.6388
4/14/2015,0.6344
4/15/2015,0.6334
4/16/2015,0.6276
4/17/2015,0.6179
4/20/2015,0.6189
4/21/2015,0.6149
4/22/2015,0.6142
4/23/2015,0.6395
4/24/2015,0.6484
4/27/2015,0.6473
4/28/2015,0.6489
4/29/2015,0.6559
4/30/2015,0.6638
5/1/2015,0.6511
5/4/2015,0.6517
5/5/2015,0.6525
5/6/2015,0.6436
5/7/2015,0.6403
5/8/2015,0.6466
5/11/2015,0.6389
5/12/2015,0.6352
5/13/2015,0.6427
5/14/2015,0.6503
5/15/2015,0.6534
5/18/2015,0.6342
5/19/2015,0.6285
5/20/2015,0.6265
5/21/2015,0.6223
5/22/2015,0.618
5/26/2015,0.6181
5/27/2015,0.6305
5/28/2015,0.6433
5/29/2015,0.6435
6/1/2015,0.6375
6/2/2015,0.636
6/3/2015,0.6528
6/4/2015,0.6528
6/5/2015,0.6455
6/8/2015,0.6534
6/9/2015,0.6537
6/10/2015,0.6579
6/11/2015,0.6438
6/12/2015,0.6466
6/15/2015,0.6363
6/16/2015,0.6497
6/17/2015,0.6452
6/18/2015,0.6472
6/19/2015,0.639
6/22/2015,0.648
6/23/2015,0.6455
6/24/2015,0.6459
6/25/2015,0.6538
6/26/2015,0.6751
6/29/2015,0.6723
6/30/2015,0.6791
7/1/2015,0.6754
7/2/2015,0.6739
7/6/2015,0.6695
7/7/2015,0.6596
7/8/2015,0.653
7/9/2015,0.6586
7/10/2015,0.6552
7/13/2015,0.6552
7/14/2015,0.6613
7/15/2015,0.6487
7/16/2015,0.6524
7/17/2015,0.6522
7/20/2015,0.6467
7/21/2015,0.6424
7/22/2015,0.6454
7/23/2015,0.6474
7/24/2015,0.6464
7/27/2015,0.638
7/28/2015,0.646
7/29/2015,0.6389
7/30/2015,0.6355
7/31/2015,0.6421
8/3/2015,0.64
8/4/2015,0.6364
8/5/2015,0.6352
8/6/2015,0.6226
8/7/2015,0.6179
8/10/2015,0.6196
8/11/2015,0.6182
8/12/2015,0.6469
8/13/2015,0.6579
8/14/2015,0.6595
8/17/2015,0.6652
8/18/2015,0.6663
8/19/2015,0.6653
8/20/2015,0.6693
8/21/2015,0.6691
8/24/2015,0.6405
8/25/2015,0.6316
8/26/2015,0.6251
8/27/2015,0.6335
8/28/2015,0.63
8/31/2015,0.63
9/1/2015,0.627
9/2/2015,0.6249
9/3/2015,0.6276
9/4/2015,0.6262
9/8/2015,0.6328
9/9/2015,0.6292
9/10/2015,0.6305
9/11/2015,0.6313
9/14/2015,0.6255
9/15/2015,0.6252
9/16/2015,0.6271
9/17/2015,0.624
9/18/2015,0.6055
9/21/2015,0.6079
9/22/2015,0.6
9/23/2015,0.5997
9/24/2015,0.6031
9/25/2015,0.6064
9/28/2015,0.6075
9/29/2015,0.61
9/30/2015,0.6044
10/1/2015,0.606
10/2/2015,0.6014
10/5/2015,0.6187
10/6/2015,0.6208
10/7/2015,0.6205
10/8/2015,0.6172
10/9/2015,0.6161
10/12/2015,0.6169
10/13/2015,0.6386
10/14/2015,0.6376
10/15/2015,0.6344
10/16/2015,0.6385
10/19/2015,0.6324
10/20/2015,0.6378
10/21/2015,0.6423
10/22/2015,0.6252
10/23/2015,0.6276
10/26/2015,0.6213
10/27/2015,0.6234
10/28/2015,0.6267
10/29/2015,0.6232
10/30/2015,0.6332
11/2/2015,0.6329
11/3/2015,0.6257
11/4/2015,0.6194
11/5/2015,0.6195
11/6/2015,0.6174
11/9/2015,0.6212
11/10/2015,0.6199
11/11/2015,0.6231
11/12/2015,0.6216
11/13/2015,0.6199
11/16/2015,0.6261
11/17/2015,0.6267
11/18/2015,0.6294
11/19/2015,0.6312
11/20/2015,0.6283
11/23/2015,0.616
11/24/2015,0.6194
11/25/2015,0.6328
11/27/2015,0.6393
11/30/2015,0.6264
12/1/2015,0.6354
12/2/2015,0.635
12/3/2015,0.6395
12/4/2015,0.6471
12/7/2015,0.6457
12/8/2015,0.6444
12/9/2015,0.6481
12/10/2015,0.6377
12/11/2015,0.6371
12/14/2015,0.6338
12/15/2015,0.6331
12/16/2015,0.6325
12/17/2015,0.6299
12/18/2015,0.6369
12/21/2015,0.6332
12/22/2015,0.6316
12/23/2015,0.6277
12/24/2015,0.6366
12/28/2015,0.6397
12/29/2015,0.6387
12/30/2015,0.6397
12/31/2015,0.6328
1/4/2016,0.6261
1/5/2016,0.6268
1/6/2016,0.62
1/7/2016,0.6143
1/8/2016,0.614
1/11/2016,0.615
1/12/2016,0.6159
1/13/2016,0.6214
1/14/2016,0.619
1/15/2016,0.6141
1/19/2016,0.6247
1/20/2016,0.6197
1/21/2016,0.6209
1/22/2016,0.6245
1/25/2016,0.616
1/26/2016,0.6141
1/27/2016,0.6086
1/28/2016,0.6136
1/29/2016,0.6113
2/1/2016,0.6179
2/2/2016,0.623
2/3/2016,0.6194
2/4/2016,0.6023
2/5/2016,0.5997
2/8/2016,0.596
2/9/2016,0.5864
2/10/2016,0.5923
2/11/2016,0.5871
2/12/2016,0.5864
2/16/2016,0.5974
2/17/2016,0.5955
2/18/2016,0.597
2/19/2016,0.5954
2/22/2016,0.5869
2/23/2016,0.58
2/24/2016,0.5741
2/25/2016,0.5776
2/26/2016,0.5753
2/29/2016,0.565
3/1/2016,0.5611
3/2/2016,0.5593
3/3/2016,0.5641
3/4/2016,0.5711
3/7/2016,0.5738
3/8/2016,0.5686
3/9/2016,0.5659
3/10/2016,0.5683
3/11/2016,0.5715
3/14/2016,0.5829
3/15/2016,0.5824
3/16/2016,0.5832
3/17/2016,0.5836
3/18/2016,0.5716
3/21/2016,0.5817
3/22/2016,0.5837
3/23/2016,0.5839
3/24/2016,0.5772
3/28/2016,0.578
3/29/2016,0.5738
3/30/2016,0.5767
3/31/2016,0.5844
4/1/2016,0.592
4/4/2016,0.5896
4/5/2016,0.589
4/6/2016,0.5875
4/7/2016,0.5903
4/8/2016,0.5956
4/11/2016,0.6024
4/12/2016,0.6091
4/13/2016,0.6129
4/14/2016,0.6085
4/15/2016,0.6002
4/18/2016,0.6223
4/19/2016,0.6307
4/20/2016,0.6409
4/21/2016,0.6401
4/22/2016,0.6369
4/25/2016,0.6404
4/26/2016,0.6383
4/27/2016,0.6415
4/28/2016,0.6369
4/29/2016,0.6377
5/2/2016,0.6437
5/3/2016,0.6306
5/4/2016,0.6278
5/5/2016,0.6179
5/6/2016,0.6183
5/9/2016,0.6133
5/10/2016,0.609
5/11/2016,0.606
5/12/2016,0.6073
5/13/2016,0.6062
5/16/2016,0.6099
5/17/2016,0.622
5/18/2016,0.6205
5/19/2016,0.6107
5/20/2016,0.6167
5/23/2016,0.6145
5/24/2016,0.6301
5/25/2016,0.629
5/26/2016,0.6433
5/27/2016,0.6428
5/31/2016,0.6394
6/1/2016,0.63
6/2/2016,0.6267
6/3/2016,0.6391
6/6/2016,0.6554
6/7/2016,0.6584
6/8/2016,0.6596
6/9/2016,0.653
6/10/2016,0.6507
6/13/2016,0.6408
6/14/2016,0.6391
6/15/2016,0.6362
6/16/2016,0.6493
6/17/2016,0.6592
6/20/2016,0.6599
6/21/2016,0.6439
6/22/2016,0.6453
6/23/2016,0.6542
6/24/2016,0.6442
6/27/2016,0.6438
6/28/2016,0.6586
6/29/2016,0.6585
6/30/2016,0.6417
7/1/2016,0.6499
7/5/2016,0.6521
7/6/2016,0.653
7/7/2016,0.6515
7/8/2016,0.6581
7/11/2016,0.6778
7/12/2016,0.7078
7/13/2016,0.7315
7/14/2016,0.7387
7/15/2016,0.7428
7/18/2016,0.7395
7/19/2016,0.7327
7/20/2016,0.7235
7/21/2016,0.7297
7/22/2016,0.7268
7/25/2016,0.7229
7/26/2016,0.7395
7/27/2016,0.7355
7/28/2016,0.7304
7/29/2016,0.7404
8/1/2016,0.7438
8/2/2016,0.7398
8/3/2016,0.7429
8/4/2016,0.7583
8/5/2016,0.7674
8/8/2016,0.7605
8/9/2016,0.7305
8/10/2016,0.7144
8/11/2016,0.7186
8/12/2016,0.7065
8/15/2016,0.6886
8/16/2016,0.686
8/17/2016,0.6881
8/18/2016,0.6901
8/19/2016,0.6803
8/22/2016,0.6828
8/23/2016,0.6844
8/24/2016,0.6779
8/25/2016,0.6804
8/26/2016,0.6803
8/29/2016,0.6695
8/30/2016,0.6629
8/31/2016,0.6558
9/1/2016,0.6818
9/2/2016,0.6779
9/6/2016,0.6924
9/7/2016,0.6954
9/8/2016,0.6929
9/9/2016,0.6908
9/12/2016,0.6669
9/13/2016,0.669
9/14/2016,0.6753
9/15/2016,0.6772
9/16/2016,0.6728
9/19/2016,0.685
9/20/2016,0.708
9/21/2016,0.7162
9/22/2016,0.7171
9/23/2016,0.7007
9/26/2016,0.7008
9/27/2016,0.6974
9/28/2016,0.6848
9/29/2016,0.6773
9/30/2016,0.6808
10/3/2016,0.6852
10/4/2016,0.6967
10/5/2016,0.6782
10/6/2016,0.675
10/7/2016,0.6698
10/10/2016,0.6736
10/11/2016,0.6714
10/12/2016,0.6897
10/13/2016,0.6931
10/14/2016,0.7057
10/17/2016,0.7119
10/18/2016,0.7115
10/19/2016,0.711
10/20/2016,0.698
10/21/2016,0.6907
10/24/2016,0.6877
10/25/2016,0.6849
10/26/2016,0.6926
10/27/2016,0.6976
10/28/2016,0.7082
10/31/2016,0.6886
11/1/2016,0.682
11/2/2016,0.686
11/3/2016,0.6807
11/4/2016,0.6853
11/7/2016,0.691
11/8/2016,0.6934
11/9/2016,0.6886
11/10/2016,0.6983
11/11/2016,0.6903
11/14/2016,0.6931
11/15/2016,0.7048
11/16/2016,0.7169
11/17/2016,0.7254
11/18/2016,0.7232
11/21/2016,0.7229
11/22/2016,0.7224
11/23/2016,0.7164
11/25/2016,0.7125
11/28/2016,0.7202
11/29/2016,0.713
11/30/2016,0.7158
12/1/2016,0.709
12/2/2016,0.7104
12/5/2016,0.7101
12/6/2016,0.7133
12/7/2016,0.7105
12/8/2016,0.7142
12/9/2016,0.708
12/12/2016,0.7169
12/13/2016,0.7204
12/14/2016,0.7147
12/15/2016,0.7167
12/16/2016,0.7104
12/19/2016,0.6957
12/20/2016,0.6934
12/21/2016,0.7013
12/22/2016,0.702
12/23/2016,0.6987
12/27/2016,0.6974
12/28/2016,0.6975
12/29/2016,0.705
12/30/2016,0.7065
1/3/2017,0.7178
1/4/2017,0.7408
1/5/2017,0.7378
1/6/2017,0.7399
1/9/2017,0.7299
1/10/2017,0.7319
1/11/2017,0.7314
1/12/2017,0.7234
1/13/2017,0.7227
1/17/2017,0.7211
1/18/2017,0.7226
1/19/2017,0.7269
1/20/2017,0.7304
1/23/2017,0.7463
1/24/2017,0.7357
1/25/2017,0.7388
1/26/2017,0.7419
1/27/2017,0.7485
1/30/2017,0.7414
1/31/2017,0.7494
2/1/2017,0.7644
2/2/2017,0.7691
2/3/2017,0.7641
2/6/2017,0.7563
2/7/2017,0.7509
2/8/2017,0.7525
2/9/2017,0.7665
2/10/2017,0.7709
2/13/2017,0.7821
2/14/2017,0.7795
2/15/2017,0.7728
2/16/2017,0.7677
2/17/2017,0.7552
2/21/2017,0.7566
2/22/2017,0.7549
2/23/2017,0.761
2/24/2017,0.7657
2/27/2017,0.7612
2/28/2017,0.7634
3/1/2017,0.7786
3/2/2017,0.7678
3/3/2017,0.7799
3/6/2017,0.7911
3/7/2017,0.7803
3/8/2017,0.7809
3/9/2017,0.7782
3/10/2017,0.7729
3/13/2017,0.7687
3/14/2017,0.7715
3/15/2017,0.7808
3/16/2017,0.7817
3/17/2017,0.7836
3/20/2017,0.7733
3/21/2017,0.7684
3/22/2017,0.7734
3/23/2017,0.7727
3/24/2017,0.7747
3/27/2017,0.7694
3/28/2017,0.7688
3/29/2017,0.7614
3/30/2017,0.7623
3/31/2017,0.7733
4/3/2017,0.7547
4/4/2017,0.7485
4/5/2017,0.7487
4/6/2017,0.7451
4/7/2017,0.7346
4/10/2017,0.7681
4/11/2017,0.7643
4/12/2017,0.7623
4/13/2017,0.7654
4/17/2017,0.7817
4/18/2017,0.7816
4/19/2017,0.7832
4/20/2017,0.7911
4/21/2017,0.7933
4/24/2017,0.7879
4/25/2017,0.7936
4/26/2017,0.7939
4/27/2017,0.7796
4/28/2017,0.7887
5/1/2017,0.7895
5/2/2017,0.7937
5/3/2017,0.7877
5/4/2017,0.7891
5/5/2017,0.7777
5/8/2017,0.7719
5/9/2017,0.7743
5/10/2017,0.7649
5/11/2017,0.7918
5/12/2017,0.8218
5/15/2017,0.8532
5/16/2017,0.8132
5/17/2017,0.8017
5/18/2017,0.7364
5/19/2017,0.7345
5/22/2017,0.7301
5/23/2017,0.7237
5/24/2017,0.7308
5/25/2017,0.7322
5/26/2017,0.7279
5/30/2017,0.7275
5/31/2017,0.7279
6/1/2017,0.735
6/2/2017,0.7312
6/5/2017,0.7261
6/6/2017,0.7252
6/7/2017,0.7268
6/8/2017,0.731
6/9/2017,0.7249
6/12/2017,0.7244
6/13/2017,0.7182
6/14/2017,0.7095
6/15/2017,0.6947
6/16/2017,0.6936
6/19/2017,0.6904
6/20/2017,0.6897
6/21/2017,0.6817
6/22/2017,0.6674
6/23/2017,0.6702
6/26/2017,0.6723
6/27/2017,0.6771
6/28/2017,0.6765
6/29/2017,0.6724
6/30/2017,0.6859
7/3/2017,0.6745
7/5/2017,0.6766
7/6/2017,0.6835
7/7/2017,0.6859
7/10/2017,0.6729
7/11/2017,0.6767
7/12/2017,0.6727
7/13/2017,0.6637
7/14/2017,0.6658
7/17/2017,0.6776
7/18/2017,0.6822
7/19/2017,0.6811
7/20/2017,0.6898
7/21/2017,0.6842
7/24/2017,0.6829
7/25/2017,0.6883
7/26/2017,0.684
7/27/2017,0.6889
7/28/2017,0.688
7/31/2017,0.6886
8/1/2017,0.6931
8/2/2017,0.7034
8/3/2017,0.7016
8/4/2017,0.7062
8/7/2017,0.7055
8/8/2017,0.7113
8/9/2017,0.7111
8/10/2017,0.6811
8/11/2017,0.6825
8/14/2017,0.6775
8/15/2017,0.6716
8/16/2017,0.6682
8/17/2017,0.6691
8/18/2017,0.6728
8/21/2017,0.6756
8/22/2017,0.6781
8/23/2017,0.6889
8/24/2017,0.6983
8/25/2017,0.6815
8/28/2017,0.6983
8/29/2017,0.6998
8/30/2017,0.7085
8/31/2017,0.7093
9/1/2017,0.7188
9/4/2017,0.7188
9/5/2017,0.7488
9/6/2017,0.745
9/7/2017,0.7427
9/8/2017,0.7459
9/11/2017,0.7211
9/12/2017,0.6911
9/13/2017,0.6909
9/14/2017,0.6912
9/15/2017,0.6907
9/18/2017,0.695
9/19/2017,0.6927
9/20/2017,0.6925
9/21/2017,0.6825
9/22/2017,0.6846
9/25/2017,0.6946
9/26/2017,0.6875
9/27/2017,0.6865
9/28/2017,0.6897
9/29/2017,0.6845
10/2/2017,0.6757
10/3/2017,0.6752
10/4/2017,0.688
10/5/2017,0.6827
10/6/2017,0.6884
10/9/2017,0.6895
10/10/2017,0.6895
10/11/2017,0.6873
10/12/2017,0.6784
10/13/2017,0.6862
10/16/2017,0.6753
10/17/2017,0.6777
10/18/2017,0.6763
10/19/2017,0.6731
10/20/2017,0.6688
10/23/2017,0.6972
10/24/2017,0.6954
10/25/2017,0.6931
10/26/2017,0.6819
10/27/2017,0.682
10/30/2017,0.6864
10/31/2017,0.6838
11/1/2017,0.6817
11/2/2017,0.6908
11/3/2017,0.6872
11/6/2017,0.6885
11/7/2017,0.6807
11/8/2017,0.6863
11/9/2017,0.6829
11/10/2017,0.6905
11/13/2017,0.6888
11/14/2017,0.686
11/15/2017,0.6881
11/16/2017,0.6921
11/17/2017,0.6978
11/20/2017,0.7137
11/21/2017,0.709
11/22/2017,0.7074
11/24/2017,0.7223
11/27/2017,0.72
11/28/2017,0.7329
11/29/2017,0.7427
11/30/2017,0.7326
12/1/2017,0.7328
12/4/2017,0.7258
12/5/2017,0.7251
12/6/2017,0.7272
12/7/2017,0.7423
12/8/2017,0.7372
12/11/2017,0.73
12/12/2017,0.7291
12/13/2017,0.7413
12/14/2017,0.7533
12/15/2017,0.7592
12/18/2017,0.752
12/19/2017,0.7503
12/20/2017,0.7571
12/21/2017,0.7794
12/22/2017,0.7787
12/26/2017,0.7743
12/27/2017,0.7895
12/28/2017,0.788
12/29/2017,0.7863
1/2/2018,0.775
1/3/2018,0.7811
1/4/2018,0.7925
1/5/2018,0.7801
1/8/2018,0.7814
1/9/2018,0.7835
1/10/2018,0.7965
1/11/2018,0.8265
1/12/2018,0.8168
1/16/2018,0.8143
1/17/2018,0.8214
1/18/2018,0.8263
1/19/2018,0.8342
1/22/2018,0.8341
1/23/2018,0.8226
1/24/2018,0.8227
1/25/2018,0.8188
1/26/2018,0.8048
1/29/2018,0.7836
1/30/2018,0.7703
1/31/2018,0.7728
2/1/2018,0.7835
2/2/2018,0.773
2/5/2018,0.7657
2/6/2018,0.7619
2/7/2018,0.7596
2/8/2018,0.7662
2/9/2018,0.7668
2/12/2018,0.7645
2/13/2018,0.7638
2/14/2018,0.756
2/15/2018,0.7541
2/16/2018,0.7572
2/20/2018,0.7751
2/21/2018,0.7891
2/22/2018,0.8054
2/23/2018,0.8143
2/26/2018,0.8188
2/27/2018,0.8205
2/28/2018,0.8267
3/1/2018,0.8181
3/2/2018,0.8209
3/5/2018,0.8523
3/6/2018,0.8243
3/7/2018,0.8286
3/8/2018,0.8512
3/9/2018,0.8452
3/12/2018,0.8328
3/13/2018,0.8298
3/14/2018,0.8344
3/15/2018,0.8353
3/16/2018,0.8285
3/19/2018,0.8123
3/20/2018,0.8308
3/21/2018,0.8259
3/22/2018,0.8215
3/23/2018,0.8183
3/26/2018,0.8178
3/27/2018,0.8202
3/28/2018,0.8074
3/29/2018,0.8146
4/2/2018,0.8097
4/3/2018,0.8202
4/4/2018,0.7964
4/5/2018,0.8257
4/6/2018,0.8254
4/9/2018,0.8291
4/10/2018,0.8353
4/11/2018,0.8383
4/12/2018,0.8369
4/13/2018,0.8341
4/16/2018,0.8325
4/17/2018,0.8313
4/18/2018,0.8274
4/19/2018,0.8297
4/20/2018,0.8547
4/23/2018,0.8319
4/24/2018,0.8226
4/25/2018,0.846
4/26/2018,0.8466
4/27/2018,0.8484
4/30/2018,0.8401
5/1/2018,0.8448
5/2/2018,0.8468
5/3/2018,0.845
5/4/2018,0.869
5/7/2018,0.8599
5/8/2018,0.8538
5/9/2018,0.8586
5/10/2018,0.8456
5/11/2018,0.8462
5/14/2018,0.837
5/15/2018,0.8376
5/16/2018,0.8435
5/17/2018,0.8503
5/18/2018,0.8655
5/21/2018,0.8842
5/22/2018,0.8735
5/23/2018,0.8696
5/24/2018,0.8746
5/25/2018,0.8921
5/29/2018,0.9321
5/30/2018,0.9249
5/31/2018,0.9315
6/1/2018,0.933
6/4/2018,0.921
6/5/2018,0.8984
6/6/2018,0.9095
6/7/2018,0.9372
6/8/2018,0.9494
6/11/2018,0.9475
6/12/2018,0.9521
6/13/2018,0.9381
6/14/2018,0.9341
6/15/2018,0.9072
6/18/2018,0.8732
6/19/2018,0.8332
6/20/2018,0.8321
6/21/2018,0.8321
6/22/2018,0.8543
6/25/2018,0.8594
6/26/2018,0.8515
6/27/2018,0.8583
6/28/2018,0.8471
6/29/2018,0.8521
7/2/2018,0.8377
7/3/2018,0.838
7/5/2018,0.8271
7/6/2018,0.8565
7/9/2018,0.8658
7/10/2018,0.875
7/11/2018,0.8524
7/12/2018,0.8924
7/13/2018,0.889
7/16/2018,0.8888
7/17/2018,0.892
7/18/2018,0.8883
7/19/2018,0.883
7/20/2018,0.8774
7/23/2018,0.8747
7/24/2018,0.8732
7/25/2018,0.888
7/26/2018,0.8903
7/27/2018,0.8906
7/30/2018,0.8995
7/31/2018,0.9028
8/1/2018,0.8906
8/2/2018,0.8944
8/3/2018,0.8867
8/6/2018,0.8869
8/7/2018,0.8822
8/8/2018,0.8739
8/9/2018,0.8726
8/10/2018,0.8586
8/13/2018,0.8314
8/14/2018,0.8341
8/15/2018,0.8108
8/16/2018,0.8213
8/17/2018,0.8175
8/20/2018,0.831
8/21/2018,0.835
8/22/2018,0.8252
8/23/2018,0.8173
8/24/2018,0.8181
8/27/2018,0.8352
8/28/2018,0.8381
8/29/2018,0.8297
8/30/2018,0.8242
8/31/2018,0.8231
9/4/2018,0.8278
9/5/2018,0.8171
9/6/2018,0.8138
9/7/2018,0.8213
9/10/2018,0.8393
9/11/2018,0.8303
9/12/2018,0.8276
9/13/2018,0.8162
9/14/2018,0.819
9/17/2018,0.8151
9/18/2018,0.7915
9/19/2018,0.7963
9/20/2018,0.7907
9/21/2018,0.7928
9/24/2018,0.7873
9/25/2018,0.8013
9/26/2018,0.7882
9/27/2018,0.7788
9/28/2018,0.7645
10/1/2018,0.7631
10/2/2018,0.7619
10/3/2018,0.7646
10/4/2018,0.76
10/5/2018,0.761
10/8/2018,0.7755
10/9/2018,0.7701
10/10/2018,0.768
10/11/2018,0.7681
10/12/2018,0.7837
10/15/2018,0.7872
10/16/2018,0.7833
10/17/2018,0.7792
10/18/2018,0.7805
10/19/2018,0.7792
10/22/2018,0.8002
10/23/2018,0.7899
10/24/2018,0.7707
10/25/2018,0.7768
10/26/2018,0.7853
10/29/2018,0.7717
10/30/2018,0.769
10/31/2018,0.7686
11/1/2018,0.7903
11/2/2018,0.7879
11/5/2018,0.7887
11/6/2018,0.7743
11/7/2018,0.7896
11/8/2018,0.7901
11/9/2018,0.7809
11/12/2018,0.7638
11/13/2018,0.7586
11/14/2018,0.7639
11/15/2018,0.7625
11/16/2018,0.7612
11/19/2018,0.7588
11/20/2018,0.7527
11/21/2018,0.7651
11/23/2018,0.7492
11/26/2018,0.774
11/27/2018,0.7699
11/28/2018,0.7821
11/29/2018,0.7786
11/30/2018,0.7856
12/3/2018,0.7995
12/4/2018,0.7981
12/5/2018,0.8115
12/6/2018,0.7908
12/7/2018,0.8023
12/10/2018,0.7988
12/11/2018,0.8002
12/12/2018,0.7997
12/13/2018,0.7941
12/14/2018,0.796
12/17/2018,0.7854
12/18/2018,0.7785
12/19/2018,0.7671
12/20/2018,0.7506
12/21/2018,0.7318
12/24/2018,0.7255
12/26/2018,0.735
12/27/2018,0.7206
12/28/2018,0.7219
12/31/2018,0.722
1/2/2019,0.7084
1/3/2019,0.7083
1/4/2019,0.7252
1/7/2019,0.7275
1/8/2019,0.7167
1/9/2019,0.7313
1/10/2019,0.7285
1/11/2019,0.7249
1/14/2019,0.7299
1/15/2019,0.7236
1/16/2019,0.7327
1/17/2019,0.7437
1/18/2019,0.7389
1/22/2019,0.7313
1/23/2019,0.7352
1/24/2019,0.7314
1/25/2019,0.7413
1/28/2019,0.7385
1/29/2019,0.7415
1/30/2019,0.7436
1/31/2019,0.744
2/1/2019,0.7364
2/4/2019,0.7276
2/5/2019,0.734
2/6/2019,0.7366
2/7/2019,0.7281
2/8/2019,0.7255
2/11/2019,0.7055
2/12/2019,0.6978
2/13/2019,0.6986
2/14/2019,0.7013
2/15/2019,0.7022
2/19/2019,0.7041
2/20/2019,0.7028
2/21/2019,0.7219
2/22/2019,0.7184
2/25/2019,0.7216
2/26/2019,0.7132
2/27/2019,0.7189
2/28/2019,0.726
3/1/2019,0.7385
3/4/2019,0.7313
3/5/2019,0.7461
3/6/2019,0.7421
3/7/2019,0.7311
3/8/2019,0.7349
3/11/2019,0.732
3/12/2019,0.7485
3/13/2019,0.7572
3/14/2019,0.743
3/15/2019,0.755
3/18/2019,0.7527
3/19/2019,0.7565
3/20/2019,0.755
3/21/2019,0.7718
3/22/2019,0.7658
3/25/2019,0.7773
3/26/2019,0.7789
3/27/2019,0.7695
3/28/2019,0.7587
3/29/2019,0.7761
4/1/2019,0.7736
4/2/2019,0.7727
4/3/2019,0.7705
4/4/2019,0.7732
4/5/2019,0.7825
4/8/2019,0.7892
4/9/2019,0.7809
4/10/2019,0.7762
4/11/2019,0.7698
4/12/2019,0.7811
4/15/2019,0.7649
4/16/2019,0.7794
4/17/2019,0.7811
4/18/2019,0.7731
4/22/2019,0.7719
4/23/2019,0.7657
4/24/2019,0.7577
4/25/2019,0.7724
4/26/2019,0.7713
4/29/2019,0.7662
4/30/2019,0.7662
5/1/2019,0.7671
5/2/2019,0.7545
5/3/2019,0.7568
5/6/2019,0.7355
5/7/2019,0.7318
5/8/2019,0.7231
5/9/2019,0.7023
5/10/2019,0.6845
5/13/2019,0.6545
5/14/2019,0.6676
5/15/2019,0.6635
5/16/2019,0.668
5/17/2019,0.6599
5/20/2019,0.6791
5/21/2019,0.6732
5/22/2019,0.6675
5/23/2019,0.6748
5/24/2019,0.6839
5/27/2019,0.6839
5/28/2019,0.6947
5/29/2019,0.6906
5/30/2019,0.6934
5/31/2019,0.6808
6/3/2019,0.6942
6/4/2019,0.6897
6/5/2019,0.6874
6/6/2019,0.6859
6/7/2019,0.6559
6/10/2019,0.6599
6/11/2019,0.6565
6/12/2019,0.6657
6/13/2019,0.6683
6/14/2019,0.6594
6/17/2019,0.6563
6/18/2019,0.6532
6/19/2019,0.6538
6/20/2019,0.6321
6/21/2019,0.6119
6/24/2019,0.623
6/25/2019,0.6289
6/26/2019,0.6462
6/27/2019,0.6479
6/28/2019,0.6523
7/1/2019,0.6597
7/2/2019,0.6657
7/3/2019,0.6655
7/4/2019,0.6655
7/5/2019,0.6624
7/8/2019,0.6513
7/9/2019,0.6303
7/10/2019,0.6354
7/11/2019,0.6289
7/12/2019,0.6236
7/15/2019,0.637
7/16/2019,0.6233
7/17/2019,0.6189
7/18/2019,0.6078
7/19/2019,0.6225
7/22/2019,0.6279
7/23/2019,0.6329
7/24/2019,0.6389
7/25/2019,0.6381
7/26/2019,0.6424
7/29/2019,0.6377
7/30/2019,0.6287
7/31/2019,0.6322
8/1/2019,0.6184
8/2/2019,0.5894
8/5/2019,0.5791
8/6/2019,0.5827
8/7/2019,0.5858
8/8/2019,0.5954
8/9/2019,0.5905
8/12/2019,0.5803
8/13/2019,0.5934
8/14/2019,0.5961
8/15/2019,0.5966
8/16/2019,0.6008
8/19/2019,0.5918
8/20/2019,0.5917
8/21/2019,0.5987
8/22/2019,0.5887
8/23/2019,0.5797
8/26/2019,0.5766
8/27/2019,0.5754
8/28/2019,0.5835
8/29/2019,0.5888
8/30/2019,0.5905
9/2/2019,0.5905
9/3/2019,0.5831
9/4/2019,0.5877
9/5/2019,0.5916
9/6/2019,0.5873
9/9/2019,0.5912
9/10/2019,0.595
9/11/2019,0.5937
9/12/2019,0.6225
9/13/2019,0.6163
9/16/2019,0.6159
9/17/2019,0.6012
9/18/2019,0.5936
9/19/2019,0.5899
9/20/2019,0.5913
9/23/2019,0.5983
9/24/2019,0.5932
9/25/2019,0.5959
9/26/2019,0.5963
9/27/2019,0.6047
9/30/2019,0.6061
10/1/2019,0.6098
10/2/2019,0.6133
10/3/2019,0.616
10/4/2019,0.6167
10/7/2019,0.6183
10/8/2019,0.6132
10/9/2019,0.6209
10/10/2019,0.6142
10/11/2019,0.6388
10/14/2019,0.6222
10/15/2019,0.6353
10/16/2019,0.6454
10/17/2019,0.6499
10/18/2019,0.6516
10/21/2019,0.6456
10/22/2019,0.6467
10/23/2019,0.6495
10/24/2019,0.6465
10/25/2019,0.649
10/28/2019,0.6479
10/29/2019,0.6472
10/30/2019,0.657
10/31/2019,0.6444
11/1/2019,0.6423
11/4/2019,0.6366
11/5/2019,0.6381
11/6/2019,0.6369
11/7/2019,0.6435
11/8/2019,0.6472
11/11/2019,0.6429
11/12/2019,0.6474
11/13/2019,0.6422
11/14/2019,0.6427
11/15/2019,0.6486
11/18/2019,0.6421
11/19/2019,0.6344
11/20/2019,0.6224
11/21/2019,0.6184
11/22/2019,0.6342
11/25/2019,0.6469
11/26/2019,0.6511
11/27/2019,0.6527
11/28/2019,0.6545
11/29/2019,0.6517
12/2/2019,0.648
12/3/2019,0.6405
12/4/2019,0.647
12/5/2019,0.6451
12/6/2019,0.66
12/9/2019,0.6538
12/10/2019,0.6593
12/11/2019,0.6588
12/12/2019,0.6717
12/13/2019,0.668
12/16/2019,0.6697
12/17/2019,0.6644
12/18/2019,0.6674
12/19/2019,0.6758
12/20/2019,0.6796
12/23/2019,0.6861
12/24/2019,0.687
12/26/2019,0.687
12/27/2019,0.6892
12/30/2019,0.6956
12/31/2019,0.6905
1/2/2020,0.6927
1/3/2020,0.692
1/6/2020,0.7004
1/7/2020,0.6983
1/8/2020,0.6996
1/9/2020,0.7069
1/10/2020,0.7131
1/13/2020,0.7153
1/14/2020,0.7138
1/15/2020,0.7032
1/16/2020,0.7022
1/17/2020,0.7125
1/20/2020,0.7125
1/21/2020,0.6924
1/22/2020,0.7113
1/23/2020,0.7003
1/24/2020,0.694
1/27/2020,0.6951
1/28/2020,0.7036
1/29/2020,0.7006
1/30/2020,0.6905
1/31/2020,0.675
2/3/2020,0.6684
2/4/2020,0.6735
2/5/2020,0.6751
2/6/2020,0.6791
2/7/2020,0.6775
2/10/2020,0.6819
2/11/2020,0.6823
2/12/2020,0.6858
2/13/2020,0.6775
2/14/2020,0.6741
2/17/2020,0.6741
2/18/2020,0.6787
2/19/2020,0.6848
2/20/2020,0.6875
2/21/2020,0.6893
2/24/2020,0.6753
2/25/2020,0.6632
2/26/2020,0.6552
2/27/2020,0.6254
2/28/2020,0.6151
3/2/2020,0.6338
3/3/2020,0.6277
3/4/2020,0.6298
3/5/2020,0.6335
3/6/2020,0.6279
3/9/2020,0.6121
3/10/2020,0.6141
3/11/2020,0.6155
3/12/2020,0.597
3/13/2020,0.6049
3/16/2020,0.588
3/17/2020,0.5792
3/18/2020,0.5664
3/19/2020,0.5493
3/20/2020,0.5368
3/23/2020,0.5215
3/24/2020,0.5289
3/25/2020,0.5344
3/26/2020,0.5278
3/27/2020,0.5133
3/30/2020,0.507
3/31/2020,0.5113
4/1/2020,0.4841
4/2/2020,0.4999
4/3/2020,0.5098
4/6/2020,0.5305
4/7/2020,0.529
4/8/2020,0.5384
4/9/2020,0.5437
4/13/2020,0.5276
4/14/2020,0.5251
4/15/2020,0.5275
4/16/2020,0.5279
4/17/2020,0.5277
4/20/2020,0.5403
4/21/2020,0.5331
4/22/2020,0.5628
4/23/2020,0.5688
4/24/2020,0.5493
4/27/2020,0.5415
4/28/2020,0.5602
4/29/2020,0.5748
4/30/2020,0.5748
5/1/2020,0.5584
5/4/2020,0.5433
5/5/2020,0.5358
5/6/2020,0.5451
5/7/2020,0.5539
5/8/2020,0.5627
5/11/2020,0.5663
5/12/2020,0.5834
5/13/2020,0.5746
5/14/2020,0.5785
5/15/2020,0.5825
5/18/2020,0.578
5/19/2020,0.592
5/20/2020,0.5821
5/21/2020,0.5806
5/22/2020,0.5761
5/25/2020,0.5761
5/26/2020,0.5823
5/27/2020,0.5834
5/28/2020,0.5757
5/29/2020,0.5759
6/1/2020,0.6006
6/2/2020,0.6037
6/3/2020,0.6048
6/4/2020,0.6
6/5/2020,0.6179
6/8/2020,0.6081
6/9/2020,0.6052
6/10/2020,0.6051
6/11/2020,0.6002
6/12/2020,0.5984
6/15/2020,0.5901
6/16/2020,0.6007
6/17/2020,0.6134
6/18/2020,0.6117
6/19/2020,0.6156
6/22/2020,0.6252
6/23/2020,0.6304
6/24/2020,0.6166
6/25/2020,0.6153
6/26/2020,0.6043
6/29/2020,0.5993
6/30/2020,0.6138
7/1/2020,0.6308
7/2/2020,0.6355
7/6/2020,0.6357
7/7/2020,0.6374
7/8/2020,0.6457
7/9/2020,0.6434
7/10/2020,0.6471
7/13/2020,0.6375
7/14/2020,0.6269
7/15/2020,0.6259
7/16/2020,0.6288
7/17/2020,0.6201
7/20/2020,0.6299
7/21/2020,0.6291
7/22/2020,0.6274
7/23/2020,0.6168
7/24/2020,0.5996
7/27/2020,0.6069
7/28/2020,0.6059
7/29/2020,0.6103
7/30/2020,0.6282
7/31/2020,0.623
8/3/2020,0.6353
8/4/2020,0.6393
8/5/2020,0.6436
8/6/2020,0.6441
8/7/2020,0.6188
8/10/2020,0.6234
8/11/2020,0.6303
8/12/2020,0.6184
8/13/2020,0.6243
8/14/2020,0.6229
8/17/2020,0.6262
8/18/2020,0.6239
8/19/2020,0.6321
8/20/2020,0.6392
8/21/2020,0.6373
8/24/2020,0.6516
8/25/2020,0.6498
8/26/2020,0.6498
8/27/2020,0.6476
8/28/2020,0.6437
8/31/2020,0.6441
9/1/2020,0.6466
9/2/2020,0.6418
9/3/2020,0.6356
9/4/2020,0.6412
9/7/2020,0.6412
9/8/2020,0.6319
9/9/2020,0.6335
9/10/2020,0.6396
9/11/2020,0.6406
9/14/2020,0.6546
9/15/2020,0.6539
9/16/2020,0.6497
9/17/2020,0.6435
9/18/2020,0.6416
9/21/2020,0.6374
9/22/2020,0.6384
9/23/2020,0.6376
9/24/2020,0.6397
9/25/2020,0.6492
9/28/2020,0.6492
9/29/2020,0.6477
9/30/2020,0.6553
10/1/2020,0.6591
10/2/2020,0.6582
10/5/2020,0.6603
10/6/2020,0.6686
10/7/2020,0.6759
10/8/2020,0.6749
10/9/2020,0.6764
10/12/2020,0.6837
10/13/2020,0.6883
10/14/2020,0.6893
10/15/2020,0.6922
10/16/2020,0.6992
10/19/2020,0.7116
10/20/2020,0.7102
10/21/2020,0.7104
10/22/2020,0.7194
10/23/2020,0.7129
10/26/2020,0.7211
10/27/2020,0.7203
10/28/2020,0.7017
10/29/2020,0.6982
10/30/2020,0.6892
11/2/2020,0.6873
11/3/2020,0.7024
11/4/2020,0.7023
11/5/2020,0.7007
11/6/2020,0.6862
11/9/2020,0.7
11/10/2020,0.6985
11/11/2020,0.6928
11/12/2020,0.6848
11/13/2020,0.6846
11/16/2020,0.6957
11/17/2020,0.6911
11/18/2020,0.6968
11/19/2020,0.6932
11/20/2020,0.7088
11/23/2020,0.7215
11/24/2020,0.7153
11/25/2020,0.7111
11/26/2020,0.7142
11/27/2020,0.7262
11/30/2020,0.7184
12/1/2020,0.7219
12/2/2020,0.716
12/3/2020,0.7111
12/4/2020,0.7157
12/7/2020,0.7238
12/8/2020,0.7198
12/9/2020,0.7305
12/10/2020,0.7426
12/11/2020,0.7408
12/14/2020,0.7467
12/15/2020,0.7559
12/16/2020,0.7565
12/17/2020,0.7719
12/18/2020,0.7716
12/21/2020,0.7476
12/22/2020,0.7482
12/23/2020,0.7614
12/24/2020,0.762
12/28/2020,0.7635
12/29/2020,0.7701
12/30/2020,0.7797
12/31/2020,0.7812
1/4/2021,0.7897
1/5/2021,0.8035
1/6/2021,0.8006
1/7/2021,0.7976
1/8/2021,0.7977
1/11/2021,0.8043
1/12/2021,0.817
1/13/2021,0.8092
1/14/2021,0.8115
1/15/2021,0.807
1/18/2021,0.807
1/19/2021,0.8115
1/20/2021,0.8159
1/21/2021,0.8257
1/22/2021,0.8156
1/25/2021,0.8233
1/26/2021,0.8171
1/27/2021,0.8084
1/28/2021,0.7993
1/29/2021,0.8064
2/1/2021,0.8003
2/2/2021,0.8069
2/3/2021,0.8099
2/4/2021,0.8428
2/5/2021,0.8274
2/8/2021,0.8428
2/9/2021,0.8693
2/10/2021,0.8467
2/11/2021,0.8641
2/12/2021,0.8727
2/15/2021,0.8727
2/16/2021,0.8812
2/17/2021,0.8836
2/18/2021,0.8873
2/19/2021,0.8895
2/22/2021,0.9091
2/23/2021,0.9163
2/24/2021,0.9287
2/25/2021,0.8911
2/26/2021,0.8863
3/1/2021,0.9157
3/2/2021,0.9099
3/3/2021,0.8845
3/4/2021,0.8714
3/5/2021,0.8776
3/8/2021,0.8832
3/9/2021,0.8432
3/10/2021,0.8522
3/11/2021,0.8835
3/12/2021,0.8756
3/15/2021,0.8672
3/16/2021,0.8692
3/17/2021,0.8651
3/18/2021,0.8545
3/19/2021,0.8468
3/22/2021,0.8462
3/23/2021,0.8353
3/24/2021,0.8244
3/25/2021,0.7844
3/26/2021,0.8038
3/29/2021,0.8049
3/30/2021,0.8064
3/31/2021,0.8088
4/1/2021,0.7795
4/5/2021,0.7788
4/6/2021,0.7922
4/7/2021,0.795
4/8/2021,0.8141
4/9/2021,0.824
4/12/2021,0.8014
4/13/2021,0.8182
4/14/2021,0.842
4/15/2021,0.8502
4/16/2021,0.8371
4/19/2021,0.8326
4/20/2021,0.8377
4/21/2021,0.8483
4/22/2021,0.8464
4/23/2021,0.8751
4/26/2021,0.8786
4/27/2021,0.9034
4/28/2021,0.8905
4/29/2021,0.8628
4/30/2021,0.8795
5/3/2021,0.8786
5/4/2021,0.8717
5/5/2021,0.8733
5/6/2021,0.9058
5/7/2021,0.8966
5/10/2021,0.8847
5/11/2021,0.8775
5/12/2021,0.8823
5/13/2021,0.8498
5/14/2021,0.8243
5/17/2021,0.8232
5/18/2021,0.8401
5/19/2021,0.8292
5/20/2021,0.8153
5/21/2021,0.8282
5/24/2021,0.8282
5/25/2021,0.8271
5/26/2021,0.8244
5/27/2021,0.8261
5/28/2021,0.8212
5/31/2021,0.8212
6/1/2021,0.8425
6/2/2021,0.8377
6/3/2021,0.8421
6/4/2021,0.858
6/7/2021,0.8436
6/8/2021,0.8514
6/9/2021,0.8662
6/10/2021,0.8736
6/11/2021,0.87
6/14/2021,0.8495
6/15/2021,0.8528
6/16/2021,0.8533
6/17/2021,0.8417
6/18/2021,0.8442
6/21/2021,0.8409
6/22/2021,0.8422
6/23/2021,0.8646
6/24/2021,0.8603
6/25/2021,0.8675
6/28/2021,0.873
6/29/2021,0.8748
6/30/2021,0.8521
7/1/2021,0.8649
7/2/2021,0.8751
7/5/2021,0.8751
7/6/2021,0.8786
7/7/2021,0.8808
7/8/2021,0.8733
7/9/2021,0.8799
7/12/2021,0.8847
7/13/2021,0.8877
7/14/2021,0.9057
7/15/2021,0.8984
7/16/2021,0.907
7/19/2021,0.8711
7/20/2021,0.8887
7/21/2021,0.8909
7/22/2021,0.9027
7/23/2021,0.9032
7/26/2021,0.9029
7/27/2021,0.9074
7/28/2021,0.9091
7/29/2021,0.9076
7/30/2021,0.8983
8/2/2021,0.9007
8/3/2021,0.903
8/4/2021,0.9072
8/5/2021,0.9117
8/6/2021,0.9242
8/9/2021,0.913
8/10/2021,0.9274
8/11/2021,0.9164
8/12/2021,0.9377
8/13/2021,0.9521
8/16/2021,0.9485
8/17/2021,0.957
8/18/2021,0.9552
8/19/2021,0.9347
8/20/2021,0.939
8/23/2021,0.9454
8/24/2021,0.9576
8/25/2021,0.9595
8/26/2021,0.9536
8/27/2021,0.9627
8/30/2021,0.9561
8/31/2021,0.9391
9/1/2021,0.9415
9/2/2021,0.9514
9/3/2021,0.9562
9/6/2021,0.9562
9/7/2021,0.9541
9/8/2021,0.952
9/9/2021,0.9456
9/10/2021,0.9523
9/13/2021,0.9441
9/14/2021,0.9496
9/15/2021,0.9467
9/16/2021,0.9341
9/17/2021,0.9332
9/20/2021,0.8989
9/21/2021,0.9118
9/22/2021,0.9183
9/23/2021,0.9331
9/24/2021,0.9685
9/27/2021,0.9874
9/28/2021,1.0056
9/29/2021,1.0274
9/30/2021,1.062
10/1/2021,1.0453
10/4/2021,1.0493
10/5/2021,1.0893
10/6/2021,1.1106
10/7/2021,1.1161
10/8/2021,1.106
10/11/2021,1.0979
10/12/2021,1.0638
10/13/2021,1.0386
10/14/2021,1.071
10/15/2021,1.0733
10/18/2021,1.0704
10/19/2021,1.0783
10/20/2021,1.1073
10/21/2021,1.0614
10/22/2021,1.0826
10/25/2021,1.0854
10/26/2021,1.0871
10/27/2021,1.1052
10/28/2021,1.1373
10/29/2021,1.1485
11/1/2021,1.1984
11/2/2021,1.1725
11/3/2021,1.1882
11/4/2021,1.1646
11/5/2021,1.1687
11/8/2021,1.1655
11/9/2021,1.1938
11/10/2021,1.1868
11/11/2021,1.1854
11/12/2021,1.1769
11/15/2021,1.1762
11/16/2021,1.1798
11/17/2021,1.197
11/18/2021,1.1759
11/19/2021,1.1922
11/22/2021,1.1771
11/23/2021,1.2036
11/24/2021,1.2038
11/25/2021,1.1946
11/26/2021,1.1467
11/29/2021,1.1351
11/30/2021,1.0746
12/1/2021,1.0419
12/2/2021,1.037
12/3/2021,1.042
12/6/2021,1.0701
12/7/2021,1.0637
12/8/2021,1.0672
12/9/2021,1.0659
12/10/2021,1.0623
12/13/2021,1.0681
12/14/2021,1.059
12/15/2021,1.0579
12/16/2021,1.0968
12/17/2021,1.073
12/20/2021,1.0554
12/21/2021,1.0727
12/22/2021,1.0883
12/23/2021,1.0912
12/24/2021,1.0912
12/27/2021,1.1228
12/28/2021,1.1005
12/29/2021,1.1299
12/30/2021,1.1434
12/31/2021,1.126
1/3/2022,1.1323
1/4/2022,1.1639
1/5/2022,1.1628
1/6/2022,1.1472
1/7/2022,1.1512
1/10/2022,1.1522
1/11/2022,1.1602
1/12/2022,1.1764
1/13/2022,1.1684
1/14/2022,1.197
1/17/2022,1.197
1/18/2022,1.2108
1/19/2022,1.2395
1/20/2022,1.2287
1/21/2022,1.2075
1/24/2022,1.2038
1/25/2022,1.2092
1/26/2022,1.2233
1/27/2022,1.2163
1/28/2022,1.2376
1/31/2022,1.2757
2/1/2022,1.2733
2/2/2022,1.2633
2/3/2022,1.2762
2/4/2022,1.2674
2/7/2022,1.2557
2/8/2022,1.2715
2/9/2022,1.2643
2/10/2022,1.2566
2/11/2022,1.2528
2/14/2022,1.2293
2/15/2022,1.2304
2/16/2022,1.2191
2/17/2022,1.2193
2/18/2022,1.2299
2/21/2022,1.2299
2/22/2022,1.2111
2/23/2022,1.2218
2/24/2022,1.2122
2/25/2022,1.2003
2/28/2022,1.1981
3/1/2022,1.2275
3/2/2022,1.1854
3/3/2022,1.198
3/4/2022,1.1642
3/7/2022,1.1694
3/8/2022,1.1797
3/9/2022,1.1747
3/10/2022,1.1686
3/11/2022,1.2103
3/14/2022,1.1877
3/15/2022,1.186
3/16/2022,1.198
3/17/2022,1.2186
3/18/2022,1.2686
3/21/2022,1.3001
3/22/2022,1.3004
3/23/2022,1.3003
3/24/2022,1.309
3/25/2022,1.359
3/28/2022,1.3907
3/29/2022,1.3681
3/30/2022,1.3984
3/31/2022,1.3569
4/1/2022,1.3455
4/4/2022,1.3794
4/5/2022,1.3753
4/6/2022,1.3569
4/7/2022,1.332
4/8/2022,1.3241
4/11/2022,1.3529
4/12/2022,1.3851
4/13/2022,1.4277
4/14/2022,1.4198
4/18/2022,1.4474
4/19/2022,1.3968
4/20/2022,1.4039
4/21/2022,1.3859
4/22/2022,1.3946
4/25/2022,1.4141
4/26/2022,1.4116
4/27/2022,1.4392
4/28/2022,1.4984
4/29/2022,1.4697
5/2/2022,1.5081
5/3/2022,1.5008
5/4/2022,1.5476
5/5/2022,1.4876
5/6/2022,1.4361
5/9/2022,1.4293
5/10/2022,1.4294
5/11/2022,1.436
5/12/2022,1.4553
5/13/2022,1.452
5/16/2022,1.5065
5/17/2022,1.4846
5/18/2022,1.4447
5/19/2022,1.477
5/20/2022,1.4227
5/23/2022,1.4275
5/24/2022,1.4154
5/25/2022,1.4516
5/26/2022,1.4061
5/27/2022,1.3942
5/30/2022,1.3942
5/31/2022,1.3898
6/1/2022,1.3606
6/2/2022,1.3911
6/3/2022,1.3818
6/6/2022,1.3774
6/7/2022,1.3695
6/8/2022,1.4062
6/9/2022,1.4651
6/10/2022,1.4506
6/13/2022,1.4566
6/14/2022,1.4348
6/15/2022,1.4318
6/16/2022,1.4353
6/17/2022,1.4345
6/20/2022,1.4345
6/21/2022,1.4351
6/22/2022,1.4332
6/23/2022,1.3632
6/24/2022,1.0376
6/27/2022,0.9994
6/28/2022,1.0196
6/29/2022,1.0295
6/30/2022,1.0492
7/1/2022,1.0498
7/4/2022,1.0898
7/5/2022,1.0897
7/6/2022,1.0895
7/7/2022,1.0897
7/8/2022,1.0894
7/11/2022,1.0295
7/12/2022,1.0093
7/13/2022,0.9899
7/14/2022,0.9393
7/15/2022,0.9194
7/18/2022,0.9597
7/19/2022,1
7/20/2022,1
7/21/2022,1
7/22/2022,0.99
7/25/2022,0.97
7/26/2022,1
7/27/2022,0.99
7/28/2022,1.02
7/29/2022,1.03
8/1/2022,1
8/2/2022,1.01
8/3/2022,1
8/4/2022,1
8/5/2022,1.01
8/8/2022,1.02
8/9/2022,1.05
8/10/2022,1.06
8/11/2022,1.1
8/12/2022,1.14
8/15/2022,1.19
8/16/2022,1.22
8/17/2022,1.18
8/18/2022,1.19
8/19/2022,1.19
8/22/2022,1.21
8/23/2022,1.17
8/24/2022,1.18
8/25/2022,1.18
8/26/2022,1.22
8/29/2022,1.22
8/30/2022,1.17
8/31/2022,1.19
9/1/2022,1.13
9/2/2022,1.09
9/5/2022,1.09
9/6/2022,1.09
9/7/2022,1.07
9/8/2022,1.09
9/9/2022,1.09
9/12/2022,1.09
9/13/2022,1.06
9/14/2022,1.06
9/15/2022,1.06
9/16/2022,1.02
9/19/2022,1.02
9/20/2022,0.94
9/21/2022,0.97
9/22/2022,0.97
9/23/2022,0.94
9/26/2022,0.94
9/27/2022,0.94
9/28/2022,0.94
9/29/2022,0.94
9/30/2022,0.93
10/3/2022,0.93
10/4/2022,0.93
10/5/2022,0.93
10/6/2022,0.93
10/7/2022,0.93
10/10/2022,0.88
10/11/2022,0.88
10/12/2022,0.85
10/13/2022,0.85
10/14/2022,0.83
10/17/2022,0.83
10/18/2022,0.82
10/19/2022,0.78
10/20/2022,0.78
10/21/2022,0.79
10/24/2022,0.76
10/25/2022,0.78
10/26/2022,0.78
10/27/2022,0.75
10/28/2022,0.72
10/31/2022,0.72
11/1/2022,0.75
11/2/2022,0.79
11/3/2022,0.83
11/4/2022,0.87
11/7/2022,0.87
11/8/2022,0.88
11/9/2022,0.86
11/10/2022,0.87
11/11/2022,0.88
11/14/2022,0.85
11/15/2022,0.89
11/16/2022,0.88
11/17/2022,0.87
11/18/2022,0.85
11/21/2022,0.81
11/22/2022,0.84
11/23/2022,0.84
11/24/2022,0.84
11/25/2022,0.83
11/28/2022,0.8
11/29/2022,0.81
11/30/2022,0.86
12/1/2022,0.86
12/2/2022,0.86
12/5/2022,0.85
12/6/2022,0.86
12/7/2022,0.86
12/8/2022,0.86
12/9/2022,0.86
12/12/2022,0.86
12/13/2022,0.86
12/14/2022,0.86
12/15/2022,0.86
12/16/2022,0.86
12/19/2022,0.86
12/20/2022,0.88
12/21/2022,0.88
12/22/2022,0.84
12/23/2022,0.85
12/26/2022,0.85
12/27/2022,0.84
12/28/2022,0.83
12/29/2022,0.83
12/30/2022,0.83
1/2/2023,0.83
1/3/2023,0.83
1/4/2023,0.8
1/5/2023,0.83
1/6/2023,0.86
1/9/2023,0.86
1/10/2023,0.85
1/11/2023,0.84
1/12/2023,0.82
1/13/2023,0.82
1/16/2023,0.82
1/17/2023,0.83
1/18/2023,0.85
1/19/2023,0.84
1/20/2023,0.87
1/23/2023,0.87
1/24/2023,0.86
1/25/2023,0.87
1/26/2023,0.87
1/27/2023,0.87
1/30/2023,0.85
1/31/2023,0.86
2/1/2023,0.86
2/2/2023,0.86
2/3/2023,0.85
2/6/2023,0.83
2/7/2023,0.85
2/8/2023,0.85
2/9/2023,0.86
2/10/2023,0.85
2/13/2023,0.86
2/14/2023,0.86
2/15/2023,0.83
2/16/2023,0.81
2/17/2023,0.8
2/20/2023,0.8
2/21/2023,0.81
2/22/2023,0.83
2/23/2023,0.82
2/24/2023,0.83
2/27/2023,0.83
2/28/2023,0.84
3/1/2023,0.84
3/2/2023,0.84
3/3/2023,0.84
3/6/2023,0.84
3/7/2023,0.83
3/8/2023,0.83
3/9/2023,0.83
3/10/2023,0.78
3/13/2023,0.81
3/14/2023,0.81
3/15/2023,0.79
3/16/2023,0.79
3/17/2023,0.78
3/20/2023,0.77
3/21/2023,0.78
3/22/2023,0.78
3/23/2023,0.77
3/24/2023,0.77
3/27/2023,0.8
3/28/2023,0.83
3/29/2023,0.83
3/30/2023,0.84
3/31/2023,0.83
4/3/2023,0.82
4/4/2023,0.81
4/5/2023,0.81
4/6/2023,0.83
4/7/2023,0.83
4/10/2023,0.82
4/11/2023,0.83
4/12/2023,0.83
4/13/2023,0.83
4/14/2023,0.83
4/17/2023,0.83
4/18/2023,0.84
4/19/2023,0.83
4/20/2023,0.79
4/21/2023,0.78
4/24/2023,0.8
4/25/2023,0.76
4/26/2023,0.76
4/27/2023,0.76
4/28/2023,0.81
5/1/2023,0.81
5/2/2023,0.81
5/3/2023,0.81
5/4/2023,0.81
5/5/2023,0.84
5/8/2023,0.84
5/9/2023,0.81
5/10/2023,0.81
5/11/2023,0.8
5/12/2023,0.8
5/15/2023,0.83
5/16/2023,0.83
5/17/2023,0.87
5/18/2023,0.87
5/19/2023,0.87
5/22/2023,0.85
5/23/2023,0.84
5/24/2023,0.82
5/25/2023,0.8
5/26/2023,0.84
5/29/2023,0.84
5/30/2023,0.84
5/31/2023,0.84
6/1/2023,0.87
6/2/2023,0.86
6/5/2023,0.85
6/6/2023,0.85
6/7/2023,0.85
6/8/2023,0.84
6/9/2023,0.84
6/12/2023,0.83
6/13/2023,0.83
6/14/2023,0.82
6/15/2023,0.81
6/16/2023,0.81
6/19/2023,0.81
6/20/2023,0.81
6/21/2023,0.79
6/22/2023,0.79
6/23/2023,0.78
6/26/2023,0.81
6/27/2023,0.8
6/28/2023,0.8
6/29/2023,0.8
6/30/2023,0.8
7/3/2023,0.83
7/4/2023,0.83
7/5/2023,0.84
7/6/2023,0.84
7/7/2023,0.84
7/10/2023,0.8
7/11/2023,0.83
7/12/2023,0.82
7/13/2023,0.83
7/14/2023,0.83
7/17/2023,0.82
7/18/2023,0.84
7/19/2023,0.85
7/20/2023,0.86
7/21/2023,0.85
7/24/2023,0.86
7/25/2023,0.89
7/26/2023,0.89
7/27/2023,0.86
7/28/2023,0.85
7/31/2023,0.86
8/1/2023,0.87
8/2/2023,0.85
8/3/2023,0.85
8/4/2023,0.86
8/7/2023,0.86
8/8/2023,0.86
8/9/2023,0.85
8/10/2023,0.87
8/11/2023,0.9
8/14/2023,0.88
8/15/2023,0.86
8/16/2023,0.85
8/17/2023,0.85
8/18/2023,0.85
8/21/2023,0.86
8/22/2023,0.85
8/23/2023,0.86
8/24/2023,0.86
8/25/2023,0.88
8/28/2023,0.87
8/29/2023,0.87
8/30/2023,0.88
8/31/2023,0.88
9/1/2023,0.9
9/4/2023,0.9
9/5/2023,0.88
9/6/2023,0.86
9/7/2023,0.84
9/8/2023,0.85
9/11/2023,0.87
9/12/2023,0.88
9/13/2023,0.86
9/14/2023,0.86
9/15/2023,0.85
9/18/2023,0.86
9/19/2023,0.87
9/20/2023,0.85
9/21/2023,0.85
9/22/2023,0.85
9/25/2023,0.85
9/26/2023,0.85
9/27/2023,0.85
9/28/2023,0.89
9/29/2023,0.85
10/2/2023,0.85
10/3/2023,0.85
10/4/2023,0.85
10/5/2023,0.85
10/6/2023,0.85
10/9/2023,0.87
10/10/2023,0.85
10/11/2023,0.85
10/12/2023,0.85
10/13/2023,0.86
10/16/2023,0.85
10/17/2023,0.83
10/18/2023,0.84
10/19/2023,0.84
10/20/2023,0.82
10/23/2023,0.84
10/24/2023,0.83
10/25/2023,0.84
10/26/2023,0.85
10/27/2023,0.84
10/30/2023,0.83
10/31/2023,0.81
11/1/2023,0.79
11/2/2023,0.8
11/3/2023,0.8
11/6/2023,0.78
11/7/2023,0.76
11/8/2023,0.75
11/9/2023,0.76
11/10/2023,0.77
11/13/2023,0.77
11/14/2023,0.78
11/15/2023,0.78
11/16/2023,0.79
11/17/2023,0.79
11/20/2023,0.78
11/24/2023,0.8
11/27/2023,0.8
11/28/2023,0.8
11/29/2023,0.79
11/30/2023,0.79
12/1/2023,0.8
12/4/2023,0.79
12/5/2023,0.78
12/6/2023,0.78
12/7/2023,0.83
12/8/2023,0.82
12/11/2023,0.82
12/12/2023,0.81
12/13/2023,0.81
12/14/2023,0.81
12/15/2023,0.8
12/18/2023,0.79
12/19/2023,0.79
12/20/2023,0.79
12/21/2023,0.79
12/22/2023,0.8
12/25/2023,0.8
12/26/2023,0.8
12/27/2023,0.81
12/28/2023,0.81
12/29/2023,0.81
1/1/2024,0.81
1/2/2024,0.8
1/3/2024,0.81
1/4/2024,0.8
1/5/2024,0.8
1/8/2024,0.8
1/9/2024,0.81
1/10/2024,0.8
1/11/2024,0.81
1/12/2024,0.81
1/15/2024,0.81
1/16/2024,0.81
1/17/2024,0.82
1/18/2024,0.82
1/19/2024,0.84
1/22/2024,0.85
1/23/2024,0.85
1/24/2024,0.85
1/25/2024,0.86
1/26/2024,0.84
1/29/2024,0.84
1/30/2024,0.85
1/31/2024,0.85
2/1/2024,0.87
2/2/2024,0.87
2/5/2024,0.87
2/6/2024,0.87
2/7/2024,0.89
2/8/2024,0.89
2/9/2024,0.92
2/12/2024,0.9
2/13/2024,0.91
2/14/2024,0.93
2/15/2024,0.95
2/16/2024,0.94
2/19/2024,0.94
2/20/2024,0.91
2/21/2024,0.93
2/22/2024,0.94
2/23/2024,0.95
2/26/2024,0.96
2/27/2024,0.99
2/28/2024,1.07
2/29/2024,1.07
3/1/2024,1.07
3/4/2024,0.99
3/5/2024,0.99
3/6/2024,0.99
3/7/2024,0.99
3/8/2024,0.95
3/11/2024,0.95
3/12/2024,0.95
3/13/2024,0.95
3/14/2024,0.94
3/15/2024,0.94
3/18/2024,0.95
3/19/2024,0.93
3/20/2024,0.92
3/21/2024,0.92
3/22/2024,0.92
3/25/2024,0.92
3/26/2024,0.93
3/27/2024,0.91
3/28/2024,0.91
3/29/2024,0.91
4/1/2024,0.93
4/2/2024,0.91
4/3/2024,0.89
4/4/2024,0.87
4/5/2024,0.86
4/8/2024,0.87
4/9/2024,0.86
4/10/2024,0.85
4/11/2024,0.85
4/12/2024,0.83
4/15/2024,0.83
4/16/2024,0.83
4/17/2024,0.81
4/18/2024,0.8
4/19/2024,0.78
4/22/2024,0.79
4/23/2024,0.8
4/24/2024,0.8
4/25/2024,0.8
4/26/2024,0.8
4/29/2024,0.8
4/30/2024,0.79
5/1/2024,0.79
5/2/2024,0.79
5/3/2024,0.79
5/6/2024,0.79
5/7/2024,0.79
5/8/2024,0.79
5/9/2024,0.78
5/10/2024,0.77
5/13/2024,0.78
5/14/2024,0.75
5/15/2024,0.75
5/16/2024,0.76
5/17/2024,0.76
5/20/2024,0.76
5/21/2024,0.76
5/22/2024,0.79
5/23/2024,0.82
5/24/2024,0.8
5/27/2024,0.8
5/28/2024,0.82
5/29/2024,0.81
5/30/2024,0.78
5/31/2024,0.76
6/3/2024,0.73
6/4/2024,0.73
6/5/2024,0.74
6/6/2024,0.74
6/7/2024,0.76
6/10/2024,0.72
6/11/2024,0.73
6/12/2024,0.72
6/13/2024,0.71
6/14/2024,0.71
6/17/2024,0.7
6/18/2024,0.71
6/19/2024,0.71
6/20/2024,0.71
6/21/2024,0.69
6/24/2024,0.69
6/25/2024,0.74
6/26/2024,0.73
6/27/2024,0.73
6/28/2024,0.73
7/1/2024,0.72
7/2/2024,0.72
7/3/2024,0.72
7/4/2024,0.72
7/5/2024,0.72
7/8/2024,0.72
7/9/2024,0.72
7/10/2024,0.7
7/11/2024,0.69
7/12/2024,0.69
7/15/2024,0.71
7/16/2024,0.7
7/17/2024,0.71
7/18/2024,0.72
7/19/2024,0.7
7/22/2024,0.7
7/23/2024,0.68
7/24/2024,0.67
7/25/2024,0.67
7/26/2024,0.66
7/29/2024,0.68
7/30/2024,0.68
7/31/2024,0.68
8/1/2024,0.67
8/2/2024,0.67
8/5/2024,0.67
8/6/2024,0.67
8/7/2024,0.67
8/8/2024,0.66
8/9/2024,0.67
8/12/2024,0.69
8/13/2024,0.69
8/14/2024,0.67
8/15/2024,0.67
8/16/2024,0.67
8/19/2024,0.68
8/20/2024,0.69
8/21/2024,0.7
8/22/2024,0.69
8/23/2024,0.71
8/26/2024,0.71
8/27/2024,0.7
8/28/2024,0.7
8/29/2024,0.7
8/30/2024,0.7
9/2/2024,0.7
9/3/2024,0.71
9/4/2024,0.7
9/5/2024,0.69
9/6/2024,0.67
9/9/2024,0.67
9/10/2024,0.68
9/11/2024,0.69
9/12/2024,0.69
9/13/2024,0.69
9/16/2024,0.71
9/17/2024,0.7
9/18/2024,0.7
9/19/2024,0.7
9/20/2024,0.72
9/23/2024,0.72
9/24/2024,0.72
9/25/2024,0.72
9/26/2024,0.74
9/27/2024,0.74
9/30/2024,0.74
10/1/2024,0.74
10/2/2024,0.74
10/3/2024,0.74
10/4/2024,0.74
10/7/2024,0.74
10/8/2024,0.74
10/9/2024,0.74
10/10/2024,0.74
10/11/2024,0.72
10/14/2024,0.71
10/15/2024,0.71
10/16/2024,0.71
10/17/2024,0.71
10/18/2024,0.71
10/21/2024,0.72
10/22/2024,0.72
10/23/2024,0.72
10/24/2024,0.72
10/25/2024,0.72
10/28/2024,0
10/29/2024,0.71
10/30/2024,0.7
10/31/2024,0.7
11/1/2024,0.7
11/4/2024,0.7
11/5/2024,0.7
11/6/2024,0.7
11/7/2024,0.71
11/8/2024,0.71
11/11/2024,0.7
11/12/2024,0.7
11/13/2024,0.69
11/14/2024,0.68
11/15/2024,0.67
11/18/2024,0.67
11/19/2024,0.67
11/20/2024,0.67
11/21/2024,0.69
11/22/2024,0.71
11/25/2024,0.71
11/26/2024,0.73
11/27/2024,0.74
11/28/2024,0.74
11/29/2024,0.73
12/2/2024,0.73
12/3/2024,0.72
12/4/2024,0.73
12/5/2024,0.73
12/6/2024,0.73
12/9/2024,0.7
12/10/2024,0.69
12/11/2024,0.7
12/12/2024,0.7
12/13/2024,0.7
12/16/2024,0.69
12/17/2024,0.69
12/18/2024,0.69
12/19/2024,0.68
12/20/2024,0.68
12/23/2024,0.69
12/24/2024,0.69
12/25/2024,0.69
12/26/2024,0.69
12/27/2024,0.69
12/30/2024,0.68
12/31/2024,0.68
1/1/2025,0.68
1/2/2025,0.68
1/3/2025,0.69
1/6/2025,0.69
1/7/2025,0.69
1/8/2025,0.69
1/9/2025,0.68
1/10/2025,0.67
1/13/2025,0.68
1/14/2025,0.68
1/15/2025,0.68
1/16/2025,0.68
1/17/2025,0.68
1/20/2025,0.68
1/21/2025,0.68
1/22/2025,0.67
1/23/2025,0.68
1/24/2025,0.68
1/27/2025,0.67
1/28/2025,0.67
1/29/2025,0.67
1/30/2025,0.67
1/31/2025,0.66
2/3/2025,0.66
2/4/2025,0.67
2/5/2025,0.66
2/6/2025,0.66
2/7/2025,0.66
2/10/2025,0.67
2/11/2025,0.67
2/12/2025,0.67
2/13/2025,0.67
2/14/2025,0.67
2/17/2025,0.67
2/18/2025,0.68
2/19/2025,0.66
2/20/2025,0.66
2/21/2025,0.66
2/24/2025,0.66
2/25/2025,0.66
2/26/2025,0.66
2/27/2025,0.66
2/28/2025,0.66
3/3/2025,0.65
3/4/2025,0.64
3/5/2025,0.62
3/6/2025,0.62
3/7/2025,0.62
3/10/2025,0.66
3/11/2025,0.66
3/12/2025,0.67
3/13/2025,0.67
3/14/2025,0.67
3/17/2025,0.67
3/18/2025,0.66
3/19/2025,0.66
3/20/2025,0.66
3/21/2025,0.65
3/24/2025,0.65
3/25/2025,0.65
3/26/2025,0.65
3/27/2025,0.67
3/28/2025,0.67
3/31/2025,0.67
4/1/2025,0.68
4/2/2025,0.68
4/3/2025,0.65
4/4/2025,0.63
4/7/2025,0.66
4/8/2025,0.66
4/9/2025,0.67
4/10/2025,0.67
4/11/2025,0.66
4/14/2025,0.64
4/15/2025,0.65
4/16/2025,0.66
4/17/2025,0.66
4/18/2025,0.66
4/21/2025,0.66
4/22/2025,0.67
4/23/2025,0.69
4/24/2025,0.69
4/25/2025,0.67
4/28/2025,0.67
4/29/2025,0.67
4/30/2025,0.66
5/1/2025,0.66
5/2/2025,0.66
5/5/2025,0.7
5/6/2025,0.74
5/7/2025,0.74
5/8/2025,0.67
5/9/2025,0.67
5/12/2025,0.67
5/13/2025,0.67
5/14/2025,0.66
5/15/2025,0.65
5/16/2025,0.65
5/19/2025,0.66
5/20/2025,0.66
5/21/2025,0.66
5/22/2025,0.66
5/23/2025,0.66
5/26/2025,0.66
5/27/2025,0.66
5/28/2025,0.65
5/29/2025,0.65
5/30/2025,0.65
6/2/2025,0.66
6/3/2025,0.66
6/4/2025,0.65
6/5/2025,0.65
6/6/2025,0.66
6/9/2025,0.66
6/10/2025,0.65
6/11/2025,0.65
6/12/2025,0.65
6/13/2025,0.65
6/16/2025,0.65
6/17/2025,0.65
6/18/2025,0.65
6/19/2025,0.65
6/20/2025,0.64
6/23/2025,0.64
6/24/2025,0.64
6/25/2025,0.67
6/26/2025,0.67
6/27/2025,0.68
6/30/2025,0.68
7/1/2025,0.68
7/2/2025,0.68
7/3/2025,0.68
7/4/2025,0.68
7/7/2025,0.68
7/8/2025,0.68
7/9/2025,0.68
7/10/2025,0.68
7/11/2025,0.66
7/14/2025,0.66
7/15/2025,0.66
7/16/2025,0.67
7/17/2025,0.67
7/18/2025,0.67
7/21/2025,0.67
7/22/2025,0.67
7/23/2025,0.67
7/24/2025,0.67
7/25/2025,0.67
7/28/2025,0.67
7/29/2025,0.67
7/30/2025,0.66
7/31/2025,0.66
8/1/2025,0.66
8/4/2025,0.65
8/5/2025,0.65
8/6/2025,0.66
8/7/2025,0.66
8/8/2025,0.65
8/11/2025,0.65
8/12/2025,0.65
8/13/2025,0.67
8/14/2025,0.67
8/15/2025,0.66
8/18/2025,0.66
8/19/2025,0.67
8/20/2025,0.66
8/21/2025,0.66
8/22/2025,0.66
8/25/2025,0.66
8/26/2025,0.5681
8/27/2025,0.65
8/28/2025,0.65
8/29/2025,0.66
9/1/2025,0.65
9/2/2025,0.65
9/3/2025,0.65
9/4/2025,0.65
9/5/2025,0.65
9/8/2025,0.65
9/9/2025,0.65
9/10/2025,0.65
9/11/2025,0.66
9/12/2025,0.65
9/15/2025,0.66
9/16/2025,0.66
9/17/2025,0.66
9/18/2025,0.66
9/19/2025,0.65
9/22/2025,0.65
9/23/2025,0.64
9/24/2025,0.64
9/25/2025,0.64
9/26/2025,0.64
9/29/2025,0.64
9/30/2025,0.64
10/1/2025,0.64
10/2/2025,0.64
10/3/2025,0.64
10/6/2025,0.64
10/7/2025,0.64
10/8/2025,0.64
10/9/2025,0.64
10/10/2025,0.64
10/13/2025,0.64
10/14/2025,0.63
10/15/2025,0.63
10/16/2025,0.64
10/17/2025,0.64
10/20/2025,0.64
10/21/2025,0.64
10/22/2025,0.64
10/23/2025,0.64
10/24/2025,0.64
10/27/2025,0.64
10/28/2025,0.65
10/29/2025,0.66
10/30/2025,0.65
10/31/2025,0.66
11/3/2025,0.66
11/4/2025,0.65
11/5/2025,0.65
11/6/2025,0.65
11/7/2025,0.64
11/10/2025,0.64
11/11/2025,0.64
11/12/2025,0.63
11/13/2025,0.63
11/14/2025,0.62
11/17/2025,0.62
11/18/2025,0.63
11/19/2025,0.62
11/20/2025,0.62
11/21/2025,0.61
11/24/2025,0.61
11/25/2025,0.62
11/26/2025,0.63
11/27/2025,0.63
11/28/2025,0.63
12/1/2025,0.63
12/2/2025,0.63
12/3/2025,0.63
12/4/2025,0.62
12/5/2025,0.62
12/8/2025,0.62
12/9/2025,0.64
12/10/2025,0.64
12/11/2025,0.64
12/12/2025,0.64
12/15/2025,0.64
12/16/2025,0.63
12/17/2025,0.63
12/18/2025,0.64
12/19/2025,0.64
12/22/2025,0.64
12/23/2025,0.64
12/24/2025,0.64
12/25/2025,0.64
12/26/2025,0.64
12/29/2025,0.64
12/30/2025,0.64
12/31/2025,0.64
1/1/2026,0.64
1/2/2026,0.64
1/5/2026,0.65
1/6/2026,0.65
1/7/2026,0.65
1/8/2026,0.64
1/9/2026,0.64
1/12/2026,0.65
1/13/2026,0.65
1/14/2026,0.65
1/15/2026,0.65
1/16/2026,0.65
1/19/2026,0.65
1/20/2026,0.64
1/21/2026,0.64
1/22/2026,0.64
1/23/2026,0.64
1/26/2026,0.63
1/27/2026,0.64
1/28/2026,0.64
1/29/2026,0.63
1/30/2026,0.63
2/2/2026,0.63
2/3/2026,0.62
2/4/2026,0.62
2/5/2026,0.62
2/6/2026,0.61
2/9/2026,0.62
2/10/2026,0.62
2/11/2026,0.62
2/12/2026,0.62
2/13/2026,0.62
2/16/2026,0.62
2/17/2026,0.62
2/18/2026,0.62
2/19/2026,0.62
2/20/2026,0.63
2/23/2026,0.64
2/24/2026,0.64
2/25/2026,0.64
2/26/2026,0.63
2/27/2026,0.64
3/2/2026,0.63
3/3/2026,0.62
3/4/2026,0.62
3/5/2026,0.63
3/6/2026,0.63
3/9/2026,0.64
3/10/2026,0.65
3/11/2026,0.65
3/12/2026,0.65
3/13/2026,0.66
3/16/2026,0.68
3/17/2026,0.69
3/18/2026,0.69
3/19/2026,0.68
3/20/2026,0.67
3/23/2026,0.67
3/24/2026,0.68
3/25/2026,0.68
3/26/2026,0.69
3/27/2026,0.69
3/30/2026,0.7
3/31/2026,0.7
4/1/2026,0.71
4/2/2026,0.71
4/3/2026,0.71
4/6/2026,0.72
4/7/2026,0.71
4/8/2026,0.72
4/9/2026,0.73
4/10/2026,0.73
4/13/2026,0.75
4/14/2026,0.74
4/15/2026,0.75
4/16/2026,0.76
4/17/2026,0.77
4/20/2026,0.78
4/21/2026,0.78
4/22/2026,0.76
4/23/2026,0.77
4/24/2026,0.77
4/27/2026,0.77
4/28/2026,0.77
4/29/2026,0.77
4/30/2026,0.8
5/1/2026,0.82
5/4/2026,0.81
5/5/2026,0.82
5/6/2026,0.82
5/7/2026,0.83
5/8/2026,0.85
5/11/2026,0.88
5/12/2026,0.86
5/13/2026,0.87
5/14/2026,0.84
5/15/2026,0.81
5/18/2026,0.84
5/19/2026,0.82
5/20/2026,0.82
5/21/2026,0.78
5/22/2026,0.77
5/25/2026,0.77
5/26/2026,0.77
5/27/2026,0.76
5/28/2026,0.77
5/29/2026,0.76
6/1/2026,0.77
6/2/2026,0.77
6/3/2026,0.77
6/4/2026,0.75
6/5/2026,0.74
6/8/2026,0.73
6/9/2026,0.71
6/10/2026,0.71
6/11/2026,0.72
6/12/2026,0.73
6/15/2026,0.73
6/16/2026,0.75
6/17/2026,0.77
6/18/2026,0.76
6/19/2026,0.76
6/22/2026,0.75
6/23/2026,0.74
6/24/2026,0.72
6/25/2026,0.73
6/26/2026,0.72
6/29/2026,0.72
6/30/2026,0.72
7/1/2026,0.73
7/2/2026,0.73
7/3/2026,0.73
7/6/2026,0.74
7/7/2026,0.77
7/8/2026,0.76
7/9/2026,0.76
7/10/2026,0.8
7/13/2026,0.8
7/14/2026,0.8
7/15/2026,0.81
7/16/2026,0.78
7/17/2026,0.77
7/20/2026,0.77
7/21/2026,0.79
