Date,Value
11/16/1972,128.4
11/17/1972,128.4
11/20/1972,128.4
11/21/1972,127
11/27/1972,127.1
11/28/1972,127.1
11/29/1972,127.1
11/30/1972,127.1
12/1/1972,128
12/4/1972,128
12/5/1972,128
12/6/1972,130
12/7/1972,130
12/8/1972,134
12/11/1972,138
12/12/1972,138
12/13/1972,138
12/14/1972,138
12/15/1972,138
12/18/1972,138.5
12/19/1972,138.5
12/20/1972,138.5
12/21/1972,137
12/22/1972,138.5
12/26/1972,137
12/27/1972,142
12/29/1972,144
1/2/1973,144
1/3/1973,145
1/4/1973,145
1/5/1973,145
1/8/1973,146
1/9/1973,147
1/10/1973,152
1/11/1973,147
1/12/1973,147
1/15/1973,142.5
1/16/1973,142
1/17/1973,144
1/18/1973,145
1/19/1973,146
1/22/1973,145
1/23/1973,145
1/24/1973,145
1/26/1973,147.3
1/29/1973,145
1/30/1973,143
1/31/1973,145
2/1/1973,146.2
2/2/1973,147.3
2/5/1973,151.5
2/6/1973,153
2/7/1973,152.3
2/8/1973,155
2/9/1973,158
2/12/1973,162
2/13/1973,157
2/14/1973,157
2/15/1973,158.7
2/16/1973,156.5
2/20/1973,158.5
2/21/1973,163.4
2/22/1973,163.1
2/23/1973,162
2/26/1973,160
2/27/1973,158
2/28/1973,158
3/1/1973,159.5
3/2/1973,158.9
3/5/1973,159.2
3/6/1973,159
3/7/1973,161
3/8/1973,166
3/9/1973,166
3/12/1973,171
3/13/1973,171.5
3/14/1973,167.9
3/15/1973,167.9
3/16/1973,170
3/19/1973,171.5
3/20/1973,169.2
3/21/1973,168
3/22/1973,168.5
3/23/1973,168.5
3/26/1973,163.5
3/27/1973,158.5
3/28/1973,162
3/29/1973,159
3/30/1973,162.8
4/2/1973,162.5
4/3/1973,161.5
4/4/1973,161.5
4/5/1973,157
4/6/1973,158.1
4/9/1973,159.75
4/10/1973,159.3
4/11/1973,157
4/12/1973,157
4/13/1973,157.5
4/16/1973,158.5
4/17/1973,162
4/18/1973,158.5
4/19/1973,158.5
4/23/1973,156.4
4/24/1973,156.5
4/25/1973,154.4
4/26/1973,154
4/27/1973,151.4
4/30/1973,151.8
5/1/1973,147.7
5/2/1973,144.5
5/3/1973,141
5/4/1973,138.5
5/7/1973,135
5/8/1973,136
5/9/1973,140
5/10/1973,135
5/11/1973,130
5/14/1973,130.5
5/15/1973,125.5
5/16/1973,120.5
5/17/1973,116.5
5/18/1973,121.5
5/21/1973,126.5
5/22/1973,131.5
5/23/1973,133.3
5/24/1973,138.3
5/25/1973,143.3
5/29/1973,140
5/30/1973,139
5/31/1973,137
6/1/1973,137.5
6/4/1973,132.5
6/5/1973,127.6
6/6/1973,123.8
6/7/1973,126.3
6/8/1973,123.5
6/11/1973,126.9
6/12/1973,131.7
6/13/1973,129.2
6/14/1973,129.2
6/15/1973,126.7
6/18/1973,130.8
6/19/1973,128.3
6/20/1973,125.1
6/21/1973,126.5
6/22/1973,126.3
6/25/1973,126.4
6/26/1973,126.2
6/27/1973,124.2
6/28/1973,125.5
6/29/1973,125.2
7/2/1973,120.4
7/3/1973,119.5
7/5/1973,121.8
7/6/1973,125.6
7/9/1973,123.4
7/10/1973,123
7/11/1973,128
7/12/1973,131.5
7/13/1973,129.9
7/16/1973,134.9
7/17/1973,136
7/18/1973,139.4
7/19/1973,144.4
7/20/1973,139.4
7/23/1973,144.4
7/24/1973,141.5
7/25/1973,142.9
7/26/1973,146
7/27/1973,147.3
7/30/1973,145.2
7/31/1973,142.2
8/1/1973,141.3
8/2/1973,145.2
8/3/1973,147.9
8/6/1973,150.4
8/7/1973,151.1
8/8/1973,152
8/9/1973,152.4
8/10/1973,154.6
8/13/1973,155
8/14/1973,150
8/15/1973,147.3
8/16/1973,152.3
8/17/1973,154.3
8/20/1973,153.3
8/21/1973,152.2
8/22/1973,154
8/23/1973,159
8/24/1973,161
8/27/1973,156.1
8/28/1973,152.58
8/29/1973,150.34
8/30/1973,145.26
8/31/1973,141
9/4/1973,135.9
9/5/1973,140.9
9/6/1973,141.7
9/7/1973,137.3
9/10/1973,135.6
9/11/1973,137.1
9/12/1973,133.9
9/13/1973,133.8
9/14/1973,136.2
9/17/1973,138.7
9/18/1973,134.2
9/19/1973,130.7
9/20/1973,132.1
9/21/1973,127.4
9/24/1973,124.5
9/25/1973,126.5
9/26/1973,127.2
9/27/1973,125
9/28/1973,124.7
10/1/1973,127.4
10/2/1973,125.9
10/3/1973,130.9
10/4/1973,132.7
10/5/1973,129.1
10/8/1973,129.5
10/9/1973,131
10/10/1973,129.3
10/11/1973,128.3
10/12/1973,132
10/15/1973,131.8
10/16/1973,130.3
10/17/1973,131.5
10/18/1973,136.5
10/19/1973,138.3
10/22/1973,141.5
10/23/1973,139
10/24/1973,140.2
10/25/1973,144.5
10/26/1973,142.84
10/29/1973,141.68
10/30/1973,139.1
10/31/1973,135.4
11/1/1973,136.7
11/2/1973,135.9
11/5/1973,138.3
11/6/1973,133.4
11/7/1973,133.6
11/8/1973,134.8
11/9/1973,137.9
11/12/1973,138.9
11/13/1973,133.9
11/14/1973,128.9
11/15/1973,132
11/16/1973,134.9
11/19/1973,133
11/20/1973,130.7
11/21/1973,134.3
11/23/1973,136.5
11/26/1973,131.5
11/27/1973,133.2
11/28/1973,137.8
11/29/1973,136.8
11/30/1973,134.5
12/3/1973,134.7
12/4/1973,137.8
12/5/1973,137
12/6/1973,136.6
12/7/1973,136.6
12/10/1973,139.3
12/11/1973,135.9
12/12/1973,132.6
12/13/1973,131.9
12/14/1973,130.5
12/17/1973,131.1
12/18/1973,132
12/19/1973,127.8
12/20/1973,126.8
12/21/1973,123.2
12/26/1973,125.48
12/27/1973,129.26
12/28/1973,129.16
12/31/1973,127.8
1/2/1974,124.3
1/3/1974,122.9
1/4/1974,123
1/7/1974,124
1/8/1974,123.7
1/9/1974,122
1/10/1974,123.6
1/11/1974,123
1/14/1974,124.7
1/15/1974,123.2
1/16/1974,123.7
1/17/1974,124.7
1/18/1974,124.3
1/21/1974,129.4
1/22/1974,132.7
1/23/1974,131.5
1/24/1974,136.3
1/25/1974,141
1/28/1974,141.7
1/29/1974,140.5
1/30/1974,138.3
1/31/1974,138.6
2/1/1974,143.6
2/4/1974,142.7
2/5/1974,138.6
2/6/1974,136.5
2/7/1974,138.5
2/8/1974,140
2/11/1974,139.9
2/12/1974,137.7
2/13/1974,141
2/14/1974,145.3
2/15/1974,150
2/19/1974,154.5
2/20/1974,159.5
2/21/1974,164.5
2/22/1974,162
2/25/1974,166.86
2/26/1974,169.88
2/27/1974,164.82
2/28/1974,159.76
3/1/1974,157.9
3/4/1974,160.9
3/5/1974,165.9
3/6/1974,170.4
3/7/1974,175.4
3/8/1974,173.3
3/11/1974,177.9
3/12/1974,175.1
3/13/1974,173.5
3/14/1974,168.5
3/15/1974,163.8
3/18/1974,168.8
3/19/1974,173.8
3/20/1974,175
3/21/1974,170
3/22/1974,168.1
3/25/1974,163.1
3/26/1974,161.3
3/27/1974,160.3
3/28/1974,155.3
3/29/1974,153
4/1/1974,158
4/2/1974,153
4/3/1974,153
4/4/1974,158
4/5/1974,163
4/8/1974,168
4/9/1974,163.5
4/10/1974,165.3
4/11/1974,161.8
4/15/1974,157.5
4/16/1974,157.2
4/17/1974,162.2
4/18/1974,157.2
4/19/1974,153.5
4/22/1974,151.3
4/23/1974,149.2
4/24/1974,154.2
4/25/1974,148.1
4/26/1974,146.66
4/29/1974,142.68
4/30/1974,137.12
5/1/1974,135.4
5/2/1974,140.4
5/3/1974,137
5/6/1974,133.4
5/7/1974,138.4
5/8/1974,143.4
5/9/1974,146.2
5/10/1974,145.8
5/13/1974,144.6
5/14/1974,143.2
5/15/1974,144.3
5/16/1974,144.8
5/17/1974,140
5/20/1974,135.6
5/21/1974,137
5/22/1974,140.8
5/23/1974,139.7
5/24/1974,140.7
5/28/1974,137.3
5/29/1974,136.5
5/30/1974,141.5
5/31/1974,138
6/3/1974,137.9
6/4/1974,140.4
6/5/1974,138.1
6/6/1974,139.7
6/7/1974,140.5
6/10/1974,139.8
6/11/1974,138.8
6/12/1974,140.7
6/13/1974,145.7
6/14/1974,145.9
6/17/1974,144.4
6/18/1974,140.1
6/19/1974,137.7
6/20/1974,139.9
6/21/1974,137.8
6/24/1974,137.9
6/25/1974,138.86
6/26/1974,136.54
6/27/1974,133.18
6/28/1974,130.34
7/1/1974,130.1
7/2/1974,132.5
7/3/1974,128.1
7/5/1974,129.7
7/8/1974,126.3
7/9/1974,128.4
7/10/1974,126.7
7/11/1974,129.8
7/12/1974,131.9
7/15/1974,126.9
7/16/1974,128
7/17/1974,129.9
7/18/1974,128.3
7/19/1974,130
7/22/1974,128.9
7/23/1974,133.1
7/24/1974,135.7
7/25/1974,135.6
7/26/1974,131.9
7/29/1974,133.5
7/30/1974,132.6
7/31/1974,130.8
8/1/1974,130.3
8/2/1974,131.6
8/5/1974,131.5
8/6/1974,131.4
8/7/1974,133.9
8/8/1974,132.6
8/9/1974,132
8/12/1974,131.2
8/13/1974,131.2
8/14/1974,130.6
8/15/1974,129.7
8/16/1974,128.2
8/19/1974,126.9
8/20/1974,128.9
8/21/1974,128.5
8/22/1974,130
8/23/1974,128.5
8/26/1974,128
8/27/1974,127.66
8/28/1974,127.92
8/29/1974,125.6
8/30/1974,126.14
9/3/1974,127.2
9/4/1974,125.5
9/5/1974,126.7
9/6/1974,124.1
9/9/1974,124
9/10/1974,123.2
9/11/1974,118.3
9/12/1974,115.7
9/13/1974,115.2
9/16/1974,111.6
9/17/1974,113.8
9/18/1974,111.7
9/19/1974,114.6
9/20/1974,110.3
9/23/1974,105.8
9/24/1974,106.7
9/25/1974,108.1
9/26/1974,103.3
9/27/1974,103
9/30/1974,100.2
10/1/1974,100.4
10/2/1974,98.3
10/3/1974,96.5
10/4/1974,96.5
10/7/1974,101.5
10/8/1974,102.2
10/9/1974,105.6
10/10/1974,110.6
10/11/1974,107.2
10/14/1974,105.9
10/15/1974,103.6
10/16/1974,101.4
10/17/1974,104.1
10/18/1974,106.1
10/21/1974,104.2
10/22/1974,106.1
10/23/1974,107.9
10/24/1974,107.8
10/25/1974,108
10/28/1974,110.14
10/29/1974,113.7
10/30/1974,113.62
10/31/1974,119.26
11/1/1974,121.3
11/4/1974,119
11/6/1974,121.5
11/7/1974,118
11/8/1974,117
11/11/1974,116.2
11/12/1974,114.5
11/13/1974,113.6
11/14/1974,114.3
11/15/1974,110.9
11/18/1974,107.3
11/19/1974,109.6
11/20/1974,107.6
11/21/1974,108.7
11/22/1974,112.6
11/25/1974,109.5
11/26/1974,114.5
11/27/1974,111.8
11/29/1974,111.3
12/2/1974,109.1
12/3/1974,109.5
12/4/1974,108.7
12/5/1974,109.1
12/6/1974,109.1
12/9/1974,109.5
12/10/1974,114
12/11/1974,111.8
12/12/1974,113
12/13/1974,114.1
12/16/1974,115.9
12/17/1974,114.5
12/18/1974,113
12/19/1974,112
12/20/1974,113.5
12/23/1974,114
12/24/1974,113.9
12/26/1974,116.5
12/27/1974,117.64
12/30/1974,117.76
12/31/1974,120.12
1/2/1975,123
1/3/1975,119.6
1/6/1975,118.1
1/7/1975,117.9
1/8/1975,117.9
1/9/1975,118.5
1/10/1975,120.4
1/13/1975,122.8
1/14/1975,118.9
1/15/1975,118.3
1/16/1975,119.8
1/17/1975,121
1/20/1975,126
1/21/1975,130.2
1/22/1975,132.1
1/23/1975,130.7
1/24/1975,132.7
1/27/1975,134.9
1/28/1975,132.9
1/29/1975,132.1
1/30/1975,130.7
1/31/1975,132
2/3/1975,133.4
2/4/1975,131.6
2/5/1975,132
2/6/1975,131.6
2/7/1975,132.6
2/10/1975,131.8
2/11/1975,128.4
2/12/1975,126.8
2/13/1975,128.3
2/14/1975,125.8
2/18/1975,124.8
2/19/1975,123.9
2/20/1975,119.8
2/21/1975,119
2/24/1975,117.7
2/25/1975,117
2/26/1975,119.36
2/27/1975,123
2/28/1975,124.5
3/3/1975,131
3/4/1975,132
3/5/1975,132.8
3/6/1975,134.5
3/7/1975,135
3/10/1975,130
3/11/1975,131.7
3/12/1975,131.6
3/13/1975,130.7
3/14/1975,132.8
3/17/1975,130.8
3/18/1975,130
3/19/1975,128
3/20/1975,132.5
3/21/1975,134.3
3/24/1975,133.6
3/25/1975,135.8
3/26/1975,134.9
3/27/1975,137.3
3/31/1975,142.3
4/1/1975,143.4
4/2/1975,142.3
4/3/1975,144
4/4/1975,143.4
4/7/1975,143
4/8/1975,140.3
4/9/1975,141.7
4/10/1975,144.3
4/11/1975,145.9
4/14/1975,148.6
4/15/1975,147.5
4/16/1975,146.5
4/17/1975,146.2
4/18/1975,148.2
4/21/1975,146.5
4/22/1975,143.6
4/23/1975,143.9
4/24/1975,148.9
4/25/1975,156.12
4/28/1975,155.64
4/29/1975,160.6
4/30/1975,161.82
5/1/1975,166.1
5/2/1975,161.7
5/5/1975,158.8
5/6/1975,157.9
5/7/1975,153
5/8/1975,150.8
5/9/1975,152.1
5/12/1975,149.8
5/13/1975,152.7
5/14/1975,155.5
5/15/1975,153.5
5/16/1975,154.5
5/19/1975,150
5/20/1975,149
5/21/1975,144
5/22/1975,142.8
5/23/1975,141
5/27/1975,141.9
5/28/1975,143.2
5/29/1975,140.9
5/30/1975,138.2
6/2/1975,141.2
6/3/1975,144.7
6/4/1975,141.5
6/5/1975,143.8
6/6/1975,144.1
6/9/1975,149.1
6/10/1975,147.6
6/11/1975,145.8
6/12/1975,147.6
6/13/1975,145.8
6/16/1975,146.1
6/17/1975,143.4
6/18/1975,139
6/19/1975,137.6
6/20/1975,142.4
6/23/1975,142.5
6/24/1975,140.6
6/25/1975,144.5
6/26/1975,147.64
6/27/1975,147.66
6/30/1975,149.06
7/1/1975,149.4
7/2/1975,152.5
7/3/1975,152.9
7/7/1975,150.4
7/8/1975,150.5
7/9/1975,153.1
7/10/1975,151
7/11/1975,150.7
7/14/1975,150.1
7/15/1975,148.5
7/16/1975,148.9
7/17/1975,147.4
7/18/1975,146.5
7/21/1975,147.1
7/22/1975,142.5
7/23/1975,141.8
7/24/1975,142.2
7/25/1975,138
7/28/1975,136.2
7/29/1975,135.5
7/30/1975,135.8
7/31/1975,138.1
8/1/1975,137
8/4/1975,134.7
8/5/1975,129.7
8/6/1975,129.5
8/7/1975,131.7
8/8/1975,129.1
8/11/1975,131.5
8/12/1975,127
8/13/1975,124.8
8/14/1975,123.4
8/15/1975,123.4
8/18/1975,125
8/19/1975,120.1
8/20/1975,122.7
8/21/1975,124.2
8/22/1975,124.3
8/25/1975,122
8/26/1975,124.52
8/27/1975,127.64
8/28/1975,127.9
8/29/1975,130.64
9/2/1975,134
9/3/1975,131.3
9/4/1975,131.6
9/5/1975,133.1
9/8/1975,133.7
9/9/1975,129.5
9/10/1975,126.9
9/11/1975,124.6
9/12/1975,120.8
9/15/1975,122.3
9/16/1975,122.7
9/17/1975,117.7
9/18/1975,115.7
9/19/1975,117.9
9/22/1975,115.6
9/23/1975,117
9/24/1975,118
9/25/1975,118.2
9/26/1975,114.2
9/29/1975,115.8
9/30/1975,114
10/1/1975,115.8
10/2/1975,115.3
10/3/1975,118.2
10/6/1975,119.2
10/7/1975,116.3
10/8/1975,118.2
10/9/1975,116.9
10/10/1975,115.9
10/13/1975,116.5
10/14/1975,120.6
10/15/1975,118.4
10/16/1975,123.4
10/17/1975,122.5
10/20/1975,123.4
10/21/1975,123
10/22/1975,121.3
10/23/1975,123.1
10/24/1975,121.3
10/27/1975,122
10/28/1975,122.94
10/29/1975,126.8
10/30/1975,133.36
10/31/1975,134.82
11/3/1975,137.6
11/4/1975,134.8
11/5/1975,136.5
11/6/1975,137.6
11/7/1975,138.9
11/10/1975,137.5
11/11/1975,136.2
11/12/1975,140.2
11/13/1975,145.1
11/14/1975,141.6
11/17/1975,146.6
11/18/1975,151.6
11/19/1975,147.8
11/20/1975,152.3
11/21/1975,154.3
11/24/1975,151.9
11/25/1975,146.9
11/26/1975,142.5
11/28/1975,144.4
12/1/1975,143
12/2/1975,144.9
12/3/1975,142.1
12/4/1975,137.2
12/5/1975,136.9
12/8/1975,136.6
12/9/1975,141.6
12/10/1975,146.6
12/11/1975,151.1
12/12/1975,149.5
12/15/1975,145.8
12/16/1975,150.8
12/17/1975,154.2
12/18/1975,157
12/19/1975,154
12/22/1975,150.4
12/23/1975,155
12/24/1975,154.64
12/29/1975,154.6
12/30/1975,151.44
12/31/1975,155.54
1/2/1976,157.2
1/5/1976,162.2
1/6/1976,165.1
1/7/1976,166.2
1/8/1976,170.2
1/9/1976,167.9
1/12/1976,167.1
1/13/1976,163.5
1/14/1976,165
1/15/1976,161.1
1/16/1976,158.1
1/19/1976,159.7
1/20/1976,154.9
1/21/1976,154.8
1/22/1976,159.8
1/23/1976,160.3
1/26/1976,165.3
1/27/1976,160.3
1/28/1976,157.4
1/29/1976,158.7
1/30/1976,162.7
2/2/1976,162.2
2/3/1976,158.6
2/4/1976,163.2
2/5/1976,163.7
2/6/1976,162.3
2/9/1976,162.3
2/10/1976,162.7
2/11/1976,167.2
2/12/1976,168.4
2/13/1976,167.4
2/17/1976,168.1
2/18/1976,167.9
2/19/1976,166.1
2/20/1976,166.6
2/23/1976,161.8
2/24/1976,165.06
2/25/1976,166.52
2/26/1976,168.52
2/27/1976,168.28
3/1/1976,167.8
3/2/1976,170.6
3/3/1976,169.4
3/4/1976,166
3/5/1976,166.6
3/8/1976,166.7
3/9/1976,167.4
3/10/1976,164.6
3/11/1976,164.2
3/12/1976,165.4
3/15/1976,160.8
3/16/1976,161.7
3/17/1976,166.7
3/18/1976,165.8
3/19/1976,163.4
3/22/1976,164.2
3/23/1976,162.4
3/24/1976,161.8
3/25/1976,158.3
3/26/1976,158
3/29/1976,159.9
3/30/1976,157.1
3/31/1976,157.1
4/1/1976,158.7
4/2/1976,158.2
4/5/1976,162.9
4/6/1976,161.4
4/7/1976,163.6
4/8/1976,161.1
4/9/1976,162.3
4/12/1976,164.9
4/13/1976,164.4
4/14/1976,163.1
4/15/1976,162.3
4/19/1976,160.3
4/20/1976,159.3
4/21/1976,157.1
4/22/1976,157
4/23/1976,155.9
4/26/1976,154.5
4/27/1976,155.2
4/28/1976,158.32
4/29/1976,156.96
4/30/1976,157.38
5/3/1976,158.5
5/4/1976,158.1
5/5/1976,158.5
5/6/1976,156.4
5/7/1976,156.1
5/10/1976,157.7
5/11/1976,157.9
5/12/1976,157.3
5/13/1976,158.6
5/14/1976,160.6
5/17/1976,160.3
5/18/1976,156.2
5/19/1976,151.2
5/20/1976,149.2
5/21/1976,151.1
5/24/1976,146.5
5/25/1976,147
5/26/1976,148.7
5/27/1976,146.5
5/28/1976,147
6/1/1976,148.3
6/2/1976,151.6
6/3/1976,150
6/4/1976,150.2
6/7/1976,146.7
6/8/1976,148.5
6/9/1976,148.4
6/10/1976,149.6
6/11/1976,151.8
6/14/1976,154.9
6/15/1976,150.4
6/16/1976,150.9
6/17/1976,148
6/18/1976,152.1
6/21/1976,153.8
6/22/1976,152.6
6/23/1976,152.8
6/24/1976,153.8
6/25/1976,159.42
6/28/1976,161.24
6/29/1976,160.96
6/30/1976,163.2
7/1/1976,162.2
7/2/1976,157.6
7/6/1976,155.8
7/7/1976,154.7
7/8/1976,155.6
7/9/1976,155.2
7/12/1976,150.8
7/13/1976,150.7
7/14/1976,152.2
7/15/1976,151.5
7/16/1976,150.3
7/19/1976,151
7/20/1976,147.6
7/21/1976,150.3
7/22/1976,152.8
7/23/1976,154.6
7/26/1976,152.9
7/27/1976,152.9
7/28/1976,154.3
7/29/1976,156.8
7/30/1976,156.8
8/2/1976,152.8
8/3/1976,155.7
8/4/1976,156.5
8/5/1976,158.6
8/6/1976,161.8
8/9/1976,162
8/10/1976,162.7
8/11/1976,160.2
8/12/1976,161.8
8/13/1976,161.8
8/16/1976,159.5
8/17/1976,162.8
8/18/1976,163.8
8/19/1976,162.3
8/20/1976,161.9
8/23/1976,160.8
8/24/1976,160.1
8/25/1976,159.3
8/26/1976,157.86
8/27/1976,155.5
8/30/1976,154.02
8/31/1976,154.68
9/1/1976,154.6
9/2/1976,153.7
9/3/1976,157.3
9/7/1976,162.3
9/8/1976,163.1
9/9/1976,164.2
9/10/1976,167.8
9/13/1976,164.4
9/14/1976,164.1
9/15/1976,165.5
9/16/1976,161
9/17/1976,161.3
9/20/1976,165.5
9/21/1976,162.8
9/22/1976,161.2
9/23/1976,160.3
9/24/1976,157.9
9/27/1976,159.2
9/28/1976,155.8
9/29/1976,155.7
9/30/1976,156.4
10/1/1976,156.8
10/4/1976,157.1
10/5/1976,156
10/6/1976,154.7
10/7/1976,154.7
10/8/1976,153.5
10/11/1976,152.3
10/12/1976,154.4
10/13/1976,159.4
10/14/1976,160.2
10/15/1976,160.2
10/18/1976,161
10/19/1976,164.2
10/20/1976,164.7
10/21/1976,161.9
10/22/1976,161.6
10/25/1976,159.3
10/26/1976,161.36
10/27/1976,161.92
10/28/1976,165.48
10/29/1976,169.14
11/1/1976,170.4
11/3/1976,174.3
11/4/1976,174.1
11/5/1976,174.1
11/8/1976,172.7
11/9/1976,174.2
11/10/1976,176.4
11/11/1976,175.3
11/12/1976,175.3
11/15/1976,172.1
11/16/1976,176.2
11/17/1976,177.2
11/18/1976,176.8
11/19/1976,178.1
11/22/1976,178
11/23/1976,178.1
11/24/1976,179.2
11/26/1976,180.9
11/29/1976,179.3
11/30/1976,179
12/1/1976,178.9
12/2/1976,178.9
12/3/1976,181.9
12/6/1976,182.5
12/7/1976,178.5
12/8/1976,178.9
12/9/1976,182
12/10/1976,181.8
12/13/1976,181.8
12/14/1976,180.6
12/15/1976,183.6
12/16/1976,182.9
12/17/1976,186
12/20/1976,184.5
12/21/1976,183.7
12/22/1976,184.2
12/23/1976,185
12/27/1976,189.34
12/28/1976,189.96
12/29/1976,189.58
12/30/1976,192.88
1/3/1977,195.9
1/4/1977,191.8
1/5/1977,193.4
1/6/1977,191
1/7/1977,190.2
1/10/1977,185.6
1/11/1977,184.9
1/12/1977,184.4
1/13/1977,179.4
1/14/1977,179.7
1/17/1977,177.2
1/18/1977,176.9
1/19/1977,179.2
1/20/1977,176.9
1/21/1977,181.9
1/24/1977,183.1
1/25/1977,180.9
1/26/1977,179.6
1/27/1977,176.6
1/28/1977,177.3
1/31/1977,173.3
2/1/1977,174.4
2/2/1977,178.8
2/3/1977,182
2/4/1977,182
2/7/1977,181.5
2/8/1977,184.7
2/9/1977,185.9
2/10/1977,188.9
2/11/1977,187.3
2/14/1977,186
2/15/1977,187.1
2/16/1977,187
2/17/1977,191.2
2/18/1977,192.1
2/22/1977,189
2/23/1977,188.22
2/24/1977,191.62
2/25/1977,191.16
2/28/1977,193.86
3/1/1977,195.5
3/2/1977,192.8
3/3/1977,197.7
3/4/1977,195.8
3/7/1977,191.8
3/8/1977,191.3
3/9/1977,190.4
3/10/1977,186.1
3/11/1977,188.7
3/14/1977,188.7
3/15/1977,189.2
3/16/1977,194.1
3/17/1977,199.1
3/18/1977,197.8
3/21/1977,196.6
3/22/1977,194.7
3/23/1977,194
3/24/1977,191.7
3/25/1977,193.2
3/28/1977,189.3
3/29/1977,186.7
3/30/1977,187.5
3/31/1977,188.4
4/1/1977,189.7
4/4/1977,184.7
4/5/1977,183.6
4/6/1977,182.1
4/7/1977,181.9
4/11/1977,179.1
4/12/1977,183.1
4/13/1977,181.9
4/14/1977,184.8
4/15/1977,184.4
4/18/1977,179.7
4/19/1977,184.7
4/20/1977,183.6
4/21/1977,181.3
4/22/1977,180.9
4/25/1977,180.3
4/26/1977,181.12
4/27/1977,181.22
4/28/1977,182.12
4/29/1977,184.54
5/2/1977,188.7
5/3/1977,187
5/4/1977,183.6
5/5/1977,183.7
5/6/1977,183.9
5/9/1977,184.3
5/10/1977,185.7
5/11/1977,184.4
5/12/1977,182.9
5/13/1977,183.6
5/16/1977,183.1
5/17/1977,181.6
5/18/1977,176.6
5/19/1977,177.3
5/20/1977,177.2
5/23/1977,176.9
5/24/1977,180.6
5/25/1977,180.5
5/26/1977,184.8
5/27/1977,184.4
5/31/1977,180.4
6/1/1977,177.2
6/2/1977,178.1
6/3/1977,178.9
6/6/1977,180.5
6/7/1977,180.6
6/8/1977,178.5
6/9/1977,180.6
6/10/1977,180.9
6/13/1977,178.2
6/14/1977,179.1
6/15/1977,179.5
6/16/1977,181.5
6/17/1977,180.6
6/20/1977,182.9
6/21/1977,183.6
6/22/1977,183.8
6/23/1977,186.9
6/24/1977,186.1
6/27/1977,189.92
6/28/1977,189.1
6/29/1977,191.3
6/30/1977,192.7
7/1/1977,195.2
7/5/1977,194.3
7/6/1977,191.9
7/7/1977,186.9
7/8/1977,186.2
7/11/1977,182.8
7/12/1977,182.6
7/13/1977,185.8
7/15/1977,183.5
7/18/1977,184.8
7/19/1977,183.4
7/20/1977,181.9
7/21/1977,184.6
7/22/1977,185.2
7/25/1977,184.1
7/26/1977,185.8
7/27/1977,184.2
7/28/1977,184.3
7/29/1977,186.3
8/1/1977,190.9
8/2/1977,189.4
8/3/1977,191.6
8/4/1977,190.1
8/5/1977,192.9
8/8/1977,194.7
8/9/1977,194.7
8/10/1977,199.7
8/11/1977,203.5
8/12/1977,204.5
8/15/1977,205.3
8/16/1977,208.1
8/17/1977,213.1
8/18/1977,218
8/19/1977,223
8/22/1977,228
8/23/1977,223
8/24/1977,219.9
8/25/1977,214.9
8/26/1977,207.04
8/29/1977,200.74
8/30/1977,199.06
8/31/1977,199.64
9/1/1977,193.1
9/2/1977,191
9/6/1977,189.7
9/7/1977,194.7
9/8/1977,191.7
9/9/1977,193.6
9/12/1977,195.3
9/13/1977,191.9
9/14/1977,190.6
9/15/1977,191.7
9/16/1977,191
9/19/1977,186.2
9/20/1977,184.5
9/21/1977,186.4
9/22/1977,184.4
9/23/1977,183.5
9/26/1977,183.8
9/27/1977,187
9/28/1977,185.3
9/29/1977,184.1
9/30/1977,183.9
10/3/1977,188.9
10/4/1977,189.8
10/5/1977,190.1
10/6/1977,192.8
10/7/1977,188.2
10/10/1977,186.2
10/11/1977,185.7
10/12/1977,181.9
10/13/1977,178.8
10/14/1977,181.9
10/17/1977,182.7
10/18/1977,180.1
10/19/1977,179.3
10/20/1977,177
10/21/1977,176.8
10/24/1977,177.7
10/25/1977,176.6
10/26/1977,173
10/27/1977,177.98
10/28/1977,175.58
10/31/1977,176.3
11/1/1977,180.6
11/2/1977,185.3
11/3/1977,190.3
11/4/1977,190.3
11/7/1977,189.8
11/8/1977,184.9
11/9/1977,181.9
11/10/1977,179.9
11/11/1977,182.2
11/14/1977,183.2
11/15/1977,184.5
11/16/1977,189.3
11/17/1977,190.7
11/18/1977,192.1
11/21/1977,196.7
11/22/1977,194.4
11/23/1977,198.4
11/25/1977,200.6
11/28/1977,197.8
11/29/1977,199
11/30/1977,200.9
12/1/1977,202.6
12/2/1977,206.7
12/5/1977,207.1
12/6/1977,203.6
12/7/1977,206.7
12/8/1977,204.1
12/9/1977,199.1
12/12/1977,202
12/13/1977,202.6
12/14/1977,199.7
12/15/1977,204.2
12/16/1977,205.6
12/19/1977,210
12/20/1977,208.2
12/21/1977,205.9
12/22/1977,208.7
12/23/1977,209.7
12/27/1977,207.98
12/28/1977,206.06
12/29/1977,207.78
12/30/1977,214
1/3/1978,213.3
1/4/1978,217.5
1/5/1978,216.1
1/6/1978,214.4
1/9/1978,209.4
1/10/1978,206.6
1/11/1978,207.8
1/12/1978,208.4
1/13/1978,209.8
1/16/1978,206.4
1/17/1978,203.2
1/18/1978,204.3
1/19/1978,205.5
1/20/1978,204.8
1/23/1978,206.4
1/24/1978,211.4
1/25/1978,209.7
1/26/1978,214.6
1/27/1978,214
1/30/1978,213.4
1/31/1978,211.4
2/1/1978,216.4
2/2/1978,216.8
2/3/1978,218
2/6/1978,218.7
2/7/1978,216.9
2/8/1978,217.1
2/9/1978,221.8
2/10/1978,221.1
2/13/1978,216.6
2/14/1978,217.8
2/15/1978,215.9
2/16/1978,216.2
2/17/1978,217.3
2/21/1978,214.7
2/22/1978,215.9
2/23/1978,212.42
2/24/1978,213.14
2/27/1978,213.14
2/28/1978,212.64
3/1/1978,212.8
3/2/1978,208.3
3/3/1978,207.4
3/6/1978,209.1
3/7/1978,207.1
3/8/1978,206.5
3/9/1978,208.6
3/10/1978,213.6
3/13/1978,215.2
3/14/1978,213.5
3/15/1978,211.9
3/16/1978,212.9
3/17/1978,216.2
3/20/1978,214.5
3/21/1978,214.5
3/22/1978,214.8
3/23/1978,212.4
3/27/1978,209.4
3/28/1978,209.5
3/29/1978,211.1
3/30/1978,209.8
3/31/1978,207.8
4/3/1978,203.4
4/4/1978,205.2
4/5/1978,205.3
4/6/1978,206.4
4/7/1978,207
4/10/1978,206.3
4/11/1978,206.6
4/12/1978,208.2
4/13/1978,208.5
4/14/1978,208.2
4/17/1978,210.3
4/18/1978,208.6
4/19/1978,206
4/20/1978,207.6
4/21/1978,209.3
4/24/1978,210.2
4/25/1978,212.26
4/26/1978,209.18
4/27/1978,206.8
4/28/1978,209.26
5/1/1978,208.7
5/2/1978,210
5/3/1978,211.5
5/4/1978,212.5
5/5/1978,210.8
5/8/1978,209
5/9/1978,210.6
5/10/1978,209
5/11/1978,208.8
5/12/1978,209.2
5/15/1978,208.3
5/16/1978,208.4
5/17/1978,205.6
5/18/1978,204.7
5/19/1978,204.9
5/22/1978,205.9
5/23/1978,210.1
5/24/1978,209.3
5/25/1978,213.2
5/26/1978,213
5/30/1978,213.6
5/31/1978,209.7
6/1/1978,209.5
6/2/1978,207.5
6/5/1978,208.3
6/6/1978,207.3
6/7/1978,204.4
6/8/1978,205.8
6/9/1978,205.8
6/12/1978,205.5
6/13/1978,205.3
6/14/1978,205.5
6/15/1978,206.9
6/16/1978,207.2
6/19/1978,207.6
6/20/1978,208.8
6/21/1978,204.8
6/22/1978,206.1
6/23/1978,207.3
6/26/1978,206.2
6/27/1978,203.58
6/28/1978,202.98
6/29/1978,200.28
6/30/1978,199.74
7/3/1978,199.1
7/5/1978,198
7/6/1978,199.8
7/7/1978,204.2
7/10/1978,206.3
7/11/1978,204.6
7/12/1978,202.9
7/13/1978,204.5
7/14/1978,202.3
7/17/1978,205.3
7/18/1978,203.9
7/19/1978,204
7/20/1978,207.1
7/21/1978,208.5
7/24/1978,211.6
7/25/1978,212.9
7/26/1978,214.8
7/27/1978,217.3
7/28/1978,218.5
7/31/1978,215.3
8/1/1978,220.3
8/2/1978,219.2
8/3/1978,218.2
8/4/1978,217.7
8/7/1978,220.8
8/8/1978,218.7
8/9/1978,220.7
8/10/1978,217.1
8/11/1978,215.1
8/14/1978,217.4
8/15/1978,216.8
8/16/1978,217.8
8/17/1978,215.3
8/18/1978,210.7
8/21/1978,212.2
8/22/1978,208.7
8/23/1978,210.1
8/24/1978,210.6
8/25/1978,213.2
8/28/1978,209.78
8/29/1978,207.88
8/30/1978,202.3
8/31/1978,202.42
9/1/1978,196.6
9/5/1978,196.7
9/6/1978,198
9/7/1978,203
9/8/1978,202.4
9/11/1978,206.5
9/12/1978,204.9
9/13/1978,202.9
9/14/1978,207.9
9/15/1978,210
9/18/1978,213.6
9/19/1978,211.5
9/20/1978,211.9
9/21/1978,216.7
9/22/1978,214.7
9/25/1978,213.6
9/26/1978,210.2
9/27/1978,206.6
9/28/1978,208.9
9/29/1978,210
10/2/1978,213.4
10/3/1978,215.1
10/4/1978,210.6
10/5/1978,215.6
10/6/1978,219.2
10/9/1978,222.9
10/10/1978,224
10/11/1978,220.6
10/12/1978,225.6
10/13/1978,228.2
10/16/1978,233.2
10/17/1978,233.8
10/18/1978,231.8
10/19/1978,236.8
10/20/1978,234.3
10/23/1978,233.7
10/24/1978,235.6
10/25/1978,230.6
10/26/1978,222.86
10/27/1978,221.52
10/30/1978,214.18
10/31/1978,210.64
11/1/1978,206.5
11/2/1978,204.9
11/3/1978,202.9
11/6/1978,203.8
11/8/1978,204.1
11/9/1978,203.3
11/10/1978,198.3
11/13/1978,195.8
11/14/1978,199.3
11/15/1978,196
11/16/1978,201
11/17/1978,204.2
11/20/1978,202.3
11/21/1978,197.3
11/22/1978,201.2
11/27/1978,206.2
11/28/1978,205.7
11/29/1978,209.7
11/30/1978,212.7
12/1/1978,214.3
12/4/1978,215.3
12/5/1978,213.2
12/6/1978,208.9
12/7/1978,211.9
12/8/1978,209.3
12/11/1978,210.5
12/12/1978,215.5
12/13/1978,218.7
12/14/1978,217.5
12/15/1978,222.5
12/18/1978,225.9
12/19/1978,224.3
12/20/1978,227.1
12/21/1978,229.1
12/22/1978,228.7
12/26/1978,221.1
12/27/1978,222.5
12/28/1978,224.52
12/29/1978,225.94
1/2/1979,222.5
1/3/1979,224.3
1/4/1979,221.9
1/5/1979,220.5
1/8/1979,225.5
1/9/1979,228.1
1/10/1979,225.1
1/11/1979,220.3
1/12/1979,221.3
1/15/1979,216.3
1/16/1979,213.8
1/17/1979,216.6
1/18/1979,218.6
1/19/1979,215.5
1/22/1979,217.2
1/23/1979,222.2
1/24/1979,226.3
1/25/1979,221.4
1/26/1979,224.6
1/29/1979,220.6
1/30/1979,223.1
1/31/1979,221.8
2/1/1979,226.8
2/2/1979,231.8
2/5/1979,236.8
2/6/1979,234.1
2/7/1979,234.8
2/8/1979,237.6
2/9/1979,234.8
2/12/1979,233.1
2/13/1979,233.8
2/14/1979,237.6
2/15/1979,242.6
2/16/1979,242.6
2/20/1979,246.4
2/21/1979,241.9
2/22/1979,239.8
2/23/1979,236.14
2/26/1979,231.18
2/27/1979,231.64
2/28/1979,225.02
3/1/1979,221.9
3/2/1979,223.8
3/5/1979,224
3/6/1979,221.9
3/7/1979,225.6
3/8/1979,223
3/9/1979,218
3/12/1979,214.4
3/13/1979,212.3
3/14/1979,214.6
3/15/1979,215.6
3/16/1979,214.9
3/19/1979,214.3
3/20/1979,216.3
3/21/1979,216.2
3/22/1979,215.1
3/23/1979,215.9
3/26/1979,219.4
3/27/1979,214.4
3/28/1979,213.4
3/29/1979,210.7
3/30/1979,211.8
4/2/1979,213.3
4/3/1979,210.5
4/4/1979,213.9
4/5/1979,217.2
4/6/1979,216.9
4/9/1979,213.3
4/10/1979,214
4/11/1979,211.2
4/12/1979,213.7
4/16/1979,215.9
4/17/1979,213.9
4/18/1979,218.9
4/19/1979,222.9
4/20/1979,226.2
4/23/1979,225.4
4/24/1979,226.9
4/25/1979,225.52
4/26/1979,226.62
4/27/1979,221.56
4/30/1979,221.92
5/1/1979,223.6
5/2/1979,218.6
5/3/1979,217.7
5/4/1979,221.6
5/7/1979,222.7
5/8/1979,221.1
5/9/1979,226.1
5/10/1979,230.4
5/11/1979,230.2
5/14/1979,230.6
5/15/1979,231
5/16/1979,231.3
5/17/1979,226.7
5/18/1979,227
5/21/1979,232
5/22/1979,235.9
5/23/1979,232
5/24/1979,228.8
5/25/1979,229.7
5/29/1979,227.4
5/30/1979,232.4
5/31/1979,231.8
6/1/1979,231.3
6/4/1979,235.7
6/5/1979,237.9
6/6/1979,232.9
6/7/1979,227.9
6/8/1979,223.9
6/11/1979,225.7
6/12/1979,223.3
6/13/1979,226.1
6/14/1979,227.7
6/15/1979,225.5
6/18/1979,227.3
6/19/1979,225.9
6/20/1979,230.9
6/21/1979,235.2
6/22/1979,236
6/25/1979,234.7
6/26/1979,235.34
6/27/1979,232.64
6/28/1979,230.32
6/29/1979,232.1
7/2/1979,226.6
7/3/1979,227.3
7/5/1979,228.8
7/6/1979,226.2
7/9/1979,225.2
7/10/1979,226.6
7/11/1979,229.6
7/12/1979,227.9
7/13/1979,228.9
7/16/1979,230.1
7/17/1979,229.5
7/18/1979,228.8
7/19/1979,233.8
7/20/1979,237.4
7/23/1979,238.9
7/24/1979,241.2
7/25/1979,244.9
7/26/1979,249.9
7/27/1979,254.9
7/30/1979,249.9
7/31/1979,254.9
8/1/1979,255.5
8/2/1979,258.3
8/3/1979,261.3
8/6/1979,261
8/7/1979,261.3
8/8/1979,264.6
8/9/1979,268.3
8/10/1979,267.2
8/13/1979,262.2
8/14/1979,267.2
8/15/1979,271.9
8/16/1979,274.2
8/17/1979,274.7
8/20/1979,272.5
8/21/1979,277.5
8/22/1979,282.5
8/23/1979,284.9
8/24/1979,284.8
8/27/1979,282.9
8/28/1979,270.2
8/29/1979,265.6
8/30/1979,260.86
8/31/1979,250.06
9/4/1979,248
9/5/1979,250.2
9/6/1979,248.5
9/7/1979,253.5
9/10/1979,258.5
9/11/1979,253.5
9/12/1979,250.1
9/13/1979,251
9/14/1979,246
9/17/1979,242.3
9/18/1979,238.5
9/19/1979,243.5
9/20/1979,248.5
9/21/1979,252.8
9/24/1979,249.3
9/25/1979,251.1
9/26/1979,256.1
9/27/1979,257.8
9/28/1979,256.1
10/1/1979,261.1
10/2/1979,256.1
10/3/1979,256.2
10/4/1979,252.2
10/5/1979,252
10/8/1979,247
10/9/1979,242.1
10/10/1979,238.6
10/11/1979,236
10/12/1979,241
10/15/1979,240
10/16/1979,245
10/17/1979,243
10/18/1979,248
10/19/1979,243.8
10/22/1979,243.8
10/23/1979,240.2
10/24/1979,235.2
10/25/1979,233.9
10/26/1979,231.1
10/29/1979,221.58
10/30/1979,212.56
10/31/1979,210.1
11/1/1979,206.4
11/2/1979,205.4
11/5/1979,209.4
11/6/1979,211.6
11/7/1979,211
11/8/1979,213.9
11/9/1979,216.2
11/12/1979,219.5
11/13/1979,216
11/14/1979,219
11/15/1979,214.5
11/16/1979,217.9
11/19/1979,217.5
11/20/1979,222.5
11/21/1979,224.6
11/23/1979,223.3
11/26/1979,223.5
11/27/1979,218.5
11/28/1979,214.1
11/29/1979,213.6
11/30/1979,209.4
12/3/1979,209.5
12/4/1979,208.6
12/5/1979,213.6
12/6/1979,210.4
12/7/1979,211.7
12/10/1979,216.6
12/11/1979,216.5
12/12/1979,212.8
12/13/1979,215.7
12/14/1979,216.7
12/17/1979,217.8
12/18/1979,217.1
12/19/1979,212.1
12/20/1979,214.7
12/21/1979,215.4
12/26/1979,215.92
12/27/1979,215.22
12/28/1979,213.24
12/31/1979,213.5
1/2/1980,214.2
1/3/1980,215.5
1/4/1980,214
1/7/1980,209.4
1/8/1980,209.9
1/9/1980,213.1
1/10/1980,217.2
1/11/1980,214.6
1/14/1980,213.8
1/15/1980,217.9
1/16/1980,218.2
1/17/1980,218.3
1/18/1980,223.3
1/21/1980,228.3
1/22/1980,233.3
1/23/1980,236.7
1/24/1980,235.4
1/25/1980,233.8
1/28/1980,238.8
1/29/1980,233.8
1/30/1980,228.9
1/31/1980,229.7
2/1/1980,229.4
2/4/1980,231.9
2/5/1980,230.6
2/6/1980,226.9
2/7/1980,228.2
2/8/1980,223.8
2/11/1980,224.2
2/12/1980,227.7
2/13/1980,232.7
2/14/1980,235.6
2/15/1980,230.6
2/19/1980,225.6
2/20/1980,220.6
2/21/1980,216.3
2/22/1980,215.4
2/25/1980,215.1
2/26/1980,218
2/27/1980,220.78
2/28/1980,217.18
2/29/1980,215.36
3/3/1980,213
3/4/1980,214.3
3/5/1980,216.2
3/6/1980,213.4
3/7/1980,211.9
3/10/1980,209.8
3/11/1980,206.6
3/12/1980,207.7
3/13/1980,203.7
3/14/1980,203.7
3/17/1980,205.6
3/18/1980,205.5
3/19/1980,210.5
3/20/1980,206.8
3/21/1980,201.8
3/24/1980,196.8
3/25/1980,191.8
3/26/1980,188.2
3/27/1980,183.2
3/28/1980,185.2
3/31/1980,185.5
4/1/1980,180.5
4/2/1980,175.5
4/3/1980,170.5
4/7/1980,165.5
4/8/1980,161.3
4/9/1980,165.2
4/10/1980,161.3
4/11/1980,163.7
4/14/1980,165.2
4/15/1980,160.2
4/16/1980,155.4
4/17/1980,158.7
4/18/1980,163.7
4/21/1980,167.1
4/22/1980,164
4/23/1980,168.5
4/24/1980,172.2
4/25/1980,170.26
4/28/1980,177.26
4/29/1980,175.14
4/30/1980,175.1
5/1/1980,175.1
5/2/1980,174.7
5/5/1980,177.2
5/6/1980,173.5
5/7/1980,173
5/8/1980,178
5/9/1980,182.8
5/12/1980,182.7
5/13/1980,177.7
5/14/1980,176.4
5/15/1980,176.7
5/16/1980,181.7
5/19/1980,186.7
5/20/1980,191.7
5/21/1980,187.8
5/22/1980,192.8
5/23/1980,197.8
5/27/1980,202.8
5/28/1980,197.8
5/29/1980,198
5/30/1980,197.1
6/2/1980,192.1
6/3/1980,187.1
6/4/1980,185.6
6/5/1980,183.2
6/6/1980,184
6/9/1980,187.3
6/10/1980,182.3
6/11/1980,181.3
6/12/1980,185.6
6/13/1980,188.1
6/16/1980,186.8
6/17/1980,188.7
6/18/1980,193.6
6/19/1980,198.3
6/20/1980,200.2
6/23/1980,195.4
6/24/1980,195.3
6/25/1980,199.58
6/26/1980,207.62
6/27/1980,209.4
6/30/1980,207.3
7/1/1980,212.8
7/2/1980,208.3
7/3/1980,208.6
7/7/1980,206.9
7/8/1980,206.4
7/9/1980,201.4
7/10/1980,196.6
7/11/1980,198.1
7/14/1980,198.4
7/15/1980,200.2
7/16/1980,201.6
7/17/1980,206.6
7/18/1980,211.6
7/21/1980,215.8
7/22/1980,214.3
7/23/1980,211.3
7/24/1980,210.5
7/25/1980,210.7
7/28/1980,210.2
7/29/1980,215
7/30/1980,210
7/31/1980,205
8/1/1980,201.5
8/4/1980,203.6
8/5/1980,200.5
8/6/1980,198.6
8/7/1980,198.3
8/8/1980,197.8
8/11/1980,202.8
8/12/1980,202.4
8/13/1980,199.8
8/14/1980,203.3
8/15/1980,201.9
8/18/1980,203.6
8/19/1980,198.6
8/20/1980,193.6
8/21/1980,189.1
8/22/1980,188
8/25/1980,183
8/26/1980,187.82
8/27/1980,184.32
8/28/1980,180.96
8/29/1980,185.38
9/2/1980,185
9/3/1980,188.4
9/4/1980,191.7
9/5/1980,186.7
9/8/1980,182.5
9/9/1980,182.4
9/10/1980,187.4
9/11/1980,192.4
9/12/1980,191.6
9/15/1980,187.6
9/16/1980,190.1
9/17/1980,188.3
9/18/1980,188.3
9/19/1980,189.4
9/22/1980,184.4
9/23/1980,179.4
9/24/1980,177.5
9/25/1980,178
9/26/1980,173
9/29/1980,170.7
9/30/1980,172.7
10/1/1980,170.6
10/2/1980,169.7
10/3/1980,173.5
10/6/1980,175.9
10/7/1980,172.2
10/8/1980,177.2
10/9/1980,182.1
10/10/1980,184
10/13/1980,180.9
10/14/1980,180.6
10/15/1980,183.5
10/16/1980,187.9
10/17/1980,182.9
10/20/1980,177.9
10/21/1980,175.9
10/22/1980,172
10/23/1980,173.3
10/24/1980,170
10/27/1980,165
10/28/1980,164.44
10/29/1980,168.5
10/30/1980,170.22
10/31/1980,175.78
11/3/1980,179.7
11/5/1980,178.8
11/6/1980,174.2
11/7/1980,175.1
11/10/1980,174.2
11/11/1980,177.5
11/12/1980,179.2
11/13/1980,178.5
11/14/1980,181
11/17/1980,176.6
11/18/1980,180.4
11/19/1980,183.3
11/20/1980,188.3
11/21/1980,189.1
11/24/1980,184.1
11/25/1980,184.8
11/26/1980,180.7
11/28/1980,178.3
12/1/1980,177.2
12/2/1980,175.2
12/3/1980,171.4
12/4/1980,169.9
12/5/1980,164.9
12/8/1980,161
12/9/1980,156
12/10/1980,154
12/11/1980,149
12/12/1980,153.7
12/15/1980,155
12/16/1980,150
12/17/1980,151.7
12/18/1980,154.7
12/19/1980,159.7
12/22/1980,162.7
12/23/1980,158.1
12/24/1980,164.46
12/29/1980,172.72
12/30/1980,171.86
12/31/1980,176.68
1/2/1981,185.5
1/5/1981,190.5
1/6/1981,189
1/7/1981,192.2
1/8/1981,188.8
1/9/1981,183.8
1/12/1981,180.5
1/13/1981,183.4
1/14/1981,179.8
1/15/1981,177.5
1/16/1981,180.6
1/19/1981,182.6
1/20/1981,183.2
1/21/1981,179.2
1/22/1981,174.2
1/23/1981,174.2
1/26/1981,174.7
1/27/1981,176.7
1/28/1981,176.2
1/29/1981,174.8
1/30/1981,179.8
2/2/1981,178.7
2/3/1981,176.9
2/4/1981,178.7
2/5/1981,174.8
2/6/1981,172.1
2/9/1981,170.8
2/10/1981,171.5
2/11/1981,170.9
2/12/1981,166.7
2/13/1981,166.1
2/17/1981,167
2/18/1981,162
2/19/1981,158.8
2/20/1981,162.3
2/23/1981,158.2
2/24/1981,163.08
2/25/1981,163.58
2/26/1981,163.84
2/27/1981,166.68
3/2/1981,164.8
3/3/1981,169.2
3/4/1981,164.7
3/5/1981,166.7
3/6/1981,171.6
3/9/1981,175.3
3/10/1981,170.3
3/11/1981,168.3
3/12/1981,171.7
3/13/1981,176.7
3/16/1981,173.8
3/17/1981,178.8
3/18/1981,176.2
3/19/1981,178
3/20/1981,178.3
3/23/1981,176.1
3/24/1981,174.7
3/25/1981,171.3
3/26/1981,171.8
3/27/1981,169.2
3/30/1981,172
3/31/1981,169.6
4/1/1981,169.7
4/2/1981,166.4
4/3/1981,167.4
4/6/1981,168.1
4/7/1981,173.1
4/8/1981,173.8
4/9/1981,174.5
4/10/1981,173.9
4/13/1981,169.3
4/14/1981,170.9
4/15/1981,168.4
4/16/1981,170.8
4/20/1981,175.8
4/21/1981,179
4/22/1981,178.8
4/23/1981,183.8
4/24/1981,186.4
4/27/1981,192.76
4/28/1981,192.18
4/29/1981,190.3
4/30/1981,189.6
5/1/1981,193.3
5/4/1981,188.3
5/5/1981,183.3
5/6/1981,182.8
5/7/1981,183.9
5/8/1981,183.3
5/11/1981,181.7
5/12/1981,183.3
5/13/1981,187.8
5/14/1981,186.3
5/15/1981,186.4
5/18/1981,188.6
5/19/1981,186.9
5/20/1981,184.9
5/21/1981,181.9
5/22/1981,177.9
5/26/1981,182.4
5/27/1981,179.9
5/28/1981,184.9
5/29/1981,187.5
6/1/1981,188.1
6/2/1981,188.9
6/3/1981,189.3
6/4/1981,194.3
6/5/1981,191.5
6/8/1981,196.5
6/9/1981,196.7
6/10/1981,191.7
6/11/1981,188.4
6/12/1981,190.3
6/15/1981,189.8
6/16/1981,188
6/17/1981,185.7
6/18/1981,183.3
6/19/1981,183.5
6/22/1981,180.4
6/23/1981,177.8
6/24/1981,174.2
6/25/1981,175.92
6/26/1981,177.5
6/29/1981,177.8
6/30/1981,184.84
7/1/1981,188.9
7/2/1981,186.3
7/6/1981,182.2
7/7/1981,185.3
7/8/1981,185
7/9/1981,184.3
7/10/1981,189.3
7/13/1981,193.9
7/14/1981,193.9
7/15/1981,194.3
7/16/1981,194.7
7/17/1981,191.1
7/20/1981,188.8
7/21/1981,193.8
7/22/1981,191.5
7/23/1981,186.8
7/24/1981,187.6
7/27/1981,186.8
7/28/1981,187.1
7/29/1981,187.2
7/30/1981,183.8
7/31/1981,181.4
8/3/1981,176.4
8/4/1981,173.3
8/5/1981,173
8/6/1981,169.4
8/7/1981,165.9
8/10/1981,163.8
8/11/1981,166.7
8/12/1981,165
8/13/1981,164.3
8/14/1981,159.8
8/17/1981,155.7
8/18/1981,153.8
8/19/1981,158.3
8/20/1981,156.6
8/21/1981,156.2
8/24/1981,151.2
8/25/1981,149
8/26/1981,153.44
8/27/1981,160.08
8/28/1981,161.4
8/31/1981,158.84
9/1/1981,159.8
9/2/1981,161.4
9/3/1981,162.2
9/4/1981,158.6
9/8/1981,154.8
9/9/1981,155.9
9/10/1981,157.1
9/11/1981,156.3
9/14/1981,153.9
9/15/1981,153.1
9/16/1981,150.3
9/17/1981,147.7
9/18/1981,145.2
9/21/1981,142
9/22/1981,138.8
9/23/1981,139.5
9/24/1981,140.3
9/25/1981,135.3
9/28/1981,135.3
9/29/1981,132.5
9/30/1981,133.3
10/1/1981,133.8
10/2/1981,135.2
10/5/1981,138.2
10/6/1981,137.1
10/7/1981,136.7
10/8/1981,138.7
10/9/1981,143.7
10/12/1981,146.6
10/13/1981,141.6
10/14/1981,141.8
10/15/1981,136.9
10/16/1981,133.3
10/19/1981,131.4
10/20/1981,131.3
10/21/1981,127.9
10/22/1981,127.5
10/23/1981,131.9
10/26/1981,129.3
10/27/1981,134.72
10/28/1981,134.7
10/29/1981,139.38
10/30/1981,140.52
11/2/1981,146.6
11/3/1981,143.4
11/4/1981,144.2
11/5/1981,144.2
11/6/1981,142.8
11/9/1981,142.9
11/10/1981,138.1
11/11/1981,137.5
11/12/1981,142.5
11/13/1981,147.5
11/16/1981,149.8
11/17/1981,145.5
11/18/1981,148.7
11/19/1981,147.6
11/20/1981,149.2
11/23/1981,152.8
11/24/1981,157.1
11/25/1981,158.5
11/27/1981,161.1
11/30/1981,160.1
12/1/1981,155.1
12/2/1981,153.8
12/3/1981,155
12/4/1981,160
12/7/1981,156.7
12/8/1981,152
12/9/1981,149.7
12/10/1981,151.7
12/11/1981,150.9
12/14/1981,148.8
12/15/1981,145.6
12/16/1981,147.7
12/17/1981,147.3
12/18/1981,150.5
12/21/1981,148.9
12/22/1981,151.3
12/23/1981,151.4
12/24/1981,153.7
12/28/1981,153.38
12/29/1981,153
12/30/1981,157.24
12/31/1981,160.14
1/4/1982,157.8
1/5/1982,153.8
1/6/1982,154.5
1/7/1982,155.8
1/8/1982,154.7
1/11/1982,153.2
1/12/1982,158
1/13/1982,155.8
1/14/1982,158.5
1/15/1982,154.7
1/18/1982,154
1/19/1982,153.6
1/20/1982,152.2
1/21/1982,150.3
1/22/1982,145.4
1/25/1982,143.7
1/26/1982,145.9
1/27/1982,143.3
1/28/1982,145.1
1/29/1982,148.8
2/1/1982,143.8
2/2/1982,141.6
2/3/1982,140.5
2/4/1982,144.1
2/5/1982,144.2
2/8/1982,140.1
2/9/1982,140.1
2/10/1982,140.9
2/11/1982,140.3
2/12/1982,141.8
2/16/1982,142.2
2/17/1982,144.8
2/18/1982,143.2
2/19/1982,139.9
2/22/1982,141.7
2/23/1982,141.02
2/24/1982,141.52
2/25/1982,142.78
2/26/1982,141.06
3/1/1982,142.9
3/2/1982,142.4
3/3/1982,142.8
3/4/1982,143.2
3/5/1982,140.3
3/8/1982,138.7
3/9/1982,140.7
3/10/1982,143.9
3/11/1982,141.2
3/12/1982,140.8
3/15/1982,140.1
3/16/1982,143.3
3/17/1982,147.6
3/18/1982,147
3/19/1982,148.1
3/22/1982,150.5
3/23/1982,149.1
3/24/1982,149
3/25/1982,145.3
3/26/1982,142.1
3/29/1982,141.8
3/30/1982,142.8
3/31/1982,142.4
4/1/1982,142.8
4/2/1982,143
4/5/1982,142.5
4/6/1982,138.3
4/7/1982,137.7
4/8/1982,139.1
4/12/1982,140.2
4/13/1982,138.9
4/14/1982,138
4/15/1982,137.4
4/16/1982,136.8
4/19/1982,134.3
4/20/1982,132.1
4/21/1982,130.7
4/22/1982,129.5
4/23/1982,126.3
4/26/1982,126.8
4/27/1982,126.38
4/28/1982,126.28
4/29/1982,134.02
4/30/1982,136.96
5/3/1982,136.4
5/4/1982,137.6
5/5/1982,136.7
5/6/1982,138.9
5/7/1982,143
5/10/1982,140.1
5/11/1982,140.9
5/12/1982,135.9
5/13/1982,135.9
5/14/1982,137.6
5/17/1982,135.8
5/18/1982,136
5/19/1982,140.1
5/20/1982,140.1
5/21/1982,140.9
5/24/1982,140.5
5/25/1982,142.2
5/26/1982,146.1
5/27/1982,145.1
5/28/1982,142.8
6/1/1982,137.8
6/2/1982,134.9
6/3/1982,131.1
6/4/1982,131.5
6/7/1982,133.3
6/8/1982,133.7
6/9/1982,137.7
6/10/1982,139.1
6/11/1982,142.8
6/14/1982,137.8
6/15/1982,136.3
6/16/1982,137.1
6/17/1982,139.5
6/18/1982,139.8
6/21/1982,139.3
6/22/1982,138.3
6/23/1982,137.7
6/24/1982,137.6
6/25/1982,135.56
6/28/1982,136.02
6/29/1982,135.9
6/30/1982,137.28
7/1/1982,138.8
7/2/1982,139
7/6/1982,136.6
7/7/1982,137.2
7/8/1982,139.2
7/9/1982,144.2
7/12/1982,145.2
7/13/1982,142.3
7/14/1982,141.7
7/15/1982,142.2
7/16/1982,143.7
7/19/1982,141.5
7/20/1982,136.9
7/21/1982,137.7
7/22/1982,138
7/23/1982,137.9
7/26/1982,134.2
7/27/1982,133.6
7/28/1982,133.4
7/29/1982,133.8
7/30/1982,132.3
8/2/1982,134.2
8/3/1982,130.8
8/4/1982,132.7
8/5/1982,135.2
8/6/1982,134.3
8/9/1982,130.2
8/10/1982,128.3
8/11/1982,129
8/12/1982,128.7
8/13/1982,125.4
8/16/1982,125.3
8/17/1982,125.6
8/18/1982,130.6
8/19/1982,132.6
8/20/1982,135.1
8/23/1982,137
8/24/1982,137.9
8/25/1982,135.1
8/26/1982,136.06
8/27/1982,136.74
8/30/1982,136.82
8/31/1982,140.74
9/1/1982,142.8
9/2/1982,140.8
9/3/1982,143.4
9/7/1982,141.9
9/8/1982,141.4
9/9/1982,139.2
9/10/1982,135.4
9/13/1982,137
9/14/1982,136
9/15/1982,136
9/16/1982,136.7
9/17/1982,134.9
9/20/1982,132.3
9/21/1982,133.1
9/22/1982,133.7
9/23/1982,134.2
9/24/1982,133.2
9/27/1982,132.3
9/28/1982,131.8
9/29/1982,129.7
9/30/1982,130
10/1/1982,132.1
10/4/1982,130.9
10/5/1982,132.9
10/6/1982,135.7
10/7/1982,140.1
10/8/1982,138.7
10/11/1982,143.7
10/12/1982,142.6
10/13/1982,144.4
10/14/1982,144.6
10/15/1982,142.2
10/18/1982,144.2
10/19/1982,144.1
10/20/1982,139.1
10/21/1982,136.3
10/22/1982,136.8
10/25/1982,133.3
10/26/1982,138.56
10/27/1982,141.96
10/28/1982,147.52
10/29/1982,155.94
11/1/1982,159.8
11/2/1982,160.5
11/3/1982,158.5
11/4/1982,163.5
11/5/1982,166.1
11/8/1982,166
11/9/1982,163
11/10/1982,160.9
11/11/1982,161.2
11/12/1982,166.2
11/15/1982,164.5
11/16/1982,165.4
11/17/1982,169.5
11/18/1982,168.7
11/19/1982,168.2
11/22/1982,166.3
11/23/1982,164.7
11/24/1982,165.5
11/26/1982,170.4
11/29/1982,169.2
11/30/1982,166.9
12/1/1982,167.3
12/2/1982,167.6
12/3/1982,165.3
12/6/1982,160.6
12/7/1982,162.3
12/8/1982,160
12/9/1982,164.8
12/10/1982,163.6
12/13/1982,166.9
12/14/1982,162.5
12/15/1982,165.4
12/16/1982,166.3
12/17/1982,166.3
12/20/1982,165
12/21/1982,165.1
12/22/1982,166.7
12/23/1982,167.1
12/27/1982,169.9
12/28/1982,172.12
12/29/1982,173.06
12/30/1982,175.2
12/31/1982,179.26
1/3/1983,183.4
1/4/1983,187.6
1/5/1983,189.3
1/6/1983,191
1/7/1983,192.6
1/10/1983,194.7
1/11/1983,193.4
1/12/1983,191.9
1/13/1983,192.5
1/14/1983,195.1
1/17/1983,196.9
1/18/1983,196.4
1/19/1983,192.7
1/20/1983,193.8
1/21/1983,191.5
1/24/1983,188.9
1/25/1983,187.9
1/26/1983,185.5
1/27/1983,186.7
1/28/1983,189.7
1/31/1983,194.7
2/1/1983,189.7
2/2/1983,189.3
2/3/1983,187.2
2/4/1983,190.5
2/7/1983,187.1
2/8/1983,184.6
2/9/1983,185.4
2/10/1983,187.4
2/11/1983,183.4
2/14/1983,181.8
2/15/1983,184.4
2/16/1983,183.2
2/17/1983,183.4
2/18/1983,183.7
2/22/1983,180.3
2/23/1983,181.9
2/24/1983,188.32
2/25/1983,190.22
2/28/1983,188.26
3/1/1983,190.5
3/2/1983,192.7
3/3/1983,193.5
3/4/1983,192.7
3/7/1983,192.9
3/8/1983,189.7
3/9/1983,185.3
3/10/1983,186.7
3/11/1983,184.2
3/14/1983,185.7
3/15/1983,185.4
3/16/1983,186.7
3/17/1983,189.4
3/18/1983,191.5
3/21/1983,187.8
3/22/1983,187.6
3/23/1983,189.4
3/24/1983,186
3/25/1983,184.8
3/28/1983,184.7
3/29/1983,185
3/30/1983,185.3
3/31/1983,184.6
4/4/1983,184.1
4/5/1983,183.7
4/6/1983,183.5
4/7/1983,185.6
4/8/1983,186.1
4/11/1983,189.5
4/12/1983,186.9
4/13/1983,189.3
4/14/1983,191.6
4/15/1983,190.6
4/18/1983,193.5
4/19/1983,190.3
4/20/1983,188.8
4/21/1983,188.7
4/22/1983,188.8
4/25/1983,191.2
4/26/1983,191.14
4/27/1983,193.9
4/28/1983,202.12
4/29/1983,207.6
5/2/1983,211.1
5/3/1983,212.8
5/4/1983,215.4
5/5/1983,214.1
5/6/1983,217.7
5/9/1983,219.6
5/10/1983,222.1
5/11/1983,225.8
5/12/1983,230
5/13/1983,225.8
5/16/1983,228.7
5/17/1983,227.5
5/18/1983,227.5
5/19/1983,224.5
5/20/1983,227.2
5/23/1983,225.6
5/24/1983,230.6
5/25/1983,235.6
5/26/1983,239.6
5/27/1983,243.7
5/31/1983,248.2
6/1/1983,243.2
6/2/1983,238.2
6/3/1983,237.4
6/6/1983,242.4
6/7/1983,237.4
6/8/1983,232.4
6/9/1983,227.6
6/10/1983,227.7
6/13/1983,231
6/14/1983,226.9
6/15/1983,224.1
6/16/1983,229.1
6/17/1983,234.1
6/20/1983,230.6
6/21/1983,226.8
6/22/1983,221.8
6/23/1983,218.5
6/24/1983,222.7
6/27/1983,218.5
6/28/1983,214.34
6/29/1983,217.3
6/30/1983,220.38
7/1/1983,221.2
7/5/1983,216.2
7/6/1983,213.6
7/7/1983,210.6
7/8/1983,209.2
7/11/1983,213.2
7/12/1983,208.8
7/13/1983,209.3
7/14/1983,211
7/15/1983,210.8
7/18/1983,209.3
7/19/1983,208.4
7/20/1983,206
7/21/1983,211
7/22/1983,212.6
7/25/1983,217.2
7/26/1983,214.4
7/27/1983,209.4
7/28/1983,204.8
7/29/1983,199.8
8/1/1983,194.8
8/2/1983,190.8
8/3/1983,190.1
8/4/1983,185.1
8/5/1983,180.1
8/8/1983,175.1
8/9/1983,171.2
8/10/1983,171
8/11/1983,171.1
8/12/1983,173.5
8/15/1983,177.9
8/16/1983,172.9
8/17/1983,168.2
8/18/1983,164.7
8/19/1983,161.8
8/22/1983,163.5
8/23/1983,168.5
8/24/1983,173.5
8/25/1983,171.1
8/26/1983,174.78
8/29/1983,173.5
8/30/1983,175.1
8/31/1983,173.66
9/1/1983,174.7
9/2/1983,172.3
9/6/1983,175
9/7/1983,174.3
9/8/1983,170.4
9/9/1983,170.3
9/12/1983,170.6
9/13/1983,166.7
9/14/1983,163.3
9/15/1983,162.7
9/16/1983,167.7
9/19/1983,167.7
9/20/1983,164.8
9/21/1983,169.8
9/22/1983,174.8
9/23/1983,175.9
9/26/1983,173.9
9/27/1983,170.1
9/28/1983,175.1
9/29/1983,177
9/30/1983,182
10/3/1983,177
10/4/1983,179.6
10/5/1983,175.4
10/6/1983,178.8
10/7/1983,183.4
10/10/1983,179
10/11/1983,180.7
10/12/1983,180.7
10/13/1983,182.7
10/14/1983,179.8
10/17/1983,176.3
10/18/1983,171.8
10/19/1983,168
10/20/1983,173
10/21/1983,172.9
10/24/1983,173.7
10/25/1983,168.7
10/26/1983,166.62
10/27/1983,164.92
10/28/1983,168.24
10/31/1983,169.28
11/1/1983,176.8
11/2/1983,175.4
11/3/1983,180.4
11/4/1983,178.9
11/7/1983,178.5
11/8/1983,178.6
11/9/1983,180
11/10/1983,183.8
11/11/1983,181.7
11/14/1983,176.7
11/15/1983,172.9
11/16/1983,173.6
11/17/1983,176.8
11/18/1983,176.7
11/21/1983,178.2
11/22/1983,177.5
11/23/1983,179.2
11/28/1983,177.5
11/29/1983,179.5
11/30/1983,182.1
12/1/1983,183
12/2/1983,182.9
12/5/1983,179.9
12/6/1983,175.6
12/7/1983,176.2
12/8/1983,178.2
12/9/1983,178.6
12/12/1983,177.3
12/13/1983,174.2
12/14/1983,174.8
12/15/1983,171.1
12/16/1983,173
12/19/1983,172.4
12/20/1983,167.4
12/21/1983,165.6
12/22/1983,165.7
12/23/1983,168.9
12/27/1983,173.16
12/28/1983,171.98
12/29/1983,175.02
12/30/1983,177.88
1/3/1984,178.2
1/4/1984,178.4
1/5/1984,183.2
1/6/1984,181.8
1/9/1984,179.6
1/10/1984,181.5
1/11/1984,181.3
1/12/1984,180.3
1/13/1984,180.4
1/16/1984,175.5
1/17/1984,174.3
1/18/1984,172.2
1/19/1984,174.5
1/20/1984,172.3
1/23/1984,172.7
1/24/1984,175.9
1/25/1984,177.2
1/26/1984,175.9
1/27/1984,177.2
1/30/1984,177.2
1/31/1984,175.6
2/1/1984,180.6
2/2/1984,185.6
2/3/1984,188.8
2/6/1984,187
2/7/1984,182.5
2/8/1984,182.4
2/9/1984,182.4
2/10/1984,178.4
2/13/1984,173.4
2/14/1984,173.3
2/15/1984,178.1
2/16/1984,183.1
2/17/1984,179.3
2/21/1984,184.3
2/22/1984,187.8
2/23/1984,184
2/24/1984,184.8
2/27/1984,184.62
2/28/1984,188.34
2/29/1984,194.38
3/1/1984,195.6
3/2/1984,197.4
3/5/1984,198.3
3/6/1984,198
3/7/1984,193.1
3/8/1984,192.9
3/9/1984,194.3
3/12/1984,196.5
3/13/1984,197.9
3/14/1984,199.1
3/15/1984,196.9
3/16/1984,201.9
3/19/1984,198.9
3/20/1984,194.7
3/21/1984,196.3
3/22/1984,194.9
3/23/1984,192.2
3/26/1984,192.3
3/27/1984,188.6
3/28/1984,187.3
3/29/1984,189.2
3/30/1984,186.7
4/2/1984,187.7
4/3/1984,182.7
4/4/1984,180.2
4/5/1984,177.3
4/6/1984,176
4/9/1984,175.2
4/10/1984,178.4
4/11/1984,175.6
4/12/1984,175.8
4/13/1984,175.3
4/16/1984,171.5
4/17/1984,167
4/18/1984,165.8
4/19/1984,161.9
4/23/1984,159.9
4/24/1984,158.9
4/25/1984,163.66
4/26/1984,162.22
4/27/1984,161.66
4/30/1984,160.92
5/1/1984,159.2
5/2/1984,157.8
5/3/1984,159.6
5/4/1984,155.3
5/7/1984,150.4
5/8/1984,145.4
5/9/1984,141.7
5/10/1984,146.7
5/11/1984,146.5
5/14/1984,151.5
5/15/1984,154.3
5/16/1984,159.3
5/17/1984,154.3
5/18/1984,155.5
5/21/1984,156.1
5/22/1984,151.1
5/23/1984,146.1
5/24/1984,141.9
5/25/1984,144.3
5/29/1984,144
5/30/1984,143.3
5/31/1984,147.7
6/1/1984,146.3
6/4/1984,145.9
6/5/1984,143.7
6/6/1984,141.7
6/7/1984,136.7
6/8/1984,136.8
6/11/1984,132.9
6/12/1984,135.7
6/13/1984,137.7
6/14/1984,137
6/15/1984,138.7
6/18/1984,138.7
6/19/1984,133.7
6/20/1984,132.8
6/21/1984,135
6/22/1984,132.4
6/25/1984,130.3
6/26/1984,129.34
6/27/1984,129.48
6/28/1984,130.1
6/29/1984,133.96
7/2/1984,134.2
7/3/1984,134.3
7/5/1984,135
7/6/1984,134.5
7/9/1984,136.8
7/10/1984,131.8
7/11/1984,126.8
7/12/1984,127
7/13/1984,128.6
7/16/1984,124.5
7/17/1984,124.2
7/18/1984,120.7
7/19/1984,121.5
7/20/1984,119.6
7/23/1984,116.5
7/24/1984,118
7/25/1984,123
7/26/1984,126.8
7/27/1984,126.4
7/30/1984,124.2
7/31/1984,123.3
8/1/1984,128.3
8/2/1984,133.3
8/3/1984,137.5
8/6/1984,135.9
8/7/1984,136.2
8/8/1984,138.1
8/9/1984,141
8/10/1984,139.3
8/13/1984,136.3
8/14/1984,135.9
8/15/1984,135
8/16/1984,131.1
8/17/1984,129.1
8/20/1984,125.9
8/21/1984,125.6
8/22/1984,124.5
8/23/1984,124.2
8/24/1984,122.4
8/27/1984,118.1
8/28/1984,119.12
8/29/1984,121.44
8/30/1984,126.2
8/31/1984,126.24
9/4/1984,123.1
9/5/1984,124.6
9/6/1984,129.6
9/7/1984,125
9/10/1984,127.3
9/11/1984,128
9/12/1984,128.4
9/13/1984,133.4
9/14/1984,132.6
9/17/1984,127.6
9/18/1984,128.1
9/19/1984,126.4
9/20/1984,122.9
9/21/1984,127.8
9/24/1984,125.8
9/25/1984,127.3
9/26/1984,129.6
9/27/1984,132.6
9/28/1984,128.4
10/1/1984,129.6
10/2/1984,128.9
10/3/1984,127.6
10/4/1984,126.2
10/5/1984,126.4
10/8/1984,125.9
10/9/1984,127.5
10/10/1984,124.9
10/11/1984,128.8
10/12/1984,127.2
10/15/1984,132.2
10/16/1984,130.6
10/17/1984,129.9
10/18/1984,134.9
10/19/1984,135.5
10/22/1984,137.7
10/23/1984,133.4
10/24/1984,136.8
10/25/1984,135.4
10/26/1984,137.7
10/29/1984,139.44
10/30/1984,144.68
10/31/1984,145.42
11/1/1984,145
11/2/1984,145.9
11/5/1984,149.2
11/6/1984,148.9
11/7/1984,153.9
11/8/1984,151.9
11/9/1984,153.6
11/12/1984,152.4
11/13/1984,149.4
11/14/1984,149
11/15/1984,150.6
11/16/1984,150.7
11/19/1984,150.8
11/20/1984,147.3
11/21/1984,149.6
11/23/1984,152.6
11/26/1984,155.2
11/27/1984,156.7
11/28/1984,157.6
11/29/1984,154.2
11/30/1984,154.2
12/3/1984,156
12/4/1984,152.6
12/5/1984,150.8
12/6/1984,148.1
12/7/1984,145.7
12/10/1984,140.8
12/11/1984,140.6
12/12/1984,144.1
12/13/1984,145.7
12/14/1984,149.5
12/17/1984,151.7
12/18/1984,153.7
12/19/1984,153.6
12/20/1984,155.4
12/21/1984,156.4
12/24/1984,157.1
12/26/1984,156.42
12/27/1984,161.04
12/28/1984,163.1
12/31/1984,163.32
1/2/1985,160.3
1/3/1985,162.7
1/4/1985,161.5
1/7/1985,166.5
1/8/1985,168.6
1/9/1985,168.8
1/10/1985,167.4
1/11/1985,164.8
1/14/1985,164.7
1/15/1985,167.1
1/16/1985,166.4
1/17/1985,161.4
1/18/1985,156.5
1/21/1985,154.8
1/22/1985,155.6
1/23/1985,156.3
1/24/1985,160.4
1/25/1985,159.9
1/28/1985,155.7
1/29/1985,154.2
1/30/1985,155.5
1/31/1985,153.7
2/1/1985,150.7
2/4/1985,150.5
2/5/1985,152.1
2/6/1985,151.4
2/7/1985,150.3
2/8/1985,150
2/11/1985,146.9
2/12/1985,146.3
2/13/1985,148.7
2/14/1985,150.1
2/15/1985,149.4
2/19/1985,151.9
2/20/1985,149.1
2/21/1985,144.1
2/22/1985,141.2
2/25/1985,144.4
2/26/1985,143
2/27/1985,144.5
2/28/1985,145.08
3/1/1985,142.5
3/4/1985,137.5
3/5/1985,137.6
3/6/1985,135.1
3/7/1985,135.9
3/8/1985,135.2
3/11/1985,137.3
3/12/1985,137.5
3/13/1985,140.2
3/14/1985,137.9
3/15/1985,133.4
3/18/1985,128.4
3/19/1985,129
3/20/1985,127.8
3/21/1985,129.2
3/22/1985,126.2
3/25/1985,127.3
3/26/1985,122.7
3/27/1985,123.4
3/28/1985,125.9
3/29/1985,124.2
4/1/1985,123.8
4/2/1985,128.8
4/3/1985,126.5
4/4/1985,131.5
4/8/1985,135.1
4/9/1985,133.3
4/10/1985,135.4
4/11/1985,138.4
4/12/1985,139.7
4/15/1985,138.8
4/16/1985,143.7
4/17/1985,144.6
4/18/1985,139.6
4/19/1985,137.1
4/22/1985,137.8
4/23/1985,136.8
4/24/1985,134.3
4/25/1985,140.38
4/26/1985,141.36
4/29/1985,144.04
4/30/1985,141.32
5/1/1985,143.8
5/2/1985,142.7
5/3/1985,146.5
5/6/1985,146
5/7/1985,149.2
5/8/1985,148.9
5/9/1985,153.1
5/10/1985,155.1
5/13/1985,153.9
5/14/1985,151.9
5/15/1985,156.9
5/16/1985,159.3
5/17/1985,159.6
5/20/1985,164.6
5/21/1985,164.1
5/22/1985,163.1
5/23/1985,158.1
5/24/1985,160.7
5/28/1985,156.5
5/29/1985,154.3
5/30/1985,155.6
5/31/1985,155.7
6/3/1985,156.6
6/4/1985,153.8
6/5/1985,157.1
6/6/1985,161.9
6/7/1985,162.3
6/10/1985,161
6/11/1985,157.7
6/12/1985,152.9
6/13/1985,148.2
6/14/1985,151.4
6/17/1985,151.3
6/18/1985,148.9
6/19/1985,143.9
6/20/1985,145.3
6/21/1985,146.8
6/24/1985,147.3
6/25/1985,144.44
6/26/1985,143.42
6/27/1985,144.78
6/28/1985,149.12
7/1/1985,148.7
7/2/1985,144.2
7/3/1985,145.1
7/5/1985,148.6
7/8/1985,149.8
7/9/1985,150.2
7/10/1985,152.4
7/11/1985,151.9
7/12/1985,150.2
7/15/1985,149.6
7/16/1985,148.6
7/17/1985,147
7/18/1985,145.6
7/19/1985,147.7
7/22/1985,147.3
7/23/1985,145.4
7/24/1985,140.4
7/25/1985,138.2
7/26/1985,139.1
7/29/1985,136.3
7/30/1985,135.4
7/31/1985,137.5
8/1/1985,138.8
8/2/1985,138
8/5/1985,135.3
8/6/1985,134.9
8/7/1985,134.9
8/8/1985,139.2
8/9/1985,137.2
8/12/1985,132.7
8/13/1985,131.9
8/14/1985,133.2
8/15/1985,132
8/16/1985,128.4
8/19/1985,130.5
8/20/1985,129.6
8/21/1985,131.9
8/22/1985,131.9
8/23/1985,131.2
8/26/1985,132.1
8/27/1985,133.94
8/28/1985,132.5
8/29/1985,133.68
8/30/1985,132.74
9/3/1985,129.6
9/4/1985,130.8
9/5/1985,132.6
9/6/1985,135.2
9/9/1985,135.8
9/10/1985,133.8
9/11/1985,135.4
9/12/1985,135.2
9/13/1985,138.6
9/16/1985,139.8
9/17/1985,138.5
9/18/1985,136.7
9/19/1985,136
9/20/1985,138.1
9/23/1985,141.5
9/24/1985,143.1
9/25/1985,142.5
9/26/1985,140.5
9/27/1985,140.7
9/30/1985,139.5
10/1/1985,139.6
10/2/1985,139.4
10/3/1985,137.7
10/4/1985,135.1
10/7/1985,135.6
10/8/1985,136.3
10/9/1985,135.4
10/10/1985,135.9
10/11/1985,133.9
10/14/1985,134.4
10/15/1985,138.9
10/16/1985,139.4
10/17/1985,138.1
10/18/1985,137.1
10/21/1985,136.9
10/22/1985,141.9
10/23/1985,141.5
10/24/1985,141.1
10/25/1985,141.1
10/28/1985,141.96
10/29/1985,147.24
10/30/1985,146.98
10/31/1985,146.46
11/1/1985,147.7
11/4/1985,146
11/5/1985,145.4
11/6/1985,144.2
11/7/1985,142.6
11/8/1985,143.8
11/11/1985,144.7
11/12/1985,149.3
11/13/1985,148.9
11/14/1985,148.9
11/15/1985,146.3
11/18/1985,148.1
11/19/1985,143.7
11/20/1985,143.5
11/21/1985,142.2
11/22/1985,144.9
11/25/1985,145.3
11/26/1985,146.2
11/27/1985,148
11/29/1985,146.3
12/2/1985,144.8
12/3/1985,145.5
12/4/1985,145.9
12/5/1985,150.2
12/6/1985,149.9
12/9/1985,152.3
12/10/1985,151
12/11/1985,150.7
12/12/1985,151.9
12/13/1985,152.7
12/16/1985,153.4
12/17/1985,150.6
12/18/1985,145.6
12/19/1985,146.9
12/20/1985,148.7
12/23/1985,147.9
12/24/1985,148.8
12/26/1985,150.22
12/27/1985,149.12
12/30/1985,150.14
12/31/1985,152
1/2/1986,149.5
1/3/1986,149.8
1/6/1986,148.2
1/7/1986,150.8
1/8/1986,149.1
1/9/1986,146.3
1/10/1986,146.6
1/13/1986,144.2
1/14/1986,144.5
1/15/1986,145.3
1/16/1986,145.5
1/17/1986,148
1/20/1986,147
1/21/1986,147.2
1/22/1986,142.4
1/23/1986,143.6
1/24/1986,143.9
1/27/1986,144.3
1/28/1986,142.6
1/29/1986,142
1/30/1986,139.4
1/31/1986,141.4
2/3/1986,142.4
2/4/1986,137.5
2/5/1986,136.8
2/6/1986,138.2
2/7/1986,139.4
2/10/1986,140.3
2/11/1986,141.4
2/12/1986,140.6
2/13/1986,145.3
2/14/1986,144.8
2/18/1986,145.8
2/19/1986,149.3
2/20/1986,150.4
2/21/1986,154.9
2/24/1986,158.1
2/25/1986,155.32
2/26/1986,154.16
2/27/1986,158.84
2/28/1986,159.46
3/3/1986,164.9
3/4/1986,169.9
3/5/1986,169.3
3/6/1986,174.1
3/7/1986,177.6
3/10/1986,182.6
3/11/1986,180.5
3/12/1986,184.2
3/13/1986,189.2
3/14/1986,190.6
3/17/1986,189.6
3/18/1986,184.7
3/19/1986,183.5
3/20/1986,188.5
3/21/1986,193.5
3/24/1986,191.8
3/25/1986,186.8
3/26/1986,181.8
3/27/1986,178.9
3/31/1986,183.9
4/1/1986,185.4
4/2/1986,189.3
4/3/1986,187.4
4/4/1986,184.7
4/7/1986,188.6
4/8/1986,193.6
4/9/1986,194.3
4/10/1986,189.3
4/11/1986,184.3
4/14/1986,185.3
4/15/1986,180.5
4/16/1986,175.5
4/17/1986,175.1
4/18/1986,176.6
4/21/1986,173.5
4/22/1986,170.9
4/23/1986,172.5
4/24/1986,175.1
4/25/1986,173
4/28/1986,177.34
4/29/1986,178.76
4/30/1986,178.04
5/1/1986,175.6
5/2/1986,174.6
5/5/1986,179.2
5/6/1986,183.1
5/7/1986,182.8
5/8/1986,183.5
5/9/1986,180.3
5/12/1986,180.6
5/13/1986,177.3
5/14/1986,178.6
5/15/1986,179.3
5/16/1986,174.3
5/19/1986,169.3
5/20/1986,174
5/21/1986,169.1
5/22/1986,166.7
5/23/1986,170.7
5/27/1986,174.8
5/28/1986,171.9
5/29/1986,169.2
5/30/1986,168.7
6/2/1986,163.8
6/3/1986,161.8
6/4/1986,156.8
6/5/1986,161.6
6/6/1986,161.7
6/9/1986,158.2
6/10/1986,158.7
6/11/1986,159.9
6/12/1986,162
6/13/1986,167
6/16/1986,172
6/17/1986,169.6
6/18/1986,172.6
6/19/1986,177.6
6/20/1986,179.5
6/23/1986,174.5
6/24/1986,171.1
6/25/1986,165.98
6/26/1986,165.1
6/27/1986,160.4
6/30/1986,157.94
7/1/1986,158.9
7/2/1986,162.3
7/3/1986,164.8
7/7/1986,160.8
7/8/1986,157.8
7/9/1986,160.9
7/10/1986,160.6
7/11/1986,160.7
7/14/1986,157.6
7/15/1986,155.3
7/16/1986,151.5
7/17/1986,155.2
7/18/1986,151.9
7/21/1986,153.8
7/22/1986,149.3
7/23/1986,154.3
7/24/1986,157.9
7/25/1986,155
7/28/1986,150
7/29/1986,152.4
7/30/1986,153.2
7/31/1986,156.2
8/1/1986,157.7
8/4/1986,162.7
8/5/1986,166.3
8/6/1986,164.1
8/7/1986,167.6
8/8/1986,165.9
8/11/1986,160.9
8/12/1986,163.6
8/13/1986,165.8
8/14/1986,165.1
8/15/1986,165.6
8/18/1986,170.6
8/19/1986,172.6
8/20/1986,169.9
8/21/1986,174.7
8/22/1986,173.8
8/25/1986,178.5
8/26/1986,177.12
8/27/1986,180.92
8/28/1986,180.96
8/29/1986,177.26
9/2/1986,177.9
9/3/1986,178.4
9/4/1986,183.4
9/5/1986,183.9
9/8/1986,182.4
9/9/1986,177.6
9/10/1986,173.1
9/11/1986,171.2
9/12/1986,174.7
9/15/1986,176.6
9/16/1986,180.5
9/17/1986,180.4
9/18/1986,175.4
9/19/1986,170.4
9/22/1986,167.5
9/23/1986,168.4
9/24/1986,163.4
9/25/1986,165.7
9/26/1986,167.6
9/29/1986,168.1
9/30/1986,172.4
10/1/1986,167.4
10/2/1986,166.1
10/3/1986,168.2
10/6/1986,169.4
10/7/1986,167.9
10/8/1986,172.6
10/9/1986,167.6
10/10/1986,165.9
10/13/1986,167
10/14/1986,168.8
10/15/1986,173.8
10/16/1986,177.6
10/17/1986,174.2
10/20/1986,176.1
10/21/1986,175.5
10/22/1986,174
10/23/1986,174.4
10/24/1986,171.8
10/27/1986,173.8
10/28/1986,176.04
10/29/1986,174.28
10/30/1986,175.12
10/31/1986,174.34
11/3/1986,174
11/4/1986,171.6
11/5/1986,172.8
11/6/1986,174.9
11/7/1986,172.5
11/10/1986,173.5
11/11/1986,173.5
11/12/1986,173.5
11/13/1986,173.8
11/14/1986,174.1
11/17/1986,176.6
11/18/1986,178.7
11/19/1986,173.7
11/20/1986,168.8
11/21/1986,168.4
11/24/1986,169.2
11/25/1986,172.3
11/26/1986,175.4
11/28/1986,180.3
12/1/1986,185.3
12/2/1986,184
12/3/1986,187.1
12/4/1986,189.1
12/5/1986,184.1
12/8/1986,179.1
12/9/1986,174.6
12/10/1986,172
12/11/1986,174.2
12/12/1986,173
12/15/1986,172
12/16/1986,167.5
12/17/1986,168.3
12/18/1986,169.9
12/19/1986,170.4
12/22/1986,170.8
12/23/1986,170.4
12/24/1986,170.4
12/26/1986,169.2
12/29/1986,167.18
12/30/1986,164.7
12/31/1986,161.74
1/2/1987,161.4
1/5/1987,163.3
1/6/1987,164.3
1/7/1987,168
1/8/1987,168.2
1/9/1987,168.9
1/12/1987,173
1/13/1987,170.1
1/14/1987,171.6
1/15/1987,174.9
1/16/1987,173.6
1/19/1987,171.6
1/20/1987,175.8
1/21/1987,180.8
1/22/1987,185
1/23/1987,182.3
1/26/1987,181.4
1/27/1987,186.4
1/28/1987,185.7
1/29/1987,184.6
1/30/1987,187.9
2/2/1987,192.6
2/3/1987,197.6
2/4/1987,202.6
2/5/1987,204.1
2/6/1987,202.3
2/9/1987,207.3
2/10/1987,203.9
2/11/1987,206
2/12/1987,210.7
2/13/1987,205.7
2/17/1987,203
2/18/1987,198
2/19/1987,195.5
2/20/1987,198.2
2/23/1987,200.7
2/24/1987,192.62
2/25/1987,189.98
2/26/1987,192.42
2/27/1987,192.12
3/2/1987,193.2
3/3/1987,188.2
3/4/1987,185.2
3/5/1987,188.3
3/6/1987,187.7
3/9/1987,187.8
3/10/1987,185.8
3/11/1987,188.8
3/12/1987,189
3/13/1987,189
3/16/1987,190.7
3/17/1987,195.7
3/18/1987,196.7
3/19/1987,194.8
3/20/1987,196.5
3/23/1987,197.2
3/24/1987,202.1
3/25/1987,199.6
3/26/1987,195.9
3/27/1987,197.3
3/30/1987,192.3
3/31/1987,192.4
4/1/1987,187.4
4/2/1987,188.8
4/3/1987,188.5
4/6/1987,190.8
4/7/1987,187.7
4/8/1987,187.1
4/9/1987,187.7
4/10/1987,190.6
4/13/1987,193.7
4/14/1987,189
4/15/1987,185.6
4/16/1987,185.6
4/20/1987,185.6
4/21/1987,188.8
4/22/1987,188.8
4/23/1987,187.1
4/24/1987,183.8
4/27/1987,181.16
4/28/1987,181
4/29/1987,179.68
4/30/1987,180.38
5/1/1987,179
5/4/1987,181.5
5/5/1987,181
5/6/1987,180.4
5/7/1987,181.9
5/8/1987,184.9
5/11/1987,185.9
5/12/1987,182.7
5/13/1987,185.6
5/14/1987,188.3
5/15/1987,184.7
5/18/1987,181.1
5/19/1987,178.8
5/20/1987,180.6
5/21/1987,181.9
5/22/1987,179.8
5/26/1987,181.7
5/27/1987,179.4
5/28/1987,179.6
5/29/1987,180.9
6/1/1987,185.4
6/2/1987,183.2
6/3/1987,186.6
6/4/1987,187.7
6/5/1987,187.9
6/8/1987,188
6/9/1987,185.8
6/10/1987,186.7
6/11/1987,191.7
6/12/1987,194.5
6/15/1987,194.3
6/16/1987,197.5
6/17/1987,197.8
6/18/1987,195.1
6/19/1987,196.1
6/22/1987,194.3
6/23/1987,193.1
6/24/1987,192.7
6/25/1987,192.76
6/26/1987,191.1
6/29/1987,188.6
6/30/1987,186
7/1/1987,180.7
7/2/1987,183.6
7/6/1987,186.2
7/7/1987,186.3
7/8/1987,188.3
7/9/1987,187.4
7/10/1987,188.3
7/13/1987,187.6
7/14/1987,184.8
7/15/1987,183.2
7/16/1987,184.9
7/17/1987,187.5
7/20/1987,189
7/21/1987,186.4
7/22/1987,185.3
7/23/1987,184.5
7/24/1987,183.4
7/27/1987,183.6
7/28/1987,184.8
7/29/1987,184.4
7/30/1987,184.7
7/31/1987,188
8/3/1987,188.2
8/4/1987,188.1
8/5/1987,193.1
8/6/1987,192.4
8/7/1987,195
8/10/1987,194.5
8/11/1987,193.8
8/12/1987,198.3
8/13/1987,197.8
8/14/1987,201.2
8/17/1987,206.2
8/18/1987,204.7
8/19/1987,205.5
8/20/1987,209.7
8/21/1987,214.7
8/24/1987,209.7
8/25/1987,213.4
8/26/1987,206.84
8/27/1987,201.78
8/28/1987,201.46
8/31/1987,201
9/1/1987,195.9
9/2/1987,190.9
9/3/1987,190.1
9/4/1987,191.7
9/8/1987,187.9
9/9/1987,192.4
9/10/1987,191.6
9/11/1987,192.3
9/14/1987,190
9/15/1987,191.7
9/16/1987,189.1
9/17/1987,189.7
9/18/1987,188
9/21/1987,185.4
9/22/1987,184.9
9/23/1987,186.5
9/24/1987,186
9/25/1987,183.7
9/28/1987,185.7
9/29/1987,184.3
9/30/1987,184.3
10/1/1987,186.1
10/2/1987,189.3
10/5/1987,190
10/6/1987,185
10/7/1987,183.9
10/8/1987,180.6
10/9/1987,179
10/12/1987,178.9
10/13/1987,178.9
10/14/1987,179.4
10/15/1987,180.7
10/16/1987,180.2
10/19/1987,176.5
10/20/1987,173.7
10/21/1987,175
10/22/1987,176.8
10/23/1987,181
10/26/1987,177.4
10/27/1987,175.68
10/28/1987,176.26
10/29/1987,174.32
10/30/1987,174.66
11/2/1987,174.4
11/3/1987,171.8
11/4/1987,172.1
11/5/1987,172.7
11/6/1987,173.9
11/9/1987,174.1
11/10/1987,174.9
11/11/1987,177.3
11/12/1987,176.9
11/13/1987,174.8
11/16/1987,175.8
11/17/1987,175.9
11/18/1987,171.2
11/19/1987,172.1
11/20/1987,172.7
11/23/1987,174.4
11/24/1987,179.4
11/25/1987,183.9
11/27/1987,186.3
11/30/1987,182.5
12/1/1987,184.2
12/2/1987,183.4
12/3/1987,183.5
12/4/1987,188.5
12/7/1987,187.6
12/8/1987,188.3
12/9/1987,190.6
12/10/1987,187.7
12/11/1987,189.4
12/14/1987,194
12/15/1987,190.6
12/16/1987,191.2
12/17/1987,196.2
12/18/1987,198.3
12/21/1987,195.8
12/22/1987,192.4
12/23/1987,194.9
12/24/1987,193.8
12/28/1987,189.46
12/29/1987,189.5
12/30/1987,189.48
12/31/1987,186.82
1/4/1988,190.2
1/5/1988,189.4
1/6/1988,188
1/7/1988,188.6
1/8/1988,183.6
1/11/1988,181.2
1/12/1988,182.6
1/13/1988,183.3
1/14/1988,182.1
1/15/1988,183.9
1/18/1988,183.7
1/19/1988,182.1
1/20/1988,178.7
1/21/1988,179.7
1/22/1988,180.5
1/25/1988,181.2
1/26/1988,183.2
1/27/1988,188.2
1/28/1988,193.2
1/29/1988,191.6
2/1/1988,192.4
2/2/1988,191.7
2/3/1988,196
2/4/1988,191.6
2/5/1988,191.9
2/8/1988,196.8
2/9/1988,196.8
2/10/1988,197
2/11/1988,197
2/12/1988,197.4
2/16/1988,196.7
2/17/1988,193.4
2/18/1988,198.4
2/19/1988,196.2
2/22/1988,193.7
2/23/1988,197.4
2/24/1988,191.78
2/25/1988,186.36
2/26/1988,186.78
2/29/1988,185.82
3/1/1988,186.9
3/2/1988,187.1
3/3/1988,188.1
3/4/1988,188.7
3/7/1988,183.7
3/8/1988,183.6
3/9/1988,185.2
3/10/1988,184.4
3/11/1988,185.1
3/14/1988,189.3
3/15/1988,185
3/16/1988,189.4
3/17/1988,187.9
3/18/1988,185.9
3/21/1988,188.3
3/22/1988,185.5
3/23/1988,186.8
3/24/1988,185.6
3/25/1988,186
3/28/1988,186.6
3/29/1988,188.6
3/30/1988,189.3
3/31/1988,188.6
4/4/1988,193.6
4/5/1988,192.4
4/6/1988,194.5
4/7/1988,193.6
4/8/1988,194
4/11/1988,194.6
4/12/1988,192.4
4/13/1988,193.2
4/14/1988,191.5
4/15/1988,191.3
4/18/1988,190.9
4/19/1988,189.6
4/20/1988,191.2
4/21/1988,189.2
4/22/1988,188.8
4/25/1988,189.7
4/26/1988,192.26
4/27/1988,190.1
4/28/1988,189.66
4/29/1988,190.82
5/2/1988,191
5/3/1988,191.2
5/4/1988,189.7
5/5/1988,188.5
5/6/1988,188.4
5/9/1988,187.7
5/10/1988,187.5
5/11/1988,185.8
5/12/1988,186.8
5/13/1988,188.3
5/16/1988,186.5
5/17/1988,186.6
5/18/1988,188.3
5/19/1988,188.3
5/20/1988,187.6
5/23/1988,186.9
5/24/1988,188.1
5/25/1988,188.9
5/26/1988,190
5/27/1988,194.3
5/31/1988,198.6
6/1/1988,196.7
6/2/1988,196.9
6/3/1988,198.8
6/6/1988,203.8
6/7/1988,205.5
6/8/1988,208.2
6/9/1988,206.8
6/10/1988,207.8
6/13/1988,206.3
6/14/1988,202.8
6/15/1988,201.4
6/16/1988,199.5
6/17/1988,194.5
6/20/1988,195.7
6/21/1988,192.7
6/22/1988,193.1
6/23/1988,194.2
6/24/1988,193.4
6/27/1988,192.74
6/28/1988,195.46
6/29/1988,194.46
6/30/1988,198.28
7/1/1988,196.3
7/5/1988,194.1
7/6/1988,194.3
7/7/1988,195.5
7/8/1988,199.1
7/11/1988,199.5
7/12/1988,198.7
7/13/1988,196.7
7/14/1988,191.9
7/15/1988,190.3
7/18/1988,190.1
7/19/1988,190.2
7/20/1988,190.3
7/21/1988,194.4
7/22/1988,192.5
7/25/1988,190.5
7/26/1988,187.3
7/27/1988,187.1
7/28/1988,187.4
7/29/1988,183.7
8/1/1988,181
8/2/1988,180.2
8/3/1988,180.7
8/4/1988,182.2
8/5/1988,181.2
8/8/1988,180.3
8/9/1988,178.5
8/10/1988,174.5
8/11/1988,175.4
8/12/1988,176.1
8/15/1988,176.2
8/16/1988,178.4
8/17/1988,176.8
8/18/1988,177.6
8/19/1988,177.6
8/22/1988,172.6
8/23/1988,170.5
8/24/1988,173.8
8/25/1988,171.3
8/26/1988,174.32
8/29/1988,177.42
8/30/1988,176.54
8/31/1988,175.4
9/1/1988,176.3
9/2/1988,177.6
9/6/1988,177.4
9/7/1988,173.4
9/8/1988,171.1
9/9/1988,171.6
9/12/1988,173
9/13/1988,172.1
9/14/1988,175.3
9/15/1988,173.7
9/16/1988,173.6
9/19/1988,174.6
9/20/1988,172.5
9/21/1988,173.1
9/22/1988,171.3
9/23/1988,172.5
9/26/1988,173.9
9/27/1988,174.3
9/28/1988,170.6
9/29/1988,171.9
9/30/1988,174.3
10/3/1988,174.7
10/4/1988,174.1
10/5/1988,174.1
10/6/1988,174.6
10/7/1988,176.5
10/10/1988,176.2
10/11/1988,176.9
10/12/1988,178.6
10/13/1988,179.2
10/14/1988,178.2
10/17/1988,178.7
10/18/1988,178.2
10/19/1988,178.3
10/20/1988,178.3
10/21/1988,177.9
10/24/1988,179.4
10/25/1988,179.6
10/26/1988,179.6
10/27/1988,178.22
10/28/1988,178.8
10/31/1988,179.68
11/1/1988,180.6
11/2/1988,178.6
11/3/1988,177.4
11/4/1988,174.4
11/7/1988,175.2
11/8/1988,175.7
11/9/1988,174.8
11/10/1988,175.6
11/11/1988,175.8
11/14/1988,176.1
11/15/1988,174.6
11/16/1988,175.7
11/17/1988,180.5
11/18/1988,179.9
11/21/1988,179.8
11/22/1988,178.9
11/23/1988,179.9
11/25/1988,180.3
11/28/1988,179.1
11/29/1988,178
11/30/1988,174.9
12/1/1988,175.2
12/2/1988,175.7
12/5/1988,175.3
12/6/1988,177.7
12/7/1988,176.6
12/8/1988,177.4
12/9/1988,178.9
12/12/1988,179
12/13/1988,178.2
12/14/1988,179.6
12/15/1988,178.8
12/16/1988,178.5
12/19/1988,180.5
12/20/1988,182.2
12/21/1988,181
12/22/1988,181.1
12/23/1988,183.1
12/27/1988,182.58
12/28/1988,183.02
12/29/1988,184.34
12/30/1988,185.6
1/3/1989,185.2
1/4/1989,184
1/5/1989,189
1/6/1989,188.2
1/9/1989,187.8
1/10/1989,189.9
1/11/1989,189.6
1/12/1989,189.4
1/13/1989,190.5
1/16/1989,190.1
1/17/1989,190.1
1/18/1989,191.2
1/19/1989,190.6
1/20/1989,187.2
1/23/1989,187
1/24/1989,186.7
1/25/1989,182.4
1/26/1989,183.8
1/27/1989,185.3
1/30/1989,183.3
1/31/1989,185.2
2/1/1989,183.1
2/2/1989,184
2/3/1989,185.3
2/6/1989,184.4
2/7/1989,184.9
2/8/1989,187.4
2/9/1989,186.4
2/10/1989,186.1
2/13/1989,186.3
2/14/1989,188.1
2/15/1989,189.1
2/16/1989,188.7
2/17/1989,188.3
2/21/1989,187.8
2/22/1989,186.6
2/23/1989,187.14
2/24/1989,184.48
2/27/1989,185.08
2/28/1989,182.98
3/1/1989,182.9
3/2/1989,184.2
3/3/1989,183.1
3/6/1989,184.9
3/7/1989,183.9
3/8/1989,185.5
3/9/1989,183.6
3/10/1989,182.8
3/13/1989,181.7
3/14/1989,182.9
3/15/1989,182.4
3/16/1989,183.6
3/17/1989,181.5
3/20/1989,181.7
3/21/1989,183.1
3/22/1989,181.7
3/23/1989,182.4
3/27/1989,183.9
3/28/1989,183.2
3/29/1989,183.6
3/30/1989,184.1
3/31/1989,183.5
4/3/1989,187.5
4/4/1989,185.2
4/5/1989,180.2
4/6/1989,176.3
4/7/1989,178.3
4/10/1989,177.9
4/11/1989,176.7
4/12/1989,177.2
4/13/1989,176.8
4/14/1989,179.9
4/17/1989,179.3
4/18/1989,176.3
4/19/1989,177.4
4/20/1989,174.3
4/21/1989,171.8
4/24/1989,172.7
4/25/1989,174.74
4/26/1989,173.2
4/27/1989,176.56
4/28/1989,178.02
5/1/1989,178.4
5/2/1989,180.8
5/3/1989,179.4
5/4/1989,179.9
5/5/1989,178.9
5/8/1989,177.6
5/9/1989,178.2
5/10/1989,180.3
5/11/1989,180.3
5/12/1989,182.6
5/15/1989,181.6
5/16/1989,176.9
5/17/1989,179.2
5/18/1989,178.5
5/19/1989,180.2
5/22/1989,180.9
5/23/1989,180.5
5/24/1989,180.5
5/25/1989,179.9
5/26/1989,181.5
5/30/1989,178.4
5/31/1989,181.1
6/1/1989,179.8
6/2/1989,181.1
6/5/1989,183.5
6/6/1989,182.9
6/7/1989,182.7
6/8/1989,181.7
6/9/1989,182.5
6/12/1989,183.6
6/13/1989,182.7
6/14/1989,182.7
6/15/1989,182.9
6/16/1989,183.6
6/19/1989,184.3
6/20/1989,184.2
6/21/1989,183.7
6/22/1989,185.7
6/23/1989,185.8
6/26/1989,182.6
6/27/1989,183.36
6/28/1989,183.24
6/29/1989,182.82
6/30/1989,183.48
7/3/1989,183.7
7/5/1989,185.7
7/6/1989,186.4
7/7/1989,186.7
7/10/1989,186.4
7/11/1989,186.2
7/12/1989,186.4
7/13/1989,187.1
7/14/1989,187
7/17/1989,186.2
7/18/1989,185.6
7/19/1989,186.3
7/20/1989,187.6
7/21/1989,190.8
7/24/1989,190.9
7/25/1989,190.1
7/26/1989,189.6
7/27/1989,189.9
7/28/1989,189.3
7/31/1989,189.9
8/1/1989,189.5
8/2/1989,188
8/3/1989,186.4
8/4/1989,187
8/7/1989,186.7
8/8/1989,187.1
8/9/1989,185.6
8/10/1989,185.4
8/11/1989,185.9
8/14/1989,186
8/15/1989,186.1
8/16/1989,184
8/17/1989,183.1
8/18/1989,182.7
8/21/1989,183.4
8/22/1989,183.7
8/23/1989,183.3
8/24/1989,184.2
8/25/1989,184.1
8/28/1989,182.6
8/29/1989,181.98
8/30/1989,182.02
8/31/1989,182.72
9/1/1989,182.1
9/5/1989,182
9/6/1989,181
9/7/1989,182.6
9/8/1989,183.6
9/11/1989,184.6
9/12/1989,184.6
9/13/1989,184.4
9/14/1989,185.3
9/15/1989,184.8
9/18/1989,185.3
9/19/1989,184.7
9/20/1989,184.9
9/21/1989,185.3
9/22/1989,184.4
9/25/1989,183.1
9/26/1989,183.4
9/27/1989,183.9
9/28/1989,185.5
9/29/1989,185.7
10/2/1989,184.6
10/3/1989,184.3
10/4/1989,185.3
10/5/1989,185.8
10/6/1989,187.3
10/9/1989,186.8
10/10/1989,186.4
10/11/1989,185.3
10/12/1989,185.1
10/13/1989,184.6
10/16/1989,184.6
10/17/1989,185
10/18/1989,184.1
10/19/1989,183.9
10/20/1989,182.9
10/23/1989,183.1
10/24/1989,183.1
10/25/1989,182.9
10/26/1989,183.56
10/27/1989,183.48
10/30/1989,183.22
10/31/1989,183.5
11/1/1989,182.8
11/2/1989,183.7
11/3/1989,183.6
11/6/1989,184
11/7/1989,185.1
11/8/1989,185.9
11/9/1989,186.7
11/10/1989,187
11/13/1989,187.3
11/14/1989,186.2
11/15/1989,186.6
11/16/1989,186.5
11/17/1989,185.9
11/20/1989,185
11/21/1989,185.6
11/22/1989,186.4
11/24/1989,187.4
11/27/1989,186.9
11/28/1989,186.8
11/29/1989,187.6
11/30/1989,187.5
12/1/1989,187.3
12/4/1989,187.2
12/5/1989,187.7
12/6/1989,189.1
12/7/1989,189.5
12/8/1989,190.8
12/11/1989,189.9
12/12/1989,189.3
12/13/1989,190
12/14/1989,189.8
12/15/1989,190.2
12/18/1989,190.5
12/19/1989,190.6
12/20/1989,190.6
12/21/1989,190.8
12/22/1989,191
12/26/1989,191.76
12/27/1989,192.8
12/28/1989,192.44
12/29/1989,192.06
1/2/1990,190.9
1/3/1990,191
1/4/1990,193.9
1/5/1990,194.8
1/8/1990,195.6
1/9/1990,194.9
1/10/1990,195.6
1/11/1990,197.1
1/12/1990,196.4
1/15/1990,195.8
1/16/1990,197.3
1/17/1990,202.3
1/18/1990,204.7
1/19/1990,203.5
1/22/1990,202.5
1/23/1990,201.8
1/24/1990,202.2
1/25/1990,200.8
1/26/1990,200.2
1/29/1990,200.7
1/30/1990,200.4
1/31/1990,202.3
2/1/1990,203
2/2/1990,201.8
2/5/1990,202.4
2/6/1990,201.8
2/7/1990,201.9
2/8/1990,204.3
2/9/1990,204.6
2/12/1990,205.5
2/13/1990,207.3
2/14/1990,207.3
2/15/1990,209.4
2/16/1990,205.7
2/20/1990,203.5
2/21/1990,204.8
2/22/1990,205
2/23/1990,199.48
2/26/1990,197.42
2/27/1990,196.8
2/28/1990,196.08
3/1/1990,192.7
3/2/1990,191
3/5/1990,192.4
3/6/1990,194.3
3/7/1990,193.8
3/8/1990,193.8
3/9/1990,195.3
3/12/1990,195.1
3/13/1990,193.7
3/14/1990,191.8
3/15/1990,194.8
3/16/1990,195.7
3/19/1990,196.2
3/20/1990,197.1
3/21/1990,195.7
3/22/1990,193.3
3/23/1990,196
3/26/1990,196.4
3/27/1990,194.7
3/28/1990,195.6
3/29/1990,196
3/30/1990,198.2
4/2/1990,196.6
4/3/1990,195.1
4/4/1990,197.2
4/5/1990,198.2
4/6/1990,197.9
4/9/1990,199.5
4/10/1990,195.4
4/11/1990,195.3
4/12/1990,193.1
4/16/1990,193.1
4/17/1990,194
4/18/1990,194.2
4/19/1990,194.3
4/20/1990,193.9
4/23/1990,192.6
4/24/1990,192.7
4/25/1990,193.28
4/26/1990,195.1
4/27/1990,195.26
4/30/1990,196.9
5/1/1990,198.6
5/2/1990,199.2
5/3/1990,199.5
5/4/1990,201.5
5/7/1990,205.5
5/8/1990,205.7
5/9/1990,205.3
5/10/1990,204.9
5/11/1990,204.9
5/14/1990,206.7
5/15/1990,203.6
5/16/1990,201.7
5/17/1990,202.3
5/18/1990,202.5
5/21/1990,202.8
5/22/1990,200.8
5/23/1990,200.5
5/24/1990,204.4
5/25/1990,203.5
5/29/1990,202.6
5/30/1990,203.6
5/31/1990,203.2
6/1/1990,205.1
6/4/1990,205.1
6/5/1990,204.4
6/6/1990,204
6/7/1990,202.9
6/8/1990,203.4
6/11/1990,204.9
6/12/1990,204.9
6/13/1990,206.6
6/14/1990,205.9
6/15/1990,205.4
6/18/1990,204.2
6/19/1990,202.5
6/20/1990,206.1
6/21/1990,206.6
6/22/1990,205.8
6/25/1990,205.4
6/26/1990,204.46
6/27/1990,203.54
6/28/1990,205.34
6/29/1990,205.6
7/2/1990,203.9
7/3/1990,203
7/5/1990,203.3
7/6/1990,203.6
7/9/1990,201.8
7/10/1990,199.9
7/11/1990,200.4
7/12/1990,200.9
7/13/1990,198.4
7/16/1990,196.3
7/17/1990,197.7
7/18/1990,195.6
7/19/1990,196.4
7/20/1990,196.1
7/23/1990,191.4
7/24/1990,191.4
7/25/1990,192.7
7/26/1990,192.4
7/27/1990,192.4
7/30/1990,193.6
7/31/1990,194.5
8/1/1990,194.3
8/2/1990,192.8
8/3/1990,190.6
8/6/1990,189.9
8/7/1990,191
8/8/1990,189.4
8/9/1990,190.7
8/10/1990,191.5
8/13/1990,189.9
8/14/1990,191.8
8/15/1990,192.6
8/16/1990,193.3
8/17/1990,193.5
8/20/1990,192.7
8/21/1990,190.9
8/22/1990,191.1
8/23/1990,192.8
8/24/1990,193.1
8/27/1990,195.5
8/28/1990,194.22
8/29/1990,194.44
8/30/1990,194.86
8/31/1990,195.96
9/4/1990,195.8
9/5/1990,195.4
9/6/1990,195.3
9/7/1990,194.8
9/10/1990,195.1
9/11/1990,195.6
9/12/1990,194.6
9/13/1990,193.5
9/14/1990,193.2
9/17/1990,192.7
9/18/1990,191.6
9/19/1990,190.5
9/20/1990,187
9/21/1990,186.3
9/24/1990,184.3
9/25/1990,186
9/26/1990,187.4
9/27/1990,185.2
9/28/1990,185.5
10/1/1990,186.2
10/2/1990,185.3
10/3/1990,184
10/4/1990,184.2
10/5/1990,184.3
10/8/1990,185.1
10/9/1990,183.8
10/10/1990,182.2
10/11/1990,180.9
10/12/1990,180.6
10/15/1990,179.5
10/16/1990,177.5
10/17/1990,179.7
10/18/1990,181.7
10/19/1990,183
10/22/1990,183.9
10/23/1990,181.9
10/24/1990,181.4
10/25/1990,184.2
10/26/1990,183.72
10/29/1990,184.22
10/30/1990,184.24
10/31/1990,185.12
11/1/1990,187.6
11/2/1990,186.9
11/5/1990,187.8
11/6/1990,188.4
11/7/1990,186.1
11/8/1990,184.7
11/9/1990,183.3
11/12/1990,183.4
11/13/1990,178.4
11/14/1990,176.6
11/15/1990,171.6
11/16/1990,166.6
11/19/1990,161.6
11/20/1990,156.6
11/21/1990,157
11/23/1990,162
11/26/1990,161.5
11/27/1990,160.9
11/28/1990,159.8
11/29/1990,155
11/30/1990,153.1
12/3/1990,158.1
12/4/1990,162.1
12/5/1990,161.1
12/6/1990,160.8
12/7/1990,165.8
12/10/1990,170.5
12/11/1990,168.2
12/12/1990,166.4
12/13/1990,171.4
12/14/1990,170.2
12/17/1990,172.2
12/18/1990,171.6
12/19/1990,172.5
12/20/1990,170.6
12/21/1990,170.2
12/24/1990,166.8
12/26/1990,169
12/27/1990,174
12/28/1990,172.76
12/31/1990,172.42
1/2/1991,170.2
1/3/1991,169.2
1/4/1991,170.6
1/7/1991,169.3
1/8/1991,164.9
1/9/1991,165
1/10/1991,165.4
1/11/1991,163.9
1/14/1991,160.8
1/15/1991,162.8
1/16/1991,161.3
1/17/1991,165.9
1/18/1991,164.4
1/21/1991,161.9
1/22/1991,162.4
1/23/1991,163.1
1/24/1991,162.8
1/25/1991,162.1
1/28/1991,162.1
1/29/1991,162.9
1/30/1991,162.9
1/31/1991,162.2
2/1/1991,163.5
2/4/1991,168.3
2/5/1991,170.9
2/6/1991,169.6
2/7/1991,168.3
2/8/1991,172.8
2/11/1991,172.8
2/12/1991,170.8
2/13/1991,169
2/14/1991,168.3
2/15/1991,169.7
2/19/1991,166.7
2/20/1991,167.1
2/21/1991,167.7
2/22/1991,167.1
2/25/1991,168.5
2/26/1991,174
2/27/1991,175.62
2/28/1991,177.04
3/1/1991,183.7
3/4/1991,187.5
3/5/1991,186.1
3/6/1991,184.3
3/7/1991,185.5
3/8/1991,185.1
3/11/1991,185
3/12/1991,181.6
3/13/1991,182.7
3/14/1991,183.3
3/15/1991,182.3
3/18/1991,187.3
3/19/1991,187
3/20/1991,186.4
3/21/1991,187.6
3/22/1991,185.7
3/25/1991,186.8
3/26/1991,184.6
3/27/1991,184.6
3/28/1991,184.8
4/1/1991,187.5
4/2/1991,188.6
4/3/1991,187.6
4/4/1991,189
4/5/1991,191.8
4/8/1991,192.3
4/9/1991,190.6
4/10/1991,189.8
4/11/1991,192
4/12/1991,191.6
4/15/1991,191.3
4/16/1991,189.7
4/17/1991,188.7
4/18/1991,188.6
4/19/1991,188.8
4/22/1991,187.9
4/23/1991,186.9
4/24/1991,188.7
4/25/1991,190.56
4/26/1991,193.68
4/29/1991,197.64
4/30/1991,199.44
5/1/1991,202.1
5/2/1991,199.6
5/3/1991,199.1
5/6/1991,200.8
5/7/1991,200.3
5/8/1991,201.6
5/9/1991,204
5/10/1991,208.9
5/13/1991,209.7
5/14/1991,208.5
5/15/1991,209.7
5/16/1991,210.2
5/17/1991,212
5/20/1991,217
5/21/1991,218.2
5/22/1991,217.7
5/23/1991,215.7
5/24/1991,220.7
5/28/1991,225.7
5/29/1991,227.4
5/30/1991,228
5/31/1991,229.1
6/3/1991,232.2
6/4/1991,236.9
6/5/1991,240.6
6/6/1991,245.6
6/7/1991,240.6
6/10/1991,237.5
6/11/1991,240.2
6/12/1991,238.7
6/13/1991,238.9
6/14/1991,235.2
6/17/1991,235.7
6/18/1991,237.5
6/19/1991,235.2
6/20/1991,231.3
6/21/1991,226.3
6/24/1991,231.3
6/25/1991,231.48
6/26/1991,228.94
6/27/1991,224.86
6/28/1991,226.28
7/1/1991,222.8
7/2/1991,219.4
7/3/1991,214.4
7/5/1991,216.5
7/8/1991,216.4
7/9/1991,217.4
7/10/1991,214.5
7/11/1991,216.9
7/12/1991,215.7
7/15/1991,213.6
7/16/1991,211.7
7/17/1991,212.9
7/18/1991,207.9
7/19/1991,202.9
7/22/1991,203.1
7/23/1991,199
7/24/1991,196.8
7/25/1991,197.3
7/26/1991,202.3
7/29/1991,203
7/30/1991,205.1
7/31/1991,202.3
8/1/1991,197.5
8/2/1991,193.6
8/5/1991,189.2
8/6/1991,194.2
8/7/1991,195.6
8/8/1991,200.5
8/9/1991,201.4
8/12/1991,201.6
8/13/1991,196.6
8/14/1991,192
8/15/1991,193.5
8/16/1991,196.6
8/19/1991,194.9
8/20/1991,195.3
8/21/1991,192.5
8/22/1991,195
8/23/1991,192.1
8/26/1991,188.8
8/27/1991,186.04
8/28/1991,190.34
8/29/1991,192.44
8/30/1991,191.82
9/3/1991,186
9/4/1991,188.4
9/5/1991,187.5
9/6/1991,188.9
9/9/1991,190.7
9/10/1991,188.2
9/11/1991,183.6
9/12/1991,185
9/13/1991,186.3
9/16/1991,187.5
9/17/1991,187.2
9/18/1991,188.7
9/19/1991,186.1
9/20/1991,185.5
9/23/1991,190.5
9/24/1991,192.4
9/25/1991,189
9/26/1991,188
9/27/1991,192
9/30/1991,194.6
10/1/1991,193.4
10/2/1991,191.8
10/3/1991,193.2
10/4/1991,190.6
10/7/1991,189
10/8/1991,189.3
10/9/1991,188.8
10/10/1991,191.1
10/11/1991,188.9
10/14/1991,190.3
10/15/1991,191.8
10/16/1991,190.5
10/17/1991,190.9
10/18/1991,193.9
10/21/1991,193.8
10/22/1991,195.8
10/23/1991,199.6
10/24/1991,204.6
10/25/1991,204.1
10/28/1991,202.54
10/29/1991,204.74
10/30/1991,205.04
10/31/1991,207.3
11/1/1991,209.6
11/4/1991,210.2
11/5/1991,210.9
11/6/1991,209.9
11/7/1991,208.3
11/8/1991,210
11/11/1991,208.6
11/12/1991,206.5
11/13/1991,211.5
11/14/1991,212.4
11/15/1991,211.4
11/18/1991,206.4
11/19/1991,203.7
11/20/1991,205.1
11/21/1991,205.7
11/22/1991,207
11/25/1991,212
11/26/1991,210.3
11/27/1991,210.7
11/29/1991,210
12/2/1991,209
12/3/1991,209.3
12/4/1991,206.2
12/5/1991,205.3
12/6/1991,204.5
12/9/1991,204.2
12/10/1991,205.4
12/11/1991,203.7
12/12/1991,204.5
12/13/1991,202.8
12/16/1991,197.8
12/17/1991,196.8
12/18/1991,196
12/19/1991,194.8
12/20/1991,195.2
12/23/1991,195.7
12/24/1991,198.8
12/26/1991,202.92
12/27/1991,204.52
12/30/1991,207.74
12/31/1991,213.98
1/2/1992,217.6
1/3/1992,218.7
1/6/1992,223.7
1/7/1992,224.7
1/8/1992,222.8
1/9/1992,223.5
1/10/1992,221.7
1/13/1992,220.9
1/14/1992,222.3
1/15/1992,223.3
1/16/1992,221.1
1/17/1992,225.8
1/20/1992,224.3
1/21/1992,225
1/22/1992,230
1/23/1992,232.9
1/24/1992,231.3
1/27/1992,230.6
1/28/1992,235.2
1/29/1992,240.2
1/30/1992,240.6
1/31/1992,244.6
2/3/1992,243.3
2/4/1992,238.3
2/5/1992,238.1
2/6/1992,240.4
2/7/1992,238.6
2/10/1992,235.4
2/11/1992,233.5
2/12/1992,234.3
2/13/1992,232.4
2/14/1992,229.5
2/18/1992,232.6
2/19/1992,229.8
2/20/1992,234.8
2/21/1992,238.8
2/24/1992,235.9
2/25/1992,234.06
2/26/1992,239.72
2/27/1992,240.9
2/28/1992,241.08
3/2/1992,241.5
3/3/1992,241.9
3/4/1992,246.9
3/5/1992,245.4
3/6/1992,244.9
3/9/1992,243.3
3/10/1992,245.9
3/11/1992,245.4
3/12/1992,244.1
3/13/1992,249.1
3/16/1992,254.1
3/17/1992,256.4
3/18/1992,253.1
3/19/1992,252.3
3/20/1992,257.3
3/23/1992,254.4
3/24/1992,251.3
3/25/1992,251.6
3/26/1992,246.9
3/27/1992,244
3/30/1992,246.6
3/31/1992,244.4
4/1/1992,247.7
4/2/1992,246.2
4/3/1992,247.6
4/6/1992,247.6
4/7/1992,242.6
4/8/1992,237.6
4/9/1992,242.6
4/10/1992,243.9
4/13/1992,242.3
4/14/1992,238.4
4/15/1992,242.7
4/16/1992,243.5
4/20/1992,243.3
4/21/1992,240.9
4/22/1992,238.6
4/23/1992,243.6
4/24/1992,242
4/27/1992,239.26
4/28/1992,235.92
4/29/1992,235.48
4/30/1992,235.12
5/1/1992,229.8
5/4/1992,232.2
5/5/1992,227.2
5/6/1992,227.9
5/7/1992,229.5
5/8/1992,232.6
5/11/1992,231.8
5/12/1992,227.4
5/13/1992,232.4
5/14/1992,237.4
5/15/1992,237.9
5/18/1992,232.9
5/19/1992,229.5
5/20/1992,230.4
5/21/1992,228.1
5/22/1992,229.1
5/26/1992,229.1
5/27/1992,229.5
5/28/1992,228.9
5/29/1992,229.2
6/1/1992,228.2
6/2/1992,231.8
6/3/1992,229.3
6/4/1992,229.9
6/5/1992,228.3
6/8/1992,230.9
6/9/1992,235.6
6/10/1992,235.6
6/11/1992,233.2
6/12/1992,232.9
6/15/1992,237.9
6/16/1992,240.5
6/17/1992,239.8
6/18/1992,244.8
6/19/1992,242.2
6/22/1992,240.1
6/23/1992,243.2
6/24/1992,238.2
6/25/1992,236.2
6/26/1992,235.1
6/29/1992,232.72
6/30/1992,231.76
7/1/1992,228
7/2/1992,224.9
7/6/1992,223.8
7/7/1992,222.1
7/8/1992,222.8
7/9/1992,225.2
7/10/1992,223.6
7/13/1992,219
7/14/1992,216
7/15/1992,214.5
7/16/1992,214
7/17/1992,211.6
7/20/1992,211
7/21/1992,211.7
7/22/1992,214.5
7/23/1992,209.5
7/24/1992,208.3
7/27/1992,211.1
7/28/1992,213.5
7/29/1992,216.2
7/30/1992,216.5
7/31/1992,213.9
8/3/1992,217.2
8/4/1992,216.9
8/5/1992,218.7
8/6/1992,220.9
8/7/1992,221.4
8/10/1992,221.4
8/11/1992,216.4
8/12/1992,215.2
8/13/1992,215
8/14/1992,215.7
8/17/1992,220.7
8/18/1992,224.2
8/19/1992,221.8
8/20/1992,222
8/21/1992,222
8/24/1992,225.6
8/25/1992,229.3
8/26/1992,230.16
8/27/1992,231.78
8/28/1992,230.8
8/31/1992,233
9/1/1992,229.3
9/2/1992,225.9
9/3/1992,227
9/4/1992,230.5
9/8/1992,228.5
9/9/1992,227.7
9/10/1992,228.2
9/11/1992,226
9/14/1992,221.3
9/15/1992,221.5
9/16/1992,222.4
9/17/1992,221.2
9/18/1992,223.1
9/21/1992,226.3
9/22/1992,221.3
9/23/1992,216.8
9/24/1992,217.7
9/25/1992,216.1
9/28/1992,217.2
9/29/1992,212.2
9/30/1992,213
10/1/1992,215
10/2/1992,214.4
10/5/1992,213.7
10/6/1992,213.7
10/7/1992,213.8
10/8/1992,216.2
10/9/1992,215.3
10/12/1992,214.5
10/13/1992,215.2
10/14/1992,217.1
10/15/1992,214.6
10/16/1992,213.1
10/19/1992,213.4
10/20/1992,213.2
10/21/1992,213.7
10/22/1992,214.2
10/23/1992,217.3
10/26/1992,219.7
10/27/1992,220.32
10/28/1992,225.64
10/29/1992,228.12
10/30/1992,228.54
11/2/1992,227.8
11/3/1992,227.7
11/4/1992,227.4
11/5/1992,228.6
11/6/1992,233.6
11/9/1992,235.1
11/10/1992,234.3
11/11/1992,235.8
11/12/1992,238.3
11/13/1992,236.4
11/16/1992,237.7
11/17/1992,235.8
11/18/1992,239.7
11/19/1992,244.2
11/20/1992,244.9
11/23/1992,245.3
11/24/1992,243.1
11/25/1992,244.4
11/27/1992,246.7
11/30/1992,251.7
12/1/1992,253.9
12/2/1992,248.9
12/3/1992,247.1
12/4/1992,243.1
12/7/1992,243.8
12/8/1992,238.8
12/9/1992,238.2
12/10/1992,238.8
12/11/1992,243.2
12/14/1992,248.1
12/15/1992,248
12/16/1992,253
12/17/1992,258
12/18/1992,263
12/21/1992,263.8
12/22/1992,268.8
12/23/1992,270.7
12/24/1992,271.9
12/28/1992,269.9
12/29/1992,272.6
12/30/1992,273.4
12/31/1992,272.9
1/4/1993,275.1
1/5/1993,274.9
1/6/1993,276.2
1/7/1993,281.2
1/8/1993,286.2
1/11/1993,291.2
1/12/1993,286.2
1/13/1993,281.2
1/14/1993,285.6
1/15/1993,286.7
1/18/1993,291.7
1/19/1993,287.1
1/20/1993,282.2
1/21/1993,278.2
1/22/1993,278.5
1/25/1993,283.5
1/26/1993,288.5
1/27/1993,293.5
1/28/1993,298.5
1/29/1993,303.5
2/1/1993,308.5
2/2/1993,313.5
2/3/1993,318.5
2/4/1993,328.5
2/5/1993,338.5
2/8/1993,353.5
2/9/1993,363.5
2/10/1993,373.5
2/11/1993,388.5
2/12/1993,395.7
2/16/1993,400.7
2/17/1993,405.7
2/18/1993,415.7
2/19/1993,425.7
2/22/1993,440.7
2/23/1993,426.3
2/24/1993,423.72
2/25/1993,403.5
2/26/1993,389.6
3/1/1993,386.8
3/2/1993,377.5
3/3/1993,385.5
3/4/1993,395.5
3/5/1993,405.5
3/8/1993,420.5
3/9/1993,435.5
3/10/1993,450.5
3/11/1993,445.3
3/12/1993,455.3
3/15/1993,458.2
3/16/1993,448.2
3/17/1993,438.2
3/18/1993,443.5
3/19/1993,437.5
3/22/1993,427.9
3/23/1993,424.5
3/24/1993,421.1
3/25/1993,411.1
3/26/1993,409.5
3/29/1993,412
3/30/1993,409
3/31/1993,399
4/1/1993,389
4/2/1993,386.5
4/5/1993,390.7
4/6/1993,380.7
4/7/1993,370.7
4/8/1993,357.1
4/12/1993,353.5
4/13/1993,350
4/14/1993,345.3
4/15/1993,355.3
4/16/1993,365.3
4/19/1993,370.2
4/20/1993,360.2
4/21/1993,350.2
4/22/1993,336
4/23/1993,346
4/26/1993,336.1
4/27/1993,334.48
4/28/1993,327.66
4/29/1993,323.62
4/30/1993,331.72
5/3/1993,331
5/4/1993,321
5/5/1993,311
5/6/1993,299
5/7/1993,295
5/10/1993,285
5/11/1993,275
5/12/1993,280.2
5/13/1993,276.5
5/14/1993,272
5/17/1993,282
5/18/1993,292
5/19/1993,289.5
5/20/1993,287
5/21/1993,277
5/24/1993,271.5
5/25/1993,269
5/26/1993,264.6
5/27/1993,269.5
5/28/1993,266
6/1/1993,269.8
6/2/1993,279.8
6/3/1993,283.5
6/4/1993,281
6/7/1993,271.5
6/8/1993,265.1
6/9/1993,275.1
6/10/1993,272.5
6/11/1993,275.5
6/14/1993,284
6/15/1993,283.3
6/16/1993,273.3
6/17/1993,275.7
6/18/1993,274.8
6/21/1993,269.1
6/22/1993,266.9
6/23/1993,259.2
6/24/1993,249.5
6/25/1993,248.04
6/28/1993,249.4
6/29/1993,244.7
6/30/1993,251.7
7/1/1993,253.6
7/2/1993,255
7/6/1993,258.6
7/7/1993,260.5
7/8/1993,257.1
7/9/1993,252
7/12/1993,246.8
7/13/1993,248.2
7/14/1993,247.8
7/15/1993,257.8
7/16/1993,258.4
7/19/1993,260.7
7/20/1993,262.5
7/21/1993,262.5
7/22/1993,268.9
7/23/1993,278.9
7/26/1993,288.9
7/27/1993,281.7
7/28/1993,290.8
7/29/1993,282
7/30/1993,282.5
8/2/1993,288.2
8/3/1993,298.2
8/4/1993,299.7
8/5/1993,305
8/6/1993,295
8/9/1993,287.8
8/10/1993,283.3
8/11/1993,273.5
8/12/1993,271.8
8/13/1993,266.4
8/16/1993,270.9
8/17/1993,261.8
8/18/1993,258.8
8/19/1993,260.7
8/20/1993,267.7
8/23/1993,262
8/24/1993,271.3
8/25/1993,281.3
8/26/1993,294.2
8/27/1993,309.56
8/30/1993,303.38
8/31/1993,296.38
9/2/1993,294.1
9/3/1993,303.8
9/7/1993,310
9/8/1993,314.5
9/9/1993,324.5
9/10/1993,326.8
9/13/1993,316.8
9/14/1993,309.4
9/15/1993,309.3
9/16/1993,306.7
9/17/1993,316.7
9/20/1993,326.7
9/21/1993,324.7
9/22/1993,314.7
9/23/1993,324.7
9/24/1993,334.7
9/27/1993,341.7
9/28/1993,331.7
9/29/1993,321.7
9/30/1993,314
10/1/1993,312.2
10/4/1993,309.5
10/5/1993,312
10/6/1993,302
10/7/1993,298.3
10/8/1993,307.5
10/11/1993,307.2
10/12/1993,313.9
10/13/1993,318.7
10/14/1993,319
10/15/1993,322.2
10/18/1993,324
10/19/1993,320.5
10/20/1993,328.1
10/21/1993,338.1
10/22/1993,348.1
10/25/1993,363.1
10/26/1993,353.84
10/27/1993,354.28
10/28/1993,362.56
10/29/1993,375.18
11/1/1993,375.5
11/2/1993,385.5
11/3/1993,395.5
11/4/1993,398.5
11/5/1993,399.7
11/8/1993,409.7
11/9/1993,408
11/10/1993,398
11/11/1993,388.5
11/12/1993,393.7
11/15/1993,387.5
11/16/1993,392.9
11/17/1993,382.9
11/18/1993,372.9
11/19/1993,381.5
11/22/1993,389.5
11/23/1993,399.5
11/24/1993,409.5
11/26/1993,424.5
11/29/1993,439.5
11/30/1993,427.8
12/1/1993,427
12/2/1993,437
12/3/1993,447
12/6/1993,442.3
12/7/1993,452.3
12/8/1993,442.3
12/9/1993,432.4
12/10/1993,422.4
12/13/1993,418
12/14/1993,418.5
12/15/1993,428.5
12/16/1993,438.5
12/17/1993,453.5
12/20/1993,459.7
12/21/1993,459.4
12/22/1993,461
12/23/1993,467.5
12/27/1993,465.5
12/28/1993,457.12
12/29/1993,462.24
12/30/1993,468.96
12/31/1993,466.92
1/3/1994,453.9
1/4/1994,446.7
1/5/1994,439.9
1/6/1994,429.9
1/7/1994,434
1/10/1994,424
1/11/1994,414
1/12/1994,417.2
1/13/1994,427.2
1/14/1994,417.2
1/17/1994,407.2
1/18/1994,392.4
1/19/1994,402.4
1/20/1994,412.4
1/21/1994,407.8
1/24/1994,417.8
1/25/1994,407.8
1/26/1994,397.8
1/27/1994,390.1
1/28/1994,386.3
1/31/1994,383.5
2/1/1994,393.5
2/2/1994,395.1
2/3/1994,405.1
2/4/1994,415.1
2/7/1994,427.5
2/8/1994,417.5
2/9/1994,422
2/10/1994,424.7
2/11/1994,420
2/14/1994,416.5
2/15/1994,426.5
2/16/1994,436.5
2/17/1994,451.5
2/18/1994,449.8
2/22/1994,439.8
2/23/1994,434.66
2/24/1994,446.32
2/25/1994,438.28
2/28/1994,439.4
3/1/1994,436.5
3/2/1994,446.5
3/3/1994,447.4
3/4/1994,440
3/7/1994,442
3/8/1994,438
3/9/1994,429.8
3/10/1994,436.2
3/11/1994,435.4
3/14/1994,432
3/15/1994,436.7
3/16/1994,426.7
3/17/1994,416.7
3/18/1994,401.7
3/21/1994,397.5
3/22/1994,403.7
3/23/1994,405.6
3/24/1994,411.5
3/25/1994,407.9
3/28/1994,402.5
3/29/1994,392.5
3/30/1994,382.5
3/31/1994,380.6
4/4/1994,370.6
4/5/1994,368.3
4/6/1994,364
4/7/1994,359.1
4/8/1994,349.1
4/11/1994,339.2
4/12/1994,349.2
4/13/1994,346.8
4/14/1994,340
4/15/1994,344
4/18/1994,334
4/19/1994,326.9
4/20/1994,316.9
4/21/1994,316
4/22/1994,306
4/25/1994,301.2
4/26/1994,314.9
4/28/1994,328.6
4/29/1994,347.3
5/2/1994,349.9
5/3/1994,349.3
5/4/1994,359.3
5/5/1994,369.3
5/6/1994,382.7
5/9/1994,372.7
5/10/1994,370
5/11/1994,360
5/12/1994,362.7
5/13/1994,361
5/16/1994,369
5/17/1994,368.8
5/18/1994,358.8
5/19/1994,368.8
5/20/1994,378.8
5/23/1994,388.7
5/24/1994,394.8
5/25/1994,395.9
5/26/1994,393.3
5/27/1994,396.2
5/31/1994,397.7
6/1/1994,387.7
6/2/1994,388.8
6/3/1994,393.3
6/6/1994,383.3
6/7/1994,373.3
6/8/1994,380.5
6/9/1994,390.5
6/10/1994,393.5
6/13/1994,391.5
6/14/1994,381.5
6/15/1994,378.3
6/16/1994,381.7
6/17/1994,373.3
6/20/1994,365.3
6/21/1994,355.3
6/22/1994,365.3
6/23/1994,359.5
6/24/1994,349.5
6/27/1994,338.4
6/28/1994,334.52
6/29/1994,342.4
6/30/1994,343.52
7/1/1994,350.5
7/5/1994,349
7/6/1994,339
7/7/1994,341.4
7/8/1994,346.6
7/11/1994,356
7/12/1994,356.5
7/13/1994,366.5
7/14/1994,363
7/15/1994,373
7/18/1994,379.7
7/19/1994,377
7/20/1994,367
7/21/1994,364
7/22/1994,368
7/25/1994,358
7/26/1994,348
7/27/1994,347.7
7/28/1994,348.4
7/29/1994,340.5
8/1/1994,334.7
8/2/1994,341.6
8/3/1994,334.3
8/4/1994,344.3
8/5/1994,344.6
8/8/1994,348.3
8/9/1994,358.3
8/10/1994,363
8/11/1994,370.9
8/12/1994,360.9
8/15/1994,359.3
8/16/1994,357.1
8/17/1994,364.6
8/18/1994,361.8
8/19/1994,362.7
8/22/1994,367.2
8/23/1994,357.2
8/24/1994,350.5
8/25/1994,351.6
8/26/1994,357.4
8/29/1994,347.3
8/30/1994,337.5
8/31/1994,344.68
9/1/1994,341
9/2/1994,341
9/6/1994,350.2
9/7/1994,345.8
9/8/1994,335.8
9/9/1994,326.1
9/12/1994,325.4
9/13/1994,315.4
9/14/1994,305.6
9/15/1994,309.3
9/16/1994,299.3
9/19/1994,289.3
9/20/1994,285.6
9/21/1994,282
9/22/1994,292
9/23/1994,288.8
9/26/1994,284.2
9/27/1994,294.2
9/28/1994,300
9/29/1994,290
9/30/1994,299.8
10/3/1994,296.5
10/4/1994,286.7
10/5/1994,284.3
10/6/1994,289.2
10/7/1994,289
10/10/1994,288
10/11/1994,290.7
10/12/1994,300.7
10/13/1994,310.7
10/14/1994,307
10/17/1994,317
10/18/1994,314.3
10/19/1994,317.5
10/20/1994,327.5
10/21/1994,327
10/24/1994,331.7
10/25/1994,321.7
10/26/1994,319.72
10/27/1994,322.64
10/28/1994,330.72
10/31/1994,339.2
11/1/1994,332.5
11/2/1994,330.8
11/3/1994,325.9
11/4/1994,327.4
11/7/1994,326.2
11/8/1994,319.3
11/9/1994,324.6
11/10/1994,326
11/11/1994,327
11/14/1994,337
11/15/1994,347
11/16/1994,353.5
11/17/1994,349.5
11/18/1994,346.7
11/21/1994,352.7
11/22/1994,346.4
11/23/1994,341.3
11/25/1994,342.5
11/28/1994,339.5
11/29/1994,333.8
11/30/1994,338
12/1/1994,337
12/2/1994,327
12/5/1994,317
12/6/1994,312.5
12/7/1994,307.9
12/8/1994,311.7
12/9/1994,314.4
12/12/1994,318.5
12/13/1994,308.5
12/14/1994,298.5
12/15/1994,290
12/16/1994,298
12/19/1994,298.1
12/20/1994,295
12/21/1994,305
12/22/1994,311.8
12/23/1994,312.5
12/27/1994,308.64
12/28/1994,311.08
12/29/1994,317.24
12/30/1994,320.56
1/3/1995,332.2
1/4/1995,336.8
1/5/1995,332
1/6/1995,334.8
1/9/1995,329.3
1/10/1995,325.8
1/11/1995,319.8
1/12/1995,316.5
1/13/1995,315.9
1/16/1995,311.3
1/17/1995,312.2
1/18/1995,303
1/19/1995,313
1/20/1995,310.8
1/23/1995,304.8
1/24/1995,309.5
1/25/1995,319.5
1/26/1995,314.3
1/27/1995,316.1
1/30/1995,316.7
1/31/1995,309.1
2/1/1995,315.5
2/2/1995,314.2
2/3/1995,316.5
2/6/1995,315
2/7/1995,325
2/8/1995,332
2/9/1995,335
2/10/1995,335.7
2/13/1995,331
2/14/1995,329.9
2/15/1995,328.3
2/16/1995,318.3
2/17/1995,310.4
2/21/1995,311.8
2/22/1995,317.5
2/23/1995,317.56
2/24/1995,318.66
2/27/1995,317.76
2/28/1995,309.98
3/1/1995,302.2
3/2/1995,304.7
3/3/1995,294.7
3/6/1995,295.1
3/7/1995,294.2
3/8/1995,292
3/9/1995,302
3/10/1995,297.8
3/13/1995,296.8
3/14/1995,299
3/15/1995,292
3/16/1995,295.3
3/17/1995,289.1
3/20/1995,284.3
3/21/1995,285.5
3/22/1995,284.5
3/23/1995,275.6
3/24/1995,278.7
3/27/1995,282.7
3/28/1995,274.5
3/29/1995,278.7
3/30/1995,275
3/31/1995,268.5
4/3/1995,271.5
4/4/1995,274.7
4/5/1995,264.7
4/6/1995,261.2
4/7/1995,264.2
4/10/1995,263.3
4/11/1995,256.8
4/12/1995,255.1
4/13/1995,257
4/17/1995,260.1
4/18/1995,262.4
4/19/1995,271.4
4/20/1995,270.6
4/21/1995,267.3
4/24/1995,267.8
4/25/1995,270.12
4/26/1995,266.86
4/27/1995,267.52
4/28/1995,266
5/1/1995,265.7
5/2/1995,255.7
5/3/1995,249.8
5/4/1995,254.1
5/5/1995,257.2
5/8/1995,261.7
5/9/1995,264.5
5/10/1995,264.2
5/11/1995,265
5/12/1995,261.7
5/15/1995,263.6
5/16/1995,253.6
5/17/1995,249.7
5/18/1995,251.9
5/19/1995,251
5/22/1995,252.5
5/23/1995,261.7
5/24/1995,261.1
5/25/1995,251.1
5/26/1995,244.6
5/30/1995,246.5
5/31/1995,241.4
6/1/1995,236.7
6/2/1995,231
6/5/1995,232.4
6/6/1995,233.7
6/7/1995,234.6
6/8/1995,224.6
6/9/1995,214.6
6/12/1995,215.5
6/13/1995,217.3
6/14/1995,221.2
6/15/1995,219
6/16/1995,224.5
6/19/1995,226.8
6/20/1995,218
6/21/1995,228
6/22/1995,238
6/23/1995,240.5
6/26/1995,234.5
6/27/1995,240.54
6/28/1995,256.28
6/29/1995,272.02
6/30/1995,283.6
7/3/1995,287.8
7/5/1995,290
7/6/1995,300
7/7/1995,297
7/10/1995,287
7/11/1995,287
7/12/1995,278
7/13/1995,275
7/14/1995,279.5
7/17/1995,284.5
7/18/1995,288
7/19/1995,278
7/20/1995,268
7/21/1995,258.6
7/24/1995,259.5
7/25/1995,249.5
7/26/1995,247.8
7/27/1995,253.7
7/28/1995,252.5
7/31/1995,255.7
8/1/1995,265.7
8/2/1995,255.7
8/3/1995,256.5
8/4/1995,255.5
8/7/1995,253.1
8/8/1995,254.7
8/9/1995,263.5
8/10/1995,261
8/11/1995,270.2
8/14/1995,278.2
8/15/1995,278.5
8/16/1995,288.5
8/17/1995,281.3
8/18/1995,278.3
8/21/1995,275.2
8/22/1995,265.2
8/23/1995,261.5
8/24/1995,267
8/25/1995,277
8/28/1995,284.04
8/29/1995,286.44
8/30/1995,286.58
8/31/1995,294.74
9/1/1995,289
9/5/1995,298.2
9/6/1995,300.2
9/7/1995,294.1
9/8/1995,289.5
9/11/1995,290.5
9/12/1995,286.6
9/13/1995,289.7
9/14/1995,299.7
9/15/1995,296.3
9/18/1995,299.5
9/19/1995,292.4
9/20/1995,294.7
9/21/1995,293.1
9/22/1995,292.8
9/25/1995,284.5
9/26/1995,274.5
9/27/1995,272.9
9/28/1995,275.5
9/29/1995,274.1
10/2/1995,279.2
10/3/1995,276.6
10/4/1995,284.5
10/5/1995,274.5
10/6/1995,270.3
10/9/1995,270.8
10/10/1995,260.8
10/11/1995,257.8
10/12/1995,258
10/13/1995,263.5
10/16/1995,253.5
10/17/1995,243.5
10/18/1995,247.9
10/19/1995,240
10/20/1995,244.5
10/23/1995,235.5
10/24/1995,232.5
10/25/1995,241.5
10/26/1995,243.4
10/27/1995,257.8
10/30/1995,263.22
10/31/1995,265.14
11/1/1995,273
11/2/1995,283
11/3/1995,286.9
11/6/1995,281.4
11/7/1995,279.3
11/8/1995,276.1
11/9/1995,271.8
11/10/1995,275.6
11/13/1995,265.6
11/14/1995,265.3
11/15/1995,266.8
11/16/1995,266.9
11/17/1995,269.9
11/20/1995,275.2
11/21/1995,265.2
11/22/1995,265.6
11/24/1995,264.9
11/27/1995,263.3
11/28/1995,268.6
11/29/1995,274.2
11/30/1995,273.8
12/1/1995,264.6
12/4/1995,274.6
12/5/1995,272.8
12/6/1995,282.8
12/7/1995,283.9
12/8/1995,287.5
12/11/1995,279.8
12/12/1995,280.2
12/13/1995,282.9
12/14/1995,285.5
12/15/1995,284.5
12/18/1995,274.8
12/19/1995,271.5
12/20/1995,273.1
12/21/1995,277.6
12/22/1995,276.3
12/26/1995,278.22
12/27/1995,279.56
12/28/1995,282.1
12/29/1995,291.18
1/2/1996,291
1/3/1996,285
1/4/1996,282.6
1/5/1996,282
1/8/1996,273
1/9/1996,275.4
1/10/1996,269.2
1/11/1996,279.2
1/12/1996,285
1/15/1996,283.5
1/16/1996,280.1
1/17/1996,285.3
1/18/1996,290
1/19/1996,292.8
1/22/1996,292.5
1/23/1996,300.2
1/24/1996,310.2
1/25/1996,315.2
1/26/1996,305.2
1/29/1996,298.6
1/30/1996,308.4
1/31/1996,307.5
2/1/1996,303.1
2/2/1996,305
2/5/1996,309.5
2/6/1996,318.8
2/7/1996,320.9
2/8/1996,315
2/9/1996,311
2/12/1996,316.7
2/13/1996,314.9
2/14/1996,314
2/15/1996,309.3
2/16/1996,300.5
2/20/1996,290.5
2/21/1996,280.5
2/22/1996,275.9
2/23/1996,280.5
2/26/1996,283.7
2/27/1996,292.04
2/28/1996,289.64
2/29/1996,288.96
3/1/1996,294.1
3/4/1996,296
3/5/1996,293.5
3/6/1996,291.2
3/7/1996,294.6
3/8/1996,294
3/11/1996,298.5
3/12/1996,303.7
3/13/1996,313.7
3/14/1996,312.2
3/15/1996,312.2
3/18/1996,309.3
3/19/1996,319.3
3/20/1996,313
3/21/1996,309
3/22/1996,309.6
3/25/1996,305.5
3/26/1996,297.3
3/27/1996,295.3
3/28/1996,298.5
3/29/1996,302.4
4/1/1996,305.3
4/2/1996,295.3
4/3/1996,292.2
4/4/1996,295.7
4/8/1996,296
4/9/1996,292.3
4/10/1996,302.3
4/11/1996,310.2
4/12/1996,304.8
4/15/1996,304.2
4/16/1996,304.7
4/17/1996,314.7
4/18/1996,322.5
4/19/1996,329
4/22/1996,337.5
4/23/1996,327.5
4/24/1996,336.7
4/25/1996,347.4
4/26/1996,348.04
4/29/1996,346.88
4/30/1996,346.84
5/1/1996,355.9
5/2/1996,363.2
5/3/1996,363
5/6/1996,365.3
5/7/1996,355.4
5/8/1996,358.5
5/9/1996,357.8
5/10/1996,353
5/13/1996,355.5
5/14/1996,347.7
5/15/1996,346.2
5/16/1996,346.2
5/17/1996,339.4
5/20/1996,342.4
5/21/1996,347.5
5/22/1996,357.5
5/23/1996,367.5
5/24/1996,379.5
5/28/1996,376
5/29/1996,366
5/30/1996,362.5
5/31/1996,368
6/3/1996,368.7
6/4/1996,359.1
6/5/1996,358.7
6/6/1996,363
6/7/1996,362.4
6/10/1996,360.5
6/11/1996,350.5
6/12/1996,340.5
6/13/1996,343.5
6/14/1996,340.3
6/17/1996,337.4
6/18/1996,327.4
6/19/1996,320.8
6/20/1996,319.8
6/21/1996,321.3
6/24/1996,331.3
6/25/1996,327.72
6/26/1996,330.34
6/27/1996,317.36
6/28/1996,315.54
7/1/1996,317.7
7/2/1996,315.2
7/3/1996,319.3
7/5/1996,313.3
7/8/1996,321.5
7/9/1996,327.5
7/10/1996,337.3
7/11/1996,332.3
7/12/1996,331.8
7/15/1996,327.8
7/16/1996,336.2
7/17/1996,334.8
7/18/1996,340.7
7/19/1996,335.8
7/22/1996,338.4
7/23/1996,343.8
7/24/1996,346
7/25/1996,351.5
7/26/1996,348.9
7/29/1996,345
7/30/1996,349.7
7/31/1996,345.7
8/1/1996,347.6
8/2/1996,357.6
8/5/1996,366.4
8/6/1996,365.1
8/7/1996,371.1
8/8/1996,381.1
8/9/1996,384.2
8/12/1996,389.7
8/13/1996,384.8
8/14/1996,380.3
8/15/1996,380.7
8/16/1996,382
8/19/1996,386.5
8/20/1996,394.8
8/21/1996,386.5
8/22/1996,396.5
8/23/1996,400.9
8/26/1996,410.9
8/27/1996,405.36
8/28/1996,395.52
8/29/1996,385.42
8/30/1996,377.48
9/3/1996,378.3
9/4/1996,388.3
9/5/1996,396.9
9/6/1996,388
9/9/1996,384.5
9/10/1996,374.5
9/11/1996,365.5
9/12/1996,371
9/13/1996,361
9/16/1996,351
9/17/1996,343.1
9/18/1996,351.5
9/19/1996,350.3
9/20/1996,340.9
9/23/1996,350.9
9/24/1996,342.2
9/25/1996,349.8
9/26/1996,349.3
9/27/1996,339.4
9/30/1996,329.4
10/1/1996,337.9
10/2/1996,344.7
10/3/1996,351
10/4/1996,358.4
10/7/1996,363.5
10/8/1996,361.9
10/9/1996,364.1
10/10/1996,365.7
10/11/1996,375.7
10/14/1996,385.7
10/15/1996,388.7
10/16/1996,398.7
10/17/1996,405
10/18/1996,395
10/21/1996,405
10/22/1996,411.8
10/23/1996,415.5
10/24/1996,418.2
10/25/1996,418
10/28/1996,414.56
10/29/1996,407.08
10/30/1996,389.52
10/31/1996,391.92
11/1/1996,394.4
11/4/1996,404.4
11/5/1996,419.4
11/6/1996,425.4
11/7/1996,425
11/8/1996,417.3
11/11/1996,412.6
11/12/1996,417.3
11/13/1996,407.4
11/14/1996,397.4
11/15/1996,403.9
11/18/1996,394.8
11/19/1996,384.8
11/20/1996,374.8
11/21/1996,380.5
11/22/1996,378
11/25/1996,377.3
11/26/1996,378.7
11/27/1996,382.2
11/29/1996,392.2
12/2/1996,402.2
12/3/1996,399.3
12/4/1996,409.3
12/5/1996,415.4
12/6/1996,409.3
12/9/1996,409.5
12/10/1996,399.5
12/11/1996,389.5
12/12/1996,380.7
12/13/1996,380.5
12/16/1996,384.1
12/17/1996,390
12/18/1996,397.1
12/19/1996,407.1
12/20/1996,405
12/23/1996,400.5
12/24/1996,398.8
12/26/1996,400.5
12/27/1996,401.74
12/30/1996,410.26
12/31/1996,418.78
1/2/1997,427.3
1/3/1997,428.9
1/6/1997,429.7
1/7/1997,419.7
1/8/1997,422.8
1/9/1997,412.8
1/10/1997,412
1/13/1997,403.6
1/14/1997,411.7
1/15/1997,410.3
1/16/1997,415.5
1/17/1997,425.5
1/20/1997,427.3
1/21/1997,417.3
1/22/1997,425.8
1/23/1997,435.7
1/24/1997,426.4
1/27/1997,430
1/28/1997,420
1/29/1997,411.8
1/30/1997,401.8
1/31/1997,411.4
2/3/1997,401.4
2/4/1997,400.5
2/5/1997,393.5
2/6/1997,403.5
2/7/1997,413.5
2/10/1997,406.5
2/11/1997,413.2
2/12/1997,407.3
2/13/1997,406.8
2/14/1997,405.8
2/18/1997,415.8
2/19/1997,411.5
2/20/1997,406.8
2/21/1997,403.4
2/24/1997,400.5
2/25/1997,397.8
2/26/1997,385.8
2/27/1997,381.58
2/28/1997,380.7
3/3/1997,380.9
3/4/1997,383.7
3/5/1997,380.5
3/6/1997,376.7
3/7/1997,366.7
3/10/1997,356.7
3/11/1997,368.6
3/12/1997,362.3
3/13/1997,367.2
3/14/1997,363.8
3/17/1997,361.6
3/18/1997,369.5
3/19/1997,359.5
3/20/1997,359.5
3/21/1997,363.7
3/24/1997,373.7
3/25/1997,372.9
3/26/1997,381.4
3/27/1997,378.5
3/31/1997,380.5
4/1/1997,385
4/2/1997,383.8
4/3/1997,386.7
4/4/1997,385.5
4/7/1997,381.6
4/8/1997,391.6
4/9/1997,401.6
4/10/1997,411.5
4/11/1997,406.7
4/14/1997,414.1
4/15/1997,409.4
4/16/1997,409.5
4/17/1997,400.2
4/18/1997,396.2
4/21/1997,397.5
4/22/1997,398
4/23/1997,396.3
4/24/1997,401.5
4/25/1997,394.76
4/28/1997,394.08
4/29/1997,402.8
4/30/1997,396.86
5/1/1997,389
5/2/1997,384.5
5/5/1997,382.9
5/6/1997,386.9
5/7/1997,384.5
5/8/1997,394.5
5/9/1997,391
5/12/1997,393.2
5/13/1997,398.7
5/14/1997,393.3
5/15/1997,391.8
5/16/1997,398.5
5/19/1997,399.9
5/20/1997,400.6
5/21/1997,393.8
5/22/1997,393.9
5/23/1997,392.6
5/27/1997,382.6
5/28/1997,374
5/29/1997,374.2
5/30/1997,380.5
6/2/1997,383.5
6/3/1997,373.5
6/4/1997,363.7
6/5/1997,367.1
6/6/1997,357.1
6/9/1997,347.1
6/10/1997,354.7
6/11/1997,352.4
6/12/1997,362.4
6/13/1997,369.1
6/16/1997,373.9
6/17/1997,372
6/18/1997,381.3
6/19/1997,385.9
6/20/1997,392.4
6/23/1997,387.5
6/24/1997,385.4
6/25/1997,382.78
6/26/1997,370.96
6/27/1997,367.52
6/30/1997,372.64
7/1/1997,374
7/2/1997,367.2
7/3/1997,370.6
7/7/1997,371.3
7/8/1997,364.3
7/9/1997,366.7
7/10/1997,365.9
7/11/1997,368.8
7/14/1997,367.3
7/15/1997,357.3
7/16/1997,355.3
7/17/1997,360.5
7/18/1997,361
7/21/1997,351
7/22/1997,345.8
7/23/1997,339.4
7/24/1997,345.5
7/25/1997,346.6
7/28/1997,342
7/29/1997,336.5
7/30/1997,336.7
7/31/1997,343.7
8/1/1997,346.9
8/4/1997,356.9
8/5/1997,364.9
8/6/1997,361.5
8/7/1997,352.3
8/8/1997,356.5
8/11/1997,359.9
8/12/1997,350.5
8/13/1997,342.8
8/14/1997,345
8/15/1997,347.1
8/18/1997,351.1
8/19/1997,344.5
8/20/1997,349.2
8/21/1997,349.8
8/22/1997,346.9
8/25/1997,356.7
8/26/1997,355.34
8/27/1997,346.1
8/28/1997,345.8
8/29/1997,346.94
9/2/1997,349
9/3/1997,343.7
9/4/1997,338.5
9/5/1997,328.5
9/8/1997,324.7
9/9/1997,322.5
9/10/1997,322.3
9/11/1997,323
9/12/1997,313.3
9/15/1997,317.2
9/16/1997,320.8
9/17/1997,314.1
9/18/1997,313.5
9/19/1997,312.9
9/22/1997,317.8
9/23/1997,315.8
9/24/1997,316
9/25/1997,306.3
9/26/1997,298.6
9/29/1997,297.1
9/30/1997,296.6
10/1/1997,298
10/2/1997,301.7
10/3/1997,303.5
10/6/1997,307.8
10/7/1997,317.1
10/8/1997,314.7
10/9/1997,314.2
10/10/1997,308.2
10/13/1997,303.7
10/14/1997,313.7
10/15/1997,323.7
10/16/1997,325.8
10/17/1997,324.5
10/20/1997,320.3
10/21/1997,323.5
10/22/1997,323.7
10/23/1997,318.5
10/24/1997,314.8
10/27/1997,310.1
10/28/1997,304.48
10/29/1997,301.58
10/30/1997,304.6
10/31/1997,304.46
11/3/1997,308.4
11/4/1997,310.4
11/5/1997,319.5
11/6/1997,316.7
11/7/1997,315.9
11/10/1997,322
11/11/1997,316.7
11/12/1997,313.3
11/13/1997,314.2
11/14/1997,317.3
11/17/1997,327.3
11/18/1997,325.7
11/19/1997,323.6
11/20/1997,324.4
11/21/1997,322.4
11/24/1997,322.6
11/25/1997,321.7
11/26/1997,324.4
11/28/1997,325
12/1/1997,325.7
12/2/1997,319.7
12/3/1997,313.6
12/4/1997,307.4
12/5/1997,314.1
12/8/1997,312.5
12/9/1997,302.5
12/10/1997,304
12/11/1997,308.9
12/12/1997,308.2
12/15/1997,312
12/16/1997,308.6
12/17/1997,311.9
12/18/1997,303
12/19/1997,306
12/22/1997,306.5
12/23/1997,303.5
12/24/1997,304.1
12/26/1997,306.92
12/29/1997,298.84
12/30/1997,292.32
12/31/1997,294.18
1/2/1998,299.7
1/5/1998,292.2
1/6/1998,291.8
1/7/1998,293.4
1/8/1998,292
1/9/1998,293.1
1/12/1998,290
1/13/1998,290.1
1/14/1998,297.4
1/15/1998,291.5
1/16/1998,294.7
1/20/1998,284.7
1/21/1998,285.5
1/22/1998,280.9
1/23/1998,287.2
1/26/1998,288.7
1/27/1998,298.7
1/28/1998,308.7
1/29/1998,302.3
1/30/1998,305.7
2/2/1998,314.5
2/3/1998,304.5
2/4/1998,309.2
2/5/1998,302.4
2/6/1998,312.4
2/9/1998,316.7
2/10/1998,320.5
2/11/1998,318
2/12/1998,316.2
2/13/1998,325.5
2/17/1998,316.8
2/18/1998,310.4
2/19/1998,305.8
2/20/1998,307.8
2/23/1998,301.9
2/24/1998,299.76
2/25/1998,305.28
2/26/1998,301.68
2/27/1998,305.12
3/2/1998,308.1
3/3/1998,306.6
3/4/1998,309.2
3/5/1998,313.9
3/6/1998,319
3/9/1998,312.2
3/10/1998,307
3/11/1998,302.3
3/12/1998,302.3
3/13/1998,310.9
3/16/1998,308.3
3/17/1998,311.7
3/18/1998,309.7
3/19/1998,307.3
3/20/1998,311.2
3/23/1998,315.6
3/24/1998,319.9
3/25/1998,318.2
3/26/1998,319.2
3/27/1998,324.2
3/30/1998,322.3
3/31/1998,319
4/1/1998,314.2
4/2/1998,320.2
4/3/1998,330.2
4/6/1998,338
4/7/1998,335.5
4/8/1998,334.7
4/9/1998,334.1
4/13/1998,335.4
4/14/1998,330
4/15/1998,328.5
4/16/1998,325
4/17/1998,323
4/20/1998,316.9
4/21/1998,312.5
4/22/1998,312.8
4/23/1998,305.7
4/24/1998,301
4/27/1998,300.58
4/28/1998,310.88
4/29/1998,305.2
4/30/1998,308.6
5/1/1998,307.6
5/4/1998,315
5/5/1998,316.7
5/6/1998,312.4
5/7/1998,313.4
5/8/1998,312
5/11/1998,312.2
5/12/1998,310.5
5/13/1998,306.5
5/14/1998,304.9
5/15/1998,306
5/18/1998,301.8
5/19/1998,291.8
5/20/1998,281.8
5/21/1998,283.5
5/22/1998,282.8
5/26/1998,272.8
5/27/1998,273.5
5/28/1998,282.4
5/29/1998,272.4
6/1/1998,262.4
6/2/1998,264.5
6/3/1998,271
6/4/1998,277
6/5/1998,284.2
6/8/1998,282.8
6/9/1998,274.9
6/10/1998,280
6/11/1998,290
6/12/1998,292.9
6/15/1998,291.3
6/16/1998,282.8
6/17/1998,292.8
6/18/1998,297.6
6/19/1998,292.5
6/22/1998,292.9
6/23/1998,289.2
6/24/1998,286.5
6/25/1998,290.32
6/26/1998,291.06
6/29/1998,294.7
6/30/1998,293
7/1/1998,291.4
7/2/1998,292
7/6/1998,283.8
7/7/1998,278.8
7/8/1998,278.1
7/9/1998,280
7/10/1998,278.8
7/13/1998,273
7/14/1998,279.5
7/15/1998,274.5
7/16/1998,271.6
7/17/1998,278.4
7/20/1998,277.5
7/21/1998,287.2
7/22/1998,284.5
7/23/1998,283.8
7/24/1998,288.3
7/27/1998,291.1
7/28/1998,288
7/29/1998,290.4
7/30/1998,298.7
7/31/1998,301.3
8/3/1998,301.1
8/4/1998,304.7
8/5/1998,307.3
8/6/1998,315.2
8/7/1998,311.8
8/10/1998,306.7
8/11/1998,307.1
8/12/1998,310.6
8/13/1998,303.1
8/14/1998,304.3
8/17/1998,295.3
8/18/1998,296.5
8/19/1998,295.9
8/20/1998,294.4
8/21/1998,297.4
8/24/1998,301.8
8/25/1998,299.2
8/26/1998,298.74
8/27/1998,298.98
8/28/1998,290.7
8/31/1998,278.3
9/1/1998,266
9/2/1998,274
9/3/1998,273.5
9/4/1998,272.3
9/8/1998,273.2
9/9/1998,268.8
9/10/1998,270.1
9/11/1998,270.5
9/14/1998,274.1
9/15/1998,272
9/16/1998,269.6
9/17/1998,270.2
9/18/1998,261.5
9/21/1998,260.8
9/22/1998,263.4
9/23/1998,263.1
9/24/1998,265.6
9/25/1998,263.3
9/28/1998,264.7
9/29/1998,264.7
9/30/1998,255.8
10/1/1998,257.7
10/2/1998,259.2
10/5/1998,263.1
10/6/1998,258.5
10/7/1998,268.5
10/8/1998,275.4
10/9/1998,273.8
10/12/1998,271
10/13/1998,266.2
10/14/1998,262.4
10/15/1998,264.3
10/16/1998,268.1
10/19/1998,272
10/20/1998,268.6
10/21/1998,264.8
10/22/1998,257.6
10/23/1998,262.9
10/26/1998,260.8
10/27/1998,259.62
10/28/1998,260.94
10/29/1998,268.52
10/30/1998,268.14
11/2/1998,271
11/3/1998,276.9
11/4/1998,273
11/5/1998,272.4
11/6/1998,279
11/9/1998,277.4
11/10/1998,283.3
11/11/1998,290
11/12/1998,288.4
11/13/1998,294
11/16/1998,297.6
11/17/1998,293.4
11/18/1998,289
11/19/1998,295
11/20/1998,302.2
11/23/1998,305
11/24/1998,301.3
11/25/1998,299.8
11/27/1998,296.2
11/30/1998,290.5
12/1/1998,291.3
12/2/1998,296.7
12/3/1998,294.3
12/4/1998,293.8
12/7/1998,293.8
12/8/1998,293.5
12/9/1998,293.4
12/10/1998,298.6
12/11/1998,303.2
12/14/1998,302.6
12/15/1998,304.1
12/16/1998,310.4
12/17/1998,313
12/18/1998,309.5
12/21/1998,307
12/22/1998,306.6
12/23/1998,306.2
12/24/1998,307.7
12/28/1998,305.84
12/29/1998,304.8
12/30/1998,305.98
12/31/1998,308.48
1/4/1999,307
1/5/1999,308
1/6/1999,313.7
1/7/1999,315
1/8/1999,316.3
1/11/1999,323.9
1/12/1999,322.9
1/13/1999,325.2
1/14/1999,334.2
1/15/1999,328.7
1/19/1999,338.7
1/20/1999,348.7
1/21/1999,360.6
1/22/1999,354.8
1/25/1999,364
1/26/1999,354
1/27/1999,344.4
1/28/1999,343.6
1/29/1999,343.5
2/1/1999,341.5
2/2/1999,339.5
2/3/1999,329.5
2/4/1999,329.3
2/5/1999,335.2
2/8/1999,331.5
2/9/1999,326.3
2/10/1999,327.4
2/11/1999,330.2
2/12/1999,327.5
2/16/1999,328.6
2/17/1999,329.1
2/18/1999,329.3
2/19/1999,332.7
2/22/1999,338.3
2/23/1999,338.46
2/24/1999,328.72
2/25/1999,329.2
2/26/1999,333.92
3/1/1999,341.9
3/2/1999,336.6
3/3/1999,338.8
3/4/1999,336.5
3/5/1999,341.2
3/8/1999,341.7
3/9/1999,335.6
3/10/1999,337.6
3/11/1999,332.5
3/12/1999,327.2
3/15/1999,324.4
3/16/1999,326.5
3/17/1999,323.8
3/18/1999,324
3/19/1999,323.3
3/22/1999,328.4
3/23/1999,328.4
3/24/1999,331.5
3/25/1999,327.7
3/26/1999,334
3/29/1999,337
3/30/1999,336.8
3/31/1999,337.5
4/1/1999,333.8
4/5/1999,328
4/6/1999,323.5
4/7/1999,324.9
4/8/1999,324.3
4/9/1999,325.5
4/12/1999,322.5
4/13/1999,317.2
4/14/1999,317.2
4/15/1999,322.2
4/16/1999,320.3
4/19/1999,326
4/20/1999,326.5
4/21/1999,331.6
4/22/1999,341.6
4/23/1999,345.6
4/26/1999,350.7
4/27/1999,348.12
4/28/1999,339.72
4/29/1999,339.4
4/30/1999,336.62
5/3/1999,332.2
5/4/1999,334.6
5/5/1999,339.2
5/6/1999,342.4
5/7/1999,341.3
5/10/1999,344.8
5/11/1999,344.8
5/12/1999,349.4
5/13/1999,351.5
5/14/1999,347.4
5/17/1999,348.8
5/18/1999,343.7
5/19/1999,342.6
5/20/1999,343.5
5/21/1999,345.6
5/24/1999,339.1
5/25/1999,338.7
5/26/1999,342.2
5/27/1999,348.5
5/28/1999,349.2
6/1/1999,352.5
6/2/1999,349.4
6/3/1999,352.4
6/4/1999,355.9
6/7/1999,353.1
6/8/1999,355.3
6/9/1999,361.9
6/10/1999,368.8
6/11/1999,378.8
6/14/1999,385.9
6/15/1999,383.1
6/16/1999,384.7
6/17/1999,394.7
6/18/1999,404.7
6/21/1999,400.4
6/22/1999,398.1
6/23/1999,405.2
6/24/1999,412
6/25/1999,412.36
6/28/1999,405.52
6/29/1999,395.74
6/30/1999,390
7/1/1999,391.8
7/2/1999,394.2
7/6/1999,404.2
7/7/1999,401.9
7/8/1999,398
7/9/1999,398.6
7/12/1999,396.7
7/13/1999,393.3
7/14/1999,396.6
7/15/1999,387.4
7/16/1999,382.5
7/19/1999,388.4
7/20/1999,384.9
7/21/1999,386.7
7/22/1999,387.6
7/23/1999,385.3
7/26/1999,388.3
7/27/1999,378.3
7/28/1999,372.9
7/29/1999,362.9
7/30/1999,372.9
8/2/1999,382.9
8/3/1999,374.3
8/4/1999,365.3
8/5/1999,361.2
8/6/1999,362.9
8/9/1999,364.2
8/10/1999,363.9
8/11/1999,359.8
8/12/1999,369.8
8/13/1999,372.5
8/16/1999,370.7
8/17/1999,364.3
8/18/1999,354.3
8/19/1999,346.5
8/20/1999,348.5
8/23/1999,353
8/24/1999,343
8/25/1999,348.1
8/26/1999,351.82
8/27/1999,346.32
8/30/1999,340.94
8/31/1999,335.82
9/1/1999,334.4
9/2/1999,339.7
9/3/1999,348.1
9/7/1999,349.1
9/8/1999,345.8
9/9/1999,345
9/10/1999,346.6
9/13/1999,349.4
9/14/1999,355.7
9/15/1999,345.7
9/16/1999,335.7
9/17/1999,334.9
9/20/1999,332.6
9/21/1999,322.6
9/22/1999,322
9/23/1999,321.3
9/24/1999,311.3
9/27/1999,305.8
9/28/1999,305.5
9/29/1999,295.5
9/30/1999,301
10/1/1999,297.3
10/4/1999,306.5
10/5/1999,298.7
10/6/1999,307.6
10/7/1999,306.6
10/8/1999,296.6
10/11/1999,289.1
10/12/1999,286.1
10/13/1999,296.1
10/14/1999,306.1
10/15/1999,308.1
10/18/1999,303.5
10/19/1999,306.9
10/20/1999,307
10/21/1999,303.4
10/22/1999,306.6
10/25/1999,304.6
10/26/1999,306.44
10/27/1999,316.54
10/28/1999,323.04
10/29/1999,327.24
11/1/1999,328.8
11/2/1999,337.7
11/3/1999,332.8
11/4/1999,336.7
11/5/1999,336
11/8/1999,334.2
11/9/1999,329.2
11/10/1999,329.4
11/11/1999,334.5
11/12/1999,338.5
11/15/1999,328.5
11/16/1999,333.2
11/17/1999,334.2
11/18/1999,342.4
11/19/1999,340.9
11/22/1999,341.3
11/23/1999,343.7
11/24/1999,344.1
11/26/1999,350.5
11/29/1999,354.3
11/30/1999,351.8
12/1/1999,344.8
12/2/1999,344.1
12/3/1999,334.2
12/6/1999,332.5
12/7/1999,336.2
12/8/1999,335.1
12/9/1999,337.9
12/10/1999,337.8
12/13/1999,328.3
12/14/1999,330
12/15/1999,335.2
12/16/1999,339.3
12/17/1999,333.9
12/20/1999,335.8
12/21/1999,332.7
12/22/1999,334.6
12/23/1999,340.7
12/27/1999,340.86
12/28/1999,340.26
12/29/1999,342.92
12/30/1999,345
1/3/2000,345.5
1/4/2000,352.2
1/5/2000,351.5
1/6/2000,347.2
1/7/2000,348.8
1/10/2000,350.1
1/11/2000,351.7
1/12/2000,346.7
1/13/2000,344.5
1/14/2000,340.3
1/18/2000,333.8
1/19/2000,334.8
1/20/2000,331.6
1/21/2000,330.5
1/24/2000,331.5
1/25/2000,328.3
1/26/2000,332
1/27/2000,342
1/28/2000,345.6
1/31/2000,346.6
2/1/2000,342.9
2/2/2000,347.2
2/3/2000,357.2
2/4/2000,353.2
2/7/2000,350.6
2/8/2000,353.7
2/9/2000,351.3
2/10/2000,351.5
2/11/2000,356.4
2/14/2000,351.8
2/15/2000,345.2
2/16/2000,340.3
2/17/2000,339.3
2/18/2000,340
2/22/2000,332.8
2/23/2000,332.2
2/24/2000,335.36
2/25/2000,335.06
2/28/2000,337.86
2/29/2000,334.2
3/1/2000,343.2
3/2/2000,341.9
3/3/2000,343.5
3/6/2000,340.8
3/7/2000,337.8
3/8/2000,336.7
3/9/2000,339.9
3/10/2000,339.6
3/13/2000,341.6
3/14/2000,342.3
3/15/2000,338.7
3/16/2000,335.9
3/17/2000,334.5
3/20/2000,334.6
3/21/2000,337.3
3/22/2000,332.8
3/23/2000,324.9
3/24/2000,324
3/27/2000,325
3/28/2000,317.8
3/29/2000,321.2
3/30/2000,321
3/31/2000,324.7
4/3/2000,326.5
4/4/2000,319.5
4/5/2000,326.5
4/6/2000,325.6
4/7/2000,323.8
4/10/2000,319.2
4/11/2000,315.7
4/12/2000,317.2
4/13/2000,308.5
4/14/2000,309.6
4/17/2000,309.1
4/18/2000,304.5
4/19/2000,302.7
4/20/2000,298.3
4/24/2000,293.7
4/25/2000,297.4
4/26/2000,305.56
4/27/2000,303.84
4/28/2000,306.54
5/1/2000,309.2
5/2/2000,304.7
5/3/2000,298.4
5/4/2000,294.5
5/5/2000,292.9
5/8/2000,288.3
5/9/2000,293.5
5/10/2000,295.3
5/11/2000,294
5/12/2000,293.4
5/15/2000,288.6
5/16/2000,291.9
5/17/2000,282.1
5/18/2000,282.6
5/19/2000,279.2
5/22/2000,276.9
5/23/2000,284.5
5/24/2000,287.8
5/25/2000,293.6
5/26/2000,292.7
5/30/2000,298
5/31/2000,297
6/1/2000,294.6
6/2/2000,297.7
6/5/2000,298.2
6/6/2000,288.2
6/7/2000,286.9
6/8/2000,296.9
6/9/2000,304.6
6/12/2000,305.2
6/13/2000,304.3
6/14/2000,294.3
6/15/2000,291.7
6/16/2000,295.4
6/19/2000,292.2
6/20/2000,282.4
6/21/2000,276.3
6/22/2000,276.3
6/23/2000,271.8
6/26/2000,272.2
6/27/2000,270.18
6/28/2000,281.96
6/29/2000,283.08
6/30/2000,279.34
7/3/2000,270.3
7/5/2000,270.2
7/6/2000,269.2
7/7/2000,265
7/10/2000,264.5
7/11/2000,266.4
7/12/2000,265.9
7/13/2000,263.5
7/14/2000,261.5
7/17/2000,251.5
7/18/2000,253.3
7/19/2000,253.7
7/20/2000,243.7
7/21/2000,249.4
7/24/2000,252
7/25/2000,253.6
7/26/2000,259.5
7/27/2000,256.7
7/28/2000,253.2
7/31/2000,250
8/1/2000,246.4
8/2/2000,243.9
8/3/2000,240.3
8/4/2000,239.4
8/7/2000,236.2
8/8/2000,237.5
8/9/2000,243.2
8/10/2000,247.7
8/11/2000,237.7
8/14/2000,236.4
8/15/2000,236.6
8/16/2000,236.5
8/17/2000,231.3
8/18/2000,231.5
8/21/2000,232.6
8/22/2000,228.2
8/23/2000,227.3
8/24/2000,229
8/25/2000,223.8
8/28/2000,224.98
8/29/2000,221.94
8/30/2000,229.22
8/31/2000,235.4
9/1/2000,234.2
9/5/2000,237.2
9/6/2000,234.2
9/7/2000,232.4
9/8/2000,235.3
9/11/2000,238
9/12/2000,239.4
9/13/2000,244.7
9/14/2000,246.6
9/15/2000,249.9
9/18/2000,245.8
9/19/2000,241.4
9/20/2000,238.3
9/21/2000,233.3
9/22/2000,224
9/25/2000,226.1
9/26/2000,222.7
9/27/2000,227.1
9/28/2000,226.6
9/29/2000,230.1
10/2/2000,229.7
10/3/2000,224
10/4/2000,225.3
10/5/2000,225.4
10/6/2000,223
10/9/2000,225.1
10/10/2000,225.2
10/11/2000,226.1
10/12/2000,226.2
10/13/2000,219.3
10/16/2000,218.2
10/17/2000,218.2
10/18/2000,219.5
10/19/2000,223.3
10/20/2000,222.1
10/23/2000,222.5
10/24/2000,219.4
10/25/2000,218.7
10/26/2000,219.48
10/27/2000,218.72
10/30/2000,218.22
10/31/2000,222.64
11/1/2000,226.2
11/2/2000,222.3
11/3/2000,222.7
11/6/2000,223.2
11/7/2000,231
11/8/2000,231.8
11/9/2000,227.8
11/10/2000,236.2
11/13/2000,234
11/14/2000,231.1
11/15/2000,236
11/16/2000,235.8
11/17/2000,240.5
11/20/2000,246.8
11/21/2000,238.5
11/22/2000,241.2
11/24/2000,246.7
11/27/2000,244
11/28/2000,237.9
11/29/2000,238.2
11/30/2000,234.8
12/1/2000,234.8
12/4/2000,227.2
12/5/2000,226.2
12/6/2000,221.4
12/7/2000,222.2
12/8/2000,222.8
12/11/2000,220.3
12/12/2000,218.1
12/13/2000,220
12/14/2000,214.9
12/15/2000,206
12/18/2000,208.2
12/19/2000,207.2
12/20/2000,207.2
12/21/2000,207.4
12/22/2000,205.8
12/26/2000,211.48
12/27/2000,212.74
12/28/2000,217.6
12/29/2000,220.3
1/2/2001,216.2
1/3/2001,226.2
1/4/2001,220.3
1/5/2001,218.6
1/8/2001,216.9
1/9/2001,213.8
1/10/2001,210.3
1/11/2001,213.8
1/12/2001,212.8
1/16/2001,205.2
1/17/2001,206.8
1/18/2001,211.4
1/19/2001,202.8
1/22/2001,202.9
1/23/2001,202.6
1/24/2001,207.8
1/25/2001,212.2
1/26/2001,215.5
1/29/2001,220
1/30/2001,218.8
1/31/2001,224.4
2/1/2001,226.7
2/2/2001,228.1
2/5/2001,218.1
2/6/2001,211.7
2/7/2001,208
2/8/2001,211.1
2/9/2001,208.3
2/12/2001,199.5
2/13/2001,202.7
2/14/2001,206.9
2/15/2001,202.8
2/16/2001,204.7
2/20/2001,200.7
2/21/2001,196.8
2/22/2001,194.5
2/23/2001,198.14
2/26/2001,203.98
2/27/2001,207.8
2/28/2001,216.28
3/1/2001,220.7
3/2/2001,223.1
3/5/2001,218.4
3/6/2001,220.8
3/7/2001,227
3/8/2001,233.4
3/9/2001,234.7
3/12/2001,232.1
3/13/2001,233.2
3/14/2001,229.8
3/15/2001,229
3/16/2001,230.5
3/19/2001,240.1
3/20/2001,246.4
3/21/2001,240.3
3/22/2001,233.5
3/23/2001,230.8
3/26/2001,227.4
3/27/2001,223.3
3/28/2001,227
3/29/2001,237
3/30/2001,230.5
4/2/2001,230.5
4/3/2001,235.5
4/4/2001,235.6
4/5/2001,242.7
4/6/2001,240.8
4/9/2001,244.9
4/10/2001,254.9
4/11/2001,264.9
4/12/2001,262.8
4/16/2001,268.7
4/17/2001,261.1
4/18/2001,270.7
4/19/2001,279.7
4/20/2001,279.8
4/23/2001,269.8
4/24/2001,279.8
4/25/2001,283.58
4/26/2001,280.96
4/27/2001,288.44
4/30/2001,291.76
5/1/2001,291.1
5/2/2001,300.2
5/3/2001,302.5
5/4/2001,308.5
5/7/2001,311
5/8/2001,308.4
5/9/2001,301.5
5/10/2001,304.8
5/11/2001,314.8
5/14/2001,324.8
5/15/2001,330.5
5/16/2001,340.5
5/17/2001,350.5
5/18/2001,363
5/21/2001,372
5/22/2001,362
5/23/2001,352
5/24/2001,348
5/25/2001,341
5/29/2001,332.3
5/30/2001,322.3
5/31/2001,319.7
6/1/2001,329.7
6/4/2001,339.7
6/5/2001,324.7
6/6/2001,314.7
6/7/2001,311.5
6/8/2001,315.5
6/11/2001,309.9
6/12/2001,319.9
6/13/2001,329.9
6/14/2001,334.5
6/15/2001,324.5
6/18/2001,317.6
6/19/2001,307.9
6/20/2001,300.2
6/21/2001,303
6/22/2001,297.3
6/25/2001,288.3
6/26/2001,292.86
6/27/2001,296.84
6/28/2001,304.36
6/29/2001,301.22
7/2/2001,298.1
7/3/2001,288.1
7/5/2001,283.6
7/6/2001,288
7/9/2001,294.5
7/10/2001,301.7
7/11/2001,311.7
7/12/2001,317
7/13/2001,307
7/16/2001,297
7/17/2001,295.3
7/18/2001,291
7/19/2001,291.4
7/20/2001,294.4
7/23/2001,293.5
7/24/2001,290.8
7/25/2001,291.5
7/26/2001,289.9
7/27/2001,299.9
7/30/2001,306.6
7/31/2001,314.1
8/1/2001,323.4
8/2/2001,318.5
8/3/2001,320
8/6/2001,329.3
8/7/2001,327.1
8/8/2001,326.5
8/9/2001,328.5
8/10/2001,331.5
8/13/2001,340.2
8/14/2001,336
8/15/2001,326
8/16/2001,321.6
8/17/2001,313.3
8/20/2001,308
8/21/2001,308.2
8/22/2001,302.1
8/23/2001,303.2
8/24/2001,306.5
8/27/2001,310.1
8/28/2001,312.6
8/29/2001,308.96
8/30/2001,307.96
8/31/2001,308.64
9/4/2001,309
9/5/2001,301.3
9/6/2001,291.3
9/7/2001,301.3
9/10/2001,299.6
9/13/2001,297.8
9/14/2001,290.6
9/17/2001,280.6
9/18/2001,281.5
9/19/2001,275.5
9/20/2001,265.5
9/21/2001,255.8
9/24/2001,261.7
9/25/2001,251.7
9/26/2001,242.6
9/27/2001,238.7
9/28/2001,242.5
10/1/2001,245.8
10/2/2001,236
10/3/2001,242
10/4/2001,247.3
10/5/2001,244.4
10/8/2001,240.5
10/9/2001,231.6
10/10/2001,230.8
10/11/2001,235.2
10/12/2001,225.3
10/15/2001,219.5
10/16/2001,217
10/17/2001,219.4
10/18/2001,223.2
10/19/2001,219.6
10/22/2001,218.5
10/23/2001,214.8
10/24/2001,223.5
10/25/2001,223
10/26/2001,232.6
10/29/2001,234.84
10/30/2001,239.06
10/31/2001,240.2
11/1/2001,234
11/2/2001,232.8
11/5/2001,231.8
11/6/2001,230.9
11/7/2001,225.8
11/8/2001,222.7
11/9/2001,222.3
11/12/2001,224.8
11/13/2001,225.8
11/14/2001,226.3
11/15/2001,232.7
11/16/2001,231.2
11/19/2001,229.4
11/20/2001,227.8
11/21/2001,223.8
11/23/2001,226.1
11/26/2001,222.3
11/27/2001,221.8
11/28/2001,226.4
11/29/2001,227
11/30/2001,222.9
12/3/2001,218.3
12/4/2001,217.8
12/5/2001,224.5
12/6/2001,234.5
12/7/2001,239
12/10/2001,233.6
12/11/2001,229.1
12/12/2001,223.6
12/13/2001,227.2
12/14/2001,237.2
12/17/2001,240.3
12/18/2001,250.3
12/19/2001,243.9
12/20/2001,247
12/21/2001,257
12/24/2001,267
12/26/2001,261.58
12/27/2001,266.9
12/28/2001,264.2
12/31/2001,259.02
1/2/2002,261.8
1/3/2002,259.2
1/4/2002,254.8
1/7/2002,251.1
1/8/2002,259.7
1/9/2002,260
1/10/2002,259.5
1/11/2002,256.3
1/14/2002,249
1/15/2002,255.6
1/16/2002,262
1/17/2002,262.4
1/18/2002,262.7
1/22/2002,272.7
1/23/2002,270.4
1/24/2002,278.2
1/25/2002,288
1/28/2002,284.7
1/29/2002,280.8
1/30/2002,271.3
1/31/2002,268.7
2/1/2002,273.5
2/4/2002,268.8
2/5/2002,263.2
2/6/2002,269.5
2/7/2002,267.5
2/8/2002,277.5
2/11/2002,284.7
2/12/2002,292.7
2/13/2002,288.2
2/14/2002,298.2
2/15/2002,292.4
2/19/2002,283.2
2/20/2002,286.2
2/21/2002,282.8
2/22/2002,283
2/25/2002,294.7
2/26/2002,304.04
2/27/2002,304.1
2/28/2002,310.6
3/1/2002,301.1
3/4/2002,305.1
3/5/2002,304.3
3/6/2002,309.5
3/7/2002,317.5
3/8/2002,322
3/11/2002,319.1
3/12/2002,318.3
3/13/2002,314.6
3/14/2002,315.4
3/15/2002,306.8
3/18/2002,306.6
3/19/2002,309.6
3/20/2002,314
3/21/2002,324
3/22/2002,314
3/25/2002,304
3/26/2002,299.9
3/27/2002,293.3
3/28/2002,295.2
4/1/2002,295.7
4/2/2002,292.6
4/3/2002,302.6
4/4/2002,298.7
4/5/2002,299.5
4/8/2002,296.8
4/9/2002,304.7
4/10/2002,298.4
4/11/2002,291.8
4/12/2002,285.9
4/15/2002,275.9
4/16/2002,270.4
4/17/2002,270.2
4/18/2002,273.5
4/19/2002,277.5
4/22/2002,278.6
4/23/2002,284.3
4/24/2002,280.8
4/25/2002,282.72
4/26/2002,293.3
4/29/2002,292.44
4/30/2002,286.14
5/1/2002,291.4
5/2/2002,297.2
5/3/2002,306.8
5/6/2002,307.5
5/7/2002,301.9
5/8/2002,302.5
5/9/2002,300.4
5/10/2002,306.8
5/13/2002,296.8
5/14/2002,294.2
5/15/2002,288
5/16/2002,287.8
5/17/2002,285.8
5/20/2002,287.5
5/21/2002,284.5
5/22/2002,287.6
5/23/2002,277.6
5/24/2002,275.5
5/28/2002,273.8
5/29/2002,278.8
5/30/2002,278.4
5/31/2002,281
6/3/2002,276.1
6/4/2002,266.1
6/5/2002,262
6/6/2002,266.1
6/7/2002,259.8
6/10/2002,262
6/11/2002,262.5
6/12/2002,259.8
6/13/2002,264.4
6/14/2002,265.2
6/17/2002,267.8
6/18/2002,272.5
6/19/2002,268.5
6/20/2002,276.2
6/21/2002,278.9
6/24/2002,282
6/25/2002,286
6/26/2002,284.24
6/27/2002,285.74
6/28/2002,290.86
7/1/2002,290
7/2/2002,282.5
7/3/2002,282
7/5/2002,283.5
7/8/2002,281.5
7/9/2002,276.7
7/10/2002,274.4
7/11/2002,272.2
7/12/2002,269.7
7/15/2002,266
7/16/2002,256
7/17/2002,259.2
7/18/2002,261.9
7/19/2002,256.6
7/22/2002,250.3
7/23/2002,253.5
7/24/2002,248.5
7/25/2002,250.9
7/26/2002,252.5
7/29/2002,253.3
7/30/2002,251.4
7/31/2002,258.1
8/1/2002,260.5
8/2/2002,260.2
8/5/2002,251.5
8/6/2002,244.8
8/7/2002,244.2
8/8/2002,246.7
8/9/2002,244.2
8/12/2002,241
8/13/2002,246.2
8/14/2002,242.7
8/15/2002,245.2
8/16/2002,245.1
8/19/2002,248.6
8/20/2002,245.9
8/21/2002,252.4
8/22/2002,248.7
8/23/2002,248.5
8/26/2002,247.4
8/27/2002,241.68
8/28/2002,239.22
8/29/2002,236.32
8/30/2002,233.58
9/3/2002,231.5
9/4/2002,233.2
9/5/2002,227.5
9/6/2002,227.9
9/9/2002,225.7
9/10/2002,228.5
9/11/2002,228.3
9/12/2002,231
9/13/2002,226.5
9/16/2002,223.6
9/17/2002,220.8
9/18/2002,223.7
9/19/2002,216.4
9/20/2002,221.7
9/23/2002,223.5
9/24/2002,218.8
9/25/2002,218.2
9/26/2002,221.7
9/27/2002,224.4
9/30/2002,218.6
10/1/2002,222.5
10/2/2002,226.9
10/3/2002,230.3
10/4/2002,230
10/7/2002,228.6
10/8/2002,222
10/9/2002,224.6
10/10/2002,230.1
10/11/2002,235
10/14/2002,233.9
10/15/2002,237.9
10/16/2002,232.8
10/17/2002,235.9
10/18/2002,234
10/21/2002,227
10/22/2002,228.5
10/23/2002,226.3
10/24/2002,224.7
10/25/2002,225
10/28/2002,226.04
10/29/2002,224.58
10/30/2002,226.9
10/31/2002,232.64
11/1/2002,232.1
11/4/2002,233.5
11/5/2002,231.4
11/6/2002,236.3
11/7/2002,234.7
11/8/2002,230.3
11/11/2002,223.5
11/12/2002,224
11/13/2002,224.5
11/14/2002,228.7
11/15/2002,227.7
11/18/2002,228.3
11/19/2002,228.5
11/20/2002,229.1
11/21/2002,227.8
11/22/2002,234.9
11/25/2002,234.3
11/26/2002,234.8
11/27/2002,236.4
11/29/2002,236.5
12/2/2002,242.5
12/3/2002,240.9
12/4/2002,237.9
12/5/2002,236.3
12/6/2002,239.2
12/9/2002,244.2
12/10/2002,241.2
12/11/2002,238.7
12/12/2002,240.7
12/13/2002,240
12/16/2002,234
12/17/2002,224
12/18/2002,220.9
12/19/2002,216.8
12/20/2002,216.2
12/23/2002,215.4
12/26/2002,215.3
12/27/2002,219.54
12/30/2002,225.98
12/31/2002,224.42
1/2/2003,222.5
1/3/2003,224.5
1/6/2003,227.5
1/7/2003,233.5
1/8/2003,239.2
1/9/2003,246.9
1/10/2003,249.9
1/13/2003,245.7
1/14/2003,241.3
1/15/2003,242
1/16/2003,242.4
1/17/2003,239.1
1/21/2003,234.2
1/22/2003,234.6
1/23/2003,244.6
1/24/2003,245
1/27/2003,245.8
1/28/2003,253.9
1/29/2003,263.9
1/30/2003,273.9
1/31/2003,273.6
2/3/2003,268.3
2/4/2003,278.3
2/5/2003,277.3
2/6/2003,276.1
2/7/2003,283.5
2/10/2003,286.3
2/11/2003,276.3
2/12/2003,266.3
2/13/2003,265.6
2/14/2003,263.9
2/18/2003,258
2/19/2003,259.4
2/20/2003,257.6
2/21/2003,263.4
2/24/2003,258.2
2/25/2003,254.06
2/26/2003,252.3
2/27/2003,246.58
2/28/2003,243.72
3/3/2003,247.4
3/4/2003,251.9
3/5/2003,249.3
3/6/2003,243
3/7/2003,241.1
3/10/2003,237
3/11/2003,239.2
3/12/2003,242.8
3/13/2003,251.8
3/14/2003,249.8
3/17/2003,246.8
3/18/2003,246
3/19/2003,243.2
3/20/2003,248.7
3/21/2003,252.6
3/24/2003,243.3
3/25/2003,240.3
3/26/2003,236
3/27/2003,231.1
3/28/2003,234.8
3/31/2003,230.6
4/1/2003,232.9
4/2/2003,235.9
4/3/2003,245.5
4/4/2003,240.6
4/7/2003,243
4/8/2003,239.2
4/9/2003,239.2
4/10/2003,243.9
4/11/2003,245.7
4/14/2003,251.7
4/15/2003,246.3
4/16/2003,247.9
4/17/2003,248
4/21/2003,247.2
4/22/2003,248.2
4/23/2003,246.2
4/24/2003,243.4
4/25/2003,240.08
4/28/2003,242.54
4/29/2003,240.96
4/30/2003,239.82
5/1/2003,242.4
5/2/2003,240.3
5/5/2003,236.7
5/6/2003,234.9
5/7/2003,238.2
5/8/2003,236.6
5/9/2003,237
5/12/2003,239
5/13/2003,236.1
5/14/2003,238.5
5/15/2003,234.3
5/16/2003,242.2
5/19/2003,245.5
5/20/2003,249.7
5/21/2003,252.8
5/22/2003,252
5/23/2003,254.7
5/27/2003,244.7
5/28/2003,243.1
5/29/2003,248.3
5/30/2003,253.5
6/2/2003,259.1
6/3/2003,261
6/4/2003,268
6/5/2003,269.3
6/6/2003,272.9
6/9/2003,268.6
6/10/2003,271.5
6/11/2003,277.9
6/12/2003,277.9
6/13/2003,274.5
6/16/2003,274.1
6/17/2003,284.1
6/18/2003,294.1
6/19/2003,297.2
6/20/2003,306.3
6/23/2003,312
6/24/2003,302
6/25/2003,293.26
6/26/2003,286.48
6/27/2003,289.06
6/30/2003,288.38
7/1/2003,287.3
7/2/2003,297.3
7/3/2003,302
7/7/2003,303.7
7/8/2003,293.7
7/9/2003,286.4
7/10/2003,284.6
7/11/2003,282.7
7/14/2003,283.8
7/15/2003,275.2
7/16/2003,278.2
7/17/2003,288.2
7/18/2003,286.3
7/21/2003,276.3
7/22/2003,266.4
7/23/2003,262.4
7/24/2003,263.5
7/25/2003,271.2
7/28/2003,275
7/29/2003,285
7/30/2003,286
7/31/2003,279.5
8/1/2003,286
8/4/2003,296
8/5/2003,305.6
8/6/2003,310.7
8/7/2003,311.5
8/8/2003,308.7
8/11/2003,298.8
8/12/2003,296.3
8/13/2003,300.9
8/14/2003,309.6
8/15/2003,311.4
8/18/2003,314.1
8/19/2003,307.2
8/20/2003,311.7
8/21/2003,321.7
8/22/2003,331.7
8/25/2003,340.9
8/26/2003,337.82
8/27/2003,330.64
8/28/2003,330.16
8/29/2003,332.3
9/2/2003,332.7
9/3/2003,326.3
9/4/2003,336.3
9/5/2003,332.3
9/8/2003,339.2
9/9/2003,333.1
9/10/2003,328.7
9/11/2003,318.7
9/12/2003,319.6
9/15/2003,315.5
9/16/2003,323.5
9/17/2003,325.1
9/18/2003,315.1
9/19/2003,309.3
9/22/2003,307.9
9/23/2003,315.5
9/24/2003,313.1
9/25/2003,312.3
9/26/2003,302.3
9/29/2003,299.5
9/30/2003,309.5
10/1/2003,299.5
10/2/2003,302.5
10/3/2003,299.8
10/6/2003,301.3
10/7/2003,302.5
10/8/2003,306.1
10/9/2003,307.5
10/10/2003,311.8
10/13/2003,313.2
10/14/2003,303.2
10/15/2003,295.3
10/16/2003,291.5
10/17/2003,281.5
10/20/2003,277.3
10/21/2003,282.8
10/22/2003,272.8
10/23/2003,277.7
10/24/2003,270.8
10/27/2003,268
10/28/2003,269.62
10/29/2003,278.5
10/30/2003,290.72
10/31/2003,290.52
11/3/2003,298.4
11/4/2003,288.4
11/5/2003,283.9
11/6/2003,275
11/7/2003,280.4
11/10/2003,282
11/11/2003,289.5
11/12/2003,293.5
11/13/2003,287.7
11/14/2003,293.3
11/17/2003,298
11/18/2003,308
11/19/2003,316.8
11/20/2003,312.8
11/21/2003,310.8
11/24/2003,317.2
11/25/2003,313.5
11/26/2003,314.4
11/28/2003,313.8
12/1/2003,308.2
12/2/2003,298.2
12/3/2003,299.2
12/4/2003,294
12/5/2003,297.2
12/8/2003,287.4
12/9/2003,289.7
12/10/2003,283.5
12/11/2003,279
12/12/2003,284.2
12/15/2003,281.6
12/16/2003,279
12/17/2003,287.7
12/18/2003,293.8
12/19/2003,292.8
12/22/2003,301.5
12/23/2003,300.1
12/24/2003,303.4
12/26/2003,304.48
12/29/2003,304.42
12/30/2003,317.38
12/31/2003,323.72
1/2/2004,328.3
1/5/2004,333
1/6/2004,334.5
1/7/2004,337.5
1/8/2004,333.3
1/9/2004,336.5
1/12/2004,330.1
1/13/2004,322.2
1/14/2004,332.2
1/15/2004,342.2
1/16/2004,356.1
1/20/2004,354.8
1/21/2004,351
1/22/2004,361
1/23/2004,351
1/26/2004,342.6
1/27/2004,335.2
1/28/2004,334.4
1/29/2004,334.5
1/30/2004,333
2/2/2004,334.6
2/3/2004,334.5
2/4/2004,344.5
2/5/2004,354.5
2/6/2004,362.6
2/9/2004,370.5
2/10/2004,367.5
2/11/2004,377.5
2/12/2004,384.7
2/13/2004,376.3
2/17/2004,376.8
2/18/2004,370.5
2/19/2004,380.5
2/20/2004,390.5
2/23/2004,387
2/24/2004,387.62
2/25/2004,378.42
2/26/2004,369.72
2/27/2004,377.96
3/1/2004,383
3/2/2004,380.3
3/3/2004,370.5
3/4/2004,373.9
3/5/2004,369.8
3/8/2004,365.5
3/9/2004,368.1
3/10/2004,363.4
3/11/2004,358.5
3/12/2004,368.5
3/15/2004,358.5
3/16/2004,357.4
3/17/2004,351.3
3/18/2004,355.2
3/19/2004,362.4
3/22/2004,353.6
3/23/2004,351.1
3/24/2004,361.1
3/25/2004,371.1
3/26/2004,375.9
3/29/2004,379
3/30/2004,384.5
3/31/2004,381.1
4/1/2004,391.1
4/2/2004,396.3
4/5/2004,392.7
4/6/2004,388.6
4/7/2004,389.3
4/8/2004,399.3
4/12/2004,409.3
4/13/2004,414
4/14/2004,410.2
4/15/2004,413.4
4/16/2004,412.9
4/19/2004,412
4/20/2004,406.9
4/21/2004,399.6
4/22/2004,404
4/23/2004,403.8
4/26/2004,404.5
4/27/2004,412.66
4/28/2004,420.1
4/29/2004,420.06
4/30/2004,421.4
5/3/2004,416.3
5/4/2004,415.3
5/5/2004,425.3
5/6/2004,425.5
5/7/2004,427
5/10/2004,417
5/11/2004,418.6
5/12/2004,413.6
5/13/2004,423.6
5/14/2004,416.3
5/17/2004,407.2
5/18/2004,410.8
5/19/2004,400.8
5/20/2004,396.6
5/21/2004,387.2
5/24/2004,397.2
5/25/2004,393.1
5/26/2004,397
5/27/2004,397.5
5/28/2004,405.5
6/1/2004,396.3
6/2/2004,397
6/3/2004,393.4
6/4/2004,388.6
6/7/2004,398.6
6/8/2004,390.1
6/9/2004,393.7
6/10/2004,389.8
6/14/2004,397.5
6/15/2004,392.1
6/16/2004,382.1
6/17/2004,378.1
6/18/2004,380.3
6/21/2004,381.1
6/22/2004,378.5
6/23/2004,380
6/24/2004,380.6
6/25/2004,378.3
6/28/2004,370.84
6/29/2004,368.34
6/30/2004,363.14
7/1/2004,364.9
7/2/2004,363.8
7/6/2004,366.3
7/7/2004,368
7/8/2004,374.4
7/9/2004,375.2
7/12/2004,373.6
7/13/2004,383.6
7/14/2004,389.5
7/15/2004,391.4
7/16/2004,401.4
7/19/2004,411.4
7/20/2004,409
7/21/2004,414.5
7/22/2004,421
7/23/2004,417.9
7/26/2004,418.9
7/27/2004,423.6
7/28/2004,432.2
7/29/2004,431.3
7/30/2004,422.3
8/2/2004,412.3
8/3/2004,418.5
8/4/2004,428.5
8/5/2004,431.3
8/6/2004,428
8/9/2004,422.8
8/10/2004,413.9
8/11/2004,409.6
8/12/2004,403.5
8/13/2004,407
8/16/2004,417
8/17/2004,427
8/18/2004,442
8/19/2004,442
8/20/2004,452
8/23/2004,450.8
8/24/2004,440.8
8/25/2004,436.3
8/26/2004,427.52
8/27/2004,419.96
8/30/2004,407.8
8/31/2004,406.02
9/1/2004,403.2
9/2/2004,407.4
9/3/2004,397.5
9/7/2004,392.5
9/8/2004,383.1
9/9/2004,387.7
9/10/2004,382.3
9/13/2004,384.9
9/14/2004,374.9
9/15/2004,366.5
9/16/2004,363.1
9/17/2004,353.1
9/20/2004,351.3
9/21/2004,347.8
9/22/2004,353
9/23/2004,347.5
9/24/2004,338.6
9/27/2004,338.4
9/28/2004,338.4
9/29/2004,328.4
9/30/2004,336.2
10/1/2004,332
10/4/2004,332.9
10/5/2004,326.8
10/6/2004,330.5
10/7/2004,324.1
10/8/2004,314.2
10/11/2004,310.4
10/12/2004,309.1
10/13/2004,302.9
10/14/2004,300
10/15/2004,310
10/18/2004,304.3
10/19/2004,294.3
10/20/2004,304.3
10/21/2004,297.8
10/22/2004,291.5
10/25/2004,297
10/26/2004,305.56
10/27/2004,311.04
10/28/2004,313.4
10/29/2004,317.66
11/1/2004,311.3
11/2/2004,309.2
11/3/2004,305.3
11/4/2004,300.5
11/5/2004,302.5
11/8/2004,309.7
11/9/2004,313.3
11/10/2004,316.5
11/11/2004,318.6
11/12/2004,319.5
11/15/2004,329.5
11/16/2004,331.7
11/17/2004,338.5
11/18/2004,334.3
11/19/2004,339.7
11/22/2004,333.4
11/23/2004,327.8
11/24/2004,329.3
11/26/2004,333.4
11/29/2004,339.5
11/30/2004,339.1
12/1/2004,347.2
12/2/2004,347
12/3/2004,348.4
12/6/2004,338.4
12/7/2004,331
12/8/2004,325.3
12/9/2004,321.1
12/10/2004,327.8
12/13/2004,330.5
12/14/2004,331.4
12/15/2004,330.3
12/16/2004,324.3
12/17/2004,320.3
12/20/2004,328.2
12/21/2004,338.2
12/22/2004,343.3
12/23/2004,344.7
12/27/2004,355.18
12/28/2004,358.02
12/29/2004,356.32
12/30/2004,358.8
1/3/2005,368
1/4/2005,364.3
1/5/2005,362.9
1/6/2005,354.2
1/7/2005,356.7
1/10/2005,354.8
1/11/2005,354.5
1/12/2005,347.7
1/13/2005,346.8
1/14/2005,351.7
1/18/2005,361.7
1/19/2005,371.7
1/20/2005,371.3
1/21/2005,378.2
1/24/2005,375.5
1/25/2005,375.3
1/26/2005,368.5
1/27/2005,378.5
1/28/2005,387.9
1/31/2005,384.3
2/1/2005,394.3
2/2/2005,395
2/3/2005,405
2/4/2005,408.3
2/7/2005,401.6
2/8/2005,411.6
2/9/2005,405.5
2/10/2005,405.7
2/11/2005,395.7
2/14/2005,385.7
2/15/2005,385.4
2/16/2005,389.5
2/17/2005,388.1
2/18/2005,385
2/22/2005,384.1
2/23/2005,393.98
2/24/2005,403.86
2/25/2005,404.48
2/28/2005,411.46
3/1/2005,407.5
3/2/2005,397.5
3/3/2005,392
3/4/2005,402
3/7/2005,400.3
3/8/2005,392.3
3/9/2005,395.3
3/10/2005,385.3
3/11/2005,386.6
3/14/2005,388
3/15/2005,398
3/16/2005,406.2
3/17/2005,410.5
3/18/2005,406.6
3/21/2005,396.6
3/22/2005,394.5
3/23/2005,393.3
3/24/2005,393.8
3/28/2005,403.7
3/29/2005,397.6
3/30/2005,397.5
3/31/2005,400.7
4/1/2005,398.7
4/4/2005,388.7
4/5/2005,388.3
4/6/2005,382.5
4/7/2005,386.2
4/8/2005,376.2
4/11/2005,371.5
4/12/2005,373.5
4/13/2005,383.5
4/14/2005,377.3
4/15/2005,377.7
4/18/2005,372
4/19/2005,370.9
4/20/2005,371.5
4/21/2005,362
4/22/2005,352
4/25/2005,352.8
4/26/2005,351
4/27/2005,345.8
4/28/2005,349.44
4/29/2005,354.24
5/2/2005,350.5
5/3/2005,342.6
5/4/2005,332.6
5/5/2005,331.5
5/6/2005,335.7
5/9/2005,338.2
5/10/2005,338.5
5/11/2005,338.9
5/12/2005,348.4
5/13/2005,347.1
5/16/2005,353.7
5/17/2005,358.1
5/18/2005,361.3
5/19/2005,357.3
5/20/2005,351.3
5/23/2005,357.3
5/24/2005,360
5/25/2005,357.3
5/26/2005,353.1
5/27/2005,363.1
5/31/2005,369.5
6/1/2005,364.1
6/2/2005,360.6
6/3/2005,354.5
6/6/2005,356.5
6/7/2005,350.8
6/8/2005,347.3
6/9/2005,347
6/10/2005,341.6
6/13/2005,344.2
6/14/2005,336.6
6/15/2005,337
6/16/2005,335.3
6/17/2005,337.4
6/20/2005,342.1
6/21/2005,347.9
6/22/2005,337.9
6/23/2005,334.3
6/24/2005,326.1
6/27/2005,319.54
6/28/2005,324.58
6/29/2005,320.52
6/30/2005,325.86
7/1/2005,328.5
7/5/2005,329.6
7/6/2005,326.9
7/7/2005,327.5
7/8/2005,329.2
7/11/2005,324.6
7/12/2005,328.3
7/13/2005,324.7
7/14/2005,334.7
7/15/2005,334.9
7/18/2005,341
7/19/2005,331
7/20/2005,326.2
7/21/2005,322.8
7/22/2005,323.3
7/25/2005,315.5
7/26/2005,313.1
7/27/2005,307.7
7/28/2005,312.9
7/29/2005,302.9
8/1/2005,303.7
8/2/2005,293.7
8/3/2005,291.1
8/4/2005,301.1
8/5/2005,296
8/8/2005,290.7
8/9/2005,298.1
8/10/2005,291.4
8/11/2005,292.7
8/12/2005,282.7
8/15/2005,277.9
8/16/2005,276.6
8/17/2005,278.7
8/18/2005,282.5
8/19/2005,275.7
8/22/2005,277.5
8/23/2005,279.2
8/24/2005,272.6
8/25/2005,269.5
8/26/2005,276.04
8/29/2005,284.58
8/30/2005,280.28
8/31/2005,288.04
9/1/2005,295.8
9/2/2005,297.6
9/6/2005,307.6
9/7/2005,297.6
9/8/2005,288.8
9/9/2005,289.7
9/12/2005,288.8
9/13/2005,293
9/14/2005,299.9
9/15/2005,299.5
9/16/2005,289.5
9/19/2005,292.2
9/20/2005,298.9
9/21/2005,306
9/22/2005,316
9/23/2005,326
9/26/2005,311
9/27/2005,317.5
9/28/2005,307.5
9/29/2005,308.3
9/30/2005,304.9
10/3/2005,300.7
10/4/2005,299.3
10/5/2005,289.3
10/6/2005,289.3
10/7/2005,289.8
10/10/2005,286.1
10/11/2005,280
10/12/2005,283.3
10/13/2005,283.5
10/14/2005,281.7
10/17/2005,287.7
10/18/2005,283.5
10/19/2005,293.5
10/20/2005,295.5
10/21/2005,293.5
10/24/2005,289.9
10/25/2005,292.8
10/26/2005,296.56
10/27/2005,308.12
10/28/2005,308.62
10/31/2005,311.14
11/1/2005,312
11/2/2005,315
11/3/2005,325
11/4/2005,332.7
11/7/2005,332.3
11/8/2005,338.5
11/9/2005,341.7
11/10/2005,337.9
11/11/2005,338.9
11/14/2005,329.1
11/15/2005,335
11/16/2005,342.8
11/17/2005,352
11/18/2005,349
11/21/2005,339
11/22/2005,329
11/23/2005,323.3
11/25/2005,321.9
11/28/2005,323.5
11/29/2005,324.8
11/30/2005,326.5
12/1/2005,336.5
12/2/2005,339.5
12/5/2005,329.5
12/6/2005,327.8
12/7/2005,322.8
12/8/2005,323.8
12/9/2005,321
12/12/2005,327
12/13/2005,323.8
12/14/2005,330.4
12/15/2005,335.9
12/16/2005,339.5
12/19/2005,333.1
12/20/2005,336.7
12/21/2005,346.7
12/22/2005,356.7
12/23/2005,355.98
12/28/2005,362.46
12/29/2005,368.3
12/30/2005,365.16
1/3/2006,375.8
1/4/2006,385.8
1/5/2006,387.5
1/6/2006,385.6
1/9/2006,381.8
1/10/2006,382
1/11/2006,375.1
1/12/2006,385.1
1/13/2006,379.3
1/17/2006,369.3
1/18/2006,360.4
1/19/2006,359.3
1/20/2006,363.8
1/23/2006,370.6
1/24/2006,375.3
1/25/2006,365.3
1/26/2006,363.6
1/27/2006,365.5
1/30/2006,358.6
1/31/2006,355.8
2/1/2006,364.4
2/2/2006,365.5
2/3/2006,361.8
2/6/2006,351.8
2/7/2006,345
2/8/2006,342
2/9/2006,340.5
2/10/2006,344
2/13/2006,334
2/14/2006,334.9
2/15/2006,335.8
2/16/2006,339.7
2/17/2006,335.5
2/21/2006,338.2
2/22/2006,338.8
2/23/2006,337.52
2/24/2006,341.84
2/27/2006,342.38
2/28/2006,334.9
3/1/2006,336.5
3/2/2006,341.4
3/3/2006,339.5
3/6/2006,338.8
3/7/2006,334.9
3/8/2006,331.7
3/9/2006,334.7
3/10/2006,334.9
3/13/2006,344.8
3/14/2006,343.3
3/15/2006,340.1
3/16/2006,336.3
3/17/2006,326.3
3/20/2006,327
3/21/2006,324.2
3/22/2006,324.4
3/23/2006,321.2
3/24/2006,324.7
3/27/2006,325.8
3/28/2006,325.5
3/29/2006,324
3/30/2006,322.9
3/31/2006,324.9
4/3/2006,320.1
4/4/2006,326.9
4/5/2006,331.5
4/6/2006,325.6
4/7/2006,326
4/10/2006,322.1
4/11/2006,326.7
4/12/2006,330.1
4/17/2006,330.4
4/18/2006,326
4/19/2006,336
4/20/2006,338.9
4/21/2006,338.9
4/24/2006,335.1
4/25/2006,339.48
4/26/2006,351.86
4/27/2006,350.72
4/28/2006,351.5
5/1/2006,354.4
5/2/2006,345.6
5/3/2006,346.3
5/4/2006,343.7
5/5/2006,336.3
5/8/2006,333.7
5/9/2006,333.6
5/10/2006,331.5
5/11/2006,329.5
5/12/2006,328
5/15/2006,324.5
5/16/2006,326
5/17/2006,323.2
5/18/2006,315.9
5/19/2006,312.7
5/22/2006,314
5/23/2006,316.9
5/24/2006,311.4
5/25/2006,311.5
5/26/2006,307.5
5/30/2006,304.6
5/31/2006,301.3
6/1/2006,304.7
6/2/2006,298.5
6/5/2006,295.8
6/6/2006,290.4
6/7/2006,294.1
6/8/2006,297
6/9/2006,296.8
6/12/2006,306.8
6/13/2006,303.3
6/14/2006,298
6/15/2006,298
6/16/2006,298
6/19/2006,292.5
6/20/2006,293
6/21/2006,299.5
6/22/2006,302.3
6/23/2006,297.8
6/26/2006,300.5
6/27/2006,299.44
6/28/2006,292.16
6/29/2006,293.08
6/30/2006,302.1
7/3/2006,302.4
7/5/2006,300.5
7/6/2006,305
7/7/2006,302.4
7/10/2006,297
7/11/2006,298.4
7/12/2006,293.8
7/13/2006,283.9
7/14/2006,285
7/17/2006,280.4
7/18/2006,281.2
7/19/2006,278.9
7/20/2006,280
7/21/2006,278.3
7/24/2006,273.9
7/25/2006,272.7
7/26/2006,274.1
7/27/2006,275.1
7/28/2006,272.3
7/31/2006,273
8/1/2006,268.1
8/2/2006,270.5
8/3/2006,274.8
8/4/2006,276.9
8/7/2006,278
8/8/2006,272.1
8/9/2006,264.4
8/10/2006,264.5
8/11/2006,265
8/14/2006,265.9
8/15/2006,265.8
8/16/2006,267
8/17/2006,277
8/18/2006,275
8/21/2006,282.4
8/22/2006,281.3
8/23/2006,276.5
8/24/2006,278
8/25/2006,285.8
8/28/2006,286.22
8/29/2006,282.26
8/30/2006,286.92
8/31/2006,284.9
9/1/2006,283.4
9/5/2006,273.4
9/6/2006,274.5
9/7/2006,276
9/8/2006,274.3
9/11/2006,270
9/12/2006,274.5
9/13/2006,271.8
9/14/2006,268.9
9/15/2006,265.6
9/18/2006,261.2
9/19/2006,257.6
9/20/2006,258.5
9/21/2006,258.3
9/22/2006,258.5
9/25/2006,258.5
9/26/2006,255.5
9/27/2006,250.1
9/28/2006,241.5
9/29/2006,240.6
10/2/2006,234.5
10/3/2006,236.3
10/4/2006,235.6
10/5/2006,234.5
10/6/2006,243.9
10/9/2006,253.9
10/10/2006,255.4
10/11/2006,254.8
10/12/2006,257.7
10/13/2006,262.2
10/16/2006,260.5
10/17/2006,252.3
10/18/2006,247
10/19/2006,247
10/20/2006,243.4
10/23/2006,245.8
10/24/2006,245.8
10/25/2006,242.7
10/26/2006,247.18
10/27/2006,252.12
10/30/2006,263.78
10/31/2006,261.58
11/1/2006,262.1
11/2/2006,261.9
11/3/2006,262.1
11/6/2006,268.7
11/7/2006,261.7
11/8/2006,259.5
11/9/2006,262.8
11/10/2006,263.1
11/13/2006,260.4
11/14/2006,262.1
11/15/2006,272.1
11/16/2006,268.5
11/17/2006,259.9
11/20/2006,261.7
11/21/2006,262.3
11/22/2006,260.2
11/24/2006,263
11/27/2006,264
11/28/2006,264.5
11/29/2006,263.5
11/30/2006,266.6
12/1/2006,263.6
12/4/2006,264.3
12/5/2006,259.4
12/6/2006,253.1
12/7/2006,255.1
12/8/2006,261.8
12/11/2006,261.8
12/12/2006,264.9
12/13/2006,264.2
12/14/2006,264.8
12/15/2006,264.4
12/18/2006,261
12/19/2006,259.4
12/20/2006,259.6
12/21/2006,268.7
12/22/2006,267.5
12/26/2006,273.56
12/27/2006,277.24
12/28/2006,278.32
12/29/2006,279.2
1/3/2007,285.2
1/4/2007,285.3
1/5/2007,295
1/8/2007,293.6
1/9/2007,287.5
1/10/2007,282.9
1/11/2007,279.3
1/12/2007,277.4
1/16/2007,272.1
1/17/2007,272
1/18/2007,272.3
1/19/2007,263.9
1/22/2007,261.6
1/23/2007,260.4
1/24/2007,257.2
1/25/2007,260
1/26/2007,256.5
1/29/2007,256.3
1/30/2007,259.3
1/31/2007,251.7
2/1/2007,255.7
2/2/2007,254.7
2/5/2007,257.2
2/6/2007,257
2/7/2007,263.2
2/8/2007,262.6
2/9/2007,267.9
2/12/2007,265.2
2/13/2007,266.4
2/14/2007,269.4
2/15/2007,273.6
2/16/2007,267.2
2/20/2007,267.6
2/21/2007,268.5
2/22/2007,269.5
2/23/2007,272.08
2/26/2007,263.52
2/27/2007,255.9
2/28/2007,259.78
3/1/2007,255.1
3/2/2007,255.6
3/5/2007,251.1
3/6/2007,252.8
3/7/2007,252.8
3/8/2007,252.4
3/9/2007,252.3
3/12/2007,254.7
3/13/2007,252
3/14/2007,256.2
3/15/2007,248.2
3/16/2007,248.8
3/19/2007,243.6
3/20/2007,243.1
3/21/2007,244.2
3/22/2007,246.2
3/23/2007,246.2
3/26/2007,242.6
3/27/2007,242
3/28/2007,241.8
3/29/2007,241.2
3/30/2007,240.5
4/2/2007,249.3
4/3/2007,252.8
4/4/2007,251.4
4/5/2007,255.7
4/9/2007,257.9
4/10/2007,255.2
4/11/2007,249.5
4/12/2007,248.8
4/13/2007,250.7
4/16/2007,249.5
4/17/2007,243.5
4/18/2007,242.6
4/19/2007,240.5
4/20/2007,241.2
4/23/2007,238.3
4/24/2007,235.1
4/25/2007,239.38
4/26/2007,243.96
4/27/2007,245.48
4/30/2007,242.44
5/1/2007,243.6
5/2/2007,243.4
5/3/2007,244.9
5/4/2007,246.8
5/7/2007,246
5/8/2007,243.7
5/9/2007,241.5
5/10/2007,242.2
5/11/2007,246.5
5/14/2007,246.4
5/15/2007,253.5
5/16/2007,255
5/17/2007,263
5/18/2007,260.5
5/21/2007,259.1
5/22/2007,269.1
5/23/2007,267.3
5/24/2007,266.2
5/25/2007,276.2
5/29/2007,286.2
5/30/2007,277.5
5/31/2007,277.8
6/1/2007,277.7
6/4/2007,285
6/5/2007,275
6/6/2007,280
6/7/2007,279.2
6/8/2007,281.6
6/11/2007,283.5
6/12/2007,282.4
6/13/2007,291
6/14/2007,296.6
6/15/2007,298.3
6/18/2007,290
6/19/2007,290.1
6/20/2007,281.1
6/21/2007,283.4
6/22/2007,283.7
6/25/2007,283.9
6/26/2007,281.8
6/27/2007,286.06
6/28/2007,289.62
6/29/2007,292.12
7/2/2007,291.8
7/3/2007,297.3
7/5/2007,304.1
7/6/2007,308.6
7/9/2007,303.2
7/10/2007,301.4
7/11/2007,299.8
7/12/2007,303.7
7/13/2007,303.7
7/16/2007,309.2
7/17/2007,299.6
7/18/2007,293.4
7/19/2007,293.5
7/20/2007,291.3
7/23/2007,293.5
7/24/2007,290.3
7/25/2007,286.8
7/26/2007,283.4
7/27/2007,282
7/30/2007,276.5
7/31/2007,279.5
8/1/2007,274.5
8/2/2007,282.2
8/3/2007,280.9
8/6/2007,272.9
8/7/2007,272.8
8/8/2007,274
8/9/2007,278.2
8/10/2007,280.1
8/13/2007,281.9
8/14/2007,285.8
8/15/2007,284.5
8/16/2007,274.5
8/17/2007,278.2
8/20/2007,274.9
8/21/2007,274.4
8/22/2007,265.5
8/23/2007,262.5
8/24/2007,263.5
8/27/2007,260.3
8/28/2007,257.7
8/29/2007,259.94
8/30/2007,259.82
8/31/2007,259.88
9/4/2007,249.7
9/5/2007,248.5
9/6/2007,247.7
9/7/2007,245.5
9/10/2007,244.9
9/11/2007,245.7
9/12/2007,240.8
9/13/2007,243.1
9/14/2007,247.7
9/17/2007,245
9/18/2007,241.3
9/19/2007,244.5
9/20/2007,238.9
9/21/2007,239.3
9/24/2007,243.5
9/25/2007,247.5
9/26/2007,241.6
9/27/2007,242.3
9/28/2007,248.7
10/1/2007,246.3
10/2/2007,240.5
10/3/2007,243.4
10/4/2007,242.5
10/5/2007,249
10/8/2007,246.5
10/9/2007,243.2
10/10/2007,238.3
10/11/2007,238
10/12/2007,236.4
10/15/2007,236.6
10/16/2007,233.9
10/17/2007,226.3
10/18/2007,227.8
10/19/2007,230.7
10/22/2007,225.8
10/23/2007,225.1
10/24/2007,226.5
10/25/2007,224.5
10/26/2007,231.6
10/29/2007,239.76
10/30/2007,244.04
10/31/2007,251.78
11/1/2007,261.7
11/2/2007,251.7
11/5/2007,246.9
11/6/2007,249
11/7/2007,251.7
11/8/2007,256.5
11/9/2007,263.7
11/12/2007,261.2
11/13/2007,265
11/14/2007,259.1
11/15/2007,262.1
11/16/2007,267
11/19/2007,258.8
11/20/2007,255.8
11/21/2007,254.2
11/23/2007,254.6
11/26/2007,252.8
11/27/2007,253.3
11/28/2007,255.8
11/29/2007,254.3
11/30/2007,254.4
12/3/2007,248.6
12/4/2007,245.9
12/5/2007,245.3
12/6/2007,244.4
12/7/2007,245.6
12/10/2007,248.2
12/11/2007,252
12/12/2007,247.9
12/13/2007,246
12/14/2007,248.7
12/17/2007,245.5
12/18/2007,244.4
12/19/2007,242.8
12/20/2007,240.7
12/21/2007,240
12/24/2007,239.5
12/26/2007,240.84
12/27/2007,244.98
12/28/2007,248
12/31/2007,251.78
1/2/2008,252.1
1/3/2008,252.7
1/4/2008,250
1/7/2008,244.1
1/8/2008,242.5
1/9/2008,236.3
1/10/2008,236.4
1/11/2008,237.2
1/14/2008,237.3
1/15/2008,233.2
1/16/2008,231.6
1/17/2008,227.5
1/18/2008,231.2
1/22/2008,221.9
1/23/2008,219.6
1/24/2008,225
1/25/2008,222.4
1/28/2008,220.2
1/29/2008,216.8
1/30/2008,213.6
1/31/2008,216.4
2/1/2008,221
2/4/2008,226.3
2/5/2008,221.5
2/6/2008,217.8
2/7/2008,227.8
2/8/2008,229.7
2/11/2008,233.7
2/12/2008,228.4
2/13/2008,221.8
2/14/2008,222.8
2/15/2008,221.7
2/19/2008,221.3
2/20/2008,216.5
2/21/2008,212.9
2/22/2008,222.7
2/25/2008,219.8
2/26/2008,219.24
2/27/2008,226.16
2/28/2008,235.78
2/29/2008,239.36
3/3/2008,244
3/5/2008,230.4
3/6/2008,231.1
3/7/2008,232.3
3/10/2008,228.7
3/11/2008,226
3/12/2008,228.7
3/13/2008,226.9
3/14/2008,230.7
3/17/2008,222.4
3/18/2008,221.3
3/19/2008,221.6
3/20/2008,225.6
3/24/2008,230.8
3/25/2008,225
3/26/2008,226.3
3/27/2008,223.3
3/28/2008,222.2
3/31/2008,222.1
4/1/2008,217
4/2/2008,225.9
4/3/2008,221.3
4/4/2008,229
4/7/2008,233.9
4/8/2008,243.9
4/9/2008,241.8
4/10/2008,235.7
4/11/2008,229.1
4/14/2008,224.6
4/15/2008,216.5
4/16/2008,213.9
4/17/2008,219
4/18/2008,221.2
4/21/2008,217.1
4/22/2008,212
4/23/2008,208.6
4/24/2008,213
4/25/2008,221.06
4/28/2008,228.62
4/29/2008,237.44
4/30/2008,234.86
5/2/2008,245.4
5/5/2008,242.6
5/6/2008,246.6
5/7/2008,252.5
5/8/2008,251.8
5/9/2008,251.9
5/12/2008,250.8
5/13/2008,244.9
5/14/2008,242.5
5/15/2008,243.8
5/16/2008,245.9
5/19/2008,242.9
5/20/2008,245
5/21/2008,248.9
5/22/2008,255.5
5/23/2008,251
5/27/2008,253
5/28/2008,249.7
5/29/2008,248.9
5/30/2008,246.3
6/2/2008,243.8
6/3/2008,245.1
6/4/2008,242.3
6/5/2008,241.9
6/6/2008,243.9
6/9/2008,242.3
6/10/2008,244.5
6/11/2008,245.9
6/12/2008,241.5
6/13/2008,242.2
6/17/2008,244.5
6/18/2008,247
6/19/2008,252.1
6/20/2008,250.9
6/23/2008,249.5
6/24/2008,242.5
6/25/2008,244
6/26/2008,244.86
6/27/2008,252
6/30/2008,254.96
7/1/2008,254.9
7/2/2008,255.2
7/3/2008,259
7/7/2008,261.8
7/8/2008,259.1
7/9/2008,258
7/10/2008,258
7/11/2008,253.7
7/15/2008,248.7
7/16/2008,245.1
7/17/2008,245.5
7/18/2008,246.6
7/21/2008,245.7
7/22/2008,246.1
7/23/2008,248.1
7/24/2008,252.7
7/25/2008,254.2
7/28/2008,252.1
7/29/2008,246.7
7/30/2008,247.1
7/31/2008,253
8/1/2008,254.8
8/4/2008,259
8/5/2008,261.3
8/6/2008,257.3
8/7/2008,256
8/8/2008,256.9
8/11/2008,257.5
8/12/2008,263
8/13/2008,267.3
8/14/2008,268.8
8/15/2008,265.1
8/18/2008,265.7
8/19/2008,268.2
8/20/2008,270.1
8/21/2008,264.5
8/22/2008,255.5
8/25/2008,255.9
8/26/2008,255.54
8/27/2008,253.44
8/28/2008,247.66
8/29/2008,242.72
9/2/2008,238.9
9/3/2008,240.7
9/4/2008,238.6
9/5/2008,238.2
9/8/2008,234.8
9/9/2008,230.4
9/10/2008,227.7
9/11/2008,226.5
9/12/2008,227.1
9/15/2008,221.7
9/16/2008,219
9/17/2008,213.5
9/18/2008,213.5
9/19/2008,211.8
9/22/2008,216
9/23/2008,218.7
9/24/2008,210.7
9/25/2008,211.3
9/26/2008,211.5
9/29/2008,203.8
9/30/2008,203.5
10/1/2008,199.2
10/2/2008,196.4
10/3/2008,196.5
10/6/2008,186.5
10/7/2008,189.7
10/8/2008,185.9
10/9/2008,188.2
10/10/2008,185.3
10/13/2008,195.3
10/14/2008,195
10/15/2008,190.5
10/16/2008,195.3
10/17/2008,199
10/20/2008,199.5
10/21/2008,189.5
10/22/2008,183.3
10/23/2008,178.8
10/24/2008,180
10/27/2008,180.36
10/28/2008,183.8
10/30/2008,198.08
10/31/2008,196.6
11/3/2008,203.1
11/4/2008,205.5
11/5/2008,209.5
11/6/2008,201.3
11/7/2008,201.6
11/10/2008,205
11/11/2008,203
11/12/2008,203.1
11/13/2008,201.7
11/14/2008,207.4
11/17/2008,207
11/18/2008,199.7
11/19/2008,199.9
11/20/2008,197.6
11/21/2008,197.9
11/24/2008,197.6
11/25/2008,197.5
11/26/2008,194.6
11/28/2008,193.5
12/1/2008,188
12/2/2008,185.6
12/3/2008,184
12/4/2008,178.9
12/5/2008,178.9
12/8/2008,179.6
12/9/2008,171.1
12/10/2008,167.9
12/11/2008,171.1
12/12/2008,173.1
12/15/2008,166.8
12/16/2008,168
12/17/2008,177.1
12/18/2008,176.5
12/19/2008,180.2
12/22/2008,185.3
12/23/2008,176.6
12/24/2008,174.5
12/26/2008,178.7
12/29/2008,179.08
12/30/2008,183.42
12/31/2008,184.12
1/2/2009,187
1/5/2009,181.1
1/6/2009,184
1/7/2009,180.8
1/8/2009,177
1/9/2009,181
1/12/2009,174.5
1/13/2009,175.7
1/14/2009,165.7
1/15/2009,167.2
1/16/2009,170
1/20/2009,160
1/21/2009,155.2
1/22/2009,157.8
1/23/2009,151
1/26/2009,148.2
1/27/2009,148.4
1/28/2009,141.6
1/29/2009,138.1
1/30/2009,148.1
2/2/2009,158.1
2/3/2009,163.7
2/4/2009,173.7
2/5/2009,165.3
2/6/2009,167
2/9/2009,160.8
2/10/2009,157.7
2/11/2009,153.5
2/12/2009,152.3
2/13/2009,155
2/17/2009,150
2/18/2009,149.5
2/19/2009,150.9
2/20/2009,146.3
2/23/2009,146.24
2/24/2009,143.94
2/26/2009,155.6
2/27/2009,155.72
3/2/2009,158.2
3/3/2009,168.2
3/4/2009,162.3
3/5/2009,160
3/6/2009,161.7
3/9/2009,158
3/10/2009,159.9
3/11/2009,162.5
3/12/2009,160
3/13/2009,159.1
3/16/2009,161.6
3/17/2009,159.8
3/18/2009,160.9
3/19/2009,167.5
3/20/2009,165.6
3/23/2009,164.6
3/24/2009,167.3
3/25/2009,177.3
3/26/2009,176.4
3/27/2009,176.5
3/30/2009,169.8
3/31/2009,171.3
4/1/2009,176.5
4/2/2009,180.7
4/3/2009,187.4
4/6/2009,185.7
4/7/2009,184
4/8/2009,185.7
4/9/2009,185.1
4/13/2009,182
4/14/2009,178.1
4/15/2009,179.9
4/16/2009,180
4/17/2009,173.7
4/20/2009,173
4/21/2009,170.9
4/22/2009,174
4/23/2009,177
4/24/2009,172.7
4/27/2009,169.98
4/28/2009,168.66
4/29/2009,168.4
4/30/2009,173.64
5/1/2009,178
5/4/2009,171.7
5/5/2009,169
5/6/2009,179
5/7/2009,177.9
5/8/2009,187
5/11/2009,187.1
5/12/2009,181.4
5/13/2009,183.5
5/14/2009,177.6
5/15/2009,179.7
5/18/2009,181.2
5/19/2009,177.8
5/20/2009,178.1
5/21/2009,172.8
5/22/2009,174.7
5/26/2009,175.2
5/27/2009,185.2
5/28/2009,193.6
5/29/2009,191.7
6/1/2009,198
6/2/2009,208
6/3/2009,201
6/4/2009,211
6/5/2009,213.7
6/8/2009,203.7
6/9/2009,197.8
6/10/2009,196.3
6/11/2009,196.3
6/12/2009,206.3
6/15/2009,203.2
6/16/2009,213.2
6/17/2009,211.6
6/18/2009,212
6/19/2009,214.6
6/22/2009,210.9
6/23/2009,200.9
6/24/2009,197
6/25/2009,202.66
6/26/2009,212.76
6/29/2009,209
6/30/2009,207.64
7/1/2009,210
7/2/2009,210
7/6/2009,206.5
7/7/2009,207.5
7/8/2009,204.2
7/9/2009,201.2
7/10/2009,193.4
7/13/2009,194.9
7/14/2009,188.5
7/15/2009,189.6
7/16/2009,186.4
7/17/2009,185.2
7/20/2009,187
7/21/2009,189
7/22/2009,181.5
7/23/2009,191.5
7/24/2009,188
7/27/2009,197
7/28/2009,207
7/29/2009,203
7/30/2009,197.1
7/31/2009,196.1
8/3/2009,204
8/4/2009,207
8/5/2009,203.1
8/6/2009,205.2
8/7/2009,197.1
8/10/2009,191
8/11/2009,193.7
8/12/2009,196
8/13/2009,195.9
8/14/2009,189.5
8/17/2009,182.7
8/18/2009,181.4
8/19/2009,179.3
8/20/2009,183.9
8/21/2009,180.6
8/24/2009,178
8/25/2009,178.2
8/26/2009,178.1
8/27/2009,177.04
8/28/2009,173.84
8/31/2009,179.04
9/1/2009,178.8
9/2/2009,178.3
9/3/2009,183
9/4/2009,177.5
9/8/2009,173.4
9/9/2009,174.4
9/10/2009,177.1
9/11/2009,175.1
9/14/2009,177.7
9/15/2009,178.3
9/16/2009,175.1
9/17/2009,182
9/18/2009,185.5
9/21/2009,176.5
9/22/2009,175.8
9/23/2009,174.7
9/24/2009,173.9
9/25/2009,169.1
9/28/2009,170.2
9/29/2009,168.2
9/30/2009,168.7
10/1/2009,171.7
10/2/2009,172.3
10/5/2009,172.7
10/6/2009,171.3
10/7/2009,167.9
10/8/2009,164.8
10/9/2009,163.6
10/12/2009,171.4
10/13/2009,170.1
10/14/2009,180.1
10/15/2009,180.4
10/16/2009,178.7
10/19/2009,178.1
10/20/2009,175
10/21/2009,174.9
10/22/2009,174.5
10/26/2009,175.6
10/27/2009,179.3
10/28/2009,182
10/29/2009,195.46
10/30/2009,206.18
11/2/2009,214
11/3/2009,209.9
11/4/2009,210.5
11/5/2009,213.5
11/6/2009,208
11/9/2009,207.2
11/10/2009,209.2
11/11/2009,209.2
11/12/2009,214.6
11/13/2009,219.5
11/16/2009,229.5
11/17/2009,239.5
11/18/2009,230.5
11/19/2009,229.1
11/20/2009,222.2
11/23/2009,226.3
11/24/2009,234.8
11/25/2009,235
11/27/2009,236.2
11/30/2009,246.2
12/1/2009,241
12/2/2009,231.8
12/3/2009,228.5
12/4/2009,224.5
12/7/2009,219
12/8/2009,214
12/9/2009,213.2
12/10/2009,214.8
12/11/2009,214
12/14/2009,214
12/15/2009,212.8
12/16/2009,212
12/17/2009,211
12/18/2009,211.4
12/21/2009,209.5
12/22/2009,209.7
12/23/2009,209.9
12/24/2009,209
12/28/2009,215
12/29/2009,216.28
12/30/2009,222.28
12/31/2009,228.6
1/4/2010,230.5
1/6/2010,236.3
1/7/2010,232
1/8/2010,233.5
1/11/2010,240.8
1/12/2010,232.9
1/13/2010,237
1/14/2010,247
1/15/2010,253
1/19/2010,253.8
1/20/2010,255
1/21/2010,248
1/22/2010,250.4
1/25/2010,252.5
1/26/2010,247.1
1/27/2010,237.6
1/28/2010,238.7
1/29/2010,248.5
2/1/2010,258.5
2/2/2010,261
2/3/2010,269
2/4/2010,279
2/5/2010,271.1
2/8/2010,271.5
2/9/2010,270
2/10/2010,261.6
2/11/2010,264
2/12/2010,270.9
2/16/2010,270
2/17/2010,272
2/18/2010,270
2/19/2010,268.3
2/22/2010,264.4
2/24/2010,259.4
2/25/2010,263.32
2/26/2010,270.36
3/1/2010,265.6
3/2/2010,267.5
3/3/2010,274
3/4/2010,269.5
3/5/2010,269.5
3/8/2010,277
3/9/2010,287
3/10/2010,288.3
3/11/2010,284.9
3/12/2010,283
3/15/2010,273
3/16/2010,272.4
3/17/2010,275.6
3/18/2010,281.5
3/19/2010,288.2
3/22/2010,278.8
3/23/2010,277.1
3/24/2010,281.5
3/25/2010,291.3
3/26/2010,290
3/29/2010,280
3/30/2010,277.2
3/31/2010,287.2
4/1/2010,287
4/5/2010,296
4/6/2010,293
4/7/2010,290.1
4/8/2010,294.7
4/9/2010,296.5
4/12/2010,294.7
4/13/2010,294.6
4/14/2010,299.5
4/15/2010,305
4/16/2010,315
4/19/2010,325
4/20/2010,319.7
4/21/2010,326.8
4/22/2010,325
4/23/2010,315.5
4/26/2010,307.1
4/27/2010,305
4/28/2010,306.12
4/29/2010,309.18
4/30/2010,302.78
5/3/2010,300.4
5/4/2010,293.1
5/5/2010,295.5
5/6/2010,285.5
5/7/2010,277
5/10/2010,279.5
5/11/2010,269.5
5/12/2010,263.9
5/13/2010,257.8
5/14/2010,261.3
5/17/2010,251.3
5/18/2010,242.7
5/19/2010,234.6
5/20/2010,236
5/21/2010,239.4
5/24/2010,245
5/25/2010,235
5/26/2010,225
5/27/2010,229.1
5/28/2010,225.5
6/1/2010,228.9
6/2/2010,223
6/3/2010,232
6/4/2010,228
6/7/2010,218
6/8/2010,214.1
6/9/2010,206
6/10/2010,209.2
6/11/2010,204
6/14/2010,206.1
6/15/2010,203
6/16/2010,194.5
6/17/2010,194.2
6/18/2010,196.8
6/21/2010,189.6
6/22/2010,183.6
6/23/2010,177.9
6/24/2010,182
6/25/2010,190.82
6/28/2010,191.96
6/29/2010,196.4
6/30/2010,210.2
7/1/2010,221
7/2/2010,219.4
7/6/2010,209.4
7/7/2010,215.5
7/8/2010,211.9
7/9/2010,207.2
7/12/2010,207.2
7/13/2010,215.7
7/14/2010,213.8
7/15/2010,209
7/16/2010,206.9
7/19/2010,198.6
7/20/2010,198.8
7/21/2010,201.3
7/22/2010,209
7/23/2010,209.5
7/26/2010,208
7/27/2010,200.3
7/28/2010,200.6
7/29/2010,201.5
7/30/2010,209
8/2/2010,214.6
8/3/2010,205.1
8/4/2010,208
8/5/2010,206.5
8/6/2010,201
8/9/2010,205
8/10/2010,200.1
8/11/2010,198.4
8/12/2010,199.9
8/13/2010,202
8/16/2010,199.6
8/17/2010,207.5
8/18/2010,210
8/19/2010,215.7
8/20/2010,219.5
8/23/2010,213.3
8/24/2010,208.5
8/25/2010,210.6
8/26/2010,215.26
8/27/2010,211.3
8/30/2010,213.78
8/31/2010,206.26
9/1/2010,207
9/2/2010,206.5
9/3/2010,208.5
9/6/2010,208.5
9/7/2010,206.6
9/8/2010,216.6
9/9/2010,226.6
9/10/2010,227.1
9/13/2010,229
9/14/2010,224.4
9/15/2010,227
9/16/2010,217.8
9/17/2010,218
9/20/2010,222
9/21/2010,232
9/22/2010,242
9/23/2010,230.5
9/24/2010,240.5
9/27/2010,236
9/28/2010,228.1
9/29/2010,226
9/30/2010,227
10/1/2010,220
10/4/2010,217.9
10/5/2010,216.8
10/6/2010,220.8
10/7/2010,223
10/8/2010,233
10/11/2010,234
10/12/2010,244
10/13/2010,254
10/14/2010,253
10/15/2010,243.3
10/18/2010,247.7
10/19/2010,238.3
10/20/2010,240.3
10/21/2010,241.2
10/22/2010,242
10/25/2010,240.8
10/26/2010,242.56
10/27/2010,248.36
10/28/2010,261.22
10/29/2010,275.4
11/1/2010,286.3
11/2/2010,283.3
11/3/2010,286
11/4/2010,283.1
11/5/2010,277
11/8/2010,273
11/9/2010,273.8
11/10/2010,276
11/11/2010,276.5
11/12/2010,271
11/15/2010,263.8
11/16/2010,259.1
11/17/2010,260.5
11/18/2010,261.2
11/19/2010,255.2
11/22/2010,253.3
11/23/2010,252.6
11/24/2010,247.2
11/25/2010,247.2
11/26/2010,250
11/29/2010,245.7
11/30/2010,247
12/1/2010,251
12/2/2010,252
12/3/2010,249.3
12/6/2010,248.1
12/7/2010,249.5
12/8/2010,259.5
12/9/2010,269.5
12/10/2010,266.5
12/13/2010,272.4
12/14/2010,270.6
12/15/2010,280.6
12/16/2010,288.5
12/17/2010,298.5
12/20/2010,307
12/21/2010,298.7
12/22/2010,307
12/23/2010,308.8
12/24/2010,308.8
12/27/2010,316
12/28/2010,315.54
12/29/2010,318.78
12/30/2010,315.4
12/31/2010,316.4
1/3/2011,330
1/4/2011,320.1
1/5/2011,330.1
1/6/2011,329.9
1/7/2011,322.8
1/10/2011,312.8
1/11/2011,302.8
1/12/2011,302.9
1/13/2011,304.2
1/14/2011,302.1
1/17/2011,302.1
1/18/2011,297.1
1/19/2011,297.6
1/20/2011,303.4
1/21/2011,313.4
1/24/2011,320
1/25/2011,311
1/26/2011,308
1/27/2011,309.3
1/28/2011,315
1/31/2011,310
2/1/2011,315.7
2/2/2011,305.7
2/3/2011,300
2/4/2011,301.5
2/7/2011,298.6
2/8/2011,301.9
2/9/2011,309
2/10/2011,313.5
2/11/2011,313.2
2/14/2011,308
2/15/2011,315.3
2/16/2011,310.5
2/17/2011,304.9
2/18/2011,306
2/21/2011,306
2/22/2011,307
2/23/2011,302.78
2/24/2011,296.46
2/25/2011,301.08
2/28/2011,304.5
3/1/2011,309.2
3/2/2011,305.2
3/3/2011,315.2
3/4/2011,322.5
3/7/2011,318.8
3/8/2011,318.5
3/9/2011,316.6
3/10/2011,309.1
3/11/2011,311.1
3/14/2011,307.8
3/15/2011,304.5
3/16/2011,302.7
3/17/2011,312.7
3/18/2011,319.4
3/21/2011,323.8
3/22/2011,315.5
3/23/2011,311.5
3/24/2011,313.1
3/25/2011,319.4
3/28/2011,315.5
3/29/2011,305.6
3/30/2011,299.6
3/31/2011,303.4
4/1/2011,297
4/4/2011,295.3
4/5/2011,292.1
4/6/2011,282.1
4/7/2011,272.1
4/8/2011,257.2
4/12/2011,241
4/13/2011,251
4/14/2011,242
4/15/2011,250.3
4/18/2011,246.1
4/19/2011,244
4/20/2011,234.1
4/21/2011,231
4/25/2011,234
4/26/2011,234.28
4/27/2011,232.2
4/28/2011,245.52
4/29/2011,258.52
5/2/2011,263.5
5/3/2011,255.7
5/4/2011,248.6
5/5/2011,248.5
5/6/2011,249.7
5/9/2011,243.8
5/10/2011,241
5/11/2011,234.1
5/12/2011,229
5/13/2011,229.6
5/16/2011,232.1
5/17/2011,222.5
5/18/2011,224.5
5/19/2011,231.9
5/20/2011,227.2
5/23/2011,218.1
5/24/2011,221.5
5/25/2011,231.5
5/26/2011,241.5
5/27/2011,238.7
5/30/2011,238.7
5/31/2011,243.5
6/1/2011,237
6/2/2011,231
6/3/2011,227
6/6/2011,222.5
6/7/2011,228.5
6/8/2011,225.5
6/9/2011,228
6/10/2011,226.5
6/13/2011,223.5
6/14/2011,223.6
6/15/2011,217
6/16/2011,219.9
6/17/2011,223.6
6/20/2011,230.8
6/21/2011,232.4
6/22/2011,237.1
6/23/2011,234
6/24/2011,236
6/27/2011,237.56
6/28/2011,232.76
6/29/2011,243.8
6/30/2011,256.18
7/1/2011,267
7/4/2011,267
7/5/2011,261.7
7/6/2011,254
7/7/2011,262.4
7/8/2011,266
7/11/2011,264
7/12/2011,265
7/13/2011,266
7/14/2011,263.6
7/15/2011,260.5
7/18/2011,262.2
7/19/2011,265.7
7/20/2011,260.9
7/21/2011,266
7/22/2011,259.2
7/25/2011,255.1
7/26/2011,256
7/27/2011,254
7/28/2011,253
7/29/2011,248.5
8/1/2011,238.5
8/2/2011,228.5
8/3/2011,222.6
8/4/2011,224.5
8/5/2011,223.9
8/8/2011,222
8/9/2011,223.7
8/10/2011,221.5
8/11/2011,228
8/12/2011,224
8/15/2011,230.3
8/23/2011,218
8/24/2011,227
8/25/2011,226.2
8/26/2011,233.98
8/29/2011,235.06
8/30/2011,238.72
8/31/2011,248.64
9/1/2011,253.3
9/2/2011,258.2
9/6/2011,262.6
9/7/2011,271.7
9/8/2011,279.3
9/9/2011,269.3
9/12/2011,259.3
9/13/2011,255.2
9/14/2011,252.8
9/15/2011,250
9/16/2011,244.6
9/19/2011,241.2
9/20/2011,245
9/21/2011,244.6
9/22/2011,240
9/23/2011,233.4
9/26/2011,233
9/27/2011,227.8
9/28/2011,224.3
9/29/2011,221
9/30/2011,211.1
10/3/2011,213
10/4/2011,215.8
10/5/2011,217.7
10/6/2011,226.6
10/7/2011,216.8
10/10/2011,224.4
10/11/2011,225.5
10/12/2011,222
10/13/2011,216.8
10/14/2011,221
10/17/2011,224.3
10/18/2011,228.7
10/19/2011,222
10/20/2011,216.2
10/21/2011,220
10/24/2011,223.5
10/25/2011,220.7
10/26/2011,222.94
10/27/2011,228.86
10/28/2011,232.7
10/31/2011,237.16
11/1/2011,236.4
11/2/2011,235.4
11/3/2011,233
11/4/2011,231.1
11/7/2011,233.3
11/8/2011,231.3
11/9/2011,227.7
11/10/2011,221.9
11/11/2011,229
11/14/2011,226.8
11/15/2011,227.8
11/16/2011,231.7
11/17/2011,241.7
11/18/2011,247.5
11/21/2011,246.5
11/22/2011,241.6
11/23/2011,236.3
11/25/2011,235.3
11/28/2011,231.6
11/29/2011,223
11/30/2011,218.2
12/1/2011,219.6
12/2/2011,227
12/5/2011,232.8
12/6/2011,230
12/7/2011,231
12/8/2011,232.4
12/9/2011,239.6
12/12/2011,229.7
12/13/2011,229.6
12/14/2011,224.7
12/15/2011,232
12/16/2011,235.2
12/19/2011,237.1
12/20/2011,245
12/21/2011,242.2
12/22/2011,241
12/23/2011,243.1
12/27/2011,248.26
12/28/2011,259.66
12/29/2011,254.46
12/30/2011,258.3
1/3/2012,263.3
1/4/2012,254.6
1/5/2012,259.4
1/6/2012,254.9
1/9/2012,248.4
1/10/2012,250.9
1/11/2012,243.4
1/12/2012,236.3
1/13/2012,245.7
1/17/2012,242
1/18/2012,242.9
1/19/2012,241.2
1/20/2012,240.3
1/23/2012,241.1
1/24/2012,235.3
1/25/2012,238.7
1/26/2012,240.9
1/27/2012,237.5
1/30/2012,238.2
1/31/2012,248.2
2/1/2012,254
2/2/2012,252.8
2/3/2012,262.5
2/6/2012,272.5
2/7/2012,269.4
2/8/2012,265.6
2/9/2012,271.5
2/10/2012,271
2/13/2012,275.4
2/14/2012,266.4
2/15/2012,263
2/16/2012,261.4
2/17/2012,263.2
2/21/2012,259.8
2/22/2012,264.3
2/23/2012,266.6
2/24/2012,273.5
2/27/2012,272.8
2/28/2012,273.34
2/29/2012,273.32
3/1/2012,279.1
3/2/2012,280.1
3/5/2012,276.2
3/6/2012,275.5
3/7/2012,272.4
3/8/2012,278.2
3/9/2012,272.6
3/13/2012,272.9
3/14/2012,276.5
3/15/2012,270.8
3/16/2012,272.2
3/19/2012,272.2
3/20/2012,264.4
3/21/2012,259.7
3/22/2012,255
3/23/2012,258.6
3/26/2012,261.5
3/27/2012,259.3
3/28/2012,261.6
3/29/2012,261
3/30/2012,260.9
4/2/2012,260.3
4/3/2012,258.8
4/4/2012,259.1
4/5/2012,266.9
4/9/2012,263.8
4/10/2012,262.1
4/11/2012,264.2
4/12/2012,266.9
4/13/2012,266.7
4/16/2012,266.4
4/17/2012,260.4
4/18/2012,266
4/19/2012,268.7
4/20/2012,271.7
4/23/2012,270
4/24/2012,277.4
4/25/2012,279.12
4/26/2012,277.62
4/27/2012,283.9
4/30/2012,282.5
5/1/2012,283.4
5/2/2012,284.5
5/3/2012,287.5
5/4/2012,286.7
5/7/2012,281.2
5/8/2012,279.7
5/9/2012,278
5/10/2012,280.1
5/11/2012,285.1
5/14/2012,285.1
5/15/2012,285.3
5/16/2012,282.5
5/17/2012,283.1
5/18/2012,288.5
5/21/2012,287.7
5/22/2012,283.5
5/23/2012,286.4
5/24/2012,287.9
5/25/2012,289.2
5/29/2012,291.8
5/30/2012,283
5/31/2012,281
6/1/2012,280.1
6/4/2012,282.4
6/5/2012,279.7
6/6/2012,284.3
6/7/2012,283.5
6/8/2012,286.6
6/11/2012,286.1
6/12/2012,283.1
6/13/2012,278.8
6/14/2012,276.3
6/15/2012,272.2
6/18/2012,266.5
6/19/2012,273.1
6/20/2012,274.1
6/21/2012,270.6
6/22/2012,274.9
6/25/2012,276
6/26/2012,272.16
6/27/2012,269.54
6/28/2012,271.66
6/29/2012,271.96
7/2/2012,270.9
7/3/2012,272.8
7/5/2012,282.8
7/6/2012,287.9
7/9/2012,292
7/10/2012,285.4
7/11/2012,284.4
7/12/2012,288.5
7/13/2012,291.1
7/16/2012,285.7
7/17/2012,287.6
7/18/2012,284.8
7/19/2012,283.8
7/20/2012,293.8
7/23/2012,294.9
7/24/2012,293.7
7/25/2012,290.9
7/26/2012,282
7/27/2012,286.3
7/30/2012,283.8
7/31/2012,281
8/1/2012,282.2
8/2/2012,286.4
8/3/2012,286.4
8/6/2012,288.8
8/7/2012,289.6
8/8/2012,293.1
8/9/2012,293.2
8/10/2012,303.2
8/13/2012,311.1
8/14/2012,307.8
8/15/2012,315
8/16/2012,308.7
8/17/2012,308.7
8/20/2012,300.7
8/21/2012,295.3
8/22/2012,291.1
8/23/2012,292.5
8/24/2012,291.2
8/27/2012,290.6
8/28/2012,286.18
8/29/2012,285.64
8/30/2012,286.18
8/31/2012,284.02
9/4/2012,278.9
9/5/2012,277.9
9/6/2012,279.4
9/7/2012,275
9/10/2012,273.2
9/11/2012,275.5
9/12/2012,274.5
9/13/2012,274.8
9/14/2012,277.3
9/17/2012,276
9/18/2012,273.1
9/19/2012,274.1
9/20/2012,277.2
9/21/2012,278
9/24/2012,275.4
9/25/2012,272.4
9/26/2012,269.9
9/27/2012,271.2
9/28/2012,279
10/1/2012,284.8
10/2/2012,281.9
10/3/2012,277.5
10/4/2012,274.6
10/5/2012,276.1
10/8/2012,274.5
10/9/2012,272.8
10/10/2012,277.6
10/11/2012,283.4
10/12/2012,284.7
10/15/2012,286.9
10/16/2012,296.6
10/17/2012,303.8
10/18/2012,302.8
10/19/2012,298.2
10/22/2012,297.2
10/23/2012,298.7
10/24/2012,305.4
10/25/2012,302.5
10/26/2012,311.04
10/29/2012,314.7
10/30/2012,316.24
10/31/2012,328.72
11/1/2012,328.6
11/2/2012,321.4
11/5/2012,323.3
11/6/2012,333.3
11/7/2012,328.8
11/8/2012,322.2
11/9/2012,332.2
11/12/2012,327.7
11/13/2012,324
11/14/2012,327
11/15/2012,325.4
11/16/2012,325.5
11/19/2012,330.2
11/20/2012,324.1
11/21/2012,318.6
11/23/2012,318.1
11/26/2012,319.1
11/27/2012,329.1
11/28/2012,339.1
11/29/2012,340.5
11/30/2012,340.1
12/3/2012,334.2
12/4/2012,335.2
12/5/2012,335.6
12/6/2012,345.6
12/7/2012,343.2
12/10/2012,344
12/11/2012,345.9
12/12/2012,347.8
12/13/2012,345
12/14/2012,355
12/17/2012,358.2
12/18/2012,358.7
12/19/2012,358.7
12/20/2012,356.6
12/21/2012,366.6
12/24/2012,376.6
12/26/2012,391.3
12/27/2012,389.12
12/28/2012,382.28
12/31/2012,374.86
1/2/2013,378.6
1/3/2013,374.2
1/4/2013,376
1/7/2013,381.9
1/8/2013,376
1/9/2013,375.2
1/10/2013,379.9
1/11/2013,380.9
1/14/2013,386.9
1/15/2013,376.9
1/16/2013,375.4
1/17/2013,369.4
1/18/2013,362.3
1/22/2013,353.3
1/23/2013,356.8
1/24/2013,360.7
1/25/2013,358.8
1/28/2013,352.7
1/29/2013,352.3
1/30/2013,342.7
1/31/2013,352.7
2/1/2013,362.7
2/4/2013,369
2/5/2013,379
2/6/2013,389
2/7/2013,382.8
2/8/2013,387.8
2/11/2013,384.3
2/12/2013,389.3
2/13/2013,393.9
2/14/2013,395.5
2/15/2013,399.8
2/19/2013,389.8
2/20/2013,383.2
2/21/2013,378
2/22/2013,376.4
2/25/2013,369.76
2/26/2013,376.98
2/27/2013,374.7
2/28/2013,384.7
3/1/2013,395.8
3/4/2013,391.2
3/5/2013,392.4
3/6/2013,389.7
3/7/2013,399.7
3/8/2013,397.1
3/11/2013,394.9
3/12/2013,399.9
3/13/2013,406.8
3/14/2013,406.3
3/15/2013,404.4
3/18/2013,394.4
3/19/2013,386
3/20/2013,387.8
3/21/2013,387.9
3/22/2013,381.9
3/25/2013,382.5
3/26/2013,384.2
3/27/2013,381.2
3/28/2013,391.2
4/1/2013,385.8
4/2/2013,375.9
4/3/2013,376.3
4/4/2013,379.8
4/5/2013,374.1
4/8/2013,377.2
4/9/2013,375.4
4/10/2013,372.2
4/11/2013,373.6
4/12/2013,371.4
4/15/2013,362.4
4/16/2013,366.9
4/17/2013,362.8
4/18/2013,360.9
4/19/2013,360.6
4/22/2013,357.1
4/23/2013,356.5
4/24/2013,354.2
4/25/2013,353.08
4/26/2013,353.92
4/29/2013,350.48
4/30/2013,349.5
5/1/2013,342.7
5/2/2013,341.2
5/3/2013,343.1
5/6/2013,344.2
5/7/2013,338.1
5/8/2013,338.5
5/9/2013,333
5/10/2013,338.3
5/13/2013,337.5
5/14/2013,327.7
5/15/2013,322.7
5/16/2013,314.3
5/17/2013,315.8
5/20/2013,318.5
5/21/2013,311.6
5/22/2013,305.7
5/23/2013,303.3
5/24/2013,297.4
5/28/2013,287.4
5/29/2013,277.4
5/30/2013,291.9
5/31/2013,306.3
6/3/2013,306.8
6/4/2013,298.5
6/5/2013,308.5
6/6/2013,308.8
6/7/2013,308.9
6/10/2013,308.3
6/11/2013,302.6
6/12/2013,292.6
6/13/2013,286.1
6/14/2013,283.6
6/17/2013,282.2
6/18/2013,280.8
6/19/2013,281.5
6/20/2013,286
6/21/2013,288.9
6/24/2013,292
6/25/2013,289.76
6/26/2013,297.38
6/27/2013,303.14
6/28/2013,298.72
7/1/2013,296.3
7/2/2013,297.9
7/3/2013,307.9
7/5/2013,309.5
7/8/2013,302.3
7/9/2013,310.7
7/10/2013,319.2
7/11/2013,317.2
7/12/2013,316
7/15/2013,316
7/16/2013,315.8
7/17/2013,325.8
7/18/2013,331.5
7/19/2013,326.9
7/22/2013,336.9
7/23/2013,326.9
7/24/2013,318
7/25/2013,320.7
7/26/2013,322.7
7/29/2013,327.9
7/30/2013,320.1
7/31/2013,310.5
8/1/2013,308.2
8/2/2013,307.4
8/5/2013,300.4
8/6/2013,300.4
8/7/2013,304.5
8/8/2013,306.1
8/9/2013,308.5
8/12/2013,316.2
8/13/2013,321.1
8/14/2013,324
8/15/2013,323
8/16/2013,318.6
8/19/2013,316.8
8/20/2013,317.4
8/21/2013,314.8
8/22/2013,317
8/23/2013,313.5
8/26/2013,310.4
8/27/2013,305.62
8/28/2013,307.22
8/29/2013,314.9
8/30/2013,319.2
9/3/2013,328.9
9/4/2013,334.8
9/5/2013,330.6
9/6/2013,331.9
9/9/2013,331.5
9/10/2013,329
9/11/2013,327.7
9/12/2013,334.3
9/13/2013,344
9/16/2013,339.3
9/17/2013,341.8
9/18/2013,348.1
9/19/2013,354.3
9/20/2013,354.2
9/23/2013,355.5
9/24/2013,356.9
9/25/2013,348.4
9/26/2013,341.3
9/27/2013,341.8
9/30/2013,344.1
10/1/2013,338.1
10/2/2013,335.7
10/3/2013,334.8
10/4/2013,336.8
10/7/2013,331.4
10/8/2013,334.5
10/9/2013,338.9
10/10/2013,338.6
10/11/2013,331.2
10/14/2013,333.8
10/15/2013,337.6
10/16/2013,343.6
10/17/2013,353
10/18/2013,353.5
10/21/2013,352.1
10/22/2013,356.4
10/23/2013,350.2
10/24/2013,351.4
10/25/2013,361.4
10/28/2013,361.2
10/29/2013,364.88
10/30/2013,369.68
10/31/2013,366.7
11/1/2013,368.1
11/4/2013,373.1
11/5/2013,368.9
11/6/2013,369
11/7/2013,371.3
11/8/2013,374.7
11/11/2013,374.8
11/12/2013,368
11/13/2013,366.9
11/14/2013,359.4
11/15/2013,363.5
11/18/2013,366.9
11/19/2013,363.5
11/20/2013,365.9
11/21/2013,361.8
11/22/2013,359.6
11/25/2013,360.1
11/26/2013,361.4
11/27/2013,361.2
11/29/2013,364.8
12/2/2013,362.8
12/3/2013,353.2
12/4/2013,350.8
12/5/2013,349.5
12/6/2013,344.8
12/9/2013,340.7
12/10/2013,348
12/11/2013,355
12/12/2013,357.6
12/13/2013,365.9
12/16/2013,361.6
12/17/2013,363.1
12/18/2013,371.8
12/19/2013,374
12/20/2013,373.6
12/23/2013,375
12/24/2013,374.7
12/26/2013,376.56
12/27/2013,371.46
12/30/2013,370.84
12/31/2013,367.22
1/2/2014,361.3
1/3/2014,360.7
1/6/2014,357
1/7/2014,359.4
1/8/2014,359.3
1/9/2014,369.3
1/10/2014,368.6
1/13/2014,367.8
1/14/2014,368.8
1/15/2014,365.4
1/16/2014,366.7
1/17/2014,369.8
1/21/2014,366.4
1/22/2014,367.2
1/23/2014,363.9
1/24/2014,357.4
1/27/2014,354.4
1/28/2014,351.2
1/29/2014,351.5
1/30/2014,358.9
1/31/2014,353.8
2/3/2014,349.4
2/4/2014,351.2
2/5/2014,355.1
2/6/2014,352.2
2/7/2014,354.2
2/10/2014,357.9
2/11/2014,359
2/12/2014,354.2
2/13/2014,360.8
2/14/2014,362.4
2/18/2014,361.7
2/19/2014,362.9
2/20/2014,359.9
2/21/2014,363.6
2/24/2014,365.3
2/25/2014,360.44
2/26/2014,353.84
2/27/2014,354.1
2/28/2014,351.76
3/3/2014,357.6
3/4/2014,353.6
3/6/2014,355.7
3/7/2014,358.6
3/11/2014,359.9
3/12/2014,356.3
3/13/2014,350.5
3/14/2014,340.5
3/17/2014,330.5
3/18/2014,333
3/19/2014,337.6
3/20/2014,340.4
3/21/2014,335
3/24/2014,333.4
3/25/2014,330.6
3/26/2014,326.2
3/27/2014,335.5
3/28/2014,334.4
3/31/2014,335.8
4/1/2014,341
4/2/2014,334.6
4/3/2014,328.9
4/4/2014,328.4
4/7/2014,330.7
4/8/2014,328.8
4/9/2014,334.3
4/10/2014,333.2
4/11/2014,328.3
4/14/2014,323.5
4/15/2014,324.2
4/16/2014,328.8
4/17/2014,329.7
4/21/2014,337.9
4/22/2014,335.3
4/23/2014,331.6
4/24/2014,331.9
4/25/2014,334.64
4/28/2014,332.64
4/29/2014,335.02
4/30/2014,332.14
5/1/2014,334.1
5/2/2014,341.5
5/5/2014,342.4
5/6/2014,341.7
5/7/2014,340.8
5/8/2014,342.8
5/9/2014,343
5/12/2014,343.7
5/13/2014,342.1
5/14/2014,339.4
5/15/2014,329.6
5/16/2014,324.2
5/19/2014,325.2
5/20/2014,321
5/21/2014,319.6
5/22/2014,314.9
5/23/2014,317.3
5/27/2014,316.9
5/28/2014,312
5/29/2014,312.1
5/30/2014,312.3
6/2/2014,310.7
6/3/2014,308
6/4/2014,307.8
6/5/2014,306.3
6/6/2014,306.5
6/9/2014,304.6
6/10/2014,299.2
6/11/2014,297
6/12/2014,302.2
6/13/2014,307.8
6/16/2014,313
6/17/2014,313
6/18/2014,313
6/19/2014,321.8
6/20/2014,328.7
6/23/2014,331.6
6/24/2014,331
6/25/2014,334.6
6/26/2014,339.54
6/27/2014,337.02
6/30/2014,335.66
7/1/2014,333
7/2/2014,337.8
7/3/2014,338.1
7/7/2014,337.7
7/8/2014,332.1
7/9/2014,339
7/10/2014,339
7/11/2014,333.9
7/14/2014,337.8
7/15/2014,336.3
7/16/2014,331
7/17/2014,324
7/18/2014,325.9
7/21/2014,326.3
7/22/2014,332.4
7/23/2014,333.4
7/24/2014,325.8
7/25/2014,325.5
7/28/2014,323
7/29/2014,322
7/30/2014,322.3
7/31/2014,324.4
8/1/2014,324.1
8/4/2014,325.9
8/5/2014,330.5
8/6/2014,336.3
8/7/2014,346.3
8/8/2014,344.9
8/11/2014,346
8/12/2014,344.1
8/13/2014,346.7
8/14/2014,344.1
8/15/2014,345.4
8/18/2014,347.1
8/19/2014,352.6
8/20/2014,355
8/21/2014,355.6
8/22/2014,352.5
8/25/2014,355.3
8/26/2014,348.68
8/27/2014,345.86
8/28/2014,344.42
8/29/2014,344.8
9/2/2014,346.3
9/3/2014,348
9/4/2014,340.1
9/5/2014,332.1
9/8/2014,334.4
9/9/2014,337.8
9/10/2014,334.7
9/11/2014,336.9
9/12/2014,336.6
9/15/2014,338.6
9/16/2014,336
9/17/2014,329
9/18/2014,329.9
9/19/2014,329
9/22/2014,326.6
9/23/2014,332
9/24/2014,330.2
9/25/2014,326
9/26/2014,327.2
9/29/2014,328.9
9/30/2014,332.9
10/1/2014,337.8
10/2/2014,347.8
10/3/2014,349.2
10/6/2014,350.2
10/7/2014,347.3
10/8/2014,346.1
10/9/2014,345.3
10/10/2014,342.7
10/13/2014,342.2
10/14/2014,342.5
10/15/2014,336.2
10/16/2014,335.1
10/17/2014,334.6
10/20/2014,330.9
10/21/2014,329.6
10/22/2014,328.7
10/23/2014,329.6
10/24/2014,336.6
10/27/2014,334.1
10/28/2014,326.8
10/29/2014,321.32
10/30/2014,323
10/31/2014,323.88
11/3/2014,324.5
11/4/2014,322.1
11/5/2014,324.4
11/6/2014,325.9
11/7/2014,322.9
11/10/2014,323.4
11/11/2014,322.6
11/12/2014,322.6
11/13/2014,323.5
11/14/2014,319.9
11/17/2014,315.9
11/18/2014,318.7
11/19/2014,317.8
11/20/2014,327.4
11/21/2014,333
11/24/2014,334.7
11/25/2014,330
11/26/2014,328.8
11/28/2014,327.7
12/1/2014,326.6
12/2/2014,328.9
12/3/2014,331.2
12/4/2014,333.5
12/5/2014,339
12/8/2014,341.6
12/9/2014,333.9
12/10/2014,331.8
12/12/2014,340.3
12/15/2014,336.6
12/16/2014,333.5
12/17/2014,336.1
12/18/2014,339.7
12/19/2014,340.6
12/22/2014,339.1
12/23/2014,337.58
12/24/2014,337.78
12/26/2014,337.24
12/31/2014,328.78
1/2/2015,327.6
1/5/2015,325.6
1/6/2015,317.4
1/7/2015,322.7
1/8/2015,320.2
1/9/2015,319
1/12/2015,316.8
1/13/2015,315.2
1/14/2015,315
1/15/2015,314.5
1/16/2015,311.9
1/20/2015,302.9
1/21/2015,308.7
1/22/2015,305.8
1/23/2015,311.5
1/26/2015,316.3
1/27/2015,311.7
1/29/2015,321.8
1/30/2015,321.8
2/2/2015,312.2
2/3/2015,313.7
2/4/2015,309.6
2/5/2015,311.9
2/6/2015,315.5
2/9/2015,320.8
2/10/2015,317.8
2/11/2015,313.8
2/12/2015,310.9
2/13/2015,312.2
2/17/2015,306.3
2/18/2015,303
2/19/2015,301.3
2/20/2015,303.5
2/23/2015,303.2
2/24/2015,294.2
2/25/2015,288.44
2/26/2015,292.2
2/27/2015,295.28
3/2/2015,296.3
3/3/2015,292.6
3/4/2015,289.2
3/5/2015,286.8
3/6/2015,281.8
3/9/2015,286.6
3/10/2015,285
3/11/2015,281.6
3/12/2015,279.4
3/13/2015,274
3/16/2015,269.5
3/17/2015,273.1
3/18/2015,278.7
3/19/2015,280.2
3/20/2015,280.8
3/23/2015,275.8
3/24/2015,285.8
3/25/2015,287.6
3/26/2015,286
3/27/2015,282.6
3/30/2015,279.3
3/31/2015,278.2
4/1/2015,273
4/2/2015,276.6
4/6/2015,271.7
4/7/2015,268.9
4/8/2015,268.4
4/9/2015,269.9
4/10/2015,266.8
4/13/2015,259.6
4/14/2015,250.6
4/15/2015,259.7
4/16/2015,255.3
4/17/2015,248
4/20/2015,248.4
4/21/2015,242.9
4/22/2015,252.9
4/23/2015,252.7
4/24/2015,258.5
4/27/2015,255.44
4/28/2015,249.98
4/29/2015,250.36
4/30/2015,254.3
5/1/2015,258.8
5/4/2015,251.1
5/5/2015,248
5/6/2015,250.1
5/7/2015,245
5/8/2015,243
5/11/2015,246
5/12/2015,243
5/13/2015,246.8
5/14/2015,256.3
5/15/2015,252.2
5/18/2015,257.7
5/19/2015,262.5
5/20/2015,272
5/21/2015,269.6
5/22/2015,273.8
5/26/2015,276.2
5/27/2015,274.4
5/28/2015,272.5
5/29/2015,274.1
6/1/2015,266.2
6/2/2015,265.4
6/3/2015,275.4
6/4/2015,283.5
6/5/2015,291.2
6/8/2015,293.1
6/9/2015,289.3
6/10/2015,296.7
6/11/2015,291.3
6/12/2015,296.1
6/15/2015,296.4
6/16/2015,293.1
6/17/2015,298.7
6/18/2015,298.1
6/19/2015,298.6
6/22/2015,294.1
6/23/2015,289.3
6/24/2015,288.9
6/25/2015,292.32
6/26/2015,291.76
6/29/2015,291
6/30/2015,285.9
7/1/2015,284.7
7/2/2015,285.7
7/6/2015,284.9
7/7/2015,282.3
7/8/2015,283.2
7/9/2015,289.5
7/10/2015,293.2
7/14/2015,287
7/15/2015,284.4
7/16/2015,280.5
7/17/2015,278.2
7/20/2015,272.6
7/21/2015,266.5
7/22/2015,265.1
7/23/2015,269.4
7/24/2015,266.7
7/27/2015,257.7
7/28/2015,256.1
7/29/2015,251.6
7/30/2015,251.8
7/31/2015,252.1
8/3/2015,260.3
8/4/2015,258.7
8/5/2015,261.3
8/6/2015,260.8
8/7/2015,259
8/10/2015,259.1
8/11/2015,250.1
8/12/2015,253.2
8/13/2015,255.9
8/14/2015,252.7
8/17/2015,251.1
8/18/2015,250.6
8/19/2015,256.1
8/20/2015,255.4
8/21/2015,245.4
8/24/2015,240.1
8/25/2015,245.1
8/26/2015,238.54
8/27/2015,239.94
8/28/2015,229.6
8/31/2015,224.92
9/1/2015,223.7
9/2/2015,223.6
9/3/2015,225.9
9/4/2015,228.4
9/8/2015,228.5
9/9/2015,232.2
9/10/2015,242.1
9/11/2015,248.2
9/14/2015,248.2
9/15/2015,239.3
9/16/2015,242.5
9/17/2015,234.3
9/18/2015,231.8
9/21/2015,228.7
9/22/2015,224.2
9/23/2015,217.3
9/24/2015,216.9
9/25/2015,216.6
9/28/2015,216.2
9/29/2015,220.4
9/30/2015,229.2
10/1/2015,224.6
10/2/2015,221.4
10/5/2015,224.3
10/6/2015,232.2
10/7/2015,235.4
10/8/2015,237.5
10/9/2015,244.4
10/12/2015,254.4
10/13/2015,258.6
10/14/2015,257
10/15/2015,261.7
10/16/2015,258.1
10/19/2015,263.1
10/20/2015,260
10/21/2015,262.5
10/22/2015,258.9
10/23/2015,261
10/26/2015,257
10/27/2015,255
10/28/2015,257.36
10/29/2015,255.28
10/30/2015,251.94
11/2/2015,246.1
11/3/2015,244.5
11/4/2015,241
11/5/2015,246.6
11/6/2015,246.7
11/9/2015,245.3
11/10/2015,249
11/11/2015,252.2
11/12/2015,248.6
11/13/2015,243.1
11/16/2015,242.1
11/17/2015,239.2
11/18/2015,238.7
11/19/2015,243.3
11/20/2015,252.4
11/23/2015,249.7
11/24/2015,248.6
11/25/2015,250
11/27/2015,247.4
11/30/2015,245.8
12/1/2015,241.7
12/2/2015,240.8
12/3/2015,244.9
12/4/2015,252.1
12/7/2015,262.1
12/8/2015,267.4
12/9/2015,264.8
12/10/2015,263.7
12/11/2015,260.8
12/14/2015,257.4
12/15/2015,255.9
12/16/2015,260
12/17/2015,260
12/18/2015,267.4
12/21/2015,269.5
12/22/2015,268.6
12/23/2015,267.6
12/24/2015,266.6
12/28/2015,259.5
12/29/2015,255.78
12/30/2015,256
12/31/2015,256.4
1/4/2016,253
1/5/2016,255.9
1/6/2016,254.3
1/7/2016,246.1
1/8/2016,247.1
1/11/2016,245
1/12/2016,245
1/13/2016,247.6
1/14/2016,248.6
1/15/2016,245.8
1/19/2016,248.4
1/20/2016,238.4
1/21/2016,239.3
1/22/2016,234.4
1/25/2016,233.3
1/26/2016,236.2
1/27/2016,242.7
1/28/2016,241.6
1/29/2016,240.4
2/1/2016,240.9
2/2/2016,248.7
2/3/2016,251.9
2/4/2016,250.4
2/5/2016,252.8
2/8/2016,251.4
2/9/2016,250.7
2/10/2016,248.6
2/11/2016,245.9
2/12/2016,246.5
2/16/2016,249.3
2/17/2016,253.3
2/18/2016,263.1
2/19/2016,262.6
2/22/2016,264.2
2/23/2016,261.7
2/24/2016,258.68
2/25/2016,257.56
2/26/2016,253.32
2/29/2016,253.36
3/1/2016,252.3
3/2/2016,254.6
3/3/2016,264.6
3/4/2016,274.6
3/7/2016,281.6
3/8/2016,282.8
3/9/2016,279.6
3/10/2016,281.6
3/11/2016,291.6
3/14/2016,289.2
3/15/2016,287
3/16/2016,297
3/17/2016,300.3
3/18/2016,297.1
3/21/2016,307.1
3/22/2016,311
3/23/2016,303.5
3/24/2016,299
3/28/2016,309
3/29/2016,312.9
3/30/2016,312.3
3/31/2016,310.7
4/1/2016,300.7
4/4/2016,292.6
4/5/2016,288.7
4/6/2016,293.8
4/7/2016,293.3
4/8/2016,290.5
4/11/2016,291.2
4/12/2016,296.7
4/13/2016,293
4/14/2016,287.9
4/15/2016,280.5
4/18/2016,276.2
4/19/2016,282.7
4/20/2016,282.6
4/21/2016,279.9
4/22/2016,281.4
4/25/2016,286.9
4/26/2016,288.04
4/27/2016,299.88
4/28/2016,305.72
4/29/2016,303.36
5/2/2016,302.9
5/3/2016,297.5
5/4/2016,298.9
5/5/2016,302.3
5/6/2016,303.9
5/9/2016,313.9
5/10/2016,321.5
5/11/2016,321.2
5/12/2016,322.1
5/13/2016,320.5
5/16/2016,328
5/17/2016,323.8
5/18/2016,318.9
5/19/2016,309.4
5/20/2016,307.3
5/23/2016,298.1
5/24/2016,301
5/25/2016,302.9
5/26/2016,308.5
5/27/2016,309.3
5/31/2016,303.4
6/1/2016,296.5
6/2/2016,296.8
6/3/2016,301.8
6/6/2016,306.1
6/7/2016,298.9
6/8/2016,292.7
6/9/2016,302.7
6/10/2016,306.1
6/13/2016,302.1
6/14/2016,297.4
6/15/2016,297.9
6/16/2016,301.8
6/17/2016,298
6/20/2016,299.8
6/21/2016,298.8
6/22/2016,299.4
6/23/2016,301.3
6/24/2016,295.5
6/27/2016,295.32
6/28/2016,300.74
6/29/2016,306.26
6/30/2016,306.94
7/1/2016,315
7/5/2016,322.8
7/6/2016,321.6
7/7/2016,318.8
7/8/2016,319.2
7/11/2016,322.2
7/12/2016,324.5
7/13/2016,327.1
7/14/2016,333.3
7/15/2016,336.2
7/18/2016,328.3
7/19/2016,325.7
7/20/2016,327.6
7/21/2016,329.9
7/22/2016,329.1
7/25/2016,329.7
7/26/2016,330.2
7/27/2016,328.3
7/28/2016,325.7
7/29/2016,318.4
8/1/2016,314.4
8/2/2016,314.9
8/3/2016,315
8/4/2016,317.1
8/5/2016,322.6
8/8/2016,322.2
8/9/2016,332.2
8/10/2016,330.7
8/11/2016,322.6
8/12/2016,324.1
8/15/2016,324.6
8/16/2016,323.3
8/17/2016,323
8/18/2016,320.3
8/19/2016,322.3
8/22/2016,323.2
8/23/2016,325
8/24/2016,318.9
8/25/2016,316.9
8/26/2016,319.46
8/29/2016,316.7
8/30/2016,316.84
8/31/2016,317.82
9/1/2016,311.1
9/2/2016,305.8
9/6/2016,313.6
9/7/2016,311.4
9/8/2016,308.2
9/9/2016,309.4
9/12/2016,311.4
9/13/2016,307.8
9/14/2016,307.6
9/15/2016,301
9/16/2016,303.9
9/19/2016,305.6
9/20/2016,306.3
9/21/2016,315.4
9/22/2016,325.4
9/23/2016,327.1
9/26/2016,327.1
9/27/2016,326.2
9/28/2016,325.6
9/29/2016,330.1
9/30/2016,336.4
10/3/2016,334.9
10/4/2016,330.3
10/5/2016,331.7
10/6/2016,336
10/7/2016,343.1
10/10/2016,342.3
10/11/2016,332.3
10/12/2016,334.6
10/13/2016,328
10/14/2016,323.4
10/17/2016,315
10/18/2016,310.7
10/19/2016,315.1
10/20/2016,309.6
10/21/2016,308
10/24/2016,307.1
10/25/2016,307.1
10/26/2016,309.1
10/27/2016,309.1
10/28/2016,306.66
10/31/2016,307
11/1/2016,308.3
11/2/2016,308.5
11/3/2016,311.1
11/4/2016,312.2
11/7/2016,311.9
11/8/2016,311.2
11/9/2016,316
11/10/2016,316.7
11/11/2016,319.8
11/14/2016,313.4
11/15/2016,312.9
11/16/2016,315.6
11/17/2016,323.1
11/18/2016,320.7
11/21/2016,321.5
11/22/2016,322.5
11/23/2016,324.4
11/25/2016,334.4
11/28/2016,337.9
11/29/2016,330.3
11/30/2016,329.8
12/1/2016,331.1
12/2/2016,337.2
12/5/2016,332.9
12/6/2016,331.4
12/7/2016,328.7
12/8/2016,322.8
12/9/2016,317.3
12/12/2016,316.3
12/13/2016,315.5
12/14/2016,316
12/15/2016,313.5
12/16/2016,309.3
12/19/2016,306.4
12/20/2016,310.9
12/21/2016,308.8
12/22/2016,308.1
12/23/2016,307.7
12/27/2016,307.58
12/28/2016,315
12/29/2016,319.38
12/30/2016,326.84
1/3/2017,329.1
1/4/2017,327.9
1/5/2017,328.6
1/6/2017,328.2
1/9/2017,322.1
1/10/2017,322.6
1/11/2017,328.8
1/12/2017,326.8
1/13/2017,333.3
1/17/2017,334.7
1/18/2017,326.8
1/19/2017,325.6
1/20/2017,325.5
1/23/2017,321.5
1/24/2017,320.8
1/25/2017,328.7
1/26/2017,332
1/27/2017,328.4
1/30/2017,324.2
1/31/2017,330
2/1/2017,337.9
2/2/2017,347.9
2/3/2017,350.6
2/6/2017,360.1
2/7/2017,361.9
2/8/2017,371.9
2/9/2017,375.4
2/10/2017,370.5
2/13/2017,365.4
2/14/2017,365.4
2/15/2017,365.7
2/16/2017,361.3
2/17/2017,363.3
2/21/2017,361.3
2/22/2017,363.7
2/23/2017,365.42
2/24/2017,372.34
2/27/2017,382.5
2/28/2017,376.32
3/1/2017,374.9
3/2/2017,370.4
3/3/2017,370.6
3/6/2017,371.6
3/7/2017,374.4
3/8/2017,369.6
3/9/2017,361.5
3/10/2017,362.5
3/13/2017,359.7
3/14/2017,359.5
3/15/2017,365.5
3/16/2017,363.5
3/17/2017,361.8
3/20/2017,371
3/21/2017,370.2
3/22/2017,373.3
3/23/2017,376.7
3/24/2017,376.6
3/27/2017,372.6
3/28/2017,369.2
3/29/2017,369.2
3/30/2017,375.4
3/31/2017,381.4
4/3/2017,374
4/4/2017,373.1
4/5/2017,379.6
4/6/2017,389.6
4/7/2017,399.6
4/10/2017,393.8
4/11/2017,403.5
4/12/2017,393.5
4/13/2017,385
4/17/2017,386.7
4/18/2017,385
4/19/2017,387.4
4/20/2017,388.8
4/21/2017,398.5
4/24/2017,395.1
4/25/2017,386.66
4/26/2017,380.32
4/27/2017,382.68
4/28/2017,384.84
5/1/2017,392.2
5/2/2017,390.8
5/3/2017,390.1
5/4/2017,395.1
5/5/2017,388.8
5/8/2017,387.5
5/9/2017,384.4
5/10/2017,374.4
5/11/2017,372.6
5/12/2017,364.2
5/15/2017,373.4
5/16/2017,371.7
5/17/2017,373.7
5/18/2017,367.7
5/19/2017,363
5/22/2017,363.3
5/23/2017,362.7
5/24/2017,361.6
5/25/2017,353
5/26/2017,354.2
5/30/2017,346.8
5/31/2017,345.1
6/1/2017,353.2
6/2/2017,353.5
6/5/2017,351.6
6/6/2017,355
6/7/2017,357.9
6/8/2017,363.6
6/9/2017,364.4
6/12/2017,370.2
6/13/2017,368.9
6/14/2017,368
6/15/2017,365.5
6/16/2017,363.4
6/19/2017,368.2
6/20/2017,363.6
6/21/2017,360.1
6/22/2017,363
6/23/2017,363.7
6/26/2017,360.9
6/27/2017,349.78
6/28/2017,352.28
6/29/2017,357.9
6/30/2017,358.06
7/3/2017,357.7
7/5/2017,354.4
7/6/2017,352.8
7/7/2017,352.8
7/10/2017,360.2
7/11/2017,369.1
7/12/2017,371.2
7/13/2017,367.4
7/14/2017,377.3
7/17/2017,387.3
7/18/2017,385.5
7/19/2017,388.8
7/20/2017,388.6
7/21/2017,386.7
7/24/2017,378.9
7/25/2017,377.2
7/26/2017,377.5
7/27/2017,381.4
7/28/2017,377.7
7/31/2017,378.3
8/1/2017,380.9
8/2/2017,384.7
8/3/2017,383.8
8/4/2017,373.8
8/7/2017,367.6
8/8/2017,368
8/9/2017,368
8/10/2017,365.5
8/11/2017,365.4
8/14/2017,370.3
8/15/2017,373.6
8/16/2017,370.3
8/17/2017,371.3
8/18/2017,366.3
8/21/2017,365.3
8/22/2017,367.6
8/23/2017,365.9
8/24/2017,373.9
8/25/2017,372
8/28/2017,377.46
8/29/2017,370.46
8/30/2017,371.78
8/31/2017,374.58
9/1/2017,374.2
9/5/2017,384.2
9/6/2017,379.3
9/7/2017,382.9
9/8/2017,388.1
9/11/2017,378.1
9/12/2017,376.1
9/13/2017,378.9
9/14/2017,378.9
9/15/2017,379.2
9/18/2017,379.2
9/19/2017,381.8
9/20/2017,390
9/21/2017,388.4
9/22/2017,393.1
9/25/2017,390
9/26/2017,388.9
9/27/2017,393.5
9/28/2017,402.4
9/29/2017,402.2
10/2/2017,406.8
10/3/2017,410.4
10/4/2017,408.8
10/5/2017,408.9
10/6/2017,412.1
10/9/2017,413.7
10/10/2017,407.3
10/11/2017,409.2
10/12/2017,417.2
10/13/2017,424.3
10/16/2017,429.8
10/17/2017,428.5
10/18/2017,423.7
10/19/2017,426.7
10/20/2017,427.5
10/23/2017,435.6
10/24/2017,440.6
10/25/2017,439.7
10/26/2017,439.78
10/27/2017,448.22
10/30/2017,442.58
10/31/2017,446.88
11/1/2017,453.6
11/2/2017,443.6
11/3/2017,439.6
11/6/2017,449.6
11/7/2017,457.1
11/8/2017,455.8
11/9/2017,455.4
11/10/2017,459.6
11/13/2017,456.3
11/14/2017,452.5
11/15/2017,449.4
11/16/2017,449.7
11/17/2017,439.7
11/20/2017,429.7
11/21/2017,431.3
11/22/2017,427.5
11/24/2017,420.7
11/27/2017,416.2
11/28/2017,426.2
11/29/2017,421.8
11/30/2017,427.7
12/1/2017,435.4
12/4/2017,432.5
12/5/2017,422.5
12/6/2017,424.4
12/7/2017,425.9
12/8/2017,429.7
12/11/2017,429.9
12/12/2017,423.5
12/13/2017,421.1
12/14/2017,430.7
12/15/2017,431.9
12/18/2017,434.9
12/19/2017,431.2
12/20/2017,430.6
12/21/2017,440.6
12/22/2017,450.6
12/26/2017,450.48
12/27/2017,448.12
12/28/2017,445.3
12/29/2017,443.12
1/2/2018,449.5
1/3/2018,452.6
1/4/2018,454.1
1/5/2018,459.1
1/8/2018,459.9
1/9/2018,456.7
1/10/2018,460.7
1/11/2018,463.8
1/12/2018,466.1
1/16/2018,474.7
1/17/2018,476.4
1/18/2018,479.5
1/19/2018,480
1/22/2018,474.8
1/23/2018,471.9
1/24/2018,472.9
1/25/2018,478
1/26/2018,487.3
1/29/2018,477.8
1/30/2018,467.8
1/31/2018,470.9
2/1/2018,475.1
2/2/2018,483.7
2/5/2018,477.9
2/6/2018,484
2/7/2018,493.7
2/8/2018,491.9
2/9/2018,483
2/12/2018,485.5
2/13/2018,491.5
2/14/2018,500.6
2/15/2018,500.7
2/16/2018,507.8
2/20/2018,516.8
2/21/2018,526.4
2/22/2018,522.7
2/23/2018,524.52
2/26/2018,519.84
2/27/2018,516.22
2/28/2018,504.68
3/1/2018,491.7
3/2/2018,483.8
3/5/2018,479.5
3/6/2018,488.6
3/7/2018,478.6
3/8/2018,477
3/9/2018,483.4
3/12/2018,486.4
3/13/2018,485.2
3/14/2018,484.4
3/15/2018,494.4
3/16/2018,489.1
3/19/2018,486.6
3/20/2018,489.7
3/21/2018,482.8
3/22/2018,484.8
3/23/2018,487.6
3/26/2018,497.1
3/27/2018,507
3/28/2018,507.1
3/29/2018,515.7
4/2/2018,512.7
4/3/2018,516.4
4/4/2018,526.4
4/5/2018,536.4
4/6/2018,536.2
4/9/2018,534.2
4/10/2018,533.1
4/11/2018,523.1
4/12/2018,524.3
4/13/2018,526.8
4/16/2018,535.8
4/17/2018,542.1
4/18/2018,550.7
4/19/2018,552.2
4/20/2018,548.6
4/23/2018,546.7
4/24/2018,556.6
4/25/2018,554.04
4/26/2018,559.22
4/27/2018,563.26
4/30/2018,565.12
5/1/2018,572.1
5/2/2018,575.1
5/3/2018,566.5
5/4/2018,576.5
5/7/2018,586.5
5/8/2018,592.4
5/9/2018,591.2
5/10/2018,592.7
5/11/2018,602.7
5/14/2018,612.7
5/15/2018,619
5/16/2018,629
5/17/2018,639
5/18/2018,624
5/21/2018,609
5/22/2018,594
5/23/2018,579.3
5/24/2018,589.3
5/25/2018,599.3
5/29/2018,609.1
5/30/2018,599.1
5/31/2018,597.1
6/1/2018,593.6
6/4/2018,588.4
6/5/2018,588.8
6/6/2018,592.7
6/7/2018,599.5
6/8/2018,589.6
6/11/2018,579.6
6/12/2018,569.6
6/13/2018,554.6
6/14/2018,566.3
6/15/2018,558.2
6/18/2018,543.2
6/19/2018,528.2
6/20/2018,532
6/21/2018,547
6/22/2018,560.1
6/25/2018,564.1
6/26/2018,559.88
6/27/2018,546.58
6/28/2018,547.68
6/29/2018,555.86
7/2/2018,557.5
7/3/2018,545.2
7/5/2018,541
7/6/2018,538.3
7/9/2018,530
7/10/2018,532.3
7/11/2018,521.8
7/12/2018,520.1
7/13/2018,520.7
7/16/2018,519.6
7/17/2018,514.9
7/18/2018,499.9
7/19/2018,484.9
7/20/2018,485.8
7/23/2018,477.3
7/24/2018,488.5
7/25/2018,493.3
7/26/2018,478.3
7/27/2018,463.3
7/30/2018,445.5
7/31/2018,455.4
8/1/2018,440.4
8/2/2018,425.4
8/3/2018,430.5
8/6/2018,422.7
8/7/2018,426.4
8/8/2018,411.4
8/9/2018,410.7
8/10/2018,414.9
8/13/2018,429.9
8/14/2018,444.9
8/15/2018,442.5
8/16/2018,457.5
8/17/2018,472.5
8/20/2018,475.8
8/21/2018,467.9
8/22/2018,458.6
8/23/2018,443.6
8/24/2018,441.8
8/27/2018,437.6
8/28/2018,441.76
8/29/2018,426.1
8/30/2018,413.4
8/31/2018,416.96
9/4/2018,419
9/5/2018,412.4
9/6/2018,397.5
9/7/2018,382.5
9/10/2018,383.3
9/11/2018,382.5
9/12/2018,373.9
9/13/2018,378.5
9/14/2018,370
9/17/2018,363.1
9/18/2018,348.1
9/19/2018,347.2
9/20/2018,345
9/21/2018,340.3
9/24/2018,339.6
9/25/2018,336.9
9/26/2018,351
9/27/2018,359.4
9/28/2018,344.4
10/1/2018,337.4
10/2/2018,346.3
10/3/2018,353.6
10/4/2018,361.4
10/5/2018,350.3
10/8/2018,353.5
10/9/2018,349
10/10/2018,339.2
10/11/2018,324.2
10/12/2018,320.1
10/15/2018,325.2
10/16/2018,339.9
10/17/2018,333.7
10/18/2018,321.6
10/19/2018,325.9
10/22/2018,318.4
10/23/2018,313.3
10/24/2018,304.3
10/25/2018,309.7
10/26/2018,307.52
10/29/2018,305.52
10/30/2018,303.76
10/31/2018,311.1
11/1/2018,326
11/2/2018,341
11/5/2018,344.4
11/6/2018,350.3
11/7/2018,340.8
11/8/2018,349.5
11/9/2018,358.4
11/12/2018,353
11/13/2018,341.3
11/14/2018,356.3
11/15/2018,366.4
11/16/2018,351.4
11/19/2018,358.5
11/20/2018,356
11/21/2018,365.7
11/23/2018,362.3
11/26/2018,355.7
11/27/2018,346.2
11/28/2018,336.7
11/29/2018,329.7
11/30/2018,323.9
12/3/2018,334.8
12/4/2018,328.1
12/5/2018,321.8
12/6/2018,319.5
12/7/2018,331.9
12/10/2018,317.1
12/11/2018,316.4
12/12/2018,322.2
12/13/2018,323.2
12/14/2018,321.6
12/17/2018,320.7
12/18/2018,325.3
12/19/2018,335.8
12/20/2018,334.8
12/21/2018,335.2
12/24/2018,335.3
12/26/2018,333.16
12/27/2018,334.18
12/28/2018,333
12/31/2018,336.1
1/2/2019,333.2
1/3/2019,329.5
1/4/2019,329.9
1/7/2019,330.8
1/8/2019,340.2
1/9/2019,336.3
1/10/2019,346.4
1/11/2019,343.2
1/14/2019,338.4
1/15/2019,353.4
1/16/2019,361.5
1/17/2019,359.4
1/18/2019,354.9
1/22/2019,363.4
1/23/2019,366.1
1/24/2019,381.1
1/25/2019,381.5
1/28/2019,389.7
1/29/2019,401.5
1/30/2019,416.5
1/31/2019,416.2
2/1/2019,419.2
2/4/2019,423.9
2/5/2019,438.9
2/6/2019,439.5
2/7/2019,424.5
2/8/2019,419.1
2/11/2019,404.1
2/12/2019,401.4
2/13/2019,416.4
2/14/2019,423.3
2/15/2019,408.3
2/19/2019,397.4
2/20/2019,389
2/21/2019,398.2
2/22/2019,396.9
2/25/2019,395.8
2/26/2019,390.5
2/27/2019,389.84
2/28/2019,390.24
3/1/2019,382.4
3/4/2019,367.4
3/5/2019,360.1
3/6/2019,370.5
3/7/2019,381.8
3/8/2019,396.8
3/11/2019,411.8
3/12/2019,399.3
3/13/2019,395.8
3/14/2019,386.8
3/15/2019,390.2
3/18/2019,390.6
3/19/2019,385.5
3/20/2019,381.1
3/21/2019,378.4
3/22/2019,368.3
3/25/2019,363
3/26/2019,369.2
3/27/2019,366.6
3/28/2019,374.9
3/29/2019,360.2
4/1/2019,365.7
4/2/2019,359.9
4/3/2019,365.2
4/4/2019,360.3
4/5/2019,352.8
4/8/2019,345.5
4/9/2019,340
4/10/2019,342.4
4/11/2019,340.3
4/12/2019,348.7
4/15/2019,348
4/16/2019,335.8
4/17/2019,338.9
4/18/2019,335.7
4/22/2019,323.6
4/23/2019,314.9
4/24/2019,328.5
4/25/2019,343
4/26/2019,349.98
4/29/2019,341.62
4/30/2019,343.2
5/1/2019,338
5/2/2019,348.5
5/3/2019,349.3
5/6/2019,347.9
5/7/2019,341.8
5/8/2019,346.1
5/9/2019,358.5
5/10/2019,358.5
5/13/2019,343.5
5/14/2019,335.9
5/15/2019,326.2
5/16/2019,328.1
5/17/2019,324
5/20/2019,313.6
5/21/2019,317.9
5/22/2019,319
5/23/2019,323.7
5/24/2019,326.5
5/28/2019,307.5
5/29/2019,316.2
5/30/2019,309.3
5/31/2019,305.5
6/3/2019,301.8
6/4/2019,316.4
6/5/2019,311.6
6/6/2019,314.4
6/7/2019,315.8
6/10/2019,324.3
6/11/2019,343.3
6/12/2019,354.8
6/13/2019,373.8
6/14/2019,386
6/17/2019,392.3
6/18/2019,410
6/19/2019,391
6/20/2019,386.3
6/21/2019,405.3
6/24/2019,398.2
6/25/2019,395.8
6/26/2019,385.16
6/27/2019,379.66
6/28/2019,375.86
7/1/2019,394.1
7/2/2019,391.1
7/3/2019,383.2
7/5/2019,383.9
7/8/2019,377.2
7/9/2019,368.7
7/10/2019,367
7/11/2019,355.8
7/12/2019,348.6
7/15/2019,336.6
7/16/2019,332.4
7/17/2019,327.1
7/18/2019,334.7
7/19/2019,353.7
7/22/2019,344
7/23/2019,332.7
7/24/2019,343.5
7/25/2019,340.1
7/26/2019,333.7
7/29/2019,335.8
7/30/2019,349
7/31/2019,343.9
8/1/2019,362.9
8/2/2019,368
8/5/2019,358
8/6/2019,369.6
8/7/2019,358
8/8/2019,363.6
8/9/2019,348.9
8/12/2019,342.8
8/13/2019,354.2
8/14/2019,348.1
8/15/2019,354.2
8/16/2019,362.9
8/19/2019,371.9
8/20/2019,366.2
8/21/2019,369.1
8/22/2019,359.3
8/23/2019,359.9
8/26/2019,363.3
8/27/2019,367.46
8/28/2019,377.42
8/29/2019,372
8/30/2019,371.7
9/3/2019,368.9
9/4/2019,362.3
9/5/2019,358.8
9/6/2019,353.6
9/9/2019,353
9/10/2019,372
9/11/2019,380.6
9/12/2019,380.5
9/13/2019,378.5
9/16/2019,367.6
9/17/2019,376.3
9/18/2019,382
9/19/2019,378.3
9/20/2019,383.8
9/23/2019,387.2
9/24/2019,373
9/25/2019,369.2
9/26/2019,372
9/27/2019,371.6
9/30/2019,367.1
10/1/2019,361.7
10/2/2019,359.8
10/3/2019,364.2
10/4/2019,365.7
10/7/2019,368.7
10/8/2019,362
10/9/2019,366.3
10/10/2019,363
10/11/2019,369.4
10/14/2019,380.5
10/15/2019,372.7
10/16/2019,379.9
10/17/2019,389.6
10/18/2019,385.6
10/21/2019,397.6
10/22/2019,395.8
10/23/2019,400.6
10/24/2019,402.1
10/25/2019,403.3
10/28/2019,400.58
10/29/2019,405.56
10/30/2019,402.26
10/31/2019,403.88
11/1/2019,412.8
11/4/2019,417.4
11/5/2019,405.1
11/6/2019,396
11/7/2019,393.3
11/8/2019,393
11/11/2019,391.7
11/12/2019,384.8
11/13/2019,387.9
11/14/2019,398.7
11/15/2019,396.4
11/18/2019,413
11/19/2019,413.4
11/20/2019,402.7
11/21/2019,408.2
11/22/2019,410.4
11/25/2019,421.3
11/26/2019,412.9
11/27/2019,416.1
11/29/2019,416.6
12/2/2019,409
12/3/2019,397.8
12/4/2019,400.7
12/5/2019,405.3
12/6/2019,406.1
12/9/2019,399.4
12/10/2019,392.7
12/11/2019,396.6
12/12/2019,397.8
12/13/2019,404.6
12/16/2019,410.8
12/17/2019,406.4
12/18/2019,406.8
12/19/2019,417.2
12/20/2019,413.3
12/23/2019,408.6
12/24/2019,406.8
12/26/2019,409.42
12/27/2019,416.62
12/30/2019,418.36
12/31/2019,422.02
1/2/2020,431.8
1/3/2020,427.6
1/6/2020,420.5
1/7/2020,418.3
1/8/2020,422.9
1/9/2020,416
1/10/2020,416.2
1/13/2020,422.6
1/14/2020,420.4
1/15/2020,426.5
1/16/2020,428.8
1/17/2020,430
1/21/2020,424.7
1/22/2020,425.2
1/23/2020,426
1/24/2020,426.2
1/27/2020,420.8
1/28/2020,427.1
1/29/2020,428
1/30/2020,436.1
1/31/2020,435.5
2/3/2020,422.8
2/4/2020,412.7
2/5/2020,428.3
2/6/2020,433.2
2/7/2020,440.2
2/10/2020,446
2/11/2020,451.4
2/12/2020,454.5
2/13/2020,455.1
2/14/2020,449.3
2/18/2020,446.1
2/19/2020,460.3
2/20/2020,463
2/21/2020,460.1
2/24/2020,443.1
2/25/2020,438.6
2/26/2020,434.5
2/27/2020,421.6
2/28/2020,408.6
3/2/2020,423
3/3/2020,406.3
3/4/2020,410.8
3/5/2020,401.7
3/6/2020,383.7
3/9/2020,356.7
3/10/2020,364.8
3/11/2020,349
3/12/2020,331
3/13/2020,343
3/16/2020,325
3/17/2020,310
3/18/2020,303.4
3/19/2020,319.8
3/20/2020,322.3
3/23/2020,320.2
3/24/2020,321.5
3/25/2020,311.6
3/26/2020,320.8
3/27/2020,311.3
3/30/2020,296.5
3/31/2020,278.5
4/1/2020,259.8
4/2/2020,264.1
4/3/2020,264
4/6/2020,282
4/7/2020,307.4
4/8/2020,304.1
4/9/2020,322.1
4/13/2020,333.7
4/14/2020,331
4/15/2020,324
4/16/2020,332.6
4/17/2020,341.7
4/20/2020,328.5
4/21/2020,317.5
4/22/2020,329.4
4/23/2020,325.2
4/24/2020,322.3
4/27/2020,314.16
4/28/2020,323.62
4/29/2020,314.66
4/30/2020,321.22
5/1/2020,328.5
5/4/2020,338.6
5/5/2020,345.2
5/6/2020,341.5
5/7/2020,346.1
5/8/2020,365
5/11/2020,353.8
5/12/2020,357.7
5/13/2020,348.5
5/14/2020,344.6
5/15/2020,345
5/18/2020,346.2
5/19/2020,354.3
5/20/2020,367.5
5/21/2020,370.3
5/22/2020,367.5
5/26/2020,356.8
5/27/2020,359.9
5/28/2020,368.3
5/29/2020,367.1
6/1/2020,362.3
6/2/2020,357
6/3/2020,348.1
6/4/2020,356.2
6/5/2020,368.8
6/8/2020,370.8
6/9/2020,357.6
6/10/2020,362
6/11/2020,351
6/12/2020,354.6
6/15/2020,361.3
6/16/2020,373.4
6/17/2020,382.3
6/18/2020,401.3
6/19/2020,421.4
6/22/2020,430.1
6/23/2020,440.7
6/24/2020,428.8
6/25/2020,434.38
6/26/2020,427.94
6/29/2020,424.48
6/30/2020,432.42
7/1/2020,432
7/2/2020,438.3
7/6/2020,453.2
7/7/2020,455.3
7/8/2020,469.4
7/9/2020,481.9
7/10/2020,498.4
7/13/2020,493.7
7/14/2020,511.5
7/15/2020,505.2
7/16/2020,524.2
7/17/2020,550.8
7/20/2020,532.2
7/21/2020,513.2
7/22/2020,510.5
7/23/2020,522.4
7/24/2020,541.4
7/27/2020,567.9
7/28/2020,566.9
7/29/2020,585
7/30/2020,580.4
7/31/2020,585.8
8/3/2020,596.2
8/4/2020,610.9
8/5/2020,622.6
8/6/2020,641.6
8/7/2020,648
8/10/2020,662.5
8/11/2020,681.5
8/12/2020,706
8/13/2020,725
8/14/2020,726.5
8/17/2020,735
8/18/2020,754
8/19/2020,782.9
8/20/2020,801.9
8/21/2020,830.9
8/24/2020,810.3
8/25/2020,829.3
8/26/2020,839.8
8/27/2020,850.3
8/28/2020,826.1
8/31/2020,783.6
9/1/2020,728.5
9/2/2020,699.5
9/3/2020,670.5
9/4/2020,641.5
9/8/2020,612.5
9/9/2020,592.4
9/10/2020,611.4
9/11/2020,640.4
9/14/2020,669.4
9/15/2020,640.4
9/16/2020,612
9/17/2020,597.6
9/18/2020,578.6
9/21/2020,549.6
9/22/2020,578.6
9/23/2020,607.6
9/24/2020,578.6
9/25/2020,607.6
9/28/2020,578.6
9/29/2020,602.2
9/30/2020,612.2
10/1/2020,622
10/2/2020,603
10/5/2020,602.1
10/6/2020,583.1
10/7/2020,567.3
10/8/2020,586.3
10/9/2020,557.3
10/12/2020,535.8
10/13/2020,535.4
10/14/2020,548.9
10/15/2020,537.7
10/16/2020,534
10/19/2020,550.7
10/20/2020,531.7
10/21/2020,522
10/22/2020,531.4
10/23/2020,515.3
10/26/2020,503
10/27/2020,500.96
10/28/2020,492.6
10/29/2020,485.98
10/30/2020,493.84
11/2/2020,502.8
11/3/2020,526.1
11/4/2020,539.1
11/5/2020,555.7
11/6/2020,524.8
11/9/2020,556.8
11/10/2020,580.3
11/11/2020,572.3
11/12/2020,576.3
11/13/2020,578.3
11/16/2020,593.5
11/17/2020,610.6
11/18/2020,595.7
11/19/2020,616.9
11/20/2020,630.1
11/23/2020,618.4
11/24/2020,600.5
11/25/2020,617.1
11/27/2020,630.9
11/30/2020,636.8
12/1/2020,635.2
12/2/2020,649
12/3/2020,660
12/4/2020,678.6
12/7/2020,696.8
12/8/2020,725.2
12/9/2020,754.5
12/10/2020,786.5
12/11/2020,795
12/14/2020,813
12/15/2020,826
12/16/2020,818.6
12/17/2020,840.1
12/18/2020,850.3
12/21/2020,882.3
12/22/2020,884.6
12/23/2020,869.2
12/24/2020,884.4
12/28/2020,863
12/29/2020,843.66
12/30/2020,796.56
12/31/2020,748.14
1/4/2021,700.6
1/5/2021,668.6
1/6/2021,703.3
1/7/2021,718
1/8/2021,690
1/11/2021,666.7
1/12/2021,649.9
1/13/2021,671.5
1/14/2021,683
1/15/2021,662.9
1/19/2021,668
1/20/2021,700
1/21/2021,748
1/22/2021,796
1/25/2021,823.1
1/26/2021,855.1
1/27/2021,865
1/28/2021,892.6
1/29/2021,887
2/1/2021,870.8
2/2/2021,857.4
2/3/2021,884
2/4/2021,883.6
2/5/2021,915.6
2/8/2021,940
2/9/2021,947
2/10/2021,950.8
2/11/2021,979
2/12/2021,982.1
2/16/2021,992.4
2/17/2021,986.8
2/18/2021,1004.5
2/19/2021,990.3
2/22/2021,1021.8
2/23/2021,992.5
2/24/2021,969.04
2/25/2021,929.78
2/26/2021,877.28
3/1/2021,815.7
3/2/2021,836.1
3/3/2021,844.7
3/4/2021,866
3/5/2021,880
3/8/2021,878.9
3/9/2021,909.1
3/10/2021,903.7
3/11/2021,872
3/12/2021,867.1
3/15/2021,862.5
3/16/2021,840
3/17/2021,854.2
3/18/2021,854.6
3/19/2021,886.6
3/22/2021,926.2
3/23/2021,942.4
3/24/2021,945.8
3/25/2021,973.5
3/26/2021,953
3/29/2021,965.2
3/30/2021,989.6
3/31/2021,1009.1
4/1/2021,1012.6
4/5/2021,1021
4/6/2021,1044.3
4/7/2021,1074.4
4/8/2021,1106.4
4/9/2021,1125.5
4/12/2021,1157.5
4/13/2021,1180.7
4/14/2021,1212.7
4/15/2021,1260.7
4/16/2021,1294.7
4/19/2021,1326.7
4/20/2021,1278.7
4/21/2021,1292.5
4/22/2021,1324.5
4/23/2021,1372.5
4/26/2021,1420.5
4/27/2021,1392.6
4/28/2021,1371.98
4/29/2021,1378.82
4/30/2021,1401.3
5/3/2021,1418.5
5/4/2021,1481.5
5/5/2021,1544.5
5/6/2021,1607.5
5/7/2021,1670.5
5/10/2021,1607.5
5/11/2021,1544.5
5/12/2021,1495
5/13/2021,1453
5/14/2021,1390
5/17/2021,1327
5/18/2021,1264
5/19/2021,1327
5/20/2021,1390
5/21/2021,1453
5/24/2021,1439
5/25/2021,1397
5/26/2021,1339.4
5/27/2021,1323
5/28/2021,1309.5
6/1/2021,1267.5
6/2/2021,1330.5
6/3/2021,1326.2
6/4/2021,1284.2
6/7/2021,1221.2
6/8/2021,1167
6/9/2021,1164.2
6/10/2021,1122.2
6/11/2021,1059.2
6/14/2021,996.2
6/15/2021,1009.9
6/16/2021,967.9
6/17/2021,904.9
6/18/2021,897.9
6/21/2021,932.5
6/22/2021,890.5
6/23/2021,884.3
6/24/2021,842.3
6/25/2021,778.24
6/28/2021,798.92
6/29/2021,773.36
6/30/2021,733.12
7/1/2021,764.3
7/2/2021,787.3
7/6/2021,820.4
7/7/2021,816.6
7/8/2021,774.6
7/9/2021,754.9
7/12/2021,712.9
7/13/2021,649.9
7/14/2021,612
7/15/2021,574.9
7/16/2021,536.4
7/19/2021,552.1
7/20/2021,542
7/21/2021,584
7/22/2021,647
7/23/2021,634
7/26/2021,624
7/27/2021,582
7/28/2021,608.2
7/29/2021,621.9
7/30/2021,621.2
8/2/2021,635.6
8/3/2021,606.5
8/4/2021,564.5
8/5/2021,522.9
8/6/2021,551.6
8/9/2021,530.1
8/10/2021,505.1
8/11/2021,493.9
8/12/2021,500.4
8/13/2021,495.2
8/16/2021,470.9
8/17/2021,456.2
8/18/2021,468
8/19/2021,454.2
8/20/2021,474.7
8/23/2021,498.8
8/24/2021,480.1
8/25/2021,491.1
8/26/2021,500.26
8/27/2021,498.2
8/30/2021,513.26
8/31/2021,523.28
9/1/2021,534.2
9/2/2021,576.2
9/3/2021,639.2
9/6/2021,639.2
9/7/2021,612
9/8/2021,586.5
9/9/2021,596.9
9/10/2021,607.6
9/13/2021,605
9/14/2021,571
9/15/2021,595.9
9/16/2021,593.9
9/17/2021,634
9/20/2021,593.5
9/21/2021,602
9/22/2021,627
9/23/2021,638.8
9/24/2021,643
9/27/2021,642
9/28/2021,615.7
9/29/2021,606.5
9/30/2021,627.5
10/1/2021,625.1
10/4/2021,632.8
10/5/2021,640.5
10/6/2021,634.7
10/7/2021,676.7
10/8/2021,720.8
10/11/2021,760.4
10/12/2021,730.6
10/13/2021,758.3
10/14/2021,772
10/15/2021,759.9
10/18/2021,749
10/19/2021,707
10/20/2021,676.3
10/21/2021,679
10/22/2021,667.6
10/25/2021,660
10/26/2021,665.14
10/27/2021,658
10/28/2021,652.24
10/29/2021,627.12
11/1/2021,606
11/2/2021,616.7
11/3/2021,646.7
11/4/2021,670.9
11/5/2021,663
11/8/2021,653.5
11/9/2021,640.1
11/10/2021,637.8
11/11/2021,632
11/12/2021,622.3
11/15/2021,637
11/16/2021,667
11/17/2021,712
11/18/2021,757
11/19/2021,801.9
11/22/2021,772.6
11/23/2021,779.4
11/24/2021,791.5
11/26/2021,766.2
11/29/2021,794.5
11/30/2021,824.5
12/1/2021,869.5
12/2/2021,914.5
12/3/2021,906.7
12/6/2021,936.7
12/7/2021,949.3
12/8/2021,979.3
12/9/2021,1024.3
12/10/2021,1069.3
12/13/2021,1114.3
12/14/2021,1105.4
12/15/2021,1109.5
12/16/2021,1119.1
12/17/2021,1089.1
12/20/2021,1044.1
12/21/2021,1004.8
12/22/2021,1022.4
12/23/2021,1052.4
12/24/2021,1052.4
12/26/2021,1052.4
12/27/2021,1097.4
12/28/2021,1140.88
12/29/2021,1166.88
12/30/2021,1148.22
12/31/2021,1143.9
1/3/2022,1114.3
1/4/2022,1144
1/5/2022,1174
1/6/2022,1219
1/7/2022,1227.9
1/10/2022,1209
1/11/2022,1239
1/12/2022,1284
1/13/2022,1329
1/14/2022,1308.7
1/18/2022,1278.7
1/19/2022,1233.7
1/20/2022,1188.7
1/21/2022,1143.7
1/24/2022,1098.7
1/25/2022,1053.7
1/26/2022,1008.7
1/27/2022,994.9
1/28/2022,1024.9
1/31/2022,979.9
2/1/2022,934.9
2/2/2022,979.9
2/3/2022,1024.9
2/4/2022,1069.9
2/7/2022,1114.9
2/8/2022,1159.9
2/9/2022,1204.9
2/10/2022,1249.9
2/11/2022,1216
2/14/2022,1246
2/15/2022,1291
2/16/2022,1320.4
2/17/2022,1290.4
2/18/2022,1270
2/21/2022,1270
2/22/2022,1247
2/23/2022,1256.36
2/24/2022,1267.16
2/25/2022,1244.78
2/28/2022,1222.3
3/1/2022,1223.7
3/2/2022,1268.7
3/3/2022,1313.7
3/4/2022,1310.8
3/7/2022,1302.8
3/8/2022,1245.8
3/9/2022,1195.9
3/10/2022,1216.2
3/11/2022,1159.2
3/14/2022,1103.4
3/15/2022,1160.4
3/16/2022,1150
3/17/2022,1207
3/18/2022,1185.3
3/21/2022,1128.3
3/22/2022,1111.3
3/23/2022,1054.3
3/24/2022,1020
3/25/2022,1008
3/28/2022,999.5
3/29/2022,1054
3/30/2022,1001.7
3/31/2022,965.3
4/1/2022,964.9
4/4/2022,966.5
4/5/2022,938.4
4/6/2022,881.4
4/7/2022,892.9
4/8/2022,949.9
4/11/2022,886.3
4/12/2022,874.2
4/13/2022,883.7
4/14/2022,889
4/15/2022,889
4/18/2022,923.9
4/19/2022,938.6
4/20/2022,995.6
4/21/2022,1025
4/22/2022,1002.6
4/25/2022,1015
4/26/2022,1008.16
4/27/2022,999
4/28/2022,965.06
4/29/2022,939.94
5/2/2022,918
5/3/2022,912
5/4/2022,909.7
5/5/2022,873.9
5/6/2022,827.1
5/9/2022,807.7
5/10/2022,801.1
5/11/2022,786.1
5/12/2022,777.8
5/13/2022,769.7
5/16/2022,787
5/17/2022,788
5/18/2022,739.5
5/19/2022,690.5
5/20/2022,667.3
5/23/2022,651.9
5/24/2022,660
5/25/2022,651.8
5/26/2022,683
5/27/2022,695.1
5/31/2022,653.5
6/1/2022,608.6
6/2/2022,598.5
6/3/2022,623.3
6/6/2022,600.3
6/7/2022,596.8
6/8/2022,573
6/9/2022,568.3
6/10/2022,555.9
6/13/2022,528
6/14/2022,538
6/15/2022,563.5
6/16/2022,569
6/17/2022,581.1
6/20/2022,581.1
6/21/2022,610.1
6/22/2022,611.6
6/23/2022,617
6/24/2022,608.6
6/27/2022,613.1528
6/28/2022,608.5566
6/29/2022,617.8764
6/30/2022,636.2564
7/1/2022,667.3063
7/4/2022,656.9015
7/5/2022,656.5011
7/6/2022,639.7505
7/7/2022,634.6953
7/8/2022,671.6776
7/11/2022,658.5983
7/12/2022,668.5526
7/13/2022,649.5388
7/14/2022,659.5373
7/15/2022,637.2133
7/18/2022,681.7273
7/19/2022,645
7/20/2022,627.7
7/21/2022,615.1
7/22/2022,583.5
7/25/2022,566.2
7/26/2022,552
7/27/2022,558.7
7/28/2022,539.3
7/29/2022,526.7
8/1/2022,536
8/2/2022,520.6
8/3/2022,483.2
8/4/2022,501
8/5/2022,475.1
8/8/2022,519
8/9/2022,550
8/10/2022,601.8
8/11/2022,593.5
8/12/2022,588.7
8/15/2022,593.4
8/16/2022,596.4
8/17/2022,598.4
8/18/2022,560
8/19/2022,516.7
8/22/2022,500.2
8/23/2022,515.5
8/24/2022,495.4
8/25/2022,519.3
8/26/2022,524.5
8/29/2022,509.8
8/30/2022,502.5
8/31/2022,512
9/1/2022,499.7
9/2/2022,494.6
9/5/2022,494.6
9/6/2022,485
9/7/2022,504.5
9/8/2022,513.4
9/9/2022,509
9/12/2022,554.9
9/13/2022,567
9/14/2022,511
9/15/2022,482
9/16/2022,474.1
9/19/2022,483
9/20/2022,515.9
9/21/2022,493
9/22/2022,460
9/23/2022,435
9/26/2022,413
9/27/2022,432
9/28/2022,432.8
9/29/2022,421.3
9/30/2022,424.8
10/3/2022,427.9
10/4/2022,433.9
10/5/2022,435.6
10/6/2022,456.9
10/7/2022,445
10/10/2022,450
10/11/2022,475
10/12/2022,486.2
10/13/2022,498.5
10/14/2022,492.6
10/17/2022,510.1
10/18/2022,517.2
10/19/2022,534.7
10/20/2022,533.4
10/21/2022,535.3
10/24/2022,504.2
10/25/2022,487
10/26/2022,496
10/27/2022,477.4
10/28/2022,466.1
10/31/2022,461.3
11/1/2022,457.6
11/2/2022,450
11/3/2022,435
11/4/2022,435
11/7/2022,455
11/8/2022,450.9
11/9/2022,460
11/10/2022,460
11/11/2022,460
11/14/2022,447.5
11/15/2022,454.8
11/16/2022,430.5
11/17/2022,441
11/18/2022,441
11/21/2022,435
11/22/2022,426.1
11/23/2022,432
11/24/2022,432
11/25/2022,432
11/28/2022,420.9
11/29/2022,425
11/30/2022,429.5
12/1/2022,413.2
12/2/2022,413.2
12/5/2022,392.3
12/6/2022,415.1
12/7/2022,425.6
12/8/2022,410.3
12/9/2022,410.3
12/12/2022,410.7
12/13/2022,405.9
12/14/2022,397
12/15/2022,396
12/16/2022,396
12/19/2022,374.6
12/20/2022,372.5
12/21/2022,378
12/22/2022,379
12/23/2022,384
12/26/2022,384
12/27/2022,396.9
12/28/2022,392
12/29/2022,383.8
12/30/2022,383.8
1/2/2023,370.7
1/3/2023,363
1/4/2023,360.5
1/5/2023,353.7
1/6/2023,354
1/9/2023,350
1/10/2023,348
1/11/2023,345
1/12/2023,351.8
1/13/2023,351.8
1/16/2023,344
1/17/2023,427.5
1/18/2023,428
1/19/2023,428.8
1/20/2023,428.8
1/23/2023,437.7
1/24/2023,458.9
1/25/2023,464.1
1/26/2023,488.2
1/27/2023,495.1
1/30/2023,516.5
1/31/2023,527.7
2/1/2023,506.9
2/2/2023,510.4
2/3/2023,510.4
2/6/2023,482.3
2/7/2023,469.1
2/8/2023,452.4
2/9/2023,433.5
2/10/2023,423.7
2/13/2023,414.1
2/14/2023,402.5
2/15/2023,403.4
2/16/2023,388.5
2/17/2023,388.5
2/20/2023,383.6
2/21/2023,381
2/22/2023,373.5
2/23/2023,372.5
2/24/2023,372.5
2/27/2023,392.5
2/28/2023,396
3/1/2023,374
3/2/2023,370.5
3/3/2023,369
3/6/2023,370.5
3/7/2023,361.2
3/8/2023,370
3/9/2023,362.8
3/10/2023,362.8
3/13/2023,356
3/14/2023,336.5
3/15/2023,347
3/16/2023,438.6
3/17/2023,452.4
3/20/2023,441.3
3/21/2023,441.9
3/22/2023,425.9
3/23/2023,411.2
3/24/2023,413.3
3/27/2023,398
3/28/2023,384.3
3/29/2023,376
3/30/2023,375.5
3/31/2023,370.5
4/3/2023,370.7
4/4/2023,376.4
4/5/2023,382.1
4/6/2023,382.5
4/7/2023,382.5
4/10/2023,381.2
4/11/2023,386
4/12/2023,388.3
4/13/2023,411.5
4/14/2023,419.9
4/17/2023,424.6
4/18/2023,403.5
4/19/2023,396.2
4/20/2023,398.5
4/21/2023,390.8
4/24/2023,382
4/25/2023,365.1
4/26/2023,348
4/27/2023,353.8
4/28/2023,347.2
5/1/2023,347.2
5/2/2023,341
5/3/2023,341
5/4/2023,354.8
5/5/2023,354.8
5/8/2023,358
5/9/2023,344
5/10/2023,344
5/11/2023,346.9
5/12/2023,339
5/15/2023,339
5/16/2023,344
5/17/2023,344
5/18/2023,344
5/19/2023,344
5/22/2023,344
5/23/2023,344
5/24/2023,344
5/25/2023,344
5/26/2023,344
5/29/2023,344
5/30/2023,344
5/31/2023,344
6/1/2023,344
6/2/2023,344
6/5/2023,344
6/6/2023,344
6/7/2023,344
6/8/2023,344
6/9/2023,344
6/12/2023,344
6/13/2023,344
6/14/2023,344
6/15/2023,344
6/16/2023,344
6/19/2023,344
6/20/2023,536.5
6/21/2023,546.5
6/22/2023,555
6/23/2023,560.5
6/26/2023,555
6/27/2023,549.5
6/28/2023,537
6/29/2023,535.5
6/30/2023,528.5
7/3/2023,523
7/4/2023,523
7/5/2023,531.5
7/6/2023,531.5
7/7/2023,540
7/10/2023,562
7/11/2023,559.5
7/12/2023,562
7/13/2023,566
7/14/2023,580.5
7/17/2023,580.5
7/18/2023,581
7/19/2023,551
7/20/2023,550
7/21/2023,546.5
7/24/2023,538.5
7/25/2023,524
7/26/2023,519
7/27/2023,518
7/28/2023,517
7/31/2023,509
8/1/2023,505
8/2/2023,502
8/3/2023,497
8/4/2023,495.5
8/7/2023,497
8/8/2023,498.5
8/9/2023,497.5
8/10/2023,496
8/11/2023,496
8/14/2023,498.5
8/15/2023,511
8/16/2023,528.5
8/17/2023,519
8/18/2023,534.5
8/21/2023,533
8/22/2023,528
8/23/2023,529
8/24/2023,525.5
8/25/2023,516
8/28/2023,510.5
8/29/2023,515
8/30/2023,511
8/31/2023,505.5
9/1/2023,503
9/4/2023,503
9/5/2023,502.5
9/6/2023,502
9/7/2023,502
9/8/2023,509.5
9/11/2023,515
9/12/2023,511
9/13/2023,506
9/14/2023,495.5
9/15/2023,500.5
9/18/2023,493.5
9/19/2023,488
9/20/2023,484
9/21/2023,481.5
9/22/2023,482.5
9/25/2023,496
9/26/2023,494.5
9/27/2023,502
9/28/2023,508
9/29/2023,504
10/2/2023,497
10/3/2023,491.5
10/4/2023,499
10/5/2023,487
10/6/2023,493.5
10/9/2023,489.5
10/10/2023,501
10/11/2023,506.5
10/12/2023,505
10/13/2023,506
10/16/2023,500.5
10/17/2023,500.5
10/18/2023,501
10/19/2023,498
10/20/2023,488
10/23/2023,482.5
10/24/2023,479.5
10/25/2023,483.5
11/6/2023,522
11/7/2023,519.5
11/8/2023,517
11/9/2023,525.5
11/10/2023,514
11/13/2023,500
11/14/2023,489.5
11/15/2023,520
11/16/2023,520
11/17/2023,538
11/20/2023,545.5
11/24/2023,552
11/27/2023,552
11/28/2023,544.5
11/29/2023,538.5
11/30/2023,530.5
12/1/2023,525
12/4/2023,525.5
12/5/2023,524.5
12/6/2023,523.5
12/7/2023,532
12/8/2023,532
12/11/2023,539
12/12/2023,534
12/13/2023,539.5
12/14/2023,541
12/15/2023,542
12/18/2023,543.5
12/19/2023,546.5
12/20/2023,556
12/21/2023,563.5
12/22/2023,557
12/25/2023,557
12/26/2023,546.5
12/27/2023,541.5
12/28/2023,547
12/29/2023,544
1/1/2024,544
1/2/2024,548
1/3/2024,545.5
1/4/2024,550.5
1/5/2024,551.5
1/8/2024,551
1/9/2024,544.5
1/10/2024,538
1/11/2024,525
1/12/2024,528
1/15/2024,528
1/16/2024,554
1/17/2024,546
1/18/2024,548
1/19/2024,549
1/22/2024,551.5
1/23/2024,570
1/24/2024,564
1/25/2024,573
1/26/2024,575.5
1/29/2024,577
1/30/2024,569.5
1/31/2024,561.5
2/1/2024,555.5
2/2/2024,558.5
2/5/2024,554.5
2/6/2024,554.5
2/7/2024,551.5
2/8/2024,550
2/9/2024,552
2/12/2024,553.5
2/13/2024,554
2/14/2024,558
2/15/2024,554
2/16/2024,565
2/19/2024,565
2/20/2024,559.5
2/21/2024,559.5
2/22/2024,563
2/23/2024,563.5
2/26/2024,567
2/27/2024,564
2/28/2024,562
2/29/2024,565
3/1/2024,570
3/4/2024,573.5
3/5/2024,575
3/6/2024,574
3/7/2024,575
3/8/2024,576
3/11/2024,578
3/12/2024,575
3/13/2024,566
3/14/2024,555
3/15/2024,560
3/18/2024,606
3/19/2024,607.5
3/20/2024,608.5
3/21/2024,609
3/22/2024,609
3/25/2024,610
3/26/2024,599.5
3/27/2024,587
3/28/2024,586.5
3/29/2024,586.5
4/1/2024,595
4/2/2024,584.5
4/3/2024,581
4/4/2024,581
4/5/2024,572.5
4/8/2024,563.5
4/9/2024,556
4/10/2024,553
4/11/2024,553
4/12/2024,546
4/15/2024,541
4/16/2024,536
4/17/2024,527.5
4/18/2024,522.5
4/19/2024,518
4/22/2024,508.5
4/23/2024,518
4/24/2024,509.5
4/25/2024,499.5
4/26/2024,516
4/29/2024,513.5
4/30/2024,499
5/1/2024,495
5/2/2024,494.5
5/3/2024,502
5/6/2024,499
5/7/2024,498.5
5/8/2024,499.5
5/9/2024,494.5
5/10/2024,490.5
5/13/2024,481
5/14/2024,482
5/15/2024,496
5/16/2024,527.5
5/17/2024,529
5/20/2024,524
5/21/2024,540.5
5/22/2024,539.5
5/23/2024,532.5
5/24/2024,526.5
5/27/2024,526.5
5/28/2024,535
5/29/2024,527
5/30/2024,518
5/31/2024,508
6/3/2024,493
6/4/2024,489.5
6/5/2024,494
6/6/2024,494
6/7/2024,506
6/10/2024,510
6/11/2024,496
6/12/2024,498
6/13/2024,485
6/14/2024,495.5
6/17/2024,505
6/18/2024,500.5
6/19/2024,500.5
6/20/2024,472.5
6/21/2024,454.5
6/24/2024,454.5
6/25/2024,457
6/26/2024,464
6/27/2024,461.5
6/28/2024,452
7/1/2024,445
7/2/2024,445
7/3/2024,454
7/4/2024,454
7/5/2024,446
7/8/2024,444
7/9/2024,438.5
7/10/2024,438.5
7/11/2024,446
7/12/2024,437.5
7/15/2024,418.5
7/16/2024,418.5
7/17/2024,481
7/18/2024,494.5
7/19/2024,502
7/22/2024,496.5
7/23/2024,490.5
7/24/2024,495
7/25/2024,505
7/26/2024,510.5
7/29/2024,493
7/30/2024,502
7/31/2024,502
8/1/2024,501
8/2/2024,505
8/5/2024,507
8/6/2024,507
8/7/2024,514.5
8/8/2024,502
8/9/2024,525.5
8/12/2024,524.5
8/13/2024,524.5
8/14/2024,519
8/15/2024,529
8/16/2024,529
8/19/2024,528
8/20/2024,513.5
8/21/2024,512.5
8/22/2024,521.5
8/23/2024,506.5
8/26/2024,506.5
8/27/2024,493.5
8/28/2024,493.5
8/29/2024,496.5
8/30/2024,494
9/2/2024,494
9/3/2024,487
9/4/2024,486
9/5/2024,498.5
9/6/2024,487.5
9/9/2024,480.5
9/10/2024,483
9/11/2024,490.5
9/12/2024,487
9/13/2024,480
9/16/2024,510
9/17/2024,517
9/18/2024,514.5
9/19/2024,508.5
9/20/2024,512
9/23/2024,528.5
9/24/2024,528.5
9/25/2024,535
9/26/2024,525
9/27/2024,534.5
9/30/2024,534.5
10/1/2024,521
10/2/2024,531
10/3/2024,531.5
10/4/2024,523.5
10/7/2024,523.5
10/8/2024,528.5
10/9/2024,533
10/10/2024,533
10/11/2024,527.5
10/14/2024,527
10/15/2024,529.5
10/16/2024,529.5
10/17/2024,522
10/18/2024,525
10/21/2024,527
10/22/2024,527
10/23/2024,526
10/24/2024,528.5
10/25/2024,0
10/28/2024,535.5
10/29/2024,542.5
10/30/2024,553
10/31/2024,548
11/1/2024,559
11/4/2024,563
11/5/2024,557.5
11/6/2024,571
11/7/2024,565
11/8/2024,558
11/11/2024,568
11/12/2024,568
11/13/2024,585
11/14/2024,590
11/15/2024,570
11/18/2024,605.5
11/19/2024,605.5
11/20/2024,617
11/21/2024,597.5
11/22/2024,591
11/25/2024,591
11/26/2024,593.5
11/27/2024,589
11/28/2024,589
11/29/2024,589
12/2/2024,594.5
12/3/2024,595.5
12/4/2024,592
12/5/2024,579
12/6/2024,569.5
12/9/2024,567
12/10/2024,564
12/11/2024,559
12/12/2024,552
12/13/2024,552
12/16/2024,532
12/17/2024,540
12/18/2024,540
12/19/2024,558.5
12/20/2024,570
12/23/2024,571.5
12/24/2024,574
12/25/2024,574
12/26/2024,571.5
12/27/2024,564.5
12/30/2024,555
12/31/2024,550.5
1/1/2025,550.5
1/2/2025,550.5
1/3/2025,539.5
1/6/2025,551.5
1/7/2025,560
1/8/2025,560
1/9/2025,562
1/10/2025,554
1/13/2025,550
1/14/2025,550
1/15/2025,567
1/16/2025,567
1/17/2025,594.5
1/20/2025,594.5
1/21/2025,583
1/22/2025,572.5
1/23/2025,569.5
1/24/2025,566.5
1/27/2025,559
1/28/2025,559
1/29/2025,570.5
1/30/2025,577
1/31/2025,592
2/3/2025,596
2/4/2025,567
2/5/2025,573
2/6/2025,573
2/7/2025,592
2/10/2025,587.5
2/11/2025,587.5
2/12/2025,605
2/13/2025,605
2/14/2025,611
2/17/2025,611
2/18/2025,618
2/19/2025,613.5
2/20/2025,618.5
2/21/2025,621.5
2/24/2025,621.5
2/25/2025,640
2/26/2025,620.5
2/27/2025,631
2/28/2025,631
3/3/2025,654
3/4/2025,662.5
3/5/2025,653.5
3/6/2025,653.5
3/7/2025,645.5
3/10/2025,647
3/11/2025,648.5
3/12/2025,648
3/13/2025,638
3/14/2025,646
3/17/2025,646
3/18/2025,657
3/19/2025,655.5
3/20/2025,655.5
3/21/2025,676
3/24/2025,686
3/25/2025,685.5
3/26/2025,685.5
3/27/2025,678
3/28/2025,678
3/31/2025,678
4/1/2025,668.5
4/2/2025,668.5
4/3/2025,604.5
4/4/2025,593.5
4/7/2025,572
4/8/2025,572
4/9/2025,597.5
4/10/2025,576.5
4/11/2025,572.5
4/14/2025,577.5
4/15/2025,574
4/16/2025,574
4/17/2025,574
4/18/2025,574
4/21/2025,566.5
4/22/2025,570
4/23/2025,570
4/24/2025,570
4/25/2025,573.5
4/28/2025,570
4/29/2025,570
4/30/2025,558
5/1/2025,558
5/2/2025,549.5
5/5/2025,542
5/6/2025,538.5
5/7/2025,540.5
5/8/2025,556
5/9/2025,556
5/12/2025,548
5/13/2025,548
5/14/2025,553
5/15/2025,600
5/16/2025,603
5/19/2025,606.5
5/20/2025,599
5/21/2025,597.5
5/22/2025,597
5/23/2025,597
5/26/2025,599
5/27/2025,595.5
5/28/2025,584
5/29/2025,587
5/30/2025,593
6/2/2025,600
6/3/2025,595
6/4/2025,594
6/5/2025,606
6/6/2025,603.5
6/9/2025,603.5
6/10/2025,603
6/11/2025,611
6/12/2025,618.5
6/13/2025,618.5
6/16/2025,626
6/17/2025,623.5
6/18/2025,615.5
6/19/2025,615.5
6/20/2025,615.5
6/23/2025,611
6/24/2025,611
6/25/2025,609.5
6/26/2025,617
6/27/2025,626
6/30/2025,626
7/1/2025,626
7/2/2025,620
7/3/2025,615
7/4/2025,613
7/7/2025,613
7/8/2025,609.5
7/9/2025,607
7/10/2025,617
7/11/2025,611.5
7/14/2025,600
7/15/2025,579
7/16/2025,579
7/17/2025,656
7/18/2025,659
7/21/2025,668
7/22/2025,668
7/23/2025,673.5
7/24/2025,666
7/25/2025,665
7/28/2025,672
7/29/2025,678
7/30/2025,684.5
7/31/2025,691.5
8/1/2025,693
8/4/2025,691
8/5/2025,691
8/6/2025,684
8/7/2025,671
8/8/2025,655
8/11/2025,638.5
8/12/2025,638.5
8/13/2025,618.5
8/14/2025,608
8/15/2025,614
8/18/2025,610.5
8/19/2025,600
8/20/2025,597
8/21/2025,615
8/22/2025,615
8/25/2025,604
8/26/2025,599
8/27/2025,574
8/28/2025,559.5
8/29/2025,561.5
9/1/2025,548.5
9/2/2025,548.5
9/3/2025,525
9/4/2025,525
9/5/2025,541
9/8/2025,524
9/9/2025,525.5
9/10/2025,528
9/11/2025,530
9/12/2025,518.5
9/15/2025,570
9/16/2025,570
9/17/2025,574
9/18/2025,567
9/19/2025,574
9/22/2025,567.5
9/23/2025,571.5
9/24/2025,581.5
9/25/2025,587
9/26/2025,585
9/29/2025,594.5
9/30/2025,595
10/1/2025,613.5
10/2/2025,612.5
10/3/2025,614.5
10/6/2025,615
10/7/2025,613.5
10/8/2025,600
10/9/2025,602.5
10/10/2025,610.5
10/13/2025,610
10/14/2025,622
10/15/2025,622
10/16/2025,626.5
10/17/2025,626.5
10/20/2025,632
10/21/2025,609
10/22/2025,613.5
10/23/2025,599.5
10/24/2025,584.5
10/27/2025,587.5
10/28/2025,574.5
10/29/2025,550.5
10/30/2025,543
10/31/2025,539.5
11/3/2025,546.5
11/4/2025,543.5
11/5/2025,537.5
11/6/2025,535
11/7/2025,530.5
11/10/2025,528
11/11/2025,508
11/12/2025,510
11/13/2025,514
11/14/2025,508
11/17/2025,546.5
11/18/2025,553.5
11/19/2025,538
11/20/2025,542
11/21/2025,543
11/24/2025,545.5
11/25/2025,544.5
11/26/2025,550
11/27/2025,550
11/28/2025,544
12/1/2025,536
12/2/2025,535
12/3/2025,532
12/4/2025,537
12/5/2025,539.5
12/8/2025,548
12/9/2025,549
12/10/2025,550
12/11/2025,557.5
12/12/2025,558
12/15/2025,559
12/16/2025,566
12/17/2025,564
12/18/2025,556
12/19/2025,557
12/22/2025,544
12/23/2025,546.5
12/24/2025,550
12/25/2025,550.5
12/26/2025,552
12/29/2025,542
12/30/2025,540
12/31/2025,539
1/1/2026,538.5
1/2/2026,534
1/5/2026,533
1/6/2026,532.5
1/7/2026,530
1/8/2026,529
1/9/2026,534
1/12/2026,538
1/13/2026,549.5
1/14/2026,558
1/15/2026,552
1/16/2026,609
1/19/2026,605.5
1/20/2026,613.5
1/21/2026,610
1/22/2026,598.5
1/23/2026,595
1/26/2026,598
1/27/2026,595.5
1/28/2026,597.5
1/29/2026,598.5
1/30/2026,594
2/2/2026,595.5
2/3/2026,595
2/4/2026,587.5
2/5/2026,585.5
2/6/2026,585.5
2/9/2026,597
2/10/2026,600
2/11/2026,591.5
2/12/2026,596
2/13/2026,598.5
2/16/2026,595.5
2/17/2026,595.5
2/18/2026,582.5
2/19/2026,568
2/20/2026,576.5
2/23/2026,570.5
2/24/2026,565
2/25/2026,556.5
2/26/2026,557
2/27/2026,558
3/2/2026,555
3/3/2026,553.5
3/4/2026,558
3/5/2026,566.5
3/6/2026,561
3/9/2026,560
3/10/2026,563
3/11/2026,557.5
3/12/2026,569
3/13/2026,573.5
3/16/2026,603
3/17/2026,610
3/18/2026,612
3/19/2026,611
3/20/2026,611
3/23/2026,597.5
3/24/2026,585
3/25/2026,598
3/26/2026,594
3/27/2026,593
3/30/2026,596
3/31/2026,607.5
4/1/2026,610.5
4/2/2026,596
4/3/2026,596.5
4/6/2026,596.5
4/7/2026,577.5
4/8/2026,589
4/9/2026,579.5
4/10/2026,574
4/13/2026,575.5
4/14/2026,579
4/15/2026,580.5
4/16/2026,584
4/17/2026,582
4/20/2026,585.5
4/21/2026,576.5
4/22/2026,583.5
4/23/2026,583.5
4/24/2026,582.5
4/27/2026,579
4/28/2026,564.5
4/29/2026,571
4/30/2026,573
5/1/2026,574
5/4/2026,574.5
5/5/2026,577
5/6/2026,578.5
5/7/2026,577
5/8/2026,580
5/11/2026,581.5
5/12/2026,579
5/13/2026,576.5
5/14/2026,584.5
5/15/2026,590
5/18/2026,593
5/19/2026,595.5
5/20/2026,589.5
5/21/2026,583
5/22/2026,585.5
5/25/2026,585.5
5/26/2026,587
5/27/2026,587
5/28/2026,588
5/29/2026,586.5
6/1/2026,587
6/2/2026,588.5
6/3/2026,599
6/4/2026,606.5
6/5/2026,607.5
6/8/2026,610.5
6/9/2026,616.5
6/10/2026,619
6/11/2026,618
6/12/2026,623.5
6/15/2026,630
6/16/2026,629.5
6/17/2026,629
6/18/2026,632.5
6/19/2026,633
6/22/2026,635
6/23/2026,625
6/24/2026,618
6/25/2026,617.5
6/26/2026,618.5
6/29/2026,616
6/30/2026,617.5
7/1/2026,619.5
7/2/2026,624
7/3/2026,623.5
7/6/2026,621
7/7/2026,624.5
7/8/2026,627.5
7/9/2026,624
7/10/2026,623
7/13/2026,619
7/14/2026,615.5
7/15/2026,617.5
7/16/2026,634.5
7/17/2026,635.5
7/20/2026,646.5
7/21/2026,653
