Date,sugar
11/29/1962,0.0389
11/30/1962,0.0384
12/3/1962,0.0387
12/4/1962,0.038
12/5/1962,0.0375
12/6/1962,0.0382
12/7/1962,0.0375
12/10/1962,0.0378
12/11/1962,0.038
12/12/1962,0.0384
12/13/1962,0.0385
12/14/1962,0.0386
12/17/1962,0.0382
12/18/1962,0.0385
12/19/1962,0.039
12/20/1962,0.0395
12/21/1962,0.0397
12/26/1962,0.0402
12/27/1962,0.0414
12/28/1962,0.0415
1/2/1963,0.0425
1/3/1963,0.0434
1/4/1963,0.0435
1/7/1963,0.0449
1/8/1963,0.0465
1/9/1963,0.0467
1/10/1963,0.045
1/11/1963,0.0445
1/14/1963,0.0465
1/15/1963,0.0472
1/16/1963,0.0469
1/17/1963,0.0457
1/18/1963,0.047
1/21/1963,0.0479
1/22/1963,0.0471
1/23/1963,0.0464
1/24/1963,0.0484
1/25/1963,0.0478
1/28/1963,0.0445
1/29/1963,0.0445
1/30/1963,0.0466
1/31/1963,0.0478
2/1/1963,0.0482
2/4/1963,0.0485
2/5/1963,0.0489
2/6/1963,0.0491
2/7/1963,0.0493
2/8/1963,0.0482
2/11/1963,0.0472
2/13/1963,0.0485
2/14/1963,0.0492
2/15/1963,0.0498
2/18/1963,0.0493
2/19/1963,0.0492
2/20/1963,0.0487
2/21/1963,0.0492
2/25/1963,0.0533
2/26/1963,0.0549
2/27/1963,0.0567
2/28/1963,0.0558
3/1/1963,0.0584
3/4/1963,0.0576
3/5/1963,0.0569
3/6/1963,0.057
3/7/1963,0.0586
3/8/1963,0.0583
3/11/1963,0.0579
3/12/1963,0.0578
3/13/1963,0.0586
3/14/1963,0.06
3/15/1963,0.0599
3/18/1963,0.061
3/19/1963,0.0627
3/20/1963,0.0673
3/21/1963,0.0683
3/22/1963,0.0694
3/25/1963,0.072
3/26/1963,0.068
3/27/1963,0.0653
3/28/1963,0.0627
3/29/1963,0.0577
4/1/1963,0.0605
4/2/1963,0.0646
4/3/1963,0.0612
4/4/1963,0.0623
4/5/1963,0.065
4/8/1963,0.067
4/9/1963,0.0658
4/10/1963,0.065
4/11/1963,0.0677
4/15/1963,0.0689
4/16/1963,0.0675
4/17/1963,0.0681
4/18/1963,0.0672
4/19/1963,0.0702
4/22/1963,0.0699
4/23/1963,0.0708
4/24/1963,0.0705
4/25/1963,0.0715
4/26/1963,0.073
4/29/1963,0.078
4/30/1963,0.0768
5/1/1963,0.0766
5/2/1963,0.0762
5/3/1963,0.0754
5/6/1963,0.0759
5/7/1963,0.0802
5/8/1963,0.0811
5/9/1963,0.085
5/10/1963,0.0882
5/13/1963,0.0932
5/14/1963,0.0922
5/15/1963,0.0972
5/16/1963,0.1022
5/17/1963,0.1033
5/20/1963,0.1083
5/21/1963,0.1133
5/22/1963,0.1183
5/23/1963,0.1183
5/24/1963,0.1133
5/27/1963,0.1083
5/28/1963,0.1033
5/29/1963,0.0983
5/31/1963,0.0955
6/3/1963,0.0905
6/4/1963,0.0855
6/5/1963,0.0805
6/6/1963,0.0805
6/7/1963,0.0805
6/10/1963,0.0855
6/11/1963,0.0845
6/12/1963,0.0795
6/13/1963,0.0745
6/14/1963,0.0695
6/17/1963,0.0693
6/18/1963,0.0743
6/19/1963,0.0771
6/20/1963,0.075
6/21/1963,0.0765
6/24/1963,0.0722
6/25/1963,0.0675
6/26/1963,0.0675
6/27/1963,0.0725
6/28/1963,0.0757
7/1/1963,0.0755
7/2/1963,0.0799
7/3/1963,0.077
7/8/1963,0.0796
7/9/1963,0.0778
7/10/1963,0.0743
7/11/1963,0.0693
7/12/1963,0.0679
7/15/1963,0.063
7/16/1963,0.068
7/17/1963,0.0655
7/18/1963,0.0679
7/19/1963,0.0699
7/22/1963,0.0675
7/23/1963,0.07
7/24/1963,0.0683
7/25/1963,0.0687
7/26/1963,0.0658
7/29/1963,0.0609
7/30/1963,0.0605
7/31/1963,0.059
8/1/1963,0.0609
8/2/1963,0.062
8/5/1963,0.0593
8/6/1963,0.0617
8/7/1963,0.0635
8/8/1963,0.0623
8/9/1963,0.0614
8/12/1963,0.0568
8/13/1963,0.0568
8/14/1963,0.0552
8/15/1963,0.056
8/16/1963,0.0544
8/19/1963,0.052
8/20/1963,0.0494
8/21/1963,0.0512
8/22/1963,0.0507
8/23/1963,0.053
8/26/1963,0.0545
8/27/1963,0.0578
8/28/1963,0.0597
8/29/1963,0.0601
8/30/1963,0.0611
9/3/1963,0.0634
9/4/1963,0.0664
9/5/1963,0.0644
9/6/1963,0.0653
9/9/1963,0.069
9/10/1963,0.0703
9/11/1963,0.0687
9/12/1963,0.0718
9/13/1963,0.075
9/16/1963,0.0765
9/17/1963,0.0758
9/18/1963,0.0786
9/19/1963,0.08
9/20/1963,0.0805
9/23/1963,0.0797
9/24/1963,0.0793
9/25/1963,0.0762
9/26/1963,0.0763
9/27/1963,0.0762
9/30/1963,0.0812
10/1/1963,0.0852
10/2/1963,0.0862
10/3/1963,0.0912
10/4/1963,0.0861
10/7/1963,0.0905
10/8/1963,0.0911
10/9/1963,0.0938
10/10/1963,0.0947
10/11/1963,0.0954
10/14/1963,0.1
10/15/1963,0.1049
10/16/1963,0.1081
10/17/1963,0.1084
10/18/1963,0.1134
10/21/1963,0.1165
10/22/1963,0.1115
10/23/1963,0.1165
10/24/1963,0.113
10/25/1963,0.113
10/28/1963,0.108
10/29/1963,0.113
10/30/1963,0.1142
10/31/1963,0.1146
11/1/1963,0.1142
11/4/1963,0.1129
11/6/1963,0.1079
11/7/1963,0.1029
11/8/1963,0.1062
11/12/1963,0.1071
11/13/1963,0.1023
11/14/1963,0.1045
11/15/1963,0.1014
11/18/1963,0.0966
11/19/1963,0.0978
11/20/1963,0.0942
11/21/1963,0.0931
11/22/1963,0.089
11/26/1963,0.0939
11/27/1963,0.099
11/29/1963,0.1034
12/2/1963,0.1027
12/3/1963,0.1026
12/4/1963,0.0995
12/5/1963,0.0947
12/6/1963,0.0897
12/9/1963,0.095
12/10/1963,0.1
12/11/1963,0.0977
12/12/1963,0.0974
12/13/1963,0.095
12/16/1963,0.1001
12/17/1963,0.1035
12/18/1963,0.1002
12/19/1963,0.0966
12/20/1963,0.0966
12/23/1963,0.0961
12/24/1963,0.0979
12/26/1963,0.101
12/27/1963,0.1023
12/30/1963,0.1021
12/31/1963,0.1037
1/2/1964,0.1004
1/3/1964,0.0993
1/6/1964,0.1009
1/7/1964,0.1008
1/8/1964,0.1021
1/9/1964,0.106
1/10/1964,0.11
1/13/1964,0.1085
1/14/1964,0.1068
1/15/1964,0.1078
1/16/1964,0.1094
1/17/1964,0.1093
1/20/1964,0.1065
1/21/1964,0.1052
1/22/1964,0.1047
1/23/1964,0.1031
1/24/1964,0.1041
1/27/1964,0.1056
1/28/1964,0.1035
1/29/1964,0.1038
1/30/1964,0.0989
1/31/1964,0.0939
2/3/1964,0.0935
2/4/1964,0.089
2/5/1964,0.087
2/6/1964,0.0825
2/7/1964,0.0853
2/10/1964,0.0903
2/11/1964,0.0943
2/13/1964,0.0902
2/14/1964,0.0898
2/17/1964,0.0889
2/18/1964,0.0914
2/19/1964,0.0885
2/20/1964,0.0917
2/24/1964,0.0887
2/25/1964,0.0876
2/26/1964,0.0892
2/27/1964,0.0882
2/28/1964,0.0845
3/2/1964,0.0795
3/3/1964,0.077
3/4/1964,0.0735
3/5/1964,0.0754
3/6/1964,0.0705
3/9/1964,0.0675
3/10/1964,0.069
3/11/1964,0.0717
3/12/1964,0.0768
3/13/1964,0.0741
3/16/1964,0.07
3/17/1964,0.0707
3/18/1964,0.0715
3/19/1964,0.0729
3/20/1964,0.074
3/23/1964,0.0708
3/24/1964,0.0713
3/25/1964,0.0725
3/26/1964,0.0758
3/30/1964,0.075
3/31/1964,0.0789
4/1/1964,0.0804
4/2/1964,0.0754
4/3/1964,0.0741
4/6/1964,0.074
4/7/1964,0.0772
4/8/1964,0.0822
4/9/1964,0.0798
4/10/1964,0.0822
4/13/1964,0.0853
4/14/1964,0.0811
4/15/1964,0.0758
4/16/1964,0.0761
4/17/1964,0.0746
4/20/1964,0.0755
4/21/1964,0.0778
4/22/1964,0.0804
4/23/1964,0.0794
4/24/1964,0.0838
4/27/1964,0.0817
4/28/1964,0.0821
4/29/1964,0.0805
4/30/1964,0.078
5/1/1964,0.0798
5/4/1964,0.0787
5/5/1964,0.0765
5/6/1964,0.0744
5/7/1964,0.0753
5/8/1964,0.075
5/11/1964,0.0705
5/12/1964,0.0717
5/13/1964,0.0729
5/14/1964,0.0735
5/15/1964,0.0715
5/18/1964,0.0671
5/19/1964,0.0656
5/20/1964,0.063
5/21/1964,0.0664
5/22/1964,0.0648
5/25/1964,0.0615
5/26/1964,0.0588
5/27/1964,0.0562
5/28/1964,0.056
6/1/1964,0.0518
6/2/1964,0.0555
6/3/1964,0.057
6/4/1964,0.0583
6/5/1964,0.06
6/8/1964,0.0554
6/9/1964,0.054
6/10/1964,0.0521
6/11/1964,0.0502
6/12/1964,0.05
6/15/1964,0.0497
6/16/1964,0.0513
6/17/1964,0.0496
6/18/1964,0.0503
6/19/1964,0.0503
6/22/1964,0.0491
6/23/1964,0.0486
6/24/1964,0.05
6/25/1964,0.0473
6/26/1964,0.0495
6/29/1964,0.0485
6/30/1964,0.0484
7/1/1964,0.0489
7/2/1964,0.0493
7/6/1964,0.0484
7/7/1964,0.0478
7/8/1964,0.047
7/9/1964,0.0452
7/10/1964,0.0442
7/13/1964,0.0453
7/14/1964,0.0455
7/15/1964,0.0465
7/16/1964,0.0449
7/17/1964,0.0441
7/20/1964,0.0433
7/21/1964,0.0424
7/22/1964,0.0414
7/23/1964,0.0423
7/24/1964,0.0427
7/27/1964,0.0409
7/28/1964,0.0414
7/29/1964,0.0426
7/30/1964,0.0439
7/31/1964,0.0431
8/3/1964,0.0422
8/4/1964,0.043
8/5/1964,0.0465
8/6/1964,0.0448
8/7/1964,0.0468
8/10/1964,0.0443
8/11/1964,0.0444
8/12/1964,0.0443
8/13/1964,0.0426
8/14/1964,0.0424
8/17/1964,0.0428
8/18/1964,0.0424
8/19/1964,0.0426
8/20/1964,0.0424
8/21/1964,0.0415
8/24/1964,0.0419
8/25/1964,0.0424
8/26/1964,0.0411
8/27/1964,0.0399
8/28/1964,0.0398
8/31/1964,0.0399
9/1/1964,0.0392
9/2/1964,0.038
9/3/1964,0.0363
9/4/1964,0.037
9/8/1964,0.037
9/9/1964,0.0364
9/10/1964,0.036
9/11/1964,0.036
9/14/1964,0.0369
9/15/1964,0.0356
9/16/1964,0.0348
9/17/1964,0.0349
9/18/1964,0.0356
9/21/1964,0.0353
9/22/1964,0.0359
9/23/1964,0.0377
9/24/1964,0.037
9/25/1964,0.0366
9/28/1964,0.0356
9/29/1964,0.0368
9/30/1964,0.0358
10/1/1964,0.0356
10/2/1964,0.0363
10/5/1964,0.0357
10/6/1964,0.0367
10/7/1964,0.0366
10/8/1964,0.0366
10/9/1964,0.0371
10/13/1964,0.0366
10/14/1964,0.0361
10/15/1964,0.0361
10/16/1964,0.0358
10/19/1964,0.0359
10/20/1964,0.0364
10/21/1964,0.0362
10/22/1964,0.0362
10/23/1964,0.0363
10/26/1964,0.0359
10/27/1964,0.0354
10/28/1964,0.0353
10/29/1964,0.0357
10/30/1964,0.0356
11/2/1964,0.0359
11/4/1964,0.0357
11/5/1964,0.0352
11/6/1964,0.0349
11/9/1964,0.0345
11/10/1964,0.0336
11/12/1964,0.0328
11/13/1964,0.0328
11/16/1964,0.0315
11/17/1964,0.0312
11/18/1964,0.031
11/19/1964,0.0302
11/20/1964,0.0301
11/23/1964,0.0301
11/24/1964,0.031
11/25/1964,0.0304
11/27/1964,0.03
11/30/1964,0.0296
12/1/1964,0.029
12/2/1964,0.0291
12/3/1964,0.0293
12/4/1964,0.0291
12/7/1964,0.0287
12/8/1964,0.0281
12/9/1964,0.0277
12/10/1964,0.0278
12/11/1964,0.0278
12/14/1964,0.0274
12/15/1964,0.0279
12/16/1964,0.0274
12/17/1964,0.0271
12/18/1964,0.0276
12/21/1964,0.0273
12/22/1964,0.0265
12/23/1964,0.0255
12/24/1964,0.0253
12/28/1964,0.0247
12/29/1964,0.0245
12/30/1964,0.0251
12/31/1964,0.025
1/4/1965,0.0243
1/5/1965,0.024
1/6/1965,0.0249
1/7/1965,0.025
1/8/1965,0.0262
1/11/1965,0.026
1/12/1965,0.0257
1/13/1965,0.0252
1/14/1965,0.0237
1/15/1965,0.0225
1/18/1965,0.0225
1/19/1965,0.0227
1/20/1965,0.0231
1/21/1965,0.0234
1/22/1965,0.0228
1/25/1965,0.0222
1/26/1965,0.022
1/27/1965,0.0223
1/28/1965,0.022
1/29/1965,0.0222
2/1/1965,0.0219
2/2/1965,0.0215
2/3/1965,0.0214
2/4/1965,0.0208
2/5/1965,0.0207
2/8/1965,0.0226
2/9/1965,0.0219
2/10/1965,0.024
2/11/1965,0.0232
2/15/1965,0.0244
2/16/1965,0.0254
2/17/1965,0.0255
2/18/1965,0.0242
2/19/1965,0.0241
2/23/1965,0.023
2/24/1965,0.023
2/25/1965,0.0232
2/26/1965,0.0242
3/1/1965,0.0242
3/2/1965,0.0252
3/3/1965,0.0258
3/4/1965,0.0258
3/5/1965,0.0255
3/8/1965,0.0253
3/9/1965,0.0261
3/10/1965,0.027
3/11/1965,0.027
3/12/1965,0.0277
3/15/1965,0.0283
3/16/1965,0.029
3/17/1965,0.028
3/18/1965,0.0272
3/19/1965,0.027
3/22/1965,0.0253
3/23/1965,0.0251
3/24/1965,0.0257
3/25/1965,0.0259
3/26/1965,0.026
3/29/1965,0.0245
3/30/1965,0.0247
3/31/1965,0.0243
4/1/1965,0.0244
4/2/1965,0.0238
4/5/1965,0.0234
4/6/1965,0.0228
4/7/1965,0.023
4/8/1965,0.0221
4/9/1965,0.0225
4/12/1965,0.0232
4/13/1965,0.0238
4/14/1965,0.0242
4/15/1965,0.0248
4/19/1965,0.0257
4/20/1965,0.0258
4/21/1965,0.0266
4/22/1965,0.0261
4/23/1965,0.0261
4/26/1965,0.0259
4/27/1965,0.0253
4/28/1965,0.0256
4/29/1965,0.0259
4/30/1965,0.0258
5/3/1965,0.0256
5/4/1965,0.0251
5/5/1965,0.0245
5/6/1965,0.0237
5/7/1965,0.024
5/10/1965,0.0244
5/11/1965,0.0247
5/12/1965,0.024
5/13/1965,0.0235
5/14/1965,0.0237
5/17/1965,0.0227
5/18/1965,0.023
5/19/1965,0.0232
5/20/1965,0.0229
5/21/1965,0.0228
5/24/1965,0.0223
5/25/1965,0.0218
5/26/1965,0.0213
5/27/1965,0.0212
5/28/1965,0.0209
6/1/1965,0.0211
6/2/1965,0.021
6/3/1965,0.0213
6/4/1965,0.0216
6/7/1965,0.0208
6/8/1965,0.0195
6/9/1965,0.0199
6/10/1965,0.0195
6/11/1965,0.0198
6/14/1965,0.0203
6/15/1965,0.0219
6/16/1965,0.0227
6/17/1965,0.0236
6/18/1965,0.0225
6/21/1965,0.0213
6/22/1965,0.0216
6/23/1965,0.0216
6/24/1965,0.0215
6/25/1965,0.0224
6/28/1965,0.0223
6/29/1965,0.0218
6/30/1965,0.0218
7/1/1965,0.0214
7/2/1965,0.0214
7/6/1965,0.0204
7/7/1965,0.0197
7/8/1965,0.0202
7/9/1965,0.0204
7/12/1965,0.0206
7/13/1965,0.0209
7/14/1965,0.0215
7/15/1965,0.0223
7/16/1965,0.0217
7/19/1965,0.0201
7/20/1965,0.0201
7/21/1965,0.0206
7/22/1965,0.0213
7/23/1965,0.0207
7/26/1965,0.0219
7/27/1965,0.0232
7/28/1965,0.0213
7/29/1965,0.0211
7/30/1965,0.0211
8/2/1965,0.0208
8/3/1965,0.02
8/4/1965,0.0204
8/5/1965,0.0198
8/6/1965,0.02
8/9/1965,0.0199
8/10/1965,0.0206
8/11/1965,0.0205
8/12/1965,0.0198
8/13/1965,0.0191
8/16/1965,0.0181
8/17/1965,0.0185
8/18/1965,0.018
8/19/1965,0.0176
8/20/1965,0.0175
8/23/1965,0.0178
8/24/1965,0.0175
8/25/1965,0.0167
8/26/1965,0.016
8/27/1965,0.0165
8/30/1965,0.0159
8/31/1965,0.0157
9/1/1965,0.0168
9/2/1965,0.0169
9/3/1965,0.0164
9/7/1965,0.0172
9/8/1965,0.0173
9/9/1965,0.0175
9/10/1965,0.0186
9/13/1965,0.0198
9/14/1965,0.0214
9/15/1965,0.0215
9/16/1965,0.0219
9/17/1965,0.0229
9/20/1965,0.0243
9/21/1965,0.0249
9/22/1965,0.0245
9/23/1965,0.0246
9/24/1965,0.0251
9/27/1965,0.0268
9/28/1965,0.0258
9/29/1965,0.0256
9/30/1965,0.0272
10/1/1965,0.0274
10/4/1965,0.0279
10/5/1965,0.0273
10/6/1965,0.0269
10/7/1965,0.0262
10/8/1965,0.0261
10/11/1965,0.0254
10/13/1965,0.0263
10/14/1965,0.0261
10/15/1965,0.0251
10/18/1965,0.024
10/19/1965,0.0244
10/20/1965,0.0233
10/21/1965,0.022
10/22/1965,0.022
10/25/1965,0.0224
10/26/1965,0.0226
10/27/1965,0.0223
10/28/1965,0.0223
10/29/1965,0.0221
11/1/1965,0.0212
11/3/1965,0.0218
11/4/1965,0.0213
11/5/1965,0.0214
11/8/1965,0.0207
11/9/1965,0.0203
11/10/1965,0.0204
11/12/1965,0.0212
11/15/1965,0.022
11/16/1965,0.0219
11/17/1965,0.0224
11/18/1965,0.022
11/19/1965,0.0233
11/22/1965,0.0225
11/23/1965,0.0224
11/24/1965,0.0228
11/26/1965,0.0225
11/29/1965,0.0228
11/30/1965,0.0219
12/1/1965,0.0217
12/2/1965,0.0216
12/3/1965,0.0219
12/6/1965,0.0219
12/7/1965,0.0213
12/8/1965,0.0213
12/9/1965,0.0223
12/10/1965,0.0222
12/13/1965,0.022
12/14/1965,0.0218
12/15/1965,0.0217
12/16/1965,0.0222
12/17/1965,0.0228
12/20/1965,0.0228
12/21/1965,0.0228
12/22/1965,0.0226
12/23/1965,0.023
12/27/1965,0.023
12/28/1965,0.0232
12/29/1965,0.0224
12/30/1965,0.023
1/3/1966,0.0226
1/4/1966,0.0235
1/5/1966,0.0243
1/6/1966,0.025
1/7/1966,0.025
1/10/1966,0.0247
1/11/1966,0.0237
1/12/1966,0.0239
1/13/1966,0.0243
1/14/1966,0.0246
1/17/1966,0.0258
1/18/1966,0.026
1/19/1966,0.0259
1/20/1966,0.0256
1/21/1966,0.0263
1/24/1966,0.0265
1/25/1966,0.0273
1/26/1966,0.0267
1/27/1966,0.0266
1/28/1966,0.0261
1/31/1966,0.0261
2/1/1966,0.0248
2/2/1966,0.0249
2/3/1966,0.0245
2/4/1966,0.0238
2/7/1966,0.0232
2/8/1966,0.0223
2/9/1966,0.0214
2/10/1966,0.0221
2/11/1966,0.023
2/14/1966,0.0235
2/15/1966,0.023
2/16/1966,0.023
2/17/1966,0.0231
2/18/1966,0.0232
2/21/1966,0.0231
2/23/1966,0.0254
2/24/1966,0.0236
2/25/1966,0.0244
2/28/1966,0.0234
3/1/1966,0.0239
3/2/1966,0.0236
3/3/1966,0.0236
3/4/1966,0.0237
3/7/1966,0.0238
3/8/1966,0.0229
3/9/1966,0.0229
3/10/1966,0.0223
3/11/1966,0.0222
3/14/1966,0.0214
3/15/1966,0.0205
3/16/1966,0.0212
3/17/1966,0.0209
3/18/1966,0.0213
3/21/1966,0.021
3/22/1966,0.0216
3/23/1966,0.0218
3/24/1966,0.0223
3/25/1966,0.0227
3/28/1966,0.0222
3/29/1966,0.0217
3/30/1966,0.0219
3/31/1966,0.0213
4/1/1966,0.0213
4/4/1966,0.0212
4/5/1966,0.0209
4/6/1966,0.0216
4/7/1966,0.0212
4/11/1966,0.0212
4/12/1966,0.021
4/13/1966,0.0213
4/14/1966,0.0212
4/15/1966,0.0216
4/18/1966,0.022
4/19/1966,0.0214
4/20/1966,0.0211
4/21/1966,0.0208
4/22/1966,0.0211
4/25/1966,0.0215
4/26/1966,0.0218
4/27/1966,0.0218
4/28/1966,0.0215
4/29/1966,0.0215
5/2/1966,0.0215
5/3/1966,0.0218
5/4/1966,0.022
5/5/1966,0.0218
5/6/1966,0.0215
5/9/1966,0.0217
5/10/1966,0.0219
5/11/1966,0.0218
5/12/1966,0.0213
5/13/1966,0.0212
5/16/1966,0.0213
5/17/1966,0.0215
5/18/1966,0.0215
5/19/1966,0.0213
5/20/1966,0.0212
5/23/1966,0.021
5/24/1966,0.0199
5/25/1966,0.0196
5/26/1966,0.0199
5/27/1966,0.0201
5/31/1966,0.0192
6/1/1966,0.0192
6/2/1966,0.0204
6/3/1966,0.0199
6/6/1966,0.018
6/7/1966,0.0181
6/8/1966,0.0178
6/9/1966,0.0178
6/10/1966,0.0169
6/13/1966,0.0173
6/14/1966,0.0177
6/15/1966,0.0181
6/16/1966,0.0184
6/17/1966,0.0184
6/20/1966,0.0179
6/21/1966,0.0176
6/22/1966,0.0183
6/23/1966,0.0185
6/24/1966,0.0188
6/27/1966,0.0187
6/28/1966,0.0184
6/29/1966,0.0185
6/30/1966,0.0187
7/1/1966,0.0188
7/5/1966,0.0188
7/6/1966,0.019
7/7/1966,0.0192
7/8/1966,0.0189
7/11/1966,0.0187
7/12/1966,0.0185
7/13/1966,0.0193
7/14/1966,0.0195
7/15/1966,0.019
7/18/1966,0.0196
7/19/1966,0.0204
7/20/1966,0.0202
7/21/1966,0.0193
7/22/1966,0.019
7/25/1966,0.019
7/26/1966,0.0185
7/27/1966,0.019
7/28/1966,0.0193
7/29/1966,0.0191
8/1/1966,0.0186
8/2/1966,0.0188
8/3/1966,0.0193
8/4/1966,0.0188
8/5/1966,0.0184
8/8/1966,0.0181
8/9/1966,0.0181
8/10/1966,0.018
8/11/1966,0.0178
8/12/1966,0.0178
8/15/1966,0.0174
8/16/1966,0.0171
8/17/1966,0.0171
8/18/1966,0.0169
8/19/1966,0.0166
8/22/1966,0.0169
8/23/1966,0.0163
8/24/1966,0.0164
8/25/1966,0.0165
8/26/1966,0.0164
8/29/1966,0.0158
8/30/1966,0.0158
8/31/1966,0.0158
9/1/1966,0.0154
9/2/1966,0.0147
9/6/1966,0.0147
9/7/1966,0.0145
9/8/1966,0.0147
9/9/1966,0.0154
9/12/1966,0.0166
9/13/1966,0.017
9/14/1966,0.0179
9/15/1966,0.0175
9/16/1966,0.0175
9/19/1966,0.017
9/20/1966,0.017
9/21/1966,0.0175
9/22/1966,0.0175
9/23/1966,0.0176
9/26/1966,0.0174
9/27/1966,0.0176
9/28/1966,0.0182
9/29/1966,0.0188
9/30/1966,0.0182
10/3/1966,0.0182
10/4/1966,0.0181
10/5/1966,0.0186
10/6/1966,0.0184
10/7/1966,0.0181
10/10/1966,0.0178
10/11/1966,0.0172
10/13/1966,0.0174
10/14/1966,0.0173
10/17/1966,0.0176
10/18/1966,0.0175
10/19/1966,0.0165
10/20/1966,0.0168
10/21/1966,0.0164
10/24/1966,0.0157
10/25/1966,0.0156
10/26/1966,0.016
10/27/1966,0.0157
10/28/1966,0.0159
10/31/1966,0.016
11/1/1966,0.0159
11/2/1966,0.0157
11/3/1966,0.0157
11/4/1966,0.0155
11/7/1966,0.0152
11/9/1966,0.0148
11/10/1966,0.015
11/14/1966,0.0154
11/15/1966,0.0158
11/16/1966,0.0162
11/17/1966,0.016
11/18/1966,0.0155
11/21/1966,0.0156
11/22/1966,0.0155
11/23/1966,0.0158
11/25/1966,0.0154
11/28/1966,0.0151
11/29/1966,0.0155
11/30/1966,0.0156
12/1/1966,0.0154
12/2/1966,0.0157
12/5/1966,0.0158
12/6/1966,0.0155
12/7/1966,0.0152
12/8/1966,0.015
12/9/1966,0.0148
12/12/1966,0.0145
12/13/1966,0.0144
12/14/1966,0.0146
12/15/1966,0.0144
12/16/1966,0.0143
12/19/1966,0.014
12/20/1966,0.0142
12/21/1966,0.0143
12/22/1966,0.0143
12/23/1966,0.0143
12/27/1966,0.0139
12/28/1966,0.0137
12/29/1966,0.0134
12/30/1966,0.0132
1/3/1967,0.0129
1/4/1967,0.0129
1/5/1967,0.0125
1/6/1967,0.0126
1/9/1967,0.0134
1/10/1967,0.013
1/11/1967,0.0131
1/12/1967,0.0135
1/13/1967,0.0136
1/16/1967,0.0134
1/17/1967,0.0134
1/18/1967,0.0137
1/19/1967,0.0141
1/20/1967,0.0144
1/23/1967,0.0158
1/24/1967,0.0161
1/25/1967,0.0154
1/26/1967,0.0161
1/27/1967,0.017
1/30/1967,0.0168
1/31/1967,0.0163
2/1/1967,0.0175
2/2/1967,0.0187
2/3/1967,0.0177
2/6/1967,0.016
2/7/1967,0.0164
2/8/1967,0.0164
2/9/1967,0.0162
2/10/1967,0.0177
2/14/1967,0.0183
2/15/1967,0.0185
2/16/1967,0.0188
2/17/1967,0.0192
2/20/1967,0.0185
2/21/1967,0.018
2/23/1967,0.018
2/24/1967,0.0174
2/27/1967,0.0181
2/28/1967,0.0191
3/1/1967,0.0182
3/2/1967,0.0176
3/3/1967,0.0175
3/6/1967,0.0178
3/7/1967,0.0173
3/8/1967,0.0168
3/9/1967,0.0166
3/10/1967,0.0162
3/13/1967,0.016
3/14/1967,0.0167
3/15/1967,0.0165
3/16/1967,0.0167
3/17/1967,0.017
3/20/1967,0.0172
3/21/1967,0.017
3/22/1967,0.0167
3/23/1967,0.0165
3/27/1967,0.0166
3/28/1967,0.0171
3/29/1967,0.0175
3/30/1967,0.0183
3/31/1967,0.0183
4/3/1967,0.019
4/4/1967,0.0187
4/5/1967,0.0193
4/6/1967,0.0191
4/7/1967,0.0183
4/10/1967,0.0185
4/11/1967,0.0194
4/12/1967,0.0205
4/13/1967,0.0221
4/14/1967,0.0218
4/17/1967,0.0238
4/18/1967,0.0231
4/19/1967,0.0247
4/20/1967,0.0242
4/21/1967,0.0262
4/24/1967,0.0265
4/25/1967,0.0273
4/26/1967,0.027
4/27/1967,0.0273
4/28/1967,0.0272
5/1/1967,0.0271
5/2/1967,0.0265
5/3/1967,0.0277
5/4/1967,0.0269
5/5/1967,0.0269
5/8/1967,0.03
5/9/1967,0.0293
5/10/1967,0.0288
5/11/1967,0.0269
5/12/1967,0.0259
5/15/1967,0.0271
5/16/1967,0.0275
5/17/1967,0.0267
5/18/1967,0.0269
5/19/1967,0.0275
5/22/1967,0.0275
5/23/1967,0.0283
5/24/1967,0.0284
5/25/1967,0.0277
5/26/1967,0.028
5/31/1967,0.0295
6/1/1967,0.0303
6/2/1967,0.0311
6/5/1967,0.0345
6/6/1967,0.0303
6/7/1967,0.0302
6/8/1967,0.031
6/9/1967,0.0301
6/12/1967,0.0268
6/13/1967,0.0269
6/14/1967,0.0262
6/15/1967,0.0254
6/16/1967,0.0258
6/19/1967,0.0231
6/20/1967,0.0245
6/21/1967,0.0232
6/22/1967,0.0235
6/23/1967,0.0247
6/26/1967,0.0241
6/27/1967,0.0232
6/28/1967,0.0231
6/29/1967,0.0218
6/30/1967,0.022
7/5/1967,0.0197
7/6/1967,0.0199
7/7/1967,0.0214
7/10/1967,0.0204
7/11/1967,0.0199
7/12/1967,0.0225
7/13/1967,0.0211
7/14/1967,0.021
7/17/1967,0.0222
7/18/1967,0.0222
7/19/1967,0.022
7/20/1967,0.0213
7/21/1967,0.0202
7/24/1967,0.0198
7/25/1967,0.0201
7/26/1967,0.0195
7/27/1967,0.0199
7/28/1967,0.02
7/31/1967,0.0206
8/1/1967,0.0206
8/2/1967,0.0196
8/3/1967,0.0187
8/4/1967,0.019
8/7/1967,0.0177
8/8/1967,0.0173
8/9/1967,0.0177
8/10/1967,0.0173
8/11/1967,0.0173
8/14/1967,0.0174
8/15/1967,0.0174
8/16/1967,0.0164
8/17/1967,0.0172
8/18/1967,0.0167
8/21/1967,0.0168
8/22/1967,0.0177
8/23/1967,0.018
8/24/1967,0.0176
8/25/1967,0.017
8/28/1967,0.0169
8/29/1967,0.0164
8/30/1967,0.0167
8/31/1967,0.0166
9/1/1967,0.0162
9/5/1967,0.0159
9/6/1967,0.0161
9/7/1967,0.0176
9/8/1967,0.0172
9/11/1967,0.0189
9/12/1967,0.0198
9/13/1967,0.02
9/14/1967,0.021
9/15/1967,0.0213
9/18/1967,0.0227
9/19/1967,0.0226
9/20/1967,0.0223
9/21/1967,0.0243
9/22/1967,0.024
9/25/1967,0.0241
9/26/1967,0.0235
9/27/1967,0.0231
9/28/1967,0.024
9/29/1967,0.0239
10/2/1967,0.0255
10/3/1967,0.0246
10/4/1967,0.0236
10/5/1967,0.0251
10/6/1967,0.0248
10/9/1967,0.0251
10/10/1967,0.0254
10/11/1967,0.0262
10/13/1967,0.0268
10/16/1967,0.0265
10/17/1967,0.026
10/18/1967,0.0251
10/19/1967,0.0239
10/20/1967,0.025
10/23/1967,0.0252
10/24/1967,0.0252
10/25/1967,0.0257
10/26/1967,0.0252
10/27/1967,0.0248
10/30/1967,0.0257
10/31/1967,0.0252
11/1/1967,0.0252
11/2/1967,0.0263
11/3/1967,0.0274
11/6/1967,0.0277
11/8/1967,0.0274
11/9/1967,0.0273
11/10/1967,0.0272
11/13/1967,0.0285
11/14/1967,0.0281
11/15/1967,0.0274
11/16/1967,0.0273
11/17/1967,0.0263
11/20/1967,0.026
11/21/1967,0.0253
11/22/1967,0.0243
11/24/1967,0.0254
11/27/1967,0.0247
11/28/1967,0.0242
11/29/1967,0.0227
11/30/1967,0.0224
12/1/1967,0.0229
12/4/1967,0.0223
12/5/1967,0.0224
12/6/1967,0.0235
12/7/1967,0.0244
12/8/1967,0.0241
12/11/1967,0.0252
12/12/1967,0.0252
12/13/1967,0.0254
12/14/1967,0.0247
12/15/1967,0.0256
12/18/1967,0.0249
12/19/1967,0.0253
12/20/1967,0.0261
12/21/1967,0.0258
12/22/1967,0.0255
12/26/1967,0.026
12/27/1967,0.0266
12/28/1967,0.0258
12/29/1967,0.0252
1/2/1968,0.0254
1/3/1968,0.0248
1/4/1968,0.0239
1/5/1968,0.0238
1/8/1968,0.0233
1/9/1968,0.023
1/10/1968,0.0233
1/11/1968,0.0242
1/12/1968,0.0238
1/15/1968,0.0231
1/16/1968,0.0234
1/17/1968,0.0242
1/18/1968,0.0245
1/19/1968,0.0247
1/22/1968,0.0245
1/23/1968,0.0247
1/24/1968,0.025
1/25/1968,0.0255
1/26/1968,0.0252
1/29/1968,0.0243
1/30/1968,0.0244
1/31/1968,0.0243
2/1/1968,0.0247
2/2/1968,0.0242
2/5/1968,0.0237
2/6/1968,0.0236
2/7/1968,0.0236
2/8/1968,0.0239
2/9/1968,0.0236
2/13/1968,0.0226
2/14/1968,0.0226
2/15/1968,0.0229
2/16/1968,0.0235
2/19/1968,0.0231
2/20/1968,0.0224
2/21/1968,0.0223
2/23/1968,0.0217
2/26/1968,0.0218
2/27/1968,0.0217
2/28/1968,0.0222
2/29/1968,0.022
3/1/1968,0.0218
3/4/1968,0.021
3/5/1968,0.0207
3/6/1968,0.0203
3/7/1968,0.0207
3/8/1968,0.0206
3/11/1968,0.0207
3/12/1968,0.0205
3/13/1968,0.0209
3/14/1968,0.0214
3/15/1968,0.0215
3/18/1968,0.0206
3/19/1968,0.0204
3/20/1968,0.0208
3/21/1968,0.02
3/22/1968,0.0199
3/25/1968,0.0187
3/26/1968,0.0191
3/27/1968,0.0188
3/28/1968,0.0188
3/29/1968,0.019
4/1/1968,0.0189
4/2/1968,0.0188
4/3/1968,0.0183
4/4/1968,0.0178
4/5/1968,0.0177
4/8/1968,0.0177
4/10/1968,0.0183
4/11/1968,0.019
4/15/1968,0.0194
4/16/1968,0.0189
4/17/1968,0.021
4/18/1968,0.0212
4/19/1968,0.0205
4/22/1968,0.0211
4/23/1968,0.0213
4/24/1968,0.0212
4/25/1968,0.0211
4/26/1968,0.0215
4/29/1968,0.0209
4/30/1968,0.0203
5/1/1968,0.0199
5/2/1968,0.0205
5/3/1968,0.0207
5/6/1968,0.0206
5/7/1968,0.0206
5/8/1968,0.0203
5/9/1968,0.0209
5/10/1968,0.0206
5/13/1968,0.021
5/14/1968,0.0214
5/15/1968,0.0219
5/16/1968,0.0217
5/17/1968,0.0216
5/20/1968,0.0223
5/21/1968,0.0218
5/22/1968,0.0212
5/23/1968,0.0212
5/24/1968,0.0211
5/27/1968,0.0211
5/28/1968,0.0214
5/29/1968,0.0202
5/31/1968,0.0192
6/3/1968,0.0183
6/4/1968,0.0184
6/5/1968,0.0196
6/6/1968,0.0197
6/7/1968,0.019
6/10/1968,0.0182
6/11/1968,0.0185
6/12/1968,0.0192
6/13/1968,0.0196
6/14/1968,0.0204
6/17/1968,0.0202
6/18/1968,0.0205
6/19/1968,0.0206
6/20/1968,0.0215
6/21/1968,0.0212
6/24/1968,0.0213
6/25/1968,0.0208
6/26/1968,0.0203
6/27/1968,0.0195
6/28/1968,0.0199
7/1/1968,0.0196
7/2/1968,0.0205
7/3/1968,0.0204
7/8/1968,0.02
7/9/1968,0.0194
7/10/1968,0.0192
7/11/1968,0.019
7/12/1968,0.0191
7/15/1968,0.019
7/16/1968,0.0196
7/17/1968,0.0189
7/18/1968,0.019
7/19/1968,0.0191
7/22/1968,0.0197
7/23/1968,0.0194
7/24/1968,0.0194
7/25/1968,0.0196
7/26/1968,0.0196
7/29/1968,0.0189
7/30/1968,0.0191
7/31/1968,0.0191
8/1/1968,0.0192
8/2/1968,0.0194
8/5/1968,0.0195
8/6/1968,0.0198
8/7/1968,0.0194
8/8/1968,0.0189
8/9/1968,0.0186
8/12/1968,0.0188
8/13/1968,0.0182
8/14/1968,0.0177
8/15/1968,0.0181
8/16/1968,0.0177
8/19/1968,0.0176
8/20/1968,0.0177
8/21/1968,0.0174
8/22/1968,0.0172
8/23/1968,0.0166
8/26/1968,0.016
8/27/1968,0.016
8/28/1968,0.0161
8/29/1968,0.0165
8/30/1968,0.0163
9/3/1968,0.0153
9/4/1968,0.0151
9/5/1968,0.0155
9/6/1968,0.0155
9/9/1968,0.0149
9/10/1968,0.0148
9/11/1968,0.0159
9/12/1968,0.0169
9/13/1968,0.0171
9/16/1968,0.0188
9/17/1968,0.0189
9/18/1968,0.019
9/19/1968,0.0199
9/20/1968,0.0198
9/23/1968,0.0194
9/24/1968,0.0204
9/25/1968,0.0208
9/26/1968,0.0199
9/27/1968,0.0207
9/30/1968,0.0202
10/1/1968,0.0197
10/2/1968,0.0199
10/3/1968,0.02
10/4/1968,0.0195
10/7/1968,0.0197
10/8/1968,0.0194
10/9/1968,0.0198
10/10/1968,0.0206
10/11/1968,0.0218
10/14/1968,0.0212
10/15/1968,0.0219
10/16/1968,0.0225
10/17/1968,0.0225
10/18/1968,0.0233
10/21/1968,0.0236
10/22/1968,0.0252
10/23/1968,0.0263
10/24/1968,0.0255
10/25/1968,0.0255
10/28/1968,0.0255
10/29/1968,0.0266
10/30/1968,0.0277
10/31/1968,0.0276
11/1/1968,0.0268
11/4/1968,0.0277
11/6/1968,0.0276
11/7/1968,0.0277
11/8/1968,0.0279
11/12/1968,0.027
11/13/1968,0.0265
11/14/1968,0.0287
11/15/1968,0.0295
11/18/1968,0.0305
11/19/1968,0.03
11/20/1968,0.0302
11/21/1968,0.0297
11/22/1968,0.0297
11/25/1968,0.0296
11/26/1968,0.0297
11/27/1968,0.031
11/29/1968,0.0313
12/2/1968,0.031
12/3/1968,0.0309
12/4/1968,0.0309
12/5/1968,0.0318
12/6/1968,0.0311
12/9/1968,0.0308
12/10/1968,0.0296
12/11/1968,0.0303
12/12/1968,0.0308
12/13/1968,0.0303
12/16/1968,0.0297
12/17/1968,0.0297
12/18/1968,0.0297
12/19/1968,0.0299
12/20/1968,0.0301
12/23/1968,0.0314
12/24/1968,0.0313
12/26/1968,0.0309
12/27/1968,0.0312
12/30/1968,0.0308
12/31/1968,0.0308
1/2/1969,0.0311
1/3/1969,0.0312
1/6/1969,0.0309
1/7/1969,0.0306
1/8/1969,0.0299
1/9/1969,0.0296
1/10/1969,0.0297
1/13/1969,0.0302
1/14/1969,0.0305
1/15/1969,0.0307
1/16/1969,0.0307
1/17/1969,0.0306
1/20/1969,0.0308
1/21/1969,0.0298
1/22/1969,0.0299
1/23/1969,0.0303
1/24/1969,0.0306
1/27/1969,0.0299
1/28/1969,0.0305
1/29/1969,0.0305
1/30/1969,0.0307
1/31/1969,0.0305
2/3/1969,0.0304
2/4/1969,0.0305
2/5/1969,0.0307
2/6/1969,0.0308
2/7/1969,0.0319
2/11/1969,0.0332
2/13/1969,0.032
2/14/1969,0.0318
2/17/1969,0.0324
2/18/1969,0.0336
2/19/1969,0.0345
2/20/1969,0.0341
2/24/1969,0.035
2/25/1969,0.0347
2/26/1969,0.0348
2/27/1969,0.0345
2/28/1969,0.0356
3/3/1969,0.0359
3/4/1969,0.0354
3/5/1969,0.0356
3/6/1969,0.0359
3/7/1969,0.0359
3/10/1969,0.0367
3/11/1969,0.0375
3/12/1969,0.0379
3/13/1969,0.0377
3/14/1969,0.0372
3/17/1969,0.0379
3/18/1969,0.0386
3/19/1969,0.0388
3/20/1969,0.0386
3/21/1969,0.039
3/24/1969,0.0394
3/25/1969,0.0402
3/26/1969,0.0399
3/27/1969,0.0394
3/28/1969,0.0381
4/1/1969,0.0391
4/2/1969,0.0384
4/3/1969,0.0375
4/7/1969,0.0374
4/8/1969,0.0378
4/9/1969,0.0392
4/10/1969,0.0402
4/11/1969,0.0404
4/14/1969,0.0387
4/15/1969,0.0392
4/16/1969,0.0385
4/17/1969,0.0401
4/18/1969,0.04
4/21/1969,0.0402
4/22/1969,0.0404
4/23/1969,0.0391
4/24/1969,0.0373
4/25/1969,0.0379
4/28/1969,0.037
4/29/1969,0.0377
4/30/1969,0.0371
5/1/1969,0.0364
5/2/1969,0.0379
5/5/1969,0.0384
5/6/1969,0.0379
5/7/1969,0.0371
5/8/1969,0.0372
5/9/1969,0.0376
5/12/1969,0.037
5/13/1969,0.0385
5/14/1969,0.0389
5/15/1969,0.0397
5/16/1969,0.0386
5/19/1969,0.0384
5/20/1969,0.039
5/21/1969,0.0391
5/22/1969,0.0396
5/23/1969,0.0395
5/26/1969,0.04
5/27/1969,0.0396
5/28/1969,0.0402
5/29/1969,0.04
6/2/1969,0.0403
6/3/1969,0.0394
6/4/1969,0.0399
6/5/1969,0.0405
6/6/1969,0.0402
6/9/1969,0.0401
6/10/1969,0.04
6/11/1969,0.0395
6/12/1969,0.0402
6/13/1969,0.0413
6/16/1969,0.0393
6/17/1969,0.0398
6/18/1969,0.0403
6/19/1969,0.0399
6/20/1969,0.0401
6/23/1969,0.0397
6/24/1969,0.0394
6/25/1969,0.0393
6/26/1969,0.0388
6/27/1969,0.0391
6/30/1969,0.0394
7/1/1969,0.0391
7/2/1969,0.0392
7/3/1969,0.0392
7/7/1969,0.0382
7/8/1969,0.0385
7/9/1969,0.039
7/10/1969,0.039
7/11/1969,0.0391
7/14/1969,0.0388
7/15/1969,0.0382
7/16/1969,0.0383
7/17/1969,0.0376
7/18/1969,0.0369
7/22/1969,0.0373
7/23/1969,0.0354
7/24/1969,0.0337
7/25/1969,0.0342
7/28/1969,0.0345
7/29/1969,0.0342
7/30/1969,0.035
7/31/1969,0.0358
8/1/1969,0.0362
8/4/1969,0.0356
8/5/1969,0.0342
8/6/1969,0.0347
8/7/1969,0.0349
8/8/1969,0.0362
8/11/1969,0.0355
8/12/1969,0.0343
8/13/1969,0.0324
8/14/1969,0.0316
8/15/1969,0.0317
8/18/1969,0.0312
8/19/1969,0.0289
8/20/1969,0.0276
8/21/1969,0.0292
8/22/1969,0.0294
8/25/1969,0.0281
8/26/1969,0.0293
8/27/1969,0.0316
8/28/1969,0.032
8/29/1969,0.0324
9/2/1969,0.0325
9/3/1969,0.0311
9/4/1969,0.0308
9/5/1969,0.0308
9/8/1969,0.0303
9/9/1969,0.0311
9/10/1969,0.0317
9/11/1969,0.0305
9/12/1969,0.031
9/15/1969,0.0309
9/16/1969,0.0307
9/17/1969,0.0322
9/18/1969,0.0318
9/19/1969,0.0328
9/22/1969,0.0334
9/23/1969,0.0333
9/24/1969,0.0335
9/25/1969,0.033
9/26/1969,0.0328
9/29/1969,0.0323
9/30/1969,0.0329
10/1/1969,0.0322
10/2/1969,0.0313
10/3/1969,0.0315
10/6/1969,0.0314
10/7/1969,0.0313
10/8/1969,0.0317
10/9/1969,0.032
10/10/1969,0.0329
10/14/1969,0.0328
10/15/1969,0.0329
10/16/1969,0.033
10/17/1969,0.0338
10/20/1969,0.0356
10/21/1969,0.0348
10/22/1969,0.0348
10/23/1969,0.0353
10/24/1969,0.036
10/27/1969,0.036
10/28/1969,0.0347
10/29/1969,0.0351
10/30/1969,0.0347
10/31/1969,0.0344
11/3/1969,0.0344
11/5/1969,0.0341
11/6/1969,0.0346
11/7/1969,0.035
11/10/1969,0.035
11/12/1969,0.0354
11/13/1969,0.0351
11/14/1969,0.0325
11/17/1969,0.0319
11/18/1969,0.0318
11/19/1969,0.0317
11/20/1969,0.0314
11/21/1969,0.0313
11/24/1969,0.0309
11/25/1969,0.0308
11/26/1969,0.032
11/28/1969,0.0321
12/1/1969,0.0313
12/2/1969,0.031
12/3/1969,0.0312
12/4/1969,0.0309
12/5/1969,0.0302
12/8/1969,0.0294
12/9/1969,0.0295
12/10/1969,0.03
12/11/1969,0.0297
12/12/1969,0.0297
12/15/1969,0.0303
12/16/1969,0.0305
12/17/1969,0.0295
12/18/1969,0.0304
12/19/1969,0.0304
12/22/1969,0.0304
12/23/1969,0.0301
12/24/1969,0.0303
12/29/1969,0.03
12/30/1969,0.0288
12/31/1969,0.0288
1/5/1970,0.0297
1/6/1970,0.0306
1/7/1970,0.0313
1/8/1970,0.0323
1/9/1970,0.0322
1/12/1970,0.0315
1/13/1970,0.0336
1/14/1970,0.0327
1/15/1970,0.0328
1/16/1970,0.0337
1/19/1970,0.0336
1/20/1970,0.0327
1/21/1970,0.0328
1/22/1970,0.0325
1/23/1970,0.0327
1/26/1970,0.0334
1/27/1970,0.0338
1/28/1970,0.0332
1/29/1970,0.0334
1/30/1970,0.0329
2/2/1970,0.0329
2/3/1970,0.0324
2/4/1970,0.0317
2/5/1970,0.0317
2/6/1970,0.0313
2/9/1970,0.0327
2/10/1970,0.0314
2/11/1970,0.0306
2/13/1970,0.0314
2/16/1970,0.0319
2/17/1970,0.0327
2/18/1970,0.0334
2/19/1970,0.034
2/20/1970,0.0336
2/24/1970,0.0347
2/25/1970,0.0345
2/26/1970,0.0346
2/27/1970,0.0339
3/2/1970,0.0336
3/3/1970,0.0343
3/4/1970,0.0338
3/5/1970,0.0338
3/6/1970,0.0337
3/9/1970,0.0343
3/10/1970,0.0351
3/11/1970,0.0353
3/12/1970,0.0346
3/13/1970,0.0342
3/16/1970,0.0346
3/17/1970,0.035
3/18/1970,0.0357
3/19/1970,0.0354
3/20/1970,0.036
3/23/1970,0.0358
3/24/1970,0.0362
3/25/1970,0.0356
3/26/1970,0.0355
3/30/1970,0.0353
3/31/1970,0.0357
4/1/1970,0.0363
4/2/1970,0.0367
4/3/1970,0.0367
4/6/1970,0.0363
4/7/1970,0.0354
4/8/1970,0.0344
4/9/1970,0.0348
4/10/1970,0.0345
4/13/1970,0.0346
4/14/1970,0.0349
4/15/1970,0.0351
4/16/1970,0.0356
4/17/1970,0.0368
4/20/1970,0.0374
4/21/1970,0.037
4/22/1970,0.0378
4/23/1970,0.0384
4/24/1970,0.0379
4/27/1970,0.0385
4/28/1970,0.0388
4/29/1970,0.0393
4/30/1970,0.0393
5/1/1970,0.0396
5/4/1970,0.039
5/5/1970,0.0387
5/6/1970,0.0382
5/7/1970,0.0381
5/8/1970,0.0379
5/11/1970,0.0371
5/12/1970,0.038
5/13/1970,0.0384
5/14/1970,0.0375
5/15/1970,0.0374
5/18/1970,0.0374
5/19/1970,0.0378
5/20/1970,0.0367
5/21/1970,0.0366
5/22/1970,0.0371
5/25/1970,0.037
5/26/1970,0.0382
5/27/1970,0.0378
5/28/1970,0.0381
6/1/1970,0.0379
6/2/1970,0.0372
6/3/1970,0.0376
6/4/1970,0.0371
6/5/1970,0.0377
6/8/1970,0.0378
6/9/1970,0.0384
6/10/1970,0.0376
6/11/1970,0.0388
6/12/1970,0.0394
6/15/1970,0.0397
6/16/1970,0.0393
6/17/1970,0.0388
6/18/1970,0.0386
6/19/1970,0.0389
6/22/1970,0.0396
6/23/1970,0.0388
6/24/1970,0.0388
6/25/1970,0.0389
6/26/1970,0.0395
6/29/1970,0.0399
6/30/1970,0.0397
7/1/1970,0.0392
7/2/1970,0.0394
7/6/1970,0.0395
7/7/1970,0.0386
7/8/1970,0.0382
7/9/1970,0.0386
7/10/1970,0.0389
7/13/1970,0.0391
7/14/1970,0.0392
7/15/1970,0.0395
7/16/1970,0.0396
7/17/1970,0.0392
7/20/1970,0.0394
7/21/1970,0.0394
7/22/1970,0.039
7/23/1970,0.0387
7/24/1970,0.0388
7/27/1970,0.039
7/28/1970,0.0383
7/29/1970,0.0384
7/30/1970,0.0371
7/31/1970,0.0376
8/3/1970,0.0374
8/4/1970,0.0375
8/5/1970,0.038
8/6/1970,0.0388
8/7/1970,0.0384
8/10/1970,0.038
8/11/1970,0.0378
8/12/1970,0.0381
8/13/1970,0.0384
8/14/1970,0.0388
8/17/1970,0.0388
8/18/1970,0.0399
8/19/1970,0.0395
8/20/1970,0.0395
8/21/1970,0.04
8/24/1970,0.0417
8/25/1970,0.0417
8/26/1970,0.0407
8/27/1970,0.0408
8/28/1970,0.0413
8/31/1970,0.0412
9/1/1970,0.0403
9/2/1970,0.0396
9/3/1970,0.0397
9/4/1970,0.0403
9/8/1970,0.0404
9/9/1970,0.0405
9/10/1970,0.0414
9/11/1970,0.041
9/14/1970,0.0386
9/15/1970,0.0378
9/16/1970,0.037
9/17/1970,0.0371
9/18/1970,0.0371
9/21/1970,0.0371
9/22/1970,0.0371
9/23/1970,0.0371
9/24/1970,0.0371
9/25/1970,0.0373
9/28/1970,0.0376
9/29/1970,0.0383
9/30/1970,0.038
10/1/1970,0.0377
10/2/1970,0.0377
10/5/1970,0.0377
10/6/1970,0.0381
10/7/1970,0.0379
10/8/1970,0.0378
10/9/1970,0.038
10/13/1970,0.0384
10/14/1970,0.0385
10/15/1970,0.0384
10/16/1970,0.0387
10/19/1970,0.0391
10/20/1970,0.0394
10/21/1970,0.0396
10/22/1970,0.0394
10/23/1970,0.04
10/26/1970,0.0398
10/27/1970,0.0399
10/28/1970,0.0397
10/29/1970,0.0402
10/30/1970,0.0409
11/2/1970,0.0407
11/4/1970,0.0415
11/5/1970,0.042
11/6/1970,0.0425
11/9/1970,0.0422
11/10/1970,0.0414
11/12/1970,0.0413
11/13/1970,0.0418
11/16/1970,0.0416
11/17/1970,0.0418
11/18/1970,0.0418
11/19/1970,0.0421
11/20/1970,0.044
11/23/1970,0.0437
11/24/1970,0.0426
11/25/1970,0.0431
11/27/1970,0.0425
11/30/1970,0.0424
12/1/1970,0.0424
12/2/1970,0.0413
12/3/1970,0.0407
12/4/1970,0.0412
12/7/1970,0.0418
12/8/1970,0.0415
12/9/1970,0.0411
12/10/1970,0.0407
12/11/1970,0.0411
12/14/1970,0.0408
12/15/1970,0.0419
12/16/1970,0.0419
12/17/1970,0.0423
12/18/1970,0.0422
12/21/1970,0.0427
12/22/1970,0.0423
12/23/1970,0.0429
12/24/1970,0.0426
12/28/1970,0.0435
12/29/1970,0.0434
12/30/1970,0.0438
12/31/1970,0.0436
1/4/1971,0.0439
1/5/1971,0.0454
1/6/1971,0.0455
1/7/1971,0.045
1/8/1971,0.0456
1/11/1971,0.0455
1/12/1971,0.0459
1/13/1971,0.0483
1/14/1971,0.0478
1/15/1971,0.0504
1/18/1971,0.0488
1/19/1971,0.0474
1/20/1971,0.049
1/21/1971,0.05
1/22/1971,0.0495
1/25/1971,0.05
1/26/1971,0.0498
1/27/1971,0.0519
1/28/1971,0.0511
1/29/1971,0.0525
2/1/1971,0.0505
2/2/1971,0.0492
2/3/1971,0.0489
2/4/1971,0.0484
2/5/1971,0.0471
2/8/1971,0.048
2/9/1971,0.0474
2/10/1971,0.0463
2/11/1971,0.0469
2/16/1971,0.0501
2/17/1971,0.0492
2/18/1971,0.0492
2/19/1971,0.0496
2/22/1971,0.0485
2/23/1971,0.0483
2/24/1971,0.0491
2/25/1971,0.0483
2/26/1971,0.0483
3/1/1971,0.0482
3/2/1971,0.048
3/3/1971,0.0481
3/4/1971,0.0486
3/5/1971,0.0496
3/8/1971,0.0497
3/9/1971,0.0501
3/10/1971,0.0511
3/11/1971,0.0494
3/12/1971,0.0466
3/15/1971,0.045
3/16/1971,0.046
3/17/1971,0.0454
3/18/1971,0.0447
3/19/1971,0.0436
3/22/1971,0.0433
3/23/1971,0.0446
3/24/1971,0.0455
3/25/1971,0.0459
3/26/1971,0.0463
3/29/1971,0.0471
3/30/1971,0.046
3/31/1971,0.0463
4/1/1971,0.0468
4/2/1971,0.0462
4/5/1971,0.0457
4/6/1971,0.0466
4/7/1971,0.0472
4/8/1971,0.0482
4/12/1971,0.0481
4/13/1971,0.0471
4/14/1971,0.0467
4/15/1971,0.047
4/16/1971,0.0471
4/19/1971,0.0471
4/20/1971,0.0469
4/21/1971,0.0463
4/22/1971,0.0462
4/23/1971,0.0461
4/26/1971,0.0456
4/27/1971,0.0445
4/28/1971,0.0451
4/29/1971,0.045
4/30/1971,0.0446
5/3/1971,0.0443
5/4/1971,0.0433
5/5/1971,0.0438
5/6/1971,0.0438
5/7/1971,0.0438
5/10/1971,0.0436
5/11/1971,0.0441
5/12/1971,0.0451
5/13/1971,0.0451
5/14/1971,0.0446
5/17/1971,0.0438
5/18/1971,0.0443
5/19/1971,0.0447
5/20/1971,0.0443
5/21/1971,0.044
5/24/1971,0.0439
5/25/1971,0.0434
5/26/1971,0.0433
5/27/1971,0.0431
5/28/1971,0.0427
6/1/1971,0.0416
6/2/1971,0.0415
6/3/1971,0.0418
6/4/1971,0.0417
6/7/1971,0.0411
6/8/1971,0.0415
6/9/1971,0.0414
6/10/1971,0.0408
6/11/1971,0.0401
6/14/1971,0.0406
6/15/1971,0.0411
6/16/1971,0.0414
6/17/1971,0.042
6/18/1971,0.0424
6/21/1971,0.0418
6/22/1971,0.0428
6/23/1971,0.0433
6/24/1971,0.0427
6/25/1971,0.0431
6/28/1971,0.0432
6/29/1971,0.0433
6/30/1971,0.042
7/1/1971,0.0424
7/2/1971,0.0424
7/6/1971,0.0433
7/7/1971,0.0428
7/8/1971,0.0425
7/9/1971,0.0421
7/12/1971,0.0415
7/13/1971,0.0417
7/14/1971,0.0417
7/15/1971,0.0422
7/16/1971,0.0418
7/19/1971,0.0416
7/20/1971,0.0414
7/21/1971,0.0426
7/22/1971,0.0424
7/23/1971,0.0418
7/26/1971,0.0421
7/27/1971,0.0426
7/28/1971,0.0439
7/29/1971,0.0436
7/30/1971,0.0432
8/2/1971,0.0435
8/3/1971,0.0443
8/4/1971,0.0446
8/5/1971,0.0442
8/6/1971,0.0449
8/9/1971,0.0452
8/10/1971,0.0447
8/11/1971,0.0442
8/12/1971,0.0444
8/13/1971,0.0452
8/16/1971,0.0457
8/17/1971,0.0455
8/18/1971,0.0459
8/19/1971,0.0452
8/20/1971,0.0453
8/23/1971,0.0433
8/24/1971,0.0436
8/25/1971,0.0432
8/26/1971,0.0436
8/27/1971,0.0432
8/30/1971,0.042
8/31/1971,0.0421
9/1/1971,0.0423
9/2/1971,0.0423
9/3/1971,0.0424
9/7/1971,0.0409
9/8/1971,0.0395
9/9/1971,0.0402
9/10/1971,0.0401
9/13/1971,0.041
9/14/1971,0.0407
9/15/1971,0.0393
9/16/1971,0.0391
9/17/1971,0.038
9/20/1971,0.0387
9/21/1971,0.0394
9/22/1971,0.0396
9/23/1971,0.0397
9/24/1971,0.0395
9/27/1971,0.0419
9/28/1971,0.0426
9/29/1971,0.0438
9/30/1971,0.0456
10/1/1971,0.0473
10/4/1971,0.0468
10/5/1971,0.0472
10/6/1971,0.0475
10/7/1971,0.0482
10/8/1971,0.0476
10/12/1971,0.0478
10/13/1971,0.049
10/14/1971,0.0476
10/15/1971,0.0474
10/18/1971,0.0477
10/19/1971,0.0476
10/20/1971,0.0482
10/21/1971,0.0484
10/22/1971,0.0487
10/26/1971,0.0482
10/27/1971,0.0496
10/28/1971,0.049
10/29/1971,0.0485
11/1/1971,0.0488
11/3/1971,0.0485
11/4/1971,0.0486
11/5/1971,0.0475
11/8/1971,0.0476
11/9/1971,0.0479
11/10/1971,0.0477
11/11/1971,0.0473
11/12/1971,0.0475
11/15/1971,0.0471
11/16/1971,0.048
11/17/1971,0.0484
11/18/1971,0.0486
11/19/1971,0.0485
11/22/1971,0.0497
11/23/1971,0.0495
11/24/1971,0.051
11/26/1971,0.0508
11/29/1971,0.0512
11/30/1971,0.0515
12/1/1971,0.0519
12/2/1971,0.0511
12/3/1971,0.052
12/6/1971,0.0513
12/7/1971,0.0511
12/8/1971,0.0514
12/9/1971,0.0519
12/10/1971,0.0535
12/13/1971,0.0555
12/14/1971,0.0588
12/15/1971,0.0621
12/16/1971,0.0615
12/17/1971,0.0662
12/20/1971,0.0685
12/21/1971,0.0687
12/22/1971,0.0739
12/23/1971,0.0789
12/27/1971,0.0739
12/28/1971,0.0746
12/29/1971,0.0755
12/30/1971,0.0799
1/3/1972,0.0849
1/4/1972,0.0845
1/5/1972,0.0886
1/6/1972,0.0835
1/7/1972,0.0819
1/10/1972,0.0865
1/11/1972,0.0825
1/12/1972,0.0771
1/13/1972,0.0823
1/14/1972,0.0826
1/17/1972,0.0843
1/18/1972,0.0806
1/19/1972,0.084
1/20/1972,0.085
1/21/1972,0.089
1/24/1972,0.0854
1/25/1972,0.0868
1/26/1972,0.0831
1/27/1972,0.084
1/28/1972,0.085
1/31/1972,0.0863
2/1/1972,0.0867
2/2/1972,0.0919
2/3/1972,0.0926
2/4/1972,0.093
2/7/1972,0.0879
2/8/1972,0.0871
2/9/1972,0.0837
2/10/1972,0.0857
2/11/1972,0.0858
2/14/1972,0.0855
2/15/1972,0.0858
2/16/1972,0.084
2/17/1972,0.0843
2/18/1972,0.086
2/22/1972,0.0852
2/23/1972,0.0858
2/24/1972,0.0868
2/25/1972,0.0869
2/28/1972,0.089
2/29/1972,0.0912
3/1/1972,0.0934
3/2/1972,0.094
3/3/1972,0.0955
3/6/1972,0.0991
3/7/1972,0.098
3/8/1972,0.0981
3/9/1972,0.101
3/10/1972,0.0992
3/13/1972,0.0959
3/14/1972,0.0913
3/15/1972,0.0904
3/16/1972,0.086
3/17/1972,0.081
3/20/1972,0.0838
3/21/1972,0.0867
3/22/1972,0.0818
3/23/1972,0.0768
3/24/1972,0.0741
3/27/1972,0.0824
3/28/1972,0.078
3/29/1972,0.0784
3/30/1972,0.0803
4/4/1972,0.0816
4/5/1972,0.0816
4/6/1972,0.076
4/7/1972,0.0738
4/10/1972,0.069
4/11/1972,0.0645
4/12/1972,0.0682
4/13/1972,0.0672
4/14/1972,0.0679
4/17/1972,0.071
4/18/1972,0.0763
4/19/1972,0.0779
4/20/1972,0.0772
4/21/1972,0.0746
4/24/1972,0.0745
4/25/1972,0.0764
4/26/1972,0.0725
4/27/1972,0.0719
4/28/1972,0.0758
5/1/1972,0.0756
5/2/1972,0.0767
5/3/1972,0.074
5/4/1972,0.0736
5/5/1972,0.0729
5/8/1972,0.0721
5/9/1972,0.0717
5/10/1972,0.0691
5/11/1972,0.0643
5/12/1972,0.065
5/15/1972,0.0662
5/16/1972,0.0678
5/17/1972,0.0673
5/18/1972,0.0676
5/19/1972,0.0708
5/22/1972,0.0723
5/23/1972,0.0732
5/24/1972,0.0745
5/25/1972,0.0736
5/26/1972,0.0718
5/30/1972,0.0671
5/31/1972,0.0716
6/1/1972,0.0711
6/2/1972,0.0715
6/5/1972,0.0704
6/6/1972,0.07
6/7/1972,0.0717
6/8/1972,0.0722
6/9/1972,0.0724
6/12/1972,0.0716
6/13/1972,0.0698
6/14/1972,0.0668
6/15/1972,0.0682
6/16/1972,0.0655
6/19/1972,0.0667
6/20/1972,0.0657
6/21/1972,0.0637
6/22/1972,0.0619
6/23/1972,0.0612
6/26/1972,0.0576
6/27/1972,0.0597
6/28/1972,0.0597
6/29/1972,0.0582
6/30/1972,0.0579
7/3/1972,0.0589
7/5/1972,0.0603
7/6/1972,0.0631
7/7/1972,0.0579
7/10/1972,0.0568
7/11/1972,0.0576
7/12/1972,0.0584
7/13/1972,0.0578
7/14/1972,0.0595
7/17/1972,0.0587
7/18/1972,0.0596
7/19/1972,0.0578
7/20/1972,0.0563
7/21/1972,0.0561
7/24/1972,0.0554
7/25/1972,0.0521
7/26/1972,0.0528
7/27/1972,0.052
7/28/1972,0.0515
7/31/1972,0.0514
8/1/1972,0.0534
8/2/1972,0.0542
8/3/1972,0.0546
8/4/1972,0.059
8/7/1972,0.0611
8/8/1972,0.0593
8/9/1972,0.0566
8/10/1972,0.0596
8/11/1972,0.0626
8/14/1972,0.0626
8/15/1972,0.0603
8/16/1972,0.0632
8/17/1972,0.0635
8/18/1972,0.0667
8/21/1972,0.0691
8/22/1972,0.0682
8/23/1972,0.0733
8/24/1972,0.073
8/25/1972,0.0737
8/28/1972,0.0765
8/29/1972,0.0732
8/30/1972,0.0778
8/31/1972,0.078
9/1/1972,0.0804
9/5/1972,0.076
9/6/1972,0.0758
9/7/1972,0.0705
9/8/1972,0.0655
9/11/1972,0.066
9/12/1972,0.0636
9/13/1972,0.0704
9/14/1972,0.0691
9/15/1972,0.0684
9/18/1972,0.069
9/19/1972,0.0691
9/20/1972,0.0722
9/21/1972,0.07
9/22/1972,0.0735
9/25/1972,0.0711
9/26/1972,0.0745
9/27/1972,0.0742
9/28/1972,0.0792
9/29/1972,0.0786
10/2/1972,0.0788
10/3/1972,0.0785
10/4/1972,0.0779
10/5/1972,0.0751
10/6/1972,0.076
10/10/1972,0.0783
10/11/1972,0.0775
10/12/1972,0.077
10/13/1972,0.0779
10/16/1972,0.0807
10/17/1972,0.0782
10/18/1972,0.0787
10/19/1972,0.078
10/20/1972,0.0786
10/24/1972,0.0775
10/25/1972,0.074
10/26/1972,0.0727
10/27/1972,0.0737
10/30/1972,0.0707
10/31/1972,0.0721
11/1/1972,0.0755
11/2/1972,0.0747
11/3/1972,0.0747
11/6/1972,0.0752
11/8/1972,0.0772
11/9/1972,0.075
11/10/1972,0.0765
11/13/1972,0.0738
11/14/1972,0.0732
11/15/1972,0.0743
11/16/1972,0.0743
11/17/1972,0.0749
11/20/1972,0.0736
11/21/1972,0.0724
11/22/1972,0.0732
11/24/1972,0.0744
11/27/1972,0.0747
11/28/1972,0.076
11/29/1972,0.0766
11/30/1972,0.0791
12/1/1972,0.0824
12/4/1972,0.087
12/5/1972,0.0902
12/6/1972,0.0885
12/7/1972,0.0921
12/8/1972,0.0932
12/11/1972,0.097
12/12/1972,0.0925
12/13/1972,0.0959
12/14/1972,0.0957
12/15/1972,0.098
12/18/1972,0.0941
12/19/1972,0.0959
12/20/1972,0.0962
12/21/1972,0.098
12/26/1972,0.098
12/27/1972,0.0954
12/29/1972,0.0996
1/2/1973,0.0974
1/3/1973,0.0945
1/4/1973,0.0965
1/5/1973,0.0948
1/8/1973,0.0965
1/9/1973,0.0987
1/10/1973,0.0992
1/11/1973,0.1011
1/12/1973,0.104
1/15/1973,0.1031
1/16/1973,0.1005
1/17/1973,0.0981
1/18/1973,0.0931
1/19/1973,0.0885
1/22/1973,0.091
1/23/1973,0.086
1/24/1973,0.0873
1/26/1973,0.0923
1/29/1973,0.092
1/30/1973,0.0916
1/31/1973,0.0948
2/1/1973,0.0966
2/2/1973,0.098
2/5/1973,0.0957
2/6/1973,0.0926
2/7/1973,0.0924
2/8/1973,0.0889
2/9/1973,0.0907
2/13/1973,0.088
2/14/1973,0.0859
2/15/1973,0.0855
2/16/1973,0.0839
2/20/1973,0.0889
2/21/1973,0.0904
2/22/1973,0.0899
2/23/1973,0.0887
2/26/1973,0.085
2/27/1973,0.088
2/28/1973,0.091
3/1/1973,0.0932
3/2/1973,0.0882
3/5/1973,0.0861
3/6/1973,0.0887
3/7/1973,0.0911
3/8/1973,0.0894
3/9/1973,0.0898
3/12/1973,0.0887
3/13/1973,0.0862
3/14/1973,0.0887
3/15/1973,0.0878
3/16/1973,0.0883
3/19/1973,0.0863
3/20/1973,0.0874
3/21/1973,0.0853
3/22/1973,0.0876
3/23/1973,0.092
3/26/1973,0.0912
3/27/1973,0.0913
3/28/1973,0.0911
3/29/1973,0.0944
3/30/1973,0.0946
4/2/1973,0.0906
4/3/1973,0.0916
4/4/1973,0.0911
4/5/1973,0.0915
4/6/1973,0.0908
4/9/1973,0.0881
4/10/1973,0.0874
4/11/1973,0.0874
4/12/1973,0.0888
4/13/1973,0.0902
4/16/1973,0.0908
4/17/1973,0.0893
4/18/1973,0.092
4/19/1973,0.0922
4/23/1973,0.0932
4/24/1973,0.091
4/25/1973,0.0898
4/26/1973,0.0912
4/27/1973,0.0924
4/30/1973,0.0912
5/1/1973,0.0899
5/2/1973,0.0895
5/3/1973,0.0904
5/4/1973,0.09
5/7/1973,0.0894
5/8/1973,0.0908
5/9/1973,0.093
5/10/1973,0.0929
5/11/1973,0.0898
5/14/1973,0.0929
5/15/1973,0.0912
5/16/1973,0.0924
5/17/1973,0.0942
5/18/1973,0.0992
5/21/1973,0.1029
5/22/1973,0.1063
5/23/1973,0.106
5/24/1973,0.1066
5/25/1973,0.1092
5/29/1973,0.1103
5/30/1973,0.1053
5/31/1973,0.1054
6/1/1973,0.1047
6/4/1973,0.1036
6/5/1973,0.1
6/6/1973,0.095
6/7/1973,0.0965
6/8/1973,0.0952
6/11/1973,0.0929
6/12/1973,0.0913
6/13/1973,0.094
6/14/1973,0.0963
6/15/1973,0.0994
6/18/1973,0.101
6/19/1973,0.0994
6/20/1973,0.0991
6/21/1973,0.0974
6/22/1973,0.0965
6/25/1973,0.0989
6/26/1973,0.0971
6/27/1973,0.0962
6/28/1973,0.0917
6/29/1973,0.0912
7/2/1973,0.0925
7/3/1973,0.092
7/5/1973,0.0961
7/6/1973,0.096
7/9/1973,0.0952
7/10/1973,0.0934
7/11/1973,0.0958
7/12/1973,0.0911
7/13/1973,0.0907
7/16/1973,0.0938
7/17/1973,0.0911
7/18/1973,0.0924
7/19/1973,0.0937
7/20/1973,0.0944
7/23/1973,0.0994
7/24/1973,0.0965
7/25/1973,0.0984
7/26/1973,0.0965
7/27/1973,0.0927
7/30/1973,0.0943
7/31/1973,0.0953
8/1/1973,0.0948
8/2/1973,0.0924
8/3/1973,0.0954
8/6/1973,0.0954
8/7/1973,0.0907
8/8/1973,0.0925
8/9/1973,0.0929
8/10/1973,0.0914
8/13/1973,0.0864
8/14/1973,0.0843
8/15/1973,0.0834
8/16/1973,0.0864
8/17/1973,0.0861
8/20/1973,0.0852
8/21/1973,0.0859
8/22/1973,0.087
8/23/1973,0.088
8/24/1973,0.0886
8/27/1973,0.0868
8/28/1973,0.0866
8/29/1973,0.0878
8/30/1973,0.0863
8/31/1973,0.0873
9/4/1973,0.0845
9/5/1973,0.0851
9/6/1973,0.0834
9/7/1973,0.0844
9/10/1973,0.0852
9/11/1973,0.0857
9/12/1973,0.0852
9/13/1973,0.0851
9/14/1973,0.0893
9/17/1973,0.0911
9/18/1973,0.0927
9/19/1973,0.0962
9/20/1973,0.0931
9/21/1973,0.0934
9/24/1973,0.0934
9/25/1973,0.0922
9/26/1973,0.0945
9/27/1973,0.093
9/28/1973,0.0906
10/1/1973,0.0878
10/2/1973,0.0918
10/3/1973,0.0921
10/4/1973,0.0921
10/5/1973,0.0927
10/9/1973,0.0953
10/10/1973,0.0962
10/11/1973,0.0929
10/12/1973,0.0896
10/15/1973,0.0885
10/16/1973,0.091
10/17/1973,0.0898
10/18/1973,0.0911
10/19/1973,0.0917
10/23/1973,0.0918
10/24/1973,0.0955
10/25/1973,0.095
10/26/1973,0.097
10/29/1973,0.0993
10/30/1973,0.0976
10/31/1973,0.0986
11/1/1973,0.1019
11/2/1973,0.0994
11/5/1973,0.0979
11/7/1973,0.1008
11/8/1973,0.0996
11/9/1973,0.1012
11/12/1973,0.1026
11/13/1973,0.1028
11/14/1973,0.1011
11/15/1973,0.1009
11/16/1973,0.1059
11/19/1973,0.1074
11/20/1973,0.1024
11/21/1973,0.1018
11/23/1973,0.102
11/26/1973,0.097
11/27/1973,0.0937
11/28/1973,0.0976
11/29/1973,0.0986
11/30/1973,0.0988
12/3/1973,0.0982
12/4/1973,0.1001
12/5/1973,0.0986
12/6/1973,0.1036
12/7/1973,0.1027
12/10/1973,0.107
12/11/1973,0.1072
12/12/1973,0.1122
12/13/1973,0.1108
12/14/1973,0.1126
12/17/1973,0.1176
12/18/1973,0.117
12/19/1973,0.122
12/20/1973,0.125
12/21/1973,0.1254
12/26/1973,0.1304
12/27/1973,0.1333
12/28/1973,0.1283
12/31/1973,0.1233
1/2/1974,0.1283
1/3/1974,0.1233
1/4/1974,0.1248
1/7/1974,0.1258
1/8/1974,0.1241
1/9/1974,0.1289
1/10/1974,0.1339
1/11/1974,0.1389
1/14/1974,0.1439
1/15/1974,0.1489
1/16/1974,0.1439
1/17/1974,0.1489
1/18/1974,0.1539
1/21/1974,0.1548
1/22/1974,0.1501
1/23/1974,0.1504
1/24/1974,0.1554
1/25/1974,0.1604
1/28/1974,0.1704
1/29/1974,0.179
1/30/1974,0.1804
1/31/1974,0.1852
2/1/1974,0.181
2/4/1974,0.1735
2/5/1974,0.1876
2/6/1974,0.185
2/7/1974,0.181
2/8/1974,0.184
2/11/1974,0.1928
2/13/1974,0.2042
2/14/1974,0.208
2/15/1974,0.2124
2/19/1974,0.2378
2/20/1974,0.2463
2/21/1974,0.2696
2/22/1974,0.2555
2/25/1974,0.2283
2/26/1974,0.2197
2/27/1974,0.2107
2/28/1974,0.2047
3/1/1974,0.2128
3/4/1974,0.2228
3/5/1974,0.2195
3/6/1974,0.2095
3/7/1974,0.1995
3/8/1974,0.1976
3/11/1974,0.2076
3/12/1974,0.2176
3/13/1974,0.2076
3/14/1974,0.2039
3/15/1974,0.21
3/18/1974,0.22
3/19/1974,0.2231
3/20/1974,0.2222
3/21/1974,0.2122
3/22/1974,0.2118
3/25/1974,0.2018
3/26/1974,0.1925
3/27/1974,0.1831
3/28/1974,0.1923
3/29/1974,0.2023
4/1/1974,0.1892
4/2/1974,0.1888
4/3/1974,0.1968
4/4/1974,0.21
4/5/1974,0.216
4/8/1974,0.199
4/9/1974,0.2037
4/10/1974,0.2175
4/11/1974,0.2154
4/15/1974,0.2205
4/16/1974,0.2182
4/17/1974,0.2272
4/18/1974,0.239
4/19/1974,0.2388
4/22/1974,0.2375
4/23/1974,0.2135
4/24/1974,0.2194
4/25/1974,0.2237
4/26/1974,0.2234
4/29/1974,0.2197
4/30/1974,0.2255
5/1/1974,0.2344
5/2/1974,0.2394
5/3/1974,0.2445
5/6/1974,0.2345
5/7/1974,0.2445
5/8/1974,0.2508
5/9/1974,0.245
5/10/1974,0.2492
5/13/1974,0.24
5/14/1974,0.2382
5/15/1974,0.2358
5/16/1974,0.2458
5/17/1974,0.2395
5/20/1974,0.2295
5/21/1974,0.2207
5/22/1974,0.219
5/23/1974,0.2214
5/24/1974,0.2246
5/28/1974,0.2146
5/29/1974,0.2246
5/30/1974,0.2308
5/31/1974,0.2347
6/3/1974,0.2431
6/4/1974,0.2453
6/5/1974,0.242
6/6/1974,0.2512
6/7/1974,0.2579
6/10/1974,0.2498
6/11/1974,0.236
6/12/1974,0.2262
6/13/1974,0.2249
6/14/1974,0.238
6/17/1974,0.2448
6/18/1974,0.2345
6/19/1974,0.2253
6/20/1974,0.2354
6/21/1974,0.2277
6/24/1974,0.2131
6/25/1974,0.2222
6/26/1974,0.2183
6/27/1974,0.2216
6/28/1974,0.2137
7/1/1974,0.2132
7/2/1974,0.209
7/3/1974,0.2123
7/5/1974,0.2178
7/8/1974,0.218
7/9/1974,0.2147
7/10/1974,0.222
7/11/1974,0.217
7/12/1974,0.227
7/15/1974,0.2337
7/16/1974,0.2347
7/17/1974,0.2315
7/18/1974,0.2415
7/19/1974,0.2515
7/22/1974,0.2585
7/23/1974,0.2485
7/24/1974,0.2585
7/25/1974,0.257
7/26/1974,0.267
7/29/1974,0.257
7/30/1974,0.26
7/31/1974,0.2582
8/1/1974,0.2682
8/2/1974,0.2769
8/5/1974,0.2794
8/6/1974,0.2894
8/7/1974,0.2994
8/8/1974,0.2894
8/9/1974,0.2802
8/12/1974,0.2736
8/13/1974,0.2836
8/14/1974,0.2736
8/15/1974,0.2792
8/16/1974,0.2889
8/19/1974,0.2989
8/20/1974,0.305
8/21/1974,0.3105
8/22/1974,0.3205
8/23/1974,0.312
8/26/1974,0.322
8/27/1974,0.332
8/28/1974,0.342
8/29/1974,0.352
8/30/1974,0.342
9/3/1974,0.3731
9/4/1974,0.3545
9/5/1974,0.33
9/6/1974,0.3303
9/9/1974,0.3498
9/10/1974,0.3207
9/11/1974,0.3348
9/12/1974,0.31
9/13/1974,0.3235
9/16/1974,0.3212
9/17/1974,0.3305
9/18/1974,0.3305
9/19/1974,0.3513
9/20/1974,0.3616
9/23/1974,0.3556
9/24/1974,0.3593
9/25/1974,0.3475
9/26/1974,0.3385
9/27/1974,0.3368
9/30/1974,0.3338
10/1/1974,0.3244
10/2/1974,0.3344
10/3/1974,0.3402
10/4/1974,0.3488
10/7/1974,0.3547
10/8/1974,0.3647
10/9/1974,0.3722
10/10/1974,0.3651
10/11/1974,0.3751
10/15/1974,0.3851
10/16/1974,0.3951
10/17/1974,0.3994
10/18/1974,0.3954
10/21/1974,0.4054
10/22/1974,0.4115
10/23/1974,0.4015
10/24/1974,0.4115
10/25/1974,0.4197
10/28/1974,0.4297
10/29/1974,0.4397
10/30/1974,0.4497
10/31/1974,0.4597
11/1/1974,0.4697
11/4/1974,0.4897
11/6/1974,0.5097
11/7/1974,0.5297
11/8/1974,0.5497
11/12/1974,0.5697
11/13/1974,0.5543
11/14/1974,0.572
11/15/1974,0.592
11/18/1974,0.612
11/19/1974,0.632
11/20/1974,0.652
11/21/1974,0.632
11/22/1974,0.612
11/25/1974,0.592
11/26/1974,0.572
11/27/1974,0.552
11/29/1974,0.532
12/2/1974,0.512
12/3/1974,0.492
12/4/1974,0.472
12/5/1974,0.4795
12/6/1974,0.499
12/9/1974,0.479
12/10/1974,0.459
12/11/1974,0.439
12/12/1974,0.4275
12/13/1974,0.4437
12/16/1974,0.4237
12/17/1974,0.4037
12/18/1974,0.407
12/19/1974,0.4072
12/20/1974,0.4272
12/23/1974,0.4472
12/27/1974,0.4572
12/30/1974,0.4672
12/31/1974,0.472
1/2/1975,0.452
1/3/1975,0.456
1/6/1975,0.436
1/7/1975,0.416
1/8/1975,0.396
1/9/1975,0.376
1/10/1975,0.3695
1/13/1975,0.3515
1/14/1975,0.364
1/15/1975,0.3835
1/16/1975,0.3832
1/17/1975,0.388
1/20/1975,0.3805
1/21/1975,0.3605
1/22/1975,0.348
1/23/1975,0.358
1/24/1975,0.372
1/27/1975,0.392
1/28/1975,0.372
1/29/1975,0.37
1/30/1975,0.363
1/31/1975,0.3565
2/3/1975,0.3347
2/4/1975,0.3435
2/5/1975,0.337
2/6/1975,0.3598
2/7/1975,0.3574
2/10/1975,0.371
2/11/1975,0.3694
2/13/1975,0.364
2/14/1975,0.362
2/18/1975,0.367
2/19/1975,0.3515
2/20/1975,0.347
2/21/1975,0.334
2/24/1975,0.312
2/25/1975,0.2964
2/26/1975,0.3065
2/27/1975,0.2857
2/28/1975,0.2862
3/3/1975,0.2837
3/4/1975,0.2745
3/5/1975,0.2715
3/6/1975,0.2815
3/7/1975,0.27
3/10/1975,0.262
3/11/1975,0.282
3/12/1975,0.2875
3/13/1975,0.2809
3/14/1975,0.2843
3/17/1975,0.2863
3/18/1975,0.2663
3/19/1975,0.2463
3/20/1975,0.24
3/21/1975,0.246
3/24/1975,0.2488
3/25/1975,0.2493
3/26/1975,0.252
3/27/1975,0.2565
3/31/1975,0.254
4/1/1975,0.2501
4/2/1975,0.2439
4/3/1975,0.2425
4/4/1975,0.2368
4/7/1975,0.2307
4/8/1975,0.247
4/9/1975,0.243
4/10/1975,0.243
4/11/1975,0.2435
4/14/1975,0.2567
4/15/1975,0.262
4/16/1975,0.256
4/17/1975,0.2492
4/18/1975,0.2555
4/21/1975,0.2648
4/22/1975,0.2605
4/23/1975,0.2525
4/24/1975,0.2406
4/25/1975,0.2228
4/28/1975,0.199
4/29/1975,0.1994
4/30/1975,0.1892
5/1/1975,0.191
5/2/1975,0.1925
5/5/1975,0.1743
5/6/1975,0.1719
5/7/1975,0.1805
5/8/1975,0.1808
5/9/1975,0.1719
5/12/1975,0.175
5/13/1975,0.176
5/14/1975,0.1682
5/15/1975,0.1648
5/16/1975,0.1648
5/19/1975,0.1688
5/20/1975,0.1755
5/21/1975,0.169
5/22/1975,0.1705
5/23/1975,0.174
5/27/1975,0.167
5/28/1975,0.1592
5/29/1975,0.1558
5/30/1975,0.152
6/2/1975,0.1458
6/3/1975,0.1513
6/4/1975,0.1512
6/5/1975,0.1531
6/6/1975,0.1585
6/9/1975,0.163
6/10/1975,0.1487
6/11/1975,0.1387
6/12/1975,0.1348
6/13/1975,0.127
6/16/1975,0.1294
6/17/1975,0.1242
6/18/1975,0.1192
6/19/1975,0.1202
6/20/1975,0.122
6/23/1975,0.1265
6/24/1975,0.1318
6/25/1975,0.1216
6/26/1975,0.1217
6/27/1975,0.1295
6/30/1975,0.1371
7/1/1975,0.1325
7/2/1975,0.1311
7/3/1975,0.1344
7/7/1975,0.1398
7/8/1975,0.1498
7/9/1975,0.1598
7/10/1975,0.1674
7/11/1975,0.176
7/14/1975,0.166
7/15/1975,0.156
7/16/1975,0.162
7/17/1975,0.165
7/18/1975,0.1573
7/21/1975,0.1673
7/22/1975,0.1696
7/23/1975,0.1735
7/24/1975,0.1718
7/25/1975,0.175
7/28/1975,0.1845
7/29/1975,0.1854
7/30/1975,0.1754
7/31/1975,0.1654
8/1/1975,0.1638
8/4/1975,0.1738
8/5/1975,0.1693
8/6/1975,0.175
8/7/1975,0.185
8/8/1975,0.195
8/11/1975,0.1901
8/12/1975,0.1975
8/13/1975,0.206
8/14/1975,0.2005
8/15/1975,0.2033
8/18/1975,0.1933
8/19/1975,0.1985
8/20/1975,0.1885
8/21/1975,0.1785
8/22/1975,0.1685
8/25/1975,0.1699
8/26/1975,0.16
8/27/1975,0.1633
8/28/1975,0.164
8/29/1975,0.1705
9/2/1975,0.1596
9/3/1975,0.1582
9/4/1975,0.1557
9/5/1975,0.1648
9/8/1975,0.1645
9/9/1975,0.1595
9/10/1975,0.1603
9/11/1975,0.1578
9/12/1975,0.1577
9/15/1975,0.1582
9/16/1975,0.156
9/17/1975,0.1547
9/18/1975,0.1557
9/19/1975,0.1571
9/22/1975,0.1575
9/23/1975,0.1492
9/24/1975,0.1453
9/25/1975,0.1426
9/26/1975,0.1413
9/29/1975,0.1358
9/30/1975,0.1385
10/1/1975,0.144
10/2/1975,0.1395
10/3/1975,0.1403
10/6/1975,0.1443
10/7/1975,0.141
10/8/1975,0.1389
10/9/1975,0.1371
10/10/1975,0.139
10/14/1975,0.1375
10/15/1975,0.1373
10/16/1975,0.1426
10/17/1975,0.1405
10/20/1975,0.1382
10/21/1975,0.14
10/22/1975,0.1398
10/23/1975,0.1414
10/24/1975,0.1514
10/27/1975,0.1491
10/28/1975,0.1456
10/29/1975,0.1433
10/30/1975,0.1425
10/31/1975,0.1422
11/3/1975,0.1441
11/5/1975,0.145
11/6/1975,0.1492
11/7/1975,0.1476
11/10/1975,0.1408
11/12/1975,0.1353
11/13/1975,0.136
11/14/1975,0.1357
11/17/1975,0.1309
11/18/1975,0.1332
11/19/1975,0.1326
11/20/1975,0.1327
11/24/1975,0.1323
11/25/1975,0.1318
11/26/1975,0.1328
11/28/1975,0.1313
12/1/1975,0.1276
12/2/1975,0.1263
12/3/1975,0.1256
12/4/1975,0.1266
12/5/1975,0.1258
12/8/1975,0.1274
12/9/1975,0.1266
12/10/1975,0.1289
12/11/1975,0.1327
12/12/1975,0.1349
12/15/1975,0.1397
12/16/1975,0.1369
12/17/1975,0.1365
12/18/1975,0.1361
12/19/1975,0.138
12/22/1975,0.1374
12/23/1975,0.1342
12/24/1975,0.1335
12/29/1975,0.1334
12/30/1975,0.1361
12/31/1975,0.144
1/5/1976,0.1408
1/6/1976,0.14
1/7/1976,0.1418
1/8/1976,0.1435
1/9/1976,0.1409
1/12/1976,0.1416
1/13/1976,0.1404
1/14/1976,0.1424
1/15/1976,0.1408
1/16/1976,0.1428
1/19/1976,0.1407
1/20/1976,0.1362
1/21/1976,0.1343
1/22/1976,0.1339
1/23/1976,0.1353
1/26/1976,0.1357
1/27/1976,0.1372
1/28/1976,0.1389
1/29/1976,0.1366
1/30/1976,0.1335
2/2/1976,0.1334
2/3/1976,0.1324
2/4/1976,0.131
2/5/1976,0.1338
2/6/1976,0.1338
2/9/1976,0.137
2/10/1976,0.1339
2/11/1976,0.1343
2/13/1976,0.1365
2/17/1976,0.1354
2/18/1976,0.1348
2/19/1976,0.1343
2/20/1976,0.1345
2/23/1976,0.1366
2/24/1976,0.1424
2/25/1976,0.1394
2/26/1976,0.1365
2/27/1976,0.1366
3/1/1976,0.1412
3/2/1976,0.1393
3/3/1976,0.1421
3/4/1976,0.1478
3/5/1976,0.1497
3/8/1976,0.1519
3/9/1976,0.1491
3/10/1976,0.1484
3/11/1976,0.1495
3/12/1976,0.1503
3/15/1976,0.1452
3/16/1976,0.1481
3/17/1976,0.1522
3/18/1976,0.1515
3/19/1976,0.153
3/22/1976,0.1504
3/23/1976,0.1511
3/24/1976,0.1479
3/25/1976,0.146
3/26/1976,0.1471
3/29/1976,0.1416
3/30/1976,0.1403
3/31/1976,0.1406
4/1/1976,0.1405
4/2/1976,0.1406
4/5/1976,0.1428
4/6/1976,0.1413
4/7/1976,0.1412
4/8/1976,0.1403
4/9/1976,0.1392
4/12/1976,0.1382
4/13/1976,0.1393
4/14/1976,0.14
4/15/1976,0.1429
4/19/1976,0.1428
4/20/1976,0.1406
4/21/1976,0.1376
4/22/1976,0.1387
4/23/1976,0.1379
4/26/1976,0.1399
4/27/1976,0.1389
4/28/1976,0.1394
4/29/1976,0.1411
4/30/1976,0.1421
5/3/1976,0.1447
5/4/1976,0.1445
5/5/1976,0.1444
5/6/1976,0.1474
5/7/1976,0.1574
5/10/1976,0.152
5/11/1976,0.1517
5/12/1976,0.1492
5/13/1976,0.1439
5/14/1976,0.144
5/17/1976,0.1432
5/18/1976,0.14
5/19/1976,0.1414
5/20/1976,0.1439
5/21/1976,0.1427
5/24/1976,0.1416
5/25/1976,0.141
5/26/1976,0.1407
5/27/1976,0.1387
5/28/1976,0.1374
6/1/1976,0.134
6/2/1976,0.129
6/3/1976,0.125
6/4/1976,0.1239
6/7/1976,0.127
6/8/1976,0.1265
6/9/1976,0.1253
6/10/1976,0.1264
6/11/1976,0.1284
6/14/1976,0.1351
6/15/1976,0.129
6/16/1976,0.1303
6/17/1976,0.1313
6/18/1976,0.1323
6/21/1976,0.1302
6/22/1976,0.127
6/23/1976,0.1277
6/24/1976,0.129
6/25/1976,0.1311
6/28/1976,0.1376
6/29/1976,0.1376
6/30/1976,0.1395
7/1/1976,0.1502
7/2/1976,0.1478
7/6/1976,0.1568
7/7/1976,0.1475
7/8/1976,0.1472
7/9/1976,0.1446
7/12/1976,0.1417
7/13/1976,0.1405
7/14/1976,0.1441
7/15/1976,0.1375
7/16/1976,0.1342
7/19/1976,0.1319
7/20/1976,0.1356
7/21/1976,0.1328
7/22/1976,0.1309
7/23/1976,0.1309
7/26/1976,0.1315
7/27/1976,0.1284
7/28/1976,0.1251
7/29/1976,0.1242
7/30/1976,0.1242
8/2/1976,0.1212
8/3/1976,0.1178
8/4/1976,0.123
8/5/1976,0.1185
8/6/1976,0.1153
8/9/1976,0.1134
8/10/1976,0.1135
8/11/1976,0.1161
8/12/1976,0.117
8/13/1976,0.1132
8/16/1976,0.1164
8/17/1976,0.1132
8/18/1976,0.1087
8/19/1976,0.104
8/20/1976,0.1049
8/23/1976,0.097
8/24/1976,0.0938
8/25/1976,0.0967
8/26/1976,0.0974
8/27/1976,0.1004
8/30/1976,0.0982
8/31/1976,0.0985
9/1/1976,0.0928
9/2/1976,0.0888
9/3/1976,0.0859
9/7/1976,0.0878
9/8/1976,0.0858
9/9/1976,0.0849
9/10/1976,0.0865
9/13/1976,0.0878
9/14/1976,0.0859
9/15/1976,0.083
9/16/1976,0.0798
9/17/1976,0.0799
9/20/1976,0.0838
9/21/1976,0.0825
9/22/1976,0.0764
9/23/1976,0.0786
9/24/1976,0.0812
9/27/1976,0.0843
9/28/1976,0.0943
9/29/1976,0.0856
9/30/1976,0.0866
10/1/1976,0.0891
10/4/1976,0.0912
10/5/1976,0.0913
10/6/1976,0.0914
10/7/1976,0.0932
10/8/1976,0.0946
10/12/1976,0.0926
10/13/1976,0.0898
10/14/1976,0.0871
10/15/1976,0.0875
10/18/1976,0.0867
10/19/1976,0.0831
10/20/1976,0.0808
10/21/1976,0.0819
10/22/1976,0.0811
10/25/1976,0.083
10/26/1976,0.084
10/27/1976,0.0848
10/28/1976,0.0832
10/29/1976,0.0821
11/1/1976,0.0815
11/3/1976,0.0811
11/4/1976,0.0846
11/5/1976,0.0836
11/8/1976,0.0835
11/9/1976,0.0862
11/10/1976,0.0883
11/12/1976,0.0859
11/15/1976,0.0859
11/16/1976,0.0885
11/17/1976,0.0882
11/18/1976,0.0879
11/19/1976,0.0888
11/22/1976,0.0909
11/23/1976,0.087
11/24/1976,0.0862
11/26/1976,0.0872
11/29/1976,0.0858
11/30/1976,0.0851
12/1/1976,0.085
12/2/1976,0.0845
12/3/1976,0.0845
12/6/1976,0.0828
12/7/1976,0.0827
12/8/1976,0.0834
12/9/1976,0.0839
12/10/1976,0.0838
12/13/1976,0.0827
12/14/1976,0.0825
12/15/1976,0.081
12/16/1976,0.0806
12/17/1976,0.0804
12/20/1976,0.0786
12/21/1976,0.0783
12/22/1976,0.0797
12/23/1976,0.0777
12/27/1976,0.0765
12/28/1976,0.0771
12/29/1976,0.0778
12/30/1976,0.0804
1/3/1977,0.0815
1/4/1977,0.0773
1/5/1977,0.0748
1/6/1977,0.0757
1/7/1977,0.0753
1/10/1977,0.0811
1/11/1977,0.0832
1/12/1977,0.0842
1/13/1977,0.0838
1/14/1977,0.0895
1/17/1977,0.0883
1/18/1977,0.088
1/19/1977,0.0903
1/20/1977,0.0917
1/21/1977,0.0925
1/24/1977,0.0876
1/25/1977,0.0895
1/26/1977,0.0903
1/27/1977,0.0892
1/28/1977,0.0882
1/31/1977,0.0889
2/1/1977,0.0887
2/2/1977,0.089
2/3/1977,0.0877
2/4/1977,0.0867
2/7/1977,0.0862
2/8/1977,0.0877
2/9/1977,0.0872
2/10/1977,0.0875
2/11/1977,0.0875
2/14/1977,0.088
2/15/1977,0.0879
2/16/1977,0.0869
2/17/1977,0.0856
2/18/1977,0.0855
2/22/1977,0.0826
2/23/1977,0.0804
2/24/1977,0.0837
2/25/1977,0.0862
2/28/1977,0.0866
3/1/1977,0.0875
3/2/1977,0.0872
3/3/1977,0.0881
3/4/1977,0.0882
3/7/1977,0.0897
3/8/1977,0.0882
3/9/1977,0.0897
3/10/1977,0.09
3/11/1977,0.0893
3/14/1977,0.09
3/15/1977,0.0906
3/16/1977,0.0909
3/17/1977,0.0917
3/18/1977,0.0923
3/21/1977,0.0946
3/22/1977,0.0945
3/23/1977,0.0946
3/24/1977,0.0928
3/25/1977,0.0917
3/28/1977,0.0913
3/29/1977,0.0927
3/30/1977,0.0937
3/31/1977,0.0937
4/1/1977,0.0943
4/4/1977,0.0945
4/5/1977,0.096
4/6/1977,0.097
4/7/1977,0.0968
4/11/1977,0.0994
4/12/1977,0.099
4/13/1977,0.1014
4/14/1977,0.0991
4/15/1977,0.1034
4/18/1977,0.1071
4/19/1977,0.1075
4/20/1977,0.1071
4/21/1977,0.1077
4/22/1977,0.1084
4/25/1977,0.1068
4/26/1977,0.1026
4/27/1977,0.0969
4/28/1977,0.0988
4/29/1977,0.1018
5/2/1977,0.0982
5/3/1977,0.0957
5/4/1977,0.0952
5/5/1977,0.0949
5/6/1977,0.0925
5/9/1977,0.0938
5/10/1977,0.0928
5/11/1977,0.0925
5/12/1977,0.0951
5/13/1977,0.0933
5/16/1977,0.0909
5/17/1977,0.0923
5/18/1977,0.0915
5/19/1977,0.092
5/20/1977,0.0915
5/23/1977,0.0916
5/24/1977,0.0908
5/25/1977,0.088
5/26/1977,0.0891
5/27/1977,0.0884
5/31/1977,0.0863
6/1/1977,0.0859
6/2/1977,0.0865
6/3/1977,0.0874
6/6/1977,0.0872
6/7/1977,0.0867
6/8/1977,0.0856
6/9/1977,0.0832
6/10/1977,0.0809
6/13/1977,0.0775
6/14/1977,0.0793
6/15/1977,0.0793
6/16/1977,0.08
6/17/1977,0.0825
6/20/1977,0.0826
6/21/1977,0.0814
6/22/1977,0.0784
6/23/1977,0.0763
6/24/1977,0.0778
6/27/1977,0.078
6/28/1977,0.0796
6/29/1977,0.0815
6/30/1977,0.0847
7/1/1977,0.083
7/5/1977,0.079
7/6/1977,0.0781
7/7/1977,0.0785
7/8/1977,0.0789
7/11/1977,0.0767
7/12/1977,0.0741
7/13/1977,0.0762
7/15/1977,0.0783
7/18/1977,0.0773
7/19/1977,0.0772
7/20/1977,0.0773
7/21/1977,0.079
7/22/1977,0.0803
7/25/1977,0.0792
7/26/1977,0.0805
7/27/1977,0.0802
7/28/1977,0.08
7/29/1977,0.0821
8/1/1977,0.0826
8/2/1977,0.0809
8/3/1977,0.0788
8/4/1977,0.0786
8/5/1977,0.0786
8/8/1977,0.0795
8/9/1977,0.0795
8/10/1977,0.0796
8/11/1977,0.079
8/12/1977,0.0794
8/15/1977,0.0769
8/16/1977,0.0764
8/17/1977,0.0766
8/18/1977,0.0782
8/19/1977,0.08
8/22/1977,0.0796
8/23/1977,0.0797
8/24/1977,0.0775
8/25/1977,0.0778
8/26/1977,0.0777
8/29/1977,0.077
8/30/1977,0.0767
8/31/1977,0.0772
9/1/1977,0.078
9/2/1977,0.0778
9/6/1977,0.0774
9/7/1977,0.0773
9/8/1977,0.075
9/9/1977,0.0722
9/12/1977,0.0735
9/13/1977,0.0752
9/14/1977,0.0768
9/15/1977,0.0771
9/16/1977,0.0773
9/19/1977,0.0756
9/20/1977,0.0719
9/21/1977,0.073
9/22/1977,0.0719
9/23/1977,0.0682
9/26/1977,0.0696
9/27/1977,0.0717
9/28/1977,0.074
9/29/1977,0.0796
9/30/1977,0.0803
10/3/1977,0.0869
10/4/1977,0.0832
10/5/1977,0.0883
10/6/1977,0.087
10/7/1977,0.0859
10/11/1977,0.0862
10/12/1977,0.086
10/13/1977,0.0854
10/14/1977,0.0854
10/17/1977,0.0842
10/18/1977,0.0832
10/19/1977,0.0827
10/20/1977,0.0827
10/21/1977,0.0838
10/24/1977,0.0856
10/25/1977,0.0856
10/26/1977,0.0859
10/27/1977,0.0873
10/28/1977,0.0856
10/31/1977,0.0863
11/1/1977,0.086
11/2/1977,0.0847
11/3/1977,0.0835
11/4/1977,0.0841
11/7/1977,0.0825
11/9/1977,0.0832
11/10/1977,0.0864
11/14/1977,0.0897
11/15/1977,0.0912
11/16/1977,0.0901
11/17/1977,0.0888
11/18/1977,0.0887
11/21/1977,0.0889
11/22/1977,0.0904
11/23/1977,0.0918
11/25/1977,0.091
11/28/1977,0.0906
11/29/1977,0.0906
11/30/1977,0.0927
12/1/1977,0.0927
12/2/1977,0.0928
12/5/1977,0.0929
12/6/1977,0.0932
12/7/1977,0.0944
12/8/1977,0.0956
12/9/1977,0.0954
12/12/1977,0.0951
12/13/1977,0.093
12/14/1977,0.0945
12/15/1977,0.094
12/16/1977,0.0931
12/19/1977,0.0935
12/20/1977,0.0939
12/21/1977,0.0901
12/22/1977,0.0902
12/23/1977,0.0903
12/27/1977,0.0899
12/28/1977,0.0915
12/29/1977,0.0948
12/30/1977,0.094
1/3/1978,0.0939
1/4/1978,0.0911
1/5/1978,0.0915
1/6/1978,0.0918
1/9/1978,0.0919
1/10/1978,0.0929
1/11/1978,0.0937
1/12/1978,0.0934
1/13/1978,0.0935
1/16/1978,0.0932
1/17/1978,0.0947
1/18/1978,0.0949
1/19/1978,0.0943
1/23/1978,0.0958
1/24/1978,0.0951
1/25/1978,0.094
1/26/1978,0.0947
1/27/1978,0.0939
1/30/1978,0.0949
1/31/1978,0.0941
2/1/1978,0.094
2/2/1978,0.0922
2/3/1978,0.0924
2/6/1978,0.0917
2/8/1978,0.0892
2/9/1978,0.0902
2/10/1978,0.0897
2/14/1978,0.0884
2/15/1978,0.0879
2/16/1978,0.086
2/17/1978,0.0869
2/21/1978,0.0876
2/22/1978,0.0854
2/23/1978,0.0869
2/24/1978,0.0876
2/27/1978,0.0876
2/28/1978,0.0872
3/1/1978,0.0882
3/2/1978,0.0879
3/3/1978,0.0866
3/6/1978,0.0848
3/7/1978,0.0837
3/8/1978,0.0825
3/9/1978,0.0813
3/10/1978,0.0785
3/13/1978,0.0739
3/14/1978,0.0768
3/15/1978,0.0766
3/16/1978,0.0778
3/17/1978,0.0771
3/20/1978,0.0753
3/21/1978,0.0761
3/22/1978,0.0773
3/23/1978,0.0801
3/27/1978,0.0807
3/28/1978,0.0815
3/29/1978,0.0809
3/30/1978,0.0791
3/31/1978,0.0798
4/3/1978,0.0781
4/4/1978,0.0767
4/5/1978,0.0777
4/6/1978,0.0786
4/7/1978,0.0783
4/10/1978,0.0799
4/11/1978,0.0792
4/12/1978,0.0793
4/13/1978,0.0791
4/14/1978,0.0784
4/17/1978,0.0772
4/18/1978,0.0761
4/19/1978,0.0752
4/20/1978,0.0758
4/21/1978,0.0774
4/24/1978,0.0763
4/25/1978,0.0757
4/26/1978,0.0776
4/27/1978,0.0772
4/28/1978,0.0782
5/1/1978,0.0793
5/2/1978,0.0774
5/3/1978,0.076
5/4/1978,0.0753
5/5/1978,0.0755
5/8/1978,0.0764
5/9/1978,0.0756
5/10/1978,0.074
5/11/1978,0.0736
5/12/1978,0.0723
5/15/1978,0.0727
5/16/1978,0.0724
5/17/1978,0.0717
5/18/1978,0.0727
5/19/1978,0.0732
5/22/1978,0.0732
5/23/1978,0.0729
5/24/1978,0.0735
5/25/1978,0.0742
5/26/1978,0.0752
5/30/1978,0.075
5/31/1978,0.0751
6/1/1978,0.0774
6/2/1978,0.0766
6/5/1978,0.0756
6/6/1978,0.0732
6/7/1978,0.073
6/8/1978,0.0744
6/9/1978,0.0739
6/12/1978,0.0729
6/13/1978,0.0711
6/14/1978,0.0708
6/15/1978,0.07
6/16/1978,0.0704
6/19/1978,0.0691
6/20/1978,0.0683
6/21/1978,0.0695
6/22/1978,0.0693
6/23/1978,0.0692
6/26/1978,0.0699
6/27/1978,0.0714
6/28/1978,0.0712
6/29/1978,0.0707
6/30/1978,0.0703
7/3/1978,0.0693
7/5/1978,0.0665
7/6/1978,0.0679
7/7/1978,0.0681
7/10/1978,0.066
7/11/1978,0.067
7/12/1978,0.066
7/13/1978,0.0654
7/14/1978,0.0646
7/17/1978,0.0632
7/18/1978,0.0627
7/19/1978,0.0643
7/20/1978,0.065
7/21/1978,0.0625
7/24/1978,0.0615
7/25/1978,0.0612
7/26/1978,0.0616
7/27/1978,0.0643
7/28/1978,0.069
7/31/1978,0.0645
8/1/1978,0.0641
8/2/1978,0.0666
8/3/1978,0.0697
8/4/1978,0.0711
8/7/1978,0.0711
8/8/1978,0.0709
8/9/1978,0.0723
8/10/1978,0.074
8/11/1978,0.0745
8/14/1978,0.0721
8/15/1978,0.0726
8/16/1978,0.0712
8/17/1978,0.0703
8/18/1978,0.0691
8/21/1978,0.0695
8/22/1978,0.0704
8/23/1978,0.0699
8/24/1978,0.0708
8/25/1978,0.0719
8/28/1978,0.0721
8/29/1978,0.0721
8/30/1978,0.0723
8/31/1978,0.0739
9/1/1978,0.077
9/5/1978,0.0766
9/6/1978,0.0791
9/7/1978,0.0783
9/8/1978,0.0804
9/11/1978,0.079
9/12/1978,0.079
9/13/1978,0.0799
9/14/1978,0.0828
9/15/1978,0.0829
9/18/1978,0.0821
9/19/1978,0.0817
9/20/1978,0.0803
9/21/1978,0.0815
9/22/1978,0.0824
9/25/1978,0.0859
9/26/1978,0.087
9/27/1978,0.0893
9/28/1978,0.092
9/29/1978,0.0918
10/2/1978,0.0932
10/3/1978,0.095
10/4/1978,0.0935
10/5/1978,0.0929
10/6/1978,0.0949
10/10/1978,0.0972
10/11/1978,0.0957
10/12/1978,0.0966
10/13/1978,0.0964
10/16/1978,0.0914
10/17/1978,0.0898
10/18/1978,0.0889
10/19/1978,0.0888
10/20/1978,0.09
10/23/1978,0.0907
10/24/1978,0.091
10/25/1978,0.095
10/26/1978,0.0951
10/27/1978,0.097
10/30/1978,0.0975
10/31/1978,0.0942
11/1/1978,0.092
11/2/1978,0.0936
11/3/1978,0.0934
11/6/1978,0.0919
11/8/1978,0.0869
11/9/1978,0.0851
11/10/1978,0.0873
11/13/1978,0.0865
11/14/1978,0.0865
11/15/1978,0.0891
11/16/1978,0.0891
11/17/1978,0.0882
11/20/1978,0.087
11/21/1978,0.0864
11/22/1978,0.0867
11/27/1978,0.0837
11/28/1978,0.0847
11/29/1978,0.0855
11/30/1978,0.0848
12/1/1978,0.0844
12/4/1978,0.0841
12/5/1978,0.0835
12/6/1978,0.0846
12/7/1978,0.0873
12/8/1978,0.0867
12/11/1978,0.0892
12/12/1978,0.0876
12/13/1978,0.0863
12/14/1978,0.0866
12/15/1978,0.0874
12/18/1978,0.0899
12/19/1978,0.0899
12/20/1978,0.0875
12/21/1978,0.0878
12/22/1978,0.085
12/26/1978,0.0837
12/27/1978,0.0836
12/28/1978,0.0833
12/29/1978,0.0843
1/2/1979,0.0838
1/3/1979,0.0849
1/4/1979,0.0849
1/5/1979,0.0842
1/8/1979,0.0842
1/9/1979,0.0819
1/10/1979,0.0814
1/11/1979,0.0805
1/12/1979,0.0824
1/15/1979,0.081
1/16/1979,0.0807
1/17/1979,0.0815
1/18/1979,0.082
1/19/1979,0.0823
1/22/1979,0.0806
1/23/1979,0.0804
1/24/1979,0.0796
1/25/1979,0.0795
1/26/1979,0.0801
1/29/1979,0.0801
1/30/1979,0.0807
1/31/1979,0.0822
2/1/1979,0.0823
2/2/1979,0.0829
2/5/1979,0.083
2/6/1979,0.0822
2/7/1979,0.0823
2/8/1979,0.0844
2/9/1979,0.0848
2/12/1979,0.0837
2/13/1979,0.0825
2/14/1979,0.0838
2/15/1979,0.0848
2/16/1979,0.0854
2/20/1979,0.0862
2/21/1979,0.0864
2/22/1979,0.0854
2/23/1979,0.0866
2/26/1979,0.0849
2/27/1979,0.0843
2/28/1979,0.0873
3/1/1979,0.0873
3/2/1979,0.0839
3/5/1979,0.0851
3/6/1979,0.0865
3/7/1979,0.086
3/8/1979,0.0874
3/9/1979,0.0863
3/12/1979,0.086
3/13/1979,0.0868
3/14/1979,0.087
3/15/1979,0.0867
3/16/1979,0.0861
3/19/1979,0.0856
3/20/1979,0.0849
3/21/1979,0.0865
3/22/1979,0.0865
3/23/1979,0.086
3/26/1979,0.0863
3/27/1979,0.0857
3/28/1979,0.0862
3/29/1979,0.0857
3/30/1979,0.0851
4/2/1979,0.0834
4/3/1979,0.0838
4/4/1979,0.0838
4/5/1979,0.0839
4/6/1979,0.0834
4/9/1979,0.0828
4/10/1979,0.0824
4/11/1979,0.0811
4/12/1979,0.0796
4/16/1979,0.0781
4/17/1979,0.0776
4/18/1979,0.0786
4/19/1979,0.0778
4/20/1979,0.0764
4/23/1979,0.0751
4/24/1979,0.0761
4/25/1979,0.076
4/26/1979,0.0792
4/27/1979,0.0784
4/30/1979,0.0811
5/1/1979,0.082
5/2/1979,0.0838
5/3/1979,0.0852
5/4/1979,0.0843
5/7/1979,0.0838
5/8/1979,0.0825
5/9/1979,0.0828
5/10/1979,0.0817
5/11/1979,0.0813
5/14/1979,0.0802
5/15/1979,0.0817
5/16/1979,0.0809
5/17/1979,0.0806
5/18/1979,0.0788
5/21/1979,0.0775
5/22/1979,0.078
5/23/1979,0.0795
5/24/1979,0.0805
5/25/1979,0.0791
5/29/1979,0.0785
5/30/1979,0.078
5/31/1979,0.0788
6/1/1979,0.0802
6/4/1979,0.0842
6/5/1979,0.0835
6/6/1979,0.0827
6/7/1979,0.0813
6/8/1979,0.0829
6/11/1979,0.0847
6/12/1979,0.0835
6/13/1979,0.0846
6/14/1979,0.0826
6/15/1979,0.0827
6/18/1979,0.0793
6/19/1979,0.0812
6/20/1979,0.0825
6/21/1979,0.0832
6/22/1979,0.0843
6/25/1979,0.0835
6/26/1979,0.0852
6/27/1979,0.0879
6/28/1979,0.0882
6/29/1979,0.0893
7/2/1979,0.0905
7/3/1979,0.0919
7/5/1979,0.0953
7/6/1979,0.0943
7/9/1979,0.0948
7/10/1979,0.0929
7/11/1979,0.094
7/12/1979,0.0925
7/13/1979,0.0915
7/16/1979,0.0924
7/17/1979,0.0932
7/18/1979,0.092
7/19/1979,0.092
7/20/1979,0.091
7/23/1979,0.0867
7/24/1979,0.0856
7/25/1979,0.0875
7/26/1979,0.0868
7/27/1979,0.0886
7/30/1979,0.0876
7/31/1979,0.0878
8/1/1979,0.0891
8/2/1979,0.0909
8/3/1979,0.0918
8/6/1979,0.0899
8/7/1979,0.0904
8/8/1979,0.0922
8/9/1979,0.0916
8/10/1979,0.0908
8/13/1979,0.0902
8/14/1979,0.0918
8/15/1979,0.0913
8/16/1979,0.0921
8/17/1979,0.0919
8/20/1979,0.0908
8/21/1979,0.092
8/22/1979,0.0914
8/23/1979,0.094
8/24/1979,0.0955
8/27/1979,0.0952
8/28/1979,0.0945
8/29/1979,0.0955
8/30/1979,0.0968
8/31/1979,0.0969
9/4/1979,0.0961
9/5/1979,0.0993
9/6/1979,0.0983
9/7/1979,0.0977
9/10/1979,0.0973
9/11/1979,0.1001
9/12/1979,0.0996
9/13/1979,0.1019
9/14/1979,0.1014
9/17/1979,0.101
9/18/1979,0.0975
9/19/1979,0.0986
9/20/1979,0.0969
9/21/1979,0.098
9/24/1979,0.0965
9/25/1979,0.0968
9/26/1979,0.1036
9/27/1979,0.1114
9/28/1979,0.1128
10/1/1979,0.1206
10/2/1979,0.1194
10/3/1979,0.1184
10/4/1979,0.1189
10/5/1979,0.1239
10/8/1979,0.1264
10/9/1979,0.1272
10/10/1979,0.1261
10/11/1979,0.1229
10/12/1979,0.1279
10/15/1979,0.1329
10/16/1979,0.136
10/17/1979,0.1326
10/18/1979,0.1351
10/19/1979,0.1401
10/22/1979,0.1435
10/23/1979,0.1385
10/24/1979,0.1367
10/25/1979,0.1417
10/26/1979,0.1413
10/29/1979,0.1396
10/30/1979,0.1387
10/31/1979,0.1408
11/1/1979,0.1443
11/2/1979,0.1486
11/5/1979,0.152
11/6/1979,0.1484
11/7/1979,0.1488
11/8/1979,0.1499
11/9/1979,0.1549
11/12/1979,0.1599
11/13/1979,0.1564
11/14/1979,0.1591
11/15/1979,0.1541
11/16/1979,0.1573
11/19/1979,0.1523
11/20/1979,0.1502
11/21/1979,0.1552
11/23/1979,0.1602
11/26/1979,0.1552
11/27/1979,0.1562
11/28/1979,0.1591
11/29/1979,0.1641
11/30/1979,0.1686
12/3/1979,0.169
12/4/1979,0.1686
12/5/1979,0.168
12/6/1979,0.163
12/7/1979,0.158
12/10/1979,0.1549
12/11/1979,0.1575
12/12/1979,0.1526
12/13/1979,0.1552
12/14/1979,0.1602
12/17/1979,0.1652
12/18/1979,0.1686
12/19/1979,0.1636
12/20/1979,0.1611
12/21/1979,0.1648
12/26/1979,0.1698
12/27/1979,0.1668
12/28/1979,0.168
12/31/1979,0.1631
1/2/1980,0.1505
1/3/1980,0.147
1/4/1980,0.1486
1/7/1980,0.1438
1/8/1980,0.1449
1/9/1980,0.1504
1/10/1980,0.149
1/11/1980,0.1575
1/14/1980,0.1622
1/15/1980,0.167
1/16/1980,0.1703
1/17/1980,0.1763
1/18/1980,0.1791
1/21/1980,0.182
1/22/1980,0.1865
1/23/1980,0.1954
1/24/1980,0.2006
1/25/1980,0.1961
1/28/1980,0.1751
1/29/1980,0.1932
1/30/1980,0.2055
1/31/1980,0.2093
2/1/1980,0.2174
2/4/1980,0.225
2/5/1980,0.2142
2/6/1980,0.211
2/7/1980,0.2164
2/8/1980,0.2441
2/11/1980,0.2605
2/12/1980,0.2605
2/13/1980,0.271
2/14/1980,0.2671
2/15/1980,0.2557
2/19/1980,0.2198
2/20/1980,0.2285
2/21/1980,0.236
2/22/1980,0.2183
2/25/1980,0.212
2/26/1980,0.2208
2/27/1980,0.2197
2/28/1980,0.2113
2/29/1980,0.2272
3/3/1980,0.2536
3/4/1980,0.2436
3/5/1980,0.2403
3/6/1980,0.2324
3/7/1980,0.2042
3/10/1980,0.1944
3/11/1980,0.2029
3/12/1980,0.1981
3/13/1980,0.1848
3/14/1980,0.1881
3/17/1980,0.1768
3/18/1980,0.182
3/19/1980,0.1893
3/20/1980,0.1868
3/21/1980,0.2002
3/24/1980,0.1965
3/25/1980,0.1929
3/26/1980,0.2031
3/27/1980,0.1863
3/28/1980,0.1825
3/31/1980,0.1871
4/1/1980,0.1843
4/2/1980,0.1851
4/3/1980,0.1986
4/7/1980,0.2081
4/8/1980,0.2025
4/9/1980,0.1988
4/10/1980,0.2085
4/11/1980,0.2166
4/14/1980,0.2103
4/15/1980,0.2205
4/16/1980,0.2198
4/17/1980,0.2281
4/18/1980,0.2334
4/21/1980,0.2199
4/22/1980,0.2218
4/23/1980,0.2278
4/24/1980,0.2274
4/25/1980,0.2313
4/28/1980,0.2272
4/29/1980,0.2329
4/30/1980,0.237
5/1/1980,0.2531
5/2/1980,0.2659
5/5/1980,0.2692
5/6/1980,0.2709
5/7/1980,0.2812
5/8/1980,0.2989
5/9/1980,0.3034
5/12/1980,0.3224
5/13/1980,0.3252
5/14/1980,0.3316
5/15/1980,0.3249
5/16/1980,0.3309
5/19/1980,0.3284
5/20/1980,0.3046
5/21/1980,0.3091
5/22/1980,0.3312
5/23/1980,0.3489
5/27/1980,0.3479
5/28/1980,0.3425
5/29/1980,0.3446
5/30/1980,0.344
6/2/1980,0.3336
6/3/1980,0.2996
6/4/1980,0.3129
6/5/1980,0.2915
6/6/1980,0.2994
6/9/1980,0.2876
6/10/1980,0.2815
6/11/1980,0.3023
6/12/1980,0.3198
6/13/1980,0.336
6/16/1980,0.3114
6/17/1980,0.3183
6/18/1980,0.3214
6/19/1980,0.3335
6/20/1980,0.3336
6/23/1980,0.3404
6/24/1980,0.325
6/25/1980,0.33
6/26/1980,0.3183
6/27/1980,0.3251
6/30/1980,0.3176
7/1/1980,0.3216
7/2/1980,0.3131
7/3/1980,0.3018
7/7/1980,0.2849
7/8/1980,0.2752
7/9/1980,0.2681
7/10/1980,0.2641
7/11/1980,0.2557
7/14/1980,0.2767
7/15/1980,0.2748
7/16/1980,0.2531
7/17/1980,0.2656
7/18/1980,0.2869
7/21/1980,0.2748
7/22/1980,0.2778
7/23/1980,0.2773
7/24/1980,0.2763
7/25/1980,0.2884
7/28/1980,0.2901
7/29/1980,0.289
7/30/1980,0.2924
7/31/1980,0.288
8/1/1980,0.2961
8/4/1980,0.3214
8/5/1980,0.3307
8/6/1980,0.3292
8/7/1980,0.3239
8/8/1980,0.3334
8/11/1980,0.3257
8/12/1980,0.3336
8/13/1980,0.3386
8/14/1980,0.3435
8/15/1980,0.3343
8/18/1980,0.3221
8/19/1980,0.3134
8/20/1980,0.318
8/21/1980,0.3211
8/22/1980,0.3084
8/25/1980,0.2957
8/26/1980,0.3074
8/27/1980,0.3055
8/28/1980,0.3015
8/29/1980,0.3118
9/2/1980,0.3161
9/3/1980,0.3152
9/4/1980,0.3205
9/5/1980,0.3125
9/8/1980,0.3206
9/9/1980,0.3229
9/10/1980,0.3238
9/11/1980,0.3489
9/12/1980,0.3675
9/15/1980,0.3684
9/16/1980,0.3569
9/17/1980,0.3634
9/18/1980,0.3743
9/19/1980,0.3685
9/22/1980,0.3704
9/23/1980,0.3612
9/24/1980,0.368
9/25/1980,0.3795
9/26/1980,0.3731
9/29/1980,0.3594
9/30/1980,0.3834
10/1/1980,0.3968
10/2/1980,0.3967
10/3/1980,0.3956
10/6/1980,0.3993
10/7/1980,0.4062
10/8/1980,0.403
10/9/1980,0.4146
10/10/1980,0.4213
10/13/1980,0.4219
10/14/1980,0.4194
10/15/1980,0.4026
10/16/1980,0.4241
10/17/1980,0.4191
10/20/1980,0.4226
10/21/1980,0.4202
10/22/1980,0.4154
10/23/1980,0.4143
10/24/1980,0.4087
10/27/1980,0.4034
10/28/1980,0.4053
10/29/1980,0.4078
10/30/1980,0.4125
10/31/1980,0.4207
11/3/1980,0.4266
11/5/1980,0.4313
11/6/1980,0.4188
11/7/1980,0.4127
11/10/1980,0.3925
11/11/1980,0.3934
11/12/1980,0.3787
11/13/1980,0.3672
11/14/1980,0.367
11/17/1980,0.3719
11/18/1980,0.3748
11/19/1980,0.3759
11/20/1980,0.3792
11/21/1980,0.3761
11/24/1980,0.3476
11/25/1980,0.3373
11/26/1980,0.3426
11/28/1980,0.3382
12/1/1980,0.3049
12/2/1980,0.313
12/3/1980,0.3188
12/4/1980,0.3009
12/5/1980,0.2823
12/8/1980,0.2797
12/9/1980,0.2784
12/10/1980,0.2793
12/11/1980,0.2466
12/12/1980,0.2492
12/15/1980,0.2809
12/16/1980,0.2795
12/17/1980,0.3
12/18/1980,0.2992
12/19/1980,0.2983
12/22/1980,0.3078
12/23/1980,0.3078
12/24/1980,0.3078
12/26/1980,0.3078
12/29/1980,0.2933
12/30/1980,0.2855
12/31/1980,0.2855
1/2/1981,0.2855
1/5/1981,0.3193
1/6/1981,0.3182
1/7/1981,0.3105
1/8/1981,0.3043
1/9/1981,0.3074
1/12/1981,0.2888
1/13/1981,0.2847
1/14/1981,0.2935
1/15/1981,0.2815
1/16/1981,0.2585
1/19/1981,0.2597
1/20/1981,0.2653
1/21/1981,0.2668
1/22/1981,0.2535
1/23/1981,0.2763
1/26/1981,0.2727
1/27/1981,0.2714
1/28/1981,0.2632
1/29/1981,0.2534
1/30/1981,0.2535
2/2/1981,0.243
2/3/1981,0.2474
2/4/1981,0.2463
2/5/1981,0.244
2/6/1981,0.267
2/9/1981,0.2568
2/10/1981,0.2513
2/11/1981,0.2575
2/12/1981,0.2534
2/13/1981,0.2482
2/17/1981,0.2273
2/18/1981,0.2326
2/19/1981,0.2333
2/20/1981,0.2341
2/23/1981,0.2343
2/24/1981,0.2372
2/25/1981,0.2307
2/26/1981,0.2326
2/27/1981,0.2337
3/2/1981,0.2272
3/3/1981,0.2292
3/4/1981,0.2225
3/5/1981,0.2151
3/6/1981,0.2156
3/9/1981,0.2102
3/10/1981,0.2096
3/11/1981,0.2055
3/12/1981,0.211
3/13/1981,0.2089
3/16/1981,0.2104
3/17/1981,0.22
3/18/1981,0.2203
3/19/1981,0.2223
3/20/1981,0.2226
3/23/1981,0.223
3/24/1981,0.2282
3/25/1981,0.2246
3/26/1981,0.2222
3/27/1981,0.2225
3/30/1981,0.2098
3/31/1981,0.2095
4/1/1981,0.2095
4/2/1981,0.203
4/3/1981,0.2012
4/6/1981,0.1932
4/7/1981,0.1917
4/8/1981,0.1913
4/9/1981,0.1868
4/10/1981,0.1884
4/13/1981,0.1822
4/14/1981,0.179
4/15/1981,0.1682
4/16/1981,0.165
4/20/1981,0.165
4/21/1981,0.1696
4/22/1981,0.1745
4/23/1981,0.1808
4/24/1981,0.1731
4/27/1981,0.165
4/28/1981,0.1566
4/29/1981,0.1515
4/30/1981,0.1635
5/1/1981,0.1533
5/4/1981,0.1474
5/5/1981,0.1426
5/6/1981,0.149
5/7/1981,0.1468
5/8/1981,0.1518
5/11/1981,0.1441
5/12/1981,0.1396
5/13/1981,0.1435
5/14/1981,0.1413
5/15/1981,0.1466
5/18/1981,0.1487
5/19/1981,0.1438
5/20/1981,0.1465
5/21/1981,0.1527
5/22/1981,0.1534
5/26/1981,0.1586
5/27/1981,0.1658
5/28/1981,0.1639
5/29/1981,0.1767
6/1/1981,0.1877
6/2/1981,0.1863
6/3/1981,0.1728
6/4/1981,0.1641
6/5/1981,0.1697
6/8/1981,0.1745
6/9/1981,0.165
6/10/1981,0.1675
6/11/1981,0.1593
6/12/1981,0.1558
6/15/1981,0.1583
6/16/1981,0.1584
6/17/1981,0.1608
6/18/1981,0.1606
6/19/1981,0.1616
6/22/1981,0.1593
6/23/1981,0.1599
6/24/1981,0.1555
6/25/1981,0.1572
6/26/1981,0.1567
6/29/1981,0.1535
6/30/1981,0.1517
7/1/1981,0.1499
7/2/1981,0.1521
7/6/1981,0.1588
7/7/1981,0.1598
7/8/1981,0.1559
7/9/1981,0.1594
7/10/1981,0.1665
7/13/1981,0.172
7/14/1981,0.1682
7/15/1981,0.1673
7/16/1981,0.1669
7/17/1981,0.1622
7/20/1981,0.1584
7/21/1981,0.1618
7/22/1981,0.1616
7/23/1981,0.1642
7/24/1981,0.1682
7/27/1981,0.1672
7/28/1981,0.1683
7/29/1981,0.1694
7/30/1981,0.1667
7/31/1981,0.1655
8/3/1981,0.1619
8/4/1981,0.1604
8/5/1981,0.16
8/6/1981,0.1598
8/7/1981,0.1583
8/10/1981,0.1612
8/11/1981,0.1596
8/12/1981,0.1551
8/13/1981,0.1543
8/14/1981,0.1541
8/17/1981,0.1515
8/18/1981,0.1522
8/19/1981,0.1513
8/20/1981,0.1436
8/21/1981,0.1391
8/24/1981,0.1318
8/25/1981,0.1323
8/26/1981,0.1291
8/27/1981,0.1295
8/28/1981,0.1301
8/31/1981,0.1238
9/1/1981,0.1141
9/2/1981,0.1179
9/3/1981,0.1157
9/4/1981,0.1128
9/8/1981,0.1103
9/9/1981,0.1089
9/10/1981,0.1149
9/11/1981,0.1149
9/14/1981,0.1202
9/15/1981,0.1173
9/16/1981,0.1125
9/17/1981,0.1056
9/18/1981,0.108
9/21/1981,0.1132
9/22/1981,0.1159
9/23/1981,0.1176
9/24/1981,0.1217
9/25/1981,0.1212
9/28/1981,0.1297
9/29/1981,0.1281
9/30/1981,0.1282
10/1/1981,0.127
10/2/1981,0.1285
10/5/1981,0.1288
10/6/1981,0.1272
10/7/1981,0.1247
10/8/1981,0.123
10/9/1981,0.1222
10/12/1981,0.1213
10/13/1981,0.1245
10/14/1981,0.1256
10/15/1981,0.1221
10/16/1981,0.1208
10/19/1981,0.1178
10/20/1981,0.1158
10/21/1981,0.1178
10/22/1981,0.1166
10/23/1981,0.1167
10/26/1981,0.1138
10/27/1981,0.1136
10/28/1981,0.1198
10/29/1981,0.1202
10/30/1981,0.1211
11/2/1981,0.1205
11/3/1981,0.122
11/4/1981,0.1188
11/5/1981,0.1188
11/6/1981,0.1193
11/9/1981,0.1215
11/10/1981,0.118
11/11/1981,0.1184
11/12/1981,0.119
11/13/1981,0.119
11/16/1981,0.1178
11/17/1981,0.1147
11/18/1981,0.1148
11/19/1981,0.1178
11/20/1981,0.1188
11/23/1981,0.1168
11/24/1981,0.1181
11/25/1981,0.124
11/27/1981,0.1271
11/30/1981,0.1272
12/1/1981,0.1261
12/2/1981,0.1247
12/3/1981,0.1238
12/4/1981,0.1263
12/7/1981,0.1278
12/8/1981,0.1283
12/9/1981,0.125
12/10/1981,0.1288
12/11/1981,0.1298
12/14/1981,0.1301
12/15/1981,0.1281
12/16/1981,0.1306
12/17/1981,0.1317
12/18/1981,0.1314
12/21/1981,0.1337
12/22/1981,0.1369
12/23/1981,0.1352
12/24/1981,0.1352
12/28/1981,0.136
12/29/1981,0.1293
12/30/1981,0.1291
12/31/1981,0.1296
1/4/1982,0.1252
1/5/1982,0.1245
1/6/1982,0.1274
1/7/1982,0.1268
1/8/1982,0.1284
1/11/1982,0.1275
1/12/1982,0.1286
1/13/1982,0.1297
1/14/1982,0.1288
1/15/1982,0.1292
1/18/1982,0.1291
1/19/1982,0.129
1/20/1982,0.13
1/21/1982,0.132
1/22/1982,0.1318
1/25/1982,0.1339
1/26/1982,0.135
1/27/1982,0.136
1/28/1982,0.1331
1/29/1982,0.1323
2/1/1982,0.1328
2/2/1982,0.1339
2/3/1982,0.1307
2/4/1982,0.1317
2/5/1982,0.1322
2/8/1982,0.1308
2/9/1982,0.1295
2/10/1982,0.1303
2/11/1982,0.1323
2/12/1982,0.1322
2/16/1982,0.1353
2/17/1982,0.1354
2/18/1982,0.1342
2/19/1982,0.134
2/22/1982,0.1292
2/23/1982,0.124
2/24/1982,0.1216
2/25/1982,0.1247
2/26/1982,0.1255
3/1/1982,0.1237
3/2/1982,0.1204
3/3/1982,0.1183
3/4/1982,0.1177
3/5/1982,0.1182
3/8/1982,0.1134
3/9/1982,0.1127
3/10/1982,0.1138
3/11/1982,0.1145
3/12/1982,0.1094
3/15/1982,0.1086
3/16/1982,0.1092
3/17/1982,0.1097
3/18/1982,0.1131
3/19/1982,0.1111
3/22/1982,0.1112
3/23/1982,0.1127
3/24/1982,0.1111
3/25/1982,0.1083
3/26/1982,0.1067
3/29/1982,0.1082
3/30/1982,0.1076
3/31/1982,0.1065
4/1/1982,0.1074
4/2/1982,0.1058
4/5/1982,0.1037
4/6/1982,0.1026
4/7/1982,0.1017
4/8/1982,0.1015
4/12/1982,0.1005
4/13/1982,0.1005
4/14/1982,0.1008
4/15/1982,0.1004
4/16/1982,0.0977
4/19/1982,0.0911
4/20/1982,0.0872
4/21/1982,0.0892
4/22/1982,0.0848
4/23/1982,0.0858
4/26/1982,0.0872
4/27/1982,0.0869
4/28/1982,0.0897
4/29/1982,0.09
4/30/1982,0.0882
5/3/1982,0.0869
5/4/1982,0.083
5/5/1982,0.0843
5/6/1982,0.0847
5/7/1982,0.0868
5/10/1982,0.0844
5/11/1982,0.0848
5/12/1982,0.0821
5/13/1982,0.0786
5/14/1982,0.0792
5/17/1982,0.0798
5/18/1982,0.0785
5/19/1982,0.0788
5/20/1982,0.0772
5/21/1982,0.0793
5/24/1982,0.0792
5/25/1982,0.0809
5/26/1982,0.0806
5/27/1982,0.0794
5/28/1982,0.0761
6/1/1982,0.0722
6/2/1982,0.0734
6/3/1982,0.0718
6/4/1982,0.0692
6/7/1982,0.0705
6/8/1982,0.0704
6/9/1982,0.0671
6/10/1982,0.0654
6/11/1982,0.0667
6/14/1982,0.0653
6/15/1982,0.0654
6/16/1982,0.0641
6/17/1982,0.0643
6/18/1982,0.065
6/21/1982,0.0653
6/22/1982,0.0693
6/23/1982,0.0695
6/24/1982,0.0689
6/25/1982,0.0673
6/28/1982,0.0675
6/29/1982,0.0724
6/30/1982,0.0753
7/1/1982,0.0759
7/2/1982,0.0775
7/6/1982,0.0809
7/7/1982,0.0793
7/8/1982,0.0772
7/9/1982,0.0799
7/12/1982,0.0827
7/13/1982,0.0916
7/14/1982,0.0902
7/15/1982,0.0865
7/16/1982,0.0857
7/19/1982,0.0857
7/20/1982,0.078
7/21/1982,0.0752
7/22/1982,0.0732
7/23/1982,0.0745
7/26/1982,0.0736
7/27/1982,0.0723
7/28/1982,0.0699
7/29/1982,0.07
7/30/1982,0.0721
8/2/1982,0.0744
8/3/1982,0.0699
8/4/1982,0.0703
8/5/1982,0.0708
8/6/1982,0.0704
8/9/1982,0.0704
8/10/1982,0.07
8/11/1982,0.0691
8/12/1982,0.0704
8/13/1982,0.0692
8/16/1982,0.067
8/17/1982,0.0651
8/18/1982,0.0669
8/19/1982,0.067
8/20/1982,0.0677
8/23/1982,0.0681
8/24/1982,0.0679
8/25/1982,0.0655
8/26/1982,0.0652
8/27/1982,0.065
8/30/1982,0.0629
8/31/1982,0.062
9/1/1982,0.0637
9/2/1982,0.063
9/3/1982,0.0631
9/7/1982,0.0625
9/8/1982,0.06
9/9/1982,0.0608
9/10/1982,0.0596
9/13/1982,0.0586
9/14/1982,0.0575
9/15/1982,0.0562
9/16/1982,0.057
9/17/1982,0.0586
9/20/1982,0.0585
9/21/1982,0.0596
9/22/1982,0.0603
9/23/1982,0.0603
9/24/1982,0.0596
9/27/1982,0.0547
9/28/1982,0.0552
9/29/1982,0.056
9/30/1982,0.0545
10/1/1982,0.0556
10/4/1982,0.0537
10/5/1982,0.0552
10/6/1982,0.0553
10/7/1982,0.0563
10/8/1982,0.0574
10/11/1982,0.0609
10/12/1982,0.0632
10/13/1982,0.0606
10/14/1982,0.0587
10/15/1982,0.0583
10/18/1982,0.059
10/19/1982,0.0582
10/20/1982,0.0576
10/21/1982,0.0591
10/22/1982,0.0615
10/25/1982,0.06
10/26/1982,0.0608
10/27/1982,0.0616
10/28/1982,0.0628
10/29/1982,0.0659
11/1/1982,0.0671
11/2/1982,0.0671
11/3/1982,0.0672
11/4/1982,0.0653
11/5/1982,0.0656
11/8/1982,0.0642
11/9/1982,0.0656
11/10/1982,0.064
11/11/1982,0.0619
11/12/1982,0.0632
11/15/1982,0.0637
11/16/1982,0.0635
11/17/1982,0.0641
11/18/1982,0.0644
11/19/1982,0.0657
11/22/1982,0.0653
11/23/1982,0.0643
11/24/1982,0.0628
11/26/1982,0.0628
11/29/1982,0.0665
11/30/1982,0.0702
12/1/1982,0.0688
12/2/1982,0.067
12/3/1982,0.0651
12/6/1982,0.0657
12/7/1982,0.0668
12/8/1982,0.0634
12/9/1982,0.0616
12/10/1982,0.0592
12/13/1982,0.0588
12/14/1982,0.0593
12/15/1982,0.0595
12/16/1982,0.0612
12/17/1982,0.0631
12/20/1982,0.0621
12/21/1982,0.0636
12/22/1982,0.0633
12/23/1982,0.0612
12/27/1982,0.0613
12/28/1982,0.0612
12/29/1982,0.0624
12/30/1982,0.062
12/31/1982,0.062
1/3/1983,0.0615
1/4/1983,0.0592
1/5/1983,0.0602
1/6/1983,0.0598
1/7/1983,0.0589
1/10/1983,0.0593
1/11/1983,0.0586
1/12/1983,0.0564
1/13/1983,0.0571
1/14/1983,0.058
1/17/1983,0.0599
1/18/1983,0.0589
1/19/1983,0.0584
1/20/1983,0.0587
1/21/1983,0.0607
1/24/1983,0.0603
1/25/1983,0.063
1/26/1983,0.0635
1/27/1983,0.0625
1/28/1983,0.0609
1/31/1983,0.0609
2/1/1983,0.0603
2/2/1983,0.0613
2/3/1983,0.0618
2/4/1983,0.0618
2/7/1983,0.0637
2/8/1983,0.064
2/9/1983,0.0641
2/10/1983,0.0644
2/11/1983,0.065
2/14/1983,0.0684
2/15/1983,0.0683
2/16/1983,0.0677
2/17/1983,0.0666
2/18/1983,0.066
2/22/1983,0.0629
2/23/1983,0.0629
2/24/1983,0.0641
2/25/1983,0.0626
2/28/1983,0.0599
3/1/1983,0.0591
3/2/1983,0.0611
3/3/1983,0.0603
3/4/1983,0.0606
3/7/1983,0.0609
3/8/1983,0.0591
3/9/1983,0.0601
3/10/1983,0.061
3/11/1983,0.0617
3/14/1983,0.0636
3/15/1983,0.0612
3/16/1983,0.0593
3/17/1983,0.0606
3/18/1983,0.0605
3/21/1983,0.0618
3/22/1983,0.0617
3/23/1983,0.0619
3/24/1983,0.0635
3/25/1983,0.0631
3/28/1983,0.0645
3/29/1983,0.0648
3/30/1983,0.0647
3/31/1983,0.0652
4/4/1983,0.0666
4/5/1983,0.067
4/6/1983,0.0645
4/7/1983,0.0647
4/8/1983,0.0649
4/11/1983,0.0648
4/12/1983,0.0648
4/13/1983,0.0615
4/14/1983,0.0626
4/15/1983,0.0631
4/18/1983,0.065
4/19/1983,0.0658
4/20/1983,0.066
4/21/1983,0.0656
4/22/1983,0.0682
4/25/1983,0.0734
4/26/1983,0.0734
4/27/1983,0.0738
4/28/1983,0.0739
4/29/1983,0.0727
5/2/1983,0.075
5/3/1983,0.0774
5/4/1983,0.0768
5/5/1983,0.0773
5/6/1983,0.0803
5/9/1983,0.0823
5/10/1983,0.0814
5/11/1983,0.0814
5/12/1983,0.0855
5/13/1983,0.0862
5/16/1983,0.0881
5/17/1983,0.0933
5/18/1983,0.0933
5/19/1983,0.0931
5/20/1983,0.0949
5/23/1983,0.1017
5/24/1983,0.1038
5/25/1983,0.1057
5/26/1983,0.1144
5/27/1983,0.1162
5/31/1983,0.1275
6/1/1983,0.1091
6/2/1983,0.1068
6/3/1983,0.1153
6/6/1983,0.1058
6/7/1983,0.103
6/8/1983,0.1053
6/9/1983,0.1149
6/10/1983,0.114
6/13/1983,0.1105
6/14/1983,0.1107
6/15/1983,0.1073
6/16/1983,0.1029
6/17/1983,0.0987
6/20/1983,0.1026
6/21/1983,0.1009
6/22/1983,0.1059
6/23/1983,0.1114
6/24/1983,0.1109
6/27/1983,0.1092
6/28/1983,0.1094
6/29/1983,0.1114
6/30/1983,0.1093
7/1/1983,0.108
7/5/1983,0.106
7/6/1983,0.1041
7/7/1983,0.1078
7/8/1983,0.1063
7/11/1983,0.1065
7/12/1983,0.1068
7/13/1983,0.1065
7/14/1983,0.1036
7/15/1983,0.0982
7/18/1983,0.0939
7/19/1983,0.0958
7/20/1983,0.0988
7/21/1983,0.1033
7/22/1983,0.1071
7/25/1983,0.1131
7/26/1983,0.1136
7/27/1983,0.1105
7/28/1983,0.11
7/29/1983,0.1092
8/1/1983,0.1102
8/2/1983,0.116
8/3/1983,0.1157
8/4/1983,0.1108
8/5/1983,0.1123
8/8/1983,0.1125
8/9/1983,0.1067
8/10/1983,0.1072
8/11/1983,0.1042
8/12/1983,0.1018
8/15/1983,0.1042
8/16/1983,0.1043
8/17/1983,0.1022
8/18/1983,0.1042
8/19/1983,0.1042
8/22/1983,0.1045
8/23/1983,0.1018
8/24/1983,0.1003
8/25/1983,0.1002
8/26/1983,0.0993
8/29/1983,0.0978
8/30/1983,0.0994
8/31/1983,0.0991
9/1/1983,0.0996
9/2/1983,0.0999
9/6/1983,0.0985
9/7/1983,0.0974
9/8/1983,0.0978
9/9/1983,0.0978
9/12/1983,0.0985
9/13/1983,0.0981
9/14/1983,0.0951
9/15/1983,0.0946
9/16/1983,0.0907
9/19/1983,0.0935
9/20/1983,0.0896
9/21/1983,0.0865
9/22/1983,0.0893
9/23/1983,0.088
9/26/1983,0.0892
9/27/1983,0.0933
9/28/1983,0.0992
9/29/1983,0.0953
9/30/1983,0.0949
10/3/1983,0.098
10/4/1983,0.1001
10/5/1983,0.1003
10/6/1983,0.1015
10/7/1983,0.1036
10/10/1983,0.103
10/11/1983,0.1015
10/12/1983,0.0995
10/13/1983,0.0988
10/14/1983,0.1005
10/17/1983,0.1005
10/18/1983,0.0995
10/19/1983,0.0976
10/20/1983,0.0963
10/21/1983,0.0967
10/24/1983,0.0935
10/25/1983,0.0901
10/26/1983,0.0905
10/27/1983,0.0866
10/28/1983,0.0873
10/31/1983,0.0847
11/1/1983,0.0836
11/2/1983,0.0826
11/3/1983,0.0821
11/4/1983,0.0835
11/7/1983,0.0871
11/8/1983,0.0877
11/9/1983,0.0865
11/10/1983,0.0887
11/11/1983,0.084
11/14/1983,0.0841
11/15/1983,0.0836
11/16/1983,0.0836
11/17/1983,0.0823
11/18/1983,0.0839
11/21/1983,0.0875
11/22/1983,0.088
11/23/1983,0.0849
11/25/1983,0.0849
11/28/1983,0.086
11/29/1983,0.086
11/30/1983,0.0857
12/1/1983,0.0857
12/2/1983,0.083
12/5/1983,0.0846
12/6/1983,0.0855
12/7/1983,0.0833
12/8/1983,0.0825
12/9/1983,0.0825
12/12/1983,0.0817
12/13/1983,0.0778
12/14/1983,0.0771
12/15/1983,0.0781
12/16/1983,0.0781
12/19/1983,0.0783
12/20/1983,0.0749
12/21/1983,0.0743
12/22/1983,0.0734
12/23/1983,0.0722
12/27/1983,0.072
12/28/1983,0.072
12/29/1983,0.0724
12/30/1983,0.0723
1/3/1984,0.0698
1/4/1984,0.0696
1/5/1984,0.0692
1/6/1984,0.0684
1/9/1984,0.0673
1/10/1984,0.0681
1/11/1984,0.0675
1/12/1984,0.0721
1/13/1984,0.07
1/16/1984,0.069
1/17/1984,0.0689
1/18/1984,0.0703
1/19/1984,0.0703
1/20/1984,0.0721
1/23/1984,0.0725
1/24/1984,0.0682
1/25/1984,0.0693
1/26/1984,0.0692
1/27/1984,0.0688
1/30/1984,0.0688
1/31/1984,0.0688
2/1/1984,0.0688
2/2/1984,0.0689
2/3/1984,0.0709
2/6/1984,0.0693
2/7/1984,0.0667
2/8/1984,0.067
2/9/1984,0.0668
2/10/1984,0.066
2/13/1984,0.0651
2/14/1984,0.0637
2/15/1984,0.0647
2/16/1984,0.0653
2/17/1984,0.064
2/21/1984,0.0643
2/22/1984,0.0652
2/23/1984,0.0651
2/24/1984,0.0667
2/27/1984,0.0664
2/28/1984,0.0619
2/29/1984,0.0601
3/1/1984,0.0601
3/2/1984,0.063
3/5/1984,0.0633
3/6/1984,0.0621
3/7/1984,0.0601
3/8/1984,0.0613
3/9/1984,0.0647
3/12/1984,0.0657
3/13/1984,0.0656
3/14/1984,0.064
3/15/1984,0.0653
3/16/1984,0.066
3/19/1984,0.066
3/20/1984,0.0673
3/21/1984,0.0677
3/22/1984,0.0638
3/23/1984,0.064
3/26/1984,0.065
3/27/1984,0.064
3/28/1984,0.0647
3/29/1984,0.0647
3/30/1984,0.0643
4/2/1984,0.0641
4/3/1984,0.0621
4/4/1984,0.0628
4/5/1984,0.0606
4/6/1984,0.061
4/9/1984,0.0608
4/10/1984,0.0597
4/11/1984,0.0594
4/12/1984,0.0596
4/13/1984,0.0603
4/16/1984,0.059
4/17/1984,0.0593
4/18/1984,0.0583
4/19/1984,0.0575
4/23/1984,0.0579
4/24/1984,0.0583
4/25/1984,0.0584
4/26/1984,0.0584
4/27/1984,0.0567
4/30/1984,0.0575
5/1/1984,0.0589
5/2/1984,0.0575
5/3/1984,0.057
5/4/1984,0.056
5/7/1984,0.0542
5/8/1984,0.0542
5/9/1984,0.0542
5/10/1984,0.0542
5/11/1984,0.0528
5/14/1984,0.0548
5/15/1984,0.055
5/16/1984,0.0548
5/17/1984,0.0547
5/18/1984,0.0555
5/21/1984,0.0582
5/22/1984,0.0577
5/23/1984,0.055
5/24/1984,0.0554
5/25/1984,0.0565
5/29/1984,0.0555
5/30/1984,0.0558
5/31/1984,0.056
6/1/1984,0.057
6/4/1984,0.0559
6/5/1984,0.0556
6/6/1984,0.0578
6/7/1984,0.0574
6/8/1984,0.0567
6/11/1984,0.0561
6/12/1984,0.0542
6/13/1984,0.0545
6/14/1984,0.0546
6/15/1984,0.0546
6/18/1984,0.0549
6/19/1984,0.0553
6/20/1984,0.0554
6/21/1984,0.0533
6/22/1984,0.0535
6/25/1984,0.0523
6/26/1984,0.0527
6/27/1984,0.0529
6/28/1984,0.0529
6/29/1984,0.0511
7/2/1984,0.0491
7/3/1984,0.0466
7/5/1984,0.0466
7/6/1984,0.0466
7/9/1984,0.0465
7/10/1984,0.0482
7/11/1984,0.0469
7/12/1984,0.0455
7/13/1984,0.0459
7/16/1984,0.0446
7/17/1984,0.0436
7/18/1984,0.0428
7/19/1984,0.0427
7/20/1984,0.0436
7/23/1984,0.044
7/24/1984,0.0455
7/25/1984,0.0443
7/26/1984,0.0442
7/27/1984,0.0439
7/30/1984,0.0425
7/31/1984,0.0427
8/1/1984,0.0424
8/2/1984,0.0416
8/3/1984,0.0409
8/6/1984,0.041
8/7/1984,0.0415
8/8/1984,0.0405
8/9/1984,0.0391
8/10/1984,0.0375
8/13/1984,0.0379
8/14/1984,0.0381
8/15/1984,0.0359
8/16/1984,0.0385
8/17/1984,0.0398
8/20/1984,0.0382
8/21/1984,0.0377
8/22/1984,0.0377
8/23/1984,0.04
8/24/1984,0.0393
8/27/1984,0.0424
8/28/1984,0.0443
8/29/1984,0.0416
8/30/1984,0.0419
8/31/1984,0.0423
9/4/1984,0.0426
9/5/1984,0.043
9/6/1984,0.042
9/7/1984,0.0413
9/10/1984,0.0414
9/11/1984,0.0423
9/12/1984,0.0423
9/13/1984,0.0425
9/14/1984,0.0404
9/17/1984,0.0404
9/18/1984,0.0373
9/19/1984,0.0375
9/20/1984,0.0384
9/21/1984,0.0391
9/24/1984,0.0388
9/25/1984,0.039
9/26/1984,0.04
9/27/1984,0.0408
9/28/1984,0.0411
10/1/1984,0.0415
10/2/1984,0.0448
10/3/1984,0.0464
10/4/1984,0.0457
10/5/1984,0.0468
10/8/1984,0.0477
10/9/1984,0.0487
10/10/1984,0.0477
10/11/1984,0.0472
10/12/1984,0.0467
10/15/1984,0.0492
10/16/1984,0.0482
10/17/1984,0.0483
10/18/1984,0.0481
10/19/1984,0.0483
10/22/1984,0.0452
10/23/1984,0.0458
10/24/1984,0.0456
10/25/1984,0.0456
10/26/1984,0.045
10/29/1984,0.0448
10/30/1984,0.0464
10/31/1984,0.0468
11/1/1984,0.0471
11/2/1984,0.0478
11/5/1984,0.0487
11/6/1984,0.0485
11/7/1984,0.0471
11/8/1984,0.0475
11/9/1984,0.0482
11/12/1984,0.0472
11/13/1984,0.0458
11/14/1984,0.0458
11/15/1984,0.0458
11/16/1984,0.0438
11/19/1984,0.0425
11/20/1984,0.041
11/21/1984,0.0408
11/23/1984,0.0401
11/26/1984,0.0397
11/27/1984,0.041
11/28/1984,0.0406
11/29/1984,0.0399
11/30/1984,0.0401
12/3/1984,0.0399
12/4/1984,0.0404
12/5/1984,0.0397
12/6/1984,0.0393
12/7/1984,0.0391
12/10/1984,0.0367
12/11/1984,0.0351
12/12/1984,0.0351
12/13/1984,0.035
12/14/1984,0.0351
12/17/1984,0.0342
12/18/1984,0.0342
12/19/1984,0.0333
12/20/1984,0.0331
12/21/1984,0.0316
12/24/1984,0.0316
12/26/1984,0.0308
12/27/1984,0.0314
12/28/1984,0.0316
12/31/1984,0.0317
1/2/1985,0.0324
1/3/1985,0.0317
1/4/1985,0.0319
1/7/1985,0.0341
1/8/1985,0.0334
1/9/1985,0.0333
1/10/1985,0.0346
1/11/1985,0.0366
1/14/1985,0.0382
1/15/1985,0.0386
1/16/1985,0.0386
1/17/1985,0.0359
1/18/1985,0.035
1/21/1985,0.0361
1/22/1985,0.0358
1/23/1985,0.0359
1/24/1985,0.035
1/25/1985,0.0385
1/28/1985,0.0384
1/29/1985,0.0378
1/30/1985,0.0391
1/31/1985,0.038
2/1/1985,0.0382
2/4/1985,0.0385
2/5/1985,0.0373
2/6/1985,0.0372
2/7/1985,0.0369
2/8/1985,0.0356
2/11/1985,0.0356
2/12/1985,0.0348
2/13/1985,0.0342
2/14/1985,0.0358
2/15/1985,0.0368
2/19/1985,0.0379
2/20/1985,0.036
2/21/1985,0.036
2/22/1985,0.0352
2/25/1985,0.035
2/26/1985,0.0365
2/27/1985,0.0371
2/28/1985,0.0385
3/1/1985,0.0398
3/4/1985,0.0405
3/5/1985,0.039
3/6/1985,0.0394
3/7/1985,0.0393
3/8/1985,0.0364
3/11/1985,0.0373
3/12/1985,0.0369
3/13/1985,0.0383
3/14/1985,0.0374
3/15/1985,0.0366
3/18/1985,0.0366
3/19/1985,0.038
3/20/1985,0.0374
3/21/1985,0.038
3/22/1985,0.0378
3/25/1985,0.0376
3/26/1985,0.0378
3/27/1985,0.0379
3/28/1985,0.0362
3/29/1985,0.0366
4/1/1985,0.038
4/2/1985,0.036
4/3/1985,0.0359
4/4/1985,0.0357
4/8/1985,0.0356
4/9/1985,0.0356
4/10/1985,0.0361
4/11/1985,0.0363
4/12/1985,0.0363
4/15/1985,0.0348
4/16/1985,0.0344
4/17/1985,0.0342
4/18/1985,0.0327
4/19/1985,0.0324
4/22/1985,0.0317
4/23/1985,0.0295
4/24/1985,0.0309
4/25/1985,0.0306
4/26/1985,0.0302
4/29/1985,0.03
4/30/1985,0.0304
5/1/1985,0.0314
5/2/1985,0.0298
5/3/1985,0.0288
5/6/1985,0.0276
5/7/1985,0.026
5/8/1985,0.0276
5/9/1985,0.0261
5/10/1985,0.0266
5/13/1985,0.0273
5/14/1985,0.0275
5/15/1985,0.0272
5/16/1985,0.027
5/17/1985,0.0272
5/20/1985,0.0286
5/21/1985,0.0284
5/22/1985,0.0274
5/23/1985,0.0275
5/24/1985,0.0274
5/28/1985,0.0276
5/29/1985,0.0274
5/30/1985,0.0274
5/31/1985,0.0284
6/3/1985,0.0274
6/4/1985,0.0268
6/5/1985,0.0261
6/6/1985,0.0261
6/7/1985,0.0267
6/10/1985,0.0268
6/11/1985,0.0276
6/12/1985,0.0284
6/13/1985,0.029
6/14/1985,0.0291
6/17/1985,0.0284
6/18/1985,0.029
6/19/1985,0.0274
6/20/1985,0.0256
6/21/1985,0.0261
6/24/1985,0.027
6/25/1985,0.0269
6/26/1985,0.0271
6/27/1985,0.028
6/28/1985,0.0276
7/1/1985,0.0268
7/2/1985,0.0261
7/3/1985,0.0261
7/5/1985,0.0261
7/8/1985,0.0261
7/9/1985,0.0263
7/10/1985,0.0277
7/11/1985,0.0274
7/12/1985,0.0275
7/15/1985,0.0281
7/16/1985,0.0287
7/17/1985,0.0297
7/18/1985,0.0314
7/19/1985,0.0314
7/22/1985,0.0343
7/23/1985,0.0343
7/24/1985,0.0343
7/25/1985,0.0357
7/26/1985,0.044
7/29/1985,0.0421
7/30/1985,0.0421
7/31/1985,0.0421
8/1/1985,0.0457
8/2/1985,0.0458
8/5/1985,0.0467
8/6/1985,0.0446
8/7/1985,0.0421
8/8/1985,0.0415
8/9/1985,0.0427
8/12/1985,0.0419
8/13/1985,0.0433
8/14/1985,0.0441
8/15/1985,0.0416
8/16/1985,0.0416
8/19/1985,0.0411
8/20/1985,0.041
8/21/1985,0.0405
8/22/1985,0.0401
8/23/1985,0.0435
8/26/1985,0.0433
8/27/1985,0.0447
8/28/1985,0.0471
8/29/1985,0.0474
8/30/1985,0.046
9/3/1985,0.0512
9/4/1985,0.0519
9/5/1985,0.0506
9/6/1985,0.0495
9/9/1985,0.0516
9/10/1985,0.0546
9/11/1985,0.0525
9/12/1985,0.0508
9/13/1985,0.0526
9/16/1985,0.0535
9/17/1985,0.0529
9/18/1985,0.0504
9/19/1985,0.0501
9/20/1985,0.0514
9/23/1985,0.0508
9/24/1985,0.0514
9/25/1985,0.0521
9/26/1985,0.0491
9/30/1985,0.0495
10/1/1985,0.0505
10/2/1985,0.0503
10/3/1985,0.0498
10/4/1985,0.0493
10/7/1985,0.0469
10/8/1985,0.0479
10/9/1985,0.0493
10/10/1985,0.0495
10/11/1985,0.0504
10/14/1985,0.0504
10/15/1985,0.0508
10/16/1985,0.0487
10/17/1985,0.0487
10/18/1985,0.0487
10/21/1985,0.0489
10/22/1985,0.0494
10/23/1985,0.0494
10/24/1985,0.0498
10/25/1985,0.0499
10/28/1985,0.0509
10/29/1985,0.0535
10/30/1985,0.0537
10/31/1985,0.0556
11/1/1985,0.0571
11/4/1985,0.0564
11/5/1985,0.0569
11/6/1985,0.0579
11/7/1985,0.0549
11/8/1985,0.0552
11/11/1985,0.0561
11/12/1985,0.0555
11/13/1985,0.0544
11/14/1985,0.0548
11/15/1985,0.0537
11/18/1985,0.0524
11/19/1985,0.0526
11/20/1985,0.0535
11/21/1985,0.0562
11/22/1985,0.0557
11/25/1985,0.0565
11/26/1985,0.0559
11/27/1985,0.0554
11/29/1985,0.0558
12/2/1985,0.059
12/3/1985,0.0565
12/4/1985,0.0572
12/5/1985,0.0578
12/6/1985,0.0575
12/9/1985,0.0561
12/10/1985,0.0566
12/11/1985,0.0551
12/12/1985,0.054
12/13/1985,0.0557
12/16/1985,0.0562
12/17/1985,0.0556
12/18/1985,0.0552
12/19/1985,0.0509
12/20/1985,0.0521
12/23/1985,0.0488
12/24/1985,0.0488
12/26/1985,0.0468
12/27/1985,0.0489
12/30/1985,0.0462
12/31/1985,0.0475
1/2/1986,0.0474
1/3/1986,0.0477
1/6/1986,0.0479
1/7/1986,0.0504
1/8/1986,0.0487
1/9/1986,0.0484
1/10/1986,0.049
1/13/1986,0.0468
1/14/1986,0.0444
1/15/1986,0.0452
1/16/1986,0.0441
1/17/1986,0.0451
1/20/1986,0.0448
1/21/1986,0.0435
1/22/1986,0.046
1/23/1986,0.0537
1/24/1986,0.0532
1/27/1986,0.0533
1/28/1986,0.0531
1/29/1986,0.0529
1/30/1986,0.0521
1/31/1986,0.0536
2/3/1986,0.0534
2/4/1986,0.0545
2/5/1986,0.0533
2/6/1986,0.0537
2/7/1986,0.0546
2/10/1986,0.0549
2/11/1986,0.055
2/12/1986,0.0552
2/13/1986,0.0554
2/14/1986,0.0536
2/18/1986,0.0544
2/19/1986,0.0549
2/20/1986,0.0556
2/21/1986,0.0558
2/24/1986,0.0577
2/25/1986,0.0586
2/26/1986,0.0575
2/27/1986,0.0578
2/28/1986,0.0589
3/3/1986,0.0629
3/4/1986,0.0644
3/5/1986,0.0634
3/6/1986,0.0631
3/7/1986,0.0636
3/10/1986,0.063
3/11/1986,0.0662
3/12/1986,0.0678
3/13/1986,0.0677
3/14/1986,0.0703
3/17/1986,0.0691
3/18/1986,0.0702
3/19/1986,0.0689
3/20/1986,0.0693
3/21/1986,0.0717
3/24/1986,0.0762
3/25/1986,0.077
3/26/1986,0.0845
3/27/1986,0.0842
3/31/1986,0.0898
4/1/1986,0.0893
4/2/1986,0.0868
4/3/1986,0.0848
4/4/1986,0.086
4/7/1986,0.0918
4/8/1986,0.0931
4/9/1986,0.0909
4/10/1986,0.0879
4/11/1986,0.0783
4/14/1986,0.0803
4/15/1986,0.079
4/16/1986,0.079
4/17/1986,0.0806
4/18/1986,0.0822
4/21/1986,0.0797
4/22/1986,0.078
4/23/1986,0.0786
4/24/1986,0.0799
4/25/1986,0.0821
4/28/1986,0.081
4/29/1986,0.0845
4/30/1986,0.0858
5/1/1986,0.0841
5/2/1986,0.084
5/5/1986,0.0848
5/6/1986,0.086
5/7/1986,0.083
5/8/1986,0.083
5/9/1986,0.0841
5/12/1986,0.083
5/13/1986,0.0802
5/14/1986,0.0754
5/15/1986,0.0746
5/16/1986,0.0755
5/19/1986,0.0715
5/20/1986,0.0677
5/21/1986,0.0691
5/22/1986,0.0688
5/23/1986,0.0709
5/27/1986,0.0711
5/28/1986,0.0687
5/29/1986,0.0686
5/30/1986,0.0713
6/2/1986,0.0726
6/3/1986,0.0715
6/4/1986,0.0705
6/5/1986,0.0688
6/6/1986,0.0705
6/9/1986,0.0676
6/10/1986,0.066
6/11/1986,0.0666
6/12/1986,0.0642
6/13/1986,0.0627
6/16/1986,0.0627
6/17/1986,0.0616
6/18/1986,0.0624
6/19/1986,0.0617
6/20/1986,0.0592
6/23/1986,0.0586
6/24/1986,0.0581
6/25/1986,0.0565
6/26/1986,0.0591
6/27/1986,0.0597
6/30/1986,0.0596
7/1/1986,0.0601
7/2/1986,0.0568
7/3/1986,0.0568
7/7/1986,0.0531
7/8/1986,0.0527
7/9/1986,0.0527
7/10/1986,0.0527
7/11/1986,0.0501
7/14/1986,0.0492
7/15/1986,0.0503
7/16/1986,0.049
7/17/1986,0.0536
7/18/1986,0.0581
7/21/1986,0.0557
7/22/1986,0.0587
7/23/1986,0.0558
7/24/1986,0.0579
7/25/1986,0.0616
7/28/1986,0.0629
7/29/1986,0.062
7/30/1986,0.0632
7/31/1986,0.0621
8/1/1986,0.0599
8/4/1986,0.0591
8/5/1986,0.0612
8/6/1986,0.0614
8/7/1986,0.063
8/8/1986,0.0633
8/11/1986,0.0638
8/12/1986,0.0638
8/13/1986,0.0583
8/14/1986,0.0572
8/15/1986,0.0531
8/18/1986,0.0532
8/19/1986,0.0494
8/20/1986,0.0496
8/21/1986,0.0506
8/22/1986,0.05
8/25/1986,0.0495
8/26/1986,0.0497
8/27/1986,0.0517
8/28/1986,0.049
8/29/1986,0.047
9/2/1986,0.046
9/3/1986,0.046
9/4/1986,0.0452
9/5/1986,0.0434
9/8/1986,0.0434
9/9/1986,0.0457
9/10/1986,0.0489
9/11/1986,0.0483
9/12/1986,0.0491
9/15/1986,0.0473
9/16/1986,0.0474
9/17/1986,0.0463
9/18/1986,0.0453
9/19/1986,0.0444
9/22/1986,0.0442
9/23/1986,0.0485
9/24/1986,0.0491
9/25/1986,0.0483
9/26/1986,0.0479
9/29/1986,0.0461
9/30/1986,0.0493
10/1/1986,0.047
10/2/1986,0.0463
10/3/1986,0.0479
10/6/1986,0.0495
10/7/1986,0.0485
10/8/1986,0.0483
10/9/1986,0.0531
10/10/1986,0.055
10/13/1986,0.0561
10/14/1986,0.0546
10/15/1986,0.0546
10/16/1986,0.0552
10/17/1986,0.0578
10/20/1986,0.0567
10/21/1986,0.0569
10/22/1986,0.058
10/23/1986,0.0571
10/24/1986,0.0569
10/27/1986,0.0576
10/28/1986,0.0576
10/29/1986,0.0577
10/30/1986,0.0564
10/31/1986,0.0586
11/3/1986,0.0615
11/4/1986,0.0613
11/5/1986,0.0611
11/6/1986,0.0605
11/7/1986,0.0616
11/10/1986,0.0627
11/11/1986,0.0596
11/12/1986,0.0599
11/13/1986,0.0594
11/14/1986,0.0571
11/17/1986,0.0572
11/18/1986,0.0585
11/19/1986,0.0576
11/20/1986,0.059
11/21/1986,0.0584
11/24/1986,0.0576
11/25/1986,0.057
11/26/1986,0.0576
11/28/1986,0.0576
12/1/1986,0.0603
12/2/1986,0.0606
12/3/1986,0.0625
12/4/1986,0.0612
12/5/1986,0.061
12/8/1986,0.0611
12/9/1986,0.0573
12/10/1986,0.0574
12/11/1986,0.0571
12/12/1986,0.057
12/15/1986,0.0543
12/16/1986,0.0528
12/17/1986,0.0531
12/18/1986,0.0544
12/19/1986,0.0531
12/22/1986,0.0539
12/23/1986,0.0544
12/24/1986,0.0546
12/26/1986,0.0546
12/29/1986,0.0545
12/30/1986,0.0537
12/31/1986,0.0543
1/2/1987,0.0543
1/5/1987,0.0536
1/6/1987,0.0523
1/7/1987,0.0522
1/8/1987,0.0587
1/9/1987,0.0607
1/12/1987,0.0603
1/13/1987,0.0617
1/14/1987,0.0646
1/15/1987,0.0631
1/16/1987,0.0635
1/19/1987,0.0626
1/20/1987,0.0628
1/21/1987,0.065
1/22/1987,0.0688
1/23/1987,0.0734
1/26/1987,0.0734
1/27/1987,0.0743
1/28/1987,0.0769
1/29/1987,0.0748
1/30/1987,0.0722
2/2/1987,0.0739
2/3/1987,0.0736
2/4/1987,0.075
2/5/1987,0.0773
2/6/1987,0.0719
2/9/1987,0.0731
2/10/1987,0.0744
2/11/1987,0.0753
2/12/1987,0.075
2/13/1987,0.0747
2/17/1987,0.0731
2/18/1987,0.0697
2/19/1987,0.0709
2/20/1987,0.0712
2/23/1987,0.0723
2/24/1987,0.0716
2/25/1987,0.0726
2/26/1987,0.0736
2/27/1987,0.0778
3/2/1987,0.0806
3/3/1987,0.0808
3/4/1987,0.08
3/5/1987,0.0798
3/6/1987,0.081
3/9/1987,0.0794
3/10/1987,0.0803
3/11/1987,0.0783
3/12/1987,0.078
3/13/1987,0.0786
3/16/1987,0.0754
3/17/1987,0.0755
3/18/1987,0.0732
3/19/1987,0.0748
3/20/1987,0.0745
3/23/1987,0.0743
3/24/1987,0.0698
3/25/1987,0.0697
3/26/1987,0.0703
3/27/1987,0.0663
3/30/1987,0.0657
3/31/1987,0.0651
4/1/1987,0.066
4/2/1987,0.0656
4/3/1987,0.0666
4/6/1987,0.0661
4/7/1987,0.0662
4/8/1987,0.0656
4/9/1987,0.0658
4/10/1987,0.0677
4/13/1987,0.067
4/14/1987,0.0668
4/15/1987,0.0667
4/16/1987,0.0669
4/20/1987,0.067
4/21/1987,0.0639
4/22/1987,0.0619
4/23/1987,0.063
4/24/1987,0.068
4/27/1987,0.0675
4/28/1987,0.0672
4/29/1987,0.0692
4/30/1987,0.0702
5/1/1987,0.0654
5/4/1987,0.0668
5/5/1987,0.0658
5/6/1987,0.0672
5/7/1987,0.067
5/8/1987,0.0668
5/11/1987,0.0701
5/12/1987,0.068
5/13/1987,0.0673
5/14/1987,0.0685
5/15/1987,0.0699
5/18/1987,0.0683
5/19/1987,0.0687
5/20/1987,0.0671
5/21/1987,0.0687
5/22/1987,0.0682
5/26/1987,0.0643
5/27/1987,0.0648
5/28/1987,0.0645
5/29/1987,0.0644
6/1/1987,0.0625
6/2/1987,0.0639
6/3/1987,0.0633
6/4/1987,0.0628
6/5/1987,0.0635
6/8/1987,0.064
6/9/1987,0.0636
6/10/1987,0.0625
6/11/1987,0.0635
6/12/1987,0.0633
6/15/1987,0.0656
6/16/1987,0.0645
6/17/1987,0.0657
6/18/1987,0.0645
6/19/1987,0.0647
6/22/1987,0.064
6/23/1987,0.064
6/24/1987,0.0641
6/25/1987,0.0644
6/26/1987,0.0677
6/29/1987,0.0644
6/30/1987,0.0633
7/1/1987,0.0639
7/2/1987,0.0645
7/6/1987,0.0646
7/7/1987,0.0646
7/8/1987,0.0642
7/9/1987,0.0646
7/10/1987,0.0648
7/13/1987,0.0647
7/14/1987,0.0636
7/15/1987,0.0609
7/16/1987,0.0595
7/17/1987,0.0597
7/20/1987,0.0603
7/21/1987,0.0578
7/22/1987,0.0586
7/23/1987,0.0556
7/24/1987,0.0563
7/27/1987,0.0572
7/28/1987,0.055
7/29/1987,0.0554
7/30/1987,0.0561
7/31/1987,0.0553
8/3/1987,0.0555
8/4/1987,0.0557
8/5/1987,0.0556
8/6/1987,0.0566
8/7/1987,0.0569
8/10/1987,0.0581
8/11/1987,0.0575
8/12/1987,0.0562
8/13/1987,0.0578
8/14/1987,0.0572
8/17/1987,0.0575
8/18/1987,0.0582
8/19/1987,0.0568
8/20/1987,0.0563
8/21/1987,0.0563
8/24/1987,0.0547
8/25/1987,0.0526
8/26/1987,0.0519
8/27/1987,0.0527
8/28/1987,0.0537
8/31/1987,0.0532
9/1/1987,0.055
9/2/1987,0.0555
9/3/1987,0.0546
9/4/1987,0.0537
9/8/1987,0.0549
9/9/1987,0.052
9/10/1987,0.0585
9/11/1987,0.0568
9/14/1987,0.0563
9/15/1987,0.0567
9/16/1987,0.0581
9/17/1987,0.0595
9/18/1987,0.0611
9/21/1987,0.0613
9/22/1987,0.0603
9/23/1987,0.0586
9/24/1987,0.058
9/25/1987,0.0587
9/28/1987,0.0598
9/29/1987,0.0614
9/30/1987,0.0592
10/1/1987,0.0594
10/2/1987,0.0602
10/5/1987,0.0609
10/6/1987,0.064
10/7/1987,0.0648
10/8/1987,0.0638
10/9/1987,0.0639
10/12/1987,0.0655
10/13/1987,0.0653
10/14/1987,0.0653
10/15/1987,0.0653
10/16/1987,0.0666
10/19/1987,0.0667
10/20/1987,0.0628
10/21/1987,0.0676
10/22/1987,0.0681
10/23/1987,0.07
10/26/1987,0.0697
10/27/1987,0.07
10/28/1987,0.0709
10/29/1987,0.0698
10/30/1987,0.0708
11/2/1987,0.0706
11/3/1987,0.0692
11/4/1987,0.0679
11/5/1987,0.0718
11/6/1987,0.0706
11/9/1987,0.0729
11/10/1987,0.073
11/11/1987,0.0737
11/12/1987,0.0735
11/13/1987,0.0731
11/16/1987,0.072
11/17/1987,0.0719
11/18/1987,0.074
11/19/1987,0.0732
11/20/1987,0.0738
11/23/1987,0.0729
11/24/1987,0.0734
11/25/1987,0.0758
11/27/1987,0.0758
11/30/1987,0.0759
12/1/1987,0.0781
12/2/1987,0.078
12/3/1987,0.0764
12/4/1987,0.0764
12/7/1987,0.0776
12/8/1987,0.0765
12/9/1987,0.077
12/10/1987,0.078
12/11/1987,0.0773
12/14/1987,0.0775
12/15/1987,0.0794
12/16/1987,0.0798
12/17/1987,0.0847
12/18/1987,0.0847
12/21/1987,0.0849
12/22/1987,0.0847
12/23/1987,0.0869
12/24/1987,0.0915
12/28/1987,0.0916
12/29/1987,0.0913
12/30/1987,0.0911
12/31/1987,0.0921
1/4/1988,0.096
1/5/1988,0.0942
1/6/1988,0.0916
1/7/1988,0.0918
1/8/1988,0.0935
1/11/1988,0.0933
1/12/1988,0.0918
1/13/1988,0.09
1/14/1988,0.0921
1/15/1988,0.0943
1/18/1988,0.0939
1/19/1988,0.0975
1/20/1988,0.1
1/21/1988,0.0997
1/22/1988,0.0998
1/25/1988,0.105
1/26/1988,0.1052
1/27/1988,0.1031
1/28/1988,0.0992
1/29/1988,0.0977
2/1/1988,0.0902
2/2/1988,0.0852
2/3/1988,0.0865
2/4/1988,0.0864
2/5/1988,0.088
2/8/1988,0.0813
2/9/1988,0.0819
2/10/1988,0.0844
2/11/1988,0.0854
2/12/1988,0.0843
2/16/1988,0.0855
2/17/1988,0.0858
2/18/1988,0.0872
2/19/1988,0.085
2/22/1988,0.0863
2/23/1988,0.0833
2/24/1988,0.0815
2/25/1988,0.077
2/26/1988,0.0761
2/29/1988,0.0784
3/1/1988,0.0795
3/2/1988,0.0813
3/3/1988,0.0803
3/4/1988,0.0834
3/7/1988,0.0835
3/8/1988,0.0835
3/9/1988,0.0828
3/10/1988,0.0824
3/11/1988,0.0827
3/14/1988,0.0827
3/15/1988,0.0808
3/16/1988,0.0835
3/17/1988,0.0862
3/18/1988,0.0856
3/21/1988,0.0857
3/22/1988,0.0885
3/23/1988,0.0874
3/24/1988,0.0868
3/25/1988,0.0876
3/28/1988,0.0891
3/29/1988,0.0899
3/30/1988,0.0889
3/31/1988,0.088
4/4/1988,0.0848
4/5/1988,0.0844
4/6/1988,0.0847
4/7/1988,0.0842
4/8/1988,0.0864
4/11/1988,0.0851
4/12/1988,0.0855
4/13/1988,0.086
4/14/1988,0.0836
4/15/1988,0.0844
4/18/1988,0.0849
4/19/1988,0.0854
4/20/1988,0.0857
4/21/1988,0.0844
4/22/1988,0.0845
4/25/1988,0.0863
4/26/1988,0.0856
4/27/1988,0.0852
4/28/1988,0.0841
4/29/1988,0.0832
5/2/1988,0.0793
5/3/1988,0.0822
5/4/1988,0.0818
5/5/1988,0.082
5/6/1988,0.0823
5/9/1988,0.0856
5/10/1988,0.0858
5/11/1988,0.0882
5/12/1988,0.0903
5/13/1988,0.0901
5/16/1988,0.091
5/17/1988,0.0906
5/18/1988,0.0902
5/19/1988,0.0926
5/20/1988,0.093
5/23/1988,0.0931
5/24/1988,0.0916
5/25/1988,0.0908
5/26/1988,0.0906
5/27/1988,0.0938
5/31/1988,0.0933
6/1/1988,0.0965
6/2/1988,0.0971
6/3/1988,0.0985
6/6/1988,0.102
6/7/1988,0.1004
6/8/1988,0.0972
6/9/1988,0.0977
6/10/1988,0.0992
6/13/1988,0.0966
6/14/1988,0.0966
6/15/1988,0.0973
6/16/1988,0.0973
6/17/1988,0.0999
6/20/1988,0.1074
6/21/1988,0.1092
6/22/1988,0.1097
6/23/1988,0.1088
6/24/1988,0.1076
6/27/1988,0.1159
6/28/1988,0.1279
6/29/1988,0.1212
6/30/1988,0.1295
7/1/1988,0.1331
7/5/1988,0.1316
7/6/1988,0.1378
7/7/1988,0.1435
7/8/1988,0.1405
7/11/1988,0.1371
7/12/1988,0.1431
7/13/1988,0.1482
7/14/1988,0.1583
7/15/1988,0.1559
7/18/1988,0.1508
7/19/1988,0.156
7/20/1988,0.1527
7/21/1988,0.1433
7/22/1988,0.1437
7/25/1988,0.1483
7/26/1988,0.1213
7/27/1988,0.1251
7/28/1988,0.1158
7/29/1988,0.1169
8/1/1988,0.1185
8/2/1988,0.1165
8/3/1988,0.1223
8/4/1988,0.1205
8/5/1988,0.121
8/8/1988,0.1175
8/9/1988,0.1177
8/10/1988,0.1183
8/11/1988,0.1167
8/12/1988,0.1102
8/15/1988,0.108
8/16/1988,0.1085
8/17/1988,0.1093
8/18/1988,0.1059
8/19/1988,0.1062
8/22/1988,0.1039
8/23/1988,0.1059
8/24/1988,0.1068
8/25/1988,0.1071
8/26/1988,0.1063
8/29/1988,0.1039
8/30/1988,0.1038
8/31/1988,0.1033
9/1/1988,0.1085
9/2/1988,0.1079
9/6/1988,0.1078
9/7/1988,0.103
9/8/1988,0.1016
9/9/1988,0.1006
9/12/1988,0.0996
9/13/1988,0.1046
9/14/1988,0.1044
9/15/1988,0.1072
9/16/1988,0.1031
9/19/1988,0.0979
9/20/1988,0.0968
9/21/1988,0.0984
9/22/1988,0.1005
9/23/1988,0.102
9/26/1988,0.0962
9/27/1988,0.0956
9/28/1988,0.0948
9/29/1988,0.098
9/30/1988,0.0999
10/3/1988,0.0983
10/4/1988,0.0983
10/5/1988,0.0998
10/6/1988,0.0989
10/7/1988,0.1006
10/10/1988,0.0978
10/11/1988,0.0962
10/12/1988,0.1017
10/13/1988,0.1032
10/14/1988,0.1026
10/17/1988,0.1022
10/18/1988,0.1057
10/19/1988,0.1026
10/20/1988,0.1028
10/21/1988,0.1058
10/24/1988,0.1072
10/25/1988,0.1052
10/26/1988,0.1081
10/27/1988,0.1081
10/28/1988,0.1082
10/31/1988,0.1082
11/1/1988,0.1086
11/2/1988,0.1117
11/3/1988,0.1105
11/4/1988,0.1065
11/7/1988,0.1062
11/8/1988,0.107
11/9/1988,0.1073
11/10/1988,0.1076
11/11/1988,0.1045
11/14/1988,0.1073
11/15/1988,0.1068
11/16/1988,0.106
11/17/1988,0.1026
11/18/1988,0.1035
11/21/1988,0.1051
11/22/1988,0.1071
11/23/1988,0.1116
11/25/1988,0.1116
11/28/1988,0.1157
11/29/1988,0.1155
11/30/1988,0.112
12/1/1988,0.1126
12/2/1988,0.1163
12/5/1988,0.1146
12/6/1988,0.1127
12/7/1988,0.1141
12/8/1988,0.1132
12/9/1988,0.1171
12/12/1988,0.1187
12/13/1988,0.1166
12/14/1988,0.1155
12/15/1988,0.1121
12/16/1988,0.1115
12/19/1988,0.111
12/20/1988,0.1102
12/21/1988,0.1096
12/22/1988,0.1106
12/23/1988,0.1105
12/27/1988,0.1121
12/28/1988,0.1109
12/29/1988,0.1093
12/30/1988,0.1093
1/3/1989,0.103
1/4/1989,0.1017
1/5/1989,0.1009
1/6/1989,0.1007
1/9/1989,0.0997
1/10/1989,0.1001
1/11/1989,0.0979
1/12/1989,0.0954
1/13/1989,0.0947
1/16/1989,0.0975
1/17/1989,0.0959
1/18/1989,0.0951
1/19/1989,0.098
1/20/1989,0.0968
1/23/1989,0.0945
1/24/1989,0.0917
1/25/1989,0.0903
1/26/1989,0.0915
1/27/1989,0.0939
1/30/1989,0.0951
1/31/1989,0.0988
2/1/1989,0.1013
2/2/1989,0.101
2/3/1989,0.098
2/6/1989,0.1001
2/7/1989,0.1014
2/8/1989,0.101
2/9/1989,0.1041
2/10/1989,0.1018
2/13/1989,0.102
2/14/1989,0.1017
2/15/1989,0.1025
2/16/1989,0.1054
2/17/1989,0.1099
2/21/1989,0.1123
2/22/1989,0.1135
2/23/1989,0.1102
2/24/1989,0.1108
2/27/1989,0.1088
2/28/1989,0.1073
3/1/1989,0.1073
3/2/1989,0.1088
3/3/1989,0.1073
3/6/1989,0.1096
3/7/1989,0.1094
3/8/1989,0.1134
3/9/1989,0.1187
3/10/1989,0.121
3/13/1989,0.1193
3/14/1989,0.1194
3/15/1989,0.1179
3/16/1989,0.1213
3/17/1989,0.121
3/20/1989,0.1209
3/21/1989,0.1184
3/22/1989,0.1155
3/23/1989,0.1116
3/27/1989,0.1097
3/28/1989,0.111
3/29/1989,0.1173
3/30/1989,0.1184
3/31/1989,0.1217
4/3/1989,0.1261
4/4/1989,0.1247
4/5/1989,0.1222
4/6/1989,0.1248
4/7/1989,0.1193
4/10/1989,0.1186
4/11/1989,0.1192
4/12/1989,0.1196
4/13/1989,0.1183
4/14/1989,0.1176
4/17/1989,0.1209
4/18/1989,0.121
4/19/1989,0.1237
4/20/1989,0.1232
4/21/1989,0.123
4/24/1989,0.1247
4/25/1989,0.1238
4/26/1989,0.1213
4/27/1989,0.1208
4/28/1989,0.1156
5/1/1989,0.1186
5/2/1989,0.1202
5/3/1989,0.1204
5/4/1989,0.1224
5/5/1989,0.1235
5/8/1989,0.1225
5/9/1989,0.1235
5/10/1989,0.1223
5/11/1989,0.1253
5/12/1989,0.1255
5/15/1989,0.1236
5/16/1989,0.1238
5/17/1989,0.1214
5/18/1989,0.123
5/19/1989,0.1208
5/22/1989,0.1177
5/23/1989,0.1153
5/24/1989,0.1119
5/25/1989,0.1115
5/26/1989,0.111
5/30/1989,0.1111
5/31/1989,0.1091
6/1/1989,0.1113
6/2/1989,0.1134
6/5/1989,0.1105
6/6/1989,0.1114
6/7/1989,0.1118
6/8/1989,0.1165
6/9/1989,0.1155
6/12/1989,0.1169
6/13/1989,0.1188
6/14/1989,0.122
6/15/1989,0.1269
6/16/1989,0.1294
6/19/1989,0.1311
6/20/1989,0.1306
6/21/1989,0.131
6/22/1989,0.1399
6/23/1989,0.1391
6/26/1989,0.1369
6/27/1989,0.1394
6/28/1989,0.1398
6/29/1989,0.1411
6/30/1989,0.1454
7/3/1989,0.1461
7/5/1989,0.1383
7/6/1989,0.137
7/7/1989,0.1343
7/10/1989,0.132
7/11/1989,0.13
7/12/1989,0.1272
7/13/1989,0.1354
7/14/1989,0.1402
7/17/1989,0.139
7/18/1989,0.1423
7/19/1989,0.1458
7/20/1989,0.1429
7/21/1989,0.1439
7/24/1989,0.1412
7/25/1989,0.1416
7/26/1989,0.1471
7/27/1989,0.1452
7/28/1989,0.1459
7/31/1989,0.1466
8/1/1989,0.1445
8/2/1989,0.1451
8/3/1989,0.1469
8/4/1989,0.144
8/7/1989,0.141
8/8/1989,0.1397
8/9/1989,0.1424
8/10/1989,0.141
8/11/1989,0.1446
8/14/1989,0.1406
8/15/1989,0.1369
8/16/1989,0.1374
8/17/1989,0.1381
8/18/1989,0.1356
8/21/1989,0.1349
8/22/1989,0.1405
8/23/1989,0.142
8/24/1989,0.141
8/25/1989,0.1399
8/28/1989,0.1329
8/29/1989,0.1326
8/30/1989,0.1338
8/31/1989,0.1351
9/1/1989,0.1342
9/5/1989,0.1346
9/6/1989,0.134
9/7/1989,0.1362
9/8/1989,0.1357
9/11/1989,0.1355
9/12/1989,0.1407
9/13/1989,0.1413
9/14/1989,0.1382
9/15/1989,0.1401
9/18/1989,0.1442
9/19/1989,0.1437
9/20/1989,0.1441
9/21/1989,0.1449
9/22/1989,0.1471
9/25/1989,0.1488
9/26/1989,0.1469
9/27/1989,0.148
9/28/1989,0.1477
9/29/1989,0.1457
10/2/1989,0.1456
10/3/1989,0.1449
10/4/1989,0.1481
10/5/1989,0.1466
10/6/1989,0.1421
10/9/1989,0.1432
10/10/1989,0.1426
10/11/1989,0.1426
10/12/1989,0.1422
10/13/1989,0.1461
10/16/1989,0.1452
10/17/1989,0.1459
10/18/1989,0.146
10/19/1989,0.1458
10/20/1989,0.1449
10/23/1989,0.1417
10/24/1989,0.1414
10/25/1989,0.1429
10/26/1989,0.1427
10/27/1989,0.1422
10/30/1989,0.1442
10/31/1989,0.1429
11/1/1989,0.1471
11/2/1989,0.1486
11/3/1989,0.148
11/6/1989,0.1471
11/7/1989,0.151
11/8/1989,0.1512
11/9/1989,0.1526
11/10/1989,0.1538
11/13/1989,0.1514
11/14/1989,0.1545
11/15/1989,0.154
11/16/1989,0.1523
11/17/1989,0.1549
11/20/1989,0.1539
11/21/1989,0.1519
11/22/1989,0.1507
11/24/1989,0.1507
11/27/1989,0.1485
11/28/1989,0.1486
11/29/1989,0.1411
11/30/1989,0.1425
12/1/1989,0.1493
12/4/1989,0.1358
12/5/1989,0.1365
12/6/1989,0.1395
12/7/1989,0.1376
12/8/1989,0.1383
12/11/1989,0.1368
12/12/1989,0.1381
12/13/1989,0.1384
12/14/1989,0.1386
12/15/1989,0.1379
12/18/1989,0.1363
12/19/1989,0.1371
12/20/1989,0.1312
12/21/1989,0.1283
12/22/1989,0.1298
12/26/1989,0.1279
12/27/1989,0.1305
12/28/1989,0.1328
12/29/1989,0.1314
1/2/1990,0.1315
1/3/1990,0.1385
1/4/1990,0.1402
1/5/1990,0.141
1/8/1990,0.141
1/9/1990,0.1426
1/10/1990,0.1451
1/11/1990,0.1442
1/12/1990,0.1445
1/15/1990,0.1458
1/16/1990,0.1455
1/17/1990,0.143
1/18/1990,0.1425
1/19/1990,0.142
1/22/1990,0.1449
1/23/1990,0.147
1/24/1990,0.147
1/25/1990,0.1509
1/26/1990,0.1479
1/29/1990,0.1471
1/30/1990,0.1458
1/31/1990,0.1455
2/1/1990,0.1475
2/2/1990,0.1469
2/5/1990,0.1474
2/6/1990,0.1462
2/7/1990,0.1461
2/8/1990,0.1477
2/9/1990,0.1514
2/12/1990,0.1505
2/13/1990,0.1453
2/14/1990,0.1462
2/15/1990,0.1461
2/16/1990,0.1469
2/20/1990,0.1449
2/21/1990,0.1457
2/22/1990,0.1479
2/23/1990,0.1457
2/26/1990,0.1441
2/27/1990,0.1417
2/28/1990,0.1433
3/1/1990,0.1414
3/2/1990,0.1437
3/5/1990,0.1479
3/6/1990,0.1484
3/7/1990,0.1498
3/8/1990,0.1532
3/9/1990,0.1558
3/12/1990,0.1548
3/13/1990,0.156
3/14/1990,0.1551
3/15/1990,0.1583
3/16/1990,0.1625
3/19/1990,0.1585
3/20/1990,0.1577
3/21/1990,0.1581
3/22/1990,0.1553
3/23/1990,0.1547
3/26/1990,0.1546
3/27/1990,0.1523
3/28/1990,0.1548
3/29/1990,0.1554
3/30/1990,0.1572
4/2/1990,0.1521
4/3/1990,0.1518
4/4/1990,0.1506
4/5/1990,0.15
4/6/1990,0.1503
4/9/1990,0.1529
4/10/1990,0.1524
4/11/1990,0.1523
4/12/1990,0.1531
4/16/1990,0.1487
4/17/1990,0.1486
4/18/1990,0.153
4/19/1990,0.1511
4/20/1990,0.1515
4/23/1990,0.1522
4/24/1990,0.1533
4/25/1990,0.1572
4/26/1990,0.1566
4/27/1990,0.1566
4/30/1990,0.1587
5/1/1990,0.1597
5/2/1990,0.1581
5/3/1990,0.1562
5/4/1990,0.1449
5/7/1990,0.1466
5/8/1990,0.1465
5/9/1990,0.1461
5/10/1990,0.1458
5/11/1990,0.1481
5/14/1990,0.1477
5/15/1990,0.1449
5/16/1990,0.1457
5/17/1990,0.1434
5/18/1990,0.1429
5/21/1990,0.1438
5/22/1990,0.1446
5/23/1990,0.1444
5/24/1990,0.1458
5/25/1990,0.1465
5/29/1990,0.1409
5/30/1990,0.1372
5/31/1990,0.1369
6/1/1990,0.1327
6/4/1990,0.1347
6/5/1990,0.1356
6/6/1990,0.1355
6/7/1990,0.1355
6/8/1990,0.1354
6/11/1990,0.136
6/12/1990,0.1328
6/13/1990,0.1318
6/14/1990,0.1236
6/15/1990,0.1286
6/18/1990,0.1264
6/19/1990,0.1272
6/20/1990,0.1283
6/21/1990,0.1253
6/22/1990,0.1256
6/25/1990,0.1257
6/26/1990,0.1249
6/27/1990,0.1267
6/28/1990,0.1271
6/29/1990,0.1276
7/2/1990,0.1332
7/3/1990,0.1343
7/5/1990,0.1319
7/6/1990,0.1281
7/9/1990,0.1199
7/10/1990,0.1216
7/11/1990,0.1203
7/12/1990,0.1214
7/13/1990,0.1325
7/16/1990,0.1184
7/17/1990,0.1124
7/18/1990,0.1106
7/19/1990,0.1148
7/20/1990,0.1166
7/23/1990,0.1123
7/24/1990,0.114
7/25/1990,0.1151
7/26/1990,0.115
7/27/1990,0.1145
7/30/1990,0.1131
7/31/1990,0.1123
8/1/1990,0.1056
8/2/1990,0.1051
8/3/1990,0.0989
8/6/1990,0.105
8/7/1990,0.1056
8/8/1990,0.1045
8/9/1990,0.1062
8/10/1990,0.1052
8/13/1990,0.1052
8/14/1990,0.1097
8/15/1990,0.11
8/16/1990,0.1115
8/17/1990,0.1147
8/20/1990,0.1136
8/21/1990,0.112
8/22/1990,0.1105
8/23/1990,0.1146
8/24/1990,0.1161
8/27/1990,0.1152
8/28/1990,0.1152
8/29/1990,0.1103
8/30/1990,0.1089
8/31/1990,0.1047
9/4/1990,0.1065
9/5/1990,0.1086
9/6/1990,0.1125
9/7/1990,0.1115
9/10/1990,0.111
9/11/1990,0.1146
9/12/1990,0.1106
9/13/1990,0.1094
9/14/1990,0.1112
9/17/1990,0.1123
9/18/1990,0.1088
9/19/1990,0.1101
9/20/1990,0.1121
9/21/1990,0.1093
9/24/1990,0.1116
9/25/1990,0.1115
9/26/1990,0.1092
9/27/1990,0.1072
9/28/1990,0.1013
10/1/1990,0.1016
10/2/1990,0.1027
10/3/1990,0.0991
10/4/1990,0.0987
10/5/1990,0.0997
10/8/1990,0.1025
10/9/1990,0.099
10/10/1990,0.1006
10/11/1990,0.0983
10/12/1990,0.0967
10/15/1990,0.0924
10/16/1990,0.0925
10/17/1990,0.0954
10/18/1990,0.0973
10/19/1990,0.0965
10/22/1990,0.1002
10/23/1990,0.0978
10/24/1990,0.0995
10/25/1990,0.0966
10/26/1990,0.0939
10/29/1990,0.0942
10/30/1990,0.0949
10/31/1990,0.0955
11/1/1990,0.098
11/2/1990,0.0976
11/5/1990,0.0968
11/6/1990,0.0992
11/7/1990,0.0972
11/8/1990,0.0993
11/9/1990,0.1019
11/12/1990,0.1028
11/13/1990,0.1035
11/14/1990,0.1033
11/15/1990,0.1016
11/16/1990,0.1028
11/19/1990,0.0986
11/20/1990,0.0984
11/21/1990,0.0998
11/23/1990,0.0998
11/26/1990,0.1015
11/27/1990,0.1002
11/28/1990,0.0999
11/29/1990,0.1003
11/30/1990,0.0972
12/3/1990,0.0981
12/4/1990,0.0975
12/5/1990,0.0991
12/6/1990,0.0961
12/7/1990,0.0967
12/10/1990,0.0971
12/11/1990,0.0989
12/12/1990,0.0981
12/13/1990,0.097
12/14/1990,0.0968
12/17/1990,0.0969
12/18/1990,0.0972
12/19/1990,0.0969
12/20/1990,0.0958
12/21/1990,0.0966
12/24/1990,0.0966
12/26/1990,0.0986
12/27/1990,0.0978
12/28/1990,0.0942
12/31/1990,0.0942
1/2/1991,0.0898
1/3/1991,0.0897
1/4/1991,0.0897
1/7/1991,0.0926
1/8/1991,0.0903
1/9/1991,0.0903
1/10/1991,0.0898
1/11/1991,0.0906
1/14/1991,0.0887
1/15/1991,0.0905
1/16/1991,0.0889
1/17/1991,0.0886
1/18/1991,0.089
1/21/1991,0.0875
1/22/1991,0.0879
1/23/1991,0.0883
1/24/1991,0.0879
1/25/1991,0.0884
1/28/1991,0.0877
1/29/1991,0.0866
1/30/1991,0.0856
1/31/1991,0.0867
2/1/1991,0.0886
2/4/1991,0.0896
2/5/1991,0.0882
2/6/1991,0.0851
2/7/1991,0.0852
2/8/1991,0.0848
2/11/1991,0.0813
2/12/1991,0.0818
2/13/1991,0.0821
2/14/1991,0.0849
2/15/1991,0.0836
2/19/1991,0.087
2/20/1991,0.0856
2/21/1991,0.0856
2/22/1991,0.0819
2/25/1991,0.0832
2/26/1991,0.0875
2/27/1991,0.0916
2/28/1991,0.0902
3/1/1991,0.0922
3/4/1991,0.0933
3/5/1991,0.0956
3/6/1991,0.0948
3/7/1991,0.0965
3/8/1991,0.0958
3/11/1991,0.0926
3/12/1991,0.0922
3/13/1991,0.0911
3/14/1991,0.0927
3/15/1991,0.0907
3/18/1991,0.0923
3/19/1991,0.0918
3/20/1991,0.0903
3/21/1991,0.0889
3/22/1991,0.0905
3/25/1991,0.0911
3/26/1991,0.092
3/27/1991,0.0912
3/28/1991,0.0889
4/1/1991,0.09
4/2/1991,0.0908
4/3/1991,0.0903
4/4/1991,0.091
4/5/1991,0.0895
4/8/1991,0.0921
4/9/1991,0.0918
4/10/1991,0.0906
4/11/1991,0.0895
4/12/1991,0.0871
4/15/1991,0.0866
4/16/1991,0.0861
4/17/1991,0.0857
4/18/1991,0.0807
4/19/1991,0.0794
4/22/1991,0.081
4/23/1991,0.0789
4/24/1991,0.0817
4/25/1991,0.0817
4/26/1991,0.083
4/29/1991,0.0775
4/30/1991,0.0758
5/1/1991,0.0806
5/2/1991,0.0794
5/3/1991,0.0793
5/6/1991,0.0759
5/7/1991,0.0761
5/8/1991,0.0762
5/9/1991,0.0782
5/10/1991,0.0764
5/13/1991,0.0778
5/14/1991,0.0764
5/15/1991,0.0785
5/16/1991,0.0786
5/17/1991,0.0779
5/20/1991,0.0803
5/21/1991,0.0799
5/22/1991,0.08
5/23/1991,0.0787
5/24/1991,0.0808
5/28/1991,0.081
5/29/1991,0.0802
5/30/1991,0.0807
5/31/1991,0.0804
6/3/1991,0.0844
6/4/1991,0.0865
6/5/1991,0.0856
6/6/1991,0.0877
6/7/1991,0.0885
6/10/1991,0.0887
6/11/1991,0.0881
6/12/1991,0.0885
6/13/1991,0.0917
6/14/1991,0.0941
6/17/1991,0.096
6/18/1991,0.0988
6/19/1991,0.1
6/20/1991,0.0989
6/21/1991,0.0986
6/24/1991,0.0982
6/25/1991,0.0992
6/26/1991,0.1004
6/27/1991,0.1019
6/28/1991,0.0975
7/1/1991,0.0997
7/2/1991,0.0978
7/3/1991,0.0998
7/5/1991,0.0998
7/8/1991,0.1068
7/9/1991,0.1063
7/10/1991,0.1031
7/11/1991,0.1029
7/12/1991,0.1057
7/15/1991,0.0912
7/16/1991,0.1001
7/17/1991,0.0989
7/18/1991,0.1072
7/19/1991,0.1054
7/22/1991,0.1025
7/23/1991,0.1026
7/24/1991,0.1027
7/25/1991,0.0985
7/26/1991,0.1017
7/29/1991,0.1022
7/30/1991,0.1029
7/31/1991,0.1054
8/1/1991,0.1047
8/2/1991,0.1027
8/5/1991,0.1044
8/6/1991,0.1021
8/7/1991,0.1004
8/8/1991,0.0985
8/9/1991,0.0963
8/12/1991,0.0898
8/13/1991,0.0909
8/14/1991,0.0913
8/15/1991,0.0903
8/16/1991,0.0894
8/19/1991,0.0872
8/20/1991,0.0855
8/21/1991,0.0918
8/22/1991,0.0928
8/23/1991,0.0919
8/26/1991,0.0941
8/27/1991,0.0953
8/28/1991,0.094
8/29/1991,0.0918
8/30/1991,0.0933
9/3/1991,0.0925
9/4/1991,0.0924
9/5/1991,0.0935
9/6/1991,0.0965
9/9/1991,0.094
9/10/1991,0.0944
9/11/1991,0.0936
9/12/1991,0.0928
9/13/1991,0.0926
9/16/1991,0.0896
9/17/1991,0.0924
9/18/1991,0.0938
9/19/1991,0.0928
9/20/1991,0.0932
9/23/1991,0.0931
9/24/1991,0.0967
9/25/1991,0.0953
9/26/1991,0.0967
9/27/1991,0.0967
9/30/1991,0.0946
10/1/1991,0.0936
10/2/1991,0.0932
10/3/1991,0.0899
10/4/1991,0.0904
10/7/1991,0.0909
10/8/1991,0.0905
10/9/1991,0.0905
10/10/1991,0.0903
10/11/1991,0.0889
10/14/1991,0.0897
10/15/1991,0.0903
10/16/1991,0.0916
10/17/1991,0.0925
10/18/1991,0.0906
10/21/1991,0.0899
10/22/1991,0.0927
10/23/1991,0.0917
10/24/1991,0.0899
10/25/1991,0.0897
10/28/1991,0.0913
10/29/1991,0.0917
10/30/1991,0.0921
10/31/1991,0.0917
11/1/1991,0.0913
11/4/1991,0.0919
11/5/1991,0.0907
11/6/1991,0.0879
11/7/1991,0.0889
11/8/1991,0.0888
11/11/1991,0.0884
11/12/1991,0.0876
11/13/1991,0.0845
11/14/1991,0.0848
11/15/1991,0.0846
11/18/1991,0.0844
11/19/1991,0.0843
11/20/1991,0.0847
11/21/1991,0.0862
11/22/1991,0.0879
11/25/1991,0.0912
11/26/1991,0.0905
11/27/1991,0.0911
11/29/1991,0.0911
12/2/1991,0.0912
12/3/1991,0.0938
12/4/1991,0.0934
12/5/1991,0.0925
12/6/1991,0.0904
12/9/1991,0.0922
12/10/1991,0.091
12/11/1991,0.0889
12/12/1991,0.0875
12/13/1991,0.0877
12/16/1991,0.09
12/17/1991,0.0885
12/18/1991,0.088
12/19/1991,0.0886
12/20/1991,0.0902
12/23/1991,0.0906
12/24/1991,0.0902
12/26/1991,0.0894
12/27/1991,0.0905
12/30/1991,0.0903
12/31/1991,0.0904
1/2/1992,0.0874
1/3/1992,0.0852
1/6/1992,0.0866
1/7/1992,0.0845
1/8/1992,0.0851
1/9/1992,0.0842
1/10/1992,0.0843
1/13/1992,0.0844
1/14/1992,0.0836
1/15/1992,0.0828
1/16/1992,0.0831
1/17/1992,0.0851
1/20/1992,0.0837
1/21/1992,0.084
1/22/1992,0.0854
1/23/1992,0.0859
1/24/1992,0.0863
1/27/1992,0.0853
1/28/1992,0.0824
1/29/1992,0.0823
1/30/1992,0.0826
1/31/1992,0.08
2/3/1992,0.0799
2/4/1992,0.0801
2/5/1992,0.0812
2/6/1992,0.0809
2/7/1992,0.0811
2/10/1992,0.0806
2/11/1992,0.0789
2/12/1992,0.0785
2/13/1992,0.0788
2/14/1992,0.079
2/18/1992,0.0848
2/19/1992,0.0837
2/20/1992,0.0838
2/21/1992,0.0806
2/24/1992,0.0805
2/25/1992,0.0803
2/26/1992,0.0797
2/27/1992,0.0795
2/28/1992,0.0799
3/2/1992,0.0794
3/3/1992,0.0818
3/4/1992,0.0812
3/5/1992,0.0799
3/6/1992,0.0803
3/9/1992,0.0817
3/10/1992,0.083
3/11/1992,0.0824
3/12/1992,0.0821
3/13/1992,0.0817
3/16/1992,0.0824
3/17/1992,0.0815
3/18/1992,0.083
3/19/1992,0.0831
3/20/1992,0.0837
3/23/1992,0.0817
3/24/1992,0.0822
3/25/1992,0.0825
3/26/1992,0.0815
3/27/1992,0.0825
3/30/1992,0.0852
3/31/1992,0.0852
4/1/1992,0.0864
4/2/1992,0.0894
4/3/1992,0.091
4/6/1992,0.0894
4/7/1992,0.0967
4/8/1992,0.0987
4/9/1992,0.0963
4/10/1992,0.0946
4/13/1992,0.0973
4/14/1992,0.0942
4/15/1992,0.0942
4/16/1992,0.096
4/20/1992,0.0945
4/21/1992,0.0946
4/22/1992,0.0956
4/23/1992,0.1025
4/24/1992,0.099
4/27/1992,0.098
4/28/1992,0.098
4/29/1992,0.0985
4/30/1992,0.0965
5/1/1992,0.0942
5/4/1992,0.0954
5/5/1992,0.0967
5/6/1992,0.095
5/7/1992,0.0968
5/8/1992,0.0966
5/11/1992,0.0966
5/12/1992,0.0971
5/13/1992,0.0969
5/14/1992,0.0964
5/15/1992,0.0966
5/18/1992,0.092
5/19/1992,0.0938
5/20/1992,0.0946
5/21/1992,0.0939
5/22/1992,0.0947
5/26/1992,0.0955
5/27/1992,0.0997
5/28/1992,0.0996
5/29/1992,0.1003
6/1/1992,0.0974
6/2/1992,0.0991
6/3/1992,0.101
6/4/1992,0.1039
6/5/1992,0.1034
6/8/1992,0.1027
6/9/1992,0.1009
6/10/1992,0.1029
6/11/1992,0.1025
6/12/1992,0.1025
6/15/1992,0.1061
6/16/1992,0.1067
6/17/1992,0.1116
6/18/1992,0.1087
6/19/1992,0.1083
6/22/1992,0.1089
6/23/1992,0.1097
6/24/1992,0.1076
6/25/1992,0.1106
6/26/1992,0.1085
6/29/1992,0.1087
6/30/1992,0.1031
7/1/1992,0.0991
7/2/1992,0.1001
7/6/1992,0.0999
7/7/1992,0.1009
7/8/1992,0.101
7/9/1992,0.1004
7/10/1992,0.0998
7/13/1992,0.1019
7/14/1992,0.1023
7/15/1992,0.1029
7/16/1992,0.1067
7/17/1992,0.1086
7/20/1992,0.1054
7/21/1992,0.1075
7/22/1992,0.1071
7/23/1992,0.1057
7/24/1992,0.1056
7/27/1992,0.105
7/28/1992,0.1062
7/29/1992,0.1007
7/30/1992,0.0992
7/31/1992,0.0998
8/3/1992,0.1002
8/4/1992,0.0994
8/5/1992,0.1006
8/6/1992,0.1008
8/7/1992,0.1005
8/10/1992,0.1009
8/11/1992,0.1021
8/12/1992,0.1027
8/13/1992,0.0981
8/14/1992,0.0997
8/17/1992,0.0998
8/18/1992,0.099
8/19/1992,0.0949
8/20/1992,0.095
8/21/1992,0.0923
8/24/1992,0.094
8/25/1992,0.0942
8/26/1992,0.0924
8/27/1992,0.0951
8/28/1992,0.0951
8/31/1992,0.096
9/1/1992,0.0921
9/2/1992,0.0932
9/3/1992,0.0937
9/4/1992,0.0948
9/8/1992,0.0953
9/9/1992,0.0967
9/10/1992,0.0989
9/11/1992,0.1001
9/14/1992,0.0968
9/15/1992,0.097
9/16/1992,0.0944
9/17/1992,0.0929
9/18/1992,0.0931
9/21/1992,0.0897
9/22/1992,0.0889
9/23/1992,0.0889
9/24/1992,0.0889
9/25/1992,0.0891
9/28/1992,0.0886
9/29/1992,0.0886
9/30/1992,0.0868
10/1/1992,0.0861
10/2/1992,0.0871
10/5/1992,0.0855
10/6/1992,0.0847
10/7/1992,0.0849
10/8/1992,0.0867
10/9/1992,0.0861
10/12/1992,0.0857
10/13/1992,0.0863
10/14/1992,0.0888
10/15/1992,0.0883
10/16/1992,0.0881
10/19/1992,0.0875
10/20/1992,0.0876
10/21/1992,0.0879
10/22/1992,0.0873
10/23/1992,0.0856
10/26/1992,0.0851
10/27/1992,0.085
10/28/1992,0.0865
10/29/1992,0.0864
10/30/1992,0.0869
11/2/1992,0.0884
11/3/1992,0.0881
11/4/1992,0.0871
11/5/1992,0.0858
11/6/1992,0.0861
11/9/1992,0.0871
11/10/1992,0.0861
11/11/1992,0.0855
11/12/1992,0.0861
11/13/1992,0.0862
11/16/1992,0.085
11/17/1992,0.0855
11/18/1992,0.0854
11/19/1992,0.0856
11/20/1992,0.0847
11/23/1992,0.0824
11/24/1992,0.0827
11/25/1992,0.0829
11/27/1992,0.0829
11/30/1992,0.0828
12/1/1992,0.0832
12/2/1992,0.0838
12/3/1992,0.084
12/4/1992,0.0825
12/7/1992,0.0817
12/8/1992,0.0808
12/9/1992,0.0813
12/10/1992,0.081
12/11/1992,0.0811
12/14/1992,0.0817
12/15/1992,0.0801
12/16/1992,0.0805
12/17/1992,0.0816
12/18/1992,0.0814
12/21/1992,0.0801
12/22/1992,0.0802
12/23/1992,0.0802
12/24/1992,0.0805
12/28/1992,0.0808
12/29/1992,0.0821
12/30/1992,0.082
12/31/1992,0.0823
1/4/1993,0.0816
1/5/1993,0.0796
1/6/1993,0.0802
1/7/1993,0.0801
1/8/1993,0.0826
1/11/1993,0.0844
1/12/1993,0.084
1/13/1993,0.0832
1/14/1993,0.0841
1/15/1993,0.0832
1/18/1993,0.0822
1/19/1993,0.0829
1/20/1993,0.0835
1/21/1993,0.0832
1/22/1993,0.0828
1/25/1993,0.0829
1/26/1993,0.0841
1/27/1993,0.0844
1/28/1993,0.0829
1/29/1993,0.0816
2/1/1993,0.0809
2/2/1993,0.0786
2/3/1993,0.0796
2/4/1993,0.0803
2/5/1993,0.0791
2/8/1993,0.0785
2/9/1993,0.0798
2/10/1993,0.084
2/11/1993,0.0837
2/12/1993,0.0836
2/16/1993,0.0884
2/17/1993,0.0909
2/18/1993,0.0905
2/19/1993,0.0887
2/22/1993,0.0906
2/23/1993,0.0946
2/24/1993,0.0948
2/25/1993,0.0946
2/26/1993,0.0946
3/1/1993,0.0958
3/2/1993,0.099
3/3/1993,0.0981
3/4/1993,0.0983
3/5/1993,0.0971
3/8/1993,0.0967
3/9/1993,0.096
3/10/1993,0.0961
3/11/1993,0.0993
3/12/1993,0.1017
3/15/1993,0.1127
3/16/1993,0.1079
3/17/1993,0.1076
3/18/1993,0.1114
3/19/1993,0.1203
3/22/1993,0.1183
3/23/1993,0.1172
3/24/1993,0.1144
3/25/1993,0.1147
3/26/1993,0.1157
3/29/1993,0.1174
3/30/1993,0.1188
3/31/1993,0.1175
4/1/1993,0.1171
4/2/1993,0.1186
4/5/1993,0.1184
4/6/1993,0.1138
4/7/1993,0.1073
4/8/1993,0.1081
4/12/1993,0.1051
4/13/1993,0.1061
4/14/1993,0.1032
4/15/1993,0.1027
4/16/1993,0.1042
4/19/1993,0.1075
4/20/1993,0.1091
4/21/1993,0.1094
4/22/1993,0.1143
4/23/1993,0.117
4/26/1993,0.1204
4/27/1993,0.1218
4/28/1993,0.1224
4/29/1993,0.1225
4/30/1993,0.1246
5/3/1993,0.12
5/4/1993,0.1184
5/5/1993,0.1191
5/6/1993,0.1197
5/7/1993,0.1195
5/10/1993,0.1194
5/11/1993,0.1222
5/12/1993,0.1227
5/13/1993,0.1246
5/14/1993,0.1293
5/17/1993,0.1278
5/18/1993,0.1213
5/19/1993,0.1183
5/20/1993,0.119
5/21/1993,0.1219
5/24/1993,0.115
5/25/1993,0.1162
5/26/1993,0.1094
5/27/1993,0.1061
5/28/1993,0.1049
6/1/1993,0.1048
6/2/1993,0.1049
6/3/1993,0.1022
6/4/1993,0.1083
6/7/1993,0.1077
6/8/1993,0.1099
6/9/1993,0.1084
6/10/1993,0.1092
6/11/1993,0.109
6/14/1993,0.1062
6/15/1993,0.1069
6/16/1993,0.1039
6/17/1993,0.104
6/18/1993,0.0987
6/21/1993,0.0974
6/22/1993,0.0978
6/23/1993,0.0986
6/24/1993,0.0994
6/25/1993,0.0996
6/28/1993,0.1027
6/29/1993,0.0972
6/30/1993,0.0998
7/1/1993,0.1008
7/2/1993,0.1064
7/6/1993,0.1046
7/7/1993,0.1039
7/8/1993,0.1037
7/9/1993,0.1002
7/12/1993,0.0948
7/13/1993,0.0948
7/14/1993,0.0959
7/15/1993,0.0934
7/16/1993,0.0955
7/19/1993,0.0971
7/20/1993,0.0964
7/21/1993,0.0949
7/22/1993,0.0936
7/23/1993,0.0942
7/26/1993,0.0883
7/27/1993,0.0881
7/28/1993,0.0899
7/29/1993,0.0902
7/30/1993,0.0899
8/2/1993,0.0913
8/3/1993,0.0969
8/4/1993,0.098
8/5/1993,0.0998
8/6/1993,0.0987
8/9/1993,0.0949
8/10/1993,0.0974
8/11/1993,0.0961
8/12/1993,0.0926
8/13/1993,0.0918
8/16/1993,0.0905
8/17/1993,0.0919
8/18/1993,0.0913
8/19/1993,0.0923
8/20/1993,0.0887
8/23/1993,0.0908
8/24/1993,0.0905
8/25/1993,0.0895
8/26/1993,0.091
8/27/1993,0.09
8/30/1993,0.0911
8/31/1993,0.09
9/1/1993,0.0899
9/2/1993,0.0897
9/3/1993,0.0898
9/7/1993,0.0922
9/8/1993,0.0901
9/9/1993,0.0897
9/10/1993,0.0926
9/13/1993,0.094
9/14/1993,0.0931
9/15/1993,0.0962
9/16/1993,0.096
9/17/1993,0.1004
9/20/1993,0.0974
9/21/1993,0.0955
9/22/1993,0.0968
9/23/1993,0.0969
9/24/1993,0.1001
9/27/1993,0.0991
9/28/1993,0.1008
9/29/1993,0.0984
9/30/1993,0.101
10/1/1993,0.1033
10/4/1993,0.1039
10/5/1993,0.1033
10/6/1993,0.1042
10/7/1993,0.1002
10/8/1993,0.104
10/11/1993,0.1027
10/12/1993,0.1042
10/13/1993,0.1041
10/14/1993,0.1028
10/15/1993,0.103
10/18/1993,0.0999
10/19/1993,0.1007
10/20/1993,0.1001
10/21/1993,0.1009
10/22/1993,0.1016
10/25/1993,0.1042
10/26/1993,0.1029
10/27/1993,0.1038
10/28/1993,0.1029
10/29/1993,0.1035
11/1/1993,0.1019
11/2/1993,0.1017
11/3/1993,0.1025
11/4/1993,0.1052
11/5/1993,0.1058
11/8/1993,0.1039
11/9/1993,0.0975
11/10/1993,0.1011
11/11/1993,0.0993
11/12/1993,0.0972
11/15/1993,0.0983
11/16/1993,0.0993
11/17/1993,0.1
11/18/1993,0.1027
11/19/1993,0.1006
11/22/1993,0.0998
11/23/1993,0.0995
11/24/1993,0.0996
11/26/1993,0.0996
11/29/1993,0.1017
11/30/1993,0.1016
12/1/1993,0.105
12/2/1993,0.1041
12/3/1993,0.1054
12/6/1993,0.1036
12/7/1993,0.106
12/8/1993,0.1047
12/9/1993,0.1049
12/10/1993,0.1049
12/13/1993,0.1056
12/14/1993,0.1061
12/15/1993,0.1046
12/16/1993,0.1051
12/17/1993,0.105
12/20/1993,0.104
12/21/1993,0.1014
12/22/1993,0.1041
12/23/1993,0.1049
12/27/1993,0.1052
12/28/1993,0.105
12/29/1993,0.1049
12/30/1993,0.1052
12/31/1993,0.1052
1/3/1994,0.105
1/4/1994,0.1047
1/5/1994,0.1048
1/6/1994,0.1055
1/7/1994,0.1034
1/10/1994,0.1028
1/11/1994,0.1053
1/12/1994,0.1045
1/13/1994,0.1034
1/14/1994,0.1034
1/17/1994,0.1016
1/18/1994,0.1019
1/19/1994,0.1004
1/20/1994,0.1018
1/21/1994,0.101
1/24/1994,0.1016
1/25/1994,0.1015
1/26/1994,0.1006
1/27/1994,0.1016
1/28/1994,0.1026
1/31/1994,0.1032
2/1/1994,0.1015
2/2/1994,0.1033
2/3/1994,0.1066
2/4/1994,0.1079
2/7/1994,0.1073
2/8/1994,0.1069
2/9/1994,0.1071
2/10/1994,0.1073
2/11/1994,0.108
2/14/1994,0.1093
2/15/1994,0.1071
2/16/1994,0.1081
2/17/1994,0.1089
2/18/1994,0.1095
2/22/1994,0.107
2/23/1994,0.1101
2/24/1994,0.112
2/25/1994,0.1122
2/28/1994,0.1119
3/1/1994,0.1139
3/2/1994,0.1128
3/3/1994,0.1135
3/4/1994,0.115
3/7/1994,0.115
3/8/1994,0.1135
3/9/1994,0.1149
3/10/1994,0.1162
3/11/1994,0.1182
3/14/1994,0.1208
3/15/1994,0.1189
3/16/1994,0.1184
3/17/1994,0.1186
3/18/1994,0.1178
3/21/1994,0.1186
3/22/1994,0.1191
3/23/1994,0.1186
3/24/1994,0.1196
3/25/1994,0.1191
3/28/1994,0.119
3/29/1994,0.1166
3/30/1994,0.1175
3/31/1994,0.1169
4/4/1994,0.1168
4/5/1994,0.1193
4/6/1994,0.1098
4/7/1994,0.1104
4/8/1994,0.11
4/11/1994,0.1071
4/12/1994,0.1031
4/13/1994,0.1076
4/14/1994,0.1069
4/15/1994,0.1089
4/18/1994,0.1082
4/19/1994,0.1076
4/20/1994,0.1067
4/21/1994,0.1107
4/22/1994,0.1137
4/25/1994,0.1151
4/26/1994,0.1157
4/28/1994,0.1162
4/29/1994,0.1149
5/2/1994,0.1132
5/3/1994,0.1136
5/4/1994,0.115
5/5/1994,0.1175
5/6/1994,0.1168
5/9/1994,0.118
5/10/1994,0.1178
5/11/1994,0.121
5/12/1994,0.1211
5/13/1994,0.118
5/16/1994,0.1177
5/17/1994,0.1179
5/18/1994,0.1206
5/19/1994,0.1205
5/20/1994,0.1176
5/23/1994,0.1216
5/24/1994,0.1182
5/25/1994,0.1174
5/26/1994,0.1179
5/27/1994,0.1166
5/31/1994,0.1187
6/1/1994,0.1207
6/2/1994,0.1191
6/3/1994,0.1199
6/6/1994,0.1195
6/7/1994,0.1209
6/8/1994,0.1225
6/9/1994,0.1236
6/10/1994,0.1241
6/13/1994,0.1228
6/14/1994,0.1232
6/15/1994,0.1229
6/16/1994,0.1234
6/17/1994,0.1236
6/20/1994,0.1206
6/21/1994,0.1205
6/22/1994,0.1186
6/23/1994,0.1207
6/24/1994,0.1217
6/27/1994,0.1142
6/28/1994,0.1146
6/29/1994,0.115
6/30/1994,0.1162
7/1/1994,0.117
7/5/1994,0.1167
7/6/1994,0.1156
7/7/1994,0.1108
7/8/1994,0.1117
7/11/1994,0.1141
7/12/1994,0.1145
7/13/1994,0.1145
7/14/1994,0.1162
7/15/1994,0.1188
7/18/1994,0.1214
7/19/1994,0.1214
7/20/1994,0.1201
7/21/1994,0.1204
7/22/1994,0.1205
7/25/1994,0.1192
7/26/1994,0.1173
7/27/1994,0.1182
7/28/1994,0.1193
7/29/1994,0.1175
8/1/1994,0.1179
8/2/1994,0.1153
8/3/1994,0.1164
8/4/1994,0.1196
8/5/1994,0.1196
8/8/1994,0.1187
8/9/1994,0.1192
8/10/1994,0.1205
8/11/1994,0.12
8/12/1994,0.1197
8/15/1994,0.1194
8/16/1994,0.1199
8/17/1994,0.1197
8/18/1994,0.1225
8/19/1994,0.1238
8/22/1994,0.1226
8/23/1994,0.1228
8/24/1994,0.1216
8/25/1994,0.1229
8/26/1994,0.1212
8/29/1994,0.1226
8/30/1994,0.1231
8/31/1994,0.123
9/1/1994,0.1223
9/2/1994,0.1228
9/6/1994,0.1208
9/7/1994,0.1253
9/8/1994,0.1246
9/9/1994,0.1247
9/12/1994,0.1249
9/13/1994,0.1265
9/14/1994,0.1292
9/15/1994,0.1293
9/16/1994,0.1288
9/19/1994,0.129
9/20/1994,0.1294
9/21/1994,0.1272
9/22/1994,0.1273
9/23/1994,0.125
9/26/1994,0.1282
9/27/1994,0.1266
9/28/1994,0.1258
9/29/1994,0.1272
9/30/1994,0.1263
10/3/1994,0.1269
10/4/1994,0.126
10/5/1994,0.1264
10/6/1994,0.1256
10/7/1994,0.1264
10/10/1994,0.1258
10/11/1994,0.1229
10/12/1994,0.1247
10/13/1994,0.1244
10/14/1994,0.1263
10/17/1994,0.1294
10/18/1994,0.1283
10/19/1994,0.1295
10/20/1994,0.1293
10/21/1994,0.1284
10/24/1994,0.1284
10/25/1994,0.1287
10/26/1994,0.1297
10/27/1994,0.1301
10/28/1994,0.1294
10/31/1994,0.13
11/1/1994,0.1305
11/2/1994,0.1334
11/3/1994,0.1326
11/4/1994,0.1341
11/7/1994,0.1349
11/8/1994,0.1337
11/9/1994,0.133
11/10/1994,0.1339
11/11/1994,0.138
11/14/1994,0.138
11/15/1994,0.1383
11/16/1994,0.1366
11/17/1994,0.1383
11/18/1994,0.1404
11/21/1994,0.1407
11/22/1994,0.1462
11/23/1994,0.1456
11/25/1994,0.1456
11/28/1994,0.151
11/29/1994,0.1488
11/30/1994,0.1488
12/1/1994,0.1457
12/2/1994,0.1445
12/5/1994,0.1455
12/6/1994,0.1481
12/7/1994,0.1466
12/8/1994,0.1459
12/9/1994,0.1434
12/12/1994,0.1444
12/13/1994,0.1466
12/14/1994,0.1462
12/15/1994,0.1489
12/16/1994,0.152
12/19/1994,0.148
12/20/1994,0.1496
12/21/1994,0.1471
12/22/1994,0.1491
12/23/1994,0.1506
12/27/1994,0.1494
12/28/1994,0.1492
12/29/1994,0.1481
12/30/1994,0.1502
1/3/1995,0.1526
1/4/1995,0.1574
1/5/1995,0.1556
1/6/1995,0.1563
1/9/1995,0.1543
1/10/1995,0.1536
1/11/1995,0.1508
1/12/1995,0.1523
1/13/1995,0.1409
1/16/1995,0.1413
1/17/1995,0.1439
1/18/1995,0.1465
1/19/1995,0.1483
1/20/1995,0.1519
1/23/1995,0.1489
1/24/1995,0.1475
1/25/1995,0.1455
1/26/1995,0.145
1/27/1995,0.1447
1/30/1995,0.1436
1/31/1995,0.1409
2/1/1995,0.1424
2/2/1995,0.1446
2/3/1995,0.1437
2/6/1995,0.1374
2/7/1995,0.1387
2/8/1995,0.1387
2/9/1995,0.1411
2/10/1995,0.1424
2/13/1995,0.1429
2/14/1995,0.1446
2/15/1995,0.1438
2/16/1995,0.1462
2/17/1995,0.1481
2/21/1995,0.1479
2/22/1995,0.1469
2/23/1995,0.1501
2/24/1995,0.1493
2/27/1995,0.1461
2/28/1995,0.1476
3/1/1995,0.1491
3/2/1995,0.1482
3/3/1995,0.1479
3/6/1995,0.1464
3/7/1995,0.1468
3/8/1995,0.1439
3/9/1995,0.1459
3/10/1995,0.1461
3/13/1995,0.1474
3/14/1995,0.1449
3/15/1995,0.1419
3/16/1995,0.1412
3/17/1995,0.1411
3/20/1995,0.1434
3/21/1995,0.1424
3/22/1995,0.1451
3/23/1995,0.1464
3/24/1995,0.1463
3/27/1995,0.1467
3/28/1995,0.1506
3/29/1995,0.1466
3/30/1995,0.1484
3/31/1995,0.1484
4/3/1995,0.1434
4/4/1995,0.1476
4/5/1995,0.1431
4/6/1995,0.1441
4/7/1995,0.1444
4/10/1995,0.1415
4/11/1995,0.1381
4/12/1995,0.1367
4/13/1995,0.13
4/17/1995,0.1283
4/18/1995,0.1321
4/19/1995,0.132
4/20/1995,0.1343
4/21/1995,0.1362
4/24/1995,0.1238
4/25/1995,0.1336
4/26/1995,0.1313
4/27/1995,0.1314
4/28/1995,0.1304
5/1/1995,0.1327
5/2/1995,0.1323
5/3/1995,0.1331
5/4/1995,0.1335
5/5/1995,0.1361
5/8/1995,0.1375
5/9/1995,0.1343
5/10/1995,0.1343
5/11/1995,0.1306
5/12/1995,0.1314
5/15/1995,0.1334
5/16/1995,0.1385
5/17/1995,0.1378
5/18/1995,0.1372
5/19/1995,0.1363
5/22/1995,0.1356
5/23/1995,0.1356
5/24/1995,0.1372
5/25/1995,0.137
5/26/1995,0.1342
5/30/1995,0.1317
5/31/1995,0.1383
6/1/1995,0.1384
6/2/1995,0.1362
6/5/1995,0.136
6/6/1995,0.1392
6/7/1995,0.1386
6/8/1995,0.1414
6/9/1995,0.1406
6/12/1995,0.1385
6/13/1995,0.1354
6/14/1995,0.1361
6/15/1995,0.1367
6/16/1995,0.1372
6/19/1995,0.1363
6/20/1995,0.1387
6/21/1995,0.1403
6/22/1995,0.1411
6/23/1995,0.1456
6/26/1995,0.1483
6/27/1995,0.1471
6/28/1995,0.1424
6/29/1995,0.1422
6/30/1995,0.1425
7/3/1995,0.1425
7/5/1995,0.1413
7/6/1995,0.142
7/7/1995,0.1364
7/10/1995,0.1371
7/11/1995,0.1374
7/12/1995,0.1298
7/13/1995,0.1315
7/14/1995,0.1292
7/17/1995,0.1283
7/18/1995,0.1284
7/19/1995,0.1284
7/20/1995,0.1314
7/21/1995,0.134
7/24/1995,0.1379
7/25/1995,0.1377
7/26/1995,0.1369
7/27/1995,0.1364
7/28/1995,0.1365
7/31/1995,0.1369
8/1/1995,0.1373
8/2/1995,0.1373
8/3/1995,0.1358
8/4/1995,0.137
8/7/1995,0.139
8/8/1995,0.1385
8/9/1995,0.1402
8/10/1995,0.1403
8/11/1995,0.1417
8/14/1995,0.1415
8/15/1995,0.1395
8/16/1995,0.1397
8/17/1995,0.1371
8/18/1995,0.1437
8/21/1995,0.1397
8/22/1995,0.1379
8/23/1995,0.142
8/24/1995,0.1397
8/25/1995,0.1355
8/28/1995,0.1313
8/29/1995,0.1296
8/30/1995,0.129
8/31/1995,0.1288
9/1/1995,0.1315
9/5/1995,0.1307
9/6/1995,0.1283
9/7/1995,0.1286
9/8/1995,0.1296
9/11/1995,0.128
9/12/1995,0.1278
9/13/1995,0.1281
9/14/1995,0.1253
9/15/1995,0.1254
9/18/1995,0.1247
9/19/1995,0.1249
9/20/1995,0.1263
9/21/1995,0.1277
9/22/1995,0.1283
9/25/1995,0.1272
9/26/1995,0.1251
9/27/1995,0.1262
9/28/1995,0.127
9/29/1995,0.1231
10/2/1995,0.1178
10/3/1995,0.118
10/4/1995,0.1189
10/5/1995,0.1201
10/6/1995,0.1192
10/9/1995,0.1188
10/10/1995,0.1184
10/11/1995,0.1199
10/12/1995,0.1204
10/13/1995,0.1208
10/16/1995,0.1208
10/17/1995,0.1181
10/18/1995,0.1195
10/19/1995,0.1208
10/20/1995,0.1204
10/23/1995,0.1201
10/24/1995,0.1215
10/25/1995,0.1208
10/26/1995,0.1187
10/27/1995,0.1178
10/30/1995,0.1182
10/31/1995,0.118
11/1/1995,0.1191
11/2/1995,0.1196
11/3/1995,0.1196
11/6/1995,0.1202
11/7/1995,0.121
11/8/1995,0.12
11/9/1995,0.1166
11/10/1995,0.1183
11/13/1995,0.1194
11/14/1995,0.1195
11/15/1995,0.1196
11/16/1995,0.1205
11/17/1995,0.1187
11/20/1995,0.118
11/21/1995,0.1192
11/22/1995,0.1203
11/24/1995,0.1203
11/27/1995,0.1212
11/28/1995,0.1196
11/29/1995,0.121
11/30/1995,0.121
12/1/1995,0.1245
12/4/1995,0.124
12/5/1995,0.1236
12/6/1995,0.1236
12/7/1995,0.124
12/8/1995,0.125
12/11/1995,0.1244
12/12/1995,0.1229
12/13/1995,0.1222
12/14/1995,0.1248
12/15/1995,0.1241
12/18/1995,0.1228
12/19/1995,0.1228
12/20/1995,0.1243
12/21/1995,0.1249
12/22/1995,0.1244
12/26/1995,0.1244
12/27/1995,0.1244
12/28/1995,0.1249
12/29/1995,0.1248
1/2/1996,0.1276
1/3/1996,0.1279
1/4/1996,0.1268
1/5/1996,0.1272
1/8/1996,0.1272
1/9/1996,0.1272
1/10/1996,0.128
1/11/1996,0.1259
1/12/1996,0.126
1/15/1996,0.1251
1/16/1996,0.1182
1/17/1996,0.1193
1/18/1996,0.1214
1/19/1996,0.1236
1/22/1996,0.1242
1/23/1996,0.1241
1/24/1996,0.124
1/25/1996,0.1248
1/26/1996,0.1291
1/29/1996,0.1316
1/30/1996,0.1308
1/31/1996,0.1283
2/1/1996,0.1261
2/2/1996,0.1277
2/5/1996,0.128
2/6/1996,0.1269
2/7/1996,0.1251
2/8/1996,0.1273
2/9/1996,0.1265
2/12/1996,0.1295
2/13/1996,0.1289
2/14/1996,0.1297
2/15/1996,0.1312
2/16/1996,0.1339
2/20/1996,0.1324
2/21/1996,0.1306
2/22/1996,0.1318
2/23/1996,0.13
2/26/1996,0.1313
2/27/1996,0.1319
2/28/1996,0.1337
2/29/1996,0.1298
3/1/1996,0.1292
3/4/1996,0.1287
3/5/1996,0.1274
3/6/1996,0.129
3/7/1996,0.1283
3/8/1996,0.1271
3/11/1996,0.1317
3/12/1996,0.1306
3/13/1996,0.1316
3/14/1996,0.1324
3/15/1996,0.1323
3/18/1996,0.1337
3/19/1996,0.1353
3/20/1996,0.1348
3/21/1996,0.1328
3/22/1996,0.1328
3/25/1996,0.1318
3/26/1996,0.1308
3/27/1996,0.1289
3/28/1996,0.1269
3/29/1996,0.128
4/1/1996,0.1267
4/2/1996,0.1262
4/3/1996,0.1296
4/4/1996,0.1294
4/8/1996,0.1292
4/9/1996,0.1268
4/10/1996,0.1278
4/11/1996,0.1275
4/12/1996,0.1263
4/15/1996,0.128
4/16/1996,0.1269
4/17/1996,0.1253
4/18/1996,0.1217
4/19/1996,0.1214
4/22/1996,0.121
4/23/1996,0.1219
4/24/1996,0.12
4/25/1996,0.1181
4/26/1996,0.1178
4/29/1996,0.1152
4/30/1996,0.1133
5/1/1996,0.1132
5/2/1996,0.1149
5/3/1996,0.116
5/6/1996,0.1136
5/7/1996,0.1158
5/8/1996,0.1195
5/9/1996,0.1176
5/10/1996,0.1181
5/13/1996,0.1177
5/14/1996,0.1196
5/15/1996,0.1201
5/16/1996,0.1198
5/17/1996,0.1235
5/20/1996,0.1255
5/21/1996,0.1244
5/22/1996,0.1241
5/23/1996,0.1226
5/24/1996,0.1223
5/28/1996,0.1204
5/29/1996,0.12
5/30/1996,0.1217
5/31/1996,0.1223
6/3/1996,0.1221
6/4/1996,0.1235
6/5/1996,0.1225
6/6/1996,0.125
6/7/1996,0.1264
6/10/1996,0.1236
6/11/1996,0.1266
6/12/1996,0.1261
6/13/1996,0.1255
6/14/1996,0.1263
6/17/1996,0.1257
6/18/1996,0.125
6/19/1996,0.1239
6/20/1996,0.1265
6/21/1996,0.1287
6/24/1996,0.1272
6/25/1996,0.1273
6/26/1996,0.1236
6/27/1996,0.127
6/28/1996,0.125
7/1/1996,0.1239
7/2/1996,0.1257
7/3/1996,0.1271
7/5/1996,0.1271
7/8/1996,0.1297
7/9/1996,0.1308
7/10/1996,0.1284
7/11/1996,0.1299
7/12/1996,0.1317
7/15/1996,0.1311
7/16/1996,0.1289
7/17/1996,0.1298
7/18/1996,0.1288
7/19/1996,0.1276
7/22/1996,0.1266
7/23/1996,0.1251
7/24/1996,0.1273
7/25/1996,0.1287
7/26/1996,0.1306
7/29/1996,0.1293
7/30/1996,0.1279
7/31/1996,0.1258
8/1/1996,0.1265
8/2/1996,0.1257
8/5/1996,0.1252
8/6/1996,0.1245
8/7/1996,0.121
8/8/1996,0.1213
8/9/1996,0.1211
8/12/1996,0.1223
8/13/1996,0.1254
8/14/1996,0.1242
8/15/1996,0.1207
8/16/1996,0.1214
8/19/1996,0.1228
8/20/1996,0.118
8/21/1996,0.1237
8/22/1996,0.1248
8/23/1996,0.1241
8/26/1996,0.1229
8/27/1996,0.1223
8/28/1996,0.1224
8/29/1996,0.1223
8/30/1996,0.1232
9/3/1996,0.1258
9/4/1996,0.1255
9/5/1996,0.1242
9/6/1996,0.1246
9/9/1996,0.1256
9/10/1996,0.1237
9/11/1996,0.1235
9/12/1996,0.123
9/13/1996,0.1196
9/16/1996,0.1194
9/17/1996,0.117
9/18/1996,0.1165
9/19/1996,0.1164
9/20/1996,0.1133
9/23/1996,0.1156
9/24/1996,0.1133
9/25/1996,0.1123
9/26/1996,0.1117
9/27/1996,0.1104
9/30/1996,0.1122
10/1/1996,0.1176
10/2/1996,0.1186
10/3/1996,0.1187
10/4/1996,0.1181
10/7/1996,0.1184
10/8/1996,0.1178
10/9/1996,0.1179
10/10/1996,0.1164
10/11/1996,0.1171
10/14/1996,0.117
10/15/1996,0.117
10/16/1996,0.1174
10/17/1996,0.119
10/18/1996,0.1164
10/21/1996,0.115
10/22/1996,0.1158
10/23/1996,0.1153
10/24/1996,0.1147
10/25/1996,0.1153
10/28/1996,0.1155
10/29/1996,0.1143
10/30/1996,0.1141
10/31/1996,0.1115
11/1/1996,0.1126
11/4/1996,0.1126
11/5/1996,0.1108
11/6/1996,0.1128
11/7/1996,0.1146
11/8/1996,0.1122
11/11/1996,0.1125
11/12/1996,0.1119
11/13/1996,0.1125
11/14/1996,0.1109
11/15/1996,0.1111
11/18/1996,0.112
11/19/1996,0.1141
11/20/1996,0.1138
11/21/1996,0.1133
11/22/1996,0.1139
11/25/1996,0.1135
11/26/1996,0.115
11/27/1996,0.1147
11/29/1996,0.1147
12/2/1996,0.1148
12/3/1996,0.1109
12/4/1996,0.1117
12/5/1996,0.1115
12/6/1996,0.1112
12/9/1996,0.1109
12/10/1996,0.1119
12/11/1996,0.1121
12/12/1996,0.1123
12/13/1996,0.1148
12/16/1996,0.1134
12/17/1996,0.1147
12/18/1996,0.1159
12/19/1996,0.1159
12/20/1996,0.1151
12/23/1996,0.1144
12/24/1996,0.1154
12/26/1996,0.1154
12/27/1996,0.1147
12/30/1996,0.1167
12/31/1996,0.1182
1/2/1997,0.1153
1/3/1997,0.1177
1/6/1997,0.1153
1/7/1997,0.1153
1/8/1997,0.1156
1/9/1997,0.113
1/10/1997,0.1127
1/13/1997,0.1123
1/14/1997,0.1133
1/15/1997,0.1124
1/16/1997,0.1136
1/17/1997,0.1117
1/20/1997,0.1095
1/21/1997,0.1091
1/22/1997,0.1066
1/23/1997,0.1068
1/24/1997,0.108
1/27/1997,0.1094
1/28/1997,0.1092
1/29/1997,0.1072
1/30/1997,0.107
1/31/1997,0.1082
2/3/1997,0.107
2/4/1997,0.1071
2/5/1997,0.1105
2/6/1997,0.1092
2/7/1997,0.1091
2/10/1997,0.1081
2/11/1997,0.109
2/12/1997,0.1088
2/13/1997,0.1083
2/14/1997,0.1109
2/18/1997,0.112
2/19/1997,0.1134
2/20/1997,0.1145
2/21/1997,0.114
2/24/1997,0.1122
2/25/1997,0.1111
2/26/1997,0.112
2/27/1997,0.1119
2/28/1997,0.1117
3/3/1997,0.1119
3/4/1997,0.1124
3/5/1997,0.1119
3/6/1997,0.1136
3/7/1997,0.1128
3/10/1997,0.1134
3/11/1997,0.1121
3/12/1997,0.111
3/13/1997,0.1105
3/14/1997,0.112
3/17/1997,0.1114
3/18/1997,0.1117
3/19/1997,0.1103
3/20/1997,0.1111
3/21/1997,0.1111
3/24/1997,0.1129
3/25/1997,0.1119
3/26/1997,0.1108
3/27/1997,0.1109
3/31/1997,0.1112
4/1/1997,0.1129
4/2/1997,0.1127
4/3/1997,0.1135
4/4/1997,0.1137
4/7/1997,0.113
4/8/1997,0.1146
4/9/1997,0.1166
4/10/1997,0.1163
4/11/1997,0.1179
4/14/1997,0.1156
4/15/1997,0.1154
4/16/1997,0.1147
4/17/1997,0.1125
4/18/1997,0.1147
4/21/1997,0.1154
4/22/1997,0.1157
4/23/1997,0.1183
4/24/1997,0.1152
4/25/1997,0.1168
4/28/1997,0.1186
4/29/1997,0.1134
4/30/1997,0.1151
5/1/1997,0.1127
5/2/1997,0.1124
5/5/1997,0.1138
5/6/1997,0.1137
5/7/1997,0.1139
5/8/1997,0.1141
5/9/1997,0.1154
5/12/1997,0.1152
5/13/1997,0.116
5/14/1997,0.1159
5/15/1997,0.1151
5/16/1997,0.1155
5/19/1997,0.1151
5/20/1997,0.1163
5/21/1997,0.117
5/22/1997,0.1154
5/23/1997,0.1163
5/27/1997,0.1177
5/28/1997,0.1168
5/29/1997,0.1176
5/30/1997,0.1173
6/2/1997,0.1196
6/3/1997,0.1219
6/4/1997,0.1208
6/5/1997,0.1221
6/6/1997,0.1217
6/9/1997,0.1214
6/10/1997,0.12
6/11/1997,0.1202
6/12/1997,0.1215
6/13/1997,0.1209
6/16/1997,0.1207
6/17/1997,0.1205
6/18/1997,0.1205
6/19/1997,0.1203
6/20/1997,0.1177
6/23/1997,0.1183
6/24/1997,0.1198
6/25/1997,0.1195
6/26/1997,0.119
6/27/1997,0.1186
6/30/1997,0.1183
7/1/1997,0.1206
7/2/1997,0.1189
7/3/1997,0.1189
7/7/1997,0.1187
7/8/1997,0.1185
7/9/1997,0.1186
7/10/1997,0.1192
7/11/1997,0.1202
7/14/1997,0.1179
7/15/1997,0.1185
7/16/1997,0.1205
7/17/1997,0.1203
7/18/1997,0.1206
7/21/1997,0.1209
7/22/1997,0.1241
7/23/1997,0.1233
7/24/1997,0.1223
7/25/1997,0.1253
7/28/1997,0.1254
7/29/1997,0.125
7/30/1997,0.125
7/31/1997,0.1255
8/1/1997,0.1249
8/4/1997,0.1244
8/5/1997,0.1246
8/6/1997,0.125
8/7/1997,0.1251
8/8/1997,0.1224
8/11/1997,0.1225
8/12/1997,0.1234
8/13/1997,0.1235
8/14/1997,0.1238
8/15/1997,0.1254
8/18/1997,0.1273
8/19/1997,0.1264
8/20/1997,0.1259
8/21/1997,0.1268
8/22/1997,0.1258
8/25/1997,0.1261
8/26/1997,0.1284
8/27/1997,0.1267
8/28/1997,0.1273
8/29/1997,0.1268
9/2/1997,0.1287
9/3/1997,0.128
9/4/1997,0.1297
9/5/1997,0.1277
9/8/1997,0.1273
9/9/1997,0.1284
9/10/1997,0.1269
9/11/1997,0.1285
9/12/1997,0.1273
9/15/1997,0.1277
9/16/1997,0.1265
9/17/1997,0.1275
9/18/1997,0.1262
9/19/1997,0.1267
9/22/1997,0.1238
9/23/1997,0.1248
9/24/1997,0.1241
9/25/1997,0.1331
9/26/1997,0.1233
9/29/1997,0.1252
9/30/1997,0.1254
10/1/1997,0.1277
10/2/1997,0.128
10/3/1997,0.1282
10/6/1997,0.1284
10/7/1997,0.1283
10/8/1997,0.13
10/9/1997,0.1289
10/10/1997,0.1288
10/13/1997,0.1281
10/14/1997,0.1285
10/15/1997,0.1291
10/16/1997,0.1268
10/17/1997,0.1284
10/20/1997,0.1271
10/21/1997,0.1266
10/22/1997,0.1261
10/23/1997,0.1272
10/24/1997,0.1275
10/27/1997,0.1295
10/28/1997,0.1274
10/29/1997,0.1314
10/30/1997,0.1324
10/31/1997,0.1331
11/3/1997,0.1331
11/4/1997,0.1329
11/5/1997,0.1329
11/6/1997,0.1327
11/7/1997,0.1324
11/10/1997,0.131
11/11/1997,0.1346
11/12/1997,0.1323
11/13/1997,0.1331
11/14/1997,0.1327
11/17/1997,0.1331
11/18/1997,0.1317
11/19/1997,0.1324
11/20/1997,0.129
11/21/1997,0.1289
11/24/1997,0.1292
11/25/1997,0.1309
11/26/1997,0.1307
11/28/1997,0.1307
12/1/1997,0.1336
12/2/1997,0.1325
12/3/1997,0.1309
12/4/1997,0.1298
12/5/1997,0.1302
12/8/1997,0.1311
12/9/1997,0.1286
12/10/1997,0.1294
12/11/1997,0.1276
12/12/1997,0.1272
12/15/1997,0.1281
12/16/1997,0.1256
12/17/1997,0.1263
12/18/1997,0.1294
12/19/1997,0.1288
12/22/1997,0.128
12/23/1997,0.1272
12/24/1997,0.128
12/26/1997,0.128
12/29/1997,0.1286
12/30/1997,0.129
12/31/1997,0.127
1/2/1998,0.127
1/5/1998,0.1256
1/6/1998,0.1254
1/7/1998,0.1219
1/8/1998,0.121
1/9/1998,0.1207
1/12/1998,0.1174
1/13/1998,0.1178
1/14/1998,0.1177
1/15/1998,0.1141
1/16/1998,0.1136
1/20/1998,0.114
1/21/1998,0.1148
1/22/1998,0.1152
1/23/1998,0.1157
1/26/1998,0.115
1/27/1998,0.112
1/28/1998,0.1147
1/29/1998,0.1144
1/30/1998,0.1143
2/2/1998,0.115
2/3/1998,0.1145
2/4/1998,0.1133
2/5/1998,0.1116
2/6/1998,0.1099
2/9/1998,0.1107
2/10/1998,0.1118
2/11/1998,0.1132
2/12/1998,0.1158
2/13/1998,0.1155
2/17/1998,0.1142
2/18/1998,0.1119
2/19/1998,0.1122
2/20/1998,0.1093
2/23/1998,0.1059
2/24/1998,0.1036
2/25/1998,0.1048
2/26/1998,0.103
2/27/1998,0.1053
3/2/1998,0.1073
3/3/1998,0.1076
3/4/1998,0.1075
3/5/1998,0.1062
3/6/1998,0.1062
3/9/1998,0.1046
3/10/1998,0.103
3/11/1998,0.1016
3/12/1998,0.1017
3/13/1998,0.103
3/16/1998,0.1042
3/17/1998,0.1047
3/18/1998,0.1077
3/19/1998,0.1084
3/20/1998,0.1091
3/23/1998,0.1084
3/24/1998,0.1088
3/25/1998,0.1091
3/26/1998,0.1087
3/27/1998,0.1073
3/30/1998,0.1081
3/31/1998,0.1107
4/1/1998,0.1093
4/2/1998,0.1082
4/3/1998,0.1092
4/6/1998,0.108
4/7/1998,0.1067
4/8/1998,0.1041
4/9/1998,0.1052
4/13/1998,0.1006
4/14/1998,0.1039
4/15/1998,0.1023
4/16/1998,0.1009
4/17/1998,0.1004
4/20/1998,0.0988
4/21/1998,0.1012
4/22/1998,0.1009
4/23/1998,0.1017
4/24/1998,0.1007
4/27/1998,0.1012
4/28/1998,0.0996
4/29/1998,0.096
4/30/1998,0.0974
5/1/1998,0.0959
5/4/1998,0.0982
5/5/1998,0.0981
5/6/1998,0.1023
5/7/1998,0.104
5/8/1998,0.1037
5/11/1998,0.105
5/12/1998,0.107
5/13/1998,0.1055
5/14/1998,0.1064
5/15/1998,0.1052
5/18/1998,0.1037
5/19/1998,0.1018
5/20/1998,0.1032
5/21/1998,0.1037
5/22/1998,0.1021
5/26/1998,0.0992
5/27/1998,0.0974
5/28/1998,0.0965
5/29/1998,0.0968
6/1/1998,0.0949
6/2/1998,0.0943
6/3/1998,0.0949
6/4/1998,0.0931
6/5/1998,0.0948
6/8/1998,0.0921
6/9/1998,0.0899
6/10/1998,0.0865
6/11/1998,0.0889
6/12/1998,0.0882
6/15/1998,0.0881
6/16/1998,0.09
6/17/1998,0.094
6/18/1998,0.0941
6/19/1998,0.094
6/22/1998,0.0916
6/23/1998,0.0914
6/24/1998,0.0934
6/25/1998,0.0975
6/26/1998,0.1005
6/29/1998,0.1026
6/30/1998,0.0977
7/1/1998,0.097
7/2/1998,0.0972
7/6/1998,0.0964
7/7/1998,0.0951
7/8/1998,0.0942
7/9/1998,0.0945
7/10/1998,0.097
7/13/1998,0.098
7/14/1998,0.0969
7/15/1998,0.099
7/16/1998,0.0979
7/17/1998,0.1001
7/20/1998,0.1012
7/21/1998,0.0965
7/22/1998,0.0943
7/23/1998,0.097
7/24/1998,0.0959
7/27/1998,0.0951
7/28/1998,0.0965
7/29/1998,0.0969
7/30/1998,0.0996
7/31/1998,0.0986
8/3/1998,0.0986
8/4/1998,0.0976
8/5/1998,0.0989
8/6/1998,0.101
8/7/1998,0.1025
8/10/1998,0.1011
8/11/1998,0.1005
8/12/1998,0.0982
8/13/1998,0.0996
8/14/1998,0.0983
8/17/1998,0.0977
8/18/1998,0.0973
8/19/1998,0.0969
8/20/1998,0.0966
8/21/1998,0.0933
8/24/1998,0.0898
8/25/1998,0.089
8/26/1998,0.0853
8/27/1998,0.0851
8/28/1998,0.0838
8/31/1998,0.0856
9/1/1998,0.0831
9/2/1998,0.087
9/3/1998,0.085
9/4/1998,0.0849
9/8/1998,0.0835
9/9/1998,0.0815
9/10/1998,0.0814
9/11/1998,0.0818
9/14/1998,0.081
9/15/1998,0.081
9/16/1998,0.0827
9/17/1998,0.0804
9/18/1998,0.0756
9/21/1998,0.0799
9/22/1998,0.081
9/23/1998,0.079
9/24/1998,0.0829
9/25/1998,0.0822
9/28/1998,0.0828
9/29/1998,0.0829
9/30/1998,0.0836
10/1/1998,0.0827
10/2/1998,0.0812
10/5/1998,0.0792
10/6/1998,0.08
10/7/1998,0.0809
10/8/1998,0.0792
10/9/1998,0.0819
10/12/1998,0.0834
10/13/1998,0.0833
10/14/1998,0.0841
10/15/1998,0.0831
10/16/1998,0.0848
10/19/1998,0.082
10/20/1998,0.0845
10/21/1998,0.0834
10/22/1998,0.083
10/23/1998,0.083
10/26/1998,0.0831
10/27/1998,0.0818
10/28/1998,0.0832
10/29/1998,0.0827
10/30/1998,0.0824
11/2/1998,0.0818
11/3/1998,0.0834
11/4/1998,0.0853
11/5/1998,0.0862
11/6/1998,0.0849
11/9/1998,0.0843
11/10/1998,0.0857
11/11/1998,0.089
11/12/1998,0.09
11/13/1998,0.0896
11/16/1998,0.089
11/17/1998,0.0906
11/18/1998,0.0906
11/19/1998,0.0907
11/20/1998,0.0903
11/23/1998,0.088
11/24/1998,0.0862
11/25/1998,0.0865
11/27/1998,0.0865
11/30/1998,0.0874
12/1/1998,0.0896
12/2/1998,0.0893
12/3/1998,0.0886
12/4/1998,0.089
12/7/1998,0.0877
12/8/1998,0.0879
12/9/1998,0.0884
12/10/1998,0.089
12/11/1998,0.0878
12/14/1998,0.0877
12/15/1998,0.0876
12/16/1998,0.0886
12/17/1998,0.0842
12/18/1998,0.0822
12/21/1998,0.0816
12/22/1998,0.0806
12/23/1998,0.0813
12/24/1998,0.0816
12/28/1998,0.0819
12/29/1998,0.0841
12/30/1998,0.0848
12/31/1998,0.0854
1/4/1999,0.0876
1/5/1999,0.0928
1/6/1999,0.084
1/7/1999,0.0932
1/8/1999,0.0929
1/11/1999,0.0933
1/12/1999,0.0925
1/13/1999,0.092
1/14/1999,0.0905
1/15/1999,0.0894
1/19/1999,0.0836
1/20/1999,0.0804
1/21/1999,0.0819
1/22/1999,0.0766
1/25/1999,0.0747
1/26/1999,0.0721
1/27/1999,0.0704
1/28/1999,0.0715
1/29/1999,0.0759
2/1/1999,0.0707
2/2/1999,0.0735
2/3/1999,0.0722
2/4/1999,0.0698
2/5/1999,0.0709
2/8/1999,0.0714
2/9/1999,0.0709
2/10/1999,0.0715
2/11/1999,0.0686
2/12/1999,0.0689
2/16/1999,0.0691
2/17/1999,0.0673
2/18/1999,0.0695
2/19/1999,0.0702
2/22/1999,0.0708
2/23/1999,0.0697
2/24/1999,0.07
2/25/1999,0.0739
2/26/1999,0.0697
3/1/1999,0.0659
3/2/1999,0.0649
3/3/1999,0.0636
3/4/1999,0.0614
3/5/1999,0.0602
3/8/1999,0.0619
3/9/1999,0.0628
3/10/1999,0.064
3/11/1999,0.0536
3/12/1999,0.0635
3/15/1999,0.0627
3/16/1999,0.0615
3/17/1999,0.062
3/18/1999,0.0607
3/19/1999,0.0587
3/22/1999,0.0587
3/23/1999,0.059
3/24/1999,0.0583
3/25/1999,0.0582
3/26/1999,0.06
3/29/1999,0.0599
3/30/1999,0.0615
3/31/1999,0.0624
4/1/1999,0.0593
4/5/1999,0.0601
4/6/1999,0.0598
4/7/1999,0.0584
4/8/1999,0.0582
4/9/1999,0.0576
4/12/1999,0.0563
4/13/1999,0.0546
4/14/1999,0.0546
4/15/1999,0.0544
4/16/1999,0.0548
4/19/1999,0.0541
4/20/1999,0.0548
4/21/1999,0.0543
4/22/1999,0.0524
4/23/1999,0.0513
4/26/1999,0.0498
4/27/1999,0.0486
4/28/1999,0.0479
4/29/1999,0.0506
4/30/1999,0.0516
5/3/1999,0.0535
5/4/1999,0.0546
5/5/1999,0.0557
5/6/1999,0.0571
5/7/1999,0.0568
5/10/1999,0.0577
5/11/1999,0.0589
5/12/1999,0.0584
5/13/1999,0.0583
5/14/1999,0.0558
5/17/1999,0.0573
5/18/1999,0.0567
5/19/1999,0.0577
5/20/1999,0.0569
5/21/1999,0.0611
5/24/1999,0.0602
5/25/1999,0.06
5/26/1999,0.0603
5/27/1999,0.0605
5/28/1999,0.0613
6/1/1999,0.0633
6/2/1999,0.0674
6/3/1999,0.0646
6/4/1999,0.0643
6/7/1999,0.0662
6/8/1999,0.0658
6/9/1999,0.0643
6/10/1999,0.0647
6/11/1999,0.0652
6/14/1999,0.0643
6/15/1999,0.0645
6/16/1999,0.0643
6/17/1999,0.066
6/18/1999,0.0695
6/21/1999,0.0677
6/22/1999,0.0689
6/23/1999,0.069
6/24/1999,0.0685
6/25/1999,0.0716
6/28/1999,0.0719
6/29/1999,0.0677
6/30/1999,0.0669
7/1/1999,0.0692
7/2/1999,0.0681
7/6/1999,0.0622
7/7/1999,0.0577
7/8/1999,0.0622
7/9/1999,0.0616
7/12/1999,0.0574
7/13/1999,0.058
7/14/1999,0.0578
7/15/1999,0.0576
7/16/1999,0.0579
7/19/1999,0.0592
7/20/1999,0.0605
7/21/1999,0.0606
7/22/1999,0.0618
7/23/1999,0.0608
7/26/1999,0.0607
7/27/1999,0.0611
7/28/1999,0.0631
7/29/1999,0.0638
7/30/1999,0.0626
8/2/1999,0.063
8/3/1999,0.0637
8/4/1999,0.0643
8/5/1999,0.0646
8/6/1999,0.0631
8/9/1999,0.0637
8/10/1999,0.064
8/11/1999,0.0636
8/12/1999,0.0617
8/13/1999,0.0624
8/16/1999,0.0633
8/17/1999,0.0631
8/18/1999,0.063
8/19/1999,0.0632
8/20/1999,0.0633
8/23/1999,0.0627
8/24/1999,0.0631
8/25/1999,0.0629
8/26/1999,0.0632
8/27/1999,0.0644
8/30/1999,0.0681
8/31/1999,0.0705
9/1/1999,0.0695
9/2/1999,0.0715
9/3/1999,0.0714
9/7/1999,0.0729
9/8/1999,0.0725
9/9/1999,0.0723
9/10/1999,0.0699
9/13/1999,0.0699
9/14/1999,0.0688
9/15/1999,0.0682
9/16/1999,0.0679
9/17/1999,0.0701
9/20/1999,0.0709
9/21/1999,0.0689
9/22/1999,0.0697
9/23/1999,0.0702
9/24/1999,0.0686
9/27/1999,0.0672
9/28/1999,0.0672
9/29/1999,0.0697
9/30/1999,0.0697
10/1/1999,0.0703
10/4/1999,0.0692
10/5/1999,0.0684
10/6/1999,0.0676
10/7/1999,0.0671
10/8/1999,0.0689
10/11/1999,0.0689
10/12/1999,0.069
10/13/1999,0.0682
10/14/1999,0.0677
10/15/1999,0.0663
10/18/1999,0.0656
10/19/1999,0.0668
10/20/1999,0.0709
10/21/1999,0.0708
10/22/1999,0.07
10/25/1999,0.073
10/26/1999,0.0706
10/27/1999,0.0705
10/28/1999,0.0704
10/29/1999,0.0695
11/1/1999,0.0705
11/2/1999,0.0712
11/3/1999,0.07
11/4/1999,0.0697
11/5/1999,0.0701
11/8/1999,0.0694
11/9/1999,0.0686
11/10/1999,0.0687
11/11/1999,0.0679
11/12/1999,0.0679
11/15/1999,0.0664
11/16/1999,0.0669
11/17/1999,0.0625
11/18/1999,0.0604
11/19/1999,0.0587
11/22/1999,0.0579
11/23/1999,0.0602
11/24/1999,0.0605
11/26/1999,0.0605
11/29/1999,0.0603
11/30/1999,0.0592
12/1/1999,0.0586
12/2/1999,0.0588
12/3/1999,0.0599
12/6/1999,0.0629
12/7/1999,0.0618
12/8/1999,0.061
12/9/1999,0.0608
12/10/1999,0.0603
12/13/1999,0.06
12/14/1999,0.06
12/15/1999,0.0576
12/16/1999,0.0579
12/17/1999,0.0584
12/20/1999,0.0594
12/21/1999,0.0593
12/22/1999,0.061
12/23/1999,0.0603
12/27/1999,0.0595
12/28/1999,0.0601
12/29/1999,0.0616
12/30/1999,0.0613
12/31/1999,0.0613
1/3/2000,0.062
1/4/2000,0.0584
1/5/2000,0.0586
1/6/2000,0.0592
1/7/2000,0.0585
1/10/2000,0.0582
1/11/2000,0.057
1/12/2000,0.0554
1/13/2000,0.0549
1/14/2000,0.0559
1/18/2000,0.0543
1/19/2000,0.0547
1/20/2000,0.0558
1/21/2000,0.0552
1/24/2000,0.0538
1/25/2000,0.0535
1/26/2000,0.057
1/27/2000,0.0557
1/28/2000,0.0553
1/31/2000,0.0547
2/1/2000,0.0547
2/2/2000,0.0565
2/3/2000,0.0581
2/4/2000,0.0598
2/7/2000,0.0596
2/8/2000,0.0579
2/9/2000,0.0565
2/10/2000,0.0574
2/11/2000,0.0568
2/14/2000,0.0543
2/15/2000,0.0531
2/16/2000,0.0518
2/17/2000,0.0532
2/18/2000,0.0532
2/22/2000,0.0537
2/23/2000,0.0548
2/24/2000,0.0537
2/25/2000,0.0528
2/28/2000,0.0517
2/29/2000,0.0518
3/1/2000,0.0527
3/2/2000,0.0529
3/3/2000,0.053
3/6/2000,0.0523
3/7/2000,0.0531
3/8/2000,0.0534
3/9/2000,0.0538
3/10/2000,0.0539
3/13/2000,0.0562
3/14/2000,0.0548
3/15/2000,0.0554
3/16/2000,0.056
3/17/2000,0.0554
3/20/2000,0.0541
3/21/2000,0.0541
3/22/2000,0.0549
3/23/2000,0.0569
3/24/2000,0.0565
3/27/2000,0.0574
3/28/2000,0.058
3/29/2000,0.0568
3/30/2000,0.0593
3/31/2000,0.0623
4/3/2000,0.0623
4/4/2000,0.0602
4/5/2000,0.0628
4/6/2000,0.0629
4/7/2000,0.0619
4/10/2000,0.0612
4/11/2000,0.0627
4/12/2000,0.0624
4/13/2000,0.0644
4/14/2000,0.0644
4/17/2000,0.0661
4/18/2000,0.0659
4/19/2000,0.068
4/20/2000,0.067
4/24/2000,0.0676
4/25/2000,0.0676
4/26/2000,0.0666
4/27/2000,0.067
4/28/2000,0.0687
5/1/2000,0.0675
5/2/2000,0.0665
5/3/2000,0.067
5/4/2000,0.068
5/5/2000,0.0686
5/8/2000,0.0676
5/9/2000,0.0683
5/10/2000,0.0685
5/11/2000,0.0705
5/12/2000,0.0716
5/15/2000,0.0736
5/16/2000,0.0758
5/17/2000,0.0756
5/18/2000,0.0747
5/19/2000,0.0762
5/22/2000,0.0786
5/23/2000,0.0785
5/24/2000,0.0802
5/25/2000,0.0802
5/26/2000,0.0814
5/30/2000,0.0806
5/31/2000,0.0796
6/1/2000,0.0795
6/2/2000,0.0837
6/5/2000,0.0818
6/6/2000,0.0836
6/7/2000,0.0838
6/8/2000,0.0839
6/9/2000,0.0873
6/12/2000,0.0869
6/13/2000,0.0896
6/14/2000,0.0907
6/15/2000,0.0881
6/16/2000,0.0849
6/19/2000,0.0879
6/20/2000,0.0893
6/21/2000,0.09
6/22/2000,0.0887
6/23/2000,0.0869
6/26/2000,0.0888
6/27/2000,0.0904
6/28/2000,0.0906
6/29/2000,0.0927
6/30/2000,0.0885
7/3/2000,0.0885
7/5/2000,0.0913
7/6/2000,0.0929
7/7/2000,0.0908
7/10/2000,0.0908
7/11/2000,0.0927
7/12/2000,0.0956
7/13/2000,0.0969
7/14/2000,0.097
7/17/2000,0.1007
7/18/2000,0.1046
7/19/2000,0.1051
7/20/2000,0.1073
7/21/2000,0.1076
7/24/2000,0.1081
7/25/2000,0.1085
7/26/2000,0.1097
7/27/2000,0.1119
7/28/2000,0.1131
7/31/2000,0.1104
8/1/2000,0.1077
8/2/2000,0.1134
8/3/2000,0.116
8/4/2000,0.1143
8/7/2000,0.1115
8/8/2000,0.1124
8/9/2000,0.1098
8/10/2000,0.1096
8/11/2000,0.1119
8/14/2000,0.112
8/15/2000,0.1116
8/16/2000,0.1125
8/17/2000,0.1118
8/18/2000,0.1118
8/21/2000,0.1125
8/22/2000,0.1103
8/23/2000,0.1093
8/24/2000,0.1092
8/25/2000,0.1115
8/28/2000,0.1116
8/29/2000,0.1117
8/30/2000,0.1116
8/31/2000,0.1087
9/1/2000,0.1125
9/5/2000,0.1102
9/6/2000,0.1091
9/7/2000,0.1102
9/8/2000,0.1091
9/11/2000,0.1083
9/12/2000,0.1078
9/13/2000,0.1081
9/14/2000,0.105
9/15/2000,0.0993
9/18/2000,0.1003
9/19/2000,0.1012
9/20/2000,0.0977
9/21/2000,0.0949
9/22/2000,0.0987
9/25/2000,0.1004
9/26/2000,0.0993
9/27/2000,0.0983
9/28/2000,0.0998
9/29/2000,0.1001
10/2/2000,0.1002
10/3/2000,0.1031
10/4/2000,0.1045
10/5/2000,0.106
10/6/2000,0.1124
10/9/2000,0.1087
10/10/2000,0.1144
10/11/2000,0.1146
10/12/2000,0.1152
10/13/2000,0.1158
10/16/2000,0.1184
10/17/2000,0.1169
10/18/2000,0.1157
10/19/2000,0.1129
10/20/2000,0.1133
10/23/2000,0.1136
10/24/2000,0.111
10/25/2000,0.1094
10/26/2000,0.1
10/27/2000,0.1018
10/30/2000,0.1027
10/31/2000,0.1015
11/1/2000,0.1027
11/2/2000,0.102
11/3/2000,0.0998
11/6/2000,0.1006
11/7/2000,0.1004
11/8/2000,0.0994
11/9/2000,0.0926
11/10/2000,0.0941
11/13/2000,0.0945
11/14/2000,0.0933
11/15/2000,0.0955
11/16/2000,0.1004
11/17/2000,0.1023
11/20/2000,0.1016
11/21/2000,0.1028
11/22/2000,0.1044
11/24/2000,0.1044
11/27/2000,0.1102
11/28/2000,0.1029
11/29/2000,0.1032
11/30/2000,0.1022
12/1/2000,0.1023
12/4/2000,0.1024
12/5/2000,0.1025
12/6/2000,0.1016
12/7/2000,0.1016
12/8/2000,0.1031
12/11/2000,0.1029
12/12/2000,0.1012
12/13/2000,0.0996
12/14/2000,0.0982
12/15/2000,0.0983
12/18/2000,0.0984
12/19/2000,0.0997
12/20/2000,0.1027
12/21/2000,0.1027
12/22/2000,0.1039
12/26/2000,0.1045
12/27/2000,0.1071
12/28/2000,0.1067
12/29/2000,0.1064
1/2/2001,0.1054
1/3/2001,0.106
1/4/2001,0.1073
1/5/2001,0.1073
1/8/2001,0.1095
1/9/2001,0.1099
1/10/2001,0.1076
1/11/2001,0.1082
1/12/2001,0.1064
1/16/2001,0.1074
1/17/2001,0.1069
1/18/2001,0.1058
1/19/2001,0.1071
1/22/2001,0.1058
1/23/2001,0.1067
1/24/2001,0.107
1/25/2001,0.1067
1/26/2001,0.106
1/29/2001,0.1035
1/30/2001,0.0997
1/31/2001,0.1039
2/1/2001,0.107
2/2/2001,0.1083
2/5/2001,0.1053
2/6/2001,0.1064
2/7/2001,0.1056
2/8/2001,0.1058
2/9/2001,0.1037
2/12/2001,0.1029
2/13/2001,0.1023
2/14/2001,0.1028
2/15/2001,0.1026
2/16/2001,0.1023
2/20/2001,0.0989
2/21/2001,0.1005
2/22/2001,0.1002
2/23/2001,0.0987
2/26/2001,0.099
2/27/2001,0.0964
2/28/2001,0.1002
3/1/2001,0.1012
3/2/2001,0.1005
3/5/2001,0.101
3/6/2001,0.1025
3/7/2001,0.1006
3/8/2001,0.0989
3/9/2001,0.0988
3/12/2001,0.097
3/13/2001,0.0972
3/14/2001,0.0957
3/15/2001,0.0979
3/16/2001,0.0964
3/19/2001,0.0956
3/20/2001,0.0928
3/21/2001,0.0952
3/22/2001,0.0941
3/23/2001,0.0916
3/26/2001,0.0931
3/27/2001,0.0948
3/28/2001,0.0947
3/29/2001,0.0934
3/30/2001,0.0885
4/2/2001,0.0894
4/3/2001,0.0908
4/4/2001,0.0908
4/5/2001,0.0883
4/6/2001,0.0903
4/9/2001,0.0908
4/10/2001,0.0922
4/11/2001,0.091
4/12/2001,0.0909
4/16/2001,0.0916
4/17/2001,0.0937
4/18/2001,0.0927
4/19/2001,0.0942
4/20/2001,0.0949
4/23/2001,0.0946
4/24/2001,0.0937
4/25/2001,0.0937
4/26/2001,0.0957
4/27/2001,0.0977
4/30/2001,0.0966
5/1/2001,0.0988
5/2/2001,0.1006
5/3/2001,0.1025
5/4/2001,0.0996
5/7/2001,0.1012
5/8/2001,0.1026
5/9/2001,0.102
5/10/2001,0.1018
5/11/2001,0.1018
5/14/2001,0.1014
5/15/2001,0.1008
5/16/2001,0.1012
5/17/2001,0.0989
5/18/2001,0.0989
5/21/2001,0.1015
5/22/2001,0.1016
5/23/2001,0.1006
5/24/2001,0.0993
5/25/2001,0.09
5/29/2001,0.0972
5/30/2001,0.0959
5/31/2001,0.0954
6/1/2001,0.0945
6/4/2001,0.0962
6/5/2001,0.0964
6/6/2001,0.0968
6/7/2001,0.0954
6/8/2001,0.0957
6/11/2001,0.0951
6/12/2001,0.0937
6/13/2001,0.0957
6/14/2001,0.0965
6/15/2001,0.0966
6/18/2001,0.0977
6/19/2001,0.0985
6/20/2001,0.0999
6/21/2001,0.0994
6/22/2001,0.1028
6/25/2001,0.1002
6/26/2001,0.1021
6/27/2001,0.1025
6/28/2001,0.0999
6/29/2001,0.1025
7/2/2001,0.0978
7/3/2001,0.0955
7/5/2001,0.0943
7/6/2001,0.0929
7/9/2001,0.0958
7/10/2001,0.0955
7/11/2001,0.0952
7/12/2001,0.0964
7/13/2001,0.0938
7/16/2001,0.0968
7/17/2001,0.0948
7/18/2001,0.0971
7/19/2001,0.0972
7/20/2001,0.0947
7/23/2001,0.0958
7/24/2001,0.0938
7/25/2001,0.0937
7/26/2001,0.0925
7/27/2001,0.0938
7/30/2001,0.0928
7/31/2001,0.0897
8/1/2001,0.0895
8/2/2001,0.0869
8/3/2001,0.0868
8/6/2001,0.0866
8/7/2001,0.0861
8/8/2001,0.0845
8/9/2001,0.0858
8/10/2001,0.0849
8/13/2001,0.0869
8/14/2001,0.0898
8/15/2001,0.0902
8/16/2001,0.0886
8/17/2001,0.0876
8/20/2001,0.0896
8/21/2001,0.0878
8/22/2001,0.0876
8/23/2001,0.089
8/24/2001,0.0907
8/27/2001,0.0905
8/28/2001,0.089
8/29/2001,0.0877
8/30/2001,0.0856
8/31/2001,0.085
9/4/2001,0.086
9/5/2001,0.0861
9/6/2001,0.0861
9/7/2001,0.0852
9/10/2001,0.0864
9/11/2001,0.0864
9/12/2001,0.0864
9/13/2001,0.0864
9/14/2001,0.0864
9/17/2001,0.0864
9/18/2001,0.0864
9/19/2001,0.0864
9/20/2001,0.0864
9/21/2001,0.0864
9/24/2001,0.0864
9/25/2001,0.0864
9/26/2001,0.0864
9/27/2001,0.0864
9/28/2001,0.0864
10/1/2001,0.0864
10/2/2001,0.0713
10/3/2001,0.072
10/4/2001,0.0711
10/5/2001,0.0718
10/8/2001,0.0718
10/9/2001,0.0676
10/10/2001,0.0676
10/11/2001,0.0687
10/12/2001,0.0692
10/15/2001,0.0707
10/16/2001,0.0718
10/17/2001,0.073
10/18/2001,0.0697
10/19/2001,0.0715
10/22/2001,0.073
10/23/2001,0.0727
10/24/2001,0.0746
10/25/2001,0.0733
10/26/2001,0.074
10/29/2001,0.0731
10/30/2001,0.0723
10/31/2001,0.0724
11/1/2001,0.0716
11/2/2001,0.0716
11/5/2001,0.0734
11/6/2001,0.0745
11/7/2001,0.0761
11/8/2001,0.0777
11/9/2001,0.0758
11/12/2001,0.0771
11/13/2001,0.0771
11/14/2001,0.0797
11/15/2001,0.0784
11/16/2001,0.0778
11/19/2001,0.0796
11/20/2001,0.0793
11/21/2001,0.0803
11/23/2001,0.0803
11/26/2001,0.0812
11/27/2001,0.081
11/28/2001,0.082
11/29/2001,0.0831
11/30/2001,0.0831
12/3/2001,0.0824
12/4/2001,0.083
12/5/2001,0.083
12/6/2001,0.0843
12/7/2001,0.0833
12/10/2001,0.0812
12/11/2001,0.079
12/12/2001,0.0786
12/13/2001,0.0801
12/14/2001,0.0816
12/17/2001,0.0784
12/18/2001,0.0762
12/19/2001,0.0764
12/20/2001,0.0785
12/21/2001,0.078
12/24/2001,0.078
12/26/2001,0.0785
12/27/2001,0.08
12/28/2001,0.0796
12/31/2001,0.0796
1/2/2002,0.0814
1/3/2002,0.0827
1/4/2002,0.0817
1/7/2002,0.0813
1/8/2002,0.0822
1/9/2002,0.0846
1/10/2002,0.0841
1/11/2002,0.0826
1/14/2002,0.0815
1/15/2002,0.0828
1/16/2002,0.0843
1/17/2002,0.081
1/18/2002,0.0774
1/22/2002,0.08
1/23/2002,0.0792
1/24/2002,0.0751
1/25/2002,0.0767
1/28/2002,0.0773
1/29/2002,0.0739
1/30/2002,0.0707
1/31/2002,0.071
2/1/2002,0.0686
2/4/2002,0.0705
2/5/2002,0.0701
2/6/2002,0.0686
2/7/2002,0.0675
2/8/2002,0.0673
2/11/2002,0.0647
2/12/2002,0.0687
2/13/2002,0.069
2/14/2002,0.0692
2/15/2002,0.0689
2/19/2002,0.0691
2/20/2002,0.0699
2/21/2002,0.0692
2/22/2002,0.0684
2/25/2002,0.0692
2/26/2002,0.063
2/27/2002,0.0646
2/28/2002,0.0681
3/1/2002,0.0702
3/4/2002,0.0718
3/5/2002,0.0705
3/6/2002,0.0707
3/7/2002,0.0718
3/8/2002,0.0732
3/11/2002,0.0733
3/12/2002,0.0723
3/13/2002,0.0732
3/14/2002,0.0745
3/15/2002,0.0747
3/18/2002,0.0753
3/19/2002,0.0748
3/20/2002,0.0743
3/21/2002,0.07
3/22/2002,0.0707
3/25/2002,0.0733
3/26/2002,0.0718
3/27/2002,0.0731
3/28/2002,0.0747
4/1/2002,0.0721
4/2/2002,0.0721
4/3/2002,0.0718
4/4/2002,0.0703
4/5/2002,0.071
4/8/2002,0.0702
4/9/2002,0.0687
4/10/2002,0.0708
4/11/2002,0.0708
4/12/2002,0.0698
4/15/2002,0.0682
4/16/2002,0.0687
4/17/2002,0.0708
4/18/2002,0.0699
4/19/2002,0.0725
4/22/2002,0.0759
4/23/2002,0.075
4/24/2002,0.0747
4/25/2002,0.0709
4/26/2002,0.0715
4/29/2002,0.0694
4/30/2002,0.0717
5/1/2002,0.0672
5/2/2002,0.0725
5/3/2002,0.0698
5/6/2002,0.0689
5/7/2002,0.0722
5/8/2002,0.0722
5/9/2002,0.071
5/10/2002,0.072
5/13/2002,0.0751
5/14/2002,0.0758
5/15/2002,0.0752
5/16/2002,0.0774
5/17/2002,0.0763
5/20/2002,0.0752
5/21/2002,0.0718
5/22/2002,0.0742
5/23/2002,0.0733
5/24/2002,0.0742
5/28/2002,0.0728
5/29/2002,0.0746
5/30/2002,0.0749
5/31/2002,0.0757
6/3/2002,0.0755
6/4/2002,0.0735
6/5/2002,0.0727
6/6/2002,0.0736
6/7/2002,0.0737
6/10/2002,0.0731
6/11/2002,0.0719
6/12/2002,0.0684
6/13/2002,0.0702
6/14/2002,0.0704
6/17/2002,0.0678
6/18/2002,0.0689
6/19/2002,0.0675
6/20/2002,0.0679
6/21/2002,0.0674
6/24/2002,0.0667
6/25/2002,0.0694
6/26/2002,0.0706
6/27/2002,0.0727
6/28/2002,0.0719
7/1/2002,0.0794
7/2/2002,0.0813
7/3/2002,0.0836
7/5/2002,0.0836
7/8/2002,0.0785
7/9/2002,0.0814
7/10/2002,0.0824
7/11/2002,0.082
7/12/2002,0.0822
7/15/2002,0.0784
7/16/2002,0.0789
7/17/2002,0.0781
7/18/2002,0.0814
7/19/2002,0.0807
7/22/2002,0.082
7/23/2002,0.0826
7/24/2002,0.0786
7/25/2002,0.0787
7/26/2002,0.0784
7/29/2002,0.0785
7/30/2002,0.076
7/31/2002,0.0805
8/1/2002,0.0771
8/2/2002,0.078
8/5/2002,0.0794
8/6/2002,0.0784
8/7/2002,0.0802
8/8/2002,0.0811
8/9/2002,0.0805
8/12/2002,0.0784
8/13/2002,0.0776
8/14/2002,0.0779
8/15/2002,0.0797
8/16/2002,0.0798
8/19/2002,0.077
8/20/2002,0.0776
8/21/2002,0.079
8/22/2002,0.078
8/23/2002,0.0779
8/26/2002,0.0776
8/27/2002,0.0787
8/28/2002,0.0783
8/29/2002,0.0778
8/30/2002,0.0795
9/3/2002,0.0805
9/4/2002,0.082
9/5/2002,0.0801
9/6/2002,0.0822
9/9/2002,0.0839
9/10/2002,0.0848
9/11/2002,0.0832
9/12/2002,0.0851
9/13/2002,0.0876
9/16/2002,0.0862
9/17/2002,0.0865
9/18/2002,0.0878
9/19/2002,0.0892
9/20/2002,0.0895
9/23/2002,0.0878
9/24/2002,0.0874
9/25/2002,0.0864
9/26/2002,0.0853
9/27/2002,0.0858
9/30/2002,0.0861
10/1/2002,0.0846
10/2/2002,0.0848
10/3/2002,0.0855
10/4/2002,0.0864
10/7/2002,0.0863
10/8/2002,0.0894
10/9/2002,0.0875
10/10/2002,0.0886
10/11/2002,0.0878
10/14/2002,0.0886
10/15/2002,0.09
10/16/2002,0.0883
10/17/2002,0.0891
10/18/2002,0.091
10/21/2002,0.0906
10/22/2002,0.0888
10/23/2002,0.0904
10/24/2002,0.0892
10/25/2002,0.0885
10/28/2002,0.0889
10/29/2002,0.0875
10/30/2002,0.0899
10/31/2002,0.0904
11/1/2002,0.0912
11/4/2002,0.0894
11/5/2002,0.0927
11/6/2002,0.0943
11/7/2002,0.0921
11/8/2002,0.0922
11/11/2002,0.087
11/12/2002,0.0886
11/13/2002,0.0817
11/14/2002,0.0834
11/15/2002,0.0853
11/18/2002,0.0865
11/19/2002,0.0861
11/20/2002,0.0893
11/21/2002,0.0908
11/22/2002,0.0896
11/25/2002,0.0897
11/26/2002,0.0893
11/27/2002,0.0861
11/29/2002,0.0861
12/2/2002,0.0892
12/3/2002,0.0905
12/4/2002,0.0928
12/5/2002,0.0912
12/6/2002,0.0907
12/9/2002,0.088
12/10/2002,0.089
12/11/2002,0.0909
12/12/2002,0.0905
12/13/2002,0.0912
12/16/2002,0.0889
12/17/2002,0.0887
12/18/2002,0.0863
12/19/2002,0.0868
12/20/2002,0.0866
12/23/2002,0.085
12/24/2002,0.0848
12/26/2002,0.0848
12/27/2002,0.0827
12/30/2002,0.084
12/31/2002,0.0842
1/2/2003,0.0856
1/3/2003,0.0814
1/6/2003,0.0843
1/7/2003,0.0852
1/8/2003,0.0842
1/9/2003,0.084
1/10/2003,0.0829
1/13/2003,0.0812
1/14/2003,0.0847
1/15/2003,0.0868
1/16/2003,0.0839
1/17/2003,0.0865
1/21/2003,0.0842
1/22/2003,0.0829
1/23/2003,0.0812
1/24/2003,0.0833
1/27/2003,0.0916
1/28/2003,0.0885
1/29/2003,0.0901
1/30/2003,0.092
1/31/2003,0.0935
2/3/2003,0.0889
2/4/2003,0.0908
2/5/2003,0.0869
2/6/2003,0.0948
2/7/2003,0.0936
2/10/2003,0.096
2/11/2003,0.0924
2/12/2003,0.0919
2/13/2003,0.0909
2/14/2003,0.092
2/18/2003,0.092
2/19/2003,0.0941
2/20/2003,0.0938
2/21/2003,0.0944
2/24/2003,0.0902
2/25/2003,0.0883
2/26/2003,0.0887
2/27/2003,0.0883
2/28/2003,0.0888
3/3/2003,0.0918
3/4/2003,0.09
3/5/2003,0.0879
3/6/2003,0.0887
3/7/2003,0.0895
3/10/2003,0.0874
3/11/2003,0.0875
3/12/2003,0.0844
3/13/2003,0.0823
3/14/2003,0.0854
3/17/2003,0.0827
3/18/2003,0.0831
3/19/2003,0.0831
3/20/2003,0.081
3/21/2003,0.0835
3/24/2003,0.0854
3/25/2003,0.0816
3/26/2003,0.0828
3/27/2003,0.0813
3/28/2003,0.0832
3/31/2003,0.0831
4/1/2003,0.0825
4/2/2003,0.0817
4/3/2003,0.0811
4/4/2003,0.0825
4/7/2003,0.0822
4/8/2003,0.0784
4/9/2003,0.0772
4/10/2003,0.0765
4/11/2003,0.0761
4/14/2003,0.0765
4/15/2003,0.0766
4/16/2003,0.0793
4/17/2003,0.0794
4/21/2003,0.0795
4/22/2003,0.0802
4/23/2003,0.0802
4/24/2003,0.0788
4/25/2003,0.0829
4/28/2003,0.0813
4/29/2003,0.0761
4/30/2003,0.0746
5/1/2003,0.0769
5/2/2003,0.0772
5/5/2003,0.0745
5/6/2003,0.0741
5/7/2003,0.0737
5/8/2003,0.0714
5/9/2003,0.073
5/12/2003,0.073
5/13/2003,0.0723
5/14/2003,0.0748
5/15/2003,0.0734
5/16/2003,0.0729
5/19/2003,0.0737
5/20/2003,0.0758
5/21/2003,0.0747
5/22/2003,0.076
5/23/2003,0.0756
5/27/2003,0.0748
5/28/2003,0.0724
5/29/2003,0.0723
5/30/2003,0.0737
6/2/2003,0.0733
6/3/2003,0.0711
6/4/2003,0.0698
6/5/2003,0.0694
6/6/2003,0.0707
6/9/2003,0.0687
6/10/2003,0.0702
6/11/2003,0.0694
6/12/2003,0.0684
6/13/2003,0.0683
6/16/2003,0.069
6/17/2003,0.0676
6/18/2003,0.0681
6/19/2003,0.0689
6/20/2003,0.0689
6/23/2003,0.067
6/24/2003,0.0662
6/25/2003,0.066
6/26/2003,0.0668
6/27/2003,0.0658
6/30/2003,0.0658
7/1/2003,0.0662
7/2/2003,0.069
7/3/2003,0.0681
7/7/2003,0.0688
7/8/2003,0.0688
7/9/2003,0.0701
7/10/2003,0.0692
7/11/2003,0.0698
7/14/2003,0.0701
7/15/2003,0.0708
7/16/2003,0.0707
7/17/2003,0.071
7/18/2003,0.0731
7/21/2003,0.0732
7/22/2003,0.0744
7/23/2003,0.0746
7/24/2003,0.0743
7/25/2003,0.0744
7/28/2003,0.0742
7/29/2003,0.0753
7/30/2003,0.0764
7/31/2003,0.0772
8/1/2003,0.0779
8/4/2003,0.0781
8/5/2003,0.0789
8/6/2003,0.0776
8/7/2003,0.074
8/8/2003,0.0716
8/11/2003,0.0728
8/12/2003,0.0729
8/13/2003,0.0722
8/14/2003,0.0716
8/15/2003,0.071
8/18/2003,0.0716
8/19/2003,0.071
8/20/2003,0.0719
8/21/2003,0.0716
8/22/2003,0.0714
8/25/2003,0.0721
8/26/2003,0.0732
8/27/2003,0.0713
8/28/2003,0.0711
8/29/2003,0.0695
9/2/2003,0.0681
9/3/2003,0.0681
9/4/2003,0.0654
9/5/2003,0.0667
9/8/2003,0.0668
9/9/2003,0.0647
9/10/2003,0.0675
9/11/2003,0.0664
9/12/2003,0.0661
9/15/2003,0.0652
9/16/2003,0.0656
9/17/2003,0.0664
9/18/2003,0.0658
9/19/2003,0.0663
9/22/2003,0.066
9/23/2003,0.0668
9/24/2003,0.0694
9/25/2003,0.0665
9/26/2003,0.068
9/29/2003,0.0706
9/30/2003,0.0708
10/1/2003,0.0704
10/2/2003,0.071
10/3/2003,0.0718
10/6/2003,0.068
10/7/2003,0.0667
10/8/2003,0.0669
10/9/2003,0.0668
10/10/2003,0.0662
10/13/2003,0.0665
10/14/2003,0.0666
10/15/2003,0.0666
10/16/2003,0.066
10/17/2003,0.066
10/20/2003,0.0663
10/21/2003,0.067
10/22/2003,0.0667
10/23/2003,0.0665
10/24/2003,0.0667
10/27/2003,0.0687
10/28/2003,0.068
10/29/2003,0.0682
10/30/2003,0.0674
10/31/2003,0.0647
11/3/2003,0.065
11/4/2003,0.0662
11/5/2003,0.0668
11/6/2003,0.066
11/7/2003,0.0683
11/10/2003,0.0686
11/11/2003,0.0687
11/12/2003,0.068
11/13/2003,0.0702
11/14/2003,0.0701
11/17/2003,0.0702
11/18/2003,0.0705
11/19/2003,0.0699
11/20/2003,0.0703
11/21/2003,0.0679
11/24/2003,0.0676
11/25/2003,0.0678
11/26/2003,0.0678
11/28/2003,0.0681
12/1/2003,0.0688
12/2/2003,0.0697
12/3/2003,0.0712
12/4/2003,0.0729
12/5/2003,0.0738
12/8/2003,0.0728
12/9/2003,0.073
12/10/2003,0.0724
12/11/2003,0.0741
12/12/2003,0.0743
12/15/2003,0.0711
12/16/2003,0.0712
12/17/2003,0.0707
12/18/2003,0.0703
12/19/2003,0.0676
12/22/2003,0.0647
12/23/2003,0.0633
12/24/2003,0.0659
12/26/2003,0.0659
12/29/2003,0.0645
12/30/2003,0.0643
12/31/2003,0.0635
1/2/2004,0.0635
1/5/2004,0.0638
1/6/2004,0.0642
1/7/2004,0.0658
1/8/2004,0.0634
1/9/2004,0.0644
1/12/2004,0.0639
1/13/2004,0.0646
1/14/2004,0.0637
1/15/2004,0.0627
1/16/2004,0.0635
1/20/2004,0.0636
1/21/2004,0.0639
1/22/2004,0.0652
1/23/2004,0.0632
1/26/2004,0.0652
1/27/2004,0.0624
1/28/2004,0.065
1/29/2004,0.0664
1/30/2004,0.0658
2/2/2004,0.0651
2/3/2004,0.0656
2/4/2004,0.0657
2/5/2004,0.065
2/6/2004,0.0649
2/9/2004,0.0622
2/10/2004,0.0663
2/11/2004,0.0654
2/12/2004,0.0648
2/13/2004,0.0672
2/17/2004,0.0718
2/18/2004,0.0728
2/19/2004,0.0697
2/20/2004,0.0732
2/23/2004,0.0763
2/24/2004,0.0774
2/25/2004,0.0789
2/26/2004,0.08
2/27/2004,0.0794
3/1/2004,0.08
3/2/2004,0.0792
3/3/2004,0.0787
3/4/2004,0.0795
3/5/2004,0.0791
3/8/2004,0.0789
3/9/2004,0.0805
3/10/2004,0.0818
3/11/2004,0.0832
3/12/2004,0.0853
3/15/2004,0.0841
3/16/2004,0.0841
3/17/2004,0.0858
3/18/2004,0.085
3/19/2004,0.0846
3/22/2004,0.0856
3/23/2004,0.0875
3/24/2004,0.0896
3/25/2004,0.0833
3/26/2004,0.0797
3/29/2004,0.0784
3/30/2004,0.0794
3/31/2004,0.0807
4/1/2004,0.0798
4/2/2004,0.0809
4/5/2004,0.0794
4/6/2004,0.0798
4/7/2004,0.0819
4/8/2004,0.0834
4/12/2004,0.0819
4/13/2004,0.08
4/14/2004,0.0822
4/15/2004,0.0819
4/16/2004,0.0822
4/19/2004,0.0811
4/20/2004,0.0818
4/21/2004,0.081
4/22/2004,0.0822
4/23/2004,0.081
4/26/2004,0.0857
4/27/2004,0.0837
4/28/2004,0.0857
4/29/2004,0.0851
4/30/2004,0.0842
5/3/2004,0.0835
5/4/2004,0.0838
5/5/2004,0.0819
5/6/2004,0.0826
5/7/2004,0.0808
5/10/2004,0.0794
5/11/2004,0.0781
5/12/2004,0.0786
5/13/2004,0.0777
5/14/2004,0.0778
5/17/2004,0.0785
5/18/2004,0.0803
5/19/2004,0.0798
5/20/2004,0.0799
5/21/2004,0.0807
5/24/2004,0.0796
5/25/2004,0.0817
5/26/2004,0.0834
5/27/2004,0.084
5/28/2004,0.0844
6/1/2004,0.0852
6/2/2004,0.0866
6/3/2004,0.0846
6/4/2004,0.0855
6/7/2004,0.0851
6/8/2004,0.0829
6/9/2004,0.0829
6/10/2004,0.0809
6/14/2004,0.0799
6/15/2004,0.0804
6/16/2004,0.0831
6/17/2004,0.0857
6/18/2004,0.081
6/21/2004,0.0828
6/22/2004,0.0831
6/23/2004,0.0849
6/24/2004,0.0847
6/25/2004,0.0866
6/28/2004,0.0854
6/29/2004,0.0867
6/30/2004,0.0892
7/1/2004,0.088
7/2/2004,0.089
7/6/2004,0.0906
7/7/2004,0.0934
7/8/2004,0.0918
7/9/2004,0.0922
7/12/2004,0.0944
7/13/2004,0.0917
7/14/2004,0.0922
7/15/2004,0.0934
7/16/2004,0.0933
7/19/2004,0.0928
7/20/2004,0.0925
7/21/2004,0.0914
7/22/2004,0.0911
7/23/2004,0.0895
7/26/2004,0.0913
7/27/2004,0.0924
7/28/2004,0.0924
7/29/2004,0.0923
7/30/2004,0.0936
8/2/2004,0.0942
8/3/2004,0.0944
8/4/2004,0.092
8/5/2004,0.0914
8/6/2004,0.0927
8/9/2004,0.0912
8/10/2004,0.0902
8/11/2004,0.0906
8/12/2004,0.0903
8/13/2004,0.0889
8/16/2004,0.087
8/17/2004,0.0877
8/18/2004,0.0885
8/19/2004,0.088
8/20/2004,0.0875
8/23/2004,0.0898
8/24/2004,0.088
8/25/2004,0.0887
8/26/2004,0.0873
8/27/2004,0.0895
8/30/2004,0.0899
8/31/2004,0.0906
9/1/2004,0.0933
9/2/2004,0.0928
9/3/2004,0.0936
9/7/2004,0.0921
9/8/2004,0.0906
9/9/2004,0.0895
9/10/2004,0.0901
9/13/2004,0.088
9/14/2004,0.0891
9/15/2004,0.0876
9/16/2004,0.0882
9/17/2004,0.0864
9/20/2004,0.0851
9/21/2004,0.0876
9/22/2004,0.0882
9/23/2004,0.0902
9/24/2004,0.0917
9/27/2004,0.0951
9/28/2004,0.0959
9/29/2004,0.0982
9/30/2004,0.0983
10/1/2004,0.0969
10/4/2004,0.0972
10/5/2004,0.0985
10/6/2004,0.0978
10/7/2004,0.0988
10/8/2004,0.0989
10/11/2004,0.0992
10/12/2004,0.1014
10/13/2004,0.1002
10/14/2004,0.1011
10/15/2004,0.1007
10/18/2004,0.0986
10/19/2004,0.0977
10/20/2004,0.0989
10/21/2004,0.0979
10/22/2004,0.0987
10/25/2004,0.0972
10/26/2004,0.0974
10/27/2004,0.0971
10/28/2004,0.0953
10/29/2004,0.0962
11/1/2004,0.0938
11/2/2004,0.0948
11/3/2004,0.0902
11/4/2004,0.0938
11/5/2004,0.0944
11/8/2004,0.0954
11/9/2004,0.0951
11/10/2004,0.0954
11/11/2004,0.0956
11/12/2004,0.0954
11/15/2004,0.0964
11/16/2004,0.0985
11/17/2004,0.0972
11/18/2004,0.0975
11/19/2004,0.0978
11/22/2004,0.0985
11/23/2004,0.0993
11/24/2004,0.1001
11/26/2004,0.1001
11/29/2004,0.1005
11/30/2004,0.1002
12/1/2004,0.1021
12/2/2004,0.1029
12/3/2004,0.1021
12/6/2004,0.1027
12/7/2004,0.1005
12/8/2004,0.1013
12/9/2004,0.1012
12/10/2004,0.1006
12/13/2004,0.1013
12/14/2004,0.1002
12/15/2004,0.0996
12/16/2004,0.0982
12/17/2004,0.1006
12/20/2004,0.102
12/21/2004,0.1027
12/22/2004,0.1023
12/23/2004,0.1025
12/27/2004,0.1039
12/28/2004,0.1044
12/29/2004,0.1049
12/30/2004,0.1045
12/31/2004,0.1045
1/3/2005,0.1059
1/4/2005,0.1047
1/5/2005,0.1039
1/6/2005,0.1039
1/7/2005,0.1009
1/10/2005,0.0998
1/11/2005,0.0999
1/12/2005,0.1
1/13/2005,0.1016
1/14/2005,0.1019
1/18/2005,0.1027
1/19/2005,0.1023
1/20/2005,0.1032
1/21/2005,0.1032
1/24/2005,0.1033
1/25/2005,0.1043
1/26/2005,0.1061
1/27/2005,0.1071
1/28/2005,0.1052
1/31/2005,0.106
2/1/2005,0.1035
2/2/2005,0.1031
2/3/2005,0.104
2/4/2005,0.1057
2/7/2005,0.1031
2/8/2005,0.1046
2/9/2005,0.1052
2/10/2005,0.1058
2/11/2005,0.1057
2/14/2005,0.105
2/15/2005,0.1051
2/16/2005,0.1039
2/17/2005,0.1045
2/18/2005,0.1036
2/22/2005,0.1081
2/23/2005,0.1065
2/24/2005,0.1075
2/25/2005,0.1053
2/28/2005,0.1063
3/1/2005,0.1062
3/2/2005,0.1061
3/3/2005,0.1037
3/4/2005,0.1031
3/7/2005,0.1041
3/8/2005,0.1053
3/9/2005,0.1053
3/10/2005,0.106
3/11/2005,0.1076
3/14/2005,0.1084
3/15/2005,0.1079
3/16/2005,0.108
3/17/2005,0.1086
3/18/2005,0.1077
3/21/2005,0.106
3/22/2005,0.1053
3/23/2005,0.1044
3/24/2005,0.1042
3/28/2005,0.1047
3/29/2005,0.1037
3/30/2005,0.103
3/31/2005,0.1055
4/1/2005,0.1038
4/4/2005,0.1024
4/5/2005,0.1028
4/6/2005,0.1027
4/7/2005,0.1037
4/8/2005,0.1028
4/11/2005,0.1017
4/12/2005,0.1021
4/13/2005,0.1013
4/14/2005,0.0995
4/15/2005,0.099
4/18/2005,0.0992
4/19/2005,0.1014
4/20/2005,0.102
4/21/2005,0.1021
4/22/2005,0.1018
4/25/2005,0.1008
4/26/2005,0.1014
4/27/2005,0.1035
4/28/2005,0.1025
4/29/2005,0.104
5/2/2005,0.1045
5/3/2005,0.1029
5/4/2005,0.1032
5/5/2005,0.1006
5/6/2005,0.1009
5/9/2005,0.1011
5/10/2005,0.1022
5/11/2005,0.1026
5/12/2005,0.1007
5/13/2005,0.101
5/16/2005,0.0998
5/17/2005,0.0989
5/18/2005,0.1016
5/19/2005,0.1021
5/20/2005,0.1017
5/23/2005,0.1036
5/24/2005,0.1024
5/25/2005,0.1022
5/26/2005,0.1044
5/27/2005,0.1033
5/31/2005,0.1032
6/1/2005,0.1023
6/2/2005,0.1027
6/3/2005,0.104
6/6/2005,0.1042
6/7/2005,0.1045
6/8/2005,0.1036
6/9/2005,0.1048
6/10/2005,0.1035
6/13/2005,0.103
6/14/2005,0.1033
6/15/2005,0.1027
6/16/2005,0.1031
6/17/2005,0.1033
6/20/2005,0.1051
6/21/2005,0.1039
6/22/2005,0.105
6/23/2005,0.1044
6/24/2005,0.1061
6/27/2005,0.1073
6/28/2005,0.1064
6/29/2005,0.1063
6/30/2005,0.1088
7/1/2005,0.1055
7/5/2005,0.1077
7/6/2005,0.1069
7/7/2005,0.1073
7/8/2005,0.108
7/11/2005,0.1078
7/12/2005,0.1086
7/13/2005,0.1067
7/14/2005,0.1083
7/15/2005,0.1088
7/18/2005,0.1094
7/19/2005,0.1072
7/20/2005,0.1075
7/21/2005,0.1093
7/22/2005,0.1104
7/25/2005,0.1108
7/26/2005,0.1129
7/27/2005,0.1124
7/28/2005,0.1122
7/29/2005,0.1094
8/1/2005,0.1119
8/2/2005,0.112
8/3/2005,0.1139
8/4/2005,0.1152
8/5/2005,0.1134
8/8/2005,0.1126
8/9/2005,0.1104
8/10/2005,0.1099
8/11/2005,0.1103
8/12/2005,0.1092
8/15/2005,0.1102
8/16/2005,0.1092
8/17/2005,0.1091
8/18/2005,0.1085
8/19/2005,0.1101
8/22/2005,0.1079
8/23/2005,0.1077
8/24/2005,0.1098
8/25/2005,0.1103
8/26/2005,0.1088
8/29/2005,0.1118
8/30/2005,0.1136
8/31/2005,0.1139
9/1/2005,0.1133
9/2/2005,0.1133
9/6/2005,0.1123
9/7/2005,0.1119
9/8/2005,0.111
9/9/2005,0.1148
9/12/2005,0.1152
9/13/2005,0.114
9/14/2005,0.1128
9/15/2005,0.1149
9/16/2005,0.1162
9/19/2005,0.1156
9/20/2005,0.117
9/21/2005,0.1145
9/22/2005,0.1165
9/23/2005,0.1161
9/26/2005,0.1156
9/27/2005,0.1215
9/28/2005,0.1223
9/29/2005,0.1221
9/30/2005,0.1226
10/3/2005,0.1244
10/4/2005,0.1269
10/5/2005,0.1259
10/6/2005,0.1234
10/7/2005,0.124
10/10/2005,0.1267
10/11/2005,0.1276
10/12/2005,0.1277
10/13/2005,0.1278
10/14/2005,0.1274
10/17/2005,0.1257
10/18/2005,0.1269
10/19/2005,0.1286
10/20/2005,0.1271
10/21/2005,0.1279
10/24/2005,0.1277
10/25/2005,0.1283
10/26/2005,0.1282
10/27/2005,0.1275
10/28/2005,0.1274
10/31/2005,0.124
11/1/2005,0.123
11/2/2005,0.124
11/3/2005,0.1258
11/4/2005,0.1252
11/7/2005,0.125
11/8/2005,0.1234
11/9/2005,0.1223
11/10/2005,0.1251
11/11/2005,0.1251
11/14/2005,0.1271
11/15/2005,0.1305
11/16/2005,0.1313
11/17/2005,0.1316
11/18/2005,0.1302
11/21/2005,0.1314
11/22/2005,0.1313
11/23/2005,0.1318
11/25/2005,0.1314
11/28/2005,0.1354
11/29/2005,0.1364
11/30/2005,0.1351
12/1/2005,0.1389
12/2/2005,0.1404
12/5/2005,0.1424
12/6/2005,0.1429
12/7/2005,0.1446
12/8/2005,0.1467
12/9/2005,0.1486
12/12/2005,0.1508
12/13/2005,0.1497
12/14/2005,0.148
12/15/2005,0.15
12/16/2005,0.1542
12/19/2005,0.1548
12/20/2005,0.1543
12/21/2005,0.1534
12/22/2005,0.1549
12/23/2005,0.1594
12/27/2005,0.1578
12/28/2005,0.1574
12/29/2005,0.1603
12/30/2005,0.1598
1/3/2006,0.1539
1/4/2006,0.1595
1/5/2006,0.1614
1/6/2006,0.1613
1/9/2006,0.16
1/10/2006,0.1585
1/11/2006,0.1598
1/12/2006,0.1587
1/13/2006,0.164
1/17/2006,0.1668
1/18/2006,0.1678
1/19/2006,0.1713
1/20/2006,0.1814
1/23/2006,0.1936
1/24/2006,0.1779
1/25/2006,0.1792
1/26/2006,0.1949
1/27/2006,0.1973
1/30/2006,0.1936
1/31/2006,0.1931
2/1/2006,0.1914
2/2/2006,0.2001
2/3/2006,0.2046
2/6/2006,0.1991
2/7/2006,0.191
2/8/2006,0.1961
2/9/2006,0.1956
2/10/2006,0.1866
2/13/2006,0.1849
2/14/2006,0.1858
2/15/2006,0.1882
2/16/2006,0.1813
2/17/2006,0.1814
2/21/2006,0.1847
2/22/2006,0.1935
2/23/2006,0.1906
2/24/2006,0.1867
2/27/2006,0.1801
2/28/2006,0.1756
3/1/2006,0.1777
3/2/2006,0.1763
3/3/2006,0.1789
3/6/2006,0.1844
3/7/2006,0.182
3/8/2006,0.182
3/9/2006,0.1725
3/10/2006,0.1746
3/13/2006,0.1791
3/14/2006,0.1734
3/15/2006,0.1755
3/16/2006,0.1758
3/17/2006,0.1749
3/20/2006,0.1755
3/21/2006,0.1755
3/22/2006,0.1782
3/23/2006,0.1765
3/24/2006,0.1796
3/27/2006,0.1836
3/28/2006,0.1912
3/29/2006,0.1918
3/30/2006,0.1926
3/31/2006,0.1902
4/3/2006,0.1928
4/4/2006,0.1908
4/5/2006,0.1886
4/6/2006,0.1875
4/7/2006,0.1815
4/10/2006,0.1796
4/11/2006,0.1789
4/12/2006,0.1773
4/13/2006,0.1787
4/17/2006,0.178
4/18/2006,0.1828
4/19/2006,0.1756
4/20/2006,0.1822
4/21/2006,0.18
4/24/2006,0.1817
4/25/2006,0.1799
4/26/2006,0.181
4/27/2006,0.1817
4/28/2006,0.1819
5/1/2006,0.1873
5/2/2006,0.1882
5/3/2006,0.1884
5/4/2006,0.1826
5/5/2006,0.1828
5/8/2006,0.1819
5/9/2006,0.182
5/10/2006,0.1839
5/11/2006,0.1846
5/12/2006,0.1867
5/15/2006,0.1726
5/16/2006,0.1802
5/17/2006,0.1804
5/18/2006,0.1738
5/19/2006,0.1719
5/22/2006,0.1723
5/23/2006,0.1757
5/24/2006,0.1718
5/25/2006,0.1726
5/26/2006,0.1687
5/30/2006,0.1687
5/31/2006,0.1657
6/1/2006,0.1628
6/2/2006,0.1632
6/5/2006,0.1638
6/6/2006,0.1601
6/7/2006,0.1592
6/8/2006,0.1592
6/9/2006,0.1599
6/12/2006,0.1566
6/13/2006,0.1562
6/14/2006,0.1563
6/15/2006,0.1567
6/16/2006,0.158
6/19/2006,0.1552
6/20/2006,0.1588
6/21/2006,0.1631
6/22/2006,0.1663
6/23/2006,0.164
6/26/2006,0.1697
6/27/2006,0.167
6/28/2006,0.1682
6/29/2006,0.1679
6/30/2006,0.1705
7/3/2006,0.1712
7/5/2006,0.1754
7/6/2006,0.1791
7/7/2006,0.178
7/10/2006,0.1739
7/11/2006,0.1752
7/12/2006,0.1738
7/13/2006,0.1722
7/14/2006,0.1694
7/17/2006,0.1614
7/18/2006,0.1655
7/19/2006,0.1615
7/20/2006,0.1617
7/21/2006,0.16
7/24/2006,0.1627
7/25/2006,0.1617
7/26/2006,0.1598
7/27/2006,0.1544
7/28/2006,0.15
7/31/2006,0.1556
8/1/2006,0.1547
8/2/2006,0.1512
8/3/2006,0.1488
8/4/2006,0.1502
8/7/2006,0.1494
8/8/2006,0.144
8/9/2006,0.147
8/10/2006,0.1437
8/11/2006,0.1386
8/14/2006,0.1331
8/15/2006,0.1315
8/16/2006,0.1336
8/17/2006,0.1279
8/18/2006,0.1268
8/21/2006,0.1273
8/22/2006,0.1268
8/23/2006,0.1309
8/24/2006,0.1307
8/25/2006,0.1302
8/28/2006,0.1283
8/29/2006,0.1263
8/30/2006,0.121
8/31/2006,0.1216
9/1/2006,0.1224
9/5/2006,0.1216
9/6/2006,0.1253
9/7/2006,0.1246
9/8/2006,0.1266
9/11/2006,0.1232
9/12/2006,0.1233
9/13/2006,0.1297
9/14/2006,0.1305
9/15/2006,0.1316
9/18/2006,0.1347
9/19/2006,0.1322
9/20/2006,0.1293
9/21/2006,0.1181
9/22/2006,0.1178
9/25/2006,0.1136
9/26/2006,0.1169
9/27/2006,0.1198
9/28/2006,0.1187
9/29/2006,0.1231
10/2/2006,0.1202
10/3/2006,0.1159
10/4/2006,0.1146
10/5/2006,0.1158
10/6/2006,0.1151
10/9/2006,0.1191
10/10/2006,0.1234
10/11/2006,0.1161
10/12/2006,0.1182
10/13/2006,0.1179
10/16/2006,0.1207
10/17/2006,0.1314
10/18/2006,0.1233
10/19/2006,0.1224
10/20/2006,0.1224
10/23/2006,0.1231
10/24/2006,0.1222
10/25/2006,0.1246
10/26/2006,0.1246
10/27/2006,0.1245
10/30/2006,0.1224
10/31/2006,0.1211
11/1/2006,0.1218
11/2/2006,0.1209
11/3/2006,0.1199
11/6/2006,0.1224
11/7/2006,0.1231
11/8/2006,0.1244
11/9/2006,0.1266
11/10/2006,0.1265
11/13/2006,0.1243
11/14/2006,0.123
11/15/2006,0.1254
11/16/2006,0.1226
11/17/2006,0.1201
11/20/2006,0.1235
11/21/2006,0.1209
11/22/2006,0.121
11/24/2006,0.1235
11/27/2006,0.1239
11/28/2006,0.1256
11/29/2006,0.1288
11/30/2006,0.1308
12/1/2006,0.1308
12/4/2006,0.1258
12/5/2006,0.1244
12/6/2006,0.1214
12/7/2006,0.1198
12/8/2006,0.1199
12/11/2006,0.1183
12/12/2006,0.1214
12/13/2006,0.1198
12/14/2006,0.1187
12/15/2006,0.121
12/18/2006,0.1274
12/19/2006,0.1282
12/20/2006,0.128
12/21/2006,0.1277
12/22/2006,0.1284
12/26/2006,0.129
12/27/2006,0.1268
12/28/2006,0.1282
12/29/2006,0.128
1/3/2007,0.1237
1/4/2007,0.1233
1/5/2007,0.1205
1/8/2007,0.1194
1/9/2007,0.1192
1/10/2007,0.1198
1/11/2007,0.12
1/12/2007,0.1173
1/16/2007,0.1184
1/17/2007,0.1164
1/18/2007,0.1171
1/19/2007,0.1178
1/22/2007,0.1182
1/23/2007,0.1188
1/24/2007,0.1186
1/25/2007,0.1169
1/26/2007,0.1164
1/29/2007,0.1172
1/30/2007,0.1144
1/31/2007,0.1156
2/1/2007,0.1164
2/2/2007,0.1152
2/5/2007,0.1152
2/6/2007,0.1134
2/7/2007,0.1108
2/8/2007,0.1121
2/9/2007,0.1151
2/12/2007,0.1144
2/13/2007,0.1134
2/14/2007,0.1168
2/15/2007,0.1216
2/16/2007,0.1205
2/20/2007,0.1196
2/21/2007,0.1174
2/22/2007,0.1166
2/23/2007,0.118
2/26/2007,0.1175
2/27/2007,0.119
2/28/2007,0.1166
3/1/2007,0.1198
3/2/2007,0.1244
3/5/2007,0.1173
3/6/2007,0.1188
3/7/2007,0.1184
3/8/2007,0.1181
3/9/2007,0.1163
3/12/2007,0.1158
3/13/2007,0.1147
3/14/2007,0.1145
3/15/2007,0.114
3/16/2007,0.1137
3/19/2007,0.1121
3/20/2007,0.112
3/21/2007,0.1124
3/22/2007,0.1117
3/23/2007,0.1116
3/26/2007,0.1105
3/27/2007,0.1103
3/28/2007,0.1119
3/29/2007,0.1089
3/30/2007,0.1103
4/2/2007,0.1086
4/3/2007,0.1081
4/4/2007,0.1086
4/5/2007,0.1086
4/9/2007,0.1116
4/10/2007,0.1108
4/11/2007,0.1116
4/12/2007,0.1111
4/13/2007,0.1124
4/16/2007,0.1104
4/17/2007,0.1095
4/18/2007,0.1086
4/19/2007,0.1077
4/20/2007,0.1082
4/23/2007,0.1056
4/24/2007,0.1059
4/25/2007,0.1055
4/26/2007,0.1069
4/27/2007,0.105
4/30/2007,0.1053
5/1/2007,0.1045
5/2/2007,0.1047
5/3/2007,0.1067
5/4/2007,0.1067
5/7/2007,0.1069
5/8/2007,0.1067
5/9/2007,0.107
5/10/2007,0.1079
5/11/2007,0.1083
5/14/2007,0.108
5/15/2007,0.1042
5/16/2007,0.1041
5/17/2007,0.1054
5/18/2007,0.1049
5/21/2007,0.1068
5/22/2007,0.1074
5/23/2007,0.1074
5/24/2007,0.1086
5/25/2007,0.1134
5/29/2007,0.1146
5/30/2007,0.114
5/31/2007,0.1131
6/1/2007,0.1109
6/4/2007,0.1095
6/5/2007,0.1068
6/6/2007,0.1071
6/7/2007,0.1056
6/8/2007,0.1068
6/11/2007,0.1085
6/12/2007,0.107
6/13/2007,0.1058
6/14/2007,0.1043
6/15/2007,0.1067
6/18/2007,0.1108
6/19/2007,0.11
6/20/2007,0.1115
6/21/2007,0.1144
6/22/2007,0.1135
6/25/2007,0.1144
6/26/2007,0.1177
6/27/2007,0.1159
6/28/2007,0.1156
6/29/2007,0.1173
7/2/2007,0.115
7/3/2007,0.1167
7/5/2007,0.1175
7/6/2007,0.1188
7/9/2007,0.1177
7/10/2007,0.1201
7/11/2007,0.1202
7/12/2007,0.1195
7/13/2007,0.1237
7/16/2007,0.1218
7/17/2007,0.1212
7/18/2007,0.1244
7/19/2007,0.1272
7/20/2007,0.1266
7/23/2007,0.1246
7/24/2007,0.1255
7/25/2007,0.1231
7/26/2007,0.1253
7/27/2007,0.1213
7/30/2007,0.123
7/31/2007,0.124
8/1/2007,0.1252
8/2/2007,0.1226
8/3/2007,0.1224
8/6/2007,0.1216
8/7/2007,0.1191
8/8/2007,0.1188
8/9/2007,0.1198
8/10/2007,0.1151
8/13/2007,0.1147
8/14/2007,0.114
8/15/2007,0.1145
8/16/2007,0.1125
8/17/2007,0.1131
8/20/2007,0.1151
8/21/2007,0.1143
8/22/2007,0.1142
8/23/2007,0.1143
8/24/2007,0.1144
8/27/2007,0.1152
8/28/2007,0.1158
8/29/2007,0.1151
8/30/2007,0.1156
8/31/2007,0.1154
9/4/2007,0.1144
9/5/2007,0.1148
9/6/2007,0.1141
9/7/2007,0.1149
9/10/2007,0.1134
9/11/2007,0.1141
9/12/2007,0.1143
9/13/2007,0.1149
9/14/2007,0.1145
9/17/2007,0.1139
9/18/2007,0.1123
9/19/2007,0.1163
9/20/2007,0.12
9/21/2007,0.1202
9/24/2007,0.1168
9/25/2007,0.12
9/26/2007,0.1173
9/27/2007,0.121
9/28/2007,0.1183
10/1/2007,0.1137
10/2/2007,0.1165
10/3/2007,0.1123
10/4/2007,0.1136
10/5/2007,0.1119
10/8/2007,0.1148
10/9/2007,0.1173
10/10/2007,0.1149
10/11/2007,0.1178
10/12/2007,0.118
10/15/2007,0.1192
10/16/2007,0.119
10/17/2007,0.1218
10/18/2007,0.1212
10/19/2007,0.1195
10/22/2007,0.1221
10/23/2007,0.1221
10/24/2007,0.1221
10/25/2007,0.1235
10/26/2007,0.1234
10/29/2007,0.1191
10/30/2007,0.1223
10/31/2007,0.1215
11/1/2007,0.1184
11/2/2007,0.1182
11/5/2007,0.1202
11/6/2007,0.1218
11/7/2007,0.1203
11/8/2007,0.1201
11/9/2007,0.1213
11/12/2007,0.1208
11/13/2007,0.1164
11/14/2007,0.1166
11/15/2007,0.1166
11/16/2007,0.1198
11/19/2007,0.1179
11/20/2007,0.1133
11/21/2007,0.1155
11/23/2007,0.1155
11/26/2007,0.1161
11/27/2007,0.1143
11/28/2007,0.12
11/29/2007,0.1174
11/30/2007,0.1189
12/3/2007,0.1163
12/4/2007,0.1156
12/5/2007,0.1197
12/6/2007,0.1184
12/7/2007,0.1204
12/10/2007,0.1204
12/11/2007,0.1245
12/12/2007,0.1228
12/13/2007,0.1225
12/14/2007,0.1242
12/17/2007,0.1267
12/18/2007,0.1278
12/19/2007,0.1219
12/20/2007,0.1314
12/21/2007,0.1322
12/24/2007,0.1322
12/26/2007,0.1297
12/27/2007,0.1317
12/28/2007,0.1314
12/31/2007,0.1302
1/2/2008,0.1283
1/3/2008,0.1309
1/4/2008,0.134
1/7/2008,0.1351
1/8/2008,0.1375
1/9/2008,0.1345
1/10/2008,0.1345
1/11/2008,0.1358
1/14/2008,0.1348
1/15/2008,0.1358
1/16/2008,0.1362
1/17/2008,0.1445
1/18/2008,0.1426
1/22/2008,0.1372
1/23/2008,0.1366
1/24/2008,0.1343
1/25/2008,0.1385
1/28/2008,0.144
1/29/2008,0.1432
1/30/2008,0.1452
1/31/2008,0.1446
2/1/2008,0.1438
2/4/2008,0.143
2/5/2008,0.1394
2/6/2008,0.1413
2/7/2008,0.1417
2/8/2008,0.1444
2/11/2008,0.1472
2/12/2008,0.1455
2/13/2008,0.1456
2/14/2008,0.1506
2/15/2008,0.1521
2/19/2008,0.1552
2/20/2008,0.1559
2/21/2008,0.1578
2/22/2008,0.1589
2/25/2008,0.1593
2/26/2008,0.1606
2/27/2008,0.1622
2/28/2008,0.1636
2/29/2008,0.1633
3/3/2008,0.167
3/4/2008,0.1624
3/5/2008,0.164
3/6/2008,0.1564
3/7/2008,0.1496
3/10/2008,0.1467
3/11/2008,0.15
3/12/2008,0.15
3/13/2008,0.1522
3/14/2008,0.1514
3/17/2008,0.1401
3/18/2008,0.1408
3/19/2008,0.1338
3/20/2008,0.1351
3/24/2008,0.1363
3/25/2008,0.1389
3/26/2008,0.139
3/27/2008,0.1384
3/28/2008,0.1353
3/31/2008,0.1323
4/1/2008,0.133
4/2/2008,0.1334
4/3/2008,0.1359
4/4/2008,0.1337
4/7/2008,0.1364
4/8/2008,0.135
4/9/2008,0.1409
4/10/2008,0.1415
4/11/2008,0.1397
4/14/2008,0.141
4/15/2008,0.1416
4/16/2008,0.1433
4/17/2008,0.1411
4/18/2008,0.1415
4/21/2008,0.1357
4/22/2008,0.1367
4/23/2008,0.1357
4/24/2008,0.1358
4/25/2008,0.1357
4/28/2008,0.1315
4/29/2008,0.1313
4/30/2008,0.1298
5/1/2008,0.1245
5/2/2008,0.1252
5/5/2008,0.1259
5/6/2008,0.1301
5/7/2008,0.1287
5/8/2008,0.1268
5/9/2008,0.1267
5/12/2008,0.1273
5/13/2008,0.1248
5/14/2008,0.1195
5/15/2008,0.1195
5/16/2008,0.1236
5/19/2008,0.1228
5/20/2008,0.1198
5/21/2008,0.1191
5/22/2008,0.1154
5/23/2008,0.1154
5/27/2008,0.1189
5/28/2008,0.1174
5/29/2008,0.1161
5/30/2008,0.1175
6/2/2008,0.1236
6/3/2008,0.1188
6/4/2008,0.1164
6/5/2008,0.1186
6/6/2008,0.1208
6/9/2008,0.1217
6/10/2008,0.1225
6/11/2008,0.1287
6/12/2008,0.1283
6/13/2008,0.1282
6/16/2008,0.1335
6/17/2008,0.1357
6/18/2008,0.1405
6/19/2008,0.1423
6/20/2008,0.1458
6/23/2008,0.1434
6/24/2008,0.1438
6/25/2008,0.1426
6/26/2008,0.1468
6/27/2008,0.1446
6/30/2008,0.1451
7/1/2008,0.1545
7/2/2008,0.1565
7/3/2008,0.1559
7/7/2008,0.1517
7/8/2008,0.1531
7/9/2008,0.1553
7/10/2008,0.1538
7/11/2008,0.1562
7/14/2008,0.1525
7/15/2008,0.1557
7/16/2008,0.1539
7/17/2008,0.1453
7/18/2008,0.1434
7/21/2008,0.1437
7/22/2008,0.1376
7/23/2008,0.138
7/24/2008,0.1392
7/25/2008,0.1418
7/28/2008,0.1405
7/29/2008,0.1439
7/30/2008,0.15
7/31/2008,0.1554
8/1/2008,0.1613
8/4/2008,0.1528
8/5/2008,0.1558
8/6/2008,0.1597
8/7/2008,0.1591
8/8/2008,0.1544
8/11/2008,0.1526
8/12/2008,0.1542
8/13/2008,0.157
8/14/2008,0.153
8/15/2008,0.1496
8/18/2008,0.1553
8/19/2008,0.157
8/20/2008,0.1563
8/21/2008,0.1576
8/22/2008,0.1593
8/25/2008,0.1595
8/26/2008,0.1606
8/27/2008,0.1566
8/28/2008,0.1529
8/29/2008,0.1475
9/2/2008,0.1471
9/3/2008,0.1474
9/4/2008,0.1484
9/5/2008,0.1484
9/8/2008,0.1471
9/9/2008,0.1447
9/10/2008,0.1445
9/11/2008,0.1444
9/12/2008,0.1452
9/15/2008,0.1452
9/16/2008,0.144
9/17/2008,0.1465
9/18/2008,0.1449
9/19/2008,0.1403
9/22/2008,0.1456
9/23/2008,0.1429
9/24/2008,0.1509
9/25/2008,0.1552
9/26/2008,0.1588
9/29/2008,0.1527
9/30/2008,0.1505
10/1/2008,0.1532
10/2/2008,0.1467
10/3/2008,0.1426
10/6/2008,0.1344
10/7/2008,0.1345
10/8/2008,0.1328
10/9/2008,0.1337
10/10/2008,0.1283
10/13/2008,0.1301
10/14/2008,0.1314
10/15/2008,0.1263
10/16/2008,0.1249
10/17/2008,0.1267
10/20/2008,0.1278
10/21/2008,0.1235
10/22/2008,0.1235
10/23/2008,0.12
10/24/2008,0.1177
10/27/2008,0.1198
10/28/2008,0.1223
10/29/2008,0.131
10/30/2008,0.1274
10/31/2008,0.1298
11/3/2008,0.1305
11/4/2008,0.1379
11/5/2008,0.1358
11/6/2008,0.1288
11/7/2008,0.1299
11/10/2008,0.1309
11/11/2008,0.1282
11/12/2008,0.1266
11/13/2008,0.1245
11/14/2008,0.1264
11/17/2008,0.1269
11/18/2008,0.1276
11/19/2008,0.1279
11/20/2008,0.1268
11/21/2008,0.1239
11/24/2008,0.1282
11/25/2008,0.1276
11/26/2008,0.1292
11/28/2008,0.1285
12/1/2008,0.1269
12/2/2008,0.1269
12/3/2008,0.1217
12/4/2008,0.119
12/5/2008,0.1163
12/8/2008,0.1192
12/9/2008,0.1221
12/10/2008,0.126
12/11/2008,0.1294
12/12/2008,0.1268
12/15/2008,0.1262
12/16/2008,0.1267
12/17/2008,0.1269
12/18/2008,0.1282
12/19/2008,0.1201
12/22/2008,0.1187
12/23/2008,0.1178
12/24/2008,0.1196
12/26/2008,0.1198
12/29/2008,0.1208
12/30/2008,0.1214
12/31/2008,0.1275
1/2/2009,0.1281
1/5/2009,0.1278
1/6/2009,0.1305
1/7/2009,0.1299
1/8/2009,0.129
1/9/2009,0.1295
1/12/2009,0.1257
1/13/2009,0.1236
1/14/2009,0.1243
1/15/2009,0.1269
1/16/2009,0.1269
1/20/2009,0.1337
1/21/2009,0.1345
1/22/2009,0.1325
1/23/2009,0.1352
1/26/2009,0.1378
1/27/2009,0.1369
1/28/2009,0.1354
1/29/2009,0.1341
1/30/2009,0.1359
2/2/2009,0.1358
2/3/2009,0.136
2/4/2009,0.1343
2/5/2009,0.1361
2/6/2009,0.1393
2/9/2009,0.1414
2/10/2009,0.141
2/11/2009,0.1405
2/12/2009,0.1399
2/13/2009,0.1409
2/17/2009,0.1395
2/18/2009,0.1356
2/19/2009,0.138
2/20/2009,0.1367
2/23/2009,0.1367
2/24/2009,0.1392
2/25/2009,0.1411
2/26/2009,0.1451
2/27/2009,0.1445
3/2/2009,0.1367
3/3/2009,0.1328
3/4/2009,0.1415
3/5/2009,0.137
3/6/2009,0.1373
3/9/2009,0.135
3/10/2009,0.1352
3/11/2009,0.1374
3/12/2009,0.139
3/13/2009,0.1395
3/16/2009,0.1388
3/17/2009,0.1393
3/18/2009,0.1393
3/19/2009,0.1449
3/20/2009,0.1451
3/23/2009,0.144
3/24/2009,0.1392
3/25/2009,0.1379
3/26/2009,0.137
3/27/2009,0.134
3/30/2009,0.1337
3/31/2009,0.1352
4/1/2009,0.1368
4/2/2009,0.1405
4/3/2009,0.1376
4/6/2009,0.1334
4/7/2009,0.134
4/8/2009,0.1343
4/9/2009,0.1378
4/13/2009,0.1443
4/14/2009,0.145
4/15/2009,0.1447
4/16/2009,0.1419
4/17/2009,0.1468
4/20/2009,0.1438
4/21/2009,0.1445
4/22/2009,0.1467
4/23/2009,0.1482
4/24/2009,0.1539
4/27/2009,0.1532
4/28/2009,0.1535
4/29/2009,0.1536
4/30/2009,0.1567
5/1/2009,0.163
5/4/2009,0.1634
5/5/2009,0.1643
5/6/2009,0.1673
5/7/2009,0.1682
5/8/2009,0.1671
5/11/2009,0.1687
5/12/2009,0.17
5/13/2009,0.1673
5/14/2009,0.1672
5/15/2009,0.164
5/18/2009,0.1686
5/19/2009,0.1675
5/20/2009,0.1673
5/21/2009,0.1688
5/22/2009,0.1688
5/26/2009,0.1729
5/27/2009,0.1697
5/28/2009,0.1696
5/29/2009,0.1689
6/1/2009,0.1712
6/2/2009,0.1691
6/3/2009,0.1627
6/4/2009,0.1632
6/5/2009,0.167
6/8/2009,0.167
6/9/2009,0.1694
6/10/2009,0.1667
6/11/2009,0.1681
6/12/2009,0.1644
6/15/2009,0.1615
6/16/2009,0.1622
6/17/2009,0.1629
6/18/2009,0.1631
6/19/2009,0.1631
6/22/2009,0.1625
6/23/2009,0.1709
6/24/2009,0.1796
6/25/2009,0.1822
6/26/2009,0.181
6/29/2009,0.181
6/30/2009,0.1835
7/1/2009,0.1855
7/2/2009,0.1829
7/6/2009,0.1791
7/7/2009,0.1773
7/8/2009,0.1777
7/9/2009,0.1779
7/10/2009,0.18
7/13/2009,0.1812
7/14/2009,0.1862
7/15/2009,0.185
7/16/2009,0.1808
7/17/2009,0.1811
7/20/2009,0.186
7/21/2009,0.1866
7/22/2009,0.1871
7/23/2009,0.1909
7/24/2009,0.1917
7/27/2009,0.1928
7/28/2009,0.1928
7/29/2009,0.1932
7/30/2009,0.1958
7/31/2009,0.1949
8/3/2009,0.1997
8/4/2009,0.1937
8/5/2009,0.2033
8/6/2009,0.2051
8/7/2009,0.2125
8/10/2009,0.2279
8/11/2009,0.2279
8/12/2009,0.2245
8/13/2009,0.233
8/14/2009,0.2241
8/17/2009,0.2253
8/18/2009,0.224
8/19/2009,0.2298
8/20/2009,0.2295
8/21/2009,0.2259
8/24/2009,0.2264
8/25/2009,0.2269
8/26/2009,0.2296
8/27/2009,0.2317
8/28/2009,0.2412
8/31/2009,0.2502
9/1/2009,0.2469
9/2/2009,0.2422
9/3/2009,0.2366
9/4/2009,0.2259
9/8/2009,0.2173
9/9/2009,0.2175
9/10/2009,0.2216
9/11/2009,0.2212
9/14/2009,0.2248
9/15/2009,0.224
9/16/2009,0.2322
9/17/2009,0.2341
9/18/2009,0.2297
9/21/2009,0.2274
9/22/2009,0.2283
9/23/2009,0.2273
9/24/2009,0.2253
9/25/2009,0.2328
9/28/2009,0.2429
9/29/2009,0.2467
9/30/2009,0.2485
10/1/2009,0.2434
10/2/2009,0.243
10/5/2009,0.2411
10/6/2009,0.2431
10/7/2009,0.2342
10/8/2009,0.2258
10/9/2009,0.217
10/12/2009,0.2162
10/13/2009,0.2276
10/14/2009,0.2271
10/15/2009,0.2271
10/16/2009,0.2394
10/19/2009,0.2414
10/20/2009,0.2414
10/21/2009,0.2424
10/22/2009,0.2346
10/23/2009,0.2325
10/26/2009,0.2325
10/27/2009,0.2267
10/28/2009,0.2218
10/29/2009,0.2278
10/30/2009,0.2259
11/2/2009,0.2327
11/3/2009,0.2388
11/4/2009,0.238
11/5/2009,0.2285
11/6/2009,0.2266
11/9/2009,0.2247
11/10/2009,0.2213
11/11/2009,0.2265
11/12/2009,0.2278
11/13/2009,0.2272
11/16/2009,0.2309
11/17/2009,0.2309
11/18/2009,0.237
11/19/2009,0.2284
11/20/2009,0.2284
11/23/2009,0.2284
11/24/2009,0.223
11/25/2009,0.223
11/27/2009,0.2302
11/30/2009,0.2282
12/1/2009,0.2316
12/2/2009,0.2326
12/3/2009,0.2325
12/4/2009,0.2276
12/7/2009,0.2286
12/8/2009,0.2265
12/9/2009,0.2252
12/10/2009,0.2355
12/11/2009,0.2413
12/14/2009,0.2549
12/15/2009,0.2548
12/16/2009,0.2638
12/17/2009,0.2649
12/18/2009,0.2677
12/21/2009,0.2617
12/22/2009,0.2671
12/23/2009,0.2677
12/24/2009,0.2745
12/28/2009,0.2776
12/29/2009,0.2753
12/30/2009,0.2761
12/31/2009,0.2761
1/4/2010,0.2787
1/5/2010,0.2787
1/6/2010,0.2886
1/7/2010,0.2874
1/8/2010,0.2836
1/11/2010,0.2746
1/12/2010,0.2791
1/13/2010,0.285
1/14/2010,0.2842
1/15/2010,0.2815
1/19/2010,0.2921
1/20/2010,0.296
1/21/2010,0.2968
1/22/2010,0.2954
1/25/2010,0.3036
1/26/2010,0.3
1/27/2010,0.2903
1/28/2010,0.2933
1/29/2010,0.3064
2/1/2010,0.301
2/2/2010,0.2982
2/3/2010,0.2938
2/4/2010,0.286
2/5/2010,0.2696
2/8/2010,0.2711
2/9/2010,0.2758
2/10/2010,0.2752
2/11/2010,0.2787
2/12/2010,0.2771
2/16/2010,0.2838
2/17/2010,0.2688
2/18/2010,0.269
2/19/2010,0.2712
2/22/2010,0.262
2/23/2010,0.2476
2/24/2010,0.2553
2/25/2010,0.2506
2/26/2010,0.2503
3/1/2010,0.2372
3/2/2010,0.2362
3/3/2010,0.2386
3/4/2010,0.2299
3/5/2010,0.2353
3/8/2010,0.2284
3/9/2010,0.2199
3/10/2010,0.2135
3/11/2010,0.2088
3/12/2010,0.2103
3/15/2010,0.2107
3/16/2010,0.2018
3/17/2010,0.2016
3/18/2010,0.2091
3/19/2010,0.2095
3/22/2010,0.2058
3/23/2010,0.1936
3/24/2010,0.2021
3/25/2010,0.2035
3/26/2010,0.1995
3/29/2010,0.2042
3/30/2010,0.2109
3/31/2010,0.2034
4/1/2010,0.1997
4/5/2010,0.1999
4/6/2010,0.1962
4/7/2010,0.1952
4/8/2010,0.1953
4/9/2010,0.1958
4/12/2010,0.2015
4/13/2010,0.206
4/14/2010,0.209
4/15/2010,0.2049
4/16/2010,0.1974
4/19/2010,0.2031
4/20/2010,0.2043
4/21/2010,0.2044
4/22/2010,0.202
4/23/2010,0.1971
4/26/2010,0.1972
4/27/2010,0.1895
4/28/2010,0.1893
4/29/2010,0.192
4/30/2010,0.1925
5/3/2010,0.193
5/4/2010,0.1882
5/5/2010,0.1864
5/6/2010,0.1811
5/7/2010,0.1807
5/10/2010,0.1848
5/11/2010,0.1859
5/12/2010,0.1912
5/13/2010,0.1954
5/14/2010,0.1911
5/17/2010,0.1923
5/18/2010,0.2029
5/19/2010,0.2026
5/20/2010,0.2045
5/21/2010,0.2109
5/24/2010,0.208
5/25/2010,0.2093
5/26/2010,0.2061
5/27/2010,0.2033
5/28/2010,0.2005
6/1/2010,0.2014
6/2/2010,0.197
6/3/2010,0.1978
6/4/2010,0.2044
6/7/2010,0.2023
6/8/2010,0.2044
6/9/2010,0.2121
6/10/2010,0.2108
6/11/2010,0.2161
6/14/2010,0.2176
6/15/2010,0.2166
6/16/2010,0.2196
6/17/2010,0.2146
6/18/2010,0.2112
6/21/2010,0.2176
6/22/2010,0.2161
6/23/2010,0.2177
6/24/2010,0.2207
6/25/2010,0.2255
6/28/2010,0.2193
6/29/2010,0.2119
6/30/2010,0.2188
7/1/2010,0.2194
7/2/2010,0.2248
7/6/2010,0.2242
7/7/2010,0.2266
7/8/2010,0.228
7/9/2010,0.2256
7/12/2010,0.2266
7/13/2010,0.2299
7/14/2010,0.2265
7/15/2010,0.2301
7/16/2010,0.2309
7/19/2010,0.2337
7/20/2010,0.2313
7/21/2010,0.2356
7/22/2010,0.2426
7/23/2010,0.2404
7/26/2010,0.2449
7/27/2010,0.2464
7/28/2010,0.2467
7/29/2010,0.2517
7/30/2010,0.2525
8/2/2010,0.2516
8/3/2010,0.2441
8/4/2010,0.2478
8/5/2010,0.2437
8/6/2010,0.2423
8/9/2010,0.2351
8/10/2010,0.2446
8/11/2010,0.2416
8/12/2010,0.2475
8/13/2010,0.2521
8/16/2010,0.251
8/17/2010,0.2501
8/18/2010,0.2526
8/19/2010,0.2519
8/20/2010,0.2575
8/23/2010,0.2583
8/24/2010,0.2554
8/25/2010,0.2603
8/26/2010,0.2546
8/27/2010,0.2596
8/30/2010,0.2567
8/31/2010,0.2609
9/1/2010,0.2674
9/2/2010,0.2726
9/3/2010,0.276
9/7/2010,0.2743
9/8/2010,0.2822
9/9/2010,0.2941
9/10/2010,0.3014
9/13/2010,0.3103
9/14/2010,0.3193
9/15/2010,0.3211
9/16/2010,0.3298
9/17/2010,0.3298
9/20/2010,0.3297
9/21/2010,0.3211
9/22/2010,0.3261
9/23/2010,0.3315
9/24/2010,0.333
9/27/2010,0.3329
9/28/2010,0.3393
9/29/2010,0.3311
9/30/2010,0.3251
10/1/2010,0.3162
10/4/2010,0.3191
10/5/2010,0.3245
10/6/2010,0.3212
10/7/2010,0.3369
10/8/2010,0.3509
10/11/2010,0.3482
10/12/2010,0.3583
10/13/2010,0.3606
10/14/2010,0.3664
10/15/2010,0.3522
10/18/2010,0.3559
10/19/2010,0.367
10/20/2010,0.3691
10/21/2010,0.3678
10/22/2010,0.3636
10/25/2010,0.3667
10/26/2010,0.3613
10/27/2010,0.3645
10/28/2010,0.3673
10/29/2010,0.3698
11/1/2010,0.3667
11/2/2010,0.3725
11/3/2010,0.3667
11/4/2010,0.3849
11/5/2010,0.3857
11/8/2010,0.3914
11/9/2010,0.3965
11/10/2010,0.394
11/11/2010,0.3681
11/12/2010,0.3341
11/15/2010,0.3357
11/16/2010,0.3284
11/17/2010,0.3307
11/18/2010,0.347
11/19/2010,0.3293
11/22/2010,0.3276
11/23/2010,0.3323
11/24/2010,0.3302
11/26/2010,0.3427
11/29/2010,0.3357
11/30/2010,0.3308
12/1/2010,0.3368
12/2/2010,0.3409
12/3/2010,0.3454
12/6/2010,0.3433
12/7/2010,0.3381
12/8/2010,0.3431
12/9/2010,0.3393
12/10/2010,0.3412
12/13/2010,0.3539
12/14/2010,0.3581
12/15/2010,0.3615
12/16/2010,0.3595
12/17/2010,0.3748
12/20/2010,0.3828
12/21/2010,0.3834
12/22/2010,0.3754
12/23/2010,0.3754
12/27/2010,0.3835
12/28/2010,0.389
12/29/2010,0.3871
12/30/2010,0.3579
12/31/2010,0.3615
1/3/2011,0.3615
1/4/2011,0.3537
1/5/2011,0.3637
1/6/2011,0.346
1/7/2011,0.3559
1/10/2011,0.3563
1/11/2011,0.368
1/12/2011,0.3621
1/13/2011,0.3596
1/14/2011,0.3625
1/18/2011,0.3539
1/19/2011,0.3525
1/20/2011,0.3509
1/21/2011,0.3625
1/24/2011,0.3628
1/25/2011,0.3566
1/26/2011,0.3682
1/27/2011,0.3816
1/28/2011,0.3783
1/31/2011,0.3754
2/1/2011,0.3759
2/2/2011,0.3891
2/3/2011,0.3632
2/4/2011,0.3625
2/7/2011,0.3616
2/8/2011,0.3488
2/9/2011,0.3485
2/10/2011,0.357
2/11/2011,0.3441
2/14/2011,0.3443
2/15/2011,0.3404
2/16/2011,0.3489
2/17/2011,0.3402
2/18/2011,0.3476
2/22/2011,0.338
2/23/2011,0.331
2/24/2011,0.3341
2/25/2011,0.3398
2/28/2011,0.3462
3/1/2011,0.347
3/2/2011,0.3602
3/3/2011,0.3629
3/4/2011,0.3516
3/7/2011,0.3543
3/8/2011,0.3637
3/9/2011,0.3548
3/10/2011,0.3422
3/11/2011,0.3326
3/14/2011,0.3325
3/15/2011,0.3129
3/16/2011,0.3094
3/17/2011,0.32
3/18/2011,0.3241
3/21/2011,0.3235
3/22/2011,0.3221
3/23/2011,0.3179
3/24/2011,0.3214
3/25/2011,0.325
3/28/2011,0.3193
3/29/2011,0.3213
3/30/2011,0.3213
3/31/2011,0.3158
4/1/2011,0.319
4/4/2011,0.3234
4/5/2011,0.3238
4/6/2011,0.2988
4/7/2011,0.3073
4/8/2011,0.301
4/11/2011,0.2892
4/12/2011,0.2953
4/13/2011,0.2892
4/14/2011,0.288
4/15/2011,0.2874
4/18/2011,0.2849
4/19/2011,0.2819
4/20/2011,0.2874
4/21/2011,0.2902
4/25/2011,0.2858
4/26/2011,0.2849
4/27/2011,0.2817
4/28/2011,0.2768
4/29/2011,0.2743
5/2/2011,0.2698
5/3/2011,0.2736
5/4/2011,0.2655
5/5/2011,0.2612
5/6/2011,0.2579
5/9/2011,0.2569
5/10/2011,0.2693
5/11/2011,0.2631
5/12/2011,0.2601
5/13/2011,0.2547
5/16/2011,0.2649
5/17/2011,0.2634
5/18/2011,0.2722
5/19/2011,0.2647
5/20/2011,0.2718
5/23/2011,0.2633
5/24/2011,0.2684
5/25/2011,0.2741
5/26/2011,0.2707
5/27/2011,0.2735
5/31/2011,0.2757
6/1/2011,0.2707
6/2/2011,0.2745
6/3/2011,0.2839
6/6/2011,0.2768
6/7/2011,0.2861
6/8/2011,0.2891
6/9/2011,0.2887
6/10/2011,0.2959
6/13/2011,0.2959
6/14/2011,0.293
6/15/2011,0.2912
6/16/2011,0.2967
6/17/2011,0.3017
6/20/2011,0.309
6/21/2011,0.3115
6/22/2011,0.312
6/23/2011,0.309
6/24/2011,0.2922
6/27/2011,0.3092
6/28/2011,0.3229
6/29/2011,0.3235
6/30/2011,0.3105
7/1/2011,0.3032
7/5/2011,0.2943
7/6/2011,0.2982
7/7/2011,0.288
7/8/2011,0.2829
7/11/2011,0.2829
7/12/2011,0.279
7/13/2011,0.2922
7/14/2011,0.2888
7/15/2011,0.2793
7/18/2011,0.2778
7/19/2011,0.278
7/20/2011,0.2782
7/21/2011,0.2792
7/22/2011,0.2862
7/25/2011,0.2978
7/26/2011,0.2934
7/27/2011,0.2954
7/28/2011,0.297
7/29/2011,0.2859
8/1/2011,0.2844
8/2/2011,0.278
8/3/2011,0.2717
8/4/2011,0.2671
8/5/2011,0.2674
8/8/2011,0.2649
8/9/2011,0.259
8/10/2011,0.2621
8/11/2011,0.2631
8/12/2011,0.2678
8/15/2011,0.2687
8/16/2011,0.2653
8/17/2011,0.2708
8/18/2011,0.2849
8/19/2011,0.2812
8/22/2011,0.295
8/23/2011,0.294
8/24/2011,0.2949
8/25/2011,0.2892
8/26/2011,0.2859
8/29/2011,0.291
8/30/2011,0.2878
8/31/2011,0.2853
9/1/2011,0.2866
9/2/2011,0.2852
9/6/2011,0.2777
9/7/2011,0.2737
9/8/2011,0.2754
9/9/2011,0.2766
9/12/2011,0.2768
9/13/2011,0.2819
9/14/2011,0.2807
9/15/2011,0.2823
9/16/2011,0.2822
9/19/2011,0.2644
9/20/2011,0.268
9/21/2011,0.2675
9/22/2011,0.2594
9/23/2011,0.2486
9/26/2011,0.2415
9/27/2011,0.2432
9/28/2011,0.249
9/29/2011,0.2456
9/30/2011,0.2598
10/3/2011,0.2541
10/4/2011,0.2408
10/5/2011,0.2395
10/6/2011,0.2404
10/7/2011,0.2392
10/10/2011,0.2439
10/11/2011,0.2538
10/12/2011,0.2505
10/13/2011,0.2516
10/14/2011,0.2599
10/17/2011,0.2687
10/18/2011,0.2672
10/19/2011,0.2678
10/20/2011,0.2606
10/21/2011,0.2594
10/24/2011,0.2564
10/25/2011,0.2621
10/26/2011,0.2608
10/27/2011,0.2558
10/28/2011,0.2603
10/31/2011,0.2547
11/1/2011,0.2548
11/2/2011,0.2515
11/3/2011,0.2484
11/4/2011,0.248
11/7/2011,0.2496
11/8/2011,0.2482
11/9/2011,0.2474
11/10/2011,0.2527
11/11/2011,0.248
11/14/2011,0.2481
11/15/2011,0.2421
11/16/2011,0.2422
11/17/2011,0.2424
11/18/2011,0.2403
11/21/2011,0.2362
11/22/2011,0.2352
11/23/2011,0.2362
11/25/2011,0.2275
11/28/2011,0.2266
11/29/2011,0.2257
11/30/2011,0.2282
12/1/2011,0.2337
12/2/2011,0.2333
12/5/2011,0.2329
12/6/2011,0.2311
12/7/2011,0.237
12/8/2011,0.2375
12/9/2011,0.2275
12/12/2011,0.2371
12/13/2011,0.2297
12/14/2011,0.2289
12/15/2011,0.2307
12/16/2011,0.224
12/19/2011,0.2243
12/20/2011,0.2273
12/21/2011,0.2277
12/22/2011,0.2308
12/23/2011,0.2308
12/27/2011,0.2313
12/28/2011,0.2304
12/29/2011,0.2316
12/30/2011,0.2277
1/3/2012,0.2315
1/4/2012,0.2294
1/5/2012,0.2398
1/6/2012,0.2397
1/9/2012,0.2275
1/10/2012,0.2293
1/11/2012,0.2298
1/12/2012,0.2296
1/13/2012,0.2332
1/17/2012,0.234
1/18/2012,0.2353
1/19/2012,0.2339
1/20/2012,0.235
1/23/2012,0.2422
1/24/2012,0.243
1/25/2012,0.2432
1/26/2012,0.2424
1/27/2012,0.242
1/30/2012,0.2419
1/31/2012,0.2385
2/1/2012,0.2364
2/2/2012,0.2359
2/3/2012,0.2348
2/6/2012,0.2348
2/7/2012,0.245
2/8/2012,0.244
2/9/2012,0.2448
2/10/2012,0.2453
2/13/2012,0.2467
2/14/2012,0.2464
2/15/2012,0.2425
2/16/2012,0.2449
2/17/2012,0.2459
2/21/2012,0.2462
2/22/2012,0.2535
2/23/2012,0.2576
2/24/2012,0.2494
2/27/2012,0.2619
2/28/2012,0.265
2/29/2012,0.2609
3/1/2012,0.2485
3/2/2012,0.2485
3/5/2012,0.2496
3/6/2012,0.2468
3/7/2012,0.2405
3/8/2012,0.2392
3/9/2012,0.2396
3/12/2012,0.2366
3/13/2012,0.2377
3/14/2012,0.2413
3/15/2012,0.2444
3/16/2012,0.255
3/19/2012,0.2541
3/20/2012,0.2566
3/21/2012,0.2561
3/22/2012,0.2561
3/23/2012,0.2591
3/26/2012,0.2563
3/27/2012,0.2478
3/28/2012,0.243
3/29/2012,0.2426
3/30/2012,0.246
4/2/2012,0.2471
4/3/2012,0.2471
4/4/2012,0.2425
4/5/2012,0.2442
4/9/2012,0.2458
4/10/2012,0.2443
4/11/2012,0.2387
4/12/2012,0.2419
4/13/2012,0.2422
4/16/2012,0.2337
4/17/2012,0.2337
4/18/2012,0.2302
4/19/2012,0.2234
4/20/2012,0.2234
4/23/2012,0.2193
4/24/2012,0.2191
4/25/2012,0.22
4/26/2012,0.2204
4/27/2012,0.2132
4/30/2012,0.2122
5/1/2012,0.2117
5/2/2012,0.2095
5/3/2012,0.2055
5/4/2012,0.2065
5/7/2012,0.2081
5/8/2012,0.2105
5/9/2012,0.2037
5/10/2012,0.2038
5/11/2012,0.2045
5/14/2012,0.2022
5/15/2012,0.2027
5/16/2012,0.204
5/17/2012,0.2073
5/18/2012,0.2086
5/21/2012,0.2047
5/22/2012,0.2038
5/23/2012,0.198
5/24/2012,0.1951
5/25/2012,0.1958
5/29/2012,0.1962
5/30/2012,0.1953
5/31/2012,0.1948
6/1/2012,0.1942
6/4/2012,0.1909
6/5/2012,0.189
6/6/2012,0.189
6/7/2012,0.199
6/8/2012,0.1976
6/11/2012,0.1998
6/12/2012,0.2047
6/13/2012,0.2036
6/14/2012,0.1992
6/15/2012,0.1997
6/18/2012,0.2084
6/19/2012,0.2086
6/20/2012,0.2157
6/21/2012,0.2174
6/22/2012,0.2174
6/25/2012,0.2024
6/26/2012,0.203
6/27/2012,0.2053
6/28/2012,0.2142
6/29/2012,0.2121
7/2/2012,0.2181
7/3/2012,0.214
7/5/2012,0.214
7/6/2012,0.2192
7/9/2012,0.2225
7/10/2012,0.227
7/11/2012,0.2249
7/12/2012,0.2288
7/13/2012,0.2246
7/16/2012,0.2273
7/17/2012,0.2277
7/18/2012,0.2279
7/19/2012,0.2295
7/20/2012,0.2325
7/23/2012,0.2392
7/24/2012,0.2389
7/25/2012,0.2349
7/26/2012,0.2357
7/27/2012,0.225
7/30/2012,0.2252
7/31/2012,0.228
8/1/2012,0.2264
8/2/2012,0.2256
8/3/2012,0.2204
8/6/2012,0.22
8/7/2012,0.2183
8/8/2012,0.2142
8/9/2012,0.2109
8/10/2012,0.208
8/13/2012,0.2074
8/14/2012,0.2039
8/15/2012,0.2032
8/16/2012,0.2029
8/17/2012,0.2015
8/20/2012,0.2018
8/21/2012,0.205
8/22/2012,0.1978
8/23/2012,0.1994
8/24/2012,0.1959
8/27/2012,0.1958
8/28/2012,0.1956
8/29/2012,0.2013
8/30/2012,0.1976
8/31/2012,0.1975
9/4/2012,0.1978
9/5/2012,0.1934
9/6/2012,0.1901
9/7/2012,0.1887
9/10/2012,0.1938
9/11/2012,0.1943
9/12/2012,0.1944
9/13/2012,0.1972
9/14/2012,0.1971
9/17/2012,0.1991
9/18/2012,0.2003
9/19/2012,0.1944
9/20/2012,0.1896
9/21/2012,0.1921
9/24/2012,0.1938
9/25/2012,0.195
9/26/2012,0.1986
9/27/2012,0.1957
9/28/2012,0.196
10/1/2012,0.1958
10/2/2012,0.2113
10/3/2012,0.2159
10/4/2012,0.2158
10/5/2012,0.216
10/8/2012,0.2154
10/9/2012,0.2142
10/10/2012,0.2147
10/11/2012,0.2126
10/12/2012,0.2045
10/15/2012,0.2005
10/16/2012,0.1985
10/17/2012,0.2017
10/18/2012,0.2011
10/19/2012,0.1979
10/22/2012,0.2023
10/23/2012,0.2006
10/24/2012,0.1965
10/25/2012,0.1968
10/26/2012,0.1953
10/29/2012,0.1953
10/30/2012,0.1953
10/31/2012,0.1956
11/1/2012,0.1938
11/2/2012,0.1938
11/5/2012,0.1945
11/6/2012,0.1933
11/7/2012,0.1959
11/8/2012,0.1895
11/9/2012,0.1884
11/12/2012,0.1906
11/13/2012,0.1936
11/14/2012,0.1935
11/15/2012,0.1924
11/16/2012,0.1904
11/19/2012,0.1915
11/20/2012,0.1994
11/21/2012,0.199
11/23/2012,0.1964
11/26/2012,0.1914
11/27/2012,0.1915
11/28/2012,0.1923
11/29/2012,0.1916
11/30/2012,0.1934
12/3/2012,0.1934
12/4/2012,0.1975
12/5/2012,0.1944
12/6/2012,0.1957
12/7/2012,0.1936
12/10/2012,0.1921
12/11/2012,0.1876
12/12/2012,0.1888
12/13/2012,0.1854
12/14/2012,0.1854
12/17/2012,0.1901
12/18/2012,0.1941
12/19/2012,0.1939
12/20/2012,0.1923
12/21/2012,0.1923
12/24/2012,0.1925
12/26/2012,0.1902
12/27/2012,0.1905
12/28/2012,0.1945
12/31/2012,0.1942
1/2/2013,0.1951
1/3/2013,0.1969
1/4/2013,0.191
1/7/2013,0.1885
1/8/2013,0.1886
1/9/2013,0.1867
1/10/2013,0.1872
1/11/2013,0.1896
1/14/2013,0.1864
1/15/2013,0.189
1/16/2013,0.1862
1/17/2013,0.1845
1/18/2013,0.1842
1/22/2013,0.1837
1/23/2013,0.1812
1/24/2013,0.185
1/25/2013,0.1849
1/28/2013,0.1838
1/29/2013,0.1873
1/30/2013,0.1838
1/31/2013,0.1871
2/1/2013,0.1871
2/4/2013,0.1889
2/5/2013,0.1873
2/6/2013,0.1856
2/7/2013,0.1819
2/8/2013,0.1816
2/11/2013,0.1814
2/12/2013,0.1844
2/13/2013,0.1808
2/14/2013,0.1823
2/15/2013,0.1794
2/19/2013,0.18
2/20/2013,0.18
2/21/2013,0.1835
2/22/2013,0.1812
2/25/2013,0.1824
2/26/2013,0.1801
2/27/2013,0.1779
2/28/2013,0.1784
3/1/2013,0.1838
3/4/2013,0.1791
3/5/2013,0.1808
3/6/2013,0.1819
3/7/2013,0.182
3/8/2013,0.1877
3/11/2013,0.1875
3/12/2013,0.1882
3/13/2013,0.1882
3/14/2013,0.188
3/15/2013,0.1884
3/18/2013,0.1889
3/19/2013,0.1829
3/20/2013,0.1831
3/21/2013,0.1835
3/22/2013,0.1821
3/25/2013,0.182
3/26/2013,0.1797
3/27/2013,0.1778
3/28/2013,0.1785
4/1/2013,0.1766
4/2/2013,0.1769
4/3/2013,0.1759
4/4/2013,0.175
4/5/2013,0.1767
4/8/2013,0.1765
4/9/2013,0.177
4/10/2013,0.1772
4/11/2013,0.179
4/12/2013,0.1784
4/15/2013,0.1803
4/16/2013,0.1779
4/17/2013,0.1801
4/18/2013,0.1785
4/19/2013,0.1769
4/22/2013,0.1797
4/23/2013,0.1787
4/24/2013,0.1774
4/25/2013,0.174
4/26/2013,0.1741
4/29/2013,0.1736
4/30/2013,0.1749
5/1/2013,0.1767
5/2/2013,0.1733
5/3/2013,0.176
5/6/2013,0.1753
5/7/2013,0.1781
5/8/2013,0.1764
5/9/2013,0.1747
5/10/2013,0.1747
5/13/2013,0.1743
5/14/2013,0.1725
5/15/2013,0.1702
5/16/2013,0.1695
5/17/2013,0.1683
5/20/2013,0.1689
5/21/2013,0.1681
5/22/2013,0.1686
5/23/2013,0.1665
5/24/2013,0.1676
5/28/2013,0.1684
5/29/2013,0.1672
5/30/2013,0.1667
5/31/2013,0.1665
6/3/2013,0.1655
6/4/2013,0.1643
6/5/2013,0.1638
6/6/2013,0.1638
6/7/2013,0.1648
6/10/2013,0.1643
6/11/2013,0.1643
6/12/2013,0.1629
6/13/2013,0.1621
6/14/2013,0.1624
6/17/2013,0.1678
6/18/2013,0.1693
6/19/2013,0.1676
6/20/2013,0.1697
6/21/2013,0.1697
6/24/2013,0.1697
6/25/2013,0.1701
6/26/2013,0.1707
6/27/2013,0.1701
6/28/2013,0.1647
7/1/2013,0.1638
7/2/2013,0.1669
7/3/2013,0.1653
7/5/2013,0.1642
7/8/2013,0.1626
7/9/2013,0.1633
7/10/2013,0.1634
7/11/2013,0.1625
7/12/2013,0.161
7/15/2013,0.1606
7/16/2013,0.1616
7/17/2013,0.16
7/18/2013,0.1608
7/19/2013,0.1618
7/22/2013,0.1629
7/23/2013,0.164
7/24/2013,0.1634
7/25/2013,0.1614
7/26/2013,0.1639
7/29/2013,0.1647
7/30/2013,0.1692
7/31/2013,0.1693
8/1/2013,0.1697
8/2/2013,0.1683
8/5/2013,0.1679
8/6/2013,0.1656
8/7/2013,0.1655
8/8/2013,0.1678
8/9/2013,0.1682
8/12/2013,0.1698
8/13/2013,0.1716
8/14/2013,0.1725
8/15/2013,0.1725
8/16/2013,0.1719
8/19/2013,0.1431
8/20/2013,0.1653
8/21/2013,0.1647
8/22/2013,0.1632
8/23/2013,0.1628
8/26/2013,0.1647
8/27/2013,0.1661
8/28/2013,0.1646
8/29/2013,0.1644
8/30/2013,0.1637
9/3/2013,0.1634
9/4/2013,0.1634
9/5/2013,0.1638
9/6/2013,0.1678
9/9/2013,0.1679
9/10/2013,0.1701
9/11/2013,0.1718
9/12/2013,0.1717
9/13/2013,0.1718
9/16/2013,0.1718
9/17/2013,0.1694
9/18/2013,0.1679
9/19/2013,0.1689
9/20/2013,0.1717
9/23/2013,0.1718
9/24/2013,0.1725
9/25/2013,0.1742
9/26/2013,0.1762
9/27/2013,0.1751
9/30/2013,0.1687
10/1/2013,0.1748
10/2/2013,0.1832
10/3/2013,0.1851
10/4/2013,0.1852
10/7/2013,0.1848
10/8/2013,0.1859
10/9/2013,0.1862
10/10/2013,0.1859
10/11/2013,0.1872
10/14/2013,0.1893
10/15/2013,0.1905
10/16/2013,0.187
10/17/2013,0.1901
10/18/2013,0.19
10/21/2013,0.195
10/22/2013,0.1942
10/23/2013,0.1945
10/24/2013,0.1928
10/25/2013,0.1897
10/28/2013,0.1897
10/29/2013,0.1891
10/30/2013,0.1845
10/31/2013,0.1832
11/1/2013,0.1832
11/4/2013,0.1825
11/5/2013,0.1832
11/6/2013,0.1826
11/7/2013,0.181
11/8/2013,0.1804
11/11/2013,0.1808
11/12/2013,0.1797
11/13/2013,0.1787
11/14/2013,0.178
11/15/2013,0.1764
11/18/2013,0.1755
11/19/2013,0.1775
11/20/2013,0.1765
11/21/2013,0.176
11/22/2013,0.1751
11/25/2013,0.174
11/26/2013,0.1732
11/27/2013,0.173
11/29/2013,0.1722
12/2/2013,0.1715
12/3/2013,0.1697
12/4/2013,0.1681
12/5/2013,0.1668
12/6/2013,0.1669
12/9/2013,0.1659
12/10/2013,0.1655
12/11/2013,0.1662
12/12/2013,0.1651
12/13/2013,0.163
12/16/2013,0.1627
12/17/2013,0.1627
12/18/2013,0.1596
12/19/2013,0.1589
12/20/2013,0.1615
12/23/2013,0.1645
12/24/2013,0.1623
12/26/2013,0.1621
12/27/2013,0.1621
12/30/2013,0.1643
12/31/2013,0.1638
1/2/2014,0.1641
1/3/2014,0.1629
1/6/2014,0.1608
1/7/2014,0.1608
1/8/2014,0.1606
1/9/2014,0.1574
1/10/2014,0.1548
1/13/2014,0.1557
1/14/2014,0.156
1/15/2014,0.1549
1/16/2014,0.1523
1/17/2014,0.1545
1/21/2014,0.1522
1/22/2014,0.1522
1/23/2014,0.1503
1/24/2014,0.1504
1/27/2014,0.1511
1/28/2014,0.148
1/29/2014,0.1502
1/30/2014,0.1474
1/31/2014,0.1499
2/3/2014,0.1555
2/4/2014,0.1574
2/5/2014,0.1606
2/6/2014,0.161
2/7/2014,0.1585
2/10/2014,0.1573
2/11/2014,0.1564
2/12/2014,0.1564
2/13/2014,0.1581
2/14/2014,0.1566
2/18/2014,0.1563
2/19/2014,0.1616
2/20/2014,0.1646
2/21/2014,0.1633
2/24/2014,0.1672
2/25/2014,0.1741
2/26/2014,0.1734
2/27/2014,0.1729
2/28/2014,0.1744
3/3/2014,0.1647
3/4/2014,0.178
3/5/2014,0.1774
3/6/2014,0.1823
3/7/2014,0.1832
3/10/2014,0.1801
3/11/2014,0.1822
3/12/2014,0.1803
3/13/2014,0.1767
3/14/2014,0.1782
3/17/2014,0.1725
3/18/2014,0.1705
3/19/2014,0.1714
3/20/2014,0.1732
3/21/2014,0.1705
3/24/2014,0.1705
3/25/2014,0.1684
3/26/2014,0.1697
3/27/2014,0.1736
3/28/2014,0.1787
3/31/2014,0.1798
4/1/2014,0.1777
4/2/2014,0.1718
4/3/2014,0.1697
4/4/2014,0.1718
4/7/2014,0.1735
4/8/2014,0.1716
4/9/2014,0.1716
4/10/2014,0.1716
4/11/2014,0.1708
4/14/2014,0.168
4/15/2014,0.1659
4/16/2014,0.1656
4/17/2014,0.1692
4/21/2014,0.1666
4/22/2014,0.1666
4/23/2014,0.1699
4/24/2014,0.1742
4/25/2014,0.1712
4/28/2014,0.172
4/29/2014,0.1694
4/30/2014,0.1704
5/1/2014,0.1724
5/2/2014,0.1724
5/5/2014,0.1745
5/6/2014,0.1747
5/7/2014,0.172
5/8/2014,0.1726
5/9/2014,0.1724
5/12/2014,0.172
5/13/2014,0.1729
5/14/2014,0.178
5/15/2014,0.1825
5/16/2014,0.182
5/19/2014,0.1791
5/20/2014,0.1777
5/21/2014,0.1758
5/22/2014,0.1744
5/23/2014,0.1738
5/26/2014,0.1737
5/27/2014,0.1737
5/28/2014,0.1737
5/29/2014,0.1711
5/30/2014,0.1748
6/2/2014,0.1738
6/3/2014,0.1718
6/4/2014,0.1719
6/5/2014,0.1704
6/6/2014,0.1683
6/9/2014,0.1692
6/10/2014,0.1698
6/11/2014,0.1697
6/12/2014,0.1681
6/13/2014,0.167
6/16/2014,0.1704
6/17/2014,0.171
6/18/2014,0.1706
6/19/2014,0.1706
6/20/2014,0.1794
6/23/2014,0.1792
6/24/2014,0.1781
6/25/2014,0.1781
6/26/2014,0.1772
6/27/2014,0.1757
6/30/2014,0.1685
7/1/2014,0.1662
7/2/2014,0.178
7/3/2014,0.1787
7/7/2014,0.1781
7/8/2014,0.1781
7/9/2014,0.1768
7/10/2014,0.1742
7/11/2014,0.1729
7/14/2014,0.1729
7/15/2014,0.1729
7/16/2014,0.1721
7/17/2014,0.1707
7/18/2014,0.1692
7/21/2014,0.1697
7/22/2014,0.1728
7/23/2014,0.1728
7/24/2014,0.1696
7/25/2014,0.1705
7/28/2014,0.1714
7/29/2014,0.1714
7/30/2014,0.1662
7/31/2014,0.1663
8/1/2014,0.1646
8/4/2014,0.1635
8/5/2014,0.1632
8/6/2014,0.1613
8/7/2014,0.1632
8/8/2014,0.1605
8/11/2014,0.1614
8/12/2014,0.1624
8/13/2014,0.1605
8/14/2014,0.1602
8/15/2014,0.1591
8/18/2014,0.1591
8/19/2014,0.1568
8/20/2014,0.1547
8/21/2014,0.157
8/22/2014,0.1599
8/25/2014,0.1564
8/26/2014,0.1536
8/27/2014,0.1571
8/28/2014,0.1558
8/29/2014,0.1556
9/2/2014,0.1549
9/3/2014,0.1582
9/4/2014,0.1562
9/5/2014,0.1513
9/8/2014,0.15
9/9/2014,0.1494
9/10/2014,0.1488
9/11/2014,0.1452
9/12/2014,0.1436
9/15/2014,0.1378
9/16/2014,0.1367
9/17/2014,0.1355
9/18/2014,0.1388
9/19/2014,0.1379
9/22/2014,0.135
9/23/2014,0.1408
9/24/2014,0.1415
9/25/2014,0.1462
9/26/2014,0.147
9/29/2014,0.1541
9/30/2014,0.1566
10/1/2014,0.1548
10/2/2014,0.1604
10/3/2014,0.1605
10/6/2014,0.1644
10/7/2014,0.1644
10/8/2014,0.1698
10/9/2014,0.1692
10/10/2014,0.167
10/13/2014,0.1655
10/14/2014,0.1667
10/15/2014,0.1681
10/16/2014,0.165
10/17/2014,0.165
10/20/2014,0.1662
10/21/2014,0.1668
10/22/2014,0.1644
10/23/2014,0.165
10/24/2014,0.1616
10/27/2014,0.1638
10/28/2014,0.1603
10/29/2014,0.1613
10/30/2014,0.163
10/31/2014,0.163
11/3/2014,0.1604
11/4/2014,0.1593
11/5/2014,0.1568
11/6/2014,0.1551
11/7/2014,0.1548
11/10/2014,0.1569
11/11/2014,0.1566
11/12/2014,0.1623
11/13/2014,0.1636
11/14/2014,0.1601
11/17/2014,0.159
11/18/2014,0.1577
11/19/2014,0.1571
11/20/2014,0.1587
11/21/2014,0.1587
11/24/2014,0.1609
11/25/2014,0.16
11/26/2014,0.16
11/28/2014,0.1612
12/1/2014,0.1559
12/2/2014,0.1559
12/3/2014,0.1524
12/4/2014,0.1509
12/5/2014,0.1521
12/8/2014,0.1514
12/9/2014,0.153
12/10/2014,0.1542
12/11/2014,0.1547
12/12/2014,0.1515
12/15/2014,0.1498
12/16/2014,0.1496
12/17/2014,0.1471
12/18/2014,0.1472
12/19/2014,0.1499
12/22/2014,0.1498
12/23/2014,0.1486
12/24/2014,0.1483
12/26/2014,0.1476
12/29/2014,0.1476
12/30/2014,0.146
12/31/2014,0.1461
1/2/2015,0.1461
1/5/2015,0.1417
1/6/2015,0.1426
1/7/2015,0.1487
1/8/2015,0.1478
1/9/2015,0.1488
1/12/2015,0.1491
1/13/2015,0.1491
1/14/2015,0.1487
1/15/2015,0.1487
1/16/2015,0.1535
1/20/2015,0.1533
1/21/2015,0.1583
1/22/2015,0.1592
1/23/2015,0.1591
1/26/2015,0.1517
1/27/2015,0.1535
1/28/2015,0.1516
1/29/2015,0.1516
1/30/2015,0.1485
2/2/2015,0.1479
2/3/2015,0.1422
2/4/2015,0.1447
2/5/2015,0.1445
2/6/2015,0.1441
2/9/2015,0.1451
2/10/2015,0.1482
2/11/2015,0.1471
2/12/2015,0.1471
2/13/2015,0.1504
2/17/2015,0.1488
2/18/2015,0.1514
2/19/2015,0.1509
2/20/2015,0.1468
2/23/2015,0.1439
2/24/2015,0.1431
2/25/2015,0.1417
2/26/2015,0.1379
2/27/2015,0.1408
3/2/2015,0.1393
3/3/2015,0.1364
3/4/2015,0.1345
3/5/2015,0.1334
3/6/2015,0.1344
3/9/2015,0.1344
3/10/2015,0.1327
3/11/2015,0.1302
3/12/2015,0.1314
3/13/2015,0.1321
3/16/2015,0.127
3/17/2015,0.129
3/18/2015,0.1282
3/19/2015,0.1282
3/20/2015,0.1262
3/23/2015,0.1268
3/24/2015,0.1274
3/25/2015,0.1245
3/26/2015,0.1252
3/27/2015,0.1234
3/30/2015,0.1213
3/31/2015,0.1199
4/1/2015,0.1193
4/2/2015,0.1232
4/6/2015,0.1274
4/7/2015,0.1254
4/8/2015,0.1277
4/9/2015,0.1297
4/10/2015,0.128
4/13/2015,0.1283
4/14/2015,0.1301
4/15/2015,0.1319
4/16/2015,0.13
4/17/2015,0.1343
4/20/2015,0.1324
4/21/2015,0.1269
4/22/2015,0.1241
4/23/2015,0.1266
4/24/2015,0.1309
4/27/2015,0.1323
4/28/2015,0.1331
4/29/2015,0.1317
4/30/2015,0.1309
5/1/2015,0.1298
5/4/2015,0.1291
5/5/2015,0.1251
5/6/2015,0.1275
5/7/2015,0.1287
5/8/2015,0.1296
5/11/2015,0.1342
5/12/2015,0.1348
5/13/2015,0.1358
5/14/2015,0.1296
5/15/2015,0.1284
5/18/2015,0.1289
5/19/2015,0.1278
5/20/2015,0.1286
5/21/2015,0.1259
5/22/2015,0.1249
5/26/2015,0.1231
5/27/2015,0.1187
5/28/2015,0.1194
5/29/2015,0.1198
6/1/2015,0.1225
6/2/2015,0.1232
6/3/2015,0.1205
6/4/2015,0.1212
6/5/2015,0.1205
6/8/2015,0.1216
6/9/2015,0.1242
6/10/2015,0.1233
6/11/2015,0.1204
6/12/2015,0.1207
6/15/2015,0.1183
6/16/2015,0.1168
6/17/2015,0.1177
6/18/2015,0.1169
6/19/2015,0.1155
6/22/2015,0.1194
6/23/2015,0.1177
6/24/2015,0.1202
6/25/2015,0.1187
6/26/2015,0.1195
6/29/2015,0.1207
6/30/2015,0.1247
7/1/2015,0.1244
7/2/2015,0.123
7/6/2015,0.1248
7/7/2015,0.1233
7/8/2015,0.1231
7/9/2015,0.119
7/10/2015,0.1241
7/13/2015,0.1256
7/14/2015,0.1264
7/15/2015,0.1246
7/16/2015,0.1227
7/17/2015,0.1196
7/20/2015,0.1144
7/21/2015,0.1142
7/22/2015,0.1138
7/23/2015,0.1151
7/24/2015,0.1124
7/27/2015,0.1124
7/28/2015,0.1117
7/29/2015,0.1146
7/30/2015,0.1127
7/31/2015,0.1114
8/3/2015,0.1089
8/4/2015,0.1101
8/5/2015,0.1076
8/6/2015,0.107
8/7/2015,0.1066
8/10/2015,0.1057
8/11/2015,0.1062
8/12/2015,0.1054
8/13/2015,0.1049
8/14/2015,0.1068
8/17/2015,0.1063
8/18/2015,0.1073
8/19/2015,0.1059
8/20/2015,0.1062
8/21/2015,0.1044
8/24/2015,0.1039
8/25/2015,0.106
8/26/2015,0.1053
8/27/2015,0.1106
8/28/2015,0.1097
8/31/2015,0.1069
9/1/2015,0.1071
9/2/2015,0.1073
9/3/2015,0.1134
9/4/2015,0.1127
9/8/2015,0.1107
9/9/2015,0.1239
9/10/2015,0.1227
9/11/2015,0.1245
9/14/2015,0.1238
9/15/2015,0.1231
9/16/2015,0.1233
9/17/2015,0.1222
9/18/2015,0.117
9/21/2015,0.1167
9/22/2015,0.1157
9/23/2015,0.1155
9/24/2015,0.1186
9/25/2015,0.1241
9/28/2015,0.1238
9/29/2015,0.1246
9/30/2015,0.1288
10/1/2015,0.1326
10/2/2015,0.1353
10/5/2015,0.1364
10/6/2015,0.1363
10/7/2015,0.1398
10/8/2015,0.1401
10/9/2015,0.1434
10/12/2015,0.1424
10/13/2015,0.1383
10/14/2015,0.1409
10/15/2015,0.1413
10/16/2015,0.1427
10/19/2015,0.1426
10/20/2015,0.1406
10/21/2015,0.1418
10/22/2015,0.146
10/23/2015,0.1428
10/26/2015,0.1464
10/27/2015,0.1442
10/28/2015,0.1465
10/29/2015,0.1456
10/30/2015,0.1452
11/2/2015,0.1511
11/3/2015,0.1549
11/4/2015,0.1464
11/5/2015,0.1476
11/6/2015,0.1446
11/9/2015,0.1399
11/10/2015,0.1471
11/11/2015,0.1469
11/12/2015,0.1497
11/13/2015,0.1504
11/16/2015,0.1518
11/17/2015,0.1478
11/18/2015,0.1447
11/19/2015,0.1495
11/20/2015,0.153
11/23/2015,0.1541
11/24/2015,0.15
11/25/2015,0.1491
11/27/2015,0.1497
11/30/2015,0.1493
12/1/2015,0.1544
12/2/2015,0.1534
12/3/2015,0.1558
12/4/2015,0.1548
12/7/2015,0.153
12/8/2015,0.15
12/9/2015,0.1509
12/10/2015,0.1455
12/11/2015,0.1458
12/14/2015,0.1451
12/15/2015,0.1459
12/16/2015,0.1459
12/17/2015,0.147
12/18/2015,0.151
12/21/2015,0.1497
12/22/2015,0.1504
12/23/2015,0.1515
12/24/2015,0.1506
12/28/2015,0.1476
12/29/2015,0.1478
12/30/2015,0.1515
12/31/2015,0.1524
1/4/2016,0.1497
1/5/2016,0.1457
1/6/2016,0.1442
1/7/2016,0.1475
1/8/2016,0.1446
1/11/2016,0.1415
1/12/2016,0.1405
1/13/2016,0.1447
1/14/2016,0.1488
1/15/2016,0.1492
1/19/2016,0.1475
1/20/2016,0.1418
1/21/2016,0.1445
1/22/2016,0.1442
1/25/2016,0.141
1/26/2016,0.1402
1/27/2016,0.1358
1/28/2016,0.1325
1/29/2016,0.1314
2/1/2016,0.1283
2/2/2016,0.1299
2/3/2016,0.1289
2/4/2016,0.1289
2/5/2016,0.1327
2/8/2016,0.1335
2/9/2016,0.1335
2/10/2016,0.1333
2/11/2016,0.1302
2/12/2016,0.1312
2/16/2016,0.132
2/17/2016,0.1315
2/18/2016,0.1285
2/19/2016,0.1267
2/22/2016,0.1276
2/23/2016,0.139
2/24/2016,0.1388
2/25/2016,0.142
2/26/2016,0.14
2/29/2016,0.1436
3/1/2016,0.1439
3/2/2016,0.1467
3/3/2016,0.1484
3/4/2016,0.1483
3/7/2016,0.1466
3/8/2016,0.1486
3/9/2016,0.1463
3/10/2016,0.1482
3/11/2016,0.1513
3/14/2016,0.1542
3/15/2016,0.1532
3/16/2016,0.1547
3/17/2016,0.1599
3/18/2016,0.1597
3/21/2016,0.1629
3/22/2016,0.1658
3/23/2016,0.1671
3/24/2016,0.1587
3/28/2016,0.1594
3/29/2016,0.1586
3/30/2016,0.1587
3/31/2016,0.1535
4/1/2016,0.1518
4/4/2016,0.1464
4/5/2016,0.1464
4/6/2016,0.1462
4/7/2016,0.1461
4/8/2016,0.1488
4/11/2016,0.1439
4/12/2016,0.1434
4/13/2016,0.1429
4/14/2016,0.1437
4/15/2016,0.152
4/18/2016,0.1554
4/19/2016,0.1542
4/20/2016,0.1581
4/21/2016,0.1579
4/22/2016,0.1547
4/25/2016,0.1589
4/26/2016,0.1605
4/27/2016,0.1584
4/28/2016,0.1571
4/29/2016,0.1632
5/2/2016,0.1621
5/3/2016,0.1625
5/4/2016,0.1665
5/5/2016,0.1584
5/6/2016,0.1574
5/9/2016,0.1588
5/10/2016,0.1602
5/11/2016,0.1677
5/12/2016,0.1698
5/13/2016,0.1674
5/16/2016,0.1689
5/17/2016,0.1682
5/18/2016,0.1681
5/19/2016,0.167
5/20/2016,0.1707
5/23/2016,0.168
5/24/2016,0.1661
5/25/2016,0.1716
5/26/2016,0.1742
5/27/2016,0.1752
5/31/2016,0.1749
6/1/2016,0.1741
6/2/2016,0.1808
6/3/2016,0.1875
6/6/2016,0.1887
6/7/2016,0.1912
6/8/2016,0.1966
6/9/2016,0.198
6/10/2016,0.1973
6/13/2016,0.1964
6/14/2016,0.1942
6/15/2016,0.1985
6/16/2016,0.1976
6/17/2016,0.199
6/20/2016,0.1976
6/21/2016,0.1934
6/22/2016,0.1917
6/23/2016,0.1919
6/24/2016,0.1916
6/27/2016,0.1964
6/28/2016,0.1994
6/29/2016,0.2101
6/30/2016,0.2033
7/1/2016,0.2078
7/5/2016,0.2087
7/6/2016,0.2057
7/7/2016,0.1973
7/8/2016,0.1957
7/11/2016,0.2028
7/12/2016,0.1972
7/13/2016,0.1948
7/14/2016,0.1991
7/15/2016,0.1931
7/18/2016,0.1937
7/19/2016,0.1936
7/20/2016,0.1928
7/21/2016,0.1956
7/22/2016,0.1959
7/25/2016,0.1989
7/26/2016,0.1952
7/27/2016,0.191
7/28/2016,0.188
7/29/2016,0.1905
8/1/2016,0.1881
8/2/2016,0.1905
8/3/2016,0.1904
8/4/2016,0.197
8/5/2016,0.2035
8/8/2016,0.2055
8/9/2016,0.2039
8/10/2016,0.1964
8/11/2016,0.196
8/12/2016,0.1971
8/15/2016,0.1998
8/16/2016,0.2026
8/17/2016,0.1972
8/18/2016,0.1998
8/19/2016,0.1977
8/22/2016,0.2042
8/23/2016,0.2073
8/24/2016,0.2022
8/25/2016,0.2055
8/26/2016,0.2061
8/29/2016,0.2067
8/30/2016,0.2052
8/31/2016,0.2006
9/1/2016,0.1959
9/2/2016,0.2018
9/6/2016,0.2022
9/7/2016,0.2029
9/8/2016,0.2088
9/9/2016,0.2069
9/12/2016,0.2085
9/13/2016,0.2096
9/14/2016,0.2073
9/15/2016,0.2116
9/16/2016,0.2247
9/19/2016,0.2275
9/20/2016,0.227
9/21/2016,0.2276
9/22/2016,0.2267
9/23/2016,0.227
9/26/2016,0.2312
9/27/2016,0.2344
9/28/2016,0.2378
9/29/2016,0.2335
9/30/2016,0.23
10/3/2016,0.2267
10/4/2016,0.2326
10/5/2016,0.2381
10/6/2016,0.2311
10/7/2016,0.2342
10/10/2016,0.2313
10/11/2016,0.2329
10/12/2016,0.2315
10/13/2016,0.2292
10/14/2016,0.2291
10/17/2016,0.2316
10/18/2016,0.2302
10/19/2016,0.2295
10/20/2016,0.2262
10/21/2016,0.2271
10/24/2016,0.232
10/25/2016,0.2293
10/26/2016,0.2267
10/27/2016,0.2259
10/28/2016,0.2216
10/31/2016,0.2157
11/1/2016,0.2119
11/2/2016,0.217
11/3/2016,0.2148
11/4/2016,0.2173
11/7/2016,0.2227
11/8/2016,0.2197
11/9/2016,0.2211
11/10/2016,0.2165
11/11/2016,0.217
11/14/2016,0.2163
11/15/2016,0.2115
11/16/2016,0.2036
11/17/2016,0.2022
11/18/2016,0.2015
11/21/2016,0.2035
11/22/2016,0.1975
11/23/2016,0.1958
11/25/2016,0.1984
11/28/2016,0.1994
11/29/2016,0.1966
11/30/2016,0.1981
12/1/2016,0.1936
12/2/2016,0.1912
12/5/2016,0.1894
12/6/2016,0.1951
12/7/2016,0.1963
12/8/2016,0.1945
12/9/2016,0.1924
12/12/2016,0.1925
12/13/2016,0.186
12/14/2016,0.1803
12/15/2016,0.1856
12/16/2016,0.1822
12/19/2016,0.1823
12/20/2016,0.1825
12/21/2016,0.182
12/22/2016,0.1816
12/23/2016,0.1815
12/27/2016,0.1854
12/28/2016,0.1899
12/29/2016,0.1949
12/30/2016,0.1951
1/3/2017,0.2051
1/4/2017,0.2089
1/5/2017,0.2078
1/6/2017,0.2075
1/9/2017,0.2042
1/10/2017,0.2048
1/11/2017,0.2056
1/12/2017,0.2076
1/13/2017,0.2052
1/17/2017,0.2073
1/18/2017,0.2098
1/19/2017,0.2018
1/20/2017,0.2018
1/23/2017,0.2064
1/24/2017,0.2058
1/25/2017,0.2034
1/26/2017,0.2036
1/27/2017,0.2033
1/30/2017,0.2031
1/31/2017,0.2045
2/1/2017,0.2084
2/2/2017,0.2055
2/3/2017,0.2111
2/6/2017,0.2118
2/7/2017,0.2072
2/8/2017,0.2073
2/9/2017,0.2065
2/10/2017,0.2043
2/13/2017,0.1999
2/14/2017,0.2037
2/15/2017,0.2043
2/16/2017,0.203
2/17/2017,0.2026
2/21/2017,0.2074
2/22/2017,0.2068
2/23/2017,0.2013
2/24/2017,0.1981
2/27/2017,0.1915
2/28/2017,0.1923
3/1/2017,0.1948
3/2/2017,0.1966
3/3/2017,0.1952
3/6/2017,0.1915
3/7/2017,0.184
3/8/2017,0.184
3/9/2017,0.18
3/10/2017,0.1822
3/13/2017,0.1818
3/14/2017,0.1816
3/15/2017,0.1823
3/16/2017,0.1825
3/17/2017,0.1817
3/20/2017,0.177
3/21/2017,0.1729
3/22/2017,0.173
3/23/2017,0.176
3/24/2017,0.1771
3/27/2017,0.177
3/28/2017,0.1756
3/29/2017,0.1712
3/30/2017,0.1681
3/31/2017,0.1676
4/3/2017,0.1654
4/4/2017,0.1616
4/5/2017,0.161
4/6/2017,0.1645
4/7/2017,0.1674
4/10/2017,0.1662
4/11/2017,0.1676
4/12/2017,0.1674
4/13/2017,0.1657
4/17/2017,0.1652
4/18/2017,0.1683
4/19/2017,0.1652
4/20/2017,0.1641
4/21/2017,0.1651
4/24/2017,0.1632
4/25/2017,0.1628
4/26/2017,0.1557
4/27/2017,0.1543
4/28/2017,0.1613
5/1/2017,0.1618
5/2/2017,0.1588
5/3/2017,0.1577
5/4/2017,0.1537
5/5/2017,0.1531
5/8/2017,0.1538
5/9/2017,0.1544
5/10/2017,0.1584
5/11/2017,0.1563
5/12/2017,0.1551
5/15/2017,0.1561
5/16/2017,0.1588
5/17/2017,0.163
5/18/2017,0.1603
5/19/2017,0.1638
5/22/2017,0.1651
5/23/2017,0.1587
5/24/2017,0.1567
5/25/2017,0.1566
5/26/2017,0.1505
5/30/2017,0.1502
5/31/2017,0.1487
6/1/2017,0.1423
6/2/2017,0.1374
6/5/2017,0.1389
6/6/2017,0.1398
6/7/2017,0.1414
6/8/2017,0.1434
6/9/2017,0.1447
6/12/2017,0.1421
6/13/2017,0.1402
6/14/2017,0.1385
6/15/2017,0.1368
6/16/2017,0.1363
6/19/2017,0.1367
6/20/2017,0.1382
6/21/2017,0.1326
6/22/2017,0.1306
6/23/2017,0.1317
6/26/2017,0.1285
6/27/2017,0.1289
6/28/2017,0.1276
6/29/2017,0.135
6/30/2017,0.1381
7/3/2017,0.1392
7/5/2017,0.1372
7/6/2017,0.1392
7/7/2017,0.1415
7/10/2017,0.1356
7/11/2017,0.1344
7/12/2017,0.1349
7/13/2017,0.1414
7/14/2017,0.143
7/17/2017,0.1409
7/18/2017,0.141
7/19/2017,0.145
7/20/2017,0.1441
7/21/2017,0.144
7/24/2017,0.144
7/25/2017,0.139
7/26/2017,0.1423
7/27/2017,0.1443
7/28/2017,0.1437
7/31/2017,0.1491
8/1/2017,0.1488
8/2/2017,0.1479
8/3/2017,0.1431
8/4/2017,0.1414
8/7/2017,0.1387
8/8/2017,0.1378
8/9/2017,0.1364
8/10/2017,0.1324
8/11/2017,0.132
8/14/2017,0.135
8/15/2017,0.1313
8/16/2017,0.1294
8/17/2017,0.1329
8/18/2017,0.1341
8/21/2017,0.1352
8/22/2017,0.1351
8/23/2017,0.1367
8/24/2017,0.1402
8/25/2017,0.1403
8/28/2017,0.1431
8/29/2017,0.1382
8/30/2017,0.1391
8/31/2017,0.144
9/1/2017,0.1375
9/4/2017,0.1375
9/5/2017,0.1403
9/6/2017,0.1429
9/7/2017,0.1403
9/8/2017,0.1409
9/11/2017,0.1484
9/12/2017,0.1454
9/13/2017,0.148
9/14/2017,0.1485
9/15/2017,0.1517
9/18/2017,0.1492
9/19/2017,0.1437
9/20/2017,0.147
9/21/2017,0.1473
9/22/2017,0.1464
9/25/2017,0.1435
9/26/2017,0.1391
9/27/2017,0.1383
9/28/2017,0.1395
9/29/2017,0.141
10/2/2017,0.1431
10/3/2017,0.1404
10/4/2017,0.1425
10/5/2017,0.1439
10/6/2017,0.1398
10/9/2017,0.14
10/10/2017,0.1417
10/11/2017,0.143
10/12/2017,0.1428
10/13/2017,0.1441
10/16/2017,0.1418
10/17/2017,0.1403
10/18/2017,0.1408
10/19/2017,0.1413
10/20/2017,0.14
10/23/2017,0.1388
10/24/2017,0.1428
10/25/2017,0.1418
10/26/2017,0.1411
10/27/2017,0.1463
10/30/2017,0.1473
10/31/2017,0.1474
11/1/2017,0.1461
11/2/2017,0.1423
11/3/2017,0.1438
11/6/2017,0.1456
11/7/2017,0.1472
11/8/2017,0.1484
11/9/2017,0.1488
11/10/2017,0.1496
11/13/2017,0.1513
11/14/2017,0.151
11/15/2017,0.1509
11/16/2017,0.1526
11/17/2017,0.1537
11/20/2017,0.1498
11/21/2017,0.1488
11/22/2017,0.1528
11/24/2017,0.1545
11/27/2017,0.1539
11/28/2017,0.1504
11/29/2017,0.1507
11/30/2017,0.1508
12/1/2017,0.1498
12/4/2017,0.1506
12/5/2017,0.149
12/6/2017,0.1445
12/7/2017,0.1431
12/8/2017,0.1405
12/11/2017,0.1395
12/12/2017,0.1377
12/13/2017,0.1385
12/14/2017,0.1377
12/15/2017,0.1366
12/18/2017,0.1376
12/19/2017,0.1441
12/20/2017,0.1457
12/21/2017,0.1477
12/22/2017,0.146
12/26/2017,0.147
12/27/2017,0.1493
12/28/2017,0.15
12/29/2017,0.1516
1/2/2018,0.1533
1/3/2018,0.1531
1/4/2018,0.1525
1/5/2018,0.1508
1/8/2018,0.1478
1/9/2018,0.1473
1/10/2018,0.1465
1/11/2018,0.1418
1/12/2018,0.1418
1/16/2018,0.1359
1/17/2018,0.1342
1/18/2018,0.1308
1/19/2018,0.1325
1/22/2018,0.1317
1/23/2018,0.1319
1/24/2018,0.1316
1/25/2018,0.1324
1/26/2018,0.1336
1/29/2018,0.1367
1/30/2018,0.1372
1/31/2018,0.1323
2/1/2018,0.1337
2/2/2018,0.1363
2/5/2018,0.139
2/6/2018,0.1384
2/7/2018,0.14
2/8/2018,0.1358
2/9/2018,0.1367
2/12/2018,0.1373
2/13/2018,0.1348
2/14/2018,0.134
2/15/2018,0.1362
2/16/2018,0.1338
2/20/2018,0.1336
2/21/2018,0.1338
2/22/2018,0.1371
2/23/2018,0.1364
2/26/2018,0.1357
2/27/2018,0.1293
2/28/2018,0.134
3/1/2018,0.1371
3/2/2018,0.1342
3/5/2018,0.1356
3/6/2018,0.1345
3/7/2018,0.1279
3/8/2018,0.1289
3/9/2018,0.1284
3/12/2018,0.1293
3/13/2018,0.1262
3/14/2018,0.1276
3/15/2018,0.1274
3/16/2018,0.1265
3/19/2018,0.1289
3/20/2018,0.1256
3/21/2018,0.1267
3/22/2018,0.1277
3/23/2018,0.1257
3/26/2018,0.1242
3/27/2018,0.1254
3/28/2018,0.1221
3/29/2018,0.1235
4/2/2018,0.1252
4/3/2018,0.1247
4/4/2018,0.1227
4/5/2018,0.1235
4/6/2018,0.1234
4/9/2018,0.1236
4/10/2018,0.1213
4/11/2018,0.1206
4/12/2018,0.1205
4/13/2018,0.1208
4/16/2018,0.1198
4/17/2018,0.1165
4/18/2018,0.1174
4/19/2018,0.1175
4/20/2018,0.1164
4/23/2018,0.1121
4/24/2018,0.1114
4/25/2018,0.1091
4/26/2018,0.1113
4/27/2018,0.114
4/30/2018,0.117
5/1/2018,0.1169
5/2/2018,0.1175
5/3/2018,0.1169
5/4/2018,0.1151
5/7/2018,0.1132
5/8/2018,0.1156
5/9/2018,0.1129
5/10/2018,0.1127
5/11/2018,0.1122
5/14/2018,0.1126
5/15/2018,0.1152
5/16/2018,0.1161
5/17/2018,0.1156
5/18/2018,0.1166
5/21/2018,0.121
5/22/2018,0.1215
5/23/2018,0.1235
5/24/2018,0.1238
5/25/2018,0.1246
5/29/2018,0.1246
5/30/2018,0.126
5/31/2018,0.1279
6/1/2018,0.1252
6/4/2018,0.119
6/5/2018,0.1202
6/6/2018,0.122
6/7/2018,0.1173
6/8/2018,0.1225
6/11/2018,0.1235
6/12/2018,0.1235
6/13/2018,0.1251
6/14/2018,0.1223
6/15/2018,0.1202
6/18/2018,0.1199
6/19/2018,0.1184
6/20/2018,0.1189
6/21/2018,0.1187
6/22/2018,0.1205
6/25/2018,0.12
6/26/2018,0.1219
6/27/2018,0.1185
6/28/2018,0.121
6/29/2018,0.1217
7/2/2018,0.1156
7/3/2018,0.1139
7/5/2018,0.1148
7/6/2018,0.1151
7/9/2018,0.114
7/10/2018,0.1141
7/11/2018,0.1129
7/12/2018,0.1108
7/13/2018,0.1096
7/16/2018,0.1114
7/17/2018,0.1113
7/18/2018,0.1108
7/19/2018,0.1097
7/20/2018,0.1112
7/23/2018,0.1108
7/24/2018,0.1119
7/25/2018,0.1119
7/26/2018,0.1103
7/27/2018,0.1088
7/30/2018,0.1082
7/31/2018,0.1055
8/1/2018,0.1048
8/2/2018,0.1059
8/3/2018,0.1085
8/6/2018,0.1098
8/7/2018,0.1088
8/8/2018,0.1081
8/9/2018,0.1084
8/10/2018,0.1054
8/13/2018,0.103
8/14/2018,0.1034
8/15/2018,0.1023
8/16/2018,0.103
8/17/2018,0.1018
8/20/2018,0.1009
8/21/2018,0.1017
8/22/2018,0.1018
8/23/2018,0.1012
8/24/2018,0.1023
8/27/2018,0.1051
8/28/2018,0.1031
8/29/2018,0.1037
8/30/2018,0.1057
8/31/2018,0.106
9/4/2018,0.1064
9/5/2018,0.1089
9/6/2018,0.108
9/7/2018,0.1101
9/10/2018,0.112
9/11/2018,0.1118
9/12/2018,0.1167
9/13/2018,0.1168
9/14/2018,0.1116
9/17/2018,0.1063
9/18/2018,0.1052
9/19/2018,0.1076
9/20/2018,0.108
9/21/2018,0.1084
9/24/2018,0.1038
9/25/2018,0.1052
9/26/2018,0.103
9/27/2018,0.1057
9/28/2018,0.1104
10/1/2018,0.1161
10/2/2018,0.1207
10/3/2018,0.1223
10/4/2018,0.1233
10/5/2018,0.1263
10/8/2018,0.1294
10/9/2018,0.1297
10/10/2018,0.1285
10/11/2018,0.1292
10/12/2018,0.1307
10/15/2018,0.1343
10/16/2018,0.1325
10/17/2018,0.1373
10/18/2018,0.1387
10/19/2018,0.1389
10/22/2018,0.1382
10/23/2018,0.1381
10/24/2018,0.1401
10/25/2018,0.1397
10/26/2018,0.1384
10/29/2018,0.135
10/30/2018,0.1332
10/31/2018,0.1319
11/1/2018,0.1319
11/2/2018,0.1344
11/5/2018,0.1315
11/6/2018,0.1296
11/7/2018,0.1301
11/8/2018,0.1284
11/9/2018,0.1273
11/12/2018,0.1294
11/13/2018,0.1261
11/14/2018,0.1265
11/15/2018,0.1265
11/16/2018,0.1269
11/19/2018,0.128
11/20/2018,0.1246
11/21/2018,0.1268
11/23/2018,0.1247
11/26/2018,0.1248
11/27/2018,0.1234
11/28/2018,0.1284
11/29/2018,0.1287
11/30/2018,0.1284
12/3/2018,0.1291
12/4/2018,0.1275
12/5/2018,0.1272
12/6/2018,0.1264
12/7/2018,0.1287
12/10/2018,0.1272
12/11/2018,0.1283
12/12/2018,0.1274
12/13/2018,0.1275
12/14/2018,0.1265
12/17/2018,0.1249
12/18/2018,0.123
12/19/2018,0.1247
12/20/2018,0.1243
12/21/2018,0.1234
12/24/2018,0.124
12/26/2018,0.1239
12/27/2018,0.1225
12/28/2018,0.1239
12/31/2018,0.1203
1/2/2019,0.1193
1/3/2019,0.1169
1/4/2019,0.1193
1/7/2019,0.1265
1/8/2019,0.1276
1/9/2019,0.1287
1/10/2019,0.1267
1/11/2019,0.1278
1/14/2019,0.1275
1/15/2019,0.1316
1/16/2019,0.1317
1/17/2019,0.1285
1/18/2019,0.1303
1/22/2019,0.1293
1/23/2019,0.1297
1/24/2019,0.1298
1/25/2019,0.1244
1/28/2019,0.1279
1/29/2019,0.1269
1/30/2019,0.1253
1/31/2019,0.1273
2/1/2019,0.126
2/4/2019,0.1285
2/5/2019,0.1282
2/6/2019,0.129
2/7/2019,0.1273
2/8/2019,0.1271
2/11/2019,0.1267
2/12/2019,0.1285
2/13/2019,0.1275
2/14/2019,0.1261
2/15/2019,0.1314
2/19/2019,0.1335
2/20/2019,0.1344
2/21/2019,0.1324
2/22/2019,0.1337
2/25/2019,0.1308
2/26/2019,0.1287
2/27/2019,0.1295
2/28/2019,0.1277
3/1/2019,0.1262
3/4/2019,0.1236
3/5/2019,0.1244
3/6/2019,0.1216
3/7/2019,0.1214
3/8/2019,0.1218
3/11/2019,0.1229
3/12/2019,0.1233
3/13/2019,0.1236
3/14/2019,0.1241
3/15/2019,0.1252
3/18/2019,0.1284
3/19/2019,0.1278
3/20/2019,0.1274
3/21/2019,0.125
3/22/2019,0.1257
3/25/2019,0.1248
3/26/2019,0.1259
3/27/2019,0.1258
3/28/2019,0.1253
3/29/2019,0.1253
4/1/2019,0.1267
4/2/2019,0.1266
4/3/2019,0.1242
4/4/2019,0.1271
4/5/2019,0.1276
4/8/2019,0.1257
4/9/2019,0.1278
4/10/2019,0.1281
4/11/2019,0.1266
4/12/2019,0.1277
4/15/2019,0.1266
4/16/2019,0.1251
4/17/2019,0.1235
4/18/2019,0.1276
4/22/2019,0.1254
4/23/2019,0.127
4/24/2019,0.1268
4/25/2019,0.1243
4/26/2019,0.1242
4/29/2019,0.1205
4/30/2019,0.1227
5/1/2019,0.1221
5/2/2019,0.1223
5/3/2019,0.1201
5/6/2019,0.1188
5/7/2019,0.1195
5/8/2019,0.1165
5/9/2019,0.1178
5/10/2019,0.1172
5/13/2019,0.1184
5/14/2019,0.1194
5/15/2019,0.1185
5/16/2019,0.1178
5/17/2019,0.1155
5/20/2019,0.1162
5/21/2019,0.1181
5/22/2019,0.1162
5/23/2019,0.1157
5/24/2019,0.1166
5/27/2019,0.1166
5/28/2019,0.1175
5/29/2019,0.1187
5/30/2019,0.1176
5/31/2019,0.121
6/3/2019,0.1219
6/4/2019,0.1242
6/5/2019,0.1221
6/6/2019,0.1251
6/7/2019,0.125
6/10/2019,0.124
6/11/2019,0.1254
6/12/2019,0.1262
6/13/2019,0.1275
6/14/2019,0.1275
6/17/2019,0.1266
6/18/2019,0.1261
6/19/2019,0.125
6/20/2019,0.1243
6/21/2019,0.1222
6/24/2019,0.1227
6/25/2019,0.1238
6/26/2019,0.1215
6/27/2019,0.1268
6/28/2019,0.1256
7/1/2019,0.1257
7/2/2019,0.1235
7/3/2019,0.1254
7/4/2019,0.1254
7/5/2019,0.1236
7/8/2019,0.1245
7/9/2019,0.1235
7/10/2019,0.125
7/11/2019,0.1238
7/12/2019,0.123
7/15/2019,0.1206
7/16/2019,0.1199
7/17/2019,0.1179
7/18/2019,0.1155
7/19/2019,0.1159
7/22/2019,0.1156
7/23/2019,0.1198
7/24/2019,0.1206
7/25/2019,0.12
7/26/2019,0.1202
7/29/2019,0.1207
7/30/2019,0.1215
7/31/2019,0.1221
8/1/2019,0.1212
8/2/2019,0.1202
8/5/2019,0.1182
8/6/2019,0.1173
8/7/2019,0.1134
8/8/2019,0.1143
8/9/2019,0.1186
8/12/2019,0.1156
8/13/2019,0.1172
8/14/2019,0.1161
8/15/2019,0.1163
8/16/2019,0.1164
8/19/2019,0.1147
8/20/2019,0.1144
8/21/2019,0.1139
8/22/2019,0.1158
8/23/2019,0.1147
8/26/2019,0.1143
8/27/2019,0.1124
8/28/2019,0.1137
8/29/2019,0.1121
8/30/2019,0.1114
9/2/2019,0.1114
9/3/2019,0.1119
9/4/2019,0.1101
9/5/2019,0.1097
9/6/2019,0.1102
9/9/2019,0.1092
9/10/2019,0.1088
9/11/2019,0.1081
9/12/2019,0.1076
9/13/2019,0.1089
9/16/2019,0.1109
9/17/2019,0.1094
9/18/2019,0.11
9/19/2019,0.1099
9/20/2019,0.1109
9/23/2019,0.1122
9/24/2019,0.115
9/25/2019,0.1197
9/26/2019,0.1203
9/27/2019,0.1218
9/30/2019,0.125
10/1/2019,0.1288
10/2/2019,0.1289
10/3/2019,0.1274
10/4/2019,0.1276
10/7/2019,0.1252
10/8/2019,0.1246
10/9/2019,0.1241
10/10/2019,0.1241
10/11/2019,0.1241
10/14/2019,0.1252
10/15/2019,0.1259
10/16/2019,0.1235
10/17/2019,0.1224
10/18/2019,0.1232
10/21/2019,0.1227
10/22/2019,0.1218
10/23/2019,0.1215
10/24/2019,0.123
10/25/2019,0.1235
10/28/2019,0.1254
10/29/2019,0.1234
10/30/2019,0.1241
10/31/2019,0.1248
11/1/2019,0.1248
11/4/2019,0.1251
11/5/2019,0.1271
11/6/2019,0.1256
11/7/2019,0.1239
11/8/2019,0.1257
11/11/2019,0.1257
11/12/2019,0.1259
11/13/2019,0.1285
11/14/2019,0.1281
11/15/2019,0.1273
11/18/2019,0.1276
11/19/2019,0.1269
11/20/2019,0.1275
11/21/2019,0.1261
11/22/2019,0.1283
11/25/2019,0.1282
11/26/2019,0.1278
11/27/2019,0.1279
11/28/2019,0.1279
11/29/2019,0.1294
12/2/2019,0.1275
12/3/2019,0.1286
12/4/2019,0.1306
12/5/2019,0.1308
12/6/2019,0.1318
12/9/2019,0.1338
12/10/2019,0.1346
12/11/2019,0.1342
12/12/2019,0.1352
12/13/2019,0.135
12/16/2019,0.1329
12/17/2019,0.1327
12/18/2019,0.1343
12/19/2019,0.1355
12/20/2019,0.1354
12/23/2019,0.1345
12/24/2019,0.1337
12/26/2019,0.1344
12/27/2019,0.1354
12/30/2019,0.1353
12/31/2019,0.1342
1/2/2020,0.1313
1/3/2020,0.1331
1/6/2020,0.1373
1/7/2020,0.1359
1/8/2020,0.1347
1/9/2020,0.1371
1/10/2020,0.1407
1/13/2020,0.1416
1/14/2020,0.1432
1/15/2020,0.1452
1/16/2020,0.1443
1/17/2020,0.1445
1/20/2020,0.1445
1/21/2020,0.1455
1/22/2020,0.1466
1/23/2020,0.1457
1/24/2020,0.1439
1/27/2020,0.1421
1/28/2020,0.1454
1/29/2020,0.1449
1/30/2020,0.1459
1/31/2020,0.1461
2/3/2020,0.1489
2/4/2020,0.1471
2/5/2020,0.1473
2/6/2020,0.1474
2/7/2020,0.1492
2/10/2020,0.1504
2/11/2020,0.1541
2/12/2020,0.1578
2/13/2020,0.1516
2/14/2020,0.1506
2/17/2020,0.1506
2/18/2020,0.1528
2/19/2020,0.1558
2/20/2020,0.154
2/21/2020,0.1559
2/24/2020,0.1527
2/25/2020,0.1507
2/26/2020,0.1469
2/27/2020,0.1428
2/28/2020,0.142
3/2/2020,0.1381
3/3/2020,0.1376
3/4/2020,0.1347
3/5/2020,0.1342
3/6/2020,0.1302
3/9/2020,0.1261
3/10/2020,0.1259
3/11/2020,0.1226
3/12/2020,0.1162
3/13/2020,0.117
3/16/2020,0.1109
3/17/2020,0.1089
3/18/2020,0.1067
3/19/2020,0.1059
3/20/2020,0.1091
3/23/2020,0.1104
3/24/2020,0.1127
3/25/2020,0.1141
3/26/2020,0.1133
3/27/2020,0.111
3/30/2020,0.1073
3/31/2020,0.1042
4/1/2020,0.1004
4/2/2020,0.1029
4/3/2020,0.1031
4/6/2020,0.1045
4/7/2020,0.1038
4/8/2020,0.1037
4/9/2020,0.1043
4/13/2020,0.1017
4/14/2020,0.1005
4/15/2020,0.1016
4/16/2020,0.1016
4/17/2020,0.1037
4/20/2020,0.1006
4/21/2020,0.0975
4/22/2020,0.0983
4/23/2020,0.0984
4/24/2020,0.0973
4/27/2020,0.0924
4/28/2020,0.0941
4/29/2020,0.0986
4/30/2020,0.1037
5/1/2020,0.1097
5/4/2020,0.104
5/5/2020,0.1078
5/6/2020,0.1027
5/7/2020,0.1033
5/8/2020,0.1029
5/11/2020,0.1012
5/12/2020,0.1025
5/13/2020,0.1026
5/14/2020,0.1046
5/15/2020,0.1038
5/18/2020,0.108
5/19/2020,0.1085
5/20/2020,0.1119
5/21/2020,0.1098
5/22/2020,0.1093
5/25/2020,0.1093
5/26/2020,0.1105
5/27/2020,0.108
5/28/2020,0.108
5/29/2020,0.1091
6/1/2020,0.11
6/2/2020,0.1122
6/3/2020,0.1162
6/4/2020,0.1173
6/5/2020,0.1202
6/8/2020,0.1194
6/9/2020,0.12
6/10/2020,0.1223
6/11/2020,0.1194
6/12/2020,0.1187
6/15/2020,0.1204
6/16/2020,0.1219
6/17/2020,0.1211
6/18/2020,0.1189
6/19/2020,0.1205
6/22/2020,0.1192
6/23/2020,0.1179
6/24/2020,0.1175
6/25/2020,0.1183
6/26/2020,0.1158
6/29/2020,0.1175
6/30/2020,0.1194
7/1/2020,0.1217
7/2/2020,0.1224
7/6/2020,0.1193
7/7/2020,0.1218
7/8/2020,0.1208
7/9/2020,0.1184
7/10/2020,0.1176
7/13/2020,0.1158
7/14/2020,0.1132
7/15/2020,0.1182
7/16/2020,0.1179
7/17/2020,0.1173
7/20/2020,0.1172
7/21/2020,0.1167
7/22/2020,0.1186
7/23/2020,0.1177
7/24/2020,0.1149
7/27/2020,0.1212
7/28/2020,0.1201
7/29/2020,0.1201
7/30/2020,0.1211
7/31/2020,0.1264
8/3/2020,0.1272
8/4/2020,0.1278
8/5/2020,0.1254
8/6/2020,0.1294
8/7/2020,0.1267
8/10/2020,0.1255
8/11/2020,0.1274
8/12/2020,0.1284
8/13/2020,0.1311
8/14/2020,0.131
8/17/2020,0.1306
8/18/2020,0.1289
8/19/2020,0.1324
8/20/2020,0.1301
8/21/2020,0.1283
8/24/2020,0.1271
8/25/2020,0.1276
8/26/2020,0.1258
8/27/2020,0.1277
8/28/2020,0.126
8/31/2020,0.1266
9/1/2020,0.126
9/2/2020,0.1244
9/3/2020,0.1207
9/4/2020,0.1193
9/7/2020,0.1193
9/8/2020,0.1204
9/9/2020,0.1203
9/10/2020,0.1191
9/11/2020,0.1192
9/14/2020,0.1176
9/15/2020,0.1208
9/16/2020,0.1235
9/17/2020,0.1262
9/18/2020,0.1277
9/21/2020,0.1255
9/22/2020,0.1289
9/23/2020,0.1282
9/24/2020,0.1284
9/25/2020,0.131
9/28/2020,0.1277
9/29/2020,0.1325
9/30/2020,0.1342
10/1/2020,0.1358
10/2/2020,0.1355
10/5/2020,0.1361
10/6/2020,0.1388
10/7/2020,0.1414
10/8/2020,0.1417
10/9/2020,0.1423
10/12/2020,0.1384
10/13/2020,0.1401
10/14/2020,0.142
10/15/2020,0.1418
10/16/2020,0.1443
10/19/2020,0.1472
10/20/2020,0.1454
10/21/2020,0.145
10/22/2020,0.1478
10/23/2020,0.1472
10/26/2020,0.1477
10/27/2020,0.1483
10/28/2020,0.1489
10/29/2020,0.144
10/30/2020,0.1436
11/2/2020,0.1497
11/3/2020,0.1472
11/4/2020,0.1465
11/5/2020,0.1448
11/6/2020,0.1491
11/9/2020,0.1488
11/10/2020,0.1468
11/11/2020,0.1449
11/12/2020,0.1492
11/13/2020,0.1496
11/16/2020,0.1547
11/17/2020,0.1531
11/18/2020,0.1545
11/19/2020,0.1528
11/20/2020,0.1521
11/23/2020,0.1515
11/24/2020,0.1504
11/25/2020,0.1477
11/26/2020,0.1477
11/27/2020,0.1482
11/30/2020,0.1451
12/1/2020,0.1451
12/2/2020,0.146
12/3/2020,0.1471
12/4/2020,0.1444
12/7/2020,0.1445
12/8/2020,0.1439
12/9/2020,0.1497
12/10/2020,0.1466
12/11/2020,0.1443
12/14/2020,0.1412
12/15/2020,0.1421
12/16/2020,0.1449
12/17/2020,0.1468
12/18/2020,0.1444
12/21/2020,0.1453
12/22/2020,0.1454
12/23/2020,0.1483
12/24/2020,0.149
12/28/2020,0.1498
12/29/2020,0.1504
12/30/2020,0.1528
12/31/2020,0.1549
1/4/2021,0.1576
1/5/2021,0.1612
1/6/2021,0.1625
1/7/2021,0.156
1/8/2021,0.156
1/11/2021,0.1567
1/12/2021,0.1546
1/13/2021,0.1584
1/14/2021,0.1667
1/15/2021,0.1645
1/18/2021,0.1645
1/19/2021,0.161
1/20/2021,0.1627
1/21/2021,0.1605
1/22/2021,0.1587
1/25/2021,0.1574
1/26/2021,0.1574
1/27/2021,0.158
1/28/2021,0.1559
1/29/2021,0.1583
2/1/2021,0.1615
2/2/2021,0.1629
2/3/2021,0.1604
2/4/2021,0.1605
2/5/2021,0.1642
2/8/2021,0.1627
2/9/2021,0.1644
2/10/2021,0.1671
2/11/2021,0.1655
2/12/2021,0.1638
2/15/2021,0.1638
2/16/2021,0.1673
2/17/2021,0.1696
2/18/2021,0.1751
2/19/2021,0.1779
2/22/2021,0.1878
2/23/2021,0.1813
2/24/2021,0.1776
2/25/2021,0.1724
2/26/2021,0.1667
3/1/2021,0.1621
3/2/2021,0.1643
3/3/2021,0.1614
3/4/2021,0.1626
3/5/2021,0.164
3/8/2021,0.162
3/9/2021,0.159
3/10/2021,0.1596
3/11/2021,0.1636
3/12/2021,0.1613
3/15/2021,0.1612
3/16/2021,0.163
3/17/2021,0.1599
3/18/2021,0.1589
3/19/2021,0.1576
3/22/2021,0.1553
3/23/2021,0.1543
3/24/2021,0.1563
3/25/2021,0.1509
3/26/2021,0.1519
3/29/2021,0.1492
3/30/2021,0.1492
3/31/2021,0.1477
4/1/2021,0.1471
4/5/2021,0.1484
4/6/2021,0.1516
4/7/2021,0.1514
4/8/2021,0.1518
4/9/2021,0.1546
4/12/2021,0.1535
4/13/2021,0.1543
4/14/2021,0.1586
4/15/2021,0.1638
4/16/2021,0.1672
4/19/2021,0.1629
4/20/2021,0.1677
4/21/2021,0.1694
4/22/2021,0.1692
4/23/2021,0.1691
4/26/2021,0.1717
4/27/2021,0.179
4/28/2021,0.1724
4/29/2021,0.1699
4/30/2021,0.1707
5/3/2021,0.1673
5/4/2021,0.1712
5/5/2021,0.1753
5/6/2021,0.1755
5/7/2021,0.1749
5/10/2021,0.1749
5/11/2021,0.181
5/12/2021,0.1784
5/13/2021,0.1711
5/14/2021,0.1696
5/17/2021,0.1699
5/18/2021,0.1721
5/19/2021,0.1695
5/20/2021,0.1704
5/21/2021,0.1667
5/24/2021,0.1683
5/25/2021,0.1704
5/26/2021,0.1678
5/27/2021,0.1712
5/28/2021,0.1736
5/31/2021,0.1736
6/1/2021,0.1769
6/2/2021,0.1768
6/3/2021,0.1743
6/4/2021,0.1771
6/7/2021,0.1738
6/8/2021,0.1771
6/9/2021,0.1773
6/10/2021,0.1766
6/11/2021,0.1754
6/14/2021,0.1729
6/15/2021,0.1705
6/16/2021,0.1704
6/17/2021,0.1655
6/18/2021,0.1643
6/21/2021,0.1678
6/22/2021,0.1643
6/23/2021,0.1669
6/24/2021,0.1693
6/25/2021,0.1698
6/28/2021,0.1738
6/29/2021,0.1742
6/30/2021,0.1784
7/1/2021,0.1794
7/2/2021,0.1815
7/5/2021,0.1815
7/6/2021,0.1787
7/7/2021,0.1775
7/8/2021,0.1745
7/9/2021,0.1728
7/12/2021,0.1699
7/13/2021,0.1708
7/14/2021,0.1693
7/15/2021,0.1733
7/16/2021,0.1771
7/19/2021,0.1707
7/20/2021,0.1741
7/21/2021,0.1767
7/22/2021,0.1762
7/23/2021,0.1817
7/26/2021,0.1842
7/27/2021,0.1835
7/28/2021,0.1861
7/29/2021,0.183
7/30/2021,0.1791
8/2/2021,0.1795
8/3/2021,0.1798
8/4/2021,0.1793
8/5/2021,0.1862
8/6/2021,0.1868
8/9/2021,0.1847
8/10/2021,0.1959
8/11/2021,0.1947
8/12/2021,0.1954
8/13/2021,0.1995
8/16/2021,0.2003
8/17/2021,0.2002
8/18/2021,0.2017
8/19/2021,0.1979
8/20/2021,0.1958
8/23/2021,0.1958
8/24/2021,0.1958
8/25/2021,0.1973
8/26/2021,0.1968
8/27/2021,0.2004
8/30/2021,0.2022
8/31/2021,0.1984
9/1/2021,0.1967
9/2/2021,0.199
9/3/2021,0.1962
9/6/2021,0.1962
9/7/2021,0.1948
9/8/2021,0.1949
9/9/2021,0.1924
9/10/2021,0.1879
9/13/2021,0.1898
9/14/2021,0.1896
9/15/2021,0.1952
9/16/2021,0.1949
9/17/2021,0.1918
9/20/2021,0.1886
9/21/2021,0.1897
9/22/2021,0.1933
9/23/2021,0.1949
9/24/2021,0.191
9/27/2021,0.1892
9/28/2021,0.1932
9/29/2021,0.1941
9/30/2021,0.2024
10/1/2021,0.2006
10/4/2021,0.1969
10/5/2021,0.1985
10/6/2021,0.1977
10/7/2021,0.1984
10/8/2021,0.2029
10/11/2021,0.2033
10/12/2021,0.2007
10/13/2021,0.1986
10/14/2021,0.1959
10/15/2021,0.198
10/18/2021,0.1935
10/19/2021,0.1887
10/20/2021,0.1897
10/21/2021,0.1894
10/22/2021,0.1908
10/25/2021,0.1939
10/26/2021,0.1966
10/27/2021,0.197
10/28/2021,0.1962
10/29/2021,0.1927
11/1/2021,0.1937
11/2/2021,0.1954
11/3/2021,0.1938
11/4/2021,0.1963
11/5/2021,0.1994
11/8/2021,0.1992
11/9/2021,0.199
11/10/2021,0.196
11/11/2021,0.2012
11/12/2021,0.2001
11/15/2021,0.1974
11/16/2021,0.1999
11/17/2021,0.2042
11/18/2021,0.2018
11/19/2021,0.1999
11/22/2021,0.1976
11/23/2021,0.2011
11/24/2021,0.1993
11/25/2021,0.1993
11/26/2021,0.1935
11/29/2021,0.1919
11/30/2021,0.186
12/1/2021,0.186
12/2/2021,0.1862
12/3/2021,0.1875
12/6/2021,0.1916
12/7/2021,0.1948
12/8/2021,0.1982
12/9/2021,0.1969
12/10/2021,0.1971
12/13/2021,0.1964
12/14/2021,0.1965
12/15/2021,0.1929
12/16/2021,0.194
12/17/2021,0.1911
12/20/2021,0.1859
12/21/2021,0.1874
12/22/2021,0.1926
12/23/2021,0.1924
12/24/2021,0.1924
12/27/2021,0.1921
12/28/2021,0.1896
12/29/2021,0.191
12/30/2021,0.1878
12/31/2021,0.1888
1/3/2022,0.1874
1/4/2022,0.1875
1/5/2022,0.1834
1/6/2022,0.1819
1/7/2022,0.1805
1/10/2022,0.1783
1/11/2022,0.1811
1/12/2022,0.1834
1/13/2022,0.1809
1/14/2022,0.1831
1/17/2022,0.1831
1/18/2022,0.1866
1/19/2022,0.1907
1/20/2022,0.1893
1/21/2022,0.189
1/24/2022,0.1881
1/25/2022,0.1878
1/26/2022,0.1849
1/27/2022,0.1841
1/28/2022,0.182
1/31/2022,0.1822
2/1/2022,0.1848
2/2/2022,0.1793
2/3/2022,0.1799
2/4/2022,0.1823
2/7/2022,0.1805
2/8/2022,0.1808
2/9/2022,0.1848
2/10/2022,0.183
2/11/2022,0.1826
2/14/2022,0.1812
2/15/2022,0.1807
2/16/2022,0.1807
2/17/2022,0.1828
2/18/2022,0.182
2/21/2022,0.182
2/22/2022,0.1848
2/23/2022,0.184
2/24/2022,0.1816
2/25/2022,0.1776
2/28/2022,0.1776
3/1/2022,0.1834
3/2/2022,0.1864
3/3/2022,0.1893
3/4/2022,0.1935
3/7/2022,0.1927
3/8/2022,0.1943
3/9/2022,0.1894
3/10/2022,0.191
3/11/2022,0.1924
3/14/2022,0.1913
3/15/2022,0.1873
3/16/2022,0.1856
3/17/2022,0.1869
3/18/2022,0.1893
3/21/2022,0.1928
3/22/2022,0.1915
3/23/2022,0.1924
3/24/2022,0.1926
3/25/2022,0.1961
3/28/2022,0.1959
3/29/2022,0.1911
3/30/2022,0.1947
3/31/2022,0.1949
4/1/2022,0.1937
4/4/2022,0.1961
4/5/2022,0.1965
4/6/2022,0.1959
4/7/2022,0.1984
4/8/2022,0.2041
4/11/2022,0.2031
4/12/2022,0.2022
4/13/2022,0.201
4/14/2022,0.2006
4/18/2022,0.2026
4/19/2022,0.1974
4/20/2022,0.1962
4/21/2022,0.1987
4/22/2022,0.1924
4/25/2022,0.1895
4/26/2022,0.1898
4/27/2022,0.1897
4/28/2022,0.1931
4/29/2022,0.1919
5/2/2022,0.1885
5/3/2022,0.1862
5/4/2022,0.1862
5/5/2022,0.1878
5/6/2022,0.1916
5/9/2022,0.1866
5/10/2022,0.1854
5/11/2022,0.1855
5/12/2022,0.1864
5/13/2022,0.1917
5/16/2022,0.1968
5/17/2022,0.2
5/18/2022,0.1983
5/19/2022,0.1977
5/20/2022,0.1995
5/23/2022,0.1977
5/24/2022,0.1975
5/25/2022,0.1968
5/26/2022,0.1954
5/27/2022,0.1961
5/30/2022,0.1961
5/31/2022,0.194
6/1/2022,0.1944
6/2/2022,0.1935
6/3/2022,0.1929
6/6/2022,0.1956
6/7/2022,0.1897
6/8/2022,0.1898
6/9/2022,0.1929
6/10/2022,0.1887
6/13/2022,0.1871
6/14/2022,0.187
6/15/2022,0.1846
6/16/2022,0.1858
6/17/2022,0.186
6/20/2022,0.186
6/21/2022,0.1866
6/22/2022,0.1845
6/23/2022,0.1838
6/24/2022,0.1837
6/27/2022,0.1829
6/28/2022,0.1826
6/29/2022,0.1848
6/30/2022,0.1855
7/1/2022,0.1847
7/4/2022,0.1806
7/5/2022,0.1807
7/6/2022,0.1781
7/7/2022,0.1798
7/8/2022,0.1851
7/11/2022,0.1904
7/12/2022,0.189
7/13/2022,0.187
7/14/2022,0.1913
7/15/2022,0.1898
7/18/2022,0.1915
7/19/2022,0.1888
7/20/2022,0.1868
7/21/2022,0.1834
7/22/2022,0.1789
7/25/2022,0.1748
7/26/2022,0.1745
7/27/2022,0.174
7/28/2022,0.1773
7/29/2022,0.1755
8/1/2022,0.1764
8/2/2022,0.1767
8/3/2022,0.1779
8/4/2022,0.176
8/5/2022,0.1796
8/8/2022,0.1793
8/9/2022,0.1799
8/10/2022,0.1824
8/11/2022,0.185
8/12/2022,0.1863
8/15/2022,0.1855
8/16/2022,0.1828
8/17/2022,0.1825
8/18/2022,0.1778
8/19/2022,0.1806
8/22/2022,0.1792
8/23/2022,0.1793
8/24/2022,0.1804
8/25/2022,0.1791
8/26/2022,0.1846
8/29/2022,0.1841
8/30/2022,0.1814
8/31/2022,0.179
9/1/2022,0.1802
9/2/2022,0.1814
9/5/2022,0.1814
9/6/2022,0.1798
9/7/2022,0.1809
9/8/2022,0.1791
9/9/2022,0.1823
9/12/2022,0.1838
9/13/2022,0.1838
9/14/2022,0.1829
9/15/2022,0.182
9/16/2022,0.1793
9/19/2022,0.177
9/20/2022,0.1815
9/21/2022,0.1823
9/22/2022,0.185
9/23/2022,0.1827
9/26/2022,0.1761
9/27/2022,0.1763
9/28/2022,0.1771
9/29/2022,0.1777
9/30/2022,0.1767
10/3/2022,0.1744
10/4/2022,0.1788
10/5/2022,0.1793
10/6/2022,0.1838
10/7/2022,0.1871
10/10/2022,0.1864
10/11/2022,0.1871
10/12/2022,0.1868
10/13/2022,0.1878
10/14/2022,0.1881
10/17/2022,0.1873
10/18/2022,0.187
10/19/2022,0.1861
10/20/2022,0.184
10/21/2022,0.1838
10/24/2022,0.1812
10/25/2022,0.181
10/26/2022,0.1786
10/27/2022,0.1771
10/28/2022,0.1762
10/31/2022,0.1799
11/1/2022,0.1837
11/2/2022,0.1848
11/3/2022,0.1848
11/4/2022,0.1868
11/7/2022,0.1867
11/8/2022,0.1902
11/9/2022,0.193
11/10/2022,0.1939
11/11/2022,0.1961
11/14/2022,0.1982
11/15/2022,0.2031
11/16/2022,0.2026
11/17/2022,0.1972
11/18/2022,0.2007
11/21/2022,0.1989
11/22/2022,0.1975
11/23/2022,0.1955
11/24/2022,0.1955
11/25/2022,0.1931
11/28/2022,0.1944
11/29/2022,0.1951
11/30/2022,0.196
12/1/2022,0.1962
12/2/2022,0.1949
12/5/2022,0.1957
12/6/2022,0.1938
12/7/2022,0.1949
12/8/2022,0.1969
12/9/2022,0.1961
12/12/2022,0.1937
12/13/2022,0.1971
12/14/2022,0.2032
12/15/2022,0.1992
12/16/2022,0.2012
12/19/2022,0.2019
12/20/2022,0.2062
12/21/2022,0.2075
12/22/2022,0.2091
12/23/2022,0.2098
12/26/2022,0.2098
12/27/2022,0.2027
12/28/2022,0.2015
12/29/2022,0.2031
12/30/2022,0.2005
1/2/2023,0.2005
1/3/2023,0.1972
1/4/2023,0.1968
1/5/2023,0.1968
1/6/2023,0.1968
1/9/2023,0.1966
1/10/2023,0.1966
1/11/2023,0.1968
1/12/2023,0.1968
1/13/2023,0.1968
1/16/2023,0.1968
1/17/2023,0.1966
1/18/2023,0.1966
1/19/2023,0.1966
1/20/2023,0.1968
1/23/2023,0.1968
1/24/2023,0.1986
1/25/2023,0.2007
1/26/2023,0.2073
1/27/2023,0.2073
1/30/2023,0.212
1/31/2023,0.2178
2/1/2023,0.2136
2/2/2023,0.2168
2/3/2023,0.213
2/6/2023,0.2065
2/7/2023,0.2087
2/8/2023,0.2117
2/9/2023,0.2146
2/10/2023,0.2153
2/13/2023,0.2127
2/14/2023,0.215
2/15/2023,0.2134
2/16/2023,0.2146
2/17/2023,0.214
2/20/2023,0.214
2/21/2023,0.2137
2/22/2023,0.2129
2/23/2023,0.2165
2/24/2023,0.2132
2/27/2023,0.2026
2/28/2023,0.2001
3/1/2023,0.2056
3/2/2023,0.2029
3/3/2023,0.2091
3/6/2023,0.2088
3/7/2023,0.2103
3/8/2023,0.2086
3/9/2023,0.2113
3/10/2023,0.2116
3/13/2023,0.2086
3/14/2023,0.2066
3/15/2023,0.2052
3/16/2023,0.2075
3/17/2023,0.2068
3/20/2023,0.2051
3/21/2023,0.208
3/22/2023,0.2116
3/23/2023,0.2096
3/24/2023,0.2084
3/27/2023,0.2099
3/28/2023,0.2137
3/29/2023,0.2125
3/30/2023,0.2196
3/31/2023,0.223
4/3/2023,0.224
4/4/2023,0.2247
4/5/2023,0.2295
4/6/2023,0.2363
4/7/2023,0.2363
4/10/2023,0.2356
4/11/2023,0.2437
4/12/2023,0.2405
4/13/2023,0.2404
4/14/2023,0.2413
4/17/2023,0.2444
4/18/2023,0.2454
4/19/2023,0.2437
4/20/2023,0.2525
4/21/2023,0.2483
4/24/2023,0.2591
4/25/2023,0.2674
4/26/2023,0.2651
4/27/2023,0.2699
4/28/2023,0.2637
5/1/2023,0.2554
5/2/2023,0.2514
5/3/2023,0.2517
5/4/2023,0.2552
5/5/2023,0.2644
5/8/2023,0.2609
5/9/2023,0.2619
5/10/2023,0.2666
5/11/2023,0.2602
5/12/2023,0.262
5/15/2023,0.2629
5/16/2023,0.2607
5/17/2023,0.2591
5/18/2023,0.2561
5/19/2023,0.258
5/22/2023,0.2599
5/23/2023,0.2581
5/24/2023,0.2549
5/25/2023,0.2483
5/26/2023,0.2541
5/29/2023,0.2537
5/30/2023,0.2533
5/31/2023,0.2506
6/1/2023,0.2488
6/2/2023,0.2474
6/5/2023,0.244
6/6/2023,0.2458
6/7/2023,0.245
6/8/2023,0.2548
6/9/2023,0.2535
6/12/2023,0.2547
6/13/2023,0.2513
6/14/2023,0.2584
6/15/2023,0.26
6/16/2023,0.2633
6/19/2023,0.2633
6/20/2023,0.2622
6/21/2023,0.2588
6/22/2023,0.2493
6/23/2023,0.2443
6/26/2023,0.2372
6/27/2023,0.2313
6/28/2023,0.2259
6/29/2023,0.222
6/30/2023,0.2292
7/3/2023,0.2333
7/4/2023,0.2332
7/5/2023,0.235
7/6/2023,0.2325
7/7/2023,0.2351
7/10/2023,0.2344
7/11/2023,0.2352
7/12/2023,0.2391
7/13/2023,0.2401
7/14/2023,0.2429
7/17/2023,0.238
7/18/2023,0.2386
7/19/2023,0.2421
7/20/2023,0.2467
7/21/2023,0.2509
7/24/2023,0.2492
7/25/2023,0.2471
7/26/2023,0.2439
7/27/2023,0.2443
7/28/2023,0.239
7/31/2023,0.2411
8/1/2023,0.2439
8/2/2023,0.242
8/3/2023,0.2402
8/4/2023,0.2368
8/7/2023,0.2367
8/8/2023,0.2345
8/9/2023,0.2371
8/10/2023,0.2395
8/11/2023,0.2438
8/14/2023,0.2405
8/15/2023,0.2377
8/16/2023,0.242
8/17/2023,0.24
8/18/2023,0.238
8/21/2023,0.234
8/22/2023,0.234
8/23/2023,0.2385
8/24/2023,0.2429
8/25/2023,0.2489
8/28/2023,0.2557
8/29/2023,0.2545
8/30/2023,0.2534
8/31/2023,0.2506
9/1/2023,0.2586
9/4/2023,0.2581
9/5/2023,0.2665
9/6/2023,0.2622
9/7/2023,0.2668
9/8/2023,0.264
9/11/2023,0.264
9/12/2023,0.2683
9/13/2023,0.2654
9/14/2023,0.2698
9/15/2023,0.2678
9/18/2023,0.2711
9/19/2023,0.2744
9/20/2023,0.2679
9/21/2023,0.2693
9/22/2023,0.2702
9/25/2023,0.2631
9/26/2023,0.2602
9/27/2023,0.2613
9/28/2023,0.2673
9/29/2023,0.2651
10/2/2023,0.2635
10/3/2023,0.2567
10/4/2023,0.2593
10/5/2023,0.2616
10/6/2023,0.2677
10/9/2023,0.2718
10/10/2023,0.2705
10/11/2023,0.264
10/12/2023,0.2635
10/13/2023,0.2708
10/16/2023,0.2705
10/17/2023,0.2749
10/18/2023,0.2748
10/19/2023,0.2729
10/20/2023,0.2685
10/23/2023,0.2748
10/24/2023,0.2753
10/25/2023,0.2766
10/26/2023,0.2704
10/27/2023,0.2737
10/30/2023,0.2675
10/31/2023,0.2709
11/1/2023,0.2751
11/2/2023,0.2748
11/3/2023,0.2778
11/6/2023,0.2797
11/7/2023,0.2755
11/8/2023,0.2724
11/9/2023,0.2777
11/10/2023,0.2733
11/13/2023,0.2771
11/14/2023,0.2719
11/15/2023,0.2719
11/16/2023,0.272
11/17/2023,0.272
11/20/2023,0.2745
11/24/2023,0.2688
11/27/2023,0.2698
11/28/2023,0.272
11/29/2023,0.2699
11/30/2023,0.2686
12/1/2023,0.2604
12/4/2023,0.2509
12/5/2023,0.2581
12/6/2023,0.2496
12/7/2023,0.2301
12/8/2023,0.234
12/11/2023,0.2256
12/12/2023,0.2251
12/13/2023,0.2189
12/14/2023,0.2227
12/15/2023,0.2199
12/18/2023,0.2137
12/19/2023,0.214
12/20/2023,0.2088
12/21/2023,0.2042
12/22/2023,0.2057
12/25/2023,0.2057
12/26/2023,0.2046
12/27/2023,0.2063
12/28/2023,0.2187
12/29/2023,0.2049
1/1/2024,0.2049
1/2/2024,0.2086
1/3/2024,0.2091
1/4/2024,0.2114
1/5/2024,0.211
1/8/2024,0.2177
1/9/2024,0.216
1/10/2024,0.214
1/11/2024,0.2184
1/12/2024,0.2163
1/15/2024,0.2163
1/16/2024,0.226
1/17/2024,0.2234
1/18/2024,0.2317
1/19/2024,0.2356
1/22/2024,0.235
1/23/2024,0.2372
1/24/2024,0.2445
1/25/2024,0.2396
1/26/2024,0.2384
1/29/2024,0.235
1/30/2024,0.2401
1/31/2024,0.2406
2/1/2024,0.235
2/2/2024,0.2393
2/5/2024,0.2354
2/6/2024,0.2359
2/7/2024,0.2383
2/8/2024,0.2395
2/9/2024,0.2399
2/12/2024,0.2361
2/13/2024,0.233
2/14/2024,0.234
2/15/2024,0.2276
2/16/2024,0.2305
2/19/2024,0.2305
2/20/2024,0.2279
2/21/2024,0.2284
2/22/2024,0.2283
2/23/2024,0.2262
2/26/2024,0.231
2/27/2024,0.2363
2/28/2024,0.2399
2/29/2024,0.2256
3/1/2024,0.21
3/4/2024,0.2058
3/5/2024,0.2086
3/6/2024,0.2145
3/7/2024,0.213
3/8/2024,0.2118
3/11/2024,0.2195
3/12/2024,0.2189
3/13/2024,0.2193
3/14/2024,0.2177
3/15/2024,0.2213
3/18/2024,0.2216
3/19/2024,0.2164
3/20/2024,0.2177
3/21/2024,0.2206
3/22/2024,0.2186
3/25/2024,0.2197
3/26/2024,0.2239
3/27/2024,0.2217
3/28/2024,0.2251
3/29/2024,0.2251
4/1/2024,0.2263
4/2/2024,0.2232
4/3/2024,0.2222
4/4/2024,0.2236
4/5/2024,0.2194
4/8/2024,0.2159
4/9/2024,0.2149
4/10/2024,0.2142
4/11/2024,0.2146
4/12/2024,0.2085
4/15/2024,0.2045
4/16/2024,0.2002
4/17/2024,0.1963
4/18/2024,0.1932
4/19/2024,0.1959
4/22/2024,0.1973
4/23/2024,0.198
4/24/2024,0.1987
4/25/2024,0.1987
4/26/2024,0.1942
4/29/2024,0.1941
4/30/2024,0.1972
5/1/2024,0.1922
5/2/2024,0.1926
5/3/2024,0.1932
5/6/2024,0.1948
5/7/2024,0.1995
5/8/2024,0.1963
5/9/2024,0.1955
5/10/2024,0.1926
5/13/2024,0.1862
5/14/2024,0.189
5/15/2024,0.1863
5/16/2024,0.1833
5/17/2024,0.181
5/20/2024,0.1867
5/21/2024,0.1857
5/22/2024,0.1821
5/23/2024,0.1826
5/24/2024,0.1845
5/27/2024,0.1845
5/28/2024,0.187
5/29/2024,0.1832
5/30/2024,0.1816
5/31/2024,0.1832
6/3/2024,0.1877
6/4/2024,0.1886
6/5/2024,0.1914
6/6/2024,0.1914
6/7/2024,0.1922
6/10/2024,0.1861
6/11/2024,0.1874
6/12/2024,0.1909
6/13/2024,0.1953
6/14/2024,0.1935
6/17/2024,0.1896
6/18/2024,0.189
6/19/2024,0.189
6/20/2024,0.1892
6/21/2024,0.1899
6/24/2024,0.1899
6/25/2024,0.1917
6/26/2024,0.1926
6/27/2024,0.2015
6/28/2024,0.2031
7/1/2024,0.2017
7/2/2024,0.2017
7/3/2024,0.2052
7/4/2024,0.2052
7/5/2024,0.2008
7/8/2024,0.2022
7/9/2024,0.1965
7/10/2024,0.1978
7/11/2024,0.1942
7/12/2024,0.192
7/15/2024,0.1979
7/16/2024,0.1963
7/17/2024,0.1937
7/18/2024,0.1901
7/19/2024,0.1867
7/22/2024,0.1832
7/23/2024,0.1818
7/24/2024,0.1795
7/25/2024,0.1866
7/26/2024,0.1848
7/29/2024,0.19
7/30/2024,0.1913
7/31/2024,0.1913
8/1/2024,0.1857
8/2/2024,0.1817
8/5/2024,0.1803
8/6/2024,0.1803
8/7/2024,0.1785
8/8/2024,0.1852
8/9/2024,0.1854
8/12/2024,0.1834
8/13/2024,0.1834
8/14/2024,0.1836
8/15/2024,0.1783
8/16/2024,0.1783
8/19/2024,0.1802
8/20/2024,0.1757
8/21/2024,0.1773
8/22/2024,0.1782
8/23/2024,0.184
8/26/2024,0.184
8/27/2024,0.1967
8/28/2024,0.1967
8/29/2024,0.1984
8/30/2024,0.1944
9/2/2024,0.1944
9/3/2024,0.194
9/4/2024,0.1926
9/5/2024,0.1927
9/6/2024,0.189
9/9/2024,0.1882
9/10/2024,0.1843
9/11/2024,0.1873
9/12/2024,0.1903
9/13/2024,0.1894
9/16/2024,0.1923
9/17/2024,0.2
9/18/2024,0.2114
9/19/2024,0.2206
9/20/2024,0.2265
9/23/2024,0.2257
9/24/2024,0.2257
9/25/2024,0.232
9/26/2024,0.2357
9/27/2024,0.2276
9/30/2024,0.2276
10/1/2024,0.2265
10/2/2024,0.2264
10/3/2024,0.2323
10/4/2024,0.2301
10/7/2024,0.2301
10/8/2024,0.2246
10/9/2024,0.2208
10/10/2024,0.2208
10/11/2024,0.2224
10/14/2024,0.2238
10/15/2024,0.2287
10/16/2024,0.2287
10/17/2024,0.2201
10/18/2024,0.2219
10/21/2024,0.2185
10/22/2024,0.2185
10/23/2024,0.2235
10/24/2024,0.2214
10/25/2024,0
10/28/2024,0.2199
10/29/2024,0.2208
10/30/2024,0.2224
10/31/2024,0.2279
11/1/2024,0.2205
11/4/2024,0.2188
11/5/2024,0.2184
11/6/2024,0.2206
11/7/2024,0.2225
11/8/2024,0.2178
11/11/2024,0.2132
11/12/2024,0.2132
11/13/2024,0.2116
11/14/2024,0.2161
11/15/2024,0.2162
11/18/2024,0.222
11/19/2024,0.222
11/20/2024,0.2196
11/21/2024,0.2137
11/22/2024,0.2137
11/25/2024,0.2137
11/26/2024,0.2165
11/27/2024,0.2163
11/28/2024,0.2163
11/29/2024,0.2109
12/2/2024,0.2112
12/3/2024,0.2134
12/4/2024,0.2117
12/5/2024,0.2127
12/6/2024,0.2174
12/9/2024,0.2147
12/10/2024,0.2107
12/11/2024,0.2132
12/12/2024,0.2092
12/13/2024,0.2092
12/16/2024,0.2066
12/17/2024,0.1982
12/18/2024,0.1982
12/19/2024,0.196
12/20/2024,0.1951
12/23/2024,0.1952
12/24/2024,0.1952
12/25/2024,0.1952
12/26/2024,0.1925
12/27/2024,0.1936
12/30/2024,0.1912
12/31/2024,0.1929
1/1/2025,0.1929
1/2/2025,0.1929
1/3/2025,0.1968
1/6/2025,0.1933
1/7/2025,0.1951
1/8/2025,0.1951
1/9/2025,0.1918
1/10/2025,0.1921
1/13/2025,0.1887
1/14/2025,0.1887
1/15/2025,0.1805
1/16/2025,0.1805
1/17/2025,0.1821
1/20/2025,0.1821
1/21/2025,0.1775
1/22/2025,0.1816
1/23/2025,0.1873
1/24/2025,0.1907
1/27/2025,0.1916
1/28/2025,0.1916
1/29/2025,0.1927
1/30/2025,0.1942
1/31/2025,0.194
2/3/2025,0.1923
2/4/2025,0.1969
2/5/2025,0.1974
2/6/2025,0.1953
2/7/2025,0.1931
2/10/2025,0.1956
2/11/2025,0.1956
2/12/2025,0.1972
2/13/2025,0.2012
2/14/2025,0.204
2/17/2025,0.204
2/18/2025,0.2049
2/19/2025,0.2068
2/20/2025,0.211
2/21/2025,0.2131
2/24/2025,0.2105
2/25/2025,0.2138
2/26/2025,0.2064
2/27/2025,0.1967
2/28/2025,0.1967
3/3/2025,0.1827
3/4/2025,0.1814
3/5/2025,0.182
3/6/2025,0.182
3/7/2025,0.1833
3/10/2025,0.1884
3/11/2025,0.1863
3/12/2025,0.1886
3/13/2025,0.1921
3/14/2025,0.1919
3/17/2025,0.1919
3/18/2025,0.1991
3/19/2025,0.1965
3/20/2025,0.1965
3/21/2025,0.1969
3/24/2025,0.1928
3/25/2025,0.1955
3/26/2025,0.1955
3/27/2025,0.1908
3/28/2025,0.1906
3/31/2025,0.1906
4/1/2025,0.1936
4/2/2025,0.1936
4/3/2025,0.1905
4/4/2025,0.1893
4/7/2025,0.1867
4/8/2025,0.1867
4/9/2025,0.1789
4/10/2025,0.1811
4/11/2025,0.1799
4/14/2025,0.1783
4/15/2025,0.1756
4/16/2025,0.1786
4/17/2025,0.1791
4/18/2025,0.1791
4/21/2025,0.1778
4/22/2025,0.1797
4/23/2025,0.1794
4/24/2025,0.1794
4/25/2025,0.1816
4/28/2025,0.1783
4/29/2025,0.1783
4/30/2025,0.1738
5/1/2025,0.1738
5/2/2025,0.1727
5/5/2025,0.1743
5/6/2025,0.1741
5/7/2025,0.1714
5/8/2025,0.1752
5/9/2025,0.1752
5/12/2025,0.1765
5/13/2025,0.1765
5/14/2025,0.1808
5/15/2025,0.1766
5/16/2025,0.1756
5/19/2025,0.1748
5/20/2025,0.1741
5/21/2025,0.1774
5/22/2025,0.1738
5/23/2025,0.1738
5/26/2025,0.1731
5/27/2025,0.1725
5/28/2025,0.1691
5/29/2025,0.1704
5/30/2025,0.171
6/2/2025,0.1687
6/3/2025,0.1695
6/4/2025,0.1675
6/5/2025,0.1662
6/6/2025,0.1651
6/9/2025,0.1651
6/10/2025,0.1646
6/11/2025,0.1642
6/12/2025,0.1626
6/13/2025,0.1626
6/16/2025,0.1658
6/17/2025,0.1601
6/18/2025,0.1591
6/19/2025,0.1591
6/20/2025,0.1606
6/23/2025,0.16
6/24/2025,0.16
6/25/2025,0.1574
6/26/2025,0.1599
6/27/2025,0.1588
6/30/2025,0.1588
7/1/2025,0.1505
7/2/2025,0.157
7/3/2025,0.1556
7/4/2025,0.1637
7/7/2025,0.1637
7/8/2025,0.1625
7/9/2025,0.1615
7/10/2025,0.1654
7/11/2025,0.1626
7/14/2025,0.1656
7/15/2025,0.1631
7/16/2025,0.1656
7/17/2025,0.1655
7/18/2025,0.1675
7/21/2025,0.1679
7/22/2025,0.1636
7/23/2025,0.1626
7/24/2025,0.1627
7/25/2025,0.1657
7/28/2025,0.1628
7/29/2025,0.1643
7/30/2025,0.1656
7/31/2025,0.1646
8/1/2025,0.1635
8/4/2025,0.1625
8/5/2025,0.1625
8/6/2025,0.1609
8/7/2025,0.1604
8/8/2025,0.1603
8/11/2025,0.1654
8/12/2025,0.1654
8/13/2025,0.1695
8/14/2025,0.1683
8/15/2025,0.1658
8/18/2025,0.1647
8/19/2025,0.1624
8/20/2025,0.163
8/21/2025,0.1636
8/22/2025,0.1636
8/25/2025,0.1644
8/26/2025,0.1639
8/27/2025,0.1642
8/28/2025,0.1644
8/29/2025,0.165
9/1/2025,0.1634
9/2/2025,0.1634
9/3/2025,0.1605
9/4/2025,0.1605
9/5/2025,0.157
9/8/2025,0.154
9/9/2025,0.1564
9/10/2025,0.1584
9/11/2025,0.1589
9/12/2025,0.158
9/15/2025,0.1596
9/16/2025,0.1596
9/17/2025,0.1588
9/18/2025,0.1551
9/19/2025,0.1541
9/22/2025,0.155
9/23/2025,0.152
9/24/2025,0.1566
9/25/2025,0.156
9/26/2025,0.1577
9/29/2025,0.1583
9/30/2025,0.1592
10/1/2025,0.1606
10/2/2025,0.1615
10/3/2025,0.1642
10/6/2025,0.165
10/7/2025,0.1678
10/8/2025,0.1664
10/9/2025,0.1632
10/10/2025,0.1625
10/13/2025,0.161
10/14/2025,0.1587
10/15/2025,0.1587
10/16/2025,0.1567
10/17/2025,0.1585
10/20/2025,0.1553
10/21/2025,0.1577
10/22/2025,0.1524
10/23/2025,0.1513
10/24/2025,0.1524
10/27/2025,0.1497
10/28/2025,0.1447
10/29/2025,0.1443
10/30/2025,0.1425
10/31/2025,0.1442
11/3/2025,0.1468
11/4/2025,0.1421
11/5/2025,0.1412
11/6/2025,0.1422
11/7/2025,0.1413
11/10/2025,0.1426
11/11/2025,0.1428
11/12/2025,0.1457
11/13/2025,0.1443
11/14/2025,0.1485
11/17/2025,0.1475
11/18/2025,0.1471
11/19/2025,0.1466
11/20/2025,0.1468
11/21/2025,0.1477
11/24/2025,0.1485
11/25/2025,0.149
11/26/2025,0.1512
11/27/2025,0.1512
11/28/2025,0.1521
12/1/2025,0.1474
12/2/2025,0.1497
12/3/2025,0.1492
12/4/2025,0.1491
12/5/2025,0.1482
12/8/2025,0.1483
12/9/2025,0.1466
12/10/2025,0.149
12/11/2025,0.1486
12/12/2025,0.151
12/15/2025,0.1493
12/16/2025,0.1485
12/17/2025,0.1476
12/18/2025,0.1447
12/19/2025,0.1485
12/22/2025,0.15
12/23/2025,0.1517
12/24/2025,0.153
12/25/2025,0.153
12/26/2025,0.1517
12/29/2025,0.1523
12/30/2025,0.1486
12/31/2025,0.1495
1/1/2026,0.1495
1/2/2026,0.146
1/5/2026,0.1472
1/6/2026,0.1476
1/7/2026,0.1497
1/8/2026,0.1496
1/9/2026,0.1489
1/12/2026,0.1484
1/13/2026,0.1486
1/14/2026,0.1464
1/15/2026,0.1459
1/16/2026,0.1499
1/19/2026,0.1499
1/20/2026,0.1473
1/21/2026,0.1477
1/22/2026,0.1496
1/23/2026,0.1473
1/26/2026,0.1477
1/27/2026,0.1483
1/28/2026,0.1472
1/29/2026,0.1471
1/30/2026,0.1426
2/2/2026,0.1426
2/3/2026,0.1463
2/4/2026,0.1441
2/5/2026,0.1427
2/6/2026,0.1414
2/9/2026,0.1431
2/10/2026,0.1411
2/11/2026,0.1386
2/12/2026,0.138
2/13/2026,0.1387
2/16/2026,0.1387
2/17/2026,0.1384
2/18/2026,0.1417
2/19/2026,0.1408
2/20/2026,0.143
2/23/2026,0.1447
2/24/2026,0.1452
2/25/2026,0.1456
2/26/2026,0.1437
2/27/2026,0.1392
3/2/2026,0.139
3/3/2026,0.1395
3/4/2026,0.1371
3/5/2026,0.1371
3/6/2026,0.1409
3/9/2026,0.1462
3/10/2026,0.1432
3/11/2026,0.1422
3/12/2026,0.1443
3/13/2026,0.1441
3/16/2026,0.1418
3/17/2026,0.1447
3/18/2026,0.1482
3/19/2026,0.1542
3/20/2026,0.1563
3/23/2026,0.1552
3/24/2026,0.159
3/25/2026,0.1553
3/26/2026,0.1585
3/27/2026,0.1575
3/30/2026,0.1554
3/31/2026,0.1551
4/1/2026,0.1524
4/2/2026,0.1496
