Date,Value
7/1/1959,1.964
7/2/1959,1.971
7/6/1959,1.97
7/7/1959,1.971
7/8/1959,1.964
7/9/1959,1.955
7/10/1959,1.956
7/13/1959,1.961
7/14/1959,1.955
7/15/1959,1.953
7/16/1959,1.951
7/17/1959,1.944
7/20/1959,1.954
7/21/1959,1.947
7/22/1959,1.945
7/23/1959,1.942
7/24/1959,1.944
7/27/1959,1.953
7/28/1959,1.945
7/29/1959,1.945
7/30/1959,1.95
7/31/1959,1.962
8/3/1959,1.956
8/4/1959,1.967
8/5/1959,1.956
8/6/1959,1.953
8/7/1959,1.953
8/10/1959,1.955
8/11/1959,1.96
8/12/1959,1.954
8/13/1959,1.951
8/14/1959,1.954
8/17/1959,1.955
8/18/1959,1.952
8/19/1959,1.955
8/20/1959,1.953
8/21/1959,1.953
8/24/1959,1.971
8/25/1959,1.967
8/26/1959,1.97
8/27/1959,1.964
8/28/1959,1.964
8/31/1959,1.972
9/1/1959,1.977
9/2/1959,1.983
9/3/1959,1.982
9/4/1959,1.981
9/8/1959,1.975
9/9/1959,1.967
9/10/1959,1.966
9/11/1959,1.966
9/14/1959,1.966
9/15/1959,1.967
9/16/1959,1.957
9/17/1959,1.957
9/18/1959,1.961
9/21/1959,1.96
9/22/1959,1.942
9/23/1959,1.953
9/24/1959,1.953
9/25/1959,1.946
9/28/1959,1.946
9/29/1959,1.952
9/30/1959,1.964
10/1/1959,1.96
10/2/1959,1.963
10/5/1959,1.957
10/6/1959,1.966
10/7/1959,1.97
10/8/1959,1.97
10/9/1959,1.966
10/12/1959,1.974
10/13/1959,1.973
10/14/1959,1.967
10/15/1959,1.965
10/16/1959,1.976
10/19/1959,1.975
10/20/1959,1.981
10/21/1959,2
10/22/1959,2.003
10/23/1959,2.007
10/26/1959,2.003
10/27/1959,2.003
10/28/1959,2.011
10/29/1959,1.996
10/30/1959,2.003
11/2/1959,2.005
11/3/1959,2.004
11/4/1959,2
11/5/1959,1.996
11/6/1959,1.997
11/9/1959,2.01
11/10/1959,2.02
11/11/1959,2.014
11/12/1959,2.015
11/13/1959,2.026
11/16/1959,2.02
11/17/1959,2.01
11/18/1959,2.005
11/19/1959,1.994
11/20/1959,1.983
11/23/1959,1.977
11/24/1959,1.995
11/25/1959,2.0084
11/27/1959,2.0124
11/30/1959,2.022
12/1/1959,2.032
12/2/1959,2.036
12/3/1959,2.031
12/4/1959,2.03
12/7/1959,2.026
12/8/1959,2.017
12/9/1959,2.016
12/10/1959,2.016
12/11/1959,2.012
12/14/1959,2.016
12/15/1959,2.024
12/16/1959,2.023
12/17/1959,2.006
12/18/1959,2.012
12/21/1959,2.014
12/22/1959,2.013
12/23/1959,2.025
12/24/1959,2.031
12/28/1959,2.033
12/29/1959,2.036
12/30/1959,2.041
12/31/1959,2.042
1/4/1960,2.047
1/5/1960,2.037
1/6/1960,2.037
1/7/1960,2.034
1/8/1960,2.042
1/11/1960,2.045
1/12/1960,2.043
1/13/1960,2.034
1/14/1960,2.023
1/15/1960,2.026
1/18/1960,2.026
1/19/1960,2.021
1/20/1960,2.016
1/21/1960,2.022
1/22/1960,2.022
1/25/1960,2.023
1/26/1960,2.031
1/27/1960,2.021
1/28/1960,2.02
1/29/1960,2.005
2/1/1960,1.995
2/2/1960,1.991
2/3/1960,1.991
2/4/1960,1.984
2/5/1960,1.986
2/8/1960,1.985
2/9/1960,1.99
2/10/1960,1.982
2/11/1960,1.991
2/12/1960,2.001
2/15/1960,1.995
2/16/1960,2.002
2/17/1960,1.997
2/18/1960,1.995
2/19/1960,1.997
2/23/1960,1.995
2/24/1960,1.9958
2/25/1960,1.984
2/26/1960,1.9846
2/29/1960,1.996
3/1/1960,2.001
3/2/1960,2.001
3/3/1960,2.005
3/4/1960,2
3/7/1960,2.01
3/8/1960,2.017
3/9/1960,2.016
3/10/1960,2.005
3/11/1960,2.017
3/14/1960,2.034
3/15/1960,2.042
3/16/1960,2.046
3/17/1960,2.042
3/18/1960,2.041
3/21/1960,2.051
3/22/1960,2.055
3/23/1960,2.071
3/24/1960,2.083
3/25/1960,2.076
3/28/1960,2.063
3/29/1960,2.063
3/30/1960,2.074
3/31/1960,2.075
4/1/1960,2.082
4/4/1960,2.08
4/5/1960,2.077
4/6/1960,2.083
4/7/1960,2.087
4/8/1960,2.075
4/11/1960,2.063
4/12/1960,2.072
4/13/1960,2.057
4/14/1960,2.057
4/18/1960,2.064
4/19/1960,2.072
4/20/1960,2.08
4/21/1960,2.084
4/22/1960,2.087
4/25/1960,2.081
4/26/1960,2.0362
4/27/1960,1.9982
4/28/1960,1.9452
4/29/1960,1.9006
5/2/1960,1.846
5/3/1960,1.852
5/4/1960,1.855
5/5/1960,1.856
5/6/1960,1.853
5/9/1960,1.855
5/10/1960,1.854
5/11/1960,1.851
5/12/1960,1.851
5/13/1960,1.85
5/16/1960,1.854
5/17/1960,1.856
5/18/1960,1.856
5/19/1960,1.856
5/20/1960,1.86
5/23/1960,1.86
5/24/1960,1.85
5/25/1960,1.846
5/26/1960,1.845
5/27/1960,1.845
5/31/1960,1.845
6/1/1960,1.846
6/2/1960,1.845
6/3/1960,1.85
6/6/1960,1.843
6/7/1960,1.842
6/8/1960,1.846
6/9/1960,1.852
6/10/1960,1.85
6/13/1960,1.844
6/14/1960,1.841
6/15/1960,1.842
6/16/1960,1.842
6/17/1960,1.835
6/20/1960,1.825
6/21/1960,1.825
6/22/1960,1.821
6/23/1960,1.821
6/24/1960,1.817
6/27/1960,1.8288
6/28/1960,1.835
6/29/1960,1.8408
6/30/1960,1.8524
7/1/1960,1.86
7/5/1960,1.866
7/6/1960,1.86
7/7/1960,1.851
7/8/1960,1.847
7/11/1960,1.85
7/12/1960,1.853
7/13/1960,1.855
7/14/1960,1.855
7/15/1960,1.846
7/18/1960,1.837
7/19/1960,1.83
7/20/1960,1.832
7/21/1960,1.842
7/22/1960,1.836
7/25/1960,1.831
7/26/1960,1.835
7/27/1960,1.841
7/28/1960,1.842
7/29/1960,1.84
8/1/1960,1.847
8/2/1960,1.847
8/3/1960,1.852
8/4/1960,1.861
8/5/1960,1.863
8/8/1960,1.862
8/9/1960,1.857
8/10/1960,1.856
8/11/1960,1.854
8/12/1960,1.856
8/15/1960,1.856
8/16/1960,1.85
8/17/1960,1.85
8/18/1960,1.852
8/19/1960,1.856
8/22/1960,1.857
8/23/1960,1.857
8/24/1960,1.86
8/25/1960,1.86
8/26/1960,1.875
8/29/1960,1.887
8/30/1960,1.8906
8/31/1960,1.9012
9/1/1960,1.923
9/2/1960,1.922
9/6/1960,1.922
9/7/1960,1.92
9/8/1960,1.924
9/9/1960,1.93
9/12/1960,1.926
9/13/1960,1.932
9/14/1960,1.931
9/15/1960,1.933
9/16/1960,1.932
9/19/1960,1.927
9/20/1960,1.93
9/21/1960,1.933
9/22/1960,1.934
9/23/1960,1.937
9/26/1960,1.944
9/27/1960,1.947
9/28/1960,1.95
9/29/1960,1.951
9/30/1960,1.945
10/3/1960,1.952
10/4/1960,1.961
10/5/1960,1.96
10/6/1960,1.957
10/7/1960,1.96
10/10/1960,1.953
10/11/1960,1.956
10/12/1960,1.96
10/13/1960,1.957
10/14/1960,1.953
10/17/1960,1.951
10/18/1960,1.947
10/19/1960,1.956
10/20/1960,1.96
10/21/1960,1.965
10/24/1960,1.966
10/25/1960,1.964
10/26/1960,1.975
10/27/1960,1.98
10/28/1960,1.983
10/31/1960,1.992
11/1/1960,1.995
11/2/1960,1.997
11/3/1960,2.012
11/4/1960,2.002
11/7/1960,2
11/9/1960,2.005
11/10/1960,1.987
11/11/1960,1.997
11/14/1960,2.002
11/15/1960,1.996
11/16/1960,1.991
11/17/1960,1.987
11/18/1960,2.004
11/21/1960,2.01
11/22/1960,2.017
11/23/1960,2.036
11/25/1960,2.0304
11/28/1960,2.0252
11/29/1960,2.0386
11/30/1960,2.0516
12/1/1960,2.047
12/2/1960,2.046
12/5/1960,2.051
12/6/1960,2.05
12/7/1960,2.055
12/8/1960,2.061
12/9/1960,2.066
12/12/1960,2.066
12/13/1960,2.053
12/14/1960,2.057
12/15/1960,2.056
12/16/1960,2.057
12/19/1960,2.052
12/20/1960,2.063
12/21/1960,2.075
12/22/1960,2.077
12/23/1960,2.081
12/27/1960,2.07
12/28/1960,2.077
12/29/1960,2.083
12/30/1960,2.085
1/3/1961,2.084
1/4/1961,2.097
1/5/1961,2.105
1/6/1961,2.122
1/9/1961,2.107
1/10/1961,2.106
1/11/1961,2.095
1/12/1961,2.087
1/13/1961,2.096
1/16/1961,2.105
1/17/1961,2.112
1/18/1961,2.106
1/19/1961,2.111
1/20/1961,2.11
1/23/1961,2.117
1/24/1961,2.125
1/25/1961,2.137
1/26/1961,2.145
1/27/1961,2.151
1/30/1961,2.153
1/31/1961,2.132
2/1/1961,2.141
2/2/1961,2.144
2/3/1961,2.141
2/6/1961,2.136
2/7/1961,2.113
2/8/1961,2.107
2/9/1961,2.11
2/10/1961,2.104
2/13/1961,2.09
2/14/1961,2.086
2/15/1961,2.102
2/16/1961,2.114
2/17/1961,2.104
2/20/1961,2.113
2/21/1961,2.121
2/23/1961,2.1206
2/24/1961,2.1072
2/27/1961,2.1068
2/28/1961,2.1144
3/1/1961,2.103
3/2/1961,2.104
3/3/1961,2.106
3/6/1961,2.102
3/7/1961,2.085
3/8/1961,2.095
3/9/1961,2.084
3/10/1961,2.083
3/13/1961,2.076
3/14/1961,2.081
3/15/1961,2.081
3/16/1961,2.08
3/17/1961,2.062
3/20/1961,2.055
3/21/1961,2.06
3/22/1961,2.053
3/23/1961,2.053
3/24/1961,2.06
3/27/1961,2.047
3/28/1961,2.03
3/29/1961,1.994
3/30/1961,1.992
4/3/1961,1.963
4/4/1961,1.971
4/5/1961,1.964
4/6/1961,1.974
4/7/1961,1.987
4/10/1961,1.961
4/11/1961,1.951
4/12/1961,1.926
4/13/1961,1.922
4/14/1961,1.917
4/17/1961,1.895
4/18/1961,1.89
4/19/1961,1.916
4/20/1961,1.916
4/21/1961,1.914
4/24/1961,1.897
4/25/1961,1.8946
4/26/1961,1.8906
4/27/1961,1.8904
4/28/1961,1.8864
5/1/1961,1.885
5/2/1961,1.887
5/3/1961,1.88
5/4/1961,1.875
5/5/1961,1.874
5/8/1961,1.865
5/9/1961,1.867
5/10/1961,1.866
5/11/1961,1.872
5/12/1961,1.875
5/15/1961,1.886
5/16/1961,1.876
5/17/1961,1.876
5/18/1961,1.876
5/19/1961,1.872
5/22/1961,1.862
5/23/1961,1.863
5/24/1961,1.856
5/25/1961,1.85
5/26/1961,1.855
5/29/1961,1.855
5/31/1961,1.857
6/1/1961,1.857
6/2/1961,1.865
6/5/1961,1.875
6/6/1961,1.871
6/7/1961,1.87
6/8/1961,1.876
6/9/1961,1.871
6/12/1961,1.872
6/13/1961,1.87
6/14/1961,1.871
6/15/1961,1.877
6/16/1961,1.875
6/19/1961,1.882
6/20/1961,1.9
6/21/1961,1.894
6/22/1961,1.89
6/23/1961,1.884
6/26/1961,1.885
6/27/1961,1.9062
6/28/1961,1.9226
6/29/1961,1.95
6/30/1961,1.95
7/3/1961,1.957
7/5/1961,1.955
7/6/1961,1.947
7/7/1961,1.931
7/10/1961,1.922
7/11/1961,1.935
7/12/1961,1.937
7/13/1961,1.931
7/14/1961,1.926
7/17/1961,1.944
7/18/1961,1.953
7/19/1961,1.967
7/20/1961,1.97
7/21/1961,1.964
7/24/1961,1.973
7/25/1961,1.973
7/26/1961,1.951
7/27/1961,1.946
7/28/1961,1.955
7/31/1961,1.963
8/1/1961,1.974
8/2/1961,1.974
8/3/1961,1.964
8/4/1961,1.973
8/7/1961,1.984
8/8/1961,1.983
8/9/1961,1.977
8/10/1961,1.983
8/11/1961,1.985
8/14/1961,2.002
8/15/1961,2.004
8/16/1961,1.995
8/17/1961,1.985
8/18/1961,1.993
8/21/1961,1.99
8/22/1961,1.986
8/23/1961,1.982
8/24/1961,1.977
8/25/1961,1.985
8/28/1961,1.9968
8/29/1961,1.9976
8/30/1961,2.0128
8/31/1961,2.0184
9/1/1961,2.032
9/5/1961,2.041
9/6/1961,2.04
9/7/1961,2.043
9/8/1961,2.053
9/11/1961,2.053
9/12/1961,2.056
9/13/1961,2.055
9/14/1961,2.053
9/15/1961,2.053
9/18/1961,2.046
9/19/1961,2.046
9/20/1961,2.06
9/21/1961,2.061
9/22/1961,2.066
9/25/1961,2.071
9/26/1961,2.063
9/27/1961,2.047
9/28/1961,2.044
9/29/1961,2.045
10/2/1961,2.026
10/3/1961,2.034
10/4/1961,2.031
10/5/1961,2.022
10/6/1961,2.027
10/9/1961,2.024
10/10/1961,2.032
10/11/1961,2.04
10/12/1961,2.043
10/13/1961,2.041
10/16/1961,2.044
10/17/1961,2.037
10/18/1961,2.037
10/19/1961,2.033
10/20/1961,2.037
10/23/1961,2.051
10/24/1961,2.051
10/25/1961,2.044
10/26/1961,2.03
10/27/1961,2.027
10/30/1961,2.022
10/31/1961,2.024
11/1/1961,2.026
11/2/1961,2.023
11/3/1961,2.024
11/6/1961,2.024
11/7/1961,2.035
11/8/1961,2.033
11/9/1961,2.026
11/10/1961,2.032
11/13/1961,2.034
11/14/1961,2.035
11/15/1961,2.027
11/16/1961,2.031
11/17/1961,2.024
11/20/1961,2.025
11/21/1961,2.034
11/22/1961,2.034
11/24/1961,2.044
11/27/1961,2.0598
11/28/1961,2.073
11/29/1961,2.0828
11/30/1961,2.0872
12/1/1961,2.092
12/4/1961,2.095
12/5/1961,2.092
12/6/1961,2.102
12/7/1961,2.102
12/8/1961,2.1
12/11/1961,2.096
12/12/1961,2.092
12/13/1961,2.091
12/14/1961,2.091
12/15/1961,2.093
12/18/1961,2.084
12/19/1961,2.086
12/20/1961,2.09
12/21/1961,2.085
12/22/1961,2.082
12/26/1961,2.066
12/27/1961,2.066
12/28/1961,2.071
12/29/1961,2.072
1/2/1962,2.063
1/3/1962,2.064
1/4/1962,2.065
1/5/1962,2.07
1/8/1962,2.071
1/9/1962,2.071
1/10/1962,2.056
1/11/1962,2.046
1/12/1962,2.046
1/15/1962,2.043
1/16/1962,2.045
1/17/1962,2.044
1/18/1962,2.031
1/19/1962,2.03
1/22/1962,2.013
1/23/1962,2.023
1/24/1962,2.014
1/25/1962,2.026
1/26/1962,2.023
1/29/1962,2.04
1/30/1962,2.027
1/31/1962,2.026
2/1/1962,2.036
2/2/1962,2.031
2/5/1962,2.036
2/6/1962,2.037
2/7/1962,2.027
2/8/1962,2.026
2/9/1962,2.03
2/12/1962,2.023
2/13/1962,2.026
2/14/1962,2.025
2/15/1962,2.024
2/16/1962,2.013
2/19/1962,1.996
2/20/1962,2.002
2/21/1962,2.004
2/23/1962,2.0098
2/26/1962,2.022
2/27/1962,2.0224
2/28/1962,2.0314
3/1/1962,2.052
3/2/1962,2.054
3/5/1962,2.062
3/6/1962,2.061
3/7/1962,2.06
3/8/1962,2.061
3/9/1962,2.06
3/12/1962,2.06
3/13/1962,2.057
3/14/1962,2.06
3/15/1962,2.062
3/16/1962,2.073
3/19/1962,2.066
3/20/1962,2.065
3/21/1962,2.07
3/22/1962,2.073
3/23/1962,2.06
3/26/1962,2.063
3/27/1962,2.064
3/28/1962,2.062
3/29/1962,2.065
3/30/1962,2.073
4/2/1962,2.077
4/3/1962,2.082
4/4/1962,2.094
4/5/1962,2.091
4/6/1962,2.087
4/9/1962,2.09
4/10/1962,2.097
4/11/1962,2.103
4/12/1962,2.105
4/13/1962,2.115
4/16/1962,2.116
4/17/1962,2.097
4/18/1962,2.104
4/19/1962,2.102
4/23/1962,2.101
4/24/1962,2.096
4/25/1962,2.1014
4/26/1962,2.1062
4/27/1962,2.1244
4/30/1962,2.1398
5/1/1962,2.147
5/2/1962,2.147
5/3/1962,2.15
5/4/1962,2.153
5/7/1962,2.162
5/8/1962,2.155
5/9/1962,2.15
5/10/1962,2.152
5/11/1962,2.144
5/14/1962,2.153
5/15/1962,2.166
5/16/1962,2.156
5/17/1962,2.151
5/18/1962,2.151
5/21/1962,2.157
5/22/1962,2.147
5/23/1962,2.134
5/24/1962,2.135
5/25/1962,2.144
5/28/1962,2.135
5/29/1962,2.142
5/31/1962,2.144
6/1/1962,2.147
6/4/1962,2.15
6/5/1962,2.153
6/6/1962,2.146
6/7/1962,2.145
6/8/1962,2.141
6/11/1962,2.147
6/12/1962,2.15
6/13/1962,2.153
6/14/1962,2.145
6/15/1962,2.144
6/18/1962,2.142
6/19/1962,2.143
6/20/1962,2.142
6/21/1962,2.141
6/22/1962,2.125
6/25/1962,2.132
6/26/1962,2.14
6/27/1962,2.135
6/28/1962,2.1288
6/29/1962,2.1342
7/2/1962,2.147
7/3/1962,2.155
7/5/1962,2.153
7/6/1962,2.161
7/9/1962,2.156
7/10/1962,2.161
7/11/1962,2.155
7/12/1962,2.155
7/13/1962,2.162
7/16/1962,2.154
7/17/1962,2.15
7/18/1962,2.144
7/19/1962,2.14
7/20/1962,2.143
7/23/1962,2.144
7/24/1962,2.147
7/25/1962,2.143
7/26/1962,2.133
7/27/1962,2.125
7/30/1962,2.125
7/31/1962,2.123
8/1/1962,2.116
8/2/1962,2.114
8/3/1962,2.122
8/6/1962,2.12
8/7/1962,2.104
8/8/1962,2.073
8/9/1962,2.054
8/10/1962,2.07
8/13/1962,2.075
8/14/1962,2.083
8/15/1962,2.086
8/16/1962,2.08
8/17/1962,2.07
8/20/1962,2.074
8/21/1962,2.073
8/22/1962,2.097
8/23/1962,2.09
8/24/1962,2.081
8/27/1962,2.07
8/28/1962,2.0864
8/29/1962,2.108
8/30/1962,2.1158
8/31/1962,2.127
9/4/1962,2.15
9/5/1962,2.145
9/6/1962,2.145
9/7/1962,2.157
9/10/1962,2.154
9/11/1962,2.144
9/12/1962,2.134
9/13/1962,2.107
9/14/1962,2.11
9/17/1962,2.084
9/18/1962,2.071
9/19/1962,2.082
9/20/1962,2.083
9/21/1962,2.085
9/24/1962,2.075
9/25/1962,2.054
9/26/1962,2.016
9/27/1962,1.994
9/28/1962,1.997
10/1/1962,2.014
10/2/1962,2.011
10/3/1962,2.02
10/4/1962,2.033
10/5/1962,2.036
10/8/1962,2.033
10/9/1962,2.031
10/10/1962,2.042
10/11/1962,2.033
10/12/1962,2.04
10/15/1962,2.054
10/16/1962,2.057
10/17/1962,2.056
10/18/1962,2.05
10/19/1962,2.052
10/22/1962,2.072
10/23/1962,2.106
10/24/1962,2.076
10/25/1962,2.072
10/26/1962,2.076
10/29/1962,2.053
10/30/1962,2.065
10/31/1962,2.066
11/1/1962,2.073
11/2/1962,2.077
11/5/1962,2.083
11/7/1962,2.095
11/8/1962,2.07
11/9/1962,2.084
11/12/1962,2.082
11/13/1962,2.074
11/14/1962,2.067
11/15/1962,2.055
11/16/1962,2.061
11/19/1962,2.067
11/20/1962,2.045
11/21/1962,2.044
11/23/1962,2.043
11/26/1962,2.054
11/27/1962,2.0716
11/28/1962,2.0716
11/29/1962,2.072
11/30/1962,2.0888
12/3/1962,2.111
12/4/1962,2.101
12/5/1962,2.102
12/6/1962,2.104
12/7/1962,2.102
12/10/1962,2.102
12/11/1962,2.091
12/12/1962,2.101
12/13/1962,2.104
12/14/1962,2.111
12/17/1962,2.107
12/18/1962,2.103
12/19/1962,2.11
12/20/1962,2.112
12/21/1962,2.113
12/26/1962,2.106
12/27/1962,2.104
12/28/1962,2.106
12/31/1962,2.111
1/2/1963,2.106
1/3/1963,2.114
1/4/1963,2.107
1/7/1963,2.09
1/8/1963,2.066
1/9/1963,2.072
1/10/1963,2.081
1/11/1963,2.082
1/14/1963,2.066
1/15/1963,2.087
1/16/1963,2.094
1/17/1963,2.096
1/18/1963,2.085
1/21/1963,2.091
1/22/1963,2.086
1/23/1963,2.104
1/24/1963,2.101
1/25/1963,2.106
1/28/1963,2.122
1/29/1963,2.122
1/30/1963,2.116
1/31/1963,2.114
2/1/1963,2.084
2/4/1963,2.091
2/5/1963,2.1
2/6/1963,2.105
2/7/1963,2.102
2/8/1963,2.103
2/11/1963,2.082
2/12/1963,2.066
2/13/1963,2.066
2/14/1963,2.073
2/15/1963,2.081
2/18/1963,2.055
2/19/1963,2.053
2/20/1963,2.054
2/21/1963,2.072
2/25/1963,2.0668
2/26/1963,2.0626
2/27/1963,2.06
2/28/1963,2.0662
3/1/1963,2.075
3/4/1963,2.066
3/5/1963,2.076
3/6/1963,2.066
3/7/1963,2.063
3/8/1963,2.071
3/11/1963,2.07
3/12/1963,2.07
3/13/1963,2.061
3/14/1963,2.061
3/15/1963,2.06
3/18/1963,2.041
3/19/1963,2.016
3/20/1963,2.004
3/21/1963,2.032
3/22/1963,2.046
3/25/1963,2.037
3/26/1963,2.036
3/27/1963,2.042
3/28/1963,2.063
3/29/1963,2.073
4/1/1963,2.074
4/2/1963,2.066
4/3/1963,2.083
4/4/1963,2.103
4/5/1963,2.096
4/8/1963,2.12
4/9/1963,2.102
4/10/1963,2.101
4/11/1963,2.112
4/15/1963,2.085
4/16/1963,2.076
4/17/1963,2.083
4/18/1963,2.084
4/19/1963,2.096
4/22/1963,2.102
4/23/1963,2.104
4/24/1963,2.093
4/25/1963,2.0568
4/26/1963,2.0008
4/29/1963,1.9662
4/30/1963,1.9302
5/1/1963,1.882
5/2/1963,1.873
5/3/1963,1.877
5/6/1963,1.88
5/7/1963,1.883
5/8/1963,1.873
5/9/1963,1.88
5/10/1963,1.88
5/13/1963,1.871
5/14/1963,1.867
5/15/1963,1.865
5/16/1963,1.854
5/17/1963,1.85
5/20/1963,1.854
5/21/1963,1.851
5/22/1963,1.85
5/23/1963,1.862
5/24/1963,1.861
5/27/1963,1.851
5/28/1963,1.854
5/29/1963,1.853
5/31/1963,1.852
6/3/1963,1.852
6/4/1963,1.85
6/5/1963,1.852
6/6/1963,1.857
6/7/1963,1.863
6/10/1963,1.872
6/11/1963,1.865
6/12/1963,1.867
6/13/1963,1.866
6/14/1963,1.89
6/17/1963,1.894
6/18/1963,1.881
6/19/1963,1.884
6/20/1963,1.891
6/21/1963,1.872
6/24/1963,1.86
6/25/1963,1.8592
6/26/1963,1.8606
6/27/1963,1.8596
6/28/1963,1.8578
7/1/1963,1.873
7/2/1963,1.874
7/3/1963,1.867
7/5/1963,1.853
7/8/1963,1.846
7/9/1963,1.845
7/10/1963,1.841
7/11/1963,1.817
7/12/1963,1.814
7/15/1963,1.825
7/16/1963,1.831
7/17/1963,1.824
7/18/1963,1.822
7/19/1963,1.812
7/22/1963,1.801
7/23/1963,1.795
7/24/1963,1.772
7/25/1963,1.765
7/26/1963,1.771
7/29/1963,1.785
7/30/1963,1.785
7/31/1963,1.791
8/1/1963,1.784
8/2/1963,1.785
8/5/1963,1.802
8/6/1963,1.801
8/7/1963,1.804
8/8/1963,1.811
8/9/1963,1.807
8/12/1963,1.8
8/13/1963,1.797
8/14/1963,1.792
8/15/1963,1.795
8/16/1963,1.797
8/19/1963,1.802
8/20/1963,1.802
8/21/1963,1.794
8/22/1963,1.791
8/23/1963,1.793
8/26/1963,1.786
8/27/1963,1.7912
8/28/1963,1.799
8/29/1963,1.8048
8/30/1963,1.8232
9/3/1963,1.852
9/4/1963,1.872
9/5/1963,1.881
9/6/1963,1.891
9/9/1963,1.894
9/10/1963,1.903
9/11/1963,1.907
9/12/1963,1.91
9/13/1963,1.932
9/16/1963,1.947
9/17/1963,1.96
9/18/1963,1.955
9/19/1963,1.977
9/20/1963,2.034
9/23/1963,2.022
9/24/1963,2.04
9/25/1963,2.062
9/26/1963,2.022
9/27/1963,2.022
9/30/1963,2.064
10/1/1963,2.074
10/2/1963,2.074
10/3/1963,2.074
10/4/1963,2.082
10/7/1963,2.106
10/8/1963,2.092
10/9/1963,2.112
10/10/1963,2.114
10/11/1963,2.09
10/14/1963,2.103
10/15/1963,2.123
10/16/1963,2.134
10/17/1963,2.133
10/18/1963,2.125
10/21/1963,2.117
10/22/1963,2.121
10/23/1963,2.12
10/24/1963,2.127
10/25/1963,2.164
10/28/1963,2.157
10/29/1963,2.15
10/30/1963,2.153
10/31/1963,2.145
11/1/1963,2.162
11/4/1963,2.155
11/5/1963,2.136
11/6/1963,2.15
11/7/1963,2.173
11/8/1963,2.176
11/11/1963,2.175
11/12/1963,2.173
11/13/1963,2.173
11/14/1963,2.166
11/15/1963,2.146
11/18/1963,2.136
11/19/1963,2.122
11/20/1963,2.122
11/21/1963,2.093
11/22/1963,2.0844
11/26/1963,2.1244
11/27/1963,2.1406
11/29/1963,2.156
12/2/1963,2.173
12/3/1963,2.16
12/4/1963,2.177
12/5/1963,2.157
12/6/1963,2.171
12/9/1963,2.167
12/10/1963,2.171
12/11/1963,2.174
12/12/1963,2.195
12/13/1963,2.191
12/16/1963,2.183
12/17/1963,2.172
12/18/1963,2.182
12/19/1963,2.186
12/20/1963,2.185
12/23/1963,2.191
12/24/1963,2.187
12/26/1963,2.191
12/27/1963,2.197
12/30/1963,2.193
12/31/1963,2.194
1/2/1964,2.193
1/3/1964,2.217
1/6/1964,2.226
1/7/1964,2.222
1/8/1964,2.226
1/9/1964,2.223
1/10/1964,2.217
1/13/1964,2.231
1/14/1964,2.231
1/15/1964,2.23
1/16/1964,2.23
1/17/1964,2.224
1/20/1964,2.22
1/21/1964,2.2
1/22/1964,2.194
1/23/1964,2.214
1/24/1964,2.213
1/27/1964,2.202
1/28/1964,2.212
1/29/1964,2.197
1/30/1964,2.2
1/31/1964,2.18
2/3/1964,2.201
2/4/1964,2.182
2/5/1964,2.195
2/6/1964,2.204
2/7/1964,2.206
2/10/1964,2.195
2/11/1964,2.202
2/12/1964,2.205
2/13/1964,2.223
2/14/1964,2.235
2/17/1964,2.22
2/18/1964,2.2
2/19/1964,2.193
2/20/1964,2.193
2/24/1964,2.163
2/25/1964,2.1688
2/26/1964,2.1308
2/27/1964,2.0824
2/28/1964,2.0804
3/2/1964,2.017
3/3/1964,2.033
3/4/1964,2.003
3/5/1964,1.99
3/6/1964,1.956
3/9/1964,1.95
3/10/1964,1.956
3/11/1964,1.952
3/12/1964,1.956
3/13/1964,1.984
3/16/1964,1.955
3/17/1964,1.92
3/18/1964,1.937
3/19/1964,1.954
3/20/1964,1.962
3/23/1964,1.933
3/24/1964,1.954
3/25/1964,1.972
3/26/1964,2.01
3/30/1964,2.051
3/31/1964,2.04
4/1/1964,2.037
4/2/1964,2.03
4/3/1964,2.02
4/6/1964,2.01
4/7/1964,2.024
4/8/1964,2.036
4/9/1964,2.06
4/10/1964,2.044
4/13/1964,2.08
4/14/1964,2.082
4/15/1964,2.026
4/16/1964,2.041
4/17/1964,2.036
4/20/1964,1.993
4/21/1964,2.012
4/22/1964,2.01
4/23/1964,2.037
4/24/1964,2.047
4/27/1964,1.9186
4/28/1964,1.8174
4/29/1964,1.7162
4/30/1964,1.612
5/1/1964,1.525
5/4/1964,1.544
5/5/1964,1.532
5/6/1964,1.533
5/7/1964,1.532
5/8/1964,1.532
5/11/1964,1.525
5/12/1964,1.504
5/13/1964,1.501
5/14/1964,1.496
5/15/1964,1.485
5/18/1964,1.483
5/19/1964,1.483
5/20/1964,1.496
5/21/1964,1.515
5/22/1964,1.511
5/25/1964,1.534
5/26/1964,1.517
5/27/1964,1.507
5/28/1964,1.492
6/1/1964,1.495
6/2/1964,1.51
6/3/1964,1.5
6/4/1964,1.504
6/5/1964,1.493
6/8/1964,1.464
6/9/1964,1.447
6/10/1964,1.441
6/11/1964,1.442
6/12/1964,1.44
6/15/1964,1.444
6/16/1964,1.454
6/17/1964,1.434
6/18/1964,1.434
6/19/1964,1.436
6/22/1964,1.424
6/23/1964,1.425
6/24/1964,1.425
6/25/1964,1.4222
6/26/1964,1.4116
6/29/1964,1.4162
6/30/1964,1.436
7/1/1964,1.434
7/2/1964,1.432
7/6/1964,1.453
7/7/1964,1.454
7/8/1964,1.461
7/9/1964,1.46
7/10/1964,1.446
7/13/1964,1.432
7/14/1964,1.445
7/15/1964,1.434
7/16/1964,1.425
7/17/1964,1.423
7/20/1964,1.417
7/21/1964,1.411
7/22/1964,1.423
7/23/1964,1.431
7/24/1964,1.425
7/27/1964,1.416
7/28/1964,1.407
7/29/1964,1.416
7/30/1964,1.412
7/31/1964,1.407
8/3/1964,1.42
8/4/1964,1.405
8/5/1964,1.426
8/6/1964,1.406
8/7/1964,1.413
8/10/1964,1.405
8/11/1964,1.402
8/12/1964,1.414
8/13/1964,1.414
8/14/1964,1.423
8/17/1964,1.43
8/18/1964,1.427
8/19/1964,1.441
8/20/1964,1.437
8/21/1964,1.436
8/24/1964,1.435
8/25/1964,1.433
8/26/1964,1.4438
8/27/1964,1.4634
8/28/1964,1.4712
8/31/1964,1.4726
9/1/1964,1.484
9/2/1964,1.486
9/3/1964,1.486
9/4/1964,1.475
9/8/1964,1.48
9/9/1964,1.477
9/10/1964,1.481
9/11/1964,1.49
9/14/1964,1.496
9/15/1964,1.514
9/16/1964,1.513
9/17/1964,1.521
9/18/1964,1.523
9/21/1964,1.511
9/22/1964,1.502
9/23/1964,1.492
9/24/1964,1.482
9/25/1964,1.48
9/28/1964,1.482
9/29/1964,1.481
9/30/1964,1.476
10/1/1964,1.482
10/2/1964,1.484
10/5/1964,1.485
10/6/1964,1.49
10/7/1964,1.497
10/8/1964,1.501
10/9/1964,1.511
10/12/1964,1.504
10/13/1964,1.487
10/14/1964,1.483
10/15/1964,1.491
10/16/1964,1.491
10/19/1964,1.504
10/20/1964,1.514
10/21/1964,1.516
10/22/1964,1.504
10/23/1964,1.505
10/26/1964,1.51
10/27/1964,1.501
10/28/1964,1.496
10/29/1964,1.503
10/30/1964,1.513
11/2/1964,1.52
11/4/1964,1.522
11/5/1964,1.526
11/6/1964,1.514
11/9/1964,1.517
11/10/1964,1.53
11/11/1964,1.527
11/12/1964,1.525
11/13/1964,1.517
11/16/1964,1.515
11/17/1964,1.513
11/18/1964,1.516
11/19/1964,1.511
11/20/1964,1.51
11/23/1964,1.521
11/24/1964,1.5224
11/25/1964,1.5252
11/27/1964,1.532
11/30/1964,1.5376
12/1/1964,1.521
12/2/1964,1.514
12/3/1964,1.517
12/4/1964,1.522
12/7/1964,1.522
12/8/1964,1.517
12/9/1964,1.517
12/10/1964,1.514
12/11/1964,1.515
12/14/1964,1.521
12/15/1964,1.525
12/16/1964,1.53
12/17/1964,1.531
12/18/1964,1.537
12/21/1964,1.537
12/22/1964,1.525
12/23/1964,1.507
12/24/1964,1.512
12/28/1964,1.501
12/29/1964,1.485
12/30/1964,1.495
12/31/1964,1.497
1/4/1965,1.501
1/5/1965,1.506
1/6/1965,1.502
1/7/1965,1.506
1/8/1965,1.512
1/11/1965,1.506
1/12/1965,1.494
1/13/1965,1.5
1/14/1965,1.487
1/15/1965,1.485
1/18/1965,1.485
1/19/1965,1.471
1/20/1965,1.457
1/21/1965,1.471
1/22/1965,1.475
1/25/1965,1.47
1/26/1965,1.487
1/27/1965,1.507
1/28/1965,1.515
1/29/1965,1.517
2/1/1965,1.503
2/2/1965,1.497
2/3/1965,1.506
2/4/1965,1.513
2/5/1965,1.507
2/8/1965,1.511
2/9/1965,1.505
2/10/1965,1.503
2/11/1965,1.5
2/12/1965,1.494
2/15/1965,1.49
2/16/1965,1.497
2/17/1965,1.49
2/18/1965,1.486
2/19/1965,1.487
2/23/1965,1.4896
2/24/1965,1.4928
2/25/1965,1.499
2/26/1965,1.5086
3/1/1965,1.514
3/2/1965,1.513
3/3/1965,1.511
3/4/1965,1.517
3/5/1965,1.513
3/8/1965,1.513
3/9/1965,1.517
3/10/1965,1.516
3/11/1965,1.502
3/12/1965,1.5
3/15/1965,1.503
3/16/1965,1.505
3/17/1965,1.494
3/18/1965,1.482
3/19/1965,1.481
3/22/1965,1.487
3/23/1965,1.494
3/24/1965,1.494
3/25/1965,1.494
3/26/1965,1.494
3/29/1965,1.486
3/30/1965,1.492
3/31/1965,1.486
4/1/1965,1.48
4/2/1965,1.485
4/5/1965,1.494
4/6/1965,1.484
4/7/1965,1.482
4/8/1965,1.481
4/9/1965,1.481
4/12/1965,1.487
4/13/1965,1.494
4/14/1965,1.494
4/15/1965,1.503
4/19/1965,1.513
4/20/1965,1.505
4/21/1965,1.494
4/22/1965,1.487
4/23/1965,1.474
4/26/1965,1.473
4/27/1965,1.4434
4/28/1965,1.424
4/29/1965,1.4148
4/30/1965,1.4124
5/3/1965,1.396
5/4/1965,1.393
5/5/1965,1.393
5/6/1965,1.401
5/7/1965,1.403
5/10/1965,1.415
5/11/1965,1.407
5/12/1965,1.405
5/13/1965,1.403
5/14/1965,1.394
5/17/1965,1.383
5/18/1965,1.386
5/19/1965,1.386
5/20/1965,1.384
5/21/1965,1.39
5/24/1965,1.385
5/25/1965,1.394
5/26/1965,1.4
5/27/1965,1.411
5/28/1965,1.404
6/1/1965,1.397
6/2/1965,1.39
6/3/1965,1.385
6/4/1965,1.383
6/7/1965,1.391
6/8/1965,1.395
6/9/1965,1.396
6/10/1965,1.401
6/11/1965,1.394
6/14/1965,1.403
6/15/1965,1.4
6/16/1965,1.396
6/17/1965,1.394
6/18/1965,1.386
6/21/1965,1.383
6/22/1965,1.382
6/23/1965,1.392
6/24/1965,1.393
6/25/1965,1.396
6/28/1965,1.4042
6/29/1965,1.4196
6/30/1965,1.432
7/1/1965,1.432
7/2/1965,1.441
7/6/1965,1.451
7/7/1965,1.445
7/8/1965,1.432
7/9/1965,1.437
7/12/1965,1.421
7/13/1965,1.413
7/14/1965,1.42
7/15/1965,1.43
7/16/1965,1.437
7/19/1965,1.453
7/20/1965,1.445
7/21/1965,1.456
7/22/1965,1.465
7/23/1965,1.462
7/26/1965,1.467
7/27/1965,1.471
7/28/1965,1.467
7/29/1965,1.464
7/30/1965,1.475
8/2/1965,1.474
8/3/1965,1.482
8/4/1965,1.492
8/5/1965,1.494
8/6/1965,1.502
8/9/1965,1.516
8/10/1965,1.516
8/11/1965,1.545
8/12/1965,1.533
8/13/1965,1.534
8/16/1965,1.536
8/17/1965,1.531
8/18/1965,1.513
8/19/1965,1.511
8/20/1965,1.517
8/23/1965,1.516
8/24/1965,1.525
8/25/1965,1.513
8/26/1965,1.5318
8/27/1965,1.5566
8/30/1965,1.5678
8/31/1965,1.584
9/1/1965,1.605
9/2/1965,1.591
9/3/1965,1.602
9/7/1965,1.597
9/8/1965,1.583
9/9/1965,1.585
9/10/1965,1.585
9/13/1965,1.582
9/14/1965,1.594
9/15/1965,1.591
9/16/1965,1.587
9/17/1965,1.6
9/20/1965,1.607
9/21/1965,1.612
9/22/1965,1.606
9/23/1965,1.612
9/24/1965,1.61
9/27/1965,1.624
9/28/1965,1.621
9/29/1965,1.614
9/30/1965,1.61
10/1/1965,1.613
10/4/1965,1.621
10/5/1965,1.613
10/6/1965,1.597
10/7/1965,1.595
10/8/1965,1.6
10/11/1965,1.585
10/12/1965,1.574
10/13/1965,1.586
10/14/1965,1.58
10/15/1965,1.585
10/18/1965,1.591
10/19/1965,1.595
10/20/1965,1.61
10/21/1965,1.614
10/22/1965,1.617
10/25/1965,1.606
10/26/1965,1.604
10/27/1965,1.621
10/28/1965,1.627
10/29/1965,1.632
11/1/1965,1.643
11/2/1965,1.642
11/3/1965,1.631
11/4/1965,1.65
11/5/1965,1.656
11/8/1965,1.651
11/9/1965,1.634
11/10/1965,1.635
11/11/1965,1.636
11/12/1965,1.64
11/15/1965,1.627
11/16/1965,1.634
11/17/1965,1.624
11/18/1965,1.631
11/19/1965,1.64
11/22/1965,1.656
11/23/1965,1.637
11/24/1965,1.6248
11/26/1965,1.605
11/29/1965,1.6266
11/30/1965,1.6322
12/1/1965,1.65
12/2/1965,1.661
12/3/1965,1.664
12/6/1965,1.673
12/7/1965,1.672
12/8/1965,1.673
12/9/1965,1.684
12/10/1965,1.696
12/13/1965,1.725
12/14/1965,1.706
12/15/1965,1.686
12/16/1965,1.66
12/17/1965,1.673
12/20/1965,1.667
12/21/1965,1.665
12/22/1965,1.674
12/23/1965,1.69
12/27/1965,1.693
12/28/1965,1.685
12/29/1965,1.672
12/30/1965,1.685
1/3/1966,1.697
1/4/1966,1.682
1/5/1966,1.684
1/6/1966,1.686
1/7/1966,1.696
1/10/1966,1.687
1/11/1966,1.69
1/12/1966,1.691
1/13/1966,1.69
1/14/1966,1.683
1/17/1966,1.672
1/18/1966,1.692
1/19/1966,1.686
1/20/1966,1.683
1/21/1966,1.687
1/24/1966,1.694
1/25/1966,1.691
1/26/1966,1.68
1/27/1966,1.673
1/28/1966,1.683
1/31/1966,1.661
2/1/1966,1.68
2/2/1966,1.672
2/3/1966,1.672
2/4/1966,1.685
2/7/1966,1.691
2/8/1966,1.677
2/9/1966,1.686
2/10/1966,1.683
2/11/1966,1.675
2/14/1966,1.676
2/15/1966,1.681
2/16/1966,1.677
2/17/1966,1.681
2/18/1966,1.677
2/21/1966,1.675
2/23/1966,1.6776
2/24/1966,1.6664
2/25/1966,1.648
2/28/1966,1.6232
3/1/1966,1.631
3/2/1966,1.636
3/3/1966,1.62
3/4/1966,1.622
3/7/1966,1.631
3/8/1966,1.616
3/9/1966,1.617
3/10/1966,1.625
3/11/1966,1.625
3/14/1966,1.623
3/15/1966,1.615
3/16/1966,1.614
3/17/1966,1.607
3/18/1966,1.61
3/21/1966,1.594
3/22/1966,1.586
3/23/1966,1.577
3/24/1966,1.59
3/25/1966,1.601
3/28/1966,1.593
3/29/1966,1.575
3/30/1966,1.584
3/31/1966,1.567
4/1/1966,1.576
4/4/1966,1.584
4/5/1966,1.59
4/6/1966,1.6
4/7/1966,1.61
4/11/1966,1.602
4/12/1966,1.596
4/13/1966,1.614
4/14/1966,1.613
4/15/1966,1.617
4/18/1966,1.621
4/19/1966,1.622
4/20/1966,1.635
4/21/1966,1.626
4/22/1966,1.632
4/25/1966,1.635
4/26/1966,1.6186
4/27/1966,1.5922
4/28/1966,1.5804
4/29/1966,1.593
5/2/1966,1.592
5/3/1966,1.587
5/4/1966,1.576
5/5/1966,1.573
5/6/1966,1.576
5/9/1966,1.594
5/10/1966,1.592
5/11/1966,1.604
5/12/1966,1.592
5/13/1966,1.61
5/16/1966,1.603
5/17/1966,1.622
5/18/1966,1.636
5/19/1966,1.623
5/20/1966,1.623
5/23/1966,1.637
5/24/1966,1.631
5/25/1966,1.663
5/26/1966,1.662
5/27/1966,1.67
5/31/1966,1.686
6/1/1966,1.706
6/2/1966,1.687
6/3/1966,1.674
6/6/1966,1.695
6/7/1966,1.692
6/8/1966,1.677
6/9/1966,1.693
6/10/1966,1.686
6/13/1966,1.716
6/14/1966,1.711
6/15/1966,1.742
6/16/1966,1.79
6/17/1966,1.796
6/20/1966,1.88
6/21/1966,1.856
6/22/1966,1.834
6/23/1966,1.874
6/24/1966,1.856
6/27/1966,1.8504
6/28/1966,1.808
6/29/1966,1.8456
6/30/1966,1.854
7/1/1966,1.83
7/5/1966,1.832
7/6/1966,1.851
7/7/1966,1.856
7/8/1966,1.874
7/11/1966,1.876
7/12/1966,1.912
7/13/1966,1.94
7/14/1966,1.92
7/15/1966,1.914
7/18/1966,1.93
7/19/1966,1.924
7/20/1966,1.897
7/21/1966,1.864
7/22/1966,1.86
7/25/1966,1.885
7/26/1966,1.837
7/27/1966,1.85
7/28/1966,1.871
7/29/1966,1.875
8/1/1966,1.871
8/2/1966,1.873
8/3/1966,1.86
8/4/1966,1.847
8/5/1966,1.87
8/8/1966,1.862
8/9/1966,1.877
8/10/1966,1.884
8/11/1966,1.896
8/12/1966,1.892
8/15/1966,1.893
8/16/1966,1.902
8/17/1966,1.92
8/18/1966,1.914
8/19/1966,1.902
8/22/1966,1.895
8/23/1966,1.877
8/24/1966,1.88
8/25/1966,1.873
8/26/1966,1.869
8/29/1966,1.9044
8/30/1966,1.907
8/31/1966,1.9278
9/1/1966,1.953
9/2/1966,1.964
9/6/1966,1.992
9/7/1966,1.985
9/8/1966,1.964
9/9/1966,1.987
9/12/1966,1.946
9/13/1966,1.967
9/14/1966,1.977
9/15/1966,1.964
9/16/1966,1.97
9/19/1966,1.93
9/20/1966,1.913
9/21/1966,1.853
9/22/1966,1.83
9/23/1966,1.834
9/26/1966,1.793
9/27/1966,1.784
9/28/1966,1.75
9/29/1966,1.752
9/30/1966,1.767
10/3/1966,1.743
10/4/1966,1.676
10/5/1966,1.686
10/6/1966,1.685
10/7/1966,1.706
10/10/1966,1.722
10/11/1966,1.722
10/12/1966,1.71
10/13/1966,1.72
10/14/1966,1.746
10/17/1966,1.76
10/18/1966,1.741
10/19/1966,1.727
10/20/1966,1.742
10/21/1966,1.732
10/24/1966,1.725
10/25/1966,1.73
10/26/1966,1.706
10/27/1966,1.696
10/28/1966,1.702
10/31/1966,1.705
11/1/1966,1.69
11/2/1966,1.686
11/3/1966,1.714
11/4/1966,1.722
11/7/1966,1.741
11/9/1966,1.732
11/10/1966,1.713
11/11/1966,1.717
11/14/1966,1.724
11/15/1966,1.717
11/16/1966,1.753
11/17/1966,1.76
11/18/1966,1.744
11/21/1966,1.774
11/22/1966,1.764
11/23/1966,1.756
11/25/1966,1.7856
11/28/1966,1.82
11/29/1966,1.8168
11/30/1966,1.8296
12/1/1966,1.855
12/2/1966,1.836
12/5/1966,1.834
12/6/1966,1.801
12/7/1966,1.816
12/8/1966,1.83
12/9/1966,1.814
12/12/1966,1.833
12/13/1966,1.832
12/14/1966,1.821
12/15/1966,1.834
12/16/1966,1.835
12/19/1966,1.833
12/20/1966,1.836
12/21/1966,1.825
12/22/1966,1.81
12/23/1966,1.79
12/27/1966,1.777
12/28/1966,1.786
12/29/1966,1.764
12/30/1966,1.756
1/3/1967,1.744
1/4/1967,1.744
1/5/1967,1.747
1/6/1967,1.75
1/9/1967,1.765
1/10/1967,1.76
1/11/1967,1.747
1/12/1967,1.727
1/13/1967,1.704
1/16/1967,1.667
1/17/1967,1.672
1/18/1967,1.666
1/19/1967,1.682
1/20/1967,1.686
1/23/1967,1.68
1/24/1967,1.685
1/25/1967,1.67
1/26/1967,1.661
1/30/1967,1.655
1/31/1967,1.606
2/1/1967,1.62
2/2/1967,1.643
2/3/1967,1.642
2/6/1967,1.634
2/7/1967,1.651
2/8/1967,1.637
2/9/1967,1.663
2/10/1967,1.647
2/13/1967,1.65
2/14/1967,1.632
2/15/1967,1.64
2/16/1967,1.652
2/17/1967,1.661
2/20/1967,1.695
2/21/1967,1.736
2/23/1967,1.7708
2/24/1967,1.7844
2/27/1967,1.7696
2/28/1967,1.7718
3/1/1967,1.776
3/2/1967,1.772
3/3/1967,1.781
3/6/1967,1.803
3/7/1967,1.806
3/8/1967,1.793
3/9/1967,1.764
3/10/1967,1.763
3/13/1967,1.792
3/14/1967,1.794
3/15/1967,1.824
3/16/1967,1.87
3/17/1967,1.864
3/20/1967,1.802
3/21/1967,1.796
3/22/1967,1.73
3/23/1967,1.733
3/27/1967,1.785
3/28/1967,1.794
3/29/1967,1.757
3/30/1967,1.782
3/31/1967,1.771
4/3/1967,1.773
4/4/1967,1.781
4/5/1967,1.806
4/6/1967,1.812
4/7/1967,1.79
4/10/1967,1.775
4/11/1967,1.762
4/12/1967,1.693
4/13/1967,1.704
4/14/1967,1.702
4/17/1967,1.691
4/18/1967,1.692
4/19/1967,1.663
4/20/1967,1.652
4/21/1967,1.666
4/24/1967,1.666
4/25/1967,1.6718
4/26/1967,1.6424
4/27/1967,1.6284
4/28/1967,1.649
5/1/1967,1.682
5/2/1967,1.682
5/3/1967,1.665
5/4/1967,1.681
5/5/1967,1.664
5/8/1967,1.674
5/9/1967,1.662
5/10/1967,1.654
5/11/1967,1.672
5/12/1967,1.675
5/15/1967,1.68
5/16/1967,1.674
5/17/1967,1.641
5/18/1967,1.634
5/19/1967,1.654
5/22/1967,1.651
5/23/1967,1.685
5/24/1967,1.671
5/25/1967,1.661
5/26/1967,1.672
5/29/1967,1.663
5/31/1967,1.681
6/1/1967,1.67
6/2/1967,1.667
6/5/1967,1.69
6/6/1967,1.671
6/7/1967,1.645
6/8/1967,1.651
6/9/1967,1.606
6/12/1967,1.574
6/13/1967,1.583
6/14/1967,1.561
6/15/1967,1.566
6/16/1967,1.575
6/19/1967,1.553
6/20/1967,1.544
6/21/1967,1.555
6/22/1967,1.544
6/23/1967,1.555
6/26/1967,1.543
6/27/1967,1.5242
6/28/1967,1.5414
6/29/1967,1.5434
6/30/1967,1.5384
7/3/1967,1.525
7/5/1967,1.544
7/6/1967,1.533
7/7/1967,1.534
7/10/1967,1.536
7/11/1967,1.541
7/12/1967,1.524
7/13/1967,1.513
7/14/1967,1.497
7/17/1967,1.52
7/18/1967,1.53
7/19/1967,1.536
7/20/1967,1.53
7/21/1967,1.552
7/24/1967,1.536
7/25/1967,1.547
7/26/1967,1.563
7/27/1967,1.554
7/28/1967,1.537
7/31/1967,1.534
8/1/1967,1.527
8/2/1967,1.536
8/3/1967,1.552
8/4/1967,1.553
8/7/1967,1.536
8/8/1967,1.525
8/9/1967,1.501
8/10/1967,1.492
8/11/1967,1.512
8/14/1967,1.472
8/15/1967,1.467
8/16/1967,1.477
8/17/1967,1.481
8/18/1967,1.5
8/21/1967,1.476
8/22/1967,1.486
8/23/1967,1.481
8/24/1967,1.473
8/25/1967,1.463
8/28/1967,1.4474
8/29/1967,1.4532
8/30/1967,1.4772
8/31/1967,1.5012
9/1/1967,1.511
9/5/1967,1.527
9/6/1967,1.532
9/7/1967,1.513
9/8/1967,1.517
9/11/1967,1.517
9/12/1967,1.524
9/13/1967,1.532
9/14/1967,1.532
9/15/1967,1.531
9/18/1967,1.544
9/19/1967,1.55
9/20/1967,1.545
9/21/1967,1.54
9/22/1967,1.556
9/25/1967,1.552
9/26/1967,1.557
9/27/1967,1.572
9/28/1967,1.561
9/29/1967,1.547
10/2/1967,1.534
10/3/1967,1.55
10/4/1967,1.551
10/5/1967,1.545
10/6/1967,1.555
10/9/1967,1.552
10/10/1967,1.536
10/11/1967,1.534
10/12/1967,1.533
10/13/1967,1.54
10/16/1967,1.542
10/17/1967,1.533
10/18/1967,1.531
10/19/1967,1.523
10/20/1967,1.532
10/23/1967,1.533
10/24/1967,1.536
10/25/1967,1.541
10/26/1967,1.526
10/27/1967,1.52
10/30/1967,1.515
10/31/1967,1.524
11/1/1967,1.501
11/2/1967,1.494
11/3/1967,1.5
11/6/1967,1.48
11/7/1967,1.481
11/8/1967,1.487
11/9/1967,1.486
11/10/1967,1.472
11/13/1967,1.46
11/14/1967,1.451
11/15/1967,1.444
11/16/1967,1.456
11/17/1967,1.456
11/20/1967,1.443
11/21/1967,1.433
11/22/1967,1.437
11/24/1967,1.464
11/27/1967,1.4532
11/28/1967,1.4682
11/29/1967,1.4704
11/30/1967,1.488
12/1/1967,1.503
12/4/1967,1.504
12/5/1967,1.513
12/6/1967,1.52
12/7/1967,1.515
12/8/1967,1.512
12/11/1967,1.497
12/12/1967,1.507
12/13/1967,1.496
12/14/1967,1.505
12/15/1967,1.515
12/18/1967,1.502
12/19/1967,1.513
12/20/1967,1.503
12/21/1967,1.496
12/22/1967,1.503
12/26/1967,1.492
12/27/1967,1.475
12/28/1967,1.484
12/29/1967,1.477
1/2/1968,1.462
1/3/1968,1.463
1/4/1968,1.48
1/5/1968,1.481
1/8/1968,1.481
1/9/1968,1.474
1/10/1968,1.477
1/11/1968,1.483
1/12/1968,1.483
1/15/1968,1.484
1/16/1968,1.484
1/17/1968,1.481
1/18/1968,1.474
1/19/1968,1.467
1/22/1968,1.461
1/23/1968,1.466
1/24/1968,1.472
1/25/1968,1.482
1/26/1968,1.492
1/29/1968,1.48
1/30/1968,1.471
1/31/1968,1.471
2/1/1968,1.485
2/2/1968,1.492
2/5/1968,1.49
2/6/1968,1.493
2/7/1968,1.495
2/8/1968,1.494
2/9/1968,1.487
2/13/1968,1.492
2/14/1968,1.492
2/15/1968,1.493
2/16/1968,1.494
2/19/1968,1.494
2/20/1968,1.494
2/21/1968,1.487
2/23/1968,1.48
2/26/1968,1.4748
2/27/1968,1.473
2/28/1968,1.481
2/29/1968,1.4862
3/1/1968,1.507
3/4/1968,1.505
3/5/1968,1.514
3/6/1968,1.517
3/7/1968,1.52
3/8/1968,1.527
3/11/1968,1.517
3/12/1968,1.523
3/13/1968,1.536
3/14/1968,1.546
3/15/1968,1.531
3/18/1968,1.502
3/19/1968,1.5
3/20/1968,1.484
3/21/1968,1.491
3/22/1968,1.495
3/25/1968,1.476
3/26/1968,1.477
3/27/1968,1.48
3/28/1968,1.483
3/29/1968,1.482
4/1/1968,1.471
4/2/1968,1.45
4/3/1968,1.431
4/4/1968,1.43
4/5/1968,1.433
4/8/1968,1.422
4/10/1968,1.407
4/11/1968,1.387
4/15/1968,1.381
4/16/1968,1.395
4/17/1968,1.401
4/18/1968,1.384
4/19/1968,1.386
4/22/1968,1.381
4/23/1968,1.363
4/24/1968,1.363
4/25/1968,1.373
4/26/1968,1.3784
4/29/1968,1.3598
4/30/1968,1.3648
5/1/1968,1.375
5/2/1968,1.381
5/3/1968,1.385
5/6/1968,1.374
5/7/1968,1.376
5/8/1968,1.392
5/9/1968,1.396
5/10/1968,1.394
5/13/1968,1.393
5/14/1968,1.401
5/15/1968,1.393
5/16/1968,1.401
5/17/1968,1.397
5/20/1968,1.382
5/21/1968,1.376
5/22/1968,1.384
5/23/1968,1.395
5/24/1968,1.386
5/27/1968,1.38
5/28/1968,1.381
5/29/1968,1.376
5/31/1968,1.376
6/3/1968,1.361
6/4/1968,1.343
6/5/1968,1.331
6/6/1968,1.343
6/7/1968,1.326
6/10/1968,1.305
6/11/1968,1.307
6/12/1968,1.316
6/13/1968,1.297
6/14/1968,1.295
6/17/1968,1.301
6/18/1968,1.316
6/19/1968,1.316
6/20/1968,1.29
6/21/1968,1.277
6/24/1968,1.273
6/25/1968,1.2904
6/26/1968,1.2836
6/27/1968,1.2878
6/28/1968,1.297
7/1/1968,1.305
7/2/1968,1.304
7/3/1968,1.295
7/5/1968,1.287
7/8/1968,1.283
7/9/1968,1.301
7/10/1968,1.306
7/11/1968,1.311
7/12/1968,1.307
7/15/1968,1.311
7/16/1968,1.296
7/17/1968,1.297
7/18/1968,1.3
7/19/1968,1.297
7/22/1968,1.281
7/23/1968,1.261
7/24/1968,1.27
7/25/1968,1.273
7/26/1968,1.282
7/29/1968,1.265
7/30/1968,1.246
7/31/1968,1.245
8/1/1968,1.242
8/2/1968,1.237
8/5/1968,1.222
8/6/1968,1.213
8/7/1968,1.212
8/8/1968,1.215
8/9/1968,1.204
8/12/1968,1.171
8/13/1968,1.181
8/14/1968,1.185
8/15/1968,1.193
8/16/1968,1.191
8/19/1968,1.201
8/20/1968,1.2
8/21/1968,1.212
8/22/1968,1.192
8/23/1968,1.18
8/26/1968,1.173
8/27/1968,1.1896
8/28/1968,1.2058
8/29/1968,1.2092
8/30/1968,1.2128
9/3/1968,1.22
9/4/1968,1.231
9/5/1968,1.232
9/6/1968,1.24
9/9/1968,1.232
9/10/1968,1.22
9/11/1968,1.226
9/12/1968,1.245
9/13/1968,1.247
9/16/1968,1.234
9/17/1968,1.203
9/18/1968,1.195
9/19/1968,1.204
9/20/1968,1.181
9/23/1968,1.194
9/24/1968,1.204
9/25/1968,1.206
9/26/1968,1.215
9/27/1968,1.197
9/30/1968,1.201
10/1/1968,1.21
10/2/1968,1.207
10/3/1968,1.211
10/4/1968,1.217
10/7/1968,1.22
10/8/1968,1.225
10/9/1968,1.245
10/10/1968,1.24
10/11/1968,1.25
10/14/1968,1.266
10/15/1968,1.253
10/16/1968,1.263
10/17/1968,1.253
10/18/1968,1.254
10/21/1968,1.255
10/22/1968,1.257
10/23/1968,1.264
10/24/1968,1.246
10/25/1968,1.263
10/28/1968,1.26
10/29/1968,1.284
10/30/1968,1.294
10/31/1968,1.285
11/1/1968,1.285
11/4/1968,1.287
11/6/1968,1.305
11/7/1968,1.32
11/8/1968,1.314
11/11/1968,1.311
11/12/1968,1.305
11/13/1968,1.311
11/14/1968,1.317
11/15/1968,1.327
11/18/1968,1.334
11/19/1968,1.326
11/20/1968,1.296
11/21/1968,1.283
11/22/1968,1.286
11/25/1968,1.2974
11/26/1968,1.3117
11/27/1968,1.3286
11/29/1968,1.3326
12/2/1968,1.3238
12/3/1968,1.3188
12/4/1968,1.325
12/5/1968,1.32
12/6/1968,1.3288
12/9/1968,1.3125
12/10/1968,1.3025
12/11/1968,1.305
12/12/1968,1.3125
12/13/1968,1.3275
12/16/1968,1.3325
12/17/1968,1.3325
12/18/1968,1.3338
12/19/1968,1.3488
12/20/1968,1.35
12/23/1968,1.3438
12/24/1968,1.3438
12/26/1968,1.3525
12/27/1968,1.3375
12/30/1968,1.345
12/31/1968,1.355
1/2/1969,1.3525
1/3/1969,1.35
1/6/1969,1.3388
1/7/1969,1.3263
1/8/1969,1.3388
1/9/1969,1.335
1/10/1969,1.34
1/13/1969,1.3475
1/14/1969,1.3563
1/15/1969,1.3575
1/16/1969,1.3563
1/17/1969,1.3488
1/20/1969,1.3425
1/21/1969,1.345
1/22/1969,1.335
1/23/1969,1.345
1/24/1969,1.3575
1/27/1969,1.3525
1/28/1969,1.355
1/29/1969,1.3513
1/30/1969,1.3513
1/31/1969,1.3438
2/3/1969,1.345
2/4/1969,1.3438
2/5/1969,1.3475
2/6/1969,1.3463
2/7/1969,1.3438
2/10/1969,1.33
2/11/1969,1.3288
2/12/1969,1.3313
2/13/1969,1.3338
2/14/1969,1.3325
2/17/1969,1.335
2/18/1969,1.3275
2/19/1969,1.3188
2/20/1969,1.3088
2/24/1969,1.29
2/25/1969,1.2948
2/26/1969,1.3043
2/27/1969,1.3155
2/28/1969,1.3093
3/3/1969,1.32
3/4/1969,1.325
3/5/1969,1.3263
3/6/1969,1.3288
3/7/1969,1.3388
3/10/1969,1.3263
3/11/1969,1.3238
3/12/1969,1.3188
3/13/1969,1.3225
3/14/1969,1.3288
3/17/1969,1.3038
3/18/1969,1.2813
3/19/1969,1.2875
3/20/1969,1.28
3/21/1969,1.275
3/24/1969,1.2688
3/25/1969,1.2738
3/26/1969,1.2788
3/27/1969,1.2588
3/28/1969,1.2588
4/1/1969,1.2688
4/2/1969,1.2763
4/3/1969,1.2725
4/7/1969,1.265
4/8/1969,1.275
4/9/1969,1.2713
4/10/1969,1.2738
4/11/1969,1.2825
4/14/1969,1.295
4/15/1969,1.305
4/16/1969,1.3
4/17/1969,1.295
4/18/1969,1.295
4/21/1969,1.3
4/22/1969,1.2988
4/23/1969,1.2963
4/24/1969,1.2925
4/25/1969,1.3178
4/28/1969,1.324
4/29/1969,1.2978
4/30/1969,1.2995
5/1/1969,1.2938
5/2/1969,1.295
5/5/1969,1.3075
5/6/1969,1.3088
5/7/1969,1.3113
5/8/1969,1.3225
5/9/1969,1.325
5/12/1969,1.3175
5/13/1969,1.3225
5/14/1969,1.3238
5/15/1969,1.3238
5/16/1969,1.325
5/19/1969,1.3413
5/20/1969,1.3363
5/21/1969,1.3438
5/22/1969,1.3275
5/23/1969,1.315
5/26/1969,1.2875
5/27/1969,1.2963
5/28/1969,1.29
5/29/1969,1.2813
6/2/1969,1.285
6/3/1969,1.29
6/4/1969,1.3013
6/5/1969,1.3088
6/6/1969,1.2975
6/9/1969,1.2988
6/10/1969,1.2825
6/11/1969,1.29
6/12/1969,1.2788
6/13/1969,1.2738
6/16/1969,1.2613
6/17/1969,1.2613
6/18/1969,1.2625
6/19/1969,1.2575
6/20/1969,1.2775
6/23/1969,1.2963
6/24/1969,1.2913
6/25/1969,1.3033
6/26/1969,1.286
6/27/1969,1.2803
6/30/1969,1.2718
7/1/1969,1.2813
7/2/1969,1.2875
7/3/1969,1.295
7/7/1969,1.3113
7/8/1969,1.3025
7/9/1969,1.3038
7/10/1969,1.3075
7/11/1969,1.3038
7/14/1969,1.2913
7/15/1969,1.28
7/16/1969,1.2838
7/17/1969,1.29
7/18/1969,1.2988
7/22/1969,1.29
7/23/1969,1.275
7/24/1969,1.2625
7/25/1969,1.255
7/28/1969,1.2125
7/29/1969,1.2288
7/30/1969,1.2438
7/31/1969,1.2375
8/1/1969,1.2388
8/4/1969,1.2288
8/5/1969,1.2213
8/6/1969,1.2263
8/7/1969,1.2388
8/8/1969,1.2475
8/11/1969,1.2513
8/12/1969,1.2575
8/13/1969,1.245
8/14/1969,1.2563
8/15/1969,1.2638
8/18/1969,1.27
8/19/1969,1.2538
8/20/1969,1.2575
8/21/1969,1.2563
8/22/1969,1.26
8/25/1969,1.2688
8/26/1969,1.2688
8/27/1969,1.286
8/28/1969,1.309
8/29/1969,1.3253
9/2/1969,1.3313
9/3/1969,1.3363
9/4/1969,1.3375
9/5/1969,1.3438
9/8/1969,1.3413
9/9/1969,1.345
9/10/1969,1.35
9/11/1969,1.3538
9/12/1969,1.355
9/15/1969,1.35
9/16/1969,1.3525
9/17/1969,1.3563
9/18/1969,1.3588
9/19/1969,1.3488
9/22/1969,1.3363
9/23/1969,1.3363
9/24/1969,1.3488
9/25/1969,1.3425
9/26/1969,1.3375
9/29/1969,1.3475
9/30/1969,1.3488
10/1/1969,1.3425
10/2/1969,1.3475
10/3/1969,1.3563
10/6/1969,1.3638
10/7/1969,1.3575
10/8/1969,1.3538
10/9/1969,1.355
10/10/1969,1.3538
10/13/1969,1.3625
10/14/1969,1.3663
10/15/1969,1.3775
10/16/1969,1.37
10/17/1969,1.3675
10/20/1969,1.3688
10/21/1969,1.36
10/22/1969,1.36
10/23/1969,1.3575
10/24/1969,1.36
10/27/1969,1.3488
10/28/1969,1.3413
10/29/1969,1.3513
10/30/1969,1.3538
10/31/1969,1.3525
11/3/1969,1.355
11/4/1969,1.3538
11/5/1969,1.3525
11/6/1969,1.355
11/7/1969,1.3613
11/10/1969,1.3788
11/11/1969,1.3938
11/12/1969,1.3988
11/13/1969,1.4013
11/14/1969,1.3938
11/17/1969,1.3975
11/18/1969,1.3975
11/19/1969,1.3975
11/20/1969,1.405
11/21/1969,1.4138
11/24/1969,1.4103
11/25/1969,1.4188
11/26/1969,1.422
11/28/1969,1.4315
12/1/1969,1.4375
12/2/1969,1.4263
12/3/1969,1.4363
12/4/1969,1.4338
12/5/1969,1.4513
12/8/1969,1.4463
12/9/1969,1.44
12/10/1969,1.4488
12/11/1969,1.4563
12/12/1969,1.46
12/15/1969,1.4263
12/16/1969,1.4388
12/17/1969,1.4388
12/18/1969,1.4475
12/19/1969,1.4625
12/22/1969,1.4613
12/23/1969,1.4675
12/24/1969,1.48
12/29/1969,1.4763
12/30/1969,1.4613
12/31/1969,1.4738
1/5/1970,1.4538
1/6/1970,1.46
1/7/1970,1.4688
1/8/1970,1.4675
1/9/1970,1.4563
1/12/1970,1.4438
1/13/1970,1.4488
1/14/1970,1.4488
1/15/1970,1.4425
1/16/1970,1.4425
1/19/1970,1.4463
1/20/1970,1.465
1/21/1970,1.4525
1/22/1970,1.455
1/23/1970,1.4525
1/26/1970,1.4375
1/27/1970,1.4313
1/28/1970,1.435
1/29/1970,1.4363
1/30/1970,1.4375
2/2/1970,1.4363
2/3/1970,1.4413
2/4/1970,1.44
2/5/1970,1.4413
2/6/1970,1.4463
2/9/1970,1.4663
2/10/1970,1.4788
2/11/1970,1.4975
2/12/1970,1.4963
2/13/1970,1.4988
2/16/1970,1.525
2/17/1970,1.52
2/18/1970,1.5375
2/19/1970,1.53
2/20/1970,1.5375
2/24/1970,1.5273
2/25/1970,1.506
2/26/1970,1.4958
2/27/1970,1.4828
3/2/1970,1.4625
3/3/1970,1.46
3/4/1970,1.4675
3/5/1970,1.4663
3/6/1970,1.4638
3/9/1970,1.4513
3/10/1970,1.4525
3/11/1970,1.4738
3/12/1970,1.4713
3/13/1970,1.4713
3/16/1970,1.4738
3/17/1970,1.4438
3/18/1970,1.4363
3/19/1970,1.4425
3/20/1970,1.4325
3/23/1970,1.4463
3/24/1970,1.4438
3/25/1970,1.4488
3/26/1970,1.4538
3/30/1970,1.4413
3/31/1970,1.4425
4/1/1970,1.445
4/2/1970,1.4513
4/3/1970,1.4513
4/6/1970,1.465
4/7/1970,1.475
4/8/1970,1.47
4/9/1970,1.4638
4/10/1970,1.4638
4/13/1970,1.4588
4/14/1970,1.475
4/15/1970,1.4925
4/16/1970,1.5013
4/17/1970,1.4913
4/20/1970,1.4863
4/21/1970,1.4975
4/22/1970,1.4963
4/23/1970,1.4888
4/24/1970,1.505
4/27/1970,1.4948
4/28/1970,1.475
4/29/1970,1.467
4/30/1970,1.4403
5/1/1970,1.4175
5/4/1970,1.3988
5/5/1970,1.3863
5/6/1970,1.365
5/7/1970,1.3713
5/8/1970,1.3738
5/11/1970,1.355
5/12/1970,1.3663
5/13/1970,1.3638
5/14/1970,1.3538
5/15/1970,1.36
5/18/1970,1.3713
5/19/1970,1.3538
5/20/1970,1.355
5/21/1970,1.37
5/22/1970,1.3788
5/25/1970,1.37
5/26/1970,1.3538
5/27/1970,1.3525
5/28/1970,1.345
6/1/1970,1.3475
6/2/1970,1.3513
6/3/1970,1.3588
6/4/1970,1.3525
6/5/1970,1.3463
6/8/1970,1.3475
6/9/1970,1.3513
6/10/1970,1.3588
6/11/1970,1.38
6/12/1970,1.3938
6/15/1970,1.385
6/16/1970,1.3738
6/17/1970,1.3663
6/18/1970,1.365
6/19/1970,1.3675
6/22/1970,1.3663
6/23/1970,1.3775
6/24/1970,1.38
6/25/1970,1.412
6/26/1970,1.4083
6/29/1970,1.4275
6/30/1970,1.4155
7/1/1970,1.3888
7/2/1970,1.395
7/6/1970,1.4038
7/7/1970,1.415
7/8/1970,1.4375
7/9/1970,1.435
7/10/1970,1.435
7/13/1970,1.4475
7/14/1970,1.4338
7/15/1970,1.4463
7/16/1970,1.4413
7/17/1970,1.435
7/20/1970,1.435
7/21/1970,1.4325
7/22/1970,1.4425
7/23/1970,1.4763
7/24/1970,1.465
7/27/1970,1.4775
7/28/1970,1.46
7/29/1970,1.475
7/30/1970,1.47
7/31/1970,1.4713
8/3/1970,1.4738
8/4/1970,1.475
8/5/1970,1.4588
8/6/1970,1.4625
8/7/1970,1.4638
8/10/1970,1.4675
8/11/1970,1.475
8/12/1970,1.4888
8/13/1970,1.5
8/14/1970,1.4975
8/17/1970,1.5975
8/18/1970,1.515
8/19/1970,1.57
8/20/1970,1.55
8/21/1970,1.5325
8/24/1970,1.5525
8/25/1970,1.5825
8/26/1970,1.5825
8/27/1970,1.598
8/28/1970,1.6253
8/31/1970,1.6308
9/1/1970,1.625
9/2/1970,1.6313
9/3/1970,1.6488
9/4/1970,1.67
9/8/1970,1.6875
9/9/1970,1.7025
9/10/1970,1.7025
9/11/1970,1.7038
9/14/1970,1.72
9/15/1970,1.7088
9/16/1970,1.7038
9/17/1970,1.6588
9/18/1970,1.69
9/21/1970,1.6788
9/22/1970,1.7075
9/23/1970,1.7075
9/24/1970,1.6825
9/25/1970,1.695
9/28/1970,1.6975
9/29/1970,1.69
9/30/1970,1.6838
10/1/1970,1.68
10/2/1970,1.6938
10/5/1970,1.7138
10/6/1970,1.7063
10/7/1970,1.7138
10/8/1970,1.7225
10/9/1970,1.7013
10/12/1970,1.7113
10/13/1970,1.7025
10/14/1970,1.7075
10/15/1970,1.7213
10/16/1970,1.7175
10/19/1970,1.7113
10/20/1970,1.7113
10/21/1970,1.7113
10/22/1970,1.74
10/23/1970,1.7688
10/26/1970,1.75
10/27/1970,1.7563
10/28/1970,1.7413
10/29/1970,1.7413
10/30/1970,1.745
11/2/1970,1.7575
11/4/1970,1.7813
11/5/1970,1.79
11/6/1970,1.765
11/9/1970,1.7675
11/10/1970,1.7588
11/11/1970,1.76
11/12/1970,1.76
11/13/1970,1.76
11/16/1970,1.7113
11/17/1970,1.7013
11/18/1970,1.695
11/19/1970,1.6938
11/20/1970,1.7025
11/23/1970,1.705
11/24/1970,1.683
11/25/1970,1.6835
11/27/1970,1.7095
11/30/1970,1.7185
12/1/1970,1.7338
12/2/1970,1.7275
12/3/1970,1.7238
12/4/1970,1.7338
12/7/1970,1.7225
12/8/1970,1.7088
12/9/1970,1.6838
12/10/1970,1.6663
12/11/1970,1.675
12/14/1970,1.6475
12/15/1970,1.6588
12/16/1970,1.6825
12/17/1970,1.6775
12/18/1970,1.685
12/21/1970,1.6638
12/22/1970,1.6788
12/23/1970,1.6763
12/24/1970,1.7013
12/28/1970,1.6913
12/29/1970,1.69
12/30/1970,1.6775
12/31/1970,1.685
1/4/1971,1.6788
1/5/1971,1.6863
1/6/1971,1.6713
1/7/1971,1.6663
1/8/1971,1.6838
1/11/1971,1.7075
1/12/1971,1.7025
1/13/1971,1.7025
1/14/1971,1.7088
1/15/1971,1.725
1/18/1971,1.7
1/19/1971,1.7
1/20/1971,1.7038
1/21/1971,1.695
1/22/1971,1.7
1/25/1971,1.68
1/26/1971,1.6638
1/27/1971,1.65
1/28/1971,1.6513
1/29/1971,1.665
2/1/1971,1.6713
2/2/1971,1.6975
2/3/1971,1.6925
2/4/1971,1.6963
2/5/1971,1.7038
2/8/1971,1.7163
2/9/1971,1.7063
2/10/1971,1.695
2/11/1971,1.6938
2/12/1971,1.6875
2/16/1971,1.6813
2/17/1971,1.6925
2/18/1971,1.69
2/19/1971,1.69
2/22/1971,1.675
2/23/1971,1.6653
2/24/1971,1.633
2/25/1971,1.627
2/26/1971,1.6303
3/1/1971,1.6263
3/2/1971,1.6388
3/3/1971,1.635
3/4/1971,1.6288
3/5/1971,1.6363
3/8/1971,1.6338
3/9/1971,1.63
3/10/1971,1.6288
3/11/1971,1.6263
3/12/1971,1.6238
3/15/1971,1.6175
3/16/1971,1.6088
3/17/1971,1.5825
3/18/1971,1.5938
3/19/1971,1.5925
3/22/1971,1.595
3/23/1971,1.6013
3/24/1971,1.5925
3/25/1971,1.5913
3/26/1971,1.5813
3/29/1971,1.5825
3/30/1971,1.5763
3/31/1971,1.5813
4/1/1971,1.605
4/2/1971,1.6138
4/5/1971,1.5988
4/6/1971,1.6138
4/7/1971,1.6013
4/8/1971,1.6225
4/12/1971,1.66
4/13/1971,1.655
4/14/1971,1.65
4/15/1971,1.645
4/16/1971,1.6113
4/19/1971,1.6038
4/20/1971,1.6063
4/21/1971,1.61
4/22/1971,1.62
4/23/1971,1.595
4/26/1971,1.5788
4/27/1971,1.5665
4/28/1971,1.557
4/29/1971,1.5513
4/30/1971,1.5315
5/3/1971,1.505
5/4/1971,1.5
5/5/1971,1.5075
5/6/1971,1.515
5/7/1971,1.5138
5/10/1971,1.5013
5/11/1971,1.5
5/12/1971,1.515
5/13/1971,1.5088
5/14/1971,1.4975
5/17/1971,1.4988
5/18/1971,1.49
5/19/1971,1.495
5/20/1971,1.495
5/21/1971,1.5013
5/24/1971,1.4975
5/25/1971,1.5263
5/26/1971,1.5413
5/27/1971,1.5763
5/28/1971,1.575
6/1/1971,1.5688
6/2/1971,1.5513
6/3/1971,1.5813
6/4/1971,1.5838
6/7/1971,1.56
6/8/1971,1.5675
6/9/1971,1.59
6/10/1971,1.6575
6/11/1971,1.6613
6/14/1971,1.6363
6/15/1971,1.6188
6/16/1971,1.6575
6/17/1971,1.6475
6/18/1971,1.6225
6/21/1971,1.6013
6/22/1971,1.6213
6/23/1971,1.6113
6/24/1971,1.5813
6/25/1971,1.5958
6/28/1971,1.589
6/29/1971,1.5725
6/30/1971,1.5655
7/1/1971,1.5788
7/2/1971,1.5775
7/6/1971,1.5525
7/7/1971,1.5413
7/8/1971,1.535
7/9/1971,1.52
7/12/1971,1.5063
7/13/1971,1.5213
7/14/1971,1.5488
7/15/1971,1.5413
7/16/1971,1.56
7/19/1971,1.55
7/20/1971,1.5263
7/21/1971,1.5288
7/22/1971,1.525
7/23/1971,1.51
7/26/1971,1.515
7/27/1971,1.4825
7/28/1971,1.4663
7/29/1971,1.4725
7/30/1971,1.4763
8/2/1971,1.4738
8/3/1971,1.4713
8/4/1971,1.4575
8/5/1971,1.4325
8/6/1971,1.425
8/9/1971,1.4325
8/10/1971,1.4238
8/11/1971,1.415
8/12/1971,1.43
8/13/1971,1.445
8/16/1971,1.4325
8/17/1971,1.4275
8/18/1971,1.4325
8/19/1971,1.4313
8/20/1971,1.4325
8/23/1971,1.43
8/24/1971,1.4575
8/25/1971,1.445
8/26/1971,1.4558
8/27/1971,1.491
8/30/1971,1.5083
8/31/1971,1.4945
9/1/1971,1.4938
9/2/1971,1.52
9/3/1971,1.5288
9/7/1971,1.53
9/8/1971,1.515
9/9/1971,1.505
9/10/1971,1.4738
9/13/1971,1.4575
9/14/1971,1.4763
9/15/1971,1.46
9/16/1971,1.43
9/17/1971,1.4338
9/20/1971,1.4313
9/21/1971,1.445
9/22/1971,1.455
9/23/1971,1.4463
9/24/1971,1.4588
9/27/1971,1.4625
9/28/1971,1.4488
9/29/1971,1.4575
9/30/1971,1.4688
10/1/1971,1.485
10/4/1971,1.4688
10/5/1971,1.4813
10/6/1971,1.4813
10/7/1971,1.49
10/8/1971,1.4888
10/11/1971,1.5
10/12/1971,1.5138
10/13/1971,1.4888
10/14/1971,1.54
10/15/1971,1.5675
10/18/1971,1.5825
10/19/1971,1.58
10/20/1971,1.5775
10/21/1971,1.6038
10/22/1971,1.5925
10/25/1971,1.5938
10/26/1971,1.5813
10/27/1971,1.6138
10/28/1971,1.61
10/29/1971,1.6138
11/1/1971,1.5963
11/2/1971,1.6013
11/3/1971,1.6038
11/4/1971,1.6238
11/5/1971,1.6488
11/8/1971,1.6388
11/9/1971,1.6363
11/10/1971,1.63
11/11/1971,1.6338
11/12/1971,1.6463
11/15/1971,1.6588
11/16/1971,1.6413
11/17/1971,1.6488
11/18/1971,1.6075
11/19/1971,1.5825
11/22/1971,1.6075
11/23/1971,1.6188
11/24/1971,1.613
11/26/1971,1.6175
11/29/1971,1.606
11/30/1971,1.5758
12/1/1971,1.5875
12/2/1971,1.5763
12/3/1971,1.5825
12/6/1971,1.5713
12/7/1971,1.5663
12/8/1971,1.585
12/9/1971,1.625
12/10/1971,1.6275
12/13/1971,1.6525
12/14/1971,1.6563
12/15/1971,1.6463
12/16/1971,1.6275
12/17/1971,1.635
12/20/1971,1.6338
12/21/1971,1.6038
12/22/1971,1.6038
12/23/1971,1.6138
12/27/1971,1.6138
12/28/1971,1.6413
12/29/1971,1.6338
12/30/1971,1.6313
1/3/1972,1.6188
1/4/1972,1.6163
1/5/1972,1.6288
1/6/1972,1.62
1/7/1972,1.6113
1/10/1972,1.6175
1/11/1972,1.6275
1/12/1972,1.6288
1/13/1972,1.6388
1/14/1972,1.675
1/17/1972,1.6663
1/18/1972,1.6575
1/19/1972,1.6525
1/20/1972,1.6613
1/21/1972,1.6638
1/24/1972,1.6513
1/25/1972,1.67
1/26/1972,1.6613
1/27/1972,1.6588
1/28/1972,1.6675
1/31/1972,1.6463
2/1/1972,1.5925
2/2/1972,1.5925
2/3/1972,1.5925
2/4/1972,1.5938
2/7/1972,1.6013
2/8/1972,1.62
2/9/1972,1.585
2/10/1972,1.5838
2/11/1972,1.6138
2/14/1972,1.6013
2/15/1972,1.5963
2/16/1972,1.6113
2/17/1972,1.61
2/18/1972,1.5988
2/22/1972,1.59
2/23/1972,1.605
2/24/1972,1.6018
2/25/1972,1.6073
2/28/1972,1.601
2/29/1972,1.5665
3/1/1972,1.5475
3/2/1972,1.555
3/3/1972,1.5563
3/6/1972,1.54
3/7/1972,1.54
3/8/1972,1.5475
3/9/1972,1.5788
3/10/1972,1.5888
3/13/1972,1.5738
3/14/1972,1.55
3/15/1972,1.5563
3/16/1972,1.5713
3/17/1972,1.5675
3/20/1972,1.5613
3/21/1972,1.5613
3/22/1972,1.5638
3/23/1972,1.5675
3/24/1972,1.5838
3/27/1972,1.5825
3/28/1972,1.5813
3/29/1972,1.5825
3/30/1972,1.5775
4/3/1972,1.5713
4/4/1972,1.59
4/5/1972,1.5925
4/6/1972,1.5825
4/7/1972,1.6088
4/10/1972,1.6138
4/11/1972,1.625
4/12/1972,1.6325
4/13/1972,1.6213
4/14/1972,1.605
4/17/1972,1.58
4/18/1972,1.58
4/19/1972,1.56
4/20/1972,1.5638
4/21/1972,1.5725
4/24/1972,1.585
4/25/1972,1.561
4/26/1972,1.5603
4/27/1972,1.5355
4/28/1972,1.5033
5/1/1972,1.4725
5/2/1972,1.4575
5/3/1972,1.4375
5/4/1972,1.435
5/5/1972,1.44
5/8/1972,1.4338
5/9/1972,1.4288
5/10/1972,1.43
5/11/1972,1.43
5/12/1972,1.4425
5/15/1972,1.4638
5/16/1972,1.4613
5/17/1972,1.4425
5/18/1972,1.4475
5/19/1972,1.4513
5/22/1972,1.4525
5/23/1972,1.4538
5/24/1972,1.475
5/25/1972,1.4738
5/26/1972,1.4738
5/30/1972,1.46
5/31/1972,1.455
6/1/1972,1.4563
6/2/1972,1.4363
6/5/1972,1.4275
6/6/1972,1.4288
6/7/1972,1.4288
6/8/1972,1.4313
6/9/1972,1.425
6/12/1972,1.415
6/13/1972,1.4275
6/14/1972,1.4438
6/15/1972,1.4313
6/16/1972,1.4338
6/19/1972,1.43
6/20/1972,1.4263
6/21/1972,1.4225
6/22/1972,1.4138
6/23/1972,1.4013
6/26/1972,1.41
6/27/1972,1.4315
6/28/1972,1.4238
6/29/1972,1.437
6/30/1972,1.4575
7/3/1972,1.4975
7/5/1972,1.5
7/6/1972,1.5163
7/7/1972,1.5088
7/10/1972,1.5
7/11/1972,1.5475
7/12/1972,1.53
7/13/1972,1.5138
7/14/1972,1.5163
7/17/1972,1.5175
7/18/1972,1.5525
7/19/1972,1.57
7/20/1972,1.5588
7/21/1972,1.5488
7/24/1972,1.5613
7/25/1972,1.57
7/26/1972,1.5613
7/27/1972,1.5325
7/28/1972,1.5538
7/31/1972,1.5738
8/1/1972,1.5913
8/2/1972,1.5963
8/3/1972,1.67
8/4/1972,1.72
8/7/1972,1.8025
8/8/1972,1.795
8/9/1972,1.7438
8/10/1972,1.7738
8/11/1972,1.8125
8/14/1972,1.7975
8/15/1972,1.77
8/16/1972,1.78
8/17/1972,1.7975
8/18/1972,1.815
8/21/1972,1.805
8/22/1972,1.845
8/23/1972,1.885
8/24/1972,1.8575
8/25/1972,1.845
8/28/1972,1.845
8/29/1972,1.8845
8/30/1972,1.907
8/31/1972,1.9185
9/1/1972,1.985
9/5/1972,2.005
9/6/1972,1.9825
9/7/1972,1.975
9/8/1972,1.98
9/11/1972,2.0025
9/12/1972,2.06
9/13/1972,2.04
9/14/1972,2.105
9/15/1972,2.2025
9/18/1972,2.29
9/19/1972,2.2225
9/20/1972,2.185
9/21/1972,2.1825
9/22/1972,2.2075
9/25/1972,2.18
9/26/1972,2.135
9/27/1972,2.0975
9/28/1972,2.1525
9/29/1972,2.1575
10/2/1972,2.1075
10/3/1972,2.11
10/4/1972,2.0725
10/5/1972,2.0875
10/6/1972,2.1
10/9/1972,2.1125
10/10/1972,2.1475
10/11/1972,2.1875
10/12/1972,2.17
10/13/1972,2.19
10/16/1972,2.225
10/17/1972,2.2075
10/18/1972,2.21
10/19/1972,2.19
10/20/1972,2.1675
10/23/1972,2.1425
10/24/1972,2.17
10/25/1972,2.165
10/26/1972,2.165
10/27/1972,2.1625
10/30/1972,2.2075
10/31/1972,2.205
11/1/1972,2.1875
11/2/1972,2.205
11/3/1972,2.235
11/6/1972,2.255
11/8/1972,2.2525
11/9/1972,2.225
11/10/1972,2.215
11/13/1972,2.24
11/14/1972,2.2575
11/15/1972,2.3
11/16/1972,2.285
11/17/1972,2.2925
11/20/1972,2.27
11/21/1972,2.27
11/22/1972,2.3175
11/24/1972,2.395
11/27/1972,2.431
11/28/1972,2.4105
11/29/1972,2.4225
11/30/1972,2.4555
12/1/1972,2.51
12/4/1972,2.5625
12/5/1972,2.57
12/6/1972,2.535
12/7/1972,2.535
12/8/1972,2.59
12/11/1972,2.6275
12/12/1972,2.6875
12/13/1972,2.655
12/14/1972,2.695
12/15/1972,2.6525
12/18/1972,2.5562
12/19/1972,2.465
12/20/1972,2.5025
12/21/1972,2.6037
12/22/1972,2.61
12/26/1972,2.6475
12/27/1972,2.6425
12/29/1972,2.64
1/2/1973,2.5925
1/3/1973,2.64
1/4/1973,2.625
1/5/1973,2.595
1/8/1973,2.57
1/9/1973,2.6325
1/10/1973,2.7337
1/11/1973,2.6337
1/12/1973,2.68
1/15/1973,2.6725
1/16/1973,2.7187
1/17/1973,2.67
1/18/1973,2.605
1/19/1973,2.505
1/22/1973,2.505
1/23/1973,2.5325
1/24/1973,2.4662
1/26/1973,2.5212
1/29/1973,2.4525
1/30/1973,2.4437
1/31/1973,2.47
2/1/1973,2.4775
2/2/1973,2.5225
2/5/1973,2.5162
2/6/1973,2.4262
2/7/1973,2.3262
2/8/1973,2.2262
2/9/1973,2.2687
2/12/1973,2.3687
2/13/1973,2.295
2/14/1973,2.2362
2/15/1973,2.285
2/16/1973,2.3575
2/20/1973,2.3987
2/21/1973,2.495
2/22/1973,2.5662
2/23/1973,2.4555
2/26/1973,2.3735
2/27/1973,2.3332
2/28/1973,2.3675
3/1/1973,2.4562
3/2/1973,2.4075
3/5/1973,2.4162
3/6/1973,2.4287
3/7/1973,2.435
3/8/1973,2.3725
3/9/1973,2.3438
3/12/1973,2.2475
3/13/1973,2.1775
3/14/1973,2.265
3/15/1973,2.2537
3/16/1973,2.25
3/19/1973,2.22
3/20/1973,2.2112
3/21/1973,2.1475
3/22/1973,2.2025
3/23/1973,2.18
3/26/1973,2.1575
3/27/1973,2.2437
3/28/1973,2.225
3/29/1973,2.2125
3/30/1973,2.2275
4/2/1973,2.2837
4/3/1973,2.2737
4/4/1973,2.335
4/5/1973,2.28
4/6/1973,2.2562
4/9/1973,2.3037
4/10/1973,2.271
4/11/1973,2.2875
4/12/1973,2.3062
4/13/1973,2.335
4/16/1973,2.4075
4/17/1973,2.3825
4/18/1973,2.38
4/19/1973,2.4075
4/23/1973,2.4762
4/24/1973,2.4587
4/25/1973,2.4735
4/26/1973,2.4235
4/27/1973,2.364
4/30/1973,2.3525
5/1/1973,2.2825
5/2/1973,2.2737
5/3/1973,2.3162
5/4/1973,2.3237
5/7/1973,2.35
5/8/1973,2.3312
5/9/1973,2.3262
5/10/1973,2.315
5/11/1973,2.3712
5/14/1973,2.4175
5/15/1973,2.45
5/16/1973,2.43
5/17/1973,2.4962
5/18/1973,2.5962
5/21/1973,2.6962
5/22/1973,2.7962
5/23/1973,2.7959
5/24/1973,2.8137
5/25/1973,2.9138
5/29/1973,3.0125
5/30/1973,2.9125
5/31/1973,2.8125
6/1/1973,2.8325
6/4/1973,2.9325
6/5/1973,2.8825
6/6/1973,2.7825
6/7/1973,2.6825
6/8/1973,2.735
6/11/1973,2.835
6/12/1973,2.935
6/13/1973,2.9975
6/14/1973,2.8975
6/15/1973,2.7975
6/18/1973,2.8
6/19/1973,2.8325
6/20/1973,2.7362
6/21/1973,2.755
6/22/1973,2.66
6/25/1973,2.6037
6/26/1973,2.5757
6/27/1973,2.664
6/28/1973,2.596
6/29/1973,2.6812
7/2/1973,2.78
7/3/1973,2.8112
7/5/1973,2.7512
7/6/1973,2.6937
7/9/1973,2.6125
7/10/1973,2.5812
7/11/1973,2.6812
7/12/1973,2.7375
7/13/1973,2.795
7/16/1973,2.8987
7/17/1973,2.7987
7/18/1973,2.855
7/19/1973,2.955
7/20/1973,3.045
7/23/1973,3.145
7/24/1973,3.245
7/25/1973,3.345
7/26/1973,3.44
7/27/1973,3.44
7/30/1973,3.54
7/31/1973,3.64
8/1/1973,3.74
8/2/1973,3.84
8/3/1973,3.94
8/6/1973,4.04
8/7/1973,4.14
8/8/1973,4.24
8/9/1973,4.34
8/10/1973,4.54
8/13/1973,4.74
8/14/1973,4.94
8/15/1973,4.885
8/16/1973,4.685
8/17/1973,4.885
8/20/1973,5.085
8/21/1973,5.285
8/22/1973,5.085
8/23/1973,5.005
8/24/1973,5.18
8/27/1973,5.08
8/28/1973,4.889
8/29/1973,5.056
8/30/1973,4.8725
8/31/1973,4.974
9/4/1973,4.775
9/5/1973,4.575
9/6/1973,4.745
9/7/1973,4.945
9/10/1973,4.985
9/11/1973,5.185
9/12/1973,4.985
9/13/1973,5.085
9/14/1973,5.25
9/17/1973,5.36
9/18/1973,5.16
9/19/1973,5.31
9/20/1973,5.245
9/21/1973,5.07
9/24/1973,5.1
9/25/1973,4.995
9/26/1973,4.795
9/27/1973,4.73
9/28/1973,4.915
10/1/1973,4.715
10/2/1973,4.555
10/3/1973,4.755
10/4/1973,4.715
10/5/1973,4.785
10/9/1973,4.955
10/10/1973,4.755
10/11/1973,4.73
10/12/1973,4.62
10/15/1973,4.42
10/16/1973,4.22
10/17/1973,4.18
10/18/1973,4.365
10/19/1973,4.305
10/22/1973,4.335
10/23/1973,4.535
10/24/1973,4.735
10/25/1973,4.645
10/26/1973,4.455
10/29/1973,4.255
10/30/1973,4.195
10/31/1973,4.305
11/1/1973,4.345
11/2/1973,4.31
11/5/1973,4.51
11/6/1973,4.4875
11/7/1973,4.495
11/8/1973,4.54
11/9/1973,4.425
11/12/1973,4.545
11/13/1973,4.645
11/14/1973,4.845
11/15/1973,4.645
11/16/1973,4.705
11/19/1973,4.675
11/20/1973,4.765
11/21/1973,4.735
11/23/1973,4.795
11/26/1973,4.645
11/27/1973,4.763
11/28/1973,4.931
11/29/1973,4.884
11/30/1973,4.7465
12/3/1973,4.835
12/4/1973,5.035
12/5/1973,4.97
12/6/1973,5.15
12/7/1973,5.29
12/10/1973,5.235
12/11/1973,5.435
12/12/1973,5.305
12/13/1973,5.245
12/14/1973,5.11
12/17/1973,5.31
12/18/1973,5.125
12/19/1973,5.19
12/20/1973,5.175
12/21/1973,5.215
12/26/1973,5.075
12/27/1973,5.175
12/28/1973,5.36
12/31/1973,5.45
1/2/1974,5.545
1/3/1974,5.56
1/4/1974,5.555
1/7/1974,5.755
1/8/1974,5.87
1/9/1974,5.67
1/10/1974,5.83
1/11/1974,5.73
1/14/1974,5.89
1/15/1974,5.79
1/16/1974,5.695
1/17/1974,5.66
1/18/1974,5.48
1/21/1974,5.68
1/22/1974,5.67
1/23/1974,5.47
1/24/1974,5.55
1/25/1974,5.75
1/28/1974,5.95
1/29/1974,5.855
1/30/1974,5.71
1/31/1974,5.645
2/1/1974,5.715
2/4/1974,5.515
2/5/1974,5.605
2/6/1974,5.58
2/7/1974,5.67
2/8/1974,5.805
2/11/1974,5.915
2/13/1974,5.915
2/14/1974,6.115
2/15/1974,6.315
2/19/1974,6.295
2/20/1974,6.285
2/21/1974,6.135
2/22/1974,6.2475
2/25/1974,6.336
2/26/1974,6.177
2/27/1974,5.958
2/28/1974,5.7395
3/1/1974,5.81
3/4/1974,5.77
3/5/1974,5.57
3/6/1974,5.375
3/7/1974,5.515
3/8/1974,5.315
3/11/1974,5.235
3/12/1974,5.33
3/13/1974,5.325
3/14/1974,5.22
3/15/1974,5.02
3/18/1974,5.065
3/19/1974,4.95
3/20/1974,4.805
3/21/1974,4.77
3/22/1974,4.895
3/25/1974,4.75
3/26/1974,4.915
3/27/1974,4.715
3/28/1974,4.515
3/29/1974,4.315
4/1/1974,4.145
4/2/1974,3.975
4/3/1974,4.175
4/4/1974,4.22
4/5/1974,4.27
4/8/1974,4.365
4/9/1974,4.255
4/10/1974,4.275
4/11/1974,4.31
4/15/1974,4.475
4/16/1974,4.35
4/17/1974,4.175
4/18/1974,4.115
4/19/1974,4.1175
4/22/1974,4.165
4/23/1974,4.075
4/24/1974,4.095
4/25/1974,4.27
4/26/1974,4.0465
4/29/1974,3.837
4/30/1974,3.784
5/1/1974,3.655
5/2/1974,3.665
5/3/1974,3.57
5/6/1974,3.37
5/7/1974,3.405
5/8/1974,3.52
5/9/1974,3.36
5/10/1974,3.4325
5/13/1974,3.555
5/14/1974,3.555
5/15/1974,3.69
5/16/1974,3.705
5/17/1974,3.565
5/20/1974,3.425
5/21/1974,3.46
5/22/1974,3.405
5/23/1974,3.415
5/24/1974,3.405
5/28/1974,3.475
5/29/1974,3.605
5/30/1974,3.575
5/31/1974,3.525
6/3/1974,3.5175
6/4/1974,3.575
6/5/1974,3.74
6/6/1974,3.595
6/7/1974,3.655
6/10/1974,3.61
6/11/1974,3.805
6/12/1974,3.87
6/13/1974,3.88
6/14/1974,3.855
6/17/1974,4.055
6/18/1974,4.05
6/19/1974,4.25
6/20/1974,4.43
6/21/1974,4.57
6/24/1974,4.77
6/25/1974,4.567
6/26/1974,4.522
6/27/1974,4.328
6/28/1974,4.134
7/1/1974,4.34
7/2/1974,4.415
7/3/1974,4.435
7/5/1974,4.38
7/8/1974,4.58
7/9/1974,4.445
7/10/1974,4.37
7/11/1974,4.38
7/12/1974,4.45
7/15/1974,4.44
7/16/1974,4.255
7/17/1974,4.23
7/18/1974,4.43
7/19/1974,4.415
7/22/1974,4.46
7/23/1974,4.465
7/24/1974,4.615
7/25/1974,4.63
7/26/1974,4.58
7/29/1974,4.78
7/30/1974,4.58
7/31/1974,4.72
8/1/1974,4.52
8/2/1974,4.32
8/5/1974,4.445
8/6/1974,4.535
8/7/1974,4.585
8/8/1974,4.455
8/9/1974,4.285
8/12/1974,4.315
8/13/1974,4.515
8/14/1974,4.445
8/15/1974,4.295
8/16/1974,4.345
8/19/1974,4.295
8/20/1974,4.225
8/21/1974,4.385
8/22/1974,4.42
8/23/1974,4.395
8/26/1974,4.26
8/27/1974,4.286
8/28/1974,4.369
8/29/1974,4.403
8/30/1974,4.3965
9/3/1974,4.28
9/4/1974,4.41
9/5/1974,4.42
9/6/1974,4.3875
9/9/1974,4.475
9/10/1974,4.425
9/11/1974,4.495
9/12/1974,4.525
9/13/1974,4.485
9/16/1974,4.355
9/17/1974,4.47
9/18/1974,4.475
9/19/1974,4.525
9/20/1974,4.4675
9/23/1974,4.52
9/24/1974,4.5775
9/25/1974,4.6075
9/26/1974,4.73
9/27/1974,4.78
9/30/1974,4.93
10/1/1974,4.77
10/2/1974,4.965
10/3/1974,5.165
10/4/1974,5.245
10/7/1974,5.045
10/8/1974,5.04
10/9/1974,5.195
10/10/1974,5.17
10/11/1974,5.16
10/14/1974,5.195
10/15/1974,5.17
10/16/1974,5.1225
10/17/1974,5.175
10/18/1974,5.145
10/21/1974,5.2075
10/22/1974,5.2725
10/23/1974,5.24
10/24/1974,5.265
10/25/1974,5.275
10/28/1974,5.12
10/29/1974,5.155
10/30/1974,5.245
10/31/1974,5.2075
11/1/1974,5.155
11/4/1974,5.1575
11/6/1974,5.155
11/7/1974,5.14
11/8/1974,5.12
11/11/1974,5.125
11/12/1974,4.925
11/13/1974,4.915
11/14/1974,4.915
11/15/1974,4.86
11/18/1974,4.66
11/19/1974,4.795
11/20/1974,4.82
11/21/1974,4.6725
11/22/1974,4.7225
11/25/1974,4.799
11/26/1974,5.008
11/27/1974,4.962
11/29/1974,5.0485
12/2/1974,4.9875
12/3/1974,5.085
12/4/1974,4.985
12/5/1974,5.0375
12/6/1974,4.925
12/9/1974,4.805
12/10/1974,4.835
12/11/1974,4.805
12/12/1974,4.8175
12/13/1974,4.7775
12/16/1974,4.665
12/17/1974,4.6725
12/18/1974,4.695
12/19/1974,4.7175
12/20/1974,4.72
12/23/1974,4.6275
12/24/1974,4.5925
12/26/1974,4.5025
12/27/1974,4.565
12/30/1974,4.5325
12/31/1974,4.585
1/2/1975,4.5775
1/3/1975,4.4925
1/6/1975,4.41
1/7/1975,4.21
1/8/1975,4.225
1/9/1975,4.2175
1/10/1975,4.2425
1/13/1975,4.21
1/14/1975,4.265
1/15/1975,4.24
1/16/1975,4.04
1/17/1975,3.84
1/20/1975,3.785
1/21/1975,3.94
1/22/1975,3.78
1/23/1975,3.98
1/24/1975,4.05
1/27/1975,3.895
1/28/1975,3.8975
1/29/1975,3.9
1/30/1975,3.895
1/31/1975,3.795
2/3/1975,3.855
2/4/1975,3.9425
2/5/1975,3.875
2/6/1975,3.9352
2/7/1975,3.995
2/10/1975,3.9825
2/11/1975,4.075
2/12/1975,4.0425
2/13/1975,4.115
2/14/1975,4.085
2/18/1975,3.93
2/19/1975,3.845
2/20/1975,3.8825
2/21/1975,3.8075
2/24/1975,3.805
2/25/1975,3.7485
2/26/1975,3.697
2/27/1975,3.632
2/28/1975,3.487
3/3/1975,3.48
3/4/1975,3.535
3/5/1975,3.5975
3/6/1975,3.655
3/7/1975,3.555
3/10/1975,3.5475
3/11/1975,3.735
3/12/1975,3.6725
3/13/1975,3.625
3/14/1975,3.575
3/17/1975,3.635
3/18/1975,3.545
3/19/1975,3.5725
3/20/1975,3.59
3/21/1975,3.705
3/24/1975,3.645
3/25/1975,3.685
3/26/1975,3.77
3/27/1975,3.7475
3/31/1975,3.8725
4/1/1975,3.8425
4/2/1975,3.8525
4/3/1975,3.76
4/4/1975,3.8225
4/7/1975,3.775
4/8/1975,3.7725
4/9/1975,3.7825
4/10/1975,3.6525
4/11/1975,3.6525
4/14/1975,3.6375
4/15/1975,3.515
4/16/1975,3.575
4/17/1975,3.5875
4/18/1975,3.5675
4/21/1975,3.5225
4/22/1975,3.445
4/23/1975,3.4775
4/24/1975,3.4625
4/25/1975,3.5075
4/28/1975,3.5575
4/29/1975,3.47
4/30/1975,3.4125
5/1/1975,3.1975
5/2/1975,3.2675
5/5/1975,3.19
5/6/1975,3.1525
5/7/1975,3.225
5/8/1975,3.2925
5/9/1975,3.2975
5/12/1975,3.305
5/13/1975,3.3125
5/14/1975,3.305
5/15/1975,3.2775
5/16/1975,3.2525
5/19/1975,3.4275
5/20/1975,3.3575
5/21/1975,3.29
5/22/1975,3.2975
5/23/1975,3.265
5/27/1975,3.1375
5/28/1975,3.1425
5/29/1975,3.0975
5/30/1975,3.085
6/2/1975,2.9875
6/3/1975,2.9275
6/4/1975,3.005
6/5/1975,2.9775
6/6/1975,2.965
6/9/1975,3.0475
6/10/1975,3.02
6/11/1975,2.9525
6/12/1975,2.915
6/13/1975,2.925
6/16/1975,3
6/17/1975,3.1875
6/18/1975,3.1225
6/19/1975,3.055
6/20/1975,3.165
6/23/1975,3.1125
6/24/1975,3.1675
6/25/1975,3.06
6/26/1975,3.025
6/27/1975,2.9625
6/30/1975,2.9625
7/1/1975,2.905
7/2/1975,2.895
7/3/1975,2.945
7/7/1975,3.0225
7/8/1975,3.2125
7/9/1975,3.335
7/10/1975,3.455
7/11/1975,3.615
7/14/1975,3.52
7/15/1975,3.515
7/16/1975,3.665
7/17/1975,3.55
7/18/1975,3.435
7/21/1975,3.5125
7/22/1975,3.54
7/23/1975,3.465
7/24/1975,3.5675
7/25/1975,3.64
7/28/1975,3.785
7/29/1975,3.685
7/30/1975,3.5025
7/31/1975,3.5175
8/1/1975,3.545
8/4/1975,3.555
8/5/1975,3.535
8/6/1975,3.5825
8/7/1975,3.755
8/8/1975,3.655
8/11/1975,3.635
8/12/1975,3.7325
8/13/1975,3.865
8/14/1975,3.885
8/15/1975,3.8875
8/18/1975,3.85
8/19/1975,3.9525
8/20/1975,4.115
8/21/1975,4.175
8/22/1975,4.175
8/25/1975,4.105
8/26/1975,3.785
8/27/1975,3.945
8/28/1975,3.775
8/29/1975,3.765
9/2/1975,3.735
9/3/1975,3.885
9/4/1975,4.02
9/5/1975,4.085
9/8/1975,3.9575
9/9/1975,3.9625
9/10/1975,4
9/11/1975,3.96
9/12/1975,4.11
9/15/1975,4.05
9/16/1975,4.1
9/17/1975,4.2275
9/18/1975,4.175
9/19/1975,4.1675
9/22/1975,4.12
9/23/1975,4.055
9/24/1975,4.0625
9/25/1975,4.175
9/26/1975,4.165
9/29/1975,4.08
9/30/1975,4.095
10/1/1975,4.095
10/2/1975,3.9075
10/3/1975,3.935
10/6/1975,3.98
10/7/1975,4.015
10/8/1975,3.9375
10/9/1975,3.9525
10/10/1975,3.93
10/13/1975,3.86
10/14/1975,3.9325
10/15/1975,3.845
10/16/1975,3.8975
10/17/1975,3.8575
10/20/1975,3.93
10/21/1975,3.75
10/22/1975,3.765
10/23/1975,3.7225
10/24/1975,3.715
10/27/1975,3.5925
10/28/1975,3.645
10/29/1975,3.7
10/30/1975,3.7475
10/31/1975,3.6625
11/3/1975,3.5475
11/4/1975,3.5925
11/5/1975,3.595
11/6/1975,3.53
11/7/1975,3.555
11/10/1975,3.4875
11/11/1975,3.465
11/12/1975,3.425
11/13/1975,3.395
11/14/1975,3.4375
11/17/1975,3.435
11/18/1975,3.345
11/19/1975,3.2575
11/20/1975,3.32
11/21/1975,3.37
11/24/1975,3.57
11/25/1975,3.485
11/26/1975,3.4775
11/28/1975,3.4225
12/1/1975,3.415
12/2/1975,3.4525
12/3/1975,3.4325
12/4/1975,3.495
12/5/1975,3.4675
12/8/1975,3.335
12/9/1975,3.3625
12/10/1975,3.3575
12/11/1975,3.3775
12/12/1975,3.2475
12/15/1975,3.225
12/16/1975,3.2575
12/17/1975,3.2675
12/18/1975,3.2825
12/19/1975,3.32
12/22/1975,3.2975
12/23/1975,3.2675
12/24/1975,3.265
12/26/1975,3.265
12/29/1975,3.195
12/30/1975,3.2275
12/31/1975,3.2475
1/2/1976,3.28
1/5/1976,3.4025
1/6/1976,3.3725
1/7/1976,3.46
1/8/1976,3.44
1/9/1976,3.4175
1/12/1976,3.5175
1/13/1976,3.495
1/14/1976,3.4975
1/15/1976,3.4625
1/16/1976,3.4575
1/19/1976,3.5625
1/20/1976,3.5525
1/21/1976,3.5275
1/22/1976,3.4675
1/23/1976,3.48
1/26/1976,3.3325
1/27/1976,3.3775
1/28/1976,3.3975
1/29/1976,3.4425
1/30/1976,3.5075
2/2/1976,3.5925
2/3/1976,3.605
2/4/1976,3.5475
2/5/1976,3.54
2/6/1976,3.5525
2/9/1976,3.5625
2/10/1976,3.7175
2/11/1976,3.7825
2/12/1976,3.905
2/13/1976,3.865
2/17/1976,3.9575
2/18/1976,3.825
2/19/1976,3.8725
2/20/1976,3.805
2/23/1976,3.8425
2/24/1976,3.89
2/25/1976,3.945
2/26/1976,3.745
2/27/1976,3.945
3/1/1976,3.88
3/2/1976,3.755
3/3/1976,3.7825
3/4/1976,3.845
3/5/1976,3.8275
3/8/1976,3.7575
3/9/1976,3.7725
3/10/1976,3.73
3/11/1976,3.655
3/12/1976,3.685
3/15/1976,3.6775
3/16/1976,3.625
3/17/1976,3.6775
3/18/1976,3.715
3/19/1976,3.6825
3/22/1976,3.7175
3/23/1976,3.635
3/24/1976,3.6075
3/25/1976,3.4825
3/26/1976,3.4375
3/29/1976,3.365
3/30/1976,3.4175
3/31/1976,3.335
4/1/1976,3.3775
4/2/1976,3.375
4/5/1976,3.395
4/6/1976,3.44
4/7/1976,3.4075
4/8/1976,3.425
4/9/1976,3.42
4/12/1976,3.3825
4/13/1976,3.35
4/14/1976,3.36
4/15/1976,3.465
4/19/1976,3.42
4/20/1976,3.39
4/21/1976,3.37
4/22/1976,3.36
4/23/1976,3.26
4/26/1976,3.25
4/27/1976,3.195
4/28/1976,3.23
4/29/1976,3.18
4/30/1976,3.1875
5/3/1976,3.2225
5/4/1976,3.2025
5/5/1976,3.195
5/6/1976,3.2
5/7/1976,3.185
5/10/1976,3.2275
5/11/1976,3.255
5/12/1976,3.3
5/13/1976,3.4
5/14/1976,3.385
5/17/1976,3.365
5/18/1976,3.31
5/19/1976,3.2875
5/20/1976,3.2625
5/21/1976,3.2575
5/24/1976,3.4075
5/25/1976,3.31
5/26/1976,3.3475
5/27/1976,3.3875
5/28/1976,3.375
6/1/1976,3.4875
6/2/1976,3.4675
6/3/1976,3.47
6/4/1976,3.4275
6/7/1976,3.505
6/8/1976,3.565
6/9/1976,3.595
6/10/1976,3.62
6/11/1976,3.515
6/14/1976,3.495
6/15/1976,3.375
6/16/1976,3.3975
6/17/1976,3.37
6/18/1976,3.375
6/21/1976,3.475
6/22/1976,3.455
6/23/1976,3.4125
6/24/1976,3.4875
6/25/1976,3.4575
6/28/1976,3.475
6/29/1976,3.445
6/30/1976,3.3825
7/1/1976,3.535
7/2/1976,3.555
7/6/1976,3.625
7/7/1976,3.435
7/8/1976,3.49
7/9/1976,3.45
7/12/1976,3.315
7/13/1976,3.335
7/14/1976,3.47
7/15/1976,3.395
7/16/1976,3.3925
7/19/1976,3.305
7/20/1976,3.345
7/21/1976,3.3575
7/22/1976,3.265
7/23/1976,3.3125
7/26/1976,3.2575
7/27/1976,3.2625
7/28/1976,3.26
7/29/1976,3.22
7/30/1976,3.16
8/2/1976,3.0575
8/3/1976,3.095
8/4/1976,3.1425
8/5/1976,3.115
8/6/1976,3.065
8/9/1976,3.0025
8/10/1976,3.0175
8/11/1976,3.0125
8/12/1976,3.0225
8/13/1976,3.0325
8/16/1976,3.0225
8/17/1976,2.9425
8/18/1976,2.96
8/19/1976,3.0125
8/20/1976,3.0425
8/23/1976,3.08
8/24/1976,3.025
8/25/1976,2.9575
8/26/1976,2.945
8/27/1976,2.92
8/30/1976,2.8775
8/31/1976,2.92
9/1/1976,2.94
9/2/1976,3.01
9/3/1976,2.9925
9/7/1976,3.115
9/8/1976,3.02
9/9/1976,3.0375
9/10/1976,3.0075
9/13/1976,2.89
9/14/1976,2.94
9/15/1976,2.9925
9/16/1976,2.9625
9/17/1976,2.885
9/20/1976,2.85
9/21/1976,2.8375
9/22/1976,2.8275
9/23/1976,2.8675
9/24/1976,2.8125
9/27/1976,2.765
9/28/1976,2.75
9/29/1976,2.6625
9/30/1976,2.6325
10/1/1976,2.5925
10/4/1976,2.645
10/5/1976,2.665
10/6/1976,2.755
10/7/1976,2.7775
10/8/1976,2.7525
10/11/1976,2.7425
10/12/1976,2.7775
10/13/1976,2.915
10/14/1976,2.78
10/15/1976,2.7525
10/18/1976,2.7475
10/19/1976,2.7775
10/20/1976,2.7725
10/21/1976,2.74
10/22/1976,2.715
10/25/1976,2.675
10/26/1976,2.665
10/27/1976,2.6625
10/28/1976,2.625
10/29/1976,2.66
11/1/1976,2.6675
11/3/1976,2.625
11/4/1976,2.64
11/5/1976,2.645
11/8/1976,2.65
11/9/1976,2.6025
11/10/1976,2.6
11/11/1976,2.5075
11/12/1976,2.5225
11/15/1976,2.585
11/16/1976,2.6
11/17/1976,2.5775
11/18/1976,2.57
11/19/1976,2.575
11/22/1976,2.6175
11/23/1976,2.62
11/24/1976,2.62
11/26/1976,2.5925
11/29/1976,2.5275
11/30/1976,2.5575
12/1/1976,2.57
12/2/1976,2.6125
12/3/1976,2.645
12/6/1976,2.66
12/7/1976,2.625
12/8/1976,2.665
12/9/1976,2.68
12/10/1976,2.68
12/13/1976,2.6925
12/14/1976,2.685
12/15/1976,2.645
12/16/1976,2.645
12/17/1976,2.61
12/20/1976,2.615
12/21/1976,2.63
12/22/1976,2.635
12/23/1976,2.67
12/27/1976,2.735
12/28/1976,2.755
12/29/1976,2.7425
12/30/1976,2.725
12/31/1976,2.725
1/3/1977,2.6975
1/4/1977,2.6975
1/5/1977,2.7225
1/6/1977,2.76
1/7/1977,2.735
1/10/1977,2.77
1/11/1977,2.76
1/12/1977,2.775
1/13/1977,2.7375
1/14/1977,2.715
1/17/1977,2.7325
1/18/1977,2.725
1/19/1977,2.73
1/20/1977,2.7325
1/21/1977,2.7325
1/24/1977,2.76
1/25/1977,2.7375
1/26/1977,2.7025
1/27/1977,2.6725
1/28/1977,2.6725
1/31/1977,2.6925
2/1/1977,2.6875
2/2/1977,2.6775
2/3/1977,2.71
2/4/1977,2.7475
2/7/1977,2.735
2/8/1977,2.745
2/9/1977,2.7625
2/10/1977,2.76
2/11/1977,2.725
2/14/1977,2.715
2/15/1977,2.755
2/16/1977,2.76
2/17/1977,2.7775
2/18/1977,2.8125
2/22/1977,2.77
2/23/1977,2.785
2/24/1977,2.795
2/25/1977,2.755
2/28/1977,2.6625
3/1/1977,2.6925
3/2/1977,2.645
3/3/1977,2.6225
3/4/1977,2.6325
3/7/1977,2.6275
3/8/1977,2.67
3/9/1977,2.665
3/10/1977,2.6325
3/11/1977,2.635
3/14/1977,2.6025
3/15/1977,2.6025
3/16/1977,2.6275
3/17/1977,2.61
3/18/1977,2.6125
3/21/1977,2.6375
3/22/1977,2.625
3/23/1977,2.6075
3/24/1977,2.665
3/25/1977,2.6825
3/28/1977,2.6275
3/29/1977,2.63
3/30/1977,2.5925
3/31/1977,2.595
4/1/1977,2.6075
4/4/1977,2.56
4/5/1977,2.47
4/6/1977,2.49
4/7/1977,2.55
4/11/1977,2.565
4/12/1977,2.59
4/13/1977,2.5625
4/14/1977,2.56
4/15/1977,2.585
4/18/1977,2.5775
4/19/1977,2.58
4/20/1977,2.565
4/21/1977,2.54
4/22/1977,2.51
4/25/1977,2.4425
4/26/1977,2.465
4/27/1977,2.4325
4/28/1977,2.4675
4/29/1977,2.455
5/2/1977,2.4362
5/3/1977,2.4175
5/4/1977,2.375
5/5/1977,2.3525
5/6/1977,2.365
5/9/1977,2.335
5/10/1977,2.3025
5/11/1977,2.3275
5/12/1977,2.4
5/13/1977,2.3525
5/16/1977,2.3425
5/17/1977,2.33
5/18/1977,2.3325
5/19/1977,2.36
5/20/1977,2.34
5/23/1977,2.3525
5/24/1977,2.38
5/25/1977,2.35
5/26/1977,2.3325
5/27/1977,2.315
5/31/1977,2.32
6/1/1977,2.3325
6/2/1977,2.3075
6/3/1977,2.3
6/6/1977,2.28
6/7/1977,2.285
6/8/1977,2.2875
6/9/1977,2.265
6/10/1977,2.2025
6/13/1977,2.2025
6/14/1977,2.23
6/15/1977,2.27
6/16/1977,2.28
6/17/1977,2.275
6/20/1977,2.295
6/21/1977,2.2575
6/22/1977,2.275
6/23/1977,2.29
6/24/1977,2.28
6/27/1977,2.365
6/28/1977,2.365
6/29/1977,2.34
6/30/1977,2.325
7/1/1977,2.2825
7/5/1977,2.245
7/6/1977,2.295
7/7/1977,2.27
7/8/1977,2.2725
7/11/1977,2.205
7/12/1977,2.18
7/13/1977,2.2475
7/14/1977,2.3925
7/15/1977,2.2025
7/18/1977,2.185
7/19/1977,2.21
7/20/1977,2.195
7/21/1977,2.1875
7/22/1977,2.195
7/25/1977,2.165
7/26/1977,2.1675
7/27/1977,2.135
7/28/1977,2.09
7/29/1977,2.095
8/1/1977,2.14
8/2/1977,2.1125
8/3/1977,2.1425
8/4/1977,2.1375
8/5/1977,2.1425
8/8/1977,2.1225
8/9/1977,2.115
8/10/1977,2.1175
8/11/1977,2.1075
8/12/1977,2.0925
8/15/1977,2.05
8/16/1977,2.07
8/17/1977,2.055
8/18/1977,2.0575
8/19/1977,2.04
8/22/1977,2.0175
8/23/1977,2.025
8/24/1977,2.06
8/25/1977,2.0675
8/26/1977,2.0475
8/29/1977,2.0425
8/30/1977,2.04
8/31/1977,2.0475
9/1/1977,2.0425
9/2/1977,2.0575
9/6/1977,2.11
9/7/1977,2.12
9/8/1977,2.1375
9/9/1977,2.1675
9/12/1977,2.205
9/13/1977,2.2375
9/14/1977,2.1925
9/15/1977,2.185
9/16/1977,2.1825
9/19/1977,2.21
9/20/1977,2.23
9/21/1977,2.3
9/22/1977,2.245
9/23/1977,2.2625
9/26/1977,2.2825
9/27/1977,2.265
9/28/1977,2.24
9/29/1977,2.26
9/30/1977,2.275
10/3/1977,2.3225
10/4/1977,2.33
10/5/1977,2.3125
10/6/1977,2.3175
10/7/1977,2.28
10/10/1977,2.2575
10/11/1977,2.245
10/12/1977,2.2075
10/13/1977,2.2025
10/14/1977,2.2325
10/17/1977,2.2425
10/18/1977,2.245
10/19/1977,2.2225
10/20/1977,2.2225
10/21/1977,2.24
10/24/1977,2.2675
10/25/1977,2.2575
10/26/1977,2.3075
10/27/1977,2.3275
10/28/1977,2.335
10/31/1977,2.3375
11/1/1977,2.4425
11/2/1977,2.4875
11/3/1977,2.48
11/4/1977,2.5075
11/7/1977,2.5275
11/8/1977,2.5125
11/9/1977,2.5175
11/10/1977,2.56
11/11/1977,2.5725
11/14/1977,2.605
11/15/1977,2.67
11/16/1977,2.7025
11/17/1977,2.655
11/18/1977,2.69
11/21/1977,2.65
11/22/1977,2.6175
11/23/1977,2.605
11/25/1977,2.64
11/28/1977,2.585
11/29/1977,2.65
11/30/1977,2.6675
12/1/1977,2.7175
12/2/1977,2.7
12/5/1977,2.615
12/6/1977,2.62
12/7/1977,2.65
12/8/1977,2.6525
12/9/1977,2.65
12/12/1977,2.5775
12/13/1977,2.605
12/14/1977,2.5925
12/15/1977,2.6
12/16/1977,2.5875
12/19/1977,2.59
12/20/1977,2.615
12/21/1977,2.6325
12/22/1977,2.65
12/23/1977,2.685
12/27/1977,2.74
12/28/1977,2.77
12/29/1977,2.7425
12/30/1977,2.73
1/3/1978,2.69
1/4/1978,2.715
1/5/1978,2.675
1/6/1978,2.72
1/9/1978,2.7125
1/10/1978,2.745
1/11/1978,2.7375
1/12/1978,2.725
1/13/1978,2.7675
1/16/1978,2.66
1/17/1978,2.6675
1/18/1978,2.67
1/19/1978,2.67
1/20/1978,2.6975
1/23/1978,2.715
1/24/1978,2.6975
1/25/1978,2.695
1/26/1978,2.66
1/27/1978,2.6875
1/30/1978,2.6675
1/31/1978,2.6275
2/1/1978,2.6375
2/2/1978,2.6475
2/3/1978,2.635
2/6/1978,2.685
2/7/1978,2.6775
2/8/1978,2.6525
2/9/1978,2.665
2/10/1978,2.715
2/13/1978,2.695
2/14/1978,2.715
2/15/1978,2.665
2/16/1978,2.64
2/17/1978,2.645
2/21/1978,2.635
2/22/1978,2.6275
2/23/1978,2.5775
2/24/1978,2.5575
2/27/1978,2.53
2/28/1978,2.52
3/1/1978,2.595
3/2/1978,2.6075
3/3/1978,2.65
3/6/1978,2.665
3/7/1978,2.745
3/8/1978,2.77
3/9/1978,2.7425
3/10/1978,2.705
3/13/1978,2.7825
3/14/1978,2.7275
3/15/1978,2.825
3/16/1978,2.82
3/17/1978,2.95
3/20/1978,2.895
3/21/1978,2.8525
3/22/1978,2.89
3/23/1978,2.89
3/27/1978,2.97
3/28/1978,2.9625
3/29/1978,2.865
3/30/1978,2.975
3/31/1978,3.075
4/3/1978,3.0525
4/4/1978,3.12
4/5/1978,3.1575
4/6/1978,3.135
4/7/1978,3.205
4/10/1978,3.2575
4/11/1978,3.2475
4/12/1978,3.165
4/13/1978,3.0725
4/14/1978,3.1625
4/17/1978,3.2025
4/18/1978,3.185
4/19/1978,3.1625
4/20/1978,3.1175
4/21/1978,3.09
4/24/1978,2.905
4/25/1978,2.9875
4/26/1978,2.94
4/27/1978,2.9725
4/28/1978,3.0325
5/1/1978,2.95
5/2/1978,2.9
5/3/1978,2.94
5/4/1978,2.97
5/5/1978,3
5/8/1978,2.99
5/9/1978,3.0175
5/10/1978,3.0375
5/11/1978,3.075
5/12/1978,3.0525
5/15/1978,3.14
5/16/1978,3.16
5/17/1978,3.165
5/18/1978,3.1725
5/19/1978,3.1775
5/22/1978,3.2325
5/23/1978,3.335
5/24/1978,3.325
5/25/1978,3.365
5/26/1978,3.3575
5/30/1978,3.4225
5/31/1978,3.3525
6/1/1978,3.2925
6/2/1978,3.265
6/5/1978,3.325
6/6/1978,3.32
6/7/1978,3.2775
6/8/1978,3.27
6/9/1978,3.205
6/12/1978,3.135
6/13/1978,3.1
6/14/1978,3.095
6/15/1978,3.0975
6/16/1978,3.1825
6/19/1978,3.2125
6/20/1978,3.195
6/21/1978,3.165
6/22/1978,3.185
6/23/1978,3.175
6/26/1978,3.17
6/27/1978,3.1175
6/28/1978,3.0675
6/29/1978,3.0625
6/30/1978,3.11
7/3/1978,3.155
7/5/1978,3.2475
7/6/1978,3.2325
7/7/1978,3.245
7/10/1978,3.2575
7/11/1978,3.2525
7/12/1978,3.2425
7/13/1978,3.2175
7/14/1978,3.225
7/17/1978,3.1875
7/18/1978,3.1325
7/19/1978,3.14
7/20/1978,3.1775
7/21/1978,3.2775
7/24/1978,3.2
7/25/1978,3.2275
7/26/1978,3.26
7/27/1978,3.265
7/28/1978,3.2675
7/31/1978,3.2675
8/1/1978,3.2275
8/2/1978,3.24
8/3/1978,3.2675
8/4/1978,3.2875
8/7/1978,3.195
8/8/1978,3.2175
8/9/1978,3.255
8/10/1978,3.2625
8/11/1978,3.2975
8/14/1978,3.355
8/15/1978,3.415
8/16/1978,3.315
8/17/1978,3.3475
8/18/1978,3.38
8/21/1978,3.3225
8/22/1978,3.3225
8/23/1978,3.38
8/24/1978,3.415
8/25/1978,3.4375
8/28/1978,3.395
8/29/1978,3.285
8/30/1978,3.345
8/31/1978,3.355
9/1/1978,3.4175
9/5/1978,3.365
9/6/1978,3.3725
9/7/1978,3.395
9/8/1978,3.3925
9/11/1978,3.3575
9/12/1978,3.3425
9/13/1978,3.3725
9/14/1978,3.38
9/15/1978,3.325
9/18/1978,3.345
9/19/1978,3.3675
9/20/1978,3.445
9/21/1978,3.43
9/22/1978,3.48
9/25/1978,3.5175
9/26/1978,3.505
9/27/1978,3.5225
9/28/1978,3.5275
9/29/1978,3.5175
10/2/1978,3.5725
10/3/1978,3.555
10/4/1978,3.53
10/5/1978,3.5475
10/6/1978,3.535
10/9/1978,3.555
10/10/1978,3.5425
10/11/1978,3.525
10/12/1978,3.4725
10/13/1978,3.4975
10/16/1978,3.4975
10/17/1978,3.48
10/18/1978,3.4675
10/19/1978,3.4325
10/20/1978,3.36
10/23/1978,3.34
10/24/1978,3.3975
10/25/1978,3.525
10/26/1978,3.5925
10/27/1978,3.6475
10/30/1978,3.64
10/31/1978,3.615
11/1/1978,3.58
11/2/1978,3.61
11/3/1978,3.6675
11/6/1978,3.6325
11/7/1978,3.6325
11/8/1978,3.605
11/9/1978,3.575
11/10/1978,3.6375
11/13/1978,3.6825
11/14/1978,3.635
11/15/1978,3.5575
11/16/1978,3.59
11/17/1978,3.645
11/20/1978,3.6525
11/21/1978,3.7075
11/22/1978,3.7575
11/24/1978,3.83
11/27/1978,3.785
11/28/1978,3.7475
11/29/1978,3.8025
11/30/1978,3.86
12/1/1978,3.825
12/4/1978,3.7575
12/5/1978,3.695
12/6/1978,3.685
12/7/1978,3.7625
12/8/1978,3.75
12/11/1978,3.715
12/12/1978,3.69
12/13/1978,3.615
12/14/1978,3.6425
12/15/1978,3.685
12/18/1978,3.705
12/19/1978,3.6625
12/20/1978,3.62
12/21/1978,3.585
12/22/1978,3.6025
12/26/1978,3.585
12/27/1978,3.675
12/28/1978,3.695
12/29/1978,3.6825
1/2/1979,3.6575
1/3/1979,3.6225
1/4/1979,3.5725
1/5/1979,3.59
1/8/1979,3.62
1/9/1979,3.705
1/10/1979,3.765
1/11/1979,3.795
1/12/1979,3.795
1/15/1979,3.7975
1/16/1979,3.75
1/17/1979,3.795
1/18/1979,3.77
1/19/1979,3.805
1/22/1979,3.7575
1/23/1979,3.7775
1/24/1979,3.77
1/25/1979,3.76
1/26/1979,3.7525
1/29/1979,3.745
1/30/1979,3.785
1/31/1979,3.765
2/1/1979,3.7675
2/2/1979,3.795
2/5/1979,3.8325
2/6/1979,3.8125
2/7/1979,3.8725
2/8/1979,3.8675
2/9/1979,3.925
2/12/1979,3.895
2/13/1979,3.8725
2/14/1979,3.885
2/15/1979,3.875
2/16/1979,3.84
2/20/1979,3.8325
2/21/1979,3.9375
2/22/1979,3.9125
2/23/1979,3.8875
2/26/1979,3.9075
2/27/1979,3.9425
2/28/1979,4.0075
3/1/1979,4.095
3/2/1979,4.05
3/5/1979,4.1125
3/6/1979,4.0675
3/7/1979,4.105
3/8/1979,4.0825
3/9/1979,3.825
3/12/1979,3.7525
3/13/1979,3.675
3/14/1979,3.64
3/15/1979,3.73
3/16/1979,3.7325
3/19/1979,3.755
3/20/1979,3.74
3/21/1979,3.625
3/22/1979,3.6225
3/23/1979,3.6525
3/26/1979,3.665
3/27/1979,3.675
3/28/1979,3.68
3/29/1979,3.5975
3/30/1979,3.595
4/2/1979,3.5425
4/3/1979,3.535
4/4/1979,3.5625
4/5/1979,3.5775
4/6/1979,3.565
4/9/1979,3.535
4/10/1979,3.5775
4/11/1979,3.5975
4/12/1979,3.5825
4/16/1979,3.5625
4/17/1979,3.6175
4/18/1979,3.5975
4/19/1979,3.5875
4/20/1979,3.5825
4/23/1979,3.5975
4/24/1979,3.67
4/25/1979,3.6525
4/26/1979,3.66
4/27/1979,3.71
4/30/1979,3.7375
5/1/1979,3.7475
5/2/1979,3.84
5/3/1979,3.8375
5/4/1979,3.85
5/7/1979,3.815
5/8/1979,3.855
5/9/1979,3.975
5/10/1979,3.94
5/11/1979,3.975
5/14/1979,4.035
5/15/1979,3.98
5/16/1979,3.925
5/17/1979,3.87
5/18/1979,3.8525
5/21/1979,3.885
5/22/1979,3.8275
5/23/1979,3.8575
5/24/1979,3.745
5/25/1979,3.6925
5/29/1979,3.7575
5/30/1979,3.775
5/31/1979,3.9275
6/1/1979,3.955
6/4/1979,3.9625
6/5/1979,3.9925
6/6/1979,4.1075
6/7/1979,3.895
6/8/1979,4.0875
6/11/1979,4.245
6/12/1979,4.13
6/13/1979,4.27
6/14/1979,4.46
6/15/1979,4.4775
6/18/1979,4.395
6/19/1979,4.4425
6/20/1979,4.5625
6/21/1979,4.7325
6/22/1979,4.8875
6/25/1979,4.725
6/26/1979,4.76
6/27/1979,4.69
6/28/1979,4.5025
6/29/1979,4.3325
7/2/1979,4.4825
7/3/1979,4.485
7/5/1979,4.685
7/6/1979,4.695
7/9/1979,4.675
7/10/1979,4.6
7/11/1979,4.645
7/12/1979,4.4175
7/13/1979,4.41
7/16/1979,4.46
7/17/1979,4.525
7/18/1979,4.465
7/19/1979,4.295
7/20/1979,4.3
7/23/1979,4.275
7/24/1979,4.165
7/25/1979,4.135
7/26/1979,4.2125
7/27/1979,4.14
7/30/1979,4.1
7/31/1979,4.045
8/1/1979,4.1575
8/2/1979,4.0875
8/3/1979,4.055
8/6/1979,4.01
8/7/1979,4.035
8/8/1979,4.105
8/9/1979,4.095
8/10/1979,4.08
8/13/1979,4.0375
8/14/1979,4.2375
8/15/1979,4.285
8/16/1979,4.315
8/17/1979,4.325
8/20/1979,4.3025
8/21/1979,4.405
8/22/1979,4.33
8/23/1979,4.2825
8/24/1979,4.3575
8/27/1979,4.315
8/28/1979,4.275
8/29/1979,4.35
8/30/1979,4.4025
8/31/1979,4.41
9/4/1979,4.21
9/5/1979,4.25
9/6/1979,4.175
9/7/1979,4.1825
9/10/1979,4.245
9/11/1979,4.2
9/12/1979,4.2
9/13/1979,4.4
9/14/1979,4.27
9/17/1979,4.3
9/18/1979,4.31
9/19/1979,4.275
9/20/1979,4.295
9/21/1979,4.2925
9/24/1979,4.3675
9/25/1979,4.285
9/26/1979,4.2775
9/27/1979,4.4
9/28/1979,4.3475
10/1/1979,4.495
10/2/1979,4.455
10/3/1979,4.56
10/4/1979,4.515
10/5/1979,4.425
10/8/1979,4.4225
10/9/1979,4.23
10/10/1979,4.225
10/11/1979,4.165
10/12/1979,4.275
10/15/1979,4.2125
10/16/1979,4.275
10/17/1979,4.345
10/18/1979,4.3475
10/19/1979,4.45
10/22/1979,4.43
10/23/1979,4.3575
10/24/1979,4.26
10/25/1979,4.235
10/26/1979,4.02
10/29/1979,4.025
10/30/1979,4.035
10/31/1979,4.0625
11/1/1979,3.915
11/2/1979,3.9475
11/5/1979,4.015
11/6/1979,4.0275
11/7/1979,4.065
11/8/1979,4.0575
11/9/1979,4.0775
11/12/1979,4.1625
11/13/1979,4.25
11/14/1979,4.275
11/15/1979,4.185
11/16/1979,4.22
11/19/1979,4.1825
11/20/1979,4.2125
11/21/1979,4.2375
11/23/1979,4.2225
11/26/1979,4.1075
11/27/1979,4.1075
11/28/1979,4.155
11/29/1979,4.1325
11/30/1979,4.2625
12/3/1979,4.2
12/4/1979,4.1375
12/5/1979,4.075
12/6/1979,4.0425
12/7/1979,4.0925
12/10/1979,4.135
12/11/1979,4.2375
12/12/1979,4.255
12/13/1979,4.215
12/14/1979,4.2525
12/17/1979,4.245
12/18/1979,4.255
12/19/1979,4.255
12/20/1979,4.3175
12/21/1979,4.3425
12/24/1979,4.3425
12/26/1979,4.5425
12/27/1979,4.49
12/28/1979,4.485
12/31/1979,4.4425
1/2/1980,4.355
1/3/1980,4.3625
1/4/1980,4.355
1/7/1980,4.355
1/8/1980,4.355
1/9/1980,3.955
1/10/1980,4.0525
1/11/1980,4.1475
1/14/1980,4.1675
1/15/1980,4.2275
1/16/1980,4.2525
1/17/1980,4.4375
1/18/1980,4.4125
1/21/1980,4.415
1/22/1980,4.455
1/23/1980,4.52
1/24/1980,4.4575
1/25/1980,4.435
1/28/1980,4.5175
1/29/1980,4.47
1/30/1980,4.57
1/31/1980,4.6275
2/1/1980,4.6775
2/4/1980,4.725
2/5/1980,4.66
2/6/1980,4.5075
2/7/1980,4.4775
2/8/1980,4.465
2/11/1980,4.5325
2/12/1980,4.4125
2/13/1980,4.3525
2/14/1980,4.3125
2/15/1980,4.3125
2/19/1980,4.2475
2/20/1980,4.2825
2/21/1980,4.3025
2/22/1980,4.2875
2/25/1980,4.3275
2/26/1980,4.26
2/27/1980,4.2125
2/28/1980,4.2075
2/29/1980,4.235
3/3/1980,4.23
3/4/1980,4.4025
3/5/1980,4.385
3/6/1980,4.3275
3/7/1980,4.3175
3/10/1980,4.2475
3/11/1980,4.2425
3/12/1980,4.2325
3/13/1980,4.2025
3/14/1980,4.2025
3/17/1980,4.175
3/18/1980,4.1775
3/19/1980,4.2
3/20/1980,4.125
3/21/1980,4.1175
3/24/1980,4.1625
3/25/1980,4.2125
3/26/1980,4.0875
3/27/1980,4.045
3/28/1980,3.95
3/31/1980,3.8325
4/1/1980,3.87
4/2/1980,3.975
4/3/1980,4.055
4/7/1980,4.0225
4/8/1980,4.0975
4/9/1980,4.2575
4/10/1980,4.145
4/11/1980,4.0625
4/14/1980,3.9275
4/15/1980,3.9075
4/16/1980,3.955
4/17/1980,3.855
4/18/1980,3.805
4/21/1980,3.9825
4/22/1980,3.9075
4/23/1980,3.915
4/24/1980,3.9525
4/25/1980,3.9675
4/28/1980,3.875
4/29/1980,3.835
4/30/1980,3.855
5/1/1980,3.85
5/2/1980,3.92
5/5/1980,4.12
5/6/1980,4.115
5/7/1980,4.23
5/8/1980,4.23
5/9/1980,4.1975
5/12/1980,4.0475
5/13/1980,4.1
5/14/1980,4.075
5/15/1980,4.16
5/16/1980,4.035
5/19/1980,4.145
5/20/1980,4.0975
5/21/1980,4.07
5/22/1980,4.005
5/23/1980,3.965
5/27/1980,3.9825
5/28/1980,3.915
5/29/1980,3.825
5/30/1980,3.8275
6/2/1980,3.775
6/3/1980,3.845
6/4/1980,3.8125
6/5/1980,3.775
6/6/1980,3.74
6/9/1980,3.7675
6/10/1980,3.8675
6/11/1980,3.9025
6/12/1980,3.93
6/13/1980,3.9225
6/16/1980,3.9625
6/17/1980,3.9425
6/18/1980,3.9825
6/19/1980,3.98
6/20/1980,4.025
6/23/1980,4.185
6/24/1980,4.13
6/25/1980,4.235
6/26/1980,4.2475
6/27/1980,4.1175
6/30/1980,4.1
7/1/1980,4.16
7/2/1980,4.2075
7/3/1980,4.19
7/7/1980,4.155
7/8/1980,4.1375
7/9/1980,3.9925
7/10/1980,4.0325
7/11/1980,4.03
7/14/1980,4.23
7/15/1980,4.075
7/16/1980,4.0925
7/17/1980,4.14
7/18/1980,4.125
7/21/1980,4.07
7/22/1980,4.125
7/23/1980,4.31
7/24/1980,4.2625
7/25/1980,4.2475
7/28/1980,4.3
7/29/1980,4.3175
7/30/1980,4.265
7/31/1980,4.37
8/1/1980,4.3575
8/4/1980,4.285
8/5/1980,4.325
8/6/1980,4.3125
8/7/1980,4.2825
8/8/1980,4.2625
8/11/1980,4.2125
8/12/1980,4.2975
8/13/1980,4.2375
8/14/1980,4.175
8/15/1980,4.165
8/18/1980,4.1775
8/19/1980,4.205
8/20/1980,4.1875
8/21/1980,4.1725
8/22/1980,4.14
8/25/1980,4.145
8/26/1980,4.1275
8/27/1980,4.1225
8/28/1980,4.1175
8/29/1980,4.1775
9/2/1980,4.295
9/3/1980,4.325
9/4/1980,4.26
9/5/1980,4.35
9/8/1980,4.37
9/9/1980,4.375
9/10/1980,4.3375
9/11/1980,4.36
9/12/1980,4.3025
9/15/1980,4.31
9/16/1980,4.345
9/17/1980,4.395
9/18/1980,4.5125
9/19/1980,4.5125
9/22/1980,4.495
9/23/1980,4.5575
9/24/1980,4.5775
9/25/1980,4.38
9/26/1980,4.2225
9/29/1980,4.2325
9/30/1980,4.285
10/1/1980,4.2975
10/2/1980,4.1875
10/3/1980,4.2325
10/6/1980,4.325
10/7/1980,4.27
10/8/1980,4.2825
10/9/1980,4.2875
10/10/1980,4.39
10/13/1980,4.5325
10/14/1980,4.5225
10/15/1980,4.5175
10/16/1980,4.6075
10/17/1980,4.665
10/20/1980,4.7325
10/21/1980,4.7975
10/22/1980,4.855
10/23/1980,4.8075
10/24/1980,4.83
10/27/1980,4.895
10/28/1980,5.015
10/29/1980,4.9575
10/30/1980,4.925
10/31/1980,4.8875
11/3/1980,5.0325
11/5/1980,5.07
11/6/1980,4.92
11/7/1980,4.9475
11/10/1980,4.84
11/11/1980,4.8675
11/12/1980,4.9775
11/13/1980,4.9025
11/14/1980,4.9425
11/17/1980,4.9125
11/18/1980,4.965
11/19/1980,4.9375
11/20/1980,4.995
11/21/1980,4.955
11/24/1980,4.7875
11/25/1980,4.78
11/26/1980,4.78
11/28/1980,4.8825
12/1/1980,4.76
12/2/1980,4.745
12/3/1980,4.68
12/4/1980,4.6825
12/5/1980,4.65
12/8/1980,4.5525
12/9/1980,4.3525
12/10/1980,4.365
12/11/1980,4.165
12/12/1980,4.365
12/15/1980,4.615
12/16/1980,4.615
12/17/1980,4.585
12/18/1980,4.535
12/19/1980,4.555
12/22/1980,4.515
12/23/1980,4.5275
12/24/1980,4.4675
12/26/1980,4.4675
12/29/1980,4.515
12/30/1980,4.5125
12/31/1980,4.66
1/2/1981,4.735
1/5/1981,4.705
1/6/1981,4.7175
1/7/1981,4.7125
1/8/1981,4.6225
1/9/1981,4.5725
1/12/1981,4.635
1/13/1981,4.6375
1/14/1981,4.6975
1/15/1981,4.69
1/16/1981,4.675
1/19/1981,4.5825
1/20/1981,4.59
1/21/1981,4.5725
1/22/1981,4.465
1/23/1981,4.3025
1/26/1981,4.4875
1/27/1981,4.405
1/28/1981,4.405
1/29/1981,4.3375
1/30/1981,4.3575
2/2/1981,4.3875
2/3/1981,4.4475
2/4/1981,4.4375
2/5/1981,4.4325
2/6/1981,4.44
2/9/1981,4.2425
2/10/1981,4.32
2/11/1981,4.3175
2/12/1981,4.2725
2/13/1981,4.3075
2/17/1981,4.3875
2/18/1981,4.3475
2/19/1981,4.365
2/20/1981,4.3825
2/23/1981,4.3875
2/24/1981,4.35
2/25/1981,4.2175
2/26/1981,4.1625
2/27/1981,4.1225
3/2/1981,4.2075
3/3/1981,4.17
3/4/1981,4.0675
3/5/1981,4.12
3/6/1981,4.135
3/9/1981,4.1775
3/10/1981,4.1125
3/11/1981,4.0725
3/12/1981,4.16
3/13/1981,4.17
3/16/1981,4.1925
3/17/1981,4.2625
3/18/1981,4.2325
3/19/1981,4.18
3/20/1981,4.1
3/23/1981,4.185
3/24/1981,4.175
3/25/1981,4.145
3/26/1981,4.07
3/27/1981,4.08
3/30/1981,4.0825
3/31/1981,4.1375
4/1/1981,4.1075
4/2/1981,4.1625
4/3/1981,4.1025
4/6/1981,4.1175
4/7/1981,4.2775
4/8/1981,4.2625
4/9/1981,4.2525
4/10/1981,4.2075
4/13/1981,4.1325
4/14/1981,4.125
4/15/1981,4.15
4/16/1981,4.1875
4/20/1981,4.2325
4/21/1981,4.2525
4/22/1981,4.2525
4/23/1981,4.2175
4/24/1981,4.1975
4/27/1981,4.1875
4/28/1981,4.095
4/29/1981,4.0775
4/30/1981,4.1375
5/1/1981,4.1775
5/4/1981,4.0525
5/5/1981,3.975
5/6/1981,3.9475
5/7/1981,3.915
5/8/1981,3.88
5/11/1981,3.8375
5/12/1981,3.7425
5/13/1981,3.75
5/14/1981,3.7525
5/15/1981,3.775
5/18/1981,3.7875
5/19/1981,3.74
5/20/1981,3.725
5/21/1981,3.6475
5/22/1981,3.625
5/26/1981,3.66
5/27/1981,3.7225
5/28/1981,3.7075
5/29/1981,3.725
6/1/1981,3.64
6/2/1981,3.6175
6/3/1981,3.5025
6/4/1981,3.64
6/5/1981,3.6825
6/8/1981,3.645
6/9/1981,3.67
6/10/1981,3.4825
6/11/1981,3.7125
6/12/1981,3.7225
6/15/1981,3.7325
6/16/1981,3.695
6/17/1981,3.6775
6/18/1981,3.6425
6/19/1981,3.6125
6/22/1981,3.575
6/23/1981,3.53
6/24/1981,3.5025
6/25/1981,3.45
6/26/1981,3.3975
6/29/1981,3.335
6/30/1981,3.3825
7/1/1981,3.5125
7/2/1981,3.5275
7/6/1981,3.55
7/7/1981,3.6425
7/8/1981,3.765
7/9/1981,3.655
7/10/1981,3.7
7/13/1981,3.6375
7/14/1981,3.595
7/15/1981,3.655
7/16/1981,3.6675
7/17/1981,3.6875
7/20/1981,3.68
7/21/1981,3.73
7/22/1981,3.7375
7/23/1981,3.775
7/24/1981,3.79
7/27/1981,3.775
7/28/1981,3.795
7/29/1981,3.7175
7/30/1981,3.7375
7/31/1981,3.775
8/3/1981,3.7475
8/4/1981,3.7675
8/5/1981,3.705
8/6/1981,3.715
8/7/1981,3.7525
8/10/1981,3.5975
8/11/1981,3.67
8/12/1981,3.7225
8/13/1981,3.685
8/14/1981,3.7675
8/17/1981,3.7575
8/18/1981,3.7425
8/19/1981,3.7525
8/20/1981,3.6825
8/21/1981,3.6825
8/24/1981,3.62
8/25/1981,3.6275
8/26/1981,3.71
8/27/1981,3.6625
8/28/1981,3.6725
8/31/1981,3.6475
9/1/1981,3.73
9/2/1981,3.705
9/3/1981,3.7775
9/4/1981,3.745
9/8/1981,3.7125
9/9/1981,3.79
9/10/1981,3.8425
9/11/1981,3.9025
9/14/1981,3.955
9/15/1981,3.95
9/16/1981,3.925
9/17/1981,3.885
9/18/1981,3.8975
9/21/1981,3.9375
9/22/1981,3.97
9/23/1981,3.935
9/24/1981,3.9275
9/25/1981,3.8925
9/28/1981,3.9075
9/29/1981,3.9275
9/30/1981,3.895
10/1/1981,3.8725
10/2/1981,3.9075
10/5/1981,3.9275
10/6/1981,3.945
10/7/1981,3.94
10/8/1981,3.94
10/9/1981,3.94
10/12/1981,4.02
10/13/1981,4.06
10/14/1981,4.0325
10/15/1981,3.9775
10/16/1981,3.965
10/19/1981,3.965
10/20/1981,3.9225
10/21/1981,3.96
10/22/1981,3.95
10/23/1981,4.0275
10/26/1981,4.0225
10/27/1981,4.0275
10/28/1981,4.0075
10/29/1981,4.0075
10/30/1981,4.0425
11/2/1981,4.065
11/3/1981,4.085
11/4/1981,4.06
11/5/1981,4.0825
11/6/1981,4.0875
11/9/1981,4.0775
11/10/1981,4.1025
11/11/1981,4.1125
11/12/1981,4.1575
11/13/1981,4.14
11/16/1981,4.1675
11/17/1981,4.105
11/18/1981,4.085
11/19/1981,4.06
11/20/1981,4.0225
11/23/1981,3.9875
11/24/1981,3.9875
11/25/1981,4.0125
11/27/1981,4.0725
11/30/1981,4.115
12/1/1981,4.11
12/2/1981,4.1175
12/3/1981,4.1425
12/4/1981,4.1075
12/7/1981,3.96
12/8/1981,3.87
12/9/1981,3.88
12/10/1981,3.87
12/11/1981,3.8875
12/14/1981,3.815
12/15/1981,3.805
12/16/1981,3.8325
12/17/1981,3.865
12/18/1981,3.775
12/21/1981,3.6775
12/22/1981,3.685
12/23/1981,3.6125
12/24/1981,3.645
12/28/1981,3.7825
12/29/1981,3.81
12/30/1981,3.8075
12/31/1981,3.815
1/4/1982,3.8075
1/5/1982,3.81
1/6/1982,3.915
1/7/1982,3.9025
1/8/1982,3.92
1/11/1982,3.84
1/12/1982,3.795
1/13/1982,3.7875
1/14/1982,3.7975
1/15/1982,3.8425
1/18/1982,3.8175
1/19/1982,3.7275
1/20/1982,3.7525
1/21/1982,3.7175
1/22/1982,3.6875
1/25/1982,3.6325
1/26/1982,3.635
1/27/1982,3.6925
1/28/1982,3.65
1/29/1982,3.67
2/1/1982,3.71
2/2/1982,3.715
2/3/1982,3.6825
2/4/1982,3.6175
2/5/1982,3.605
2/8/1982,3.565
2/9/1982,3.5675
2/10/1982,3.5875
2/11/1982,3.5975
2/12/1982,3.565
2/16/1982,3.5225
2/17/1982,3.5725
2/18/1982,3.5475
2/19/1982,3.5225
2/22/1982,3.5025
2/23/1982,3.4475
2/24/1982,3.4375
2/25/1982,3.4425
2/26/1982,3.54
3/1/1982,3.605
3/2/1982,3.6275
3/3/1982,3.58
3/4/1982,3.5925
3/5/1982,3.555
3/8/1982,3.5075
3/9/1982,3.565
3/10/1982,3.55
3/11/1982,3.455
3/12/1982,3.425
3/15/1982,3.475
3/16/1982,3.515
3/17/1982,3.5575
3/18/1982,3.5775
3/19/1982,3.6025
3/22/1982,3.68
3/23/1982,3.7025
3/24/1982,3.705
3/25/1982,3.6625
3/26/1982,3.6075
3/29/1982,3.65
3/30/1982,3.665
3/31/1982,3.69
4/1/1982,3.63
4/2/1982,3.63
4/5/1982,3.69
4/6/1982,3.69
4/7/1982,3.635
4/8/1982,3.65
4/12/1982,3.615
4/13/1982,3.68
4/14/1982,3.725
4/15/1982,3.835
4/16/1982,3.78
4/19/1982,3.765
4/20/1982,3.795
4/21/1982,3.76
4/22/1982,3.715
4/23/1982,3.775
4/26/1982,3.745
4/27/1982,3.7
4/28/1982,3.675
4/29/1982,3.63
4/30/1982,3.215
5/3/1982,3.33
5/4/1982,3.35
5/5/1982,3.375
5/6/1982,3.36
5/7/1982,3.31
5/10/1982,3.235
5/11/1982,3.225
5/12/1982,3.19
5/13/1982,3.19
5/14/1982,3.25
5/17/1982,3.165
5/18/1982,3.305
5/19/1982,3.305
5/20/1982,3.315
5/21/1982,3.24
5/24/1982,3.295
5/25/1982,3.205
5/26/1982,3.24
5/27/1982,3.205
5/28/1982,3.175
6/1/1982,3.19
6/2/1982,3.145
6/3/1982,3.13
6/4/1982,3.09
6/7/1982,3.155
6/8/1982,3.12
6/9/1982,3.13
6/10/1982,3.155
6/11/1982,3.24
6/14/1982,3.25
6/15/1982,3.26
6/16/1982,3.23
6/17/1982,3.17
6/18/1982,3.145
6/21/1982,3.215
6/22/1982,3.25
6/23/1982,3.265
6/24/1982,3.28
6/25/1982,3.315
6/28/1982,3.3
6/29/1982,3.275
6/30/1982,3.305
7/1/1982,3.41
7/2/1982,3.41
7/6/1982,3.28
7/7/1982,3.13
7/8/1982,3.21
7/9/1982,3.2
7/12/1982,3.2
7/13/1982,3.23
7/14/1982,3.22
7/15/1982,3.255
7/16/1982,3.265
7/19/1982,3.22
7/20/1982,3.27
7/21/1982,3.28
7/22/1982,3.22
7/23/1982,3.23
7/26/1982,3.23
7/27/1982,3.22
7/28/1982,3.15
7/29/1982,3.12
7/30/1982,3.105
8/2/1982,3.14
8/3/1982,3.1
8/4/1982,3.135
8/5/1982,3.095
8/6/1982,3.09
8/9/1982,3.07
8/10/1982,3.045
8/11/1982,3.045
8/12/1982,3.035
8/13/1982,3.09
8/16/1982,3.015
8/17/1982,3.06
8/18/1982,3.15
8/19/1982,3.13
8/20/1982,3.115
8/23/1982,3.15
8/24/1982,3.155
8/25/1982,3.2
8/26/1982,3.165
8/27/1982,3.125
8/30/1982,3.045
8/31/1982,3
9/1/1982,3.06
9/2/1982,3.12
9/3/1982,3.1
9/7/1982,3.04
9/8/1982,3.055
9/9/1982,3.095
9/10/1982,3.055
9/13/1982,3.1
9/14/1982,3.13
9/15/1982,3.12
9/16/1982,3.105
9/17/1982,3
9/20/1982,2.98
9/21/1982,2.995
9/22/1982,2.975
9/23/1982,2.94
9/24/1982,2.985
9/27/1982,2.945
9/28/1982,2.875
9/29/1982,2.84
9/30/1982,2.82
10/1/1982,2.795
10/4/1982,2.775
10/5/1982,2.79
10/6/1982,2.805
10/7/1982,2.85
10/8/1982,2.81
10/11/1982,2.805
10/12/1982,2.815
10/13/1982,2.81
10/14/1982,2.72
10/15/1982,2.735
10/18/1982,2.72
10/19/1982,2.74
10/20/1982,2.85
10/21/1982,2.79
10/22/1982,2.85
10/25/1982,2.86
10/26/1982,2.91
10/27/1982,2.95
10/28/1982,3.015
10/29/1982,3.055
11/1/1982,3.16
11/2/1982,3.16
11/3/1982,3.2
11/4/1982,3.205
11/5/1982,3.29
11/8/1982,3.27
11/9/1982,3.25
11/10/1982,3.255
11/11/1982,3.27
11/12/1982,3.3
11/15/1982,3.34
11/16/1982,3.34
11/17/1982,3.34
11/18/1982,3.34
11/19/1982,3.38
11/22/1982,3.45
11/23/1982,3.505
11/24/1982,3.515
11/26/1982,3.45
11/29/1982,3.355
11/30/1982,3.315
12/1/1982,3.315
12/2/1982,3.275
12/3/1982,3.265
12/6/1982,3.32
12/7/1982,3.305
12/8/1982,3.275
12/9/1982,3.265
12/10/1982,3.16
12/13/1982,3.18
12/14/1982,3.145
12/15/1982,3.115
12/16/1982,3.135
12/17/1982,3.165
12/20/1982,3.215
12/21/1982,3.235
12/22/1982,3.2
12/23/1982,3.23
12/27/1982,3.24
12/28/1982,3.24
12/29/1982,3.24
12/30/1982,3.22
12/31/1982,3.22
1/3/1983,3.16
1/4/1983,3.19
1/5/1983,3.23
1/6/1983,3.24
1/7/1983,3.255
1/10/1983,3.285
1/11/1983,3.305
1/12/1983,3.35
1/13/1983,3.415
1/14/1983,3.4
1/17/1983,3.37
1/18/1983,3.39
1/19/1983,3.26
1/20/1983,3.24
1/21/1983,3.22
1/24/1983,3.23
1/25/1983,3.215
1/26/1983,3.255
1/27/1983,3.275
1/28/1983,3.28
1/31/1983,3.41
2/1/1983,3.43
2/2/1983,3.45
2/3/1983,3.45
2/4/1983,3.435
2/7/1983,3.38
2/8/1983,3.39
2/9/1983,3.385
2/10/1983,3.425
2/11/1983,3.425
2/14/1983,3.48
2/15/1983,3.415
2/16/1983,3.405
2/17/1983,3.395
2/18/1983,3.38
2/22/1983,3.25
2/23/1983,3.275
2/24/1983,3.245
2/25/1983,3.2
2/28/1983,3.04
3/1/1983,3.1
3/2/1983,3.135
3/3/1983,3.17
3/4/1983,3.19
3/7/1983,3.19
3/8/1983,3.165
3/9/1983,3.22
3/10/1983,3.27
3/11/1983,3.265
3/14/1983,3.3
3/15/1983,3.32
3/16/1983,3.37
3/17/1983,3.415
3/18/1983,3.47
3/21/1983,3.52
3/22/1983,3.52
3/23/1983,3.52
3/24/1983,3.63
3/25/1983,3.57
3/28/1983,3.55
3/29/1983,3.57
3/30/1983,3.56
3/31/1983,3.58
4/4/1983,3.6
4/5/1983,3.62
4/6/1983,3.62
4/7/1983,3.625
4/8/1983,3.62
4/11/1983,3.51
4/12/1983,3.495
4/13/1983,3.475
4/14/1983,3.48
4/15/1983,3.48
4/18/1983,3.465
4/19/1983,3.435
4/20/1983,3.44
4/21/1983,3.465
4/22/1983,3.54
4/25/1983,3.525
4/26/1983,3.545
4/27/1983,3.575
4/28/1983,3.56
4/29/1983,3.585
5/2/1983,3.62
5/3/1983,3.635
5/4/1983,3.665
5/5/1983,3.645
5/6/1983,3.65
5/9/1983,3.64
5/10/1983,3.625
5/11/1983,3.535
5/12/1983,3.525
5/13/1983,3.515
5/16/1983,3.52
5/17/1983,3.54
5/18/1983,3.565
5/19/1983,3.535
5/20/1983,3.595
5/23/1983,3.565
5/24/1983,3.605
5/25/1983,3.555
5/26/1983,3.5
5/27/1983,3.44
5/31/1983,3.34
6/1/1983,3.355
6/2/1983,3.385
6/3/1983,3.37
6/6/1983,3.37
6/7/1983,3.37
6/8/1983,3.385
6/9/1983,3.4
6/10/1983,3.385
6/13/1983,3.38
6/14/1983,3.41
6/15/1983,3.415
6/16/1983,3.48
6/17/1983,3.455
6/20/1983,3.455
6/21/1983,3.515
6/22/1983,3.5
6/23/1983,3.415
6/24/1983,3.395
6/27/1983,3.37
6/28/1983,3.405
6/29/1983,3.385
6/30/1983,3.4
7/1/1983,3.335
7/5/1983,3.3
7/6/1983,3.38
7/7/1983,3.385
7/8/1983,3.385
7/11/1983,3.375
7/12/1983,3.405
7/13/1983,3.42
7/14/1983,3.435
7/15/1983,3.47
7/18/1983,3.495
7/19/1983,3.465
7/20/1983,3.57
7/21/1983,3.525
7/22/1983,3.54
7/25/1983,3.54
7/26/1983,3.555
7/27/1983,3.54
7/28/1983,3.64
7/29/1983,3.635
8/1/1983,3.705
8/2/1983,3.66
8/3/1983,3.7
8/4/1983,3.655
8/5/1983,3.67
8/8/1983,3.645
8/9/1983,3.625
8/10/1983,3.735
8/11/1983,3.735
8/12/1983,3.735
8/15/1983,3.87
8/16/1983,3.785
8/17/1983,3.805
8/18/1983,3.725
8/19/1983,3.73
8/22/1983,3.945
8/23/1983,3.815
8/24/1983,3.8
8/25/1983,3.79
8/26/1983,3.78
8/29/1983,3.79
8/30/1983,3.715
8/31/1983,3.825
9/1/1983,3.8
9/2/1983,3.82
9/6/1983,3.82
9/7/1983,3.81
9/8/1983,3.9875
9/9/1983,3.85
9/12/1983,3.785
9/13/1983,3.69
9/14/1983,3.63
9/15/1983,3.55
9/16/1983,3.57
9/19/1983,3.61
9/20/1983,3.565
9/21/1983,3.64
9/22/1983,3.56
9/23/1983,3.505
9/26/1983,3.515
9/27/1983,3.55
9/28/1983,3.52
9/29/1983,3.52
9/30/1983,3.525
10/3/1983,3.54
10/4/1983,3.51
10/5/1983,3.53
10/6/1983,3.56
10/7/1983,3.55
10/10/1983,3.515
10/11/1983,3.525
10/12/1983,3.555
10/13/1983,3.615
10/14/1983,3.595
10/17/1983,3.615
10/18/1983,3.67
10/19/1983,3.655
10/20/1983,3.58
10/21/1983,3.585
10/24/1983,3.575
10/25/1983,3.615
10/26/1983,3.545
10/27/1983,3.575
10/28/1983,3.585
10/31/1983,3.54
11/1/1983,3.54
11/2/1983,3.575
11/3/1983,3.575
11/4/1983,3.57
11/7/1983,3.605
11/8/1983,3.585
11/9/1983,3.62
11/10/1983,3.62
11/11/1983,3.49
11/14/1983,3.465
11/15/1983,3.485
11/16/1983,3.45
11/17/1983,3.445
11/18/1983,3.44
11/21/1983,3.425
11/22/1983,3.43
11/23/1983,3.52
11/25/1983,3.58
11/28/1983,3.555
11/29/1983,3.555
11/30/1983,3.575
12/1/1983,3.645
12/2/1983,3.63
12/5/1983,3.58
12/6/1983,3.57
12/7/1983,3.56
12/8/1983,3.56
12/9/1983,3.56
12/12/1983,3.54
12/13/1983,3.525
12/14/1983,3.545
12/15/1983,3.55
12/16/1983,3.61
12/19/1983,3.66
12/20/1983,3.66
12/21/1983,3.685
12/22/1983,3.68
12/23/1983,3.7
12/27/1983,3.7
12/28/1983,3.71
12/29/1983,3.705
12/30/1983,3.705
1/3/1984,3.615
1/4/1984,3.63
1/5/1984,3.665
1/6/1984,3.665
1/9/1984,3.67
1/10/1984,3.7
1/11/1984,3.69
1/12/1984,3.705
1/13/1984,3.66
1/16/1984,3.665
1/17/1984,3.65
1/18/1984,3.585
1/19/1984,3.525
1/20/1984,3.465
1/23/1984,3.52
1/24/1984,3.55
1/25/1984,3.485
1/26/1984,3.4
1/27/1984,3.36
1/30/1984,3.4
1/31/1984,3.37
2/1/1984,3.44
2/2/1984,3.425
2/3/1984,3.44
2/6/1984,3.415
2/7/1984,3.43
2/8/1984,3.465
2/9/1984,3.425
2/10/1984,3.365
2/13/1984,3.325
2/14/1984,3.35
2/15/1984,3.395
2/16/1984,3.435
2/17/1984,3.445
2/21/1984,3.4
2/22/1984,3.425
2/23/1984,3.395
2/24/1984,3.4
2/27/1984,3.39
2/28/1984,3.39
2/29/1984,3.39
3/1/1984,3.45
3/2/1984,3.515
3/5/1984,3.585
3/6/1984,3.625
3/7/1984,3.62
3/8/1984,3.6
3/9/1984,3.64
3/12/1984,3.585
3/13/1984,3.58
3/14/1984,3.595
3/15/1984,3.675
3/16/1984,3.655
3/19/1984,3.615
3/20/1984,3.615
3/21/1984,3.645
3/22/1984,3.745
3/23/1984,3.76
3/26/1984,3.82
3/27/1984,3.75
3/28/1984,3.745
3/29/1984,3.775
3/30/1984,3.87
4/2/1984,3.82
4/3/1984,3.875
4/4/1984,3.885
4/5/1984,3.8
4/6/1984,3.8
4/9/1984,3.785
4/10/1984,3.75
4/11/1984,3.72
4/12/1984,3.78
4/13/1984,3.84
4/16/1984,3.8
4/17/1984,3.775
4/18/1984,3.79
4/19/1984,3.81
4/23/1984,3.82
4/24/1984,3.745
4/25/1984,3.69
4/26/1984,3.675
4/27/1984,3.675
4/30/1984,3.61
5/1/1984,3.615
5/2/1984,3.67
5/3/1984,3.625
5/4/1984,3.345
5/7/1984,3.335
5/8/1984,3.345
5/9/1984,3.35
5/10/1984,3.355
5/11/1984,3.34
5/14/1984,3.325
5/15/1984,3.345
5/16/1984,3.385
5/17/1984,3.405
5/18/1984,3.495
5/21/1984,3.59
5/22/1984,3.57
5/23/1984,3.57
5/24/1984,3.63
5/25/1984,3.495
5/29/1984,3.485
5/30/1984,3.485
5/31/1984,3.42
6/1/1984,3.415
6/4/1984,3.435
6/5/1984,3.43
6/6/1984,3.405
6/7/1984,3.42
6/8/1984,3.385
6/11/1984,3.42
6/12/1984,3.43
6/13/1984,3.415
6/14/1984,3.385
6/15/1984,3.37
6/18/1984,3.365
6/19/1984,3.39
6/20/1984,3.44
6/21/1984,3.445
6/22/1984,3.425
6/25/1984,3.405
6/26/1984,3.365
6/27/1984,3.365
6/28/1984,3.39
6/29/1984,3.44
7/2/1984,3.4
7/3/1984,3.375
7/5/1984,3.37
7/6/1984,3.43
7/9/1984,3.45
7/10/1984,3.415
7/11/1984,3.4
7/12/1984,3.41
7/13/1984,3.39
7/16/1984,3.355
7/17/1984,3.35
7/18/1984,3.365
7/19/1984,3.385
7/20/1984,3.385
7/23/1984,3.375
7/24/1984,3.41
7/25/1984,3.34
7/26/1984,3.365
7/27/1984,3.345
7/30/1984,3.405
7/31/1984,3.45
8/1/1984,3.47
8/2/1984,3.505
8/3/1984,3.515
8/6/1984,3.49
8/7/1984,3.445
8/8/1984,3.455
8/9/1984,3.51
8/10/1984,3.545
8/13/1984,3.48
8/14/1984,3.48
8/15/1984,3.47
8/16/1984,3.49
8/17/1984,3.435
8/20/1984,3.36
8/21/1984,3.425
8/22/1984,3.48
8/23/1984,3.455
8/24/1984,3.455
8/27/1984,3.39
8/28/1984,3.415
8/29/1984,3.37
8/30/1984,3.44
8/31/1984,3.435
9/4/1984,3.455
9/5/1984,3.53
9/6/1984,3.515
9/7/1984,3.515
9/10/1984,3.555
9/11/1984,3.535
9/12/1984,3.52
9/13/1984,3.48
9/14/1984,3.435
9/17/1984,3.4
9/18/1984,3.42
9/19/1984,3.445
9/20/1984,3.425
9/21/1984,3.485
9/24/1984,3.495
9/25/1984,3.49
9/26/1984,3.455
9/27/1984,3.46
9/28/1984,3.45
10/1/1984,3.46
10/2/1984,3.47
10/3/1984,3.445
10/4/1984,3.425
10/5/1984,3.465
10/8/1984,3.455
10/9/1984,3.465
10/10/1984,3.485
10/11/1984,3.47
10/12/1984,3.455
10/15/1984,3.455
10/16/1984,3.53
10/17/1984,3.515
10/18/1984,3.53
10/19/1984,3.575
10/22/1984,3.645
10/23/1984,3.68
10/24/1984,3.73
10/25/1984,3.715
10/26/1984,3.66
10/29/1984,3.665
10/30/1984,3.69
10/31/1984,3.695
11/1/1984,3.71
11/2/1984,3.7
11/5/1984,3.685
11/6/1984,3.735
11/7/1984,3.72
11/8/1984,3.69
11/9/1984,3.685
11/12/1984,3.67
11/13/1984,3.63
11/14/1984,3.6
11/15/1984,3.63
11/16/1984,3.635
11/19/1984,3.65
11/20/1984,3.69
11/21/1984,3.715
11/23/1984,3.725
11/26/1984,3.72
11/27/1984,3.685
11/28/1984,3.685
11/29/1984,3.68
11/30/1984,3.655
12/3/1984,3.64
12/4/1984,3.66
12/5/1984,3.69
12/6/1984,3.675
12/7/1984,3.61
12/10/1984,3.61
12/11/1984,3.57
12/12/1984,3.53
12/13/1984,3.565
12/14/1984,3.585
12/17/1984,3.565
12/18/1984,3.61
12/19/1984,3.61
12/20/1984,3.61
12/21/1984,3.63
12/24/1984,3.63
12/26/1984,3.645
12/27/1984,3.62
12/28/1984,3.64
12/31/1984,3.65
1/2/1985,3.635
1/3/1985,3.61
1/4/1985,3.58
1/7/1985,3.58
1/8/1985,3.58
1/9/1985,3.62
1/10/1985,3.685
1/11/1985,3.665
1/14/1985,3.685
1/15/1985,3.715
1/16/1985,3.705
1/17/1985,3.7
1/18/1985,3.675
1/21/1985,3.66
1/22/1985,3.66
1/23/1985,3.65
1/24/1985,3.595
1/25/1985,3.61
1/28/1985,3.6
1/29/1985,3.615
1/30/1985,3.64
1/31/1985,3.63
2/1/1985,3.66
2/4/1985,3.725
2/5/1985,3.68
2/6/1985,3.635
2/7/1985,3.64
2/8/1985,3.67
2/11/1985,3.675
2/12/1985,3.66
2/13/1985,3.63
2/14/1985,3.63
2/15/1985,3.56
2/19/1985,3.545
2/20/1985,3.53
2/21/1985,3.55
2/22/1985,3.545
2/25/1985,3.51
2/26/1985,3.53
2/27/1985,3.51
2/28/1985,3.505
3/1/1985,3.495
3/4/1985,3.51
3/5/1985,3.495
3/6/1985,3.54
3/7/1985,3.53
3/8/1985,3.505
3/11/1985,3.525
3/12/1985,3.49
3/13/1985,3.505
3/14/1985,3.54
3/15/1985,3.61
3/18/1985,3.64
3/19/1985,3.67
3/20/1985,3.645
3/21/1985,3.695
3/22/1985,3.785
3/25/1985,3.795
3/26/1985,3.765
3/27/1985,3.78
3/28/1985,3.74
3/29/1985,3.71
4/1/1985,3.635
4/2/1985,3.69
4/3/1985,3.665
4/4/1985,3.725
4/8/1985,3.775
4/9/1985,3.705
4/10/1985,3.695
4/11/1985,3.69
4/12/1985,3.67
4/15/1985,3.705
4/16/1985,3.69
4/17/1985,3.61
4/18/1985,3.525
4/19/1985,3.585
4/22/1985,3.585
4/23/1985,3.5
4/24/1985,3.555
4/25/1985,3.46
4/26/1985,3.445
4/29/1985,3.44
4/30/1985,3.455
5/1/1985,3.24
5/2/1985,3.205
5/3/1985,3.21
5/6/1985,3.235
5/7/1985,3.245
5/8/1985,3.225
5/9/1985,3.23
5/10/1985,3.24
5/13/1985,3.26
5/14/1985,3.22
5/15/1985,3.19
5/16/1985,3.17
5/17/1985,3.165
5/20/1985,3.17
5/21/1985,3.15
5/22/1985,3.165
5/23/1985,3.175
5/24/1985,3.145
5/28/1985,3.13
5/29/1985,3.125
5/30/1985,3.145
5/31/1985,3.13
6/3/1985,3.145
6/4/1985,3.17
6/5/1985,3.205
6/6/1985,3.18
6/7/1985,3.185
6/10/1985,3.21
6/11/1985,3.23
6/12/1985,3.28
6/13/1985,3.27
6/14/1985,3.28
6/17/1985,3.28
6/18/1985,3.28
6/19/1985,3.29
6/20/1985,3.335
6/21/1985,3.3
6/24/1985,3.265
6/25/1985,3.25
6/26/1985,3.235
6/27/1985,3.21
6/28/1985,3.175
7/1/1985,3.195
7/2/1985,3.175
7/3/1985,3.165
7/5/1985,3.185
7/8/1985,3.165
7/9/1985,3.125
7/10/1985,3.12
7/11/1985,3.115
7/12/1985,3.105
7/15/1985,3.065
7/16/1985,2.995
7/17/1985,2.985
7/18/1985,2.96
7/19/1985,2.955
7/22/1985,2.95
7/23/1985,2.9
7/24/1985,2.82
7/25/1985,2.88
7/26/1985,2.885
7/29/1985,2.905
7/30/1985,2.9
7/31/1985,2.9
8/1/1985,2.87
8/2/1985,2.845
8/5/1985,2.81
8/6/1985,2.8
8/7/1985,2.81
8/8/1985,2.77
8/9/1985,2.78
8/12/1985,2.8
8/13/1985,2.83
8/14/1985,2.865
8/15/1985,2.905
8/16/1985,2.87
8/19/1985,2.84
8/20/1985,2.77
8/21/1985,2.8
8/22/1985,2.82
8/23/1985,2.82
8/26/1985,2.765
8/27/1985,2.725
8/28/1985,2.68
8/29/1985,2.65
8/30/1985,2.72
9/3/1985,2.73
9/4/1985,2.7425
9/5/1985,2.775
9/6/1985,2.81
9/9/1985,2.75
9/10/1985,2.775
9/11/1985,2.775
9/12/1985,2.84
9/13/1985,2.825
9/16/1985,2.825
9/17/1985,2.845
9/18/1985,2.835
9/19/1985,2.775
9/20/1985,2.75
9/23/1985,2.775
9/24/1985,2.845
9/25/1985,2.9
9/26/1985,2.87
9/27/1985,3.005
9/30/1985,2.86
10/1/1985,2.905
10/2/1985,2.875
10/3/1985,2.845
10/4/1985,2.835
10/7/1985,2.83
10/8/1985,2.93
10/9/1985,2.965
10/10/1985,2.965
10/11/1985,2.965
10/14/1985,2.98
10/15/1985,2.98
10/16/1985,3.03
10/17/1985,3.12
10/18/1985,3.13
10/21/1985,3.135
10/22/1985,3.2
10/23/1985,3.185
10/24/1985,3.195
10/25/1985,3.2
10/28/1985,3.17
10/29/1985,3.205
10/30/1985,3.195
10/31/1985,3.265
11/1/1985,3.275
11/4/1985,3.28
11/5/1985,3.285
11/6/1985,3.28
11/7/1985,3.29
11/8/1985,3.32
11/11/1985,3.34
11/12/1985,3.375
11/13/1985,3.44
11/14/1985,3.425
11/15/1985,3.45
11/18/1985,3.435
11/19/1985,3.5
11/20/1985,3.49
11/21/1985,3.425
11/22/1985,3.395
11/25/1985,3.34
11/26/1985,3.33
11/27/1985,3.35
11/29/1985,3.415
12/2/1985,3.445
12/3/1985,3.5
12/4/1985,3.53
12/5/1985,3.5
12/6/1985,3.535
12/9/1985,3.505
12/10/1985,3.51
12/11/1985,3.54
12/12/1985,3.535
12/13/1985,3.54
12/16/1985,3.565
12/17/1985,3.545
12/18/1985,3.515
12/19/1985,3.525
12/20/1985,3.52
12/23/1985,3.485
12/24/1985,3.485
12/26/1985,3.56
12/27/1985,3.575
12/30/1985,3.565
12/31/1985,3.565
1/2/1986,3.505
1/3/1986,3.415
1/6/1986,3.435
1/7/1986,3.455
1/8/1986,3.43
1/9/1986,3.45
1/10/1986,3.485
1/13/1986,3.395
1/14/1986,3.395
1/15/1986,3.4
1/16/1986,3.445
1/17/1986,3.44
1/20/1986,3.42
1/21/1986,3.355
1/22/1986,3.395
1/23/1986,3.435
1/24/1986,3.355
1/27/1986,3.405
1/28/1986,3.435
1/29/1986,3.425
1/30/1986,3.475
1/31/1986,3.445
2/3/1986,3.395
2/4/1986,3.41
2/5/1986,3.39
2/6/1986,3.36
2/7/1986,3.38
2/10/1986,3.385
2/11/1986,3.465
2/12/1986,3.45
2/13/1986,3.505
2/14/1986,3.435
2/18/1986,3.51
2/19/1986,3.385
2/20/1986,3.455
2/21/1986,3.49
2/24/1986,3.52
2/25/1986,3.48
2/26/1986,3.495
2/27/1986,3.51
2/28/1986,3.48
3/3/1986,3.505
3/4/1986,3.475
3/5/1986,3.475
3/6/1986,3.535
3/7/1986,3.57
3/10/1986,3.58
3/11/1986,3.525
3/12/1986,3.545
3/13/1986,3.53
3/14/1986,3.55
3/17/1986,3.52
3/18/1986,3.575
3/19/1986,3.65
3/20/1986,3.725
3/21/1986,3.73
3/24/1986,3.69
3/25/1986,3.75
3/26/1986,3.715
3/27/1986,3.63
3/31/1986,3.6
4/1/1986,3.6
4/2/1986,3.68
4/3/1986,3.71
4/4/1986,3.77
4/7/1986,3.67
4/8/1986,3.595
4/9/1986,3.66
4/10/1986,3.595
4/11/1986,3.585
4/14/1986,3.655
4/15/1986,3.575
4/16/1986,3.6
4/17/1986,3.675
4/18/1986,3.655
4/21/1986,3.64
4/22/1986,3.62
4/23/1986,3.685
4/24/1986,3.72
4/25/1986,3.74
4/28/1986,3.495
4/29/1986,3.6
4/30/1986,2.935
5/1/1986,2.805
5/2/1986,2.68
5/5/1986,2.735
5/6/1986,2.785
5/7/1986,2.755
5/8/1986,2.895
5/9/1986,2.905
5/12/1986,2.795
5/13/1986,2.89
5/14/1986,2.845
5/15/1986,2.725
5/16/1986,2.655
5/19/1986,2.63
5/20/1986,2.6
5/21/1986,2.635
5/22/1986,2.595
5/23/1986,2.59
5/27/1986,2.57
5/28/1986,2.56
5/29/1986,2.485
5/30/1986,2.52
6/2/1986,2.565
6/3/1986,2.55
6/4/1986,2.59
6/5/1986,2.62
6/6/1986,2.625
6/9/1986,2.565
6/10/1986,2.58
6/11/1986,2.59
6/12/1986,2.55
6/13/1986,2.52
6/16/1986,2.495
6/17/1986,2.495
6/18/1986,2.51
6/19/1986,2.51
6/20/1986,2.5
6/23/1986,2.56
6/24/1986,2.6
6/25/1986,2.595
6/26/1986,2.635
6/27/1986,2.61
6/30/1986,2.555
7/1/1986,2.475
7/2/1986,2.48
7/3/1986,2.51
7/7/1986,2.49
7/8/1986,2.51
7/9/1986,2.54
7/10/1986,2.585
7/11/1986,2.62
7/14/1986,2.635
7/15/1986,2.585
7/16/1986,2.64
7/17/1986,2.605
7/18/1986,2.555
7/21/1986,2.54
7/22/1986,2.545
7/23/1986,2.575
7/24/1986,2.515
7/25/1986,2.51
7/28/1986,2.56
7/29/1986,2.6
7/30/1986,2.595
7/31/1986,2.575
8/1/1986,2.615
8/4/1986,2.63
8/5/1986,2.575
8/6/1986,2.61
8/7/1986,2.62
8/8/1986,2.58
8/11/1986,2.56
8/12/1986,2.52
8/13/1986,2.535
8/14/1986,2.565
8/15/1986,2.52
8/18/1986,2.495
8/19/1986,2.45
8/20/1986,2.4
8/21/1986,2.385
8/22/1986,2.385
8/25/1986,2.38
8/26/1986,2.345
8/27/1986,2.37
8/28/1986,2.425
8/29/1986,2.485
9/2/1986,2.465
9/3/1986,2.525
9/4/1986,2.52
9/5/1986,2.53
9/8/1986,2.48
9/9/1986,2.485
9/10/1986,2.435
9/11/1986,2.435
9/12/1986,2.465
9/15/1986,2.43
9/16/1986,2.45
9/17/1986,2.47
9/18/1986,2.4625
9/19/1986,2.49
9/22/1986,2.425
9/23/1986,2.49
9/24/1986,2.495
9/25/1986,2.495
9/26/1986,2.525
9/29/1986,2.565
9/30/1986,2.545
10/1/1986,2.6
10/2/1986,2.65
10/3/1986,2.58
10/6/1986,2.54
10/7/1986,2.565
10/8/1986,2.61
10/9/1986,2.695
10/10/1986,2.7
10/13/1986,2.715
10/14/1986,2.805
10/15/1986,2.775
10/16/1986,2.79
10/17/1986,2.835
10/20/1986,2.91
10/21/1986,2.98
10/22/1986,2.98
10/23/1986,2.97
10/24/1986,2.955
10/27/1986,3.04
10/28/1986,2.98
10/29/1986,2.93
10/30/1986,3.025
10/31/1986,2.985
11/3/1986,2.99
11/4/1986,3.005
11/5/1986,3.035
11/6/1986,2.975
11/7/1986,3
11/10/1986,2.94
11/11/1986,2.895
11/12/1986,2.975
11/13/1986,2.98
11/14/1986,2.98
11/17/1986,3.1075
11/18/1986,3.025
11/19/1986,3.025
11/20/1986,2.995
11/21/1986,2.97
11/24/1986,2.985
11/25/1986,2.985
11/26/1986,3.065
11/28/1986,3.115
12/1/1986,3.105
12/2/1986,3.09
12/3/1986,3.1
12/4/1986,3.07
12/5/1986,3.07
12/8/1986,3.08
12/9/1986,3.03
12/10/1986,3.035
12/11/1986,3.01
12/12/1986,3.01
12/15/1986,3.015
12/16/1986,2.995
12/17/1986,2.95
12/18/1986,2.95
12/19/1986,2.955
12/22/1986,3
12/23/1986,2.97
12/24/1986,2.97
12/26/1986,2.96
12/29/1986,2.93
12/30/1986,2.95
12/31/1986,2.935
1/2/1987,2.905
1/5/1987,2.88
1/6/1987,2.86
1/7/1987,2.975
1/8/1987,3.01
1/9/1987,3.01
1/12/1987,3.015
1/13/1987,3.045
1/14/1987,3.06
1/15/1987,3.06
1/16/1987,3.055
1/19/1987,3.055
1/20/1987,3.065
1/21/1987,3.09
1/22/1987,3.06
1/23/1987,3.12
1/26/1987,3.125
1/27/1987,3.07
1/28/1987,3.06
1/29/1987,3.015
1/30/1987,3.085
2/2/1987,3.065
2/3/1987,3.075
2/4/1987,3.085
2/5/1987,3.06
2/6/1987,3.08
2/9/1987,3.05
2/10/1987,3.015
2/11/1987,2.975
2/12/1987,2.915
2/13/1987,2.935
2/17/1987,2.985
2/18/1987,2.985
2/19/1987,3.02
2/20/1987,3.08
2/23/1987,2.99
2/24/1987,2.995
2/25/1987,2.985
2/26/1987,2.975
2/27/1987,3.025
3/2/1987,3.075
3/3/1987,3.045
3/4/1987,3.065
3/5/1987,3.095
3/6/1987,3.065
3/9/1987,3.09
3/10/1987,3.09
3/11/1987,3.085
3/12/1987,3.055
3/13/1987,3.02
3/16/1987,2.99
3/17/1987,3.01
3/18/1987,3
3/19/1987,3.015
3/20/1987,2.98
3/23/1987,2.98
3/24/1987,3.09
3/25/1987,3.08
3/26/1987,3.06
3/27/1987,3.075
3/30/1987,3.055
3/31/1987,3.015
4/1/1987,2.945
4/2/1987,2.81
4/3/1987,2.835
4/6/1987,2.82
4/7/1987,2.83
4/8/1987,2.84
4/9/1987,2.83
4/10/1987,2.79
4/13/1987,2.735
4/14/1987,2.745
4/15/1987,2.79
4/16/1987,2.82
4/20/1987,2.795
4/21/1987,2.755
4/22/1987,2.8
4/23/1987,2.86
4/24/1987,2.85
4/27/1987,2.885
4/28/1987,2.905
4/29/1987,2.925
4/30/1987,2.975
5/1/1987,2.975
5/4/1987,3.03
5/5/1987,3
5/6/1987,3
5/7/1987,3.025
5/8/1987,3.065
5/11/1987,3.18
5/12/1987,3.12
5/13/1987,3.1
5/14/1987,3.06
5/15/1987,3.045
5/18/1987,2.935
5/19/1987,2.955
5/20/1987,2.965
5/21/1987,2.965
5/22/1987,2.945
5/26/1987,2.965
5/27/1987,2.93
5/28/1987,2.82
5/29/1987,2.72
6/1/1987,2.71
6/2/1987,2.675
6/3/1987,2.685
6/4/1987,2.67
6/5/1987,2.62
6/8/1987,2.575
6/9/1987,2.59
6/10/1987,2.605
6/11/1987,2.575
6/12/1987,2.535
6/15/1987,2.63
6/16/1987,2.605
6/17/1987,2.55
6/18/1987,2.56
6/19/1987,2.545
6/22/1987,2.515
6/23/1987,2.545
6/24/1987,2.59
6/25/1987,2.57
6/26/1987,2.535
6/29/1987,2.485
6/30/1987,2.515
7/1/1987,2.51
7/2/1987,2.585
7/6/1987,2.63
7/7/1987,2.605
7/8/1987,2.56
7/9/1987,2.575
7/10/1987,2.58
7/13/1987,2.59
7/14/1987,2.6
7/15/1987,2.62
7/16/1987,2.6
7/17/1987,2.52
7/20/1987,2.55
7/21/1987,2.5
7/22/1987,2.545
7/23/1987,2.5
7/24/1987,2.475
7/27/1987,2.49
7/28/1987,2.48
7/29/1987,2.47
7/30/1987,2.45
7/31/1987,2.49
8/3/1987,2.505
8/4/1987,2.49
8/5/1987,2.48
8/6/1987,2.45
8/7/1987,2.435
8/10/1987,2.49
8/11/1987,2.495
8/12/1987,2.53
8/13/1987,2.495
8/14/1987,2.515
8/17/1987,2.535
8/18/1987,2.545
8/19/1987,2.575
8/20/1987,2.54
8/21/1987,2.565
8/24/1987,2.565
8/25/1987,2.58
8/26/1987,2.625
8/27/1987,2.645
8/28/1987,2.67
8/31/1987,2.675
9/1/1987,2.705
9/2/1987,2.71
9/3/1987,2.645
9/4/1987,2.655
9/8/1987,2.715
9/9/1987,2.735
9/10/1987,2.745
9/11/1987,2.705
9/14/1987,2.755
9/15/1987,2.73
9/16/1987,2.76
9/17/1987,2.715
9/18/1987,2.76
9/21/1987,2.755
9/22/1987,2.73
9/23/1987,2.7
9/24/1987,2.705
9/25/1987,2.73
9/28/1987,2.735
9/29/1987,2.76
9/30/1987,2.74
10/1/1987,2.845
10/2/1987,2.855
10/5/1987,2.82
10/6/1987,2.79
10/7/1987,2.805
10/8/1987,2.785
10/9/1987,2.825
10/12/1987,2.835
10/13/1987,2.865
10/14/1987,2.885
10/15/1987,2.92
10/16/1987,2.9
10/19/1987,2.8
10/20/1987,2.83
10/21/1987,2.89
10/22/1987,2.895
10/23/1987,2.885
10/26/1987,2.905
10/27/1987,2.9
10/28/1987,2.89
10/29/1987,2.895
10/30/1987,2.92
11/2/1987,2.825
11/3/1987,2.765
11/4/1987,2.785
11/5/1987,2.795
11/6/1987,2.74
11/9/1987,2.775
11/10/1987,2.81
11/11/1987,2.81
11/12/1987,2.85
11/13/1987,2.82
11/16/1987,2.875
11/17/1987,2.955
11/18/1987,2.995
11/19/1987,3.005
11/20/1987,3.045
11/23/1987,3.105
11/24/1987,3.135
11/25/1987,3.105
11/27/1987,3.125
11/30/1987,3.175
12/1/1987,3.205
12/2/1987,3.1875
12/3/1987,3.175
12/4/1987,3.17
12/7/1987,3.175
12/8/1987,3.15
12/9/1987,3.16
12/10/1987,3.14
12/11/1987,3.165
12/14/1987,3.195
12/15/1987,3.205
12/16/1987,3.145
12/17/1987,3.185
12/18/1987,3.25
12/21/1987,3.24
12/22/1987,3.23
12/23/1987,3.23
12/24/1987,3.23
12/28/1987,3.11
12/29/1987,3.12
12/30/1987,3.12
12/31/1987,3.12
1/4/1988,3.155
1/5/1988,3.215
1/6/1988,3.315
1/7/1988,3.305
1/8/1988,3.27
1/11/1988,3.26
1/12/1988,3.23
1/13/1988,3.225
1/14/1988,3.25
1/15/1988,3.185
1/18/1988,3.16
1/19/1988,3.165
1/20/1988,3.15
1/21/1988,3.16
1/22/1988,3.13
1/25/1988,3.16
1/26/1988,3.23
1/27/1988,3.205
1/28/1988,3.15
1/29/1988,3.17
2/1/1988,3.2
2/2/1988,3.185
2/3/1988,3.195
2/4/1988,3.26
2/5/1988,3.23
2/8/1988,3.28
2/9/1988,3.24
2/10/1988,3.24
2/11/1988,3.215
2/12/1988,3.23
2/16/1988,3.155
2/17/1988,3.125
2/18/1988,3.045
2/19/1988,3.065
2/22/1988,3.07
2/23/1988,3.02
2/24/1988,3.035
2/25/1988,3.055
2/26/1988,3.035
2/29/1988,3.025
3/1/1988,2.98
3/2/1988,2.935
3/3/1988,2.935
3/4/1988,2.965
3/7/1988,2.98
3/8/1988,2.93
3/9/1988,2.895
3/10/1988,2.845
3/11/1988,2.87
3/14/1988,2.925
3/15/1988,2.92
3/16/1988,2.89
3/17/1988,2.945
3/18/1988,2.965
3/21/1988,2.935
3/22/1988,2.97
3/23/1988,2.975
3/24/1988,2.985
3/25/1988,2.975
3/28/1988,2.925
3/29/1988,2.975
3/30/1988,3.005
3/31/1988,2.98
4/4/1988,2.975
4/5/1988,3.005
4/6/1988,3.04
4/7/1988,3.08
4/8/1988,3.11
4/11/1988,3.105
4/12/1988,3.135
4/13/1988,3.11
4/14/1988,3.09
4/15/1988,3.06
4/18/1988,3.06
4/19/1988,3.08
4/20/1988,3.09
4/21/1988,3.095
4/22/1988,3.09
4/25/1988,3.05
4/26/1988,3.06
4/27/1988,3.045
4/28/1988,3.04
4/29/1988,3.04
5/2/1988,3.005
5/3/1988,2.995
5/4/1988,3.02
5/5/1988,2.98
5/6/1988,3.015
5/9/1988,3.035
5/10/1988,3.07
5/11/1988,3.045
5/12/1988,3.025
5/13/1988,3.055
5/16/1988,3.185
5/17/1988,3.155
5/18/1988,3.225
5/19/1988,3.325
5/20/1988,3.365
5/23/1988,3.33
5/24/1988,3.355
5/25/1988,3.285
5/26/1988,3.235
5/27/1988,3.265
5/31/1988,3.385
6/1/1988,3.345
6/2/1988,3.355
6/3/1988,3.485
6/6/1988,3.665
6/7/1988,3.62
6/8/1988,3.53
6/9/1988,3.525
6/10/1988,3.53
6/13/1988,3.445
6/14/1988,3.46
6/15/1988,3.555
6/16/1988,3.47
6/17/1988,3.45
6/20/1988,3.645
6/21/1988,3.515
6/22/1988,3.46
6/23/1988,3.435
6/24/1988,3.395
6/27/1988,3.53
6/28/1988,3.275
6/29/1988,3.085
6/30/1988,3.465
7/1/1988,3.655
7/5/1988,3.55
7/6/1988,3.67
7/7/1988,3.495
7/8/1988,3.6
7/11/1988,3.41
7/12/1988,3.545
7/13/1988,3.68
7/14/1988,3.59
7/15/1988,3.6
7/18/1988,3.485
7/19/1988,3.555
7/20/1988,3.505
7/21/1988,3.57
7/22/1988,3.555
7/25/1988,3.43
7/26/1988,3.22
7/27/1988,3.365
7/28/1988,3.345
7/29/1988,3.495
8/1/1988,3.615
8/2/1988,3.56
8/3/1988,3.5
8/4/1988,3.655
8/5/1988,3.625
8/8/1988,3.615
8/9/1988,3.645
8/10/1988,3.69
8/11/1988,3.675
8/12/1988,3.65
8/15/1988,3.785
8/16/1988,3.745
8/17/1988,3.735
8/18/1988,3.735
8/19/1988,3.745
8/22/1988,3.635
8/23/1988,3.675
8/24/1988,3.725
8/25/1988,3.745
8/26/1988,3.715
8/29/1988,3.685
8/30/1988,3.76
8/31/1988,3.795
9/1/1988,3.785
9/2/1988,3.805
9/6/1988,3.875
9/7/1988,3.875
9/8/1988,3.845
9/9/1988,3.785
9/12/1988,3.79
9/13/1988,3.905
9/14/1988,3.935
9/15/1988,3.885
9/16/1988,3.865
9/19/1988,3.825
9/20/1988,3.945
9/21/1988,3.955
9/22/1988,4.01
9/23/1988,4.01
9/26/1988,3.975
9/27/1988,3.99
9/28/1988,3.935
9/29/1988,3.955
9/30/1988,3.975
10/3/1988,4.045
10/4/1988,4.045
10/5/1988,4.065
10/6/1988,4.135
10/7/1988,4.15
10/10/1988,4.084
10/11/1988,4.165
10/12/1988,4.17
10/13/1988,4.165
10/14/1988,4.115
10/17/1988,4.15
10/18/1988,4.115
10/19/1988,4.15
10/20/1988,4.13
10/21/1988,4.095
10/24/1988,4.11
10/25/1988,3.97
10/26/1988,4.025
10/27/1988,4.015
10/28/1988,4.02
10/31/1988,4.065
11/1/1988,4.11
11/2/1988,4.12
11/3/1988,4.095
11/4/1988,4.09
11/7/1988,4.15
11/8/1988,4.245
11/9/1988,4.245
11/10/1988,4.265
11/11/1988,4.265
11/14/1988,4.235
11/15/1988,4.16
11/16/1988,4.13
11/17/1988,4.125
11/18/1988,4.14
11/21/1988,4.115
11/22/1988,4.195
11/23/1988,4.225
11/25/1988,4.305
11/28/1988,4.245
11/29/1988,4.29
11/30/1988,4.29
12/1/1988,4.195
12/2/1988,4.21
12/5/1988,4.145
12/6/1988,4.235
12/7/1988,4.245
12/8/1988,4.315
12/9/1988,4.28
12/12/1988,4.305
12/13/1988,4.255
12/14/1988,4.25
12/15/1988,4.255
12/16/1988,4.29
12/19/1988,4.325
12/20/1988,4.31
12/21/1988,4.35
12/22/1988,4.355
12/23/1988,4.375
12/27/1988,4.365
12/28/1988,4.365
12/29/1988,4.375
12/30/1988,4.415
1/3/1989,4.415
1/4/1989,4.4925
1/5/1989,4.51
1/6/1989,4.515
1/9/1989,4.505
1/10/1989,4.485
1/11/1989,4.455
1/12/1989,4.395
1/13/1989,4.37
1/16/1989,4.305
1/17/1989,4.355
1/18/1989,4.38
1/19/1989,4.405
1/20/1989,4.435
1/23/1989,4.415
1/24/1989,4.355
1/25/1989,4.385
1/26/1989,4.43
1/27/1989,4.395
1/30/1989,4.365
1/31/1989,4.385
2/1/1989,4.28
2/2/1989,4.255
2/3/1989,4.26
2/6/1989,4.195
2/7/1989,4.205
2/8/1989,4.215
2/9/1989,4.205
2/10/1989,4.25
2/13/1989,4.235
2/14/1989,4.225
2/15/1989,4.245
2/16/1989,4.215
2/17/1989,4.235
2/21/1989,4.25
2/22/1989,4.265
2/23/1989,4.28
2/24/1989,4.355
2/27/1989,4.335
2/28/1989,4.385
3/1/1989,4.42
3/2/1989,4.395
3/3/1989,4.385
3/6/1989,4.42
3/7/1989,4.365
3/8/1989,4.365
3/9/1989,4.375
3/10/1989,4.385
3/13/1989,4.435
3/14/1989,4.435
3/15/1989,4.425
3/16/1989,4.45
3/17/1989,4.415
3/20/1989,4.31
3/21/1989,4.33
3/22/1989,4.27
3/23/1989,4.31
3/27/1989,4.31
3/28/1989,4.345
3/29/1989,4.355
3/30/1989,4.165
3/31/1989,4.1
4/3/1989,4.15
4/4/1989,4.08
4/5/1989,4.115
4/6/1989,4.08
4/7/1989,4.015
4/10/1989,4.04
4/11/1989,4.105
4/12/1989,4.13
4/13/1989,4.21
4/14/1989,4.26
4/17/1989,4.21
4/18/1989,4.165
4/19/1989,4.225
4/20/1989,4.205
4/21/1989,4.255
4/24/1989,4.285
4/25/1989,4.275
4/26/1989,4.255
4/27/1989,4.18
4/28/1989,4.315
5/1/1989,4.36
5/2/1989,4.38
5/3/1989,4.4
5/4/1989,4.415
5/5/1989,4.51
5/8/1989,4.48
5/9/1989,4.305
5/10/1989,4.27
5/11/1989,4.25
5/12/1989,4.25
5/15/1989,4.25
5/16/1989,4.155
5/17/1989,4.055
5/18/1989,4.04
5/19/1989,4
5/22/1989,3.935
5/23/1989,3.945
5/24/1989,3.98
5/25/1989,3.945
5/26/1989,3.895
5/30/1989,3.88
5/31/1989,3.82
6/1/1989,3.795
6/2/1989,3.805
6/5/1989,3.85
6/6/1989,3.79
6/7/1989,3.72
6/8/1989,3.71
6/9/1989,3.745
6/12/1989,3.755
6/13/1989,3.795
6/14/1989,3.885
6/15/1989,3.825
6/16/1989,3.825
6/19/1989,3.845
6/20/1989,3.835
6/21/1989,3.885
6/22/1989,3.885
6/23/1989,3.885
6/26/1989,3.96
6/27/1989,4.085
6/28/1989,4.07
6/29/1989,3.965
6/30/1989,3.925
7/3/1989,3.88
7/5/1989,4
7/6/1989,4
7/7/1989,4.025
7/10/1989,3.985
7/11/1989,3.925
7/12/1989,3.9
7/13/1989,3.935
7/14/1989,3.965
7/17/1989,3.855
7/18/1989,3.895
7/19/1989,3.925
7/20/1989,3.97
7/21/1989,3.955
7/24/1989,3.885
7/25/1989,3.845
7/26/1989,3.845
7/27/1989,3.875
7/28/1989,3.865
7/31/1989,3.83
8/1/1989,3.855
8/2/1989,3.89
8/3/1989,3.86
8/4/1989,3.88
8/7/1989,3.925
8/8/1989,3.94
8/9/1989,4.02
8/10/1989,3.99
8/11/1989,4.015
8/14/1989,4.005
8/15/1989,4.02
8/16/1989,4.02
8/17/1989,4.02
8/18/1989,3.975
8/21/1989,3.96
8/22/1989,3.955
8/23/1989,4.005
8/24/1989,4.04
8/25/1989,4.015
8/28/1989,3.985
8/29/1989,3.955
8/30/1989,3.99
8/31/1989,3.975
9/1/1989,4.005
9/5/1989,4.075
9/6/1989,4.075
9/7/1989,4.075
9/8/1989,4.06
9/11/1989,4.055
9/12/1989,4.095
9/13/1989,4.005
9/14/1989,4.005
9/15/1989,4.015
9/18/1989,3.955
9/19/1989,3.95
9/20/1989,3.965
9/21/1989,3.99
9/22/1989,3.955
9/25/1989,3.96
9/26/1989,3.99
9/27/1989,4.06
9/28/1989,4.075
9/29/1989,4.145
10/2/1989,4.13
10/3/1989,4.145
10/4/1989,4.13
10/5/1989,4.14
10/6/1989,4.13
10/9/1989,4.08
10/10/1989,4.06
10/11/1989,4.01
10/12/1989,4.06
10/13/1989,4.03
10/16/1989,4.08
10/17/1989,4.075
10/18/1989,4.04
10/19/1989,4.035
10/20/1989,4.045
10/23/1989,4.02
10/24/1989,4.005
10/25/1989,4
10/26/1989,3.94
10/27/1989,3.945
10/30/1989,3.945
10/31/1989,3.95
11/1/1989,4.02
11/2/1989,4.09
11/3/1989,4.14
11/6/1989,4.155
11/7/1989,4.155
11/8/1989,4.135
11/9/1989,4.14
11/10/1989,4.155
11/13/1989,4.135
11/14/1989,4.14
11/15/1989,4.21
11/16/1989,4.27
11/17/1989,4.29
11/20/1989,4.32
11/21/1989,4.315
11/22/1989,4.27
11/24/1989,4.27
11/27/1989,4.24
11/28/1989,4.245
11/29/1989,4.26
11/30/1989,4.255
12/1/1989,4.245
12/4/1989,4.165
12/5/1989,4.185
12/6/1989,4.21
12/7/1989,4.195
12/8/1989,4.205
12/11/1989,4.225
12/12/1989,4.23
12/13/1989,4.24
12/14/1989,4.26
12/15/1989,4.235
12/18/1989,4.2
12/19/1989,4.17
12/20/1989,4.17
12/21/1989,4.16
12/22/1989,4.16
12/26/1989,4.145
12/27/1989,4.1
12/28/1989,4.125
12/29/1989,4.125
1/2/1990,4.165
1/3/1990,4.175
1/4/1990,4.19
1/5/1990,4.235
1/8/1990,4.245
1/9/1990,4.265
1/10/1990,4.235
1/11/1990,4.24
1/12/1990,4.21
1/15/1990,4.2
1/16/1990,4.195
1/17/1990,4.23
1/18/1990,4.185
1/19/1990,4.11
1/22/1990,4.07
1/23/1990,4.08
1/24/1990,4.065
1/25/1990,4.005
1/26/1990,3.965
1/29/1990,3.915
1/30/1990,3.9
1/31/1990,3.925
2/1/1990,3.92
2/2/1990,3.965
2/5/1990,4.035
2/6/1990,4.02
2/7/1990,3.98
2/8/1990,3.99
2/9/1990,4.015
2/12/1990,4.04
2/13/1990,4.02
2/14/1990,4.05
2/15/1990,3.98
2/16/1990,3.95
2/20/1990,3.92
2/21/1990,3.935
2/22/1990,3.98
2/23/1990,4.04
2/26/1990,4.065
2/27/1990,4.04
2/28/1990,4.025
3/1/1990,3.99
3/2/1990,3.96
3/5/1990,3.925
3/6/1990,3.905
3/7/1990,3.88
3/8/1990,3.915
3/9/1990,3.86
3/12/1990,3.85
3/13/1990,3.815
3/14/1990,3.81
3/15/1990,3.83
3/16/1990,3.88
3/19/1990,3.905
3/20/1990,3.915
3/21/1990,3.91
3/22/1990,3.915
3/23/1990,3.89
3/26/1990,3.895
3/27/1990,3.84
3/28/1990,3.73
3/29/1990,3.75
3/30/1990,3.725
4/2/1990,3.83
4/3/1990,3.875
4/4/1990,3.86
4/5/1990,3.89
4/6/1990,3.875
4/9/1990,3.85
4/10/1990,3.875
4/11/1990,3.92
4/12/1990,3.95
4/16/1990,3.96
4/17/1990,3.995
4/18/1990,3.98
4/19/1990,4.02
4/20/1990,3.99
4/23/1990,3.99
4/24/1990,3.96
4/25/1990,3.94
4/26/1990,3.635
4/27/1990,3.635
4/30/1990,3.395
5/1/1990,3.325
5/2/1990,3.365
5/3/1990,3.36
5/4/1990,3.385
5/7/1990,3.415
5/8/1990,3.365
5/9/1990,3.385
5/10/1990,3.395
5/11/1990,3.35
5/14/1990,3.325
5/15/1990,3.35
5/16/1990,3.38
5/17/1990,3.36
5/18/1990,3.325
5/21/1990,3.285
5/22/1990,3.275
5/23/1990,3.28
5/24/1990,3.26
5/25/1990,3.25
5/29/1990,3.275
5/30/1990,3.225
5/31/1990,3.245
6/1/1990,3.215
6/4/1990,3.25
6/5/1990,3.245
6/6/1990,3.245
6/7/1990,3.27
6/8/1990,3.25
6/11/1990,3.245
6/12/1990,3.275
6/13/1990,3.265
6/14/1990,3.27
6/15/1990,3.22
6/18/1990,3.245
6/19/1990,3.27
6/20/1990,3.3
6/21/1990,3.365
6/22/1990,3.33
6/25/1990,3.315
6/26/1990,3.32
6/27/1990,3.315
6/28/1990,3.27
6/29/1990,3.215
7/2/1990,3.26
7/3/1990,3.24
7/5/1990,3.175
7/6/1990,3.065
7/9/1990,3.05
7/10/1990,3.05
7/11/1990,3.025
7/12/1990,3.055
7/13/1990,3.08
7/16/1990,3.015
7/17/1990,3
7/18/1990,2.98
7/19/1990,2.965
7/20/1990,2.905
7/23/1990,2.92
7/24/1990,2.96
7/25/1990,2.95
7/26/1990,2.965
7/27/1990,2.955
7/30/1990,2.9
7/31/1990,2.85
8/1/1990,2.78
8/2/1990,2.82
8/3/1990,2.79
8/6/1990,2.81
8/7/1990,2.8
8/8/1990,2.8
8/9/1990,2.835
8/10/1990,2.81
8/13/1990,2.77
8/14/1990,2.835
8/15/1990,2.93
8/16/1990,2.925
8/17/1990,2.915
8/20/1990,2.905
8/21/1990,2.885
8/22/1990,2.905
8/23/1990,2.915
8/24/1990,2.935
8/27/1990,2.9
8/28/1990,2.905
8/29/1990,2.895
8/30/1990,2.88
8/31/1990,2.73
9/4/1990,2.7
9/5/1990,2.775
9/6/1990,2.79
9/7/1990,2.765
9/10/1990,2.795
9/11/1990,2.775
9/12/1990,2.725
9/13/1990,2.68
9/14/1990,2.625
9/17/1990,2.64
9/18/1990,2.6
9/19/1990,2.515
9/20/1990,2.505
9/21/1990,2.565
9/24/1990,2.625
9/25/1990,2.615
9/26/1990,2.615
9/27/1990,2.605
9/28/1990,2.595
10/1/1990,2.465
10/2/1990,2.525
10/3/1990,2.545
10/4/1990,2.555
10/5/1990,2.56
10/8/1990,2.625
10/9/1990,2.615
10/10/1990,2.62
10/11/1990,2.565
10/12/1990,2.515
10/15/1990,2.425
10/16/1990,2.46
10/17/1990,2.485
10/18/1990,2.52
10/19/1990,2.55
10/22/1990,2.565
10/23/1990,2.595
10/24/1990,2.655
10/25/1990,2.66
10/26/1990,2.62
10/29/1990,2.63
10/30/1990,2.675
10/31/1990,2.65
11/1/1990,2.65
11/2/1990,2.68
11/5/1990,2.655
11/6/1990,2.68
11/7/1990,2.715
11/8/1990,2.75
11/9/1990,2.725
11/12/1990,2.725
11/13/1990,2.725
11/14/1990,2.655
11/15/1990,2.6
11/16/1990,2.645
11/19/1990,2.66
11/20/1990,2.585
11/21/1990,2.615
11/23/1990,2.61
11/26/1990,2.6
11/27/1990,2.605
11/28/1990,2.625
11/29/1990,2.71
11/30/1990,2.63
12/3/1990,2.665
12/4/1990,2.65
12/5/1990,2.64
12/6/1990,2.675
12/7/1990,2.725
12/10/1990,2.75
12/11/1990,2.755
12/12/1990,2.755
12/13/1990,2.73
12/14/1990,2.74
12/17/1990,2.75
12/18/1990,2.72
12/19/1990,2.705
12/20/1990,2.68
12/21/1990,2.695
12/24/1990,2.725
12/26/1990,2.745
12/27/1990,2.705
12/28/1990,2.7
12/31/1990,2.69
1/2/1991,2.705
1/3/1991,2.665
1/4/1991,2.64
1/7/1991,2.635
1/8/1991,2.565
1/9/1991,2.585
1/10/1991,2.61
1/11/1991,2.57
1/14/1991,2.555
1/15/1991,2.505
1/16/1991,2.545
1/17/1991,2.625
1/18/1991,2.6
1/21/1991,2.57
1/22/1991,2.595
1/23/1991,2.58
1/24/1991,2.6
1/25/1991,2.62
1/28/1991,2.63
1/29/1991,2.66
1/30/1991,2.675
1/31/1991,2.685
2/1/1991,2.68
2/4/1991,2.68
2/5/1991,2.65
2/6/1991,2.615
2/7/1991,2.615
2/8/1991,2.63
2/11/1991,2.61
2/12/1991,2.62
2/13/1991,2.625
2/14/1991,2.675
2/15/1991,2.675
2/19/1991,2.645
2/20/1991,2.625
2/21/1991,2.63
2/22/1991,2.62
2/25/1991,2.625
2/26/1991,2.65
2/27/1991,2.625
2/28/1991,2.665
3/1/1991,2.74
3/4/1991,2.75
3/5/1991,2.815
3/6/1991,2.81
3/7/1991,2.82
3/8/1991,2.845
3/11/1991,2.815
3/12/1991,2.895
3/13/1991,2.915
3/14/1991,2.87
3/15/1991,2.79
3/18/1991,2.815
3/19/1991,2.825
3/20/1991,2.835
3/21/1991,2.83
3/22/1991,2.88
3/25/1991,2.915
3/26/1991,2.875
3/27/1991,2.915
3/28/1991,2.955
4/1/1991,3.025
4/2/1991,2.99
4/3/1991,2.98
4/4/1991,2.945
4/5/1991,2.93
4/8/1991,2.915
4/9/1991,2.88
4/10/1991,2.9
4/11/1991,2.955
4/12/1991,2.96
4/15/1991,2.915
4/16/1991,2.915
4/17/1991,2.895
4/18/1991,2.865
4/19/1991,2.885
4/22/1991,2.885
4/23/1991,2.92
4/24/1991,2.895
4/25/1991,2.875
4/26/1991,2.865
4/29/1991,2.8
4/30/1991,2.86
5/1/1991,2.865
5/2/1991,2.88
5/3/1991,2.91
5/6/1991,2.935
5/7/1991,2.94
5/8/1991,2.935
5/9/1991,2.975
5/10/1991,3.015
5/13/1991,3.02
5/14/1991,3
5/15/1991,2.98
5/16/1991,2.965
5/17/1991,2.97
5/20/1991,3.015
5/21/1991,3.03
5/22/1991,3.075
5/23/1991,3.055
5/24/1991,3.03
5/28/1991,3.015
5/29/1991,2.995
5/30/1991,2.95
5/31/1991,2.97
6/3/1991,3.025
6/4/1991,3.005
6/5/1991,3.02
6/6/1991,2.96
6/7/1991,3.015
6/10/1991,2.965
6/11/1991,3.02
6/12/1991,3.065
6/13/1991,3.03
6/14/1991,2.97
6/17/1991,2.9225
6/18/1991,2.945
6/19/1991,2.905
6/20/1991,2.805
6/21/1991,2.715
6/24/1991,2.705
6/25/1991,2.725
6/26/1991,2.7252
6/27/1991,2.6
6/28/1991,2.585
7/1/1991,2.615
7/2/1991,2.62
7/3/1991,2.595
7/5/1991,2.585
7/8/1991,2.48
7/9/1991,2.55
7/10/1991,2.625
7/11/1991,2.59
7/12/1991,2.665
7/15/1991,2.625
7/16/1991,2.66
7/17/1991,2.675
7/18/1991,2.645
7/19/1991,2.655
7/22/1991,2.65
7/23/1991,2.725
7/24/1991,2.665
7/25/1991,2.685
7/26/1991,2.7
7/29/1991,2.735
7/30/1991,2.745
7/31/1991,2.765
8/1/1991,2.78
8/2/1991,2.82
8/5/1991,2.705
8/6/1991,2.735
8/7/1991,2.715
8/8/1991,2.725
8/9/1991,2.735
8/12/1991,2.775
8/13/1991,2.785
8/14/1991,2.745
8/15/1991,2.775
8/16/1991,2.785
8/19/1991,2.63
8/20/1991,2.58
8/21/1991,2.76
8/22/1991,2.795
8/23/1991,2.795
8/26/1991,2.855
8/27/1991,2.8
8/28/1991,2.81
8/29/1991,2.795
8/30/1991,2.865
9/3/1991,2.905
9/4/1991,2.915
9/5/1991,2.895
9/6/1991,2.875
9/9/1991,2.865
9/10/1991,2.875
9/11/1991,2.905
9/12/1991,2.905
9/13/1991,2.885
9/16/1991,2.895
9/17/1991,2.895
9/18/1991,2.945
9/19/1991,2.905
9/20/1991,2.865
9/23/1991,2.815
9/24/1991,2.815
9/25/1991,2.77
9/26/1991,2.725
9/27/1991,2.765
9/30/1991,2.835
10/1/1991,2.815
10/2/1991,2.82
10/3/1991,2.76
10/4/1991,2.805
10/7/1991,2.84
10/8/1991,2.83
10/9/1991,2.795
10/10/1991,2.795
10/11/1991,2.885
10/14/1991,2.905
10/15/1991,2.925
10/16/1991,2.965
10/17/1991,2.995
10/18/1991,3.035
10/21/1991,3.01
10/22/1991,3.075
10/23/1991,3.135
10/24/1991,3.145
10/25/1991,3.215
10/28/1991,3.135
10/29/1991,3.285
10/30/1991,3.31
10/31/1991,3.365
11/1/1991,3.375
11/4/1991,3.355
11/5/1991,3.34
11/6/1991,3.29
11/7/1991,3.24
11/8/1991,3.285
11/11/1991,3.23
11/12/1991,3.235
11/13/1991,3.285
11/14/1991,3.315
11/15/1991,3.24
11/18/1991,3.295
11/19/1991,3.305
11/20/1991,3.435
11/21/1991,3.415
11/22/1991,3.445
11/25/1991,3.48
11/26/1991,3.405
11/27/1991,3.455
11/29/1991,3.43
12/2/1991,3.475
12/3/1991,3.575
12/4/1991,3.595
12/5/1991,3.615
12/6/1991,3.56
12/9/1991,3.57
12/10/1991,3.535
12/11/1991,3.595
12/12/1991,3.535
12/13/1991,3.58
12/16/1991,3.625
12/17/1991,3.635
12/18/1991,3.655
12/19/1991,3.63
12/20/1991,3.66
12/23/1991,3.725
12/24/1991,3.75
12/26/1991,3.785
12/27/1991,3.725
12/30/1991,3.645
12/31/1991,3.715
1/2/1992,3.675
1/3/1992,3.655
1/6/1992,3.645
1/7/1992,3.625
1/8/1992,3.705
1/9/1992,3.665
1/10/1992,3.685
1/13/1992,3.765
1/14/1992,3.775
1/15/1992,3.815
1/16/1992,3.765
1/17/1992,3.835
1/20/1992,3.855
1/21/1992,3.865
1/22/1992,3.895
1/23/1992,3.995
1/24/1992,4.005
1/27/1992,4.015
1/28/1992,3.995
1/29/1992,4.035
1/30/1992,3.985
1/31/1992,4.035
2/3/1992,4.105
2/4/1992,4.115
2/5/1992,4.09
2/6/1992,4.115
2/7/1992,4.095
2/10/1992,4.17
2/11/1992,3.98
2/12/1992,3.85
2/13/1992,3.845
2/14/1992,3.895
2/18/1992,3.745
2/19/1992,3.745
2/20/1992,3.825
2/21/1992,3.805
2/24/1992,3.725
2/25/1992,3.725
2/26/1992,3.865
2/27/1992,3.835
2/28/1992,3.765
3/2/1992,3.785
3/3/1992,3.665
3/4/1992,3.675
3/5/1992,3.79
3/6/1992,3.79
3/9/1992,3.895
3/10/1992,3.865
3/11/1992,3.855
3/12/1992,3.815
3/13/1992,3.765
3/16/1992,3.755
3/17/1992,3.785
3/18/1992,3.775
3/19/1992,3.805
3/20/1992,3.815
3/23/1992,3.835
3/24/1992,3.795
3/25/1992,3.765
3/26/1992,3.795
3/27/1992,3.765
3/30/1992,3.705
3/31/1992,3.625
4/1/1992,3.545
4/2/1992,3.465
4/3/1992,3.515
4/6/1992,3.545
4/7/1992,3.485
4/8/1992,3.505
4/9/1992,3.465
4/10/1992,3.45
4/13/1992,3.45
4/14/1992,3.395
4/15/1992,3.465
4/16/1992,3.485
4/20/1992,3.545
4/21/1992,3.565
4/22/1992,3.595
4/23/1992,3.675
4/24/1992,3.725
4/27/1992,3.675
4/28/1992,3.605
4/29/1992,3.545
4/30/1992,3.545
5/1/1992,3.575
5/4/1992,3.735
5/5/1992,3.695
5/6/1992,3.675
5/7/1992,3.695
5/8/1992,3.66
5/11/1992,3.6
5/12/1992,3.565
5/13/1992,3.575
5/14/1992,3.5
5/15/1992,3.495
5/18/1992,3.515
5/19/1992,3.415
5/20/1992,3.365
5/21/1992,3.35
5/22/1992,3.38
5/26/1992,3.445
5/27/1992,3.465
5/28/1992,3.475
5/29/1992,3.435
6/1/1992,3.49
6/2/1992,3.535
6/3/1992,3.61
6/4/1992,3.635
6/5/1992,3.625
6/8/1992,3.655
6/9/1992,3.725
6/10/1992,3.695
6/11/1992,3.615
6/12/1992,3.585
6/15/1992,3.54
6/16/1992,3.515
6/17/1992,3.535
6/18/1992,3.505
6/19/1992,3.555
6/22/1992,3.545
6/23/1992,3.515
6/24/1992,3.48
6/25/1992,3.475
6/26/1992,3.455
6/29/1992,3.47
6/30/1992,3.435
7/1/1992,3.425
7/2/1992,3.335
7/6/1992,3.365
7/7/1992,3.365
7/8/1992,3.405
7/9/1992,3.355
7/10/1992,3.325
7/13/1992,3.355
7/14/1992,3.375
7/15/1992,3.435
7/16/1992,3.425
7/17/1992,3.465
7/20/1992,3.435
7/21/1992,3.44
7/22/1992,3.425
7/23/1992,3.345
7/24/1992,3.325
7/27/1992,3.315
7/28/1992,3.295
7/29/1992,3.25
7/30/1992,3.195
7/31/1992,3.125
8/3/1992,3.12
8/4/1992,3.055
8/5/1992,3.04
8/6/1992,3.035
8/7/1992,3.025
8/10/1992,3.01
8/11/1992,3.055
8/12/1992,3.04
8/13/1992,2.99
8/14/1992,2.985
8/17/1992,2.965
8/18/1992,2.965
8/19/1992,2.945
8/20/1992,2.975
8/21/1992,3.06
8/24/1992,3.1
8/25/1992,3.135
8/26/1992,3.12
8/27/1992,3.115
8/28/1992,3.085
8/31/1992,3.145
9/1/1992,3.195
9/2/1992,3.275
9/3/1992,3.265
9/4/1992,3.255
9/8/1992,3.245
9/9/1992,3.255
9/10/1992,3.235
9/11/1992,3.195
9/14/1992,3.175
9/15/1992,3.195
9/16/1992,3.295
9/17/1992,3.305
9/18/1992,3.305
9/21/1992,3.305
9/22/1992,3.245
9/23/1992,3.265
9/24/1992,3.325
9/25/1992,3.345
9/28/1992,3.375
9/29/1992,3.375
9/30/1992,3.385
10/1/1992,3.395
10/2/1992,3.365
10/5/1992,3.355
10/6/1992,3.35
10/7/1992,3.295
10/8/1992,3.295
10/9/1992,3.315
10/12/1992,3.375
10/13/1992,3.375
10/14/1992,3.47
10/15/1992,3.405
10/16/1992,3.38
10/19/1992,3.39
10/20/1992,3.365
10/21/1992,3.325
10/22/1992,3.325
10/23/1992,3.28
10/26/1992,3.265
10/27/1992,3.305
10/28/1992,3.325
10/29/1992,3.355
10/30/1992,3.46
11/2/1992,3.545
11/3/1992,3.545
11/4/1992,3.555
11/5/1992,3.545
11/6/1992,3.585
11/9/1992,3.625
11/10/1992,3.645
11/11/1992,3.675
11/12/1992,3.705
11/13/1992,3.755
11/16/1992,3.785
11/17/1992,3.8
11/18/1992,3.76
11/19/1992,3.745
11/20/1992,3.775
11/23/1992,3.85
11/24/1992,3.86
11/25/1992,3.875
11/27/1992,3.875
11/30/1992,3.805
12/1/1992,3.825
12/2/1992,3.745
12/3/1992,3.775
12/4/1992,3.745
12/7/1992,3.695
12/8/1992,3.685
12/9/1992,3.715
12/10/1992,3.695
12/11/1992,3.695
12/14/1992,3.795
12/15/1992,3.8
12/16/1992,3.755
12/17/1992,3.725
12/18/1992,3.715
12/21/1992,3.735
12/22/1992,3.745
12/23/1992,3.78
12/24/1992,3.78
12/28/1992,3.705
12/29/1992,3.665
12/30/1992,3.725
12/31/1992,3.725
1/4/1993,3.85
1/5/1993,3.87
1/6/1993,3.92
1/7/1993,3.965
1/8/1993,3.965
1/11/1993,3.955
1/12/1993,3.955
1/13/1993,4.015
1/14/1993,4.07
1/15/1993,4.065
1/18/1993,4.07
1/19/1993,4.155
1/20/1993,4.135
1/21/1993,4.075
1/22/1993,4.045
1/25/1993,4.015
1/26/1993,3.97
1/27/1993,3.925
1/28/1993,3.91
1/29/1993,3.93
2/1/1993,3.905
2/2/1993,3.905
2/3/1993,3.885
2/4/1993,3.735
2/5/1993,3.735
2/8/1993,3.725
2/9/1993,3.795
2/10/1993,3.815
2/11/1993,3.805
2/12/1993,3.765
2/16/1993,3.745
2/17/1993,3.845
2/18/1993,3.805
2/19/1993,3.825
2/22/1993,3.835
2/23/1993,3.885
2/24/1993,3.88
2/25/1993,3.84
2/26/1993,3.865
3/1/1993,3.885
3/2/1993,3.935
3/3/1993,3.925
3/4/1993,3.97
3/5/1993,3.925
3/8/1993,3.915
3/9/1993,3.865
3/10/1993,3.805
3/11/1993,3.785
3/12/1993,3.775
3/15/1993,3.815
3/16/1993,3.865
3/17/1993,3.965
3/18/1993,4.055
3/19/1993,4.165
3/22/1993,4.105
3/23/1993,4.075
3/24/1993,4.155
3/25/1993,4.195
3/26/1993,4.125
3/29/1993,4.105
3/30/1993,4.05
3/31/1993,4.045
4/1/1993,4.075
4/2/1993,4.11
4/5/1993,4.095
4/6/1993,4.025
4/7/1993,4.035
4/8/1993,4.075
4/12/1993,4.095
4/13/1993,4.09
4/14/1993,4.085
4/15/1993,4.195
4/16/1993,4.185
4/19/1993,4.195
4/20/1993,4.18
4/21/1993,3.945
4/22/1993,3.885
4/23/1993,3.78
4/26/1993,3.73
4/27/1993,3.73
4/28/1993,3.73
4/29/1993,2.965
4/30/1993,2.995
5/3/1993,2.945
5/4/1993,2.895
5/5/1993,2.905
5/6/1993,2.905
5/7/1993,2.95
5/10/1993,2.97
5/11/1993,2.925
5/12/1993,2.965
5/13/1993,2.925
5/14/1993,2.965
5/17/1993,2.945
5/18/1993,2.985
5/19/1993,2.975
5/20/1993,2.975
5/21/1993,2.985
5/24/1993,2.94
5/25/1993,2.895
5/26/1993,2.895
5/27/1993,2.89
5/28/1993,2.895
6/1/1993,2.83
6/2/1993,2.85
6/3/1993,2.85
6/4/1993,2.815
6/7/1993,2.825
6/8/1993,2.81
6/9/1993,2.815
6/10/1993,2.795
6/11/1993,2.795
6/14/1993,2.815
6/15/1993,2.735
6/16/1993,2.705
6/17/1993,2.695
6/18/1993,2.705
6/21/1993,2.725
6/22/1993,2.775
6/23/1993,2.935
6/24/1993,2.815
6/25/1993,2.775
6/28/1993,2.755
6/29/1993,2.805
6/30/1993,2.805
7/1/1993,2.875
7/2/1993,2.965
7/6/1993,3.065
7/7/1993,2.985
7/8/1993,2.965
7/9/1993,2.875
7/12/1993,2.825
7/13/1993,2.735
7/14/1993,2.77
7/15/1993,2.795
7/16/1993,2.845
7/19/1993,2.905
7/20/1993,2.945
7/21/1993,2.955
7/22/1993,2.98
7/23/1993,3.025
7/26/1993,3.04
7/27/1993,3.105
7/28/1993,3.065
7/29/1993,2.995
7/30/1993,2.955
8/2/1993,2.995
8/3/1993,3.025
8/4/1993,3.015
8/5/1993,2.95
8/6/1993,3.015
8/9/1993,3.025
8/10/1993,3.035
8/11/1993,3.05
8/12/1993,2.965
8/13/1993,2.985
8/16/1993,3.015
8/17/1993,3.065
8/18/1993,3.015
8/19/1993,3.035
8/20/1993,3.015
8/23/1993,3.015
8/24/1993,2.965
8/25/1993,2.895
8/26/1993,2.835
8/27/1993,2.8425
8/30/1993,2.86
8/31/1993,2.89
9/1/1993,2.875
9/2/1993,2.885
9/3/1993,2.855
9/7/1993,2.855
9/8/1993,2.87
9/9/1993,2.84
9/10/1993,2.76
9/13/1993,2.735
9/14/1993,2.72
9/15/1993,2.72
9/16/1993,2.7
9/17/1993,2.685
9/20/1993,2.64
9/21/1993,2.66
9/22/1993,2.65
9/23/1993,2.66
9/24/1993,2.71
9/27/1993,2.67
9/28/1993,2.71
9/29/1993,2.785
9/30/1993,2.81
10/1/1993,2.775
10/4/1993,2.725
10/5/1993,2.735
10/6/1993,2.77
10/7/1993,2.815
10/8/1993,2.815
10/11/1993,2.845
10/12/1993,2.91
10/13/1993,2.905
10/14/1993,2.91
10/15/1993,2.9
10/18/1993,2.95
10/19/1993,3.025
10/20/1993,3.07
10/21/1993,3.13
10/22/1993,3.08
10/25/1993,3.065
10/26/1993,3.015
10/27/1993,3.02
10/28/1993,2.975
10/29/1993,3.06
11/1/1993,3.025
11/2/1993,3.06
11/3/1993,3.085
11/4/1993,3.19
11/5/1993,3.14
11/8/1993,3.125
11/9/1993,3.195
11/10/1993,3.275
11/11/1993,3.245
11/12/1993,3.28
11/15/1993,3.3
11/16/1993,3.385
11/17/1993,3.435
11/18/1993,3.42
11/19/1993,3.48
11/22/1993,3.43
11/23/1993,3.42
11/24/1993,3.435
11/26/1993,3.45
11/29/1993,3.395
11/30/1993,3.355
12/1/1993,3.405
12/2/1993,3.45
12/3/1993,3.505
12/6/1993,3.545
12/7/1993,3.55
12/8/1993,3.53
12/9/1993,3.53
12/10/1993,3.555
12/13/1993,3.51
12/14/1993,3.57
12/15/1993,3.575
12/16/1993,3.625
12/17/1993,3.625
12/20/1993,3.68
12/21/1993,3.685
12/22/1993,3.67
12/23/1993,3.67
12/27/1993,3.67
12/28/1993,3.665
12/29/1993,3.705
12/30/1993,3.69
12/31/1993,3.69
1/3/1994,3.645
1/4/1994,3.74
1/5/1994,3.845
1/6/1994,3.91
1/7/1994,3.92
1/10/1994,3.9
1/11/1994,3.85
1/12/1994,3.87
1/13/1994,3.9
1/14/1994,3.86
1/17/1994,3.815
1/18/1994,3.73
1/19/1994,3.705
1/20/1994,3.69
1/21/1994,3.735
1/24/1994,3.765
1/25/1994,3.75
1/26/1994,3.71
1/27/1994,3.66
1/28/1994,3.625
1/31/1994,3.68
2/1/1994,3.65
2/2/1994,3.69
2/3/1994,3.655
2/4/1994,3.645
2/7/1994,3.62
2/8/1994,3.595
2/9/1994,3.65
2/10/1994,3.625
2/11/1994,3.645
2/14/1994,3.665
2/15/1994,3.61
2/16/1994,3.58
2/17/1994,3.58
2/18/1994,3.54
2/22/1994,3.47
2/23/1994,3.44
2/24/1994,3.4
2/25/1994,3.425
2/28/1994,3.375
3/1/1994,3.385
3/2/1994,3.375
3/3/1994,3.375
3/4/1994,3.425
3/7/1994,3.435
3/8/1994,3.385
3/9/1994,3.345
3/10/1994,3.34
3/11/1994,3.35
3/14/1994,3.34
3/15/1994,3.32
3/16/1994,3.37
3/17/1994,3.365
3/18/1994,3.34
3/21/1994,3.32
3/22/1994,3.245
3/23/1994,3.28
3/24/1994,3.27
3/25/1994,3.25
3/28/1994,3.265
3/29/1994,3.265
3/30/1994,3.325
3/31/1994,3.235
4/4/1994,3.3
4/5/1994,3.32
4/6/1994,3.4
4/7/1994,3.395
4/8/1994,3.37
4/11/1994,3.285
4/12/1994,3.285
4/13/1994,3.275
4/14/1994,3.24
4/15/1994,3.275
4/18/1994,3.26
4/19/1994,3.175
4/20/1994,3.155
4/21/1994,3.135
4/22/1994,3.125
4/25/1994,3.155
4/26/1994,3.175
4/28/1994,3.195
4/29/1994,3.255
5/2/1994,3.295
5/3/1994,3.245
5/4/1994,3.295
5/5/1994,3.25
5/6/1994,3.215
5/9/1994,3.195
5/10/1994,3.165
5/11/1994,3.165
5/12/1994,3.175
5/13/1994,3.16
5/16/1994,3.215
5/17/1994,3.205
5/18/1994,3.195
5/19/1994,3.175
5/20/1994,3.215
5/23/1994,3.31
5/24/1994,3.235
5/25/1994,3.225
5/26/1994,3.14
5/27/1994,3.085
5/31/1994,3.1725
6/1/1994,3.205
6/2/1994,3.225
6/3/1994,3.225
6/6/1994,3.235
6/7/1994,3.255
6/8/1994,3.295
6/9/1994,3.285
6/10/1994,3.315
6/13/1994,3.335
6/14/1994,3.295
6/15/1994,3.305
6/16/1994,3.265
6/17/1994,3.235
6/20/1994,3.115
6/21/1994,3.105
6/22/1994,3.055
6/23/1994,3.035
6/24/1994,3.025
6/27/1994,3.015
6/28/1994,3.095
6/29/1994,3.065
6/30/1994,3.035
7/1/1994,3.035
7/5/1994,3.005
7/6/1994,2.98
7/7/1994,2.995
7/8/1994,3.055
7/11/1994,3.06
7/12/1994,3.085
7/13/1994,3.085
7/14/1994,3.06
7/15/1994,3.065
7/18/1994,3.125
7/19/1994,3.115
7/20/1994,3.08
7/21/1994,3.045
7/22/1994,3.025
7/25/1994,3.075
7/26/1994,3.115
7/27/1994,3.165
7/28/1994,3.135
7/29/1994,3.125
8/1/1994,3.115
8/2/1994,3.165
8/3/1994,3.155
8/4/1994,3.155
8/5/1994,3.175
8/8/1994,3.175
8/9/1994,3.135
8/10/1994,3.135
8/11/1994,3.155
8/12/1994,3.215
8/15/1994,3.2525
8/16/1994,3.325
8/17/1994,3.325
8/18/1994,3.315
8/19/1994,3.365
8/22/1994,3.355
8/23/1994,3.355
8/24/1994,3.305
8/25/1994,3.415
8/26/1994,3.445
8/29/1994,3.415
8/30/1994,3.435
8/31/1994,3.465
9/1/1994,3.495
9/2/1994,3.525
9/6/1994,3.565
9/7/1994,3.675
9/8/1994,3.615
9/9/1994,3.665
9/12/1994,3.695
9/13/1994,3.725
9/14/1994,3.695
9/15/1994,3.595
9/16/1994,3.655
9/19/1994,3.655
9/20/1994,3.7
9/21/1994,3.635
9/22/1994,3.675
9/23/1994,3.715
9/26/1994,3.715
9/27/1994,3.675
9/28/1994,3.645
9/29/1994,3.635
9/30/1994,3.795
10/3/1994,3.875
10/4/1994,3.885
10/5/1994,3.875
10/6/1994,3.865
10/7/1994,3.915
10/10/1994,3.925
10/11/1994,3.985
10/12/1994,3.945
10/13/1994,3.875
10/14/1994,3.925
10/17/1994,3.87
10/18/1994,3.8
10/19/1994,3.83
10/20/1994,3.845
10/21/1994,3.815
10/24/1994,3.875
10/25/1994,3.855
10/26/1994,3.875
10/27/1994,3.815
10/28/1994,3.805
10/31/1994,3.785
11/1/1994,3.845
11/2/1994,3.935
11/3/1994,3.865
11/4/1994,3.87
11/7/1994,3.875
11/8/1994,3.835
11/9/1994,3.805
11/10/1994,3.795
11/11/1994,3.765
11/14/1994,3.795
11/15/1994,3.775
11/16/1994,3.76
11/17/1994,3.78
11/18/1994,3.805
11/21/1994,3.79
11/22/1994,3.71
11/23/1994,3.69
11/25/1994,3.715
11/28/1994,3.755
11/29/1994,3.7
11/30/1994,3.765
12/1/1994,3.785
12/2/1994,3.845
12/5/1994,3.835
12/6/1994,3.815
12/7/1994,3.875
12/8/1994,3.925
12/9/1994,3.925
12/12/1994,3.935
12/13/1994,3.865
12/14/1994,3.845
12/15/1994,3.835
12/16/1994,3.96
12/19/1994,4.015
12/20/1994,4.045
12/21/1994,4.055
12/22/1994,4.065
12/23/1994,4.065
12/27/1994,4.16
12/28/1994,4.14
12/29/1994,4.095
12/30/1994,4.07
1/3/1995,4.05
1/4/1995,4.01
1/5/1995,3.995
1/6/1995,3.925
1/9/1995,3.815
1/10/1995,3.815
1/11/1995,3.8
1/12/1995,3.765
1/13/1995,3.68
1/16/1995,3.685
1/17/1995,3.715
1/18/1995,3.71
1/19/1995,3.635
1/20/1995,3.685
1/23/1995,3.715
1/24/1995,3.705
1/25/1995,3.75
1/26/1995,3.685
1/27/1995,3.705
1/30/1995,3.755
1/31/1995,3.825
2/1/1995,3.785
2/2/1995,3.835
2/3/1995,3.775
2/6/1995,3.735
2/7/1995,3.745
2/8/1995,3.695
2/9/1995,3.715
2/10/1995,3.785
2/13/1995,3.745
2/14/1995,3.76
2/15/1995,3.695
2/16/1995,3.695
2/17/1995,3.715
2/21/1995,3.645
2/22/1995,3.655
2/23/1995,3.665
2/24/1995,3.665
2/27/1995,3.595
2/28/1995,3.535
3/1/1995,3.565
3/2/1995,3.535
3/3/1995,3.52
3/6/1995,3.52
3/7/1995,3.625
3/8/1995,3.605
3/9/1995,3.575
3/10/1995,3.495
3/13/1995,3.545
3/14/1995,3.565
3/15/1995,3.615
3/16/1995,3.565
3/17/1995,3.585
3/20/1995,3.655
3/21/1995,3.625
3/22/1995,3.685
3/23/1995,3.62
3/24/1995,3.565
3/27/1995,3.525
3/28/1995,3.48
3/29/1995,3.44
3/30/1995,3.43
3/31/1995,3.4
4/3/1995,3.44
4/4/1995,3.485
4/5/1995,3.535
4/6/1995,3.505
4/7/1995,3.47
4/10/1995,3.515
4/11/1995,3.605
4/12/1995,3.565
4/13/1995,3.505
4/17/1995,3.475
4/18/1995,3.5
4/19/1995,3.485
4/20/1995,3.5
4/21/1995,3.5
4/24/1995,3.525
4/25/1995,3.54
4/26/1995,3.55
4/27/1995,3.505
4/28/1995,3.505
5/1/1995,3.575
5/2/1995,3.6
5/3/1995,3.59
5/4/1995,3.54
5/5/1995,3.51
5/8/1995,3.55
5/9/1995,3.585
5/10/1995,3.57
5/11/1995,3.59
5/12/1995,3.66
5/15/1995,3.58
5/16/1995,3.58
5/17/1995,3.515
5/18/1995,3.545
5/19/1995,3.505
5/22/1995,3.56
5/23/1995,3.615
5/24/1995,3.61
5/25/1995,3.62
5/26/1995,3.705
5/30/1995,3.58
5/31/1995,3.585
6/1/1995,3.665
6/2/1995,3.705
6/5/1995,3.705
6/6/1995,3.665
6/7/1995,3.585
6/8/1995,3.655
6/9/1995,3.69
6/12/1995,3.565
6/13/1995,3.635
6/14/1995,3.745
6/15/1995,3.725
6/16/1995,3.685
6/19/1995,3.825
6/20/1995,3.805
6/21/1995,3.905
6/22/1995,4.025
6/23/1995,4.155
6/26/1995,4.155
6/27/1995,4.105
6/28/1995,4.305
6/29/1995,4.405
6/30/1995,4.375
7/3/1995,4.255
7/5/1995,4.18
7/6/1995,4.225
7/7/1995,4.015
7/10/1995,3.965
7/11/1995,4.055
7/12/1995,4.085
7/13/1995,4.155
7/14/1995,4.265
7/17/1995,4.465
7/18/1995,4.475
7/19/1995,4.465
7/20/1995,4.505
7/21/1995,4.625
7/24/1995,4.615
7/25/1995,4.415
7/26/1995,4.385
7/27/1995,4.355
7/28/1995,4.375
7/31/1995,4.425
8/1/1995,4.395
8/2/1995,4.17
8/3/1995,4.175
8/4/1995,4.075
8/7/1995,3.935
8/8/1995,4.095
8/9/1995,4.075
8/10/1995,4.025
8/11/1995,4.105
8/14/1995,4.085
8/15/1995,4.035
8/16/1995,3.9
8/17/1995,3.925
8/18/1995,4.015
8/21/1995,4.08
8/22/1995,4.095
8/23/1995,4.145
8/24/1995,4.195
8/25/1995,4.175
8/28/1995,4.165
8/29/1995,4.075
8/30/1995,4.065
8/31/1995,4.225
9/1/1995,4.215
9/5/1995,4.285
9/6/1995,4.355
9/7/1995,4.535
9/8/1995,4.485
9/11/1995,4.495
9/12/1995,4.555
9/13/1995,4.465
9/14/1995,4.485
9/15/1995,4.485
9/18/1995,4.545
9/19/1995,4.635
9/20/1995,4.675
9/21/1995,4.705
9/22/1995,4.625
9/25/1995,4.605
9/26/1995,4.585
9/27/1995,4.605
9/28/1995,4.67
9/29/1995,4.74
10/2/1995,4.78
10/3/1995,4.77
10/4/1995,4.765
10/5/1995,4.725
10/6/1995,4.68
10/9/1995,4.745
10/10/1995,4.765
10/11/1995,4.695
10/12/1995,4.705
10/13/1995,4.765
10/16/1995,4.865
10/17/1995,4.815
10/18/1995,4.925
10/19/1995,5.005
10/20/1995,5.045
10/23/1995,5.005
10/24/1995,4.91
10/25/1995,5.005
10/26/1995,5.08
10/27/1995,5.06
10/30/1995,5.03
10/31/1995,5.075
11/1/1995,5.105
11/2/1995,5
11/3/1995,4.95
11/6/1995,5.035
11/7/1995,5.035
11/8/1995,5.05
11/9/1995,4.97
11/10/1995,5.105
11/13/1995,5.015
11/14/1995,5.05
11/15/1995,5.005
11/16/1995,5.045
11/17/1995,5.055
11/20/1995,5.05
11/21/1995,5.015
11/22/1995,5.055
11/24/1995,5.07
11/27/1995,5.055
11/28/1995,5.01
11/29/1995,5.07
11/30/1995,5.03
12/1/1995,5.04
12/4/1995,5
12/5/1995,5.08
12/6/1995,5.115
12/7/1995,5.165
12/8/1995,5.185
12/11/1995,5.2
12/12/1995,5.165
12/13/1995,5.16
12/14/1995,5.12
12/15/1995,5.08
12/18/1995,5.13
12/19/1995,5.14
12/20/1995,5.08
12/21/1995,5.025
12/22/1995,5.04
12/26/1995,5.075
12/27/1995,5.065
12/28/1995,5.13
12/29/1995,5.13
1/2/1996,5.08
1/3/1996,5.075
1/4/1996,4.99
1/5/1996,4.835
1/8/1996,4.73
1/9/1996,4.845
1/10/1996,4.835
1/11/1996,4.735
1/12/1996,4.835
1/15/1996,4.85
1/16/1996,4.69
1/17/1996,4.68
1/18/1996,4.72
1/19/1996,4.765
1/22/1996,4.715
1/23/1996,4.84
1/24/1996,4.835
1/25/1996,4.8
1/26/1996,4.96
1/29/1996,5.09
1/30/1996,4.965
1/31/1996,4.86
2/1/1996,4.84
2/2/1996,4.93
2/5/1996,4.845
2/6/1996,4.875
2/7/1996,4.785
2/8/1996,4.75
2/9/1996,4.785
2/12/1996,4.76
2/13/1996,4.795
2/14/1996,4.92
2/15/1996,4.9
2/16/1996,4.875
2/20/1996,4.78
2/21/1996,4.47
2/22/1996,4.62
2/23/1996,4.69
2/26/1996,4.73
2/27/1996,4.74
2/28/1996,4.775
2/29/1996,4.81
3/1/1996,4.835
3/4/1996,4.825
3/5/1996,4.755
3/6/1996,4.795
3/7/1996,4.865
3/8/1996,4.805
3/11/1996,4.79
3/12/1996,4.695
3/13/1996,4.705
3/14/1996,4.67
3/15/1996,4.59
3/18/1996,4.61
3/19/1996,4.605
3/20/1996,4.725
3/21/1996,4.725
3/22/1996,4.7312
3/25/1996,4.825
3/26/1996,4.945
3/27/1996,4.875
3/28/1996,4.845
3/29/1996,4.915
4/1/1996,4.985
4/2/1996,4.97
4/3/1996,5.08
4/4/1996,5.07
4/8/1996,5.065
4/9/1996,5.11
4/10/1996,5.29
4/11/1996,5.42
4/12/1996,5.61
4/15/1996,5.66
4/16/1996,5.455
4/17/1996,5.495
4/18/1996,5.785
4/19/1996,5.87
4/22/1996,6.07
4/23/1996,6.27
4/24/1996,6.255
4/25/1996,6.345
4/26/1996,6.2
4/29/1996,5.805
4/30/1996,5.505
5/1/1996,5.885
5/2/1996,5.57
5/3/1996,5.52
5/6/1996,5.465
5/7/1996,5.61
5/8/1996,5.82
5/9/1996,5.87
5/10/1996,5.7
5/13/1996,5.78
5/14/1996,5.78
5/15/1996,5.875
5/16/1996,5.685
5/17/1996,5.78
5/20/1996,5.69
5/21/1996,5.6
5/22/1996,5.515
5/23/1996,5.44
5/24/1996,5.45
5/28/1996,5.29
5/29/1996,5.035
5/30/1996,5.105
5/31/1996,5.135
6/3/1996,5.04
6/4/1996,4.84
6/5/1996,4.75
6/6/1996,4.76
6/7/1996,4.83
6/10/1996,5
6/11/1996,4.89
6/12/1996,4.765
6/13/1996,4.86
6/14/1996,4.775
6/17/1996,4.7
6/18/1996,4.8
6/19/1996,4.74
6/20/1996,4.675
6/21/1996,4.725
6/24/1996,4.805
6/25/1996,4.835
6/26/1996,4.755
6/27/1996,4.645
6/28/1996,4.675
7/1/1996,4.765
7/2/1996,4.655
7/3/1996,4.755
7/5/1996,4.705
7/8/1996,4.775
7/9/1996,4.905
7/10/1996,4.935
7/11/1996,5.055
7/12/1996,4.985
7/15/1996,4.895
7/16/1996,4.84
7/17/1996,4.775
7/18/1996,4.745
7/19/1996,4.615
7/22/1996,4.645
7/23/1996,4.565
7/24/1996,4.405
7/25/1996,4.435
7/26/1996,4.345
7/29/1996,4.445
7/30/1996,4.4
7/31/1996,4.425
8/1/1996,4.48
8/2/1996,4.525
8/5/1996,4.475
8/6/1996,4.525
8/7/1996,4.585
8/8/1996,4.65
8/9/1996,4.675
8/12/1996,4.785
8/13/1996,4.645
8/14/1996,4.595
8/15/1996,4.605
8/16/1996,4.585
8/19/1996,4.635
8/20/1996,4.585
8/21/1996,4.545
8/22/1996,4.545
8/23/1996,4.565
8/26/1996,4.635
8/27/1996,4.635
8/28/1996,4.565
8/29/1996,4.565
8/30/1996,4.545
9/3/1996,4.525
9/4/1996,4.485
9/5/1996,4.475
9/6/1996,4.435
9/9/1996,4.505
9/10/1996,4.535
9/11/1996,4.375
9/12/1996,4.325
9/13/1996,4.245
9/16/1996,4.175
9/17/1996,4.19
9/18/1996,4.245
9/19/1996,4.165
9/20/1996,4.215
9/23/1996,4.265
9/24/1996,4.295
9/25/1996,4.31
9/26/1996,4.315
9/27/1996,4.34
9/30/1996,4.375
10/1/1996,4.345
10/2/1996,4.205
10/3/1996,4.17
10/4/1996,4.175
10/7/1996,4.185
10/8/1996,4.24
10/9/1996,4.23
10/10/1996,4.19
10/11/1996,4.205
10/14/1996,4.235
10/15/1996,4.135
10/16/1996,4.055
10/17/1996,3.98
10/18/1996,3.92
10/21/1996,3.85
10/22/1996,3.84
10/23/1996,3.835
10/24/1996,3.68
10/25/1996,3.74
10/28/1996,3.66
10/29/1996,3.695
10/30/1996,3.635
10/31/1996,3.52
11/1/1996,3.555
11/4/1996,3.605
11/5/1996,3.52
11/6/1996,3.525
11/7/1996,3.59
11/8/1996,3.645
11/11/1996,3.735
11/12/1996,3.85
11/13/1996,3.96
11/14/1996,3.915
11/15/1996,3.925
11/18/1996,3.86
11/19/1996,3.885
11/20/1996,4.045
11/21/1996,3.975
11/22/1996,3.995
11/25/1996,3.99
11/26/1996,3.935
11/27/1996,3.88
11/29/1996,3.82
12/2/1996,3.8
12/3/1996,3.745
12/4/1996,3.74
12/5/1996,3.78
12/6/1996,3.78
12/9/1996,3.705
12/10/1996,3.755
12/11/1996,3.8
12/12/1996,3.85
12/13/1996,3.885
12/16/1996,3.94
12/17/1996,3.93
12/18/1996,4.005
12/19/1996,4
12/20/1996,3.965
12/23/1996,3.935
12/24/1996,3.935
12/26/1996,3.98
12/27/1996,3.915
12/30/1996,3.84
12/31/1996,3.84
1/2/1997,3.87
1/3/1997,3.81
1/6/1997,3.85
1/7/1997,3.885
1/8/1997,3.895
1/9/1997,3.84
1/10/1997,3.81
1/13/1997,3.835
1/14/1997,3.79
1/15/1997,3.785
1/16/1997,3.74
1/17/1997,3.68
1/20/1997,3.645
1/21/1997,3.74
1/22/1997,3.71
1/23/1997,3.67
1/24/1997,3.665
1/27/1997,3.635
1/28/1997,3.685
1/29/1997,3.65
1/30/1997,3.655
1/31/1997,3.545
2/3/1997,3.56
2/4/1997,3.475
2/5/1997,3.505
2/6/1997,3.47
2/7/1997,3.44
2/10/1997,3.41
2/11/1997,3.505
2/12/1997,3.46
2/13/1997,3.475
2/14/1997,3.48
2/18/1997,3.53
2/19/1997,3.48
2/20/1997,3.515
2/21/1997,3.59
2/24/1997,3.61
2/25/1997,3.63
2/26/1997,3.565
2/27/1997,3.535
2/28/1997,3.595
3/3/1997,3.59
3/4/1997,3.515
3/5/1997,3.51
3/6/1997,3.56
3/7/1997,3.56
3/10/1997,3.58
3/11/1997,3.64
3/12/1997,3.615
3/13/1997,3.63
3/14/1997,3.71
3/17/1997,3.65
3/18/1997,3.68
3/19/1997,3.765
3/20/1997,3.815
3/21/1997,3.735
3/24/1997,3.705
3/25/1997,3.735
3/26/1997,3.795
3/27/1997,3.86
3/31/1997,3.8
4/1/1997,3.75
4/2/1997,3.69
4/3/1997,3.585
4/4/1997,3.58
4/7/1997,3.66
4/8/1997,3.68
4/9/1997,3.71
4/10/1997,3.785
4/11/1997,3.89
4/14/1997,4.09
4/15/1997,4.02
4/16/1997,3.93
4/17/1997,4.12
4/18/1997,4.26
4/21/1997,4.295
4/22/1997,4.325
4/23/1997,4.215
4/24/1997,4.11
4/25/1997,4.13
4/28/1997,4.03
4/29/1997,4.035
4/30/1997,4.15
5/1/1997,4.08
5/2/1997,3.995
5/5/1997,3.945
5/6/1997,3.855
5/7/1997,3.885
5/8/1997,3.925
5/9/1997,3.975
5/12/1997,3.825
5/13/1997,3.79
5/14/1997,3.7
5/15/1997,3.72
5/16/1997,3.72
5/19/1997,3.78
5/20/1997,3.63
5/21/1997,3.705
5/22/1997,3.67
5/23/1997,3.66
5/27/1997,3.56
5/28/1997,3.6
5/29/1997,3.505
5/30/1997,3.545
6/2/1997,3.555
6/3/1997,3.58
6/4/1997,3.5
6/5/1997,3.53
6/6/1997,3.565
6/9/1997,3.64
6/10/1997,3.59
6/11/1997,3.595
6/12/1997,3.485
6/13/1997,3.47
6/16/1997,3.38
6/17/1997,3.395
6/18/1997,3.35
6/19/1997,3.385
6/20/1997,3.345
6/23/1997,3.27
6/24/1997,3.3
6/25/1997,3.3
6/26/1997,3.315
6/27/1997,3.265
6/30/1997,3.24
7/1/1997,3.22
7/2/1997,3.2
7/3/1997,3.13
7/7/1997,3.07
7/8/1997,3.145
7/9/1997,3.23
7/10/1997,3.18
7/11/1997,3.2
7/14/1997,3.27
7/15/1997,3.28
7/16/1997,3.21
7/17/1997,3.17
7/18/1997,3.2
7/21/1997,3.265
7/22/1997,3.37
7/23/1997,3.46
7/24/1997,3.485
7/25/1997,3.49
7/28/1997,3.48
7/29/1997,3.5
7/30/1997,3.485
7/31/1997,3.56
8/1/1997,3.55
8/4/1997,3.55
8/5/1997,3.48
8/6/1997,3.575
8/7/1997,3.58
8/8/1997,3.65
8/11/1997,3.6
8/12/1997,3.58
8/13/1997,3.57
8/14/1997,3.51
8/15/1997,3.5
8/18/1997,3.53
8/19/1997,3.51
8/20/1997,3.54
8/21/1997,3.68
8/22/1997,3.69
8/25/1997,3.66
8/26/1997,3.65
8/27/1997,3.71
8/28/1997,3.725
8/29/1997,3.72
9/2/1997,3.76
9/3/1997,3.77
9/4/1997,3.74
9/5/1997,3.76
9/8/1997,3.7
9/9/1997,3.74
9/10/1997,3.71
9/11/1997,3.65
9/12/1997,3.595
9/15/1997,3.52
9/16/1997,3.55
9/17/1997,3.57
9/18/1997,3.515
9/19/1997,3.5
9/22/1997,3.47
9/23/1997,3.5
9/24/1997,3.5
9/25/1997,3.515
9/26/1997,3.415
9/29/1997,3.43
9/30/1997,3.39
10/1/1997,3.35
10/2/1997,3.395
10/3/1997,3.425
10/6/1997,3.395
10/7/1997,3.505
10/8/1997,3.475
10/9/1997,3.57
10/10/1997,3.55
10/13/1997,3.63
10/14/1997,3.58
10/15/1997,3.61
10/16/1997,3.545
10/17/1997,3.5
10/20/1997,3.57
10/21/1997,3.62
10/22/1997,3.64
10/23/1997,3.59
10/24/1997,3.61
10/27/1997,3.54
10/28/1997,3.57
10/29/1997,3.575
10/30/1997,3.59
10/31/1997,3.6
11/3/1997,3.64
11/4/1997,3.61
11/5/1997,3.57
11/6/1997,3.59
11/7/1997,3.595
11/10/1997,3.55
11/11/1997,3.55
11/12/1997,3.51
11/13/1997,3.5
11/14/1997,3.48
11/17/1997,3.54
11/18/1997,3.555
11/19/1997,3.5
11/20/1997,3.49
11/21/1997,3.53
11/24/1997,3.5
11/25/1997,3.445
11/26/1997,3.505
11/28/1997,3.555
12/1/1997,3.61
12/2/1997,3.64
12/3/1997,3.63
12/4/1997,3.64
12/5/1997,3.68
12/8/1997,3.69
12/9/1997,3.67
12/10/1997,3.64
12/11/1997,3.57
12/12/1997,3.49
12/15/1997,3.47
12/16/1997,3.4812
12/17/1997,3.5
12/18/1997,3.39
12/19/1997,3.39
12/22/1997,3.38
12/23/1997,3.41
12/24/1997,3.41
12/26/1997,3.41
12/29/1997,3.38
12/30/1997,3.32
12/31/1997,3.3
1/2/1998,3.34
1/5/1998,3.34
1/6/1998,3.27
1/7/1998,3.32
1/8/1998,3.245
1/9/1998,3.25
1/12/1998,3.26
1/13/1998,3.375
1/14/1998,3.325
1/15/1998,3.38
1/16/1998,3.39
1/20/1998,3.36
1/21/1998,3.34
1/22/1998,3.35
1/23/1998,3.38
1/26/1998,3.45
1/27/1998,3.44
1/28/1998,3.44
1/29/1998,3.42
1/30/1998,3.39
2/2/1998,3.45
2/3/1998,3.445
2/4/1998,3.425
2/5/1998,3.395
2/6/1998,3.345
2/9/1998,3.38
2/10/1998,3.38
2/11/1998,3.335
2/12/1998,3.34
2/13/1998,3.29
2/17/1998,3.185
2/18/1998,3.18
2/19/1998,3.19
2/20/1998,3.2
2/23/1998,3.23
2/24/1998,3.17
2/25/1998,3.14
2/26/1998,3.175
2/27/1998,3.22
3/2/1998,3.29
3/3/1998,3.28
3/4/1998,3.25
3/5/1998,3.215
3/6/1998,3.215
3/9/1998,3.24
3/10/1998,3.27
3/11/1998,3.345
3/12/1998,3.325
3/13/1998,3.275
3/16/1998,3.235
3/17/1998,3.265
3/18/1998,3.215
3/19/1998,3.195
3/20/1998,3.165
3/23/1998,3.21
3/24/1998,3.225
3/25/1998,3.205
3/26/1998,3.125
3/27/1998,3.155
3/30/1998,3.175
3/31/1998,3.12
4/1/1998,3.075
4/2/1998,3.095
4/3/1998,3.075
4/6/1998,3.025
4/7/1998,2.995
4/8/1998,3.025
4/9/1998,2.985
4/13/1998,3.055
4/14/1998,3.105
4/15/1998,3.145
4/16/1998,3.135
4/17/1998,3.105
4/20/1998,3.075
4/21/1998,3.075
4/22/1998,3.025
4/23/1998,3
4/24/1998,3.01
4/27/1998,3.015
4/28/1998,3.045
4/29/1998,2.92
4/30/1998,2.88
5/1/1998,2.9
5/4/1998,2.93
5/5/1998,2.995
5/6/1998,3.04
5/7/1998,3.025
5/8/1998,2.985
5/11/1998,2.89
5/12/1998,2.92
5/13/1998,2.935
5/14/1998,2.915
5/15/1998,2.915
5/18/1998,2.905
5/19/1998,2.875
5/20/1998,2.915
5/21/1998,2.865
5/22/1998,2.865
5/26/1998,2.785
5/27/1998,2.735
5/28/1998,2.705
5/29/1998,2.705
6/1/1998,2.705
6/2/1998,2.735
6/3/1998,2.665
6/4/1998,2.685
6/5/1998,2.665
6/8/1998,2.615
6/9/1998,2.635
6/10/1998,2.645
6/11/1998,2.645
6/12/1998,2.645
6/15/1998,2.545
6/16/1998,2.585
6/17/1998,2.65
6/18/1998,2.655
6/19/1998,2.705
6/22/1998,2.685
6/23/1998,2.735
6/24/1998,2.765
6/25/1998,2.72
6/26/1998,2.635
6/29/1998,2.535
6/30/1998,2.585
7/1/1998,2.565
7/2/1998,2.525
7/6/1998,2.555
7/7/1998,2.635
7/8/1998,2.625
7/9/1998,2.595
7/10/1998,2.535
7/13/1998,2.525
7/14/1998,2.475
7/15/1998,2.455
7/16/1998,2.455
7/17/1998,2.485
7/20/1998,2.46
7/21/1998,2.36
7/22/1998,2.315
7/23/1998,2.305
7/24/1998,2.305
7/27/1998,2.225
7/28/1998,2.205
7/29/1998,2.195
7/30/1998,2.235
7/31/1998,2.23
8/3/1998,2.205
8/4/1998,2.165
8/5/1998,2.155
8/6/1998,2.205
8/7/1998,2.205
8/10/1998,2.26
8/11/1998,2.235
8/12/1998,2.335
8/13/1998,2.285
8/14/1998,2.365
8/17/1998,2.385
8/18/1998,2.365
8/19/1998,2.375
8/20/1998,2.355
8/21/1998,2.315
8/24/1998,2.305
8/25/1998,2.255
8/26/1998,2.215
8/27/1998,2.185
8/28/1998,2.165
8/31/1998,2.065
9/1/1998,2.05
9/2/1998,2.075
9/3/1998,2.115
9/4/1998,2.165
9/8/1998,2.165
9/9/1998,2.145
9/10/1998,2.155
9/11/1998,2.05
9/14/1998,2.08
9/15/1998,2.14
9/16/1998,2.12
9/17/1998,2.14
9/18/1998,2.145
9/21/1998,2.175
9/22/1998,2.185
9/23/1998,2.085
9/24/1998,2.135
9/25/1998,2.105
9/28/1998,2.105
9/29/1998,2.115
9/30/1998,2.115
10/1/1998,2.005
10/2/1998,2.075
10/5/1998,2.175
10/6/1998,2.145
10/7/1998,2.255
10/8/1998,2.295
10/9/1998,2.275
10/12/1998,2.205
10/13/1998,2.255
10/14/1998,2.235
10/15/1998,2.253
10/16/1998,2.3
10/19/1998,2.275
10/20/1998,2.19
10/21/1998,2.185
10/22/1998,2.255
10/23/1998,2.265
10/26/1998,2.315
10/27/1998,2.265
10/28/1998,2.265
10/29/1998,2.245
10/30/1998,2.285
11/2/1998,2.215
11/3/1998,2.265
11/4/1998,2.335
11/5/1998,2.365
11/6/1998,2.395
11/9/1998,2.425
11/10/1998,2.465
11/11/1998,2.455
11/12/1998,2.455
11/13/1998,2.405
11/16/1998,2.405
11/17/1998,2.405
11/18/1998,2.455
11/19/1998,2.435
11/20/1998,2.395
11/23/1998,2.315
11/24/1998,2.305
11/25/1998,2.305
11/27/1998,2.305
11/30/1998,2.53
12/1/1998,2.53
12/2/1998,2.63
12/3/1998,2.57
12/4/1998,2.6
12/7/1998,2.575
12/8/1998,2.575
12/9/1998,2.495
12/10/1998,2.5
12/11/1998,2.4775
12/14/1998,2.505
12/15/1998,2.485
12/16/1998,2.525
12/17/1998,2.505
12/18/1998,2.515
12/21/1998,2.525
12/22/1998,2.515
12/23/1998,2.525
12/24/1998,2.525
12/28/1998,2.565
12/29/1998,2.565
12/30/1998,2.51
12/31/1998,2.51
1/4/1999,2.54
1/5/1999,2.545
1/6/1999,2.625
1/7/1999,2.615
1/8/1999,2.655
1/11/1999,2.605
1/12/1999,2.555
1/13/1999,2.485
1/14/1999,2.505
1/15/1999,2.515
1/19/1999,2.425
1/20/1999,2.435
1/21/1999,2.425
1/22/1999,2.455
1/25/1999,2.435
1/26/1999,2.425
1/27/1999,2.46
1/28/1999,2.47
1/29/1999,2.5
2/1/1999,2.445
2/2/1999,2.445
2/3/1999,2.405
2/4/1999,2.425
2/5/1999,2.435
2/8/1999,2.41
2/9/1999,2.385
2/10/1999,2.415
2/11/1999,2.375
2/12/1999,2.315
2/16/1999,2.265
2/17/1999,2.305
2/18/1999,2.325
2/19/1999,2.295
2/22/1999,2.26
2/23/1999,2.265
2/24/1999,2.185
2/25/1999,2.135
2/26/1999,2.125
3/1/1999,2.205
3/2/1999,2.295
3/3/1999,2.275
3/4/1999,2.3
3/5/1999,2.355
3/8/1999,2.4175
3/9/1999,2.37
3/10/1999,2.475
3/11/1999,2.495
3/12/1999,2.445
3/15/1999,2.445
3/16/1999,2.485
3/17/1999,2.495
3/18/1999,2.475
3/19/1999,2.445
3/22/1999,2.445
3/23/1999,2.415
3/24/1999,2.395
3/25/1999,2.515
3/26/1999,2.585
3/29/1999,2.64
3/30/1999,2.645
3/31/1999,2.505
4/1/1999,2.475
4/5/1999,2.495
4/6/1999,2.495
4/7/1999,2.445
4/8/1999,2.44
4/9/1999,2.415
4/12/1999,2.345
4/13/1999,2.355
4/14/1999,2.385
4/15/1999,2.42
4/16/1999,2.375
4/19/1999,2.335
4/20/1999,2.415
4/21/1999,2.47
4/22/1999,2.475
4/23/1999,2.475
4/26/1999,2.455
4/27/1999,2.425
4/28/1999,2.47
4/29/1999,2.47
4/30/1999,2.515
5/3/1999,2.505
5/4/1999,2.525
5/5/1999,2.515
5/6/1999,2.475
5/7/1999,2.475
5/10/1999,2.495
5/11/1999,2.525
5/12/1999,2.555
5/13/1999,2.555
5/14/1999,2.465
5/17/1999,2.5
5/18/1999,2.495
5/19/1999,2.445
5/20/1999,2.405
5/21/1999,2.365
5/24/1999,2.315
5/25/1999,2.325
5/26/1999,2.315
5/27/1999,2.33
5/28/1999,2.345
6/1/1999,2.345
6/2/1999,2.365
6/3/1999,2.445
6/4/1999,2.395
6/7/1999,2.385
6/8/1999,2.325
6/9/1999,2.305
6/10/1999,2.345
6/11/1999,2.325
6/14/1999,2.375
6/15/1999,2.345
6/16/1999,2.325
6/17/1999,2.305
6/18/1999,2.285
6/21/1999,2.295
6/22/1999,2.245
6/23/1999,2.255
6/24/1999,2.245
6/25/1999,2.26
6/28/1999,2.275
6/29/1999,2.285
6/30/1999,2.285
7/1/1999,2.215
7/2/1999,2.125
7/6/1999,2.045
7/7/1999,2.055
7/8/1999,2.005
7/9/1999,1.985
7/12/1999,1.995
7/13/1999,1.995
7/14/1999,2.01
7/15/1999,1.995
7/16/1999,1.975
7/19/1999,2.005
7/20/1999,2.015
7/21/1999,2.085
7/22/1999,2.075
7/23/1999,2.175
7/26/1999,2.13
7/27/1999,2.075
7/28/1999,2.115
7/29/1999,2.125
7/30/1999,2.195
8/2/1999,2.385
8/3/1999,2.255
8/4/1999,2.275
8/5/1999,2.245
8/6/1999,2.245
8/9/1999,2.25
8/10/1999,2.245
8/11/1999,2.185
8/12/1999,2.075
8/13/1999,2.115
8/16/1999,2.11
8/17/1999,2.16
8/18/1999,2.175
8/19/1999,2.225
8/20/1999,2.195
8/23/1999,2.215
8/24/1999,2.215
8/25/1999,2.255
8/26/1999,2.235
8/27/1999,2.235
8/30/1999,2.13
8/31/1999,2.225
9/1/1999,2.265
9/2/1999,2.35
9/3/1999,2.445
9/7/1999,2.475
9/8/1999,2.405
9/9/1999,2.415
9/10/1999,2.495
9/13/1999,2.465
9/14/1999,2.485
9/15/1999,2.365
9/16/1999,2.395
9/17/1999,2.32
9/20/1999,2.355
9/21/1999,2.345
9/22/1999,2.355
9/23/1999,2.395
9/24/1999,2.445
9/27/1999,2.485
9/28/1999,2.555
9/29/1999,2.535
9/30/1999,2.435
10/1/1999,2.355
10/4/1999,2.365
10/5/1999,2.315
10/6/1999,2.305
10/7/1999,2.215
10/8/1999,2.195
10/11/1999,2.185
10/12/1999,2.235
10/13/1999,2.235
10/14/1999,2.285
10/15/1999,2.345
10/18/1999,2.345
10/19/1999,2.345
10/20/1999,2.2763
10/21/1999,2.265
10/22/1999,2.305
10/25/1999,2.365
10/26/1999,2.365
10/27/1999,2.385
10/28/1999,2.395
10/29/1999,2.395
11/1/1999,2.365
11/2/1999,2.395
11/3/1999,2.445
11/4/1999,2.455
11/5/1999,2.435
11/8/1999,2.475
11/9/1999,2.415
11/10/1999,2.37
11/11/1999,2.395
11/12/1999,2.375
11/15/1999,2.445
11/16/1999,2.455
11/17/1999,2.415
11/18/1999,2.355
11/19/1999,2.43
11/22/1999,2.435
11/23/1999,2.435
11/24/1999,2.385
11/26/1999,2.37
11/29/1999,2.295
11/30/1999,2.315
12/1/1999,2.335
12/2/1999,2.295
12/3/1999,2.24
12/6/1999,2.285
12/7/1999,2.25
12/8/1999,2.215
12/9/1999,2.195
12/10/1999,2.205
12/13/1999,2.175
12/14/1999,2.215
12/15/1999,2.215
12/16/1999,2.235
12/17/1999,2.255
12/20/1999,2.285
12/21/1999,2.285
12/22/1999,2.275
12/23/1999,2.31
12/27/1999,2.275
12/28/1999,2.285
12/29/1999,2.275
12/30/1999,2.285
12/31/1999,2.285
1/3/2000,2.275
1/4/2000,2.275
1/5/2000,2.295
1/6/2000,2.275
1/7/2000,2.295
1/10/2000,2.335
1/11/2000,2.325
1/12/2000,2.385
1/13/2000,2.415
1/14/2000,2.425
1/18/2000,2.41
1/19/2000,2.445
1/20/2000,2.435
1/21/2000,2.415
1/24/2000,2.44
1/25/2000,2.415
1/26/2000,2.395
1/27/2000,2.425
1/28/2000,2.415
1/31/2000,2.385
2/1/2000,2.405
2/2/2000,2.405
2/3/2000,2.385
2/4/2000,2.415
2/7/2000,2.435
2/8/2000,2.44
2/9/2000,2.505
2/10/2000,2.565
2/11/2000,2.575
2/14/2000,2.565
2/15/2000,2.505
2/16/2000,2.495
2/17/2000,2.465
2/18/2000,2.49
2/22/2000,2.465
2/23/2000,2.395
2/24/2000,2.375
2/25/2000,2.315
2/28/2000,2.285
2/29/2000,2.315
3/1/2000,2.325
3/2/2000,2.325
3/3/2000,2.345
3/6/2000,2.375
3/7/2000,2.38
3/8/2000,2.395
3/9/2000,2.415
3/10/2000,2.375
3/13/2000,2.425
3/14/2000,2.495
3/15/2000,2.495
3/16/2000,2.465
3/17/2000,2.515
3/20/2000,2.455
3/21/2000,2.405
3/22/2000,2.415
3/23/2000,2.355
3/24/2000,2.325
3/27/2000,2.355
3/28/2000,2.315
3/29/2000,2.325
3/30/2000,2.375
3/31/2000,2.46
4/3/2000,2.385
4/4/2000,2.365
4/5/2000,2.365
4/6/2000,2.375
4/7/2000,2.405
4/10/2000,2.345
4/11/2000,2.365
4/12/2000,2.385
4/13/2000,2.425
4/14/2000,2.415
4/17/2000,2.395
4/18/2000,2.375
4/19/2000,2.385
4/20/2000,2.385
4/24/2000,2.385
4/25/2000,2.415
4/26/2000,2.375
4/27/2000,2.325
4/28/2000,2.315
5/1/2000,2.415
5/2/2000,2.445
5/3/2000,2.505
5/4/2000,2.575
5/5/2000,2.535
5/8/2000,2.495
5/9/2000,2.435
5/10/2000,2.485
5/11/2000,2.675
5/12/2000,2.705
5/15/2000,2.655
5/16/2000,2.645
5/17/2000,2.565
5/18/2000,2.515
5/19/2000,2.555
5/22/2000,2.595
5/23/2000,2.595
5/24/2000,2.565
5/25/2000,2.575
5/26/2000,2.585
5/30/2000,2.505
5/31/2000,2.515
6/1/2000,2.485
6/2/2000,2.485
6/5/2000,2.425
6/6/2000,2.435
6/7/2000,2.405
6/8/2000,2.415
6/9/2000,2.465
6/12/2000,2.45
6/13/2000,2.44
6/14/2000,2.4
6/15/2000,2.41
6/16/2000,2.42
6/19/2000,2.47
6/20/2000,2.565
6/21/2000,2.61
6/22/2000,2.62
6/23/2000,2.555
6/26/2000,2.565
6/27/2000,2.555
6/28/2000,2.525
6/29/2000,2.525
6/30/2000,2.395
7/3/2000,2.255
7/5/2000,2.265
7/6/2000,2.225
7/7/2000,2.235
7/10/2000,2.265
7/11/2000,2.255
7/12/2000,2.235
7/13/2000,2.255
7/14/2000,2.185
7/17/2000,2.145
7/18/2000,2.115
7/19/2000,2.125
7/20/2000,2.155
7/21/2000,2.11
7/24/2000,2.095
7/25/2000,2.1
7/26/2000,2.085
7/27/2000,2.095
7/28/2000,2.105
7/31/2000,2.065
8/1/2000,2.045
8/2/2000,2.065
8/3/2000,2.025
8/4/2000,1.965
8/7/2000,1.935
8/8/2000,1.985
8/9/2000,1.985
8/10/2000,1.995
8/11/2000,2.015
8/14/2000,2.035
8/15/2000,2.055
8/16/2000,2.095
8/17/2000,2.055
8/18/2000,2.035
8/21/2000,2.015
8/22/2000,2.005
8/23/2000,1.995
8/24/2000,2.065
8/25/2000,2.065
8/28/2000,2.065
8/29/2000,2.145
8/30/2000,2.105
8/31/2000,2.155
9/1/2000,2.155
9/5/2000,2.155
9/6/2000,2.125
9/7/2000,2.145
9/8/2000,2.155
9/11/2000,2.115
9/12/2000,2.075
9/13/2000,2.035
9/14/2000,2.005
9/15/2000,1.98
9/18/2000,2.025
9/19/2000,1.955
9/20/2000,1.97
9/21/2000,1.945
9/22/2000,1.975
9/25/2000,2.005
9/26/2000,2.01
9/27/2000,2.085
9/28/2000,2.11
9/29/2000,2.155
10/2/2000,2.25
10/3/2000,2.3
10/4/2000,2.395
10/5/2000,2.41
10/6/2000,2.425
10/9/2000,2.415
10/10/2000,2.51
10/11/2000,2.535
10/12/2000,2.49
10/13/2000,2.43
10/16/2000,2.495
10/17/2000,2.485
10/18/2000,2.455
10/19/2000,2.41
10/20/2000,2.405
10/23/2000,2.365
10/24/2000,2.355
10/25/2000,2.345
10/26/2000,2.355
10/27/2000,2.385
10/30/2000,2.355
10/31/2000,2.345
11/1/2000,2.345
11/2/2000,2.405
11/3/2000,2.435
11/6/2000,2.425
11/7/2000,2.415
11/8/2000,2.445
11/9/2000,2.39
11/10/2000,2.415
11/13/2000,2.435
11/14/2000,2.405
11/15/2000,2.405
11/16/2000,2.405
11/17/2000,2.425
11/20/2000,2.435
11/21/2000,2.425
11/22/2000,2.425
11/24/2000,2.425
11/27/2000,2.465
11/28/2000,2.445
11/29/2000,2.435
11/30/2000,2.435
12/1/2000,2.545
12/4/2000,2.555
12/5/2000,2.535
12/6/2000,2.535
12/7/2000,2.465
12/8/2000,2.495
12/11/2000,2.455
12/12/2000,2.445
12/13/2000,2.445
12/14/2000,2.425
12/15/2000,2.395
12/18/2000,2.435
12/19/2000,2.465
12/20/2000,2.45
12/21/2000,2.475
12/22/2000,2.485
12/26/2000,2.485
12/27/2000,2.475
12/28/2000,2.415
12/29/2000,2.48
1/2/2001,2.455
1/3/2001,2.525
1/4/2001,2.535
1/5/2001,2.525
1/8/2001,2.525
1/9/2001,2.545
1/10/2001,2.585
1/11/2001,2.595
1/12/2001,2.585
1/16/2001,2.545
1/17/2001,2.505
1/18/2001,2.525
1/19/2001,2.535
1/22/2001,2.535
1/23/2001,2.535
1/24/2001,2.505
1/25/2001,2.44
1/26/2001,2.455
1/29/2001,2.405
1/30/2001,2.44
1/31/2001,2.47
2/1/2001,2.47
2/2/2001,2.495
2/5/2001,2.465
2/6/2001,2.465
2/7/2001,2.49
2/8/2001,2.485
2/9/2001,2.565
2/12/2001,2.525
2/13/2001,2.555
2/14/2001,2.625
2/15/2001,2.63
2/16/2001,2.595
2/20/2001,2.615
2/21/2001,2.585
2/22/2001,2.555
2/23/2001,2.57
2/26/2001,2.555
2/27/2001,2.555
2/28/2001,2.625
3/1/2001,2.645
3/2/2001,2.675
3/5/2001,2.705
3/6/2001,2.69
3/7/2001,2.66
3/8/2001,2.665
3/9/2001,2.66
3/12/2001,2.715
3/13/2001,2.705
3/14/2001,2.685
3/15/2001,2.575
3/16/2001,2.495
3/19/2001,2.455
3/20/2001,2.475
3/21/2001,2.405
3/22/2001,2.325
3/23/2001,2.355
3/26/2001,2.385
3/27/2001,2.375
3/28/2001,2.345
3/29/2001,2.355
3/30/2001,2.265
4/2/2001,2.295
4/3/2001,2.315
4/4/2001,2.375
4/5/2001,2.36
4/6/2001,2.345
4/9/2001,2.305
4/10/2001,2.265
4/11/2001,2.305
4/12/2001,2.36
4/16/2001,2.4
4/17/2001,2.37
4/18/2001,2.395
4/19/2001,2.405
4/20/2001,2.425
4/23/2001,2.43
4/24/2001,2.45
4/25/2001,2.505
4/26/2001,2.525
4/27/2001,2.475
4/30/2001,2.545
5/1/2001,2.525
5/2/2001,2.495
5/3/2001,2.445
5/4/2001,2.495
5/7/2001,2.445
5/8/2001,2.415
5/9/2001,2.425
5/10/2001,2.445
5/11/2001,2.465
5/14/2001,2.525
5/15/2001,2.535
5/16/2001,2.525
5/17/2001,2.525
5/18/2001,2.485
5/21/2001,2.385
5/22/2001,2.36
5/23/2001,2.365
5/24/2001,2.385
5/25/2001,2.365
5/29/2001,2.395
5/30/2001,2.385
5/31/2001,2.415
6/1/2001,2.455
6/4/2001,2.395
6/5/2001,2.365
6/6/2001,2.375
6/7/2001,2.405
6/8/2001,2.425
6/11/2001,2.405
6/12/2001,2.425
6/13/2001,2.415
6/14/2001,2.385
6/15/2001,2.375
6/18/2001,2.485
6/19/2001,2.515
6/20/2001,2.46
6/21/2001,2.435
6/22/2001,2.39
6/25/2001,2.345
6/26/2001,2.365
6/27/2001,2.36
6/28/2001,2.36
6/29/2001,2.41
7/2/2001,2.44
7/3/2001,2.505
7/5/2001,2.535
7/6/2001,2.555
7/9/2001,2.56
7/10/2001,2.595
7/11/2001,2.625
7/12/2001,2.76
7/13/2001,2.72
7/16/2001,2.715
7/17/2001,2.775
7/18/2001,2.75
7/19/2001,2.785
7/20/2001,2.735
7/23/2001,2.715
7/24/2001,2.705
7/25/2001,2.705
7/26/2001,2.695
7/27/2001,2.685
7/30/2001,2.645
7/31/2001,2.655
8/1/2001,2.615
8/2/2001,2.57
8/3/2001,2.5151
8/6/2001,2.515
8/7/2001,2.535
8/8/2001,2.565
8/9/2001,2.605
8/10/2001,2.595
8/13/2001,2.625
8/14/2001,2.595
8/15/2001,2.555
8/16/2001,2.555
8/17/2001,2.565
8/20/2001,2.555
8/21/2001,2.615
8/22/2001,2.645
8/23/2001,2.73
8/24/2001,2.71
8/27/2001,2.695
8/28/2001,2.655
8/29/2001,2.695
8/30/2001,2.63
8/31/2001,2.675
9/4/2001,2.655
9/5/2001,2.645
9/6/2001,2.615
9/7/2001,2.615
9/10/2001,2.625
9/11/2001,2.625
9/12/2001,2.625
9/13/2001,2.705
9/14/2001,2.605
9/17/2001,2.635
9/18/2001,2.545
9/19/2001,2.485
9/20/2001,2.495
9/21/2001,2.49
9/24/2001,2.47
9/25/2001,2.51
9/26/2001,2.565
9/27/2001,2.525
9/28/2001,2.485
10/1/2001,2.445
10/2/2001,2.425
10/3/2001,2.545
10/4/2001,2.595
10/5/2001,2.615
10/8/2001,2.575
10/9/2001,2.625
10/10/2001,2.765
10/11/2001,2.765
10/12/2001,2.735
10/15/2001,2.715
10/16/2001,2.775
10/17/2001,2.865
10/18/2001,2.825
10/19/2001,2.855
10/22/2001,2.745
10/23/2001,2.79
10/24/2001,2.785
10/25/2001,2.855
10/26/2001,2.91
10/29/2001,2.825
10/30/2001,2.865
10/31/2001,2.865
11/1/2001,2.825
11/2/2001,2.825
11/5/2001,2.845
11/6/2001,2.855
11/7/2001,2.88
11/8/2001,2.865
11/9/2001,2.905
11/12/2001,2.875
11/13/2001,2.825
11/14/2001,2.825
11/15/2001,2.825
11/16/2001,2.995
11/19/2001,2.975
11/20/2001,2.985
11/21/2001,2.975
11/23/2001,2.975
11/26/2001,2.87
11/27/2001,2.905
11/28/2001,2.855
11/29/2001,2.85
11/30/2001,2.945
12/3/2001,2.945
12/4/2001,2.915
12/5/2001,2.925
12/6/2001,2.925
12/7/2001,2.905
12/10/2001,2.91
12/11/2001,2.955
12/12/2001,2.945
12/13/2001,2.915
12/14/2001,2.945
12/17/2001,2.945
12/18/2001,2.945
12/19/2001,3.045
12/20/2001,2.975
12/21/2001,3
12/24/2001,3
12/26/2001,2.945
12/27/2001,3.005
12/28/2001,3.025
12/31/2001,3.005
1/2/2002,3.025
1/3/2002,3.115
1/4/2002,3.145
1/7/2002,3.125
1/8/2002,3.135
1/9/2002,3.115
1/10/2002,3.125
1/11/2002,3.165
1/14/2002,3.105
1/15/2002,3.035
1/16/2002,3.035
1/17/2002,2.985
1/18/2002,2.965
1/22/2002,2.965
1/23/2002,2.975
1/24/2002,3.005
1/25/2002,3.01
1/28/2002,2.945
1/29/2002,2.925
1/30/2002,2.875
1/31/2002,2.875
2/1/2002,2.895
2/4/2002,2.895
2/5/2002,2.845
2/6/2002,2.855
2/7/2002,2.865
2/8/2002,2.87
2/11/2002,2.845
2/12/2002,2.875
2/13/2002,2.875
2/14/2002,2.88
2/15/2002,2.82
2/19/2002,2.825
2/20/2002,2.865
2/21/2002,2.845
2/22/2002,2.865
2/25/2002,2.845
2/26/2002,2.795
2/27/2002,2.765
2/28/2002,2.745
3/1/2002,2.795
3/4/2002,2.805
3/5/2002,2.855
3/6/2002,2.845
3/7/2002,2.825
3/8/2002,2.805
3/11/2002,2.765
3/12/2002,2.785
3/13/2002,2.845
3/14/2002,2.895
3/15/2002,2.925
3/18/2002,2.905
3/19/2002,2.965
3/20/2002,2.945
3/21/2002,3.005
3/22/2002,3.005
3/25/2002,2.995
3/26/2002,3.055
3/27/2002,3.115
3/28/2002,3.005
4/1/2002,3.005
4/2/2002,2.965
4/3/2002,2.965
4/4/2002,2.915
4/5/2002,2.905
4/8/2002,2.865
4/9/2002,2.845
4/10/2002,2.875
4/11/2002,2.875
4/12/2002,2.885
4/15/2002,2.865
4/16/2002,2.895
4/17/2002,2.915
4/18/2002,2.845
4/19/2002,2.835
4/22/2002,2.815
4/23/2002,2.815
4/24/2002,2.805
4/25/2002,2.775
4/26/2002,2.755
4/29/2002,2.695
4/30/2002,2.715
5/1/2002,2.765
5/2/2002,2.705
5/3/2002,2.745
5/6/2002,2.775
5/7/2002,2.805
5/8/2002,2.795
5/9/2002,2.795
5/10/2002,2.795
5/13/2002,2.865
5/14/2002,2.825
5/15/2002,2.875
5/16/2002,2.755
5/17/2002,2.745
5/20/2002,2.775
5/21/2002,2.735
5/22/2002,2.685
5/23/2002,2.685
5/24/2002,2.695
5/28/2002,2.735
5/29/2002,2.735
5/30/2002,2.775
5/31/2002,2.845
6/3/2002,2.875
6/4/2002,2.845
6/5/2002,2.855
6/6/2002,2.835
6/7/2002,2.785
6/10/2002,2.795
6/11/2002,2.795
6/12/2002,2.845
6/13/2002,2.975
6/14/2002,2.975
6/17/2002,2.885
6/18/2002,2.925
6/19/2002,2.945
6/20/2002,2.965
6/21/2002,2.935
6/24/2002,2.925
6/25/2002,2.915
6/26/2002,2.915
6/27/2002,3.045
6/28/2002,3.015
7/1/2002,3.095
7/2/2002,3.085
7/3/2002,3.075
7/5/2002,3.095
7/8/2002,3.035
7/9/2002,3.055
7/10/2002,3.095
7/11/2002,3.105
7/12/2002,3.095
7/15/2002,3.155
7/16/2002,3.255
7/17/2002,3.225
7/18/2002,3.225
7/19/2002,3.195
7/22/2002,3.295
7/23/2002,3.225
7/24/2002,3.255
7/25/2002,3.245
7/26/2002,3.245
7/29/2002,3.155
7/30/2002,3.085
7/31/2002,3.135
8/1/2002,3.135
8/2/2002,3.145
8/5/2002,3.185
8/6/2002,3.225
8/7/2002,3.315
8/8/2002,3.245
8/9/2002,3.275
8/12/2002,3.315
8/13/2002,3.375
8/14/2002,3.375
8/15/2002,3.305
8/16/2002,3.255
8/19/2002,3.355
8/20/2002,3.255
8/21/2002,3.295
8/22/2002,3.295
8/23/2002,3.375
8/26/2002,3.235
8/27/2002,3.39
8/28/2002,3.31
8/29/2002,3.32
8/30/2002,3.355
9/3/2002,3.635
9/4/2002,3.735
9/5/2002,3.835
9/6/2002,4.025
9/9/2002,4.125
9/10/2002,4.055
9/11/2002,4.025
9/12/2002,3.955
9/13/2002,3.845
9/16/2002,3.935
9/17/2002,3.995
9/18/2002,4.095
9/19/2002,3.905
9/20/2002,3.925
9/23/2002,3.835
9/24/2002,3.975
9/25/2002,3.835
9/26/2002,3.945
9/27/2002,3.955
9/30/2002,3.875
10/1/2002,3.875
10/2/2002,3.785
10/3/2002,3.665
10/4/2002,3.745
10/7/2002,3.755
10/8/2002,3.725
10/9/2002,3.665
10/10/2002,3.605
10/11/2002,3.635
10/14/2002,3.615
10/15/2002,3.985
10/16/2002,4.125
10/17/2002,4.115
10/18/2002,4.165
10/21/2002,4.195
10/22/2002,4.155
10/23/2002,4.055
10/24/2002,4.155
10/25/2002,4.145
10/28/2002,4.255
10/29/2002,4.285
10/30/2002,4.145
10/31/2002,4.115
11/1/2002,4.225
11/4/2002,4.135
11/5/2002,4.125
11/6/2002,4.055
11/7/2002,4.085
11/8/2002,3.965
11/11/2002,3.965
11/12/2002,3.925
11/13/2002,4.045
11/14/2002,4.175
11/15/2002,4.155
11/18/2002,4.015
11/19/2002,4.09
11/20/2002,3.995
11/21/2002,3.925
11/22/2002,3.905
11/25/2002,4.005
11/26/2002,3.915
11/27/2002,3.965
11/29/2002,3.965
12/2/2002,3.905
12/3/2002,3.765
12/4/2002,3.795
12/5/2002,3.715
12/6/2002,3.755
12/9/2002,3.775
12/10/2002,3.705
12/11/2002,3.725
12/12/2002,3.725
12/13/2002,3.715
12/16/2002,3.715
12/17/2002,3.775
12/18/2002,3.815
12/19/2002,3.675
12/20/2002,3.635
12/23/2002,3.675
12/24/2002,3.675
12/26/2002,3.595
12/27/2002,3.545
12/30/2002,3.445
12/31/2002,3.415
1/2/2003,3.495
1/3/2003,3.515
1/6/2003,3.525
1/7/2003,3.485
1/8/2003,3.615
1/9/2003,3.475
1/10/2003,3.445
1/13/2003,3.325
1/14/2003,3.355
1/15/2003,3.345
1/16/2003,3.315
1/17/2003,3.375
1/21/2003,3.395
1/22/2003,3.345
1/23/2003,3.265
1/24/2003,3.445
1/27/2003,3.375
1/28/2003,3.495
1/29/2003,3.455
1/30/2003,3.495
1/31/2003,3.495
2/3/2003,3.555
2/4/2003,3.535
2/5/2003,3.545
2/6/2003,3.615
2/7/2003,3.605
2/10/2003,3.615
2/11/2003,3.585
2/12/2003,3.545
2/13/2003,3.585
2/14/2003,3.665
2/18/2003,3.655
2/19/2003,3.585
2/20/2003,3.645
2/21/2003,3.595
2/24/2003,3.525
2/25/2003,3.525
2/26/2003,3.515
2/27/2003,3.405
2/28/2003,3.385
3/3/2003,3.425
3/4/2003,3.455
3/5/2003,3.385
3/6/2003,3.365
3/7/2003,3.285
3/10/2003,3.255
3/11/2003,3.205
3/12/2003,3.165
3/13/2003,3.195
3/14/2003,3.185
3/17/2003,3.115
3/18/2003,3.195
3/19/2003,3.195
3/20/2003,3.195
3/21/2003,3.105
3/24/2003,3.045
3/25/2003,3.075
3/26/2003,3.145
3/27/2003,3.155
3/28/2003,3.105
3/31/2003,3.165
4/1/2003,3.125
4/2/2003,3.175
4/3/2003,3.145
4/4/2003,3.195
4/7/2003,3.245
4/8/2003,3.195
4/9/2003,3.205
4/10/2003,3.195
4/11/2003,3.175
4/14/2003,3.125
4/15/2003,3.195
4/16/2003,3.155
4/17/2003,3.205
4/21/2003,3.2425
4/22/2003,3.295
4/23/2003,3.355
4/24/2003,3.295
4/25/2003,3.305
4/28/2003,3.155
4/29/2003,3.045
4/30/2003,3.065
5/1/2003,3.035
5/2/2003,3.075
5/5/2003,3.065
5/6/2003,3.135
5/7/2003,3.195
5/8/2003,3.195
5/9/2003,3.415
5/12/2003,3.485
5/13/2003,3.425
5/14/2003,3.435
5/15/2003,3.515
5/16/2003,3.515
5/19/2003,3.325
5/20/2003,3.385
5/21/2003,3.345
5/22/2003,3.375
5/23/2003,3.265
5/27/2003,3.305
5/28/2003,3.215
5/29/2003,3.255
5/30/2003,3.265
6/2/2003,3.205
6/3/2003,3.21
6/4/2003,3.155
6/5/2003,3.255
6/6/2003,3.255
6/9/2003,3.295
6/10/2003,3.385
6/11/2003,3.365
6/12/2003,3.435
6/13/2003,3.26
6/16/2003,3.25
6/17/2003,3.215
6/18/2003,3.225
6/19/2003,3.22
6/20/2003,3.165
6/23/2003,3.08
6/24/2003,3.065
6/25/2003,3.065
6/26/2003,3.03
6/27/2003,2.995
6/30/2003,3.045
7/1/2003,3.09
7/2/2003,3.145
7/3/2003,3.105
7/7/2003,3.09
7/8/2003,2.835
7/9/2003,2.925
7/10/2003,3.235
7/11/2003,3.29
7/14/2003,3
7/15/2003,3.21
7/16/2003,3.28
7/17/2003,3.345
7/18/2003,3.42
7/21/2003,3.39
7/22/2003,3.385
7/23/2003,3.21
7/24/2003,3.44
7/25/2003,3.42
7/28/2003,3.475
7/29/2003,3.425
7/30/2003,3.34
7/31/2003,3.425
8/1/2003,3.265
8/4/2003,3.49
8/5/2003,3.47
8/6/2003,3.555
8/7/2003,3.555
8/8/2003,3.51
8/11/2003,3.535
8/12/2003,3.57
8/13/2003,3.42
8/14/2003,3.675
8/15/2003,3.77
8/18/2003,3.825
8/19/2003,3.69
8/20/2003,3.67
8/21/2003,3.64
8/22/2003,3.645
8/25/2003,3.645
8/26/2003,3.6
8/27/2003,3.605
8/28/2003,3.57
8/29/2003,3.57
9/2/2003,3.595
9/3/2003,3.62
9/4/2003,3.555
9/5/2003,3.52
9/8/2003,3.475
9/9/2003,3.42
9/10/2003,3.45
9/11/2003,3.37
9/12/2003,3.345
9/15/2003,3.305
9/16/2003,3.335
9/17/2003,3.285
9/18/2003,3.255
9/19/2003,3.375
9/22/2003,3.305
9/23/2003,3.305
9/24/2003,3.39
9/25/2003,3.455
9/26/2003,3.455
9/29/2003,3.43
9/30/2003,3.465
10/1/2003,3.535
10/2/2003,3.46
10/3/2003,3.405
10/6/2003,3.235
10/7/2003,3.235
10/8/2003,3.12
10/9/2003,3.125
10/10/2003,3.12
10/13/2003,3.15
10/14/2003,3.14
10/15/2003,3.26
10/16/2003,3.29
10/17/2003,3.165
10/20/2003,3.22
10/21/2003,3.305
10/22/2003,3.425
10/23/2003,3.56
10/24/2003,3.555
10/27/2003,3.59
10/28/2003,3.735
10/29/2003,3.69
10/30/2003,3.645
10/31/2003,3.61
11/3/2003,3.61
11/4/2003,3.595
11/5/2003,3.81
11/6/2003,3.885
11/7/2003,3.945
11/10/2003,3.945
11/11/2003,4.01
11/12/2003,4.075
11/13/2003,4.1
11/14/2003,4.12
11/17/2003,4.13
11/18/2003,4.005
11/19/2003,3.785
11/20/2003,3.9
11/21/2003,4.085
11/24/2003,4.045
11/25/2003,4.165
11/26/2003,4.165
11/28/2003,4.145
12/1/2003,4.265
12/2/2003,4.245
12/3/2003,4.315
12/4/2003,4.275
12/5/2003,4.175
12/8/2003,4.235
12/9/2003,4.175
12/10/2003,4.105
12/11/2003,4.015
12/12/2003,4.065
12/15/2003,4.005
12/16/2003,4.025
12/17/2003,3.995
12/18/2003,4.055
12/19/2003,4.025
12/22/2003,3.955
12/23/2003,3.795
12/24/2003,3.705
12/26/2003,3.705
12/29/2003,3.705
12/30/2003,3.675
12/31/2003,3.775
1/2/2004,4.075
1/5/2004,4.0005
1/6/2004,3.965
1/7/2004,3.975
1/8/2004,3.945
1/9/2004,3.845
1/12/2004,3.985
1/13/2004,3.995
1/14/2004,3.935
1/15/2004,3.845
1/16/2004,3.975
1/20/2004,3.955
1/21/2004,3.935
1/22/2004,3.905
1/23/2004,3.835
1/26/2004,3.815
1/27/2004,3.845
1/28/2004,3.815
1/29/2004,3.885
1/30/2004,4.025
2/2/2004,3.955
2/3/2004,3.935
2/4/2004,3.895
2/5/2004,3.965
2/6/2004,3.845
2/9/2004,3.995
2/10/2004,4.025
2/11/2004,4.065
2/12/2004,4.005
2/13/2004,4.045
2/17/2004,3.895
2/18/2004,3.775
2/19/2004,3.855
2/20/2004,3.845
2/23/2004,4.055
2/24/2004,4.095
2/25/2004,4.055
2/26/2004,4.055
2/27/2004,4.055
3/1/2004,3.995
3/2/2004,3.935
3/3/2004,3.935
3/4/2004,3.955
3/5/2004,3.865
3/8/2004,3.835
3/9/2004,3.835
3/10/2004,3.795
3/11/2004,3.87
3/12/2004,3.895
3/15/2004,3.965
3/16/2004,3.93
3/17/2004,4.055
3/18/2004,4.125
3/19/2004,4.125
3/22/2004,4.215
3/23/2004,4.265
3/24/2004,4.255
3/25/2004,4.175
3/26/2004,4.16
3/29/2004,4.155
3/30/2004,4.26
3/31/2004,4.175
4/1/2004,4.2
4/2/2004,4.215
4/5/2004,4.155
4/6/2004,4.145
4/7/2004,4.165
4/8/2004,4.165
4/12/2004,4.095
4/13/2004,3.995
4/14/2004,4.075
4/15/2004,3.895
4/16/2004,3.975
4/19/2004,4.045
4/20/2004,4.035
4/21/2004,3.935
4/22/2004,3.875
4/23/2004,3.835
4/26/2004,3.845
4/27/2004,3.845
4/28/2004,3.855
4/29/2004,3.905
4/30/2004,3.885
5/3/2004,3.985
5/4/2004,4.135
5/5/2004,4.09
5/6/2004,4.04
5/7/2004,4.01
5/10/2004,3.81
5/11/2004,3.75
5/12/2004,3.655
5/13/2004,3.65
5/14/2004,3.555
5/17/2004,3.65
5/18/2004,3.68
5/19/2004,3.735
5/20/2004,3.675
5/21/2004,3.645
5/24/2004,3.755
5/25/2004,3.745
5/26/2004,3.785
5/27/2004,3.675
5/28/2004,3.605
6/1/2004,3.845
6/2/2004,3.715
6/3/2004,3.635
6/4/2004,3.705
6/7/2004,3.79
6/8/2004,3.605
6/9/2004,3.575
6/10/2004,3.475
6/14/2004,3.545
6/15/2004,3.475
6/16/2004,3.445
6/17/2004,3.515
6/18/2004,3.515
6/21/2004,3.585
6/22/2004,3.455
6/23/2004,3.53
6/24/2004,3.445
6/25/2004,3.445
6/28/2004,3.455
6/29/2004,3.445
6/30/2004,3.415
7/1/2004,3.285
7/2/2004,3.445
7/6/2004,3.505
7/7/2004,3.595
7/8/2004,3.575
7/9/2004,3.575
7/12/2004,3.635
7/13/2004,3.485
7/14/2004,3.645
7/15/2004,3.435
7/16/2004,3.375
7/19/2004,3.435
7/20/2004,3.415
7/21/2004,3.345
7/22/2004,3.355
7/23/2004,3.365
7/26/2004,3.315
7/27/2004,3.305
7/28/2004,3.245
7/29/2004,3.265
7/30/2004,3.175
8/2/2004,3.205
8/3/2004,3.205
8/4/2004,3.245
8/5/2004,3.295
8/6/2004,3.295
8/9/2004,3.245
8/10/2004,3.195
8/11/2004,3.125
8/12/2004,3.105
8/13/2004,3.135
8/16/2004,3.195
8/17/2004,3.305
8/18/2004,3.225
8/19/2004,3.305
8/20/2004,3.335
8/23/2004,3.455
8/24/2004,3.375
8/25/2004,3.315
8/26/2004,3.345
8/27/2004,3.255
8/30/2004,3.225
8/31/2004,3.345
9/1/2004,3.405
9/2/2004,3.395
9/3/2004,3.355
9/7/2004,3.295
9/8/2004,3.37
9/9/2004,3.325
9/10/2004,3.405
9/13/2004,3.435
9/14/2004,3.345
9/15/2004,3.385
9/16/2004,3.415
9/17/2004,3.365
9/20/2004,3.295
9/21/2004,3.365
9/22/2004,3.365
9/23/2004,3.255
9/24/2004,3.255
9/27/2004,3.175
9/28/2004,3.145
9/29/2004,3.245
9/30/2004,3.175
10/1/2004,3.155
10/4/2004,3.125
10/5/2004,3.185
10/6/2004,3.165
10/7/2004,3.185
10/8/2004,3.255
10/11/2004,3.265
10/12/2004,3.345
10/13/2004,3.385
10/14/2004,3.515
10/15/2004,3.565
10/18/2004,3.525
10/19/2004,3.585
10/20/2004,3.535
10/21/2004,3.465
10/22/2004,3.415
10/25/2004,3.465
10/26/2004,3.435
10/27/2004,3.445
10/28/2004,3.455
10/29/2004,3.425
11/1/2004,3.345
11/2/2004,3.305
11/3/2004,3.255
11/4/2004,3.275
11/5/2004,3.285
11/8/2004,3.285
11/9/2004,3.355
11/10/2004,3.385
11/11/2004,3.385
11/12/2004,3.395
11/15/2004,3.505
11/16/2004,3.595
11/17/2004,3.695
11/18/2004,3.715
11/19/2004,3.645
11/22/2004,3.615
11/23/2004,3.565
11/24/2004,3.55
11/26/2004,3.55
11/29/2004,3.425
11/30/2004,3.425
12/1/2004,3.395
12/2/2004,3.395
12/3/2004,3.495
12/6/2004,3.495
12/7/2004,3.335
12/8/2004,3.455
12/9/2004,3.445
12/10/2004,3.405
12/13/2004,3.425
12/14/2004,3.395
12/15/2004,3.375
12/16/2004,3.345
12/17/2004,3.495
12/20/2004,3.475
12/21/2004,3.485
12/22/2004,3.445
12/23/2004,3.485
12/27/2004,3.405
12/28/2004,3.405
12/29/2004,3.475
12/30/2004,3.505
12/31/2004,3.505
1/3/2005,3.485
1/4/2005,3.405
1/5/2005,3.455
1/6/2005,3.505
1/7/2005,3.515
1/10/2005,3.475
1/11/2005,3.505
1/12/2005,3.495
1/13/2005,3.505
1/14/2005,3.445
1/18/2005,3.435
1/19/2005,3.515
1/20/2005,3.455
1/21/2005,3.515
1/24/2005,3.545
1/25/2005,3.545
1/26/2005,3.635
1/27/2005,3.445
1/28/2005,3.445
1/31/2005,3.385
2/1/2005,3.475
2/2/2005,3.475
2/3/2005,3.445
2/4/2005,3.465
2/7/2005,3.505
2/8/2005,3.495
2/9/2005,3.455
2/10/2005,3.475
2/11/2005,3.465
2/14/2005,3.555
2/15/2005,3.475
2/16/2005,3.325
2/17/2005,3.375
2/18/2005,3.425
2/22/2005,3.525
2/23/2005,3.575
2/24/2005,3.585
2/25/2005,3.695
2/28/2005,3.745
3/1/2005,3.675
3/2/2005,3.815
3/3/2005,3.805
3/4/2005,3.7775
3/7/2005,3.765
3/8/2005,3.865
3/9/2005,3.805
3/10/2005,3.505
3/11/2005,3.595
3/14/2005,3.555
3/15/2005,3.675
3/16/2005,3.595
3/17/2005,3.655
3/18/2005,3.575
3/21/2005,3.485
3/22/2005,3.535
3/23/2005,3.485
3/24/2005,3.505
3/28/2005,3.495
3/29/2005,3.445
3/30/2005,3.415
3/31/2005,3.365
4/1/2005,3.245
4/4/2005,3.195
4/5/2005,3.145
4/6/2005,3.175
4/7/2005,3.175
4/8/2005,3.125
4/11/2005,3.215
4/12/2005,3.205
4/13/2005,3.195
4/14/2005,3.195
4/15/2005,3.135
4/18/2005,3.115
4/19/2005,3.185
4/20/2005,3.225
4/21/2005,3.235
4/22/2005,3.245
4/25/2005,3.375
4/26/2005,3.395
4/27/2005,3.375
4/28/2005,3.375
4/29/2005,3.395
5/2/2005,3.335
5/3/2005,3.265
5/4/2005,3.245
5/5/2005,3.215
5/6/2005,3.245
5/9/2005,3.205
5/10/2005,3.305
5/11/2005,3.265
5/12/2005,3.225
5/13/2005,3.185
5/16/2005,3.225
5/17/2005,3.245
5/18/2005,3.325
5/19/2005,3.295
5/20/2005,3.325
5/23/2005,3.555
5/24/2005,3.515
5/25/2005,3.495
5/26/2005,3.555
5/27/2005,3.495
5/31/2005,3.395
6/1/2005,3.395
6/2/2005,3.365
6/3/2005,3.375
6/6/2005,3.375
6/7/2005,3.345
6/8/2005,3.225
6/9/2005,3.205
6/10/2005,3.195
6/13/2005,3.205
6/14/2005,3.215
6/15/2005,3.265
6/16/2005,3.245
6/17/2005,3.325
6/20/2005,3.395
6/21/2005,3.365
6/22/2005,3.375
6/23/2005,3.355
6/24/2005,3.515
6/27/2005,3.465
6/28/2005,3.415
6/29/2005,3.355
6/30/2005,3.375
7/1/2005,3.405
7/5/2005,3.525
7/6/2005,3.475
7/7/2005,3.445
7/8/2005,3.335
7/11/2005,3.295
7/12/2005,3.305
7/13/2005,3.405
7/14/2005,3.405
7/15/2005,3.445
7/18/2005,3.445
7/19/2005,3.225
7/20/2005,3.175
7/21/2005,3.115
7/22/2005,3.155
7/25/2005,3.125
7/26/2005,3.145
7/27/2005,3.165
7/28/2005,3.255
7/29/2005,3.225
8/1/2005,3.245
8/2/2005,3.295
8/3/2005,3.235
8/4/2005,3.235
8/5/2005,3.215
8/8/2005,3.245
8/9/2005,3.225
8/10/2005,3.265
8/11/2005,3.275
8/12/2005,3.215
8/15/2005,3.145
8/16/2005,3.045
8/17/2005,3.025
8/18/2005,3.125
8/19/2005,3.165
8/22/2005,3.175
8/23/2005,3.115
8/24/2005,3.025
8/25/2005,2.995
8/26/2005,2.905
8/29/2005,2.72
8/30/2005,2.725
8/31/2005,2.665
9/1/2005,2.845
9/2/2005,2.795
9/6/2005,2.61
9/7/2005,2.645
9/8/2005,2.505
9/9/2005,2.535
9/12/2005,2.545
9/13/2005,2.575
9/14/2005,2.545
9/15/2005,2.525
9/16/2005,2.575
9/19/2005,2.565
9/20/2005,2.695
9/21/2005,2.765
9/22/2005,2.835
9/23/2005,2.685
9/26/2005,2.515
9/27/2005,2.495
9/28/2005,2.535
9/29/2005,2.595
9/30/2005,2.755
10/3/2005,2.755
10/4/2005,2.725
10/5/2005,2.725
10/6/2005,2.825
10/7/2005,2.755
10/10/2005,2.585
10/11/2005,2.545
10/12/2005,2.765
10/13/2005,2.725
10/14/2005,2.795
10/17/2005,2.765
10/18/2005,2.785
10/19/2005,2.865
10/20/2005,2.875
10/21/2005,2.825
10/24/2005,2.885
10/25/2005,2.925
10/26/2005,2.915
10/27/2005,2.915
10/28/2005,2.845
10/31/2005,3.065
11/1/2005,3.065
11/2/2005,3.075
11/3/2005,3.215
11/4/2005,3.225
11/7/2005,3.215
11/8/2005,3.245
11/9/2005,3.265
11/10/2005,3.205
11/11/2005,3.205
11/14/2005,3.165
11/15/2005,3.115
11/16/2005,3.125
11/17/2005,3.135
11/18/2005,3.115
11/21/2005,3.085
11/22/2005,3.075
11/23/2005,3.075
11/25/2005,3.075
11/28/2005,3.075
11/29/2005,3.105
11/30/2005,3.205
12/1/2005,3.215
12/2/2005,3.195
12/5/2005,3.205
12/6/2005,3.085
12/7/2005,3.055
12/8/2005,2.955
12/9/2005,2.945
12/12/2005,3.035
12/13/2005,3.075
12/14/2005,3.115
12/15/2005,3.075
12/16/2005,3.085
12/19/2005,3.115
12/20/2005,3.145
12/21/2005,3.135
12/22/2005,3.195
12/23/2005,3.245
12/27/2005,3.335
12/28/2005,3.375
12/29/2005,3.245
12/30/2005,3.275
1/3/2006,3.395
1/4/2006,3.445
1/5/2006,3.375
1/6/2006,3.285
1/9/2006,3.235
1/10/2006,3.275
1/11/2006,3.32
1/12/2006,3.43
1/13/2006,3.395
1/17/2006,3.335
1/18/2006,3.275
1/19/2006,3.315
1/20/2006,3.325
1/23/2006,3.325
1/24/2006,3.435
1/25/2006,3.475
1/26/2006,3.455
1/27/2006,3.425
1/30/2006,3.425
1/31/2006,3.395
2/1/2006,3.345
2/2/2006,3.405
2/3/2006,3.465
2/6/2006,3.455
2/7/2006,3.405
2/8/2006,3.445
2/9/2006,3.485
2/10/2006,3.425
2/13/2006,3.39
2/14/2006,3.435
2/15/2006,3.505
2/16/2006,3.565
2/17/2006,3.655
2/21/2006,3.685
2/22/2006,3.635
2/23/2006,3.655
2/24/2006,3.655
2/27/2006,3.665
2/28/2006,3.635
3/1/2006,3.605
3/2/2006,3.625
3/3/2006,3.675
3/6/2006,3.605
3/7/2006,3.635
3/8/2006,3.595
3/9/2006,3.545
3/10/2006,3.545
3/13/2006,3.545
3/14/2006,3.385
3/15/2006,3.355
3/16/2006,3.255
3/17/2006,3.365
3/20/2006,3.315
3/21/2006,3.405
3/22/2006,3.375
3/23/2006,3.325
3/24/2006,3.305
3/27/2006,3.295
3/28/2006,3.305
3/29/2006,3.305
3/30/2006,3.325
3/31/2006,3.305
4/3/2006,3.255
4/4/2006,3.305
4/5/2006,3.355
4/6/2006,3.415
4/7/2006,3.405
4/10/2006,3.515
4/11/2006,3.575
4/12/2006,3.505
4/13/2006,3.475
4/17/2006,3.395
4/18/2006,3.475
4/19/2006,3.495
4/20/2006,3.505
4/21/2006,3.505
4/24/2006,3.475
4/25/2006,3.465
4/26/2006,3.525
4/27/2006,3.465
4/28/2006,3.475
5/1/2006,3.535
5/2/2006,3.535
5/3/2006,3.535
5/4/2006,3.505
5/5/2006,3.605
5/8/2006,3.645
5/9/2006,3.705
5/10/2006,3.725
5/11/2006,3.775
5/12/2006,3.845
5/15/2006,3.815
5/16/2006,3.755
5/17/2006,3.775
5/18/2006,3.735
5/19/2006,3.705
5/22/2006,3.805
5/23/2006,3.545
5/24/2006,3.595
5/25/2006,3.745
5/26/2006,3.785
5/30/2006,3.745
5/31/2006,3.635
6/1/2006,3.635
6/2/2006,3.755
6/5/2006,3.625
6/6/2006,3.465
6/7/2006,3.495
6/8/2006,3.485
6/9/2006,3.365
6/12/2006,3.665
6/13/2006,3.275
6/14/2006,3.205
6/15/2006,3.275
6/16/2006,3.245
6/19/2006,3.245
6/20/2006,3.315
6/21/2006,3.365
6/22/2006,3.315
6/23/2006,3.285
6/26/2006,3.345
6/27/2006,3.495
6/28/2006,3.435
6/29/2006,3.395
6/30/2006,3.405
7/3/2006,3.435
7/5/2006,3.465
7/6/2006,3.415
7/7/2006,3.365
7/10/2006,3.4475
7/11/2006,3.435
7/12/2006,3.465
7/13/2006,3.275
7/14/2006,3.295
7/17/2006,3.245
7/18/2006,3.295
7/19/2006,3.245
7/20/2006,3.245
7/21/2006,3.255
7/24/2006,3.335
7/25/2006,3.335
7/26/2006,3.125
7/27/2006,3.185
7/28/2006,3.215
7/31/2006,3.305
8/1/2006,3.305
8/2/2006,3.415
8/3/2006,3.295
8/4/2006,3.305
8/7/2006,3.285
8/8/2006,3.195
8/9/2006,3.295
8/10/2006,3.275
8/11/2006,3.165
8/14/2006,3.185
8/15/2006,3.245
8/16/2006,3.195
8/17/2006,3.105
8/18/2006,3.115
8/21/2006,3.115
8/22/2006,3.095
8/23/2006,3.155
8/24/2006,3.255
8/25/2006,3.345
8/28/2006,3.425
8/29/2006,3.385
8/30/2006,3.605
8/31/2006,3.635
9/1/2006,3.635
9/5/2006,3.715
9/6/2006,3.635
9/7/2006,3.695
9/8/2006,3.695
9/11/2006,3.655
9/12/2006,3.575
9/13/2006,3.535
9/14/2006,3.495
9/15/2006,3.515
9/18/2006,3.555
9/19/2006,3.685
9/20/2006,3.705
9/21/2006,3.845
9/22/2006,3.815
9/25/2006,3.835
9/26/2006,3.925
9/27/2006,3.975
9/28/2006,4.225
9/29/2006,4.225
10/2/2006,4.415
10/3/2006,4.105
10/4/2006,4.355
10/5/2006,4.285
10/6/2006,4.305
10/9/2006,4.605
10/10/2006,4.595
10/11/2006,4.915
10/12/2006,4.765
10/13/2006,4.915
10/16/2006,5.085
10/17/2006,4.965
10/18/2006,4.875
10/19/2006,4.905
10/20/2006,4.865
10/23/2006,5.015
10/24/2006,5.075
10/25/2006,5.015
10/26/2006,4.945
10/27/2006,4.915
10/30/2006,4.785
10/31/2006,4.625
11/1/2006,4.675
11/2/2006,4.715
11/3/2006,4.705
11/6/2006,4.705
11/7/2006,4.745
11/8/2006,4.815
11/9/2006,4.655
11/10/2006,4.655
11/13/2006,4.544
11/14/2006,4.665
11/15/2006,4.615
11/16/2006,4.485
11/17/2006,4.545
11/20/2006,4.545
11/21/2006,4.595
11/22/2006,4.665
11/24/2006,4.665
11/27/2006,4.725
11/28/2006,4.725
11/29/2006,4.765
11/30/2006,4.895
12/1/2006,4.995
12/4/2006,4.965
12/5/2006,5.005
12/6/2006,4.775
12/7/2006,4.735
12/8/2006,4.645
12/11/2006,4.695
12/12/2006,4.845
12/13/2006,4.715
12/14/2006,4.725
12/15/2006,4.765
12/18/2006,4.705
12/19/2006,4.665
12/20/2006,4.665
12/21/2006,4.755
12/22/2006,4.865
12/26/2006,4.895
12/27/2006,4.815
12/28/2006,4.785
12/29/2006,4.755
1/2/2007,5.01
1/3/2007,4.425
1/4/2007,4.405
1/5/2007,4.455
1/8/2007,4.415
1/9/2007,4.335
1/10/2007,4.265
1/11/2007,4.185
1/12/2007,4.345
1/16/2007,4.185
1/17/2007,4.365
1/18/2007,4.345
1/19/2007,4.365
1/22/2007,4.345
1/23/2007,4.515
1/24/2007,4.385
1/25/2007,4.385
1/26/2007,4.335
1/29/2007,4.235
1/30/2007,4.245
1/31/2007,4.325
2/1/2007,4.275
2/2/2007,4.285
2/5/2007,4.265
2/6/2007,4.205
2/7/2007,4.215
2/8/2007,4.235
2/9/2007,4.245
2/12/2007,4.225
2/13/2007,4.225
2/14/2007,4.205
2/15/2007,4.225
2/16/2007,4.375
2/20/2007,4.345
2/21/2007,4.455
2/22/2007,4.595
2/23/2007,4.535
2/26/2007,4.525
2/27/2007,4.435
2/28/2007,4.495
3/1/2007,4.405
3/2/2007,4.355
3/5/2007,4.425
3/6/2007,4.245
3/7/2007,4.355
3/8/2007,4.185
3/9/2007,4.195
3/12/2007,4.135
3/13/2007,3.995
3/14/2007,3.955
3/15/2007,3.885
3/16/2007,4.03
3/19/2007,4.005
3/20/2007,4.085
3/21/2007,4.195
3/22/2007,4.205
3/23/2007,4.125
3/26/2007,4.105
3/27/2007,4.115
3/28/2007,4.165
3/29/2007,4.215
3/30/2007,4.005
4/2/2007,3.885
4/3/2007,3.805
4/4/2007,3.935
4/5/2007,4.065
4/9/2007,4.095
4/10/2007,4.225
4/11/2007,4.205
4/12/2007,4.275
4/13/2007,4.485
4/16/2007,4.445
4/17/2007,4.505
4/18/2007,4.475
4/19/2007,4.715
4/20/2007,4.845
4/23/2007,4.775
4/24/2007,4.675
4/25/2007,4.905
4/26/2007,4.915
4/27/2007,4.855
4/30/2007,4.675
5/1/2007,4.725
5/2/2007,4.705
5/3/2007,4.715
5/4/2007,4.715
5/7/2007,4.705
5/8/2007,4.605
5/9/2007,4.615
5/10/2007,4.515
5/11/2007,4.785
5/14/2007,4.715
5/15/2007,4.765
5/16/2007,4.715
5/17/2007,4.565
5/18/2007,4.395
5/21/2007,4.465
5/22/2007,4.375
5/23/2007,4.316
5/24/2007,4.555
5/25/2007,4.645
5/29/2007,4.545
5/30/2007,4.715
5/31/2007,4.745
6/1/2007,4.745
6/4/2007,4.755
6/5/2007,4.825
6/6/2007,4.755
6/7/2007,4.775
6/8/2007,4.745
6/11/2007,4.955
6/12/2007,5.045
6/13/2007,5.195
6/14/2007,5.415
6/15/2007,5.415
6/18/2007,5.355
6/19/2007,5.305
6/20/2007,5.475
6/21/2007,5.485
6/22/2007,5.385
6/25/2007,5.365
6/26/2007,5.535
6/27/2007,5.545
6/28/2007,5.655
6/29/2007,5.335
7/2/2007,5.245
7/3/2007,5.245
7/5/2007,5.535
7/6/2007,5.585
7/9/2007,5.495
7/10/2007,5.495
7/11/2007,5.695
7/12/2007,5.625
7/13/2007,5.525
7/16/2007,5.335
7/17/2007,5.365
7/18/2007,5.645
7/19/2007,5.595
7/20/2007,5.505
7/23/2007,5.515
7/24/2007,5.815
7/25/2007,5.815
7/26/2007,5.925
7/27/2007,5.945
7/30/2007,5.775
7/31/2007,5.705
8/1/2007,5.725
8/2/2007,5.835
8/3/2007,5.795
8/6/2007,5.925
8/7/2007,5.955
8/8/2007,6.005
8/9/2007,5.955
8/10/2007,5.885
8/13/2007,5.905
8/14/2007,6.165
8/15/2007,6.035
8/16/2007,5.985
8/17/2007,5.995
8/20/2007,6.025
8/21/2007,6.215
8/22/2007,6.325
8/23/2007,6.255
8/24/2007,6.355
8/27/2007,6.265
8/28/2007,6.255
8/29/2007,6.565
8/30/2007,6.895
8/31/2007,6.835
9/4/2007,7.055
9/5/2007,7.355
9/6/2007,7.355
9/7/2007,7.555
9/10/2007,7.875
9/11/2007,8.205
9/12/2007,7.865
9/13/2007,7.745
9/14/2007,7.755
9/17/2007,8.095
9/18/2007,8.055
9/19/2007,7.845
9/20/2007,7.895
9/21/2007,8.135
9/24/2007,8.325
9/25/2007,8.435
9/26/2007,8.735
9/27/2007,8.805
9/28/2007,8.865
10/1/2007,9.105
10/2/2007,8.685
10/3/2007,8.805
10/4/2007,8.555
10/5/2007,8.345
10/8/2007,8.045
10/9/2007,7.905
10/10/2007,7.975
10/11/2007,8.275
10/12/2007,8.025
10/15/2007,7.835
10/16/2007,7.835
10/17/2007,7.755
10/18/2007,7.855
10/19/2007,7.855
10/22/2007,8.305
10/23/2007,8.005
10/24/2007,7.655
10/25/2007,7.665
10/26/2007,7.645
10/29/2007,7.945
10/30/2007,7.855
10/31/2007,7.825
11/1/2007,7.575
11/2/2007,7.585
11/5/2007,7.645
11/6/2007,7.735
11/7/2007,7.675
11/8/2007,7.365
11/9/2007,7.385
11/12/2007,7.405
11/13/2007,7.375
11/14/2007,7.325
11/15/2007,7.505
11/16/2007,7.345
11/19/2007,7.405
11/20/2007,7.585
11/21/2007,7.885
11/23/2007,7.885
11/26/2007,7.995
11/27/2007,8.145
11/28/2007,8.445
11/29/2007,8.565
11/30/2007,8.535
12/3/2007,8.345
12/4/2007,8.515
12/5/2007,8.425
12/6/2007,8.495
12/7/2007,8.765
12/10/2007,8.765
12/11/2007,8.555
12/12/2007,8.705
12/13/2007,8.735
12/14/2007,8.995
12/17/2007,8.855
12/18/2007,8.665
12/19/2007,8.885
12/20/2007,8.685
12/21/2007,8.635
12/24/2007,8.635
12/26/2007,8.555
12/27/2007,8.295
12/28/2007,8.295
12/31/2007,8.045
1/2/2008,8.445
1/3/2008,8.745
1/4/2008,8.615
1/7/2008,8.325
1/8/2008,8.375
1/9/2008,8.195
1/10/2008,8.125
1/11/2008,8.385
1/14/2008,8.415
1/15/2008,8.565
1/16/2008,8.465
1/17/2008,8.505
1/18/2008,8.795
1/22/2008,8.405
1/23/2008,7.985
1/24/2008,8.235
1/25/2008,8.605
1/28/2008,8.975
1/29/2008,8.785
1/30/2008,8.785
1/31/2008,8.785
2/1/2008,8.785
2/4/2008,9.125
2/5/2008,9.475
2/6/2008,9.675
2/7/2008,9.845
2/8/2008,10.145
2/11/2008,9.645
2/12/2008,9.235
2/13/2008,9.085
2/14/2008,9.385
2/15/2008,9.345
2/19/2008,9.415
2/20/2008,9.195
2/21/2008,9.395
2/22/2008,9.595
2/25/2008,10.245
2/26/2008,11.145
2/27/2008,11.945
2/28/2008,10.385
2/29/2008,10.335
3/3/2008,11.5
3/4/2008,9.175
3/5/2008,9.345
3/6/2008,9.515
3/7/2008,9.245
3/10/2008,9.775
3/11/2008,10.475
3/12/2008,10.485
3/13/2008,10.085
3/14/2008,9.565
3/17/2008,9.015
3/18/2008,9.375
3/19/2008,8.475
3/20/2008,7.865
3/24/2008,8.185
3/25/2008,8.685
3/26/2008,8.325
3/27/2008,8.155
3/28/2008,7.955
3/31/2008,7.365
4/1/2008,7.125
4/2/2008,7.505
4/3/2008,7.525
4/4/2008,8.015
4/7/2008,7.445
4/8/2008,7.575
4/9/2008,7.565
4/10/2008,7.555
4/11/2008,7.405
4/14/2008,7.405
4/15/2008,7.455
4/16/2008,7.735
4/17/2008,7.625
4/18/2008,7.195
4/21/2008,6.995
4/22/2008,7.055
4/23/2008,6.815
4/24/2008,6.685
4/25/2008,6.505
4/28/2008,6.755
4/29/2008,6.435
4/30/2008,6.305
5/1/2008,6.195
5/2/2008,6.385
5/5/2008,6.355
5/6/2008,6.475
5/7/2008,6.375
5/8/2008,6.515
5/9/2008,6.345
5/12/2008,6.255
5/13/2008,5.955
5/14/2008,5.535
5/15/2008,5.715
5/16/2008,5.755
5/19/2008,6.005
5/20/2008,5.955
5/21/2008,5.875
5/22/2008,5.545
5/23/2008,5.625
5/27/2008,5.685
5/28/2008,5.585
5/29/2008,5.535
5/30/2008,5.615
6/2/2008,5.475
6/3/2008,5.155
6/4/2008,5.225
6/5/2008,5.555
6/6/2008,5.805
6/9/2008,5.585
6/10/2008,5.785
6/11/2008,6.385
6/12/2008,6.205
6/13/2008,6.515
6/16/2008,6.465
6/17/2008,6.675
6/18/2008,6.735
6/19/2008,6.505
6/20/2008,6.415
6/23/2008,6.415
6/24/2008,6.515
6/25/2008,6.765
6/26/2008,6.935
6/27/2008,6.655
6/30/2008,6.105
7/1/2008,6.195
7/2/2008,6.245
7/3/2008,6.225
7/7/2008,5.755
7/8/2008,5.915
7/9/2008,6.005
7/10/2008,5.975
7/11/2008,6.155
7/14/2008,6.075
7/15/2008,6.105
7/16/2008,6.285
7/17/2008,5.895
7/18/2008,5.835
7/21/2008,5.555
7/22/2008,5.615
7/23/2008,5.475
7/24/2008,5.475
7/25/2008,5.955
7/28/2008,5.825
7/29/2008,5.815
7/30/2008,5.875
7/31/2008,5.835
8/1/2008,5.835
8/4/2008,5.535
8/5/2008,5.925
8/6/2008,5.835
8/7/2008,6.215
8/8/2008,5.795
8/11/2008,6.085
8/12/2008,5.945
8/13/2008,6.545
8/14/2008,6.625
8/15/2008,6.215
8/18/2008,6.565
8/19/2008,6.295
8/20/2008,6.545
8/21/2008,6.665
8/22/2008,6.245
8/25/2008,5.885
8/26/2008,5.805
8/27/2008,5.525
8/28/2008,5.235
8/29/2008,5.425
9/2/2008,5.165
9/3/2008,5.345
9/4/2008,5.365
9/5/2008,5.215
9/8/2008,5.135
9/9/2008,4.955
9/10/2008,5.015
9/11/2008,5.115
9/12/2008,5.045
9/15/2008,5.265
9/16/2008,5.095
9/17/2008,5.355
9/18/2008,5.025
9/19/2008,5.525
9/22/2008,5.375
9/23/2008,5.505
9/24/2008,5.295
9/25/2008,5.355
9/26/2008,5.205
9/29/2008,4.675
9/30/2008,4.845
10/1/2008,4.745
10/2/2008,4.405
10/3/2008,4.395
10/6/2008,3.745
10/7/2008,3.995
10/8/2008,4.025
10/9/2008,4.045
10/10/2008,3.635
10/13/2008,3.925
10/14/2008,3.775
10/15/2008,3.805
10/16/2008,3.945
10/17/2008,4.155
10/20/2008,4.235
10/21/2008,4.135
10/22/2008,3.825
10/23/2008,4.025
10/24/2008,3.765
10/27/2008,3.815
10/28/2008,3.555
10/29/2008,3.895
10/30/2008,3.725
10/31/2008,3.575
11/3/2008,3.545
11/4/2008,3.655
11/5/2008,3.535
11/6/2008,3.755
11/7/2008,3.825
11/10/2008,3.715
11/11/2008,4.005
11/12/2008,4.135
11/13/2008,4.185
11/14/2008,4.375
11/17/2008,4.175
11/18/2008,4.135
11/19/2008,4.175
11/20/2008,4.075
11/21/2008,3.995
11/24/2008,4.385
11/25/2008,4.255
11/26/2008,4.235
11/28/2008,4.255
12/1/2008,3.995
12/2/2008,3.955
12/3/2008,3.695
12/4/2008,3.315
12/5/2008,3.315
12/8/2008,3.545
12/9/2008,3.535
12/10/2008,3.855
12/11/2008,3.915
12/12/2008,3.925
12/15/2008,3.995
12/16/2008,4.205
12/17/2008,4.325
12/18/2008,4.465
12/19/2008,4.265
12/22/2008,4.305
12/23/2008,4.385
12/24/2008,4.385
12/26/2008,4.385
12/29/2008,4.645
12/30/2008,4.775
12/31/2008,4.885
1/2/2009,4.885
1/5/2009,4.885
1/6/2009,5.145
1/7/2009,4.825
1/8/2009,4.765
1/9/2009,4.895
1/12/2009,4.215
1/13/2009,4.225
1/14/2009,4.185
1/15/2009,4.105
1/16/2009,4.225
1/20/2009,4.045
1/21/2009,4.265
1/22/2009,4.315
1/23/2009,4.405
1/26/2009,4.505
1/27/2009,4.545
1/28/2009,4.645
1/29/2009,4.575
1/30/2009,4.595
2/2/2009,4.605
2/3/2009,4.495
2/4/2009,4.415
2/5/2009,4.615
2/6/2009,4.515
2/9/2009,4.595
2/10/2009,4.555
2/11/2009,4.425
2/12/2009,4.385
2/13/2009,4.355
2/17/2009,4.225
2/18/2009,4.215
2/19/2009,4.315
2/20/2009,4.355
2/23/2009,4.275
2/24/2009,4.385
2/25/2009,4.465
2/26/2009,4.355
2/27/2009,4.325
3/2/2009,4.275
3/3/2009,4.285
3/4/2009,4.525
3/5/2009,4.445
3/6/2009,4.545
3/9/2009,4.525
3/10/2009,4.645
3/11/2009,4.345
3/12/2009,4.465
3/13/2009,4.395
3/16/2009,4.645
3/17/2009,4.685
3/18/2009,4.685
3/19/2009,4.61
3/20/2009,4.555
3/23/2009,4.485
3/24/2009,4.345
3/25/2009,4.175
3/26/2009,4.295
3/27/2009,4.22
3/30/2009,4.365
3/31/2009,4.655
4/1/2009,4.605
4/2/2009,4.705
4/3/2009,4.835
4/6/2009,4.815
4/7/2009,4.545
4/8/2009,4.415
4/9/2009,4.315
4/13/2009,4.325
4/14/2009,4.385
4/15/2009,4.315
4/16/2009,4.415
4/17/2009,4.395
4/20/2009,4.165
4/21/2009,4.215
4/22/2009,4.285
4/23/2009,4.405
4/24/2009,4.435
4/27/2009,4.195
4/28/2009,4.405
4/29/2009,4.535
4/30/2009,4.625
5/1/2009,4.955
5/4/2009,4.765
5/5/2009,4.795
5/6/2009,4.825
5/7/2009,4.935
5/8/2009,5.075
5/11/2009,5.035
5/12/2009,5.055
5/13/2009,5.015
5/14/2009,5.015
5/15/2009,4.925
5/18/2009,5.015
5/19/2009,4.95
5/20/2009,5.135
5/21/2009,5.095
5/22/2009,5.095
5/26/2009,5.235
5/27/2009,5.375
5/28/2009,5.375
5/29/2009,5.468
6/1/2009,5.695
6/2/2009,5.625
6/3/2009,5.175
6/4/2009,5.445
6/5/2009,5.345
6/8/2009,5.195
6/9/2009,5.38
6/10/2009,5.265
6/11/2009,5.235
6/12/2009,5.105
6/15/2009,5.045
6/16/2009,5.055
6/17/2009,5.105
6/18/2009,4.945
6/19/2009,4.945
6/22/2009,4.785
6/23/2009,4.845
6/24/2009,4.725
6/25/2009,4.655
6/26/2009,4.635
6/29/2009,4.635
6/30/2009,4.305
7/1/2009,4.215
7/2/2009,4.145
7/6/2009,4.045
7/7/2009,3.935
7/8/2009,3.99
7/9/2009,4.045
7/10/2009,4.115
7/13/2009,4.355
7/14/2009,4.225
7/15/2009,4.275
7/16/2009,4.225
7/17/2009,4.315
7/20/2009,4.315
7/21/2009,4.215
7/22/2009,4.095
7/23/2009,4.225
7/24/2009,4.035
7/27/2009,4.085
7/28/2009,4.085
7/29/2009,4.005
7/30/2009,4.045
7/31/2009,4.145
8/3/2009,4.225
8/4/2009,4.105
8/5/2009,3.975
8/6/2009,3.585
8/7/2009,3.485
8/10/2009,3.525
8/11/2009,3.525
8/12/2009,3.465
8/13/2009,3.135
8/14/2009,3.135
8/17/2009,3.135
8/18/2009,2.995
8/19/2009,2.945
8/20/2009,3.115
8/21/2009,3.095
8/24/2009,3.165
8/25/2009,3.065
8/26/2009,3.085
8/27/2009,3.045
8/28/2009,2.965
8/31/2009,2.885
9/1/2009,2.935
9/2/2009,2.925
9/3/2009,2.725
9/4/2009,2.655
9/8/2009,2.525
9/9/2009,2.495
9/10/2009,2.495
9/11/2009,2.595
9/14/2009,2.645
9/15/2009,2.865
9/16/2009,2.825
9/17/2009,2.715
9/18/2009,2.645
9/21/2009,2.635
9/22/2009,2.585
9/23/2009,2.625
9/24/2009,2.805
9/25/2009,2.575
9/28/2009,2.685
9/29/2009,2.565
9/30/2009,2.615
10/1/2009,2.575
10/2/2009,2.455
10/5/2009,2.475
10/6/2009,2.675
10/7/2009,2.705
10/8/2009,2.815
10/9/2009,2.755
10/12/2009,3.08
10/13/2009,3.255
10/14/2009,3.275
10/15/2009,3.195
10/16/2009,3.135
10/19/2009,3.325
10/20/2009,3.325
10/21/2009,3.465
10/22/2009,3.565
10/23/2009,3.525
10/26/2009,3.525
10/27/2009,3.125
10/28/2009,3.045
10/29/2009,3.185
10/30/2009,3.135
11/2/2009,3.415
11/3/2009,3.505
11/4/2009,3.505
11/5/2009,3.365
11/6/2009,3.045
11/9/2009,3.145
11/10/2009,3.225
11/11/2009,3.225
11/12/2009,3.555
11/13/2009,3.575
11/16/2009,3.865
11/17/2009,3.865
11/18/2009,4.045
11/19/2009,4.005
11/20/2009,3.995
11/23/2009,4.015
11/24/2009,3.775
11/25/2009,3.945
11/27/2009,3.945
11/30/2009,4.125
12/1/2009,4.075
12/2/2009,3.995
12/3/2009,3.945
12/4/2009,3.815
12/7/2009,3.765
12/8/2009,3.685
12/9/2009,3.685
12/10/2009,3.765
12/11/2009,3.815
12/14/2009,3.875
12/15/2009,3.715
12/16/2009,3.665
12/17/2009,3.475
12/18/2009,3.755
12/21/2009,3.485
12/22/2009,3.625
12/23/2009,3.765
12/24/2009,3.765
12/28/2009,4.085
12/29/2009,4.035
12/30/2009,4.105
12/31/2009,4.105
1/4/2010,4.305
1/5/2010,4.305
1/6/2010,4.485
1/7/2010,4.425
1/8/2010,4.575
1/11/2010,4.635
1/12/2010,4.275
1/13/2010,4.295
1/14/2010,4.235
1/15/2010,4.055
1/19/2010,3.985
1/20/2010,3.995
1/21/2010,4.005
1/22/2010,4.005
1/25/2010,4.005
1/26/2010,3.995
1/27/2010,3.905
1/28/2010,3.965
1/29/2010,3.835
2/1/2010,3.835
2/2/2010,3.985
2/3/2010,3.835
2/4/2010,3.855
2/5/2010,3.825
2/8/2010,4.005
2/9/2010,4.045
2/10/2010,4.245
2/11/2010,4.285
2/12/2010,4.215
2/16/2010,4.405
2/17/2010,4.305
2/18/2010,4.235
2/19/2010,4.285
2/22/2010,4.395
2/23/2010,4.305
2/24/2010,4.385
2/25/2010,4.335
2/26/2010,4.435
3/1/2010,4.365
3/2/2010,4.385
3/3/2010,4.505
3/4/2010,4.345
3/5/2010,4.215
3/8/2010,4.225
3/9/2010,4.195
3/10/2010,4.035
3/11/2010,4.025
3/12/2010,4.085
3/15/2010,4.015
3/16/2010,4.105
3/17/2010,4.205
3/18/2010,4.135
3/19/2010,4.085
3/22/2010,4.105
3/23/2010,4.015
3/24/2010,4.005
3/25/2010,3.905
3/26/2010,3.895
3/29/2010,3.895
3/30/2010,3.995
3/31/2010,3.825
4/1/2010,3.875
4/5/2010,3.875
4/6/2010,3.975
4/7/2010,4.135
4/8/2010,4.045
4/9/2010,3.995
4/12/2010,4.015
4/13/2010,4.095
4/14/2010,4.085
4/15/2010,4.135
4/16/2010,4.135
4/19/2010,4.015
4/20/2010,4.195
4/21/2010,4.205
4/22/2010,4.325
4/23/2010,4.245
4/26/2010,4.195
4/27/2010,4.215
4/28/2010,4.115
4/29/2010,4.115
4/30/2010,4.15
5/3/2010,4.335
5/4/2010,4.415
5/5/2010,4.425
5/6/2010,4.385
5/7/2010,4.365
5/10/2010,4.205
5/11/2010,4.195
5/12/2010,4.175
5/13/2010,4.025
5/14/2010,3.985
5/17/2010,4.385
5/18/2010,4.375
5/19/2010,4.485
5/20/2010,4.495
5/21/2010,4.565
5/24/2010,4.515
5/25/2010,4.185
5/26/2010,4.605
5/27/2010,4.615
5/28/2010,4.515
6/1/2010,4.395
6/2/2010,4.425
6/3/2010,4.415
6/4/2010,4.325
6/7/2010,4.255
6/8/2010,4.305
6/9/2010,4.305
6/10/2010,4.315
6/11/2010,4.465
6/14/2010,4.575
6/15/2010,4.575
6/16/2010,4.725
6/17/2010,4.735
6/18/2010,4.725
6/21/2010,4.725
6/22/2010,4.735
6/23/2010,4.795
6/24/2010,4.805
6/25/2010,4.735
6/28/2010,4.645
6/29/2010,4.625
6/30/2010,4.765
7/1/2010,4.965
7/2/2010,5.045
7/6/2010,5.085
7/7/2010,5.375
7/8/2010,5.425
7/9/2010,5.205
7/12/2010,5.185
7/13/2010,5.395
7/14/2010,5.335
7/15/2010,5.695
7/16/2010,5.595
7/19/2010,5.525
7/20/2010,5.475
7/21/2010,5.635
7/22/2010,5.735
7/23/2010,5.605
7/26/2010,5.595
7/27/2010,5.605
7/28/2010,5.765
7/29/2010,5.815
7/30/2010,5.935
8/2/2010,6.155
8/3/2010,5.975
8/4/2010,6.435
8/5/2010,7.035
8/6/2010,6.585
8/9/2010,6.545
8/10/2010,6.275
8/11/2010,6.325
8/12/2010,6.485
8/13/2010,6.375
8/16/2010,6.375
8/17/2010,5.835
8/18/2010,5.885
8/19/2010,6.085
8/20/2010,6.065
8/23/2010,6.215
8/24/2010,6.045
8/25/2010,5.855
8/26/2010,6.135
8/27/2010,6.235
8/30/2010,6.325
8/31/2010,6.175
9/1/2010,6.175
9/2/2010,6.605
9/3/2010,6.875
9/7/2010,6.715
9/8/2010,6.515
9/9/2010,6.705
9/10/2010,6.695
9/13/2010,6.775
9/14/2010,6.765
9/15/2010,6.675
9/16/2010,6.545
9/17/2010,6.545
9/20/2010,6.675
9/21/2010,6.605
9/22/2010,6.585
9/23/2010,6.375
9/24/2010,6.605
9/27/2010,6.475
9/28/2010,6.275
9/29/2010,6.255
9/30/2010,6.215
10/1/2010,5.925
10/4/2010,5.835
10/5/2010,5.975
10/6/2010,5.975
10/7/2010,6.035
10/8/2010,6.585
10/11/2010,6.405
10/12/2010,6.515
10/13/2010,6.445
10/14/2010,6.465
10/15/2010,6.455
10/18/2010,6.315
10/19/2010,6.215
10/20/2010,6.425
10/21/2010,6.385
10/22/2010,6.405
10/25/2010,6.435
10/26/2010,6.705
10/27/2010,6.905
10/28/2010,7.125
10/29/2010,7.125
11/1/2010,6.935
11/2/2010,6.855
11/3/2010,6.805
11/4/2010,6.995
11/5/2010,6.995
11/8/2010,7.265
11/9/2010,7.085
11/10/2010,6.965
11/11/2010,6.965
11/12/2010,6.835
11/15/2010,6.875
11/16/2010,6.415
11/17/2010,6.485
11/18/2010,6.605
11/19/2010,6.595
11/22/2010,6.605
11/23/2010,6.605
11/24/2010,6.585
11/26/2010,6.585
11/29/2010,6.665
11/30/2010,6.725
12/1/2010,7.235
12/2/2010,7.305
12/3/2010,7.625
12/6/2010,7.705
12/7/2010,7.785
12/8/2010,7.665
12/9/2010,7.645
12/10/2010,7.505
12/13/2010,7.665
12/14/2010,7.405
12/15/2010,7.485
12/16/2010,7.335
12/17/2010,7.435
12/20/2010,7.575
12/21/2010,7.665
12/22/2010,7.85
12/23/2010,7.85
12/27/2010,7.825
12/28/2010,7.965
12/29/2010,7.975
12/30/2010,7.805
12/31/2010,7.805
1/3/2011,8.005
1/4/2011,7.855
1/5/2011,8.015
1/6/2011,7.745
1/7/2011,7.535
1/10/2011,7.535
1/11/2011,7.235
1/12/2011,7.535
1/13/2011,7.655
1/14/2011,7.655
1/18/2011,7.825
1/19/2011,7.825
1/20/2011,7.925
1/21/2011,8.215
1/24/2011,8.335
1/25/2011,8.335
1/26/2011,8.515
1/27/2011,8.395
1/28/2011,8.225
1/31/2011,8.365
2/1/2011,8.365
2/2/2011,8.365
2/3/2011,8.545
2/4/2011,8.595
2/7/2011,8.595
2/8/2011,8.805
2/9/2011,8.955
2/10/2011,8.705
2/11/2011,8.715
2/14/2011,8.705
2/15/2011,8.315
2/16/2011,8.335
2/17/2011,8.465
2/18/2011,8.185
2/22/2011,7.655
2/23/2011,7.725
2/24/2011,7.565
2/25/2011,7.855
2/28/2011,8.025
3/1/2011,7.965
3/2/2011,7.975
3/3/2011,7.995
3/4/2011,8.055
3/7/2011,7.735
3/8/2011,7.475
3/9/2011,7.215
3/10/2011,7.055
3/11/2011,6.855
3/14/2011,7.005
3/15/2011,6.475
3/16/2011,6.555
3/17/2011,7.075
3/18/2011,7.205
3/21/2011,7.185
3/22/2011,7.265
3/23/2011,7.235
3/24/2011,7.485
3/25/2011,7.445
3/28/2011,7.305
3/29/2011,7.545
3/30/2011,7.545
3/31/2011,7.775
4/1/2011,7.735
4/4/2011,8.055
4/5/2011,7.885
4/6/2011,7.885
4/7/2011,7.815
4/8/2011,8.075
4/11/2011,8.015
4/12/2011,7.585
4/13/2011,7.535
4/14/2011,7.465
4/15/2011,7.495
4/18/2011,7.805
4/19/2011,7.875
4/20/2011,7.835
4/21/2011,7.985
4/25/2011,8.245
4/26/2011,8.145
4/27/2011,7.775
4/28/2011,7.415
4/29/2011,7.695
5/2/2011,7.835
5/3/2011,7.645
5/4/2011,7.435
5/5/2011,7.145
5/6/2011,7.475
5/9/2011,7.785
5/10/2011,7.855
5/11/2011,7.575
5/12/2011,7.305
5/13/2011,7.215
5/16/2011,7.315
5/17/2011,7.585
5/18/2011,8.145
5/19/2011,8.025
5/20/2011,8.075
5/23/2011,7.995
5/24/2011,7.7765
5/25/2011,7.935
5/26/2011,8.105
5/27/2011,8.155
5/31/2011,7.795
6/1/2011,7.555
6/2/2011,7.715
6/3/2011,7.775
6/6/2011,7.635
6/7/2011,7.535
6/8/2011,7.675
6/9/2011,7.645
6/10/2011,7.615
6/13/2011,7.425
6/14/2011,7.355
6/15/2011,7.175
6/16/2011,6.845
6/17/2011,6.815
6/20/2011,6.685
6/21/2011,6.945
6/22/2011,6.665
6/23/2011,6.735
6/24/2011,6.605
6/27/2011,6.475
6/28/2011,6.645
6/29/2011,6.715
6/30/2011,6.445
7/1/2011,6.145
7/5/2011,6.345
7/6/2011,6.265
7/7/2011,6.425
7/8/2011,6.595
7/11/2011,6.525
7/12/2011,6.815
7/13/2011,7.285
7/14/2011,7.105
7/15/2011,7.935
7/18/2011,6.815
7/19/2011,6.875
7/20/2011,6.885
7/21/2011,6.585
7/22/2011,6.785
7/25/2011,6.755
7/26/2011,6.815
7/27/2011,6.955
7/28/2011,6.845
7/29/2011,6.675
8/1/2011,6.715
8/2/2011,6.935
8/3/2011,6.845
8/4/2011,6.565
8/5/2011,6.685
8/8/2011,6.465
8/9/2011,6.665
8/10/2011,6.715
8/11/2011,6.805
8/12/2011,6.815
8/15/2011,6.915
8/16/2011,6.995
8/17/2011,7.025
8/18/2011,6.815
8/19/2011,6.185
8/22/2011,7.105
8/23/2011,7.315
8/24/2011,7.235
8/25/2011,7.315
8/26/2011,7.365
8/29/2011,7.315
8/30/2011,7.195
8/31/2011,7.145
9/1/2011,7.135
9/2/2011,7.065
9/6/2011,6.905
9/7/2011,6.825
9/8/2011,6.725
9/9/2011,6.725
9/12/2011,6.725
9/13/2011,6.465
9/14/2011,6.495
9/15/2011,6.405
9/16/2011,6.385
9/19/2011,6.235
9/20/2011,6.285
9/21/2011,6.205
9/22/2011,5.975
9/23/2011,6.025
9/26/2011,6.075
9/27/2011,6.245
9/28/2011,6.055
9/29/2011,6.225
9/30/2011,5.775
10/3/2011,5.775
10/4/2011,5.785
10/5/2011,6.005
10/6/2011,5.915
10/7/2011,5.805
10/10/2011,5.835
10/11/2011,6.325
10/12/2011,5.995
10/13/2011,5.965
10/14/2011,6.015
10/17/2011,6.085
10/18/2011,6.035
10/19/2011,5.985
10/20/2011,6.135
10/21/2011,6.215
10/24/2011,6.325
10/25/2011,6.255
10/26/2011,6.085
10/27/2011,6.335
10/28/2011,6.345
10/31/2011,6.175
11/1/2011,6.075
11/2/2011,6.295
11/3/2011,6.425
11/4/2011,6.385
11/7/2011,6.405
11/8/2011,6.585
11/9/2011,6.475
11/10/2011,6.245
11/11/2011,6.245
11/14/2011,6.205
11/15/2011,6.375
11/16/2011,6.205
11/17/2011,5.895
11/18/2011,6.125
11/21/2011,6.055
11/22/2011,6.115
11/23/2011,5.935
11/25/2011,5.935
11/28/2011,5.895
11/29/2011,6.125
11/30/2011,6.145
12/1/2011,6.215
12/2/2011,6.265
12/5/2011,6.105
12/6/2011,6.125
12/7/2011,5.995
12/8/2011,6.015
12/9/2011,6.005
12/12/2011,5.985
12/13/2011,6.045
12/14/2011,5.895
12/15/2011,5.895
12/16/2011,5.895
12/19/2011,6.115
12/20/2011,6.215
12/21/2011,6.255
12/22/2011,6.305
12/23/2011,6.3
12/27/2011,6.3
12/28/2011,6.605
12/29/2011,6.635
12/30/2011,6.325
1/3/2012,6.655
1/4/2012,6.6625
1/5/2012,6.405
1/6/2012,6.365
1/9/2012,6.535
1/10/2012,6.515
1/11/2012,6.5055
1/12/2012,6.145
1/13/2012,6.115
1/17/2012,6.145
1/18/2012,6.065
1/19/2012,6.195
1/20/2012,6.245
1/23/2012,6.335
1/24/2012,6.535
1/25/2012,6.625
1/26/2012,6.745
1/27/2012,6.595
1/30/2012,6.595
1/31/2012,6.805
2/1/2012,6.685
2/2/2012,6.785
2/3/2012,6.765
2/6/2012,6.845
2/7/2012,6.785
2/8/2012,6.785
2/9/2012,6.7765
2/10/2012,6.485
2/13/2012,6.655
2/14/2012,6.585
2/15/2012,6.405
2/16/2012,6.485
2/17/2012,6.58
2/21/2012,6.475
2/22/2012,6.545
2/23/2012,6.565
2/24/2012,6.565
2/27/2012,6.615
2/28/2012,6.675
2/29/2012,6.795
3/1/2012,6.805
3/2/2012,6.935
3/5/2012,6.865
3/6/2012,6.725
3/7/2012,6.645
3/8/2012,6.895
3/9/2012,6.675
3/12/2012,6.6515
3/13/2012,6.635
3/14/2012,6.585
3/15/2012,6.595
3/16/2012,6.865
3/19/2012,6.665
3/20/2012,6.565
3/21/2012,6.505
3/22/2012,6.605
3/23/2012,6.805
3/26/2012,6.775
3/27/2012,6.585
3/28/2012,6.495
3/29/2012,6.315
3/30/2012,6.675
4/2/2012,6.755
4/3/2012,6.755
4/4/2012,6.685
4/5/2012,6.575
4/9/2012,6.675
4/10/2012,6.495
4/11/2012,6.505
4/12/2012,6.615
4/13/2012,6.455
4/16/2012,6.395
4/17/2012,6.375
4/18/2012,6.335
4/19/2012,6.475
4/20/2012,6.685
4/23/2012,6.475
4/24/2012,6.475
4/25/2012,6.395
4/26/2012,6.495
4/27/2012,6.655
4/30/2012,6.6695
5/1/2012,6.665
5/2/2012,6.295
5/3/2012,6.305
5/4/2012,6.245
5/7/2012,6.275
5/8/2012,6.295
5/9/2012,6.145
5/10/2012,6.165
5/11/2012,6.165
5/14/2012,6.1
5/15/2012,6.275
5/16/2012,6.535
5/17/2012,6.745
5/18/2012,7.175
5/21/2012,7.095
5/22/2012,6.955
5/23/2012,6.755
5/24/2012,6.675
5/25/2012,6.669
5/29/2012,6.455
5/30/2012,6.455
5/31/2012,6.365
6/1/2012,6.135
6/4/2012,6.205
6/5/2012,6.245
6/6/2012,6.215
6/7/2012,6.445
6/8/2012,6.305
6/11/2012,6.385
6/12/2012,6.255
6/13/2012,6.265
6/14/2012,6.335
6/15/2012,6.225
6/18/2012,6.445
6/19/2012,6.625
6/20/2012,6.695
6/21/2012,6.675
6/22/2012,6.805
6/25/2012,7.255
6/26/2012,7.295
6/27/2012,7.335
6/28/2012,7.325
6/29/2012,7.4651
7/2/2012,7.615
7/3/2012,7.875
7/5/2012,8.25
7/6/2012,7.955
7/9/2012,8.155
7/10/2012,8.055
7/11/2012,8.115
7/12/2012,8.315
7/13/2012,8.315
7/16/2012,8.695
7/17/2012,8.6
7/18/2012,8.775
7/19/2012,9.145
7/20/2012,9.125
7/23/2012,8.7715
7/24/2012,8.435
7/25/2012,8.635
7/26/2012,8.485
7/27/2012,8.675
7/30/2012,8.84
7/31/2012,8.585
8/1/2012,8.485
8/2/2012,8.35
8/3/2012,8.625
8/6/2012,8.645
8/7/2012,8.625
8/8/2012,8.725
8/9/2012,8.865
8/10/2012,8.585
8/13/2012,8.305
8/14/2012,8.135
8/15/2012,8.205
8/16/2012,8.395
8/17/2012,8.545
8/20/2012,8.645
8/21/2012,8.855
8/22/2012,8.815
8/23/2012,8.595
8/24/2012,8.525
8/27/2012,8.425
8/28/2012,8.245
8/29/2012,8.555
8/30/2012,8.535
8/31/2012,8.485
9/4/2012,8.395
9/5/2012,8.515
9/6/2012,8.705
9/7/2012,8.835
9/10/2012,8.685
9/11/2012,8.625
9/12/2012,8.685
9/13/2012,8.805
9/14/2012,9.025
9/17/2012,8.585
9/18/2012,8.385
9/19/2012,8.565
9/20/2012,8.545
9/21/2012,8.925
9/24/2012,8.565
9/25/2012,8.515
9/26/2012,8.34
9/27/2012,8.195
9/28/2012,8.675
10/1/2012,8.495
10/2/2012,8.305
10/3/2012,8.335
10/4/2012,8.295
10/5/2012,8.165
10/8/2012,8.215
10/9/2012,8.235
10/10/2012,8.295
10/11/2012,8.655
10/12/2012,8.365
10/15/2012,8.285
10/16/2012,8.275
10/17/2012,8.385
10/18/2012,8.475
10/19/2012,8.525
10/22/2012,8.585
10/23/2012,8.485
10/24/2012,8.635
10/25/2012,8.525
10/26/2012,8.435
10/29/2012,8.435
10/30/2012,8.415
10/31/2012,8.495
11/1/2012,8.535
11/2/2012,8.525
11/5/2012,8.545
11/6/2012,8.645
11/7/2012,8.895
11/8/2012,8.905
11/9/2012,8.755
11/12/2012,8.465
11/13/2012,8.455
11/14/2012,8.435
11/15/2012,8.405
11/16/2012,8.285
11/19/2012,8.315
11/20/2012,8.345
11/21/2012,8.345
11/23/2012,8.345
11/26/2012,8.385
11/27/2012,8.625
11/28/2012,8.555
11/29/2012,8.585
11/30/2012,8.345
12/3/2012,8.215
12/4/2012,8.465
12/5/2012,8.495
12/6/2012,8.515
12/7/2012,8.515
12/10/2012,8.385
12/11/2012,8.115
12/12/2012,8.015
12/13/2012,7.985
12/14/2012,8.04
12/17/2012,7.995
12/18/2012,8.01
12/19/2012,7.955
12/20/2012,7.81
12/21/2012,7.82
12/24/2012,7.84
12/26/2012,7.645
12/27/2012,7.615
12/28/2012,7.675
12/31/2012,7.68
1/2/2013,7.445
1/3/2013,7.605
1/4/2013,7.565
1/7/2013,7.625
1/8/2013,7.625
1/9/2013,7.58
1/10/2013,7.565
1/11/2013,7.665
1/14/2013,7.82
1/15/2013,7.975
1/16/2013,7.995
1/17/2013,7.96
1/18/2013,8.06
1/22/2013,7.955
1/23/2013,7.92
1/24/2013,7.85
1/25/2013,7.94
1/28/2013,8.035
1/29/2013,8.02
1/30/2013,8.12
1/31/2013,8.05
2/1/2013,7.8905
2/4/2013,7.925
2/5/2013,7.875
2/6/2013,7.95
2/7/2013,7.955
2/8/2013,7.955
2/11/2013,7.82
2/12/2013,7.72
2/13/2013,7.76
2/14/2013,7.72
2/15/2013,7.82
2/19/2013,7.72
2/20/2013,7.75
2/21/2013,7.75
2/22/2013,7.51
2/25/2013,7.35
2/26/2013,7.36
2/27/2013,7.36
2/28/2013,7.39
3/1/2013,7.59
3/4/2013,7.41
3/5/2013,7.31
3/6/2013,7.09
3/7/2013,7.22
3/8/2013,7.2305
3/11/2013,7.27
3/12/2013,7.31
3/13/2013,7.355
3/14/2013,7.52
3/15/2013,7.58
3/18/2013,7.455
3/19/2013,7.52
3/20/2013,7.66
3/21/2013,7.59
3/22/2013,7.495
3/25/2013,7.47
3/26/2013,7.47
3/27/2013,7.57
3/28/2013,6.97
4/1/2013,6.735
4/2/2013,6.805
4/3/2013,7.065
4/4/2013,7.035
4/5/2013,7.085
4/8/2013,7.255
4/9/2013,7.225
4/10/2013,7.115
4/11/2013,7.165
4/12/2013,7.335
4/15/2013,7.135
4/16/2013,7.235
4/17/2013,7.235
4/18/2013,7.275
4/19/2013,7.335
4/22/2013,7.265
4/23/2013,7.225
4/24/2013,7.165
4/25/2013,7.255
4/26/2013,7.085
4/29/2013,7.35
4/30/2013,7.465
5/1/2013,7.405
5/2/2013,7.415
5/3/2013,7.345
5/6/2013,7.155
5/7/2013,7.285
5/8/2013,7.255
5/9/2013,7.435
5/10/2013,7.245
5/13/2013,7.31
5/14/2013,7.29
5/15/2013,7.185
5/16/2013,7.125
5/17/2013,7.075
5/20/2013,7.095
5/21/2013,7.055
5/22/2013,7.135
5/23/2013,7.3
5/24/2013,7.23
5/28/2013,7.19
5/29/2013,7.28
5/30/2013,7.24
5/31/2013,7.31
6/3/2013,7.335
6/4/2013,7.29
6/5/2013,7.205
6/6/2013,7.175
6/7/2013,7.165
6/10/2013,7.09
6/11/2013,7.16
6/12/2013,7.025
6/13/2013,7.045
6/14/2013,6.995
6/17/2013,6.895
6/18/2013,6.985
6/19/2013,7.215
6/20/2013,7.145
6/21/2013,7.125
6/24/2013,6.865
6/25/2013,6.825
6/26/2013,6.765
6/27/2013,6.725
6/28/2013,6.575
7/1/2013,6.68
7/2/2013,6.63
7/3/2013,6.695
7/5/2013,6.65
7/8/2013,6.73
7/9/2013,6.865
7/10/2013,6.885
7/11/2013,6.93
7/12/2013,6.955
7/15/2013,6.835
7/16/2013,6.8375
7/17/2013,6.795
7/18/2013,6.745
7/19/2013,6.785
7/22/2013,6.775
7/23/2013,6.715
7/24/2013,6.715
7/25/2013,6.68
7/26/2013,6.69
7/29/2013,6.765
7/30/2013,6.805
7/31/2013,6.895
8/1/2013,6.835
8/2/2013,6.875
8/5/2013,6.685
8/6/2013,6.66
8/7/2013,6.545
8/8/2013,6.52
8/9/2013,6.435
8/12/2013,6.195
8/13/2013,6.13
8/14/2013,6.15
8/15/2013,6.265
8/16/2013,6.205
8/19/2013,6.305
8/20/2013,6.285
8/21/2013,6.275
8/22/2013,6.2
8/23/2013,6.235
8/26/2013,6.435
8/27/2013,6.375
8/28/2013,6.335
8/29/2013,6.355
8/30/2013,6.375
9/3/2013,6.315
9/4/2013,6.26
9/5/2013,6.15
9/6/2013,6.23
9/9/2013,6.155
9/10/2013,6.205
9/11/2013,6.175
9/12/2013,6.23
9/13/2013,6.23
9/16/2013,6.155
9/17/2013,6.175
9/18/2013,6.315
9/19/2013,6.175
9/20/2013,6.305
9/23/2013,6.375
9/24/2013,6.425
9/25/2013,6.545
9/26/2013,6.655
9/27/2013,6.75
9/30/2013,6.695
10/1/2013,6.695
10/2/2013,6.695
10/3/2013,6.695
10/4/2013,6.695
10/7/2013,6.695
10/8/2013,6.695
10/9/2013,6.695
10/10/2013,6.695
10/11/2013,6.695
10/14/2013,6.695
10/15/2013,6.695
10/16/2013,6.695
10/17/2013,6.96
10/18/2013,7.16
10/21/2013,7.11
10/22/2013,7.13
10/23/2013,7.14
10/24/2013,7.12
10/25/2013,7.07
10/28/2013,6.955
10/29/2013,7.01
10/30/2013,6.95
10/31/2013,6.91
11/1/2013,6.93
11/4/2013,6.875
11/5/2013,6.81
11/6/2013,6.785
11/7/2013,6.775
11/8/2013,6.74
11/11/2013,6.565
11/12/2013,6.58
11/13/2013,6.585
11/14/2013,6.55
11/15/2013,6.59
11/18/2013,6.565
11/19/2013,6.606
11/20/2013,6.675
11/21/2013,6.715
11/22/2013,6.75
11/25/2013,6.765
11/26/2013,6.745
11/27/2013,6.76
11/29/2013,6.84
12/2/2013,6.785
12/3/2013,6.83
12/4/2013,6.77
12/5/2013,6.82
12/6/2013,6.81
12/9/2013,6.81
12/10/2013,6.69
12/11/2013,6.7
12/12/2013,6.64
12/13/2013,6.58
12/16/2013,6.52
12/17/2013,6.44
12/18/2013,6.38
12/19/2013,6.35
12/20/2013,6.43
12/23/2013,6.39
12/24/2013,6.35
12/26/2013,6.36
12/27/2013,6.39
12/30/2013,6.3
12/31/2013,6.4
1/2/2014,6.32
1/3/2014,6.4
1/6/2014,6.4
1/7/2014,6.37
1/8/2014,6.28
1/9/2014,6.14
1/10/2014,6.01
1/13/2014,6.08
1/14/2014,6.15
1/15/2014,5.99
1/16/2014,6.04
1/17/2014,5.98
1/20/2014,6.2325
1/21/2014,5.98
1/22/2014,5.97
1/23/2014,6.02
1/24/2014,6.02
1/27/2014,5.905
1/28/2014,5.91
1/29/2014,5.76
1/30/2014,5.78
1/31/2014,5.8
2/3/2014,5.88
2/4/2014,6.115
2/5/2014,6.145
2/6/2014,6.075
2/7/2014,6.045
2/10/2014,6.165
2/11/2014,6.225
2/12/2014,6.195
2/13/2014,6.275
2/14/2014,6.32
2/17/2014,6.745
2/18/2014,6.445
2/19/2014,6.525
2/20/2014,6.485
2/21/2014,6.41
2/24/2014,6.482
2/25/2014,6.47
2/26/2014,6.32
2/27/2014,6.15
2/28/2014,6.255
3/3/2014,6.51
3/4/2014,6.63
3/5/2014,6.66
3/6/2014,6.695
3/7/2014,6.775
3/10/2014,6.63
3/11/2014,6.82
3/12/2014,7.075
3/13/2014,6.975
3/14/2014,7.115
3/17/2014,7.005
3/18/2014,7.19
3/19/2014,7.425
3/20/2014,7.3
3/21/2014,7.2
3/24/2014,7.41
3/25/2014,7.36
3/26/2014,7.255
3/27/2014,7.39
3/28/2014,7.245
3/31/2014,7.215
4/1/2014,7.115
4/2/2014,6.93
4/3/2014,7.005
4/4/2014,6.935
4/7/2014,7.005
4/8/2014,7.05
4/9/2014,6.92
4/10/2014,6.85
4/11/2014,6.84
4/14/2014,6.945
4/15/2014,7.175
4/16/2014,7.13
4/17/2014,7.085
4/21/2014,6.875
4/22/2014,6.92
4/23/2014,6.99
4/24/2014,7.085
4/25/2014,7.085
4/28/2014,7.21
4/29/2014,7.265
4/30/2014,7.32
5/1/2014,7.17
5/2/2014,7.28
5/5/2014,7.28
5/6/2014,7.445
5/7/2014,7.435
5/8/2014,7.425
5/9/2014,7.3
5/12/2014,7.24
5/13/2014,7.135
5/14/2014,6.925
5/15/2014,6.925
5/16/2014,6.765
5/19/2014,6.765
5/20/2014,6.73
5/21/2014,6.67
5/22/2014,6.62
5/23/2014,6.535
5/27/2014,6.42
5/28/2014,6.39
5/29/2014,6.35
5/30/2014,6.295
6/2/2014,6.18
6/3/2014,6.135
6/4/2014,6.195
6/5/2014,6.115
6/6/2014,6.25
6/9/2014,6.17
6/10/2014,6.06
6/11/2014,5.97
6/12/2014,5.935
6/13/2014,5.94
6/16/2014,5.895
6/17/2014,5.895
6/18/2014,5.97
6/19/2014,6.03
6/20/2014,5.98
6/23/2014,5.99
6/24/2014,5.91
6/25/2014,5.975
6/26/2014,6.07
6/27/2014,6.15
6/30/2014,5.94
7/1/2014,5.945
7/2/2014,5.915
7/3/2014,5.995
7/7/2014,5.74
7/8/2014,5.7
7/9/2014,5.595
7/10/2014,5.6
7/11/2014,5.38
7/14/2014,5.38
7/15/2014,5.435
7/16/2014,5.42
7/17/2014,5.395
7/18/2014,5.115
7/21/2014,4.9
7/22/2014,4.89
7/23/2014,5.05
7/24/2014,5.03
7/25/2014,5.13
7/28/2014,5.015
7/29/2014,4.875
7/30/2014,4.99
7/31/2014,4.995
8/1/2014,5.02
8/4/2014,5.15
8/5/2014,5.23
8/6/2014,5.39
8/7/2014,5.2
8/8/2014,5.2
8/11/2014,5.17
8/12/2014,5.04
8/13/2014,4.89
8/14/2014,4.98
8/15/2014,4.98
8/18/2014,4.98
8/19/2014,5.07
8/20/2014,5.07
8/21/2014,5.07
8/22/2014,5.04
8/25/2014,4.94
8/26/2014,4.93
8/27/2014,4.99
8/28/2014,5.08
8/29/2014,5.02
9/2/2014,4.95
9/3/2014,4.75
9/4/2014,4.68
9/5/2014,4.72
9/8/2014,4.65
9/9/2014,4.59
9/10/2014,4.51
9/11/2014,4.41
9/12/2014,4.27
9/15/2014,4.2
9/16/2014,4.01
9/17/2014,4.04
9/18/2014,3.93
9/19/2014,3.69
9/22/2014,3.69
9/23/2014,4.035
9/24/2014,4.075
9/25/2014,3.815
9/26/2014,3.815
9/29/2014,3.31
9/30/2014,3.26
10/1/2014,3.28
10/2/2014,3.31
10/3/2014,3.34
10/6/2014,3.4
10/7/2014,4.235
10/8/2014,4.245
10/9/2014,4.105
10/10/2014,4.155
10/13/2014,4.225
10/14/2014,4.265
10/15/2014,4.25
10/16/2014,4.345
10/17/2014,4.335
10/20/2014,4.305
10/21/2014,4.365
10/22/2014,4.395
10/23/2014,4.435
10/24/2014,4.345
10/27/2014,4.395
10/28/2014,4.475
10/29/2014,4.555
10/30/2014,4.535
10/31/2014,4.495
11/3/2014,4.555
11/4/2014,4.925
11/5/2014,4.89
11/6/2014,4.9
11/7/2014,4.815
11/10/2014,4.845
11/11/2014,4.925
11/12/2014,5.095
11/13/2014,5.23
11/14/2014,5.35
11/17/2014,5.26
11/18/2014,5.24
11/19/2014,5.195
11/20/2014,5.345
11/21/2014,5.345
11/24/2014,5.295
11/25/2014,5.385
11/26/2014,5.52
11/28/2014,5.67
12/1/2014,6.01
12/2/2014,6.03
12/3/2014,5.965
12/4/2014,5.965
12/5/2014,6.015
12/8/2014,6.055
12/9/2014,5.95
12/10/2014,5.935
12/11/2014,6.045
12/12/2014,6.135
12/15/2014,6.265
12/16/2014,6.275
12/17/2014,6.555
12/18/2014,6.625
12/19/2014,6.395
12/22/2014,6.325
12/23/2014,6.425
12/24/2014,6.185
12/26/2014,6.175
12/29/2014,6.225
12/30/2014,6.045
12/31/2014,5.94
1/2/2015,5.86
1/5/2015,5.94
1/6/2015,5.96
1/7/2015,5.84
1/8/2015,5.72
1/9/2015,5.68
1/12/2015,5.6
1/13/2015,5.58
1/14/2015,5.42
1/15/2015,5.35
1/16/2015,5.35
1/20/2015,5.395
1/21/2015,5.41
1/22/2015,5.38
1/23/2015,5.35
1/26/2015,5.25
1/27/2015,5.24
1/28/2015,5.1
1/29/2015,5.12
1/30/2015,5.07
2/2/2015,4.98
2/3/2015,5.19
2/4/2015,5.17
2/5/2015,5.31
2/6/2015,5.33
2/9/2015,5.35
2/10/2015,5.3
2/11/2015,5.31
2/12/2015,5.27
2/13/2015,5.39
2/17/2015,5.4
2/18/2015,5.33
2/19/2015,5.33
2/20/2015,5.16
2/23/2015,5.16
2/24/2015,5.11
2/25/2015,5.03
2/26/2015,5.09
2/27/2015,5.175
3/2/2015,5.025
3/3/2015,5.085
3/4/2015,4.985
3/5/2015,4.825
3/6/2015,4.845
3/9/2015,4.925
3/10/2015,4.955
3/11/2015,5.015
3/12/2015,5.095
3/13/2015,5.045
3/16/2015,5.165
3/17/2015,5.055
3/18/2015,5.125
3/19/2015,5.145
3/20/2015,5.35
3/23/2015,5.39
3/24/2015,5.23
3/25/2015,5.19
3/26/2015,4.99
3/27/2015,5.07
3/30/2015,5.3
3/31/2015,5.11
4/1/2015,5.28
4/2/2015,5.36
4/6/2015,5.27
4/7/2015,5.27
4/8/2015,5.27
4/9/2015,5.18
4/10/2015,5.26
4/13/2015,5.02
4/14/2015,4.97
4/15/2015,4.9
4/16/2015,4.94
4/17/2015,4.94
4/20/2015,4.98
4/21/2015,5
4/22/2015,4.98
4/23/2015,4.97
4/24/2015,4.86
4/27/2015,4.7
4/28/2015,4.71
4/29/2015,4.77
4/30/2015,4.68
5/1/2015,4.715
5/4/2015,4.695
5/5/2015,4.635
5/6/2015,4.765
5/7/2015,4.695
5/8/2015,4.785
5/11/2015,4.78
5/12/2015,4.78
5/13/2015,4.79
5/14/2015,5.115
5/15/2015,5.085
5/18/2015,5.19
5/19/2015,5.065
5/20/2015,5.105
5/21/2015,5.195
5/22/2015,5.125
5/26/2015,4.905
5/27/2015,4.8775
5/28/2015,4.8875
5/29/2015,4.77
6/1/2015,4.9375
6/2/2015,5.125
6/3/2015,5.1075
6/4/2015,5.2375
6/5/2015,5.17
6/8/2015,5.28
6/9/2015,5.3225
6/10/2015,5.135
6/11/2015,5.115
6/12/2015,5.105
6/15/2015,4.9525
6/16/2015,4.945
6/17/2015,4.97
6/18/2015,4.9325
6/19/2015,4.925
6/22/2015,5.06
6/23/2015,5.27
6/24/2015,5.2325
6/25/2015,5.38
6/26/2015,5.68
6/29/2015,5.835
6/30/2015,6.1575
7/1/2015,5.885
7/2/2015,5.905
7/6/2015,5.955
7/7/2015,5.8525
7/8/2015,5.775
7/9/2015,5.78
7/10/2015,5.76
7/13/2015,5.7575
7/14/2015,5.71
7/15/2015,5.6675
7/16/2015,5.6225
7/17/2015,5.54
7/20/2015,5.3275
7/21/2015,5.2475
7/22/2015,5.1675
7/23/2015,5.215
7/24/2015,5.1175
7/27/2015,5.025
7/28/2015,5.1075
7/29/2015,4.9625
7/30/2015,4.965
7/31/2015,4.9925
8/3/2015,4.99
8/4/2015,4.935
8/5/2015,5.02
8/6/2015,5.07
8/7/2015,5.105
8/10/2015,5.295
8/11/2015,5.1225
8/12/2015,4.9725
8/13/2015,5.09
8/14/2015,5.1175
8/17/2015,5.045
8/18/2015,4.9875
8/19/2015,5
8/20/2015,5.1125
8/21/2015,5.04
8/24/2015,5.08
8/25/2015,4.995
8/26/2015,4.9425
8/27/2015,4.8975
8/28/2015,4.8375
8/31/2015,4.85
9/1/2015,4.8625
9/2/2015,4.79
9/3/2015,4.6525
9/4/2015,4.6775
9/8/2015,4.75
9/9/2015,4.7225
9/10/2015,4.78
9/11/2015,4.85
9/14/2015,5.0125
9/15/2015,4.9475
9/16/2015,4.8825
9/17/2015,4.815
9/18/2015,4.8675
9/21/2015,4.9675
9/22/2015,4.955
9/23/2015,5.075
9/24/2015,4.9725
9/25/2015,5.0775
9/28/2015,5.055
9/29/2015,5.0375
9/30/2015,5.1275
10/1/2015,5.1825
10/2/2015,5.1325
10/5/2015,5.155
10/6/2015,5.2625
10/7/2015,5.1675
10/8/2015,5.115
10/9/2015,5.0925
10/12/2015,5.0675
10/13/2015,5.19
10/14/2015,5.0825
10/15/2015,5.025
10/16/2015,4.9225
10/19/2015,4.8575
10/20/2015,4.9125
10/21/2015,4.9475
10/22/2015,4.9075
10/23/2015,4.905
10/26/2015,5.09
10/27/2015,5.0925
10/28/2015,5.06
10/29/2015,5.15
10/30/2015,5.22
11/2/2015,5.08
11/3/2015,5.165
11/4/2015,5.2625
11/5/2015,5.2625
11/6/2015,5.2325
11/9/2015,5.0175
11/10/2015,4.955
11/11/2015,4.975
11/12/2015,5.0025
11/13/2015,4.9775
11/16/2015,4.955
11/17/2015,4.87
11/18/2015,4.85
11/19/2015,4.9225
11/20/2015,4.9
11/23/2015,4.9775
11/24/2015,4.885
11/25/2015,4.875
11/27/2015,4.79
11/30/2015,4.755
12/1/2015,4.715
12/2/2015,4.6725
12/3/2015,4.7875
12/4/2015,4.845
12/7/2015,4.8275
12/8/2015,4.815
12/9/2015,4.8975
12/10/2015,4.955
12/11/2015,4.905
12/14/2015,4.935
12/15/2015,4.9425
12/16/2015,4.835
12/17/2015,4.84
12/18/2015,4.8675
12/21/2015,4.79
12/22/2015,4.7175
12/23/2015,4.695
12/24/2015,4.675
12/28/2015,4.665
12/29/2015,4.7575
12/30/2015,4.6975
12/31/2015,4.7
1/4/2016,4.5825
1/5/2016,4.6125
1/6/2016,4.6275
1/7/2016,4.685
1/8/2016,4.785
1/11/2016,4.69
1/12/2016,4.8125
1/13/2016,4.78
1/14/2016,4.6875
1/15/2016,4.7375
1/19/2016,4.745
1/20/2016,4.715
1/21/2016,4.75
1/22/2016,4.755
1/25/2016,4.815
1/26/2016,4.8475
1/27/2016,4.765
1/28/2016,4.7225
1/29/2016,4.7925
2/1/2016,4.7525
2/2/2016,4.7525
2/3/2016,4.8
2/4/2016,4.7275
2/5/2016,4.6675
2/8/2016,4.585
2/9/2016,4.575
2/10/2016,4.6125
2/11/2016,4.635
2/12/2016,4.625
2/16/2016,4.69
2/17/2016,4.745
2/18/2016,4.685
2/19/2016,4.6675
2/22/2016,4.64
2/23/2016,4.5575
2/24/2016,4.5125
2/25/2016,4.54
2/26/2016,4.5225
2/29/2016,4.5325
3/1/2016,4.46
3/2/2016,4.5025
3/3/2016,4.5975
3/4/2016,4.6075
3/7/2016,4.6275
3/8/2016,4.6525
3/9/2016,4.6825
3/10/2016,4.77
3/11/2016,4.7575
3/14/2016,4.7875
3/15/2016,4.7725
3/16/2016,4.7075
3/17/2016,4.625
3/18/2016,4.63
3/21/2016,4.665
3/22/2016,4.6675
3/23/2016,4.63
3/24/2016,4.63
3/28/2016,4.71
3/29/2016,4.7675
3/30/2016,4.64
3/31/2016,4.735
4/1/2016,4.7575
4/4/2016,4.7475
4/5/2016,4.74
4/6/2016,4.63
4/7/2016,4.57
4/8/2016,4.6025
4/11/2016,4.5425
4/12/2016,4.5875
4/13/2016,4.675
4/14/2016,4.6675
4/15/2016,4.675
4/18/2016,4.81
4/19/2016,4.9425
4/20/2016,5.1225
4/21/2016,5.035
4/22/2016,4.74
4/25/2016,4.7775
4/26/2016,4.8775
4/27/2016,4.835
4/28/2016,4.855
4/29/2016,4.885
5/2/2016,4.8775
5/3/2016,4.7075
5/4/2016,4.7125
5/5/2016,4.6325
5/6/2016,4.6375
5/9/2016,4.565
5/10/2016,4.6125
5/11/2016,4.59
5/12/2016,4.68
5/13/2016,4.7475
5/16/2016,4.7475
5/17/2016,4.8175
5/18/2016,4.8
5/19/2016,4.6875
5/20/2016,4.6775
5/23/2016,4.62
5/24/2016,4.64
5/25/2016,4.66
5/26/2016,4.8125
5/27/2016,4.815
5/31/2016,4.645
6/1/2016,4.7375
6/2/2016,4.855
6/3/2016,4.9725
6/6/2016,5.075
6/7/2016,5.09
6/8/2016,5.195
6/9/2016,5.1025
6/10/2016,4.95
6/13/2016,5.0325
6/14/2016,4.9775
6/15/2016,4.895
6/16/2016,4.8475
6/17/2016,4.9475
6/20/2016,4.875
6/21/2016,4.725
6/22/2016,4.7225
6/23/2016,4.6575
6/24/2016,4.65
6/27/2016,4.5825
6/28/2016,4.5725
6/29/2016,4.445
6/30/2016,4.455
7/1/2016,4.3025
7/5/2016,4.335
7/6/2016,4.285
7/7/2016,4.255
7/8/2016,4.35
7/11/2016,4.305
7/12/2016,4.385
7/13/2016,4.3975
7/14/2016,4.34
7/15/2016,4.2475
7/18/2016,4.295
7/19/2016,4.18
7/20/2016,4.13
7/21/2016,4.1775
7/22/2016,4.2525
7/25/2016,4.29
7/26/2016,4.15
7/27/2016,4.1475
7/28/2016,4.1025
7/29/2016,4.0775
8/1/2016,4.06
8/2/2016,4.0125
8/3/2016,4.1025
8/4/2016,4.0325
8/5/2016,4.16
8/8/2016,4.17
8/9/2016,4.3675
8/10/2016,4.415
8/11/2016,4.37
8/12/2016,4.4
8/15/2016,4.3825
8/16/2016,4.395
8/17/2016,4.43
8/18/2016,4.4425
8/19/2016,4.4475
8/22/2016,4.3525
8/23/2016,4.275
8/24/2016,4.2625
8/25/2016,4.2375
8/26/2016,4.075
8/29/2016,3.97
8/30/2016,3.9225
8/31/2016,3.8825
9/1/2016,3.9475
9/2/2016,3.9925
9/6/2016,3.985
9/7/2016,4.0275
9/8/2016,4.06
9/9/2016,4.035
9/12/2016,4.0925
9/13/2016,4.01
9/14/2016,4.03
9/15/2016,3.995
9/16/2016,4.0325
9/19/2016,4.04
9/20/2016,4.06
9/21/2016,4.0775
9/22/2016,4.055
9/23/2016,4.0475
9/26/2016,3.96
9/27/2016,4.04
9/28/2016,4.0325
9/29/2016,3.99
9/30/2016,4.02
10/3/2016,3.955
10/4/2016,3.955
10/5/2016,4.05
10/6/2016,3.9575
10/7/2016,3.9475
10/10/2016,4.0375
10/11/2016,4.0725
10/12/2016,3.9675
10/13/2016,4.16
10/14/2016,4.21
10/17/2016,4.2375
10/18/2016,4.2
10/19/2016,4.2025
10/20/2016,4.17
10/21/2016,4.145
10/24/2016,4.025
10/25/2016,4.0425
10/26/2016,4.115
10/27/2016,4.145
10/28/2016,4.085
10/31/2016,4.1625
11/1/2016,4.1425
11/2/2016,4.1775
11/3/2016,4.12
11/4/2016,4.1425
11/7/2016,4.1
11/8/2016,4.1525
11/9/2016,4.0675
11/10/2016,4.0475
11/11/2016,4.215
11/14/2016,4.125
11/15/2016,4.1875
11/16/2016,4.1425
11/17/2016,4.2
11/18/2016,4.2525
11/21/2016,4.27
11/22/2016,4.2725
11/23/2016,4.2375
11/25/2016,4.195
11/28/2016,4.165
11/29/2016,4.0875
11/30/2016,4.0275
12/1/2016,3.955
12/2/2016,4.0425
12/5/2016,4.0825
12/6/2016,4.0675
12/7/2016,4.01
12/8/2016,4.0825
12/9/2016,4.1625
12/12/2016,4.1725
12/13/2016,4.175
12/14/2016,4.18
12/15/2016,4.0925
12/16/2016,4.0925
12/19/2016,4.05
12/20/2016,4.0325
12/21/2016,3.995
12/22/2016,3.97
12/23/2016,3.935
12/27/2016,4.095
12/28/2016,4.015
12/29/2016,4.0475
12/30/2016,4.08
1/3/2017,4.065
1/4/2017,4.185
1/5/2017,4.2625
1/6/2017,4.2325
1/9/2017,4.2725
1/10/2017,4.2675
1/11/2017,4.1875
1/12/2017,4.2625
1/13/2017,4.26
1/17/2017,4.335
1/18/2017,4.31
1/19/2017,4.235
1/20/2017,4.2825
1/23/2017,4.3325
1/24/2017,4.2675
1/25/2017,4.245
1/26/2017,4.27
1/27/2017,4.205
1/30/2017,4.14
1/31/2017,4.2075
2/1/2017,4.3375
2/2/2017,4.345
2/3/2017,4.3025
2/6/2017,4.225
2/7/2017,4.3075
2/8/2017,4.325
2/9/2017,4.435
2/10/2017,4.63
2/13/2017,4.67
2/14/2017,4.635
2/15/2017,4.6825
2/16/2017,4.6125
2/17/2017,4.555
2/21/2017,4.4975
2/22/2017,4.56
2/23/2017,4.535
2/24/2017,4.48
2/27/2017,4.3875
2/28/2017,4.4375
3/1/2017,4.57
3/2/2017,4.5275
3/3/2017,4.535
3/6/2017,4.585
3/7/2017,4.565
3/8/2017,4.47
3/9/2017,4.44
3/10/2017,4.405
3/13/2017,4.305
3/14/2017,4.305
3/15/2017,4.36
3/16/2017,4.36
3/17/2017,4.3625
3/20/2017,4.3025
3/21/2017,4.265
3/22/2017,4.2225
3/23/2017,4.21
3/24/2017,4.2475
3/27/2017,4.2075
3/28/2017,4.245
3/29/2017,4.255
3/30/2017,4.21
3/31/2017,4.265
4/3/2017,4.2775
4/4/2017,4.27
4/5/2017,4.2975
4/6/2017,4.2325
4/7/2017,4.24
4/10/2017,4.2875
4/11/2017,4.475
4/12/2017,4.4625
4/13/2017,4.4275
4/17/2017,4.3575
4/18/2017,4.37
4/19/2017,4.345
4/20/2017,4.2175
4/21/2017,4.21
4/24/2017,4.1925
4/25/2017,4.27
4/26/2017,4.265
4/27/2017,4.3125
4/28/2017,4.3225
5/1/2017,4.56
5/2/2017,4.54
5/3/2017,4.54
5/4/2017,4.3775
5/5/2017,4.4225
5/8/2017,4.335
5/9/2017,4.295
5/10/2017,4.3175
5/11/2017,4.3375
5/12/2017,4.3275
5/15/2017,4.2325
5/16/2017,4.2425
5/17/2017,4.27
5/18/2017,4.2575
5/19/2017,4.3525
5/22/2017,4.3425
5/23/2017,4.295
5/24/2017,4.325
5/25/2017,4.3075
5/26/2017,4.3825
5/30/2017,4.295
5/31/2017,4.2925
6/1/2017,4.29
6/2/2017,4.295
6/5/2017,4.295
6/6/2017,4.3575
6/7/2017,4.4475
6/8/2017,4.4925
6/9/2017,4.4575
6/12/2017,4.34
6/13/2017,4.45
6/14/2017,4.5725
6/15/2017,4.69
6/16/2017,4.815
6/19/2017,4.83
6/20/2017,4.8775
6/21/2017,4.795
6/22/2017,4.7525
6/23/2017,4.735
6/26/2017,4.655
6/27/2017,4.69
6/28/2017,4.73
6/29/2017,4.96
6/30/2017,5.26
7/3/2017,5.55
7/5/2017,5.6
7/6/2017,5.39
7/7/2017,5.35
7/10/2017,5.5
7/11/2017,5.53
7/12/2017,5.37
7/13/2017,5.1175
7/14/2017,5.1075
7/17/2017,5.06
7/18/2017,5.0375
7/19/2017,5.03
7/20/2017,5.0575
7/21/2017,4.9925
7/24/2017,4.8875
7/25/2017,4.74
7/26/2017,4.7775
7/27/2017,4.7975
7/28/2017,4.81
7/31/2017,4.745
8/1/2017,4.6125
8/2/2017,4.6075
8/3/2017,4.5775
8/4/2017,4.5475
8/7/2017,4.9075
8/8/2017,4.84
8/9/2017,4.8675
8/10/2017,4.6875
8/11/2017,4.67
8/14/2017,4.6775
8/15/2017,4.56
8/16/2017,4.47
8/17/2017,4.4075
8/18/2017,4.425
8/21/2017,4.37
8/22/2017,4.29
8/23/2017,4.3
8/24/2017,4.345
8/25/2017,4.3525
8/28/2017,4.28
8/29/2017,4.2975
8/30/2017,4.2975
8/31/2017,4.345
9/1/2017,4.3875
9/5/2017,4.43
9/6/2017,4.4575
9/7/2017,4.3725
9/8/2017,4.3775
9/11/2017,4.3475
9/12/2017,4.42
9/13/2017,4.4325
9/14/2017,4.43
9/15/2017,4.49
9/18/2017,4.435
9/19/2017,4.43
9/20/2017,4.4975
9/21/2017,4.525
9/22/2017,4.495
9/25/2017,4.54
9/26/2017,4.5375
9/27/2017,4.615
9/28/2017,4.55
9/29/2017,4.4825
10/2/2017,4.4475
10/3/2017,4.48
10/4/2017,4.42
10/5/2017,4.4075
10/6/2017,4.435
10/9/2017,4.36
10/10/2017,4.3525
10/11/2017,4.3325
10/12/2017,4.305
10/13/2017,4.395
10/16/2017,4.365
10/17/2017,4.3475
10/18/2017,4.3
10/19/2017,4.3275
10/20/2017,4.26
10/23/2017,4.3675
10/24/2017,4.38
10/25/2017,4.355
10/26/2017,4.3175
10/27/2017,4.2725
10/30/2017,4.2475
10/31/2017,4.185
11/1/2017,4.18
11/2/2017,4.26
11/3/2017,4.2575
11/6/2017,4.3075
11/7/2017,4.2725
11/8/2017,4.2675
11/9/2017,4.29
11/10/2017,4.315
11/13/2017,4.2425
11/14/2017,4.28
11/15/2017,4.2
11/16/2017,4.215
11/17/2017,4.2725
11/20/2017,4.22
11/21/2017,4.2475
11/22/2017,4.2275
11/24/2017,4.1575
11/27/2017,4.1325
11/28/2017,4.1815
11/29/2017,4.2745
11/30/2017,4.2825
12/1/2017,4.385
12/4/2017,4.3525
12/5/2017,4.3275
12/6/2017,4.2525
12/7/2017,4.215
12/8/2017,4.19
12/11/2017,4.135
12/12/2017,4.1075
12/13/2017,4.1675
12/14/2017,4.1825
12/15/2017,4.1825
12/18/2017,4.205
12/19/2017,4.195
12/20/2017,4.235
12/21/2017,4.27
12/22/2017,4.2475
12/26/2017,4.2225
12/27/2017,4.28
12/28/2017,4.2775
12/29/2017,4.27
1/2/2018,4.335
1/3/2018,4.36
1/4/2018,4.34
1/5/2018,4.3075
1/8/2018,4.2775
1/9/2018,4.3225
1/10/2018,4.3425
1/11/2018,4.3325
1/12/2018,4.205
1/16/2018,4.165
1/17/2018,4.215
1/18/2018,4.2525
1/19/2018,4.2275
1/22/2018,4.2575
1/23/2018,4.215
1/24/2018,4.33
1/25/2018,4.345
1/26/2018,4.41
1/29/2018,4.4925
1/30/2018,4.5725
1/31/2018,4.5175
2/1/2018,4.51
2/2/2018,4.4675
2/5/2018,4.4025
2/6/2018,4.4625
2/7/2018,4.605
2/8/2018,4.5625
2/9/2018,4.49
2/12/2018,4.64
2/13/2018,4.6075
2/14/2018,4.5575
2/15/2018,4.6175
2/16/2018,4.5775
2/20/2018,4.4925
2/21/2018,4.4725
2/22/2018,4.5125
2/23/2018,4.5465
2/26/2018,4.648
2/27/2018,4.715
2/28/2018,4.929
3/1/2018,5.155
3/2/2018,5
3/5/2018,5.0925
3/6/2018,5.07
3/7/2018,4.9725
3/8/2018,4.9925
3/9/2018,4.8925
3/12/2018,4.9075
3/13/2018,4.865
3/14/2018,4.8875
3/15/2018,4.7875
3/16/2018,4.6775
3/19/2018,4.5075
3/20/2018,4.53
3/21/2018,4.535
3/22/2018,4.5575
3/23/2018,4.6025
3/26/2018,4.5425
3/27/2018,4.49
3/28/2018,4.455
3/29/2018,4.51
4/2/2018,4.4625
4/3/2018,4.575
4/4/2018,4.5575
4/5/2018,4.6475
4/6/2018,4.7225
4/9/2018,4.9075
4/10/2018,4.92
4/11/2018,4.8725
4/12/2018,4.81
4/13/2018,4.725
4/16/2018,4.6225
4/17/2018,4.6625
4/18/2018,4.7525
4/19/2018,4.7675
4/20/2018,4.6325
4/23/2018,4.615
4/24/2018,4.725
4/25/2018,4.888
4/26/2018,4.8425
4/27/2018,4.973
4/30/2018,5.109
5/1/2018,5.2925
5/2/2018,5.2675
5/3/2018,5.38
5/4/2018,5.2625
5/7/2018,5.115
5/8/2018,5.145
5/9/2018,5.105
5/10/2018,5.065
5/11/2018,4.9875
5/14/2018,4.9125
5/15/2018,4.935
5/16/2018,4.9425
5/17/2018,4.975
5/18/2018,5.1825
5/21/2018,5.0725
5/22/2018,5.215
5/23/2018,5.31
5/24/2018,5.3025
5/25/2018,5.43
5/29/2018,5.365
5/30/2018,5.22
5/31/2018,5.2625
6/1/2018,5.2325
6/4/2018,5.0525
6/5/2018,5.1
6/6/2018,5.1975
6/7/2018,5.2675
6/8/2018,5.2
6/11/2018,5.145
6/12/2018,5.345
6/13/2018,5.165
6/14/2018,5.015
6/15/2018,4.995
6/18/2018,4.9
6/19/2018,4.7775
6/20/2018,4.8825
6/21/2018,4.9525
6/22/2018,4.9125
6/25/2018,4.7675
6/26/2018,4.722
6/27/2018,4.831
6/28/2018,4.819
6/29/2018,5.005
7/2/2018,4.8025
7/3/2018,4.91
7/5/2018,5.055
7/6/2018,5.1525
7/9/2018,5.08
7/10/2018,4.92
7/11/2018,4.7175
7/12/2018,4.845
7/13/2018,4.97
7/16/2018,4.885
7/17/2018,4.9775
7/18/2018,4.945
7/19/2018,5.0425
7/20/2018,5.16
7/23/2018,5.1375
7/24/2018,5.1025
7/25/2018,5.4275
7/26/2018,5.365
7/27/2018,5.305
7/30/2018,5.465
7/31/2018,5.5375
8/1/2018,5.5825
8/2/2018,5.605
8/3/2018,5.5625
8/6/2018,5.745
8/7/2018,5.6825
8/8/2018,5.7
8/9/2018,5.645
8/10/2018,5.4675
8/13/2018,5.335
8/14/2018,5.4175
8/15/2018,5.3225
8/16/2018,5.4225
8/17/2018,5.605
8/20/2018,5.4225
8/21/2018,5.2725
8/22/2018,5.26
8/23/2018,5.22
8/24/2018,5.1475
8/27/2018,4.9925
8/28/2018,5.0325
8/29/2018,5.2615
8/30/2018,5.242
8/31/2018,5.401
9/4/2018,5.315
9/5/2018,5.2175
9/6/2018,5.1375
9/7/2018,5.1125
9/10/2018,5.2825
9/11/2018,5.1875
9/12/2018,5.0675
9/13/2018,4.97
9/14/2018,5.115
9/17/2018,5.0625
9/18/2018,5.105
9/19/2018,5.225
9/20/2018,5.24
9/21/2018,5.2175
9/24/2018,5.27
9/25/2018,5.2075
9/26/2018,5.175
9/27/2018,5.13
9/28/2018,5.09
10/1/2018,5.095
10/2/2018,5.1925
10/3/2018,5.1525
10/4/2018,5.18
10/5/2018,5.21
10/8/2018,5.14
10/9/2018,5.15
10/10/2018,5.105
10/11/2018,5.08
10/12/2018,5.1725
10/15/2018,5.25
10/16/2018,5.235
10/17/2018,5.175
10/18/2018,5.13
10/19/2018,5.1475
10/22/2018,5.08
10/23/2018,5.09
10/24/2018,4.995
10/25/2018,4.8725
10/26/2018,5.0525
10/29/2018,5.0725
10/30/2018,4.9975
10/31/2018,5.005
11/1/2018,5.08
11/2/2018,5.0875
11/5/2018,5.0725
11/6/2018,5.12
11/7/2018,5.1025
11/8/2018,5.0775
11/9/2018,5.02
11/12/2018,5.1975
11/13/2018,5.0775
11/14/2018,5.03
11/15/2018,5.055
11/16/2018,5.0675
11/19/2018,4.985
11/20/2018,5.0075
11/21/2018,4.9875
11/23/2018,4.9975
11/26/2018,5.075
11/27/2018,4.997
11/28/2018,5.031
11/29/2018,5.0325
11/30/2018,5.1575
12/3/2018,5.2125
12/4/2018,5.225
12/5/2018,5.18
12/6/2018,5.155
12/7/2018,5.3125
12/10/2018,5.2525
12/11/2018,5.21
12/12/2018,5.265
12/13/2018,5.36
12/14/2018,5.3
12/17/2018,5.3525
12/18/2018,5.3275
12/19/2018,5.225
12/20/2018,5.235
12/21/2018,5.14
12/24/2018,5.165
12/26/2018,5.1
12/27/2018,5.105
12/28/2018,5.115
12/31/2018,5.0325
1/2/2019,5.0675
1/3/2019,5.1375
1/4/2019,5.17
1/7/2019,5.1675
1/8/2019,5.1775
1/9/2019,5.2
1/10/2019,5.1375
1/11/2019,5.195
1/14/2019,5.1425
1/15/2019,5.11
1/16/2019,5.125
1/17/2019,5.1775
1/18/2019,5.1775
1/22/2019,5.2125
1/23/2019,5.26
1/24/2019,5.215
1/25/2019,5.2
1/28/2019,5.1875
1/29/2019,5.1325
1/30/2019,5.1675
1/31/2019,5.165
2/1/2019,5.2425
2/4/2019,5.2575
2/5/2019,5.2725
2/6/2019,5.26
2/7/2019,5.1325
2/8/2019,5.1725
2/11/2019,5.1825
2/12/2019,5.2
2/13/2019,5.2225
2/14/2019,5.07
2/15/2019,5.0425
2/19/2019,4.8975
2/20/2019,4.8075
2/21/2019,4.865
2/22/2019,4.8675
2/25/2019,4.6795
2/26/2019,4.6345
2/27/2019,4.6445
2/28/2019,4.581
3/1/2019,4.5725
3/4/2019,4.555
3/5/2019,4.6275
3/6/2019,4.5
3/7/2019,4.3825
3/8/2019,4.395
3/11/2019,4.285
3/12/2019,4.53
3/13/2019,4.4725
3/14/2019,4.5275
3/15/2019,4.6225
3/18/2019,4.5675
3/19/2019,4.565
3/20/2019,4.6475
3/21/2019,4.665
3/22/2019,4.66
3/25/2019,4.695
3/26/2019,4.6925
3/27/2019,4.695
3/28/2019,4.645
3/29/2019,4.5775
4/1/2019,4.6275
4/2/2019,4.64
4/3/2019,4.71
4/4/2019,4.7075
4/5/2019,4.6775
4/8/2019,4.6525
4/9/2019,4.595
4/10/2019,4.58
4/11/2019,4.605
4/12/2019,4.645
4/15/2019,4.595
4/16/2019,4.45
4/17/2019,4.47
4/18/2019,4.4425
4/22/2019,4.3575
4/23/2019,4.3875
4/24/2019,4.3225
4/25/2019,4.361
4/26/2019,4.38
4/29/2019,4.3185
4/30/2019,4.267
5/1/2019,4.36
5/2/2019,4.44
5/3/2019,4.38
5/6/2019,4.3725
5/7/2019,4.395
5/8/2019,4.39
5/9/2019,4.295
5/10/2019,4.2475
5/13/2019,4.37
5/14/2019,4.485
5/15/2019,4.4875
5/16/2019,4.67
5/17/2019,4.65
5/20/2019,4.7825
5/21/2019,4.7875
5/22/2019,4.7275
5/23/2019,4.7025
5/24/2019,4.895
5/28/2019,5.0475
5/29/2019,4.905
5/30/2019,5.145
5/31/2019,5.03
6/3/2019,5.1975
6/4/2019,5.0725
6/5/2019,4.9075
6/6/2019,5.1
6/7/2019,5.045
6/10/2019,5.075
6/11/2019,5.18
6/12/2019,5.2625
6/13/2019,5.355
6/14/2019,5.385
6/17/2019,5.395
6/18/2019,5.315
6/19/2019,5.2225
6/20/2019,5.265
6/21/2019,5.26
6/24/2019,5.38
6/25/2019,5.366
6/26/2019,5.4485
6/27/2019,5.4705
6/28/2019,5.274
7/1/2019,5.1175
7/2/2019,5.0325
7/3/2019,5.14
7/5/2019,5.15
7/8/2019,5.11
7/9/2019,5.0275
7/10/2019,5.0475
7/11/2019,5.215
7/12/2019,5.23
7/15/2019,5.0775
7/16/2019,5.075
7/17/2019,5.055
7/18/2019,4.935
7/19/2019,5.025
7/22/2019,4.8725
7/23/2019,4.8725
7/24/2019,4.9775
7/25/2019,4.995
7/26/2019,4.96
7/29/2019,5.035
7/30/2019,4.9725
7/31/2019,4.8725
8/1/2019,4.7575
8/2/2019,4.9075
8/5/2019,4.945
8/6/2019,4.84
8/7/2019,4.8825
8/8/2019,4.985
8/9/2019,4.995
8/12/2019,4.7175
8/13/2019,4.72
8/14/2019,4.7375
8/15/2019,4.69
8/16/2019,4.7075
8/19/2019,4.655
8/20/2019,4.6
8/21/2019,4.625
8/22/2019,4.6725
8/23/2019,4.7525
8/26/2019,4.73
8/27/2019,4.7435
8/28/2019,4.7345
8/29/2019,4.7155
8/30/2019,4.6025
9/3/2019,4.535
9/4/2019,4.6075
9/5/2019,4.6625
9/6/2019,4.6375
9/9/2019,4.745
9/10/2019,4.8225
9/11/2019,4.775
9/12/2019,4.8375
9/13/2019,4.835
9/16/2019,4.8875
9/17/2019,4.8425
9/18/2019,4.895
9/19/2019,4.88
9/20/2019,4.8425
9/23/2019,4.83
9/24/2019,4.8175
9/25/2019,4.7725
9/26/2019,4.8425
9/27/2019,4.8725
9/30/2019,4.9575
10/1/2019,4.9875
10/2/2019,4.89
10/3/2019,4.8875
10/4/2019,4.905
10/7/2019,4.8925
10/8/2019,5.0025
10/9/2019,5.0025
10/10/2019,4.93
10/11/2019,5.08
10/14/2019,5.11
10/15/2019,5.07
10/16/2019,5.1325
10/17/2019,5.255
10/18/2019,5.3225
10/21/2019,5.235
10/22/2019,5.18
10/23/2019,5.2075
10/24/2019,5.16
10/25/2019,5.1775
10/28/2019,5.1175
10/29/2019,5.115
10/30/2019,5.0925
10/31/2019,5.0875
11/1/2019,5.16
11/4/2019,5.0975
11/5/2019,5.1525
11/6/2019,5.1675
11/7/2019,5.125
11/8/2019,5.1025
11/11/2019,5.0575
11/12/2019,5.17
11/13/2019,5.09
11/14/2019,5.0775
11/15/2019,5.0275
11/18/2019,5.0725
11/19/2019,5.12
11/20/2019,5.155
11/21/2019,5.09
11/22/2019,5.1525
11/25/2019,5.314
11/26/2019,5.3055
11/27/2019,5.2745
11/29/2019,5.429
12/2/2019,5.3525
12/3/2019,5.2525
12/4/2019,5.275
12/5/2019,5.2375
12/6/2019,5.245
12/9/2019,5.2275
12/10/2019,5.2375
12/11/2019,5.1925
12/12/2019,5.3025
12/13/2019,5.325
12/16/2019,5.4975
12/17/2019,5.5625
12/18/2019,5.4825
12/19/2019,5.4525
12/20/2019,5.4225
12/23/2019,5.395
12/24/2019,5.41
12/26/2019,5.49
12/27/2019,5.5625
12/30/2019,5.56
12/31/2019,5.5875
1/2/2020,5.6025
1/3/2020,5.545
1/6/2020,5.5
1/7/2020,5.5025
1/8/2020,5.5275
1/9/2020,5.6225
1/10/2020,5.645
1/13/2020,5.6225
1/14/2020,5.685
1/15/2020,5.7325
1/16/2020,5.6525
1/17/2020,5.705
1/21/2020,5.815
1/22/2020,5.7775
1/23/2020,5.805
1/24/2020,5.735
1/27/2020,5.7225
1/28/2020,5.6975
1/29/2020,5.6225
1/30/2020,5.605
1/31/2020,5.5375
2/3/2020,5.555
2/4/2020,5.5725
2/5/2020,5.62
2/6/2020,5.5625
2/7/2020,5.5875
2/10/2020,5.52
2/11/2020,5.42
2/12/2020,5.475
2/13/2020,5.4425
2/14/2020,5.4275
2/18/2020,5.6675
2/19/2020,5.6525
2/20/2020,5.6
2/21/2020,5.51
2/24/2020,5.3625
2/25/2020,5.386
2/26/2020,5.3845
2/27/2020,5.282
2/28/2020,5.258
3/2/2020,5.2325
3/3/2020,5.2725
3/4/2020,5.1825
3/5/2020,5.1875
3/6/2020,5.1575
3/9/2020,5.1875
3/10/2020,5.2225
3/11/2020,5.1275
3/12/2020,5.055
3/13/2020,5.06
3/16/2020,4.98
3/17/2020,4.9925
3/18/2020,5.0825
3/19/2020,5.35
3/20/2020,5.3925
3/23/2020,5.625
3/24/2020,5.615
3/25/2020,5.8
3/26/2020,5.69
3/27/2020,5.7125
3/30/2020,5.695
3/31/2020,5.6875
4/1/2020,5.5025
4/2/2020,5.4175
4/3/2020,5.4925
4/6/2020,5.5575
4/7/2020,5.4925
4/8/2020,5.4825
4/9/2020,5.565
4/13/2020,5.55
4/14/2020,5.4875
4/15/2020,5.4025
4/16/2020,5.2975
4/17/2020,5.335
4/20/2020,5.4875
4/21/2020,5.4675
4/22/2020,5.43
4/23/2020,5.47
4/24/2020,5.2675
4/27/2020,5.2175
4/28/2020,5.2645
4/29/2020,5.177
4/30/2020,5.2535
5/1/2020,5.165
5/4/2020,5.195
5/5/2020,5.2075
5/6/2020,5.175
5/7/2020,5.225
5/8/2020,5.22
5/11/2020,5.1725
5/12/2020,5.145
5/13/2020,5.0175
5/14/2020,5.0225
5/15/2020,5.0025
5/18/2020,4.97
5/19/2020,4.9875
5/20/2020,5.1375
5/21/2020,5.16
5/22/2020,5.0875
5/26/2020,5.0675
5/27/2020,5.045
5/28/2020,5.145
5/29/2020,5.2075
6/1/2020,5.1525
6/2/2020,5.08
6/3/2020,5.12
6/4/2020,5.2375
6/5/2020,5.1525
6/8/2020,5.115
6/9/2020,5.045
6/10/2020,5.0625
6/11/2020,4.9925
6/12/2020,5.02
6/15/2020,5.0475
6/16/2020,4.96
6/17/2020,4.8875
6/18/2020,4.835
6/19/2020,4.8125
6/22/2020,4.85
6/23/2020,4.86
6/24/2020,4.8125
6/25/2020,4.8705
6/26/2020,4.747
6/29/2020,4.861
6/30/2020,4.914
7/1/2020,4.9875
7/2/2020,4.92
7/6/2020,4.9325
7/7/2020,4.9525
7/8/2020,5.165
7/9/2020,5.25
7/10/2020,5.34
7/13/2020,5.2475
7/14/2020,5.2675
7/15/2020,5.5075
7/16/2020,5.3525
7/17/2020,5.3475
7/20/2020,5.22
7/21/2020,5.2775
7/22/2020,5.345
7/23/2020,5.295
7/24/2020,5.395
7/27/2020,5.2775
7/28/2020,5.235
7/29/2020,5.3275
7/30/2020,5.295
7/31/2020,5.3125
8/3/2020,5.21
8/4/2020,5.0825
8/5/2020,5.1075
8/6/2020,5.0125
8/7/2020,4.955
8/10/2020,4.91
8/11/2020,4.95
8/12/2020,4.9125
8/13/2020,4.9675
8/14/2020,5
8/17/2020,5.165
8/18/2020,5.075
8/19/2020,5.12
8/20/2020,5.195
8/21/2020,5.2725
8/24/2020,5.2075
8/25/2020,5.2725
8/26/2020,5.3355
8/27/2020,5.458
8/28/2020,5.4495
8/31/2020,5.5065
9/1/2020,5.64
9/2/2020,5.5825
9/3/2020,5.5325
9/4/2020,5.5025
9/8/2020,5.4425
9/9/2020,5.4375
9/10/2020,5.4825
9/11/2020,5.42
9/14/2020,5.4575
9/15/2020,5.3825
9/16/2020,5.42
9/17/2020,5.5625
9/18/2020,5.75
9/21/2020,5.5475
9/22/2020,5.58
9/23/2020,5.49
9/24/2020,5.4975
9/25/2020,5.4425
9/28/2020,5.5025
9/29/2020,5.495
9/30/2020,5.78
10/1/2020,5.7025
10/2/2020,5.7325
10/5/2020,5.8425
10/6/2020,5.9275
10/7/2020,6.075
10/8/2020,5.9525
10/9/2020,5.9375
10/12/2020,5.9425
10/13/2020,5.94
10/14/2020,5.9675
10/15/2020,6.1825
10/16/2020,6.2525
10/19/2020,6.27
10/20/2020,6.32
10/21/2020,6.2975
10/22/2020,6.2275
10/23/2020,6.3275
10/26/2020,6.2
10/27/2020,6.1575
10/28/2020,6.0875
10/29/2020,6.0375
10/30/2020,5.985
11/2/2020,6.075
11/3/2020,6.08
11/4/2020,6.06
11/5/2020,6.0925
11/6/2020,6.02
11/9/2020,5.975
11/10/2020,6.085
11/11/2020,5.98
11/12/2020,5.8825
11/13/2020,5.935
11/16/2020,5.98
11/17/2020,5.9525
11/18/2020,5.9775
11/19/2020,5.9175
11/20/2020,5.9325
11/23/2020,5.9875
11/24/2020,6.125
11/25/2020,5.9155
11/27/2020,6.022
11/30/2020,5.8405
12/1/2020,5.7725
12/2/2020,5.885
12/3/2020,5.845
12/4/2020,5.755
12/7/2020,5.775
12/8/2020,5.7
12/9/2020,5.8325
12/10/2020,5.965
12/11/2020,6.145
12/14/2020,5.965
12/15/2020,5.9975
12/16/2020,5.985
12/17/2020,6.0875
12/18/2020,6.0825
12/21/2020,6.1125
12/22/2020,6.17
12/23/2020,6.2975
12/24/2020,6.27
12/28/2020,6.1425
12/29/2020,6.185
12/30/2020,6.4075
12/31/2020,6.405
1/4/2021,6.42
1/5/2021,6.54
1/6/2021,6.475
1/7/2021,6.4225
1/8/2021,6.3875
1/11/2021,6.3475
1/12/2021,6.65
1/13/2021,6.605
1/14/2021,6.7
1/15/2021,6.755
1/19/2021,6.7225
1/20/2021,6.6775
1/21/2021,6.6075
1/22/2021,6.345
1/25/2021,6.485
1/26/2021,6.6525
1/27/2021,6.5825
1/28/2021,6.47
1/29/2021,6.63
2/1/2021,6.51
2/2/2021,6.4475
2/3/2021,6.4825
2/4/2021,6.375
2/5/2021,6.4125
2/8/2021,6.5575
2/9/2021,6.495
2/10/2021,6.355
2/11/2021,6.335
2/12/2021,6.3675
2/16/2021,6.575
2/17/2021,6.44
2/18/2021,6.625
2/19/2021,6.5075
2/22/2021,6.64
2/23/2021,6.6665
2/24/2021,6.8235
2/25/2021,6.7415
2/26/2021,6.592
3/1/2021,6.5025
3/2/2021,6.6625
3/3/2021,6.56
3/4/2021,6.51
3/5/2021,6.53
3/8/2021,6.465
3/9/2021,6.565
3/10/2021,6.525
3/11/2021,6.425
3/12/2021,6.385
3/15/2021,6.45
3/16/2021,6.47
3/17/2021,6.4
3/18/2021,6.305
3/19/2021,6.27
3/22/2021,6.2725
3/23/2021,6.3475
3/24/2021,6.2475
3/25/2021,6.125
3/26/2021,6.1325
3/29/2021,6.1675
3/30/2021,6.0175
3/31/2021,6.18
4/1/2021,6.11
4/5/2021,6.18
4/6/2021,6.155
4/7/2021,6.1625
4/8/2021,6.2875
4/9/2021,6.3875
4/12/2021,6.28
4/13/2021,6.2975
4/14/2021,6.48
4/15/2021,6.5375
4/16/2021,6.525
4/19/2021,6.5225
4/20/2021,6.5975
4/21/2021,6.7325
4/22/2021,7.1025
4/23/2021,7.1025
4/26/2021,7.395
4/27/2021,7.3355
4/28/2021,7.2425
4/29/2021,7.324
4/30/2021,7.363
5/3/2021,7.18
5/4/2021,7.2675
5/5/2021,7.445
5/6/2021,7.5325
5/7/2021,7.6175
5/10/2021,7.305
5/11/2021,7.4175
5/12/2021,7.2975
5/13/2021,7.015
5/14/2021,7.0725
5/17/2021,6.9975
5/18/2021,6.98
5/19/2021,6.7925
5/20/2021,6.7525
5/21/2021,6.7425
5/24/2021,6.6225
5/25/2021,6.565
5/26/2021,6.485
5/27/2021,6.7625
5/28/2021,6.635
6/1/2021,6.935
6/2/2021,6.875
6/3/2021,6.7625
6/4/2021,6.8775
6/7/2021,6.8
6/8/2021,6.85
6/9/2021,6.8225
6/10/2021,6.8375
6/11/2021,6.8075
6/14/2021,6.745
6/15/2021,6.615
6/16/2021,6.6275
6/17/2021,6.39
6/18/2021,6.6275
6/21/2021,6.615
6/22/2021,6.51
6/23/2021,6.6125
6/24/2021,6.5125
6/25/2021,6.3775
6/28/2021,6.482
6/29/2021,6.4365
6/30/2021,6.779
7/1/2021,6.655
7/2/2021,6.5275
7/6/2021,6.26
7/7/2021,6.2225
7/8/2021,6.18
7/9/2021,6.15
7/12/2021,6.4075
7/13/2021,6.3375
7/14/2021,6.5425
7/15/2021,6.72
7/16/2021,6.925
7/19/2021,6.9775
7/20/2021,7.005
7/21/2021,7.1075
7/22/2021,6.9225
7/23/2021,6.84
7/26/2021,6.77
7/27/2021,6.745
7/28/2021,6.8875
7/29/2021,7.0525
7/30/2021,7.0375
8/2/2021,7.295
8/3/2021,7.245
8/4/2021,7.1725
8/5/2021,7.1275
8/6/2021,7.19
8/9/2021,7.1125
8/10/2021,7.27
8/11/2021,7.27
8/12/2021,7.535
8/13/2021,7.6225
8/16/2021,7.605
8/17/2021,7.345
8/18/2021,7.3725
8/19/2021,7.275
8/20/2021,7.1425
8/23/2021,7.1975
8/24/2021,7.18
8/25/2021,7.1125
8/26/2021,7.2805
8/27/2021,7.241
8/30/2021,7.176
8/31/2021,7.1915
9/1/2021,7.1425
9/2/2021,7.17
9/3/2021,7.2625
9/6/2021,7.2625
9/7/2021,7.1975
9/8/2021,7.095
9/9/2021,6.9225
9/10/2021,6.885
9/13/2021,6.87
9/14/2021,7.0075
9/15/2021,7.1225
9/16/2021,7.13
9/17/2021,7.0875
9/20/2021,7.0075
9/21/2021,6.9025
9/22/2021,7.0575
9/23/2021,7.1775
9/24/2021,7.2375
9/27/2021,7.2225
9/28/2021,7.065
9/29/2021,7.1025
9/30/2021,7.255
10/1/2021,7.5525
10/4/2021,7.565
10/5/2021,7.4475
10/6/2021,7.46
10/7/2021,7.4125
10/8/2021,7.34
10/11/2021,7.3175
10/12/2021,7.34
10/13/2021,7.1875
10/14/2021,7.2475
10/15/2021,7.34
10/18/2021,7.3625
10/19/2021,7.36
10/20/2021,7.4925
10/21/2021,7.4125
10/22/2021,7.56
10/25/2021,7.595
10/26/2021,7.5225
10/27/2021,7.5975
10/28/2021,7.725
10/29/2021,7.7275
11/1/2021,7.9725
11/2/2021,7.915
11/3/2021,7.81
11/4/2021,7.7375
11/5/2021,7.665
11/8/2021,7.68
11/9/2021,7.785
11/10/2021,8.03
11/11/2021,8.125
11/12/2021,8.17
11/15/2021,8.2625
11/16/2021,8.1025
11/17/2021,8.2225
11/18/2021,8.2
11/19/2021,8.23
11/22/2021,8.4575
11/23/2021,8.56
11/24/2021,8.3945
11/26/2021,8.314
11/29/2021,8.1635
11/30/2021,7.8455
12/1/2021,7.905
12/2/2021,8.15
12/3/2021,8.0375
12/6/2021,8.0625
12/7/2021,8.085
12/8/2021,7.945
12/9/2021,7.7675
12/10/2021,7.8525
12/13/2021,7.8875
12/14/2021,7.87
12/15/2021,7.56
12/16/2021,7.705
12/17/2021,7.75
12/20/2021,7.7775
12/21/2021,7.99
12/22/2021,8.14
12/23/2021,8.1475
12/24/2021,8.1475
12/26/2021,8.1475
12/27/2021,8.04
12/28/2021,7.835
12/29/2021,7.8775
12/30/2021,7.7975
12/31/2021,7.7075
1/3/2022,7.58
1/4/2022,7.7
1/5/2022,7.6075
1/6/2022,7.46
1/7/2022,7.585
1/10/2022,7.62
1/11/2022,7.7025
1/12/2022,7.5775
1/13/2022,7.4675
1/14/2022,7.415
1/18/2022,7.69
1/19/2022,7.965
1/20/2022,7.9025
1/21/2022,7.8
1/24/2022,8.005
1/25/2022,8.18
1/26/2022,7.95
1/27/2022,7.77
1/28/2022,7.8625
1/31/2022,7.6125
2/1/2022,7.69
2/2/2022,7.55
2/3/2022,7.5175
2/4/2022,7.6325
2/7/2022,7.6875
2/8/2022,7.7875
2/9/2022,7.85
2/10/2022,7.715
2/11/2022,7.9775
2/14/2022,7.9925
2/15/2022,7.7975
2/16/2022,7.805
2/17/2022,7.98
2/18/2022,7.97
2/21/2022,7.97
2/22/2022,8.4425
2/23/2022,8.7775
2/24/2022,9.295
2/25/2022,8.5305
2/28/2022,9.328
3/1/2022,9.84
3/2/2022,10.59
3/3/2022,11.34
3/4/2022,12.09
3/7/2022,12.94
3/8/2022,12.865
3/9/2022,12.015
3/10/2022,10.87
3/11/2022,11.065
3/14/2022,10.9625
3/15/2022,11.5425
3/16/2022,10.6925
3/17/2022,10.98
3/18/2022,10.6375
3/21/2022,11.1925
3/22/2022,11.1825
3/23/2022,11.0575
3/24/2022,10.8575
3/25/2022,11.0225
3/28/2022,10.57
3/29/2022,10.1425
3/30/2022,10.2725
3/31/2022,10.06
4/1/2022,9.845
4/4/2022,10.1025
4/5/2022,10.4525
4/6/2022,10.3825
4/7/2022,10.2
4/8/2022,10.515
4/11/2022,10.8125
4/12/2022,11.0375
4/13/2022,11.135
4/14/2022,10.965
4/15/2022,10.965
4/18/2022,11.205
4/19/2022,10.99
4/20/2022,10.88
4/21/2022,10.68
4/22/2022,10.655
4/25/2022,10.62
4/26/2022,10.856
4/27/2022,10.845
4/28/2022,10.8105
4/29/2022,10.5335
5/2/2022,10.555
5/3/2022,10.455
5/4/2022,10.765
5/5/2022,11.065
5/6/2022,11.085
5/9/2022,10.9275
5/10/2022,10.9275
5/11/2022,11.13
5/12/2022,11.7875
5/13/2022,11.775
5/16/2022,12.475
5/17/2022,12.775
5/18/2022,12.3075
5/19/2022,12.005
5/20/2022,11.6875
5/23/2022,11.9
5/24/2022,11.5475
5/25/2022,11.4825
5/26/2022,11.4325
5/27/2022,11.575
5/31/2022,10.875
6/1/2022,10.4125
6/2/2022,10.5825
6/3/2022,10.4
6/6/2022,10.93
6/7/2022,10.7175
6/8/2022,10.7475
6/9/2022,10.7125
6/10/2022,10.7075
6/13/2022,10.71
6/14/2022,10.5025
6/15/2022,10.5
6/16/2022,10.7825
6/17/2022,10.3425
6/20/2022,10.3425
6/21/2022,9.7525
6/22/2022,9.765
6/23/2022,9.3725
6/24/2022,9.2375
6/27/2022,9.7564
6/28/2022,9.5219
6/29/2022,9.7307
6/30/2022,9.7616
7/1/2022,9.5469
7/2/2022,9.1444
7/3/2022,9.1444
7/4/2022,9.1431
7/5/2022,9.3548
7/6/2022,9.0106
7/7/2022,8.8774
7/8/2022,9.1969
7/9/2022,9.6955
7/10/2022,9.6955
7/11/2022,9.6925
7/12/2022,9.575
7/13/2022,9.2833
7/14/2022,9.365
7/15/2022,9.3515
7/16/2022,8.8927
7/17/2022,8.8927
7/18/2022,8.888
7/19/2022,9.1784
7/20/2022,9.2329
7/21/2022,9.5459
7/22/2022,8.9335
7/25/2022,9.0152
7/26/2022,9.3485
7/27/2022,9.2533
7/28/2022,9.3145
7/29/2022,9.3758
8/1/2022,9.158
8/2/2022,9.2193
8/3/2022,9.1648
8/4/2022,9.3009
8/5/2022,9.3077
8/8/2022,9.2669
8/9/2022,9.2601
8/10/2022,9.2397
8/11/2022,9.1648
8/12/2022,9.2533
8/15/2022,9.2465
8/16/2022,9.0356
8/17/2022,8.9131
8/18/2022,8.5525
8/19/2022,8.5525
8/22/2022,8.7566
8/23/2022,9.0356
8/24/2022,9.0015
8/25/2022,8.9335
8/26/2022,9.0015
8/29/2022,9.1172
8/30/2022,8.9743
8/31/2022,8.9947
9/1/2022,8.9403
9/2/2022,8.8042
9/5/2022,8.8178
9/6/2022,8.5049
9/7/2022,8.8723
9/8/2022,8.6886
9/9/2022,9.0083
9/12/2022,8.9879
9/13/2022,9.1512
9/14/2022,9.1784
9/15/2022,9.0492
9/16/2022,9.0968
9/19/2022,8.8519
9/20/2022,9.2329
9/21/2022,9.471
9/22/2022,9.5118
9/23/2022,9.4166
9/26/2022,9.3553
9/27/2022,9.5118
9/28/2022,9.6343
9/29/2022,9.5867
9/30/2022,9.7091
10/3/2022,9.5595
10/4/2022,9.5391
10/5/2022,9.5867
10/6/2022,9.3826
10/7/2022,9.4642
10/10/2022,9.9201
10/11/2022,9.6615
10/12/2022,9.6071
10/13/2022,9.6751
10/14/2022,9.5254
10/17/2022,9.4098
10/18/2022,9.1036
10/19/2022,9.1308
10/20/2022,9.2329
10/21/2022,9.2941
10/24/2022,9.2397
10/25/2022,9.1512
10/26/2022,9.0968
10/27/2022,9.1444
10/28/2022,9.1784
10/31/2022,9.5663
11/1/2022,9.784
11/2/2022,9.2805
11/3/2022,9.2737
11/4/2022,9.2193
11/7/2022,9.1308
11/8/2022,8.9539
11/9/2022,8.9335
11/10/2022,8.8995
11/11/2022,8.8995
11/14/2022,8.7974
11/15/2022,8.6954
11/16/2022,8.7022
11/17/2022,8.8383
11/18/2022,8.8655
11/21/2022,9.1308
11/22/2022,9.0492
11/23/2022,9.2678
11/24/2022,9.0643
11/25/2022,9.2272
11/28/2022,9.1493
11/29/2022,9.1651
11/30/2022,9.2697
12/1/2022,9.3318
12/2/2022,9.1766
12/5/2022,8.933
12/6/2022,8.781
12/7/2022,8.7788
12/8/2022,8.8438
12/9/2022,8.658
12/12/2022,8.69
12/13/2022,8.8407
12/14/2022,8.7805
12/15/2022,8.6646
12/16/2022,8.5935
12/19/2022,8.5809
12/20/2022,8.5866
12/21/2022,8.7982
12/22/2022,8.7195
12/23/2022,9.0232
12/26/2022,9.0394
12/27/2022,9.1105
12/28/2022,9.0984
12/29/2022,8.9527
12/30/2022,8.9571
1/2/2023,8.9471
1/3/2023,8.6999
1/4/2023,8.633
1/5/2023,8.6195
1/6/2023,8.6977
1/9/2023,8.652
1/10/2023,8.4953
1/11/2023,8.5632
1/12/2023,8.5863
1/13/2023,8.5057
1/16/2023,8.4463
1/17/2023,8.4237
1/18/2023,8.4678
1/19/2023,8.4018
1/20/2023,8.399
1/23/2023,8.2708
1/24/2023,8.3423
1/25/2023,8.4536
1/26/2023,8.5349
1/27/2023,8.4542
1/30/2023,8.4927
1/31/2023,8.5005
2/1/2023,8.5475
2/2/2023,8.3955
2/3/2023,8.3437
2/6/2023,8.4168
2/7/2023,8.549
2/8/2023,8.601
2/9/2023,8.5269
2/10/2023,8.6093
2/13/2023,8.7217
2/14/2023,8.7656
2/15/2023,8.602
2/16/2023,8.5326
2/17/2023,8.6066
2/20/2023,8.5648
2/21/2023,8.3468
2/22/2023,8.0894
2/23/2023,8.177
2/24/2023,8.0387
2/27/2023,8.018
2/28/2023,7.8888
3/1/2023,7.8848
3/2/2023,7.895
3/3/2023,7.9024
3/6/2023,7.9228
3/7/2023,7.738
3/8/2023,7.5973
3/9/2023,7.5397
3/10/2023,7.5817
3/13/2023,7.8007
3/14/2023,7.8386
3/15/2023,7.8436
3/16/2023,7.7813
3/17/2023,7.8113
3/20/2023,7.5119
3/21/2023,7.4258
3/22/2023,7.3138
3/23/2023,7.2326
3/24/2023,7.5786
3/27/2023,7.831
3/28/2023,7.7604
3/29/2023,7.8377
3/30/2023,7.7772
3/31/2023,7.7146
4/3/2023,7.645
4/4/2023,7.6218
4/5/2023,7.5309
4/6/2023,7.469
4/7/2023,7.5203
4/10/2023,7.4321
4/11/2023,7.494
4/12/2023,7.521
4/13/2023,7.4294
4/14/2023,7.5269
4/17/2023,7.5982
4/18/2023,7.7674
4/19/2023,7.5546
4/20/2023,7.4706
4/21/2023,7.3622
4/24/2023,7.3412
4/25/2023,7.2494
4/26/2023,7.3202
4/27/2023,7.1533
4/28/2023,7.225
5/1/2023,7.1205
5/2/2023,6.9755
5/3/2023,7.0737
5/4/2023,7.1406
5/5/2023,7.2603
5/8/2023,7.1006
5/9/2023,6.7213
5/10/2023,6.6955
5/11/2023,6.8911
5/12/2023,6.9732
5/15/2023,7.073
5/16/2023,6.9341
5/17/2023,6.687
5/18/2023,6.5101
5/19/2023,6.5403
5/22/2023,6.5024
5/23/2023,6.6316
5/24/2023,6.5419
5/25/2023,6.4787
5/26/2023,6.6368
5/29/2023,6.5862
5/30/2023,6.4269
5/31/2023,6.3459
6/1/2023,6.4644
6/2/2023,6.5547
6/5/2023,6.7563
6/6/2023,6.6952
6/7/2023,6.6572
6/8/2023,6.8396
6/9/2023,6.8776
6/12/2023,6.9648
6/13/2023,7.0123
6/14/2023,6.8733
6/15/2023,7.0113
6/16/2023,7.1118
6/19/2023,7.1866
6/20/2023,7.0752
6/21/2023,7.3592
6/22/2023,7.4848
6/23/2023,7.3372
6/26/2023,7.2746
6/27/2023,7.0333
6/28/2023,6.8713
6/29/2023,6.9138
6/30/2023,6.8603
7/3/2023,6.7129
7/4/2023,6.7623
7/5/2023,6.8853
7/6/2023,6.921
7/7/2023,6.9321
7/10/2023,6.8512
7/11/2023,6.9661
7/12/2023,6.9069
7/13/2023,6.9818
7/14/2023,7.1033
7/17/2023,7.1205
7/18/2023,7.1588
7/19/2023,7.7076
7/20/2023,7.7676
7/21/2023,7.501
7/24/2023,7.9863
7/25/2023,7.8917
7/26/2023,7.6751
7/27/2023,7.5386
7/28/2023,7.457
7/31/2023,7.1911
8/1/2023,7.0891
8/2/2023,6.9628
8/3/2023,6.9145
8/4/2023,7.0456
8/7/2023,7.1719
8/8/2023,7.2991
8/9/2023,7.2222
8/10/2023,7.0922
8/11/2023,7.0732
8/14/2023,6.8428
8/15/2023,6.7364
8/16/2023,6.7981
8/17/2023,6.7703
8/18/2023,6.9081
8/21/2023,6.7784
8/22/2023,6.7375
8/23/2023,6.8374
8/24/2023,6.9041
8/25/2023,6.8399
8/28/2023,6.7244
8/29/2023,6.6679
8/30/2023,6.7735
8/31/2023,6.6268
9/1/2023,6.4941
9/4/2023,6.4487
9/5/2023,6.3418
9/6/2023,6.2969
9/7/2023,6.3896
9/8/2023,6.2767
9/11/2023,5.9762
9/12/2023,6.8066
9/13/2023,6.9746
9/14/2023,7.0018
9/15/2023,7.075
9/18/2023,6.9268
9/19/2023,6.884
9/20/2023,6.9128
9/21/2023,6.8474
9/22/2023,6.8284
9/25/2023,6.9197
9/26/2023,6.9119
9/27/2023,6.8895
9/28/2023,6.8773
9/29/2023,6.7868
10/2/2023,6.6152
10/3/2023,6.739
10/4/2023,6.6842
10/5/2023,6.7677
10/6/2023,6.7507
10/9/2023,6.8373
10/10/2023,6.755
10/11/2023,6.6719
10/12/2023,6.6961
10/13/2023,6.7888
10/16/2023,6.8074
10/17/2023,6.7922
10/18/2023,6.8968
10/19/2023,6.8556
10/20/2023,6.9354
10/23/2023,6.8955
10/24/2023,6.7558
10/25/2023,6.6667
10/26/2023,6.7204
10/27/2023,6.6786
10/30/2023,6.6957
10/31/2023,6.6064
11/1/2023,6.6599
11/2/2023,6.718
11/3/2023,6.8206
11/6/2023,6.7759
11/7/2023,6.7639
11/8/2023,6.8611
11/9/2023,6.768
11/10/2023,6.7532
11/13/2023,6.8149
11/14/2023,6.8536
11/15/2023,6.724
11/16/2023,6.6612
11/17/2023,6.7321
11/20/2023,6.6762
11/24/2023,6.5172
11/27/2023,6.513
11/28/2023,6.3689
11/29/2023,6.4388
11/30/2023,6.5563
12/1/2023,6.5529
12/4/2023,6.6018
12/5/2023,6.6151
12/6/2023,6.3227
12/7/2023,6.4064
12/8/2023,6.335
12/11/2023,6.5639
12/12/2023,6.8105
12/13/2023,6.729
12/14/2023,6.6729
12/15/2023,6.6129
12/18/2023,6.6435
12/19/2023,6.6737
12/20/2023,6.6345
12/21/2023,6.6527
12/22/2023,6.6458
12/25/2023,6.647
12/26/2023,6.6639
12/27/2023,6.6862
12/28/2023,6.6696
12/29/2023,6.6909
1/1/2024,6.6952
1/2/2024,6.5732
1/3/2024,6.5178
1/4/2024,6.586
1/5/2024,6.5812
1/8/2024,6.5047
1/9/2024,6.5294
1/10/2024,6.6142
1/11/2024,6.5258
1/12/2024,6.4382
1/15/2024,6.4594
1/16/2024,6.3571
1/17/2024,6.4119
1/18/2024,6.4219
1/19/2024,6.4584
1/22/2024,6.4056
1/23/2024,6.4329
1/24/2024,6.437
1/25/2024,6.4429
1/26/2024,6.3357
1/29/2024,6.2945
1/30/2024,6.3083
1/31/2024,6.2116
2/1/2024,6.2728
2/2/2024,6.2464
2/5/2024,6.1478
2/6/2024,6.1608
2/7/2024,6.1277
2/8/2024,6.02
2/9/2024,6.1334
2/12/2024,6.1063
2/13/2024,6.093
2/14/2024,6.0583
2/15/2024,6.0246
2/16/2024,5.9681
2/19/2024,5.8671
2/20/2024,6.0305
2/21/2024,5.9925
2/22/2024,6.1267
2/23/2024,6.0593
2/26/2024,5.9569
2/27/2024,5.9257
2/28/2024,5.7523
2/29/2024,5.6093
3/1/2024,5.4484
3/4/2024,5.6057
3/5/2024,5.4147
3/6/2024,5.3313
3/7/2024,5.6309
3/8/2024,5.4337
3/11/2024,5.8001
3/12/2024,5.8441
3/13/2024,5.7974
3/14/2024,5.7386
3/15/2024,5.7825
3/18/2024,5.8443
3/19/2024,5.9202
3/20/2024,5.9154
3/21/2024,5.9055
3/22/2024,6.0956
3/25/2024,6.0388
3/26/2024,5.9407
3/27/2024,5.9227
3/28/2024,5.9832
3/29/2024,5.9849
4/1/2024,5.9572
4/2/2024,5.9146
4/3/2024,5.9435
4/4/2024,5.8992
4/5/2024,6.0019
4/8/2024,6.0163
4/9/2024,5.9471
4/10/2024,5.9859
4/11/2024,5.9853
4/12/2024,5.8529
4/15/2024,5.8895
4/16/2024,5.8856
4/17/2024,5.8968
4/18/2024,5.9022
4/19/2024,5.9669
4/22/2024,5.9764
4/23/2024,6.2195
4/24/2024,6.0722
4/25/2024,6.0705
4/26/2024,6.0948
4/29/2024,6.177
4/30/2024,5.9457
5/1/2024,5.9703
5/2/2024,5.9831
5/3/2024,6.1429
5/6/2024,6.2872
5/7/2024,6.1473
5/8/2024,6.0978
5/9/2024,6.3823
5/10/2024,6.479
5/13/2024,7.5858
5/14/2024,7.3437
5/15/2024,7.4384
5/16/2024,7.3568
5/17/2024,7.2997
5/20/2024,7.5804
5/21/2024,7.5998
5/22/2024,7.6444
5/23/2024,7.5998
5/24/2024,7.7123
5/27/2024,7.9491
5/28/2024,7.825
5/29/2024,7.7405
5/30/2024,7.636
5/31/2024,7.6561
6/3/2024,7.6638
6/4/2024,7.6624
6/5/2024,7.5169
6/6/2024,7.5169
6/7/2024,7.4404
6/10/2024,7.0155
6/11/2024,7.2051
6/12/2024,7.0413
6/13/2024,6.9553
6/14/2024,6.8962
6/17/2024,6.7161
6/18/2024,6.7009
6/19/2024,6.7278
6/20/2024,6.6068
6/21/2024,6.5406
6/24/2024,6.5387
6/25/2024,6.4417
6/26/2024,6.4963
6/27/2024,6.6159
6/28/2024,6.5316
7/1/2024,6.7574
7/2/2024,6.7574
7/3/2024,6.5632
7/4/2024,6.5632
7/5/2024,6.7405
7/8/2024,6.5292
7/9/2024,6.6373
7/10/2024,6.5003
7/11/2024,6.5885
7/12/2024,6.5231
7/15/2024,6.3169
7/16/2024,6.3569
7/17/2024,6.3945
7/18/2024,6.386
7/19/2024,6.6112
7/22/2024,6.6839
7/23/2024,6.6452
7/24/2024,6.5703
7/25/2024,6.4816
7/26/2024,6.4137
7/29/2024,6.3538
7/30/2024,6.3294
7/31/2024,6.3294
8/1/2024,6.4543
8/2/2024,6.518
8/5/2024,6.4382
8/6/2024,6.4382
8/7/2024,6.4904
8/8/2024,6.4479
8/9/2024,6.4485
8/12/2024,6.3681
8/13/2024,6.3681
8/14/2024,6.3144
8/15/2024,6.0026
8/16/2024,6.002
8/19/2024,6.1086
8/20/2024,6.1712
8/21/2024,6.0409
8/22/2024,5.9528
8/23/2024,5.9244
8/26/2024,5.9228
8/27/2024,5.8952
8/28/2024,5.8952
8/29/2024,6.0907
8/30/2024,6.1736
9/2/2024,6.1697
9/3/2024,6.1113
9/4/2024,6.2287
9/5/2024,6.1688
9/6/2024,5.9874
9/9/2024,5.8273
9/10/2024,5.7289
9/11/2024,6.6758
9/12/2024,6.7058
9/13/2024,6.783
9/16/2024,6.6931
9/17/2024,6.6447
9/18/2024,6.609
9/19/2024,6.5529
9/20/2024,6.5692
9/23/2024,6.6514
9/24/2024,6.6514
9/25/2024,6.6443
9/26/2024,6.6722
9/27/2024,6.7007
9/30/2024,6.7031
10/1/2024,6.7212
10/2/2024,7.0051
10/3/2024,6.9675
10/4/2024,6.8263
10/7/2024,6.8301
10/8/2024,6.8257
10/9/2024,6.7971
10/10/2024,6.7971
10/11/2024,6.8244
10/14/2024,6.7834
10/15/2024,6.6957
10/16/2024,6.6957
10/17/2024,6.7234
10/18/2024,6.7859
10/21/2024,6.5858
10/22/2024,6.5858
10/23/2024,6.5583
10/24/2024,6.5102
10/25/2024,0
10/28/2024,6.4086
10/29/2024,6.4631
10/30/2024,6.4796
10/31/2024,6.4358
11/1/2024,6.3909
11/4/2024,6.3258
11/5/2024,6.3572
11/6/2024,6.3229
11/7/2024,6.3347
11/8/2024,6.2776
11/11/2024,6.2665
11/12/2024,6.2665
11/13/2024,6.0304
11/14/2024,6.0325
11/15/2024,6.2127
11/18/2024,6.3016
11/19/2024,6.3016
11/20/2024,6.3003
11/21/2024,6.2778
11/22/2024,6.2087
11/25/2024,6.2493
11/26/2024,6.1672
11/27/2024,6.1592
11/28/2024,6.0718
11/29/2024,6.0312
12/2/2024,6.0439
12/3/2024,6.0556
12/4/2024,6.1014
12/5/2024,6.2591
12/6/2024,6.2251
12/9/2024,6.3484
12/10/2024,6.306
12/11/2024,6.6043
12/12/2024,6.5117
12/13/2024,6.5135
12/16/2024,6.6678
12/17/2024,6.6266
12/18/2024,6.6266
12/19/2024,6.5638
12/20/2024,6.4532
12/23/2024,6.5704
12/24/2024,6.537
12/25/2024,6.5383
12/26/2024,6.5534
12/27/2024,6.5972
12/30/2024,6.6193
12/31/2024,6.6758
1/1/2025,6.6752
1/2/2025,6.6752
1/3/2025,6.6845
1/6/2025,6.5288
1/7/2025,6.496
1/8/2025,6.496
1/9/2025,6.4784
1/10/2025,6.4877
1/13/2025,6.5474
1/14/2025,6.5474
1/15/2025,6.3946
1/16/2025,6.3946
1/17/2025,6.3466
1/20/2025,6.3478
1/21/2025,6.5575
1/22/2025,6.5073
1/23/2025,6.5335
1/24/2025,6.4672
1/27/2025,6.3864
1/28/2025,6.3919
1/29/2025,6.4945
1/30/2025,6.5901
1/31/2025,6.554
2/3/2025,6.5869
2/4/2025,6.6304
2/5/2025,6.5318
2/6/2025,6.6278
2/7/2025,6.5927
2/10/2025,6.6366
2/11/2025,6.6366
2/12/2025,6.5667
2/13/2025,6.5844
2/14/2025,6.6467
2/17/2025,6.6454
2/18/2025,6.5187
2/19/2025,6.4806
2/20/2025,6.4952
2/21/2025,6.4485
2/24/2025,6.459
2/25/2025,6.4419
2/26/2025,6.3665
2/27/2025,6.2387
2/28/2025,6.2387
3/3/2025,6.2029
3/4/2025,6.2532
3/5/2025,6.2871
3/6/2025,6.2871
3/7/2025,6.0451
3/10/2025,6.4246
3/11/2025,6.565
3/12/2025,6.621
3/13/2025,6.6754
3/14/2025,6.6087
3/17/2025,6.6124
3/18/2025,6.611
3/19/2025,6.7482
3/20/2025,6.7482
3/21/2025,6.6982
3/24/2025,6.5264
3/25/2025,6.466
3/26/2025,6.466
3/27/2025,6.4144
3/28/2025,6.4384
3/31/2025,6.4348
4/1/2025,6.5093
4/2/2025,6.5087
4/3/2025,6.6444
4/4/2025,6.615
4/7/2025,6.6838
4/8/2025,6.6856
4/9/2025,6.5476
4/10/2025,6.6169
4/11/2025,6.7464
4/14/2025,6.6171
4/15/2025,6.4648
4/16/2025,6.4861
4/17/2025,6.5464
4/18/2025,6.5568
4/21/2025,6.627
4/22/2025,6.4384
4/23/2025,6.4314
4/24/2025,6.4297
4/25/2025,6.5056
4/28/2025,6.4346
4/29/2025,6.4335
4/30/2025,6.2568
5/1/2025,6.2568
5/2/2025,6.2023
5/5/2025,6.2749
5/6/2025,6.2281
5/7/2025,6.1463
5/8/2025,6.0962
5/9/2025,6.0962
5/12/2025,6.01
5/13/2025,6.0111
5/14/2025,6.2327
5/15/2025,6.2595
5/16/2025,6.2117
5/19/2025,6.1907
5/20/2025,6.4212
5/21/2025,6.5305
5/22/2025,6.4332
5/23/2025,6.4338
5/26/2025,6.3779
5/27/2025,6.2243
5/28/2025,6.1737
5/29/2025,6.2634
5/30/2025,6.2083
6/2/2025,6.3041
6/3/2025,6.2628
6/4/2025,6.3032
6/5/2025,6.3108
6/6/2025,6.3365
6/9/2025,6.3409
6/10/2025,6.2103
6/11/2025,6.2566
6/12/2025,6.2745
6/13/2025,6.2745
6/16/2025,6.289
6/17/2025,6.3262
6/18/2025,6.4981
6/19/2025,6.4981
6/20/2025,6.5308
6/23/2025,6.4662
6/24/2025,6.4684
6/25/2025,6.3143
6/26/2025,6.2532
6/27/2025,6.2427
6/30/2025,6.2587
7/1/2025,6.2618
7/2/2025,6.2484
7/3/2025,6.2784
7/4/2025,6.3174
7/7/2025,6.2672
7/8/2025,6.2523
7/9/2025,6.2624
7/10/2025,6.289
7/11/2025,6.4178
7/14/2025,6.3798
7/15/2025,6.2632
7/16/2025,6.3173
7/17/2025,6.2856
7/18/2025,6.3075
7/21/2025,6.4089
7/22/2025,6.4373
7/23/2025,6.4695
7/24/2025,6.3852
7/25/2025,6.32
7/28/2025,6.2549
7/29/2025,6.2865
7/30/2025,6.1925
7/31/2025,6.1676
8/1/2025,6.1161
8/4/2025,6.2107
8/5/2025,6.2096
8/6/2025,6.1072
8/7/2025,6.1589
8/8/2025,6.285
8/11/2025,6.1646
8/12/2025,6.1641
8/13/2025,6.1176
8/14/2025,6.1917
8/15/2025,6.2482
8/18/2025,6.2129
8/19/2025,6.224
8/20/2025,6.1631
8/21/2025,6.2257
8/22/2025,6.2279
8/25/2025,6.2708
8/26/2025,6.1646
8/27/2025,6.1869
8/28/2025,6.0934
8/29/2025,6.0163
9/1/2025,6.0995
9/2/2025,5.9462
9/3/2025,5.7908
9/4/2025,5.7908
9/5/2025,5.7735
9/8/2025,5.5609
9/9/2025,5.5492
9/10/2025,5.4225
9/11/2025,5.4314
9/12/2025,6.0521
9/15/2025,6.1076
9/16/2025,6.1076
9/17/2025,6.1874
9/18/2025,6.1806
9/19/2025,6.1693
9/22/2025,6.0862
9/23/2025,6.0792
9/24/2025,6.1095
9/25/2025,6.0893
9/26/2025,6.0542
9/29/2025,6.0303
9/30/2025,6.0182
10/1/2025,5.9494
10/2/2025,5.9808
10/3/2025,5.9991
10/6/2025,5.9835
10/7/2025,5.9765
10/8/2025,5.9559
10/9/2025,5.95
10/10/2025,5.9965
10/13/2025,5.9678
10/14/2025,6.0156
10/15/2025,6.0156
10/16/2025,6.0221
10/17/2025,5.9874
10/20/2025,5.9981
10/21/2025,5.974
10/22/2025,5.9425
10/23/2025,5.9861
10/24/2025,6.0071
10/27/2025,6.0143
10/28/2025,6.1372
10/29/2025,6.0635
10/30/2025,6.0222
10/31/2025,6.0594
11/3/2025,6.0761
11/4/2025,6.0857
11/5/2025,6.0759
11/6/2025,6.0348
11/7/2025,6.03
11/10/2025,6.0007
11/11/2025,5.9674
11/12/2025,6.0021
11/13/2025,6.0016
11/14/2025,5.9518
11/17/2025,5.9942
11/18/2025,6.0126
11/19/2025,5.9746
11/20/2025,5.9381
11/21/2025,5.9465
11/24/2025,5.9512
11/25/2025,5.9429
11/26/2025,5.9741
11/27/2025,5.9657
11/28/2025,5.9079
12/1/2025,5.9003
12/2/2025,6.0434
12/3/2025,6.1314
12/4/2025,6.1019
12/5/2025,6.0829
12/8/2025,5.9937
12/9/2025,6.0138
12/10/2025,6.0459
12/11/2025,6.0228
12/12/2025,6.0372
12/15/2025,6.0055
12/16/2025,5.9395
12/17/2025,5.9204
12/18/2025,5.9358
12/19/2025,5.9547
12/22/2025,6.0266
12/23/2025,6.067
12/24/2025,6.101
12/25/2025,6.101
12/26/2025,6.0953
12/29/2025,6.1113
12/30/2025,6.0663
12/31/2025,6.0668
1/1/2026,6.0679
1/2/2026,6.039
1/5/2026,6.0056
1/6/2026,6.012
1/7/2026,6.0847
1/8/2026,6.0764
1/9/2026,6.0734
1/12/2026,6.0102
1/13/2026,6.029
1/14/2026,5.983
1/15/2026,5.9798
1/16/2026,6.022
1/19/2026,6.0612
1/20/2026,6.0475
1/21/2026,6.0295
1/22/2026,6.0614
1/23/2026,6.1448
1/26/2026,6.1092
1/27/2026,6.1367
1/28/2026,6.1819
1/29/2026,6.2309
1/30/2026,6.2705
2/2/2026,6.2094
2/3/2026,6.2166
2/4/2026,6.2264
2/5/2026,6.2132
2/6/2026,6.1079
2/9/2026,6.1434
2/10/2026,6.1341
2/11/2026,6.1567
2/12/2026,6.2101
2/13/2026,6.1793
2/16/2026,6.177
2/17/2026,6.1458
2/18/2026,6.1185
2/19/2026,6.2084
2/20/2026,6.304
2/23/2026,6.288
2/24/2026,6.2586
2/25/2026,6.2049
2/26/2026,6.2061
2/27/2026,6.2093
3/2/2026,6.284
3/3/2026,6.1789
3/4/2026,6.246
3/5/2026,6.0904
3/6/2026,6.2058
3/9/2026,6.3102
3/10/2026,6.1878
3/11/2026,6.0395
3/12/2026,6.4547
3/13/2026,6.532
3/16/2026,6.5934
3/17/2026,6.5096
3/18/2026,6.4038
3/19/2026,6.5434
3/20/2026,6.5187
3/23/2026,6.4266
3/24/2026,6.3905
3/25/2026,6.395
3/26/2026,6.4042
3/27/2026,6.4289
3/30/2026,6.3531
3/31/2026,6.408
4/1/2026,6.4595
4/2/2026,6.3217
4/3/2026,6.3455
4/6/2026,6.361
4/7/2026,6.3902
4/8/2026,6.2753
4/9/2026,6.2963
4/10/2026,6.2384
4/13/2026,6.2336
4/14/2026,6.2521
4/15/2026,6.3035
4/16/2026,6.2372
4/17/2026,6.2187
4/20/2026,6.1763
4/21/2026,6.1996
4/22/2026,6.222
4/23/2026,6.2098
4/24/2026,6.3219
4/27/2026,6.2459
4/28/2026,6.2161
4/29/2026,6.2611
4/30/2026,6.2023
5/1/2026,6.0923
5/4/2026,6.0777
5/5/2026,6.0713
5/6/2026,6.0599
5/7/2026,6.0565
5/8/2026,6.0138
5/11/2026,6.0123
5/12/2026,5.7512
5/13/2026,6.9039
5/14/2026,6.8291
5/15/2026,6.7547
5/18/2026,6.6629
5/19/2026,6.8092
5/20/2026,6.8186
5/21/2026,6.8631
5/22/2026,6.765
5/25/2026,6.8104
5/26/2026,6.7186
5/27/2026,6.7655
5/28/2026,6.66
5/29/2026,6.6402
6/1/2026,6.5638
6/2/2026,6.4678
6/3/2026,6.4566
6/4/2026,6.4181
6/5/2026,6.3343
6/8/2026,6.3504
6/9/2026,6.3044
6/10/2026,6.3195
6/11/2026,6.4134
6/12/2026,6.3826
6/15/2026,6.3412
6/16/2026,6.3342
6/17/2026,6.3389
6/18/2026,6.372
6/19/2026,6.3319
6/22/2026,6.407
6/23/2026,6.3829
6/24/2026,6.3368
6/25/2026,6.4309
6/26/2026,6.4144
6/29/2026,6.297
6/30/2026,6.2782
7/1/2026,6.2955
7/2/2026,6.3248
7/3/2026,6.2642
7/6/2026,6.2747
7/7/2026,6.357
7/8/2026,6.3698
7/9/2026,6.3542
7/10/2026,6.3686
7/13/2026,6.6528
7/14/2026,6.675
7/15/2026,6.7716
7/16/2026,7.2102
7/17/2026,7.1208
7/20/2026,7.2773
7/21/2026,7.2846
7/22/2026,7.2878
