Date,Value
12/31/1996,7.26
1/2/1997,7.36
1/3/1997,7.34
1/6/1997,7.37
1/7/1997,7.39
1/8/1997,7.41
1/9/1997,7.35
1/10/1997,7.44
1/13/1997,7.44
1/14/1997,7.35
1/15/1997,7.35
1/16/1997,7.39
1/17/1997,7.38
1/20/1997,7.38
1/21/1997,7.34
1/22/1997,7.37
1/23/1997,7.4
1/24/1997,7.44
1/27/1997,7.48
1/28/1997,7.43
1/29/1997,7.43
1/30/1997,7.4
1/31/1997,7.33
2/3/1997,7.27
2/4/1997,7.25
2/5/1997,7.28
2/6/1997,7.28
2/7/1997,7.23
2/10/1997,7.23
2/11/1997,7.23
2/12/1997,7.24
2/13/1997,7.15
2/14/1997,7.1
2/18/1997,7.11
2/19/1997,7.14
2/20/1997,7.2
2/21/1997,7.19
2/24/1997,7.21
2/25/1997,7.22
2/26/1997,7.37
2/27/1997,7.39
2/28/1997,7.39
3/3/1997,7.4
3/4/1997,7.43
3/5/1997,7.42
3/6/1997,7.45
3/7/1997,7.39
3/10/1997,7.39
3/11/1997,7.4
3/12/1997,7.43
3/13/1997,7.54
3/14/1997,7.52
3/17/1997,7.53
3/18/1997,7.53
3/19/1997,7.55
3/20/1997,7.55
3/21/1997,7.55
3/24/1997,7.53
3/25/1997,7.56
3/26/1997,7.6
3/27/1997,7.7
3/31/1997,7.72
4/1/1997,7.69
4/2/1997,7.69
4/3/1997,7.68
4/4/1997,7.74
4/7/1997,7.69
4/8/1997,7.72
4/9/1997,7.72
4/10/1997,7.72
4/11/1997,7.79
4/14/1997,7.8
4/15/1997,7.7
4/16/1997,7.72
4/17/1997,7.67
4/18/1997,7.65
4/21/1997,7.69
4/22/1997,7.67
4/23/1997,7.72
4/24/1997,7.76
4/25/1997,7.77
4/28/1997,7.75
4/29/1997,7.6
4/30/1997,7.55
5/1/1997,7.52
5/2/1997,7.5
5/5/1997,7.5
5/6/1997,7.5
5/7/1997,7.57
5/8/1997,7.54
5/9/1997,7.48
5/12/1997,7.46
5/13/1997,7.52
5/14/1997,7.48
5/15/1997,7.47
5/16/1997,7.5
5/19/1997,7.51
5/20/1997,7.49
5/21/1997,7.53
5/22/1997,7.55
5/23/1997,7.54
5/27/1997,7.58
5/28/1997,7.58
5/29/1997,7.54
5/30/1997,7.48
5/31/1997,7.49
6/2/1997,7.46
6/3/1997,7.43
6/4/1997,7.43
6/5/1997,7.43
6/6/1997,7.33
6/9/1997,7.37
6/10/1997,7.39
6/11/1997,7.38
6/12/1997,7.3
6/13/1997,7.26
6/16/1997,7.23
6/17/1997,7.25
6/18/1997,7.23
6/19/1997,7.23
6/20/1997,7.2
6/23/1997,7.23
6/24/1997,7.23
6/25/1997,7.27
6/26/1997,7.31
6/27/1997,7.28
6/30/1997,7.33
7/1/1997,7.27
7/2/1997,7.25
7/3/1997,7.15
7/7/1997,7.11
7/8/1997,7.11
7/9/1997,7.08
7/10/1997,7.09
7/11/1997,7.07
7/14/1997,7.09
7/15/1997,7.08
7/16/1997,7.03
7/17/1997,7.03
7/18/1997,7.06
7/21/1997,7.08
7/22/1997,6.97
7/23/1997,6.96
7/24/1997,6.97
7/25/1997,6.99
7/28/1997,6.95
7/29/1997,6.91
7/30/1997,6.87
7/31/1997,6.84
8/1/1997,7.01
8/4/1997,7.03
8/5/1997,7.04
8/6/1997,7.04
8/7/1997,7.05
8/8/1997,7.17
8/11/1997,7.17
8/12/1997,7.2
8/13/1997,7.17
8/14/1997,7.1
8/15/1997,7.09
8/18/1997,7.04
8/19/1997,7.04
8/20/1997,7.07
8/21/1997,7.12
8/22/1997,7.19
8/25/1997,7.2
8/26/1997,7.19
8/27/1997,7.2
8/28/1997,7.12
8/29/1997,7.16
8/31/1997,7.17
9/2/1997,7.13
9/3/1997,7.16
9/4/1997,7.16
9/5/1997,7.19
9/8/1997,7.17
9/9/1997,7.18
9/10/1997,7.21
9/11/1997,7.23
9/12/1997,7.13
9/15/1997,7.12
9/16/1997,6.96
9/17/1997,6.94
9/18/1997,6.96
9/19/1997,6.94
9/22/1997,6.91
9/23/1997,6.95
9/24/1997,6.9
9/25/1997,6.98
9/26/1997,6.93
9/29/1997,6.94
9/30/1997,6.96
10/1/1997,6.89
10/2/1997,6.87
10/3/1997,6.85
10/6/1997,6.82
10/7/1997,6.79
10/8/1997,6.91
10/9/1997,6.93
10/10/1997,7.01
10/13/1997,7
10/14/1997,6.92
10/15/1997,6.96
10/16/1997,6.96
10/17/1997,7.03
10/20/1997,7.01
10/21/1997,7.01
10/22/1997,6.99
10/23/1997,6.91
10/24/1997,6.88
10/27/1997,6.76
10/28/1997,6.89
10/29/1997,6.81
10/30/1997,6.76
10/31/1997,6.81
11/3/1997,6.9
11/4/1997,6.93
11/5/1997,6.93
11/6/1997,6.9
11/7/1997,6.9
11/10/1997,6.91
11/11/1997,6.91
11/12/1997,6.89
11/13/1997,6.88
11/14/1997,6.87
11/17/1997,6.86
11/18/1997,6.86
11/19/1997,6.83
11/20/1997,6.86
11/21/1997,6.82
11/24/1997,6.87
11/25/1997,6.86
11/26/1997,6.88
11/27/1997,6.88
11/28/1997,6.89
11/30/1997,6.89
12/1/1997,6.89
12/2/1997,6.88
12/3/1997,6.85
12/4/1997,6.87
12/5/1997,6.94
12/8/1997,6.98
12/9/1997,6.96
12/10/1997,6.92
12/11/1997,6.84
12/12/1997,6.78
12/15/1997,6.81
12/16/1997,6.8
12/17/1997,6.83
12/18/1997,6.79
12/19/1997,6.75
12/22/1997,6.76
12/23/1997,6.77
12/24/1997,6.79
12/26/1997,6.78
12/29/1997,6.8
12/30/1997,6.84
12/31/1997,6.8
1/2/1998,6.73
1/5/1998,6.6
1/6/1998,6.57
1/7/1998,6.62
1/8/1998,6.55
1/9/1998,6.47
1/12/1998,6.47
1/13/1998,6.51
1/14/1998,6.54
1/15/1998,6.55
1/16/1998,6.62
1/19/1998,6.62
1/20/1998,6.65
1/21/1998,6.62
1/22/1998,6.63
1/23/1998,6.75
1/26/1998,6.71
1/27/1998,6.76
1/28/1998,6.78
1/29/1998,6.68
1/30/1998,6.69
1/31/1998,6.67
2/2/1998,6.71
2/3/1998,6.7
2/4/1998,6.7
2/5/1998,6.75
2/6/1998,6.75
2/9/1998,6.78
2/10/1998,6.77
2/11/1998,6.72
2/12/1998,6.71
2/13/1998,6.68
2/16/1998,6.68
2/17/1998,6.64
2/18/1998,6.68
2/19/1998,6.7
2/20/1998,6.71
2/23/1998,6.75
2/24/1998,6.84
2/25/1998,6.81
2/26/1998,6.83
2/27/1998,6.8
2/28/1998,6.79
3/2/1998,6.87
3/3/1998,6.92
3/4/1998,6.91
3/5/1998,6.92
3/6/1998,6.87
3/9/1998,6.82
3/10/1998,6.83
3/11/1998,6.8
3/12/1998,6.74
3/13/1998,6.75
3/16/1998,6.72
3/17/1998,6.74
3/18/1998,6.76
3/19/1998,6.76
3/20/1998,6.75
3/23/1998,6.75
3/24/1998,6.74
3/25/1998,6.81
3/26/1998,6.84
3/27/1998,6.85
3/30/1998,6.87
3/31/1998,6.81
4/1/1998,6.76
4/2/1998,6.72
4/3/1998,6.64
4/6/1998,6.68
4/7/1998,6.69
4/8/1998,6.73
4/9/1998,6.74
4/13/1998,6.81
4/14/1998,6.77
4/15/1998,6.75
4/16/1998,6.73
4/17/1998,6.74
4/20/1998,6.78
4/21/1998,6.82
4/22/1998,6.82
4/23/1998,6.83
4/24/1998,6.81
4/27/1998,6.93
4/28/1998,6.94
4/29/1998,6.94
4/30/1998,6.82
5/1/1998,6.8
5/4/1998,6.81
5/5/1998,6.84
5/6/1998,6.79
5/7/1998,6.81
5/8/1998,6.83
5/11/1998,6.9
5/12/1998,6.83
5/13/1998,6.81
5/14/1998,6.84
5/15/1998,6.83
5/18/1998,6.78
5/19/1998,6.8
5/20/1998,6.76
5/21/1998,6.81
5/22/1998,6.79
5/25/1998,6.79
5/26/1998,6.74
5/27/1998,6.72
5/28/1998,6.73
5/29/1998,6.71
5/31/1998,6.71
6/1/1998,6.68
6/2/1998,6.71
6/3/1998,6.73
6/4/1998,6.75
6/5/1998,6.74
6/8/1998,6.74
6/9/1998,6.74
6/10/1998,6.67
6/11/1998,6.61
6/12/1998,6.6
6/15/1998,6.57
6/16/1998,6.63
6/17/1998,6.71
6/18/1998,6.68
6/19/1998,6.65
6/22/1998,6.64
6/23/1998,6.64
6/24/1998,6.64
6/25/1998,6.64
6/26/1998,6.64
6/29/1998,6.65
6/30/1998,6.67
7/1/1998,6.65
7/2/1998,6.63
7/3/1998,6.63
7/6/1998,6.61
7/7/1998,6.63
7/8/1998,6.65
7/9/1998,6.63
7/10/1998,6.63
7/13/1998,6.68
7/14/1998,6.71
7/15/1998,6.7
7/16/1998,6.72
7/17/1998,6.73
7/20/1998,6.71
7/21/1998,6.67
7/22/1998,6.68
7/23/1998,6.67
7/24/1998,6.68
7/27/1998,6.69
7/28/1998,6.7
7/29/1998,6.75
7/30/1998,6.75
7/31/1998,6.79
8/3/1998,6.74
8/4/1998,6.71
8/5/1998,6.71
8/6/1998,6.73
8/7/1998,6.69
8/10/1998,6.69
8/11/1998,6.66
8/12/1998,6.68
8/13/1998,6.72
8/14/1998,6.68
8/17/1998,6.68
8/18/1998,6.71
8/19/1998,6.71
8/20/1998,6.68
8/21/1998,6.63
8/24/1998,6.64
8/25/1998,6.6
8/26/1998,6.58
8/27/1998,6.53
8/28/1998,6.63
8/31/1998,6.92
9/1/1998,6.93
9/2/1998,6.96
9/3/1998,6.91
9/4/1998,6.9
9/7/1998,6.9
9/8/1998,6.91
9/9/1998,6.81
9/10/1998,6.66
9/11/1998,6.73
9/14/1998,6.75
9/15/1998,6.77
9/16/1998,6.75
9/17/1998,6.7
9/18/1998,6.64
9/21/1998,6.64
9/22/1998,6.68
9/23/1998,6.63
9/24/1998,6.58
9/25/1998,6.56
9/28/1998,6.57
9/29/1998,6.59
9/30/1998,6.5
10/1/1998,6.39
10/2/1998,6.41
10/5/1998,6.3
10/6/1998,6.36
10/7/1998,6.46
10/8/1998,6.62
10/9/1998,6.83
10/12/1998,6.83
10/13/1998,6.8
10/14/1998,6.69
10/15/1998,6.69
10/16/1998,6.57
10/19/1998,6.58
10/20/1998,6.65
10/21/1998,6.68
10/22/1998,6.72
10/23/1998,6.76
10/26/1998,6.76
10/27/1998,6.68
10/28/1998,6.66
10/29/1998,6.65
10/30/1998,6.8
10/31/1998,6.81
11/2/1998,6.93
11/3/1998,6.92
11/4/1998,7.03
11/5/1998,7.01
11/6/1998,7.11
11/9/1998,7.03
11/10/1998,6.99
11/11/1998,6.98
11/12/1998,6.95
11/13/1998,6.98
11/16/1998,6.99
11/17/1998,7.01
11/18/1998,6.97
11/19/1998,6.98
11/20/1998,6.95
11/23/1998,6.97
11/24/1998,6.94
11/25/1998,6.9
11/26/1998,6.9
11/27/1998,6.87
11/30/1998,6.71
12/1/1998,6.65
12/2/1998,6.58
12/3/1998,6.58
12/4/1998,6.64
12/7/1998,6.7
12/8/1998,6.61
12/9/1998,6.59
12/10/1998,6.55
12/11/1998,6.64
12/14/1998,6.64
12/15/1998,6.7
12/16/1998,6.66
12/17/1998,6.65
12/18/1998,6.65
12/21/1998,6.73
12/22/1998,6.79
12/23/1998,6.9
12/24/1998,6.95
12/28/1998,6.89
12/29/1998,6.83
12/30/1998,6.76
12/31/1998,6.7
1/4/1999,6.72
1/5/1999,6.78
1/6/1999,6.75
1/7/1999,6.8
1/8/1999,6.84
1/11/1999,6.87
1/12/1999,6.8
1/13/1999,6.73
1/14/1999,6.63
1/15/1999,6.69
1/18/1999,6.71
1/19/1999,6.71
1/20/1999,6.74
1/21/1999,6.7
1/22/1999,6.64
1/25/1999,6.66
1/26/1999,6.68
1/27/1999,6.66
1/28/1999,6.64
1/29/1999,6.58
1/31/1999,6.58
2/1/1999,6.67
2/2/1999,6.72
2/3/1999,6.76
2/4/1999,6.82
2/5/1999,6.83
2/8/1999,6.82
2/9/1999,6.8
2/10/1999,6.8
2/11/1999,6.81
2/12/1999,6.96
2/15/1999,6.95
2/16/1999,6.9
2/17/1999,6.85
2/18/1999,6.88
2/19/1999,6.91
2/22/1999,6.88
2/23/1999,6.93
2/24/1999,7.01
2/25/1999,7.12
2/26/1999,7.05
2/28/1999,7.08
3/1/1999,7.17
3/2/1999,7.11
3/3/1999,7.15
3/4/1999,7.21
3/5/1999,7.1
3/8/1999,7.08
3/9/1999,7
3/10/1999,7.01
3/11/1999,7.01
3/12/1999,6.97
3/15/1999,6.94
3/16/1999,6.88
3/17/1999,6.9
3/18/1999,6.88
3/19/1999,6.93
3/22/1999,6.96
3/23/1999,6.94
3/24/1999,6.91
3/25/1999,6.95
3/26/1999,6.95
3/29/1999,6.99
3/30/1999,6.93
3/31/1999,6.97
4/1/1999,7
4/2/1999,6.92
4/5/1999,6.92
4/6/1999,6.86
4/7/1999,6.86
4/8/1999,6.78
4/9/1999,6.78
4/12/1999,6.79
4/13/1999,6.83
4/14/1999,6.84
4/15/1999,6.86
4/16/1999,6.9
4/19/1999,6.85
4/20/1999,6.83
4/21/1999,6.84
4/22/1999,6.93
4/23/1999,6.91
4/26/1999,6.89
4/27/1999,6.88
4/28/1999,6.92
4/29/1999,6.86
4/30/1999,7.01
5/3/1999,6.98
5/4/1999,7.02
5/5/1999,7
5/6/1999,7.09
5/7/1999,7.11
5/10/1999,7.08
5/11/1999,7.13
5/12/1999,7.11
5/13/1999,7.02
5/14/1999,7.19
5/17/1999,7.22
5/18/1999,7.22
5/19/1999,7.2
5/20/1999,7.22
5/21/1999,7.17
5/24/1999,7.15
5/25/1999,7.18
5/26/1999,7.23
5/27/1999,7.29
5/28/1999,7.32
5/31/1999,7.33
6/1/1999,7.46
6/2/1999,7.46
6/3/1999,7.45
6/4/1999,7.46
6/7/1999,7.47
6/8/1999,7.48
6/9/1999,7.52
6/10/1999,7.56
6/11/1999,7.64
6/14/1999,7.61
6/15/1999,7.61
6/16/1999,7.57
6/17/1999,7.43
6/18/1999,7.48
6/21/1999,7.53
6/22/1999,7.57
6/23/1999,7.63
6/24/1999,7.67
6/25/1999,7.65
6/28/1999,7.59
6/29/1999,7.56
6/30/1999,7.5
7/1/1999,7.53
7/2/1999,7.51
7/5/1999,7.51
7/6/1999,7.55
7/7/1999,7.58
7/8/1999,7.52
7/9/1999,7.52
7/12/1999,7.42
7/13/1999,7.4
7/14/1999,7.43
7/15/1999,7.41
7/16/1999,7.38
7/19/1999,7.37
7/20/1999,7.35
7/21/1999,7.36
7/22/1999,7.46
7/23/1999,7.51
7/26/1999,7.55
7/27/1999,7.53
7/28/1999,7.53
7/29/1999,7.59
7/30/1999,7.69
7/31/1999,7.7
8/2/1999,7.7
8/3/1999,7.73
8/4/1999,7.72
8/5/1999,7.65
8/6/1999,7.79
8/9/1999,7.91
8/10/1999,7.93
8/11/1999,7.88
8/12/1999,7.9
8/13/1999,7.81
8/16/1999,7.8
8/17/1999,7.73
8/18/1999,7.72
8/19/1999,7.74
8/20/1999,7.72
8/23/1999,7.73
8/24/1999,7.68
8/25/1999,7.6
8/26/1999,7.63
8/27/1999,7.71
8/30/1999,7.8
8/31/1999,7.85
9/1/1999,7.84
9/2/1999,7.88
9/3/1999,7.76
9/6/1999,7.76
9/7/1999,7.83
9/8/1999,7.8
9/9/1999,7.83
9/10/1999,7.77
9/13/1999,7.79
9/14/1999,7.83
9/15/1999,7.8
9/16/1999,7.77
9/17/1999,7.74
9/20/1999,7.77
9/21/1999,7.79
9/22/1999,7.78
9/23/1999,7.71
9/24/1999,7.64
9/27/1999,7.72
9/28/1999,7.77
9/29/1999,7.84
9/30/1999,7.77
10/1/1999,7.85
10/4/1999,7.81
10/5/1999,7.89
10/6/1999,7.9
10/7/1999,7.91
10/8/1999,7.89
10/11/1999,7.89
10/12/1999,7.91
10/13/1999,7.97
10/14/1999,8.01
10/15/1999,7.93
10/18/1999,7.96
10/19/1999,8.01
10/20/1999,8.01
10/21/1999,8.03
10/22/1999,8.03
10/25/1999,8.04
10/26/1999,8.07
10/27/1999,8.02
10/28/1999,7.96
10/29/1999,7.86
10/31/1999,7.86
11/1/1999,7.89
11/2/1999,7.86
11/3/1999,7.84
11/4/1999,7.79
11/5/1999,7.75
11/8/1999,7.77
11/9/1999,7.78
11/10/1999,7.8
11/11/1999,7.8
11/12/1999,7.74
11/15/1999,7.74
11/16/1999,7.76
11/17/1999,7.83
11/18/1999,7.86
11/19/1999,7.85
11/22/1999,7.88
11/23/1999,7.88
11/24/1999,7.88
11/25/1999,7.88
11/26/1999,7.9
11/29/1999,7.95
11/30/1999,7.95
12/1/1999,7.97
12/2/1999,7.99
12/3/1999,7.92
12/6/1999,7.9
12/7/1999,7.85
12/8/1999,7.87
12/9/1999,7.87
12/10/1999,7.81
12/13/1999,7.84
12/14/1999,7.95
12/15/1999,7.97
12/16/1999,8.02
12/17/1999,8.04
12/20/1999,8.08
12/21/1999,8.09
12/22/1999,8.11
12/23/1999,8.12
12/24/1999,8.12
12/27/1999,8.11
12/28/1999,8.11
12/29/1999,8.04
12/30/1999,8.03
12/31/1999,8.1
1/3/2000,8.22
1/4/2000,8.15
1/5/2000,8.24
1/6/2000,8.19
1/7/2000,8.17
1/10/2000,8.19
1/11/2000,8.26
1/12/2000,8.28
1/13/2000,8.22
1/14/2000,8.28
1/17/2000,8.27
1/18/2000,8.31
1/19/2000,8.29
1/20/2000,8.31
1/21/2000,8.31
1/24/2000,8.23
1/25/2000,8.23
1/26/2000,8.22
1/27/2000,8.22
1/28/2000,8.19
1/31/2000,8.24
2/1/2000,8.2
2/2/2000,8.16
2/3/2000,8.05
2/4/2000,8.11
2/7/2000,8.21
2/8/2000,8.16
2/9/2000,8.22
2/10/2000,8.28
2/11/2000,8.24
2/14/2000,8.16
2/15/2000,8.18
2/16/2000,8.19
2/17/2000,8.21
2/18/2000,8.14
2/21/2000,8.14
2/22/2000,8.03
2/23/2000,8.11
2/24/2000,8.04
2/25/2000,8.04
2/28/2000,8.16
2/29/2000,8.22
3/1/2000,8.21
3/2/2000,8.23
3/3/2000,8.2
3/6/2000,8.24
3/7/2000,8.22
3/8/2000,8.22
3/9/2000,8.2
3/10/2000,8.24
3/13/2000,8.24
3/14/2000,8.19
3/15/2000,8.17
3/16/2000,8.14
3/17/2000,8.12
3/20/2000,8.12
3/21/2000,8.1
3/22/2000,8.1
3/23/2000,8.05
3/24/2000,8.16
3/27/2000,8.17
3/28/2000,8.16
3/29/2000,8.15
3/30/2000,8.19
3/31/2000,8.21
4/3/2000,8.18
4/4/2000,8.07
4/5/2000,8.11
4/6/2000,8.13
4/7/2000,8.11
4/10/2000,8.08
4/11/2000,8.21
4/12/2000,8.29
4/13/2000,8.26
4/14/2000,8.25
4/17/2000,8.31
4/18/2000,8.33
4/19/2000,8.28
4/20/2000,8.28
4/24/2000,8.28
4/25/2000,8.41
4/26/2000,8.47
4/27/2000,8.59
4/28/2000,8.66
4/30/2000,8.58
5/1/2000,8.6
5/2/2000,8.64
5/3/2000,8.7
5/4/2000,8.75
5/5/2000,8.8
5/8/2000,8.86
5/9/2000,8.84
5/10/2000,8.82
5/11/2000,8.81
5/12/2000,8.89
5/15/2000,8.84
5/16/2000,8.83
5/17/2000,8.86
5/18/2000,8.93
5/19/2000,8.89
5/22/2000,8.82
5/23/2000,8.84
5/24/2000,8.86
5/25/2000,8.83
5/26/2000,8.79
5/29/2000,8.79
5/30/2000,8.83
5/31/2000,8.79
6/1/2000,8.7
6/2/2000,8.65
6/5/2000,8.58
6/6/2000,8.6
6/7/2000,8.57
6/8/2000,8.56
6/9/2000,8.56
6/12/2000,8.53
6/13/2000,8.53
6/14/2000,8.47
6/15/2000,8.46
6/16/2000,8.39
6/19/2000,8.4
6/20/2000,8.41
6/21/2000,8.48
6/22/2000,8.49
6/23/2000,8.53
6/26/2000,8.47
6/27/2000,8.47
6/28/2000,8.48
6/29/2000,8.4
6/30/2000,8.43
7/3/2000,8.38
7/4/2000,8.38
7/5/2000,8.37
7/6/2000,8.42
7/7/2000,8.38
7/10/2000,8.39
7/11/2000,8.4
7/12/2000,8.42
7/13/2000,8.34
7/14/2000,8.42
7/17/2000,8.46
7/18/2000,8.45
7/19/2000,8.45
7/20/2000,8.31
7/21/2000,8.3
7/24/2000,8.33
7/25/2000,8.32
7/26/2000,8.32
7/27/2000,8.28
7/28/2000,8.3
7/31/2000,8.32
8/1/2000,8.28
8/2/2000,8.26
8/3/2000,8.24
8/4/2000,8.19
8/7/2000,8.23
8/8/2000,8.2
8/9/2000,8.19
8/10/2000,8.16
8/11/2000,8.21
8/14/2000,8.2
8/15/2000,8.22
8/16/2000,8.24
8/17/2000,8.23
8/18/2000,8.2
8/21/2000,8.24
8/22/2000,8.26
8/23/2000,8.22
8/24/2000,8.2
8/25/2000,8.2
8/28/2000,8.25
8/29/2000,8.28
8/30/2000,8.28
8/31/2000,8.16
9/1/2000,8.11
9/4/2000,8.11
9/5/2000,8.11
9/6/2000,8.14
9/7/2000,8.17
9/8/2000,8.14
9/11/2000,8.18
9/12/2000,8.19
9/13/2000,8.15
9/14/2000,8.19
9/15/2000,8.21
9/18/2000,8.23
9/19/2000,8.2
9/20/2000,8.24
9/21/2000,8.22
9/22/2000,8.19
9/25/2000,8.19
9/26/2000,8.16
9/27/2000,8.15
9/28/2000,8.15
9/29/2000,8.13
9/30/2000,8.13
10/2/2000,8.14
10/3/2000,8.19
10/4/2000,8.22
10/5/2000,8.21
10/6/2000,8.19
10/9/2000,8.19
10/10/2000,8.18
10/11/2000,8.16
10/12/2000,8.15
10/13/2000,8.17
10/16/2000,8.22
10/17/2000,8.17
10/18/2000,8.2
10/19/2000,8.2
10/20/2000,8.21
10/23/2000,8.17
10/24/2000,8.19
10/25/2000,8.23
10/26/2000,8.28
10/27/2000,8.34
10/30/2000,8.39
10/31/2000,8.44
11/1/2000,8.4
11/2/2000,8.39
11/3/2000,8.44
11/6/2000,8.48
11/7/2000,8.48
11/8/2000,8.46
11/9/2000,8.41
11/10/2000,8.41
11/13/2000,8.38
11/14/2000,8.37
11/15/2000,8.34
11/16/2000,8.32
11/17/2000,8.35
11/20/2000,8.34
11/21/2000,8.34
11/22/2000,8.3
11/23/2000,8.3
11/24/2000,8.33
11/27/2000,8.37
11/28/2000,8.34
11/29/2000,8.32
11/30/2000,8.24
12/1/2000,8.29
12/4/2000,8.32
12/5/2000,8.26
12/6/2000,8.17
12/7/2000,8.18
12/8/2000,8.24
12/11/2000,8.25
12/12/2000,8.23
12/13/2000,8.17
12/14/2000,8.09
12/15/2000,8.06
12/18/2000,8.03
12/19/2000,8.06
12/20/2000,7.96
12/21/2000,7.92
12/22/2000,7.91
12/26/2000,7.93
12/27/2000,8
12/28/2000,8.04
12/29/2000,8.03
12/31/2000,7.97
1/2/2001,7.8
1/3/2001,7.93
1/4/2001,7.83
1/5/2001,7.72
1/8/2001,7.66
1/9/2001,7.69
1/10/2001,7.76
1/11/2001,7.77
1/12/2001,7.87
1/15/2001,7.86
1/16/2001,7.83
1/17/2001,7.72
1/18/2001,7.62
1/19/2001,7.68
1/22/2001,7.7
1/23/2001,7.7
1/24/2001,7.75
1/25/2001,7.7
1/26/2001,7.68
1/29/2001,7.7
1/30/2001,7.61
1/31/2001,7.52
2/1/2001,7.43
2/2/2001,7.5
2/5/2001,7.5
2/6/2001,7.54
2/7/2001,7.52
2/8/2001,7.54
2/9/2001,7.48
2/12/2001,7.52
2/13/2001,7.55
2/14/2001,7.6
2/15/2001,7.66
2/16/2001,7.58
2/19/2001,7.58
2/20/2001,7.58
2/21/2001,7.6
2/22/2001,7.6
2/23/2001,7.55
2/26/2001,7.51
2/27/2001,7.45
2/28/2001,7.42
3/1/2001,7.37
3/2/2001,7.45
3/5/2001,7.46
3/6/2001,7.46
3/7/2001,7.4
3/8/2001,7.36
3/9/2001,7.4
3/12/2001,7.39
3/13/2001,7.41
3/14/2001,7.32
3/15/2001,7.27
3/16/2001,7.24
3/19/2001,7.29
3/20/2001,7.25
3/21/2001,7.24
3/22/2001,7.2
3/23/2001,7.28
3/26/2001,7.32
3/27/2001,7.44
3/28/2001,7.46
3/29/2001,7.44
3/30/2001,7.39
3/31/2001,7.35
4/2/2001,7.38
4/3/2001,7.41
4/4/2001,7.43
4/5/2001,7.5
4/6/2001,7.33
4/9/2001,7.38
4/10/2001,7.51
4/11/2001,7.54
4/12/2001,7.59
4/16/2001,7.7
4/17/2001,7.63
4/18/2001,7.55
4/19/2001,7.61
4/20/2001,7.61
4/23/2001,7.54
4/24/2001,7.54
4/25/2001,7.64
4/26/2001,7.58
4/27/2001,7.7
4/30/2001,7.43
5/1/2001,7.37
5/2/2001,7.36
5/3/2001,7.28
5/4/2001,7.25
5/7/2001,7.25
5/8/2001,7.25
5/9/2001,7.21
5/10/2001,7.3
5/11/2001,7.49
5/14/2001,7.43
5/15/2001,7.45
5/16/2001,7.42
5/17/2001,7.4
5/18/2001,7.39
5/21/2001,7.37
5/22/2001,7.36
5/23/2001,7.35
5/24/2001,7.43
5/25/2001,7.42
5/28/2001,7.42
5/29/2001,7.42
5/30/2001,7.41
5/31/2001,7.32
6/1/2001,7.29
6/4/2001,7.26
6/5/2001,7.19
6/6/2001,7.18
6/7/2001,7.21
6/8/2001,7.26
6/11/2001,7.2
6/12/2001,7.16
6/13/2001,7.16
6/14/2001,7.12
6/15/2001,7.12
6/18/2001,7.13
6/19/2001,7.13
6/20/2001,7.13
6/21/2001,7.11
6/22/2001,7.05
6/25/2001,7.07
6/26/2001,7.14
6/27/2001,7.17
6/28/2001,7.26
6/29/2001,7.32
6/30/2001,7.35
7/2/2001,7.28
7/3/2001,7.3
7/4/2001,7.3
7/5/2001,7.37
7/6/2001,7.32
7/9/2001,7.27
7/10/2001,7.22
7/11/2001,7.23
7/12/2001,7.19
7/13/2001,7.2
7/16/2001,7.14
7/17/2001,7.15
7/18/2001,7.05
7/19/2001,7.07
7/20/2001,7.06
7/23/2001,7.04
7/24/2001,7.02
7/25/2001,7.08
7/26/2001,7.06
7/27/2001,7
7/30/2001,6.95
7/31/2001,6.94
8/1/2001,6.95
8/2/2001,7.02
8/3/2001,7.03
8/6/2001,7.02
8/7/2001,7.03
8/8/2001,6.93
8/9/2001,6.95
8/10/2001,6.92
8/13/2001,6.91
8/14/2001,6.92
8/15/2001,6.95
8/16/2001,6.91
8/17/2001,6.83
8/20/2001,6.9
8/21/2001,6.9
8/22/2001,6.92
8/23/2001,6.89
8/24/2001,6.92
8/27/2001,6.93
8/28/2001,6.85
8/29/2001,6.79
8/30/2001,6.77
8/31/2001,6.86
9/3/2001,6.85
9/4/2001,7.01
9/5/2001,6.98
9/6/2001,6.89
9/7/2001,6.84
9/10/2001,6.89
9/14/2001,6.77
9/17/2001,6.83
9/18/2001,6.95
9/19/2001,6.86
9/20/2001,6.93
9/21/2001,6.93
9/24/2001,6.96
9/25/2001,6.94
9/26/2001,6.88
9/27/2001,6.86
9/28/2001,6.85
9/30/2001,6.85
10/1/2001,6.83
10/2/2001,6.79
10/3/2001,6.77
10/4/2001,6.76
10/5/2001,6.75
10/8/2001,6.75
10/9/2001,6.82
10/10/2001,6.82
10/11/2001,6.89
10/12/2001,6.86
10/15/2001,6.8
10/16/2001,6.77
10/17/2001,6.74
10/18/2001,6.73
10/19/2001,6.78
10/22/2001,6.79
10/23/2001,6.81
10/24/2001,6.76
10/25/2001,6.72
10/26/2001,6.72
10/29/2001,6.68
10/30/2001,6.65
10/31/2001,6.63
11/1/2001,6.59
11/2/2001,6.71
11/5/2001,6.66
11/6/2001,6.63
11/7/2001,6.57
11/8/2001,6.64
11/9/2001,6.65
11/12/2001,6.65
11/13/2001,6.69
11/14/2001,6.79
11/15/2001,6.97
11/16/2001,7.08
11/19/2001,6.94
11/20/2001,7.03
11/21/2001,7.09
11/22/2001,7.09
11/23/2001,7.13
11/26/2001,7.13
11/27/2001,7.02
11/28/2001,7.04
11/29/2001,6.86
11/30/2001,6.86
12/3/2001,6.83
12/4/2001,6.79
12/5/2001,7
12/6/2001,7.07
12/7/2001,7.17
12/10/2001,7.15
12/11/2001,7.13
12/12/2001,7.06
12/13/2001,7.16
12/14/2001,7.23
12/17/2001,7.25
12/18/2001,7.17
12/19/2001,7.1
12/20/2001,7.11
12/21/2001,7.12
12/24/2001,7.16
12/26/2001,7.2
12/27/2001,7.12
12/28/2001,7.14
12/31/2001,6.99
1/2/2002,7.1
1/3/2002,7.05
1/4/2002,7.03
1/7/2002,6.94
1/8/2002,6.96
1/9/2002,6.95
1/10/2002,6.86
1/11/2002,6.78
1/14/2002,6.78
1/15/2002,6.74
1/16/2002,6.77
1/17/2002,6.86
1/18/2002,6.81
1/21/2002,6.81
1/22/2002,6.83
1/23/2002,6.93
1/24/2002,6.93
1/25/2002,6.95
1/28/2002,6.94
1/29/2002,6.85
1/30/2002,6.92
1/31/2002,6.99
2/1/2002,6.93
2/4/2002,6.91
2/5/2002,7.02
2/6/2002,7.07
2/7/2002,7.1
2/8/2002,7.02
2/11/2002,7.07
2/12/2002,7.12
2/13/2002,7.14
2/14/2002,7.08
2/15/2002,7.03
2/18/2002,7.02
2/19/2002,7.07
2/20/2002,7.09
2/21/2002,7.08
2/22/2002,7.05
2/25/2002,7.04
2/26/2002,7.08
2/27/2002,6.99
2/28/2002,7.05
3/1/2002,7.12
3/4/2002,7.14
3/5/2002,7.14
3/6/2002,7.14
3/7/2002,7.27
3/8/2002,7.35
3/11/2002,7.35
3/12/2002,7.34
3/13/2002,7.32
3/14/2002,7.44
3/15/2002,7.38
3/18/2002,7.37
3/19/2002,7.38
3/20/2002,7.44
3/21/2002,7.43
3/22/2002,7.44
3/25/2002,7.46
3/26/2002,7.4
3/27/2002,7.41
3/28/2002,7.48
3/31/2002,7.52
4/1/2002,7.52
4/2/2002,7.45
4/3/2002,7.37
4/4/2002,7.38
4/5/2002,7.32
4/8/2002,7.35
4/9/2002,7.32
4/10/2002,7.34
4/11/2002,7.36
4/12/2002,7.32
4/15/2002,7.28
4/16/2002,7.31
4/17/2002,7.3
4/18/2002,7.25
4/19/2002,7.25
4/22/2002,7.34
4/23/2002,7.4
4/24/2002,7.34
4/25/2002,7.36
4/26/2002,7.33
4/29/2002,7.46
4/30/2002,7.48
5/1/2002,7.52
5/2/2002,7.57
5/3/2002,7.49
5/6/2002,7.53
5/7/2002,7.52
5/8/2002,7.6
5/9/2002,7.57
5/10/2002,7.51
5/13/2002,7.6
5/14/2002,7.69
5/15/2002,7.61
5/16/2002,7.57
5/17/2002,7.63
5/20/2002,7.56
5/21/2002,7.51
5/22/2002,7.46
5/23/2002,7.48
5/24/2002,7.46
5/27/2002,7.46
5/28/2002,7.41
5/29/2002,7.34
5/30/2002,7.32
5/31/2002,6.96
6/3/2002,6.94
6/4/2002,6.9
6/5/2002,6.92
6/6/2002,6.9
6/7/2002,6.98
6/10/2002,6.95
6/11/2002,6.93
6/12/2002,6.93
6/13/2002,6.88
6/14/2002,6.82
6/17/2002,6.84
6/18/2002,6.84
6/19/2002,6.76
6/20/2002,6.89
6/21/2002,6.84
6/24/2002,6.96
6/25/2002,6.94
6/26/2002,7
6/27/2002,7.09
6/28/2002,7.14
6/30/2002,7.13
7/1/2002,7.11
7/2/2002,7.14
7/3/2002,7.15
7/4/2002,7.15
7/5/2002,7.25
7/8/2002,7.18
7/9/2002,7.08
7/10/2002,6.98
7/11/2002,7.03
7/12/2002,7
7/15/2002,7.07
7/16/2002,7.19
7/17/2002,7.14
7/18/2002,7.09
7/19/2002,7.12
7/22/2002,7.11
7/23/2002,7.16
7/24/2002,7.34
7/25/2002,7.34
7/26/2002,7.39
7/29/2002,7.59
7/30/2002,7.59
7/31/2002,7.31
8/1/2002,7.2
8/2/2002,7.14
8/5/2002,7.24
8/6/2002,7.37
8/7/2002,7.27
8/8/2002,7.36
8/9/2002,7.32
8/12/2002,7.29
8/13/2002,7.21
8/14/2002,7.19
8/15/2002,7.22
8/16/2002,7.33
8/19/2002,7.27
8/20/2002,7.05
8/21/2002,7.04
8/22/2002,7.08
8/23/2002,7.02
8/26/2002,6.98
8/27/2002,7.02
8/28/2002,6.96
8/29/2002,6.93
8/30/2002,6.9
8/31/2002,6.9
9/2/2002,6.89
9/3/2002,6.82
9/4/2002,6.83
9/5/2002,6.78
9/6/2002,6.9
9/9/2002,6.91
9/10/2002,6.85
9/11/2002,6.93
9/12/2002,6.8
9/13/2002,6.73
9/16/2002,6.68
9/17/2002,6.65
9/18/2002,6.64
9/19/2002,6.62
9/20/2002,6.65
9/23/2002,6.64
9/24/2002,6.71
9/25/2002,6.77
9/26/2002,6.74
9/27/2002,6.67
9/30/2002,6.72
10/1/2002,6.78
10/2/2002,6.76
10/3/2002,6.77
10/4/2002,6.88
10/7/2002,6.93
10/8/2002,7.1
10/9/2002,7.21
10/10/2002,7.3
10/11/2002,7.3
10/14/2002,7.3
10/15/2002,7.39
10/16/2002,7.45
10/17/2002,7.52
10/18/2002,7.53
10/21/2002,7.58
10/22/2002,7.58
10/23/2002,7.56
10/24/2002,7.42
10/25/2002,7.34
10/28/2002,7.26
10/29/2002,7.1
10/30/2002,7.11
10/31/2002,6.94
11/1/2002,6.96
11/4/2002,6.94
11/5/2002,6.91
11/6/2002,6.82
11/7/2002,6.67
11/8/2002,6.64
11/11/2002,6.64
11/12/2002,6.66
11/13/2002,6.64
11/14/2002,6.71
11/15/2002,6.63
11/18/2002,6.54
11/19/2002,6.49
11/20/2002,6.54
11/21/2002,6.53
11/22/2002,6.54
11/25/2002,6.54
11/26/2002,6.47
11/27/2002,6.61
11/28/2002,6.6
11/29/2002,6.57
11/30/2002,6.56
12/2/2002,6.48
12/3/2002,6.53
12/4/2002,6.5
12/5/2002,6.45
12/6/2002,6.41
12/9/2002,6.4
12/10/2002,6.41
12/11/2002,6.34
12/12/2002,6.32
12/13/2002,6.36
12/16/2002,6.37
12/17/2002,6.29
12/18/2002,6.22
12/19/2002,6.14
12/20/2002,6.14
12/23/2002,6.15
12/24/2002,6.11
12/26/2002,6.1
12/27/2002,6.01
12/30/2002,5.98
12/31/2002,6
1/2/2003,6.17
1/3/2003,6.14
1/6/2003,6.14
1/7/2003,6.07
1/8/2003,6.02
1/9/2003,6.14
1/10/2003,6.09
1/13/2003,6.04
1/14/2003,6.01
1/15/2003,6
1/16/2003,6.03
1/17/2003,5.99
1/20/2003,5.99
1/21/2003,5.96
1/22/2003,5.93
1/23/2003,5.93
1/24/2003,5.9
1/27/2003,5.96
1/28/2003,5.95
1/29/2003,6.01
1/30/2003,5.94
1/31/2003,5.95
2/3/2003,5.94
2/4/2003,5.89
2/5/2003,5.93
2/6/2003,5.88
2/7/2003,5.84
2/10/2003,5.89
2/11/2003,5.85
2/12/2003,5.81
2/13/2003,5.78
2/14/2003,5.85
2/17/2003,5.84
2/18/2003,5.84
2/19/2003,5.76
2/20/2003,5.72
2/21/2003,5.75
2/24/2003,5.71
2/25/2003,5.69
2/26/2003,5.66
2/27/2003,5.64
2/28/2003,5.62
3/3/2003,5.56
3/4/2003,5.57
3/5/2003,5.58
3/6/2003,5.61
3/7/2003,5.62
3/10/2003,5.58
3/11/2003,5.63
3/12/2003,5.66
3/13/2003,5.76
3/14/2003,5.73
3/17/2003,5.8
3/18/2003,5.84
3/19/2003,5.89
3/20/2003,5.91
3/21/2003,5.94
3/24/2003,5.84
3/25/2003,5.82
3/26/2003,5.76
3/27/2003,5.72
3/28/2003,5.67
3/31/2003,5.64
4/1/2003,5.61
4/2/2003,5.66
4/3/2003,5.61
4/4/2003,5.65
4/7/2003,5.68
4/8/2003,5.63
4/9/2003,5.6
4/10/2003,5.64
4/11/2003,5.67
4/14/2003,5.7
4/15/2003,5.61
4/16/2003,5.54
4/17/2003,5.54
4/21/2003,5.52
4/22/2003,5.49
4/23/2003,5.44
4/24/2003,5.35
4/25/2003,5.32
4/28/2003,5.32
4/29/2003,5.33
4/30/2003,5.27
5/1/2003,5.24
5/2/2003,5.25
5/5/2003,5.21
5/6/2003,5.11
5/7/2003,5.02
5/8/2003,5.01
5/9/2003,5.01
5/12/2003,4.99
5/13/2003,5
5/14/2003,4.94
5/15/2003,4.97
5/16/2003,4.9
5/19/2003,4.89
5/20/2003,4.83
5/21/2003,4.88
5/22/2003,4.82
5/23/2003,4.8
5/26/2003,4.8
5/27/2003,4.82
5/28/2003,4.82
5/29/2003,4.75
5/30/2003,4.75
5/31/2003,4.78
6/2/2003,4.81
6/3/2003,4.73
6/4/2003,4.7
6/5/2003,4.72
6/6/2003,4.73
6/9/2003,4.64
6/10/2003,4.56
6/11/2003,4.56
6/12/2003,4.53
6/13/2003,4.47
6/16/2003,4.51
6/17/2003,4.57
6/18/2003,4.63
6/19/2003,4.61
6/20/2003,4.66
6/23/2003,4.6
6/24/2003,4.56
6/25/2003,4.65
6/26/2003,4.79
6/27/2003,4.8
6/30/2003,4.78
7/1/2003,4.81
7/2/2003,4.78
7/3/2003,4.84
7/4/2003,4.84
7/7/2003,4.88
7/8/2003,4.89
7/9/2003,4.87
7/10/2003,4.83
7/11/2003,4.8
7/14/2003,4.85
7/15/2003,4.99
7/16/2003,5.01
7/17/2003,5.01
7/18/2003,5.01
7/21/2003,5.17
7/22/2003,5.13
7/23/2003,5.08
7/24/2003,5.1
7/25/2003,5.11
7/28/2003,5.21
7/29/2003,5.31
7/30/2003,5.27
7/31/2003,5.52
8/1/2003,5.5
8/4/2003,5.41
8/5/2003,5.54
8/6/2003,5.43
8/7/2003,5.39
8/8/2003,5.37
8/11/2003,5.44
8/12/2003,5.41
8/13/2003,5.59
8/14/2003,5.62
8/15/2003,5.56
8/18/2003,5.52
8/19/2003,5.43
8/20/2003,5.46
8/21/2003,5.53
8/22/2003,5.48
8/25/2003,5.54
8/26/2003,5.5
8/27/2003,5.54
8/28/2003,5.43
8/29/2003,5.44
8/31/2003,5.48
9/1/2003,5.47
9/2/2003,5.56
9/3/2003,5.55
9/4/2003,5.48
9/5/2003,5.32
9/8/2003,5.35
9/9/2003,5.32
9/10/2003,5.22
9/11/2003,5.28
9/12/2003,5.21
9/15/2003,5.16
9/16/2003,5.18
9/17/2003,5.09
9/18/2003,5.1
9/19/2003,5.08
9/22/2003,5.13
9/23/2003,5.12
9/24/2003,5.06
9/25/2003,5.03
9/26/2003,4.96
9/29/2003,4.99
9/30/2003,4.9
10/1/2003,4.89
10/2/2003,4.94
10/3/2003,5.12
10/6/2003,5.06
10/7/2003,5.14
10/8/2003,5.13
10/9/2003,5.16
10/10/2003,5.11
10/13/2003,5.1
10/14/2003,5.18
10/15/2003,5.21
10/16/2003,5.27
10/17/2003,5.19
10/20/2003,5.17
10/21/2003,5.2
10/22/2003,5.14
10/23/2003,5.17
10/24/2003,5.08
10/27/2003,5.12
10/28/2003,5.03
10/29/2003,5.1
10/30/2003,5.16
10/31/2003,5.17
11/3/2003,5.22
11/4/2003,5.17
11/5/2003,5.24
11/6/2003,5.31
11/7/2003,5.33
11/10/2003,5.34
11/11/2003,5.34
11/12/2003,5.25
11/13/2003,5.1
11/14/2003,5.03
11/17/2003,4.98
11/18/2003,4.96
11/19/2003,5.03
11/20/2003,4.98
11/21/2003,4.97
11/24/2003,5.03
11/25/2003,4.99
11/26/2003,5.04
11/27/2003,5.04
11/28/2003,5.11
11/30/2003,5.15
12/1/2003,5.2
12/2/2003,5.17
12/3/2003,5.18
12/4/2003,5.12
12/5/2003,4.98
12/8/2003,5.03
12/9/2003,5.09
12/10/2003,5.05
12/11/2003,4.98
12/12/2003,4.97
12/15/2003,4.97
12/16/2003,4.95
12/17/2003,4.91
12/18/2003,4.88
12/19/2003,4.85
12/22/2003,4.87
12/23/2003,4.96
12/24/2003,4.89
12/26/2003,4.84
12/29/2003,4.89
12/30/2003,4.93
12/31/2003,4.92
1/2/2004,5.01
1/5/2004,5
1/6/2004,4.89
1/7/2004,4.87
1/8/2004,4.86
1/9/2004,4.71
1/12/2004,4.7
1/13/2004,4.66
1/14/2004,4.64
1/15/2004,4.62
1/16/2004,4.65
1/19/2004,4.64
1/20/2004,4.67
1/21/2004,4.66
1/22/2004,4.59
1/23/2004,4.67
1/26/2004,4.73
1/27/2004,4.68
1/28/2004,4.8
1/29/2004,4.82
1/30/2004,4.77
1/31/2004,4.81
2/2/2004,4.82
2/3/2004,4.77
2/4/2004,4.79
2/5/2004,4.84
2/6/2004,4.76
2/9/2004,4.73
2/10/2004,4.77
2/11/2004,4.69
2/12/2004,4.72
2/13/2004,4.68
2/16/2004,4.67
2/17/2004,4.68
2/18/2004,4.67
2/19/2004,4.67
2/20/2004,4.72
2/23/2004,4.68
2/24/2004,4.68
2/25/2004,4.67
2/26/2004,4.69
2/27/2004,4.64
2/29/2004,4.67
3/1/2004,4.66
3/2/2004,4.71
3/3/2004,4.73
3/4/2004,4.7
3/5/2004,4.53
3/8/2004,4.47
3/9/2004,4.44
3/10/2004,4.46
3/11/2004,4.48
3/12/2004,4.5
3/15/2004,4.5
3/16/2004,4.43
3/17/2004,4.43
3/18/2004,4.48
3/19/2004,4.51
3/22/2004,4.46
3/23/2004,4.45
3/24/2004,4.46
3/25/2004,4.47
3/26/2004,4.55
3/29/2004,4.58
3/30/2004,4.58
3/31/2004,4.59
4/1/2004,4.64
4/2/2004,4.85
4/5/2004,4.91
4/6/2004,4.86
4/7/2004,4.85
4/8/2004,4.87
4/12/2004,4.88
4/13/2004,4.98
4/14/2004,5.04
4/15/2004,5.06
4/16/2004,5.01
4/19/2004,5.05
4/20/2004,5.09
4/21/2004,5.1
4/22/2004,5.03
4/23/2004,5.12
4/26/2004,5.09
4/27/2004,5.06
4/28/2004,5.13
4/29/2004,5.2
4/30/2004,5.21
5/3/2004,5.2
5/4/2004,5.23
5/5/2004,5.27
5/6/2004,5.33
5/7/2004,5.51
5/10/2004,5.54
5/11/2004,5.52
5/12/2004,5.55
5/13/2004,5.61
5/14/2004,5.54
5/17/2004,5.45
5/18/2004,5.47
5/19/2004,5.52
5/20/2004,5.47
5/21/2004,5.51
5/24/2004,5.49
5/25/2004,5.48
5/26/2004,5.43
5/27/2004,5.35
5/28/2004,5.4
5/31/2004,5.44
6/1/2004,5.48
6/2/2004,5.51
6/3/2004,5.51
6/4/2004,5.57
6/7/2004,5.54
6/8/2004,5.54
6/9/2004,5.59
6/10/2004,5.58
6/11/2004,5.58
6/14/2004,5.66
6/15/2004,5.48
6/16/2004,5.52
6/17/2004,5.49
6/18/2004,5.5
6/21/2004,5.48
6/22/2004,5.48
6/23/2004,5.47
6/24/2004,5.42
6/25/2004,5.43
6/28/2004,5.52
6/29/2004,5.49
6/30/2004,5.46
7/1/2004,5.4
7/2/2004,5.31
7/5/2004,5.3
7/6/2004,5.32
7/7/2004,5.31
7/8/2004,5.31
7/9/2004,5.3
7/12/2004,5.28
7/13/2004,5.31
7/14/2004,5.32
7/15/2004,5.31
7/16/2004,5.18
7/19/2004,5.18
7/20/2004,5.27
7/21/2004,5.31
7/22/2004,5.29
7/23/2004,5.27
7/26/2004,5.31
7/27/2004,5.4
7/28/2004,5.39
7/29/2004,5.37
7/30/2004,5.28
7/31/2004,5.33
8/2/2004,5.33
8/3/2004,5.3
8/4/2004,5.31
8/5/2004,5.29
8/6/2004,5.1
8/9/2004,5.13
8/10/2004,5.19
8/11/2004,5.19
8/12/2004,5.15
8/13/2004,5.11
8/16/2004,5.13
8/17/2004,5.07
8/18/2004,5.09
8/19/2004,5.07
8/20/2004,5.09
8/23/2004,5.13
8/24/2004,5.12
8/25/2004,5.11
8/26/2004,5.07
8/27/2004,5.07
8/30/2004,5.03
8/31/2004,4.99
9/1/2004,4.99
9/2/2004,5.04
9/3/2004,5.13
9/6/2004,5.13
9/7/2004,5.09
9/8/2004,5
9/9/2004,5.03
9/10/2004,5.02
9/13/2004,4.99
9/14/2004,4.96
9/15/2004,4.98
9/16/2004,4.89
9/17/2004,4.95
9/20/2004,4.88
9/21/2004,4.88
9/22/2004,4.85
9/23/2004,4.9
9/24/2004,4.91
9/27/2004,4.88
9/28/2004,4.88
9/29/2004,4.95
9/30/2004,4.99
10/1/2004,5.03
10/4/2004,5.01
10/5/2004,5.01
10/6/2004,5.06
10/7/2004,5.08
10/8/2004,4.97
10/11/2004,4.97
10/12/2004,4.94
10/13/2004,4.91
10/14/2004,4.86
10/15/2004,4.9
10/18/2004,4.9
10/19/2004,4.9
10/20/2004,4.88
10/21/2004,4.89
10/22/2004,4.88
10/25/2004,4.87
10/26/2004,4.87
10/27/2004,4.95
10/28/2004,4.93
10/29/2004,4.88
10/31/2004,4.9
11/1/2004,4.95
11/2/2004,4.93
11/3/2004,4.91
11/4/2004,4.91
11/5/2004,5.02
11/8/2004,5.05
11/9/2004,5.05
11/10/2004,5.08
11/11/2004,5.08
11/12/2004,5.03
11/15/2004,5.02
11/16/2004,5.04
11/17/2004,4.98
11/18/2004,4.96
11/19/2004,5.04
11/22/2004,5.01
11/23/2004,5.03
11/24/2004,5.04
11/25/2004,5.04
11/26/2004,5.08
11/29/2004,5.14
11/30/2004,5.18
12/1/2004,5.19
12/2/2004,5.2
12/3/2004,5.08
12/6/2004,5.05
12/7/2004,5.05
12/8/2004,4.97
12/9/2004,5
12/10/2004,5
12/13/2004,5
12/14/2004,4.98
12/15/2004,4.93
12/16/2004,5.01
12/17/2004,5.03
12/20/2004,5.02
12/21/2004,5
12/22/2004,5.02
12/23/2004,5.02
12/27/2004,5.08
12/28/2004,5.08
12/29/2004,5.11
12/30/2004,5.06
12/31/2004,5.07
1/3/2005,5.08
1/4/2005,5.14
1/5/2005,5.15
1/6/2005,5.16
1/7/2005,5.17
1/10/2005,5.17
1/11/2005,5.15
1/12/2005,5.14
1/13/2005,5.1
1/14/2005,5.14
1/17/2005,5.13
1/18/2005,5.13
1/19/2005,5.13
1/20/2005,5.13
1/21/2005,5.11
1/24/2005,5.08
1/25/2005,5.12
1/26/2005,5.12
1/27/2005,5.13
1/28/2005,5.08
1/31/2005,5.11
2/1/2005,5.1
2/2/2005,5.1
2/3/2005,5.12
2/4/2005,5.03
2/7/2005,5.01
2/8/2005,5
2/9/2005,4.96
2/10/2005,5.03
2/11/2005,5.06
2/14/2005,5.04
2/15/2005,5.06
2/16/2005,5.11
2/17/2005,5.12
2/18/2005,5.18
2/21/2005,5.18
2/22/2005,5.2
2/23/2005,5.19
2/24/2005,5.2
2/25/2005,5.2
2/28/2005,5.3
3/1/2005,5.3
3/2/2005,5.31
3/3/2005,5.31
3/4/2005,5.26
3/7/2005,5.26
3/8/2005,5.32
3/9/2005,5.42
3/10/2005,5.39
3/11/2005,5.46
3/14/2005,5.46
3/15/2005,5.48
3/16/2005,5.51
3/17/2005,5.5
3/18/2005,5.54
3/21/2005,5.6
3/22/2005,5.7
3/23/2005,5.72
3/24/2005,5.69
3/28/2005,5.72
3/29/2005,5.72
3/30/2005,5.7
3/31/2005,5.68
4/1/2005,5.65
4/4/2005,5.67
4/5/2005,5.69
4/6/2005,5.64
4/7/2005,5.68
4/8/2005,5.7
4/11/2005,5.74
4/12/2005,5.66
4/13/2005,5.68
4/14/2005,5.7
4/15/2005,5.67
4/18/2005,5.69
4/19/2005,5.63
4/20/2005,5.6
4/21/2005,5.65
4/22/2005,5.58
4/25/2005,5.6
4/26/2005,5.63
4/27/2005,5.6
4/28/2005,5.55
4/29/2005,5.6
4/30/2005,5.62
5/2/2005,5.61
5/3/2005,5.63
5/4/2005,5.59
5/5/2005,5.61
5/6/2005,5.78
5/9/2005,5.77
5/10/2005,5.72
5/11/2005,5.72
5/12/2005,5.71
5/13/2005,5.7
5/16/2005,5.71
5/17/2005,5.72
5/18/2005,5.68
5/19/2005,5.7
5/20/2005,5.7
5/23/2005,5.63
5/24/2005,5.62
5/25/2005,5.61
5/26/2005,5.59
5/27/2005,5.55
5/30/2005,5.55
5/31/2005,5.3
6/1/2005,5.2
6/2/2005,5.15
6/3/2005,5.22
6/6/2005,5.21
6/7/2005,5.16
6/8/2005,5.2
6/9/2005,5.24
6/10/2005,5.32
6/13/2005,5.34
6/14/2005,5.36
6/15/2005,5.35
6/16/2005,5.32
6/17/2005,5.33
6/20/2005,5.34
6/21/2005,5.3
6/22/2005,5.23
6/23/2005,5.25
6/24/2005,5.22
6/27/2005,5.2
6/28/2005,5.25
6/29/2005,5.27
6/30/2005,5.24
7/1/2005,5.32
7/4/2005,5.32
7/5/2005,5.38
7/6/2005,5.36
7/7/2005,5.32
7/8/2005,5.38
7/11/2005,5.36
7/12/2005,5.39
7/13/2005,5.41
7/14/2005,5.41
7/15/2005,5.4
7/18/2005,5.43
7/19/2005,5.4
7/20/2005,5.38
7/21/2005,5.47
7/22/2005,5.42
7/25/2005,5.44
7/26/2005,5.43
7/27/2005,5.45
7/28/2005,5.38
7/29/2005,5.45
7/31/2005,5.47
8/1/2005,5.49
8/2/2005,5.51
8/3/2005,5.48
8/4/2005,5.5
8/5/2005,5.58
8/8/2005,5.61
8/9/2005,5.59
8/10/2005,5.58
8/11/2005,5.54
8/12/2005,5.47
8/15/2005,5.49
8/16/2005,5.44
8/17/2005,5.48
8/18/2005,5.43
8/19/2005,5.42
8/22/2005,5.42
8/23/2005,5.39
8/24/2005,5.39
8/25/2005,5.37
8/26/2005,5.41
8/29/2005,5.4
8/30/2005,5.32
8/31/2005,5.22
9/1/2005,5.2
9/2/2005,5.22
9/5/2005,5.22
9/6/2005,5.28
9/7/2005,5.33
9/8/2005,5.34
9/9/2005,5.33
9/12/2005,5.36
9/13/2005,5.33
9/14/2005,5.35
9/15/2005,5.39
9/16/2005,5.44
9/19/2005,5.43
9/20/2005,5.45
9/21/2005,5.41
9/22/2005,5.41
9/23/2005,5.47
9/26/2005,5.5
9/27/2005,5.52
9/28/2005,5.49
9/29/2005,5.52
9/30/2005,5.58
10/3/2005,5.62
10/4/2005,5.61
10/5/2005,5.6
10/6/2005,5.61
10/7/2005,5.61
10/10/2005,5.6
10/11/2005,5.64
10/12/2005,5.72
10/13/2005,5.76
10/14/2005,5.78
10/17/2005,5.75
10/18/2005,5.72
10/19/2005,5.71
10/20/2005,5.71
10/21/2005,5.64
10/24/2005,5.69
10/25/2005,5.75
10/26/2005,5.84
10/27/2005,5.82
10/28/2005,5.84
10/31/2005,5.85
11/1/2005,5.87
11/2/2005,5.9
11/3/2005,5.93
11/4/2005,5.95
11/7/2005,5.93
11/8/2005,5.88
11/9/2005,5.95
11/10/2005,5.89
11/11/2005,5.89
11/14/2005,5.95
11/15/2005,5.91
11/16/2005,5.87
11/17/2005,5.86
11/18/2005,5.88
11/21/2005,5.84
11/22/2005,5.8
11/23/2005,5.86
11/24/2005,5.86
11/25/2005,5.82
11/28/2005,5.8
11/29/2005,5.86
11/30/2005,5.9
12/1/2005,5.93
12/2/2005,5.93
12/5/2005,5.98
12/6/2005,5.92
12/7/2005,5.95
12/8/2005,5.89
12/9/2005,5.95
12/12/2005,5.95
12/13/2005,5.94
12/14/2005,5.87
12/15/2005,5.88
12/16/2005,5.86
12/19/2005,5.86
12/20/2005,5.9
12/21/2005,5.92
12/22/2005,5.87
12/23/2005,5.82
12/27/2005,5.79
12/28/2005,5.82
12/29/2005,5.83
12/30/2005,5.85
12/31/2005,5.66
1/3/2006,5.62
1/4/2006,5.61
1/5/2006,5.61
1/6/2006,5.63
1/9/2006,5.63
1/10/2006,5.68
1/11/2006,5.71
1/12/2006,5.66
1/13/2006,5.61
1/16/2006,5.6
1/17/2006,5.58
1/18/2006,5.59
1/19/2006,5.63
1/20/2006,5.61
1/23/2006,5.6
1/24/2006,5.63
1/25/2006,5.7
1/26/2006,5.74
1/27/2006,5.72
1/30/2006,5.75
1/31/2006,5.74
2/1/2006,5.77
2/2/2006,5.77
2/3/2006,5.75
2/6/2006,5.76
2/7/2006,5.77
2/8/2006,5.8
2/9/2006,5.78
2/10/2006,5.82
2/13/2006,5.81
2/14/2006,5.83
2/15/2006,5.82
2/16/2006,5.81
2/17/2006,5.76
2/20/2006,5.76
2/21/2006,5.78
2/22/2006,5.75
2/23/2006,5.78
2/24/2006,5.79
2/27/2006,5.8
2/28/2006,5.78
3/1/2006,5.81
3/2/2006,5.85
3/3/2006,5.9
3/6/2006,5.94
3/7/2006,5.94
3/8/2006,5.94
3/9/2006,5.94
3/10/2006,5.96
3/13/2006,5.98
3/14/2006,5.9
3/15/2006,5.92
3/16/2006,5.84
3/17/2006,5.85
3/20/2006,5.84
3/21/2006,5.9
3/22/2006,5.9
3/23/2006,5.93
3/24/2006,5.88
3/27/2006,5.9
3/28/2006,5.98
3/29/2006,6.01
3/30/2006,6.05
3/31/2006,6.07
4/3/2006,6.08
4/4/2006,6.07
4/5/2006,6.04
4/6/2006,6.09
4/7/2006,6.15
4/10/2006,6.15
4/11/2006,6.12
4/12/2006,6.16
4/13/2006,6.21
4/17/2006,6.18
4/18/2006,6.14
4/19/2006,6.18
4/20/2006,6.18
4/21/2006,6.17
4/24/2006,6.14
4/25/2006,6.21
4/26/2006,6.24
4/27/2006,6.2
4/28/2006,6.17
4/30/2006,6.18
5/1/2006,6.23
5/2/2006,6.21
5/3/2006,6.23
5/4/2006,6.24
5/5/2006,6.21
5/8/2006,6.22
5/9/2006,6.22
5/10/2006,6.23
5/11/2006,6.25
5/12/2006,6.29
5/15/2006,6.26
5/16/2006,6.22
5/17/2006,6.28
5/18/2006,6.21
5/19/2006,6.2
5/22/2006,6.19
5/23/2006,6.22
5/24/2006,6.2
5/25/2006,6.24
5/26/2006,6.22
5/29/2006,6.22
5/30/2006,6.26
5/31/2006,6.33
6/1/2006,6.32
6/2/2006,6.21
6/5/2006,6.25
6/6/2006,6.25
6/7/2006,6.27
6/8/2006,6.25
6/9/2006,6.24
6/12/2006,6.25
6/13/2006,6.23
6/14/2006,6.33
6/15/2006,6.38
6/16/2006,6.4
6/19/2006,6.42
6/20/2006,6.44
6/21/2006,6.44
6/22/2006,6.49
6/23/2006,6.52
6/26/2006,6.54
6/27/2006,6.51
6/28/2006,6.55
6/29/2006,6.5
6/30/2006,6.44
7/3/2006,6.44
7/4/2006,6.44
7/5/2006,6.51
7/6/2006,6.48
7/7/2006,6.43
7/10/2006,6.42
7/11/2006,6.4
7/12/2006,6.4
7/13/2006,6.37
7/14/2006,6.37
7/17/2006,6.38
7/18/2006,6.44
7/19/2006,6.37
7/20/2006,6.33
7/21/2006,6.34
7/24/2006,6.34
7/25/2006,6.37
7/26/2006,6.33
7/27/2006,6.33
7/28/2006,6.27
7/31/2006,6.27
8/1/2006,6.26
8/2/2006,6.25
8/3/2006,6.24
8/4/2006,6.19
8/7/2006,6.21
8/8/2006,6.21
8/9/2006,6.22
8/10/2006,6.23
8/11/2006,6.27
8/14/2006,6.29
8/15/2006,6.22
8/16/2006,6.17
8/17/2006,6.17
8/18/2006,6.14
8/21/2006,6.12
8/22/2006,6.12
8/23/2006,6.13
8/24/2006,6.12
8/25/2006,6.11
8/28/2006,6.12
8/29/2006,6.11
8/30/2006,6.08
8/31/2006,6.06
9/1/2006,6.04
9/4/2006,6.04
9/5/2006,6.09
9/6/2006,6.11
9/7/2006,6.1
9/8/2006,6.07
9/11/2006,6.1
9/12/2006,6.08
9/13/2006,6.07
9/14/2006,6.09
9/15/2006,6.1
9/18/2006,6.11
9/19/2006,6.04
9/20/2006,6.04
9/21/2006,5.96
9/22/2006,5.92
9/25/2006,5.88
9/26/2006,5.91
9/27/2006,5.92
9/28/2006,5.95
9/29/2006,5.95
9/30/2006,5.96
10/2/2006,5.94
10/3/2006,5.94
10/4/2006,5.89
10/5/2006,5.93
10/6/2006,6.02
10/9/2006,6.02
10/10/2006,6.07
10/11/2006,6.11
10/12/2006,6.1
10/13/2006,6.12
10/16/2006,6.1
10/17/2006,6.08
10/18/2006,6.07
10/19/2006,6.09
10/20/2006,6.08
10/23/2006,6.12
10/24/2006,6.12
10/25/2006,6.08
10/26/2006,6.02
10/27/2006,5.98
10/30/2006,5.97
10/31/2006,5.91
11/1/2006,5.85
11/2/2006,5.88
11/3/2006,5.99
11/6/2006,5.98
11/7/2006,5.93
11/8/2006,5.9
11/9/2006,5.9
11/10/2006,5.86
11/13/2006,5.87
11/14/2006,5.84
11/15/2006,5.9
11/16/2006,5.93
11/17/2006,5.88
11/20/2006,5.87
11/21/2006,5.85
11/22/2006,5.84
11/23/2006,5.84
11/24/2006,5.82
11/27/2006,5.81
11/28/2006,5.79
11/29/2006,5.8
11/30/2006,5.75
12/1/2006,5.71
12/4/2006,5.71
12/5/2006,5.71
12/6/2006,5.75
12/7/2006,5.74
12/8/2006,5.81
12/11/2006,5.78
12/12/2006,5.76
12/13/2006,5.84
12/14/2006,5.87
12/15/2006,5.87
12/18/2006,5.86
12/19/2006,5.87
12/20/2006,5.86
12/21/2006,5.82
12/22/2006,5.89
12/26/2006,5.87
12/27/2006,5.92
12/28/2006,5.95
12/29/2006,5.96
12/31/2006,5.98
1/2/2007,5.95
1/3/2007,5.93
1/4/2007,5.88
1/5/2007,5.91
1/8/2007,5.92
1/9/2007,5.91
1/10/2007,5.94
1/11/2007,5.98
1/12/2007,6.01
1/15/2007,6.01
1/16/2007,5.99
1/17/2007,6.02
1/18/2007,5.99
1/19/2007,6.01
1/22/2007,5.99
1/23/2007,6.03
1/24/2007,6.02
1/25/2007,6.07
1/26/2007,6.08
1/29/2007,6.09
1/30/2007,6.08
1/31/2007,6.04
2/1/2007,6.04
2/2/2007,6.03
2/5/2007,6.01
2/6/2007,5.97
2/7/2007,5.94
2/8/2007,5.93
2/9/2007,5.98
2/12/2007,6
2/13/2007,6.01
2/14/2007,5.93
2/15/2007,5.9
2/16/2007,5.88
2/19/2007,5.88
2/20/2007,5.86
2/21/2007,5.87
2/22/2007,5.91
2/23/2007,5.86
2/26/2007,5.81
2/27/2007,5.72
2/28/2007,5.76
3/1/2007,5.77
3/2/2007,5.73
3/5/2007,5.76
3/6/2007,5.77
3/7/2007,5.75
3/8/2007,5.74
3/9/2007,5.82
3/12/2007,5.79
3/13/2007,5.74
3/14/2007,5.77
3/15/2007,5.79
3/16/2007,5.8
3/19/2007,5.82
3/20/2007,5.8
3/21/2007,5.77
3/22/2007,5.83
3/23/2007,5.86
3/26/2007,5.83
3/27/2007,5.85
3/28/2007,5.86
3/29/2007,5.87
3/30/2007,5.89
3/31/2007,5.91
4/2/2007,5.89
4/3/2007,5.92
4/4/2007,5.91
4/5/2007,5.93
4/9/2007,6
4/10/2007,5.97
4/11/2007,5.98
4/12/2007,5.98
4/13/2007,6
4/16/2007,5.97
4/17/2007,5.92
4/18/2007,5.89
4/19/2007,5.9
4/20/2007,5.9
4/23/2007,5.88
4/24/2007,5.85
4/25/2007,5.87
4/26/2007,5.91
4/27/2007,5.92
4/30/2007,5.86
5/1/2007,5.87
5/2/2007,5.88
5/3/2007,5.9
5/4/2007,5.87
5/7/2007,5.87
5/8/2007,5.86
5/9/2007,5.9
5/10/2007,5.88
5/11/2007,5.9
5/14/2007,5.91
5/15/2007,5.93
5/16/2007,5.92
5/17/2007,5.97
5/18/2007,6.01
5/21/2007,6
5/22/2007,6.03
5/23/2007,6.06
5/24/2007,6.05
5/25/2007,6.06
5/29/2007,6.08
5/30/2007,6.09
5/31/2007,6.13
6/1/2007,6.19
6/4/2007,6.16
6/5/2007,6.21
6/6/2007,6.2
6/7/2007,6.32
6/8/2007,6.34
6/11/2007,6.36
6/12/2007,6.45
6/13/2007,6.42
6/14/2007,6.43
6/15/2007,6.38
6/18/2007,6.35
6/19/2007,6.3
6/20/2007,6.34
6/21/2007,6.37
6/22/2007,6.35
6/25/2007,6.3
6/26/2007,6.33
6/27/2007,6.3
6/28/2007,6.36
6/29/2007,6.26
6/30/2007,6.29
7/2/2007,6.26
7/3/2007,6.3
7/4/2007,6.3
7/5/2007,6.39
7/6/2007,6.43
7/9/2007,6.4
7/10/2007,6.3
7/11/2007,6.34
7/12/2007,6.38
7/13/2007,6.38
7/16/2007,6.31
7/17/2007,6.35
7/18/2007,6.3
7/19/2007,6.33
7/20/2007,6.28
7/23/2007,6.31
7/24/2007,6.31
7/25/2007,6.3
7/26/2007,6.31
7/27/2007,6.36
7/30/2007,6.39
7/31/2007,6.37
8/1/2007,6.36
8/2/2007,6.35
8/3/2007,6.3
8/6/2007,6.34
8/7/2007,6.36
8/8/2007,6.45
8/9/2007,6.38
8/10/2007,6.38
8/13/2007,6.38
8/14/2007,6.34
8/15/2007,6.35
8/16/2007,6.3
8/17/2007,6.37
8/20/2007,6.34
8/21/2007,6.31
8/22/2007,6.34
8/23/2007,6.33
8/24/2007,6.36
8/27/2007,6.33
8/28/2007,6.27
8/29/2007,6.31
8/30/2007,6.26
8/31/2007,6.23
9/3/2007,6.23
9/4/2007,6.26
9/5/2007,6.17
9/6/2007,6.22
9/7/2007,6.11
9/10/2007,6.09
9/11/2007,6.14
9/12/2007,6.19
9/13/2007,6.26
9/14/2007,6.24
9/17/2007,6.25
9/18/2007,6.25
9/19/2007,6.25
9/20/2007,6.35
9/21/2007,6.3
9/24/2007,6.28
9/25/2007,6.26
9/26/2007,6.25
9/27/2007,6.21
9/28/2007,6.21
9/30/2007,6.23
10/1/2007,6.22
10/2/2007,6.2
10/3/2007,6.21
10/4/2007,6.19
10/5/2007,6.28
10/8/2007,6.28
10/9/2007,6.28
10/10/2007,6.27
10/11/2007,6.25
10/12/2007,6.28
10/15/2007,6.25
10/16/2007,6.24
10/17/2007,6.14
10/18/2007,6.1
10/19/2007,6.02
10/22/2007,6.04
10/23/2007,6.04
10/24/2007,5.98
10/25/2007,6.01
10/26/2007,6.04
10/29/2007,6.04
10/30/2007,6.05
10/31/2007,6.2
11/1/2007,6.1
11/2/2007,6.06
11/5/2007,6.09
11/6/2007,6.13
11/7/2007,6.12
11/8/2007,6.09
11/9/2007,6.07
11/12/2007,6.07
11/13/2007,6.14
11/14/2007,6.17
11/15/2007,6.08
11/16/2007,6.1
11/19/2007,6.07
11/20/2007,6.08
11/21/2007,6.05
11/22/2007,6.05
11/23/2007,6.07
11/26/2007,5.94
11/27/2007,6.07
11/28/2007,6.17
11/29/2007,6.11
11/30/2007,6.13
12/3/2007,6.06
12/4/2007,6.07
12/5/2007,6.12
12/6/2007,6.23
12/7/2007,6.34
12/10/2007,6.37
12/11/2007,6.22
12/12/2007,6.3
12/13/2007,6.39
12/14/2007,6.46
12/17/2007,6.41
12/18/2007,6.34
12/19/2007,6.29
12/20/2007,6.25
12/21/2007,6.38
12/24/2007,6.42
12/26/2007,6.49
12/27/2007,6.41
12/28/2007,6.31
12/31/2007,6.28
1/2/2008,6.14
1/3/2008,6.16
1/4/2008,6.13
1/7/2008,6.15
1/8/2008,6.18
1/9/2008,6.19
1/10/2008,6.24
1/11/2008,6.11
1/14/2008,6.11
1/15/2008,6.04
1/16/2008,6.06
1/17/2008,6.02
1/18/2008,6.03
1/21/2008,6.03
1/22/2008,5.94
1/23/2008,5.92
1/24/2008,6.12
1/25/2008,6.05
1/28/2008,6.05
1/29/2008,6.1
1/30/2008,6.18
1/31/2008,6.1
2/1/2008,6.05
2/4/2008,6.08
2/5/2008,6.02
2/6/2008,6.05
2/7/2008,6.15
2/8/2008,6.1
2/11/2008,6.09
2/12/2008,6.17
2/13/2008,6.17
2/14/2008,6.26
2/15/2008,6.25
2/18/2008,6.25
2/19/2008,6.36
2/20/2008,6.42
2/21/2008,6.3
2/22/2008,6.31
2/25/2008,6.43
2/26/2008,6.39
2/27/2008,6.38
2/28/2008,6.31
2/29/2008,6.18
3/3/2008,6.2
3/4/2008,6.27
3/5/2008,6.39
3/6/2008,6.38
3/7/2008,6.35
3/10/2008,6.31
3/11/2008,6.52
3/12/2008,6.43
3/13/2008,6.5
3/14/2008,6.37
3/17/2008,6.34
3/18/2008,6.49
3/19/2008,6.42
3/20/2008,6.41
3/24/2008,6.6
3/25/2008,6.56
3/26/2008,6.54
3/27/2008,6.57
3/28/2008,6.53
3/31/2008,6.47
4/1/2008,6.59
4/2/2008,6.59
4/3/2008,6.6
4/4/2008,6.48
4/7/2008,6.5
4/8/2008,6.48
4/9/2008,6.4
4/10/2008,6.46
4/11/2008,6.41
4/14/2008,6.43
4/15/2008,6.49
4/16/2008,6.61
4/17/2008,6.65
4/18/2008,6.63
4/21/2008,6.58
4/22/2008,6.57
4/23/2008,6.56
4/24/2008,6.65
4/25/2008,6.67
4/28/2008,6.6
4/29/2008,6.57
4/30/2008,6.49
5/1/2008,6.46
5/2/2008,6.51
5/5/2008,6.5
5/6/2008,6.54
5/7/2008,6.5
5/8/2008,6.43
5/9/2008,6.4
5/12/2008,6.42
5/13/2008,6.55
5/14/2008,6.58
5/15/2008,6.49
5/16/2008,6.47
5/19/2008,6.45
5/20/2008,6.39
5/21/2008,6.45
5/22/2008,6.56
5/23/2008,6.49
5/26/2008,6.49
5/27/2008,6.58
5/28/2008,6.65
5/29/2008,6.69
5/30/2008,6.66
5/31/2008,6.6
6/2/2008,6.53
6/3/2008,6.46
6/4/2008,6.5
6/5/2008,6.56
6/6/2008,6.47
6/9/2008,6.57
6/10/2008,6.71
6/11/2008,6.67
6/12/2008,6.81
6/13/2008,6.86
6/16/2008,6.83
6/17/2008,6.8
6/18/2008,6.73
6/19/2008,6.8
6/20/2008,6.74
6/23/2008,6.79
6/24/2008,6.74
6/25/2008,6.75
6/26/2008,6.7
6/27/2008,6.69
6/30/2008,6.76
7/1/2008,6.79
7/2/2008,6.75
7/3/2008,6.76
7/4/2008,6.76
7/7/2008,6.73
7/8/2008,6.71
7/9/2008,6.69
7/10/2008,6.69
7/11/2008,6.84
7/14/2008,6.77
7/15/2008,6.76
7/16/2008,6.85
7/17/2008,6.97
7/18/2008,7.01
7/21/2008,7
7/22/2008,7.05
7/23/2008,7.1
7/24/2008,6.97
7/25/2008,7.07
7/28/2008,6.98
7/29/2008,7.01
7/30/2008,7.03
7/31/2008,6.97
8/1/2008,6.94
8/4/2008,6.96
8/5/2008,7
8/6/2008,7.04
8/7/2008,6.93
8/8/2008,6.95
8/11/2008,7
8/12/2008,6.93
8/13/2008,6.95
8/14/2008,6.9
8/15/2008,6.87
8/18/2008,6.84
8/19/2008,6.87
8/20/2008,6.84
8/21/2008,6.89
8/22/2008,6.94
8/25/2008,6.88
8/26/2008,6.89
8/27/2008,6.88
8/28/2008,6.91
8/29/2008,6.93
8/31/2008,6.93
9/1/2008,6.93
9/2/2008,6.87
9/3/2008,6.84
9/4/2008,6.81
9/5/2008,6.84
9/8/2008,6.86
9/9/2008,6.82
9/10/2008,6.89
9/11/2008,6.91
9/12/2008,7.02
9/15/2008,6.86
9/16/2008,7
9/17/2008,6.99
9/18/2008,7.07
9/19/2008,7.38
9/22/2008,7.42
9/23/2008,7.45
9/24/2008,7.43
9/25/2008,7.64
9/26/2008,7.64
9/29/2008,7.49
9/30/2008,7.89
10/1/2008,7.89
10/2/2008,7.93
10/3/2008,8
10/6/2008,7.89
10/7/2008,8.07
10/8/2008,8.36
10/9/2008,8.6
10/10/2008,8.99
10/13/2008,9
10/14/2008,9.2
10/15/2008,9.26
10/16/2008,9.41
10/17/2008,9.65
10/20/2008,9.7
10/21/2008,9.62
10/22/2008,9.59
10/23/2008,9.58
10/24/2008,9.82
10/27/2008,9.95
10/28/2008,10.09
10/29/2008,10.17
10/30/2008,10.22
10/31/2008,10.23
11/3/2008,10.15
11/4/2008,10.02
11/5/2008,9.91
11/6/2008,9.88
11/7/2008,9.92
11/10/2008,9.86
11/11/2008,9.86
11/12/2008,9.76
11/13/2008,9.86
11/14/2008,9.8
11/17/2008,9.79
11/18/2008,9.78
11/19/2008,9.75
11/20/2008,9.73
11/21/2008,9.89
11/24/2008,10.15
11/25/2008,10.02
11/26/2008,9.97
11/27/2008,9.97
11/28/2008,9.94
11/30/2008,10.01
12/1/2008,9.85
12/2/2008,9.91
12/3/2008,9.95
12/4/2008,9.89
12/5/2008,10.04
12/8/2008,10.09
12/9/2008,10.03
12/10/2008,10.05
12/11/2008,10.01
12/12/2008,9.99
12/15/2008,9.95
12/16/2008,9.84
12/17/2008,9.71
12/18/2008,9.58
12/19/2008,9.58
12/22/2008,9.6
12/23/2008,9.59
12/24/2008,9.58
12/26/2008,9.54
12/29/2008,9.49
12/30/2008,9.41
12/31/2008,9.67
1/2/2009,9.81
1/5/2009,9.73
1/6/2009,9.57
1/7/2009,9.43
1/8/2009,9.32
1/9/2009,9.22
1/12/2009,9.09
1/13/2009,9.08
1/14/2009,8.97
1/15/2009,8.98
1/16/2009,9
1/19/2009,9
1/20/2009,9.01
1/21/2009,9.14
1/22/2009,9.16
1/23/2009,9.19
1/26/2009,9.17
1/27/2009,9.01
1/28/2009,9.06
1/29/2009,9.09
1/30/2009,9.05
1/31/2009,9.15
2/2/2009,9.04
2/3/2009,9.13
2/4/2009,9.14
2/5/2009,9.09
2/6/2009,9.12
2/9/2009,9.1
2/10/2009,8.92
2/11/2009,8.85
2/12/2009,8.85
2/13/2009,9.01
2/16/2009,8.99
2/17/2009,8.85
2/18/2009,8.96
2/19/2009,9.07
2/20/2009,9.04
2/23/2009,9.06
2/24/2009,9.17
2/25/2009,9.29
2/26/2009,9.36
2/27/2009,9.4
2/28/2009,9.39
3/2/2009,9.33
3/3/2009,9.41
3/4/2009,9.5
3/5/2009,9.39
3/6/2009,9.46
3/9/2009,9.56
3/10/2009,9.68
3/11/2009,9.65
3/12/2009,9.64
3/13/2009,9.62
3/16/2009,9.65
3/17/2009,9.7
3/18/2009,9.35
3/19/2009,9.42
3/20/2009,9.43
3/23/2009,9.47
3/24/2009,9.45
3/25/2009,9.52
3/26/2009,9.45
3/27/2009,9.44
3/30/2009,9.4
3/31/2009,9.43
4/1/2009,9.41
4/2/2009,9.46
4/3/2009,9.57
4/6/2009,9.56
4/7/2009,9.49
4/8/2009,9.41
4/9/2009,9.39
4/13/2009,9.26
4/14/2009,9.15
4/15/2009,9.07
4/16/2009,9.06
4/17/2009,9.05
4/20/2009,8.93
4/21/2009,8.96
4/22/2009,8.97
4/23/2009,8.93
4/24/2009,8.95
4/27/2009,8.86
4/28/2009,8.87
4/29/2009,8.83
4/30/2009,8.77
5/1/2009,8.69
5/4/2009,8.65
5/5/2009,8.56
5/6/2009,8.48
5/7/2009,8.44
5/8/2009,8.34
5/11/2009,8.24
5/12/2009,8.21
5/13/2009,8.16
5/14/2009,8.17
5/15/2009,8.16
5/18/2009,8.23
5/19/2009,8.18
5/20/2009,8.06
5/21/2009,8.12
5/22/2009,8.14
5/25/2009,8.14
5/26/2009,8.12
5/27/2009,8.16
5/28/2009,8.08
5/29/2009,7.84
5/31/2009,7.83
6/1/2009,7.96
6/2/2009,7.78
6/3/2009,7.63
6/4/2009,7.71
6/5/2009,7.84
6/8/2009,7.84
6/9/2009,7.76
6/10/2009,7.74
6/11/2009,7.62
6/12/2009,7.54
6/15/2009,7.44
6/16/2009,7.38
6/17/2009,7.36
6/18/2009,7.49
6/19/2009,7.42
6/22/2009,7.34
6/23/2009,7.31
6/24/2009,7.35
6/25/2009,7.23
6/26/2009,7.21
6/29/2009,7.21
6/30/2009,7.21
7/1/2009,7.2
7/2/2009,7.13
7/3/2009,7.13
7/6/2009,7.13
7/7/2009,7.1
7/8/2009,6.97
7/9/2009,7.08
7/10/2009,6.98
7/13/2009,7.01
7/14/2009,7.05
7/15/2009,7.13
7/16/2009,7.06
7/17/2009,7.09
7/20/2009,7.01
7/21/2009,6.88
7/22/2009,6.91
7/23/2009,7
7/24/2009,6.92
7/27/2009,6.9
7/28/2009,6.85
7/29/2009,6.78
7/30/2009,6.67
7/31/2009,6.54
8/3/2009,6.62
8/4/2009,6.58
8/5/2009,6.59
8/6/2009,6.5
8/7/2009,6.56
8/10/2009,6.45
8/11/2009,6.4
8/12/2009,6.42
8/13/2009,6.31
8/14/2009,6.27
8/17/2009,6.24
8/18/2009,6.29
8/19/2009,6.25
8/20/2009,6.23
8/21/2009,6.34
8/24/2009,6.26
8/25/2009,6.21
8/26/2009,6.18
8/27/2009,6.18
8/28/2009,6.15
8/31/2009,6.11
9/1/2009,6.09
9/2/2009,6.03
9/3/2009,6.06
9/4/2009,6.13
9/7/2009,6.13
9/8/2009,6.13
9/9/2009,6.12
9/10/2009,5.98
9/11/2009,5.95
9/14/2009,5.96
9/15/2009,5.96
9/16/2009,5.95
9/17/2009,5.86
9/18/2009,5.9
9/21/2009,5.89
9/22/2009,5.84
9/23/2009,5.8
9/24/2009,5.76
9/25/2009,5.74
9/28/2009,5.72
9/29/2009,5.72
9/30/2009,5.77
10/1/2009,5.69
10/2/2009,5.73
10/5/2009,5.73
10/6/2009,5.72
10/7/2009,5.65
10/8/2009,5.7
10/9/2009,5.79
10/12/2009,5.79
10/13/2009,5.71
10/14/2009,5.78
10/15/2009,5.8
10/16/2009,5.75
10/19/2009,5.73
10/20/2009,5.68
10/21/2009,5.72
10/22/2009,5.7
10/23/2009,5.73
10/26/2009,5.78
10/27/2009,5.68
10/28/2009,5.64
10/29/2009,5.71
10/30/2009,5.61
10/31/2009,5.64
11/2/2009,5.67
11/3/2009,5.7
11/4/2009,5.74
11/5/2009,5.71
11/6/2009,5.68
11/9/2009,5.66
11/10/2009,5.65
11/11/2009,5.65
11/12/2009,5.61
11/13/2009,5.59
11/16/2009,5.5
11/17/2009,5.48
11/18/2009,5.5
11/19/2009,5.46
11/20/2009,5.47
11/23/2009,5.47
11/24/2009,5.42
11/25/2009,5.4
11/26/2009,5.4
11/27/2009,5.35
11/30/2009,5.4
12/1/2009,5.44
12/2/2009,5.47
12/3/2009,5.49
12/4/2009,5.57
12/7/2009,5.5
12/8/2009,5.43
12/9/2009,5.45
12/10/2009,5.47
12/11/2009,5.5
12/14/2009,5.46
12/15/2009,5.48
12/16/2009,5.45
12/17/2009,5.33
12/18/2009,5.37
12/21/2009,5.46
12/22/2009,5.5
12/23/2009,5.5
12/24/2009,5.54
12/28/2009,5.56
12/29/2009,5.53
12/30/2009,5.5
12/31/2009,5.58
1/4/2010,5.54
1/5/2010,5.43
1/6/2010,5.42
1/7/2010,5.4
1/8/2010,5.34
1/11/2010,5.32
1/12/2010,5.24
1/13/2010,5.28
1/14/2010,5.22
1/15/2010,5.18
1/18/2010,5.18
1/19/2010,5.21
1/20/2010,5.18
1/21/2010,5.14
1/22/2010,5.14
1/25/2010,5.19
1/26/2010,5.2
1/27/2010,5.21
1/28/2010,5.21
1/29/2010,5.17
1/31/2010,5.15
2/1/2010,5.21
2/2/2010,5.18
2/3/2010,5.22
2/4/2010,5.16
2/5/2010,5.13
2/8/2010,5.18
2/9/2010,5.23
2/10/2010,5.28
2/11/2010,5.3
2/12/2010,5.26
2/15/2010,5.24
2/16/2010,5.23
2/17/2010,5.29
2/18/2010,5.31
2/19/2010,5.3
2/22/2010,5.28
2/23/2010,5.19
2/24/2010,5.19
2/25/2010,5.14
2/26/2010,5.09
2/28/2010,5.16
3/1/2010,5.19
3/2/2010,5.15
3/3/2010,5.15
3/4/2010,5.14
3/5/2010,5.18
3/8/2010,5.17
3/9/2010,5.14
3/10/2010,5.15
3/11/2010,5.15
3/12/2010,5.14
3/15/2010,5.11
3/16/2010,5.06
3/17/2010,5.05
3/18/2010,5.06
3/19/2010,5.07
3/22/2010,5.05
3/23/2010,5.05
3/24/2010,5.16
3/25/2010,5.19
3/26/2010,5.14
3/29/2010,5.14
3/30/2010,5.14
3/31/2010,5.13
4/1/2010,5.15
4/5/2010,5.26
4/6/2010,5.23
4/7/2010,5.13
4/8/2010,5.15
4/9/2010,5.13
4/12/2010,5.09
4/13/2010,5.06
4/14/2010,5.07
4/15/2010,5.04
4/16/2010,4.96
4/19/2010,4.99
4/20/2010,4.99
4/21/2010,4.93
4/22/2010,4.96
4/23/2010,5
4/26/2010,4.99
4/27/2010,4.9
4/28/2010,4.97
4/29/2010,4.93
4/30/2010,4.92
5/3/2010,4.97
5/4/2010,4.91
5/5/2010,4.9
5/6/2010,4.85
5/7/2010,5
5/10/2010,5.02
5/11/2010,5.04
5/12/2010,5.04
5/13/2010,5.02
5/14/2010,4.93
5/17/2010,4.96
5/18/2010,4.9
5/19/2010,4.96
5/20/2010,4.99
5/21/2010,4.99
5/24/2010,5.03
5/25/2010,5.06
5/26/2010,5.12
5/27/2010,5.19
5/28/2010,5.13
5/31/2010,5.16
6/1/2010,5.18
6/2/2010,5.24
6/3/2010,5.24
6/4/2010,5.11
6/7/2010,5.12
6/8/2010,5.15
6/9/2010,5.16
6/10/2010,5.28
6/11/2010,5.19
6/14/2010,5.21
6/15/2010,5.23
6/16/2010,5.2
6/17/2010,5.12
6/18/2010,5.13
6/21/2010,5.11
6/22/2010,5.06
6/23/2010,5.02
6/24/2010,5.04
6/25/2010,5.03
6/28/2010,4.97
6/29/2010,4.94
6/30/2010,4.98
7/1/2010,4.97
7/2/2010,5.01
7/5/2010,5.01
7/6/2010,4.96
7/7/2010,4.99
7/8/2010,5
7/9/2010,5.01
7/12/2010,4.99
7/13/2010,5.01
7/14/2010,4.93
7/15/2010,4.87
7/16/2010,4.83
7/19/2010,4.85
7/20/2010,4.82
7/21/2010,4.77
7/22/2010,4.79
7/23/2010,4.81
7/26/2010,4.78
7/27/2010,4.79
7/28/2010,4.73
7/29/2010,4.7
7/30/2010,4.63
7/31/2010,4.67
8/2/2010,4.7
8/3/2010,4.64
8/4/2010,4.66
8/5/2010,4.63
8/6/2010,4.57
8/9/2010,4.56
8/10/2010,4.54
8/11/2010,4.5
8/12/2010,4.54
8/13/2010,4.51
8/16/2010,4.42
8/17/2010,4.46
8/18/2010,4.45
8/19/2010,4.4
8/20/2010,4.44
8/23/2010,4.42
8/24/2010,4.36
8/25/2010,4.42
8/26/2010,4.4
8/27/2010,4.51
8/30/2010,4.43
8/31/2010,4.43
9/1/2010,4.5
9/2/2010,4.51
9/3/2010,4.55
9/6/2010,4.54
9/7/2010,4.46
9/8/2010,4.5
9/9/2010,4.58
9/10/2010,4.58
9/13/2010,4.51
9/14/2010,4.44
9/15/2010,4.47
9/16/2010,4.49
9/17/2010,4.47
9/20/2010,4.44
9/21/2010,4.35
9/22/2010,4.33
9/23/2010,4.34
9/24/2010,4.37
9/27/2010,4.3
9/28/2010,4.26
9/29/2010,4.29
9/30/2010,4.33
10/1/2010,4.33
10/4/2010,4.3
10/5/2010,4.28
10/6/2010,4.22
10/7/2010,4.21
10/8/2010,4.19
10/11/2010,4.19
10/12/2010,4.21
10/13/2010,4.2
10/14/2010,4.24
10/15/2010,4.29
10/18/2010,4.23
10/19/2010,4.21
10/20/2010,4.21
10/21/2010,4.24
10/22/2010,4.24
10/25/2010,4.22
10/26/2010,4.28
10/27/2010,4.32
10/28/2010,4.27
10/29/2010,4.22
10/31/2010,4.26
11/1/2010,4.27
11/2/2010,4.23
11/3/2010,4.24
11/4/2010,4.13
11/5/2010,4.17
11/8/2010,4.19
11/9/2010,4.27
11/10/2010,4.26
11/11/2010,4.26
11/12/2010,4.36
11/15/2010,4.47
11/16/2010,4.43
11/17/2010,4.45
11/18/2010,4.46
11/19/2010,4.45
11/22/2010,4.4
11/23/2010,4.38
11/24/2010,4.49
11/25/2010,4.49
11/26/2010,4.45
11/29/2010,4.44
11/30/2010,4.46
12/1/2010,4.59
12/2/2010,4.61
12/3/2010,4.59
12/6/2010,4.51
12/7/2010,4.67
12/8/2010,4.72
12/9/2010,4.72
12/10/2010,4.75
12/13/2010,4.71
12/14/2010,4.82
12/15/2010,4.86
12/16/2010,4.83
12/17/2010,4.71
12/20/2010,4.73
12/21/2010,4.72
12/22/2010,4.74
12/23/2010,4.77
12/24/2010,4.77
12/27/2010,4.74
12/28/2010,4.83
12/29/2010,4.71
12/30/2010,4.73
12/31/2010,4.72
1/3/2011,4.73
1/4/2011,4.73
1/5/2011,4.82
1/6/2011,4.76
1/7/2011,4.68
1/10/2011,4.67
1/11/2011,4.68
1/12/2011,4.69
1/13/2011,4.64
1/14/2011,4.65
1/17/2011,4.64
1/18/2011,4.66
1/19/2011,4.63
1/20/2011,4.72
1/21/2011,4.68
1/24/2011,4.67
1/25/2011,4.6
1/26/2011,4.67
1/27/2011,4.62
1/28/2011,4.59
1/31/2011,4.67
2/1/2011,4.71
2/2/2011,4.74
2/3/2011,4.77
2/4/2011,4.84
2/7/2011,4.82
2/8/2011,4.87
2/9/2011,4.81
2/10/2011,4.86
2/11/2011,4.82
2/14/2011,4.79
2/15/2011,4.78
2/16/2011,4.78
2/17/2011,4.73
2/18/2011,4.74
2/21/2011,4.73
2/22/2011,4.64
2/23/2011,4.67
2/24/2011,4.65
2/25/2011,4.63
2/28/2011,4.65
3/1/2011,4.64
3/2/2011,4.67
3/3/2011,4.75
3/4/2011,4.67
3/7/2011,4.67
3/8/2011,4.7
3/9/2011,4.64
3/10/2011,4.59
3/11/2011,4.59
3/14/2011,4.54
3/15/2011,4.57
3/16/2011,4.5
3/17/2011,4.53
3/18/2011,4.54
3/21/2011,4.56
3/22/2011,4.56
3/23/2011,4.57
3/24/2011,4.6
3/25/2011,4.64
3/28/2011,4.64
3/29/2011,4.67
3/30/2011,4.65
3/31/2011,4.67
4/1/2011,4.67
4/4/2011,4.64
4/5/2011,4.68
4/6/2011,4.71
4/7/2011,4.7
4/8/2011,4.7
4/11/2011,4.7
4/12/2011,4.64
4/13/2011,4.61
4/14/2011,4.63
4/15/2011,4.56
4/18/2011,4.53
4/19/2011,4.52
4/20/2011,4.55
4/21/2011,4.55
4/25/2011,4.51
4/26/2011,4.47
4/27/2011,4.5
4/28/2011,4.45
4/29/2011,4.43
4/30/2011,4.46
5/2/2011,4.45
5/3/2011,4.43
5/4/2011,4.41
5/5/2011,4.38
5/6/2011,4.37
5/9/2011,4.35
5/10/2011,4.39
5/11/2011,4.36
5/12/2011,4.39
5/13/2011,4.36
5/16/2011,4.32
5/17/2011,4.3
5/18/2011,4.35
5/19/2011,4.34
5/20/2011,4.32
5/23/2011,4.31
5/24/2011,4.31
5/25/2011,4.33
5/26/2011,4.27
5/27/2011,4.28
5/30/2011,4.28
5/31/2011,4.29
6/1/2011,4.24
6/2/2011,4.3
6/3/2011,4.28
6/6/2011,4.29
6/7/2011,4.29
6/8/2011,4.26
6/9/2011,4.3
6/10/2011,4.28
6/13/2011,4.3
6/14/2011,4.37
6/15/2011,4.28
6/16/2011,4.26
6/17/2011,4.29
6/20/2011,4.3
6/21/2011,4.31
6/22/2011,4.31
6/23/2011,4.26
6/24/2011,4.25
6/27/2011,4.32
6/28/2011,4.4
6/29/2011,4.43
6/30/2011,4.47
7/1/2011,4.49
7/4/2011,4.48
7/5/2011,4.43
7/6/2011,4.4
7/7/2011,4.44
7/8/2011,4.33
7/11/2011,4.27
7/12/2011,4.27
7/13/2011,4.26
7/14/2011,4.29
7/15/2011,4.27
7/18/2011,4.27
7/19/2011,4.27
7/20/2011,4.29
7/21/2011,4.34
7/22/2011,4.3
7/25/2011,4.32
7/26/2011,4.27
7/27/2011,4.3
7/28/2011,4.26
7/29/2011,4.15
7/31/2011,4.17
8/1/2011,4.13
8/2/2011,4.05
8/3/2011,4.05
8/4/2011,3.99
8/5/2011,4.09
8/8/2011,4.1
8/9/2011,4.04
8/10/2011,4.06
8/11/2011,4.24
8/12/2011,4.17
8/15/2011,4.19
8/16/2011,4.14
8/17/2011,4.11
8/18/2011,4.11
8/19/2011,4.13
8/22/2011,4.15
8/23/2011,4.23
8/24/2011,4.35
8/25/2011,4.32
8/26/2011,4.31
8/29/2011,4.37
8/30/2011,4.29
8/31/2011,4.32
9/1/2011,4.26
9/2/2011,4.17
9/5/2011,4.17
9/6/2011,4.2
9/7/2011,4.24
9/8/2011,4.21
9/9/2011,4.19
9/12/2011,4.25
9/13/2011,4.31
9/14/2011,4.32
9/15/2011,4.37
9/16/2011,4.36
9/19/2011,4.29
9/20/2011,4.3
9/21/2011,4.28
9/22/2011,4.32
9/23/2011,4.44
9/26/2011,4.52
9/27/2011,4.59
9/28/2011,4.58
9/29/2011,4.56
9/30/2011,4.6
10/3/2011,4.54
10/4/2011,4.64
10/5/2011,4.72
10/6/2011,4.74
10/7/2011,4.77
10/10/2011,4.77
10/11/2011,4.79
10/12/2011,4.77
10/13/2011,4.7
10/14/2011,4.68
10/17/2011,4.62
10/18/2011,4.6
10/19/2011,4.55
10/20/2011,4.56
10/21/2011,4.54
10/24/2011,4.53
10/25/2011,4.43
10/26/2011,4.48
10/27/2011,4.5
10/28/2011,4.41
10/31/2011,4.38
11/1/2011,4.33
11/2/2011,4.32
11/3/2011,4.36
11/4/2011,4.33
11/7/2011,4.31
11/8/2011,4.36
11/9/2011,4.35
11/10/2011,4.42
11/11/2011,4.42
11/14/2011,4.41
11/15/2011,4.45
11/16/2011,4.45
11/17/2011,4.45
11/18/2011,4.49
11/21/2011,4.51
11/22/2011,4.53
11/23/2011,4.51
11/24/2011,4.51
11/25/2011,4.58
11/28/2011,4.57
11/29/2011,4.6
11/30/2011,4.67
12/1/2011,4.69
12/2/2011,4.6
12/5/2011,4.57
12/6/2011,4.6
12/7/2011,4.54
12/8/2011,4.53
12/9/2011,4.59
12/12/2011,4.57
12/13/2011,4.54
12/14/2011,4.51
12/15/2011,4.52
12/16/2011,4.48
12/19/2011,4.46
12/20/2011,4.53
12/21/2011,4.56
12/22/2011,4.55
12/23/2011,4.61
12/27/2011,4.59
12/28/2011,4.51
12/29/2011,4.49
12/30/2011,4.47
12/31/2011,4.55
1/3/2012,4.58
1/4/2012,4.59
1/5/2012,4.57
1/6/2012,4.54
1/9/2012,4.52
1/10/2012,4.51
1/11/2012,4.48
1/12/2012,4.48
1/13/2012,4.43
1/16/2012,4.41
1/17/2012,4.4
1/18/2012,4.42
1/19/2012,4.44
1/20/2012,4.45
1/23/2012,4.45
1/24/2012,4.43
1/25/2012,4.37
1/26/2012,4.28
1/27/2012,4.24
1/30/2012,4.21
1/31/2012,4.2
2/1/2012,4.21
2/2/2012,4.18
2/3/2012,4.23
2/6/2012,4.18
2/7/2012,4.2
2/8/2012,4.19
2/9/2012,4.2
2/10/2012,4.15
2/13/2012,4.17
2/14/2012,4.12
2/15/2012,4.12
2/16/2012,4.17
2/17/2012,4.17
2/20/2012,4.16
2/21/2012,4.17
2/22/2012,4.13
2/23/2012,4.11
2/24/2012,4.09
2/27/2012,4.05
2/28/2012,4.03
2/29/2012,4.04
3/1/2012,4.06
3/2/2012,4
3/5/2012,4.02
3/6/2012,4.01
3/7/2012,4.03
3/8/2012,4.05
3/9/2012,4.06
3/12/2012,4.04
3/13/2012,4.09
3/14/2012,4.17
3/15/2012,4.16
3/16/2012,4.15
3/19/2012,4.19
3/20/2012,4.19
3/21/2012,4.13
3/22/2012,4.12
3/23/2012,4.1
3/26/2012,4.1
3/27/2012,4.06
3/28/2012,4.06
3/29/2012,4.04
3/30/2012,4.08
3/31/2012,4.12
4/2/2012,4.11
4/3/2012,4.17
4/4/2012,4.15
4/5/2012,4.12
4/9/2012,4.04
4/10/2012,4.03
4/11/2012,4.07
4/12/2012,4.07
4/13/2012,4.04
4/16/2012,4.02
4/17/2012,4.03
4/18/2012,4.02
4/19/2012,4.01
4/20/2012,4.02
4/23/2012,4
4/24/2012,4.02
4/25/2012,4.02
4/26/2012,4.01
4/27/2012,3.99
4/30/2012,4
5/1/2012,4.02
5/2/2012,3.98
5/3/2012,3.97
5/4/2012,3.94
5/7/2012,3.95
5/8/2012,3.93
5/9/2012,3.95
5/10/2012,3.96
5/11/2012,3.94
5/14/2012,3.93
5/15/2012,3.95
5/16/2012,3.98
5/17/2012,4
5/18/2012,4.05
5/21/2012,4.08
5/22/2012,4.11
5/23/2012,4.08
5/24/2012,4.11
5/25/2012,4.1
5/28/2012,4.09
5/29/2012,4.09
5/30/2012,4.05
5/31/2012,4.05
6/1/2012,4.02
6/4/2012,4.07
6/5/2012,4.08
6/6/2012,4.12
6/7/2012,4.09
6/8/2012,4.08
6/11/2012,4.05
6/12/2012,4.11
6/13/2012,4.06
6/14/2012,4.06
6/15/2012,4.03
6/18/2012,4.02
6/19/2012,4.02
6/20/2012,4.02
6/21/2012,3.99
6/22/2012,4.02
6/25/2012,3.98
6/26/2012,4
6/27/2012,4
6/28/2012,3.97
6/29/2012,3.99
6/30/2012,4.03
7/2/2012,3.95
7/3/2012,3.97
7/4/2012,3.97
7/5/2012,3.94
7/6/2012,3.91
7/9/2012,3.88
7/10/2012,3.86
7/11/2012,3.85
7/12/2012,3.84
7/13/2012,3.83
7/16/2012,3.78
7/17/2012,3.78
7/18/2012,3.74
7/19/2012,3.74
7/20/2012,3.71
7/23/2012,3.71
7/24/2012,3.7
7/25/2012,3.7
7/26/2012,3.71
7/27/2012,3.75
7/30/2012,3.69
7/31/2012,3.69
8/1/2012,3.72
8/2/2012,3.68
8/3/2012,3.73
8/6/2012,3.7
8/7/2012,3.73
8/8/2012,3.74
8/9/2012,3.74
8/10/2012,3.71
8/13/2012,3.72
8/14/2012,3.75
8/15/2012,3.8
8/16/2012,3.82
8/17/2012,3.8
8/20/2012,3.79
8/21/2012,3.78
8/22/2012,3.71
8/23/2012,3.68
8/24/2012,3.69
8/27/2012,3.67
8/28/2012,3.66
8/29/2012,3.67
8/30/2012,3.65
8/31/2012,3.62
9/3/2012,3.62
9/4/2012,3.63
9/5/2012,3.64
9/6/2012,3.67
9/7/2012,3.64
9/10/2012,3.64
9/11/2012,3.64
9/12/2012,3.65
9/13/2012,3.63
9/14/2012,3.63
9/17/2012,3.6
9/18/2012,3.58
9/19/2012,3.55
9/20/2012,3.55
9/21/2012,3.53
9/24/2012,3.51
9/25/2012,3.5
9/26/2012,3.48
9/27/2012,3.49
9/28/2012,3.47
9/30/2012,3.48
10/1/2012,3.47
10/2/2012,3.45
10/3/2012,3.44
10/4/2012,3.45
10/5/2012,3.47
10/8/2012,3.47
10/9/2012,3.45
10/10/2012,3.42
10/11/2012,3.4
10/12/2012,3.37
10/15/2012,3.34
10/16/2012,3.35
10/17/2012,3.37
10/18/2012,3.36
10/19/2012,3.33
10/22/2012,3.35
10/23/2012,3.35
10/24/2012,3.35
10/25/2012,3.38
10/26/2012,3.34
10/29/2012,3.32
10/31/2012,3.32
11/1/2012,3.34
11/2/2012,3.35
11/5/2012,3.32
11/6/2012,3.36
11/7/2012,3.32
11/8/2012,3.3
11/9/2012,3.32
11/12/2012,3.31
11/13/2012,3.32
11/14/2012,3.33
11/15/2012,3.34
11/16/2012,3.35
11/19/2012,3.36
11/20/2012,3.39
11/21/2012,3.41
11/22/2012,3.4
11/23/2012,3.41
11/26/2012,3.38
11/27/2012,3.37
11/28/2012,3.35
11/29/2012,3.35
11/30/2012,3.34
12/3/2012,3.35
12/4/2012,3.34
12/5/2012,3.33
12/6/2012,3.32
12/7/2012,3.34
12/10/2012,3.33
12/11/2012,3.34
12/12/2012,3.37
12/13/2012,3.38
12/14/2012,3.37
12/17/2012,3.38
12/18/2012,3.42
12/19/2012,3.39
12/20/2012,3.38
12/21/2012,3.35
12/24/2012,3.36
12/26/2012,3.36
12/27/2012,3.32
12/28/2012,3.32
12/31/2012,3.33
1/2/2013,3.36
1/3/2013,3.37
1/4/2013,3.36
1/7/2013,3.34
1/8/2013,3.32
1/9/2013,3.3
1/10/2013,3.32
1/11/2013,3.31
1/14/2013,3.3
1/15/2013,3.28
1/16/2013,3.28
1/17/2013,3.31
1/18/2013,3.29
1/21/2013,3.29
1/22/2013,3.28
1/23/2013,3.28
1/24/2013,3.28
1/25/2013,3.34
1/28/2013,3.36
1/29/2013,3.37
1/30/2013,3.38
1/31/2013,3.42
2/1/2013,3.43
2/4/2013,3.42
2/5/2013,3.44
2/6/2013,3.42
2/7/2013,3.41
2/8/2013,3.41
2/11/2013,3.41
2/12/2013,3.43
2/13/2013,3.45
2/14/2013,3.41
2/15/2013,3.42
2/18/2013,3.42
2/19/2013,3.43
2/20/2013,3.43
2/21/2013,3.41
2/22/2013,3.39
2/25/2013,3.34
2/26/2013,3.35
2/27/2013,3.36
2/28/2013,3.36
3/1/2013,3.34
3/4/2013,3.36
3/5/2013,3.36
3/6/2013,3.38
3/7/2013,3.41
3/8/2013,3.44
3/11/2013,3.44
3/12/2013,3.41
3/13/2013,3.41
3/14/2013,3.41
3/15/2013,3.38
3/18/2013,3.37
3/19/2013,3.34
3/20/2013,3.36
3/21/2013,3.36
3/22/2013,3.36
3/25/2013,3.35
3/26/2013,3.35
3/27/2013,3.33
3/28/2013,3.34
3/31/2013,3.37
4/1/2013,3.36
4/2/2013,3.37
4/3/2013,3.34
4/4/2013,3.29
4/5/2013,3.25
4/8/2013,3.26
4/9/2013,3.26
4/10/2013,3.29
4/11/2013,3.27
4/12/2013,3.23
4/15/2013,3.22
4/16/2013,3.23
4/17/2013,3.23
4/18/2013,3.23
4/19/2013,3.24
4/22/2013,3.23
4/23/2013,3.22
4/24/2013,3.21
4/25/2013,3.21
4/26/2013,3.18
4/29/2013,3.18
4/30/2013,3.21
5/1/2013,3.18
5/2/2013,3.16
5/3/2013,3.22
5/6/2013,3.23
5/7/2013,3.23
5/8/2013,3.21
5/9/2013,3.22
5/10/2013,3.27
5/13/2013,3.3
5/14/2013,3.3
5/15/2013,3.3
5/16/2013,3.24
5/17/2013,3.29
5/20/2013,3.3
5/21/2013,3.29
5/22/2013,3.34
5/23/2013,3.34
5/24/2013,3.34
5/27/2013,3.34
5/28/2013,3.42
5/29/2013,3.45
5/30/2013,3.46
5/31/2013,3.54
6/3/2013,3.55
6/4/2013,3.57
6/5/2013,3.59
6/6/2013,3.6
6/7/2013,3.65
6/10/2013,3.7
6/11/2013,3.74
6/12/2013,3.76
6/13/2013,3.73
6/14/2013,3.65
6/17/2013,3.67
6/18/2013,3.69
6/19/2013,3.79
6/20/2013,3.97
6/21/2013,4.05
6/24/2013,4.16
6/25/2013,4.17
6/26/2013,4.12
6/27/2013,4.05
6/28/2013,4.04
6/30/2013,4.06
7/1/2013,4.06
7/2/2013,4.04
7/3/2013,4.07
7/4/2013,4.07
7/5/2013,4.22
7/8/2013,4.16
7/9/2013,4.13
7/10/2013,4.15
7/11/2013,4.06
7/12/2013,4.07
7/15/2013,4.01
7/16/2013,3.98
7/17/2013,3.94
7/18/2013,3.93
7/19/2013,3.89
7/22/2013,3.87
7/23/2013,3.88
7/24/2013,3.94
7/25/2013,3.95
7/26/2013,3.92
7/29/2013,3.94
7/30/2013,3.94
7/31/2013,3.97
8/1/2013,4.04
8/2/2013,3.96
8/5/2013,3.98
8/6/2013,3.99
8/7/2013,3.97
8/8/2013,3.96
8/9/2013,3.95
8/12/2013,3.97
8/13/2013,4.04
8/14/2013,4.04
8/15/2013,4.08
8/16/2013,4.13
8/19/2013,4.18
8/20/2013,4.14
8/21/2013,4.19
8/22/2013,4.23
8/23/2013,4.17
8/26/2013,4.15
8/27/2013,4.1
8/28/2013,4.15
8/29/2013,4.12
9/2/2013,4.13
9/3/2013,4.2
9/4/2013,4.24
9/5/2013,4.32
9/6/2013,4.28
9/9/2013,4.23
9/10/2013,4.27
9/11/2013,4.24
9/12/2013,4.22
9/13/2013,4.22
9/16/2013,4.17
9/17/2013,4.15
9/18/2013,4.05
9/19/2013,4.03
9/20/2013,4.02
9/23/2013,4.01
9/24/2013,3.97
9/25/2013,3.94
9/26/2013,3.96
9/27/2013,3.96
9/30/2013,4.03
10/1/2013,4.04
10/2/2013,4.02
10/3/2013,4
10/4/2013,4.02
10/7/2013,4.01
10/8/2013,4.02
10/9/2013,4.02
10/10/2013,4.02
10/11/2013,4
10/14/2013,3.99
10/15/2013,4
10/16/2013,3.96
10/17/2013,3.89
10/18/2013,3.87
10/21/2013,3.88
10/22/2013,3.81
10/23/2013,3.79
10/24/2013,3.81
10/25/2013,3.8
10/28/2013,3.8
10/29/2013,3.79
10/30/2013,3.79
10/31/2013,3.82
11/1/2013,3.87
11/4/2013,3.86
11/5/2013,3.9
11/6/2013,3.89
11/7/2013,3.86
11/8/2013,3.96
11/11/2013,3.95
11/12/2013,3.99
11/13/2013,3.96
11/14/2013,3.91
11/15/2013,3.9
11/18/2013,3.86
11/19/2013,3.88
11/20/2013,3.92
11/21/2013,3.91
11/22/2013,3.89
11/25/2013,3.87
11/26/2013,3.84
11/27/2013,3.86
11/28/2013,3.86
11/29/2013,3.86
11/30/2013,3.88
12/2/2013,3.89
12/3/2013,3.87
12/4/2013,3.92
12/5/2013,3.93
12/6/2013,3.94
12/9/2013,3.92
12/10/2013,3.86
12/11/2013,3.89
12/12/2013,3.91
12/13/2013,3.9
12/16/2013,3.89
12/17/2013,3.86
12/18/2013,3.87
12/19/2013,3.89
12/20/2013,3.87
12/23/2013,3.89
12/24/2013,3.93
12/26/2013,3.93
12/27/2013,3.93
12/30/2013,3.9
12/31/2013,3.94
1/2/2014,3.92
1/3/2014,3.92
1/6/2014,3.89
1/7/2014,3.86
1/8/2014,3.91
1/9/2014,3.89
1/10/2014,3.82
1/13/2014,3.79
1/14/2014,3.81
1/15/2014,3.82
1/16/2014,3.79
1/17/2014,3.78
1/20/2014,3.77
1/21/2014,3.77
1/22/2014,3.8
1/23/2014,3.75
1/24/2014,3.76
1/27/2014,3.78
1/28/2014,3.76
1/29/2014,3.72
1/30/2014,3.74
1/31/2014,3.76
2/3/2014,3.72
2/4/2014,3.74
2/5/2014,3.76
2/6/2014,3.77
2/7/2014,3.73
2/10/2014,3.73
2/11/2014,3.75
2/12/2014,3.77
2/13/2014,3.72
2/14/2014,3.71
2/17/2014,3.71
2/18/2014,3.68
2/19/2014,3.7
2/20/2014,3.71
2/21/2014,3.7
2/24/2014,3.7
2/25/2014,3.66
2/26/2014,3.64
2/27/2014,3.62
2/28/2014,3.64
3/3/2014,3.62
3/4/2014,3.67
3/5/2014,3.67
3/6/2014,3.69
3/7/2014,3.74
3/10/2014,3.74
3/11/2014,3.73
3/12/2014,3.72
3/13/2014,3.68
3/14/2014,3.68
3/17/2014,3.7
3/18/2014,3.68
3/19/2014,3.74
3/20/2014,3.75
3/21/2014,3.73
3/24/2014,3.73
3/25/2014,3.72
3/26/2014,3.68
3/27/2014,3.65
3/28/2014,3.67
3/31/2014,3.71
4/1/2014,3.71
4/2/2014,3.74
4/3/2014,3.73
4/4/2014,3.67
4/7/2014,3.64
4/8/2014,3.63
4/9/2014,3.62
4/10/2014,3.57
4/11/2014,3.56
4/14/2014,3.58
4/15/2014,3.58
4/16/2014,3.59
4/17/2014,3.63
4/21/2014,3.63
4/22/2014,3.63
4/23/2014,3.6
4/24/2014,3.6
4/25/2014,3.59
4/28/2014,3.6
4/29/2014,3.6
4/30/2014,3.6
5/1/2014,3.56
5/2/2014,3.56
5/5/2014,3.56
5/6/2014,3.55
5/7/2014,3.53
5/8/2014,3.51
5/9/2014,3.52
5/12/2014,3.55
5/13/2014,3.51
5/14/2014,3.45
5/15/2014,3.43
5/16/2014,3.44
5/19/2014,3.44
5/20/2014,3.42
5/21/2014,3.44
5/22/2014,3.46
5/23/2014,3.44
5/26/2014,3.43
5/27/2014,3.42
5/28/2014,3.36
5/29/2014,3.36
5/30/2014,3.37
5/31/2014,3.4
6/2/2014,3.46
6/3/2014,3.49
6/4/2014,3.5
6/5/2014,3.48
6/6/2014,3.48
6/9/2014,3.48
6/10/2014,3.49
6/11/2014,3.5
6/12/2014,3.46
6/13/2014,3.49
6/16/2014,3.48
6/17/2014,3.52
6/18/2014,3.49
6/19/2014,3.48
6/20/2014,3.48
6/23/2014,3.47
6/24/2014,3.44
6/25/2014,3.42
6/26/2014,3.4
6/27/2014,3.4
6/30/2014,3.42
7/1/2014,3.46
7/2/2014,3.5
7/3/2014,3.52
7/4/2014,3.52
7/7/2014,3.5
7/8/2014,3.46
7/9/2014,3.45
7/10/2014,3.44
7/11/2014,3.43
7/14/2014,3.44
7/15/2014,3.45
7/16/2014,3.45
7/17/2014,3.42
7/18/2014,3.44
7/21/2014,3.44
7/22/2014,3.43
7/23/2014,3.42
7/24/2014,3.45
7/25/2014,3.43
7/28/2014,3.45
7/29/2014,3.43
7/30/2014,3.5
7/31/2014,3.53
8/1/2014,3.5
8/4/2014,3.49
8/5/2014,3.49
8/6/2014,3.5
8/7/2014,3.47
8/8/2014,3.48
8/11/2014,3.48
8/12/2014,3.48
8/13/2014,3.45
8/14/2014,3.43
8/15/2014,3.39
8/18/2014,3.42
8/19/2014,3.43
8/20/2014,3.45
8/21/2014,3.43
8/22/2014,3.43
8/25/2014,3.42
8/26/2014,3.42
8/27/2014,3.39
8/28/2014,3.38
8/29/2014,3.38
8/31/2014,3.4
9/1/2014,3.4
9/2/2014,3.45
9/3/2014,3.44
9/4/2014,3.47
9/5/2014,3.47
9/8/2014,3.47
9/9/2014,3.51
9/10/2014,3.54
9/11/2014,3.54
9/12/2014,3.6
9/15/2014,3.58
9/16/2014,3.58
9/17/2014,3.59
9/18/2014,3.61
9/19/2014,3.58
9/22/2014,3.56
9/23/2014,3.54
9/24/2014,3.57
9/25/2014,3.54
9/26/2014,3.58
9/29/2014,3.58
9/30/2014,3.63
10/1/2014,3.57
10/2/2014,3.59
10/3/2014,3.6
10/6/2014,3.57
10/7/2014,3.52
10/8/2014,3.5
10/9/2014,3.5
10/10/2014,3.5
10/13/2014,3.5
10/14/2014,3.43
10/15/2014,3.37
10/16/2014,3.43
10/17/2014,3.45
10/20/2014,3.43
10/21/2014,3.44
10/22/2014,3.46
10/23/2014,3.5
10/24/2014,3.5
10/27/2014,3.48
10/28/2014,3.5
10/29/2014,3.53
10/30/2014,3.52
10/31/2014,3.58
11/3/2014,3.59
11/4/2014,3.6
11/5/2014,3.61
11/6/2014,3.64
11/7/2014,3.61
11/10/2014,3.64
11/11/2014,3.64
11/12/2014,3.64
11/13/2014,3.64
11/14/2014,3.64
11/17/2014,3.67
11/18/2014,3.67
11/19/2014,3.69
11/20/2014,3.68
11/21/2014,3.65
11/24/2014,3.64
11/25/2014,3.61
11/26/2014,3.59
11/27/2014,3.58
11/28/2014,3.56
11/30/2014,3.6
12/1/2014,3.63
12/2/2014,3.69
12/3/2014,3.71
12/4/2014,3.69
12/5/2014,3.76
12/8/2014,3.74
12/9/2014,3.75
12/10/2014,3.74
12/11/2014,3.76
12/12/2014,3.74
12/15/2014,3.8
12/16/2014,3.83
12/17/2014,3.87
12/18/2014,3.86
12/19/2014,3.83
12/22/2014,3.81
12/23/2014,3.87
12/24/2014,3.87
12/26/2014,3.86
12/29/2014,3.83
12/30/2014,3.81
12/31/2014,3.81
1/2/2015,3.78
1/5/2015,3.76
1/6/2015,3.73
1/7/2015,3.71
1/8/2015,3.73
1/9/2015,3.7
1/12/2015,3.66
1/13/2015,3.66
1/14/2015,3.63
1/15/2015,3.58
1/19/2015,3.63
1/20/2015,3.61
1/21/2015,3.65
1/22/2015,3.66
1/23/2015,3.6
1/26/2015,3.61
1/27/2015,3.6
1/28/2015,3.54
1/29/2015,3.57
1/30/2015,3.53
1/31/2015,3.55
2/2/2015,3.55
2/3/2015,3.6
2/4/2015,3.6
2/5/2015,3.6
2/6/2015,3.69
2/9/2015,3.68
2/10/2015,3.71
2/11/2015,3.71
2/12/2015,3.68
2/13/2015,3.7
2/16/2015,3.69
2/17/2015,3.76
2/18/2015,3.68
2/19/2015,3.71
2/20/2015,3.71
2/23/2015,3.66
2/24/2015,3.6
2/25/2015,3.6
2/26/2015,3.62
2/27/2015,3.61
2/28/2015,3.52
3/2/2015,3.58
3/3/2015,3.6
3/4/2015,3.6
3/5/2015,3.58
3/6/2015,3.67
3/9/2015,3.64
3/10/2015,3.61
3/11/2015,3.61
3/12/2015,3.6
3/13/2015,3.62
3/16/2015,3.62
3/17/2015,3.61
3/18/2015,3.54
3/19/2015,3.55
3/20/2015,3.51
3/23/2015,3.49
3/24/2015,3.46
3/25/2015,3.49
3/26/2015,3.55
3/27/2015,3.5
3/30/2015,3.51
3/31/2015,3.47
4/1/2015,3.42
4/2/2015,3.43
4/6/2015,3.42
4/7/2015,3.4
4/8/2015,3.39
4/9/2015,3.44
4/10/2015,3.43
4/13/2015,3.42
4/14/2015,3.38
4/15/2015,3.38
4/16/2015,3.36
4/17/2015,3.35
4/20/2015,3.39
4/21/2015,3.39
4/22/2015,3.43
4/23/2015,3.42
4/24/2015,3.39
4/27/2015,3.39
4/28/2015,3.43
4/29/2015,3.48
4/30/2015,3.53
5/1/2015,3.58
5/4/2015,3.59
5/5/2015,3.62
5/6/2015,3.66
5/7/2015,3.64
5/8/2015,3.6
5/11/2015,3.68
5/12/2015,3.68
5/13/2015,3.68
5/14/2015,3.64
5/15/2015,3.58
5/18/2015,3.63
5/19/2015,3.66
5/20/2015,3.66
5/21/2015,3.62
5/22/2015,3.66
5/26/2015,3.61
5/27/2015,3.61
5/28/2015,3.6
5/29/2015,3.59
5/31/2015,3.62
6/1/2015,3.7
6/2/2015,3.75
6/3/2015,3.82
6/4/2015,3.78
6/5/2015,3.86
6/8/2015,3.84
6/9/2015,3.88
6/10/2015,3.93
6/11/2015,3.87
6/12/2015,3.87
6/15/2015,3.86
6/16/2015,3.84
6/17/2015,3.83
6/18/2015,3.85
6/19/2015,3.8
6/22/2015,3.86
6/23/2015,3.9
6/24/2015,3.87
6/25/2015,3.89
6/26/2015,3.94
6/29/2015,3.86
6/30/2015,3.88
7/1/2015,3.94
7/2/2015,3.9
7/3/2015,3.9
7/6/2015,3.83
7/7/2015,3.81
7/8/2015,3.8
7/9/2015,3.87
7/10/2015,3.95
7/13/2015,3.96
7/14/2015,3.93
7/15/2015,3.9
7/16/2015,3.91
7/17/2015,3.91
7/20/2015,3.94
7/21/2015,3.92
7/22/2015,3.92
7/23/2015,3.9
7/24/2015,3.92
7/27/2015,3.9
7/28/2015,3.92
7/29/2015,3.94
7/30/2015,3.93
7/31/2015,3.91
8/3/2015,3.88
8/4/2015,3.94
8/5/2015,3.99
8/6/2015,3.98
8/7/2015,3.95
8/10/2015,4
8/11/2015,3.94
8/12/2015,3.95
8/13/2015,4.01
8/14/2015,4.01
8/17/2015,3.98
8/18/2015,4.02
8/19/2015,3.98
8/20/2015,3.97
8/21/2015,3.96
8/24/2015,3.97
8/25/2015,4.07
8/26/2015,4.1
8/27/2015,4.07
8/28/2015,4.08
8/31/2015,4.1
9/1/2015,4.08
9/2/2015,4.1
9/3/2015,4.07
9/4/2015,4.04
9/7/2015,4.04
9/8/2015,4.08
9/9/2015,4.06
9/10/2015,4.08
9/11/2015,4.06
9/14/2015,4.05
9/15/2015,4.13
9/16/2015,4.14
9/17/2015,4.06
9/18/2015,3.99
9/21/2015,4.05
9/22/2015,4
9/23/2015,4.02
9/24/2015,4.04
9/25/2015,4.08
9/28/2015,4.08
9/29/2015,4.09
9/30/2015,4.12
10/1/2015,4.12
10/2/2015,4.08
10/5/2015,4.11
10/6/2015,4.07
10/7/2015,4.06
10/8/2015,4.09
10/9/2015,4.07
10/12/2015,4.07
10/13/2015,4.04
10/14/2015,3.98
10/15/2015,4.01
10/16/2015,4
10/19/2015,4
10/20/2015,4.03
10/21/2015,3.99
10/22/2015,3.97
10/23/2015,4
10/26/2015,3.97
10/27/2015,3.96
10/28/2015,4.02
10/29/2015,4.07
10/30/2015,4.06
10/31/2015,4.07
11/2/2015,4.09
11/3/2015,4.1
11/4/2015,4.11
11/5/2015,4.12
11/6/2015,4.19
11/9/2015,4.2
11/10/2015,4.18
11/11/2015,4.18
11/12/2015,4.2
11/13/2015,4.18
11/16/2015,4.17
11/17/2015,4.16
11/18/2015,4.18
11/19/2015,4.16
11/20/2015,4.17
11/23/2015,4.17
11/24/2015,4.17
11/25/2015,4.18
11/26/2015,4.18
11/27/2015,4.17
11/30/2015,4.17
12/1/2015,4.12
12/2/2015,4.15
12/3/2015,4.27
12/4/2015,4.23
12/7/2015,4.21
12/8/2015,4.25
12/9/2015,4.23
12/10/2015,4.27
12/11/2015,4.23
12/14/2015,4.33
12/15/2015,4.37
12/16/2015,4.39
12/17/2015,4.36
12/18/2015,4.35
12/21/2015,4.36
12/22/2015,4.39
12/23/2015,4.4
12/24/2015,4.39
12/28/2015,4.38
12/29/2015,4.44
12/30/2015,4.43
12/31/2015,4.42
1/4/2016,4.4
1/5/2016,4.4
1/6/2016,4.35
1/7/2016,4.35
1/8/2016,4.34
1/11/2016,4.36
1/12/2016,4.35
1/13/2016,4.33
1/14/2016,4.39
1/15/2016,4.39
1/18/2016,4.39
1/19/2016,4.41
1/20/2016,4.46
1/21/2016,4.48
1/22/2016,4.49
1/25/2016,4.48
1/26/2016,4.47
1/27/2016,4.48
1/28/2016,4.48
1/29/2016,4.44
1/31/2016,4.44
2/1/2016,4.48
2/2/2016,4.43
2/3/2016,4.46
2/4/2016,4.45
2/5/2016,4.44
2/8/2016,4.4
2/9/2016,4.44
2/10/2016,4.44
2/11/2016,4.45
2/12/2016,4.53
2/15/2016,4.52
2/16/2016,4.53
2/17/2016,4.54
2/18/2016,4.47
2/19/2016,4.48
2/22/2016,4.47
2/23/2016,4.45
2/24/2016,4.45
2/25/2016,4.41
2/26/2016,4.45
2/29/2016,4.35
3/1/2016,4.39
3/2/2016,4.37
3/3/2016,4.33
3/4/2016,4.34
3/7/2016,4.32
3/8/2016,4.26
3/9/2016,4.28
3/10/2016,4.28
3/11/2016,4.28
3/14/2016,4.22
3/15/2016,4.2
3/16/2016,4.16
3/17/2016,4.1
3/18/2016,4.04
3/21/2016,4.06
3/22/2016,4.05
3/23/2016,3.99
3/24/2016,4.01
3/28/2016,4
3/29/2016,3.94
3/30/2016,3.93
3/31/2016,3.86
4/1/2016,3.87
4/4/2016,3.84
4/5/2016,3.81
4/6/2016,3.82
4/7/2016,3.77
4/8/2016,3.79
4/11/2016,3.78
4/12/2016,3.81
4/13/2016,3.78
4/14/2016,3.77
4/15/2016,3.74
4/18/2016,3.75
4/19/2016,3.73
4/20/2016,3.76
4/21/2016,3.74
4/22/2016,3.74
4/25/2016,3.74
4/26/2016,3.75
4/27/2016,3.7
4/28/2016,3.66
4/29/2016,3.64
4/30/2016,3.66
5/2/2016,3.69
5/3/2016,3.65
5/4/2016,3.65
5/5/2016,3.62
5/6/2016,3.65
5/9/2016,3.64
5/10/2016,3.64
5/11/2016,3.63
5/12/2016,3.66
5/13/2016,3.63
5/16/2016,3.66
5/17/2016,3.67
5/18/2016,3.76
5/19/2016,3.74
5/20/2016,3.75
5/23/2016,3.75
5/24/2016,3.75
5/25/2016,3.76
5/26/2016,3.7
5/27/2016,3.71
5/30/2016,3.7
5/31/2016,3.7
6/1/2016,3.72
6/2/2016,3.69
6/3/2016,3.6
6/6/2016,3.61
6/7/2016,3.59
6/8/2016,3.57
6/9/2016,3.55
6/10/2016,3.53
6/13/2016,3.52
6/14/2016,3.54
6/15/2016,3.52
6/16/2016,3.51
6/17/2016,3.54
6/20/2016,3.56
6/21/2016,3.57
6/22/2016,3.55
6/23/2016,3.57
6/24/2016,3.5
6/27/2016,3.43
6/28/2016,3.43
6/29/2016,3.42
6/30/2016,3.44
7/1/2016,3.41
7/4/2016,3.41
7/5/2016,3.33
7/6/2016,3.34
7/7/2016,3.33
7/8/2016,3.3
7/11/2016,3.32
7/12/2016,3.35
7/13/2016,3.31
7/14/2016,3.33
7/15/2016,3.37
7/18/2016,3.35
7/19/2016,3.33
7/20/2016,3.34
7/21/2016,3.32
7/22/2016,3.32
7/25/2016,3.33
7/26/2016,3.33
7/27/2016,3.3
7/28/2016,3.3
7/29/2016,3.26
7/31/2016,3.27
8/1/2016,3.29
8/2/2016,3.33
8/3/2016,3.34
8/4/2016,3.29
8/5/2016,3.35
8/8/2016,3.34
8/9/2016,3.3
8/10/2016,3.26
8/11/2016,3.31
8/12/2016,3.26
8/15/2016,3.27
8/16/2016,3.28
8/17/2016,3.27
8/18/2016,3.23
8/19/2016,3.26
8/22/2016,3.23
8/23/2016,3.23
8/24/2016,3.23
8/25/2016,3.25
8/26/2016,3.29
8/29/2016,3.24
8/30/2016,3.24
8/31/2016,3.26
9/1/2016,3.26
9/2/2016,3.28
9/5/2016,3.27
9/6/2016,3.22
9/7/2016,3.22
9/8/2016,3.28
9/9/2016,3.33
9/12/2016,3.34
9/13/2016,3.39
9/14/2016,3.35
9/15/2016,3.35
9/16/2016,3.36
9/19/2016,3.35
9/20/2016,3.34
9/21/2016,3.34
9/22/2016,3.29
9/23/2016,3.28
9/26/2016,3.26
9/27/2016,3.25
9/28/2016,3.26
9/29/2016,3.24
9/30/2016,3.3
10/3/2016,3.31
10/4/2016,3.35
10/5/2016,3.36
10/6/2016,3.37
10/7/2016,3.36
10/10/2016,3.35
10/11/2016,3.37
10/12/2016,3.37
10/13/2016,3.34
10/14/2016,3.37
10/17/2016,3.34
10/18/2016,3.32
10/19/2016,3.31
10/20/2016,3.3
10/21/2016,3.3
10/24/2016,3.32
10/25/2016,3.32
10/26/2016,3.35
10/27/2016,3.39
10/28/2016,3.39
10/31/2016,3.41
11/1/2016,3.41
11/2/2016,3.41
11/3/2016,3.42
11/4/2016,3.41
11/7/2016,3.42
11/8/2016,3.45
11/9/2016,3.59
11/10/2016,3.63
11/11/2016,3.63
11/14/2016,3.73
11/15/2016,3.73
11/16/2016,3.72
11/17/2016,3.76
11/18/2016,3.82
11/21/2016,3.83
11/22/2016,3.82
11/23/2016,3.85
11/24/2016,3.85
11/25/2016,3.86
11/28/2016,3.81
11/29/2016,3.8
11/30/2016,3.85
12/1/2016,3.89
12/2/2016,3.85
12/5/2016,3.84
12/6/2016,3.84
12/7/2016,3.79
12/8/2016,3.81
12/9/2016,3.86
12/12/2016,3.86
12/13/2016,3.86
12/14/2016,3.89
12/15/2016,3.93
12/16/2016,3.94
12/19/2016,3.89
12/20/2016,3.9
12/21/2016,3.88
12/22/2016,3.88
12/23/2016,3.87
12/27/2016,3.89
12/28/2016,3.84
12/29/2016,3.81
12/30/2016,3.78
12/31/2016,3.8
1/3/2017,3.8
1/4/2017,3.8
1/5/2017,3.73
1/6/2017,3.77
1/9/2017,3.74
1/10/2017,3.74
1/11/2017,3.73
1/12/2017,3.72
1/13/2017,3.73
1/16/2017,3.73
1/17/2017,3.68
1/18/2017,3.73
1/19/2017,3.78
1/20/2017,3.77
1/23/2017,3.71
1/24/2017,3.76
1/25/2017,3.8
1/26/2017,3.77
1/27/2017,3.75
1/30/2017,3.75
1/31/2017,3.76
2/1/2017,3.78
2/2/2017,3.77
2/3/2017,3.77
2/6/2017,3.71
2/7/2017,3.7
2/8/2017,3.68
2/9/2017,3.71
2/10/2017,3.72
2/13/2017,3.73
2/14/2017,3.75
2/15/2017,3.76
2/16/2017,3.71
2/17/2017,3.69
2/20/2017,3.69
2/21/2017,3.69
2/22/2017,3.68
2/23/2017,3.65
2/24/2017,3.59
2/27/2017,3.63
2/28/2017,3.66
3/1/2017,3.74
3/2/2017,3.75
3/3/2017,3.74
3/6/2017,3.74
3/7/2017,3.77
3/8/2017,3.82
3/9/2017,3.87
3/10/2017,3.86
3/13/2017,3.88
3/14/2017,3.88
3/15/2017,3.8
3/16/2017,3.8
3/17/2017,3.79
3/20/2017,3.76
3/21/2017,3.73
3/22/2017,3.71
3/23/2017,3.72
3/24/2017,3.7
3/27/2017,3.69
3/28/2017,3.71
3/29/2017,3.69
3/30/2017,3.71
3/31/2017,3.73
4/3/2017,3.69
4/4/2017,3.7
4/5/2017,3.7
4/6/2017,3.69
4/7/2017,3.71
4/10/2017,3.7
4/11/2017,3.65
4/12/2017,3.65
4/13/2017,3.6
4/17/2017,3.61
4/18/2017,3.56
4/19/2017,3.57
4/20/2017,3.6
4/21/2017,3.59
4/24/2017,3.62
4/25/2017,3.65
4/26/2017,3.64
4/27/2017,3.62
4/28/2017,3.61
4/30/2017,3.63
5/1/2017,3.66
5/2/2017,3.62
5/3/2017,3.63
5/4/2017,3.67
5/5/2017,3.66
5/8/2017,3.67
5/9/2017,3.69
5/10/2017,3.69
5/11/2017,3.67
5/12/2017,3.61
5/15/2017,3.6
5/16/2017,3.59
5/17/2017,3.51
5/18/2017,3.53
5/19/2017,3.54
5/22/2017,3.54
5/23/2017,3.56
5/24/2017,3.55
5/25/2017,3.54
5/26/2017,3.53
5/29/2017,3.53
5/30/2017,3.5
5/31/2017,3.53
6/1/2017,3.54
6/2/2017,3.5
6/5/2017,3.51
6/6/2017,3.48
6/7/2017,3.51
6/8/2017,3.52
6/9/2017,3.52
6/12/2017,3.53
6/13/2017,3.53
6/14/2017,3.46
6/15/2017,3.49
6/16/2017,3.48
6/19/2017,3.5
6/20/2017,3.47
6/21/2017,3.48
6/22/2017,3.48
6/23/2017,3.47
6/26/2017,3.46
6/27/2017,3.5
6/28/2017,3.5
6/29/2017,3.53
6/30/2017,3.57
7/3/2017,3.6
7/4/2017,3.6
7/5/2017,3.59
7/6/2017,3.61
7/7/2017,3.62
7/10/2017,3.59
7/11/2017,3.58
7/12/2017,3.54
7/13/2017,3.56
7/14/2017,3.53
7/17/2017,3.51
7/18/2017,3.47
7/19/2017,3.47
7/20/2017,3.46
7/21/2017,3.43
7/24/2017,3.45
7/25/2017,3.5
7/26/2017,3.45
7/27/2017,3.47
7/28/2017,3.45
7/31/2017,3.48
8/1/2017,3.45
8/2/2017,3.46
8/3/2017,3.44
8/4/2017,3.47
8/7/2017,3.47
8/8/2017,3.49
8/9/2017,3.48
8/10/2017,3.48
8/11/2017,3.48
8/14/2017,3.49
8/15/2017,3.52
8/16/2017,3.48
8/17/2017,3.47
8/18/2017,3.47
8/21/2017,3.46
8/22/2017,3.48
8/23/2017,3.45
8/24/2017,3.47
8/25/2017,3.45
8/28/2017,3.44
8/29/2017,3.43
8/30/2017,3.44
8/31/2017,3.44
9/1/2017,3.46
9/4/2017,3.46
9/5/2017,3.39
9/6/2017,3.43
9/7/2017,3.39
9/8/2017,3.4
9/11/2017,3.45
9/12/2017,3.47
9/13/2017,3.48
9/14/2017,3.47
9/15/2017,3.47
9/18/2017,3.48
9/19/2017,3.48
9/20/2017,3.5
9/21/2017,3.5
9/22/2017,3.49
9/25/2017,3.46
9/26/2017,3.46
9/27/2017,3.51
9/28/2017,3.49
9/29/2017,3.49
9/30/2017,3.51
10/2/2017,3.51
10/3/2017,3.49
10/4/2017,3.49
10/5/2017,3.5
10/6/2017,3.51
10/9/2017,3.51
10/10/2017,3.49
10/11/2017,3.49
10/12/2017,3.48
10/13/2017,3.45
10/16/2017,3.47
10/17/2017,3.47
10/18/2017,3.49
10/19/2017,3.48
10/20/2017,3.52
10/23/2017,3.5
10/24/2017,3.51
10/25/2017,3.54
10/26/2017,3.55
10/27/2017,3.53
10/30/2017,3.49
10/31/2017,3.51
11/1/2017,3.52
11/2/2017,3.51
11/3/2017,3.51
11/6/2017,3.5
11/7/2017,3.5
11/8/2017,3.52
11/9/2017,3.54
11/10/2017,3.6
11/13/2017,3.61
11/14/2017,3.6
11/15/2017,3.59
11/16/2017,3.6
11/17/2017,3.59
11/20/2017,3.61
11/21/2017,3.6
11/22/2017,3.56
11/23/2017,3.56
11/24/2017,3.57
11/27/2017,3.55
11/28/2017,3.56
11/29/2017,3.59
11/30/2017,3.62
12/1/2017,3.58
12/4/2017,3.6
12/5/2017,3.58
12/6/2017,3.56
12/7/2017,3.59
12/8/2017,3.59
12/11/2017,3.6
12/12/2017,3.6
12/13/2017,3.56
12/14/2017,3.55
12/15/2017,3.56
12/18/2017,3.58
12/19/2017,3.63
12/20/2017,3.65
12/21/2017,3.64
12/22/2017,3.64
12/26/2017,3.63
12/27/2017,3.58
12/28/2017,3.59
12/29/2017,3.58
12/31/2017,3.59
1/2/2018,3.63
1/3/2018,3.62
1/4/2018,3.63
1/5/2018,3.64
1/8/2018,3.63
1/9/2018,3.66
1/10/2018,3.66
1/11/2018,3.64
1/12/2018,3.65
1/15/2018,3.65
1/16/2018,3.64
1/17/2018,3.67
1/18/2018,3.69
1/19/2018,3.71
1/22/2018,3.73
1/23/2018,3.7
1/24/2018,3.72
1/25/2018,3.69
1/26/2018,3.71
1/29/2018,3.73
1/30/2018,3.74
1/31/2018,3.76
2/1/2018,3.8
2/2/2018,3.84
2/5/2018,3.8
2/6/2018,3.81
2/7/2018,3.86
2/8/2018,3.88
2/9/2018,3.9
2/12/2018,3.92
2/13/2018,3.95
2/14/2018,4.01
2/15/2018,3.98
2/16/2018,3.97
2/19/2018,3.97
2/20/2018,3.99
2/21/2018,4.03
2/22/2018,4.01
2/23/2018,3.99
2/26/2018,3.98
2/27/2018,4.02
2/28/2018,4.02
3/1/2018,4
3/2/2018,4.05
3/5/2018,4.06
3/6/2018,4.05
3/7/2018,4.07
3/8/2018,4.06
3/9/2018,4.09
3/12/2018,4.08
3/13/2018,4.08
3/14/2018,4.05
3/15/2018,4.08
3/16/2018,4.1
3/19/2018,4.1
3/20/2018,4.14
3/21/2018,4.16
3/22/2018,4.12
3/23/2018,4.13
3/26/2018,4.15
3/27/2018,4.1
3/28/2018,4.1
3/29/2018,4.07
3/31/2018,4.1
4/2/2018,4.09
4/3/2018,4.13
4/4/2018,4.13
4/5/2018,4.15
4/6/2018,4.1
4/9/2018,4.1
4/10/2018,4.11
4/11/2018,4.11
4/12/2018,4.13
4/13/2018,4.13
4/16/2018,4.12
4/17/2018,4.11
4/18/2018,4.16
4/19/2018,4.2
4/20/2018,4.23
4/23/2018,4.25
4/24/2018,4.26
4/25/2018,4.3
4/26/2018,4.28
4/27/2018,4.26
4/30/2018,4.27
5/1/2018,4.31
5/2/2018,4.31
5/3/2018,4.31
5/4/2018,4.32
5/7/2018,4.32
5/8/2018,4.34
5/9/2018,4.37
5/10/2018,4.34
5/11/2018,4.33
5/14/2018,4.33
5/15/2018,4.4
5/16/2018,4.41
5/17/2018,4.42
5/18/2018,4.39
5/21/2018,4.4
5/22/2018,4.39
5/23/2018,4.35
5/24/2018,4.32
5/25/2018,4.29
5/28/2018,4.29
5/29/2018,4.17
5/30/2018,4.25
5/31/2018,4.27
6/1/2018,4.33
6/4/2018,4.36
6/5/2018,4.34
6/6/2018,4.39
6/7/2018,4.37
6/8/2018,4.37
6/11/2018,4.4
6/12/2018,4.4
6/13/2018,4.42
6/14/2018,4.39
6/15/2018,4.37
6/18/2018,4.38
6/19/2018,4.38
6/20/2018,4.41
6/21/2018,4.41
6/22/2018,4.41
6/25/2018,4.4
6/26/2018,4.41
6/27/2018,4.37
6/28/2018,4.39
6/29/2018,4.39
6/30/2018,4.41
7/2/2018,4.43
7/3/2018,4.4
7/4/2018,4.4
7/5/2018,4.4
7/6/2018,4.37
7/9/2018,4.38
7/10/2018,4.38
7/11/2018,4.36
7/12/2018,4.36
7/13/2018,4.33
7/16/2018,4.34
7/17/2018,4.34
7/18/2018,4.35
7/19/2018,4.32
7/20/2018,4.35
7/23/2018,4.4
7/24/2018,4.37
7/25/2018,4.35
7/26/2018,4.37
7/27/2018,4.35
7/30/2018,4.35
7/31/2018,4.36
8/1/2018,4.39
8/2/2018,4.37
8/3/2018,4.34
8/6/2018,4.33
8/7/2018,4.35
8/8/2018,4.36
8/9/2018,4.34
8/10/2018,4.3
8/13/2018,4.33
8/14/2018,4.34
8/15/2018,4.31
8/16/2018,4.32
8/17/2018,4.31
8/20/2018,4.27
8/21/2018,4.29
8/22/2018,4.28
8/23/2018,4.28
8/24/2018,4.29
8/27/2018,4.31
8/28/2018,4.33
8/29/2018,4.33
8/30/2018,4.32
8/31/2018,4.33
9/3/2018,4.33
9/4/2018,4.38
9/5/2018,4.38
9/6/2018,4.35
9/7/2018,4.41
9/10/2018,4.4
9/11/2018,4.43
9/12/2018,4.41
9/13/2018,4.4
9/14/2018,4.41
9/17/2018,4.41
9/18/2018,4.44
9/19/2018,4.47
9/20/2018,4.44
9/21/2018,4.43
9/24/2018,4.44
9/25/2018,4.45
9/26/2018,4.42
9/27/2018,4.41
9/28/2018,4.4
9/30/2018,4.43
10/1/2018,4.45
10/2/2018,4.43
10/3/2018,4.5
10/4/2018,4.54
10/5/2018,4.57
10/8/2018,4.57
10/9/2018,4.56
10/10/2018,4.57
10/11/2018,4.53
10/12/2018,4.54
10/15/2018,4.55
10/16/2018,4.55
10/17/2018,4.57
10/18/2018,4.58
10/19/2018,4.61
10/22/2018,4.61
10/23/2018,4.61
10/24/2018,4.57
10/25/2018,4.6
10/26/2018,4.57
10/29/2018,4.58
10/30/2018,4.62
10/31/2018,4.68
11/1/2018,4.67
11/2/2018,4.72
11/5/2018,4.71
11/6/2018,4.71
11/7/2018,4.7
11/8/2018,4.71
11/9/2018,4.69
11/12/2018,4.69
11/13/2018,4.69
11/14/2018,4.69
11/15/2018,4.73
11/16/2018,4.71
11/19/2018,4.71
11/20/2018,4.75
11/21/2018,4.76
11/22/2018,4.76
11/23/2018,4.75
11/26/2018,4.77
11/27/2018,4.78
11/28/2018,4.78
11/29/2018,4.79
11/30/2018,4.83
12/3/2018,4.8
12/4/2018,4.77
12/5/2018,4.77
12/6/2018,4.78
12/7/2018,4.75
12/10/2018,4.77
12/11/2018,4.78
12/12/2018,4.78
12/13/2018,4.76
12/14/2018,4.73
12/17/2018,4.7
12/18/2018,4.68
12/19/2018,4.65
12/20/2018,4.7
12/21/2018,4.72
12/24/2018,4.69
12/26/2018,4.74
12/27/2018,4.7
12/28/2018,4.71
12/31/2018,4.69
1/2/2019,4.67
1/3/2019,4.6
1/4/2019,4.68
1/7/2019,4.69
1/8/2019,4.7
1/9/2019,4.67
1/10/2019,4.67
1/11/2019,4.64
1/14/2019,4.64
1/15/2019,4.64
1/16/2019,4.63
1/17/2019,4.63
1/18/2019,4.63
1/21/2019,4.63
1/22/2019,4.58
1/23/2019,4.57
1/24/2019,4.53
1/25/2019,4.54
1/28/2019,4.53
1/29/2019,4.5
1/30/2019,4.47
1/31/2019,4.4
2/1/2019,4.42
2/4/2019,4.43
2/5/2019,4.39
2/6/2019,4.38
2/7/2019,4.36
2/8/2019,4.35
2/11/2019,4.37
2/12/2019,4.38
2/13/2019,4.4
2/14/2019,4.36
2/15/2019,4.36
2/18/2019,4.36
2/19/2019,4.34
2/20/2019,4.34
2/21/2019,4.37
2/22/2019,4.34
2/25/2019,4.34
2/26/2019,4.31
2/27/2019,4.34
2/28/2019,4.37
3/1/2019,4.39
3/4/2019,4.36
3/5/2019,4.36
3/6/2019,4.34
3/7/2019,4.29
3/8/2019,4.29
3/11/2019,4.3
3/12/2019,4.26
3/13/2019,4.26
3/14/2019,4.26
3/15/2019,4.22
3/18/2019,4.22
3/19/2019,4.22
3/20/2019,4.16
3/21/2019,4.15
3/22/2019,4.07
3/25/2019,4.03
3/26/2019,4.02
3/27/2019,3.99
3/28/2019,4
3/29/2019,4.02
3/31/2019,4.05
4/1/2019,4.1
4/2/2019,4.09
4/3/2019,4.1
4/4/2019,4.09
4/5/2019,4.08
4/8/2019,4.08
4/9/2019,4.06
4/10/2019,4.03
4/11/2019,4.04
4/12/2019,4.06
4/15/2019,4.04
4/16/2019,4.07
4/17/2019,4.06
4/18/2019,4.03
4/22/2019,4.06
4/23/2019,4.04
4/24/2019,3.99
4/25/2019,4
4/26/2019,3.97
4/29/2019,3.99
4/30/2019,3.98
5/1/2019,3.98
5/2/2019,4.03
5/3/2019,4.02
5/6/2019,4
5/7/2019,3.96
5/8/2019,3.99
5/9/2019,3.99
5/10/2019,3.99
5/13/2019,3.96
5/14/2019,3.97
5/15/2019,3.94
5/16/2019,3.96
5/17/2019,3.95
5/20/2019,3.97
5/21/2019,3.99
5/22/2019,3.97
5/23/2019,3.91
5/24/2019,3.94
5/27/2019,3.94
5/28/2019,3.9
5/29/2019,3.9
5/30/2019,3.89
5/31/2019,3.85
6/3/2019,3.8
6/4/2019,3.82
6/5/2019,3.81
6/6/2019,3.82
6/7/2019,3.78
6/10/2019,3.81
6/11/2019,3.8
6/12/2019,3.78
6/13/2019,3.75
6/14/2019,3.75
6/17/2019,3.75
6/18/2019,3.71
6/19/2019,3.66
6/20/2019,3.61
6/21/2019,3.64
6/24/2019,3.58
6/25/2019,3.57
6/26/2019,3.61
6/27/2019,3.57
6/28/2019,3.55
6/30/2019,3.56
7/1/2019,3.57
7/2/2019,3.53
7/3/2019,3.51
7/4/2019,3.51
7/5/2019,3.59
7/8/2019,3.58
7/9/2019,3.61
7/10/2019,3.59
7/11/2019,3.63
7/12/2019,3.61
7/15/2019,3.59
7/16/2019,3.62
7/17/2019,3.57
7/18/2019,3.55
7/19/2019,3.55
7/22/2019,3.54
7/23/2019,3.55
7/24/2019,3.53
7/25/2019,3.54
7/26/2019,3.54
7/29/2019,3.51
7/30/2019,3.53
7/31/2019,3.53
8/1/2019,3.42
8/2/2019,3.42
8/5/2019,3.36
8/6/2019,3.37
8/7/2019,3.34
8/8/2019,3.37
8/9/2019,3.38
8/12/2019,3.32
8/13/2019,3.37
8/14/2019,3.31
8/15/2019,3.28
8/16/2019,3.28
8/19/2019,3.31
8/20/2019,3.27
8/21/2019,3.28
8/22/2019,3.3
8/23/2019,3.23
8/26/2019,3.24
8/27/2019,3.2
8/28/2019,3.19
8/29/2019,3.22
8/30/2019,3.2
8/31/2019,3.21
9/2/2019,3.21
9/3/2019,3.18
9/4/2019,3.17
9/5/2019,3.26
9/6/2019,3.24
9/9/2019,3.29
9/10/2019,3.36
9/11/2019,3.38
9/12/2019,3.41
9/13/2019,3.49
9/16/2019,3.43
9/17/2019,3.4
9/18/2019,3.38
9/19/2019,3.36
9/20/2019,3.34
9/23/2019,3.29
9/24/2019,3.24
9/25/2019,3.33
9/26/2019,3.29
9/27/2019,3.28
9/30/2019,3.3
10/1/2019,3.26
10/2/2019,3.24
10/3/2019,3.19
10/4/2019,3.17
10/7/2019,3.21
10/8/2019,3.2
10/9/2019,3.24
10/10/2019,3.29
10/11/2019,3.34
10/14/2019,3.34
10/15/2019,3.33
10/16/2019,3.3
10/17/2019,3.3
10/18/2019,3.28
10/21/2019,3.31
10/22/2019,3.27
10/23/2019,3.27
10/24/2019,3.27
10/25/2019,3.29
10/28/2019,3.31
10/29/2019,3.3
10/30/2019,3.28
10/31/2019,3.22
11/1/2019,3.24
11/4/2019,3.27
11/5/2019,3.32
11/6/2019,3.28
11/7/2019,3.36
11/8/2019,3.36
11/11/2019,3.36
11/12/2019,3.34
11/13/2019,3.31
11/14/2019,3.27
11/15/2019,3.28
11/18/2019,3.26
11/19/2019,3.25
11/20/2019,3.22
11/21/2019,3.26
11/22/2019,3.26
11/25/2019,3.24
11/26/2019,3.2
11/27/2019,3.22
11/29/2019,3.22
11/30/2019,3.25
12/2/2019,3.29
12/3/2019,3.19
12/4/2019,3.24
12/5/2019,3.24
12/6/2019,3.26
12/9/2019,3.24
12/10/2019,3.24
12/11/2019,3.2
12/12/2019,3.28
12/13/2019,3.19
12/16/2019,3.23
12/17/2019,3.21
12/18/2019,3.23
12/19/2019,3.2
12/20/2019,3.2
12/23/2019,3.22
12/24/2019,3.19
12/26/2019,3.19
12/27/2019,3.15
12/30/2019,3.16
12/31/2019,3.19
1/2/2020,3.17
1/3/2020,3.11
1/6/2020,3.14
1/7/2020,3.15
1/8/2020,3.19
1/9/2020,3.16
1/10/2020,3.13
1/13/2020,3.14
1/14/2020,3.12
1/15/2020,3.09
1/16/2020,3.1
1/17/2020,3.1
1/20/2020,3.1
1/21/2020,3.04
1/22/2020,3.03
1/23/2020,3.02
1/24/2020,2.98
1/27/2020,2.96
1/28/2020,2.99
1/29/2020,2.94
1/30/2020,2.93
1/31/2020,2.93
2/3/2020,2.93
2/4/2020,2.99
2/5/2020,3
2/6/2020,2.99
2/7/2020,2.94
2/10/2020,2.91
2/11/2020,2.94
2/12/2020,2.96
2/13/2020,2.95
2/14/2020,2.92
2/17/2020,2.92
2/18/2020,2.9
2/19/2020,2.91
2/20/2020,2.89
2/21/2020,2.85
2/24/2020,2.82
2/25/2020,2.81
2/26/2020,2.81
2/27/2020,2.86
2/28/2020,2.8
2/29/2020,2.8
3/2/2020,2.8
3/3/2020,2.72
3/4/2020,2.67
3/5/2020,2.65
3/6/2020,2.63
3/9/2020,2.95
3/10/2020,3.17
3/11/2020,3.31
3/12/2020,3.63
3/13/2020,3.77
3/16/2020,3.86
3/17/2020,4.27
3/18/2020,4.82
3/19/2020,5.23
3/20/2020,5.48
3/23/2020,5.56
3/24/2020,5.48
3/25/2020,5.23
3/26/2020,4.94
3/27/2020,4.8
3/30/2020,4.66
3/31/2020,4.59
4/1/2020,4.58
4/2/2020,4.59
4/3/2020,4.59
4/6/2020,4.61
4/7/2020,4.52
4/8/2020,4.42
4/9/2020,4.09
4/13/2020,3.93
4/14/2020,3.79
4/15/2020,3.72
4/16/2020,3.68
4/17/2020,3.68
4/20/2020,3.69
4/21/2020,3.71
4/22/2020,3.73
4/23/2020,3.69
4/24/2020,3.68
4/27/2020,3.72
4/28/2020,3.67
4/29/2020,3.64
4/30/2020,3.42
5/1/2020,3.44
5/4/2020,3.45
5/5/2020,3.45
5/6/2020,3.48
5/7/2020,3.43
5/8/2020,3.48
5/11/2020,3.53
5/12/2020,3.48
5/13/2020,3.45
5/14/2020,3.42
5/15/2020,3.42
5/18/2020,3.42
5/19/2020,3.33
5/20/2020,3.24
5/21/2020,3.21
5/22/2020,3.18
5/25/2020,3.18
5/26/2020,3.15
5/27/2020,3.11
5/28/2020,3.09
5/29/2020,3.02
5/31/2020,3.04
6/1/2020,3.03
6/2/2020,2.99
6/3/2020,2.97
6/4/2020,2.95
6/5/2020,2.88
6/8/2020,2.82
6/9/2020,2.8
6/10/2020,2.76
6/11/2020,2.79
6/12/2020,2.82
6/15/2020,2.83
6/16/2020,2.73
6/17/2020,2.7
6/18/2020,2.68
6/19/2020,2.67
6/22/2020,2.67
6/23/2020,2.67
6/24/2020,2.68
6/25/2020,2.69
6/26/2020,2.67
6/29/2020,2.68
6/30/2020,2.68
7/1/2020,2.67
7/2/2020,2.62
7/3/2020,2.62
7/6/2020,2.6
7/7/2020,2.57
7/8/2020,2.57
7/9/2020,2.54
7/10/2020,2.56
7/13/2020,2.55
7/14/2020,2.53
7/15/2020,2.51
7/16/2020,2.49
7/17/2020,2.49
7/20/2020,2.46
7/21/2020,2.41
7/22/2020,2.39
7/23/2020,2.36
7/24/2020,2.37
7/27/2020,2.38
7/28/2020,2.37
7/29/2020,2.36
7/30/2020,2.34
7/31/2020,2.35
8/3/2020,2.35
8/4/2020,2.31
8/5/2020,2.31
8/6/2020,2.29
8/7/2020,2.29
8/10/2020,2.29
8/11/2020,2.34
8/12/2020,2.34
8/13/2020,2.38
8/14/2020,2.39
8/17/2020,2.38
8/18/2020,2.38
8/19/2020,2.38
8/20/2020,2.37
8/21/2020,2.36
8/24/2020,2.36
8/25/2020,2.38
8/26/2020,2.39
8/27/2020,2.43
8/28/2020,2.41
8/31/2020,2.38
9/1/2020,2.35
9/2/2020,2.32
9/3/2020,2.3
9/4/2020,2.39
9/7/2020,2.39
9/8/2020,2.37
9/9/2020,2.39
9/10/2020,2.37
9/11/2020,2.36
9/14/2020,2.35
9/15/2020,2.35
9/16/2020,2.35
9/17/2020,2.34
9/18/2020,2.35
9/21/2020,2.35
9/22/2020,2.35
9/23/2020,2.38
9/24/2020,2.41
9/25/2020,2.44
9/28/2020,2.44
9/29/2020,2.42
9/30/2020,2.44
10/1/2020,2.44
10/2/2020,2.45
10/5/2020,2.47
10/6/2020,2.43
10/7/2020,2.44
10/8/2020,2.42
10/9/2020,2.41
10/12/2020,2.41
10/13/2020,2.36
10/14/2020,2.35
10/15/2020,2.37
10/16/2020,2.37
10/19/2020,2.37
10/20/2020,2.39
10/21/2020,2.4
10/22/2020,2.41
10/23/2020,2.4
10/26/2020,2.37
10/27/2020,2.35
10/28/2020,2.38
10/29/2020,2.42
10/30/2020,2.44
10/31/2020,2.45
11/2/2020,2.43
11/3/2020,2.44
11/4/2020,2.34
11/5/2020,2.31
11/6/2020,2.32
11/9/2020,2.35
11/10/2020,2.35
11/11/2020,2.35
11/12/2020,2.3
11/13/2020,2.3
11/16/2020,2.29
11/17/2020,2.26
11/18/2020,2.24
11/19/2020,2.21
11/20/2020,2.19
11/23/2020,2.2
11/24/2020,2.2
11/25/2020,2.19
11/26/2020,2.19
11/27/2020,2.16
11/30/2020,2.15
12/1/2020,2.18
12/2/2020,2.17
12/3/2020,2.13
12/4/2020,2.16
12/7/2020,2.13
12/8/2020,2.13
12/9/2020,2.17
12/10/2020,2.14
12/11/2020,2.14
12/14/2020,2.12
12/15/2020,2.13
12/16/2020,2.11
12/17/2020,2.11
12/18/2020,2.11
12/21/2020,2.11
12/22/2020,2.09
12/23/2020,2.11
12/24/2020,2.09
12/28/2020,2.08
12/29/2020,2.07
12/30/2020,2.05
12/31/2020,2.06
1/4/2021,2.06
1/5/2021,2.1
1/6/2021,2.16
1/7/2021,2.16
1/8/2021,2.17
1/11/2021,2.18
1/12/2021,2.18
1/13/2021,2.13
1/14/2021,2.15
1/15/2021,2.12
1/18/2021,2.12
1/19/2021,2.11
1/20/2021,2.1
1/21/2021,2.12
1/22/2021,2.12
1/25/2021,2.1
1/26/2021,2.1
1/27/2021,2.1
1/28/2021,2.12
1/29/2021,2.14
1/31/2021,2.16
2/1/2021,2.15
2/2/2021,2.16
2/3/2021,2.17
2/4/2021,2.16
2/5/2021,2.16
2/8/2021,2.14
2/9/2021,2.14
2/10/2021,2.12
2/11/2021,2.13
2/12/2021,2.16
2/15/2021,2.15
2/16/2021,2.2
2/17/2021,2.2
2/18/2021,2.19
2/19/2021,2.22
2/22/2021,2.26
2/23/2021,2.27
2/24/2021,2.29
2/25/2021,2.39
2/26/2021,2.36
2/28/2021,2.37
3/1/2021,2.35
3/2/2021,2.33
3/3/2021,2.37
3/4/2021,2.43
3/5/2021,2.46
3/8/2021,2.51
3/9/2021,2.51
3/10/2021,2.48
3/11/2021,2.47
3/12/2021,2.54
3/15/2021,2.52
3/16/2021,2.52
3/17/2021,2.52
3/18/2021,2.57
3/19/2021,2.57
3/22/2021,2.53
3/23/2021,2.51
3/24/2021,2.49
3/25/2021,2.49
3/26/2021,2.51
3/29/2021,2.54
3/30/2021,2.53
3/31/2021,2.55
4/1/2021,2.49
4/5/2021,2.51
4/6/2021,2.47
4/7/2021,2.46
4/8/2021,2.45
4/9/2021,2.46
4/12/2021,2.47
4/13/2021,2.44
4/14/2021,2.44
4/15/2021,2.37
4/16/2021,2.41
4/19/2021,2.43
4/20/2021,2.41
4/21/2021,2.42
4/22/2021,2.4
4/23/2021,2.41
4/26/2021,2.4
4/27/2021,2.43
4/28/2021,2.43
4/29/2021,2.43
4/30/2021,2.45
5/3/2021,2.42
5/4/2021,2.41
5/5/2021,2.4
5/6/2021,2.39
5/7/2021,2.38
5/10/2021,2.4
5/11/2021,2.42
5/12/2021,2.47
5/13/2021,2.45
5/14/2021,2.42
5/17/2021,2.42
5/18/2021,2.42
5/19/2021,2.45
5/20/2021,2.41
5/21/2021,2.41
5/24/2021,2.38
5/25/2021,2.35
5/26/2021,2.35
5/27/2021,2.37
5/28/2021,2.36
5/31/2021,2.38
6/1/2021,2.39
6/2/2021,2.37
6/3/2021,2.4
6/4/2021,2.36
6/7/2021,2.36
6/8/2021,2.33
6/9/2021,2.31
6/10/2021,2.29
6/11/2021,2.28
6/14/2021,2.31
6/15/2021,2.3
6/16/2021,2.35
6/17/2021,2.31
6/18/2021,2.29
6/21/2021,2.31
6/22/2021,2.3
6/23/2021,2.31
6/24/2021,2.31
6/25/2021,2.34
6/28/2021,2.29
6/29/2021,2.29
6/30/2021,2.28
7/1/2021,2.31
7/2/2021,2.28
7/5/2021,2.27
7/6/2021,2.23
7/7/2021,2.21
7/8/2021,2.19
7/9/2021,2.24
7/12/2021,2.24
7/13/2021,2.28
7/14/2021,2.24
7/15/2021,2.21
7/16/2021,2.22
7/19/2021,2.16
7/20/2021,2.17
7/21/2021,2.21
7/22/2021,2.19
7/23/2021,2.2
7/26/2021,2.2
7/27/2021,2.17
7/28/2021,2.19
7/29/2021,2.18
7/30/2021,2.16
7/31/2021,2.18
8/2/2021,2.15
8/3/2021,2.15
8/4/2021,2.16
8/5/2021,2.19
8/6/2021,2.24
8/9/2021,2.27
8/10/2021,2.29
8/11/2021,2.29
8/12/2021,2.3
8/13/2021,2.25
8/16/2021,2.22
8/17/2021,2.23
8/18/2021,2.24
8/19/2021,2.24
8/20/2021,2.24
8/23/2021,2.23
8/24/2021,2.25
8/25/2021,2.28
8/26/2021,2.27
8/27/2021,2.24
8/30/2021,2.21
8/31/2021,2.24
9/1/2021,2.23
9/2/2021,2.23
9/3/2021,2.24
9/6/2021,2.24
9/7/2021,2.27
9/8/2021,2.25
9/9/2021,2.22
9/10/2021,2.24
9/13/2021,2.22
9/14/2021,2.19
9/15/2021,2.2
9/16/2021,2.22
9/17/2021,2.24
9/20/2021,2.21
9/21/2021,2.22
9/22/2021,2.22
9/23/2021,2.27
9/24/2021,2.3
9/27/2021,2.3
9/28/2021,2.34
9/29/2021,2.34
9/30/2021,2.38
10/1/2021,2.33
10/4/2021,2.35
10/5/2021,2.38
10/6/2021,2.38
10/7/2021,2.42
10/8/2021,2.45
10/11/2021,2.45
10/12/2021,2.45
10/13/2021,2.43
10/14/2021,2.4
10/15/2021,2.44
10/18/2021,2.45
10/19/2021,2.47
10/20/2021,2.47
10/21/2021,2.52
10/22/2021,2.51
10/25/2021,2.49
10/26/2021,2.47
10/27/2021,2.41
10/28/2021,2.45
10/29/2021,2.45
10/31/2021,2.47
11/1/2021,2.49
11/2/2021,2.46
11/3/2021,2.48
11/4/2021,2.43
11/5/2021,2.37
11/8/2021,2.4
11/9/2021,2.36
11/10/2021,2.46
11/11/2021,2.46
11/12/2021,2.5
11/15/2021,2.53
11/16/2021,2.55
11/17/2021,2.54
11/18/2021,2.53
11/19/2021,2.5
11/22/2021,2.58
11/23/2021,2.62
11/24/2021,2.62
11/25/2021,2.62
11/26/2021,2.54
11/29/2021,2.56
11/30/2021,2.55
12/1/2021,2.56
12/2/2021,2.59
12/3/2021,2.51
12/6/2021,2.56
12/7/2021,2.57
12/8/2021,2.6
12/9/2021,2.59
12/10/2021,2.59
12/13/2021,2.55
12/14/2021,2.57
12/15/2021,2.6
12/16/2021,2.56
12/17/2021,2.55
12/20/2021,2.57
12/21/2021,2.61
12/22/2021,2.59
12/23/2021,2.61
12/27/2021,2.6
12/28/2021,2.59
12/29/2021,2.62
12/30/2021,2.59
12/31/2021,2.6
1/3/2022,2.7
1/4/2022,2.71
1/5/2022,2.74
1/6/2022,2.77
1/7/2022,2.8
1/10/2022,2.82
1/11/2022,2.8
1/12/2022,2.79
1/13/2022,2.79
1/14/2022,2.85
1/17/2022,2.85
1/18/2022,2.95
1/19/2022,2.92
1/20/2022,2.93
1/21/2022,2.89
1/24/2022,2.91
1/25/2022,2.95
1/26/2022,2.99
1/27/2022,3.01
1/28/2022,3.02
1/31/2022,3.05
2/1/2022,3.05
2/2/2022,3.01
2/3/2022,3.07
2/4/2022,3.18
2/7/2022,3.18
2/8/2022,3.2
2/9/2022,3.19
2/10/2022,3.31
2/11/2022,3.28
2/14/2022,3.34
2/15/2022,3.37
2/16/2022,3.38
2/17/2022,3.36
2/18/2022,3.36
2/21/2022,3.36
2/22/2022,3.41
2/23/2022,3.44
2/24/2022,3.51
2/25/2022,3.5
2/28/2022,3.43
3/1/2022,3.35
3/2/2022,3.51
3/3/2022,3.5
3/4/2022,3.46
3/7/2022,3.55
3/8/2022,3.71
3/9/2022,3.75
3/10/2022,3.83
3/11/2022,3.85
3/14/2022,3.98
3/15/2022,4.01
3/16/2022,4
3/17/2022,3.92
3/18/2022,3.87
3/21/2022,3.99
3/22/2022,4.02
3/23/2022,3.97
3/24/2022,4
3/25/2022,4.12
3/28/2022,4.11
3/29/2022,4.02
3/30/2022,3.97
3/31/2022,3.89
4/1/2022,3.93
4/4/2022,3.93
4/5/2022,4.03
4/6/2022,4.08
4/7/2022,4.1
4/8/2022,4.18
4/11/2022,4.25
4/12/2022,4.21
4/13/2022,4.2
4/14/2022,4.29
4/18/2022,4.33
4/19/2022,4.42
4/20/2022,4.37
4/21/2022,4.47
4/22/2022,4.51
4/25/2022,4.46
4/26/2022,4.41
4/27/2022,4.45
4/28/2022,4.51
4/29/2022,4.56
4/30/2022,4.59
5/2/2022,4.69
5/3/2022,4.67
5/4/2022,4.6
5/5/2022,4.72
5/6/2022,4.76
5/9/2022,4.76
5/10/2022,4.7
5/11/2022,4.66
5/12/2022,4.6
5/13/2022,4.71
5/16/2022,4.68
5/17/2022,4.78
5/18/2022,4.75
5/19/2022,4.74
5/20/2022,4.69
5/23/2022,4.74
5/24/2022,4.64
5/25/2022,4.58
5/26/2022,4.53
5/27/2022,4.51
5/30/2022,4.51
5/31/2022,4.58
6/1/2022,4.64
6/2/2022,4.63
6/3/2022,4.67
6/6/2022,4.73
6/7/2022,4.69
6/8/2022,4.73
6/9/2022,4.76
6/10/2022,4.94
6/13/2022,5.21
6/14/2022,5.32
6/15/2022,5.22
6/16/2022,5.19
6/17/2022,5.16
6/20/2022,5.16
6/21/2022,5.21
6/22/2022,5.12
6/23/2022,5.07
6/24/2022,5.11
6/27/2022,5.16
6/28/2022,5.2
6/29/2022,5.13
6/30/2022,5.09
7/1/2022,5.04
7/4/2022,5.04
7/5/2022,4.99
7/6/2022,5.08
7/7/2022,5.12
7/8/2022,5.17
7/11/2022,5.09
7/12/2022,5.07
7/13/2022,5.07
7/14/2022,5.11
7/15/2022,5.07
7/18/2022,5.07
7/19/2022,5.11
7/20/2022,5.11
7/21/2022,4.97
7/22/2022,4.86
7/25/2022,4.91
7/26/2022,4.91
7/27/2022,4.85
7/28/2022,4.78
7/29/2022,4.73
7/31/2022,4.74
8/1/2022,4.7
8/2/2022,4.83
8/3/2022,4.83
8/4/2022,4.76
8/5/2022,4.91
8/8/2022,4.85
8/9/2022,4.9
8/10/2022,4.84
8/11/2022,4.88
8/12/2022,4.84
8/15/2022,4.78
8/16/2022,4.8
8/17/2022,4.88
8/18/2022,4.86
8/19/2022,4.96
8/22/2022,5.04
8/23/2022,5.04
8/24/2022,5.08
8/25/2022,5.01
8/26/2022,5.02
8/29/2022,5.11
8/30/2022,5.13
8/31/2022,5.18
9/1/2022,5.33
9/2/2022,5.24
9/5/2022,5.25
9/6/2022,5.39
9/7/2022,5.32
9/8/2022,5.33
9/9/2022,5.34
9/12/2022,5.35
9/13/2022,5.45
9/14/2022,5.44
9/15/2022,5.48
9/16/2022,5.5
9/19/2022,5.54
9/20/2022,5.6
9/21/2022,5.57
9/22/2022,5.74
9/23/2022,5.79
9/26/2022,5.99
9/27/2022,6.12
9/28/2022,5.95
9/29/2022,6.05
9/30/2022,6.1
10/3/2022,5.95
10/4/2022,5.89
10/5/2022,5.98
10/6/2022,6.02
10/7/2022,6.1
10/10/2022,6.11
10/11/2022,6.21
10/12/2022,6.22
10/13/2022,6.32
10/14/2022,6.36
10/17/2022,6.34
10/18/2022,6.3
10/19/2022,6.43
10/20/2022,6.52
10/21/2022,6.51
10/24/2022,6.5
10/25/2022,6.37
10/26/2022,6.31
10/27/2022,6.22
10/28/2022,6.27
10/31/2022,6.34
11/1/2022,6.32
11/2/2022,6.34
11/3/2022,6.42
11/4/2022,6.42
11/7/2022,6.44
11/8/2022,6.36
11/9/2022,6.33
11/10/2022,6.02
11/11/2022,6.02
11/14/2022,6
11/15/2022,5.88
11/16/2022,5.8
11/17/2022,5.87
11/18/2022,5.89
11/21/2022,5.89
11/22/2022,5.82
11/23/2022,5.75
11/24/2022,5.75
11/25/2022,5.74
11/28/2022,5.73
11/29/2022,5.79
11/30/2022,5.71
12/1/2022,5.55
12/2/2022,5.52
12/5/2022,5.63
12/6/2022,5.57
12/7/2022,5.47
12/8/2022,5.5
12/9/2022,5.58
12/12/2022,5.59
12/13/2022,5.47
12/14/2022,5.44
12/15/2022,5.44
12/16/2022,5.48
12/19/2022,5.57
12/20/2022,5.66
12/21/2022,5.63
12/22/2022,5.64
12/23/2022,5.69
12/27/2022,5.78
12/28/2022,5.8
12/29/2022,5.77
12/30/2022,5.78
12/31/2022,5.8
1/3/2023,5.77
1/4/2023,5.7
1/5/2023,5.72
1/6/2023,5.56
1/9/2023,5.5
1/10/2023,5.54
1/11/2023,5.45
1/12/2023,5.33
1/13/2023,5.38
1/16/2023,5.37
1/17/2023,5.37
1/18/2023,5.22
1/19/2023,5.26
1/20/2023,5.34
1/23/2023,5.36
1/24/2023,5.3
1/25/2023,5.29
1/26/2023,5.31
1/27/2023,5.32
1/30/2023,5.36
1/31/2023,5.31
2/1/2023,5.21
2/2/2023,5.17
2/3/2023,5.3
2/6/2023,5.42
2/7/2023,5.44
2/8/2023,5.41
2/9/2023,5.48
2/10/2023,5.56
2/13/2023,5.55
2/14/2023,5.61
2/15/2023,5.64
2/16/2023,5.69
2/17/2023,5.68
2/20/2023,5.68
2/21/2023,5.82
2/22/2023,5.81
2/23/2023,5.77
2/24/2023,5.86
2/27/2023,5.83
2/28/2023,5.84
3/1/2023,5.93
3/2/2023,5.96
3/3/2023,5.85
3/6/2023,5.86
3/7/2023,5.9
3/8/2023,5.94
3/9/2023,5.88
3/10/2023,5.72
3/13/2023,5.63
3/14/2023,5.76
3/15/2023,5.7
3/16/2023,5.81
3/17/2023,5.66
3/20/2023,5.71
3/21/2023,5.73
3/22/2023,5.54
3/23/2023,5.48
3/24/2023,5.5
3/27/2023,5.63
3/28/2023,5.67
3/29/2023,5.67
3/30/2023,5.62
3/31/2023,5.53
4/3/2023,5.45
4/4/2023,5.37
4/5/2023,5.35
4/6/2023,5.35
4/10/2023,5.48
4/11/2023,5.47
4/12/2023,5.42
4/13/2023,5.44
4/14/2023,5.5
4/17/2023,5.56
4/18/2023,5.54
4/19/2023,5.57
4/20/2023,5.51
4/21/2023,5.54
4/24/2023,5.48
4/25/2023,5.35
4/26/2023,5.42
4/27/2023,5.51
4/28/2023,5.43
4/30/2023,5.45
5/1/2023,5.58
5/2/2023,5.46
5/3/2023,5.39
5/4/2023,5.43
5/5/2023,5.5
5/8/2023,5.58
5/9/2023,5.6
5/10/2023,5.5
5/11/2023,5.47
5/12/2023,5.53
5/15/2023,5.57
5/16/2023,5.62
5/17/2023,5.67
5/18/2023,5.74
5/19/2023,5.77
5/22/2023,5.78
5/23/2023,5.76
5/24/2023,5.81
5/25/2023,5.88
5/26/2023,5.89
5/29/2023,5.9
5/30/2023,5.75
5/31/2023,5.73
6/1/2023,5.69
6/2/2023,5.77
6/5/2023,5.77
6/6/2023,5.77
6/7/2023,5.84
6/8/2023,5.78
6/9/2023,5.83
6/12/2023,5.81
6/13/2023,5.88
6/14/2023,5.86
6/15/2023,5.77
6/16/2023,5.8
6/19/2023,5.8
6/20/2023,5.76
6/21/2023,5.76
6/22/2023,5.82
6/23/2023,5.79
6/26/2023,5.76
6/27/2023,5.81
6/28/2023,5.76
6/29/2023,5.86
6/30/2023,5.83
7/3/2023,5.87
7/4/2023,5.87
7/5/2023,5.9
7/6/2023,6.01
7/7/2023,6
7/10/2023,5.95
7/11/2023,5.92
7/12/2023,5.78
7/13/2023,5.67
7/14/2023,5.74
7/17/2023,5.74
7/18/2023,5.73
7/19/2023,5.68
7/20/2023,5.77
7/21/2023,5.76
7/24/2023,5.78
7/25/2023,5.79
7/26/2023,5.75
7/27/2023,5.84
7/28/2023,5.79
7/31/2023,5.77
8/1/2023,5.84
8/2/2023,5.89
8/3/2023,5.98
8/4/2023,5.86
8/7/2023,5.88
8/8/2023,5.84
8/9/2023,5.84
8/10/2023,5.92
8/11/2023,5.98
8/14/2023,6.01
8/15/2023,6.04
8/16/2023,6.09
8/17/2023,6.11
8/18/2023,6.09
8/21/2023,6.17
8/22/2023,6.16
8/23/2023,6.03
8/24/2023,6.06
8/25/2023,6.07
8/28/2023,6.04
8/29/2023,5.94
8/30/2023,5.94
8/31/2023,5.92
9/1/2023,5.99
9/4/2023,5.99
9/5/2023,6.07
9/6/2023,6.11
9/7/2023,6.07
9/8/2023,6.06
9/11/2023,6.08
9/12/2023,6.08
9/13/2023,6.07
9/14/2023,6.08
9/15/2023,6.11
9/18/2023,6.11
9/19/2023,6.14
9/20/2023,6.15
9/21/2023,6.23
9/22/2023,6.17
9/25/2023,6.25
9/26/2023,6.26
9/27/2023,6.33
9/28/2023,6.31
9/29/2023,6.3
9/30/2023,6.33
10/2/2023,6.44
10/3/2023,6.57
10/4/2023,6.49
10/5/2023,6.48
10/6/2023,6.54
10/9/2023,6.55
10/10/2023,6.4
10/11/2023,6.35
10/12/2023,6.46
10/13/2023,6.4
10/16/2023,6.47
10/17/2023,6.59
10/18/2023,6.66
10/19/2023,6.72
10/20/2023,6.67
10/23/2023,6.61
10/24/2023,6.58
10/25/2023,6.67
10/26/2023,6.58
10/27/2023,6.57
10/30/2023,6.62
10/31/2023,6.66
11/1/2023,6.53
11/2/2023,6.43
11/3/2023,6.31
11/6/2023,6.39
11/7/2023,6.33
11/8/2023,6.29
11/9/2023,6.4
11/10/2023,6.38
11/13/2023,6.37
11/14/2023,6.15
11/15/2023,6.23
11/16/2023,6.14
11/17/2023,6.13
11/20/2023,6.1
11/21/2023,6.07
11/22/2023,6.06
11/23/2023,6.06
11/24/2023,6.11
11/27/2023,6.01
11/28/2023,5.95
11/29/2023,5.85
11/30/2023,5.92
12/1/2023,5.79
12/4/2023,5.84
12/5/2023,5.76
12/6/2023,5.73
12/7/2023,5.74
12/8/2023,5.81
12/11/2023,5.82
12/12/2023,5.78
12/13/2023,5.56
12/14/2023,5.41
12/15/2023,5.43
12/18/2023,5.47
12/19/2023,5.45
12/20/2023,5.4
12/21/2023,5.41
12/22/2023,5.42
12/26/2023,5.41
12/27/2023,5.31
12/28/2023,5.34
12/29/2023,5.35
12/31/2023,5.36
1/2/2024,5.43
1/3/2024,5.44
1/4/2024,5.51
1/5/2024,5.54
1/8/2024,5.5
1/9/2024,5.48
1/10/2024,5.47
1/11/2024,5.4
1/12/2024,5.34
1/15/2024,5.33
1/16/2024,5.43
1/17/2024,5.5
1/18/2024,5.5
1/19/2024,5.51
1/22/2024,5.48
1/23/2024,5.51
1/24/2024,5.53
1/25/2024,5.46
1/26/2024,5.48
1/29/2024,5.42
1/30/2024,5.43
1/31/2024,5.36
2/1/2024,5.31
2/2/2024,5.45
2/5/2024,5.55
2/6/2024,5.48
2/7/2024,5.51
2/8/2024,5.55
2/9/2024,5.58
2/12/2024,5.57
2/13/2024,5.72
2/14/2024,5.65
2/15/2024,5.61
2/16/2024,5.66
2/19/2024,5.66
2/20/2024,5.62
2/21/2024,5.66
2/22/2024,5.66
2/23/2024,5.62
2/26/2024,5.66
2/27/2024,5.69
2/28/2024,5.66
2/29/2024,5.67
3/1/2024,5.61
3/4/2024,5.64
3/5/2024,5.58
3/6/2024,5.55
3/7/2024,5.52
3/8/2024,5.5
3/11/2024,5.52
3/12/2024,5.56
3/13/2024,5.57
3/14/2024,5.64
3/15/2024,5.66
3/18/2024,5.66
3/19/2024,5.62
3/20/2024,5.6
3/21/2024,5.58
3/22/2024,5.53
3/25/2024,5.56
3/26/2024,5.56
3/27/2024,5.53
3/28/2024,5.54
3/31/2024,5.56
4/1/2024,5.66
4/2/2024,5.67
4/3/2024,5.65
4/4/2024,5.61
4/5/2024,5.7
4/8/2024,5.71
4/9/2024,5.66
4/10/2024,5.84
4/11/2024,5.85
4/12/2024,5.82
4/15/2024,5.9
4/16/2024,5.98
4/17/2024,5.91
4/18/2024,5.95
4/19/2024,5.94
4/22/2024,5.93
4/23/2024,5.89
4/24/2024,5.92
4/25/2024,5.98
4/26/2024,5.94
4/29/2024,5.89
4/30/2024,5.97
5/1/2024,5.92
5/2/2024,5.85
5/3/2024,5.76
5/6/2024,5.75
5/7/2024,5.72
5/8/2024,5.76
5/9/2024,5.74
5/10/2024,5.78
5/13/2024,5.77
5/14/2024,5.73
5/15/2024,5.63
5/16/2024,5.66
5/17/2024,5.69
5/20/2024,5.7
5/21/2024,5.68
5/22/2024,5.7
5/23/2024,5.75
5/24/2024,5.75
5/27/2024,5.75
5/28/2024,5.8
5/29/2024,5.85
5/30/2024,5.79
5/31/2024,5.75
6/3/2024,5.67
6/4/2024,5.62
6/5/2024,5.59
6/6/2024,5.6
6/7/2024,5.72
6/10/2024,5.75
6/11/2024,5.69
6/12/2024,5.62
6/13/2024,5.55
6/14/2024,5.55
6/17/2024,5.63
6/18/2024,5.57
6/19/2024,5.57
6/20/2024,5.6
6/21/2024,5.61
6/24/2024,5.6
6/25/2024,5.6
6/26/2024,5.68
6/27/2024,5.64
6/28/2024,5.69
6/30/2024,5.71
7/1/2024,5.78
7/2/2024,5.73
7/3/2024,5.65
7/4/2024,5.65
7/5/2024,5.57
7/8/2024,5.57
7/9/2024,5.58
7/10/2024,5.58
7/11/2024,5.49
7/12/2024,5.45
7/15/2024,5.47
7/16/2024,5.43
7/17/2024,5.43
7/18/2024,5.47
7/19/2024,5.51
7/22/2024,5.52
7/23/2024,5.51
7/24/2024,5.54
7/25/2024,5.53
7/26/2024,5.47
7/29/2024,5.45
7/30/2024,5.44
7/31/2024,5.37
8/1/2024,5.32
8/2/2024,5.17
8/5/2024,5.24
8/6/2024,5.31
8/7/2024,5.33
8/8/2024,5.36
8/9/2024,5.32
8/12/2024,5.28
8/13/2024,5.22
8/14/2024,5.18
8/15/2024,5.24
8/16/2024,5.21
8/19/2024,5.19
8/20/2024,5.14
8/21/2024,5.1
8/22/2024,5.16
8/23/2024,5.09
8/26/2024,5.1
8/27/2024,5.1
8/28/2024,5.11
8/29/2024,5.12
8/30/2024,5.16
8/31/2024,5.17
9/2/2024,5.17
9/3/2024,5.12
9/4/2024,5.05
9/5/2024,5.03
9/6/2024,5
9/9/2024,4.99
9/10/2024,4.95
9/11/2024,4.97
9/12/2024,4.97
9/13/2024,4.93
9/16/2024,4.88
9/17/2024,4.89
9/18/2024,4.93
9/19/2024,4.9
9/20/2024,4.9
9/23/2024,4.91
9/24/2024,4.88
9/25/2024,4.93
9/26/2024,4.95
9/27/2024,4.9
9/30/2024,4.97
10/1/2024,4.92
10/2/2024,4.95
10/3/2024,5
10/4/2024,5.11
10/7/2024,5.16
10/8/2024,5.15
10/9/2024,5.18
10/10/2024,5.17
10/11/2024,5.16
10/14/2024,5.15
10/15/2024,5.11
10/16/2024,5.09
10/17/2024,5.15
10/18/2024,5.14
10/21/2024,5.25
10/22/2024,5.27
10/23/2024,5.31
10/24/2024,5.29
10/25/2024,5.31
10/28/2024,5.34
10/29/2024,5.33
10/30/2024,5.34
10/31/2024,5.38
11/1/2024,5.45
11/4/2024,5.38
11/5/2024,5.36
11/6/2024,5.44
11/7/2024,5.33
11/8/2024,5.31
11/11/2024,5.31
11/12/2024,5.42
11/13/2024,5.42
11/14/2024,5.44
11/15/2024,5.44
11/18/2024,5.41
11/19/2024,5.39
11/20/2024,5.42
11/21/2024,5.44
11/22/2024,5.44
11/25/2024,5.3
11/26/2024,5.33
11/27/2024,5.29
11/28/2024,5.29
11/29/2024,5.24
11/30/2024,5.27
12/2/2024,5.26
12/3/2024,5.28
12/4/2024,5.22
12/5/2024,5.23
12/6/2024,5.2
12/9/2024,5.23
12/10/2024,5.25
12/11/2024,5.27
12/12/2024,5.32
12/13/2024,5.38
12/16/2024,5.37
12/17/2024,5.37
12/18/2024,5.48
12/19/2024,5.54
12/20/2024,5.52
12/23/2024,5.56
12/24/2024,5.55
12/26/2024,5.54
12/27/2024,5.56
12/30/2024,5.5
12/31/2024,5.55
1/2/2025,5.54
1/3/2025,5.57
1/6/2025,5.59
1/7/2025,5.64
1/8/2025,5.62
1/9/2025,5.62
1/10/2025,5.72
1/13/2025,5.75
1/14/2025,5.73
1/15/2025,5.6
1/16/2025,5.56
1/17/2025,5.57
1/20/2025,5.57
1/21/2025,5.53
1/22/2025,5.55
1/23/2025,5.57
1/24/2025,5.54
1/27/2025,5.47
1/28/2025,5.47
1/29/2025,5.49
1/30/2025,5.47
1/31/2025,5.51
2/3/2025,5.52
2/4/2025,5.49
2/5/2025,5.42
2/6/2025,5.44
2/7/2025,5.5
2/10/2025,5.5
2/11/2025,5.52
2/12/2025,5.59
2/13/2025,5.5
2/14/2025,5.44
2/17/2025,5.44
2/18/2025,5.49
2/19/2025,5.47
2/20/2025,5.46
2/21/2025,5.4
2/24/2025,5.38
2/25/2025,5.3
2/26/2025,5.28
2/27/2025,5.3
2/28/2025,5.29
3/3/2025,5.26
3/4/2025,5.3
3/5/2025,5.34
3/6/2025,5.35
3/7/2025,5.38
3/10/2025,5.32
3/11/2025,5.39
3/12/2025,5.44
3/13/2025,5.42
3/14/2025,5.44
3/17/2025,5.42
3/18/2025,5.41
3/19/2025,5.35
3/20/2025,5.32
3/21/2025,5.35
3/24/2025,5.4
3/25/2025,5.38
3/26/2025,5.42
3/27/2025,5.43
3/28/2025,5.36
3/31/2025,5.38
4/1/2025,5.35
4/2/2025,5.36
4/3/2025,5.32
4/4/2025,5.38
4/7/2025,5.61
4/8/2025,5.64
4/9/2025,5.74
4/10/2025,5.77
4/11/2025,5.84
4/14/2025,5.7
4/15/2025,5.67
4/16/2025,5.6
4/17/2025,5.61
4/21/2025,5.68
4/22/2025,5.66
4/23/2025,5.62
4/24/2025,5.54
4/25/2025,5.47
4/28/2025,5.41
4/29/2025,5.39
4/30/2025,5.42
5/1/2025,5.49
5/2/2025,5.56
5/5/2025,5.57
5/6/2025,5.54
5/7/2025,5.51
5/8/2025,5.58
5/9/2025,5.56
5/12/2025,5.6
5/13/2025,5.58
5/14/2025,5.61
5/15/2025,5.53
5/16/2025,5.52
5/19/2025,5.51
5/20/2025,5.51
5/21/2025,5.6
5/22/2025,5.57
5/23/2025,5.56
5/26/2025,5.56
5/27/2025,5.49
5/28/2025,5.52
5/29/2025,5.46
5/30/2025,5.43
5/31/2025,5.45
6/2/2025,5.49
6/3/2025,5.48
6/4/2025,5.38
6/5/2025,5.42
6/6/2025,5.51
6/9/2025,5.48
6/10/2025,5.46
6/11/2025,5.4
6/12/2025,5.36
6/13/2025,5.41
6/16/2025,5.43
6/17/2025,5.38
6/18/2025,5.38
6/19/2025,5.38
6/20/2025,5.37
6/23/2025,5.34
6/24/2025,5.29
6/25/2025,5.28
6/26/2025,5.24
6/27/2025,5.26
6/30/2025,5.21
7/1/2025,5.22
7/2/2025,5.22
7/3/2025,5.26
7/4/2025,5.26
7/7/2025,5.3
7/8/2025,5.32
7/9/2025,5.28
7/10/2025,5.28
7/11/2025,5.33
7/14/2025,5.33
7/15/2025,5.37
7/16/2025,5.33
7/17/2025,5.33
7/18/2025,5.3
7/21/2025,5.26
7/22/2025,5.23
7/23/2025,5.27
7/24/2025,5.28
7/25/2025,5.25
7/28/2025,5.27
7/29/2025,5.21
7/30/2025,5.25
7/31/2025,5.27
8/1/2025,5.14
8/4/2025,5.13
8/5/2025,5.13
8/6/2025,5.13
8/7/2025,5.14
8/8/2025,5.17
8/11/2025,5.17
8/12/2025,5.16
8/13/2025,5.09
8/14/2025,5.12
8/15/2025,5.14
8/18/2025,5.15
8/19/2025,5.13
8/20/2025,5.13
8/21/2025,5.17
8/22/2025,5.09
8/25/2025,5.1
8/26/2025,5.09
8/27/2025,5.08
8/28/2025,5.06
8/29/2025,5.08
8/31/2025,5.1
9/1/2025,5.1
9/2/2025,5.15
9/3/2025,5.1
9/4/2025,5.03
9/5/2025,4.97
9/8/2025,4.93
9/9/2025,4.97
9/10/2025,4.94
9/11/2025,4.91
9/12/2025,4.93
9/15/2025,4.89
9/16/2025,4.87
9/17/2025,4.91
9/18/2025,4.93
9/19/2025,4.93
9/22/2025,4.95
9/23/2025,4.92
9/24/2025,4.97
9/25/2025,5.01
9/26/2025,5
9/29/2025,4.97
9/30/2025,5.01
10/1/2025,4.97
10/2/2025,4.95
10/3/2025,4.97
10/6/2025,5
10/7/2025,4.97
10/8/2025,4.98
10/9/2025,5.01
10/10/2025,4.98
10/13/2025,4.98
10/14/2025,4.93
10/15/2025,4.92
10/16/2025,4.88
10/17/2025,4.9
10/20/2025,4.88
10/21/2025,4.87
10/22/2025,4.88
10/23/2025,4.9
10/24/2025,4.88
10/27/2025,4.86
10/28/2025,4.86
10/29/2025,4.94
10/30/2025,4.97
10/31/2025,5.02
11/3/2025,5.05
11/4/2025,5.04
11/5/2025,5.08
11/6/2025,5.03
11/7/2025,5.04
11/10/2025,5.05
11/11/2025,5.05
11/12/2025,5.02
11/13/2025,5.07
11/14/2025,5.09
11/17/2025,5.08
11/18/2025,5.07
11/19/2025,5.08
11/20/2025,5.05
11/21/2025,5.03
11/24/2025,5
11/25/2025,4.96
11/26/2025,4.94
11/27/2025,4.94
11/28/2025,4.96
11/30/2025,4.98
12/1/2025,5.04
12/2/2025,5.01
12/3/2025,4.99
12/4/2025,5.02
12/5/2025,5.04
12/8/2025,5.06
12/9/2025,5.08
12/10/2025,5.02
12/11/2025,5.02
12/12/2025,5.07
12/15/2025,5.05
12/16/2025,5.03
12/17/2025,5.03
12/18/2025,5
12/19/2025,5.03
12/22/2025,5.04
12/23/2025,5.04
12/24/2025,5.01
12/26/2025,5
12/29/2025,4.98
12/30/2025,4.98
12/31/2025,5.04
1/2/2026,5.05
1/5/2026,5.02
1/6/2026,5.02
1/7/2026,5.01
1/8/2026,5.04
1/9/2026,5.03
1/12/2026,5.04
1/13/2026,5.02
1/14/2026,4.98
1/15/2026,5
1/16/2026,5.04
1/19/2026,5.03
1/20/2026,5.08
1/21/2026,5.04
1/22/2026,5.03
1/23/2026,5.02
1/26/2026,5.01
1/27/2026,5.02
1/28/2026,5.02
1/29/2026,5.01
1/30/2026,5.01
1/31/2026,5.04
2/2/2026,5.05
2/3/2026,5.05
2/4/2026,5.06
2/5/2026,5
2/6/2026,5.01
2/9/2026,5
2/10/2026,4.97
2/11/2026,5
2/12/2026,4.94
2/13/2026,4.91
2/16/2026,4.91
2/17/2026,4.92
2/18/2026,4.93
2/19/2026,4.93
2/20/2026,4.93
2/23/2026,4.9
2/24/2026,4.92
2/25/2026,4.92
2/26/2026,4.91
2/27/2026,4.9
2/28/2026,4.92
3/2/2026,5
3/3/2026,5.02
3/4/2026,5.02
3/5/2026,5.06
3/6/2026,5.09
3/9/2026,5.07
3/10/2026,5.1
3/11/2026,5.19
3/12/2026,5.28
3/13/2026,5.32
3/16/2026,5.26
3/17/2026,5.23
3/18/2026,5.29
3/19/2026,5.29
3/20/2026,5.4
3/23/2026,5.34
3/24/2026,5.38
3/25/2026,5.32
3/26/2026,5.44
3/27/2026,5.45
3/30/2026,5.38
3/31/2026,5.36
4/1/2026,5.34
4/2/2026,5.31
4/3/2026,5.35
4/6/2026,5.32
4/7/2026,5.3
4/8/2026,5.25
4/9/2026,5.24
4/10/2026,5.26
4/13/2026,5.23
4/14/2026,5.17
4/15/2026,5.19
4/16/2026,5.21
4/17/2026,5.14
4/20/2026,5.16
4/21/2026,5.21
4/22/2026,5.19
4/23/2026,5.22
4/24/2026,5.2
4/27/2026,5.23
4/28/2026,5.25
4/29/2026,5.32
4/30/2026,5.32
5/1/2026,5.31
5/4/2026,5.36
5/5/2026,5.33
5/6/2026,5.26
5/7/2026,5.3
5/8/2026,5.27
5/11/2026,5.31
5/12/2026,5.35
5/13/2026,5.34
5/14/2026,5.34
