Date,Value
12/31/1996,13.97
1/2/1997,13.95
1/3/1997,14.02
1/6/1997,14.03
1/7/1997,14.05
1/8/1997,14.06
1/9/1997,14.1
1/10/1997,14.11
1/13/1997,14.15
1/14/1997,14.03
1/15/1997,13.96
1/16/1997,13.92
1/17/1997,13.93
1/20/1997,13.87
1/21/1997,13.87
1/22/1997,13.83
1/23/1997,13.88
1/24/1997,13.84
1/27/1997,13.8
1/28/1997,13.69
1/29/1997,13.83
1/30/1997,13.86
1/31/1997,13.94
2/3/1997,13.86
2/4/1997,13.81
2/5/1997,13.79
2/6/1997,13.77
2/7/1997,13.71
2/10/1997,13.64
2/11/1997,13.63
2/12/1997,13.59
2/13/1997,13.58
2/14/1997,13.53
2/18/1997,13.48
2/19/1997,13.45
2/20/1997,13.39
2/21/1997,13.41
2/24/1997,13.37
2/25/1997,13.23
2/26/1997,13.22
2/27/1997,13.21
2/28/1997,13.27
3/3/1997,13.32
3/4/1997,13.12
3/5/1997,13.3
3/6/1997,13.29
3/7/1997,13.3
3/10/1997,13.33
3/11/1997,13.33
3/12/1997,13.3
3/13/1997,13.33
3/14/1997,13.37
3/17/1997,13.31
3/18/1997,13.34
3/19/1997,13.27
3/20/1997,13.28
3/21/1997,13.29
3/24/1997,13.3
3/25/1997,13.32
3/26/1997,13.38
3/27/1997,13.44
3/31/1997,13.69
4/1/1997,13.73
4/2/1997,13.78
4/3/1997,13.81
4/4/1997,13.78
4/7/1997,13.76
4/8/1997,13.77
4/9/1997,13.79
4/10/1997,13.84
4/11/1997,13.94
4/14/1997,13.9
4/15/1997,13.72
4/16/1997,13.66
4/17/1997,13.69
4/18/1997,13.64
4/21/1997,13.58
4/22/1997,13.54
4/23/1997,13.53
4/24/1997,13.52
4/25/1997,13.52
4/28/1997,13.64
4/29/1997,13.58
4/30/1997,13.78
5/1/1997,13.76
5/2/1997,13.73
5/5/1997,13.71
5/6/1997,13.71
5/7/1997,13.7
5/8/1997,13.65
5/9/1997,13.58
5/12/1997,13.55
5/13/1997,13.56
5/14/1997,13.5
5/15/1997,13.44
5/16/1997,13.43
5/19/1997,13.44
5/20/1997,13.42
5/21/1997,13.41
5/22/1997,13.37
5/23/1997,13.37
5/27/1997,13.39
5/28/1997,13.46
5/29/1997,13.36
5/30/1997,13.31
5/31/1997,13.34
6/2/1997,13.31
6/3/1997,13.28
6/4/1997,13.2
6/5/1997,13.17
6/6/1997,13.06
6/9/1997,12.95
6/10/1997,12.92
6/11/1997,12.9
6/12/1997,12.93
6/13/1997,12.93
6/16/1997,12.83
6/17/1997,12.84
6/18/1997,12.87
6/19/1997,12.89
6/20/1997,12.92
6/23/1997,12.96
6/24/1997,12.96
6/25/1997,12.96
6/26/1997,13.1
6/27/1997,13.06
6/30/1997,13.29
7/1/1997,13.26
7/2/1997,13.27
7/3/1997,13.28
7/7/1997,13.25
7/8/1997,13.21
7/9/1997,13.13
7/10/1997,13.12
7/11/1997,13.11
7/14/1997,13.1
7/15/1997,13.07
7/16/1997,13.04
7/17/1997,13.01
7/18/1997,13.03
7/21/1997,13.11
7/22/1997,13.09
7/23/1997,13.06
7/24/1997,13.05
7/25/1997,13.07
7/28/1997,13.06
7/29/1997,13.12
7/30/1997,13.1
7/31/1997,12.7
8/1/1997,12.7
8/4/1997,12.73
8/5/1997,12.73
8/6/1997,12.66
8/7/1997,12.62
8/8/1997,12.73
8/11/1997,12.73
8/12/1997,12.72
8/13/1997,12.71
8/14/1997,12.62
8/15/1997,12.59
8/18/1997,12.62
8/19/1997,12.63
8/20/1997,12.61
8/21/1997,12.6
8/22/1997,12.71
8/25/1997,12.69
8/26/1997,12.7
8/27/1997,12.69
8/28/1997,12.57
8/29/1997,12.59
8/31/1997,12.6
9/2/1997,12.51
9/3/1997,12.56
9/4/1997,12.52
9/5/1997,12.51
9/8/1997,12.46
9/9/1997,12.43
9/10/1997,12.36
9/11/1997,12.36
9/12/1997,12.33
9/15/1997,12.29
9/16/1997,12.08
9/17/1997,12.02
9/18/1997,11.94
9/19/1997,11.92
9/22/1997,11.93
9/23/1997,11.91
9/24/1997,11.87
9/25/1997,11.87
9/26/1997,11.87
9/29/1997,11.84
9/30/1997,12.01
10/1/1997,11.94
10/2/1997,11.91
10/3/1997,11.87
10/6/1997,11.8
10/7/1997,11.76
10/8/1997,11.71
10/9/1997,11.74
10/10/1997,11.75
10/13/1997,11.75
10/14/1997,11.73
10/15/1997,11.66
10/16/1997,11.59
10/17/1997,11.61
10/20/1997,11.64
10/21/1997,11.68
10/22/1997,11.66
10/23/1997,11.68
10/24/1997,11.66
10/27/1997,11.98
10/28/1997,12.19
10/29/1997,12.1
10/30/1997,12.11
10/31/1997,13.07
11/3/1997,13.06
11/4/1997,12.68
11/5/1997,12.58
11/6/1997,12.55
11/7/1997,12.62
11/10/1997,12.55
11/11/1997,12.53
11/12/1997,12.57
11/13/1997,12.63
11/14/1997,12.68
11/17/1997,12.64
11/18/1997,12.62
11/19/1997,12.64
11/20/1997,12.63
11/21/1997,12.62
11/24/1997,12.66
11/25/1997,12.66
11/26/1997,12.63
11/27/1997,12.63
11/28/1997,12.67
11/30/1997,13.14
12/1/1997,13.13
12/2/1997,13.06
12/3/1997,13
12/4/1997,12.96
12/5/1997,13.02
12/8/1997,12.99
12/9/1997,13.02
12/10/1997,13.06
12/11/1997,13.05
12/12/1997,13.09
12/15/1997,13.01
12/16/1997,13.06
12/17/1997,13.08
12/18/1997,13.1
12/19/1997,13.15
12/22/1997,13.22
12/23/1997,13.25
12/24/1997,13.26
12/26/1997,13.27
12/29/1997,13.28
12/30/1997,13.31
12/31/1997,13.07
1/2/1998,13.06
1/5/1998,13.05
1/6/1998,13.01
1/7/1998,12.98
1/8/1998,12.91
1/9/1998,12.88
1/12/1998,12.87
1/13/1998,12.8
1/14/1998,12.73
1/15/1998,12.68
1/16/1998,12.61
1/19/1998,12.62
1/20/1998,12.51
1/21/1998,12.42
1/22/1998,12.41
1/23/1998,12.4
1/26/1998,12.4
1/27/1998,12.45
1/28/1998,12.41
1/29/1998,12.38
1/30/1998,12.52
1/31/1998,12.55
2/2/1998,12.5
2/3/1998,12.61
2/4/1998,12.61
2/5/1998,12.64
2/6/1998,12.62
2/9/1998,12.63
2/10/1998,12.64
2/11/1998,12.62
2/12/1998,12.6
2/13/1998,12.56
2/16/1998,12.51
2/17/1998,12.52
2/18/1998,12.47
2/19/1998,12.5
2/20/1998,12.48
2/23/1998,12.46
2/24/1998,12.5
2/25/1998,12.52
2/26/1998,12.5
2/27/1998,12.49
2/28/1998,12.43
3/2/1998,12.45
3/3/1998,12.49
3/4/1998,12.53
3/5/1998,12.58
3/6/1998,12.67
3/9/1998,12.68
3/10/1998,12.71
3/11/1998,12.63
3/12/1998,12.56
3/13/1998,12.55
3/16/1998,12.46
3/17/1998,12.43
3/18/1998,12.35
3/19/1998,12.32
3/20/1998,12.29
3/23/1998,12.25
3/24/1998,12.22
3/25/1998,12.17
3/26/1998,12.15
3/27/1998,12.11
3/30/1998,12.12
3/31/1998,12.61
4/1/1998,12.56
4/2/1998,12.56
4/3/1998,12.59
4/6/1998,12.55
4/7/1998,12.55
4/8/1998,12.55
4/9/1998,12.51
4/13/1998,12.56
4/14/1998,12.53
4/15/1998,12.43
4/16/1998,12.44
4/17/1998,12.44
4/20/1998,12.46
4/21/1998,12.49
4/22/1998,12.48
4/23/1998,12.47
4/24/1998,12.47
4/27/1998,12.63
4/28/1998,12.62
4/29/1998,12.66
4/30/1998,12.86
5/1/1998,12.84
5/4/1998,12.81
5/5/1998,12.83
5/6/1998,12.85
5/7/1998,12.9
5/8/1998,12.88
5/11/1998,12.91
5/12/1998,12.98
5/13/1998,12.98
5/14/1998,13.03
5/15/1998,13.14
5/18/1998,13.13
5/19/1998,13.17
5/20/1998,13.16
5/21/1998,13.11
5/22/1998,13.1
5/25/1998,13.11
5/26/1998,13.1
5/27/1998,13.14
5/28/1998,13.14
5/29/1998,13.14
5/31/1998,13.35
6/1/1998,13.28
6/2/1998,13.24
6/3/1998,13.21
6/4/1998,13.24
6/5/1998,13.24
6/8/1998,13.23
6/9/1998,13.23
6/10/1998,13.23
6/11/1998,13.25
6/12/1998,13.29
6/15/1998,13.29
6/16/1998,13.37
6/17/1998,13.37
6/18/1998,13.37
6/19/1998,13.38
6/22/1998,13.4
6/23/1998,13.4
6/24/1998,13.39
6/25/1998,13.41
6/26/1998,13.43
6/29/1998,13.43
6/30/1998,13.6
7/1/1998,13.56
7/2/1998,13.54
7/3/1998,13.55
7/6/1998,13.53
7/7/1998,13.51
7/8/1998,13.47
7/9/1998,13.46
7/10/1998,13.47
7/13/1998,13.47
7/14/1998,13.52
7/15/1998,13.47
7/16/1998,13.48
7/17/1998,13.49
7/20/1998,13.49
7/21/1998,13.45
7/22/1998,13.44
7/23/1998,13.48
7/24/1998,13.49
7/27/1998,13.49
7/28/1998,13.51
7/29/1998,13.53
7/30/1998,13.54
7/31/1998,13.15
8/3/1998,13.16
8/4/1998,13.21
8/5/1998,13.25
8/6/1998,13.24
8/7/1998,13.37
8/10/1998,13.52
8/11/1998,13.77
8/12/1998,13.87
8/13/1998,13.97
8/14/1998,13.92
8/17/1998,13.95
8/18/1998,13.97
8/19/1998,14
8/20/1998,14.05
8/21/1998,14.3
8/24/1998,14.49
8/25/1998,14.55
8/26/1998,14.79
8/27/1998,15.29
8/28/1998,15.47
8/31/1998,15.85
9/1/1998,15.91
9/2/1998,15.86
9/3/1998,15.91
9/4/1998,15.94
9/7/1998,15.95
9/8/1998,15.84
9/9/1998,15.99
9/10/1998,16.13
9/11/1998,16.43
9/14/1998,16.36
9/15/1998,16.53
9/16/1998,16.5
9/17/1998,16.55
9/18/1998,16.76
9/21/1998,16.78
9/22/1998,16.84
9/23/1998,16.78
9/24/1998,16.67
9/25/1998,16.72
9/28/1998,16.75
9/29/1998,16.76
9/30/1998,16.71
10/1/1998,16.75
10/2/1998,16.83
10/5/1998,17.04
10/6/1998,17.15
10/7/1998,17.3
10/8/1998,17.92
10/9/1998,18.08
10/12/1998,18.11
10/13/1998,18.11
10/14/1998,18.34
10/15/1998,18.32
10/16/1998,18.31
10/19/1998,18.19
10/20/1998,18.15
10/21/1998,17.95
10/22/1998,17.88
10/23/1998,17.8
10/26/1998,17.79
10/27/1998,17.79
10/28/1998,17.91
10/29/1998,17.84
10/30/1998,17.79
10/31/1998,18.37
11/2/1998,18.18
11/3/1998,18.08
11/4/1998,17.98
11/5/1998,17.96
11/6/1998,17.82
11/9/1998,17.7
11/10/1998,17.43
11/11/1998,17.37
11/12/1998,17.19
11/13/1998,17.05
11/16/1998,16.89
11/17/1998,16.69
11/18/1998,16.57
11/19/1998,16.45
11/20/1998,16.34
11/23/1998,16.31
11/24/1998,16.3
11/25/1998,16.25
11/26/1998,16.25
11/27/1998,16.24
11/30/1998,18.16
12/1/1998,18.19
12/2/1998,18.29
12/3/1998,18.27
12/4/1998,18.29
12/7/1998,18.35
12/8/1998,18.4
12/9/1998,18.32
12/10/1998,18.39
12/11/1998,18.43
12/14/1998,18.63
12/15/1998,18.52
12/16/1998,18.64
12/17/1998,18.66
12/18/1998,18.67
12/21/1998,18.67
12/22/1998,18.6
12/23/1998,18.61
12/24/1998,18.52
12/28/1998,18.47
12/29/1998,18.41
12/30/1998,18.42
12/31/1998,18.03
1/4/1999,17.92
1/5/1999,17.79
1/6/1999,17.71
1/7/1999,17.71
1/8/1999,17.54
1/11/1999,17.57
1/12/1999,17.55
1/13/1999,17.68
1/14/1999,17.64
1/15/1999,17.6
1/18/1999,17.6
1/19/1999,17.56
1/20/1999,17.45
1/21/1999,17.44
1/22/1999,17.43
1/25/1999,17.45
1/26/1999,17.44
1/27/1999,17.43
1/28/1999,17.41
1/29/1999,17.4
1/31/1999,18.28
2/1/1999,18.23
2/2/1999,18.23
2/3/1999,18.26
2/4/1999,18.25
2/5/1999,18.26
2/8/1999,18.25
2/9/1999,18.21
2/10/1999,18.26
2/11/1999,18.25
2/12/1999,18.36
2/15/1999,18.27
2/16/1999,18.25
2/17/1999,18.25
2/18/1999,18.29
2/19/1999,18.35
2/22/1999,18.42
2/23/1999,18.57
2/24/1999,18.64
2/25/1999,18.76
2/26/1999,18.71
2/28/1999,18.95
3/1/1999,19.02
3/2/1999,19.05
3/3/1999,19.11
3/4/1999,19.16
3/5/1999,19.15
3/8/1999,19.18
3/9/1999,19.12
3/10/1999,19.09
3/11/1999,19.03
3/12/1999,19.03
3/15/1999,19.04
3/16/1999,19.05
3/17/1999,19.15
3/18/1999,19.14
3/19/1999,19.06
3/22/1999,19.04
3/23/1999,19.06
3/24/1999,19.05
3/25/1999,19.02
3/26/1999,19.06
3/29/1999,19
3/30/1999,18.93
3/31/1999,20.78
4/1/1999,20.58
4/2/1999,20.58
4/5/1999,20.58
4/6/1999,20.44
4/7/1999,20.36
4/8/1999,20.26
4/9/1999,20.25
4/12/1999,20.21
4/13/1999,20.06
4/14/1999,19.95
4/15/1999,19.8
4/16/1999,19.75
4/19/1999,19.74
4/20/1999,19.71
4/21/1999,19.56
4/22/1999,19.57
4/23/1999,19.46
4/26/1999,19.56
4/27/1999,19.57
4/28/1999,19.45
4/29/1999,19.53
4/30/1999,18.65
5/3/1999,18.5
5/4/1999,18.44
5/5/1999,18.46
5/6/1999,18.39
5/7/1999,18.4
5/10/1999,18.45
5/11/1999,18.67
5/12/1999,18.63
5/13/1999,18.64
5/14/1999,18.8
5/17/1999,18.8
5/18/1999,18.82
5/19/1999,18.79
5/20/1999,18.9
5/21/1999,18.84
5/24/1999,18.88
5/25/1999,18.91
5/26/1999,18.92
5/27/1999,18.98
5/28/1999,18.92
5/31/1999,18.42
6/1/1999,18.37
6/2/1999,18.39
6/3/1999,18.44
6/4/1999,18.44
6/7/1999,18.41
6/8/1999,18.4
6/9/1999,18.39
6/10/1999,18.52
6/11/1999,18.59
6/14/1999,18.67
6/15/1999,18.52
6/16/1999,18.52
6/17/1999,18.5
6/18/1999,18.53
6/21/1999,18.52
6/22/1999,18.5
6/23/1999,18.52
6/24/1999,18.47
6/25/1999,18.48
6/28/1999,18.6
6/29/1999,18.59
6/30/1999,18.18
7/1/1999,18.22
7/2/1999,18.09
7/5/1999,18.1
7/6/1999,18.07
7/7/1999,18.13
7/8/1999,18.1
7/9/1999,18.2
7/12/1999,18.09
7/13/1999,18.16
7/14/1999,18.12
7/15/1999,17.83
7/16/1999,17.82
7/19/1999,18
7/20/1999,17.99
7/21/1999,17.94
7/22/1999,18
7/23/1999,18.03
7/26/1999,18.1
7/27/1999,18.15
7/28/1999,18.18
7/29/1999,18.2
7/30/1999,18.24
7/31/1999,17.37
8/2/1999,17.32
8/3/1999,17.37
8/4/1999,17.46
8/5/1999,17.52
8/6/1999,17.57
8/9/1999,17.62
8/10/1999,17.64
8/11/1999,17.64
8/12/1999,17.66
8/13/1999,17.68
8/16/1999,17.63
8/17/1999,17.66
8/18/1999,17.65
8/19/1999,17.71
8/20/1999,17.77
8/23/1999,17.89
8/24/1999,17.92
8/25/1999,17.86
8/26/1999,17.88
8/27/1999,17.9
8/30/1999,17.93
8/31/1999,18.19
9/1/1999,18.24
9/2/1999,18.24
9/3/1999,18.24
9/6/1999,18.25
9/7/1999,18.29
9/8/1999,18.29
9/9/1999,18.34
9/10/1999,18.42
9/13/1999,18.45
9/14/1999,18.53
9/15/1999,18.55
9/16/1999,18.6
9/17/1999,18.62
9/20/1999,18.65
9/21/1999,18.53
9/22/1999,18.52
9/23/1999,18.57
9/24/1999,18.66
9/27/1999,18.71
9/28/1999,18.75
9/29/1999,18.84
9/30/1999,18.08
10/1/1999,18.13
10/4/1999,18.2
10/5/1999,18.24
10/6/1999,18.22
10/7/1999,18.17
10/8/1999,18.19
10/11/1999,18.23
10/12/1999,18.34
10/13/1999,18.32
10/14/1999,18.33
10/15/1999,18.33
10/18/1999,18.37
10/19/1999,18.41
10/20/1999,18.41
10/21/1999,18.38
10/22/1999,18.38
10/25/1999,18.39
10/26/1999,18.53
10/27/1999,18.42
10/28/1999,18.56
10/29/1999,18.63
10/31/1999,19.94
11/1/1999,19.82
11/2/1999,19.82
11/3/1999,19.93
11/4/1999,19.87
11/5/1999,19.85
11/8/1999,19.83
11/9/1999,19.77
11/10/1999,19.86
11/11/1999,19.85
11/12/1999,19.82
11/15/1999,19.78
11/16/1999,19.76
11/17/1999,19.78
11/18/1999,19.75
11/19/1999,19.73
11/22/1999,19.74
11/23/1999,19.7
11/24/1999,19.69
11/25/1999,19.69
11/26/1999,19.69
11/29/1999,19.71
11/30/1999,19.59
12/1/1999,19.62
12/2/1999,19.68
12/3/1999,19.61
12/6/1999,19.6
12/7/1999,19.58
12/8/1999,19.54
12/9/1999,19.57
12/10/1999,19.55
12/13/1999,19.51
12/14/1999,19.55
12/15/1999,19.4
12/16/1999,19.81
12/17/1999,19.93
12/20/1999,19.98
12/21/1999,19.97
12/22/1999,20.03
12/23/1999,20.06
12/24/1999,20.07
12/27/1999,20.09
12/28/1999,20.08
12/29/1999,20.13
12/30/1999,20.16
12/31/1999,20.43
1/3/2000,20.48
1/4/2000,20.51
1/5/2000,20.51
1/6/2000,20.53
1/7/2000,20.58
1/10/2000,20.57
1/11/2000,20.59
1/12/2000,20.61
1/13/2000,20.69
1/14/2000,20.65
1/17/2000,20.58
1/18/2000,20.62
1/19/2000,20.66
1/20/2000,20.69
1/21/2000,20.66
1/24/2000,20.66
1/25/2000,20.62
1/26/2000,20.62
1/27/2000,20.61
1/28/2000,20.64
1/31/2000,20.77
2/1/2000,20.62
2/2/2000,20.6
2/3/2000,20.55
2/4/2000,20.55
2/7/2000,20.55
2/8/2000,20.46
2/9/2000,20.42
2/10/2000,20.38
2/11/2000,20.39
2/14/2000,20.38
2/15/2000,20.23
2/16/2000,20.26
2/17/2000,20.26
2/18/2000,20.26
2/21/2000,20.29
2/22/2000,20.3
2/23/2000,20.29
2/24/2000,20.39
2/25/2000,20.4
2/28/2000,20.49
2/29/2000,20.51
3/1/2000,20.53
3/2/2000,20.5
3/3/2000,20.48
3/6/2000,20.44
3/7/2000,20.34
3/8/2000,20.31
3/9/2000,20.39
3/10/2000,20.39
3/13/2000,20.45
3/14/2000,20.58
3/15/2000,20.5
3/16/2000,20.49
3/17/2000,20.53
3/20/2000,20.57
3/21/2000,20.65
3/22/2000,20.76
3/23/2000,20.82
3/24/2000,20.81
3/27/2000,20.86
3/28/2000,21.01
3/29/2000,21.13
3/30/2000,21.31
3/31/2000,20.18
4/3/2000,20.09
4/4/2000,20.26
4/5/2000,20.41
4/6/2000,20.4
4/7/2000,20.39
4/10/2000,20.4
4/11/2000,20.41
4/12/2000,20.42
4/13/2000,20.46
4/14/2000,20.47
4/17/2000,20.3
4/18/2000,20.36
4/19/2000,20.41
4/20/2000,20.38
4/24/2000,20.47
4/25/2000,20.47
4/26/2000,20.43
4/27/2000,20.49
4/28/2000,20.57
4/30/2000,20.58
5/1/2000,20.43
5/2/2000,20.43
5/3/2000,20.45
5/4/2000,20.46
5/5/2000,20.48
5/8/2000,20.5
5/9/2000,20.48
5/10/2000,20.48
5/11/2000,20.73
5/12/2000,20.84
5/15/2000,20.68
5/16/2000,20.7
5/17/2000,20.85
5/18/2000,20.88
5/19/2000,20.95
5/22/2000,21
5/23/2000,21.05
5/24/2000,21.11
5/25/2000,21.27
5/26/2000,21.28
5/29/2000,21.31
5/30/2000,21.44
5/31/2000,22.78
6/1/2000,22.65
6/2/2000,22.57
6/5/2000,22.58
6/6/2000,22.52
6/7/2000,22.52
6/8/2000,22.53
6/9/2000,22.39
6/12/2000,22.56
6/13/2000,22.62
6/14/2000,22.64
6/15/2000,22.47
6/16/2000,22.48
6/19/2000,22.52
6/20/2000,22.56
6/21/2000,22.49
6/22/2000,22.47
6/23/2000,22.39
6/26/2000,22.4
6/27/2000,22.4
6/28/2000,22.3
6/29/2000,22.59
6/30/2000,21.92
7/3/2000,21.83
7/4/2000,21.84
7/5/2000,21.88
7/6/2000,21.84
7/7/2000,21.82
7/10/2000,21.76
7/11/2000,21.72
7/12/2000,21.76
7/13/2000,21.79
7/14/2000,21.69
7/17/2000,21.6
7/18/2000,21.58
7/19/2000,21.66
7/20/2000,21.6
7/21/2000,21.64
7/24/2000,21.53
7/25/2000,21.57
7/26/2000,21.78
7/27/2000,21.81
7/28/2000,21.81
7/31/2000,22.34
8/1/2000,22.36
8/2/2000,22.3
8/3/2000,22.4
8/4/2000,22.4
8/7/2000,22.38
8/8/2000,22.39
8/9/2000,22.43
8/10/2000,22.49
8/11/2000,22.46
8/14/2000,22.39
8/15/2000,22.32
8/16/2000,22.29
8/17/2000,22.3
8/18/2000,22.33
8/21/2000,22.39
8/22/2000,22.43
8/23/2000,22.41
8/24/2000,22.45
8/25/2000,22.45
8/28/2000,22.49
8/29/2000,22.4
8/30/2000,22.37
8/31/2000,22.41
9/1/2000,22.33
9/4/2000,22.36
9/5/2000,22.21
9/6/2000,22.22
9/7/2000,22.19
9/8/2000,22.15
9/11/2000,22.14
9/12/2000,22.17
9/13/2000,22.07
9/14/2000,22.16
9/15/2000,22.09
9/18/2000,22.19
9/19/2000,22.31
9/20/2000,22.34
9/21/2000,22.46
9/22/2000,22.58
9/25/2000,22.67
9/26/2000,22.62
9/27/2000,22.66
9/28/2000,22.8
9/29/2000,22.85
9/30/2000,23.42
10/2/2000,23.35
10/3/2000,23.38
10/4/2000,23.45
10/5/2000,23.54
10/6/2000,23.63
10/9/2000,23.59
10/10/2000,23.64
10/11/2000,23.74
10/12/2000,23.87
10/13/2000,24.04
10/16/2000,24.03
10/17/2000,24.21
10/18/2000,24.55
10/19/2000,24.58
10/20/2000,24.48
10/23/2000,24.62
10/24/2000,24.66
10/25/2000,24.63
10/26/2000,24.71
10/27/2000,24.85
10/30/2000,24.95
10/31/2000,25.19
11/1/2000,24.94
11/2/2000,25
11/3/2000,25.04
11/6/2000,25.11
11/7/2000,25.12
11/8/2000,25.1
11/9/2000,25.26
11/10/2000,25.39
11/13/2000,25.5
11/14/2000,25.46
11/15/2000,25.33
11/16/2000,25.34
11/17/2000,25.35
11/20/2000,25.44
11/21/2000,25.88
11/22/2000,25.93
11/23/2000,25.94
11/24/2000,26.04
11/27/2000,26.23
11/28/2000,26.58
11/29/2000,26.97
11/30/2000,28.28
12/1/2000,28.07
12/4/2000,28.15
12/5/2000,28.19
12/6/2000,28.19
12/7/2000,28.24
12/8/2000,28.49
12/11/2000,28.46
12/12/2000,28.43
12/13/2000,28.32
12/14/2000,28.43
12/15/2000,27.92
12/18/2000,27.98
12/19/2000,28.06
12/20/2000,28.12
12/21/2000,28.26
12/22/2000,28.23
12/26/2000,28.34
12/27/2000,28.59
12/28/2000,28.61
12/29/2000,28.65
12/31/2000,29.09
1/2/2001,29.2
1/3/2001,29.2
1/4/2001,29.1
1/5/2001,28.87
1/8/2001,28.84
1/9/2001,28.68
1/10/2001,28.53
1/11/2001,28.12
1/12/2001,27.92
1/15/2001,27.61
1/16/2001,27.6
1/17/2001,27.41
1/18/2001,27.3
1/19/2001,27.15
1/22/2001,27.09
1/23/2001,27.13
1/24/2001,27.14
1/25/2001,27.07
1/26/2001,26.99
1/29/2001,26.99
1/30/2001,26.9
1/31/2001,23.63
2/1/2001,23.57
2/2/2001,23.43
2/5/2001,23.41
2/6/2001,23.25
2/7/2001,23.19
2/8/2001,23.2
2/9/2001,23.11
2/12/2001,23.23
2/13/2001,23.23
2/14/2001,23.22
2/15/2001,22.9
2/16/2001,22.94
2/19/2001,22.98
2/20/2001,22.85
2/21/2001,22.82
2/22/2001,22.92
2/23/2001,22.83
2/26/2001,22.68
2/27/2001,22.32
2/28/2001,22.57
3/1/2001,22.47
3/2/2001,22.55
3/5/2001,22.41
3/6/2001,22.47
3/7/2001,22.42
3/8/2001,22.34
3/9/2001,22.25
3/12/2001,22.29
3/13/2001,22.5
3/14/2001,22.66
3/15/2001,22.62
3/16/2001,23.06
3/19/2001,23.07
3/20/2001,23.06
3/21/2001,23.2
3/22/2001,23.49
3/23/2001,23.56
3/26/2001,23.4
3/27/2001,23.16
3/28/2001,23.18
3/29/2001,23.24
3/30/2001,23.4
3/31/2001,24.94
4/2/2001,24.89
4/3/2001,25.42
4/4/2001,25.49
4/5/2001,25.66
4/6/2001,26.29
4/9/2001,25.94
4/10/2001,25.69
4/11/2001,25.87
4/12/2001,25.93
4/16/2001,25.81
4/17/2001,25.97
4/18/2001,25.9
4/19/2001,26.97
4/20/2001,27.07
4/23/2001,27.51
4/24/2001,27.6
4/25/2001,25.79
4/26/2001,25.68
4/27/2001,25.78
4/30/2001,25.38
5/1/2001,24.8
5/2/2001,24.57
5/3/2001,24.38
5/4/2001,24.39
5/7/2001,24.29
5/8/2001,24.22
5/9/2001,24.33
5/10/2001,24.18
5/11/2001,24.13
5/14/2001,24.26
5/15/2001,24.16
5/16/2001,24.31
5/17/2001,24.11
5/18/2001,24.05
5/21/2001,23.81
5/22/2001,23.93
5/23/2001,23.97
5/24/2001,24.01
5/25/2001,24.06
5/28/2001,24.17
5/29/2001,24
5/30/2001,24.22
5/31/2001,24.48
6/1/2001,24.29
6/4/2001,24.41
6/5/2001,24.49
6/6/2001,24.62
6/7/2001,24.59
6/8/2001,24.53
6/11/2001,24.44
6/12/2001,24.39
6/13/2001,24.41
6/14/2001,24.5
6/15/2001,24.49
6/18/2001,24.7
6/19/2001,24.83
6/20/2001,25.01
6/21/2001,25.08
6/22/2001,25.2
6/25/2001,25.38
6/26/2001,25.45
6/27/2001,25.4
6/28/2001,25.63
6/29/2001,25.79
6/30/2001,26.12
7/2/2001,25.87
7/3/2001,25.75
7/4/2001,25.77
7/5/2001,25.83
7/6/2001,25.86
7/9/2001,25.74
7/10/2001,25.83
7/11/2001,25.9
7/12/2001,26.11
7/13/2001,26.08
7/16/2001,25.91
7/17/2001,26.07
7/18/2001,26.18
7/19/2001,26.21
7/20/2001,25.9
7/23/2001,25.8
7/24/2001,25.75
7/25/2001,25.62
7/26/2001,25.31
7/27/2001,25.09
7/30/2001,25.44
7/31/2001,25.75
8/1/2001,25.1
8/2/2001,24.79
8/3/2001,24.71
8/6/2001,24.75
8/7/2001,24.63
8/8/2001,24.54
8/9/2001,24.58
8/10/2001,24.56
8/13/2001,24.59
8/14/2001,24.59
8/15/2001,24.4
8/16/2001,24.36
8/17/2001,24.45
8/20/2001,24.63
8/21/2001,24.71
8/22/2001,24.81
8/23/2001,24.89
8/24/2001,24.97
8/27/2001,24.97
8/28/2001,24.94
8/29/2001,25.01
8/30/2001,25
8/31/2001,24.98
9/3/2001,24.91
9/4/2001,24.82
9/5/2001,24.93
9/6/2001,25.15
9/7/2001,25.28
9/10/2001,25.3
9/14/2001,26.81
9/17/2001,26.87
9/18/2001,26.86
9/19/2001,26.88
9/20/2001,27.16
9/21/2001,27.59
9/24/2001,27.31
9/25/2001,27.65
9/26/2001,27.75
9/27/2001,27.88
9/28/2001,28.53
9/30/2001,28.4
10/1/2001,28.26
10/2/2001,28.27
10/3/2001,28.07
10/4/2001,27.93
10/5/2001,28.3
10/8/2001,28.33
10/9/2001,28.26
10/10/2001,28.21
10/11/2001,28.11
10/12/2001,28.05
10/15/2001,27.69
10/16/2001,27.67
10/17/2001,27.46
10/18/2001,27.51
10/19/2001,27.54
10/22/2001,27.61
10/23/2001,27.45
10/24/2001,27.55
10/25/2001,27.52
10/26/2001,27.43
10/29/2001,27.41
10/30/2001,27.56
10/31/2001,27.11
11/1/2001,26.81
11/2/2001,26.74
11/5/2001,26.72
11/6/2001,26.75
11/7/2001,26.73
11/8/2001,26.72
11/9/2001,26.7
11/12/2001,26.74
11/13/2001,26.72
11/14/2001,26.49
11/15/2001,25.76
11/16/2001,25.53
11/19/2001,25.52
11/20/2001,25.43
11/21/2001,25.42
11/22/2001,25.44
11/23/2001,25.44
11/26/2001,25.61
11/27/2001,25.54
11/28/2001,25.49
11/29/2001,25.66
11/30/2001,26.9
12/3/2001,26.81
12/4/2001,26.77
12/5/2001,26.62
12/6/2001,26.78
12/7/2001,26.73
12/10/2001,26.92
12/11/2001,26.95
12/12/2001,26.82
12/13/2001,27.01
12/14/2001,27.19
12/17/2001,26.99
12/18/2001,27
12/19/2001,27.03
12/20/2001,26.99
12/21/2001,26.94
12/24/2001,27
12/26/2001,27.04
12/27/2001,27.06
12/28/2001,27.18
12/31/2001,27.21
1/2/2002,27.14
1/3/2002,26.84
1/4/2002,26.65
1/7/2002,26.61
1/8/2002,26.6
1/9/2002,26.54
1/10/2002,26.38
1/11/2002,26.36
1/14/2002,26.39
1/15/2002,26.72
1/16/2002,26.87
1/17/2002,26.99
1/18/2002,27.03
1/21/2002,27.08
1/22/2002,27.04
1/23/2002,27.01
1/24/2002,27.01
1/25/2002,26.98
1/28/2002,26.76
1/29/2002,26.9
1/30/2002,26.98
1/31/2002,25.94
2/1/2002,25.36
2/4/2002,25.47
2/5/2002,25.45
2/6/2002,25.54
2/7/2002,25.54
2/8/2002,25.54
2/11/2002,25.67
2/12/2002,25.71
2/13/2002,25.78
2/14/2002,25.82
2/15/2002,25.76
2/18/2002,25.8
2/19/2002,25.77
2/20/2002,25.86
2/21/2002,25.96
2/22/2002,26.1
2/25/2002,26.27
2/26/2002,26.41
2/27/2002,26.48
2/28/2002,26.25
3/1/2002,26.05
3/4/2002,25.99
3/5/2002,25.82
3/6/2002,25.68
3/7/2002,25.48
3/8/2002,25.38
3/11/2002,25.2
3/12/2002,25.2
3/13/2002,25.12
3/14/2002,25.06
3/15/2002,24.89
3/18/2002,24.92
3/19/2002,25.03
3/20/2002,25.04
3/21/2002,25.07
3/22/2002,25.05
3/25/2002,25.09
3/26/2002,24.85
3/27/2002,24.85
3/28/2002,24.73
3/31/2002,24.98
4/1/2002,24.53
4/2/2002,24.47
4/3/2002,24.5
4/4/2002,24.54
4/5/2002,24.5
4/8/2002,24.37
4/9/2002,24.3
4/10/2002,24.11
4/11/2002,24.12
4/12/2002,24.18
4/15/2002,24.09
4/16/2002,23.98
4/17/2002,23.79
4/18/2002,23.78
4/19/2002,23.69
4/22/2002,23.69
4/23/2002,23.68
4/24/2002,23.67
4/25/2002,23.62
4/26/2002,23.58
4/29/2002,23.55
4/30/2002,20.95
5/1/2002,20.86
5/2/2002,20.86
5/3/2002,20.88
5/6/2002,20.99
5/7/2002,21.05
5/8/2002,21.04
5/9/2002,21.01
5/10/2002,21.08
5/13/2002,21.27
5/14/2002,21.29
5/15/2002,21.64
5/16/2002,21.9
5/17/2002,21.82
5/20/2002,21.79
5/21/2002,21.77
5/22/2002,21.7
5/23/2002,21.74
5/24/2002,21.64
5/27/2002,21.67
5/28/2002,21.74
5/29/2002,21.84
5/30/2002,21.96
5/31/2002,20.53
6/3/2002,20.41
6/4/2002,20.51
6/5/2002,20.56
6/6/2002,20.59
6/7/2002,21.13
6/10/2002,21.4
6/11/2002,21.58
6/12/2002,21.72
6/13/2002,21.72
6/14/2002,21.8
6/17/2002,21.7
6/18/2002,21.67
6/19/2002,21.74
6/20/2002,21.78
6/21/2002,21.92
6/24/2002,22.06
6/25/2002,22.19
6/26/2002,22.62
6/27/2002,22.73
6/28/2002,22.89
6/30/2002,22.99
7/1/2002,23
7/2/2002,23.07
7/3/2002,23.13
7/4/2002,23.13
7/5/2002,23.26
7/8/2002,23.17
7/9/2002,23.13
7/10/2002,23.12
7/11/2002,23.17
7/12/2002,23.45
7/15/2002,23.07
7/16/2002,23.08
7/17/2002,23.04
7/18/2002,23.19
7/19/2002,23.17
7/22/2002,23.32
7/23/2002,23.5
7/24/2002,23.7
7/25/2002,23.79
7/26/2002,23.95
7/29/2002,24.05
7/30/2002,24.19
7/31/2002,24.45
8/1/2002,24.03
8/2/2002,24.11
8/5/2002,24.19
8/6/2002,24.21
8/7/2002,24.21
8/8/2002,24.41
8/9/2002,24.4
8/12/2002,24.58
8/13/2002,24.74
8/14/2002,24.97
8/15/2002,24.91
8/16/2002,25.08
8/19/2002,25.1
8/20/2002,25.1
8/21/2002,25.07
8/22/2002,25.12
8/23/2002,25.11
8/26/2002,25.14
8/27/2002,25.1
8/28/2002,25.11
8/29/2002,25.17
8/30/2002,25.22
8/31/2002,25.8
9/2/2002,25.68
9/3/2002,25.71
9/4/2002,25.69
9/5/2002,25.69
9/6/2002,25.68
9/9/2002,25.75
9/10/2002,25.79
9/11/2002,25.78
9/12/2002,25.76
9/13/2002,25.8
9/16/2002,25.47
9/17/2002,25.46
9/18/2002,25.55
9/19/2002,25.59
9/20/2002,25.74
9/23/2002,25.92
9/24/2002,26.09
9/25/2002,26.18
9/26/2002,26.2
9/27/2002,26.35
9/30/2002,25.93
10/1/2002,25.92
10/2/2002,25.94
10/3/2002,25.94
10/4/2002,26.12
10/7/2002,26.53
10/8/2002,26.78
10/9/2002,27.07
10/10/2002,27.16
10/11/2002,27.21
10/14/2002,27.26
10/15/2002,26.86
10/16/2002,27.01
10/17/2002,26.93
10/18/2002,26.82
10/21/2002,26.75
10/22/2002,26.82
10/23/2002,26.68
10/24/2002,26.68
10/25/2002,26.7
10/28/2002,26.39
10/29/2002,26.19
10/30/2002,26.15
10/31/2002,25.74
11/1/2002,25.56
11/4/2002,25.26
11/5/2002,25.18
11/6/2002,24.85
11/7/2002,24.7
11/8/2002,24.73
11/11/2002,24.77
11/12/2002,24.66
11/13/2002,24.58
11/14/2002,24.59
11/15/2002,24.32
11/18/2002,24.31
11/19/2002,24.24
11/20/2002,23.75
11/21/2002,23.47
11/22/2002,23.39
11/25/2002,23.35
11/26/2002,23.5
11/27/2002,23.35
11/28/2002,23.37
11/29/2002,23.49
11/30/2002,23.01
12/2/2002,22.58
12/3/2002,22.49
12/4/2002,22.59
12/5/2002,22.7
12/6/2002,22.83
12/9/2002,22.86
12/10/2002,22.83
12/11/2002,22.75
12/12/2002,22.75
12/13/2002,22.74
12/16/2002,22.5
12/17/2002,22.43
12/18/2002,22.23
12/19/2002,22.18
12/20/2002,22.07
12/23/2002,21.96
12/24/2002,21.91
12/26/2002,21.88
12/27/2002,21.89
12/30/2002,21.95
12/31/2002,22
1/2/2003,21.84
1/3/2003,21.62
1/6/2003,21.3
1/7/2003,20.76
1/8/2003,20.62
1/9/2003,20.45
1/10/2003,20.43
1/13/2003,20.38
1/14/2003,20.34
1/15/2003,20.25
1/16/2003,20.33
1/17/2003,20.43
1/20/2003,20.46
1/21/2003,20.42
1/22/2003,20.48
1/23/2003,20.3
1/24/2003,20.31
1/27/2003,20.53
1/28/2003,20.46
1/29/2003,20.5
1/30/2003,20.39
1/31/2003,20.76
2/3/2003,20.56
2/4/2003,20.58
2/5/2003,20.64
2/6/2003,20.73
2/7/2003,20.66
2/10/2003,20.72
2/11/2003,20.73
2/12/2003,20.83
2/13/2003,20.98
2/14/2003,21
2/17/2003,20.95
2/18/2003,20.9
2/19/2003,20.77
2/20/2003,20.68
2/21/2003,20.65
2/24/2003,20.56
2/25/2003,20.59
2/26/2003,20.5
2/27/2003,20.43
2/28/2003,20.9
3/3/2003,20.79
3/4/2003,20.74
3/5/2003,20.72
3/6/2003,20.73
3/7/2003,20.66
3/10/2003,20.71
3/11/2003,20.71
3/12/2003,20.72
3/13/2003,20.71
3/14/2003,20.61
3/17/2003,20.49
3/18/2003,20.35
3/19/2003,20.3
3/20/2003,20.34
3/21/2003,20.28
3/24/2003,20.26
3/25/2003,20.26
3/26/2003,20.17
3/27/2003,20.06
3/28/2003,19.97
3/31/2003,19.82
4/1/2003,19.29
4/2/2003,19.04
4/3/2003,18.78
4/4/2003,18.71
4/7/2003,18.52
4/8/2003,18.65
4/9/2003,18.72
4/10/2003,18.68
4/11/2003,18.56
4/14/2003,18.46
4/15/2003,18.12
4/16/2003,18.06
4/17/2003,18
4/21/2003,17.96
4/22/2003,17.83
4/23/2003,17.48
4/24/2003,17.4
4/25/2003,17.28
4/28/2003,17.24
4/29/2003,17.1
4/30/2003,16.68
5/1/2003,16.49
5/2/2003,16.35
5/5/2003,16.24
5/6/2003,16.24
5/7/2003,16.21
5/8/2003,16.4
5/9/2003,16.4
5/12/2003,16.31
5/13/2003,16.24
5/14/2003,16.22
5/15/2003,16.09
5/16/2003,16.06
5/19/2003,16.14
5/20/2003,16.17
5/21/2003,16.31
5/22/2003,16.25
5/23/2003,16.21
5/26/2003,16.23
5/27/2003,16.28
5/28/2003,16.26
5/29/2003,16.06
5/30/2003,15.96
5/31/2003,15.8
6/2/2003,15.51
6/3/2003,15.45
6/4/2003,15.36
6/5/2003,15.28
6/6/2003,15.25
6/9/2003,15.16
6/10/2003,15.14
6/11/2003,15.11
6/12/2003,15.01
6/13/2003,14.89
6/16/2003,14.77
6/17/2003,14.66
6/18/2003,14.59
6/19/2003,14.55
6/20/2003,14.53
6/23/2003,14.62
6/24/2003,14.69
6/25/2003,14.68
6/26/2003,14.77
6/27/2003,14.81
6/30/2003,14.88
7/1/2003,14.84
7/2/2003,14.84
7/3/2003,14.89
7/4/2003,14.9
7/7/2003,14.88
7/8/2003,14.77
7/9/2003,14.7
7/10/2003,14.62
7/11/2003,14.56
7/14/2003,14.5
7/15/2003,14.3
7/16/2003,14.32
7/17/2003,14.32
7/18/2003,14.43
7/21/2003,14.49
7/22/2003,14.53
7/23/2003,14.53
7/24/2003,14.57
7/25/2003,14.65
7/28/2003,14.72
7/29/2003,14.82
7/30/2003,15
7/31/2003,14.55
8/1/2003,14.59
8/4/2003,14.43
8/5/2003,14.47
8/6/2003,14.67
8/7/2003,14.76
8/8/2003,14.69
8/11/2003,14.7
8/12/2003,14.73
8/13/2003,14.7
8/14/2003,14.87
8/15/2003,14.85
8/18/2003,14.81
8/19/2003,14.61
8/20/2003,14.43
8/21/2003,14.26
8/22/2003,14.22
8/25/2003,14.25
8/26/2003,14.25
8/27/2003,14.14
8/28/2003,14.08
8/29/2003,14.02
8/31/2003,14.43
9/1/2003,14.39
9/2/2003,14.19
9/3/2003,14.15
9/4/2003,14.08
9/5/2003,14.06
9/8/2003,14.03
9/9/2003,13.89
9/10/2003,13.91
9/11/2003,13.9
9/12/2003,13.95
9/15/2003,13.89
9/16/2003,13.84
9/17/2003,13.79
9/18/2003,13.72
9/19/2003,13.65
9/22/2003,13.66
9/23/2003,13.7
9/24/2003,13.66
9/25/2003,13.68
9/26/2003,13.7
9/29/2003,13.7
9/30/2003,13.4
10/1/2003,13.33
10/2/2003,13.26
10/3/2003,13.24
10/6/2003,13.25
10/7/2003,13.15
10/8/2003,13.09
10/9/2003,13.05
10/10/2003,12.98
10/13/2003,12.99
10/14/2003,12.88
10/15/2003,12.74
10/16/2003,12.71
10/17/2003,12.72
10/20/2003,12.7
10/21/2003,12.67
10/22/2003,12.76
10/23/2003,12.78
10/24/2003,12.78
10/27/2003,12.76
10/28/2003,12.74
10/29/2003,12.69
10/30/2003,12.66
10/31/2003,13
11/3/2003,12.92
11/4/2003,12.89
11/5/2003,12.92
11/6/2003,12.87
11/7/2003,12.86
11/10/2003,12.8
11/11/2003,12.8
11/12/2003,12.84
11/13/2003,12.92
11/14/2003,12.91
11/17/2003,12.87
11/18/2003,12.81
11/19/2003,12.73
11/20/2003,12.79
11/21/2003,12.78
11/24/2003,12.72
11/25/2003,12.66
11/26/2003,12.64
11/27/2003,12.65
11/28/2003,12.62
11/30/2003,12.75
12/1/2003,12.63
12/2/2003,12.55
12/3/2003,12.44
12/4/2003,12.44
12/5/2003,12.35
12/8/2003,12.29
12/9/2003,12.28
12/10/2003,12.27
12/11/2003,12.27
12/12/2003,12.27
12/15/2003,12.22
12/16/2003,12.22
12/17/2003,12.24
12/18/2003,12.21
12/19/2003,12.2
12/22/2003,12.16
12/23/2003,12.15
12/24/2003,12.15
12/26/2003,12.15
12/29/2003,12.15
12/30/2003,12.1
12/31/2003,11.64
1/2/2004,11.63
1/5/2004,11.35
1/6/2004,11.13
1/7/2004,11
1/8/2004,10.9
1/9/2004,10.89
1/12/2004,10.86
1/13/2004,10.85
1/14/2004,10.82
1/15/2004,10.71
1/16/2004,10.69
1/19/2004,10.7
1/20/2004,10.67
1/21/2004,10.57
1/22/2004,10.5
1/23/2004,10.47
1/26/2004,10.55
1/27/2004,10.66
1/28/2004,10.76
1/29/2004,10.97
1/30/2004,10.98
1/31/2004,11.04
2/2/2004,11.08
2/3/2004,11.18
2/4/2004,11.25
2/5/2004,11.43
2/6/2004,11.5
2/9/2004,11.34
2/10/2004,11.39
2/11/2004,11.34
2/12/2004,11.08
2/13/2004,11.12
2/16/2004,11.09
2/17/2004,11.07
2/18/2004,11.16
2/19/2004,11.23
2/20/2004,11.33
2/23/2004,11.47
2/24/2004,11.61
2/25/2004,11.52
2/26/2004,11.54
2/27/2004,11.46
2/29/2004,11.44
3/1/2004,11.39
3/2/2004,11.36
3/3/2004,11.35
3/4/2004,11.4
3/5/2004,11.33
3/8/2004,11.26
3/9/2004,11.28
3/10/2004,11.34
3/11/2004,11.43
3/12/2004,11.45
3/15/2004,11.58
3/16/2004,11.71
3/17/2004,11.65
3/18/2004,11.69
3/19/2004,11.69
3/22/2004,11.79
3/23/2004,11.84
3/24/2004,11.87
3/25/2004,11.83
3/26/2004,11.75
3/29/2004,11.66
3/30/2004,11.71
3/31/2004,11.64
4/1/2004,11.54
4/2/2004,11.53
4/5/2004,11.55
4/6/2004,11.49
4/7/2004,11.43
4/8/2004,11.4
4/12/2004,11.36
4/13/2004,11.38
4/14/2004,11.48
4/15/2004,11.44
4/16/2004,11.53
4/19/2004,11.41
4/20/2004,11.38
4/21/2004,11.45
4/22/2004,11.37
4/23/2004,11.44
4/26/2004,11.36
4/27/2004,11.33
4/28/2004,11.4
4/29/2004,11.49
4/30/2004,11.77
5/3/2004,11.83
5/4/2004,11.96
5/5/2004,11.93
5/6/2004,12.08
5/7/2004,12.2
5/10/2004,12.54
5/11/2004,12.56
5/12/2004,12.69
5/13/2004,12.84
5/14/2004,12.9
5/17/2004,12.94
5/18/2004,12.85
5/19/2004,12.68
5/20/2004,12.73
5/21/2004,12.62
5/24/2004,12.49
5/25/2004,12.45
5/26/2004,12.33
5/27/2004,12.31
5/28/2004,12.33
5/31/2004,12.34
6/1/2004,12.33
6/2/2004,12.33
6/3/2004,12.33
6/4/2004,12.25
6/7/2004,12.2
6/8/2004,12.13
6/9/2004,12.06
6/10/2004,12.06
6/11/2004,12.06
6/14/2004,12.1
6/15/2004,12.02
6/16/2004,11.9
6/17/2004,11.88
6/18/2004,11.82
6/21/2004,11.77
6/22/2004,11.74
6/23/2004,11.73
6/24/2004,11.72
6/25/2004,11.7
6/28/2004,11.7
6/29/2004,11.81
6/30/2004,11.96
7/1/2004,11.93
7/2/2004,11.9
7/5/2004,11.89
7/6/2004,11.94
7/7/2004,11.92
7/8/2004,11.89
7/9/2004,11.84
7/12/2004,11.81
7/13/2004,11.79
7/14/2004,11.76
7/15/2004,11.7
7/16/2004,11.67
7/19/2004,11.66
7/20/2004,11.64
7/21/2004,11.65
7/22/2004,11.74
7/23/2004,11.78
7/26/2004,11.9
7/27/2004,11.99
7/28/2004,11.99
7/29/2004,11.97
7/30/2004,11.93
7/31/2004,12.04
8/2/2004,12.03
8/3/2004,12.03
8/4/2004,12.1
8/5/2004,12.06
8/6/2004,12.04
8/9/2004,12.07
8/10/2004,12.18
8/11/2004,12.15
8/12/2004,12.22
8/13/2004,12.2
8/16/2004,12.17
8/17/2004,12.1
8/18/2004,12.01
8/19/2004,11.98
8/20/2004,11.95
8/23/2004,11.91
8/24/2004,11.89
8/25/2004,11.82
8/26/2004,11.76
8/27/2004,11.73
8/30/2004,11.72
8/31/2004,11.86
9/1/2004,11.82
9/2/2004,11.78
9/3/2004,11.78
9/6/2004,11.79
9/7/2004,11.75
9/8/2004,11.67
9/9/2004,11.63
9/10/2004,11.58
9/13/2004,11.57
9/14/2004,11.49
9/15/2004,11.5
9/16/2004,11.48
9/17/2004,11.47
9/20/2004,11.51
9/21/2004,11.47
9/22/2004,11.48
9/23/2004,11.43
9/24/2004,11.47
9/27/2004,11.54
9/28/2004,11.56
9/29/2004,11.54
9/30/2004,11.78
10/1/2004,11.73
10/4/2004,11.7
10/5/2004,11.68
10/6/2004,11.64
10/7/2004,11.59
10/8/2004,11.54
10/11/2004,11.53
10/12/2004,11.56
10/13/2004,11.57
10/14/2004,11.51
10/15/2004,11.48
10/18/2004,11.57
10/19/2004,11.57
10/20/2004,11.59
10/21/2004,11.52
10/22/2004,11.51
10/25/2004,11.46
10/26/2004,11.35
10/27/2004,11.38
10/28/2004,11.23
10/29/2004,11.1
10/31/2004,11.27
11/1/2004,11.18
11/2/2004,11.12
11/3/2004,11.02
11/4/2004,10.94
11/5/2004,10.87
11/8/2004,10.87
11/9/2004,10.9
11/10/2004,10.93
11/11/2004,10.93
11/12/2004,10.85
11/15/2004,10.77
11/16/2004,10.69
11/17/2004,10.68
11/18/2004,10.61
11/19/2004,10.6
11/22/2004,10.63
11/23/2004,10.61
11/24/2004,10.58
11/25/2004,10.59
11/26/2004,10.56
11/29/2004,10.55
11/30/2004,10.62
12/1/2004,10.55
12/2/2004,10.52
12/3/2004,10.48
12/6/2004,10.48
12/7/2004,10.41
12/8/2004,10.36
12/9/2004,10.28
12/10/2004,10.25
12/13/2004,10.21
12/14/2004,10.17
12/15/2004,10.08
12/16/2004,10.03
12/17/2004,10.07
12/20/2004,10.06
12/21/2004,10.02
12/22/2004,10.01
12/23/2004,10.01
12/27/2004,10
12/28/2004,9.95
12/29/2004,9.96
12/30/2004,9.94
12/31/2004,10.12
1/3/2005,10.07
1/4/2005,10.06
1/5/2005,10.14
1/6/2005,10.18
1/7/2005,10.18
1/10/2005,10.26
1/11/2005,10.39
1/12/2005,10.37
1/13/2005,10.39
1/14/2005,10.4
1/17/2005,10.36
1/18/2005,10.42
1/19/2005,10.44
1/20/2005,10.56
1/21/2005,10.59
1/24/2005,10.61
1/25/2005,10.54
1/26/2005,10.53
1/27/2005,10.46
1/28/2005,10.47
1/31/2005,10.63
2/1/2005,10.54
2/2/2005,10.44
2/3/2005,10.36
2/4/2005,10.32
2/7/2005,10.28
2/8/2005,10.29
2/9/2005,10.35
2/10/2005,10.43
2/11/2005,10.44
2/14/2005,10.38
2/15/2005,10.34
2/16/2005,10.31
2/17/2005,10.29
2/18/2005,10.3
2/21/2005,10.3
2/22/2005,10.29
2/23/2005,10.28
2/24/2005,10.24
2/25/2005,10.2
2/28/2005,10.31
3/1/2005,10.3
3/2/2005,10.35
3/3/2005,10.35
3/4/2005,10.31
3/7/2005,10.27
3/8/2005,10.25
3/9/2005,10.31
3/10/2005,10.33
3/11/2005,10.35
3/14/2005,10.41
3/15/2005,10.44
3/16/2005,10.59
3/17/2005,10.67
3/18/2005,10.67
3/21/2005,10.82
3/22/2005,10.94
3/23/2005,11.11
3/24/2005,11.02
3/28/2005,11.06
3/29/2005,11.12
3/30/2005,11.25
3/31/2005,11.57
4/1/2005,11.52
4/4/2005,11.6
4/5/2005,11.55
4/6/2005,11.44
4/7/2005,11.37
4/8/2005,11.39
4/11/2005,11.43
4/12/2005,11.55
4/13/2005,11.55
4/14/2005,11.73
4/15/2005,11.91
4/18/2005,12.03
4/19/2005,11.98
4/20/2005,11.94
4/21/2005,11.95
4/22/2005,12.03
4/25/2005,12.15
4/26/2005,12.27
4/27/2005,12.51
4/28/2005,12.73
4/29/2005,12.74
4/30/2005,12.79
5/2/2005,12.65
5/3/2005,12.59
5/4/2005,12.55
5/5/2005,12.56
5/6/2005,12.65
5/9/2005,12.6
5/10/2005,12.69
5/11/2005,12.88
5/12/2005,12.99
5/13/2005,13.15
5/16/2005,13.37
5/17/2005,13.48
5/18/2005,13.29
5/19/2005,13.19
5/20/2005,13.1
5/23/2005,13.01
5/24/2005,12.99
5/25/2005,12.78
5/26/2005,12.66
5/27/2005,12.58
5/30/2005,12.59
5/31/2005,12.22
6/1/2005,12.12
6/2/2005,11.92
6/3/2005,11.87
6/6/2005,12
6/7/2005,11.99
6/8/2005,12.02
6/9/2005,12.1
6/10/2005,12.03
6/13/2005,12.03
6/14/2005,11.96
6/15/2005,11.83
6/16/2005,11.83
6/17/2005,11.83
6/20/2005,11.8
6/21/2005,11.79
6/22/2005,11.75
6/23/2005,11.76
6/24/2005,11.79
6/27/2005,11.82
6/28/2005,11.77
6/29/2005,11.72
6/30/2005,12.17
7/1/2005,12.15
7/4/2005,12.15
7/5/2005,12.2
7/6/2005,12.17
7/7/2005,12.19
7/8/2005,12.1
7/11/2005,11.99
7/12/2005,11.98
7/13/2005,11.95
7/14/2005,11.87
7/15/2005,11.79
7/18/2005,11.8
7/19/2005,11.8
7/20/2005,11.79
7/21/2005,11.79
7/22/2005,11.78
7/25/2005,11.73
7/26/2005,11.71
7/27/2005,11.66
7/28/2005,11.62
7/29/2005,11.55
7/31/2005,11.74
8/1/2005,11.73
8/2/2005,11.73
8/3/2005,11.75
8/4/2005,11.78
8/5/2005,11.84
8/8/2005,11.9
8/9/2005,11.94
8/10/2005,11.93
8/11/2005,11.99
8/12/2005,11.99
8/15/2005,11.96
8/16/2005,11.91
8/17/2005,11.9
8/18/2005,11.87
8/19/2005,11.86
8/22/2005,11.88
8/23/2005,11.84
8/24/2005,11.72
8/25/2005,11.69
8/26/2005,11.68
8/29/2005,11.7
8/30/2005,11.73
8/31/2005,11.72
9/1/2005,11.77
9/2/2005,11.8
9/5/2005,11.8
9/6/2005,11.8
9/7/2005,11.82
9/8/2005,11.8
9/9/2005,11.82
9/12/2005,11.76
9/13/2005,11.75
9/14/2005,11.76
9/15/2005,11.71
9/16/2005,11.77
9/19/2005,11.83
9/20/2005,11.99
9/21/2005,12.11
9/22/2005,12.25
9/23/2005,12.2
9/26/2005,12.17
9/27/2005,12.23
9/28/2005,12.23
9/29/2005,12.22
9/30/2005,11.63
10/3/2005,11.58
10/4/2005,11.56
10/5/2005,11.63
10/6/2005,11.66
10/7/2005,11.74
10/10/2005,11.74
10/11/2005,11.9
10/12/2005,12.07
10/13/2005,12.15
10/14/2005,12.11
10/17/2005,11.96
10/18/2005,11.94
10/19/2005,12.02
10/20/2005,12
10/21/2005,11.96
10/24/2005,11.96
10/25/2005,11.92
10/26/2005,12.05
10/27/2005,12.11
10/28/2005,12.16
10/31/2005,12.14
11/1/2005,12.05
11/2/2005,12.04
11/3/2005,12.01
11/4/2005,12.08
11/7/2005,12.06
11/8/2005,12.03
11/9/2005,12.05
11/10/2005,12.04
11/11/2005,12.03
11/14/2005,12.11
11/15/2005,12.1
11/16/2005,12.13
11/17/2005,12.18
11/18/2005,12.08
11/21/2005,12.05
11/22/2005,12.05
11/23/2005,12.04
11/24/2005,12.03
11/25/2005,12.04
11/28/2005,11.99
11/29/2005,12.03
11/30/2005,12.18
12/1/2005,12.12
12/2/2005,12.13
12/5/2005,12.12
12/6/2005,12.12
12/7/2005,12.12
12/8/2005,12.14
12/9/2005,12.12
12/12/2005,12.16
12/13/2005,12.15
12/14/2005,12.17
12/15/2005,12.14
12/16/2005,12.14
12/19/2005,12.17
12/20/2005,12.14
12/21/2005,12.1
12/22/2005,12.08
12/23/2005,12.08
12/27/2005,12.09
12/28/2005,12.06
12/29/2005,12.04
12/30/2005,12
12/31/2005,11.5
1/3/2006,11.48
1/4/2006,11.42
1/5/2006,11.34
1/6/2006,11.28
1/9/2006,11.26
1/10/2006,11.29
1/11/2006,11.31
1/12/2006,11.37
1/13/2006,11.37
1/16/2006,11.35
1/17/2006,11.37
1/18/2006,11.39
1/19/2006,11.34
1/20/2006,11.34
1/23/2006,11.35
1/24/2006,11.33
1/25/2006,11.33
1/26/2006,11.32
1/27/2006,11.3
1/30/2006,11.28
1/31/2006,11.42
2/1/2006,11.35
2/2/2006,11.34
2/3/2006,11.36
2/6/2006,11.37
2/7/2006,11.35
2/8/2006,11.36
2/9/2006,11.33
2/10/2006,11.31
2/13/2006,11.32
2/14/2006,11.32
2/15/2006,11.3
2/16/2006,11.24
2/17/2006,11.21
2/20/2006,11.22
2/21/2006,11.18
2/22/2006,11.15
2/23/2006,11.14
2/24/2006,11.12
2/27/2006,11.14
2/28/2006,11.14
3/1/2006,11.14
3/2/2006,11.19
3/3/2006,11.17
3/6/2006,11.21
3/7/2006,11.3
3/8/2006,11.34
3/9/2006,11.37
3/10/2006,11.36
3/13/2006,11.36
3/14/2006,11.35
3/15/2006,11.27
3/16/2006,11.22
3/17/2006,11.19
3/20/2006,11.17
3/21/2006,11.11
3/22/2006,11.07
3/23/2006,11.06
3/24/2006,11.03
3/27/2006,11.01
3/28/2006,10.98
3/29/2006,11.03
3/30/2006,11.06
3/31/2006,11.03
4/3/2006,10.92
4/4/2006,10.93
4/5/2006,10.89
4/6/2006,10.9
4/7/2006,10.89
4/10/2006,10.91
4/11/2006,10.88
4/12/2006,10.87
4/13/2006,10.9
4/17/2006,10.9
4/18/2006,10.86
4/19/2006,10.84
4/20/2006,10.79
4/21/2006,10.76
4/24/2006,10.74
4/25/2006,10.68
4/26/2006,10.64
4/27/2006,10.61
4/28/2006,10.56
4/30/2006,10.71
5/1/2006,10.66
5/2/2006,10.62
5/3/2006,10.59
5/4/2006,10.57
5/5/2006,10.54
5/8/2006,10.51
5/9/2006,10.49
5/10/2006,10.44
5/11/2006,10.43
5/12/2006,10.47
5/15/2006,10.49
5/16/2006,10.54
5/17/2006,10.65
5/18/2006,10.64
5/19/2006,10.6
5/22/2006,10.7
5/23/2006,10.69
5/24/2006,10.74
5/25/2006,10.71
5/26/2006,10.7
5/29/2006,10.7
5/30/2006,10.73
5/31/2006,10.77
6/1/2006,10.74
6/2/2006,10.72
6/5/2006,10.72
6/6/2006,10.79
6/7/2006,10.78
6/8/2006,10.83
6/9/2006,10.81
6/12/2006,10.84
6/13/2006,10.94
6/14/2006,11.08
6/15/2006,11.08
6/16/2006,11.05
6/19/2006,11.05
6/20/2006,11.12
6/21/2006,11.19
6/22/2006,11.2
6/23/2006,11.22
6/26/2006,11.25
6/27/2006,11.24
6/28/2006,11.26
6/29/2006,11.17
6/30/2006,11.52
7/3/2006,11.51
7/4/2006,11.51
7/5/2006,11.53
7/6/2006,11.52
7/7/2006,11.46
7/10/2006,11.43
7/11/2006,11.44
7/12/2006,11.43
7/13/2006,11.5
7/14/2006,11.53
7/17/2006,11.52
7/18/2006,11.52
7/19/2006,11.5
7/20/2006,11.47
7/21/2006,11.47
7/24/2006,11.49
7/25/2006,11.44
7/26/2006,11.37
7/27/2006,11.35
7/28/2006,11.36
7/31/2006,11.44
8/1/2006,11.43
8/2/2006,11.4
8/3/2006,11.39
8/4/2006,11.34
8/7/2006,11.37
8/8/2006,11.34
8/9/2006,11.37
8/10/2006,11.42
8/11/2006,11.46
8/14/2006,11.43
8/15/2006,11.41
8/16/2006,11.38
8/17/2006,11.34
8/18/2006,11.34
8/21/2006,11.34
8/22/2006,11.36
8/23/2006,11.36
8/24/2006,11.39
8/25/2006,11.4
8/28/2006,11.41
8/29/2006,11.4
8/30/2006,11.38
8/31/2006,11.36
9/1/2006,11.33
9/4/2006,11.34
9/5/2006,11.3
9/6/2006,11.31
9/7/2006,11.31
9/8/2006,11.28
9/11/2006,11.27
9/12/2006,11.26
9/13/2006,11.2
9/14/2006,11.19
9/15/2006,11.15
9/18/2006,11.17
9/19/2006,11.19
9/20/2006,11.18
9/21/2006,11.19
9/22/2006,11.22
9/25/2006,11.24
9/26/2006,11.23
9/27/2006,11.17
9/28/2006,11.17
9/29/2006,11.15
9/30/2006,11.23
10/2/2006,11.18
10/3/2006,11.15
10/4/2006,11.08
10/5/2006,11.05
10/6/2006,11.03
10/9/2006,11.04
10/10/2006,11.03
10/11/2006,11.01
10/12/2006,10.96
10/13/2006,10.97
10/16/2006,10.84
10/17/2006,10.88
10/18/2006,10.84
10/19/2006,10.85
10/20/2006,10.86
10/23/2006,10.85
10/24/2006,10.88
10/25/2006,10.87
10/26/2006,10.83
10/27/2006,10.78
10/30/2006,10.77
10/31/2006,10.7
11/1/2006,10.65
11/2/2006,10.63
11/3/2006,10.59
11/6/2006,10.6
11/7/2006,10.55
11/8/2006,10.55
11/9/2006,10.49
11/10/2006,10.5
11/13/2006,10.49
11/14/2006,10.45
11/15/2006,10.4
11/16/2006,10.39
11/17/2006,10.4
11/20/2006,10.41
11/21/2006,10.46
11/22/2006,10.48
11/23/2006,10.47
11/24/2006,10.48
11/27/2006,10.49
11/28/2006,10.55
11/29/2006,10.44
11/30/2006,10.29
12/1/2006,10.24
12/4/2006,10.22
12/5/2006,10.15
12/6/2006,10.07
12/7/2006,10
12/8/2006,10.03
12/11/2006,10.01
12/12/2006,10.05
12/13/2006,10.04
12/14/2006,10.07
12/15/2006,10.03
12/18/2006,10.03
12/19/2006,10
12/20/2006,9.97
12/21/2006,9.97
12/22/2006,9.96
12/26/2006,9.95
12/27/2006,9.94
12/28/2006,9.94
12/29/2006,9.94
12/31/2006,10
1/2/2007,9.98
1/3/2007,9.95
1/4/2007,9.93
1/5/2007,9.91
1/8/2007,9.89
1/9/2007,9.83
1/10/2007,9.81
1/11/2007,9.78
1/12/2007,9.77
1/15/2007,9.75
1/16/2007,9.71
1/17/2007,9.64
1/18/2007,9.62
1/19/2007,9.62
1/22/2007,9.57
1/23/2007,9.53
1/24/2007,9.5
1/25/2007,9.47
1/26/2007,9.53
1/29/2007,9.54
1/30/2007,9.6
1/31/2007,9.62
2/1/2007,9.54
2/2/2007,9.53
2/5/2007,9.49
2/6/2007,9.44
2/7/2007,9.37
2/8/2007,9.38
2/9/2007,9.32
2/12/2007,9.34
2/13/2007,9.33
2/14/2007,9.3
2/15/2007,9.22
2/16/2007,9.17
2/19/2007,9.17
2/20/2007,9.14
2/21/2007,9.1
2/22/2007,9.06
2/23/2007,9.09
2/26/2007,9.08
2/27/2007,9.24
2/28/2007,9.33
3/1/2007,9.4
3/2/2007,9.5
3/5/2007,9.57
3/6/2007,9.49
3/7/2007,9.39
3/8/2007,9.3
3/9/2007,9.3
3/12/2007,9.31
3/13/2007,9.44
3/14/2007,9.49
3/15/2007,9.42
3/16/2007,9.42
3/19/2007,9.4
3/20/2007,9.42
3/21/2007,9.39
3/22/2007,9.35
3/23/2007,9.37
3/26/2007,9.38
3/27/2007,9.4
3/28/2007,9.43
3/29/2007,9.42
3/30/2007,9.4
3/31/2007,9.49
4/2/2007,9.47
4/3/2007,9.48
4/4/2007,9.5
4/5/2007,9.49
4/9/2007,9.48
4/10/2007,9.47
4/11/2007,9.45
4/12/2007,9.44
4/13/2007,9.39
4/16/2007,9.33
4/17/2007,9.3
4/18/2007,9.27
4/19/2007,9.25
4/20/2007,9.2
4/23/2007,9.19
4/24/2007,9.18
4/25/2007,9.16
4/26/2007,9.15
4/27/2007,9.18
4/30/2007,9.23
5/1/2007,9.26
5/2/2007,9.23
5/3/2007,9.18
5/4/2007,9.17
5/7/2007,9.16
5/8/2007,9.15
5/9/2007,9.12
5/10/2007,9.11
5/11/2007,9.11
5/14/2007,9.1
5/15/2007,9.09
5/16/2007,9.11
5/17/2007,9.1
5/18/2007,9.09
5/21/2007,9.09
5/22/2007,9.05
5/23/2007,9.05
5/24/2007,9.06
5/25/2007,9.07
5/29/2007,9.06
5/30/2007,9.07
5/31/2007,9.13
6/1/2007,9.11
6/4/2007,9.12
6/5/2007,9.12
6/6/2007,9.19
6/7/2007,9.31
6/8/2007,9.35
6/11/2007,9.34
6/12/2007,9.43
6/13/2007,9.42
6/14/2007,9.39
6/15/2007,9.34
6/18/2007,9.31
6/19/2007,9.37
6/20/2007,9.41
6/21/2007,9.52
6/22/2007,9.54
6/25/2007,9.61
6/26/2007,9.63
6/27/2007,9.71
6/28/2007,9.73
6/29/2007,9.68
6/30/2007,9.79
7/2/2007,9.82
7/3/2007,9.84
7/4/2007,9.84
7/5/2007,9.85
7/6/2007,9.87
7/9/2007,9.87
7/10/2007,10.01
7/11/2007,10.14
7/12/2007,10.07
7/13/2007,10.01
7/16/2007,9.96
7/17/2007,9.97
7/18/2007,10.12
7/19/2007,10.12
7/20/2007,10.24
7/23/2007,10.39
7/24/2007,10.62
7/25/2007,10.71
7/26/2007,11.16
7/27/2007,11.43
7/30/2007,11.4
7/31/2007,11.33
8/1/2007,11.48
8/2/2007,11.34
8/3/2007,11.4
8/6/2007,11.53
8/7/2007,11.44
8/8/2007,11.18
8/9/2007,11.25
8/10/2007,11.39
8/13/2007,11.29
8/14/2007,11.36
8/15/2007,11.44
8/16/2007,11.68
8/17/2007,11.62
8/20/2007,11.58
8/21/2007,11.57
8/22/2007,11.48
8/23/2007,11.41
8/24/2007,11.4
8/27/2007,11.39
8/28/2007,11.45
8/29/2007,11.46
8/30/2007,11.46
8/31/2007,11.54
9/3/2007,11.53
9/4/2007,11.48
9/5/2007,11.47
9/6/2007,11.44
9/7/2007,11.53
9/10/2007,11.56
9/11/2007,11.57
9/12/2007,11.58
9/13/2007,11.55
9/14/2007,11.53
9/17/2007,11.46
9/18/2007,11.34
9/19/2007,11.11
9/20/2007,11.17
9/21/2007,11.09
9/24/2007,11.01
9/25/2007,11.07
9/26/2007,11.02
9/27/2007,11.01
9/28/2007,11.02
9/30/2007,11.07
10/1/2007,11.09
10/2/2007,11.05
10/3/2007,11.02
10/4/2007,10.96
10/5/2007,10.91
10/8/2007,10.91
10/9/2007,10.83
10/10/2007,10.76
10/11/2007,10.71
10/12/2007,10.68
10/15/2007,10.63
10/16/2007,10.72
10/17/2007,10.78
10/18/2007,10.91
10/19/2007,10.99
10/22/2007,11.05
10/23/2007,10.98
10/24/2007,11.02
10/25/2007,11.04
10/26/2007,11.04
10/29/2007,11.05
10/30/2007,11.07
10/31/2007,10.98
11/1/2007,11.07
11/2/2007,11.12
11/5/2007,11.2
11/6/2007,11.18
11/7/2007,11.28
11/8/2007,11.43
11/9/2007,11.55
11/12/2007,11.55
11/13/2007,11.67
11/14/2007,11.6
11/15/2007,11.69
11/16/2007,11.84
11/19/2007,12.04
11/20/2007,12.16
11/21/2007,12.31
11/22/2007,12.31
11/23/2007,12.32
11/26/2007,12.27
11/27/2007,12.36
11/28/2007,12.22
11/29/2007,12.14
11/30/2007,12.37
12/3/2007,12.36
12/4/2007,12.43
12/5/2007,12.43
12/6/2007,12.43
12/7/2007,12.39
12/10/2007,12.34
12/11/2007,12.28
12/12/2007,12.35
12/13/2007,12.44
12/14/2007,12.48
12/17/2007,12.46
12/18/2007,12.48
12/19/2007,12.5
12/20/2007,12.52
12/21/2007,12.54
12/24/2007,12.56
12/26/2007,12.56
12/27/2007,12.55
12/28/2007,12.56
12/31/2007,12.63
1/2/2008,12.68
1/3/2008,12.79
1/4/2008,12.97
1/7/2008,13.11
1/8/2008,13.42
1/9/2008,13.77
1/10/2008,13.71
1/11/2008,13.68
1/14/2008,13.63
1/15/2008,13.71
1/16/2008,13.85
1/17/2008,13.99
1/18/2008,14.08
1/21/2008,14.08
1/22/2008,14.35
1/23/2008,14.45
1/24/2008,14.22
1/25/2008,14.02
1/28/2008,14.08
1/29/2008,13.94
1/30/2008,13.95
1/31/2008,14.07
2/1/2008,14
2/4/2008,14
2/5/2008,14.11
2/6/2008,14.19
2/7/2008,14.34
2/8/2008,14.48
2/11/2008,14.69
2/12/2008,14.76
2/13/2008,14.71
2/14/2008,14.66
2/15/2008,14.69
2/18/2008,14.7
2/19/2008,14.72
2/20/2008,14.83
2/21/2008,14.8
2/22/2008,14.84
2/25/2008,14.77
2/26/2008,14.63
2/27/2008,14.55
2/28/2008,14.6
2/29/2008,14.48
3/3/2008,14.56
3/4/2008,14.6
3/5/2008,14.61
3/6/2008,14.68
3/7/2008,14.77
3/10/2008,14.83
3/11/2008,14.84
3/12/2008,14.88
3/13/2008,15.06
3/14/2008,15.02
3/17/2008,15.19
3/18/2008,15.06
3/19/2008,14.97
3/20/2008,15.04
3/24/2008,14.88
3/25/2008,14.77
3/26/2008,14.75
3/27/2008,14.72
3/28/2008,14.72
3/31/2008,15.35
4/1/2008,15.28
4/2/2008,15.16
4/3/2008,15.11
4/4/2008,15.01
4/7/2008,14.81
4/8/2008,14.87
4/9/2008,14.91
4/10/2008,14.97
4/11/2008,14.99
4/14/2008,14.97
4/15/2008,14.91
4/16/2008,14.83
4/17/2008,14.79
4/18/2008,14.56
4/21/2008,14.55
4/22/2008,14.52
4/23/2008,14.48
4/24/2008,14.43
4/25/2008,14.33
4/28/2008,14.28
4/29/2008,14.21
4/30/2008,14.09
5/1/2008,13.96
5/2/2008,13.8
5/5/2008,13.8
5/6/2008,13.88
5/7/2008,13.88
5/8/2008,13.94
5/9/2008,14
5/12/2008,14.02
5/13/2008,14.02
5/14/2008,13.88
5/15/2008,13.79
5/16/2008,13.73
5/19/2008,13.67
5/20/2008,13.67
5/21/2008,13.7
5/22/2008,13.8
5/23/2008,13.84
5/26/2008,13.85
5/27/2008,13.89
5/28/2008,13.91
5/29/2008,13.89
5/30/2008,13.88
5/31/2008,14.68
6/2/2008,14.75
6/3/2008,14.78
6/4/2008,14.73
6/5/2008,14.56
6/6/2008,14.52
6/9/2008,14.55
6/10/2008,14.6
6/11/2008,14.63
6/12/2008,14.69
6/13/2008,14.67
6/16/2008,14.6
6/17/2008,14.57
6/18/2008,14.64
6/19/2008,14.72
6/20/2008,14.82
6/23/2008,14.95
6/24/2008,15.16
6/25/2008,15.25
6/26/2008,15.49
6/27/2008,15.63
6/30/2008,15.09
7/1/2008,15.26
7/2/2008,15.29
7/3/2008,15.34
7/4/2008,15.35
7/7/2008,15.42
7/8/2008,15.52
7/9/2008,15.45
7/10/2008,15.58
7/11/2008,15.75
7/14/2008,15.72
7/15/2008,15.97
7/16/2008,15.98
7/17/2008,15.88
7/18/2008,15.76
7/21/2008,15.7
7/22/2008,15.76
7/23/2008,15.65
7/24/2008,15.69
7/25/2008,15.8
7/28/2008,15.91
7/29/2008,15.92
7/30/2008,15.89
7/31/2008,15.96
8/1/2008,16.02
8/4/2008,16.09
8/5/2008,16.1
8/6/2008,16.07
8/7/2008,16.06
8/8/2008,16.12
8/11/2008,16.1
8/12/2008,16.06
8/13/2008,16.04
8/14/2008,16.02
8/15/2008,16.03
8/18/2008,16.05
8/19/2008,16.15
8/20/2008,16.2
8/21/2008,16.25
8/22/2008,16.25
8/25/2008,16.28
8/26/2008,16.3
8/27/2008,16.33
8/28/2008,16.33
8/29/2008,16.32
8/31/2008,16.82
9/1/2008,16.82
9/2/2008,16.81
9/3/2008,16.84
9/4/2008,16.89
9/5/2008,16.94
9/8/2008,16.83
9/9/2008,16.88
9/10/2008,16.93
9/11/2008,16.96
9/12/2008,16.93
9/15/2008,17.27
9/16/2008,17.77
9/17/2008,18.11
9/18/2008,18.19
9/19/2008,17.7
9/22/2008,17.79
9/23/2008,18.05
9/24/2008,18.3
9/25/2008,18.67
9/26/2008,19.17
9/29/2008,19.46
9/30/2008,20.73
10/1/2008,21.09
10/2/2008,22.06
10/3/2008,22.24
10/6/2008,23.17
10/7/2008,23.42
10/8/2008,24.25
10/9/2008,25.17
10/10/2008,27.09
10/13/2008,27.12
10/14/2008,25.99
10/15/2008,27.05
10/16/2008,27.73
10/17/2008,28.2
10/20/2008,27.87
10/21/2008,27.76
10/22/2008,27.99
10/23/2008,28.43
10/24/2008,28.96
10/27/2008,29.44
10/28/2008,29.38
10/29/2008,29.03
10/30/2008,28.86
10/31/2008,30.05
11/3/2008,30.2
11/4/2008,30.02
11/5/2008,30.06
11/6/2008,30.27
11/7/2008,30.66
11/10/2008,30.78
11/11/2008,30.79
11/12/2008,31.57
11/13/2008,31.92
11/14/2008,31.77
11/17/2008,32.25
11/18/2008,33.17
11/19/2008,33.84
11/20/2008,34.99
11/21/2008,35.86
11/24/2008,36.28
11/25/2008,36.25
11/26/2008,35.92
11/27/2008,35.94
11/28/2008,35.6
11/30/2008,38.34
12/1/2008,38.56
12/2/2008,38.29
12/3/2008,38.33
12/4/2008,38.65
12/5/2008,39.41
12/8/2008,39.2
12/9/2008,38.95
12/10/2008,39.68
12/11/2008,40.76
12/12/2008,42.36
12/15/2008,45.02
12/16/2008,42.44
12/17/2008,41.16
12/18/2008,40.9
12/19/2008,40.84
12/22/2008,40.23
12/23/2008,39.55
12/24/2008,39.73
12/26/2008,37.49
12/29/2008,36.31
12/30/2008,34.26
12/31/2008,31.08
1/2/2009,30.78
1/5/2009,30.27
1/6/2009,29.16
1/7/2009,28.69
1/8/2009,29.33
1/9/2009,29.7
1/12/2009,29.77
1/13/2009,30.56
1/14/2009,30.6
1/15/2009,30.96
1/16/2009,30.79
1/19/2009,30.82
1/20/2009,30.61
1/21/2009,30.85
1/22/2009,31.04
1/23/2009,31.43
1/26/2009,31.55
1/27/2009,31.39
1/28/2009,31.04
1/29/2009,30.98
1/30/2009,31.03
1/31/2009,31.92
2/2/2009,32
2/3/2009,32.04
2/4/2009,31.95
2/5/2009,31.95
2/6/2009,32.17
2/9/2009,32.38
2/10/2009,32.41
2/11/2009,32.71
2/12/2009,32.37
2/13/2009,32.69
2/16/2009,32.2
2/17/2009,32.83
2/18/2009,33.71
2/19/2009,33.55
2/20/2009,34.08
2/23/2009,34.35
2/24/2009,35.62
2/25/2009,35.58
2/26/2009,35.91
2/27/2009,36.37
2/28/2009,36.18
3/2/2009,36.74
3/3/2009,37.36
3/4/2009,37.83
3/5/2009,37.71
3/6/2009,37.99
3/9/2009,38.42
3/10/2009,37.92
3/11/2009,37.05
3/12/2009,36.02
3/13/2009,35.15
3/16/2009,34.14
3/17/2009,34.16
3/18/2009,34.04
3/19/2009,33.75
3/20/2009,33.84
3/23/2009,33.39
3/24/2009,33.17
3/25/2009,33.21
3/26/2009,32.65
3/27/2009,31.59
3/30/2009,32
3/31/2009,32.32
4/1/2009,32.63
4/2/2009,32.02
4/3/2009,31.69
4/6/2009,31.51
4/7/2009,31.54
4/8/2009,31.29
4/9/2009,31.14
4/13/2009,30.91
4/14/2009,30.04
4/15/2009,29.85
4/16/2009,29.38
4/17/2009,28.9
4/20/2009,28.92
4/21/2009,29.54
4/22/2009,29.44
4/23/2009,28.98
4/24/2009,28.28
4/27/2009,28.07
4/28/2009,27.9
4/29/2009,27.32
4/30/2009,24.93
5/1/2009,24.65
5/4/2009,24.45
5/5/2009,24.09
5/6/2009,23.82
5/7/2009,22.96
5/8/2009,22.82
5/11/2009,22.96
5/12/2009,22.98
5/13/2009,23.35
5/14/2009,23.57
5/15/2009,23.47
5/18/2009,23.38
5/19/2009,23.11
5/20/2009,22.38
5/21/2009,22.17
5/22/2009,21.95
5/25/2009,21.97
5/26/2009,21.97
5/27/2009,21.8
5/28/2009,21.52
5/29/2009,21.35
5/31/2009,21.35
6/1/2009,21
6/2/2009,20.6
6/3/2009,20.47
6/4/2009,20.32
6/5/2009,20.15
6/8/2009,20.02
6/9/2009,19.84
6/10/2009,19.58
6/11/2009,19.49
6/12/2009,19.35
6/15/2009,19.19
6/16/2009,19.34
6/17/2009,19.97
6/18/2009,20.35
6/19/2009,20.4
6/22/2009,20.66
6/23/2009,20.81
6/24/2009,20.71
6/25/2009,20.6
6/26/2009,20.55
6/29/2009,20.4
6/30/2009,18.75
7/1/2009,18.58
7/2/2009,18.52
7/3/2009,18.53
7/6/2009,18.68
7/7/2009,18.68
7/8/2009,18.87
7/9/2009,18.91
7/10/2009,18.96
7/13/2009,19.01
7/14/2009,18.9
7/15/2009,18.75
7/16/2009,18.56
7/17/2009,18.45
7/20/2009,18.29
7/21/2009,17.96
7/22/2009,17.83
7/23/2009,17.49
7/24/2009,17.29
7/27/2009,17.04
7/28/2009,16.95
7/29/2009,16.8
7/30/2009,16.49
7/31/2009,16.59
8/3/2009,16.28
8/4/2009,16.13
8/5/2009,16.04
8/6/2009,15.95
8/7/2009,15.87
8/10/2009,15.75
8/11/2009,15.77
8/12/2009,15.9
8/13/2009,16.03
8/14/2009,15.96
8/17/2009,16.29
8/18/2009,16.28
8/19/2009,16.3
8/20/2009,16.31
8/21/2009,16.3
8/24/2009,16.19
8/25/2009,16.13
8/26/2009,16.08
8/27/2009,16.06
8/28/2009,15.96
8/31/2009,16.77
9/1/2009,16.78
9/2/2009,16.78
9/3/2009,16.72
9/4/2009,16.7
9/7/2009,16.71
9/8/2009,16.52
9/9/2009,16.36
9/10/2009,16.1
9/11/2009,15.78
9/14/2009,15.55
9/15/2009,15.12
9/16/2009,14.69
9/17/2009,14.62
9/18/2009,14.58
9/21/2009,14.63
9/22/2009,14.41
9/23/2009,14.26
9/24/2009,14.16
9/25/2009,14.2
9/28/2009,14.26
9/29/2009,14.22
9/30/2009,14.53
10/1/2009,14.67
10/2/2009,14.83
10/5/2009,14.8
10/6/2009,14.71
10/7/2009,14.77
10/8/2009,14.7
10/9/2009,14.63
10/12/2009,14.64
10/13/2009,14.62
10/14/2009,14.35
10/15/2009,14.27
10/16/2009,14.2
10/19/2009,14.11
10/20/2009,13.99
10/21/2009,13.97
10/22/2009,13.88
10/23/2009,13.87
10/26/2009,13.83
10/27/2009,13.88
10/28/2009,13.95
10/29/2009,14.03
10/30/2009,14.01
10/31/2009,14.25
11/2/2009,14.24
11/3/2009,14.31
11/4/2009,14.26
11/5/2009,14.19
11/6/2009,14.17
11/9/2009,14.1
11/10/2009,14.03
11/11/2009,14.03
11/12/2009,13.98
11/13/2009,13.98
11/16/2009,13.88
11/17/2009,13.88
11/18/2009,13.87
11/19/2009,13.89
11/20/2009,13.86
11/23/2009,13.79
11/24/2009,13.73
11/25/2009,13.7
11/26/2009,13.71
11/27/2009,13.71
11/30/2009,13.67
12/1/2009,13.62
12/2/2009,13.55
12/3/2009,13.46
12/4/2009,13.36
12/7/2009,13.33
12/8/2009,13.31
12/9/2009,13.26
12/10/2009,13.21
12/11/2009,13.11
12/14/2009,12.92
12/15/2009,12.83
12/16/2009,12.73
12/17/2009,12.71
12/18/2009,12.67
12/21/2009,12.65
12/22/2009,12.6
12/23/2009,12.54
12/24/2009,12.55
12/28/2009,12.53
12/29/2009,12.5
12/30/2009,12.48
12/31/2009,12.53
1/4/2010,12.33
1/5/2010,12.11
1/6/2010,11.9
1/7/2010,11.63
1/8/2010,11.61
1/11/2010,11.56
1/12/2010,11.58
1/13/2010,11.61
1/14/2010,11.54
1/15/2010,11.54
1/18/2010,11.55
1/19/2010,11.6
1/20/2010,11.64
1/21/2010,11.73
1/22/2010,11.94
1/25/2010,12.07
1/26/2010,12.1
1/27/2010,12.08
1/28/2010,12.03
1/29/2010,12.05
1/31/2010,12.1
2/1/2010,12.14
2/2/2010,12.13
2/3/2010,12.05
2/4/2010,12.12
2/5/2010,12.42
2/8/2010,12.56
2/9/2010,12.69
2/10/2010,12.9
2/11/2010,12.95
2/12/2010,12.98
2/15/2010,12.93
2/16/2010,12.87
2/17/2010,12.57
2/18/2010,12.42
2/19/2010,12.3
2/22/2010,12.2
2/23/2010,12.24
2/24/2010,12.27
2/25/2010,12.29
2/26/2010,12.25
2/28/2010,12.86
3/1/2010,12.79
3/2/2010,12.68
3/3/2010,12.61
3/4/2010,12.56
3/5/2010,12.43
3/8/2010,12.3
3/9/2010,12.2
3/10/2010,12.14
3/11/2010,12.2
3/12/2010,12.17
3/15/2010,12.17
3/16/2010,12.19
3/17/2010,12.11
3/18/2010,12.04
3/19/2010,12.01
3/22/2010,12.06
3/23/2010,12.01
3/24/2010,11.96
3/25/2010,11.93
3/26/2010,11.89
3/29/2010,11.87
3/30/2010,11.84
3/31/2010,11.96
4/1/2010,11.95
4/5/2010,11.87
4/6/2010,11.83
4/7/2010,11.76
4/8/2010,11.75
4/9/2010,11.71
4/12/2010,11.66
4/13/2010,11.58
4/14/2010,11.43
4/15/2010,11.32
4/16/2010,11.32
4/19/2010,11.41
4/20/2010,11.35
4/21/2010,11.28
4/22/2010,11.31
4/23/2010,11.24
4/26/2010,11.15
4/27/2010,11.16
4/28/2010,11.23
4/29/2010,11.17
4/30/2010,11.13
5/3/2010,11.14
5/4/2010,11.2
5/5/2010,11.41
5/6/2010,11.76
5/7/2010,12.07
5/10/2010,11.87
5/11/2010,12.02
5/12/2010,11.84
5/13/2010,11.75
5/14/2010,11.9
5/17/2010,12.03
5/18/2010,12.1
5/19/2010,12.3
5/20/2010,12.77
5/21/2010,12.87
5/24/2010,12.87
5/25/2010,13.26
5/26/2010,13.04
5/27/2010,12.92
5/28/2010,12.85
5/31/2010,12.9
6/1/2010,12.98
6/2/2010,13.01
6/3/2010,12.95
6/4/2010,13
6/7/2010,13.07
6/8/2010,13.21
6/9/2010,13.28
6/10/2010,13.34
6/11/2010,13.34
6/14/2010,13.18
6/15/2010,13.07
6/16/2010,12.93
6/17/2010,12.71
6/18/2010,12.6
6/21/2010,12.42
6/22/2010,12.47
6/23/2010,12.53
6/24/2010,12.68
6/25/2010,12.71
6/28/2010,12.67
6/29/2010,12.86
6/30/2010,12.87
7/1/2010,12.97
7/2/2010,12.99
7/5/2010,12.99
7/6/2010,12.93
7/7/2010,12.94
7/8/2010,12.79
7/9/2010,12.68
7/12/2010,12.64
7/13/2010,12.48
7/14/2010,12.37
7/15/2010,12.35
7/16/2010,12.34
7/19/2010,12.39
7/20/2010,12.4
7/21/2010,12.28
7/22/2010,12.19
7/23/2010,12.15
7/26/2010,12.07
7/27/2010,11.99
7/28/2010,12.02
7/29/2010,12.01
7/30/2010,12.04
7/31/2010,12.11
8/2/2010,12.05
8/3/2010,12.02
8/4/2010,11.99
8/5/2010,11.99
8/6/2010,12.01
8/9/2010,11.99
8/10/2010,12.03
8/11/2010,12.21
8/12/2010,12.35
8/13/2010,12.4
8/16/2010,12.38
8/17/2010,12.36
8/18/2010,12.34
8/19/2010,12.36
8/20/2010,12.42
8/23/2010,12.45
8/24/2010,12.53
8/25/2010,12.61
8/26/2010,12.61
8/27/2010,12.61
8/30/2010,12.62
8/31/2010,12.78
9/1/2010,12.72
9/2/2010,12.68
9/3/2010,12.61
9/6/2010,12.61
9/7/2010,12.6
9/8/2010,12.55
9/9/2010,12.47
9/10/2010,12.39
9/13/2010,12.26
9/14/2010,12.21
9/15/2010,12.15
9/16/2010,12.12
9/17/2010,12.08
9/20/2010,12.04
9/21/2010,12.03
9/22/2010,12.06
9/23/2010,12.14
9/24/2010,12.1
9/27/2010,12.07
9/28/2010,12.02
9/29/2010,11.92
9/30/2010,11.88
10/1/2010,11.84
10/4/2010,11.82
10/5/2010,11.63
10/6/2010,11.53
10/7/2010,11.47
10/8/2010,11.41
10/11/2010,11.41
10/12/2010,11.41
10/13/2010,11.27
10/14/2010,11.24
10/15/2010,11.21
10/18/2010,11.22
10/19/2010,11.27
10/20/2010,11.31
10/21/2010,11.27
10/22/2010,11.23
10/25/2010,11.14
10/26/2010,11.05
10/27/2010,11.03
10/28/2010,10.95
10/29/2010,10.94
10/31/2010,11.06
11/1/2010,11.1
11/2/2010,11.02
11/3/2010,10.96
11/4/2010,10.73
11/5/2010,10.56
11/8/2010,10.57
11/9/2010,10.54
11/10/2010,10.72
11/11/2010,10.72
11/12/2010,10.86
11/15/2010,10.87
11/16/2010,11.14
11/17/2010,11.18
11/18/2010,11.04
11/19/2010,11.08
11/22/2010,11.1
11/23/2010,11.27
11/24/2010,11.23
11/25/2010,11.23
11/26/2010,11.23
11/29/2010,11.3
11/30/2010,11.62
12/1/2010,11.49
12/2/2010,11.36
12/3/2010,11.32
12/6/2010,11.28
12/7/2010,11.09
12/8/2010,11.11
12/9/2010,11.1
12/10/2010,11.1
12/13/2010,11.07
12/14/2010,10.96
12/15/2010,10.97
12/16/2010,10.96
12/17/2010,10.94
12/20/2010,10.95
12/21/2010,10.85
12/22/2010,10.81
12/23/2010,10.79
12/24/2010,10.79
12/27/2010,10.79
12/28/2010,10.77
12/29/2010,10.73
12/30/2010,10.65
12/31/2010,10.66
1/3/2011,10.52
1/4/2011,10.45
1/5/2011,10.45
1/6/2011,10.37
1/7/2011,10.36
1/10/2011,10.39
1/11/2011,10.37
1/12/2011,10.32
1/13/2011,10.25
1/14/2011,10.16
1/17/2011,10.16
1/18/2011,10.15
1/19/2011,10.16
1/20/2011,10.18
1/21/2011,10.17
1/24/2011,10.13
1/25/2011,10.05
1/26/2011,10
1/27/2011,9.98
1/28/2011,9.96
1/31/2011,10.05
2/1/2011,10.03
2/2/2011,9.96
2/3/2011,9.92
2/4/2011,9.82
2/7/2011,9.84
2/8/2011,9.79
2/9/2011,9.81
2/10/2011,9.84
2/11/2011,9.84
2/14/2011,9.8
2/15/2011,9.79
2/16/2011,9.74
2/17/2011,9.69
2/18/2011,9.62
2/21/2011,9.61
2/22/2011,9.68
2/23/2011,9.72
2/24/2011,9.81
2/25/2011,9.75
2/28/2011,9.86
3/1/2011,9.84
3/2/2011,9.86
3/3/2011,9.83
3/4/2011,9.84
3/7/2011,9.87
3/8/2011,9.9
3/9/2011,9.91
3/10/2011,10.05
3/11/2011,10.11
3/14/2011,10.1
3/15/2011,10.3
3/16/2011,10.26
3/17/2011,10.21
3/18/2011,10.11
3/21/2011,10.03
3/22/2011,10.02
3/23/2011,10.06
3/24/2011,10.05
3/25/2011,10.04
3/28/2011,10.04
3/29/2011,10.04
3/30/2011,9.98
3/31/2011,10.3
4/1/2011,10.19
4/4/2011,10.15
4/5/2011,10.14
4/6/2011,10.09
4/7/2011,10.06
4/8/2011,10.05
4/11/2011,10.03
4/12/2011,10.1
4/13/2011,10.09
4/14/2011,10.03
4/15/2011,10.06
4/18/2011,10.11
4/19/2011,10.11
4/20/2011,10.05
4/21/2011,10.03
4/25/2011,9.99
4/26/2011,9.97
4/27/2011,9.96
4/28/2011,9.96
4/29/2011,9.9
4/30/2011,9.94
5/2/2011,9.92
5/3/2011,9.94
5/4/2011,9.91
5/5/2011,9.94
5/6/2011,9.9
5/9/2011,9.91
5/10/2011,9.85
5/11/2011,9.79
5/12/2011,9.84
5/13/2011,9.87
5/16/2011,9.84
5/17/2011,9.91
5/18/2011,9.92
5/19/2011,9.89
5/20/2011,9.89
5/23/2011,9.98
5/24/2011,10
5/25/2011,10.05
5/26/2011,10.09
5/27/2011,10.09
5/30/2011,10.09
5/31/2011,10
6/1/2011,9.98
6/2/2011,10.03
6/3/2011,10.1
6/6/2011,10.13
6/7/2011,10.17
6/8/2011,10.26
6/9/2011,10.35
6/10/2011,10.38
6/13/2011,10.5
6/14/2011,10.48
6/15/2011,10.55
6/16/2011,10.74
6/17/2011,10.77
6/20/2011,10.84
6/21/2011,10.84
6/22/2011,10.77
6/23/2011,10.86
6/24/2011,10.88
6/27/2011,10.95
6/28/2011,10.94
6/29/2011,10.8
6/30/2011,10.66
7/1/2011,10.58
7/4/2011,10.58
7/5/2011,10.54
7/6/2011,10.58
7/7/2011,10.47
7/8/2011,10.48
7/11/2011,10.66
7/12/2011,10.74
7/13/2011,10.66
7/14/2011,10.55
7/15/2011,10.54
7/18/2011,10.59
7/19/2011,10.6
7/20/2011,10.45
7/21/2011,10.37
7/22/2011,10.34
7/25/2011,10.35
7/26/2011,10.37
7/27/2011,10.43
7/28/2011,10.48
7/29/2011,10.51
7/31/2011,10.58
8/1/2011,10.64
8/2/2011,10.84
8/3/2011,11.02
8/4/2011,11.4
8/5/2011,11.69
8/8/2011,12.47
8/9/2011,12.72
8/10/2011,12.87
8/11/2011,13.14
8/12/2011,12.9
8/15/2011,12.58
8/16/2011,12.55
8/17/2011,12.47
8/18/2011,12.69
8/19/2011,12.86
8/22/2011,12.94
8/23/2011,13.21
8/24/2011,13.36
8/25/2011,13.35
8/26/2011,13.4
8/29/2011,13.3
8/30/2011,13.24
8/31/2011,13.14
9/1/2011,13.04
9/2/2011,13.1
9/5/2011,13.11
9/6/2011,13.51
9/7/2011,13.34
9/8/2011,13.35
9/9/2011,13.43
9/12/2011,13.74
9/13/2011,13.82
9/14/2011,13.77
9/15/2011,13.76
9/16/2011,13.7
9/19/2011,13.79
9/20/2011,13.79
9/21/2011,13.84
9/22/2011,14.22
9/23/2011,14.39
9/26/2011,14.47
9/27/2011,14.49
9/28/2011,14.69
9/29/2011,14.93
9/30/2011,15.38
10/3/2011,15.72
10/4/2011,16.37
10/5/2011,16.32
10/6/2011,15.95
10/7/2011,15.73
10/10/2011,15.74
10/11/2011,15.51
10/12/2011,15.1
10/13/2011,15.03
10/14/2011,14.75
10/17/2011,14.68
10/18/2011,14.72
10/19/2011,14.4
10/20/2011,14.34
10/21/2011,14.06
10/24/2011,13.9
10/25/2011,13.69
10/26/2011,13.64
10/27/2011,13.08
10/28/2011,13.01
10/31/2011,13.35
11/1/2011,13.82
11/2/2011,13.7
11/3/2011,13.61
11/4/2011,13.61
11/7/2011,13.64
11/8/2011,13.68
11/9/2011,14.09
11/10/2011,14.14
11/11/2011,14.14
11/14/2011,14.05
11/15/2011,14.16
11/16/2011,14.23
11/17/2011,14.37
11/18/2011,14.53
11/21/2011,14.79
11/22/2011,14.95
11/23/2011,15.11
11/24/2011,15.12
11/25/2011,15.14
11/28/2011,15
11/29/2011,14.99
11/30/2011,15.12
12/1/2011,14.98
12/2/2011,14.83
12/5/2011,14.67
12/6/2011,14.61
12/7/2011,14.59
12/8/2011,14.63
12/9/2011,14.66
12/12/2011,14.77
12/13/2011,14.73
12/14/2011,14.72
12/15/2011,14.67
12/16/2011,14.63
12/19/2011,14.66
12/20/2011,14.6
12/21/2011,14.57
12/22/2011,14.51
12/23/2011,14.49
12/27/2011,14.48
12/28/2011,14.41
12/29/2011,14.38
12/30/2011,14.34
12/31/2011,14.22
1/3/2012,14
1/4/2012,13.96
1/5/2012,13.99
1/6/2012,13.94
1/9/2012,13.9
1/10/2012,13.77
1/11/2012,13.79
1/12/2012,13.72
1/13/2012,13.79
1/16/2012,13.68
1/17/2012,13.71
1/18/2012,13.7
1/19/2012,13.46
1/20/2012,13.42
1/23/2012,13.35
1/24/2012,13.3
1/25/2012,13.21
1/26/2012,12.96
1/27/2012,12.96
1/30/2012,13.08
1/31/2012,12.74
2/1/2012,12.6
2/2/2012,12.59
2/3/2012,12.44
2/6/2012,12.38
2/7/2012,12.36
2/8/2012,12.29
2/9/2012,12.31
2/10/2012,12.49
2/13/2012,12.45
2/14/2012,12.33
2/15/2012,12.38
2/16/2012,12.49
2/17/2012,12.37
2/20/2012,12.37
2/21/2012,12.29
2/22/2012,12.26
2/23/2012,12.17
2/24/2012,12.01
2/27/2012,11.98
2/28/2012,11.93
2/29/2012,11.93
3/1/2012,11.92
3/2/2012,11.9
3/5/2012,12
3/6/2012,12.35
3/7/2012,12.26
3/8/2012,12.15
3/9/2012,12.1
3/12/2012,12.04
3/13/2012,11.83
3/14/2012,11.73
3/15/2012,11.74
3/16/2012,11.69
3/19/2012,11.66
3/20/2012,11.72
3/21/2012,11.7
3/22/2012,11.8
3/23/2012,11.8
3/26/2012,11.76
3/27/2012,11.69
3/28/2012,11.71
3/29/2012,11.83
3/30/2012,11.79
3/31/2012,11.96
4/2/2012,11.91
4/3/2012,11.91
4/4/2012,11.94
4/5/2012,12
4/9/2012,12.14
4/10/2012,12.27
4/11/2012,12.29
4/12/2012,12.19
4/13/2012,12.16
4/16/2012,12.09
4/17/2012,11.99
4/18/2012,11.98
4/19/2012,11.98
4/20/2012,11.97
4/23/2012,12.02
4/24/2012,11.99
4/25/2012,11.84
4/26/2012,11.82
4/27/2012,11.71
4/30/2012,11.73
5/1/2012,11.62
5/2/2012,11.6
5/3/2012,11.57
5/4/2012,11.59
5/7/2012,11.62
5/8/2012,11.65
5/9/2012,11.74
5/10/2012,11.71
5/11/2012,11.7
5/14/2012,11.81
5/15/2012,11.91
5/16/2012,12.05
5/17/2012,12.35
5/18/2012,12.52
5/21/2012,12.7
5/22/2012,12.63
5/23/2012,12.77
5/24/2012,12.76
5/25/2012,12.74
5/28/2012,12.75
5/29/2012,12.71
5/30/2012,12.81
5/31/2012,13.04
6/1/2012,13.29
6/4/2012,13.4
6/5/2012,13.46
6/6/2012,13.27
6/7/2012,13.04
6/8/2012,13.07
6/11/2012,12.99
6/12/2012,13.1
6/13/2012,13.06
6/14/2012,12.98
6/15/2012,12.95
6/18/2012,12.93
6/19/2012,12.75
6/20/2012,12.6
6/21/2012,12.58
6/22/2012,12.63
6/25/2012,12.74
6/26/2012,12.71
6/27/2012,12.63
6/28/2012,12.61
6/29/2012,12.42
6/30/2012,12.09
7/2/2012,12
7/3/2012,11.98
7/4/2012,11.98
7/5/2012,11.97
7/6/2012,11.98
7/9/2012,11.99
7/10/2012,12.01
7/11/2012,11.98
7/12/2012,12.03
7/13/2012,12.01
7/16/2012,11.96
7/17/2012,12.01
7/18/2012,12
7/19/2012,11.89
7/20/2012,11.92
7/23/2012,12.06
7/24/2012,12.13
7/25/2012,12.14
7/26/2012,12.08
7/27/2012,12.01
7/30/2012,11.94
7/31/2012,11.79
8/1/2012,11.76
8/2/2012,11.75
8/3/2012,11.66
8/6/2012,11.6
8/7/2012,11.6
8/8/2012,11.56
8/9/2012,11.6
8/10/2012,11.64
8/13/2012,11.65
8/14/2012,11.63
8/15/2012,11.65
8/16/2012,11.69
8/17/2012,11.68
8/20/2012,11.6
8/21/2012,11.53
8/22/2012,11.54
8/23/2012,11.51
8/24/2012,11.49
8/27/2012,11.48
8/28/2012,11.49
8/29/2012,11.45
8/30/2012,11.43
8/31/2012,11.51
9/3/2012,11.52
9/4/2012,11.47
9/5/2012,11.41
9/6/2012,11.3
9/7/2012,11.18
9/10/2012,11.12
9/11/2012,11.05
9/12/2012,10.93
9/13/2012,10.84
9/14/2012,10.63
9/17/2012,10.63
9/18/2012,10.61
9/19/2012,10.59
9/20/2012,10.64
9/21/2012,10.67
9/24/2012,10.73
9/25/2012,10.79
9/26/2012,11.1
9/27/2012,11.01
9/28/2012,11
9/30/2012,11.07
10/1/2012,11.04
10/2/2012,11.07
10/3/2012,11
10/4/2012,10.93
10/5/2012,10.88
10/8/2012,10.88
10/9/2012,10.94
10/10/2012,11.03
10/11/2012,10.97
10/12/2012,10.9
10/15/2012,10.77
10/16/2012,10.71
10/17/2012,10.6
10/18/2012,10.56
10/19/2012,10.61
10/22/2012,10.64
10/23/2012,10.83
10/24/2012,10.74
10/25/2012,10.76
10/26/2012,10.76
10/29/2012,10.81
10/31/2012,11
11/1/2012,10.95
11/2/2012,10.97
11/5/2012,10.97
11/6/2012,10.87
11/7/2012,10.98
11/8/2012,11.01
11/9/2012,11.15
11/12/2012,11.15
11/13/2012,11.23
11/14/2012,11.21
11/15/2012,11.37
11/16/2012,11.42
11/19/2012,11.29
11/20/2012,11.25
11/21/2012,11.21
11/22/2012,11.21
11/23/2012,11.21
11/26/2012,11.17
11/27/2012,11.11
11/28/2012,11.12
11/29/2012,10.98
11/30/2012,11.01
12/3/2012,10.92
12/4/2012,10.89
12/5/2012,10.71
12/6/2012,10.68
12/7/2012,10.67
12/10/2012,10.67
12/11/2012,10.56
12/12/2012,10.46
12/13/2012,10.48
12/14/2012,10.45
12/17/2012,10.5
12/18/2012,10.41
12/19/2012,10.39
12/20/2012,10.39
12/21/2012,10.45
12/24/2012,10.46
12/26/2012,10.43
12/27/2012,10.44
12/28/2012,10.44
12/31/2012,10.48
1/2/2013,10.28
1/3/2013,10.18
1/4/2013,10.15
1/7/2013,10.13
1/8/2013,10.08
1/9/2013,9.99
1/10/2013,9.92
1/11/2013,9.89
1/14/2013,9.83
1/15/2013,9.87
1/16/2013,9.86
1/17/2013,9.78
1/18/2013,9.74
1/21/2013,9.74
1/22/2013,9.73
1/23/2013,9.63
1/24/2013,9.58
1/25/2013,9.57
1/28/2013,9.57
1/29/2013,9.63
1/30/2013,9.68
1/31/2013,9.78
2/1/2013,9.77
2/4/2013,9.79
2/5/2013,9.81
2/6/2013,9.8
2/7/2013,9.84
2/8/2013,9.81
2/11/2013,9.81
2/12/2013,9.84
2/13/2013,9.76
2/14/2013,9.7
2/15/2013,9.67
2/18/2013,9.67
2/19/2013,9.6
2/20/2013,9.59
2/21/2013,9.64
2/22/2013,9.61
2/25/2013,9.56
2/26/2013,9.61
2/27/2013,9.55
2/28/2013,9.65
3/1/2013,9.65
3/4/2013,9.64
3/5/2013,9.56
3/6/2013,9.53
3/7/2013,9.49
3/8/2013,9.48
3/11/2013,9.43
3/12/2013,9.44
3/13/2013,9.39
3/14/2013,9.31
3/15/2013,9.28
3/18/2013,9.34
3/19/2013,9.29
3/20/2013,9.27
3/21/2013,9.28
3/22/2013,9.29
3/25/2013,9.21
3/26/2013,9.22
3/27/2013,9.21
3/28/2013,9.2
3/31/2013,9.34
4/1/2013,9.32
4/2/2013,9.25
4/3/2013,9.23
4/4/2013,9.22
4/5/2013,9.27
4/8/2013,9.24
4/9/2013,9.21
4/10/2013,9.11
4/11/2013,9
4/12/2013,8.99
4/15/2013,9.02
4/16/2013,9.06
4/17/2013,9.08
4/18/2013,9.09
4/19/2013,9.08
4/22/2013,9.02
4/23/2013,9.04
4/24/2013,8.93
4/25/2013,8.86
4/26/2013,8.83
4/29/2013,8.71
4/30/2013,8.75
5/1/2013,8.63
5/2/2013,8.53
5/3/2013,8.47
5/6/2013,8.46
5/7/2013,8.39
5/8/2013,8.38
5/9/2013,8.37
5/10/2013,8.44
5/13/2013,8.61
5/14/2013,8.63
5/15/2013,8.65
5/16/2013,8.65
5/17/2013,8.64
5/20/2013,8.6
5/21/2013,8.58
5/22/2013,8.58
5/23/2013,8.73
5/24/2013,8.73
5/27/2013,8.73
5/28/2013,8.73
5/29/2013,9
5/30/2013,8.97
5/31/2013,9.19
6/3/2013,9.34
6/4/2013,9.39
6/5/2013,9.67
6/6/2013,9.79
6/7/2013,9.65
6/10/2013,9.66
6/11/2013,9.94
6/12/2013,9.88
6/13/2013,9.92
6/14/2013,9.76
6/17/2013,9.72
6/18/2013,9.69
6/19/2013,9.71
6/20/2013,10.12
6/21/2013,10.2
6/24/2013,10.54
6/25/2013,10.57
6/26/2013,10.43
6/27/2013,10.29
6/28/2013,10.19
6/30/2013,10.26
7/1/2013,10.23
7/2/2013,10.16
7/3/2013,10.19
7/4/2013,10.19
7/5/2013,10.22
7/8/2013,10.24
7/9/2013,10.1
7/10/2013,10.04
7/11/2013,9.8
7/12/2013,9.73
7/15/2013,9.58
7/16/2013,9.53
7/17/2013,9.41
7/18/2013,9.31
7/19/2013,9.27
7/22/2013,9.24
7/23/2013,9.25
7/24/2013,9.4
7/25/2013,9.53
7/26/2013,9.58
7/29/2013,9.55
7/30/2013,9.62
7/31/2013,9.67
8/1/2013,9.7
8/2/2013,9.73
8/5/2013,9.73
8/6/2013,9.75
8/7/2013,9.79
8/8/2013,9.79
8/9/2013,9.77
8/12/2013,9.77
8/13/2013,9.79
8/14/2013,9.7
8/15/2013,9.82
8/16/2013,9.83
8/19/2013,9.89
8/20/2013,9.91
8/21/2013,9.93
8/22/2013,9.96
8/23/2013,9.93
8/26/2013,9.91
8/27/2013,9.93
8/28/2013,9.93
8/29/2013,9.89
9/2/2013,9.91
9/3/2013,9.89
9/4/2013,9.91
9/5/2013,9.94
9/6/2013,9.94
9/9/2013,9.92
9/10/2013,9.91
9/11/2013,9.89
9/12/2013,9.85
9/13/2013,9.87
9/16/2013,9.73
9/17/2013,9.79
9/18/2013,9.72
9/19/2013,9.6
9/20/2013,9.63
9/23/2013,9.71
9/24/2013,9.76
9/25/2013,9.83
9/26/2013,9.85
9/27/2013,9.89
9/30/2013,9.98
10/1/2013,9.97
10/2/2013,9.94
10/3/2013,9.9
10/4/2013,9.88
10/7/2013,9.91
10/8/2013,9.91
10/9/2013,9.92
10/10/2013,9.89
10/11/2013,9.9
10/14/2013,9.85
10/15/2013,9.79
10/16/2013,9.79
10/17/2013,9.7
10/18/2013,9.61
10/21/2013,9.55
10/22/2013,9.48
10/23/2013,9.47
10/24/2013,9.48
10/25/2013,9.55
10/28/2013,9.77
10/29/2013,9.83
10/30/2013,9.72
10/31/2013,9.31
11/1/2013,9.32
11/4/2013,9.31
11/5/2013,9.36
11/6/2013,9.33
11/7/2013,9.29
11/8/2013,9.43
11/11/2013,9.43
11/12/2013,9.42
11/13/2013,9.49
11/14/2013,9.4
11/15/2013,9.36
11/18/2013,9.28
11/19/2013,9.29
11/20/2013,9.28
11/21/2013,9.3
11/22/2013,9.28
11/25/2013,9.21
11/26/2013,9.19
11/27/2013,9.18
11/28/2013,9.18
11/29/2013,9.2
11/30/2013,9.2
12/2/2013,9.19
12/3/2013,9.2
12/4/2013,9.2
12/5/2013,9.21
12/6/2013,9.19
12/9/2013,9.15
12/10/2013,9.16
12/11/2013,9.15
12/12/2013,9.19
12/13/2013,9.2
12/16/2013,9.15
12/17/2013,9.19
12/18/2013,9.24
12/19/2013,9.21
12/20/2013,9.11
12/23/2013,9.1
12/24/2013,9.11
12/26/2013,9.1
12/27/2013,9.1
12/30/2013,9.08
12/31/2013,9.22
1/2/2014,9.2
1/3/2014,9.18
1/6/2014,9.13
1/7/2014,9.06
1/8/2014,9.05
1/9/2014,9.05
1/10/2014,9.03
1/13/2014,9
1/14/2014,8.99
1/15/2014,8.95
1/16/2014,8.92
1/17/2014,8.9
1/20/2014,8.9
1/21/2014,8.92
1/22/2014,8.92
1/23/2014,8.93
1/24/2014,9.13
1/27/2014,9.19
1/28/2014,9.15
1/29/2014,9.18
1/30/2014,9.16
1/31/2014,9.31
2/3/2014,9.31
2/4/2014,9.39
2/5/2014,9.38
2/6/2014,9.34
2/7/2014,9.25
2/10/2014,9.22
2/11/2014,9.18
2/12/2014,9.16
2/13/2014,9.15
2/14/2014,9.09
2/17/2014,9.09
2/18/2014,8.98
2/19/2014,8.97
2/20/2014,8.98
2/21/2014,8.95
2/24/2014,8.92
2/25/2014,8.85
2/26/2014,8.84
2/27/2014,8.8
2/28/2014,8.77
3/3/2014,8.81
3/4/2014,8.8
3/5/2014,8.78
3/6/2014,8.83
3/7/2014,8.9
3/10/2014,8.94
3/11/2014,8.92
3/12/2014,8.93
3/13/2014,8.93
3/14/2014,8.97
3/17/2014,8.95
3/18/2014,8.93
3/19/2014,8.94
3/20/2014,9.03
3/21/2014,8.99
3/24/2014,9.02
3/25/2014,8.95
3/26/2014,8.95
3/27/2014,8.95
3/28/2014,8.97
3/31/2014,9.12
4/1/2014,9.02
4/2/2014,8.84
4/3/2014,8.76
4/4/2014,8.76
4/7/2014,8.77
4/8/2014,8.78
4/9/2014,8.77
4/10/2014,8.73
4/11/2014,8.8
4/14/2014,8.71
4/15/2014,8.69
4/16/2014,8.7
4/17/2014,8.73
4/21/2014,8.7
4/22/2014,8.72
4/23/2014,8.71
4/24/2014,8.68
4/25/2014,8.71
4/28/2014,8.72
4/29/2014,8.69
4/30/2014,8.78
5/1/2014,8.83
5/2/2014,8.83
5/5/2014,8.85
5/6/2014,8.84
5/7/2014,8.86
5/8/2014,8.83
5/9/2014,8.84
5/12/2014,8.84
5/13/2014,8.78
5/14/2014,8.71
5/15/2014,8.76
5/16/2014,8.73
5/19/2014,8.75
5/20/2014,8.74
5/21/2014,8.74
5/22/2014,8.68
5/23/2014,8.78
5/26/2014,8.77
5/27/2014,8.75
5/28/2014,8.72
5/29/2014,8.73
5/30/2014,8.7
5/31/2014,8.24
6/2/2014,8.25
6/3/2014,8.28
6/4/2014,8.29
6/5/2014,8.28
6/6/2014,8.21
6/9/2014,8.19
6/10/2014,8.18
6/11/2014,8.16
6/12/2014,8.17
6/13/2014,8.18
6/16/2014,8.08
6/17/2014,8.1
6/18/2014,8.09
6/19/2014,8.01
6/20/2014,7.97
6/23/2014,7.94
6/24/2014,7.91
6/25/2014,7.98
6/26/2014,8.01
6/27/2014,8.01
6/30/2014,8
7/1/2014,8.03
7/2/2014,8.06
7/3/2014,8.05
7/4/2014,8.05
7/7/2014,8.06
7/8/2014,8.05
7/9/2014,8.1
7/10/2014,8.18
7/11/2014,8.18
7/14/2014,8.13
7/15/2014,8.16
7/16/2014,8.22
7/17/2014,8.31
7/18/2014,8.39
7/21/2014,8.42
7/22/2014,8.42
7/23/2014,8.36
7/24/2014,8.36
7/25/2014,8.37
7/28/2014,8.41
7/29/2014,8.47
7/30/2014,8.55
7/31/2014,8.98
8/1/2014,9.16
8/4/2014,9.17
8/5/2014,9.06
8/6/2014,9.11
8/7/2014,9.05
8/8/2014,9.07
8/11/2014,8.99
8/12/2014,8.99
8/13/2014,8.9
8/14/2014,8.75
8/15/2014,8.73
8/18/2014,8.68
8/19/2014,8.66
8/20/2014,8.64
8/21/2014,8.7
8/22/2014,8.68
8/25/2014,8.63
8/26/2014,8.62
8/27/2014,8.64
8/28/2014,8.63
8/29/2014,8.58
8/31/2014,8.69
9/1/2014,8.68
9/2/2014,8.75
9/3/2014,8.75
9/4/2014,8.83
9/5/2014,8.93
9/8/2014,8.95
9/9/2014,9.04
9/10/2014,9.13
9/11/2014,9.21
9/12/2014,9.26
9/15/2014,9.25
9/16/2014,9.31
9/17/2014,9.26
9/18/2014,9.24
9/19/2014,9.21
9/22/2014,9.25
9/23/2014,9.41
9/24/2014,9.52
9/25/2014,9.66
9/26/2014,9.78
9/29/2014,9.87
9/30/2014,9.64
10/1/2014,9.6
10/2/2014,9.63
10/3/2014,9.54
10/6/2014,9.48
10/7/2014,9.53
10/8/2014,9.64
10/9/2014,9.75
10/10/2014,9.97
10/13/2014,9.97
10/14/2014,10.06
10/15/2014,10.29
10/16/2014,10.31
10/17/2014,9.92
10/20/2014,9.92
10/21/2014,9.71
10/22/2014,9.67
10/23/2014,9.68
10/24/2014,9.71
10/27/2014,9.76
10/28/2014,9.76
10/29/2014,9.77
10/30/2014,9.78
10/31/2014,9.83
11/3/2014,9.84
11/4/2014,9.94
11/5/2014,9.91
11/6/2014,9.92
11/7/2014,9.91
11/10/2014,9.92
11/11/2014,9.92
11/12/2014,9.89
11/13/2014,9.95
11/14/2014,9.98
11/17/2014,10.07
11/18/2014,10.17
11/19/2014,10.26
11/20/2014,10.29
11/21/2014,10.2
11/24/2014,10.2
11/25/2014,10.18
11/26/2014,10.15
11/27/2014,10.15
11/28/2014,10.22
11/30/2014,10.34
12/1/2014,10.59
12/2/2014,10.69
12/3/2014,10.72
12/4/2014,10.76
12/5/2014,10.84
12/8/2014,10.96
12/9/2014,11.23
12/10/2014,11.39
12/11/2014,11.49
12/12/2014,11.73
12/15/2014,11.72
12/16/2014,11.95
12/17/2014,11.79
12/18/2014,11.4
12/19/2014,11.31
12/22/2014,11.23
12/23/2014,11.23
12/24/2014,11.21
12/26/2014,11.21
12/29/2014,11.21
12/30/2014,11.19
12/31/2014,11.24
1/2/2015,11.26
1/5/2015,11.42
1/6/2015,11.55
1/7/2015,11.46
1/8/2015,11.31
1/9/2015,11.28
1/12/2015,11.34
1/13/2015,11.3
1/14/2015,11.37
1/15/2015,11.32
1/19/2015,11.38
1/20/2015,11.42
1/21/2015,11.45
1/22/2015,11.42
1/23/2015,11.42
1/26/2015,11.42
1/27/2015,11.44
1/28/2015,11.37
1/29/2015,11.37
1/30/2015,11.4
1/31/2015,10.84
2/2/2015,10.91
2/3/2015,10.81
2/4/2015,10.76
2/5/2015,10.69
2/6/2015,10.61
2/9/2015,10.62
2/10/2015,10.6
2/11/2015,10.57
2/12/2015,10.53
2/13/2015,10.54
2/16/2015,10.44
2/17/2015,10.42
2/18/2015,10.37
2/19/2015,10.36
2/20/2015,10.31
2/23/2015,10.28
2/24/2015,10.21
2/25/2015,10.14
2/26/2015,9.99
2/27/2015,9.98
2/28/2015,10.03
3/2/2015,9.98
3/3/2015,10.04
3/4/2015,10.12
3/5/2015,10.12
3/6/2015,10.18
3/9/2015,10.26
3/10/2015,10.38
3/11/2015,10.35
3/12/2015,10.33
3/13/2015,10.43
3/16/2015,10.44
3/17/2015,10.53
3/18/2015,10.49
3/19/2015,10.39
3/20/2015,10.37
3/23/2015,10.38
3/24/2015,10.38
3/25/2015,10.35
3/26/2015,10.36
3/27/2015,10.34
3/30/2015,10.28
3/31/2015,10.66
4/1/2015,10.66
4/2/2015,10.63
4/6/2015,10.6
4/7/2015,10.52
4/8/2015,10.45
4/9/2015,10.4
4/10/2015,10.37
4/13/2015,10.35
4/14/2015,10.26
4/15/2015,10.21
4/16/2015,10.2
4/17/2015,10.25
4/20/2015,10.21
4/21/2015,10.18
4/22/2015,10.22
4/23/2015,10.2
4/24/2015,10.16
4/27/2015,10.15
4/28/2015,10.17
4/29/2015,10.25
4/30/2015,10.47
5/1/2015,10.47
5/4/2015,10.43
5/5/2015,10.51
5/6/2015,10.56
5/7/2015,10.62
5/8/2015,10.53
5/11/2015,10.51
5/12/2015,10.69
5/13/2015,10.6
5/14/2015,10.53
5/15/2015,10.47
5/18/2015,10.49
5/19/2015,10.51
5/20/2015,10.55
5/21/2015,10.54
5/22/2015,10.55
5/26/2015,10.55
5/27/2015,10.53
5/28/2015,10.51
5/29/2015,10.49
5/31/2015,10.69
6/1/2015,10.75
6/2/2015,10.81
6/3/2015,10.85
6/4/2015,10.9
6/5/2015,10.99
6/8/2015,11.04
6/9/2015,11.15
6/10/2015,11.14
6/11/2015,11.07
6/12/2015,11.09
6/15/2015,11.09
6/16/2015,11.18
6/17/2015,11.1
6/18/2015,11.08
6/19/2015,11.06
6/22/2015,11.03
6/23/2015,11.09
6/24/2015,11.13
6/25/2015,11.15
6/26/2015,11.19
6/29/2015,11.42
6/30/2015,11.69
7/1/2015,11.59
7/2/2015,11.57
7/3/2015,11.57
7/6/2015,11.75
7/7/2015,11.82
7/8/2015,11.92
7/9/2015,11.91
7/10/2015,11.86
7/13/2015,11.86
7/14/2015,11.75
7/15/2015,11.66
7/16/2015,11.66
7/17/2015,11.74
7/20/2015,11.84
7/21/2015,11.94
7/22/2015,12.11
7/23/2015,12.19
7/24/2015,12.76
7/27/2015,13.06
7/28/2015,13.01
7/29/2015,12.89
7/30/2015,12.79
7/31/2015,13.06
8/3/2015,13.26
8/4/2015,13.39
8/5/2015,12.92
8/6/2015,13.04
8/7/2015,13.22
8/10/2015,13.28
8/11/2015,13.43
8/12/2015,13.58
8/13/2015,13.49
8/14/2015,12.64
8/17/2015,12.77
8/18/2015,12.7
8/19/2015,12.73
8/20/2015,12.85
8/21/2015,12.96
8/24/2015,13.73
8/25/2015,13.57
8/26/2015,13.67
8/27/2015,13.54
8/28/2015,13.53
8/31/2015,12.9
9/1/2015,13.01
9/2/2015,12.99
9/3/2015,12.93
9/4/2015,12.93
9/7/2015,12.94
9/8/2015,12.91
9/9/2015,12.84
9/10/2015,12.82
9/11/2015,12.82
9/14/2015,12.78
9/15/2015,12.8
9/16/2015,12.85
9/17/2015,12.87
9/18/2015,12.93
9/21/2015,12.99
9/22/2015,13.23
9/23/2015,13.27
9/24/2015,13.48
9/25/2015,13.53
9/28/2015,13.88
9/29/2015,14.02
9/30/2015,14.22
10/1/2015,14.28
10/2/2015,14.46
10/5/2015,14.33
10/6/2015,14.24
10/7/2015,14
10/8/2015,14.04
10/9/2015,13.87
10/12/2015,13.88
10/13/2015,14.01
10/14/2015,13.92
10/15/2015,13.9
10/16/2015,13.83
10/19/2015,13.88
10/20/2015,13.86
10/21/2015,13.84
10/22/2015,13.83
10/23/2015,13.81
10/26/2015,13.83
10/27/2015,13.91
10/28/2015,14.07
10/29/2015,13.86
10/30/2015,13.81
10/31/2015,13.9
11/2/2015,13.92
11/3/2015,13.89
11/4/2015,13.83
11/5/2015,14.01
11/6/2015,14.12
11/9/2015,14.31
11/10/2015,14.35
11/11/2015,14.36
11/12/2015,14.52
11/13/2015,14.68
11/16/2015,14.71
11/17/2015,14.68
11/18/2015,14.74
11/19/2015,14.89
11/20/2015,15.05
11/23/2015,15.09
11/24/2015,15.19
11/25/2015,15.24
11/26/2015,15.24
11/27/2015,15.18
11/30/2015,16.61
12/1/2015,16.6
12/2/2015,16.62
12/3/2015,16.74
12/4/2015,16.61
12/7/2015,16.73
12/8/2015,17.01
12/9/2015,17.13
12/10/2015,17.24
12/11/2015,17.67
12/14/2015,18.13
12/15/2015,18
12/16/2015,17.93
12/17/2015,17.97
12/18/2015,18.21
12/21/2015,18.29
12/22/2015,18.25
12/23/2015,18.14
12/24/2015,18.14
12/28/2015,18.17
12/29/2015,18.09
12/30/2015,18.07
12/31/2015,18.15
1/4/2016,18.38
1/5/2016,18.33
1/6/2016,18.37
1/7/2016,18.54
1/8/2016,18.48
1/11/2016,18.62
1/12/2016,18.68
1/13/2016,18.77
1/14/2016,18.76
1/15/2016,19.21
1/18/2016,19.24
1/19/2016,19.28
1/20/2016,19.78
1/21/2016,19.74
1/22/2016,19.49
1/25/2016,19.5
1/26/2016,19.4
1/27/2016,19.37
1/28/2016,19.33
1/29/2016,19.31
1/31/2016,19.88
2/1/2016,19.92
2/2/2016,19.96
2/3/2016,20.03
2/4/2016,20.18
2/5/2016,20.4
2/8/2016,20.9
2/9/2016,21.18
2/10/2016,21.1
2/11/2016,21.68
2/12/2016,21.54
2/15/2016,21.24
2/16/2016,21.17
2/17/2016,20.93
2/18/2016,20.88
2/19/2016,20.95
2/22/2016,20.85
2/23/2016,20.92
2/24/2016,21.02
2/25/2016,20.82
2/26/2016,20.48
2/29/2016,20.99
3/1/2016,20.66
3/2/2016,20.47
3/3/2016,20.29
3/4/2016,20
3/7/2016,19.84
3/8/2016,19.8
3/9/2016,19.82
3/10/2016,19.68
3/11/2016,19.33
3/14/2016,19.07
3/15/2016,19.16
3/16/2016,19.14
3/17/2016,18.9
3/18/2016,18.52
3/21/2016,18.4
3/22/2016,18.43
3/23/2016,18.5
3/24/2016,18.72
3/28/2016,18.88
3/29/2016,19.01
3/30/2016,18.75
3/31/2016,18.92
4/1/2016,18.93
4/4/2016,18.97
4/5/2016,19.07
4/6/2016,18.99
4/7/2016,18.99
4/8/2016,18.89
4/11/2016,18.78
4/12/2016,18.57
4/13/2016,18.16
4/14/2016,17.81
4/15/2016,17.8
4/18/2016,17.86
4/19/2016,17.58
4/20/2016,17.37
4/21/2016,17.27
4/22/2016,17.3
4/25/2016,17.37
4/26/2016,17.32
4/27/2016,17.14
4/28/2016,16.93
4/29/2016,16.87
4/30/2016,16.63
5/2/2016,16.51
5/3/2016,16.65
5/4/2016,16.7
5/5/2016,16.65
5/6/2016,16.76
5/9/2016,16.81
5/10/2016,16.71
5/11/2016,16.62
5/12/2016,16.58
5/13/2016,16.62
5/16/2016,16.47
5/17/2016,16.39
5/18/2016,16.38
5/19/2016,16.42
5/20/2016,16.36
5/23/2016,16.34
5/24/2016,16.21
5/25/2016,15.98
5/26/2016,15.93
5/27/2016,15.98
5/30/2016,15.98
5/31/2016,15.35
6/1/2016,15.4
6/2/2016,15.34
6/3/2016,15.3
6/6/2016,15.24
6/7/2016,15.05
6/8/2016,14.84
6/9/2016,14.8
6/10/2016,14.9
6/13/2016,14.97
6/14/2016,15.05
6/15/2016,15.06
6/16/2016,15.32
6/17/2016,15.19
6/20/2016,14.93
6/21/2016,14.91
6/22/2016,14.81
6/23/2016,14.71
6/24/2016,15.17
6/27/2016,15.43
6/28/2016,15.36
6/29/2016,15.06
6/30/2016,15.1
7/1/2016,14.99
7/4/2016,15
7/5/2016,15.06
7/6/2016,15.1
7/7/2016,14.96
7/8/2016,14.74
7/11/2016,14.5
7/12/2016,14.26
7/13/2016,14.33
7/14/2016,14.16
7/15/2016,14.17
7/18/2016,14.18
7/19/2016,14.19
7/20/2016,14.21
7/21/2016,14.17
7/22/2016,14.12
7/25/2016,14.18
7/26/2016,14.21
7/27/2016,14.26
7/28/2016,14.25
7/29/2016,14.28
7/31/2016,14.45
8/1/2016,14.44
8/2/2016,14.54
8/3/2016,14.56
8/4/2016,14.39
8/5/2016,14.23
8/8/2016,14.2
8/9/2016,14.07
8/10/2016,14.06
8/11/2016,14.03
8/12/2016,13.99
8/15/2016,13.89
8/16/2016,13.81
8/17/2016,13.83
8/18/2016,13.77
8/19/2016,13.79
8/22/2016,13.8
8/23/2016,13.73
8/24/2016,13.71
8/25/2016,13.7
8/26/2016,13.69
8/29/2016,13.69
8/30/2016,13.58
8/31/2016,13.62
9/1/2016,13.61
9/2/2016,13.6
9/5/2016,13.6
9/6/2016,13.5
9/7/2016,13.44
9/8/2016,13.29
9/9/2016,13.43
9/12/2016,13.51
9/13/2016,13.69
9/14/2016,13.64
9/15/2016,13.61
9/16/2016,13.71
9/19/2016,13.67
9/20/2016,13.65
9/21/2016,13.61
9/22/2016,13.38
9/23/2016,13.37
9/26/2016,13.4
9/27/2016,13.37
9/28/2016,13.3
9/29/2016,13.19
9/30/2016,13.09
10/3/2016,13.06
10/4/2016,12.97
10/5/2016,12.86
10/6/2016,12.8
10/7/2016,12.78
10/10/2016,12.79
10/11/2016,12.74
10/12/2016,12.77
10/13/2016,12.74
10/14/2016,12.61
10/17/2016,12.62
10/18/2016,12.57
10/19/2016,12.42
10/20/2016,12.39
10/21/2016,12.36
10/24/2016,12.36
10/25/2016,12.34
10/26/2016,12.42
10/27/2016,12.5
10/28/2016,12.55
10/31/2016,12.95
11/1/2016,13.11
11/2/2016,13.31
11/3/2016,13.32
11/4/2016,13.39
11/7/2016,13.25
11/8/2016,13.3
11/9/2016,13.39
11/10/2016,13.41
11/11/2016,13.41
11/14/2016,13.6
11/15/2016,13.37
11/16/2016,13.38
11/17/2016,13.28
11/18/2016,13.29
11/21/2016,13.18
11/22/2016,13.05
11/23/2016,13.07
11/24/2016,13.07
11/25/2016,13.05
11/28/2016,13.01
11/29/2016,13.08
11/30/2016,12.69
12/1/2016,12.63
12/2/2016,12.56
12/5/2016,12.41
12/6/2016,12.23
12/7/2016,12.03
12/8/2016,12.04
12/9/2016,11.99
12/12/2016,11.89
12/13/2016,11.85
12/14/2016,11.77
12/15/2016,11.93
12/16/2016,11.9
12/19/2016,11.92
12/20/2016,11.87
12/21/2016,11.8
12/22/2016,11.77
12/23/2016,11.76
12/27/2016,11.73
12/28/2016,11.71
12/29/2016,11.69
12/30/2016,11.65
12/31/2016,11.49
1/3/2017,11.4
1/4/2017,11.24
1/5/2017,11.09
1/6/2017,11.02
1/9/2017,11.04
1/10/2017,10.94
1/11/2017,10.97
1/12/2017,11.01
1/13/2017,10.97
1/16/2017,10.93
1/17/2017,10.94
1/18/2017,10.94
1/19/2017,10.94
1/20/2017,10.92
1/23/2017,10.94
1/24/2017,10.92
1/25/2017,10.84
1/26/2017,10.81
1/27/2017,10.75
1/30/2017,10.75
1/31/2017,10.6
2/1/2017,10.54
2/2/2017,10.49
2/3/2017,10.39
2/6/2017,10.37
2/7/2017,10.35
2/8/2017,10.4
2/9/2017,10.38
2/10/2017,10.34
2/13/2017,10.28
2/14/2017,10.22
2/15/2017,10.15
2/16/2017,10.11
2/17/2017,10.11
2/20/2017,10.12
2/21/2017,10.04
2/22/2017,9.97
2/23/2017,9.88
2/24/2017,9.89
2/27/2017,9.77
2/28/2017,9.83
3/1/2017,9.69
3/2/2017,9.75
3/3/2017,9.78
3/6/2017,9.84
3/7/2017,9.95
3/8/2017,9.99
3/9/2017,10.18
3/10/2017,10.18
3/13/2017,10.31
3/14/2017,10.48
3/15/2017,10.33
3/16/2017,10.21
3/17/2017,10.26
3/20/2017,10.35
3/21/2017,10.38
3/22/2017,10.54
3/23/2017,10.5
3/24/2017,10.41
3/27/2017,10.47
3/28/2017,10.42
3/29/2017,10.29
3/30/2017,10.19
3/31/2017,10.37
4/3/2017,10.38
4/4/2017,10.4
4/5/2017,10.33
4/6/2017,10.33
4/7/2017,10.31
4/10/2017,10.28
4/11/2017,10.31
4/12/2017,10.36
4/13/2017,10.35
4/17/2017,10.26
4/18/2017,10.33
4/19/2017,10.31
4/20/2017,10.36
4/21/2017,10.34
4/24/2017,10.25
4/25/2017,10.21
4/26/2017,10.15
4/27/2017,10.23
4/28/2017,10.16
4/30/2017,10.3
5/1/2017,10.31
5/2/2017,10.17
5/3/2017,10.15
5/4/2017,10.24
5/5/2017,10.23
5/8/2017,10.25
5/9/2017,10.19
5/10/2017,10.14
5/11/2017,10.1
5/12/2017,10.07
5/15/2017,9.97
5/16/2017,9.97
5/17/2017,10.06
5/18/2017,10.11
5/19/2017,10.04
5/22/2017,9.94
5/23/2017,9.86
5/24/2017,9.86
5/25/2017,9.85
5/26/2017,9.81
5/29/2017,9.81
5/30/2017,9.81
5/31/2017,10.03
6/1/2017,9.98
6/2/2017,9.95
6/5/2017,9.94
6/6/2017,9.96
6/7/2017,10.05
6/8/2017,10.08
6/9/2017,10.07
6/12/2017,10.04
6/13/2017,10.03
6/14/2017,9.95
6/15/2017,10.02
6/16/2017,10.13
6/19/2017,10
6/20/2017,10.16
6/21/2017,10.3
6/22/2017,10.29
6/23/2017,10.27
6/26/2017,10.23
6/27/2017,10.2
6/28/2017,10.17
6/29/2017,10.14
6/30/2017,10.56
7/3/2017,10.55
7/4/2017,10.55
7/5/2017,10.57
7/6/2017,10.67
7/7/2017,10.75
7/10/2017,10.71
7/11/2017,10.68
7/12/2017,10.6
7/13/2017,10.54
7/14/2017,10.45
7/17/2017,10.37
7/18/2017,10.33
7/19/2017,10.23
7/20/2017,10.14
7/21/2017,10.2
7/24/2017,10.18
7/25/2017,10.12
7/26/2017,10.07
7/27/2017,10.15
7/28/2017,10.18
7/31/2017,10.2
8/1/2017,10.1
8/2/2017,10.15
8/3/2017,10.21
8/4/2017,10.22
8/7/2017,10.26
8/8/2017,10.25
8/9/2017,10.44
8/10/2017,10.54
8/11/2017,10.61
8/14/2017,10.49
8/15/2017,10.52
8/16/2017,10.53
8/17/2017,10.58
8/18/2017,10.69
8/21/2017,10.68
8/22/2017,10.63
8/23/2017,10.67
8/24/2017,10.64
8/25/2017,10.62
8/28/2017,10.62
8/29/2017,10.65
8/30/2017,10.58
8/31/2017,10.62
9/1/2017,10.58
9/4/2017,10.58
9/5/2017,10.61
9/6/2017,10.56
9/7/2017,10.56
9/8/2017,10.64
9/11/2017,10.6
9/12/2017,10.58
9/13/2017,10.55
9/14/2017,10.44
9/15/2017,10.42
9/18/2017,10.39
9/19/2017,10.37
9/20/2017,10.33
9/21/2017,10.36
9/22/2017,10.38
9/25/2017,10.36
9/26/2017,10.32
9/27/2017,10.3
9/28/2017,10.29
9/29/2017,10.28
9/30/2017,10.34
10/2/2017,10.36
10/3/2017,10.37
10/4/2017,10.35
10/5/2017,10.3
10/6/2017,10.37
10/9/2017,10.38
10/10/2017,10.36
10/11/2017,10.39
10/12/2017,10.41
10/13/2017,10.42
10/16/2017,10.29
10/17/2017,10.25
10/18/2017,10.27
10/19/2017,10.27
10/20/2017,10.26
10/23/2017,10.18
10/24/2017,10.2
10/25/2017,10.32
10/26/2017,10.33
10/27/2017,10.41
10/30/2017,10.4
10/31/2017,10.53
11/1/2017,10.53
11/2/2017,10.59
11/3/2017,10.57
11/6/2017,10.56
11/7/2017,10.57
11/8/2017,10.74
11/9/2017,10.85
11/10/2017,10.82
11/13/2017,10.82
11/14/2017,10.91
11/15/2017,11.09
11/16/2017,10.92
11/17/2017,10.86
11/20/2017,10.87
11/21/2017,10.82
11/22/2017,10.82
11/23/2017,10.82
11/24/2017,10.82
11/27/2017,10.79
11/28/2017,10.82
11/29/2017,10.78
11/30/2017,10.81
12/1/2017,10.76
12/4/2017,10.67
12/5/2017,10.65
12/6/2017,10.7
12/7/2017,10.75
12/8/2017,10.72
12/11/2017,10.72
12/12/2017,10.7
12/13/2017,10.7
12/14/2017,10.64
12/15/2017,10.69
12/18/2017,10.73
12/19/2017,10.73
12/20/2017,10.71
12/21/2017,10.65
12/22/2017,10.65
12/26/2017,10.66
12/27/2017,10.63
12/28/2017,10.63
12/29/2017,10.64
12/31/2017,10.53
1/2/2018,10.46
1/3/2018,10.32
1/4/2018,10.16
1/5/2018,10.1
1/8/2018,10.11
1/9/2018,10.12
1/10/2018,10.25
1/11/2018,10.15
1/12/2018,10.14
1/15/2018,10.1
1/16/2018,10.09
1/17/2018,10.13
1/18/2018,10.18
1/19/2018,10.25
1/22/2018,10.26
1/23/2018,10.14
1/24/2018,10.11
1/25/2018,10.07
1/26/2018,10
1/29/2018,10.05
1/30/2018,10.13
1/31/2018,10.13
2/1/2018,10.15
2/2/2018,10.32
2/5/2018,10.47
2/6/2018,10.65
2/7/2018,10.51
2/8/2018,10.74
2/9/2018,10.98
2/12/2018,10.86
2/13/2018,10.89
2/14/2018,10.83
2/15/2018,10.65
2/16/2018,10.52
2/19/2018,10.53
2/20/2018,10.55
2/21/2018,10.58
2/22/2018,10.63
2/23/2018,10.66
2/26/2018,10.5
2/27/2018,10.44
2/28/2018,10.35
3/1/2018,10.45
3/2/2018,10.59
3/5/2018,10.5
3/6/2018,10.4
3/7/2018,10.46
3/8/2018,10.45
3/9/2018,10.39
3/12/2018,10.39
3/13/2018,10.5
3/14/2018,10.49
3/15/2018,10.55
3/16/2018,10.58
3/19/2018,10.7
3/20/2018,10.74
3/21/2018,10.73
3/22/2018,10.8
3/23/2018,10.82
3/26/2018,10.84
3/27/2018,10.78
3/28/2018,10.85
3/29/2018,10.83
3/31/2018,10.46
4/2/2018,10.5
4/3/2018,10.51
4/4/2018,10.52
4/5/2018,10.36
4/6/2018,10.35
4/9/2018,10.32
4/10/2018,10.2
4/11/2018,10.17
4/12/2018,10.1
4/13/2018,10.07
4/16/2018,9.9
4/17/2018,9.82
4/18/2018,9.79
4/19/2018,9.94
4/20/2018,9.96
4/23/2018,10.03
4/24/2018,10.09
4/25/2018,10.2
4/26/2018,10.11
4/27/2018,10.07
4/30/2018,10.02
5/1/2018,10.04
5/2/2018,9.93
5/3/2018,9.98
5/4/2018,9.93
5/7/2018,9.93
5/8/2018,9.93
5/9/2018,9.89
5/10/2018,9.84
5/11/2018,9.84
5/14/2018,9.79
5/15/2018,9.86
5/16/2018,9.86
5/17/2018,9.82
5/18/2018,9.81
5/21/2018,9.78
5/22/2018,9.77
5/23/2018,9.78
5/24/2018,9.8
5/25/2018,9.81
5/28/2018,9.81
5/29/2018,9.88
5/30/2018,9.84
5/31/2018,9.85
6/1/2018,9.87
6/4/2018,9.85
6/5/2018,9.8
6/6/2018,9.71
6/7/2018,9.63
6/8/2018,9.65
6/11/2018,9.54
6/12/2018,9.56
6/13/2018,9.55
6/14/2018,9.41
6/15/2018,9.48
6/18/2018,9.5
6/19/2018,9.56
6/20/2018,9.5
6/21/2018,9.5
6/22/2018,9.51
6/25/2018,9.62
6/26/2018,9.63
6/27/2018,9.65
6/28/2018,9.81
6/29/2018,9.76
6/30/2018,10.04
7/2/2018,10.19
7/3/2018,10.16
7/4/2018,10.16
7/5/2018,10.14
7/6/2018,10.13
7/9/2018,10.06
7/10/2018,9.99
7/11/2018,10.05
7/12/2018,9.99
7/13/2018,9.92
7/16/2018,9.91
7/17/2018,9.91
7/18/2018,9.87
7/19/2018,9.88
7/20/2018,9.86
7/23/2018,9.87
7/24/2018,9.79
7/25/2018,9.83
7/26/2018,9.79
7/27/2018,9.78
7/30/2018,9.82
7/31/2018,9.76
8/1/2018,9.75
8/2/2018,9.67
8/3/2018,9.68
8/6/2018,9.63
8/7/2018,9.63
8/8/2018,9.65
8/9/2018,9.65
8/10/2018,9.74
8/13/2018,9.84
8/14/2018,9.77
8/15/2018,9.85
8/16/2018,9.79
8/17/2018,9.8
8/20/2018,9.79
8/21/2018,9.79
8/22/2018,9.75
8/23/2018,9.78
8/24/2018,9.79
8/27/2018,9.79
8/28/2018,9.78
8/29/2018,9.76
8/30/2018,9.75
8/31/2018,9.78
9/3/2018,9.78
9/4/2018,9.74
9/5/2018,9.78
9/6/2018,9.81
9/7/2018,9.86
9/10/2018,9.82
9/11/2018,9.73
9/12/2018,9.65
9/13/2018,9.63
9/14/2018,9.65
9/17/2018,9.57
9/18/2018,9.56
9/19/2018,9.6
9/20/2018,9.57
9/21/2018,9.55
9/24/2018,9.67
9/25/2018,9.62
9/26/2018,9.59
9/27/2018,9.57
9/28/2018,9.53
9/30/2018,9.68
10/1/2018,9.63
10/2/2018,9.6
10/3/2018,9.6
10/4/2018,9.81
10/5/2018,9.87
10/8/2018,9.87
10/9/2018,9.94
10/10/2018,10.06
10/11/2018,10.14
10/12/2018,10.07
10/15/2018,10.03
10/16/2018,10
10/17/2018,10.02
10/18/2018,10.05
10/19/2018,10.05
10/22/2018,10.08
10/23/2018,10.22
10/24/2018,10.27
10/25/2018,10.41
10/26/2018,10.53
10/29/2018,10.6
10/30/2018,10.8
10/31/2018,10.86
11/1/2018,10.88
11/2/2018,10.87
11/5/2018,10.89
11/6/2018,10.86
11/7/2018,10.79
11/8/2018,10.85
11/9/2018,11.03
11/12/2018,11.03
11/13/2018,11.25
11/14/2018,11.37
11/15/2018,11.61
11/16/2018,11.67
11/19/2018,11.77
11/20/2018,11.98
11/21/2018,11.88
11/22/2018,11.89
11/23/2018,11.98
11/26/2018,11.98
11/27/2018,12.06
11/28/2018,12.01
11/29/2018,12.02
11/30/2018,12.06
12/3/2018,11.89
12/4/2018,11.97
12/5/2018,11.98
12/6/2018,12.26
12/7/2018,12.22
12/10/2018,12.37
12/11/2018,12.33
12/12/2018,12.25
12/13/2018,12.28
12/14/2018,12.33
12/17/2018,12.53
12/18/2018,12.76
12/19/2018,12.89
12/20/2018,13.42
12/21/2018,13.6
12/24/2018,13.74
12/26/2018,13.79
12/27/2018,13.71
12/28/2018,13.56
12/31/2018,13.55
1/2/2019,13.58
1/3/2019,13.55
1/4/2019,12.99
1/7/2019,12.74
1/8/2019,12.5
1/9/2019,12.33
1/10/2019,12.34
1/11/2019,12.3
1/14/2019,12.34
1/15/2019,12.3
1/16/2019,12.16
1/17/2019,12.14
1/18/2019,12
1/21/2019,12
1/22/2019,12.17
1/23/2019,12.18
1/24/2019,12.21
1/25/2019,12.13
1/28/2019,12.25
1/29/2019,12.25
1/30/2019,12.13
1/31/2019,12.1
2/1/2019,12.05
2/4/2019,12.03
2/5/2019,11.9
2/6/2019,11.82
2/7/2019,11.97
2/8/2019,11.98
2/11/2019,11.97
2/12/2019,11.84
2/13/2019,11.78
2/14/2019,11.8
2/15/2019,11.74
2/18/2019,11.74
2/19/2019,11.77
2/20/2019,11.7
2/21/2019,11.65
2/22/2019,11.64
2/25/2019,11.61
2/26/2019,11.55
2/27/2019,11.47
2/28/2019,11.55
3/1/2019,11.56
3/4/2019,11.62
3/5/2019,11.74
3/6/2019,11.82
3/7/2019,11.91
3/8/2019,12
3/11/2019,11.91
3/12/2019,11.84
3/13/2019,11.69
3/14/2019,11.64
3/15/2019,11.7
3/18/2019,11.69
3/19/2019,11.68
3/20/2019,11.66
3/21/2019,11.65
3/22/2019,11.77
3/25/2019,11.84
3/26/2019,11.78
3/27/2019,11.74
3/28/2019,11.74
3/29/2019,11.64
3/31/2019,11.65
4/1/2019,11.51
4/2/2019,11.5
4/3/2019,11.41
4/4/2019,11.37
4/5/2019,11.3
4/8/2019,11.26
4/9/2019,11.31
4/10/2019,11.25
4/11/2019,11.26
4/12/2019,11.22
4/15/2019,11.14
4/16/2019,11.1
4/17/2019,11.04
4/18/2019,11.1
4/22/2019,11.15
4/23/2019,11.13
4/24/2019,11.03
4/25/2019,11.05
4/26/2019,11.01
4/29/2019,10.92
4/30/2019,10.61
5/1/2019,10.64
5/2/2019,10.67
5/3/2019,10.67
5/6/2019,10.75
5/7/2019,10.85
5/8/2019,10.95
5/9/2019,11.01
5/10/2019,11.06
5/13/2019,11.27
5/14/2019,11.17
5/15/2019,11.16
5/16/2019,11.04
5/17/2019,11.08
5/20/2019,11.12
5/21/2019,11.05
5/22/2019,11.08
5/23/2019,11.23
5/24/2019,11.19
5/27/2019,11.2
5/28/2019,11.21
5/29/2019,11.41
5/30/2019,11.39
5/31/2019,11.91
6/3/2019,11.93
6/4/2019,11.78
6/5/2019,11.76
6/6/2019,11.78
6/7/2019,11.7
6/10/2019,11.55
6/11/2019,11.54
6/12/2019,11.49
6/13/2019,11.48
6/14/2019,11.43
6/17/2019,11.42
6/18/2019,11.3
6/19/2019,11.27
6/20/2019,11.18
6/21/2019,11.2
6/24/2019,11.24
6/25/2019,11.33
6/26/2019,11.4
6/27/2019,11.3
6/28/2019,11.29
6/30/2019,11.78
7/1/2019,11.73
7/2/2019,11.8
7/3/2019,11.78
7/4/2019,11.78
7/5/2019,11.8
7/8/2019,11.87
7/9/2019,11.93
7/10/2019,11.87
7/11/2019,11.93
7/12/2019,11.94
7/15/2019,11.9
7/16/2019,11.87
7/17/2019,11.92
7/18/2019,12
7/19/2019,11.97
7/22/2019,11.96
7/23/2019,11.92
7/24/2019,11.91
7/25/2019,11.89
7/26/2019,11.88
7/29/2019,11.9
7/30/2019,11.99
7/31/2019,11.59
8/1/2019,11.65
8/2/2019,11.78
8/5/2019,12.06
8/6/2019,12.03
8/7/2019,12.21
8/8/2019,12.04
8/9/2019,12.14
8/12/2019,12.3
8/13/2019,12.21
8/14/2019,12.49
8/15/2019,12.46
8/16/2019,12.4
8/19/2019,12.27
8/20/2019,12.23
8/21/2019,12.13
8/22/2019,12.14
8/23/2019,12.15
8/26/2019,12.17
8/27/2019,12.15
8/28/2019,12.15
8/29/2019,12.04
8/30/2019,12.06
8/31/2019,12.04
9/2/2019,12.04
9/3/2019,12.18
9/4/2019,12.12
9/5/2019,12.11
9/6/2019,12.01
9/9/2019,12
9/10/2019,11.92
9/11/2019,11.84
9/12/2019,11.79
9/13/2019,11.82
9/16/2019,11.62
9/17/2019,11.65
9/18/2019,11.72
9/19/2019,11.73
9/20/2019,11.73
9/23/2019,11.73
9/24/2019,11.7
9/25/2019,11.79
9/26/2019,11.79
9/27/2019,11.85
9/30/2019,12.2
10/1/2019,12.22
10/2/2019,12.52
10/3/2019,12.59
10/4/2019,12.48
10/7/2019,12.48
10/8/2019,12.6
10/9/2019,12.59
10/10/2019,12.58
10/11/2019,12.48
10/14/2019,12.33
10/15/2019,12.3
10/16/2019,12.26
10/17/2019,12.22
10/18/2019,12.27
10/21/2019,12.22
10/22/2019,12.25
10/23/2019,12.21
10/24/2019,12.19
10/25/2019,12.17
10/28/2019,12.18
10/29/2019,12.14
10/30/2019,12.25
10/31/2019,12.37
11/1/2019,12.38
11/4/2019,12.25
11/5/2019,12.29
11/6/2019,12.43
11/7/2019,12.49
11/8/2019,12.49
11/11/2019,12.5
11/12/2019,12.5
11/13/2019,12.66
11/14/2019,12.72
11/15/2019,12.68
11/18/2019,12.75
11/19/2019,13.01
11/20/2019,12.98
11/21/2019,13.08
11/22/2019,13.09
11/25/2019,13.05
11/26/2019,12.99
11/27/2019,12.96
11/29/2019,13.01
11/30/2019,13.07
12/2/2019,13.15
12/3/2019,13.15
12/4/2019,12.99
12/5/2019,12.93
12/6/2019,12.77
12/9/2019,12.72
12/10/2019,12.63
12/11/2019,12.53
12/12/2019,12.35
12/13/2019,12.21
12/16/2019,11.98
12/17/2019,11.89
12/18/2019,11.76
12/19/2019,11.71
12/20/2019,11.65
12/23/2019,11.64
12/24/2019,11.64
12/26/2019,11.64
12/27/2019,11.62
12/30/2019,11.62
12/31/2019,11.78
1/2/2020,11.7
1/3/2020,11.63
1/6/2020,11.65
1/7/2020,11.58
1/8/2020,11.55
1/9/2020,11.5
1/10/2020,11.44
1/13/2020,11.5
1/14/2020,11.36
1/15/2020,11.31
1/16/2020,11.25
1/17/2020,11.2
1/20/2020,11.2
1/21/2020,11.25
1/22/2020,11.33
1/23/2020,11.45
1/24/2020,11.49
1/27/2020,12.04
1/28/2020,11.86
1/29/2020,11.82
1/30/2020,11.98
1/31/2020,11.86
2/3/2020,11.84
2/4/2020,11.66
2/5/2020,11.57
2/6/2020,11.38
2/7/2020,11.32
2/10/2020,11.39
2/11/2020,11.38
2/12/2020,11.32
2/13/2020,11.27
2/14/2020,11.24
2/17/2020,11.24
2/18/2020,11.33
2/19/2020,11.27
2/20/2020,11.25
2/21/2020,11.19
2/24/2020,11.63
2/25/2020,11.69
2/26/2020,11.83
2/27/2020,12.27
2/28/2020,12.62
2/29/2020,12.81
3/2/2020,12.59
3/3/2020,12.44
3/4/2020,12.41
3/5/2020,12.76
3/6/2020,13.48
3/9/2020,14.61
3/10/2020,14.28
3/11/2020,14.69
3/12/2020,15.85
3/13/2020,15.7
3/16/2020,16.65
3/17/2020,16.85
3/18/2020,18.04
3/19/2020,18.88
3/20/2020,19.17
3/23/2020,19.93
3/24/2020,19.84
3/25/2020,19.41
3/26/2020,18.34
3/27/2020,17.89
3/30/2020,17.73
3/31/2020,18.21
4/1/2020,18.83
4/2/2020,18.87
4/3/2020,19.42
4/6/2020,19.3
4/7/2020,18.93
4/8/2020,18.88
4/9/2020,17.81
4/13/2020,17.53
4/14/2020,16.95
4/15/2020,17.04
4/16/2020,16.95
4/17/2020,16.53
4/20/2020,16.74
4/21/2020,17.05
4/22/2020,16.97
4/23/2020,17.1
4/24/2020,17.25
4/27/2020,17.31
4/28/2020,17.34
4/29/2020,17.21
4/30/2020,18.09
5/1/2020,18.22
5/4/2020,18.32
5/5/2020,18.13
5/6/2020,18.22
5/7/2020,18.14
5/8/2020,18.14
5/11/2020,18.23
5/12/2020,17.95
5/13/2020,18.05
5/14/2020,18.1
5/15/2020,18.12
5/18/2020,17.86
5/19/2020,17.77
5/20/2020,17.5
5/21/2020,17.44
5/22/2020,17.41
5/25/2020,17.44
5/26/2020,17.14
5/27/2020,16.95
5/28/2020,16.71
5/29/2020,16.74
5/31/2020,15.41
6/1/2020,15.22
6/2/2020,14.73
6/3/2020,14.09
6/4/2020,14.09
6/5/2020,13.64
6/8/2020,13.58
6/9/2020,13.67
6/10/2020,13.73
6/11/2020,14.34
6/12/2020,14.27
6/15/2020,14.31
6/16/2020,13.86
6/17/2020,13.84
6/18/2020,14
6/19/2020,13.97
6/22/2020,13.99
6/23/2020,14.01
6/24/2020,14.39
6/25/2020,14.5
6/26/2020,14.64
6/29/2020,14.74
6/30/2020,14.46
7/1/2020,14.38
7/2/2020,14.21
7/3/2020,14.21
7/6/2020,14.07
7/7/2020,14.06
7/8/2020,14.09
7/9/2020,14.11
7/10/2020,14.14
7/13/2020,13.96
7/14/2020,13.9
7/15/2020,13.66
7/16/2020,13.61
7/17/2020,13.64
7/20/2020,13.52
7/21/2020,13.17
7/22/2020,13.07
7/23/2020,13.05
7/24/2020,13.11
7/27/2020,13.1
7/28/2020,13.09
7/29/2020,12.96
7/30/2020,12.84
7/31/2020,12.64
8/3/2020,12.54
8/4/2020,12.55
8/5/2020,12.42
8/6/2020,12.42
8/7/2020,12.4
8/10/2020,12.51
8/11/2020,12.4
8/12/2020,12.49
8/13/2020,12.51
8/14/2020,12.6
8/17/2020,12.61
8/18/2020,12.57
8/19/2020,12.56
8/20/2020,12.57
8/21/2020,12.51
8/24/2020,12.4
8/25/2020,12.27
8/26/2020,12.19
8/27/2020,12.12
8/28/2020,12.09
8/31/2020,11.95
9/1/2020,11.87
9/2/2020,11.81
9/3/2020,11.86
9/4/2020,12.01
9/7/2020,12.02
9/8/2020,12.16
9/9/2020,12.03
9/10/2020,12.01
9/11/2020,12
9/14/2020,11.84
9/15/2020,11.79
9/16/2020,11.56
9/17/2020,11.58
9/18/2020,11.57
9/21/2020,11.94
9/22/2020,11.94
9/23/2020,12.01
9/24/2020,12.21
9/25/2020,12.23
9/28/2020,12.06
9/29/2020,11.92
9/30/2020,11.8
10/1/2020,11.77
10/2/2020,11.76
10/5/2020,11.62
10/6/2020,11.49
10/7/2020,11.41
10/8/2020,11.36
10/9/2020,11.25
10/12/2020,11.26
10/13/2020,11.22
10/14/2020,11.14
10/15/2020,11.29
10/16/2020,11.21
10/19/2020,11.19
10/20/2020,11.18
10/21/2020,11.2
10/22/2020,11.17
10/23/2020,11.23
10/26/2020,11.38
10/27/2020,11.42
10/28/2020,11.68
10/29/2020,11.62
10/30/2020,11.65
10/31/2020,11.71
11/2/2020,11.64
11/3/2020,11.48
11/4/2020,11.07
11/5/2020,10.75
11/6/2020,10.83
11/9/2020,10.13
11/10/2020,10.28
11/11/2020,10.27
11/12/2020,10.42
11/13/2020,10.39
11/16/2020,10.17
11/17/2020,10.12
11/18/2020,10.04
11/19/2020,10.09
11/20/2020,10.06
11/23/2020,9.97
11/24/2020,9.76
11/25/2020,9.71
11/26/2020,9.71
11/27/2020,9.67
11/30/2020,9.56
12/1/2020,9.42
12/2/2020,9.3
12/3/2020,9.13
12/4/2020,9.01
12/7/2020,8.98
12/8/2020,8.97
12/9/2020,8.92
12/10/2020,8.95
12/11/2020,8.98
12/14/2020,8.84
12/15/2020,8.8
12/16/2020,8.78
12/17/2020,8.73
12/18/2020,8.75
12/21/2020,8.95
12/22/2020,8.84
12/23/2020,8.8
12/24/2020,8.77
12/28/2020,8.47
12/29/2020,8.47
12/30/2020,8.42
12/31/2020,8.36
1/4/2021,8.42
1/5/2021,8.45
1/6/2021,8.31
1/7/2021,8.34
1/8/2021,8.19
1/11/2021,8.29
1/12/2021,8.26
1/13/2021,8.17
1/14/2021,8.04
1/15/2021,7.97
1/18/2021,7.96
1/19/2021,7.88
1/20/2021,7.81
1/21/2021,7.71
1/22/2021,7.83
1/25/2021,7.81
1/26/2021,7.79
1/27/2021,7.9
1/28/2021,7.82
1/29/2021,7.89
1/31/2021,7.78
2/1/2021,7.72
2/2/2021,7.62
2/3/2021,7.52
2/4/2021,7.5
2/5/2021,7.33
2/8/2021,7.27
2/9/2021,7.24
2/10/2021,7.23
2/11/2021,7.2
2/12/2021,7.23
2/15/2021,7.2
2/16/2021,7.17
2/17/2021,7.17
2/18/2021,7.2
2/19/2021,7.17
2/22/2021,7.21
2/23/2021,7.22
2/24/2021,7.16
2/25/2021,7.27
2/26/2021,7.33
2/28/2021,7.64
3/1/2021,7.58
3/2/2021,7.55
3/3/2021,7.5
3/4/2021,7.56
3/5/2021,7.62
3/8/2021,7.58
3/9/2021,7.56
3/10/2021,7.55
3/11/2021,7.38
3/12/2021,7.47
3/15/2021,7.42
3/16/2021,7.34
3/17/2021,7.54
3/18/2021,7.66
3/19/2021,7.69
3/22/2021,7.49
3/23/2021,7.45
3/24/2021,7.36
3/25/2021,7.42
3/26/2021,7.41
3/29/2021,7.34
3/30/2021,7.4
3/31/2021,7.41
4/1/2021,7.32
4/5/2021,7.23
4/6/2021,7.16
4/7/2021,7.14
4/8/2021,7.09
4/9/2021,7.18
4/12/2021,7.2
4/13/2021,7.24
4/14/2021,7.16
4/15/2021,7.13
4/16/2021,7.13
4/19/2021,7.16
4/20/2021,7.21
4/21/2021,7.24
4/22/2021,7.23
4/23/2021,7.19
4/26/2021,7.15
4/27/2021,7.18
4/28/2021,7.13
4/29/2021,7.1
4/30/2021,7.31
5/3/2021,7.2
5/4/2021,7.21
5/5/2021,7.15
5/6/2021,7.12
5/7/2021,7.11
5/10/2021,7.13
5/11/2021,7.26
5/12/2021,7.31
5/13/2021,7.31
5/14/2021,7.23
5/17/2021,7.22
5/18/2021,7.19
5/19/2021,7.33
5/20/2021,7.28
5/21/2021,7.26
5/24/2021,7.2
5/25/2021,7.13
5/26/2021,7.16
5/27/2021,7.12
5/28/2021,7
5/31/2021,7.15
6/1/2021,7.16
6/2/2021,7.12
6/3/2021,7.11
6/4/2021,7.05
6/7/2021,6.98
6/8/2021,6.91
6/9/2021,6.88
6/10/2021,6.83
6/11/2021,6.8
6/14/2021,6.77
6/15/2021,6.8
6/16/2021,6.82
6/17/2021,6.82
6/18/2021,6.85
6/21/2021,6.85
6/22/2021,6.82
6/23/2021,6.8
6/24/2021,6.74
6/25/2021,6.7
6/28/2021,6.68
6/29/2021,6.65
6/30/2021,6.64
7/1/2021,6.6
7/2/2021,6.58
7/5/2021,6.57
7/6/2021,6.54
7/7/2021,6.52
7/8/2021,6.61
7/9/2021,6.63
7/12/2021,6.58
7/13/2021,6.69
7/14/2021,6.69
7/15/2021,6.73
7/16/2021,6.78
7/19/2021,7.03
7/20/2021,6.96
7/21/2021,6.86
7/22/2021,6.86
7/23/2021,6.84
7/26/2021,6.8
7/27/2021,6.85
7/28/2021,6.94
7/29/2021,6.85
7/30/2021,6.88
7/31/2021,7.21
8/2/2021,7.13
8/3/2021,7.22
8/4/2021,7.3
8/5/2021,7.31
8/6/2021,7.34
8/9/2021,7.38
8/10/2021,7.37
8/11/2021,7.42
8/12/2021,7.39
8/13/2021,7.36
8/16/2021,7.33
8/17/2021,7.31
8/18/2021,7.3
8/19/2021,7.4
8/20/2021,7.4
8/23/2021,7.35
8/24/2021,7.31
8/25/2021,7.22
8/26/2021,7.2
8/27/2021,7.07
8/30/2021,7.06
8/31/2021,7.33
9/1/2021,7.28
9/2/2021,7.29
9/3/2021,7.23
9/6/2021,7.22
9/7/2021,7.31
9/8/2021,7.28
9/9/2021,7.26
9/10/2021,7.29
9/13/2021,7.22
9/14/2021,7.17
9/15/2021,7.13
9/16/2021,7.15
9/17/2021,7.13
9/20/2021,7.39
9/21/2021,7.32
9/22/2021,7.27
9/23/2021,7.17
9/24/2021,7.21
9/27/2021,7.24
9/28/2021,7.32
9/29/2021,7.22
9/30/2021,7.48
10/1/2021,7.44
10/4/2021,7.47
10/5/2021,7.48
10/6/2021,7.64
10/7/2021,7.54
10/8/2021,7.61
10/11/2021,7.6
10/12/2021,7.71
10/13/2021,7.65
10/14/2021,7.48
10/15/2021,7.55
10/18/2021,7.55
10/19/2021,7.53
10/20/2021,7.51
10/21/2021,7.55
10/22/2021,7.61
10/25/2021,7.63
10/26/2021,7.56
10/27/2021,7.56
10/28/2021,7.57
10/29/2021,7.58
10/31/2021,7.61
11/1/2021,7.67
11/2/2021,7.69
11/3/2021,7.7
11/4/2021,7.6
11/5/2021,7.53
11/8/2021,7.44
11/9/2021,7.46
11/10/2021,7.57
11/11/2021,7.56
11/12/2021,7.65
11/15/2021,7.68
11/16/2021,7.75
11/17/2021,7.8
11/18/2021,7.85
11/19/2021,7.9
11/22/2021,7.93
11/23/2021,8.08
11/24/2021,8.05
11/25/2021,8.05
11/26/2021,8.28
11/29/2021,8.2
11/30/2021,8.32
12/1/2021,8.18
12/2/2021,8.26
12/3/2021,8.15
12/6/2021,8.08
12/7/2021,7.89
12/8/2021,7.9
12/9/2021,7.89
12/10/2021,7.95
12/13/2021,7.96
12/14/2021,8
12/15/2021,8.01
12/16/2021,7.98
12/17/2021,8.06
12/20/2021,8.08
12/21/2021,8
12/22/2021,7.95
12/23/2021,7.83
12/27/2021,7.79
12/28/2021,7.77
12/29/2021,7.75
12/30/2021,7.83
12/31/2021,7.96
1/3/2022,8.03
1/4/2022,8.05
1/5/2022,8.04
1/6/2022,8.17
1/7/2022,8.26
1/10/2022,8.29
1/11/2022,8.15
1/12/2022,7.99
1/13/2022,8.04
1/14/2022,8.07
1/17/2022,8.07
1/18/2022,8.21
1/19/2022,8.16
1/20/2022,8.17
1/21/2022,8.34
1/24/2022,8.52
1/25/2022,8.56
1/26/2022,8.46
1/27/2022,8.65
1/28/2022,8.88
1/31/2022,8.86
2/1/2022,8.74
2/2/2022,8.63
2/3/2022,8.77
2/4/2022,8.94
2/7/2022,8.97
2/8/2022,8.94
2/9/2022,8.83
2/10/2022,8.95
2/11/2022,9.13
2/14/2022,9.24
2/15/2022,9.17
2/16/2022,9.17
2/17/2022,9.17
2/18/2022,9.21
2/21/2022,9.21
2/22/2022,9.24
2/23/2022,9.24
2/24/2022,9.49
2/25/2022,9.18
2/28/2022,9.41
3/1/2022,9.37
3/2/2022,9.4
3/3/2022,9.39
3/4/2022,9.49
3/7/2022,9.7
3/8/2022,9.81
3/9/2022,9.79
3/10/2022,9.95
3/11/2022,10.01
3/14/2022,10.31
3/15/2022,10.36
3/16/2022,10.17
3/17/2022,10
3/18/2022,9.93
3/21/2022,9.97
3/22/2022,9.98
3/23/2022,9.97
3/24/2022,9.96
3/25/2022,9.98
3/28/2022,10.02
3/29/2022,9.78
3/30/2022,9.66
3/31/2022,9.67
4/1/2022,9.76
4/4/2022,9.7
4/5/2022,9.75
4/6/2022,10.01
4/7/2022,10.11
4/8/2022,10.21
4/11/2022,10.44
4/12/2022,10.36
4/13/2022,10.34
4/14/2022,10.32
4/18/2022,10.41
4/19/2022,10.46
4/20/2022,10.37
4/21/2022,10.42
4/22/2022,10.57
4/25/2022,10.7
4/26/2022,10.74
4/27/2022,10.86
4/28/2022,10.89
4/29/2022,11.1
4/30/2022,11.42
5/2/2022,11.65
5/3/2022,11.67
5/4/2022,11.73
5/5/2022,11.79
5/6/2022,12.05
5/9/2022,12.42
5/10/2022,12.52
5/11/2022,12.58
5/12/2022,12.87
5/13/2022,12.88
5/16/2022,12.92
5/17/2022,12.93
5/18/2022,13.21
5/19/2022,13.4
5/20/2022,13.39
5/23/2022,13.4
5/24/2022,13.44
5/25/2022,13.17
5/26/2022,12.71
5/27/2022,12.46
5/30/2022,12.46
5/31/2022,12.59
6/1/2022,12.58
6/2/2022,12.56
6/3/2022,12.65
6/6/2022,12.65
6/7/2022,12.76
6/8/2022,12.83
6/9/2022,12.96
6/10/2022,13.3
6/13/2022,13.97
6/14/2022,14.12
6/15/2022,13.93
6/16/2022,14.25
6/17/2022,14.27
6/20/2022,14.28
6/21/2022,14.2
6/22/2022,14.37
6/23/2022,14.42
6/24/2022,14.29
6/27/2022,14.33
6/28/2022,14.49
6/29/2022,14.83
6/30/2022,14.95
7/1/2022,14.96
7/4/2022,14.97
7/5/2022,15.11
7/6/2022,15.11
7/7/2022,14.93
7/8/2022,14.86
7/11/2022,14.87
7/12/2022,14.91
7/13/2022,14.94
7/14/2022,15.04
7/15/2022,14.87
7/18/2022,14.72
7/19/2022,14.65
7/20/2022,14.44
7/21/2022,14.3
7/22/2022,14.11
7/25/2022,14.08
7/26/2022,14.19
7/27/2022,14.11
7/28/2022,14.02
7/29/2022,13.67
7/31/2022,13.72
8/1/2022,13.68
8/2/2022,13.54
8/3/2022,13.37
8/4/2022,13.2
8/5/2022,13.26
8/8/2022,13.1
8/9/2022,13.15
8/10/2022,12.9
8/11/2022,12.78
8/12/2022,12.78
8/15/2022,12.58
8/16/2022,12.61
8/17/2022,12.78
8/18/2022,12.79
8/19/2022,12.97
8/22/2022,13.27
8/23/2022,13.33
8/24/2022,13.27
8/25/2022,13.23
8/26/2022,13.31
8/29/2022,13.62
8/30/2022,13.76
8/31/2022,15.06
9/1/2022,15.31
9/2/2022,15.2
9/5/2022,15.21
9/6/2022,15.25
9/7/2022,15.2
9/8/2022,15.04
9/9/2022,14.78
9/12/2022,14.68
9/13/2022,15.09
9/14/2022,15.2
9/15/2022,15.33
9/16/2022,15.59
9/19/2022,15.56
9/20/2022,15.6
9/21/2022,15.59
9/22/2022,15.85
9/23/2022,16.19
9/26/2022,16.47
9/27/2022,16.63
9/28/2022,16.63
9/29/2022,16.86
9/30/2022,16.84
10/3/2022,16.74
10/4/2022,16.39
10/5/2022,16.46
10/6/2022,16.36
10/7/2022,16.52
10/10/2022,16.54
10/11/2022,16.71
10/12/2022,16.81
10/13/2022,16.93
10/14/2022,16.79
10/17/2022,16.67
10/18/2022,16.51
10/19/2022,16.66
10/20/2022,16.63
10/21/2022,16.69
10/24/2022,16.66
10/25/2022,16.52
10/26/2022,16.37
10/27/2022,16.24
10/28/2022,16.12
10/31/2022,16.25
11/1/2022,16.22
11/2/2022,16.23
11/3/2022,16.55
11/4/2022,16.57
11/7/2022,16.63
11/8/2022,16.61
11/9/2022,16.9
11/10/2022,16.27
11/11/2022,16.27
11/14/2022,16.05
11/15/2022,15.83
11/16/2022,15.85
11/17/2022,16.03
11/18/2022,16.01
11/21/2022,16.06
11/22/2022,16.02
11/23/2022,15.89
11/24/2022,15.9
11/25/2022,15.9
11/28/2022,15.98
11/29/2022,16.05
11/30/2022,15.24
12/1/2022,14.99
12/2/2022,15.01
12/5/2022,15.12
12/6/2022,15.21
12/7/2022,15.22
12/8/2022,15.18
12/9/2022,15.11
12/12/2022,15.07
12/13/2022,14.84
12/14/2022,14.72
12/15/2022,14.88
12/16/2022,15.02
12/19/2022,15.13
12/20/2022,15.21
12/21/2022,15.09
12/22/2022,15.18
12/23/2022,15.23
12/27/2022,15.26
12/28/2022,15.52
12/29/2022,15.62
12/30/2022,15.57
12/31/2022,15.76
1/3/2023,15.62
1/4/2023,15.46
1/5/2023,15.37
1/6/2023,14.93
1/9/2023,14.69
1/10/2023,14.65
1/11/2023,14.51
1/12/2023,14.34
1/13/2023,14.26
1/16/2023,14.14
1/17/2023,14.1
1/18/2023,13.99
1/19/2023,14.18
1/20/2023,14.18
1/23/2023,14.17
1/24/2023,14.14
1/25/2023,14.17
1/26/2023,14.04
1/27/2023,14.02
1/30/2023,14.04
1/31/2023,14.16
2/1/2023,14
2/2/2023,13.5
2/3/2023,13.66
2/6/2023,13.85
2/7/2023,13.86
2/8/2023,13.89
2/9/2023,13.93
2/10/2023,14.18
2/13/2023,14.16
2/14/2023,14.03
2/15/2023,14.11
2/16/2023,14.21
2/17/2023,14.35
2/20/2023,14.36
2/21/2023,14.67
2/22/2023,14.62
2/23/2023,14.4
2/24/2023,14.51
2/27/2023,14.37
2/28/2023,14.42
3/1/2023,14.44
3/2/2023,14.47
3/3/2023,14.31
3/6/2023,14.22
3/7/2023,14.3
3/8/2023,14.44
3/9/2023,14.53
3/10/2023,14.72
3/13/2023,15.04
3/14/2023,14.88
3/15/2023,15.35
3/16/2023,15.26
3/17/2023,15.25
3/20/2023,15.44
3/21/2023,15.27
3/22/2023,15.2
3/23/2023,15.21
3/24/2023,15.41
3/27/2023,15.35
3/28/2023,15.37
3/29/2023,15.24
3/30/2023,15.15
3/31/2023,15.04
4/3/2023,14.96
4/4/2023,14.97
4/5/2023,15.08
4/6/2023,15.14
4/10/2023,15.18
4/11/2023,15.11
4/12/2023,15
4/13/2023,14.86
4/14/2023,14.7
4/17/2023,14.75
4/18/2023,14.64
4/19/2023,14.67
4/20/2023,14.71
4/21/2023,14.63
4/24/2023,14.61
4/25/2023,14.61
4/26/2023,14.59
4/27/2023,14.54
4/28/2023,14.44
4/30/2023,14.4
5/1/2023,14.44
5/2/2023,14.52
5/3/2023,14.45
5/4/2023,14.6
5/5/2023,14.47
5/8/2023,14.53
5/9/2023,14.6
5/10/2023,14.5
5/11/2023,14.45
5/12/2023,14.52
5/15/2023,14.52
5/16/2023,14.61
5/17/2023,14.67
5/18/2023,14.71
5/19/2023,14.69
5/22/2023,14.63
5/23/2023,14.68
5/24/2023,14.82
5/25/2023,14.84
5/26/2023,14.84
5/29/2023,14.85
5/30/2023,14.71
5/31/2023,14.71
6/1/2023,14.6
6/2/2023,14.44
6/5/2023,14.41
6/6/2023,14.36
6/7/2023,14.33
6/8/2023,14.24
6/9/2023,14.13
6/12/2023,14.13
6/13/2023,14
6/14/2023,13.91
6/15/2023,13.84
6/16/2023,13.84
6/19/2023,13.86
6/20/2023,13.89
6/21/2023,13.98
6/22/2023,14.05
6/23/2023,14.16
6/26/2023,14.18
6/27/2023,14.1
6/28/2023,14.01
6/29/2023,14
6/30/2023,13.8
7/3/2023,13.78
7/4/2023,13.79
7/5/2023,13.85
7/6/2023,14.06
7/7/2023,14.04
7/10/2023,14.03
7/11/2023,13.94
7/12/2023,13.62
7/13/2023,13.45
7/14/2023,13.41
7/17/2023,13.5
7/18/2023,13.45
7/19/2023,13.4
7/20/2023,13.46
7/21/2023,13.46
7/24/2023,13.48
7/25/2023,13.48
7/26/2023,13.52
7/27/2023,13.47
7/28/2023,13.44
7/31/2023,13.47
8/1/2023,13.57
8/2/2023,13.73
8/3/2023,13.86
8/4/2023,13.77
8/7/2023,13.72
8/8/2023,13.62
8/9/2023,13.52
8/10/2023,13.49
8/11/2023,13.57
8/14/2023,13.46
8/15/2023,13.51
8/16/2023,13.51
8/17/2023,13.65
8/18/2023,13.69
8/21/2023,13.73
8/22/2023,13.74
8/23/2023,13.58
8/24/2023,13.63
8/25/2023,13.64
8/28/2023,13.6
8/29/2023,13.46
8/30/2023,13.38
8/31/2023,13.46
9/1/2023,13.46
9/4/2023,13.47
9/5/2023,13.57
9/6/2023,13.66
9/7/2023,13.62
9/8/2023,13.57
9/11/2023,13.53
9/12/2023,13.54
9/13/2023,13.51
9/14/2023,13.4
9/15/2023,13.43
9/18/2023,13.48
9/19/2023,13.53
9/20/2023,13.5
9/21/2023,13.74
9/22/2023,13.73
9/25/2023,13.86
9/26/2023,13.97
9/27/2023,14.08
9/28/2023,14.05
9/29/2023,13.97
9/30/2023,14.03
10/2/2023,14.25
10/3/2023,14.61
10/4/2023,14.64
10/5/2023,14.66
10/6/2023,14.68
10/9/2023,14.69
10/10/2023,14.41
10/11/2023,14.38
10/12/2023,14.54
10/13/2023,14.55
10/16/2023,14.56
10/17/2023,14.69
10/18/2023,14.83
10/19/2023,14.95
10/20/2023,15.06
10/23/2023,15.05
10/24/2023,14.97
10/25/2023,15.01
10/26/2023,15.18
10/27/2023,15.21
10/30/2023,15.41
10/31/2023,15.45
11/1/2023,15.49
11/2/2023,14.92
11/3/2023,14.76
11/6/2023,14.92
11/7/2023,14.82
11/8/2023,14.88
11/9/2023,14.88
11/10/2023,14.92
11/13/2023,14.93
11/14/2023,14.45
11/15/2023,14.45
11/16/2023,14.52
11/17/2023,14.51
11/20/2023,14.42
11/21/2023,14.42
11/22/2023,14.42
11/23/2023,14.43
11/24/2023,14.44
11/27/2023,14.34
11/28/2023,14.25
11/29/2023,14.02
11/30/2023,14.25
12/1/2023,14.14
12/4/2023,14.15
12/5/2023,14
12/6/2023,13.95
12/7/2023,13.94
12/8/2023,14
12/11/2023,14.07
12/12/2023,13.97
12/13/2023,13.72
12/14/2023,13.12
12/15/2023,13.16
12/18/2023,13.17
12/19/2023,13.08
12/20/2023,12.88
12/21/2023,12.81
12/22/2023,12.79
12/26/2023,12.75
12/27/2023,12.61
12/28/2023,12.59
12/29/2023,12.53
12/31/2023,13.05
1/2/2024,13.33
1/3/2024,13.58
1/4/2024,13.67
1/5/2024,13.7
1/8/2024,13.65
1/9/2024,13.59
1/10/2024,13.51
1/11/2024,13.44
1/12/2024,13.38
1/15/2024,13.28
1/16/2024,13.38
1/17/2024,13.53
1/18/2024,13.53
1/19/2024,13.46
1/22/2024,13.36
1/23/2024,13.33
1/24/2024,13.35
1/25/2024,13.27
1/26/2024,13.24
1/29/2024,13.09
1/30/2024,13.08
1/31/2024,13.55
2/1/2024,13.49
2/2/2024,13.61
2/5/2024,13.8
2/6/2024,13.72
2/7/2024,13.62
2/8/2024,13.51
2/9/2024,13.47
2/12/2024,13.48
2/13/2024,13.69
2/14/2024,13.66
2/15/2024,13.61
2/16/2024,13.63
2/19/2024,13.64
2/20/2024,13.61
2/21/2024,13.65
2/22/2024,13.48
2/23/2024,13.34
2/26/2024,13.26
2/27/2024,13.26
2/28/2024,13.23
2/29/2024,13.21
3/1/2024,13.13
3/4/2024,13.09
3/5/2024,13.02
3/6/2024,12.98
3/7/2024,12.93
3/8/2024,12.91
3/11/2024,12.93
3/12/2024,12.9
3/13/2024,12.85
3/14/2024,12.95
3/15/2024,13.01
3/18/2024,13
3/19/2024,12.86
3/20/2024,12.84
3/21/2024,12.82
3/22/2024,12.76
3/25/2024,12.9
3/26/2024,12.93
3/27/2024,12.89
3/28/2024,12.87
3/31/2024,12.96
4/1/2024,13.09
4/2/2024,13.27
4/3/2024,13.3
4/4/2024,13.26
4/5/2024,13.31
4/8/2024,13.35
4/9/2024,13.26
4/10/2024,13.43
4/11/2024,13.47
4/12/2024,13.56
4/15/2024,13.66
4/16/2024,13.88
4/17/2024,13.85
4/18/2024,13.87
4/19/2024,13.85
4/22/2024,13.77
4/23/2024,13.64
4/24/2024,13.61
4/25/2024,13.68
4/26/2024,13.58
4/29/2024,13.45
4/30/2024,13.97
5/1/2024,13.94
5/2/2024,13.78
5/3/2024,13.61
5/6/2024,13.59
5/7/2024,13.66
5/8/2024,13.76
5/9/2024,13.77
5/10/2024,13.83
5/13/2024,13.8
5/14/2024,13.66
5/15/2024,13.52
5/16/2024,13.53
5/17/2024,13.53
5/20/2024,13.52
5/21/2024,13.49
5/22/2024,13.56
5/23/2024,13.62
5/24/2024,13.64
5/27/2024,13.65
5/28/2024,13.67
5/29/2024,13.79
5/30/2024,13.77
5/31/2024,13.98
6/3/2024,13.9
6/4/2024,13.87
6/5/2024,13.8
6/6/2024,13.72
6/7/2024,13.79
6/10/2024,13.79
6/11/2024,13.78
6/12/2024,13.51
6/13/2024,13.54
6/14/2024,13.67
6/17/2024,13.78
6/18/2024,13.71
6/19/2024,13.71
6/20/2024,13.71
6/21/2024,13.77
6/24/2024,13.74
6/25/2024,13.8
6/26/2024,13.89
6/27/2024,13.78
6/28/2024,13.77
6/30/2024,13.95
7/1/2024,14.02
7/2/2024,14.03
7/3/2024,13.98
7/4/2024,13.98
7/5/2024,13.91
7/8/2024,13.85
7/9/2024,13.85
7/10/2024,13.79
7/11/2024,13.74
7/12/2024,13.7
7/15/2024,13.56
7/16/2024,13.46
7/17/2024,13.53
7/18/2024,13.5
7/19/2024,13.57
7/22/2024,13.56
7/23/2024,13.5
7/24/2024,13.54
7/25/2024,13.54
7/26/2024,13.45
7/29/2024,13.36
7/30/2024,13.27
7/31/2024,13.45
8/1/2024,13.49
8/2/2024,13.81
8/5/2024,14.25
8/6/2024,14
8/7/2024,13.79
8/8/2024,13.71
8/9/2024,13.69
8/12/2024,13.62
8/13/2024,13.6
8/14/2024,13.43
8/15/2024,13.54
8/16/2024,13.47
8/19/2024,13.37
8/20/2024,13.38
8/21/2024,13.35
8/22/2024,13.33
8/23/2024,13.18
8/26/2024,13.14
8/27/2024,13.17
8/28/2024,13.18
8/29/2024,13.13
8/30/2024,13.15
8/31/2024,13.28
9/2/2024,13.29
9/3/2024,13.41
9/4/2024,13.23
9/5/2024,12.97
9/6/2024,12.96
9/9/2024,12.88
9/10/2024,12.85
9/11/2024,12.82
9/12/2024,12.73
9/13/2024,12.7
9/16/2024,12.39
9/17/2024,12.28
9/18/2024,12.27
9/19/2024,12.01
9/20/2024,12.05
9/23/2024,12.15
9/24/2024,12.2
9/25/2024,12.22
9/26/2024,12.24
9/27/2024,11.94
9/30/2024,11.63
10/1/2024,11.62
10/2/2024,11.67
10/3/2024,11.7
10/4/2024,11.73
10/7/2024,11.81
10/8/2024,11.82
10/9/2024,11.83
10/10/2024,11.83
10/11/2024,11.8
10/14/2024,11.75
10/15/2024,11.69
10/16/2024,11.61
10/17/2024,11.61
10/18/2024,11.56
10/21/2024,11.63
10/22/2024,11.67
10/23/2024,11.74
10/24/2024,11.7
10/25/2024,11.74
10/28/2024,11.67
10/29/2024,11.68
10/30/2024,11.63
10/31/2024,11.7
11/1/2024,11.62
11/4/2024,11.66
11/5/2024,11.66
11/6/2024,11.6
11/7/2024,11.43
11/8/2024,11.39
11/11/2024,11.39
11/12/2024,11.48
11/13/2024,11.51
11/14/2024,11.45
11/15/2024,11.51
11/18/2024,11.49
11/19/2024,11.44
11/20/2024,11.43
11/21/2024,11.33
11/22/2024,11.39
11/25/2024,11.33
11/26/2024,11.36
11/27/2024,11.35
11/28/2024,11.35
11/29/2024,11.33
11/30/2024,11.46
12/2/2024,11.45
12/3/2024,11.46
12/4/2024,11.4
12/5/2024,11.38
12/6/2024,11.35
12/9/2024,11.34
12/10/2024,11.33
12/11/2024,11.3
12/12/2024,11.3
12/13/2024,11.41
12/16/2024,11.39
12/17/2024,11.41
12/18/2024,11.48
12/19/2024,11.68
12/20/2024,11.6
12/23/2024,11.66
12/24/2024,11.64
12/26/2024,11.63
12/27/2024,11.65
12/30/2024,11.65
12/31/2024,11.78
1/2/2025,11.71
1/3/2025,11.69
1/6/2025,11.63
1/7/2025,11.68
1/8/2025,11.75
1/9/2025,11.71
1/10/2025,11.82
1/13/2025,11.9
1/14/2025,11.75
1/15/2025,11.5
1/16/2025,11.48
1/17/2025,11.41
1/20/2025,11.41
1/21/2025,11.3
1/22/2025,11.26
1/23/2025,11.25
1/24/2025,11.27
1/27/2025,11.37
1/28/2025,11.36
1/29/2025,11.37
1/30/2025,11.28
1/31/2025,11.19
2/3/2025,11.35
2/4/2025,11.33
2/5/2025,11.24
2/6/2025,11.26
2/7/2025,11.34
2/10/2025,11.31
2/11/2025,11.35
2/12/2025,11.49
2/13/2025,11.37
2/14/2025,11.26
2/17/2025,11.26
2/18/2025,11.49
2/19/2025,11.5
2/20/2025,11.43
2/21/2025,11.49
2/24/2025,11.44
2/25/2025,11.44
2/26/2025,11.31
2/27/2025,11.3
2/28/2025,11.61
3/3/2025,11.66
3/4/2025,11.82
3/5/2025,11.81
3/6/2025,11.95
3/7/2025,11.99
3/10/2025,12.22
3/11/2025,12.42
3/12/2025,12.44
3/13/2025,12.72
3/14/2025,12.62
3/17/2025,12.54
3/18/2025,12.64
3/19/2025,12.55
3/20/2025,12.5
3/21/2025,12.57
3/24/2025,12.44
3/25/2025,12.42
3/26/2025,12.56
3/27/2025,12.65
3/28/2025,12.82
3/31/2025,13.21
4/1/2025,13.16
4/2/2025,13.18
4/3/2025,13.92
4/4/2025,14.71
4/7/2025,15.22
4/8/2025,15.01
4/9/2025,14.88
4/10/2025,14.92
4/11/2025,14.85
4/14/2025,14.51
4/15/2025,14.42
4/16/2025,14.46
4/17/2025,14.26
4/21/2025,14.47
4/22/2025,14.26
4/23/2025,13.82
4/24/2025,13.72
4/25/2025,13.58
4/28/2025,13.55
4/29/2025,13.49
4/30/2025,13.68
5/1/2025,13.52
5/2/2025,13.44
5/5/2025,13.39
5/6/2025,13.41
5/7/2025,13.44
5/8/2025,13.3
5/9/2025,13.28
5/12/2025,12.86
5/13/2025,12.81
5/14/2025,12.75
5/15/2025,12.8
5/16/2025,12.81
5/19/2025,12.87
5/20/2025,12.85
5/21/2025,13
5/22/2025,13.06
5/23/2025,13.16
5/26/2025,13.16
5/27/2025,12.91
5/28/2025,12.86
5/29/2025,12.81
5/30/2025,12.87
5/31/2025,13.08
6/2/2025,13.21
6/3/2025,13.17
6/4/2025,13.22
6/5/2025,13.27
6/6/2025,13.25
6/9/2025,13.3
6/10/2025,13.36
6/11/2025,13.22
6/12/2025,13.15
6/13/2025,13.25
6/16/2025,13.04
6/17/2025,13.07
6/18/2025,13.09
6/19/2025,13.09
6/20/2025,13.06
6/23/2025,12.93
6/24/2025,12.79
6/25/2025,12.74
6/26/2025,12.72
6/27/2025,12.66
6/30/2025,12.66
7/1/2025,12.62
7/2/2025,12.59
7/3/2025,12.56
7/4/2025,12.56
7/7/2025,12.57
7/8/2025,12.59
7/9/2025,12.5
7/10/2025,12.47
7/11/2025,12.56
7/14/2025,12.51
7/15/2025,12.53
7/16/2025,12.53
7/17/2025,12.49
7/18/2025,12.47
7/21/2025,12.34
7/22/2025,12.29
7/23/2025,12.26
7/24/2025,12.26
7/25/2025,12.28
7/28/2025,12.23
7/29/2025,12.25
7/30/2025,12.32
7/31/2025,12.19
8/1/2025,12.41
8/4/2025,12.2
8/5/2025,12.19
8/6/2025,12.13
8/7/2025,12.11
8/8/2025,12.09
8/11/2025,12.15
8/12/2025,12.05
8/13/2025,11.89
8/14/2025,11.87
8/15/2025,11.84
8/18/2025,11.9
8/19/2025,11.88
8/20/2025,11.93
8/21/2025,12.01
8/22/2025,11.82
8/25/2025,11.77
8/26/2025,11.53
8/27/2025,11.46
8/28/2025,11.43
8/29/2025,11.46
8/31/2025,11.67
9/1/2025,11.67
9/2/2025,11.86
9/3/2025,11.75
9/4/2025,11.7
9/5/2025,11.62
9/8/2025,11.58
9/9/2025,11.65
9/10/2025,11.6
9/11/2025,11.51
9/12/2025,11.59
9/15/2025,11.54
9/16/2025,11.65
9/17/2025,11.7
9/18/2025,11.61
9/19/2025,11.62
9/22/2025,11.58
9/23/2025,11.58
9/24/2025,11.63
9/25/2025,11.77
9/26/2025,11.76
9/29/2025,11.68
9/30/2025,11.78
10/1/2025,11.76
10/2/2025,11.77
10/3/2025,11.8
10/6/2025,11.76
10/7/2025,11.81
10/8/2025,11.88
10/9/2025,12.08
10/10/2025,12.36
10/13/2025,12.36
10/14/2025,12.18
10/15/2025,12.03
10/16/2025,12.03
10/17/2025,12.05
10/20/2025,11.96
10/21/2025,11.95
10/22/2025,12
10/23/2025,12.03
10/24/2025,11.92
10/27/2025,11.78
10/28/2025,11.79
10/29/2025,11.82
10/30/2025,11.93
10/31/2025,12.33
11/3/2025,12.53
11/4/2025,12.64
11/5/2025,12.56
11/6/2025,12.53
11/7/2025,12.6
11/10/2025,12.54
11/11/2025,12.55
11/12/2025,12.58
11/13/2025,12.74
11/14/2025,12.69
11/17/2025,12.74
11/18/2025,12.85
11/19/2025,12.83
11/20/2025,12.79
11/21/2025,12.76
11/24/2025,12.74
11/25/2025,12.67
11/26/2025,12.66
11/27/2025,12.66
11/28/2025,12.71
11/30/2025,12.53
12/1/2025,12.62
12/2/2025,12.59
12/3/2025,12.39
12/4/2025,12.42
12/5/2025,12.36
12/8/2025,12.42
12/9/2025,12.49
12/10/2025,12.5
12/11/2025,12.43
12/12/2025,12.44
12/15/2025,12.45
12/16/2025,12.49
12/17/2025,12.55
12/18/2025,12.51
12/19/2025,12.47
12/22/2025,12.44
12/23/2025,12.4
12/24/2025,12.39
12/26/2025,12.42
12/29/2025,12.37
12/30/2025,12.3
12/31/2025,12.49
1/2/2026,12.54
1/5/2026,12.45
1/6/2026,12.37
1/7/2026,12.32
1/8/2026,12.34
1/9/2026,12.33
1/12/2026,12.33
1/13/2026,12.31
1/14/2026,12.27
1/15/2026,12.24
1/16/2026,12.24
1/19/2026,12.23
1/20/2026,12.37
1/21/2026,12.27
1/22/2026,12.17
1/23/2026,12.16
1/26/2026,12.18
1/27/2026,12.1
1/28/2026,12.02
1/29/2026,12.16
1/30/2026,12.14
1/31/2026,12.45
2/2/2026,12.42
2/3/2026,12.48
2/4/2026,12.55
2/5/2026,12.65
2/6/2026,12.59
2/9/2026,12.53
2/10/2026,12.54
2/11/2026,12.52
2/12/2026,12.56
2/13/2026,12.61
2/16/2026,12.49
2/17/2026,12.54
2/18/2026,12.43
2/19/2026,12.44
2/20/2026,12.42
2/23/2026,12.53
2/24/2026,12.66
2/25/2026,12.7
2/26/2026,12.76
2/27/2026,12.93
2/28/2026,13
3/2/2026,13.04
3/3/2026,13.18
3/4/2026,13.07
3/5/2026,13.12
3/6/2026,13.27
3/9/2026,13.35
3/10/2026,13.14
3/11/2026,13.19
3/12/2026,13.44
3/13/2026,13.61
3/16/2026,13.49
3/17/2026,13.38
3/18/2026,13.47
3/19/2026,13.62
3/20/2026,13.78
3/23/2026,13.68
3/24/2026,13.77
3/25/2026,13.68
3/26/2026,13.9
3/27/2026,14.15
3/30/2026,14.11
3/31/2026,13.86
4/1/2026,13.74
4/2/2026,13.79
4/3/2026,13.85
4/6/2026,13.72
4/7/2026,13.75
4/8/2026,13.42
4/9/2026,13.34
4/10/2026,13.45
4/13/2026,13.46
4/14/2026,13.13
4/15/2026,13.07
4/16/2026,13.06
4/17/2026,12.9
4/20/2026,12.92
4/21/2026,12.99
4/22/2026,12.97
4/23/2026,13.02
4/24/2026,13.01
4/27/2026,12.94
4/28/2026,13
4/29/2026,13.06
4/30/2026,13.08
5/1/2026,13.04
5/4/2026,13.16
5/5/2026,13.15
5/6/2026,13.05
5/7/2026,13.16
5/8/2026,13.19
5/11/2026,13.35
5/12/2026,13.47
5/13/2026,13.4
