,SMALL LoBETA,ME1 BETA2,ME1 BETA3,ME1 BETA4,SMALL HiBETA,ME2 BETA1,ME2 BETA2,ME2 BETA3,ME2 BETA4,ME2 BETA5,ME3 BETA1,ME3 BETA2,ME3 BETA3,ME3 BETA4,ME3 BETA5,ME4 BETA1,ME4 BETA2,ME4 BETA3,ME4 BETA4,ME4 BETA5,BIG LoBETA,ME5 BETA2,ME5 BETA3,ME5 BETA4,BIG HiBETA
1963-07-31,-0.008298,-0.004149,0.001298,-0.0030080000000000003,-0.010766,-0.013293,-0.0031119999999999997,-0.001917,-0.022229000000000002,-0.019805,-0.002173,-0.021776,-0.029485,-0.028157,-0.015325,-0.001562,-0.015892,-0.025190999999999998,-0.020652,-0.015512999999999999,0.014544999999999999,0.0036959999999999996,-0.010967,-0.004737,0.008989
1963-08-31,0.019,0.042716000000000004,0.028531,0.018913,0.036061,0.011406000000000001,0.037232,0.024697,0.05386199999999999,0.100258,0.027265,0.049982,0.046192000000000004,0.048096,0.075224,0.034312999999999996,0.045365,0.052725999999999995,0.067964,0.09478400000000001,0.038276,0.049488000000000004,0.061287,0.064878,0.117921
1963-09-30,-0.00772,-0.015739,-0.004255999999999999,-0.010386,-0.033319999999999995,-0.009368999999999999,-0.023022,-0.034147,-0.005693,-0.034766,-0.010824,-0.006479,-0.020482,-0.012792,-0.032820999999999996,-0.018068999999999998,-0.018778,-0.007033,-0.043550000000000005,-0.044604,-0.030615,-0.0073609999999999995,-0.005809999999999999,-0.001931,-0.011519
1963-10-31,-0.0036919999999999995,0.009966000000000001,0.017423,0.04228,0.021766999999999998,0.027799,0.027846000000000003,0.01159,0.036146,0.043655,0.0137,0.01893,0.010906,0.051561,0.013167,0.004628,0.0035970000000000004,0.008853999999999999,0.016408,0.040759,0.007047,0.038488,0.024912999999999998,0.068115,0.05496
1963-11-30,0.008252,-0.023312,-0.012441,-0.009597,-0.018638,0.011942,0.003169,-0.012051000000000001,-0.008631,-0.011548000000000001,-0.017055,-0.007385,-0.02459,-0.017648,-0.004079,0.011335999999999999,-0.010605999999999999,-0.005911,-0.000649,0.004209,-0.008662,-0.007863,0.002827,-0.00916,0.008859
1963-12-31,-0.017176,-0.008928,0.021374,-0.025964,-0.00048800000000000004,-0.0012720000000000001,-0.003338,0.014651,0.003027,0.0032740000000000004,-0.000508,0.009559999999999999,0.010316,0.016186,0.00805,-0.002732,0.022494999999999998,0.022992,0.030669,0.017816000000000002,0.032894,0.020905,0.028623,0.022759,0.019642
1964-01-31,0.031651,0.039801,0.039288,0.04271899999999999,0.036784,0.014779,0.024032,0.026569,0.029903,0.018885,0.009701999999999999,0.026448999999999997,0.018508,0.027227,0.029896,0.017739,0.003685,0.021044,0.009944,0.010973,0.031575,0.027704,0.027463,0.040625,-0.000517
1964-02-29,0.011124,0.037286,0.016385,0.031057,0.034278,0.031664,0.034388,0.045055,0.028664000000000002,0.047235,0.026892,0.023096000000000002,0.027715,0.024437,0.031204,0.034849,0.028044,0.012943,0.030618,0.054523,0.009033,0.009021,0.024952000000000002,0.028593999999999998,0.014184
1964-03-31,0.034339,0.028875,0.041680999999999996,0.048642000000000005,0.024502000000000003,0.025036999999999997,0.034256,0.035581,0.032115,0.07368000000000001,0.005076000000000001,0.05051,0.034287,0.07145,0.038287,0.017195000000000002,0.02705,0.031831,0.037617,0.056478,0.008134,0.004263,0.017636,0.025932,0.069969
1964-04-30,0.014488000000000001,0.0027960000000000003,-0.001368,-0.014567000000000002,-0.01502,0.008171000000000001,0.00745,0.010683,0.028706,-0.033633,0.012801,-0.0008649999999999999,-0.0044740000000000005,-0.031194000000000003,-0.025423,-0.0017829999999999999,-0.009034,-0.008348,-0.008918,-0.009109,0.028188,0.019733,-0.0059819999999999995,-0.029778,-0.031333
1964-05-31,0.008686000000000001,0.002661,0.008583,0.013801,-0.01691,0.035923,0.031244,0.018548,0.00827,0.034697,0.006254999999999999,0.015222,0.009664,0.005091,0.025736,0.012062999999999999,0.014424,0.020443,0.029434000000000002,0.005075,0.017503,0.013418000000000001,0.015635,0.020901,0.041967
1964-06-30,0.012958,0.014018999999999998,0.032321,0.003216,0.007014,0.025141,0.01229,0.012759,-0.012407,0.044428,0.024620000000000003,0.015778,0.027463,0.021523,0.025326,0.016701999999999998,0.028592,0.014206000000000002,0.011369,0.011062,0.017247,0.024207,0.005536,0.01127,0.015002
1964-07-31,0.030855,0.015962,0.042967000000000005,0.038233,0.031726000000000004,0.04378,0.03142,0.020156999999999998,0.040997000000000006,0.008819,0.022794,0.029165,0.025875,0.021315,0.026831,0.035888,0.024575999999999997,0.023372999999999998,0.020831,-0.004007,0.013026,0.035967,0.020819999999999998,-0.0014149999999999998,0.011406000000000001
1964-08-31,0.006328,-0.009106,-0.017869,-0.01146,-0.013707,-0.001877,0.000749,-0.008919,-0.011544,-0.025389,-0.004214,-0.011583000000000001,-0.002473,0.005198,-0.023073999999999997,0.012284999999999999,-0.0036170000000000004,0.0026910000000000002,-0.008281,-0.023136,-0.011669,-0.005277,-0.016793,-0.027049,-0.016837
1964-09-30,0.037326,0.018473,0.043494000000000005,0.04828,0.062961,0.023011,0.031317,0.025988999999999998,0.027219000000000004,0.041349,0.030289,0.02834,0.036481,0.0231,0.030024000000000002,0.036752,0.034713,0.025036,0.057831,0.047331000000000005,0.012771999999999999,0.032972,0.037553,0.025709,0.069685
1964-10-31,0.015918,0.022059000000000002,0.037641,0.017542,0.030298,0.014922,0.011139,0.022473,0.018463,-0.00226,0.023707,0.021498,0.015125,0.007787,0.039039000000000004,0.023031000000000003,0.020766,0.015756,0.004622,0.009499,0.0052380000000000005,0.015341,0.010724000000000001,-0.016963,-0.012495000000000001
1964-11-30,0.008383,-0.002717,0.01421,0.010391,-0.012154,-0.010355000000000001,0.0028079999999999997,-0.000378,-0.009127999999999999,-0.016547,0.017782,-0.002313,0.008759,0.002387,-0.005158,0.010132,0.00135,-0.0024,-0.012099,-0.004469,0.004908,0.002203,0.017392,-0.011047,-0.048883
1964-12-31,-0.021709,-0.010257,-0.009594,-0.02484,-0.026362,0.001656,-0.006545,-0.011636,0.0038069999999999996,-0.005481000000000001,0.007993,-0.014159999999999999,-0.006542,-0.012524,-0.00121,-0.006952000000000001,-0.007633999999999999,0.00213,0.002107,-0.00025100000000000003,0.017386,0.002634,0.001196,-0.0027189999999999996,-0.009735
1965-01-31,0.064894,0.045992,0.06625,0.085619,0.087419,0.054231,0.0342,0.057457,0.07606399999999999,0.073184,0.052457000000000004,0.051472,0.057481,0.06298,0.06201399999999999,0.036197,0.052673,0.058574,0.050024,0.064353,0.008324,0.035996,0.043554,0.06475399999999999,0.056046
1965-02-28,0.02889,0.021564,0.039807999999999996,0.023153,0.021712,0.04543,0.014669000000000001,0.066663,0.04047100000000001,0.035543,0.033549999999999996,0.006185,0.032396,0.038195,0.055401,0.02638,0.015992,0.02276,0.048979,0.032789,-0.009708,-0.009854,0.006895,0.023943,0.044619
1965-03-31,0.024565,0.037334,0.011507,0.02766,0.028201999999999998,0.015087,0.009998,0.008561,0.014391000000000001,-0.010825,0.010746,0.023003999999999997,-0.007924,0.010742,-0.004849,-0.0022819999999999997,-0.002783,-0.007942,0.000977,0.005412,-0.015844,-0.005468,-0.024317000000000002,-0.010032000000000001,-0.00536
1965-04-30,0.04237,0.060281,0.047372,0.045732999999999996,0.055843,0.043947,0.025592,0.052892,0.046792,0.043535000000000004,0.033180999999999995,0.025304000000000004,0.046253999999999997,0.023184999999999997,0.06782,0.031294,0.034397000000000004,0.027446,0.041722,0.053311000000000004,0.016252,0.039116,0.039387,0.043581,0.042843
1965-05-31,-0.009035999999999999,-0.005321,-0.004415,-0.014124000000000001,-0.014368,-0.029408,0.008683,-0.002934,-0.012142,-0.002408,-0.012936000000000001,-0.011520999999999998,0.00068,-0.007037,0.00068,-0.002555,-0.014891000000000001,-0.011795,-0.006633,-0.000508,0.0103,-0.01659,0.004341,-0.007488,-0.02349
1965-06-30,-0.092673,-0.061058,-0.102646,-0.095169,-0.11829,-0.072776,-0.058981000000000006,-0.081952,-0.09428800000000001,-0.105646,-0.052022000000000006,-0.07492499999999999,-0.078488,-0.10041499999999999,-0.09986800000000001,-0.06386599999999999,-0.064301,-0.067881,-0.08769600000000001,-0.110301,-0.033458999999999996,-0.039155,-0.046917999999999994,-0.050697,-0.08413500000000002
1965-07-31,0.029973,0.024685000000000002,0.042103,0.02798,0.031616,0.03196,0.033028,0.016665,0.027410999999999998,0.046218,0.045262000000000004,0.013885000000000002,0.045343,0.02619,0.049611,0.033513,0.025527,0.03327,0.046753,0.035004,0.016942,0.0056159999999999995,0.0016589999999999999,0.020518,0.091763
1965-08-31,0.013281000000000001,0.034207,0.029878000000000002,0.040930999999999995,0.063753,0.016546,0.053899999999999997,0.046868,0.03596,0.073458,0.04547,0.032730999999999996,0.06970900000000001,0.06600500000000001,0.08189500000000001,0.022182,0.037436,0.035657,0.052626,0.065697,0.01107,0.023569,0.036934,0.04388499999999999,0.08077899999999999
1965-09-30,0.017925,0.027791,0.019072,0.039351,0.031943,0.031379000000000004,0.024083999999999998,0.023167,0.035517,0.056477000000000006,0.013579,0.021057000000000003,0.041208,0.03499,0.055751999999999996,0.023049,0.026458,0.021254,0.032157,0.059908,0.04822,0.020836999999999998,0.018508,0.025815,0.056454000000000004
1965-10-31,0.050228,0.099017,0.061035000000000006,0.076267,0.091793,0.04186,0.043018,0.053419999999999995,0.08164500000000001,0.060843,0.018124,0.034254,0.068217,0.048587,0.07722699999999999,0.025987,0.032338,0.03681,0.05434,0.057239000000000005,0.025568,0.015177000000000001,0.020663,0.032807,0.07570700000000001
1965-11-30,0.029179,0.076328,0.072877,0.054516,0.066315,0.030923,0.049263,0.049061,0.064527,0.052056,0.074011,0.018451,0.014072,0.034344,0.057211,0.024239,0.008844999999999999,0.023163999999999997,0.051567999999999996,0.057585,-0.013250999999999999,-0.028559,0.008162,0.015623,0.074254
1965-12-31,0.043395,0.029973,0.085823,0.027816,0.04415,0.032132,0.034562,0.069407,0.080768,0.032572000000000004,-0.01125,0.024034,0.050747,0.028068,0.051788,0.009668,0.00893,0.004901,0.046029,0.045246,0.005582,0.008898,0.008581,0.002714,0.057907
1966-01-31,0.063955,0.068887,0.078549,0.08805400000000001,0.0928,0.059054,0.042645,0.048143000000000005,0.072715,0.066635,0.034969,0.018614,0.050398,0.036222,0.05079500000000001,0.019625,0.027789,0.030955,0.047664,0.036587999999999996,-0.0007009999999999999,-0.009695,-0.00297,0.011083,0.08094
1966-02-28,0.037298,0.01265,0.049429,0.056188,0.07312,0.027232,0.008931,0.033041999999999995,0.053274999999999996,0.02874,-0.012124999999999999,-0.006975,0.060136,0.032014,0.048681,-0.013504,-0.025405,-0.010564,0.028453,0.053944,-0.032850000000000004,-0.02177,-0.017195000000000002,0.00864,0.069935
1966-03-31,0.003676,0.002287,-0.013531,-0.004646,-0.007178,-0.025894,-0.027608999999999998,-0.001351,-0.005024,-0.023148,-0.018993,-0.020222000000000004,-0.036566,-0.040723,-0.026282999999999997,-0.019806,-0.016393,-0.029119000000000003,-0.016071,-0.011079,-0.024940000000000004,-0.022611,-0.032735,-0.006774,0.010405
1966-04-30,0.044551,0.052826000000000005,0.07080199999999999,0.047256,0.07446900000000001,0.051001000000000005,0.027315999999999997,0.036638000000000004,0.075156,0.07901799999999999,0.006891,0.033828,0.030661,0.036673,0.067135,0.005162,0.016465,0.032085,0.033500999999999996,0.061468999999999996,0.013176,0.01341,0.008267,0.054157000000000004,0.026639
1966-05-31,-0.086257,-0.089047,-0.121458,-0.10835900000000001,-0.142325,-0.080982,-0.07616200000000001,-0.110579,-0.09461499999999999,-0.121901,-0.044017,-0.035240999999999995,-0.086214,-0.092828,-0.123879,-0.052912,-0.050984999999999996,-0.060862999999999993,-0.07545600000000001,-0.09284200000000001,-0.046981,-0.033024,-0.036739,-0.042953,-0.111367
1966-06-30,-0.002589,0.002882,0.012124999999999999,-0.004462,0.005579,0.005928,-0.007324000000000001,-0.010022999999999999,0.004556,0.012763,-0.010950999999999999,-0.016963,0.00764,0.002557,0.020545,-0.013907000000000001,-0.007217,-0.001761,0.004812,0.031229,-0.021957,-0.014681999999999999,-0.02259,-0.0010040000000000001,0.016202
1966-07-31,-0.016356,-0.0083,-0.01476,-0.027181,-0.025291,-0.01183,-0.007272999999999999,-0.003507,-0.023304000000000002,-0.033877000000000004,-0.001226,-0.013991,0.0052380000000000005,-0.0063170000000000006,-0.020557,-0.002131,-0.022798,-0.007625,-0.017612000000000003,-0.024129,-0.007251,-0.007795,-0.001122,-0.032174999999999995,-0.016011
1966-08-31,-0.102895,-0.10006999999999999,-0.107196,-0.114285,-0.11888,-0.10344300000000001,-0.10158099999999999,-0.105199,-0.11001200000000001,-0.108399,-0.090405,-0.067922,-0.096401,-0.09617800000000001,-0.09379200000000001,-0.073625,-0.09974500000000001,-0.07136,-0.077324,-0.095151,-0.063392,-0.073268,-0.073871,-0.066761,-0.075727
1966-09-30,-0.023012,-0.018103,-0.016071,-0.012942,-0.021707999999999998,0.0007030000000000001,-0.018323,-0.026825,-0.012124999999999999,-0.019622999999999998,-0.002321,-0.0038529999999999997,0.0037099999999999998,-0.024714,-0.035413,0.015844,0.008895,-0.006018,-0.030377,-0.039812,0.018115000000000003,0.002426,-0.010283,-0.022663000000000003,-0.067312
1966-10-31,-0.039363,-0.018922,-0.029074,-0.031134,-0.053008,-0.0006270000000000001,0.002884,0.0033439999999999998,-0.0018759999999999998,-0.04796,0.020972,0.035039,0.01675,0.029073,-0.000799,0.039931,0.050233,0.02843,0.02506,-0.030929,0.085114,0.053834,0.056563,0.027515,-0.025637
1966-11-30,0.032992,0.030645,0.047117000000000006,0.034066,0.053978,0.033589,0.025667,0.010682,0.043762999999999996,0.069535,0.008924,0.036227,0.021195,0.046817000000000004,0.082735,0.009439,0.017408,0.035099,0.030243000000000003,0.11391899999999999,-0.020537999999999997,-0.013437,0.012728,0.068909,0.12859299999999999
1966-12-31,0.008944,-0.0042109999999999995,0.005865,0.002406,0.038709,0.005253,0.031848,0.014834,0.018302,0.030693,0.012704,0.023538999999999997,0.019666,0.024464,0.030116,0.021539000000000003,0.021188,0.038454999999999996,0.013959999999999998,0.021482,0.010051000000000001,-0.004,0.008345,-0.011105,-0.013041
1967-01-31,0.149448,0.177839,0.169661,0.20098500000000002,0.22084800000000002,0.127607,0.17114200000000002,0.17378900000000003,0.182845,0.224487,0.10747999999999999,0.103767,0.14641099999999999,0.143879,0.18266200000000002,0.068071,0.076899,0.071834,0.131422,0.159884,0.039384999999999996,0.075539,0.079436,0.098389,0.105702
1967-02-28,0.065624,0.033095,0.041134000000000004,0.050034,0.059649,0.046233,0.02404,0.024731,0.026635,0.033159,-0.000656,0.018599,0.003471,0.023717000000000002,0.024472,-0.001224,0.006309,0.010086999999999999,0.002767,0.033535,-0.005159,0.002924,0.006605,0.038714,0.011666000000000001
1967-03-31,0.072391,0.06248,0.056382,0.08590400000000001,0.063346,0.08002599999999999,0.050797,0.049529,0.074569,0.073861,0.029197,0.043329000000000006,0.049901,0.094068,0.056394,0.045158,0.042344999999999994,0.059285,0.059125,0.046046,0.03456,0.028043,0.053178,0.048962000000000006,0.058855000000000005
1967-04-30,0.048796,0.031835,0.049857,0.059562,0.047723,0.034057,0.061148999999999995,0.041821000000000004,0.039519,0.024350999999999998,0.024213,0.030546000000000004,0.027534999999999997,0.060828,0.05246000000000001,0.035668000000000005,0.040965999999999995,0.050471,0.039002,0.056153,0.005986,0.049804,0.036895,0.067618,0.072024
1967-05-31,-0.011144000000000001,0.026094,-0.00418,0.000383,-0.0008590000000000001,-0.0025269999999999997,-0.017666,-0.008611,-0.026181,-0.021398999999999998,-0.003897,-0.012553000000000002,-0.0276,-0.002626,-0.025301999999999998,-0.013756999999999998,-0.030552000000000003,-0.029538000000000002,0.00043599999999999997,0.004545,-0.03923,-0.048381999999999994,-0.046923000000000006,-0.054405,-0.068292
1967-06-30,0.120592,0.08666399999999999,0.121817,0.136365,0.127158,0.052986000000000005,0.060263,0.064121,0.094068,0.087254,0.044267,0.047271,0.033608,0.06397599999999999,0.070176,0.012994,0.031953,0.044226999999999995,0.050765000000000005,0.061704,0.015612999999999998,0.005180000000000001,0.01947,0.030634,0.012238
1967-07-31,0.099665,0.078073,0.08830299999999999,0.110369,0.11297800000000001,0.067709,0.07760600000000001,0.092369,0.077686,0.09058999999999999,0.064282,0.075238,0.051197,0.06464400000000001,0.074712,0.035141,0.056908,0.049456,0.08163500000000001,0.060549,0.019093,0.058205,0.04781,0.06833700000000001,0.076311
1967-08-31,0.008811,0.010992,0.007083000000000001,-0.000674,0.009143,-0.015267999999999999,-0.006333999999999999,0.010159,0.000111,-0.013253,0.005696,0.018967,0.010955,-0.006848,-0.011032,0.008253,-0.000474,-0.001974,-0.007428000000000001,-0.003317,-0.015055,-0.006808999999999999,-0.006864,0.010118,-0.0031709999999999998
1967-09-30,0.066569,0.07342800000000001,0.06112,0.082038,0.09145500000000001,0.04016,0.058019,0.049185,0.028978,0.058447,0.037517,0.042996,0.040480999999999996,0.025484,0.031515,0.017405999999999998,0.021187,0.017824,0.026153,0.043472,0.023014,0.021493,0.054479,0.02988,0.013012
1967-10-31,-0.020751,-0.009302,-0.028014999999999998,-0.010577000000000001,-0.00547,-0.015749,-0.020297,-0.010003999999999999,-0.053796,-0.023946000000000002,-0.020872,-0.025287,-0.033626,-0.050447,-0.02037,-0.053259999999999995,-0.052661,-0.029752999999999998,-0.059309,-0.050103999999999996,-0.023721000000000003,-0.040923999999999995,-0.013576,-0.022862,-0.033873
1967-11-30,-0.000123,0.000888,-0.0021609999999999997,-0.003731,-0.004459,0.041872999999999994,-0.000698,0.011883,-0.000373,0.0060750000000000005,0.011231,-0.009012,-0.0054800000000000005,0.017991999999999998,0.020301,0.033398,0.000839,0.003339,0.009839,0.007431,0.011325,0.014007,0.0015,0.006005,-0.014674
1967-12-31,0.077876,0.071975,0.082156,0.105523,0.143528,0.076625,0.06995,0.077538,0.081913,0.11756399999999999,0.035114,0.048499999999999995,0.064071,0.065149,0.09266999999999999,0.025371,0.02408,0.022121,0.034716,0.049360999999999995,0.020595,0.027528999999999998,0.029473,0.032499,-0.006434
1968-01-31,0.052228000000000004,0.048794000000000004,0.048013,0.027139000000000003,0.041766,0.010383,0.019795,-0.0006,0.0036620000000000003,0.00046499999999999997,0.006188,0.000921,-0.033431,-0.026504,-0.022778999999999997,-0.028757,0.0010530000000000001,-0.036405,-0.045518,-0.052477,-0.006794,-0.043365999999999995,-0.052894,-0.08843999999999999,-0.12086499999999999
1968-02-29,-0.041536,-0.054283,-0.06701800000000001,-0.067858,-0.08917299999999999,-0.044084000000000005,-0.036587,-0.038957,-0.049586,-0.099534,-0.006279,-0.043207,-0.044808,-0.036311,-0.071048,-0.024953,-0.038985,-0.035764,-0.045861,-0.08693,-0.019452,-0.027801999999999997,-0.026977,-0.03758,-0.026273
1968-03-31,-0.0034720000000000003,-0.013375,0.0015129999999999998,-0.014790000000000001,-0.011071,-0.015071000000000001,-0.035371,-0.023569,-0.016345000000000002,0.009497,-0.020938,0.0036170000000000004,0.011331,0.005796,0.001763,-0.011255999999999999,-9.2e-05,-0.003377,0.009978,0.008218999999999999,-0.007090999999999999,0.008026,0.021699000000000003,0.017825,0.053147
1968-04-30,0.11280799999999999,0.145265,0.1329,0.17933900000000003,0.215398,0.140257,0.094856,0.129267,0.126966,0.192112,0.07163800000000001,0.099093,0.122452,0.136973,0.18046399999999999,0.081584,0.10302,0.105412,0.128439,0.115016,0.041107,0.087589,0.10544600000000001,0.119168,0.110107
1968-05-31,0.107427,0.10502800000000001,0.11060700000000001,0.118674,0.130364,0.041914,0.067536,0.08524100000000001,0.075255,0.101262,0.030545,0.056853999999999995,0.053879,0.068506,0.086804,0.001224,0.040819,0.049571,0.089213,0.042927999999999994,0.00426,0.010794,0.022768999999999998,0.008577,0.031372
1968-06-30,0.027525,0.042923,0.015618,-0.00231,-0.016278,0.022488,0.032937,0.024524,-0.0025640000000000003,-0.02223,0.020895,0.037157,-0.0071860000000000005,-0.000624,0.000597,0.054638,0.035444,0.012176,-0.00642,-0.004134,0.030497,0.009033,-0.00044699999999999997,0.00041799999999999997,-0.015254
1968-07-31,0.000225,-0.028748,-0.026366,-0.041666999999999996,-0.023254,-0.024353,-0.027776000000000002,-0.019378,-0.046582,-0.034495,-0.019178999999999998,-0.030207,-0.026533,-0.041754,-0.055353000000000006,-0.00813,-0.023371,-0.047431,-0.047323000000000004,-0.053555,0.021116000000000003,-0.042065,-0.040128000000000004,-0.036348,-0.017122
1968-08-31,0.026821,0.0458,0.029416,0.03965,0.061685,-0.0023,0.037808,0.03016,0.044303999999999996,0.037940999999999996,0.025932,0.028887,0.022021000000000002,0.050357000000000006,0.04289,-0.003582,0.028822999999999998,0.03127,0.038155,0.009159,0.010758,0.013902000000000001,0.011616999999999999,0.035615,-0.003401
1968-09-30,0.039623,0.056062,0.068714,0.066505,0.081753,0.054336999999999996,0.065385,0.076642,0.06586299999999999,0.07038,0.030494,0.052428,0.081387,0.080412,0.06307,0.037362,0.068704,0.058394,0.082067,0.09266500000000001,0.026934,0.03329,0.050191,0.039275000000000004,0.053678
1968-10-31,0.036182,0.013772,0.030691000000000003,0.015687,-0.014634000000000001,0.030779,0.0026379999999999997,0.032424,0.015987,-0.01734,0.033206,0.031721,0.033053,-0.0072699999999999996,0.004798,0.0032140000000000003,0.013878,0.022233,0.016525,-0.000476,0.021969,-0.019287000000000002,0.020528,0.016225,0.023171
1968-11-30,0.064781,0.062077,0.081648,0.056971999999999995,0.078994,0.063035,0.091548,0.07906200000000001,0.07265100000000001,0.099236,0.086577,0.068606,0.053993,0.095856,0.099442,0.08487700000000001,0.062664,0.060968999999999995,0.056853,0.09597099999999999,0.060883,0.049461000000000005,0.030706999999999998,0.053562000000000005,0.113848
1968-12-31,0.026977,0.028501,0.048598,0.008281,0.030147,-0.022925,-0.018005,-0.01796,-0.009759,-0.018607,-0.002546,-0.013274999999999999,0.007562,-0.027385000000000003,-0.03549,-0.029588,-0.024682,-0.034328,-0.037441,-0.036369,-0.044166,-0.04241399999999999,-0.034613,-0.046573,-0.060164
1969-01-31,0.006546,-0.005662,-0.006514,-0.017875000000000002,-0.004149,0.005077000000000001,-0.017011000000000002,0.0049180000000000005,-0.010786,0.000448,0.0074529999999999996,-0.019133999999999998,-0.024485,-0.008813,-0.024315000000000003,0.012014,-0.01322,-0.003822,-0.017309,0.0034760000000000004,0.0033950000000000004,-0.021206,-0.004018,-0.023604,-0.010242
1969-02-28,-0.0797,-0.07693,-0.09091300000000001,-0.085282,-0.128422,-0.049356,-0.08120799999999999,-0.077992,-0.075043,-0.104848,-0.053022,-0.058364,-0.057017,-0.088755,-0.097178,-0.067497,-0.06152,-0.058496,-0.079086,-0.10485099999999999,-0.044608999999999996,-0.029841000000000003,-0.034628,-0.058759,-0.097408
1969-03-31,0.029147,0.013145,0.036078,0.02664,0.038756,-0.011627,0.020503,0.024286,0.01593,0.035411,0.00935,0.006717999999999999,0.037738,0.029317000000000003,0.026677,-0.003552,0.018103,0.028131,0.031908,0.021321,0.03391,0.045904,0.038547,0.007002,0.034844
1969-04-30,-0.009269,-0.007816,0.011269,-0.014138,0.015951,-0.012501,0.0062050000000000004,0.017969,0.014795,0.029511,0.007417,0.008626,0.027381000000000003,0.00121,0.029297,0.007913,0.011878999999999999,0.022712,-0.003126,0.028940999999999998,0.020954,0.036317,0.017778000000000002,0.006193,0.049722999999999996
1969-05-31,0.026293999999999998,0.022303000000000003,0.01688,-0.010565999999999999,0.011386,-0.011921,0.012216,-0.012946,-0.0055379999999999995,0.005703000000000001,0.01939,0.019736,0.012006,-0.004655,-0.001992,0.000451,-0.0026910000000000002,0.028132,-0.011423,-0.023163999999999997,0.016183,-0.010169999999999998,0.00862,-0.011869000000000001,-0.004904
1969-06-30,-0.095448,-0.11578799999999999,-0.149379,-0.12740500000000002,-0.150649,-0.075974,-0.096382,-0.105046,-0.106778,-0.143059,-0.08272399999999999,-0.09692600000000001,-0.110837,-0.10375899999999999,-0.135344,-0.06303600000000001,-0.075294,-0.08160600000000001,-0.09042199999999999,-0.11013099999999999,-0.063935,-0.022382,-0.054071,-0.065996,-0.103186
1969-07-31,-0.08776099999999999,-0.097392,-0.109146,-0.109316,-0.129337,-0.057278,-0.08194800000000001,-0.08570499999999999,-0.09958299999999999,-0.116709,-0.062352,-0.079412,-0.078946,-0.114254,-0.108904,-0.036334,-0.068277,-0.082257,-0.095423,-0.080578,-0.062154999999999995,-0.052022000000000006,-0.047321999999999996,-0.06970900000000001,-0.065515
1969-08-31,0.026677,0.04832,0.001819,0.047791,0.052135999999999995,0.002002,0.039192,0.050651,0.065771,0.072571,0.013071999999999999,0.066807,0.072611,0.078958,0.118466,0.015523,0.066437,0.06397,0.052988999999999994,0.097907,0.035684999999999995,0.054465000000000006,0.046315,0.07035,0.10659800000000001
1969-09-30,-0.004234,-0.008235,-0.032721,-0.033247,-0.044174,-0.015536000000000001,-0.006183999999999999,-0.021358000000000002,-0.009196,0.0030259999999999996,-0.022043,-0.003004,0.004548,-0.036492,-0.010193,-0.04013,-0.016706000000000002,-0.010228,-0.004056000000000001,-0.026326000000000002,-0.042742,-0.018785,0.002995,-0.052464000000000004,-0.018702
1969-10-31,0.036756000000000004,0.051840000000000004,0.096882,0.09268499999999999,0.121122,0.049672999999999995,0.073135,0.066537,0.09789999999999999,0.10543100000000001,0.049729,0.07427,0.061475,0.101967,0.072909,0.070169,0.062679,0.056795,0.067922,0.09988899999999999,0.036072,0.04758,0.055251999999999996,0.089703,0.057312
1969-11-30,-0.05239,-0.046331,-0.067887,-0.058456,-0.084558,-0.031754,-0.03476,-0.062054,-0.040369999999999996,-0.048759,-0.043293,-0.044913999999999996,-0.04913,-0.057495000000000004,-0.06527999999999999,-0.043071,-0.027404,-0.034107,-0.058263999999999996,-0.046558,-0.036041,-0.025937,-0.010893,-0.017348,-0.019675
1969-12-31,-0.078136,-0.068356,-0.08696,-0.074096,-0.087553,-0.047378,-0.063048,-0.055406000000000004,-0.055761000000000005,-0.072821,-0.045243000000000005,-0.040186,-0.023170000000000003,-0.052915000000000004,-0.041346999999999995,-0.009439,-0.017481,-0.022829000000000002,-0.037552,-0.012672000000000001,-0.013967,-0.004645,-0.022722000000000003,-0.029739,-0.058395
1970-01-31,0.004773,-0.017539,-0.019714,-0.019157,-0.04622899999999999,-0.00106,-0.023910999999999998,-0.024609000000000002,-0.069779,-0.087984,-0.013188,-0.047531,-0.074501,-0.07946,-0.10647500000000001,-0.050152,-0.066594,-0.092051,-0.095399,-0.09654,-0.06930399999999999,-0.075418,-0.081904,-0.11924099999999999,-0.160392
1970-02-28,0.017259,0.032152,0.021106,0.041132,0.032087,0.030604,0.031574,0.043026,0.075919,0.045387000000000004,0.043563,0.052725,0.024638,0.046464,0.061056,0.066821,0.038538,0.069117,0.054607,0.078766,0.06635200000000001,0.051834,0.042583,0.126003,0.025718
1970-03-31,0.0005870000000000001,-0.009942,-0.016045,-0.022393999999999997,-0.050054,0.010243,0.01351,0.010589999999999999,-0.035463,-0.068874,0.04141,-0.004335,-0.005013999999999999,-0.0102,-0.039124,0.012198,0.001579,0.010321,-0.008878,-0.028369,0.006289,-0.000886,0.005429000000000001,-0.023781,-0.06024
1970-04-30,-0.112809,-0.12099700000000001,-0.12759399999999999,-0.171173,-0.221934,-0.123803,-0.11528100000000001,-0.155071,-0.162625,-0.21580200000000002,-0.083984,-0.125813,-0.137427,-0.13921799999999998,-0.195203,-0.071429,-0.107536,-0.12534900000000002,-0.133684,-0.175817,-0.080763,-0.084639,-0.10078,-0.11661300000000001,-0.184967
1970-05-31,-0.083715,-0.080358,-0.100539,-0.093712,-0.093032,-0.077011,-0.087585,-0.08213200000000001,-0.125442,-0.107238,-0.048169000000000003,-0.083189,-0.130984,-0.11544499999999999,-0.120258,-0.060757000000000005,-0.07187299999999999,-0.10687300000000001,-0.12937300000000002,-0.08975899999999999,-0.029638,-0.059999000000000004,-0.07395,-0.094265,-0.100687
1970-06-30,-0.028023,-0.055517000000000004,-0.066784,-0.08392300000000001,-0.117075,-0.051185,-0.065315,-0.061760999999999996,-0.074483,-0.116188,-0.018367,-0.06497700000000001,-0.060307000000000006,-0.07572,-0.085472,-0.02994,-0.034209,-0.043251,-0.064677,-0.059501,-0.041989,-0.047849,-0.06535099999999999,-0.090588,-0.128406
1970-07-31,0.027004,0.033862,0.051665,0.053712,0.056833999999999996,0.071776,0.064817,0.07904,0.084481,0.06515699999999999,0.038022,0.079093,0.079302,0.08380000000000001,0.081577,0.079074,0.072736,0.113698,0.100236,0.093931,0.082651,0.056963999999999994,0.07423199999999999,0.113443,0.044106
1970-08-31,0.046814999999999996,0.042896000000000004,0.057149,0.061802,0.072097,0.041714,0.037488,0.063642,0.086562,0.1065,0.048037,0.034668000000000004,0.06462,0.079048,0.100634,0.036258,0.062585,0.033774,0.077073,0.128619,0.037667,0.055354,0.056484,0.087331,0.05731
1970-09-30,0.054888000000000006,0.09284700000000001,0.10460000000000001,0.132656,0.203748,0.056666999999999995,0.069683,0.104179,0.125283,0.199271,0.014504999999999999,0.056291,0.088293,0.11380900000000001,0.200652,0.028561,0.043963,0.09270300000000001,0.075057,0.10629300000000001,0.012294000000000001,0.042706999999999995,0.045998000000000004,0.06650400000000001,0.184312
1970-10-31,-0.015467,-0.044973,-0.045104,-0.065777,-0.118467,-0.010289999999999999,-0.018956,-0.051649,-0.054949000000000005,-0.09085800000000001,-0.004073,-0.030756000000000002,-0.024367999999999997,-0.071275,-0.10353899999999999,-0.007818,-0.025125,-0.031784,-0.041039000000000006,-0.082759,0.003634,-0.003497,-0.029654,-0.077365,-0.075565
1970-11-30,-0.002642,-0.014591,0.006793,-0.012686,-0.02437,0.042961,0.045496,0.028496999999999998,0.035633,0.006939,0.055725,0.017456,0.035514000000000004,0.03719,0.033207,0.0691,0.043331,0.057205000000000006,0.04186,0.046676999999999996,0.059254,0.051921999999999996,0.053630000000000004,0.085939,0.01603
1970-12-31,0.08439500000000001,0.080177,0.100584,0.10083700000000001,0.086027,0.061679000000000005,0.069963,0.107454,0.105794,0.073491,0.051302,0.101406,0.095277,0.094271,0.056394,0.073231,0.09358599999999999,0.087838,0.083355,0.084106,0.049587000000000006,0.060919,0.055777,0.050235,0.02875
1971-01-31,0.093941,0.112834,0.16129100000000002,0.149177,0.162358,0.079406,0.10476800000000001,0.08140900000000001,0.113362,0.142795,0.057881999999999996,0.076992,0.072586,0.111211,0.12634700000000001,0.048166,0.06680799999999999,0.07124799999999999,0.089904,0.128707,0.027871,0.033821,0.071994,0.09970599999999999,0.084665
1971-02-28,0.022386,0.049362,0.042962999999999994,0.049734999999999994,0.057318,-0.0065049999999999995,0.030015999999999998,0.03063,0.022222,0.025882000000000002,0.018527000000000002,0.038328,0.026650999999999998,0.015880000000000002,0.032296,0.00017999999999999998,0.026715,0.032934,0.028424,0.039625,0.007937999999999999,0.01966,0.01697,-0.001183,-0.003938
1971-03-31,0.044721000000000004,0.045759,0.082315,0.057325,0.056388999999999995,0.031601,0.069352,0.034338,0.050214999999999996,0.068868,0.009062,0.052437,0.053631000000000005,0.067425,0.107217,0.033187,0.046435000000000004,0.048251999999999996,0.04096,0.096819,0.028023,0.043616,0.052451,0.066219,0.035361
1971-04-30,-0.0016489999999999999,0.018509,0.030264000000000003,0.009944,0.023708,0.021847,0.031174,0.021072,0.039668999999999996,0.0339,-0.0016120000000000002,0.042355000000000004,0.047753,0.083051,0.047706,-0.005593,0.048393,0.071159,0.039286,0.054425,0.024746,0.039056,0.046079,0.09478199999999999,0.090518
1971-05-31,-0.04593,-0.04115,-0.051623,-0.070193,-0.08027200000000001,-0.024220000000000002,-0.041736,-0.038527,-0.042952000000000004,-0.065426,-0.03989,-0.032351,-0.033475000000000005,-0.046848,-0.042905,-0.040411,-0.034164,-0.034308,-0.045742000000000005,-0.029117,-0.03267,-0.046079999999999996,-0.02613,-0.002191,-0.051984
1971-06-30,-0.030334,-0.019911,0.003402,-0.018205,-0.03488,-0.0027960000000000003,0.012329000000000001,-0.021128,0.002082,-0.017789,0.006095000000000001,-0.021123,0.000527,-0.021126,-0.026501999999999998,0.034402,0.021953,-0.0021290000000000002,-0.034407,-0.005521000000000001,0.009966000000000001,-0.000707,0.012175,-0.012521,-0.042754
1971-07-31,-0.002064,-0.014464,-0.04209399999999999,-0.066284,-0.08629899999999999,-0.011797,-0.047399,-0.052226,-0.049679,-0.078875,0.00067,-0.026007,-0.041769999999999995,-0.045899999999999996,-0.098439,-0.024742,-0.034241,-0.05168999999999999,-0.047264,-0.080296,-0.024424,-0.04811,-0.038822,-0.093802,-0.096969
1971-08-31,0.003975,0.032244,0.048301,0.05801,0.039317000000000005,0.010362,0.042229,0.040118,0.071334,0.06831999999999999,-0.008223000000000001,0.036636,0.04077,0.08315099999999999,0.08607300000000001,0.005278000000000001,0.057932,0.058331999999999995,0.053411,0.109552,0.015467,0.062048,0.061145,0.05633200000000001,0.10377700000000001
1971-09-30,-0.027309999999999997,-0.0169,0.006366,-0.008173,-0.009894,-0.027382,-0.015031000000000001,-0.027565,0.002433,-0.014006000000000001,-0.012542,-0.005112,-0.011094999999999999,0.0074270000000000004,-0.0044469999999999996,-0.012629,-0.011675999999999999,0.0022570000000000003,0.014613000000000001,-0.022435999999999998,0.000214,-0.005175999999999999,-0.016986,-0.003536,-0.039272999999999995
1971-10-31,-0.050906,-0.04236500000000001,-0.055129000000000004,-0.061624,-0.083149,-0.015756,-0.023107000000000003,-0.053901000000000004,-0.056419,-0.077671,-0.011755,-0.070905,-0.07829900000000001,-0.050270999999999996,-0.084673,-0.000343,-0.056125,-0.051704999999999994,-0.055480999999999996,-0.050203,-0.021572,-0.039859,-0.07186200000000001,-0.07899300000000001,-0.06576800000000001
1971-11-30,-0.017573000000000002,-0.024638,-0.043118,-0.057865,-0.055477,-0.017739,-0.019386,-0.035259,-0.006372,-0.026543999999999998,-0.015383,-0.009955,-0.023056999999999998,-0.005177,-0.038043999999999994,-0.011031,-0.017074,-0.008447,-0.01324,-0.00793,0.011059000000000001,0.00336,-0.000866,-0.004786,0.024857999999999998
1971-12-31,0.084575,0.08178200000000001,0.117721,0.124888,0.14021,0.092896,0.103515,0.132852,0.123843,0.155601,0.063144,0.10902200000000001,0.125723,0.113747,0.134349,0.079536,0.111036,0.102808,0.110725,0.12037,0.079525,0.08431699999999999,0.100572,0.08404,0.09339
1972-01-31,0.081328,0.10327,0.11152100000000001,0.127705,0.157667,0.029306000000000002,0.070766,0.056384,0.075996,0.101951,0.029759999999999998,0.062294999999999996,0.031925,0.07175,0.060321999999999994,0.013089,0.019138,0.026708,0.024308,0.107945,0.004665,0.020251,0.035838,0.066873,0.09672
1972-02-29,0.006194,0.038764,0.020916,0.039274,0.049922,0.001673,0.026492,0.047830000000000004,0.05606,0.030760999999999997,0.0054930000000000005,0.04118,0.042138999999999996,0.027597999999999998,0.052419,-0.012762,0.047463,0.025868000000000002,0.040286999999999996,0.020512000000000002,0.031078,0.022961999999999996,0.029030999999999998,0.08465600000000001,0.055503
1972-03-31,-0.020585,0.0017430000000000002,-0.016616,-0.013925,-0.008304,0.009019000000000001,-0.007668,0.014395,-0.012271,0.002687,-0.00198,0.016785,0.008962,0.018104,0.008501,0.016773,0.016427,0.003935,0.010037,-0.0006270000000000001,-0.000882,0.02587,0.003747,-0.008493,0.012958
1972-04-30,-0.033347,0.019023,0.02084,0.0009220000000000001,-0.00166,-0.017248,-0.009268,0.013711,0.021965,0.016006,-0.010152000000000001,-0.010206,-0.0016409999999999999,0.020548,-0.0049830000000000004,-0.0192,0.008194,0.004142,0.016322,-0.0043,0.008322000000000001,0.0011749999999999998,0.015509,0.037286,0.008386
1972-05-31,-0.006284,-0.014787999999999999,-0.026944,-0.025413,-0.027659,-0.007574999999999999,-0.016126,-0.044147,-0.008532,-0.030056,-0.001044,-0.0072840000000000005,0.016730000000000002,-0.011704,-0.012341999999999999,-0.005072,0.016405,-0.006868,0.004567,0.019881,0.026895,0.010992,0.032657,0.030194000000000002,0.035837
1972-06-30,-0.030938,-0.02076,-0.032396,-0.036967,-0.041384,0.004213,-0.025750000000000002,-0.009094,0.005215,-0.048103,-0.016763,-0.014159999999999999,-0.017979000000000002,-0.014872000000000002,-0.067069,-0.007221,-0.036971,-0.056184000000000005,-0.035707,-0.07106900000000001,-0.006424999999999999,-0.021052,-0.025133000000000003,-0.049177,-0.107062
1972-07-31,0.00028000000000000003,-0.022902,-0.022566000000000003,-0.03567,-0.050277,0.016432,-0.006790000000000001,-0.037859,-0.057302,-0.062348,-0.004554,-0.016619,-0.001918,-0.026736,-0.039354,-0.0013930000000000001,-0.028984999999999997,-0.023264,-0.029228999999999998,-0.057942999999999995,0.006745,0.009677999999999999,0.000294,-0.028061,-0.049516
1972-08-31,0.00588,0.020790000000000003,0.012416,0.004097,-0.005309,0.022975,0.019742,0.027638,0.012964,-0.009898,0.036666,0.026154,0.022671999999999998,0.021431,0.028134000000000003,0.044354,0.037985000000000005,0.046369999999999995,0.028798,-0.016520999999999997,0.044558,0.037299,0.043662,0.017889,-0.012397
1972-09-30,-0.010983,-0.040114000000000004,-0.045594,-0.032815,-0.047293,-0.009755,-0.022099999999999998,-0.033819,-0.04437700000000001,-0.045248,-0.003912,-0.026788,-0.019398,-0.020592000000000003,-0.023765,-0.002957,-0.015296,-0.027978,-0.051784,-0.035494,0.009424,-0.008829,-0.018557,-0.030055000000000002,-0.040759
1972-10-31,0.00189,-0.021633,-0.007852,-0.033148,-0.032109,0.065367,-0.004531,-0.020139,-0.012725,-0.016347,0.038877,0.0033410000000000002,-0.010591999999999999,-0.009590999999999999,-0.020451,0.025241,0.000397,-0.005601,-0.011946000000000002,-0.016198,0.021921,0.0008939999999999999,0.0007679999999999999,0.027808000000000003,-0.019185
1972-11-30,0.036507,0.081303,0.031259999999999996,0.057657,0.048145,0.071378,0.047747000000000005,0.058502,0.061812,0.059797,0.056585,0.061752,0.038577,0.079621,0.046157000000000004,0.0727,0.080889,0.06744,0.073555,0.08343600000000001,0.045466,0.040507999999999995,0.038465,0.06404,0.060080999999999996
1972-12-31,-0.019046,0.011589,-0.012608,-0.033933,-0.027115999999999998,0.0073409999999999994,-0.0072,-0.027667,-0.03116,-0.027564,0.001573,0.00032399999999999996,-0.014758,0.0018459999999999998,-0.021985,-0.005804,-0.01675,-0.012028,-0.023268,-0.012202999999999999,0.020571000000000002,0.01462,0.014412000000000001,0.024883000000000002,-0.062333
1973-01-31,-0.021490999999999996,-0.041384,-0.019862,-0.021038,-0.044328000000000006,-0.047122000000000004,-0.032037,-0.050202,-0.047958999999999995,-0.089114,-0.020533000000000003,-0.036635,-0.077186,-0.069684,-0.095089,-0.034928,-0.036231,-0.058098000000000004,-0.073467,-0.10699,-0.010198,0.0031680000000000002,-0.060478,-0.085839,-0.10196899999999999
1973-02-28,-0.015752,-0.054687,-0.059085,-0.082253,-0.097189,-0.025113,-0.038639,-0.042325,-0.09061999999999999,-0.118866,-0.043517,-0.060562,-0.066181,-0.093672,-0.112774,-0.034645999999999996,-0.044464,-0.070126,-0.063116,-0.104144,-0.036958000000000005,-0.019604,-0.042836,-0.046153000000000007,-0.09170199999999999
1973-03-31,-0.013641,-0.020194,-0.028034,-0.018817999999999998,-0.027493,0.008614,-0.028237,-0.012878,-0.035293,-0.029778,-0.01977,-0.025394999999999997,-0.030861,-0.024166,-0.035812,-0.019535,-0.021381999999999998,-0.036034000000000004,-0.028413,-0.024849999999999997,0.006606,-0.0006270000000000001,-0.024915,-0.016105,-0.015949
1973-04-30,0.002964,-0.044203,-0.046211,-0.065832,-0.10485,-0.019276,-0.044539999999999996,-0.048589,-0.073008,-0.103263,-0.007279,-0.049033,-0.069765,-0.075827,-0.081525,-0.029165999999999997,-0.05738000000000001,-0.07009,-0.08213200000000001,-0.111655,-0.02175,-0.05769,-0.064225,-0.077982,-0.09154299999999999
1973-05-31,-0.035697,-0.074759,-0.067986,-0.079823,-0.113332,-0.030716,-0.0665,-0.069719,-0.091729,-0.114697,-0.016426,-0.050255,-0.05826800000000001,-0.08578799999999999,-0.112549,-0.009426,-0.047403,-0.069869,-0.072043,-0.093775,-0.009569,-0.001611,-0.009869,-0.038363,-0.10032
1973-06-30,-0.004228,-0.009072,-0.031682,-0.021366,-0.048066000000000005,-0.001992,-0.038889,-0.029592999999999998,-0.030822,-0.035749,0.001428,-0.006031999999999999,-0.028942000000000002,-0.037525,-0.04519599999999999,-0.019986999999999998,-0.019493,-0.03678,-0.045151000000000004,-0.051835000000000006,0.005083,-0.005476,-0.032171,-0.030708000000000003,-0.084628
1973-07-31,0.044568,0.068765,0.117774,0.13617200000000002,0.192627,0.010622,0.069855,0.10939399999999999,0.138142,0.195773,0.014627,0.062621,0.09589700000000001,0.143008,0.17741900000000002,-0.001157,0.10525000000000001,0.13189,0.124595,0.182383,0.022909000000000002,0.042826,0.10069499999999999,0.12374800000000001,0.100216
1973-08-31,-0.041048,-0.047104999999999994,-0.056234,-0.060454999999999995,-0.07468899999999999,-0.02176,-0.061952,-0.047125,-0.059150999999999995,-0.05566499999999999,0.013137000000000001,-0.036095,-0.030101,-0.031067,-0.033811,-0.016019000000000002,-0.009478,-0.022355,-0.019367000000000002,-0.032022,-0.035432,-0.024376000000000002,-0.022173,-0.052504,-0.030524
1973-09-30,0.046442,0.06508,0.083124,0.087233,0.0975,0.046135,0.099286,0.097682,0.13164199999999998,0.125825,0.064001,0.10058299999999999,0.131972,0.11595599999999999,0.146802,0.076062,0.11448,0.12195299999999999,0.1008,0.137249,0.04013,0.022850000000000002,0.06468499999999999,0.100754,0.051591
1973-10-31,0.015157,0.017862,0.014716,0.011405,-0.012443,0.001879,0.016024,0.03484,0.00295,-0.040477,0.0012230000000000001,0.037324,-0.000357,0.0077339999999999996,-0.032323,-0.001049,0.002305,-0.006491,0.002032,-0.026995,-0.0031330000000000004,0.012014,-0.013925,-0.056130000000000006,0.08161500000000001
1973-11-30,-0.12873300000000001,-0.149742,-0.19157800000000003,-0.182786,-0.237937,-0.12088800000000001,-0.13808,-0.18327400000000002,-0.19671399999999997,-0.230833,-0.092394,-0.143171,-0.188472,-0.196969,-0.246055,-0.094068,-0.16450399999999998,-0.18540099999999998,-0.136333,-0.237571,-0.08858700000000001,-0.100626,-0.16746200000000003,-0.21503799999999998,-0.226109
1973-12-31,0.004069,-0.027078,-0.039676,-0.038605,-0.060173,-0.017836,-0.015094000000000002,-0.003974,0.000531,-0.030629,0.016535,0.02844,0.026188,-0.0030080000000000003,-0.011399,0.038988,0.034705,0.018532,0.026782,0.031023000000000002,0.026065,0.000257,0.015835,-0.028272,0.067315
1974-01-31,0.13556800000000002,0.20298300000000002,0.185627,0.150205,0.184922,0.140814,0.11857200000000001,0.10243600000000001,0.093402,0.128366,0.039077,0.08283599999999999,0.073127,0.062635,0.122188,0.058484999999999995,0.029577,0.034620000000000005,-0.008535000000000001,0.044020000000000004,-0.025228999999999998,-0.000987,0.0052239999999999995,0.040597,0.054187000000000006
1974-02-28,0.012156,-0.0028539999999999998,0.0058330000000000005,-0.017103,-0.017983,0.0076170000000000005,0.027281,0.016402,0.014641,0.003797,0.010752,0.023755000000000002,0.017006,-0.01481,0.014986,0.007567000000000001,0.002512,0.005408,0.013486,0.0391,-0.001862,-0.002512,0.0076300000000000005,0.021894,0.118762
1974-03-31,0.017743,0.0026379999999999997,0.028450000000000003,0.003739,0.001238,-0.040418,-0.007956999999999999,0.017151,0.005007,-0.019469,-0.02314,-0.010723,-0.013934,-0.012608999999999999,-0.042225,-0.022871000000000002,-0.028016,-0.044021,-0.034518,-0.029784,-0.017891,-0.023509000000000002,-0.042450999999999996,-0.014508,-0.122944
1974-04-30,-0.041899,-0.042062,-0.055473999999999996,-0.056387,-0.057947,-0.084923,-0.040923,-0.014731000000000001,-0.043044,-0.070332,-0.048403,-0.062104,-0.05551300000000001,-0.037496,-0.05435399999999999,-0.090557,-0.048486,-0.070302,-0.051147,-0.043653000000000004,-0.040576,-0.035559,-0.044664999999999996,-0.041951999999999996,0.018508
1974-05-31,-0.057935999999999994,-0.072577,-0.087434,-0.075668,-0.08669299999999999,-0.102852,-0.079676,-0.070887,-0.079585,-0.090257,-0.09056499999999999,-0.072339,-0.075053,-0.090152,-0.08132999999999999,-0.064868,-0.07439,-0.071854,-0.098983,-0.023677999999999998,-0.023757,-0.019767999999999997,-0.052835,-0.02205,-0.018728
1974-06-30,0.020691,-0.020571000000000002,-0.015532999999999998,-0.021563,-0.0294,-0.008391,-0.023895,-0.027475,-0.011588000000000001,-0.031778,-0.052358,-0.024604,-0.013680000000000001,-0.014122,-0.051407999999999995,-0.023952,-0.020676,-0.023371,-0.045029000000000007,-0.053103,-0.01474,-0.006194,-0.035943,-0.061637000000000004,-0.10854100000000001
1974-07-31,-0.0038229999999999996,-0.041729,-0.038618,-0.045758,-0.059782,0.001494,-0.017906,-0.021739,-0.053633,-0.050646000000000004,0.007591,0.002078,-0.044086999999999994,-0.03832,-0.06709999999999999,0.00604,-0.034024,-0.047096,-0.067069,-0.13355,-0.07253599999999999,-0.089019,-0.091405,-0.120702,-0.122963
1974-08-31,-0.081929,-0.076579,-0.070253,-0.076963,-0.084898,-0.057526,-0.055374999999999994,-0.07754,-0.073016,-0.099711,-0.067152,-0.082244,-0.088721,-0.090592,-0.074965,-0.08557000000000001,-0.093868,-0.103521,-0.09098,-0.070301,-0.086857,-0.085638,-0.086396,-0.05851,-0.090123
1974-09-30,-0.054669999999999996,-0.060923,-0.072523,-0.080046,-0.094605,-0.02469,-0.073922,-0.09309799999999999,-0.079056,-0.10286,-0.048025000000000005,-0.078629,-0.070256,-0.09368800000000001,-0.10799500000000001,-0.051087,-0.07533000000000001,-0.082271,-0.094267,-0.12450699999999999,-0.107304,-0.12601,-0.154542,-0.164918,-0.086744
1974-10-31,0.037185,0.123704,0.10755100000000001,0.09994,0.07591300000000001,0.09530799999999999,0.06310299999999999,0.083935,0.106202,0.11713,0.096413,0.112692,0.12462899999999999,0.08389799999999999,0.131693,0.128637,0.14521900000000001,0.17385799999999998,0.13711299999999998,0.081415,0.19154,0.149522,0.200951,0.07732800000000001,0.125062
1974-11-30,-0.027896,-0.06515,-0.069349,-0.055436,-0.062214,-0.007300999999999999,-0.0432,-0.049695,-0.029265,-0.056282,-0.006619000000000001,-0.030400999999999997,-0.031244,-0.050669000000000006,-0.0437,-0.004201,-0.019023,-0.0316,-0.013560000000000001,-0.04008,-0.04614,-0.040473999999999996,-0.045683,-0.051216,-0.008536
1974-12-31,-0.06968200000000001,-0.044600999999999995,-0.07365300000000001,-0.083407,-0.107294,-0.076355,-0.043938,-0.05829500000000001,-0.073558,-0.073566,-0.024188,-0.034491,-0.052149,-0.063114,-0.082991,-0.038018,-0.02856,-0.053291000000000005,-0.027612,-0.067172,-0.012378,-0.024864999999999998,-0.044444,-0.028999999999999998,-0.053070000000000006
1975-01-31,0.225188,0.23799199999999998,0.288706,0.313975,0.397346,0.188437,0.234998,0.266434,0.265449,0.33447499999999997,0.223108,0.191158,0.20910299999999998,0.27158899999999997,0.310693,0.206063,0.212136,0.20896699999999999,0.19335899999999998,0.348507,0.094275,0.145674,0.133633,0.207104,0.19079100000000002
1975-02-28,0.040354,0.040834999999999996,0.04523,0.044502,0.048644999999999994,0.03299,0.016303,0.022233,0.033815,0.07841000000000001,0.023516,0.061433,0.030577999999999998,0.062481999999999996,0.076365,0.013673,0.026898,0.036459,0.052375,0.107373,0.058852,0.077026,0.093192,0.07634,0.079969
1975-03-31,0.002474,0.06268699999999999,0.06732300000000001,0.09969099999999999,0.14075,0.031605,0.043353,0.054089,0.08702700000000001,0.102018,0.028725999999999998,0.032839,0.068501,0.100416,0.09015599999999999,-0.004236,0.056403,0.07527400000000001,0.088866,0.149278,0.005633,0.034966,0.057657,0.089425,0.025363000000000004
1975-04-30,0.00605,0.034747,0.030275,0.025858,0.039512,0.000205,0.017586,0.042785000000000004,0.036646,0.048121,0.015552999999999999,0.054137000000000005,0.044946,0.049446000000000004,0.06287,0.00454,0.053834999999999994,0.049138,0.07144400000000001,0.109529,0.050609,0.030724,0.093228,0.08063100000000001,0.11713900000000001
1975-05-31,0.038834,0.081128,0.06754500000000001,0.080587,0.083606,0.027606000000000002,0.035026,0.102894,0.115918,0.087673,0.057964,0.037877,0.054574,0.09288,0.050082,0.071029,0.059652000000000004,0.060709,0.045786,0.057743,0.060695,0.037968,0.027031999999999997,0.09942999999999999,0.061955
1975-06-30,0.065207,0.061026,0.073815,0.08857200000000001,0.099938,0.079494,0.076945,0.051798000000000004,0.070166,0.08216200000000001,0.071488,0.051970999999999996,0.077444,0.067646,0.051706,0.08561999999999999,0.078139,0.061037999999999995,0.090394,0.10131399999999999,0.039855,0.05227299999999999,0.053543,0.08751300000000001,0.045133
1975-07-31,0.010462,0.007778,0.004261,-0.006724,-0.029150999999999996,-0.00754,-0.017034,-0.019387,-0.020903,-0.06930399999999999,-0.016484000000000002,-0.02637,-0.054497,-0.046276000000000005,-0.070782,-0.047331000000000005,-0.037952,-0.061159,-0.074591,-0.104378,-0.054046000000000004,-0.075943,-0.071408,-0.092917,-0.095655
1975-08-31,-0.037382,-0.03801,-0.059137,-0.06690800000000001,-0.079445,-0.019159,-0.053576,-0.042103,-0.060035,-0.065121,-0.016314,-0.029939,-0.04907,-0.052528,-0.051352,-0.031931,-0.037927,-0.020994000000000002,-0.051879999999999996,-0.031011999999999998,-0.012407999999999999,-0.011229,-0.028709,-0.040578,-0.056929
1975-09-30,-0.015194000000000001,-0.02448,-0.026964000000000002,-0.039833,-0.054458,-0.026514000000000003,-0.03143,-0.031749,-0.049905,-0.048445999999999996,-0.023112,-0.025362,-0.041252000000000004,-0.041860999999999995,-0.070925,-0.025282,-0.046492000000000006,-0.03459,-0.057054,-0.040298999999999995,-0.034568,-0.029984,-0.05286,-0.047724,-0.026585
1975-10-31,0.005869,0.00582,0.026511999999999997,0.0035759999999999998,0.029952,0.015988,0.027829000000000003,0.036813,0.023638,0.038586999999999996,0.019111,0.039991,0.020451999999999998,0.027408000000000002,0.034668000000000004,0.037933,0.053212,0.070245,0.067141,0.105803,0.046887,0.083771,0.06775199999999999,0.078942,0.07284399999999999
1975-11-30,0.00563,0.020537999999999997,0.03519,0.028165,0.019908,0.013267,0.035585,0.032225000000000004,0.030192999999999998,0.017808,0.019021,0.037215,0.032046,0.027946,0.028146,0.034877,0.025068999999999998,0.045232,0.045014000000000005,0.071434,0.018556,0.044564000000000006,0.021505,0.037471000000000004,0.069679
1975-12-31,0.002731,-0.019806999999999998,-0.013720000000000001,-0.011238,-0.01359,-0.005711000000000001,-0.010969,-0.008076,-0.011148,-0.022038000000000002,0.005904,-0.004978,0.00061,-0.004554,-0.007164,0.006622,0.004098,-0.010395000000000001,-0.020733,-0.026613,-0.001349,-0.020196000000000002,-0.01728,-0.029899,-0.044358
1976-01-31,0.110265,0.18154399999999998,0.193747,0.21816500000000003,0.26571100000000003,0.11079800000000001,0.174525,0.18971,0.207682,0.212248,0.10733599999999999,0.15382099999999999,0.185971,0.184393,0.21911000000000003,0.10998799999999999,0.137006,0.155503,0.175764,0.187898,0.098876,0.110758,0.143349,0.153128,0.147303
1976-02-29,0.06908,0.09235099999999999,0.127134,0.121272,0.139814,0.045627,0.077663,0.081225,0.076387,0.116726,0.029754999999999997,0.053415,0.069995,0.052359,0.088575,0.009228,0.026895,0.052258,0.027791,0.046617,-0.018234,-0.014365000000000001,0.006195000000000001,0.011113999999999999,-0.006563
1976-03-31,0.01703,0.007455000000000001,0.007861,0.006984000000000001,0.030365000000000003,0.011819,0.013557999999999999,0.020031,0.010471,2.5e-05,0.020197,0.017157,0.012249000000000001,0.011872,0.014598999999999999,0.015811,0.021771,0.023032,0.010464,0.011404000000000001,0.034656,0.039371,0.014145000000000001,0.013314,0.020733
1976-04-30,0.010771,0.003695,-0.011557999999999999,-0.011215,-0.037226,-0.004067,0.019145000000000002,0.0036880000000000003,-0.027812,-0.039544,0.011541,-0.008377,-0.002987,-0.010674,-0.02942,-0.009284,0.00226,-0.005909,-0.024839000000000003,-0.042159,0.007252999999999999,-0.028752,-0.0024879999999999998,-0.022746,-0.055050999999999996
1976-05-31,-0.003849,-0.007788000000000001,-0.015946000000000002,-0.023961,-0.053411999999999994,-0.0013059999999999999,-0.016065,-0.00996,-0.029227,-0.037813,0.001529,-0.021333,-0.007485,-0.011859999999999999,-0.032963,-0.016120000000000002,-0.028679,-0.005337,-0.013198000000000001,-0.014588,0.003124,-0.014162,-0.017723,-0.002567,-0.017103
1976-06-30,0.011661,0.022342,0.019835000000000002,0.027864,0.035856,0.018483,0.028977,0.024142999999999998,0.038623,0.057146999999999996,0.032705000000000005,0.06252200000000001,0.04229599999999999,0.05559,0.092489,0.052275999999999996,0.055246,0.060963,0.048312999999999995,0.045874,0.040322,0.039427,0.049936,0.06461,0.082415
1976-07-31,0.016678,0.010787999999999999,0.012784,0.005912,-0.020101,0.025518,0.008278,0.020026000000000002,-9.3e-05,-0.01653,0.0014910000000000001,0.010883,0.008943,-0.003764,-0.025398999999999998,0.014464,0.005667,-0.008328,-0.009804,-0.01056,0.00101,-0.013829000000000001,-0.009908,-0.012208000000000002,-0.077572
1976-08-31,0.008706,-0.009461,-0.009538,-0.021970999999999997,-0.028657,-0.004533,-0.019794,-0.024724,-0.011914000000000001,-0.034239,-0.003461,-0.008366,0.010399,-0.030754999999999998,-0.051993,0.014582,0.004536,-0.016248,-0.024322,-0.026195,0.010792999999999999,0.005896,-0.016635999999999998,-0.020825,-0.023672
1976-09-30,0.018916,0.012221,0.025963,0.02259,0.016137,0.033733,0.029997,0.039611,0.032008999999999996,0.026674000000000003,0.031062,0.022494999999999998,0.009921,0.032792,0.032298,0.034076,0.015584,0.015792,0.02618,0.011149,0.037433,0.017005,0.015202,0.015164,0.017666
1976-10-31,0.004488,-0.015001,-0.009926,-0.016752,-0.038137,-0.002053,-0.015581000000000001,-0.022708,-0.025275,-0.035186999999999996,0.006573,-0.018272,-0.010412999999999999,-0.031984,-0.038923,0.000977,-0.024776,-0.006712,-0.028929,-0.058747999999999995,-0.014081999999999999,-0.019792,-0.033117,-0.035228,-0.07212299999999999
1976-11-30,0.021526999999999998,0.019903999999999998,0.037911,0.038148,0.037016,0.024162,0.020191,0.039567,0.05067,0.048639999999999996,0.025983,0.030898,0.051882000000000005,0.040205000000000005,0.056471,0.027361,0.020588000000000002,0.034815,0.039382,0.046646,0.002763,-0.010677,-0.00365,0.01815,-0.009457
1976-12-31,0.061786,0.084627,0.101784,0.11393,0.11301,0.08670299999999999,0.081929,0.097514,0.090762,0.115283,0.071234,0.085057,0.092887,0.07960099999999999,0.077073,0.071966,0.075944,0.068559,0.08236,0.08350300000000001,0.052309999999999995,0.048006,0.062058999999999996,0.04239899999999999,0.07107000000000001
1977-01-31,0.041086,0.044268,0.043579,0.035240999999999995,0.043193999999999996,0.027226,0.021021,0.007981,0.008054,0.012379,0.01628,-0.007612,0.006298000000000001,-0.005372,-0.020808,-0.003053,-0.021229,-0.034956,-0.032389,-0.062477,-0.023552,-0.068132,-0.067874,-0.062091,-0.146416
1977-02-28,0.007323,0.012298,0.0015379999999999999,0.000115,-0.0066110000000000006,-0.00074,-0.0015279999999999998,-0.0021379999999999997,-0.010362,-0.02284,-0.008905,-0.011583000000000001,-0.022027,-0.015528,-0.039076,-0.018674,-0.023610000000000003,-0.010442,-0.027357999999999997,-0.041551,-0.016177999999999998,-0.012107000000000001,-0.015676000000000002,-0.032227,-0.021411
1977-03-31,0.01363,0.018138,0.004824,0.011645,-0.0009270000000000001,-0.012918,0.022771,-0.0015260000000000002,0.012701,-0.005562,6.8e-05,0.003914,0.010910999999999999,0.005482,-0.0005909999999999999,-0.005768,-0.0048130000000000004,0.017089,-0.00246,-0.00010899999999999999,-0.012121,-0.020831,-0.017613,0.00772,-0.030528
1977-04-30,0.006771,0.020072,0.036004,0.021869,0.012542,0.010098000000000001,0.00168,0.021018,0.039682,0.019916,0.008574,0.021099999999999997,0.026365,0.011476,0.022393,0.023645,0.019414,0.015031000000000001,0.010544,-0.017407,0.01347,-0.022882,0.013127999999999999,0.013189,-0.029419
1977-05-31,0.007126,-0.000995,0.012421999999999999,0.00597,-0.0029130000000000002,0.001689,-0.000796,-0.003471,-0.0009429999999999999,-0.002742,-0.004201,-0.003681,-0.0018729999999999999,-0.001643,0.007463999999999999,0.003457,-0.011912,-0.020045999999999998,-0.004057,-0.009264,-0.00357,-0.029731999999999998,-0.015105,-0.001288,-0.031652
1977-06-30,0.034481000000000005,0.029741,0.058641,0.073376,0.08676,0.035108,0.055649,0.058955,0.07618,0.09615,0.046083,0.048569,0.059382000000000004,0.07427,0.101937,0.051554,0.04579,0.054601,0.060845,0.089545,0.040365000000000005,0.049203000000000004,0.055903999999999995,0.07319099999999999,0.075284
1977-07-31,0.016079,0.0075639999999999995,0.00511,0.025156,0.005372,0.020228000000000003,0.0043490000000000004,0.0017569999999999999,-0.01052,-0.0012820000000000002,0.005761,-0.010752999999999999,-0.009285,-0.013347,0.0018,-0.010012,-0.015267999999999999,-0.019419,-0.022271,-0.025283000000000003,-0.014480999999999999,-0.015699,-0.010875,-0.020503999999999998,-0.026809
1977-08-31,0.006673,-0.008128999999999999,-0.002553,-0.008713,-0.007327,-0.014905999999999999,-0.00223,-0.011453999999999999,-0.009938,0.000452,-0.018009,-0.013441000000000002,-0.005469000000000001,0.006272,0.018463,-0.021922,-0.023968,-0.006325,-0.019081,-0.02022,-0.031423,0.004242,-0.006009,-0.016797,0.024350999999999998
1977-09-30,0.020028999999999998,0.015787,0.017614,0.018424,0.014469000000000001,-0.005829999999999999,-0.005009,0.0049499999999999995,0.007279,0.022919000000000002,0.013654,0.002,0.017474,0.007411,0.017212,0.012874000000000002,0.00471,0.009448,-0.002793,0.003748,0.005978,-0.0045839999999999995,-0.01199,-0.009189000000000001,-0.038357
1977-10-31,-0.005775,-0.018512999999999998,-0.019418,-0.033690000000000005,-0.032668,-0.005653,-0.025459999999999997,-0.041870000000000004,-0.022569,-0.032046,-0.022978000000000002,-0.022129,-0.021703999999999998,-0.028959000000000002,-0.038155,-0.029973,-0.039631,-0.038109000000000004,-0.035892,-0.040111999999999995,-0.032513,-0.05012,-0.044781,-0.054379,-0.09809200000000001
1977-11-30,0.039188,0.061855,0.074628,0.105519,0.105646,0.043734,0.072493,0.078086,0.08771000000000001,0.111868,0.043367,0.064566,0.071876,0.086131,0.08150299999999999,0.045335,0.056782000000000006,0.07105500000000001,0.079568,0.100993,0.027419,0.029977999999999998,0.046457,0.06547399999999999,0.073272
1977-12-31,0.023914,0.024426999999999997,0.024175,0.029448,0.028746999999999998,0.006363,0.013182000000000001,0.013224,0.015616000000000001,0.031349,0.012558,0.015424,0.00067,0.005789,0.018645000000000002,-0.000723,0.006554,0.002242,0.016755,0.013253999999999998,0.011661999999999999,0.000104,0.005464,-0.006196,-0.041731
1978-01-31,0.004068,-0.009904,-0.003198,-0.021648,-0.009266,-0.012815,-0.021368,-0.034777999999999996,-0.035634,-0.052516,-0.026183,-0.038142999999999996,-0.044039,-0.04724300000000001,-0.057693,-0.042721999999999996,-0.051596,-0.060825,-0.062964,-0.05618,-0.058088,-0.056107,-0.069416,-0.080944,-0.091522
1978-02-28,0.024662000000000003,0.032498,0.036814,0.03683,0.038186,0.0058720000000000005,0.004104,0.020224000000000002,0.008062,0.025790999999999998,0.002434,0.001229,0.016782,0.021869,0.014790000000000001,-0.012561,-0.006422,-0.008499,0.0005020000000000001,-0.002872,-0.005031,-0.028650000000000002,-0.024645,-0.020043000000000002,-0.022724
1978-03-31,0.037339000000000004,0.055222,0.069086,0.082552,0.105293,0.025734,0.048595,0.074216,0.075149,0.085824,0.019924,0.029087000000000002,0.072169,0.060505,0.096889,0.031819,0.04739,0.04167099999999999,0.052534,0.10006999999999999,0.027815,0.0042380000000000004,0.045306,0.038919,0.033105
1978-04-30,0.059822,0.069199,0.07198500000000001,0.094795,0.095641,0.036688,0.069635,0.08710000000000001,0.080139,0.104142,0.03206,0.05666,0.086785,0.08807499999999999,0.11499100000000001,0.028321,0.07008,0.091859,0.07719999999999999,0.093432,0.055374999999999994,0.109228,0.122102,0.128903,0.204932
1978-05-31,0.044372999999999996,0.052058,0.08145799999999999,0.079497,0.085431,0.022144,0.045646000000000006,0.048354999999999995,0.069128,0.065928,0.0369,0.052531999999999995,0.033033,0.049371,0.06278800000000001,0.032589,0.026413000000000002,0.014699,0.049807,0.062286,0.006463,0.007399,0.020874999999999998,0.026288999999999996,0.09603099999999999
1978-06-30,0.013474,0.007403999999999999,0.015837,-0.002253,0.000936,0.0009180000000000001,-0.000883,0.004418,0.007692,-0.0034839999999999997,-0.003189,0.026532,-0.002435,-0.009844,0.002767,0.011505000000000001,-0.012926,-0.002869,-0.009524,-0.010789,-0.019618,-0.015446,-0.015446,-0.017141,-0.028617
1978-07-31,0.037794,0.037396,0.057017,0.064328,0.062639,0.042469,0.041121,0.051945,0.078701,0.095752,0.028361,0.04005,0.042721,0.063873,0.077784,0.042127,0.067542,0.059188,0.069281,0.111883,0.030009,0.06411800000000001,0.070531,0.07800900000000001,0.10572699999999999
1978-08-31,0.055133,0.070949,0.091431,0.08937900000000001,0.123863,0.048706,0.077076,0.09642400000000001,0.081142,0.098819,0.045301999999999995,0.045932,0.072478,0.094108,0.12317700000000001,0.026712,0.039893,0.063583,0.056398000000000004,0.061812,0.033373,0.027553,0.032004000000000005,0.031924,0.03501
1978-09-30,0.010983,0.009451000000000001,-0.010561000000000001,-0.006888999999999999,-0.012183,0.006157,-0.001701,-0.010888,-0.016458,-0.025225,-0.006234,0.004978,-0.019064,-0.024457,-0.047953,-0.001091,-0.00916,-0.021914,-0.00651,-0.019955,0.0232,-0.015250999999999999,-0.025049000000000002,-0.036156,-0.040934
1978-10-31,-0.13453099999999998,-0.17104399999999997,-0.20526,-0.236369,-0.274949,-0.11550700000000001,-0.155311,-0.183628,-0.22933599999999998,-0.261608,-0.112101,-0.13625299999999999,-0.155468,-0.19870000000000002,-0.239695,-0.105098,-0.117916,-0.133002,-0.15149800000000002,-0.202135,-0.069736,-0.085264,-0.0925,-0.121434,-0.091577
1978-11-30,0.019912,0.03306,0.042861,0.082685,0.08554199999999999,0.018564,0.030257,0.06892000000000001,0.07724400000000001,0.10547599999999999,0.022305000000000002,0.036145000000000004,0.044597,0.046332000000000005,0.093037,0.025067,0.020184999999999998,0.022033999999999998,0.041231,0.059535,0.036094,0.023565,0.029477000000000003,0.027250999999999997,0.025976
1978-12-31,0.01421,0.002254,0.020273,0.026219000000000003,0.024517999999999998,0.026136,0.03426,0.013462,0.014411,0.027483,0.010896999999999999,0.018711,0.018254,0.018239000000000002,0.039194,0.00809,0.015913999999999998,0.016411,0.003941,0.021332,0.010054,0.024317000000000002,0.020368,0.016854,-0.0038209999999999997
1979-01-31,0.072527,0.10093,0.107767,0.10245699999999999,0.103989,0.058391,0.06782300000000001,0.077234,0.105448,0.093043,0.061569000000000006,0.064632,0.074672,0.077504,0.08230900000000001,0.078677,0.06309000000000001,0.067894,0.048209999999999996,0.039996000000000004,0.036841,0.040546,0.046484,0.033537,0.035223
1979-02-28,-0.008468999999999999,-0.008471,-0.028655,-0.022167,-0.036257000000000005,-0.010860000000000002,-0.01196,-0.022371,-0.034183,-0.047234,-0.014974000000000001,-0.002046,-0.021261000000000002,-0.032328,-0.052132,-0.014914,-0.024857999999999998,-0.040024,-0.038231,-0.067242,-0.011656999999999999,-0.02804,-0.045515,-0.044837999999999996,-0.087891
1979-03-31,0.045426,0.067843,0.09363099999999999,0.10817299999999999,0.110586,0.065258,0.085968,0.08276199999999999,0.10320700000000001,0.11042500000000001,0.054688,0.076992,0.097149,0.121543,0.12542799999999998,0.052750000000000005,0.067736,0.09655200000000001,0.106856,0.101966,0.044002,0.058727999999999995,0.052362,0.076823,0.065865
1979-04-30,0.02924,0.028010999999999998,0.036934,0.033698,0.024133,0.028281999999999998,0.011025,0.021423,0.024392999999999998,0.034101,0.017585,0.008439,0.026640999999999998,0.002858,0.033492,-0.007269,0.023155000000000002,0.01871,0.023540000000000002,0.017790999999999998,0.010029999999999999,-0.003928,-0.007161,0.00222,-0.0034300000000000003
1979-05-31,-0.0056830000000000006,-0.005476999999999999,-0.008945999999999999,-0.01714,-0.020398999999999997,-0.009758,-0.000172,-0.003647,-0.0058720000000000005,-0.026244,0.000615,-0.004887,-0.012996,-0.018559000000000003,-0.040969,0.008506,0.0017050000000000001,-0.016854,-0.011206,-0.031599,-0.013987000000000001,-0.015888,-0.019201,-0.013733,-0.009427
1979-06-30,0.045833000000000006,0.03812,0.055279999999999996,0.06267,0.057721,0.057099000000000004,0.09625199999999999,0.040781,0.075961,0.054112999999999994,0.051044,0.060925,0.02423,0.071927,0.048558000000000004,0.069322,0.074304,0.064032,0.059401999999999996,0.053682999999999995,0.049397,0.021709,0.046460999999999995,0.052265,0.034692
1979-07-31,0.035523,0.038462,0.022259,0.015944,0.015353,0.037028,0.027334999999999998,0.028321,0.032645,0.029337,0.021109,0.038856,0.032611,0.039873,0.04371800000000001,0.0044540000000000005,0.035074,0.025577000000000003,0.031198,0.032397,0.015975,-0.001332,0.009859,0.009524,0.030266
1979-08-31,0.053413,0.069421,0.087425,0.07660499999999999,0.09389099999999999,0.051592,0.060565,0.084406,0.07879900000000001,0.100162,0.053392999999999996,0.065567,0.07918,0.075304,0.0978,0.044248,0.071682,0.072611,0.090532,0.093309,0.048944,0.054963,0.066097,0.073743,0.08252599999999999
1979-09-30,0.000346,-0.009197,0.003328,-0.007802,-0.014244000000000001,-0.0023639999999999998,-0.011713,-0.01436,0.0041270000000000005,-0.002103,-0.009862,-0.000478,-0.003917,0.000538,-0.005180000000000001,-0.013951,0.007958,-0.0046289999999999994,-0.009874,-0.005434,0.014922999999999999,3.7000000000000005e-05,0.004095,-0.023382999999999998,-0.026118000000000002
1979-10-31,-0.079403,-0.10201299999999999,-0.10990399999999999,-0.11427199999999998,-0.13231,-0.09564500000000001,-0.095823,-0.099525,-0.133025,-0.107639,-0.082972,-0.08976200000000001,-0.099798,-0.097904,-0.09489,-0.077592,-0.09582800000000001,-0.081428,-0.08637399999999999,-0.08758800000000001,-0.037662,-0.079997,-0.07394,-0.068334,-0.106198
1979-11-30,0.048391,0.055046,0.079192,0.084201,0.10006999999999999,0.049526,0.077334,0.07943,0.07399499999999999,0.122038,0.08383499999999999,0.065557,0.080054,0.070328,0.10047299999999999,0.082758,0.070312,0.070725,0.082376,0.08390800000000001,0.05566,0.055996,0.062445,0.035775,0.038872
1979-12-31,0.043977,0.056852,0.07418999999999999,0.087048,0.090969,0.025353,0.047168999999999996,0.070925,0.069458,0.094962,0.024028,0.046989,0.033825,0.051163,0.06268900000000001,0.004448,0.038964,0.036943000000000004,0.040556,0.063848,0.0050929999999999994,0.013356,0.02573,0.040643000000000006,0.052223
1980-01-31,0.061412,0.086317,0.117713,0.105719,0.113164,0.052693000000000004,0.058781999999999994,0.084037,0.047682,0.090319,0.055209,0.057427,0.075302,0.065203,0.08329,0.034557000000000004,0.082106,0.065868,0.060148,0.070701,0.071126,0.05671299999999999,0.038232,0.063672,0.014063
1980-02-29,-0.012889,-0.02657,-0.028141,0.003286,-0.009113,-0.044898999999999994,-0.01729,-0.020797,-0.035612,-0.0019950000000000002,-0.025468,-0.03437,-0.015193000000000002,-0.046773999999999996,-0.021459000000000002,-0.031065,-0.001802,-0.028144999999999996,-0.044165,-0.011612,0.063517,-0.025884,-0.044403,-0.037871999999999996,-0.011557999999999999
1980-03-31,-0.140885,-0.158503,-0.173431,-0.200056,-0.224663,-0.129183,-0.160994,-0.15706799999999999,-0.17599299999999998,-0.21993600000000002,-0.136547,-0.158261,-0.18598199999999998,-0.159844,-0.166233,-0.091413,-0.156835,-0.126074,-0.12539999999999998,-0.172621,-0.111912,-0.095235,-0.076559,-0.07511999999999999,-0.098781
1980-04-30,0.039857000000000004,0.054886,0.08120100000000001,0.077199,0.071012,0.08100199999999999,0.052304,0.060568,0.048459,0.06318800000000001,0.11838900000000001,0.071072,0.078374,0.055262000000000006,0.045111,0.09620200000000001,0.06175,0.046197,0.047948000000000005,0.07173199999999999,0.067871,0.029823,0.029451,0.023359,0.03752
1980-05-31,0.064651,0.056128,0.081131,0.064689,0.079071,0.055298999999999994,0.099855,0.09363099999999999,0.108692,0.08046400000000001,0.07431199999999999,0.09023500000000001,0.05659,0.08955099999999999,0.080662,0.067987,0.096318,0.08475899999999999,0.074619,0.09002700000000001,0.043935,0.050004,0.069384,0.05348,0.062573
1980-06-30,0.042821,0.03818,0.051330999999999995,0.043977,0.051285,0.040994,0.035672999999999996,0.041090999999999996,0.0519,0.057612,0.056089,0.053491,0.045294999999999995,0.039618,0.032781,0.059733,0.04104,0.039594,0.06922,0.043265000000000005,0.027873000000000002,0.047702,0.018463,0.023408,-0.009252
1980-07-31,0.053417000000000006,0.062289000000000004,0.09580999999999999,0.10508100000000001,0.130579,0.03839,0.079483,0.098575,0.11807499999999999,0.151274,0.023765,0.079191,0.104698,0.08901400000000001,0.14038,0.033621,0.073931,0.09216300000000001,0.115398,0.116361,0.037641,0.06186,0.09413,0.10932,0.140348
1980-08-31,0.033193,0.058699,0.05886,0.076958,0.113895,0.012728,0.044977,0.053392999999999996,0.071658,0.067324,0.000548,0.042436,0.044893,0.060823999999999996,0.058616,-0.001759,0.021279,0.045632,0.032823000000000005,0.029908999999999998,0.013193,0.011071,-0.00017500000000000003,0.049933,0.08091799999999999
1980-09-30,0.023278,0.032391,0.043507,0.024891,0.041153,0.015947,0.028826,0.040491,0.035318,0.031011,0.006541,0.013086,0.036775,0.033669,0.062237999999999995,0.003539,0.026725,0.048465,0.035868000000000004,0.058709,0.006788,0.03773,0.041488,0.037362,0.089917
1980-10-31,0.022855,0.028123999999999996,0.032246000000000004,0.047213000000000005,0.060874,0.015281,0.009892,0.012692000000000002,0.046412,0.049072,0.018586000000000002,-0.00014800000000000002,0.018523,0.020596999999999997,0.033571,-0.010173000000000001,-0.000264,0.018027,0.009458,0.036387,0.012441,0.024783,0.013951999999999999,0.040490000000000005,-0.009304
1980-11-30,0.033461,0.047702999999999995,0.040721999999999994,0.059176,0.100169,0.04166,0.05152999999999999,0.071393,0.08473000000000001,0.114712,-0.006991000000000001,0.048187,0.057007,0.093614,0.11612,0.033273000000000004,0.043847,0.123608,0.128042,0.102973,0.072745,0.15458,0.139406,0.133001,0.139318
1980-12-31,-0.01201,-0.031432,-0.026598,-0.049845,-0.061677,-0.005013999999999999,-0.00441,-0.025882000000000002,-0.037333,-0.035939,0.015446999999999999,-0.008241,-0.016633,-0.044516,-0.045958,0.018471,-0.004955,-0.042179,-0.046675,-0.046952999999999995,-0.009333000000000001,-0.048135000000000004,-0.049523000000000005,-0.026791999999999996,-0.012693000000000001
1981-01-31,0.029782000000000003,0.0086,0.014946,0.008884,-0.015869,0.011621,0.011866000000000002,0.004504,-0.003004,-0.041207,0.026276,0.011916,0.001596,-0.033427,-0.069667,-0.00107,0.001573,-0.04683,-0.052302999999999995,-0.073075,-0.018680000000000002,-0.065056,-0.060181,-0.092275,-0.110571
1981-02-28,0.01459,0.015857,0.000956,0.011930000000000001,-0.016079,0.041109,0.034031,0.024011,0.021842999999999998,-0.004079999999999999,0.04016600000000001,0.01821,0.036628,0.015522000000000001,0.015073000000000001,0.018772,0.034869,0.038125,0.015436,-0.016231,0.01771,0.017952,0.015017,0.034908,-0.011325
1981-03-31,0.044339,0.075726,0.069989,0.08587,0.09342,0.037977,0.072936,0.07019199999999999,0.06856,0.109101,0.029220000000000003,0.066301,0.06896,0.11611,0.09571,0.06351,0.08319900000000001,0.074712,0.080446,0.138597,0.019097,0.016757,0.070997,0.050895,0.141622
1981-04-30,0.034649,0.045647,0.044203,0.044592,0.033485999999999995,0.027183000000000002,0.032675,0.036565,0.034793,0.019753,-0.019435,0.027009,0.031858,0.001326,0.043897000000000005,0.010799000000000001,-0.006156,-0.001535,-0.015023,0.012784,-0.000512,-0.046449,-0.033035999999999996,-0.022079,-0.019046
1981-05-31,0.016104,0.035073,0.030635,0.030234,0.052238,0.014295,0.010278,0.024995,0.027044000000000002,0.05578,0.034846,0.009821,0.013788,0.022501000000000004,0.061455,0.025390000000000003,0.017379,0.02168,0.01833,0.042455999999999994,0.008165,-0.009408,0.016912,0.003947,0.039186
1981-06-30,0.015884,0.021351,0.010436,0.0011,-0.039287,0.012710999999999998,0.002876,-0.013753999999999999,-0.013643,-0.049889,0.028271,0.008937,-0.00208,-0.025960999999999998,-0.06631000000000001,0.026538,0.004368,-0.02793,-0.037995,-0.06543199999999999,0.0028399999999999996,0.004221,-0.022532,-0.024228,-0.029816
1981-07-31,-0.00852,-0.01886,-0.035977999999999996,-0.025911,-0.037924,-0.006825,-0.019521999999999998,-0.030034,-0.030438,-0.013989,-0.011183,-0.017739,-0.035045,-0.018464,-0.010884,-0.013842,-0.037502,-0.010992,-0.008971,0.026234999999999998,-0.01589,-0.035249,0.033132,0.043503,0.022748
1981-08-31,-0.030684999999999997,-0.04714,-0.07130600000000001,-0.077839,-0.121159,-0.018845,-0.057984,-0.061974999999999995,-0.078052,-0.11096299999999999,-0.029243,-0.058710000000000005,-0.049073000000000006,-0.07122,-0.088567,-0.028999999999999998,-0.046258999999999995,-0.050745,-0.062222,-0.081352,-0.030628000000000002,-0.051247,-0.059234999999999996,-0.073362,-0.077095
1981-09-30,-0.051778000000000005,-0.062205,-0.072159,-0.091231,-0.10986800000000001,-0.04093,-0.044231,-0.068357,-0.08036599999999999,-0.107896,-0.027446,-0.051721,-0.047895,-0.080396,-0.095688,-0.041086,-0.041724,-0.07646700000000001,-0.10135,-0.090595,0.004433,-0.042023000000000005,-0.081756,-0.09556800000000001,-0.083604
1981-10-31,0.062851,0.057355,0.069569,0.089784,0.092777,0.049264,0.070931,0.077539,0.091626,0.097343,0.059913999999999995,0.058315,0.054010999999999997,0.07267,0.10177,0.060411,0.052659000000000004,0.058301,0.045825,0.106602,0.041884,0.028673999999999998,0.041654,0.097646,0.132191
1981-11-30,0.048354,0.038299,0.038293,0.026128,-0.0076419999999999995,0.059989999999999995,0.0391,0.060986000000000005,0.031814,0.022149000000000002,0.054803,0.036560999999999996,0.032041,0.033993,-0.007415000000000001,0.06837,0.0425,0.054363999999999996,0.059351,0.014673,0.036888000000000004,0.054882999999999994,0.057633000000000004,0.060334000000000006,0.007509
1981-12-31,-0.002579,-0.011321000000000001,-0.0037359999999999997,-0.014459999999999999,-0.031605,-0.009818,-0.007459,-0.021821,-0.012404,-0.02475,-0.019982,-0.014167,-0.016680999999999998,-0.023371,-0.019295,-0.026421,-0.006156,-0.016322,-0.030347,-0.056143,-0.022058,-0.008191,-0.042027,-0.050629,-0.042308000000000005
1982-01-31,-0.0013800000000000002,-0.011118,-0.013909,-0.022644,-0.019442,-0.0073409999999999994,-0.039326,-0.03225,-0.042949,-0.044927999999999996,0.001434,-0.02183,-0.042839,-0.045454999999999995,-0.064307,-0.000921,-0.032509,-0.053798000000000006,-0.064088,-0.070005,0.015945,0.018663,-0.048337000000000005,-0.074092,-0.021386
1982-02-28,-0.009999000000000001,-0.020821,-0.027102,-0.044081999999999996,-0.059032,0.001475,-0.033725,-0.033673,-0.045163,-0.065733,0.001105,-0.041373,-0.035904,-0.043228,-0.06966599999999999,0.004992,-0.032764,-0.03687,-0.069727,-0.078656,-0.023071,-0.026987999999999998,-0.059664999999999996,-0.10770300000000001,-0.12031599999999999
1982-03-31,0.013104,-0.001157,-0.006893,-0.007658000000000001,-0.02704,0.013758,0.004694,0.001587,-0.001648,-0.026583000000000002,0.033950999999999995,0.010132,0.009971,-0.023666,-0.033327,0.016342000000000002,0.006209,-0.007567000000000001,-0.041083999999999996,-0.046279,0.022142,-0.0006479999999999999,-0.021899000000000002,-0.037988,-0.045082000000000004
1982-04-30,0.036049000000000005,0.059459,0.042273,0.038067000000000004,0.07887,0.031339,0.051264000000000004,0.058959000000000004,0.070356,0.065363,0.048616,0.055441000000000004,0.047409,0.050662000000000006,0.06535300000000001,0.045373000000000004,0.04846,0.053112000000000006,0.043653000000000004,0.058191,0.028211,0.040728999999999994,0.044355000000000006,0.04295499999999999,0.069529
1982-05-31,0.00219,-0.013471,-0.004025,-0.020114999999999997,-0.020217,-0.020765,-0.025516999999999998,-0.029134000000000004,-0.038171,-0.040198,-0.013382,-0.030192,-0.017155,-0.029304,-0.048964999999999995,-0.020649,-0.041388999999999995,-0.048872,-0.038644,-0.07091,-0.021072999999999998,-0.032082,-0.010688,-0.025044,-0.07734200000000001
1982-06-30,-0.018234999999999998,-0.012538,-0.014433,-0.019364,-0.034815,-0.018804,-0.01714,-0.010445,-0.0012989999999999998,-0.039781,-0.004658,-0.006412999999999999,-0.007459,-0.029064,-0.061977000000000004,-0.003794,-0.014439,-0.007178,-0.050683,-0.038294,0.000508,-0.012115,-0.049809,-0.030121000000000002,-0.01884
1982-07-31,-0.004056000000000001,2.1e-05,-0.009701,-0.018666000000000002,-0.026704,-0.002061,-0.001791,0.0076890000000000005,-0.007932,-0.031894,-0.024162,-0.000771,-0.009292,-0.027698999999999998,-0.034138,-0.01183,-0.010681000000000001,-0.045788,-0.027841,-0.061256000000000005,-0.006658,0.014274,-0.033319999999999995,-0.069407,-0.076079
1982-08-31,0.038661,0.035974,0.060795,0.06852,0.077237,0.056692,0.076853,0.073401,0.10338800000000001,0.09083000000000001,0.102477,0.097578,0.110177,0.118688,0.127724,0.117572,0.113645,0.113124,0.1303,0.157883,0.118665,0.124478,0.14963300000000002,0.124352,0.124183
1982-09-30,0.046189999999999995,0.048395,0.041981000000000004,0.044985,0.014442,0.067227,0.058718000000000006,0.059633000000000005,0.027282,0.008641,0.038811,0.062859,0.047279999999999996,0.024522,0.019616,0.03703,0.058604,0.034552,0.031753,-0.022675,0.006234,0.020838000000000002,-0.000221,0.015422,0.011483
1982-10-31,0.081213,0.10213900000000001,0.141539,0.144681,0.16087900000000002,0.114933,0.101758,0.114741,0.152149,0.175534,0.098139,0.137291,0.115813,0.144201,0.17880400000000002,0.096203,0.151609,0.153009,0.126942,0.16582999999999998,0.095379,0.11657400000000001,0.103137,0.09989200000000001,0.173233
1982-11-30,0.07283,0.09284,0.11194699999999999,0.10751300000000001,0.10082,0.058781,0.07647,0.08720599999999999,0.118921,0.08071400000000001,0.040975000000000004,0.075158,0.09464499999999999,0.110122,0.076001,0.052413999999999995,0.053488,0.088866,0.058419,0.05651,0.044061,0.058411,0.036931,-0.005026,0.059684
1982-12-31,0.013238000000000002,0.018106,0.016266,0.019047,0.019905,2.9999999999999997e-06,0.0031929999999999997,-0.000723,0.009566999999999999,0.023982,0.011195,0.007013,0.013403,0.009842,-0.015948,0.015829,0.008355,0.006364999999999999,0.018418,0.03223,0.0013189999999999999,0.024035,0.0155,0.03233,0.006379
1983-01-31,0.070628,0.062175,0.08278600000000001,0.090419,0.119496,0.031560000000000005,0.043681,0.049756,0.062802,0.097225,0.036394,0.025717,0.028901,0.034387,0.08454,0.012637,0.012388999999999999,0.017868,0.035413,0.099995,0.029512,0.026475,0.042942999999999995,0.053133,0.067192
1983-02-28,0.049801000000000005,0.056577999999999996,0.091265,0.06787499999999999,0.039598,0.058946,0.049581,0.059279,0.084732,0.054234,0.039062,0.055008999999999995,0.05945,0.047117000000000006,0.048263,0.054939,0.035482,0.042603,0.054854,-0.026279,0.015119,0.039028,0.025323000000000002,0.036929,0.009559999999999999
1983-03-31,0.048784,0.071918,0.05857999999999999,0.054938,0.049231,0.06897,0.051906,0.046671,0.041257999999999996,0.021726000000000002,0.024057,0.070343,0.062646,0.043399,0.041646999999999997,0.052943,0.051468999999999994,0.033807000000000004,0.005617,0.002343,0.02566,0.029274,0.036492,0.047003,0.031951
1983-04-30,0.071138,0.08654999999999999,0.077388,0.09165200000000001,0.07964299999999999,0.08883800000000001,0.095143,0.099313,0.072107,0.063346,0.065529,0.08341699999999999,0.058425000000000005,0.06191,0.060687,0.047152,0.100274,0.054550999999999995,0.04369,0.060294999999999994,0.065404,0.09441700000000001,0.07116600000000001,0.070419,0.08473499999999999
1983-05-31,0.056579,0.076404,0.078426,0.094311,0.114167,0.047178000000000005,0.039529,0.034136,0.056156,0.080837,0.0155,0.026001,0.044041,0.042881,0.064705,-0.005993000000000001,0.011491,0.036224,0.066237,0.094768,-0.032987,-0.029014,0.014132,0.016809,0.029658000000000004
1983-06-30,0.035126,0.044822,0.028892,0.036907,0.045904,0.045294999999999995,0.015566,0.028893,0.061484,0.058373999999999995,0.005698,0.0385,0.054782000000000004,0.028967,0.051684,0.01095,0.041109,0.019315,0.047916,0.058781,0.013774,0.054100999999999996,0.048739,0.055775,0.039827
1983-07-31,0.01139,0.000337,-0.011777,-0.023369,-0.037622,0.012806999999999999,0.002587,-0.012926,-0.032679,-0.065522,-0.006986,-0.000206,-0.0045590000000000006,-0.022376999999999998,-0.049999,-0.00505,-0.022519,-0.020571000000000002,-0.042664999999999995,-0.072689,-0.028339,-0.017515,-0.048563999999999996,-0.058159999999999996,-0.066902
1983-08-31,-0.009007,-0.019811000000000002,-0.031412,-0.037664,-0.048815,-0.001571,-0.013672,-0.022783,-0.044905,-0.034458,-0.006162999999999999,-0.028919,-0.030335,-0.017036,-0.028971,-0.0033850000000000004,-0.008921,0.007183,0.008178,-0.012384,0.01452,0.012496,0.034663,0.004824,0.0070869999999999995
1983-09-30,0.013885000000000002,0.025548,0.007366,-0.005869,-0.015216,0.030305,0.055362999999999996,0.029278,0.032252,0.003014,0.045228000000000004,0.057419000000000005,0.051287,0.007931,0.026559,0.05479,0.030216,0.026143,0.008973,-0.005286999999999999,0.031315,0.020697,-0.006923,0.002306,-0.034926
1983-10-31,-0.013633,-0.01924,-0.050995,-0.058973000000000005,-0.08930300000000001,-0.019204000000000002,-0.033423,-0.032730999999999996,-0.064775,-0.10161300000000001,0.023511,-0.029879,-0.035684999999999995,-0.040615,-0.105032,0.009712,-0.019782,-0.029368,-0.059557,-0.10022500000000001,0.009895000000000001,-0.001827,-0.040145999999999994,-0.04500200000000001,-0.06205599999999999
1983-11-30,0.021831999999999997,0.017893,0.044325,0.043203,0.039043999999999995,0.026564,0.054844,0.041166999999999995,0.066237,0.063068,0.022321,0.045035,0.056448,0.047662,0.064709,0.015076,0.047131,0.042374,0.065906,0.06955599999999999,0.011172999999999999,0.005805,0.030772,0.047519,0.042526
1983-12-31,-0.0012909999999999998,0.002893,0.003292,-0.021942,-0.032071999999999996,0.001353,0.001001,-0.001373,-0.018094,-0.020811000000000003,-0.011552,-0.009741,-0.015515000000000001,-0.007604,-0.02698,-0.040256999999999994,-0.005755,-0.015381,-0.009605,-0.0241,-0.029254,0.006801000000000001,0.006986,0.013521,0.0045850000000000005
1984-01-31,0.02786,0.016451,0.000593,0.010805,-0.013000000000000001,0.004255,0.01287,0.000427,-0.033092,-0.033879,-0.001818,-0.023473,-0.039605,-0.025933,-0.068075,-0.010858000000000001,-0.030323000000000003,-0.037315,-0.034914,-0.051394999999999996,0.0030259999999999996,-0.028407,0.044989999999999995,0.005528999999999999,-0.061554000000000005
1984-02-29,-0.022597,-0.046563,-0.047846,-0.071913,-0.060885999999999996,-0.016126,-0.039206,-0.053735,-0.052583000000000005,-0.056235,-0.03557,-0.058008,-0.061472,-0.058390000000000004,-0.051637,-0.041394,-0.048742,-0.060461999999999995,-0.060077,-0.045953,-0.033724,-0.041274,-0.0029549999999999997,-0.054332000000000005,-0.028044
1984-03-31,0.00835,0.013774,0.020454,0.015071000000000001,-0.000709,0.006860000000000001,0.017714,0.015926,0.008312,0.0067020000000000005,-0.000153,0.025252,0.025585,0.012269,0.009726,-0.004862,0.014700999999999999,0.047591,0.04166400000000001,0.0026910000000000002,-0.009093,0.026894,0.014734,0.02479,0.014087
1984-04-30,-0.00291,0.003134,-0.006743,-0.01871,-0.031751,0.004253,0.001168,0.013839999999999998,-0.008335,-0.008078,-0.012833,0.0032790000000000002,0.009784000000000001,-0.001342,-0.012110000000000001,-0.016177,0.005586,-0.014329000000000001,-0.017643,-0.044794,0.008674,0.014107000000000001,0.020498,0.011508000000000001,-0.002783
1984-05-31,-0.016946000000000003,-0.028218999999999998,-0.052679000000000004,-0.059659000000000004,-0.0695,-0.021348,-0.053274,-0.049765,-0.045515999999999994,-0.064084,-0.00799,-0.052459,-0.052936,-0.06756999999999999,-0.085305,-0.017728,-0.052733999999999996,-0.06963,-0.066671,-0.07288599999999999,-0.036412,-0.053696,-0.052514000000000005,-0.063095,-0.076763
1984-06-30,0.012832,0.022189,0.030403,0.028877,0.015908,0.029592,0.041282,0.027618,0.02101,0.023569,0.027114,0.050124,0.037722000000000006,0.008813999999999999,0.043070000000000004,0.040977,0.03973,0.021995,0.035699,0.024115,0.061204999999999996,0.01548,0.0032040000000000003,0.018635,0.002671
1984-07-31,-0.015529,-0.014438,-0.035518,-0.040416999999999995,-0.080672,-0.010804000000000001,-0.015178,-0.036876,-0.035648,-0.068746,0.0072250000000000005,-0.025928,-0.011615,-0.046263,-0.06697700000000001,-0.01084,-0.020507,-0.032543,-0.05408,-0.079972,0.002273,-0.00265,-0.02734,-0.032818,-0.051738
1984-08-31,0.046762,0.062269,0.072644,0.09475199999999999,0.124047,0.064589,0.074197,0.104898,0.131795,0.16924299999999998,0.07646499999999999,0.114275,0.10007999999999999,0.154731,0.168489,0.084722,0.10579599999999999,0.13478400000000001,0.13153700000000002,0.17525400000000002,0.076128,0.118663,0.128735,0.117455,0.16716999999999999
1984-09-30,0.023391000000000002,0.017376,5.9e-05,0.001734,-0.02291,0.028739,0.039847,0.007221,-0.026545,-0.038927,0.042552000000000006,0.013138,0.017648,-0.009583000000000001,-0.027811,0.028055,0.034209,-0.009401,-0.012799,-0.031065999999999996,0.014001,0.001813,-0.010003999999999999,-0.025115,-0.024284
1984-10-31,0.006217,0.000937,-0.014140999999999999,-0.032006,-0.041680999999999996,0.000224,0.011500999999999999,-0.004305,-0.016609,-0.024568,0.033894,0.000543,0.004301,-0.024187,-0.020264,0.030567,0.00594,-0.005076000000000001,-0.009092,-0.02043,0.025472,0.0022470000000000003,-0.003452,-0.024821,0.00048
1984-11-30,0.004529,-0.007101,-0.024145,-0.030552000000000003,-0.051021000000000004,0.019355999999999998,0.008711,-0.012999,-0.019403,-0.046949,0.021488,0.009469,0.009599,-0.0059570000000000005,-0.027854999999999998,0.009185,-0.001149,-0.008147999999999999,-0.018536999999999998,-0.032818,0.009455999999999999,-0.018077,-0.021754,-0.010388,-0.030396999999999997
1984-12-31,0.020321,0.013515999999999999,0.008516000000000001,0.0036520000000000003,0.0044269999999999995,0.024544999999999997,0.027832,0.022393,0.015556,0.023534000000000003,0.02308,0.028201999999999998,0.018594,0.025308,0.035594,0.017906,0.038748,0.026105,0.022969,0.025099999999999997,0.025519,0.029446,0.018882,0.01647,0.024009999999999997
1985-01-31,0.058830999999999994,0.08497400000000001,0.102787,0.13441599999999998,0.15032299999999998,0.084274,0.091166,0.09537100000000001,0.122904,0.144508,0.059964,0.088175,0.10286,0.107003,0.15592499999999998,0.045959,0.09292600000000001,0.11508900000000001,0.09924200000000001,0.157075,0.037572,0.087089,0.086531,0.08611100000000001,0.133472
1985-02-28,0.024458,0.031832,0.031055000000000003,0.032621000000000004,0.040827,0.026372,0.018420000000000002,0.029313,0.033357,0.017074,0.004886,0.034269,0.011769,0.000433,-0.003691,0.025303,0.025941000000000002,0.023259,0.01624,-0.028995000000000003,0.031973,0.006432,0.02434,0.012958,0.004195
1985-03-31,0.018317,0.001288,-0.013271999999999999,-0.018359,-0.037163,0.028354,0.009278999999999999,-0.015538000000000001,-0.014456,-0.048917999999999996,0.037523,-0.000124,-0.001721,-0.021605,-0.046687000000000006,0.034782,0.0017360000000000001,-0.016813,-0.017958000000000002,-0.021351,0.034137,-0.015072,-0.015737,0.000578,-0.013654
1985-04-30,0.013435999999999998,0.013325,-0.014613000000000001,-0.007832,-0.024266999999999997,0.022709,0.020243999999999998,0.0030280000000000003,-0.026191,-0.025377999999999998,0.023287,0.005883,0.0044540000000000005,0.004187,-0.049009,0.008136,0.012975,-0.007193000000000001,-0.027208,-0.029042,-0.010225999999999999,0.0067269999999999995,0.0020250000000000003,0.000525,-0.035486
1985-05-31,0.02962,0.039155,0.011775,0.033239,0.024066999999999998,0.036439,0.024817999999999996,0.042792000000000004,0.044926,0.046237,0.04739499999999999,0.058704,0.033659,0.046401000000000005,0.040494,0.066696,0.065627,0.05459800000000001,0.064252,0.026543,0.073527,0.069654,0.050314,0.033783,0.058277
1985-06-30,0.023212999999999998,0.018671,0.011874000000000001,0.003487,-0.0015359999999999998,0.047502,0.045232,0.019714,0.009901,0.0069169999999999995,0.049345,0.032342,0.02964,0.011103,0.013468,0.035116,0.028936000000000003,-0.000912,0.020579,0.006602,0.025102000000000003,0.007671,0.002035,0.014651,0.021484999999999997
1985-07-31,0.008561,0.024497,0.027448999999999998,0.029103,0.029481,0.015079,0.023026,0.032841999999999996,0.028589000000000003,0.036586,-0.003463,0.004097,0.018236000000000002,0.026316000000000003,0.041259,-0.023281,-0.0033989999999999997,-0.005940999999999999,0.0076890000000000005,0.031626,-0.038055,0.013388,-0.009595,0.004719999999999999,0.002437
1985-08-31,0.015495000000000002,-0.0031030000000000003,-0.00783,-0.003216,-0.019281,0.015497,0.016501,-0.005483,-0.001278,-0.015957,0.015686,-0.0040939999999999995,-0.004209,-0.009971,-0.040032,0.0042580000000000005,0.015939000000000002,-0.007914,-0.016730000000000002,-0.011013,0.009979,-0.013852,-0.014422999999999998,0.004201,-0.025768
1985-09-30,-0.014137,-0.033944,-0.051909000000000004,-0.050720999999999995,-0.079331,-0.017455000000000002,-0.031543999999999996,-0.047914000000000005,-0.058331,-0.085406,-0.024324,-0.032232,-0.040785,-0.055853,-0.07026500000000001,-0.042024,-0.044115,-0.032143000000000005,-0.074512,-0.062103,-0.018335999999999998,-0.027201,-0.037114,-0.043463,-0.058055
1985-10-31,0.019128,0.022804,0.034344,0.028729,0.016984,0.045395000000000005,0.052831,0.050652,0.032916,0.039281,0.048871000000000005,0.04650699999999999,0.038723,0.020817000000000002,0.028912,0.067066,0.06390699999999999,0.056938,0.043264,0.021962000000000002,0.049948,0.04606,0.054408000000000005,0.041944,0.052046999999999996
1985-11-30,0.044135999999999995,0.048160999999999995,0.057421,0.050668,0.064344,0.069585,0.071096,0.062601,0.068002,0.087026,0.045754,0.06615700000000001,0.07006,0.064476,0.089542,0.05726200000000001,0.072334,0.067377,0.07284,0.09199299999999999,0.079776,0.074903,0.057517,0.057538,0.076529
1985-12-31,0.043768,0.044858,0.016377,0.033319999999999995,0.040326,0.039845,0.03923,0.038404,0.025172,0.058152,0.044986,0.03063,0.039574,0.036309,0.058279,0.045431,0.042189,0.044951,0.03167,0.033384,0.047087000000000004,0.061384999999999995,0.032772,0.027442,0.043998999999999996
1986-01-31,0.021208,0.01236,0.03696,0.022522,0.039906000000000004,0.016672,0.019378,0.014707,0.002752,0.000722,0.031968,0.025699999999999997,0.022473999999999997,0.016571,0.019927,0.024533999999999997,0.03877,0.008779,0.007943,0.008234,0.011439,-0.0008119999999999999,0.01625,-0.0025369999999999998,-0.007294
1986-02-28,0.059433,0.050966,0.063719,0.077423,0.068632,0.07009699999999999,0.076836,0.07149,0.061862,0.083921,0.074739,0.071228,0.087507,0.067631,0.071906,0.064799,0.075256,0.091118,0.075265,0.080427,0.08551299999999999,0.06865199999999999,0.09819800000000001,0.075436,0.072805
1986-03-31,0.038572,0.062139,0.047591999999999995,0.053724,0.036511999999999996,0.047668,0.038399,0.053485,0.060034000000000004,0.05122,0.054633,0.058162000000000005,0.065348,0.039348999999999995,0.057328000000000004,0.05561,0.06729,0.064424,0.039286,0.027881999999999997,0.067298,0.057987000000000004,0.043872,0.048831,0.043329000000000006
1986-04-30,0.01554,0.030036,0.009595,0.008771,0.017482,0.015167,0.013366,0.006785,-0.006085,0.015806,0.015002999999999999,0.023051,-0.004207,0.016942,-0.005920999999999999,-0.012683999999999999,-0.004373,-0.0163,-0.010145999999999999,0.0033410000000000002,-0.00428,-0.008484,-0.023972000000000004,-0.023757999999999998,-0.039745
1986-05-31,0.044111000000000004,0.04832499999999999,0.032247,0.040014,0.033555,0.029825,0.051984,0.041741,0.026959,0.036318,0.04152,0.061418999999999994,0.06261599999999999,0.062567,0.025638,0.04393,0.065387,0.05794,0.040149,0.039209999999999995,0.058688000000000004,0.04334,0.061607,0.056385,0.057861
1986-06-30,0.036741,0.023087,0.009651999999999999,-0.008027,-0.008754,0.041803,0.015797000000000002,0.011187,0.008415,-0.005375,0.045144000000000004,0.034956999999999995,-0.002201,-0.018172999999999998,-0.026448,0.061127,0.024412,0.004487,-0.012775000000000002,-0.018203,0.051253,0.007843,-0.011462000000000002,-0.007272,0.008792
1986-07-31,-0.050364000000000006,-0.06583,-0.070794,-0.08991400000000001,-0.105646,-0.042843,-0.081653,-0.08003600000000001,-0.088011,-0.107179,-0.015314000000000001,-0.056124,-0.092048,-0.116487,-0.10514099999999998,0.007763,-0.085195,-0.080083,-0.081792,-0.07789,-0.015444,-0.05717800000000001,-0.062286,-0.071507,-0.09321099999999999
1986-08-31,0.011887000000000002,0.015414,0.019693000000000002,0.017287999999999998,0.010105,0.042541,0.030513,0.048776,0.030737999999999998,0.042138,0.0492,0.06539,0.054646999999999994,0.057949,0.052767,0.067565,0.07001,0.08225500000000001,0.062846,0.075967,0.069017,0.078397,0.07069600000000001,0.053059,0.07774600000000001
1986-09-30,-0.053026,-0.033948,-0.045754,-0.044749,-0.08379500000000001,-0.04999,-0.054401000000000005,-0.042664999999999995,-0.062678,-0.075278,-0.056527,-0.071593,-0.051712999999999995,-0.069195,-0.061509999999999995,-0.085274,-0.047906000000000004,-0.072703,-0.064989,-0.110714,-0.092801,-0.080128,-0.10052,-0.097279,-0.08605700000000001
1986-10-31,0.015531999999999999,0.034019,0.001969,0.010884,0.026216,0.010428,0.034678,0.045916,0.044438000000000005,0.058072,0.018899,0.022877,0.020892,0.036178,0.056971999999999995,0.047404,0.062257999999999994,0.057213,0.052599,0.057435,0.068453,0.036666,0.072685,0.067573,0.077305
1986-11-30,-0.003895,-0.013302000000000001,-0.005994,0.008532,-0.012950999999999999,-0.008132,-0.018472,0.000322,-0.005508,0.0049499999999999995,-0.005286,-0.00659,0.003845,-0.001057,0.009094999999999999,0.003835,0.005527,0.006608,0.020503,-0.009097,0.019466,0.029093,0.015293000000000001,0.024888,0.026185
1986-12-31,-0.033866,-0.025273,-0.028127,-0.029672999999999998,-0.038806,-0.024201999999999998,-0.016184,-0.030255,-0.012681,-0.030897,-0.021172,-0.01959,-0.0204,-0.0077729999999999995,-0.028900000000000002,-0.032348,-0.036098,-0.033765,-0.031244,-0.03445,-0.020066,-0.023506,-0.035091000000000004,-0.031642,-0.045454999999999995
1987-01-31,0.085009,0.09263099999999999,0.09053599999999999,0.101582,0.12151899999999999,0.07812999999999999,0.103059,0.13309300000000002,0.11328200000000001,0.140606,0.07579799999999999,0.097166,0.110052,0.124625,0.172554,0.08846899999999999,0.12214,0.114566,0.14219099999999998,0.171007,0.119855,0.131601,0.14391400000000001,0.147068,0.148165
1987-02-28,0.052774,0.078515,0.061124,0.081959,0.10624399999999999,0.031644,0.049027,0.078345,0.071391,0.098149,0.029661,0.056931,0.046994999999999995,0.08295,0.110297,-0.00359,0.05623,0.062775,0.072158,0.097229,0.003025,0.038633,0.070006,0.070413,0.06948
1987-03-31,0.030919,0.037601,0.029695,0.037692,0.00631,0.023073,0.051133,0.016301,0.006333999999999999,0.0052759999999999994,0.009250000000000001,0.027489,0.020454,0.014668,-0.003256,-0.010822,0.036975,0.012601,0.0023699999999999997,0.013293999999999999,0.025795,0.027999,0.01606,0.014296,0.010861
1987-04-30,-0.0071660000000000005,-0.014577,-0.007549,-0.012990999999999999,-0.032696,-0.033551000000000004,-0.03228,-0.011733,-0.030587,-0.03959,-0.054031,-0.030508,-0.018585,-0.019712,-0.011893,-0.038628,-0.019908,-0.029965000000000002,-0.009275,-0.02666,-0.023774000000000003,-0.002567,0.009605,-0.034928,-0.034167
1987-05-31,0.004494000000000001,-0.008304,0.013380000000000001,0.006177,-0.005523,-0.008292,-0.00241,-0.019889,0.007157,-0.0024,-0.007691,0.002605,0.004894,0.006811,0.014766,-0.014143,-0.0026550000000000002,0.012825,0.023118,0.005457999999999999,0.016909,0.001967,0.008203,0.00188,0.008102
1987-06-30,0.019804,0.009685000000000001,0.025745,0.03542,-0.00043200000000000004,0.022057000000000004,0.037749000000000005,0.048765,0.032922,0.020574,0.040358,0.067423,0.049033,0.040886,-0.015315,0.048949999999999994,0.048637,0.049503000000000005,0.026286999999999998,0.022026,0.058744,0.049977999999999995,0.041425000000000003,0.062516,0.039611
1987-07-31,0.035846,0.05596,0.013484000000000001,0.043463,0.018678999999999998,0.024095,0.036226,0.057859,0.03329,0.022104,0.008369999999999999,0.056433,0.046986999999999994,0.055561,0.023889999999999998,0.020771,0.069447,0.057702,0.065513,0.031322,0.030369999999999998,0.056466,0.038251,0.050728,0.064715
1987-08-31,0.009421,0.020849000000000003,0.00867,0.018288,0.017037,0.021179999999999997,0.042497999999999994,0.013675,0.042229,0.042226999999999994,0.040422,0.02956,0.026784,0.027157,0.038986,0.038693,0.023666,0.041764,0.018083000000000002,0.070973,0.035054,0.050431,0.048651,0.026006,0.06682400000000001
1987-09-30,-0.012152000000000001,-0.007209,-0.008458,-0.0033439999999999998,-0.025299000000000002,-0.019093,-0.014504999999999999,-0.016908,-0.000795,-0.032584,-0.020494,-0.013814,-0.019905,-0.015039,-0.045343,-0.020498,0.007296,-0.02037,-0.012180999999999999,-0.018044,-0.016982999999999998,0.000881,-0.035672,-0.03532,-0.06719
1987-10-31,-0.22940100000000002,-0.280412,-0.279618,-0.31704,-0.331706,-0.213522,-0.251446,-0.28989,-0.300872,-0.346779,-0.15672,-0.266324,-0.26968,-0.300728,-0.324133,-0.149161,-0.248886,-0.261751,-0.270459,-0.29557300000000003,-0.129481,-0.20784,-0.23836500000000002,-0.247442,-0.290213
1987-11-30,-0.025328,-0.047881,-0.045651000000000004,-0.044843,-0.06634000000000001,-0.009956,-0.032875999999999996,-0.017737,-0.07062,-0.083371,-0.021117,-0.028789,-0.034017,-0.035119,-0.07603,-0.044913999999999996,-0.039531000000000004,-0.043852,-0.054715999999999994,-0.09967000000000001,-0.087723,-0.077887,-0.084037,-0.080109,-0.119086
1987-12-31,0.0009,0.03929,0.036299,0.056313,0.042593,0.036281,0.057888999999999996,0.080044,0.09977399999999999,0.107463,0.026417000000000003,0.06161,0.08441499999999999,0.099664,0.112429,0.037881,0.076445,0.113026,0.085101,0.134732,0.042691,0.061104000000000006,0.082071,0.11361399999999999,0.093873
1988-01-31,0.044076000000000004,0.065249,0.054713000000000005,0.061279,0.074714,0.045242000000000004,0.039827,0.055222,0.035101,0.037635,0.064167,0.063271,0.049908,0.026690000000000002,0.010662,0.06638899999999999,0.022843,0.021578,0.041493,0.022848,0.077359,0.041233000000000006,0.019530000000000002,0.036185999999999996,0.058037
1988-02-29,0.055286999999999996,0.07814199999999999,0.062211999999999996,0.069414,0.076388,0.054265,0.06479,0.09194699999999999,0.08353,0.117429,0.036137999999999997,0.076542,0.071922,0.09653,0.096845,0.023669,0.070803,0.08313000000000001,0.11607100000000001,0.08285500000000001,0.017671,0.038404,0.056046,0.056471,0.067853
1988-03-31,0.044061,0.043726,0.066075,0.037721,0.048948,0.01634,0.037702,0.03074,0.032037,0.042226999999999994,-0.011167,0.034601,0.0029049999999999996,0.011378,0.011621,-0.01464,0.027549,-0.0032600000000000003,0.03263,-0.019556,-0.024107,-0.037086,-0.05136,-0.030567,-0.060311000000000003
1988-04-30,0.009741,0.023148,0.03475,0.029011,0.015309999999999999,0.017065999999999998,0.017766999999999998,0.035822,0.030168,0.016014,0.022219000000000003,0.010925,0.0007920000000000001,0.006385999999999999,-0.007150999999999999,0.010914,0.015728,-0.009823,-0.002906,0.027431,0.014565999999999999,0.0005020000000000001,0.011883,0.012361,0.006249
1988-05-31,-0.008604,-0.004235,-0.027066,-0.012959,-0.03118,-0.027124000000000002,-0.014497,-0.005997,-0.01332,-0.041944,0.009347,-0.009735,-0.006523999999999999,-0.0062450000000000006,0.003539,0.016798,-0.003331,-0.012612000000000002,0.005762000000000001,0.000547,0.017691,0.004836,0.0075780000000000005,-0.001251,-0.0029649999999999998
1988-06-30,0.037645,0.049469000000000006,0.070492,0.054473,0.055422,0.051006,0.049080000000000006,0.08928000000000001,0.09099700000000001,0.081831,0.046795,0.054054000000000005,0.056101,0.08319900000000001,0.074733,0.037395,0.053807999999999995,0.06814300000000001,0.073987,0.095324,0.007908,0.051109999999999996,0.070599,0.060289,0.084062
1988-07-31,0.009151,-0.00932,0.003578,0.002133,-0.015616000000000001,0.005297,0.002948,-0.009337999999999999,-0.014135,-0.020074,-0.014312,-0.007645,-0.011422000000000002,-0.029226000000000002,-0.024721000000000003,-0.014521,-0.017472,-0.009634,-0.017998,-0.036677,0.011297999999999999,-0.006555999999999999,-0.011936,-0.003834,-0.014723
1988-08-31,-0.014092,-0.012003,-0.022194,-0.020895,-0.037040000000000003,-0.001021,-0.033372,-0.032861,-0.030615999999999997,-0.030977,-0.0050349999999999995,-0.020236999999999998,-0.026188,-0.010809,-0.047143,0.004013,-0.020569,-0.023776000000000002,-0.022788,-0.03779,-0.013521,-0.031827,-0.029303,-0.046733000000000004,-0.066743
1988-09-30,0.004534,0.011861,0.033585,0.030032,0.013282,0.022296,0.036713,0.043311999999999996,0.018208,0.019048,0.018312,0.026803,0.033780000000000004,0.019284,0.024961,0.029838,0.029425,0.034612,0.031238000000000002,0.048888999999999995,0.026217,0.04455,0.053968999999999996,0.06054299999999999,0.05224
1988-10-31,-0.004544,-0.008119,-0.021232,-0.015627,-0.029918999999999998,0.0068969999999999995,0.006242999999999999,-0.008033,-0.009352000000000001,-0.023875999999999998,0.006711,0.015764,0.006452,-0.014189,-0.014386000000000001,0.012621,0.006252,0.004491,-0.004355,-0.010022,0.034563,0.030104000000000002,0.017103,0.035589,0.008847
1988-11-30,-0.015470999999999999,-0.026997,-0.037151,-0.052954,-0.057355,-0.003972,-0.023565,-0.035966,-0.031417,-0.046679000000000005,-0.023477,-0.012966,-0.020988000000000003,-0.033467,-0.046366,-0.01701,-0.014654,-0.030661,-0.024559,-0.030773000000000002,-0.005911,-0.01508,-0.00911,-0.018491999999999998,-0.033833
1988-12-31,0.009564,0.025691000000000002,0.018164,0.035630999999999996,0.041219,0.01351,0.041250999999999996,0.020987,0.060894000000000004,0.043898,0.019086000000000002,0.028072,0.030175,0.036529,0.049665999999999995,0.00832,0.027357,0.012244999999999999,0.035141,0.03086,0.01221,0.017492,0.022654,0.017796,0.02027
1989-01-31,0.030042,0.054953,0.042216,0.055254000000000004,0.058168,0.016303,0.045808,0.046494,0.06126,0.049913,0.027484,0.044829,0.056435000000000006,0.055736,0.070655,0.027259000000000002,0.062152000000000006,0.075669,0.065476,0.056995,0.054086999999999996,0.067599,0.081657,0.084186,0.101685
1989-02-28,-0.000527,0.0046029999999999995,0.013817999999999999,0.015543,0.001052,0.015012000000000001,0.018611,0.018693,0.012665,0.004861,0.0014089999999999999,0.008012,0.007203,0.010051000000000001,-0.002489,-0.00879,-0.004195,0.006339,0.000166,-0.013969,-0.026768999999999998,-0.0229,-0.032157,-0.025495999999999998,-0.017865
1989-03-31,0.017327,0.026486999999999997,0.022624,0.034024,0.023658000000000002,0.014485,0.018618,0.020807000000000003,0.036308,0.019529,0.018623,0.016534,0.014793,0.027493,0.035188000000000004,0.003453,0.023141,0.026432999999999998,0.000751,0.024024999999999998,0.03144,0.016791,0.026071,0.030335,-0.00395
1989-04-30,0.020383,0.038016999999999995,0.010104,0.027256,0.032016,0.048095,0.045914,0.032475000000000004,0.040841,0.041136,0.034769999999999995,0.046954,0.049151,0.043375000000000004,0.047088,0.052281,0.056577999999999996,0.053758,0.045285,0.05729,0.04472400000000001,0.055955000000000005,0.054109,0.052648,0.038903
1989-05-31,0.012356,0.028946,0.023843,0.044091,0.042468000000000006,0.018935999999999998,0.030133,0.029382000000000002,0.018577999999999997,0.055658000000000006,0.037009,0.050039,0.03031,0.05072,0.055664,0.040655000000000004,0.039791,0.037198,0.030363,0.074585,0.042975000000000006,0.03125,0.04399,0.046291,0.090191
1989-06-30,-0.005718,-0.012971,-0.001256,-0.008856000000000001,-0.033897,0.006189,-0.005598,-0.003693,-0.021433,-0.033458999999999996,0.020257999999999998,-0.007725999999999999,-0.003729,-0.037385,-0.027837999999999998,0.018347,-0.000722,-0.006808999999999999,-0.009927,-0.025431,0.010596000000000001,-0.001601,-0.016496999999999998,-0.014969,-0.033197000000000004
1989-07-31,0.020767,0.025257,0.020994000000000002,0.039339,0.025834000000000003,0.023272,0.044612,0.030157,0.03642,0.060638,0.040858,0.037743,0.060474,0.043037,0.054329,0.05863,0.077973,0.083443,0.08946300000000001,0.07128899999999999,0.06763899999999999,0.088634,0.10259,0.101519,0.115813
1989-08-31,0.019572,0.017546,0.018181,0.011798,0.022689,0.024260999999999998,0.020048,0.0246,0.042283,0.046019,0.014658,0.03985,0.022389000000000003,0.039736,0.03435,0.012174,0.041165,0.032583,0.027454,0.069468,3e-05,0.01894,0.021858,0.027245,0.017795000000000002
1989-09-30,0.004602,0.003536,-0.023696000000000002,-0.0016389999999999998,0.008309,0.008075,0.008672,0.028976000000000002,-0.005901999999999999,-0.0067469999999999995,0.008101,-0.017512,0.005302,-0.020257999999999998,0.0069489999999999994,-0.002462,-0.026004999999999997,-0.023363000000000002,-0.02262,0.010225,0.008301,0.005472,-0.004546,-0.006109,0.001145
1989-10-31,-0.030783,-0.055023,-0.066801,-0.075227,-0.067918,-0.031881,-0.040401999999999993,-0.036107,-0.080761,-0.09574500000000001,-0.021814,-0.040509,-0.057445,-0.062093999999999996,-0.073086,-0.018137,-0.032916,-0.059656,-0.066145,-0.066872,0.006915,-0.021804,-0.029775,-0.032151,-0.025415999999999998
1989-11-30,0.0038030000000000004,-0.007764,-0.006311,-0.01541,-0.007212,0.013608,0.00571,0.004146,-0.017023,0.023136999999999998,0.019972,0.007272,0.011219,0.017794,0.015612999999999998,0.024485999999999997,0.023233999999999998,0.0029509999999999996,0.018564,-0.012213,0.032221,0.013703,0.020068000000000003,0.008725,0.02009
1989-12-31,-0.008185,-0.01721,0.000547,-0.010483,-0.02644,-0.0038250000000000003,0.009764,0.010069999999999999,0.015309999999999999,-0.00385,0.017425,0.005675,-0.012006,0.005183999999999999,0.005409000000000001,0.03908,0.017786,0.007802,0.017999,0.0012640000000000001,0.056047,0.021185999999999997,0.018928,-0.02061,-0.002169
1990-01-31,-0.041752000000000004,-0.068572,-0.083644,-0.064583,-0.084896,-0.053072,-0.073971,-0.08668,-0.103078,-0.110464,-0.067721,-0.076097,-0.08174799999999999,-0.08627499999999999,-0.11513899999999999,-0.059216,-0.079245,-0.100715,-0.07086100000000001,-0.08373900000000001,-0.064654,-0.077741,-0.06744900000000001,-0.054896,-0.057443999999999995
1990-02-28,0.002409,0.013678999999999998,0.026705999999999997,0.03651,0.025719,0.019462,0.019313,0.022900999999999998,0.047356999999999996,0.044382000000000005,0.014295,0.035574,0.022669,0.034995,0.032548,0.006000999999999999,0.021036000000000003,0.015455000000000002,0.027842,0.034588,0.001951,0.015188,0.014114999999999999,0.018422,0.050281
1990-03-31,0.0068720000000000005,0.014315,0.012271,0.030708000000000003,0.042095,0.015955999999999998,0.016206,0.033566,0.054405,0.060323,0.007286,0.012912999999999999,0.03211,0.038065,0.054261,0.007359,0.032721,0.022129,0.044393,0.035088,0.008378,0.032126999999999996,0.020255000000000002,0.027933,0.046841999999999995
1990-04-30,-0.022048,-0.029476,-0.030918,-0.039325,-0.035483,-0.039451,-0.029456000000000003,-0.032456,-0.029606,-0.036520000000000004,-0.040369999999999996,-0.047591999999999995,-0.02541,-0.025577000000000003,-0.046647999999999995,-0.048514999999999996,-0.03188,-0.041704,-0.054542,-0.04769999999999999,-0.029706,-0.016686,-0.018168,-0.028481999999999997,-0.007246
1990-05-31,0.017855,0.047026000000000005,0.047134999999999996,0.044071,0.082135,0.028715,0.042446000000000005,0.061599,0.082622,0.117409,0.042477999999999995,0.07137299999999999,0.067751,0.105882,0.115894,0.07488299999999999,0.09023400000000001,0.079949,0.095835,0.144012,0.075497,0.095596,0.09383,0.10943699999999999,0.161132
1990-06-30,-0.002155,-0.006319,0.021289,-0.003256,0.02231,-0.009064,0.011535,-0.018265,0.0066749999999999995,-0.003982,0.0020210000000000002,0.005542,0.008274,0.000514,-0.0017280000000000002,0.007206000000000001,-0.008993,-0.015101,-0.025332,-0.00369,-0.013590999999999999,-0.013678999999999998,0.001689,0.008799,0.014362999999999999
1990-07-31,-0.032817,-0.039177,-0.053395,-0.039561,-0.059744,-0.029286,-0.030931,-0.035094,-0.048897,-0.052969,-0.007423,-0.026869,-0.031529,-0.05375,-0.064676,0.010589,-0.009995,-0.031325,-0.045773,-0.048361999999999995,0.028794,-0.004046,-0.008988000000000001,-0.026951,-0.030036999999999998
1990-08-31,-0.096958,-0.121907,-0.121509,-0.134021,-0.168381,-0.071689,-0.10654400000000001,-0.115129,-0.14187,-0.17396799999999998,-0.070563,-0.11735200000000001,-0.11432,-0.120169,-0.15407400000000002,-0.06623899999999999,-0.08839999999999999,-0.101477,-0.130421,-0.137379,-0.053739999999999996,-0.08474500000000001,-0.09334300000000001,-0.11322499999999999,-0.119511
1990-09-30,-0.055331,-0.06811099999999999,-0.101594,-0.095557,-0.12572,-0.051933999999999994,-0.071851,-0.08553100000000001,-0.089075,-0.144142,-0.03475,-0.082902,-0.07242799999999999,-0.108644,-0.112682,-0.014065000000000001,-0.070087,-0.091779,-0.095579,-0.117099,-0.005368,-0.022938999999999998,-0.082258,-0.066627,-0.07368999999999999
1990-10-31,-0.055212000000000004,-0.060850999999999995,-0.060175,-0.074247,-0.084444,-0.047163000000000004,-0.053926999999999996,-0.049847,-0.056665,-0.072146,-0.012916,-0.055693,-0.041427,-0.060201000000000005,-0.06478500000000001,0.016976,-0.041801000000000005,-0.035005,-0.043636999999999995,-0.055259,0.0269,0.010719000000000001,-0.019715,-0.016912,-0.023357000000000003
1990-11-30,0.018748,0.038901,0.032594,0.009564,0.053881,0.032155,0.055342,0.08174300000000001,0.092904,0.11559100000000001,0.050092,0.082805,0.094765,0.112321,0.128443,0.048891,0.063969,0.128808,0.111007,0.132097,0.03283,0.057786,0.07624399999999999,0.08381999999999999,0.121195
1990-12-31,0.000312,0.014457,0.00121,0.018566,-0.018694,0.026362999999999998,0.040175,0.062118,0.043389,0.059231,0.031375,0.025833,0.050781,0.078293,0.070036,0.02319,0.030085999999999998,0.056034,0.059227,0.048978,0.011294,0.022324,0.039067,0.039577,0.038215
1991-01-31,0.041052,0.071042,0.09390599999999999,0.103462,0.12862,0.013412,0.044131000000000004,0.08945399999999999,0.088545,0.125424,0.008128,0.079178,0.077189,0.116026,0.100826,0.008282000000000001,0.054027000000000006,0.064639,0.10623300000000001,0.10491400000000001,-0.012038,0.027253,0.06597800000000001,0.101778,0.107212
1991-02-28,0.093966,0.110083,0.155529,0.12750899999999998,0.163229,0.092584,0.117548,0.11520200000000001,0.130994,0.108932,0.07419400000000001,0.094975,0.09173400000000001,0.084192,0.124158,0.065536,0.10030900000000001,0.095839,0.079245,0.10063599999999999,0.059748,0.055636,0.075273,0.08857699999999999,0.085419
1991-03-31,0.055871000000000004,0.07671,0.056417,0.102996,0.10783200000000001,0.041128,0.061276000000000004,0.071219,0.054618,0.069238,0.015972,0.048357000000000004,0.035335,0.059480000000000005,0.093788,0.024922,0.028706999999999996,0.049523000000000005,0.046986999999999994,0.058211000000000006,0.02258,0.012734,0.02995,0.028065000000000003,0.042249
1991-04-30,0.008867,0.014908999999999999,0.003266,0.009516,0.011040000000000001,0.022049,0.017411,0.013683,-0.009996,-0.0055910000000000005,0.017213,0.014457,0.005634,0.013117,-0.034956999999999995,0.003433,0.019469,0.0014030000000000002,0.002314,0.009905,0.0042120000000000005,-0.004061,0.006028,-0.007999000000000001,0.020055999999999997
1991-05-31,0.029488,0.030289999999999997,0.027507999999999998,0.047728,0.034460000000000005,0.025595,0.036067,0.056602,0.022788,0.065972,0.015309,0.044504999999999996,0.050306,0.045358,0.066243,0.01732,0.049,0.042462,0.070829,0.077321,-0.0051259999999999995,0.035657999999999995,0.059820000000000005,0.061558,0.059793000000000006
1991-06-30,-0.026371000000000002,-0.034311,-0.037652,-0.057995,-0.049132999999999996,-0.011389,-0.019497,-0.037915000000000004,-0.063315,-0.060499,-0.004774,-0.033503,-0.032787000000000004,-0.052257,-0.06654499999999999,-0.027643,-0.036912,-0.049235,-0.053327,-0.067835,-0.023385,-0.032477,-0.053517,-0.074117,-0.059276999999999996
1991-07-31,0.021268,0.025259,0.035782,0.032085,0.033766,0.018423000000000002,0.016005000000000002,0.033943,0.040156,0.043439,0.030198999999999997,0.042474,0.039303,0.05777,0.082443,0.026959,0.035346,0.046074000000000004,0.050128000000000006,0.08836499999999999,0.037572999999999995,0.053515,0.037689,0.069199,0.042802
1991-08-31,0.009326,0.030288,0.014803,0.031472,0.049367999999999995,0.034521,0.019826,0.039948000000000004,0.027475999999999997,0.035738,0.022407,0.028884,0.040735,0.043851,0.085017,0.028412000000000003,0.018082,0.019396,0.023606,0.031448000000000004,0.014691000000000001,0.026349,0.033002,0.028555,0.058786
1991-09-30,0.011854,-0.001171,-0.009684,0.008277,0.024949,0.018382,-0.008020000000000001,0.0035709999999999995,0.00393,0.017225999999999998,0.017847,-0.011455,-0.008818,-0.017774,-0.0031290000000000003,0.023014,-0.024213,-0.018582,-0.010928,0.004965,0.008905,-0.021011000000000002,-0.022816,-0.031492,-0.045986
1991-10-31,0.032014999999999995,0.000883,0.023319999999999997,0.037844,0.060038,0.019261,0.004247,0.016806,0.013996,0.019331,0.012156,0.020568,0.030475,0.039478,0.013049999999999999,0.0033350000000000003,0.023692,0.028993,0.027926000000000003,0.003771,0.025842999999999998,0.016431,0.015377,-0.007723,-0.010027
1991-11-30,-0.005405,-0.031890999999999996,-0.02464,-0.027173,-0.030731,-0.027611,-0.0006479999999999999,-0.04652,-0.07317599999999999,-0.073567,0.000738,-0.039595,-0.060929000000000004,-0.048236,-0.067695,-0.011546,-0.029548,-0.044481,-0.05187,-0.055164,-0.025389,-0.032449,-0.054781,-0.039142,-0.037616000000000004
1991-12-31,0.01236,0.027138,0.043571,0.055990000000000005,0.068166,0.035382,0.047070999999999995,0.090556,0.09690099999999999,0.10238,0.04921299999999999,0.083376,0.119884,0.11518,0.17552299999999998,0.043726,0.093254,0.13904,0.149238,0.129117,0.082815,0.115258,0.153548,0.133258,0.125729
1992-01-31,0.09002700000000001,0.125457,0.146265,0.128309,0.18715800000000002,0.024651999999999997,0.057942999999999995,0.089043,0.060065,0.116335,0.0070599999999999994,0.034664,0.044384,0.069323,0.065969,-0.032141,0.010395000000000001,0.009078000000000001,0.023135,0.070491,-0.042691,-0.031560000000000005,-0.009033,0.00724,0.068848
1992-02-29,0.041424,0.053881,0.06305,0.059536,0.038682,0.031977000000000005,0.018565,0.036333000000000004,0.043099,0.025204,0.003877,0.019836,0.028399999999999998,0.059044,0.04524,-0.004356,0.013609,0.03082,0.030257999999999997,0.039834,-0.013468,0.002356,0.022618,0.04873,0.019062
1992-03-31,0.010091000000000001,-0.025382,-0.009266,-0.022113999999999998,-0.054638,-0.008326,-0.0067659999999999994,-0.024538,-0.030896,-0.055108,-0.007121,0.0043219999999999995,-0.026035,-0.017113,-0.050746,-0.019076,-0.017925,-0.019172,-0.058895,-0.04225399999999999,-0.016615,-0.017666,-0.027743000000000004,-0.005151,-0.067635
1992-04-30,-0.011407,-0.031711,-0.030899999999999997,-0.048394000000000006,-0.073981,-0.016507,-0.015017,-0.0207,-0.032657,-0.066858,0.008128999999999999,0.012384,-0.009535,-0.019627,-0.047939999999999997,0.010487,0.014192,0.023340999999999997,0.007561,-0.011741,0.055629,0.03101,0.020413,-0.0033729999999999997,-0.040123
1992-05-31,0.020135,-0.003738,0.005261,0.023065000000000002,-0.0132,0.024879,0.024073999999999998,0.024089999999999997,0.014193,-0.013668,0.023689,0.012571,-0.00883,-0.0006169999999999999,0.008591999999999999,0.013073999999999999,0.011516,0.005997,-0.008078,0.007678000000000001,0.006725999999999999,0.006579000000000001,0.008834,0.011706000000000001,-0.037708
1992-06-30,-0.024358,-0.055536,-0.039201,-0.049613,-0.072884,-0.015733,-0.021217,-0.056074,-0.046091,-0.054245,0.001215,-0.011843,-0.008686000000000001,-0.029110999999999998,-0.078792,0.007837,-0.015639,-0.034071,-0.012669999999999999,-0.038085,0.002286,-0.028336999999999998,-0.013951,-0.029511,0.010795999999999998
1992-07-31,0.031021999999999997,0.024166,0.024701,0.031105,0.012589999999999999,0.056941,0.008988000000000001,0.031356,0.030695,0.038799,0.043791000000000004,0.031637,0.035059,0.061346,0.043576,0.057635,0.037209,0.034724,0.029989,0.064477,0.046692,0.044234,0.033134000000000004,0.050921,0.01202
1992-08-31,-0.008884,-0.011284,-0.032938,-0.035491,-0.056203,0.01,-0.005484,-0.02154,-0.025905,-0.049564000000000004,0.011968000000000001,-0.020131,-0.034261,-0.049316000000000006,-0.050814000000000005,0.00547,-0.012001,-0.025781000000000002,-0.045258,-0.037989,-0.005659999999999999,-0.02322,-0.015316000000000001,-0.049999,-0.042645999999999996
1992-09-30,0.017304,0.017239,0.032252,0.020571000000000002,-0.009995,0.015991,0.024179,0.017818,0.029914,0.029554,0.020659,0.016249,0.020198,0.013544,0.019393,0.009857,0.005365999999999999,0.02442,0.025126,0.020177999999999998,0.003899,-0.001965,0.029751,0.040552000000000005,0.021528000000000002
1992-10-31,0.013458000000000001,0.017064,0.015547,0.030484,0.028073999999999998,-0.002035,0.01517,0.012086,0.030041,0.062104,-0.001777,0.016526,0.025409,0.0463,0.07427500000000001,0.001505,0.014783,0.034651,0.035708000000000004,0.074119,-0.018290999999999998,0.01325,-0.000178,0.028183,0.05267
1992-11-30,0.048178,0.052746,0.075853,0.102825,0.117719,0.012907,0.059823,0.076311,0.073725,0.09276300000000001,0.019659,0.056523000000000004,0.06599000000000001,0.066465,0.11522600000000001,0.006879,0.031013000000000002,0.051266,0.065218,0.09840600000000001,0.003921,0.022298,0.059457,0.064478,0.101269
1992-12-31,0.032367,0.043476,0.037453,0.066407,0.023591,0.027045,0.036125,0.025539999999999997,0.046142,0.032684000000000005,0.032145,0.043867,0.037515,0.045747,0.035276,0.030855999999999998,0.023035999999999997,0.021042,0.031454,0.046837,0.00522,0.012215,0.0109,0.022818,0.021257
1993-01-31,0.061074,0.065355,0.066855,0.047596999999999993,0.050519999999999995,0.026953,0.04867200000000001,0.035771000000000004,0.040830000000000005,0.029945,0.012707999999999999,0.022907999999999998,0.028574000000000002,0.020545,0.020283000000000002,0.025973000000000003,0.013163000000000001,0.028603,0.020856,0.037298,0.007977,-0.013427,-1.8e-05,0.044095,0.058757000000000004
1993-02-28,0.006686,-0.003868,-0.002967,-0.029303,-0.058191,0.038967,0.00989,-0.009817,-0.018297,-0.048837,0.022105,0.019684,-0.017459,-0.017281,-0.051141,0.032074,0.001136,0.01389,-0.03997,-0.012107000000000001,0.051361,0.002094,-0.007245000000000001,0.016238,-0.028538
1993-03-31,0.035702,0.055586,0.031898,0.01734,0.022166,0.042618,0.030308,0.024725,0.031371,0.011495,0.04824900000000001,0.029148,0.044818,0.039146,0.039765999999999996,0.038284,0.033337,0.029129000000000002,0.023753000000000003,0.056754,0.016642999999999998,0.012109000000000002,0.026175999999999998,0.038987,0.038061
1993-04-30,0.005940999999999999,-0.02766,-0.028786999999999997,-0.030617000000000002,-0.039681,0.0060940000000000005,-0.023618,-0.04305,-0.034981,-0.044703999999999994,-0.011474,-0.028249,-0.031466,-0.023437,-0.042605000000000004,-0.001917,-0.04379400000000001,-0.031254,-0.015574,-0.045248,-0.015808,-0.009272,-0.051393,-0.035512999999999996,-0.049084
1993-05-31,0.020853,0.013413,0.030247000000000003,0.056971,0.065586,0.005588999999999999,0.023258,0.019376,0.050079000000000005,0.079417,0.009674,0.026296,0.045419,0.04646,0.095005,0.020484,0.020193,0.02858,0.048254,0.075242,0.007106,0.021018,0.042030000000000005,0.053015,0.023992
1993-06-30,0.025265,0.013203,0.020701999999999998,-0.01383,-0.007958,0.009693,0.000121,0.001456,-0.012492000000000001,0.021042,0.017706,-0.004699,0.007609,0.019581,-0.008642,0.023391000000000002,0.012078,0.004939,0.003483,0.028092000000000002,0.017938,-0.004164,-0.008899,0.009576,0.016841
1993-07-31,0.009217,0.025828000000000004,0.017562,0.030891000000000002,-0.001256,0.0278,0.019556,-0.00019099999999999998,0.027578000000000002,0.009765000000000001,0.010291,0.015461,7.7e-05,-0.0010689999999999999,0.00035099999999999997,0.024777,-0.007873999999999999,-0.00627,-0.001137,-0.010166,0.006146,-0.013788,-0.0009170000000000001,-0.018268,0.002458
1993-08-31,0.03864,0.037253,0.046231999999999995,0.034319999999999996,0.042348,0.04782,0.025491,0.044709000000000006,0.043765,0.040302,0.052612,0.02109,0.041609,0.036303999999999996,0.058362,0.050435,0.045349,0.023478,0.049717000000000004,0.074245,0.042868,0.031398,0.027239,0.050254,0.042196
1993-09-30,0.018623,0.024446,0.020701999999999998,0.024133,0.037729,0.009216,0.01735,0.034423,0.026698,0.041559,0.00622,0.009492,0.022221,0.008172,0.028606,-0.018559000000000003,-0.016642999999999998,0.010945,-0.002541,0.035653000000000004,-0.002657,-0.015083,-0.017085,0.012742,0.031629
1993-10-31,0.032677,0.052009,0.033596,0.023943,0.067161,0.0016,0.010872999999999999,0.014553,0.016878999999999998,0.048011,-0.02852,0.010948,0.022153999999999997,0.018779999999999998,0.008339,-0.010072000000000001,0.019323,0.012405,0.023701,0.005824,0.002641,0.034424,0.025956,0.0141,-0.03748
1993-11-30,-0.029215,-0.039762,-0.032468,-0.019362,-0.021516999999999998,-0.060244,-0.041891,-0.01303,-0.030742,-0.029342,-0.074621,-0.024878,-0.012381,0.0010530000000000001,-0.013279000000000001,-0.056763,-0.013602000000000001,-0.016911,-0.015082,-0.023281,-0.030722,0.004011,0.008197,-0.022711000000000002,-0.01141
1993-12-31,0.004773,0.0056110000000000005,0.016169,0.014208,0.004664,0.025981,0.027339000000000002,0.031328,0.063911,0.018979,0.026986,0.047121,0.047845000000000006,0.049325,0.048798,0.042954,0.031532,0.022907,0.051635999999999994,0.04201800000000001,0.0031609999999999997,0.01405,0.010674999999999999,0.017870999999999998,0.010173000000000001
1994-01-31,0.042454,0.055934,0.047409,0.047584,0.048686999999999994,0.011757,0.021070000000000002,0.030777000000000002,0.008658,0.050457999999999996,0.013083000000000001,0.01061,0.040903,0.032155,0.026697000000000002,0.011446000000000001,0.026522,0.038759999999999996,0.022281,0.048470000000000006,0.016678,0.02809,0.033527,0.047118,0.063134
1994-02-28,-0.005925000000000001,-0.0018540000000000002,-0.01141,-0.008737,-0.008178999999999999,-0.015403,-0.000292,-0.016027,0.0038369999999999997,-0.002889,-0.024378999999999998,0.003078,0.008736,0.004716000000000001,0.007256,-0.03963,-0.014689,-0.016314,-0.015238,0.005655,-0.041897000000000004,-0.035667,-0.008614,-0.025207,-0.034853
1994-03-31,-0.041872999999999994,-0.036603,-0.046582,-0.042427,-0.054156,-0.044992000000000004,-0.045267,-0.035267,-0.069926,-0.065819,-0.023418,-0.04044400000000001,-0.051092000000000005,-0.060133,-0.064319,-0.029548,-0.049298,-0.05965499999999999,-0.054592999999999996,-0.033144,-0.026861000000000003,-0.044208,-0.047001,-0.054696999999999996,-0.04117
1994-04-30,-0.012222,-0.001727,0.004946,-0.000126,-0.020121000000000003,0.002668,0.017643,0.014012,0.0045579999999999996,0.009495,0.023523000000000002,0.008283,0.008246,-0.003162,-0.013101,0.028033000000000002,0.005285,0.011391,-0.011292,0.003537,0.023319,0.025257,0.000639,-0.023006000000000002,0.019533000000000002
1994-05-31,-0.000124,0.001321,0.007607,-0.002251,-0.014993000000000001,0.00391,0.011103,-0.00571,-0.017492,-0.021469000000000002,-0.023171,-0.0032440000000000004,-0.005553,-0.001867,-0.005579,-0.034621,0.015700000000000002,0.000145,0.010968,-0.012381999999999999,0.001878,0.025751,0.012025999999999998,0.026876,0.048364000000000004
1994-06-30,-0.0060019999999999995,-0.009852,-0.029464999999999998,-0.02399,-0.057397000000000004,0.004937,-0.001708,-0.014589000000000001,-0.034626000000000004,-0.054541000000000006,-0.009250000000000001,-0.017485999999999998,-0.020104999999999998,-0.034397000000000004,-0.033907,-0.014078,-0.015951,-0.021722,-0.031042999999999998,-0.05141,-0.016045,-0.026486999999999997,-0.02587,-0.033611,-0.030014
1994-07-31,0.001391,0.011469,0.000149,0.010588,0.013137000000000001,0.012463,0.010421,0.027874,0.020766,0.030506000000000002,0.025307,0.025637,0.026851,0.020648,0.036489,0.029578000000000004,0.041458,0.025196,0.025658,0.04624399999999999,0.029037999999999998,0.035133,0.030577999999999998,0.033692,0.035164
1994-08-31,0.009953,0.027462,0.023397,0.037191999999999996,0.053613,0.022274,0.04118,0.049424,0.051795,0.098107,0.016966000000000002,0.037746,0.063367,0.08017200000000001,0.092278,0.010388999999999999,0.036348,0.051906999999999995,0.076324,0.079125,0.014008,0.063082,0.033993,0.032307999999999996,0.073658
1994-09-30,0.015076,0.011563,0.017757000000000002,0.002485,0.018713999999999998,0.007161,-0.00444,-0.010081,-0.007811,-0.007367,-0.013244,0.0026040000000000004,-0.013349,-0.010763,-0.008289,-0.019643,-0.017908999999999998,-0.017349,-0.021854,-0.027012,-0.01376,-0.010963,-0.041318,-0.0336,-0.056586
1994-10-31,-0.0019089999999999999,0.005346,0.005906,0.010805,-0.005856,-0.005084999999999999,-0.006337000000000001,0.0033,-0.01611,-0.006306000000000001,0.004274,0.0027400000000000002,0.004372,0.001477,0.003055,0.011581,0.02205,-0.010634,-0.00885,0.010095,0.029102000000000003,0.015181,0.0264,0.019728000000000002,0.04505
1994-11-30,-0.033138,-0.028007,-0.034775,-0.037947,-0.030159,-0.035912,-0.042676,-0.036785,-0.025312,-0.042827000000000004,-0.062916,-0.045338,-0.024721000000000003,-0.045188,-0.047271,-0.034794,-0.039191,-0.049139,-0.038517,-0.040805999999999995,-0.032491,-0.020453000000000002,-0.045401,-0.029056000000000002,-0.057062999999999996
1994-12-31,-0.008514,0.002677,-0.009642,0.0024809999999999997,-0.011600999999999998,0.015666,0.019337,0.03167,0.013711,0.009294,0.01862,0.031258,0.019885,0.042351,0.011127,0.0036980000000000003,0.017623,0.013922,0.002823,0.018511,0.009965,0.017924,0.020429,0.0036209999999999997,-0.006435
1995-01-31,0.001721,0.026774,0.023441,0.024691,0.03185,-0.00828,-0.002898,-0.000935,-0.006462,-0.004321,0.001823,-0.003982,0.00194,-0.0051259999999999995,-0.009572,0.023612,0.011911,0.012605,0.01746,0.004137,0.039460999999999996,0.022286,0.024211,0.034308,0.038010999999999996
1995-02-28,0.019539,0.026338,0.03253,0.030051,0.031063,0.027948,0.027993,0.032678,0.037984,0.056739,0.045105000000000006,0.053994,0.055221,0.054119,0.06344,0.03335,0.032440000000000004,0.047574,0.051684,0.064366,0.022017000000000002,0.036444000000000004,0.037703,0.064905,0.070077
1995-03-31,0.012206999999999999,0.012003999999999999,0.015621000000000001,0.003729,0.006222,0.025078999999999997,0.024138000000000003,0.038232,0.014034,0.00937,0.022357000000000002,0.009797,0.012418,0.026454,0.036615,0.008480999999999999,0.023857,0.03634,0.026791,0.028313,0.022035999999999997,0.037844,0.024137,0.028668999999999997,0.013501
1995-04-30,0.028382,0.030777000000000002,0.028442,0.032579,0.030539999999999998,0.012528999999999998,0.024056,0.030855,0.029251,0.021427,0.023975,0.029966,0.035039,0.012424999999999999,-0.009758,0.025421,0.017769,0.019584999999999998,0.020282,0.014339,0.038847,0.027333,0.015028999999999999,0.025783999999999998,0.043342
1995-05-31,0.013040000000000001,0.026852,0.015035,0.026943,0.027981,0.021535000000000002,0.022879999999999998,0.010631999999999999,0.031951,0.016298999999999998,0.020125999999999998,0.01462,0.007401,0.023474,0.02035,0.032651,0.024026000000000002,0.023506,0.014141999999999998,0.033247,0.027313999999999998,0.048666,0.037653,0.051401,0.058155
1995-06-30,0.036381000000000004,0.042925000000000005,0.0504,0.058817,0.095298,0.04016600000000001,0.030543,0.056255,0.045181,0.07939199999999999,0.025512999999999997,0.013617999999999998,0.040614,0.029017,0.07520299999999999,-0.004022,0.043362,0.031404999999999995,0.048844000000000005,0.069329,0.000983,0.026036,0.024075000000000003,0.050884,0.057319
1995-07-31,0.04017299999999999,0.041364,0.04801999999999999,0.046166,0.077343,0.046131000000000005,0.058056,0.041058000000000004,0.071765,0.074761,0.027803,0.032887,0.057972,0.059195000000000005,0.092524,0.020257999999999998,0.026680000000000002,0.046823,0.06604199999999999,0.093485,0.025816,0.025012,0.032697,0.053781999999999996,0.052317999999999996
1995-08-31,0.040184,0.039259,0.039844,0.043694,0.057839,0.018709,0.016209,0.022372999999999997,0.024746,0.015312,0.034587,0.025965,0.024088,0.007483999999999999,0.005580000000000001,0.006733,0.0106,0.018332,0.019055,0.021301,0.0057410000000000004,0.000153,-0.0021,0.014015999999999999,0.027201
1995-09-30,0.015009999999999999,0.030792,0.018241,0.022940000000000002,0.035829,0.025710999999999998,0.017627,0.023763,0.031966999999999995,0.004455,0.032787000000000004,0.015799,0.028868,0.011856,7.900000000000001e-05,0.032358,0.014435,0.020792,0.026961,0.019705,0.047356999999999996,0.058724,0.036076000000000004,0.045049,0.032503000000000004
1995-10-31,-0.030025,-0.032318,-0.031080999999999998,-0.036971,-0.06862,-0.051405000000000006,-0.050329,-0.058544,-0.05301,-0.08722099999999999,-0.024849,-0.031112,-0.027919,-0.03755,-0.050759,-0.010363,-0.019746,-0.020720000000000002,-0.035192,-0.029597000000000002,0.015271,0.007320999999999999,-0.008195000000000001,-0.039398,0.003049
1995-11-30,0.014383,0.018284,0.027597,0.021353,0.012487,0.036756000000000004,0.043872,0.046829,0.046263,0.048391,0.044757,0.043653000000000004,0.043528000000000004,0.037547000000000004,0.050177,0.044063,0.054407,0.056222,0.048696,0.021674000000000002,0.032132,0.05941900000000001,0.05297399999999999,0.048631,0.016387
1995-12-31,0.024557000000000002,0.018703,0.010036,0.00664,0.040521,0.036626,0.020617,0.014024000000000002,0.020129,0.035925,0.046923000000000006,0.042636,0.016724000000000003,0.024177,-0.007442,0.037395,0.011109,0.005487,-0.000829,-0.042407,0.042046,0.020926,0.015047999999999999,0.005404,-0.031582
1996-01-31,0.007901,0.004115,0.002405,0.003049,0.01496,0.016898,-0.016386,-0.007184,0.0030480000000000004,0.006862,0.009002,0.001482,0.010551,-0.011656,0.000672,0.009000000000000001,0.0028399999999999996,0.023676,0.030074,0.018937,0.028593,0.039388,0.036025999999999996,0.04473099999999999,0.030264000000000003
1996-02-29,0.02234,0.028878,0.020436,0.029735,0.044305000000000004,0.028527999999999998,0.03019,0.023562,0.046044,0.030264000000000003,0.007562,0.012063999999999998,0.035113,0.038,0.060488999999999994,0.00013,0.018077,0.018185,0.025993,0.036535000000000005,-0.012463,0.010957,0.022081,0.023370000000000002,0.048872
1996-03-31,0.031015,0.030609,0.029552000000000002,0.022327,0.018859,0.026046,0.01771,0.031377999999999996,0.005222,0.022446,0.048539000000000006,0.020432000000000002,0.044598000000000006,0.022802,0.01318,0.00832,0.017502,0.016086,0.021526,-0.011105,-0.003797,0.004284,0.028066,0.017488,-0.002932
1996-04-30,0.04925500000000001,0.045347,0.055679,0.091271,0.097384,0.026909000000000002,0.044005999999999997,0.050910000000000004,0.04989,0.10115,0.031015,0.013323,0.035077,0.057,0.040273,0.023205,0.023628,0.023249,0.029441000000000002,0.069661,0.0069759999999999996,0.0006370000000000001,0.015682,0.015485,0.049240000000000006
1996-05-31,0.050144,0.063007,0.07230299999999999,0.075958,0.07889499999999999,0.028441,0.044367000000000004,0.025723,0.058385,0.07743699999999999,0.017555,0.001177,0.020936,0.023885,0.054150000000000004,0.004607,0.001214,0.005898,0.014625999999999998,0.034098,0.008352,0.037239,0.036056,0.020748000000000003,0.024388999999999997
1996-06-30,-0.032479,-0.032059000000000004,-0.027712,-0.049704,-0.068336,0.004688,-0.01498,-0.02261,-0.031248,-0.084251,0.005119,-0.007487000000000001,-0.020665,-0.03417,-0.072166,0.031825,-0.000414,-0.006429000000000001,-0.031948,-0.059913,0.018199,0.012577,0.004287,-0.019549,-0.012124
1996-07-31,-0.054695999999999995,-0.053223,-0.052191,-0.071239,-0.114025,-0.073088,-0.06760100000000001,-0.075588,-0.084618,-0.129066,-0.041531000000000005,-0.056505,-0.07222400000000001,-0.089245,-0.104262,-0.061133,-0.050442999999999995,-0.045879,-0.062524,-0.066607,-0.030945999999999998,-0.051418,-0.044166,-0.049467,-0.042373
1996-08-31,0.03552,0.013718,0.038019,0.033759000000000004,0.055244,0.050740999999999994,0.040807,0.054435000000000004,0.051106,0.06963,0.051307,0.045670999999999996,0.058693,0.080275,0.093402,0.058564,0.051342,0.045810000000000003,0.051849,0.064169,0.010387,0.025301999999999998,0.028161000000000002,0.018228,0.02384
1996-09-30,0.024117000000000003,0.014951,0.034257,0.023645999999999997,0.028324,0.026399,0.027561,0.019816,0.036023,0.05099,0.013469,0.043618,0.037788,0.046654,0.05482,0.026633,0.039169,0.049564000000000004,0.048611,0.067386,0.035047,0.044344,0.058098000000000004,0.062712,0.120573
1996-10-31,0.003392,0.012958,0.013371,-0.014799,-0.028972,-0.006873000000000001,0.009334,-0.009337999999999999,0.007549,-0.035755,0.016094999999999998,-0.006234,0.003972,-0.029338000000000003,-0.053403,0.019645,0.019085,0.013282,-0.01095,-0.006071999999999999,0.034319999999999996,0.015909,0.032505,0.012443,0.052382
1996-11-30,0.017743,0.030631,0.043151,0.029147,0.02536,0.029900000000000003,0.045328,0.032191,0.034837,0.034597,0.029308,0.060198999999999996,0.060511,0.068022,0.042371,0.053438,0.04881,0.057800000000000004,0.069029,0.064766,0.063574,0.055462,0.070841,0.103185,0.108557
1996-12-31,0.013766,0.015738000000000002,0.018025,0.007937999999999999,0.012318,0.025411000000000003,0.027237,0.023858,0.033642,0.028852000000000003,0.020666000000000004,0.021847,0.00528,-0.010374000000000001,0.012402,-0.009854,1.3e-05,-0.0018260000000000001,0.004062,-0.003211,-0.005392,-0.013163000000000001,-0.02735,-0.012186999999999998,-0.037873000000000004
1997-01-31,0.046792999999999994,0.036437,0.041891,0.046216999999999994,0.057298,0.021890999999999997,0.022336,0.017954,0.011051,0.041471999999999995,0.024006,0.021619000000000003,0.00040800000000000005,0.016446000000000002,0.036092,0.032812,0.017883,0.037099,0.024270999999999997,0.05497,0.034925000000000005,0.055500999999999995,0.058404,0.08108599999999999,0.119772
1997-02-28,0.0006090000000000001,0.010985,-0.003382,-0.019124000000000002,-0.041504000000000006,-0.016246,0.002002,0.002763,-0.007935,-0.054082,-0.00609,0.003256,0.002645,-0.008749,-0.041913,0.006193,-0.00487,0.013876,-0.000965,-0.012007,-0.001429,0.014624,0.018083000000000002,0.013054,-0.03883
1997-03-31,-0.022141,-0.015151,-0.03562,-0.033132,-0.06192,-0.038388,-0.018031,-0.018994,-0.024639,-0.08806800000000001,-0.021417000000000002,-0.035535000000000004,-0.022092,-0.041425000000000003,-0.074581,-0.029314,-0.017459,-0.043136,-0.046891999999999996,-0.076029,-0.011599,-0.049318999999999995,-0.037364,-0.060362,-0.07144400000000001
1997-04-30,-0.016156999999999998,-0.020608,-0.039201,-0.034114,-0.047716,0.011639,0.010516000000000001,-0.0021709999999999998,-0.014458,-0.018512,0.02561,0.021425999999999997,0.023509000000000002,0.018409,0.021316,0.015543,0.021245,0.030903,0.009537,0.039615,0.035734,0.058438,0.066396,0.078586,0.07077499999999999
1997-05-31,0.07358100000000001,0.072876,0.086168,0.098998,0.117413,0.103609,0.080281,0.10928399999999999,0.11899599999999999,0.154785,0.079931,0.08363799999999999,0.08929000000000001,0.07453800000000001,0.141155,0.050397,0.077032,0.07496900000000001,0.083528,0.08265800000000001,0.059265,0.056595000000000006,0.057952000000000004,0.065639,0.072815
1997-06-30,0.063558,0.05082,0.065732,0.073167,0.059664999999999996,0.042627,0.058968,0.04638,0.050174,0.047783,0.04731900000000001,0.039024,0.026520000000000002,0.062108,0.042795,0.028436,0.043151,0.036142,0.02711,0.024478,0.041587,0.040984,0.060299,0.036814,0.026964000000000002
1997-07-31,0.050851,0.045946999999999995,0.06332499999999999,0.056125999999999995,0.061524,0.03662,0.04163700000000001,0.035898,0.060018,0.069136,0.053984,0.044756,0.049644,0.075371,0.064179,0.064006,0.08318400000000001,0.07448199999999999,0.07780999999999999,0.057689000000000004,0.089854,0.06035599999999999,0.082229,0.080127,0.13053599999999999
1997-08-31,0.033921,0.035428,0.038051,0.036371,0.06423,0.025702,0.036209,0.02648,0.020339,0.037752,0.029526,0.033871000000000005,0.009731,0.0028020000000000002,0.011701,0.005677,0.000181,-0.0006370000000000001,-0.002443,0.010441,-0.035651999999999996,-0.066275,-0.057476,-0.050130999999999995,-0.054099
1997-09-30,0.078128,0.086193,0.06805,0.091668,0.106501,0.057864000000000006,0.066602,0.07361100000000001,0.069786,0.09117900000000001,0.056494,0.074241,0.07522000000000001,0.057134,0.06680900000000001,0.027613,0.055571,0.0451,0.063358,0.085849,0.05142,0.04633,0.056201999999999995,0.058693,0.063885
1997-10-31,-0.0027189999999999996,-0.0015199999999999999,-0.023275999999999998,-0.021334,-0.053552,-0.026667999999999997,-0.008171000000000001,-0.023377,-0.022968000000000002,-0.06161,-0.023955,-0.034324,-0.043516000000000006,-0.028881,-0.057622,-0.043314000000000005,-0.042522000000000004,-0.042552000000000006,-0.041542,-0.081445,-0.033384,-0.021178,-0.035297999999999996,-0.026774,-0.046311
1997-11-30,-0.004613,0.010145,-0.014522,-0.007699,-0.036000000000000004,0.002373,-0.000862,-0.011215,-0.006197,-0.030091999999999997,0.010082,0.000731,-0.014733000000000001,-0.006899,-0.009878,0.012657,0.005946,0.032699,0.01847,0.021277,0.029279000000000003,0.059031,0.062836,0.043765,0.022210999999999998
1997-12-31,-0.001241,0.026837,0.007163,0.004574,-0.042283,0.018517,0.032162,0.027442,0.024138000000000003,-0.024759000000000003,0.027421,0.034276,0.013126,0.029989,0.001714,0.044584,0.034188,-0.001593,0.019445,-0.012367,0.0066549999999999995,0.021303000000000002,0.021932999999999998,0.021547999999999998,0.022996
1998-01-31,0.001043,-0.021213000000000003,-0.011273,-0.006831,-0.002154,-0.016936,-0.020484,-0.02801,-0.013515999999999999,0.005713,-0.005943,-0.038531,-0.006935,-0.029779,-0.000994,-0.015499,-0.005874000000000001,-0.006227,-0.01944,-0.010901000000000001,-0.017044,0.012411,0.0066110000000000006,0.036365,-0.007903
1998-02-28,0.053124000000000005,0.045833000000000006,0.043063000000000004,0.058642,0.071563,0.066429,0.068419,0.077052,0.06756000000000001,0.093348,0.066149,0.060084,0.081583,0.086847,0.096036,0.059403,0.057211,0.079324,0.090182,0.082376,0.069535,0.073574,0.064444,0.06892999999999999,0.095306
1998-03-31,0.045706,0.038539,0.041292999999999996,0.051581999999999996,0.05355000000000001,0.037804000000000004,0.057544000000000005,0.038139,0.050602,0.04,0.047281000000000004,0.047459,0.030742,0.038709,0.044898999999999994,0.060668,0.038555,0.051806,0.046223,0.030612,0.067999,0.052126,0.057629,0.0455,0.029698000000000002
1998-04-30,0.032944,0.023451,0.018193,0.016085000000000002,0.030739000000000002,0.002904,0.003901,0.025598999999999997,0.021884,0.007416000000000001,-0.008337,-0.0006,0.008234,0.000186,0.00873,-0.017504,-0.0016200000000000001,-0.0077080000000000004,0.012567,0.024937,0.024144000000000002,0.010374000000000001,0.002312,0.006797,0.041998
1998-05-31,-0.029622000000000002,-0.029956999999999998,-0.034924,-0.034636,-0.052166,-0.031325,-0.035012,-0.038859,-0.051668000000000006,-0.07045799999999999,-0.04611,-0.035982,-0.052064000000000006,-0.045621,-0.070656,-0.030038999999999996,-0.042769,-0.031712,-0.031966,-0.048218,0.004915,-0.014757,-0.015763,-0.018767,-0.036802
1998-06-30,-0.014194,-0.023301,-0.002643,-0.012295,-0.00724,-0.000677,0.0048909999999999995,-0.029028,-0.008641,0.007664,0.004621,-0.011236999999999999,-0.00437,-0.003785,0.003647,0.023170000000000003,-0.018539,-0.008731,-0.007314,0.009339,0.039129,0.056232,0.034776,0.036659000000000004,0.067142
1998-07-31,-0.044017,-0.059924,-0.054856999999999996,-0.05962100000000001,-0.080545,-0.087978,-0.069822,-0.07195299999999999,-0.067185,-0.094719,-0.051304999999999996,-0.074283,-0.09645300000000001,-0.073311,-0.091282,-0.030537,-0.064443,-0.042755,-0.065359,-0.06831999999999999,-0.027147,-0.0127,-0.016075,0.007272,0.026739000000000002
1998-08-31,-0.163776,-0.16625800000000002,-0.197495,-0.211667,-0.248093,-0.159183,-0.138691,-0.166326,-0.191063,-0.231088,-0.13653,-0.187766,-0.170288,-0.19950800000000002,-0.23305900000000002,-0.09893800000000001,-0.163031,-0.179529,-0.208174,-0.226781,-0.108686,-0.106429,-0.13952299999999998,-0.183361,-0.22534300000000002
1998-09-30,0.014153,-0.000186,0.014306000000000001,0.037576,0.071703,0.0634,0.065358,0.044876,0.072527,0.08439,0.050655,0.063392,0.07795099999999999,0.057271,0.085239,0.064612,0.041615,0.042475,0.083105,0.097616,0.047751,0.073991,0.06346,0.083281,0.053861
1998-10-31,0.010221000000000001,0.025774,0.01064,0.027034,0.027376,0.042113,0.017956,0.027436,0.023375,0.076714,0.057305,0.030772,0.045284000000000005,0.027456,0.06394999999999999,0.032582,0.06083,0.081233,0.085476,0.11026899999999999,0.069955,0.068587,0.08001699999999999,0.08264200000000001,0.106608
1998-11-30,0.046397,0.069393,0.069979,0.078894,0.10917299999999999,0.046544,0.035863,0.058257,0.042645,0.077196,0.044053,0.036863,0.058166,0.035537,0.07133300000000001,0.034174,0.058843,0.047503000000000004,0.014686999999999999,0.054805,0.041868999999999996,0.069746,0.058253000000000006,0.071196,0.093928
1998-12-31,0.02188,-0.019273,0.021103999999999998,0.010466999999999999,0.03837,0.048327,0.035144,0.038042,0.03076,0.071421,0.044179,0.052993,0.043564,0.053144,0.09682,0.053929,0.041311999999999995,0.052897999999999994,0.0489,0.104732,0.042012999999999995,0.043585000000000006,0.058731,0.061862,0.16020800000000002
1999-01-31,0.027875,0.0187,0.027821,0.03871,0.07662,-0.006951000000000001,-0.029714,-0.027096,-0.022727,0.039631,-0.023476,-0.045855,-0.032892000000000005,-0.033545,0.07031,-0.05454,-0.034651999999999995,-0.036683,0.000145,0.054243,-0.034613,0.047707,0.014421999999999999,0.054057,0.154614
1999-02-28,-0.033119,-0.056697,-0.065139,-0.066278,-0.07679,-0.08315099999999999,-0.064969,-0.08181699999999999,-0.071366,-0.109269,-0.057472,-0.06468499999999999,-0.056929,-0.064641,-0.103561,-0.031612,-0.023079000000000002,-0.034148,-0.037393,-0.08050700000000001,0.001761,-0.043265000000000005,-0.020762,-0.030823999999999997,-0.067302
1999-03-31,-0.03795,-0.049169,-0.025941000000000002,-0.047544,-0.030518999999999998,-0.019332000000000002,-0.023167,-0.0053100000000000005,-0.022945000000000004,0.011589,-0.010201,0.00018700000000000002,-0.000358,0.00722,0.053982,0.00116,-0.000371,0.00786,0.050897,0.07103100000000001,0.008499,0.041844,0.025588000000000003,0.03319,0.096745
1999-04-30,0.09018000000000001,0.09131600000000001,0.069087,0.093508,0.10089000000000001,0.072884,0.07194300000000001,0.048465,0.116267,0.091812,0.071541,0.06580899999999999,0.11297399999999999,0.066175,0.09055300000000001,0.083606,0.100811,0.090367,0.12065200000000001,0.0654,0.04256,0.04933,0.02174,0.013852999999999999,0.029161000000000003
1999-05-31,0.025411000000000003,0.01984,0.051475,0.024761000000000002,0.044111000000000004,0.028791,0.031771,0.033551000000000004,0.043051000000000006,0.03399,0.034719,0.025137,0.015455000000000002,0.022889,-0.004184,-0.000433,0.025445000000000002,0.002983,0.0069310000000000005,0.033394,-0.019278,-0.01753,-0.012140999999999999,-0.04336,-0.03473
1999-06-30,0.04414799999999999,0.040014,0.039203,0.0546,0.100616,0.019948,0.04252500000000001,0.080556,0.062804,0.098255,0.019683,0.035517,0.034195,0.068577,0.054958,0.028765,0.06149,0.037784,0.056802,0.08584699999999999,0.01278,0.044297,0.05131,0.057619,0.095211
1999-07-31,0.011552,0.020291999999999998,0.013011,0.014922999999999999,0.021224,-0.009571,-0.011094,-0.017509,-0.035101,-0.018971000000000002,-0.009313,-0.007090999999999999,-0.018494,-0.023089,-0.028401,0.004952,-0.021962000000000002,-0.015321,-0.022541000000000002,-0.022461000000000002,-0.026650999999999998,-0.02105,-0.022001,-0.057438,-0.051752
1999-08-31,-0.016040000000000002,-0.025326,-0.016013,-0.033071,-0.026162,-0.033180999999999995,-0.026402000000000002,-0.044707,-0.05016,-0.027496,-0.010369999999999999,-0.046292,-0.062146,-0.044997999999999996,-0.020243,-0.007147,-0.024583,-0.051764000000000004,-0.045724999999999995,-0.012622,0.0032790000000000002,0.000448,-0.005253,-0.015381,-0.014229
1999-09-30,-0.018234,-0.034566,-0.010579,-0.033843,-0.001997,-0.004344,-0.027346,-0.024451999999999998,-0.025938,0.00898,-0.000225,-0.00653,0.026293,0.006084000000000001,0.004534,-0.03306,-0.039703,-0.036520000000000004,-0.019374,0.009336,-0.054412,-0.007921000000000001,-0.041736,-0.027709,-0.024546000000000002
1999-10-31,0.003955,-0.02228,-0.024491,-0.020291999999999998,-0.001827,-0.011247,-0.021173,0.005489000000000001,-0.039253,0.000826,0.004869,-0.013209,-0.014294,-0.018339,0.014112,0.013498000000000001,0.0069830000000000005,0.022873,0.043074,0.092681,0.056617,0.061925,0.058513,0.093139,0.101386
1999-11-30,0.048661,0.030327000000000003,0.071298,0.092878,0.18465900000000002,0.034097,0.011585000000000002,0.029866999999999998,0.063622,0.125798,-0.011712,0.039415,0.057325999999999995,0.029464,0.11131600000000001,-0.031984,0.027746,0.02138,0.033271,0.099988,0.000228,-0.013386,0.024106000000000002,0.085475,0.058019999999999995
1999-12-31,0.035178,0.017211,0.114531,0.20586300000000002,0.230684,0.030893,0.03541,0.07423300000000001,0.067242,0.153135,0.005856,0.028405999999999997,0.07396799999999999,0.054619,0.176252,0.008342,0.05747,0.036788,0.059337999999999995,0.23860099999999998,-0.058313,0.067252,0.05048,0.16601,0.08267300000000001
2000-01-31,0.035945,0.040902,0.074809,-0.010437,0.08330399999999999,-0.025317,-0.025283000000000003,-0.063781,-0.014728000000000002,0.033548,-0.004986,-0.033370000000000004,-0.062058999999999996,-0.06301999999999999,-0.016063,-0.008047,-0.054400000000000004,-0.05093,-0.056893,-0.040936,-0.008655000000000001,-0.067824,-0.026552,-0.063679,-0.069745
2000-02-29,0.125912,0.136878,0.261484,0.21015499999999998,0.396659,0.113143,0.075867,0.076464,0.15226499999999998,0.263587,0.014121,0.033028,0.07841999999999999,0.105906,0.22629100000000002,-0.023328,0.018039,-0.025751,0.064328,0.280776,-0.110166,-0.072902,-0.042908,0.078035,0.102251
2000-03-31,-0.045946,-0.058848000000000004,-0.150758,-0.03604,-0.114919,-0.039633,-0.006979,-0.0021609999999999997,-0.061886000000000004,-0.10411899999999999,0.08963499999999999,-0.017029000000000002,0.024735,-0.049955,-0.08365700000000001,0.164859,0.106325,0.16106,0.07543899999999999,-0.016056,0.087144,0.107947,0.13519,0.090265,0.056467
2000-04-30,-0.084922,-0.064719,-0.09509600000000001,-0.146285,-0.188909,-0.007300999999999999,-0.022591999999999998,-0.066055,-0.001434,-0.098983,-0.034474,0.005916,-0.028488000000000003,0.018997,-0.06058500000000001,0.019802,-0.034314,-0.017202,0.005028,-0.08798199999999999,0.048922,-0.05343,-0.02238,-0.062367,-0.037327
2000-05-31,-0.041518,-0.044474,-0.053955,-0.080502,-0.134757,-0.047990000000000005,-0.004858,-0.017085,-0.07979,-0.105902,0.035583000000000004,0.011629,-0.050198,0.001983,-0.09283899999999999,0.030815000000000002,-0.007443,-0.010072000000000001,-0.021663,-0.083759,0.069107,-0.0005369999999999999,-0.023285,-0.077446,-0.065443
2000-06-30,0.08502499999999999,0.069894,0.169893,0.192088,0.297259,0.048943,0.044983,0.057187,0.115312,0.124487,-0.005749,0.031278,0.076754,0.058769999999999996,0.085382,-0.021099,0.02705,-0.029613999999999998,0.00454,0.10511,-0.000655,0.025828000000000004,0.01618,0.015479,0.067431
2000-07-31,-0.006170999999999999,0.010274,0.008648,-0.011506,-0.033521,-0.014267,0.0025779999999999996,0.015352,0.021724,-0.066311,-0.028073999999999998,0.0012770000000000001,0.001359,-0.00034700000000000003,-0.049623,-0.002968,-0.022636,0.025696,0.008225,-0.084427,-0.045298,-0.013488,-0.009943,0.004491,-0.019799
2000-08-31,0.056422,0.051874,0.051835000000000006,0.07599,0.08235900000000002,0.044837999999999996,0.06496400000000001,0.096549,0.065798,0.072316,0.088263,0.076519,0.049078,0.092486,0.111761,0.142628,0.065546,0.08767200000000001,0.084322,0.0922,0.033385,0.051022,0.065116,0.08091699999999999,0.100102
2000-09-30,0.011082000000000002,0.017252,0.01047,-0.027703000000000002,-0.084581,0.01877,0.006367,0.037664,-0.034333,-0.074485,0.021824,0.006734,0.004495,-0.00929,-0.084613,0.060361000000000005,0.003684,0.013785,-0.06580899999999999,-0.112626,0.056387,0.061087999999999996,-0.08741,-0.042541999999999996,-0.130156
2000-10-31,-0.053613,-0.034318,-0.06507399999999999,-0.06806,-0.09873699999999999,-0.023616,0.02054,-0.018056000000000003,-0.025762999999999998,-0.084063,-0.05164,-0.024198,-0.0057799999999999995,-0.008266,-0.034698,-0.026751999999999998,0.0028260000000000004,0.019447000000000002,0.021161,-0.029411,0.056651999999999994,0.027063,0.012546,-0.02778,-0.08830600000000001
2000-11-30,-0.048137,-0.038638,-0.045829,-0.082951,-0.18187899999999999,-0.04974,-0.0103,-0.079673,-0.070678,-0.15160099999999999,-0.022156,-0.037582,-0.029023,-0.07385,-0.172358,-0.000508,-0.025238,-0.032395,-0.053116000000000003,-0.167149,0.030562,-0.02053,-0.078148,-0.13588699999999998,-0.193608
2000-12-31,0.042484,0.030822,0.017046,0.012332000000000001,-0.070437,0.112769,0.084383,0.09675399999999999,0.090641,0.020636,0.10656700000000001,0.10809200000000001,0.099192,0.101616,0.08252599999999999,0.10240500000000001,0.11186600000000001,0.086547,0.089671,0.03545,0.031436,0.043642,-0.041836000000000005,0.01672,-0.010279
2001-01-31,0.09048600000000001,0.108072,0.10286400000000001,0.146702,0.292658,-0.0037419999999999997,0.033545,0.076026,0.090945,0.183342,-0.040912,0.017529,0.040148,0.015378000000000001,0.11228099999999999,-0.069129,-0.0050609999999999995,0.010816,0.042588999999999995,0.132514,-0.07684,-0.032346,0.08038500000000001,0.051886999999999996,0.124725
2001-02-28,-0.02624,0.007435000000000001,-0.0032579999999999996,-0.049197,-0.100648,0.005573,-0.018622,-0.049691,-0.02194,-0.08870900000000001,-0.015115,-0.012586,-0.03616,-0.051226,-0.107841,-0.020148000000000003,-0.005545,-0.022088,-0.053543,-0.138932,0.008178,-0.013173999999999998,-0.08217599999999999,-0.108849,-0.23027
2001-03-31,0.004967,-0.0064280000000000006,-0.028265,-0.039141,-0.06446,0.012556000000000001,-0.024156,-0.024958,-0.0042580000000000005,-0.058098000000000004,-0.015538000000000001,-0.036613,-0.052981,-0.048788,-0.08643100000000001,-0.025484,-0.03765,-0.021847,-0.04989,-0.109682,-0.038469,-0.050073,-0.071962,-0.040412,-0.134176
2001-04-30,0.047792,0.045768,0.065493,0.067931,0.06066,0.038391,0.055251,0.062266,0.082463,0.102215,0.065834,0.072528,0.04596599999999999,0.07611,0.11606299999999999,0.09793400000000001,0.06481200000000001,0.061162999999999995,0.099516,0.156969,0.037294999999999995,0.037411,0.12061400000000001,0.065917,0.10964
2001-05-31,0.0858,0.100342,0.12496600000000001,0.145485,0.111959,0.040233,0.022921999999999998,0.051579,0.02292,0.05313,0.009741,0.042901999999999996,0.027392,0.031366,0.009991,0.014516,0.030337,0.054201,0.033956,0.026591,0.021143000000000002,0.010445,-0.004402,0.001719,0.0033900000000000002
2001-06-30,0.005284,0.030682,0.020041000000000003,0.02995,0.043324999999999995,0.058779000000000005,0.06853100000000001,0.072966,0.074432,0.071464,-0.014299,-0.006331,0.022683,0.022126,0.041122,-0.016238,-0.00316,0.014959,-0.01139,0.005793,-0.055160999999999995,-0.03339,-0.0021,-0.022406000000000002,-0.009063
2001-07-31,0.0021460000000000003,0.02524,0.020574,-0.009627,-0.05602,-0.016028,-0.026857000000000002,-0.013104,-0.041954000000000005,-0.09404,-0.012439,-0.015396,-0.015646,-0.026499,-0.087547,-0.005718999999999999,0.018053,0.019071,-0.017083,-0.059470999999999996,0.00996,0.018557,0.034446,-0.024398,-0.06479
2001-08-31,-0.006216,0.001098,-0.005482,-0.01317,-0.061396,-0.016567000000000002,0.000919,-0.029322,-6e-05,-0.071193,-0.012258999999999999,-0.01815,-0.016063,-0.013148,-0.083801,-0.000977,-0.01425,-0.024805999999999998,-0.044379,-0.100037,-0.014154,-0.032119,-0.053776000000000004,-0.060384,-0.127058
2001-09-30,-0.076052,-0.061366,-0.09393499999999999,-0.13186799999999999,-0.18255400000000002,-0.076078,-0.100548,-0.11963599999999999,-0.16747499999999998,-0.244666,-0.058405,-0.082025,-0.117413,-0.15161,-0.228989,-0.045942,-0.073287,-0.08359299999999999,-0.168169,-0.24054999999999999,-0.014204000000000001,-0.030999,-0.011818,-0.11877599999999999,-0.159001
2001-10-31,0.040671,0.020655,0.03032,0.071952,0.103755,0.035894,0.033111,0.039547,0.048233,0.130519,0.025426999999999998,0.040292,0.019336,0.053072,0.189133,-0.013469,-0.005254,0.019517,0.073964,0.135021,0.002519,-0.011396,-0.032567,0.034777,0.088957
2001-11-30,0.035284,0.033846,0.030384,0.058356000000000005,0.103292,0.052878999999999995,0.045217,0.076919,0.072379,0.16064599999999998,0.022045,0.054244,0.06541999999999999,0.107541,0.126583,0.017178,0.06303600000000001,0.067178,0.09935100000000001,0.15944,0.019062,0.036684,0.041003,0.117617,0.13757999999999998
2001-12-31,0.038493,0.040193000000000006,0.048821,0.072355,0.08409499999999999,0.053162,0.051387,0.065327,0.083571,0.088249,0.048123,0.056894,0.066277,0.064773,0.071337,0.051341,0.037988,0.048734,0.05219,0.051483,0.00307,0.004459,0.021187,0.015764,-0.004648
2002-01-31,0.026482000000000002,0.016243,0.03371,0.032194,0.023804,0.006477,0.009808,0.020989,-0.003051,-0.025886999999999997,-0.019131,0.012185999999999999,-0.021748,-0.001801,-0.025292,-0.008934,0.004374,0.008893999999999999,-0.008047,-0.028554,-0.0025480000000000004,0.002054,0.002523,-0.020214,-0.028066
2002-02-28,0.012935,-0.001378,0.004293,-0.008491,-0.087915,0.006367,0.016791,0.007888,0.0033650000000000004,-0.090293,0.022305000000000002,0.018576,0.017031,-5.7e-05,-0.08874900000000001,0.036752,0.033022,0.011476,0.011846,-0.094113,0.019427,0.019542,0.019694,-0.030319,-0.098464
2002-03-31,0.064193,0.07316099999999999,0.076597,0.07707900000000001,0.102408,0.053437,0.084184,0.083625,0.100781,0.110792,0.061327,0.066023,0.068742,0.06646099999999999,0.11184699999999999,0.06424400000000001,0.042413,0.047006,0.062122000000000004,0.087868,0.033126,0.026365,0.013244,0.038583,0.063301
2002-04-30,0.060656,0.062220000000000004,0.057141000000000004,0.051861,-0.026758,0.061703,0.051987,0.059264000000000004,0.035767,-0.039404,0.026124,0.026856,0.022839,0.024472999999999998,-0.065051,0.026219000000000003,0.010709,0.01047,-0.00822,-0.078057,-0.007992,-0.050113000000000005,-0.047145,-0.07203,-0.118406
2002-05-31,-0.00409,0.002096,0.014131,-0.003938,-0.027536,-0.02548,-0.032028,-0.033647,-0.055522,-0.075975,-0.025394,-0.021227999999999997,-0.014584999999999999,-0.027197,-0.082203,-0.011129,0.003432,0.0035659999999999997,-0.016207,-0.045853000000000005,-0.014755,-0.00178,0.008547,-0.007046,-0.021379000000000002
2002-06-30,0.006804,0.025648,0.014007,-0.018887,-0.063245,-0.005729,0.008457,-0.004084,-0.043712999999999995,-0.125587,-0.055502,-0.031964,-0.043262999999999996,-0.05753,-0.125344,-0.056917999999999996,-0.058776999999999996,-0.048121,-0.07192,-0.15936,-0.086312,-0.034183,-0.055115,-0.09875400000000001,-0.085794
2002-07-31,-0.098057,-0.10888,-0.12808999999999998,-0.153968,-0.18452000000000002,-0.11908099999999999,-0.10897,-0.15577,-0.183277,-0.19818999999999998,-0.086504,-0.070272,-0.116756,-0.09717100000000001,-0.148006,-0.068953,-0.056534,-0.07417,-0.12138199999999999,-0.152375,-0.036012,-0.08031,-0.07115199999999999,-0.031402,-0.10939
2002-08-31,0.011473,0.013087999999999999,-0.02601,-0.028309,-0.031088,0.023795,0.006464999999999999,-0.010041,-0.015411999999999999,-0.0069689999999999995,0.013803000000000001,0.016032,0.037688,0.021753,-0.019023,0.021810999999999997,0.024385,-0.0033829999999999997,-0.005901999999999999,-0.008029,0.021568999999999998,-0.009495,0.021331000000000003,-0.009973,0.009454
2002-09-30,-0.028432,-0.0395,-0.071185,-0.089787,-0.129483,-0.027681,-0.052809,-0.060336999999999995,-0.084719,-0.119114,-0.042731000000000005,-0.053316,-0.062329999999999997,-0.085908,-0.143502,-0.066776,-0.083994,-0.07966999999999999,-0.104279,-0.15594,-0.075683,-0.10400499999999999,-0.09158300000000001,-0.130497,-0.128002
2002-10-31,0.015609999999999999,0.012771,0.013460000000000001,0.022019,0.063388,0.011791000000000001,0.014347,0.010794,0.041870000000000004,0.11086800000000001,0.024277000000000003,0.022955999999999997,0.016135999999999998,-0.014256,0.158482,0.021269,0.022008999999999997,0.023469000000000004,0.034054,0.162095,0.037603,0.084357,0.067237,0.074024,0.169199
2002-11-30,0.03395,0.04206699999999999,0.061839000000000005,0.100825,0.22958800000000001,0.015246,0.035533999999999996,0.05532600000000001,0.099426,0.225434,0.009198,0.004958000000000001,0.052743000000000005,0.08704100000000001,0.192191,0.019953000000000002,0.0171,0.062881,0.082931,0.23239200000000002,0.009512,0.03089,0.01306,0.078526,0.123209
2002-12-31,-0.0033510000000000002,-0.007647,-0.006936,-0.038999,-0.113744,-0.00146,-0.025649,-0.031615000000000004,-0.056372,-0.141461,0.004218,-0.0037059999999999997,-0.023562,-0.064446,-0.116229,0.010856,-0.007906,-0.027587,-0.054245,-0.13416499999999998,-0.007613999999999999,-0.031665,-0.036613,-0.076057,-0.12481
2003-01-31,0.002059,-0.001465,-0.01403,-0.027889,0.004867,-0.024377,-0.012257,-0.039477000000000005,-0.040770999999999995,-0.035451,-0.024843999999999998,-0.027645,-0.026907,-0.048082,-0.01897,-0.026785999999999997,-0.017808,-0.007121,-0.028576,-0.019086000000000002,-0.028107000000000004,-0.017798,-0.042679999999999996,-0.02162,-0.031518000000000004
2003-02-28,-0.008778000000000001,-0.018734,-0.023701,-0.031788,-0.053524,-0.023433000000000002,-0.009342,-0.022597999999999997,-0.041643999999999994,-0.027808000000000003,-0.004961999999999999,-0.031084,-0.037122,-0.041866,-0.028797000000000003,-0.019174,-0.023417,-0.012669,-0.034638,-0.018106,-0.028776000000000003,-0.028567,-0.027479,-0.005770999999999999,0.006084000000000001
2003-03-31,0.0032740000000000004,0.011164,0.004755,0.003049,0.024916999999999998,0.005153,0.014474,0.014662999999999999,0.016031,0.014445,0.020946,0.017853,0.004567,0.002842,0.018217,0.019206,0.018083000000000002,0.0018459999999999998,0.0016250000000000001,-0.009705,0.014505999999999998,0.013635,0.021436999999999998,0.016836,-0.002208
2003-04-30,0.054124,0.066638,0.08745599999999999,0.11584699999999999,0.137767,0.069431,0.077425,0.098281,0.096968,0.135227,0.054833999999999994,0.08910399999999999,0.099067,0.10937200000000001,0.12665300000000002,0.043280000000000006,0.049586,0.072732,0.103545,0.123384,0.045602000000000004,0.060846,0.073056,0.108273,0.116888
2003-05-31,0.064663,0.065575,0.071086,0.141964,0.223638,0.070971,0.057563,0.076903,0.133856,0.17859000000000003,0.08088200000000001,0.060372,0.069184,0.075615,0.132137,0.059393,0.072451,0.08587,0.09043699999999999,0.142004,0.049942,0.039599999999999996,0.031166999999999997,0.042054999999999995,0.08126799999999999
2003-06-30,0.025568,0.039279,0.048091,0.08646100000000001,0.059345,0.023347000000000003,0.014975,-0.0035110000000000002,0.025548,0.011673,0.010589,0.012284999999999999,0.006515999999999999,0.018504,0.026926000000000002,0.012470000000000002,0.0040550000000000004,0.008866,0.014598,0.028866999999999997,0.007402,0.01649,0.014978,0.004683,0.017128
2003-07-31,0.06408,0.050477999999999995,0.051633,0.07015500000000001,0.11651199999999999,0.03821,0.05950999999999999,0.059184,0.068438,0.100083,0.010672,0.037495,0.037484,0.060528000000000005,0.063471,0.011647000000000001,0.020357,0.049471,0.037131,0.051613,-0.025535000000000002,0.003357,0.02788,0.037743,0.056299
2003-08-31,0.02282,0.0253,0.043431,0.052425,0.069008,0.030373,0.021061,0.045669,0.052069000000000004,0.064379,0.027010999999999997,0.024321000000000002,0.04382,0.055382999999999995,0.08962099999999999,0.012487,0.025933,0.037623000000000004,0.054132999999999994,0.079518,-0.01039,0.029131,0.003962,0.026883,0.045538999999999996
2003-09-30,0.005371,-0.004137,0.012443,0.005142,0.044157,-0.0161,-0.017231,-0.007554999999999999,-0.044253,-0.038611,-0.008776,-0.0034649999999999998,-0.026953,-0.016697,-0.038733,0.01431,0.002784,-0.017948,-0.01845,-0.035341,0.010669,-0.016508000000000002,-0.020381999999999997,-0.014553,-0.018245
2003-10-31,0.05444499999999999,0.077991,0.08618600000000001,0.08247199999999999,0.11707700000000001,0.056406,0.078338,0.075413,0.090585,0.108012,0.05941900000000001,0.058907999999999995,0.07640799999999999,0.10171200000000001,0.11444499999999999,0.061534000000000005,0.06259,0.092146,0.079162,0.093284,0.036969,0.046209,0.035568,0.053696,0.103278
2003-11-30,0.049032,0.044900999999999996,0.04556,0.048746,0.042595,0.043486000000000004,0.04347,0.01513,0.029809000000000002,0.037482,0.037261,0.043589,0.039739,0.011075,0.027767,0.028727,0.032780000000000004,0.030186,0.02705,0.026564,0.02117,0.024148,-0.015645,-0.001971,0.015732
2003-12-31,0.028919999999999998,0.044364999999999995,0.041725000000000005,0.034264,0.0077139999999999995,0.034691,0.038298,0.046246,0.04962,-0.011591,0.021972000000000002,0.019657,0.050861,0.028695,0.011864,0.038257,0.034057,0.023780000000000003,0.032736999999999995,0.01926,0.05504800000000001,0.054752999999999996,0.061083,0.046487999999999995,0.03097
2004-01-31,0.033112,0.037841,0.049017,0.071841,0.099627,0.016589,0.017843,0.027857,0.029102000000000003,0.079704,0.013593,0.008648,0.021854,0.030001000000000003,0.065892,0.027646,0.023289,0.009485,0.024948,0.040267,0.009278999999999999,0.006435,0.031493,0.014119,0.023637000000000002
2004-02-29,0.017716,0.024775000000000002,0.029659,0.008683999999999999,-0.020531999999999998,0.019659,0.032292,0.011402,0.014266000000000001,-0.010388,0.033751,0.021777,0.032109,0.036067999999999996,-0.013087,0.039781,0.037365,0.023237,0.029009999999999998,-0.003144,0.020579,0.030386000000000003,0.018351,0.006625,-0.0016309999999999999
2004-03-31,0.00395,0.011240000000000002,0.007562,0.008507,-0.023097,0.016153999999999998,0.016056,0.008974,0.022915,-0.0035809999999999995,0.013871,0.018934,0.012948,0.02141,-0.005695,0.015331,0.001726,0.004586,-0.005845,-0.018713,-0.023389000000000004,-0.00436,-0.018980999999999998,-0.021714999999999998,-0.011469
2004-04-30,-0.04135900000000001,-0.032136,-0.026211,-0.022153,-0.071326,-0.031581,-0.016005000000000002,-0.01628,-0.02897,-0.091265,-0.026257000000000003,-0.011787,-0.026741,-0.030957,-0.068467,-0.015606,-0.006567,-0.013664,-0.038744,-0.064722,0.015921,0.0012330000000000002,-0.010118,-0.013892,-0.055244
2004-05-31,-0.0026829999999999996,-0.003845,0.007755,0.0077480000000000005,-0.010203,0.006859,0.014656,0.002817,0.011547,0.030357,0.004215,0.006792,0.014464999999999999,0.003695,0.046062000000000006,-0.002561,0.033787,0.016771,0.02247,0.033854,0.000985,0.009805000000000001,0.001106,0.011545000000000001,0.035209000000000004
2004-06-30,0.026353,0.052078,0.045082000000000004,0.043316999999999994,0.030462,0.049626,0.056907,0.072696,0.07611799999999999,0.028501,0.032690000000000004,0.038821,0.04874,0.050877,-0.004351,0.018061,0.024424,0.022222,0.041839,0.020362,0.013076,0.013265,0.008646000000000001,0.03522,0.011219
2004-07-31,-0.023169,-0.032818,-0.049393,-0.072265,-0.13420400000000002,-0.013632,-0.038352,-0.032774,-0.06689300000000001,-0.121952,-0.016384,-0.023094999999999997,-0.040447,-0.053849,-0.123406,-0.016373,-0.033713,-0.052465000000000005,-0.042821,-0.093324,-0.031991,-0.020419,0.007052,-0.031745999999999996,-0.098162
2004-08-31,0.0016120000000000002,0.007439,-0.006659000000000001,-0.016191999999999998,-0.027623,0.017183999999999998,-0.002473,-0.002896,-0.015623,-0.040404999999999996,0.014689,0.015077,-0.011042000000000001,-0.013851,-0.036169,0.010619,0.01724,0.009786,-0.011560999999999998,-0.037501,0.02589,0.007825,0.009913,0.004859,-0.046068
2004-09-30,0.027869,0.039358,0.037031,0.057458999999999996,0.050821,0.04555,0.050998,0.049991,0.075708,0.06276799999999999,0.026436,0.04503,0.038668,0.039030999999999996,0.036903,0.009677999999999999,0.032497,0.026073,0.04091,0.046806,-0.016343,0.018654,0.015177000000000001,0.012441,0.027895
2004-10-31,0.012402999999999999,0.031185,0.025495999999999998,0.012584,0.009627,0.018837,0.006288,0.017044,0.002616,0.044180000000000004,0.0015040000000000001,0.023611,0.015510999999999999,0.020806,0.032242,0.005915,0.01783,0.011012,0.003084,0.058061,0.0027050000000000004,0.001961,-0.000117,0.020211,0.054356
2004-11-30,0.075691,0.08252100000000001,0.09581200000000001,0.09046599999999999,0.101022,0.082125,0.09340999999999999,0.093361,0.096327,0.08318400000000001,0.072483,0.060478,0.072351,0.073073,0.069287,0.059688,0.055319,0.07053,0.051329,0.082918,0.035662,0.029283,0.04079,0.043905,0.047867
2004-12-31,0.024586999999999998,0.027431,0.043878,0.052016,0.063707,0.009942,0.018614,0.030911,0.033643,0.048695,0.021851,0.021457,0.039595,0.034152,0.0538,0.035442999999999995,0.034901,0.034102,0.048907,0.054263000000000006,0.032511,0.026045,0.03426,0.035954,0.044635999999999995
2005-01-31,-0.018182,-0.017449,-0.018071999999999998,-0.030074999999999998,-0.063773,-0.016457,-0.020395,-0.018931,-0.030136,-0.070041,-0.009205,-0.018837,-0.000274,-0.017136,-0.08112399999999999,-0.021108,-0.012677,-0.011365,-0.027256,-0.053106,-0.021292,-0.001529,-0.02243,-0.022841999999999998,-0.066169
2005-02-28,0.005059,0.007787,0.014482,0.012877000000000001,-0.009642,0.024569999999999998,0.020333999999999998,0.043335,0.040544000000000004,0.016977,0.010515000000000002,0.020815999999999998,0.029864,0.037945,0.0036820000000000004,0.027445,0.019948999999999998,0.03394,0.029706999999999997,0.026237,0.024744000000000002,0.057687999999999996,0.011504,-0.010277000000000001,0.001421
2005-03-31,-0.023361,-0.028635,-0.003806,-0.02196,-0.059267,-0.014791,-0.021495,-0.008896,-0.028508,-0.036994,-0.017331,0.001336,-0.025353,-0.025478999999999998,-0.024547,-0.002476,0.006867,-0.011629,-0.019159,-0.024211,0.0026019999999999997,-0.028895,-0.021978,-0.017616,-0.018286
2005-04-30,-0.04118,-0.036103,-0.052022000000000006,-0.059699999999999996,-0.079942,-0.045488,-0.048039,-0.069367,-0.06056,-0.075596,-0.032458999999999995,-0.035512999999999996,-0.038173,-0.05044800000000001,-0.074013,-0.019514,-0.02036,-0.035809,-0.049783,-0.061376999999999994,0.005575,-0.017884,-0.017229,-0.018265,-0.040881999999999995
2005-05-31,0.030229,0.05239,0.050910000000000004,0.050154,0.074539,0.057891000000000005,0.074697,0.063469,0.059160000000000004,0.097038,0.045087,0.048728999999999995,0.033189,0.07083300000000001,0.083836,0.032925,0.0432,0.050969,0.060442,0.08990500000000001,0.015162,0.017424,0.026222,0.038784,0.08782400000000001
2005-06-30,0.033195999999999996,0.037068,0.046148999999999996,0.046448,0.046542,0.062863,0.054204999999999996,0.036037,0.031513,0.022969,0.030889000000000003,0.024777,0.037456,0.024655,0.021682999999999997,0.023174999999999998,0.022324999999999998,0.033984,0.035200999999999996,0.013869,-0.00046600000000000005,0.008196,-0.002443,-0.0014039999999999999,-0.013459
2005-07-31,0.048681999999999996,0.050426,0.058636999999999995,0.08240299999999999,0.087744,0.055793999999999996,0.044217000000000006,0.069044,0.073777,0.08216699999999999,0.039894,0.036694,0.051581999999999996,0.062397,0.079737,0.037336,0.035462,0.06254,0.056902,0.079834,0.015444,0.035867,0.042275,0.054314,0.055658000000000006
2005-08-31,-0.012086,-0.024488,0.000317,-0.016209,-0.014712000000000001,-0.025367999999999998,-0.000993,-0.015034,-0.007112,-0.025571,-0.01417,-0.0018859999999999999,-0.00687,-0.026685,-0.011541,-0.003589,-0.011744000000000001,-0.004003,-0.012355,0.0015379999999999999,-0.01957,0.010899,-0.006751,-0.011639,-0.018494
2005-09-30,0.00017600000000000002,-0.006860000000000001,0.010723,0.002964,0.00914,-0.004149,0.003754,0.021027,-0.000978,0.00834,0.009664,0.001056,0.006925,0.011301,0.008681,0.009665,0.001992,0.002447,0.022138,0.021029,-0.003417,0.022209,0.0053690000000000005,0.014355,0.0017430000000000002
2005-10-31,-0.019202999999999998,-0.012134,-0.018777,-0.031486,-0.040346,-0.014570000000000001,-0.030136,-0.02653,-0.022798,-0.03853,-0.049512,-0.015795,-0.025793,-0.033087,-0.038003999999999996,-0.026261,-0.019246,-0.023168,-0.023046,-0.038054000000000004,-0.009139000000000001,-0.027261999999999998,-0.006782,-0.0024809999999999997,-0.028659
2005-11-30,0.033749,0.036305000000000004,0.024021,0.057194,0.050746,0.039564,0.02081,0.04369100000000001,0.049798999999999996,0.07158,0.032791,0.034482,0.060264,0.059105,0.083685,0.023094,0.032458,0.054654,0.055167,0.061946,0.016819999999999998,0.029914999999999997,0.045071,0.052899,0.059432
2005-12-31,-0.0008160000000000001,-0.003281,-0.000567,0.003421,-0.004572,-0.013876999999999999,6.7e-05,-0.016281,-0.005153,0.000982,-0.002682,-0.012343999999999999,0.008998,0.010931999999999999,0.023398,0.006767,0.011578999999999999,0.0025080000000000002,0.011936,0.024381,0.013522000000000001,-0.00023300000000000003,-0.013935,0.005206,-0.026366999999999998
2006-01-31,0.050929,0.06075,0.08215199999999999,0.106335,0.11448499999999999,0.075802,0.072243,0.079991,0.08327,0.107182,0.038722,0.063233,0.056946000000000004,0.064113,0.112435,0.030112,0.034614,0.034977,0.07931,0.075129,0.019573,0.024773,0.016357,0.037257,0.015489
2006-02-28,0.001257,0.008191,-0.013515,-0.010717,0.0069489999999999994,-0.016995,-0.024497,-0.009507999999999999,0.012132,0.00362,-0.007067,-0.008444,-0.020921,0.0041670000000000006,-0.000234,2.7000000000000002e-05,-0.00545,-0.002062,-0.007047,0.013394,0.001604,-0.002321,0.004008,0.007929,0.0010140000000000001
2006-03-31,0.040567,0.038169,0.047192,0.06812700000000001,0.054447,0.037412,0.033809,0.049706,0.063236,0.05473,0.031536,0.033361,0.027273000000000002,0.038922,0.0536,0.0194,0.011148,0.041525999999999993,0.059905999999999994,0.014497,0.000477,0.009775,0.018944000000000003,0.024876999999999996,0.005705
2006-04-30,0.001792,-0.007905,0.004382,0.015358,-0.006804,0.013802000000000002,0.00635,0.002265,0.016482,0.004981,-0.009039,0.006449,0.020692,0.006584,-0.007005,0.005004999999999999,0.005516,0.008164,0.024700000000000003,0.026093,0.010428999999999999,0.020651000000000003,-0.002222,0.028742999999999998,-0.0019089999999999999
2006-05-31,-0.028391000000000003,-0.024524,-0.033298,-0.049527,-0.080113,-0.039039000000000004,-0.022050999999999998,-0.05774,-0.050822000000000006,-0.06990400000000001,-0.019089000000000002,-0.022819,-0.045328999999999994,-0.041548999999999996,-0.09203099999999999,-0.025739,-0.018848,-0.042034,-0.040669000000000004,-0.056135000000000004,-0.008187999999999999,-0.019115,-0.029249,-0.043518999999999995,-0.052061
2006-06-30,0.00126,0.013932,-0.000423,0.0037830000000000003,-0.019569,-0.001083,0.018579000000000002,-0.001651,-0.006099,0.005519,0.007855,0.002708,-0.010341,-0.006956,-0.013887,-0.004108,0.015047,-0.015771999999999998,0.0016300000000000002,-0.019788,0.004631,0.010261,9.3e-05,-0.005508999999999999,-0.011636
2006-07-31,-0.003144,-0.026353,-0.030011,-0.029885000000000002,-0.057378,-0.0050360000000000005,-0.015584,-0.048308,-0.037848,-0.054567,0.000257,-0.015741,-0.043422,-0.032289,-0.069314,0.002752,-0.006509,-0.025566,-0.066307,-0.073528,0.035628,0.0027689999999999998,0.003636,0.000431,-0.056464999999999994
2006-08-31,0.015135000000000001,0.027037,0.031484,0.023372999999999998,0.039422,0.019254,0.029997,0.020421,0.013309,0.05087,0.016730000000000002,-0.000579,0.04644,0.015903,0.04117,0.018955,0.014544999999999999,0.018147,0.021563,0.036278000000000005,0.025814,0.010209999999999999,0.024291999999999998,0.019754,0.080358
2006-09-30,0.005758999999999999,0.006706,0.0013880000000000001,0.0108,0.003107,0.015002999999999999,0.009867,0.006982,0.021969,0.013373,0.009019000000000001,-0.0033179999999999998,0.014572,-0.005555,0.02511,0.011554,0.026341999999999997,0.012029000000000001,0.022091,0.020956000000000002,0.018259,0.028703,0.007529,0.055603,0.026078
2006-10-31,0.037946,0.047541,0.062554,0.057332,0.07189899999999999,0.03589,0.04388499999999999,0.05651,0.06141,0.059856999999999994,0.028115,0.044461,0.04061,0.052619,0.057163000000000005,0.025392,0.021685,0.048101000000000005,0.043665,0.051906999999999995,0.02557,0.036659000000000004,0.031206,0.042057000000000004,0.014154
2006-11-30,0.013305,0.014403999999999998,0.034291999999999996,0.013937999999999999,0.023813,0.012103,0.018942,0.0346,0.036828,0.023937,0.026395,0.037728000000000005,0.034805,0.036696,0.050343,0.020723,0.021771,0.042226999999999994,0.053777,0.04415,0.007667,0.022851,0.008837000000000001,0.033318,0.017777
2006-12-31,0.026379,0.016729,0.025028,0.0179,0.01075,0.003236,0.003451,-0.00179,0.000189,-0.00819,0.006542,-0.016424,-0.004699,0.015036,0.013003,0.008223000000000001,0.007179,0.004377,0.004249,-0.007759,0.011314,0.015294,0.032443,0.019095,-0.009061
2007-01-31,0.004151,0.007389,0.002859,0.005948999999999999,0.021655999999999998,0.00036700000000000003,0.011112,0.026147,0.018953,0.022054,0.009097,0.035019,0.041837,0.026077,0.039571999999999996,0.011241000000000001,0.025504,0.032482000000000004,0.04935,0.046144,0.00712,0.006995,0.019428,0.022083,0.04001299999999999
2007-02-28,-0.01661,-0.016422000000000003,-0.010452999999999999,0.004108,0.002207,-0.00015800000000000002,-0.013975999999999999,-0.002661,-0.017207,0.002121,0.008239,0.004172,0.008383,-0.004569,0.017863,-0.004509,0.004561,-0.007109,-0.003454,0.011151,-0.02175,-0.024938,-0.012046,-0.016662999999999997,-0.021495
2007-03-31,0.007608,0.018023,0.0055000000000000005,0.003976,0.005306,-0.008421,0.024618,0.014894000000000001,-0.0014990000000000001,0.0037080000000000004,0.020398,0.014184,0.016607,0.013237,0.026619999999999998,0.009408,0.011878,0.011044,0.0027300000000000002,0.010211,0.004882,0.020331000000000002,0.020227,0.0009660000000000001,0.001968
2007-04-30,-0.009337999999999999,-0.001791,0.015657,0.022768,0.022959,0.000346,0.014154,0.006645,0.01787,0.034719,0.018886,0.037233999999999996,0.028481999999999997,0.036992,0.047446,0.038891,0.028980000000000002,0.044157,0.063614,0.039897,0.041985999999999996,0.043229,0.040858,0.047852,0.056105999999999996
2007-05-31,0.012543,0.040082000000000007,0.024308,0.038847,0.034768,0.019530000000000002,0.034122,0.041066000000000005,0.041002000000000004,0.035575999999999997,0.0369,0.051394999999999996,0.05084399999999999,0.063092,0.06263200000000001,0.030133999999999998,0.03184,0.048706,0.042457,0.044814999999999994,0.024921000000000002,0.037181,0.029345,0.045372,0.053445
2007-06-30,-0.00504,0.000424,-0.0033150000000000002,-0.004985,-0.0028260000000000004,-0.03535,-0.016754,-0.020975999999999998,-0.023098,-0.012405999999999999,-0.011559,-0.0054210000000000005,-0.020946,-0.009547,-0.005622,-0.016329,-0.02059,-0.021279,-0.037939,-0.015039,-0.023665,-0.009524,-0.026410999999999997,-0.01738,0.005142
2007-07-31,-0.062908,-0.07723200000000001,-0.072292,-0.067457,-0.067321,-0.057123999999999994,-0.068712,-0.064223,-0.067788,-0.057619,-0.044785000000000005,-0.057696,-0.052041000000000004,-0.046428000000000004,-0.051928999999999996,-0.045038,-0.028925,-0.055753000000000004,-0.05399,-0.04255,-0.027505,-0.026959,-0.036624,-0.015584,-0.019888
2007-08-31,0.030007000000000002,0.019263,0.0025800000000000003,-0.008643999999999999,-0.013597,0.064513,0.039813,0.021103,0.017514000000000002,-0.000846,0.017444,0.016492,0.003677,-0.006694,-0.007818,0.011755999999999999,0.01978,0.00155,-0.00634,-0.0197,0.024326,0.014480999999999999,0.012485,0.028589000000000003,-0.007814999999999999
2007-09-30,-0.0035060000000000004,0.011131,0.001144,3.6e-05,0.022719,0.00027,-0.004789,0.00961,0.018953,0.019837,0.017467,0.018523,0.029484,0.030288,0.018953,0.025886999999999997,0.042030000000000005,0.017155,0.01228,0.023077,0.031698,0.042359999999999995,0.037811,0.047878,0.062328999999999996
2007-10-31,-0.014306000000000001,0.002415,0.006188,0.013057000000000001,0.023864,0.006927,0.009531,0.026211,0.023254999999999998,0.0383,0.020640000000000002,0.0039889999999999995,0.013723,0.031821,0.053535000000000006,0.013839999999999998,0.021641,0.015354000000000001,0.013153,0.024352,0.017852,0.019812,0.019818,0.021617,0.033129
2007-11-30,-0.063639,-0.07187700000000001,-0.087058,-0.079398,-0.10269299999999999,-0.043955,-0.061295,-0.06586,-0.062748,-0.087563,-0.038246,-0.049362,-0.04009,-0.076122,-0.076284,-0.045925,-0.033157,-0.053716,-0.067233,-0.071178,-0.01427,-0.047394,-0.052725999999999995,-0.047336,-0.066596
2007-12-31,-0.021856,-0.003468,-0.009243,0.006546,-0.009385,-0.015195,0.004022,-0.010156,0.015948,0.005514,-0.001072,-0.014996,-0.006251,-0.004411,-0.028013,-0.004946,-0.003776,-0.005664,-0.019852,-0.020122,-0.020948,0.0033989999999999997,0.005567,-0.0037459999999999998,-0.001351
2008-01-31,-0.039374,-0.047261,-0.06568800000000001,-0.068665,-0.09966799999999999,-0.026951,-0.027905000000000003,-0.048369,-0.077457,-0.10019399999999999,-0.033773,-0.03814,-0.055099999999999996,-0.061586999999999996,-0.086743,-0.032363,-0.059555,-0.067747,-0.038933,-0.079066,-0.036448,-0.063846,-0.051195000000000004,-0.106758,-0.053741000000000004
2008-02-29,-0.039305,-0.036955,-0.053592,-0.044539999999999996,-0.032078,-0.063528,-0.021884999999999998,-0.020078,-0.012365,-0.026032000000000003,-0.042355000000000004,-0.006202999999999999,0.004105,-0.03914,-0.01899,-0.031532,-0.014704,-0.027705,-0.035186999999999996,0.004172,-0.028578000000000003,-0.027434,-0.0405,-0.031772,-0.031045
2008-03-31,0.013809,0.025773,-0.01566,0.001281,-0.022298,0.031584,0.03658,0.015305,0.012988999999999999,-0.012985,-0.006089,0.022138,0.003892,-0.026729,-0.036063,-0.017479,-0.00803,-0.006868,-0.003064,-0.031816,-0.000433,-0.014157,0.006461,-0.015054000000000001,-0.011437
2008-04-30,0.003895,-0.0036609999999999998,0.006495999999999999,0.030631,0.028596,0.001078,0.018598,0.035672999999999996,0.029532,0.053283,0.045510999999999996,0.06741799999999999,0.076904,0.089476,0.11305799999999999,0.041100000000000005,0.045925,0.077906,0.037329,0.068895,0.011476,0.056688999999999996,0.037572,0.075378,0.109197
2008-05-31,0.013621000000000001,0.035386,0.029066,0.043201,0.050787000000000006,0.014478,0.053121999999999996,0.048026,0.067205,0.077125,0.025388,0.040514999999999995,0.042195,0.066286,0.070518,0.037108,0.042152,0.047411,0.045588,0.067912,0.0034760000000000004,0.006515999999999999,0.018858,0.029579,0.020145
2008-06-30,-0.10296699999999999,-0.10538,-0.097979,-0.080358,-0.078928,-0.087743,-0.059684,-0.060726,-0.056878000000000005,-0.090753,-0.082873,-0.073582,-0.061181,-0.074676,-0.085036,-0.07471599999999999,-0.074528,-0.070422,-0.102507,-0.097923,-0.08332,-0.069484,-0.090138,-0.097737,-0.092107
2008-07-31,0.05448,0.042246,0.062316,0.071032,0.052328,0.0393,0.05147,0.054268000000000004,0.047225,0.047980999999999996,0.016301,0.0181,0.027433,0.000497,0.009635,-0.029319,-0.051836,0.018821,-0.00967,-0.040449,-0.005873000000000001,-0.0014399999999999999,-0.004747,-0.01328,-0.049396
2008-08-31,0.01732,0.019181,0.040162,0.055106999999999996,0.058497,0.029137,0.040736,0.047914000000000005,0.049955,0.083778,0.022136999999999997,0.042561,0.025199,0.050198,0.029071,0.002504,0.031166,0.024916,0.020263,0.032349,0.014041,0.012118,0.020992999999999998,-0.00256,0.00625
2008-09-30,-0.034535,-0.013134999999999999,-0.064397,-0.063574,-0.139139,-0.030449,-0.023407,-0.033654,-0.08785899999999999,-0.116825,-0.04897700000000001,-0.056673999999999995,-0.092556,-0.092264,-0.182755,-0.072991,-0.104786,-0.11469099999999999,-0.161494,-0.16511199999999998,-0.041662,-0.05252,-0.117862,-0.15465199999999998,-0.232368
2008-10-31,-0.16098500000000002,-0.154439,-0.177002,-0.215362,-0.244536,-0.165865,-0.16970500000000002,-0.208348,-0.216972,-0.253477,-0.164856,-0.17132899999999998,-0.189331,-0.221677,-0.23893899999999998,-0.174452,-0.18424700000000002,-0.196188,-0.253923,-0.262925,-0.12439,-0.154955,-0.17341499999999999,-0.251788,-0.203983
2008-11-30,-0.111261,-0.10757,-0.15904400000000002,-0.153056,-0.163395,-0.09483499999999999,-0.079027,-0.082895,-0.11924799999999999,-0.160787,-0.061127,-0.070295,-0.094986,-0.1247,-0.129755,-0.054882999999999994,-0.08615500000000001,-0.10323600000000001,-0.090947,-0.126737,-0.023948999999999998,-0.08534000000000001,-0.091897,-0.12987500000000002,-0.161344
2008-12-31,0.019032,0.006373,0.04222000000000001,0.045777,0.050546,0.055652,0.054582,0.08138,0.052270000000000004,0.053753999999999996,0.012421,0.033759000000000004,0.054695,0.042846999999999996,0.08407,0.003526,0.018045,0.041317000000000006,0.057370000000000004,0.10638,-5.1000000000000006e-05,0.008142,0.036203,0.014717000000000001,0.006187000000000001
2009-01-31,-0.128343,-0.162813,-0.141719,-0.141394,-0.074943,-0.152172,-0.114914,-0.130106,-0.09401999999999999,-0.074501,-0.08993000000000001,-0.100888,-0.09447,-0.07489799999999999,-0.094792,-0.039613,-0.080542,-0.082028,-0.065071,-0.058841000000000004,-0.083841,-0.08142899999999999,-0.081011,-0.084069,0.015085999999999999
2009-02-28,-0.102988,-0.129783,-0.137883,-0.149868,-0.128248,-0.111653,-0.114429,-0.133778,-0.11644299999999999,-0.127911,-0.10227499999999999,-0.100167,-0.12293599999999999,-0.08449899999999999,-0.089506,-0.076972,-0.112731,-0.06833499999999999,-0.102149,-0.102368,-0.104939,-0.104649,-0.104713,-0.106698,-0.015832
2009-03-31,0.08237,0.114396,0.066484,0.112271,0.100075,0.061118,0.09067,0.109885,0.112401,0.12620599999999998,0.078918,0.084829,0.09058999999999999,0.114605,0.109316,0.054527,0.092568,0.097157,0.091922,0.109443,0.05986,0.079768,0.12019600000000001,0.157221,0.115674
2009-04-30,0.15912800000000002,0.135016,0.17129899999999998,0.203006,0.202957,0.122684,0.102811,0.132307,0.167063,0.22376100000000002,0.078627,0.118649,0.143477,0.195857,0.23387799999999997,0.076575,0.127974,0.132005,0.16447299999999998,0.16668399999999997,0.035910000000000004,0.10281000000000001,0.10392200000000001,0.14743399999999998,0.20775200000000002
2009-05-31,0.015172000000000001,0.012587,0.036119,0.041203000000000004,0.07617600000000001,-0.010511999999999999,0.023319999999999997,0.011023,0.030011999999999997,0.069782,0.009362,0.036985000000000004,0.02321,0.009037,0.016557,0.048315000000000004,0.056749,0.011517999999999999,0.048213,0.048913000000000005,0.061412,0.040507,0.046166,0.054922000000000006,0.06682400000000001
2009-06-30,0.035162,0.016404000000000002,0.025272000000000003,0.050659,0.05164,0.0068130000000000005,0.011092999999999999,0.014036,0.023544999999999996,0.011575,0.021533000000000004,0.002312,-0.002394,0.010707,0.005122,0.019699,-0.002082,0.012936000000000001,-0.000276,0.005633,-0.004861,-0.009159,0.025785999999999996,0.00111,0.023783
2009-07-31,0.051214,0.067991,0.113015,0.113223,0.15587099999999998,0.076445,0.098398,0.066597,0.124689,0.183978,0.059454,0.079598,0.113483,0.10940200000000001,0.16697199999999998,0.051904000000000006,0.059169,0.102829,0.132492,0.124905,0.046734,0.078551,0.079512,0.119967,0.221438
2009-08-31,-0.00376,0.009903,0.049218000000000005,0.065672,0.151916,-0.001874,0.009429,0.026595,0.077875,0.082608,0.0011690000000000001,0.018849,0.032197,0.054196,0.082888,0.031693,0.029299,0.037219,0.04414,0.1422,0.009855000000000001,0.03185,0.045401,0.050793,0.17366099999999998
2009-09-30,0.003327,0.035994,0.079809,0.073073,0.111727,0.045956000000000004,0.041461,0.060843,0.064935,0.119378,0.025848,0.06684999999999999,0.06332499999999999,0.061242,0.11344,0.029556,0.051916000000000004,0.071886,0.08444800000000001,0.119521,0.018582,0.026714,0.057009,0.063443,0.026515
2009-10-31,-0.07385900000000001,-0.064829,-0.084846,-0.088561,-0.098124,-0.05527,-0.062744,-0.058604,-0.08510899999999999,-0.11937400000000001,-0.037109,-0.04851,-0.059814,-0.071034,-0.070196,-0.040918,-0.040742,-0.03202,-0.053426999999999995,-0.07509,-0.000907,-0.016108,-0.014064,-0.044095,-0.068471
2009-11-30,-0.009278999999999999,0.003081,0.011203000000000001,0.033468,0.025036,0.023706,0.020560000000000002,0.028952,0.027334999999999998,0.047747000000000005,0.024835,0.03085,0.048816,0.041797,0.052848,0.048296,0.037184,0.030073,0.049318999999999995,0.06889,0.062765,0.053308999999999995,0.062976,0.063488,0.142325
2009-12-31,0.044257,0.063601,0.088537,0.08495599999999999,0.103707,0.07995000000000001,0.08693400000000001,0.076015,0.082055,0.13791399999999998,0.056902,0.07195700000000001,0.08240600000000001,0.061115,0.092256,0.045183999999999995,0.056853999999999995,0.08409599999999999,0.06063399999999999,0.066485,-0.002012,0.031172,0.016937999999999998,0.033791,-0.002773
2010-01-31,-0.018215,-0.027929,-0.038027000000000005,-0.021945000000000003,-0.028891,-0.027280000000000002,-0.012916,-0.035515,-0.017404,-0.047621000000000004,-0.010038,-0.030208,-0.045446999999999994,-0.032305,-0.046555,-0.009609,-0.026038000000000002,-0.052649999999999995,-0.048821,-0.06347,-0.023826,-0.035943,-0.038822,-0.051848,-0.021714999999999998
2010-02-28,0.038546,0.039613999999999996,0.037134,0.060725,0.08436500000000001,0.038889,0.023260999999999997,0.040237999999999996,0.038792,0.058169000000000005,0.040253,0.055785,0.044172,0.048091,0.09427899999999999,0.049465,0.041658999999999995,0.06081400000000001,0.054608,0.080532,0.009232,0.041117999999999995,0.022907,0.062298,0.045521000000000006
2010-03-31,0.066946,0.065375,0.09016199999999999,0.08011499999999999,0.10211,0.08776099999999999,0.073709,0.061366,0.087226,0.10741300000000001,0.072727,0.078332,0.072314,0.075504,0.100115,0.06278299999999999,0.065148,0.07777099999999999,0.08010500000000001,0.127462,0.034789,0.048066000000000005,0.085214,0.084286,0.120085
2010-04-30,0.062289000000000004,0.080624,0.09028900000000001,0.077696,0.12092800000000001,0.041692,0.062076,0.052064000000000006,0.06847299999999999,0.057733999999999994,0.035725,0.043438,0.036818,0.069856,0.050659,0.032916,0.033964,0.029222,0.066779,0.063468,-0.00026700000000000004,0.006717999999999999,0.019033,0.030756000000000002,0.061759
2010-05-31,-0.057758000000000004,-0.063962,-0.084156,-0.083719,-0.10616199999999999,-0.075189,-0.067782,-0.063295,-0.086306,-0.103687,-0.06223,-0.052697,-0.06258899999999999,-0.097898,-0.095595,-0.052554,-0.053606999999999995,-0.076708,-0.087392,-0.107448,-0.064177,-0.081416,-0.09152900000000001,-0.08654400000000001,-0.10988099999999999
2010-06-30,-0.044744,-0.06337799999999999,-0.083953,-0.081357,-0.128305,-0.038816,-0.08069599999999999,-0.05817,-0.101282,-0.12442600000000001,-0.046789,-0.053205999999999996,-0.07743699999999999,-0.093494,-0.110313,-0.037377,-0.034131,-0.057702,-0.10777799999999998,-0.12588,-0.027216,-0.052359,-0.075497,-0.06823699999999999,-0.074638
2010-07-31,0.051066,0.05101,0.051157,0.074219,0.081249,0.047377,0.05072600000000001,0.055642,0.11025299999999999,0.10866899999999999,0.053994999999999994,0.042089999999999995,0.063336,0.093658,0.11259499999999999,0.048208,0.057652,0.065261,0.103255,0.131747,0.05256,0.065677,0.08852299999999999,0.08145300000000001,0.12046
2010-08-31,-0.069249,-0.079083,-0.08283,-0.10191499999999999,-0.11515800000000001,-0.07128899999999999,-0.059046,-0.061086,-0.065786,-0.100169,-0.058007,-0.053202,-0.051165,-0.0605,-0.09013600000000001,-0.023778999999999998,-0.030701,-0.066589,-0.064756,-0.078643,-0.0034599999999999995,-0.065114,-0.068402,-0.06315699999999999,-0.093267
2010-09-30,0.065569,0.107101,0.131439,0.131649,0.16743200000000003,0.093406,0.121841,0.144456,0.12099399999999999,0.177908,0.095267,0.109229,0.12318899999999999,0.153873,0.165202,0.08072499999999999,0.092645,0.109993,0.140844,0.148604,0.061667,0.09784100000000001,0.11841900000000001,0.10667199999999999,0.086587
2010-10-31,0.036070000000000005,0.057030000000000004,0.06456100000000001,0.052993,0.050519999999999995,0.015298,0.041890000000000004,0.038715,0.030217,0.044342,0.015944,0.035557,0.060747,0.040269000000000006,0.057977,0.016642,0.04078299999999999,0.029581,0.043591,0.041699,0.029169999999999998,0.033708999999999996,0.059448,0.025552000000000002,0.081517
2010-11-30,0.023496000000000003,0.017438,0.029085999999999997,0.039943,0.06497700000000001,0.031000999999999997,0.025575999999999998,0.036456,0.028584000000000002,0.072725,0.017666,0.023077,0.028002,0.059245,0.06759699999999999,0.019668,0.024148,0.024909,0.043682,0.033251,-0.011812,-0.006783,0.004357,0.018253,0.033284
2010-12-31,0.065647,0.070279,0.101509,0.104681,0.103909,0.070576,0.07969,0.079123,0.09403800000000001,0.09083000000000001,0.07337500000000001,0.07048700000000001,0.062203999999999995,0.070887,0.10022600000000001,0.046562,0.051852999999999996,0.070982,0.085376,0.11265700000000001,0.043602999999999996,0.065681,0.082848,0.101346,0.079096
2011-01-31,-0.012641,-0.026087,-0.009399,-0.0037,-0.007819,-0.024648,-0.006177,0.018769,0.012287,0.032813,-0.007672,0.018801000000000002,0.021434,0.021584,0.011659999999999998,0.014603999999999999,0.023732000000000003,0.013302000000000001,0.035386,0.033618,0.010318,0.022804,0.038649,0.03068,0.020092
2011-02-28,0.039834999999999995,0.032151,0.054165,0.052927,0.062786,0.036840000000000005,0.051822999999999994,0.049981,0.058983999999999995,0.09375299999999999,0.021655999999999998,0.030308,0.07992300000000001,0.076015,0.075177,0.043587999999999995,0.031694,0.053223,0.046764,0.020211,0.033434,0.022355999999999997,0.042261,0.03911,0.011949000000000001
2011-03-31,0.023577,0.047748,0.019624,0.035413,0.022321,0.024266,0.021735,0.042317,0.028699,0.020692,0.033074,0.02641,0.038764,0.031874,0.014908999999999999,0.024470000000000002,0.030840999999999997,0.015721,0.010036,0.019747,0.011548000000000001,-0.010936999999999999,-0.005152,4.1e-05,-0.022292
2011-04-30,0.012521,0.0147,0.020916,0.011757,0.012568,0.014622999999999999,0.020869,0.02367,0.031099,0.015761,0.028467,0.045781,0.029851000000000003,0.027942,0.043997,0.019606,0.029002,0.035464,0.034303,0.016084,0.040487,0.045582000000000004,0.001368,0.014047,0.054016
2011-05-31,0.00938,-0.019948,-0.026683,-0.024923,-0.048917999999999996,-0.005195,-0.018401,-0.012698000000000001,-0.024224000000000002,-0.038976000000000004,0.002506,0.0034560000000000003,-0.015777,-0.022031000000000002,-0.048174,0.01536,-0.001091,-0.015458000000000001,-0.021025000000000002,-0.010806,0.004945,-0.016796,-0.024687999999999998,-0.023076,-0.049035999999999996
2011-06-30,-0.010953999999999998,-0.031597,-0.035084,-0.024453999999999997,-0.038780999999999996,-0.00413,-0.014971000000000002,-0.002332,-0.020499,-0.021213000000000003,-0.015368,-0.023347000000000003,-0.019359,-0.009514,-0.018667,-0.006906,-0.010595,-0.020171,-0.043609,-0.024319,-0.015350999999999998,-0.015011000000000002,-0.021231,-0.012901000000000001,-0.010003999999999999
2011-07-31,-0.020731000000000003,-0.020972,-0.024068999999999997,-0.025634,-0.036282,-0.030026,-0.040423,-0.047535,-0.041774,-0.034832999999999996,-0.028765,-0.032115,-0.04742,-0.050043,-0.052112,-0.027608,-0.035142,-0.036439,-0.039223,-0.030104000000000002,-0.024811,-0.017317,0.002332,-0.0323,-0.040064
2011-08-31,-0.075354,-0.089598,-0.108658,-0.116585,-0.134128,-0.042199999999999994,-0.08899800000000001,-0.091625,-0.107391,-0.146875,-0.045872,-0.064405,-0.056498,-0.119594,-0.143453,-0.022298,-0.038311000000000005,-0.074986,-0.117134,-0.18740500000000002,-0.008171000000000001,-0.058665,-0.07089000000000001,-0.108572,-0.113388
2011-09-30,-0.070573,-0.088934,-0.10898400000000001,-0.11901099999999999,-0.156519,-0.069989,-0.10250400000000001,-0.09693500000000001,-0.13647399999999998,-0.167682,-0.076955,-0.070725,-0.11108900000000001,-0.145863,-0.18314599999999998,-0.058363,-0.075342,-0.102685,-0.131497,-0.164258,-0.028055,-0.056577999999999996,-0.093839,-0.13486399999999998,-0.155301
2011-10-31,0.110103,0.126135,0.10964299999999999,0.14668799999999999,0.173549,0.116268,0.148139,0.165744,0.169996,0.222009,0.10231799999999999,0.120188,0.162972,0.19051300000000002,0.20605,0.08262499999999999,0.111023,0.157827,0.175395,0.229555,0.05789,0.11436,0.128766,0.168626,0.197701
2011-11-30,-0.000623,-0.01861,-0.030667,0.0012929999999999999,-0.019146,-0.002755,0.000414,0.034639,-0.00207,-0.027928,0.002846,0.007358,-0.015652,-0.000698,-0.011426,0.013446,-0.0051849999999999995,0.021845,-0.019132,-0.031682999999999996,0.014577,0.0035809999999999995,-0.011944999999999999,-0.031569,-0.049825
2011-12-31,0.016107,0.013599000000000002,0.013654,-0.00030900000000000003,0.018897999999999998,0.0039040000000000004,0.006326000000000001,-0.008999,0.016444,0.003966,0.016333,0.010915,-0.005097000000000001,-0.014028,-0.021137000000000003,0.021432000000000003,0.004897,-0.022803,-0.020354999999999998,-0.015678,0.031869,-0.011701,0.010072000000000001,0.003222,-0.021612
2012-01-31,0.06273100000000001,0.080969,0.09527100000000001,0.117952,0.09060399999999999,0.0475,0.056792999999999996,0.08264300000000001,0.056663,0.11210300000000001,0.024714999999999997,0.043280000000000006,0.068802,0.07714599999999999,0.110444,0.037491,0.04175500000000001,0.060156999999999995,0.087591,0.129613,6.7e-05,0.069048,0.064621,0.083582,0.122113
2012-02-29,-0.002807,0.014162999999999999,0.019594,0.021394000000000003,0.030127,0.022045,0.024902,0.048191,0.040518,0.040983,0.013876999999999999,0.04797,0.035457999999999996,0.062439999999999996,0.063042,0.020606,0.033285999999999996,0.043341000000000005,0.07234,0.06281500000000001,0.019725,0.049748,0.072384,0.053716999999999994,0.066775
2012-03-31,0.042091,0.027919,0.057766000000000005,0.039321,0.034287,0.026903,0.024375,0.030316,0.026053000000000003,0.016061000000000002,0.025675,0.020379,0.021209,0.009458,-0.005227000000000001,0.030787,0.026042999999999997,0.007599,0.011458999999999999,0.010639000000000001,0.024866000000000003,0.038211,0.043419,0.022692999999999998,0.057509
2012-04-30,-0.017128,-0.014309,-0.008143000000000001,-0.027597999999999998,-0.025392,0.004377,-0.016829,-0.022345999999999998,-0.009170000000000001,-0.045728,-0.007181,-0.000288,-0.024648,0.003003,-0.025259999999999998,0.010516000000000001,0.004861,-0.01307,-0.023444,-0.006011,0.007241,-0.009075,-0.016704,-0.022233999999999997,-0.019483999999999998
2012-05-31,-0.02989,-0.05378,-0.08344599999999999,-0.09721,-0.0782,-0.035753,-0.042973,-0.05969,-0.073935,-0.112154,-0.042117,-0.039291,-0.074011,-0.08694800000000001,-0.114747,-0.028991,-0.044292,-0.089627,-0.122439,-0.132804,-0.019738,-0.08203900000000001,-0.064091,-0.08164099999999999,-0.13798
2012-06-30,0.065865,0.070141,0.053084,0.0594,0.047952,0.057545,0.048891,0.063802,0.032013,0.041282,0.046204,0.049795,0.017023,0.032283,0.034921,0.026932,0.029384999999999998,0.015028,0.020575,-0.017431000000000002,0.052268,0.036393,0.029185,0.047495,0.020245000000000003
2012-07-31,-0.01151,-0.015695,-0.008983999999999999,-0.015257,-0.035068,-0.018281000000000002,-0.022144,-0.011479999999999999,-0.012567,-0.00964,-0.018867000000000002,-0.019676,0.002784,0.000302,-0.022534000000000002,0.013084,-0.015061999999999999,0.000468,0.004799,-0.031709,0.024674,-0.000838,0.018863,0.00329,-0.029584000000000003
2012-08-31,0.017079,0.028527,0.026070000000000003,0.044183,0.042187999999999996,0.023082,0.021707,0.029095,0.02951,0.044086,0.015826,0.036628,0.044464,0.048357000000000004,0.06532199999999999,0.013380000000000001,0.035311,0.056245,0.055309,0.052125000000000005,-0.003665,0.028201,0.043945,0.048914,0.078542
2012-09-30,0.049349,0.048853,0.03826,0.049355,0.050907999999999995,0.04913700000000001,0.030207,0.032813,0.039185,0.043694,0.036943000000000004,0.013667,0.023155000000000002,0.025519,0.028255,0.021071,0.014603,0.02941,0.018428,0.023628,0.03064,0.009011,0.036906,0.025223,0.039467
2012-10-31,-0.016549,-0.027895,-0.039550999999999996,-0.031974,-0.045384,-0.039636,-0.016116,-0.007155,-0.033033,-0.023403,-0.000751,-0.000889,-0.016383,0.000312,-0.011523,-0.003775,-0.003719,-0.020146,0.016220000000000002,0.0012389999999999999,-0.014628,-0.022256,-0.039858,-0.00615,0.052354000000000005
2012-11-30,0.0010199999999999999,0.006434,-0.010461,0.016888,0.015657,-0.002306,-0.002281,0.016278,0.010232000000000002,0.010334000000000001,0.007491,0.021926,0.031648,0.020264,0.040119999999999996,0.010016,0.020245000000000003,0.03626,0.005066,0.012964999999999999,-0.000719,0.01374,0.002173,0.020234000000000002,-0.016353
2012-12-31,0.032361,0.028614999999999998,0.056708,0.027391000000000002,0.042323000000000006,0.01463,0.037162,0.046904,0.046683,0.042661,0.008356,0.018004,0.020037,0.049253,0.064818,-0.008692,0.018976,0.019617,0.05088,0.064543,-0.011235,0.014249000000000001,0.006649,0.035455,0.083925
2013-01-31,0.03944,0.044835,0.049731,0.060523999999999994,0.09167600000000001,0.049372,0.06726499999999999,0.061994999999999995,0.06819499999999999,0.075775,0.05388899999999999,0.058953,0.07122099999999999,0.066663,0.077076,0.059208,0.084065,0.079914,0.07016499999999999,0.071368,0.059376,0.053355,0.030848,0.055232,0.070287
2013-02-28,0.017479,0.004441,0.004466,4.4999999999999996e-05,0.002184,0.012426,0.014619,0.009493,0.027442,-0.01213,0.017364,0.018116,0.0048130000000000004,0.0011849999999999999,0.019173,0.014518,0.013511,0.010747,0.009909,-0.009894,0.024222999999999998,0.008737,0.011970000000000001,-0.01139,-0.0055969999999999995
2013-03-31,0.047207,0.047923,0.040285,0.056128,0.059372999999999995,0.04472400000000001,0.049406,0.045533000000000004,0.039019,0.055811,0.052958,0.051980000000000005,0.053569000000000006,0.042317999999999995,0.039543,0.060097,0.053512000000000004,0.031684000000000004,0.032835,0.037139000000000005,0.047807,0.032282000000000005,0.024792,0.043072,0.04746
2013-04-30,0.002457,0.001919,-0.020099999999999996,-0.004901,0.020042,-0.001463,-0.014549000000000001,-0.007616,-0.013798999999999999,-0.0012640000000000001,0.000117,0.0005020000000000001,-0.02175,0.000687,-0.028378,0.018934,0.012471000000000001,0.003687,-0.0028770000000000002,0.020914000000000002,0.025755,0.017908,0.015066,0.002461,0.03279
2013-05-31,0.037797,0.037287,0.069231,0.07519999999999999,0.059669999999999994,0.038514,0.048299,0.06861,0.068007,0.053459000000000007,0.040202,0.040805999999999995,0.039584,0.057007,0.055846,-0.0045839999999999995,0.022162,0.052336999999999995,0.054452999999999994,0.041550000000000004,-0.009482,0.038078,0.051241,0.047643000000000005,0.07713300000000001
2013-06-30,0.008773,-0.001675,0.000925,0.014193,-0.000241,0.012733000000000001,-0.005943,-0.003418,-0.006532,-0.017431000000000002,0.0016270000000000002,0.00031800000000000003,-0.009528,-0.004688,-0.042199999999999994,-0.006768,-0.014813,-0.023454000000000003,-0.022511999999999997,-0.034169,-0.006822,-0.005678,-0.023153999999999997,-0.021064,-0.030446
2013-07-31,0.076931,0.084623,0.09898699999999999,0.095054,0.077654,0.068048,0.066974,0.081248,0.076909,0.060779,0.08289099999999999,0.074601,0.06794,0.081151,0.08612500000000001,0.059354,0.061448,0.08224000000000001,0.068492,0.064725,0.044619,0.053788,0.055212000000000004,0.036151,0.081136
2013-08-31,-0.029314,-0.031705000000000004,-0.0077080000000000004,-0.026801,-0.045072,-0.037603,-0.027152,-0.025708,-0.015882,-0.031497000000000004,-0.03936,-0.024564,-0.017606999999999998,-0.037912,-0.023904,-0.034575999999999996,-0.02721,-0.021061999999999997,-0.018827,-0.022875999999999997,-0.042308000000000005,-0.015293000000000001,-0.030194000000000002,-0.009121,-0.021398
2013-09-30,0.078149,0.061019,0.061130000000000004,0.062723,0.077577,0.051618000000000004,0.062885,0.069566,0.066458,0.075824,0.033836,0.052423000000000004,0.06344999999999999,0.075491,0.066702,0.034014,0.040522999999999997,0.057362,0.065704,0.082173,0.015611,0.039019,0.039759,0.046792,0.027955
2013-10-31,0.026311,0.032069,0.012546999999999999,0.006836,0.032325,0.028786,0.012459,0.030819,0.011875,0.014052,0.049977999999999995,0.04117200000000001,0.029859,0.030181,0.031294,0.028579,0.030751,0.028437,0.0437,0.038563,0.043648,0.054130000000000005,0.039894,0.037202,0.038509
2013-11-30,0.057314,0.058685,0.063081,0.062276,0.07156900000000001,0.074351,0.04825,0.051472,0.033527,0.021099,0.025366,0.04239,0.038961,0.035308,0.030947,0.01848,0.017603999999999998,0.013638999999999998,0.021234000000000003,0.020415000000000003,0.024557000000000002,0.04194899999999999,0.028603,0.027846000000000003,0.050949
2013-12-31,0.010184,0.008446,0.020009000000000002,0.029625,0.043451000000000004,-0.0017360000000000001,0.011614,0.014988,0.032795,0.038644,0.006134,0.023829,0.042613000000000005,0.034077,0.038413,0.012506,0.037146,0.031219,0.040792999999999996,0.040265,0.012202999999999999,0.031453,0.03179,0.030243000000000003,0.031609
2014-01-31,-0.023441999999999998,-0.030623,-0.014646,-0.01743,-0.014702,-0.012447999999999999,-0.022564,-0.052447999999999995,-0.056860999999999995,-0.063752,-0.020019999999999996,-0.013861000000000002,-0.029624,-0.033487,-0.017865,-0.020478,-0.007719,-0.029901,-0.051947,-0.041968,-0.03292,-0.037737,-0.040688,-0.040541999999999995,-0.029655
2014-02-28,0.040875,0.039181,0.028516,0.05873300000000001,0.067709,0.014603999999999999,0.036418,0.037643,0.069773,0.065571,0.037063,0.042827000000000004,0.043307000000000005,0.06804199999999999,0.068619,0.049221,0.044531999999999995,0.059226,0.061773999999999996,0.08227499999999999,0.040877,0.045834,0.045804,0.048493,0.045828
2014-03-31,0.015019,0.0023380000000000002,-0.007986,0.011094999999999999,-0.018015,0.008629,-0.013045,0.004312,-1.8e-05,0.007742,-0.004738,-0.001176,-0.020168,-5e-06,-0.006155000000000001,0.00532,0.005148000000000001,-0.009391,0.004847000000000001,0.002956,0.015954,-0.000268,0.017305,0.008726000000000001,-0.006725
2014-04-30,-0.048726000000000005,-0.054543,-0.048963,-0.049012,-0.054415,-0.035074999999999995,-0.046497000000000004,-0.041715999999999996,-0.018638,-0.007512,-0.02089,-0.039141,-0.030895000000000002,-0.006005,-0.029845999999999998,0.008023,-0.014296,-0.030448,-0.010516000000000001,-0.002652,0.02661,-0.001047,-0.007296,0.006135000000000001,-0.018115000000000003
2014-05-31,-0.008244,-0.00473,-0.005366999999999999,-0.0097,-0.010031000000000002,0.005758,0.015079,0.004651,-0.013566,0.00089,0.001593,0.019746,0.013946,0.009901,0.020152999999999997,0.016810000000000002,0.03065,0.024136,0.015366999999999999,0.018766,0.0049440000000000005,0.038706,0.027164,0.029287,0.007982
2014-06-30,0.040942,0.07544400000000001,0.0313,0.044562,0.069226,0.053909000000000006,0.058447,0.058415999999999996,0.058609,0.061071999999999994,0.055861,0.03137,0.050306,0.055194,0.058371000000000006,0.038869,0.032317,0.037272,0.050959000000000004,0.035672999999999996,0.010105999999999999,0.014750000000000001,0.027526000000000002,0.04521,0.014071
2014-07-31,-0.057210000000000004,-0.040133,-0.054623,-0.06693299999999999,-0.067884,-0.069591,-0.047432,-0.059036,-0.061507,-0.077481,-0.06958,-0.044081,-0.045602000000000004,-0.059908,-0.067751,-0.020984,-0.026676000000000002,-0.022348,-0.062935,-0.050944,-0.009988,-0.00497,-0.028924,-0.011009999999999999,-0.01153
2014-08-31,0.036906,0.039781,0.043840000000000004,0.032378,0.034232,0.040955000000000005,0.039864000000000004,0.047276,0.062667,0.06177,0.067629,0.046665,0.045515,0.052740999999999996,0.052119,0.056239,0.04131,0.049965,0.046386000000000004,0.074972,0.04654899999999999,0.038233,0.035977,0.037613,0.040118999999999995
2014-09-30,-0.038398,-0.049756999999999996,-0.057521,-0.070975,-0.095496,-0.039431,-0.028333,-0.050477999999999995,-0.080755,-0.095856,-0.050332,-0.031467999999999996,-0.046947,-0.069703,-0.076771,-0.030874000000000002,-0.018751,-0.033010000000000005,-0.0588,-0.063443,0.007219,-0.018393,-0.020617999999999997,-0.02867,-0.041213
2014-10-31,0.06379,0.068482,0.071036,0.058041999999999996,0.020791,0.08887,0.07620199999999999,0.064976,0.054794,0.034593,0.08110300000000001,0.060274999999999995,0.045308,0.029094000000000002,0.019322,0.056112,0.03785,0.019887,0.005892,-0.006811,0.032768,0.026863,0.019450000000000002,-0.003693,-0.010076
2014-11-30,-0.010354,-0.012445,-0.011102,-0.008202000000000001,-0.012897,0.010634,-0.002383,0.002229,0.005993000000000001,-0.024277000000000003,0.024839000000000003,0.027957,0.016420999999999998,0.005641,-0.007305000000000001,0.032529,0.033532,0.026928999999999998,0.026168999999999998,-0.0037140000000000003,0.036055000000000004,0.042179,0.028126,-0.014988999999999999,-0.008787
2014-12-31,0.059640000000000006,0.041193999999999995,0.054347000000000006,0.028801,0.034055,0.031387,0.025394999999999997,0.024471,0.026664,0.011418,0.037485,0.012381,0.002785,0.009144,-0.010193,0.0038540000000000002,0.011271,0.007136,0.001052,-0.010358000000000001,-0.010275000000000001,-0.005729,0.005459,0.013106,-0.006646999999999999
2015-01-31,-0.053869,-0.054921,-0.038506,-0.053347,-0.050041,-0.01497,-0.033127,-0.049599000000000004,-0.039644,-0.07478699999999999,0.009331,-0.017813000000000002,-0.042754,-0.044576000000000005,-0.049496000000000005,0.009389999999999999,-0.013413999999999999,-0.019902,-0.032618,-0.047793,-0.004657,-0.026143999999999997,-0.056551,-0.08517799999999999,-0.076113
2015-02-28,0.047049,0.031611,0.064128,0.063605,0.069291,0.046173,0.070956,0.064512,0.073939,0.08446899999999999,0.034689,0.065569,0.08071099999999999,0.095434,0.080382,0.033478,0.065661,0.08324999999999999,0.083772,0.11072699999999999,0.031424,0.065812,0.08258900000000001,0.078318,0.086517
2015-03-31,0.031407,0.018129,0.00374,0.015519,-0.008625,0.03547,0.016481,0.017063,0.023219,0.018595999999999998,-0.0066690000000000004,0.017781,0.018681,0.007758,-0.004969,0.016412,0.010618,0.002696,-0.001933,-0.002758,-0.011684000000000002,-0.023691,-0.019527000000000003,-0.01768,-0.029512
2015-04-30,-0.018998,-0.019837,-0.030947,-0.016665,-0.01753,-0.027097000000000003,-0.026732,-0.008878,-0.016881999999999998,-0.021554000000000004,-0.034506,-0.020025,-0.015836,-0.001419,-0.004477999999999999,-0.016334,-0.010834,-0.010454000000000001,0.000195,-0.010454000000000001,-0.0072640000000000005,0.017727,0.018482000000000002,0.039201,0.035003
2015-05-31,0.011295,0.026913,-0.011411,0.007318,0.016024,0.043506,0.027818,0.009056,0.018808000000000002,0.003713,0.044237,0.012779,0.037557,0.031643,0.008386,0.018305000000000002,0.016857,0.034435,0.017662999999999998,-0.003649,0.014205,0.015523,0.007594999999999999,0.002902,-0.007562
2015-06-30,0.034907,0.032271999999999995,0.012383,0.032723,0.009998,0.013576,0.027081,0.008928,0.005013,-0.012257,-0.015884,0.020016,0.011771,-0.00962,-0.042878999999999994,-0.011669,-0.013402,-0.004132,-0.016325,-0.027334999999999998,-0.016035,-0.030023,-0.014483,0.001574,-0.020587
2015-07-31,-0.026436,-0.038912,-0.05402,-0.067964,-0.096508,-0.011725000000000001,-0.014190000000000001,-0.018987,-0.015251999999999998,-0.061212,0.028405,0.005305,-0.028283,-0.031524,-0.053015,0.040594,0.011866000000000002,0.008558,0.003715,-0.038176999999999996,0.040048,0.020278,0.012586,-0.013939,0.001203
2015-08-31,-0.039644,-0.036608999999999996,-0.038271,-0.027612,-0.040744999999999996,-0.068611,-0.045904,-0.039081000000000005,-0.054914,-0.072483,-0.055376,-0.038919,-0.050991999999999996,-0.055319,-0.057506,-0.059046,-0.054326,-0.047404,-0.05911400000000001,-0.070125,-0.056829,-0.055395,-0.075519,-0.065443,-0.06853
2015-09-30,-0.034371,-0.04840900000000001,-0.04353100000000001,-0.080142,-0.089023,-0.061551,-0.041818999999999995,-0.046541,-0.060609,-0.111556,-0.023241,-0.037994,-0.049298,-0.060965,-0.09164699999999999,-0.019278,-0.025286,-0.045408,-0.050773,-0.091182,-0.012149,-0.011659,-0.032618999999999995,-0.057745,-0.073154
2015-10-31,0.055777,0.055972999999999995,0.056324,0.065532,0.053864999999999996,0.048817000000000006,0.067581,0.058375,0.060257,0.068342,0.041417,0.038913,0.070869,0.072517,0.064348,0.027991000000000002,0.072035,0.059421999999999996,0.087016,0.079292,0.073752,0.087654,0.083225,0.091539,0.080198
2015-11-30,0.038927,0.011544,0.0291,0.046851000000000004,0.029639000000000002,0.040935,0.028283999999999997,0.039379,0.056515,0.053017,0.020794999999999998,0.014933,0.015809,0.025869,0.021156,0.010134,0.020884,0.011651,0.008597,0.002888,-0.0034660000000000003,0.002385,-0.001979,0.020141,0.011504
2015-12-31,-0.038922,-0.041963999999999994,-0.051085000000000005,-0.056193999999999994,-0.074197,-0.023963,-0.049732000000000005,-0.049087,-0.06202,-0.08757799999999999,-0.026766,-0.043886,-0.044825,-0.07217900000000001,-0.07128,-0.014311,-0.031265999999999995,-0.04600799999999999,-0.05051,-0.053198999999999996,0.0008169999999999999,-0.009184,-0.031953999999999996,-0.045229,-0.064513
2016-01-31,-0.06269,-0.064437,-0.071944,-0.102059,-0.131444,-0.07873999999999999,-0.071566,-0.07742,-0.092717,-0.132854,-0.050959000000000004,-0.06642100000000001,-0.078109,-0.091033,-0.10220900000000001,-0.049493999999999996,-0.048792,-0.06458599999999999,-0.106345,-0.120124,-0.021967,-0.048959,-0.059824,-0.107426,-0.134592
2016-02-29,-0.0062050000000000004,-0.017898,0.003068,0.001867,0.000585,-0.015346,0.020791,0.015904,0.01426,0.016782,0.020198999999999998,0.010381,0.019793,0.012594000000000001,0.020545,0.01436,0.012239,0.005521000000000001,0.014624999999999999,-0.015035,-0.000676,0.0019270000000000001,0.003759,-0.008851,-0.033094
2016-03-31,0.041801000000000005,0.051406,0.06693500000000001,0.08210100000000001,0.08811999999999999,0.06791699999999999,0.058558000000000006,0.082889,0.09926700000000001,0.109962,0.058787000000000006,0.068442,0.072833,0.09038500000000001,0.12381700000000001,0.071544,0.061972,0.086531,0.103642,0.11675,0.057232000000000005,0.069738,0.067602,0.076863,0.092866
2016-04-30,0.027153,0.039968,0.02959,0.02894,0.036472000000000004,0.008756,0.004124,0.012924999999999999,0.012405,0.05137800000000001,-0.007221999999999999,0.009717,0.013725000000000001,0.017731,0.038861,0.007307,0.013489,0.008202000000000001,0.029296000000000003,0.033886,-0.009257999999999999,0.00042,0.020676999999999997,0.046452,0.047840999999999995
2016-05-31,-0.002603,0.008067999999999999,-0.001381,-0.004347,-0.018918,0.023679000000000002,0.01752,0.024550000000000002,0.022623,0.0061329999999999996,0.020575999999999997,0.022195999999999997,0.021001,0.008267,-0.009717,0.02791,0.030123,0.02644,0.033895,0.014665999999999998,0.016726,0.014292000000000001,0.017661,0.015227,0.01497
2016-06-30,-0.011375,-0.009774,0.008381999999999999,0.004566,-0.002714,0.021813,0.0028260000000000004,-0.0037180000000000004,-0.017105,-0.028824000000000002,0.028345,0.007684,-0.023067999999999998,-0.0273,-0.023826999999999997,0.024413,0.003425,-0.012504,-0.031894,-0.042691999999999994,0.023565999999999997,0.005948999999999999,-0.010485,-0.040021,-0.045918
2016-07-31,0.039896,0.059305000000000004,0.063458,0.063303,0.064927,0.037251,0.053143,0.058075999999999996,0.077428,0.08616199999999999,0.033114,0.045061,0.059394,0.063382,0.097783,0.0217,0.048526,0.038386,0.057300000000000004,0.074768,0.01956,0.054134,0.033349000000000004,0.049515,0.051025
2016-08-31,0.028121,0.035777,0.028914,0.044607,0.030764,0.009193,0.016113,0.018943,0.014114999999999999,0.034461,-0.014679,0.010320000000000001,0.020708999999999998,0.032010000000000004,0.035931000000000005,-0.010971,0.005476,0.022101000000000003,0.011244,0.050496,-0.016477,0.006763,0.006647999999999999,0.019676,0.084402
2016-09-30,0.019359,0.025036999999999997,0.028233,0.052916,0.062515,-0.0108,0.005992,0.014955000000000001,0.0065910000000000005,0.067523,0.009723,0.001227,0.0057269999999999995,-0.000205,0.007751,-0.013616,-0.004239,0.004251,0.003882,0.010454000000000001,-0.000731,0.0058130000000000005,-0.01805,0.013841000000000001,0.013059000000000001
2016-10-31,-0.030677,-0.034447,-0.04954,-0.062018000000000004,-0.112782,-0.029962,-0.025733000000000002,-0.053937,-0.041007999999999996,-0.118146,-0.030396,-0.022245,-0.027721,-0.030322,-0.075714,-0.017827,-0.013586,-0.02965,-0.01901,-0.042929,-0.015700000000000002,-0.026215000000000002,-0.010159,-0.008275,0.032035
2016-11-30,0.09965199999999999,0.128235,0.11327999999999999,0.129931,0.147053,0.110753,0.10725799999999999,0.131694,0.133624,0.153709,0.059222000000000004,0.098825,0.12164199999999999,0.12186,0.129072,0.021369,0.065731,0.060369,0.083507,0.17409400000000003,0.001795,0.033682,0.069694,0.10431499999999999,0.173056
2016-12-31,0.056033,0.06458,0.041535,0.040517000000000004,0.041395,0.039339,0.025598999999999997,0.043708,0.039529999999999996,-0.023028,0.018283,0.021647,0.013638999999999998,0.019104,-6.7e-05,0.01895,-0.0035659999999999997,0.0011459999999999999,0.007784999999999999,0.015525,0.027212999999999998,0.011661,0.01142,0.022937,0.029322
2017-01-31,-0.009071000000000001,-0.029905,-0.010154000000000002,-0.0050929999999999994,0.000343,-0.016857,-0.010838,-0.000986,-0.004555,0.024911,0.002091,0.011899999999999999,0.012669999999999999,0.021439,0.01514,0.020687,0.010794999999999999,0.029956999999999998,0.04109,0.023944,0.012022999999999999,0.027057,0.038967,0.014378,0.010356
2017-02-28,-0.004281,0.008296,-0.005514,-0.006775,0.018461,0.0042320000000000005,0.010126,0.001131,0.027519000000000002,0.025065,0.012521,0.024613999999999997,0.016569,0.013347,0.025241,0.039564,0.03496,0.014078,0.029308,0.052068,0.049235,0.034589,0.038425,0.02388,0.036256
2017-03-31,0.014086000000000001,0.015803,0.012580000000000001,0.026638000000000002,0.009132,0.002151,0.002165,-0.0008550000000000001,-0.0014050000000000002,0.00048300000000000003,0.024725,0.001878,-0.002944,-0.010709,-0.010671,0.004181000000000001,0.003979,0.008826,0.001219,-0.024756,0.003331,0.008608,-0.004809,-0.010780000000000001,-0.010061
2017-04-30,0.023426,0.030386000000000003,0.003859,0.026507,-0.016677,0.014922,0.017825999999999998,0.012198,0.013103,0.021686999999999998,0.000697,0.01843,0.010423,0.01149,-0.013632,0.008015,0.012041999999999999,0.017920000000000002,0.010033,-0.02532,0.008836,0.022391,0.009362,0.001555,-0.006167000000000001
2017-05-31,-0.015113000000000001,-0.011437999999999999,-0.043272000000000005,-0.021398,-0.029693999999999998,-0.030632000000000003,-0.033249,-0.012126,-0.035993,-0.029154,-0.017375,0.00242,-0.013044,-0.02278,-0.034874999999999996,0.005598,0.003686,0.003242,0.000985,-0.015917,0.029314,0.020109,-0.0018,-0.012721,-0.009132
2017-06-30,0.062156,0.036352999999999996,0.054828999999999996,0.049382999999999996,0.046609,0.022279,0.037913999999999996,0.022812000000000002,0.052451,0.064862,0.007072,-0.002455,0.033555,0.035973000000000005,0.05487,0.016359,0.0023639999999999998,0.021842999999999998,0.020234000000000002,0.031343,-0.015165,0.0035610000000000004,0.029573000000000002,0.039085999999999996,0.04095
2017-07-31,-0.009519,-0.012279,0.000661,-0.010105999999999999,-0.009250000000000001,0.005269,0.011335999999999999,0.007057,0.015806,0.005600000000000001,0.004246,0.007848,0.018802,0.001253,0.018722000000000003,0.006173,0.017695000000000002,0.009552,0.018657999999999998,0.036644,0.030028000000000003,0.015521,0.030436,0.007047,0.039884
2017-08-31,-0.01924,-0.027287,-0.020998000000000003,-0.027211,-0.000842,-0.026328,-0.025956999999999997,-0.028697,-0.033713,0.005801,-0.014189,-0.005393,-0.018079,-0.01317,-0.0024560000000000003,-0.012246,-0.00313,0.004788,-0.008485,0.006339,-0.001766,0.017969,-0.002545,-0.002069,-0.02112
2017-09-30,0.071658,0.093062,0.088285,0.090516,0.090241,0.050892999999999994,0.070803,0.08859,0.082231,0.086196,0.022446999999999998,0.045530999999999995,0.06329900000000001,0.062835,0.057630999999999995,0.009364,0.037822,0.03801,0.056147999999999997,0.070213,-0.001166,0.010898000000000001,0.028073999999999998,0.059706,0.074147
2017-10-31,0.005548999999999999,0.01431,-0.004552,-0.006563,-0.012552,-0.008827,0.008637,0.020164,0.010038,-0.028029000000000002,0.012632,0.017667,0.016653,0.014529,0.016467,0.0008590000000000001,0.0292,0.029072,0.022643,0.013661000000000001,0.016541,0.034586,0.017152,0.024992,0.028428
2017-11-30,0.040514,0.034861,0.038801,0.026105,0.029506,0.043259,0.022236,0.028673999999999998,0.020804999999999997,0.015638,0.051500000000000004,0.026989,0.033552,0.042552000000000006,0.030698,0.060951000000000005,0.049045,0.03434,0.033531,0.060904999999999994,0.041705,0.027832,0.029015,0.025369000000000003,0.031665
2017-12-31,-0.006192,-0.00035999999999999997,-0.013198000000000001,-0.001163,0.008483000000000001,0.009759,-0.016167,-0.009527,-0.001914,0.020506000000000003,-0.007149,0.0060409999999999995,0.001109,0.00046699999999999997,0.011797,0.0032540000000000004,0.00985,-0.00028199999999999997,0.011807000000000002,0.038234,0.005836,0.007622,0.027216,0.019892,0.014296999999999999
2018-01-31,0.00219,0.004351,0.026854,0.02122,0.058162000000000005,0.011187,0.022187000000000002,0.013515999999999999,0.026293999999999998,0.039220000000000005,0.013279000000000001,0.029047999999999997,0.035551,0.041167999999999996,0.073074,0.017117,0.041935,0.067337,0.03642,0.057973,0.036396000000000005,0.061929,0.082764,0.074486,0.064542
2018-02-28,-0.016695,-0.033557000000000003,-0.045517,-0.043934,-0.040178000000000005,-0.028687999999999998,-0.018874,-0.021381999999999998,-0.051827,-0.054449,-0.045621999999999996,-0.019548,-0.056359000000000006,-0.049768,-0.033654,-0.024332,-0.037613,-0.048750999999999996,-0.049183000000000004,-0.042096999999999996,-0.050383,-0.033252000000000004,-0.030019,-0.020665,-0.02725
2018-03-31,0.038260999999999996,0.045483,0.009154,0.034072,-0.00263,0.013536,0.014994,0.02497,0.014955000000000001,-0.010128,0.008468,0.011959,0.000522,0.0047020000000000005,0.0075829999999999995,0.006085,0.000774,-0.0033510000000000002,0.009226,-0.018646,-0.013685000000000001,-0.031181999999999998,-0.033468,-0.039883,-0.032763
2018-04-30,0.01748,0.009151,0.0018290000000000001,0.014879999999999999,0.018821,0.013953,0.021558,0.011547,0.001576,0.029525000000000003,-0.009731,0.006368,-0.006498,0.005862000000000001,-0.000977,0.007929,-0.009732,-0.019129,0.012401,0.011382000000000001,-0.004931,0.0032719999999999997,0.016541,0.011231,-0.00095
2018-05-31,0.07277499999999999,0.078621,0.071876,0.113031,0.077906,0.053276000000000004,0.060853000000000004,0.053631000000000005,0.074339,0.07366299999999999,0.025856,0.048868999999999996,0.057676,0.045842999999999995,0.071836,0.026503000000000002,0.043478,0.029115000000000002,0.020776,0.059091,0.009260000000000001,0.03689,0.021887,0.006168,0.012204
2018-06-30,0.02367,0.023178999999999998,0.032817,-0.002637,0.003493,0.033578000000000004,0.007855,0.0036820000000000004,0.023663,-0.014859,0.017749,0.010257,-0.006927,-0.00459,-0.010950999999999999,0.029606,0.012602,0.002736,-0.00025100000000000003,-0.028238,0.019375,0.005390000000000001,0.011477999999999999,-0.016524,-0.022677999999999997
2018-07-31,0.004751,-0.002781,0.006608,0.010789,-0.016452,0.018036,0.029710999999999998,0.020575999999999997,0.013606,0.03459,0.014286,0.0058720000000000005,0.029303,0.02948,0.013667,0.017124999999999998,0.031615000000000004,0.029060000000000002,0.023149000000000003,0.013322,0.023889999999999998,0.036865,0.036046999999999996,0.046395,0.048899
2018-08-31,0.042523,0.035975,0.023509000000000002,0.034443,0.054599,0.058869,0.036204,0.050339,0.03411,0.049649,0.041134000000000004,0.055671,0.030372,0.030371000000000002,0.049835000000000004,0.029743,0.030878000000000003,0.036732999999999995,0.036961,0.033717000000000004,0.017518,0.031976,0.056181999999999996,0.036642,0.023973
2018-09-30,-0.018812,-0.039211,-0.04025,-0.005631000000000001,-0.026094,-0.020259999999999997,-0.027481,-0.027896,-0.019839,-0.020278,-0.017667,-0.01164,-0.032026,-0.029766,-0.033352,-0.003019,-0.001725,0.002611,0.0026829999999999996,-0.026425999999999998,0.01213,0.010038,0.012951999999999998,-0.002663,-0.023601
2018-10-31,-0.094565,-0.086253,-0.08095100000000001,-0.113537,-0.14932600000000001,-0.07067899999999999,-0.082758,-0.112617,-0.123076,-0.152147,-0.059288,-0.07670099999999999,-0.105198,-0.09944599999999999,-0.136723,-0.049397,-0.077769,-0.100757,-0.10223800000000001,-0.140628,-0.006213,-0.06039799999999999,-0.083286,-0.09885999999999999,-0.101844
2018-11-30,-0.006528000000000001,0.0012989999999999998,-0.013250999999999999,-0.020091,-0.027320999999999998,0.016754,0.031264,0.028666999999999998,0.025903,0.011937999999999999,0.031253,0.02874,0.023654,0.02403,-0.021498,0.024613999999999997,0.031854,0.024683999999999998,0.024822,0.003196,0.015130999999999999,0.034020999999999996,-0.021379000000000002,0.038075,0.026072
2018-12-31,-0.09904600000000001,-0.10775,-0.105571,-0.125784,-0.17536100000000002,-0.090547,-0.11163600000000001,-0.12099399999999999,-0.12063399999999999,-0.145129,-0.08257199999999999,-0.095709,-0.133634,-0.13683199999999998,-0.12551500000000002,-0.08763299999999999,-0.102,-0.112812,-0.126605,-0.134177,-0.069063,-0.084911,-0.08182299999999999,-0.107553,-0.123987
2019-01-31,0.08873900000000001,0.08245799999999999,0.095979,0.12498,0.141128,0.069886,0.094717,0.095569,0.117767,0.129354,0.08644600000000001,0.101721,0.126446,0.121211,0.148608,0.066182,0.085891,0.134878,0.121692,0.170055,0.055583999999999995,0.077243,0.06697499999999999,0.10689399999999999,0.124317
2019-02-28,0.060830999999999996,0.060989,0.052503,0.053231,0.060420999999999996,0.030852,0.041097,0.069812,0.064471,0.06359,0.036878,0.036956,0.034714,0.058710000000000005,0.073687,0.028121999999999998,0.053571999999999995,0.040249,0.051955999999999995,0.07084399999999999,0.032544,0.031443,0.042914,0.027988,0.020969
2019-03-31,-0.0305,-0.044395,-0.051736000000000004,-0.037989999999999996,-0.020503,-0.027547000000000002,-0.028538,-0.027503000000000003,-0.045382,-0.015918,0.01316,-0.016608,-0.035994,-0.027901,-0.018176,0.021848999999999997,0.016533,0.007709000000000001,-0.020529000000000002,-0.012108,0.031884,0.023296,0.024788,0.000904,-0.024743
2019-04-30,0.023974000000000002,0.024909,0.030372,0.029401,-0.000206,0.019833,0.043830999999999995,0.046346,0.039106999999999996,0.001359,0.037252,0.048952,0.052565999999999995,0.057499,0.028716,0.029944000000000002,0.036295,0.040392000000000004,0.047708,0.039571,0.017901,0.035335,0.053388,0.056368,0.078948
2019-05-31,-0.051843,-0.066938,-0.073543,-0.050639,-0.110112,-0.060507,-0.065996,-0.08552799999999999,-0.10004400000000001,-0.101989,-0.067898,-0.041361,-0.08705299999999999,-0.087685,-0.09359,-0.035215,-0.051224,-0.072979,-0.11192500000000001,-0.096977,-0.035052,-0.049192,-0.09186899999999999,-0.077578,-0.113051
2019-06-30,0.063235,0.05191900000000001,0.044832000000000004,0.064738,0.054154,0.041207,0.073947,0.085741,0.08098000000000001,0.10142899999999999,0.056760000000000005,0.05520800000000001,0.08372600000000001,0.086386,0.107111,0.050676,0.073682,0.08991400000000001,0.09709300000000001,0.10032999999999999,0.057637,0.061583,0.08987,0.077361,0.074465
2019-07-31,-0.015165,-0.00037999999999999997,0.014657,-0.010669999999999999,-0.053434999999999996,0.015593999999999998,0.002807,-0.002189,0.009691,-0.016730000000000002,0.020118999999999998,0.029117,0.018054,0.008811,-0.000526,0.00449,0.01934,0.015493,0.011166,0.011526000000000002,0.017249,0.014574,0.015363,0.018176,0.012447999999999999
2019-08-31,-0.050648,-0.062037,-0.056127,-0.057986,-0.086183,-0.04631300000000001,-0.06787,-0.040691,-0.064445,-0.07374900000000001,-0.010931999999999999,-0.033887,-0.061717,-0.069744,-0.089114,-0.017291,-0.026909000000000002,-0.045595,-0.060153,-0.061642,0.020418,-0.023499,-0.017032000000000002,-0.037496999999999996,-0.062855
2019-09-30,0.026874,0.043461,0.044238,0.052412,0.039241,0.030843,0.039603,0.048497000000000005,0.042416,0.022090000000000002,0.009342,0.018221,0.029587,0.026198000000000003,0.010981000000000001,0.027887,0.013472999999999999,0.023553,0.045216000000000006,0.003569,0.011434,0.014221,0.006181,0.03723,0.028272
2019-10-31,0.012063999999999998,0.024535,0.000546,0.014472,-0.019007,0.031825,0.019487,0.036922,0.021375,0.017764,0.000366,0.012495000000000001,0.017595,0.049667,0.034586,-0.005758,0.013878999999999999,0.005567,0.006932000000000001,0.023919000000000003,0.015829,0.018037,0.018656,0.043862,0.05683
2019-11-30,0.024419,0.020963,0.024107,0.069761,0.044592,0.046536999999999995,0.027105,0.028344,0.045867000000000005,0.056905000000000004,0.012934000000000001,0.025371,0.031371,0.054694,0.076999,0.005058,0.038862,0.051279000000000005,0.059116,0.093116,0.011930000000000001,0.032776,0.046998,0.055944,0.06811099999999999
2019-12-31,0.026999,0.023916,0.032421000000000005,0.087797,0.065635,0.040663,0.038846,0.02231,0.032853,0.053724,0.020198,0.026452,0.028336,0.032455,0.023521,0.018806,0.01477,0.026168999999999998,0.020342,0.029108000000000002,0.026185999999999997,0.027966,0.021991,0.040693,0.053757
2020-01-31,-0.035783999999999996,-0.062237999999999995,-0.053537999999999995,-0.057142,-0.056646999999999996,-0.045139,-0.052683,-0.040595,-0.047575000000000006,-0.057714999999999995,-0.016481,-0.012737,-0.038256,-0.031687,-0.049405000000000004,-0.006385999999999999,0.0042580000000000005,-0.01121,-0.034454,-0.011278,-0.00121,-0.002355,0.014074999999999999,0.017245,-0.026873
2020-02-29,-0.062313,-0.075607,-0.075873,-0.08343400000000001,-0.068146,-0.08486,-0.108607,-0.10597200000000001,-0.099208,-0.099643,-0.075302,-0.100456,-0.095132,-0.10002499999999999,-0.069184,-0.08945600000000001,-0.08469099999999999,-0.09500700000000001,-0.073064,-0.086,-0.077785,-0.08015900000000001,-0.072391,-0.09386599999999999,-0.072783
2020-03-31,-0.218023,-0.24691500000000002,-0.221037,-0.258776,-0.25108,-0.17147099999999998,-0.250637,-0.238624,-0.23638,-0.24807300000000002,-0.157098,-0.183521,-0.20052299999999998,-0.27264900000000003,-0.243554,-0.17859100000000003,-0.149033,-0.21587499999999998,-0.226555,-0.221846,-0.077916,-0.125338,-0.11339700000000001,-0.125948,-0.18679400000000002
2020-04-30,0.125828,0.13217700000000002,0.143712,0.206756,0.208875,0.111028,0.139205,0.16866399999999998,0.162557,0.184393,0.10006500000000002,0.12266400000000001,0.13373,0.162618,0.214398,0.13554,0.110368,0.16125399999999998,0.166479,0.192654,0.08217100000000001,0.132062,0.136623,0.174086,0.155033
2020-05-31,0.056403999999999996,0.020712,0.032195,0.059638,0.114623,0.044198,0.019382999999999997,0.044760999999999995,0.058956999999999996,0.104668,0.054948,0.06793199999999999,0.048015999999999996,0.095756,0.095954,0.041186,0.07566200000000001,0.088206,0.09087300000000001,0.09578300000000001,0.027649,0.045471000000000004,0.057596999999999995,0.052943,0.08930999999999999
2020-06-30,0.064461,0.056726,0.059896000000000005,0.096643,0.093575,0.009475,0.032155,0.035811,0.030591,0.06184,-0.013059000000000001,0.012268,0.019149,0.033121,0.053286,-0.021161,0.010043999999999999,-0.000497,0.034531,0.047988,-0.017932999999999998,-0.0073089999999999995,0.034013,0.086133,0.055251
2020-07-31,0.024177,-0.007295,-0.013774,0.021362000000000003,0.055968,0.036884,0.017287,0.009865,0.04465499999999999,0.024188,0.035137999999999996,0.035964,0.04186,0.020903,0.015664,0.070858,0.07016,0.037603,0.046272,0.055214,0.051510999999999994,0.052419,0.096708,0.03848,0.149871
2020-08-31,0.017129000000000002,0.06275599999999999,0.070424,0.12229799999999999,0.038226,0.013980999999999999,0.051382000000000004,0.064403,0.093724,0.08085800000000001,-0.0012339999999999999,0.03235,0.06518399999999999,0.06503,0.097194,0.020883,0.031114000000000003,0.061166,0.051565,0.046917,0.036702,0.075735,0.162043,0.07993800000000001,0.074695
2020-09-30,-0.025227,-0.036572,-0.031616,-0.016769,-0.021863999999999998,-0.060923,-0.065189,-0.04693800000000001,-0.024870999999999997,-0.036668,-0.044656,-0.058745000000000006,-0.043503999999999994,-0.014356,-0.031191,-0.029628,-0.015293000000000001,-0.021841,-0.029729000000000002,0.005081,-0.010046,-0.050667,-0.064814,-0.041122,-0.035864
2020-10-31,-0.00223,0.039123,0.014275,0.021568,-0.0167,0.023580999999999998,0.053746999999999996,0.045277000000000005,0.031846,0.00853,0.018252,0.051591,0.038971,0.041185,0.029443,-0.000983,0.023272,0.000844,0.010143,0.040759,-0.032677,-0.022454000000000002,-0.039826,-0.027728000000000003,0.047655
2020-11-30,0.138072,0.171235,0.236273,0.228964,0.310016,0.122939,0.166103,0.17957599999999999,0.211389,0.246344,0.093598,0.17927900000000002,0.198932,0.190942,0.22640899999999997,0.077252,0.099394,0.18559699999999998,0.19544499999999998,0.208627,0.073061,0.096562,0.16688,0.183901,0.22399000000000002
2020-12-31,0.08384399999999999,0.060673000000000005,0.119878,0.04806,0.10262600000000001,0.051054,0.11466599999999999,0.09932600000000001,0.101049,0.094936,0.068796,0.071707,0.08210800000000001,0.097379,0.121995,0.035782,0.061325000000000005,0.065209,0.071355,0.075393,0.019108,0.03065,0.087069,0.063623,0.027898
2021-01-31,0.48029000000000005,0.089358,0.10817700000000001,0.14186400000000002,0.16288799999999998,0.060671,0.042359,0.109674,0.050007,0.106555,0.013675,0.014764999999999999,0.010042,0.054307,0.007385,-0.004125,-0.007027,-0.007372,0.012704,0.045227,-0.016314,-0.010565999999999999,-0.002277,-0.007462,0.016609
2021-02-28,-0.142131,0.099898,0.116791,0.09149800000000001,0.155895,0.056537,0.09476599999999999,0.076609,0.093697,0.105557,0.046058,0.09423400000000001,0.069748,0.071664,0.10799099999999999,0.013134999999999999,0.044256000000000004,0.08339600000000001,0.108247,0.092992,-0.014783,0.034693999999999996,0.007164,0.113984,0.06615599999999999
2021-03-31,0.104497,0.042793,0.00933,0.03608,0.031597,0.039353,0.018989,0.027354,0.03314,-0.011593,0.050019999999999995,0.032422,0.040671,0.011517,0.017186,0.069441,0.041374,0.02379,-0.001349,-0.010255,0.068692,0.035303,0.016375,0.044656,-0.081909
2021-04-30,-0.020315,-0.004198,0.021633,-0.005274999999999999,-0.005181,-0.001122,0.020818,0.003007,0.025231,0.021768,0.013451,0.030609,0.041387,0.033814000000000004,0.048248,0.028114,0.04754,0.038188,0.055671,0.060072,0.032902999999999995,0.067646,0.061263,0.049603,0.066665
2021-05-31,0.063999,0.032684000000000005,0.013210999999999999,0.042541999999999996,0.051199,0.005664,0.0026479999999999997,0.022004000000000003,0.013892,0.031408,0.016981,0.010446,-0.008789,0.009132,-0.005662,0.013193999999999999,0.0030420000000000004,0.016332,0.000777,-0.000549,0.01744,-0.002043,-0.015497,0.038636,-0.040831
2021-06-30,-0.0061719999999999995,0.025089999999999998,0.039221,0.061694000000000006,0.047141999999999996,0.01504,0.000952,0.010804000000000001,0.01214,0.035081,0.004168,-0.026875,-0.010435000000000002,-0.005682,0.009186,-0.008191,0.008325,-0.00788,0.004196,0.034413,0.000713,0.037836,0.038407,0.028572,0.108458
2021-07-31,-0.008146,-0.024498000000000002,-0.045519,-0.072216,-0.09609899999999999,-0.027736999999999998,-0.030924999999999998,-0.019935,-0.03589,-0.082394,0.005656,-0.016517999999999998,-0.012939,-0.01883,-0.049109999999999994,0.028005,0.004926,0.008321,-0.016023,-0.068636,0.024508000000000002,0.035948,-0.0031780000000000003,0.028218999999999998,-0.01629
2021-08-31,0.04066499999999999,0.030153,0.030806,0.038997000000000004,0.036095999999999996,0.028721999999999998,0.026031,0.014658,0.007038,0.004905,0.009852,-0.0007040000000000001,0.028647,0.027206,0.024874,0.011795,0.021846,0.023357000000000003,0.035829,0.032182,0.027141000000000002,0.030597,0.01188,0.043937,0.066406
2021-09-30,-0.036746,-0.016186,-0.022067,-0.01897,-0.023259,-0.019785999999999998,-0.034399,-0.027881999999999997,-0.018012,-0.015165,-0.018851,-0.020752000000000003,-0.021480000000000003,-0.039307,-0.029322,-0.061162,-0.04319,-0.057625,-0.000892,-0.020418,-0.048655,-0.060991,-0.020424,-0.047462,-0.006604
2021-10-31,0.01799,0.031873,0.039409,0.023125,0.014132,0.02231,0.04873,0.035385,0.01864,0.038203999999999995,0.018359,0.03427,0.051948999999999995,0.046882,0.067047,0.037803,0.043784000000000003,0.06515900000000001,0.053065,0.057267,0.07206800000000001,0.055770999999999994,0.050112,0.074921,0.253037
2021-11-30,-0.04334,-0.027947000000000003,-0.026073,-0.070226,-0.09220700000000001,-0.02642,-0.019643,-0.003664,-0.034218,-0.06805,-0.035728,-0.04143500000000001,-0.029575999999999998,-0.045805,-0.033861,-0.023192,-0.036591,-0.030931,-0.031030000000000002,-0.048426,-0.00787,-0.023733,-0.056135000000000004,0.070525,-0.029726
2021-12-31,-0.000477,0.023462999999999998,0.008187999999999999,0.013066,-0.00167,0.058064,0.048166,0.036911,0.048109,-0.001111,0.046985,0.058422,0.035828,0.039453999999999996,-0.019382999999999997,0.061656,0.051557000000000006,0.042851,0.027844,0.004514000000000001,0.046482,0.045892,0.03933,0.028058,-0.067367
2022-01-31,-0.059029,-0.058754999999999995,-0.082351,-0.079595,-0.086691,-0.076419,-0.066207,-0.08035500000000001,-0.09092499999999999,-0.07021899999999999,-0.06558,-0.078762,-0.085204,-0.070742,-0.080856,-0.063197,-0.061308,-0.073847,-0.050238,-0.070849,-0.06278,-0.052740999999999996,-0.023192,-0.046024,-0.119559
2022-02-28,0.007466,-0.028083,0.0024909999999999997,0.015948,0.047261,0.009336,0.003024,0.009162,0.017391,0.061871,0.00853,-0.009753,-0.001628,0.020877,0.028361,-0.012139,0.010508,-0.019112,0.022831,0.057446000000000004,-0.015309999999999999,-0.045231,-0.040401999999999993,-0.020057000000000002,-0.035070000000000004
2022-03-31,0.016801,-0.013289,0.008008999999999999,0.014467,0.0452,0.023719999999999998,0.008778000000000001,0.0006460000000000001,-0.00949,0.014169000000000001,0.048676000000000004,0.010848,-0.013260000000000001,0.002306,0.034748,0.040842,0.020608,0.001126,-0.00752,0.020374,0.047451,0.037808,-0.006338,0.024855000000000002,0.15639799999999998
2022-04-30,-0.085697,-0.077176,-0.099304,-0.08687099999999999,-0.08593400000000001,-0.072727,-0.092033,-0.096819,-0.087743,-0.124194,-0.05848,-0.064174,-0.077144,-0.080046,-0.088807,-0.060057,-0.067039,-0.080022,-0.079121,-0.09447599999999999,-0.07213,-0.093742,-0.08851300000000001,-0.11768100000000001,-0.18110900000000002
2022-05-31,0.0014019999999999998,0.0075049999999999995,0.011324,-0.019621,-0.000852,0.020569,0.03011,0.02398,0.00154,-0.000733,0.022799999999999997,0.019737,0.018135,-0.016857,-0.030554,0.017668,0.012256,-0.014422999999999998,0.032687,0.013802000000000002,-0.0037930000000000004,0.006151,0.023295,-0.016224000000000002,-0.111388
2022-06-30,-0.034075,-0.045076,-0.060563000000000006,-0.089396,-0.136216,-0.025605000000000003,-0.036264,-0.08590999999999999,-0.091525,-0.146271,-0.049964,-0.053034,-0.091043,-0.09771800000000001,-0.150604,-0.04625,-0.070538,-0.10842299999999999,-0.129828,-0.181295,-0.035774,-0.08718500000000001,-0.12923600000000002,-0.110319,-0.134215
2022-07-31,0.055202999999999995,0.062558,0.083747,0.099428,0.13582,0.06532600000000001,0.114953,0.106142,0.128777,0.13912000000000002,0.056386000000000006,0.107051,0.10234199999999999,0.114062,0.127389,0.069522,0.097375,0.108644,0.114315,0.125202,0.029023,0.09581899999999999,0.09902,0.14932399999999998,0.237789
2022-08-31,0.0023480000000000003,0.012216,-0.010847,-0.015435,0.048693999999999994,-0.032269,-0.012721,-0.021332,-0.017209000000000002,-0.040984999999999994,-0.025621,-0.024815999999999998,-0.030725,-0.042447,-0.023443000000000002,-0.019284,-0.038586,-0.022142,-0.038159,-0.005592000000000001,-0.033424999999999996,-0.045297000000000004,-0.034106,-0.027237,-0.068011
2022-09-30,-0.10568300000000001,-0.09340799999999999,-0.050995,-0.112326,-0.157392,-0.07935500000000001,-0.07624399999999999,-0.103232,-0.087365,-0.135033,-0.068854,-0.09120900000000001,-0.08296300000000001,-0.119756,-0.120872,-0.080161,-0.087177,-0.090134,-0.105812,-0.128735,-0.052995,-0.094122,-0.104525,-0.11952600000000001,-0.094812
2022-10-31,0.070371,0.08221600000000001,0.08552799999999999,0.098263,0.08671699999999999,0.12167199999999999,0.110303,0.116404,0.11182600000000001,0.130682,0.090405,0.113189,0.10947,0.127661,0.106611,0.080291,0.078377,0.10218999999999999,0.088082,0.09215899999999999,0.09239000000000001,0.056046,0.14188499999999998,0.082736,-0.031232000000000003
2022-11-30,0.002388,0.001172,0.036094,0.032483,-0.018478,0.019181999999999998,0.010244,0.037683,0.012584,0.030078999999999998,0.059298000000000003,0.033484,0.059256,0.083768,0.046046,0.04774200000000001,0.06965,0.051611000000000004,0.042585,0.051018,0.045819,0.06353500000000001,0.07759,0.034748,0.003954
2022-12-31,-0.046608000000000004,-0.042809,-0.030123999999999998,-0.027645,-0.051633,-0.057552000000000006,-0.055372000000000005,-0.057617,-0.039109,-0.08145799999999999,-0.053368,-0.077663,-0.052201000000000004,-0.049054,-0.075654,-0.04774200000000001,-0.039279,-0.050003,-0.057881999999999996,-0.09122400000000001,-0.026810999999999998,-0.056555,-0.04546700000000001,-0.098178,-0.191909
2023-01-31,0.065678,0.069509,0.08703699999999999,0.143541,0.163963,0.06505,0.056281,0.11330399999999999,0.139836,0.160228,0.042425,0.072874,0.105224,0.11367699999999999,0.15792899999999999,0.026181999999999997,0.053639,0.11814399999999999,0.134553,0.149261,-0.014523999999999999,0.061043,0.07482,0.12575,0.28164
2023-02-28,-0.02519,-0.013051,-0.029523999999999998,-0.031155,-0.038487,-0.032277,-0.012293,-0.0072640000000000005,-0.001459,-0.035912,-0.008584000000000001,-0.00213,-0.016696,0.0028179999999999998,-0.039484,-0.042826,-0.029561,-0.011466,-0.038367,-0.014473,-0.043669,-0.035847000000000004,-0.028999,0.007128,0.108184
2023-03-31,-0.072759,-0.091966,-0.089337,-0.078337,-0.069662,-0.042736,-0.076657,-0.052920999999999996,-0.038232,-0.046566,-0.018213999999999998,-0.055789,-0.035318,-0.038098,-0.055522,0.001206,0.006059,-0.02986,-0.038149,-0.042622999999999994,0.028111999999999998,0.053229,-0.000169,0.067001,0.070705
2023-04-30,-0.025790999999999998,-0.054012000000000004,-0.025314,-0.022875999999999997,-0.002525,-0.018657,-0.052154,-0.037317,-0.011774,-0.019209,-0.011364,-0.008725,-0.014866999999999998,-0.010469,-0.028784999999999998,0.002443,-0.008128,-0.029316,-0.007863,-0.017535000000000002,0.027993,0.02519,0.011078,0.016302,-0.079457
2023-05-31,-0.014655,-0.011802,-0.0026829999999999996,-0.00601,0.022621000000000002,-0.016846,-0.017321,0.058746,-0.031956000000000005,-0.011701999999999999,-0.027774,-0.021216,-0.022534000000000002,-0.025467,-0.028775,-0.044524999999999995,-0.038460999999999995,-0.014256,-0.018212,-0.003898,-0.048012,0.02045,-0.010688999999999999,0.033982,0.208689
2023-06-30,0.038998,0.07351200000000001,0.066606,0.048762,0.066006,0.040357000000000004,0.056944,0.099139,0.111111,0.114869,0.035158999999999996,0.087577,0.091806,0.100984,0.122943,0.051616,0.075321,0.10029500000000001,0.101499,0.115177,0.036037,0.052953,0.08026300000000001,0.08512700000000001,0.152635
2023-07-31,0.044517,0.058665,0.09389900000000001,0.091747,0.08103199999999999,0.056143,0.06929400000000001,0.053286,0.078812,0.081516,0.051344,0.048417,0.055999,0.062791,0.085894,0.039416,0.040893,0.038372,0.040035,0.073057,0.014196,0.028405,0.045237999999999993,0.039318,0.080052
2023-08-31,-0.09102600000000001,-0.063399,-0.064722,-0.073793,-0.115518,-0.039035,-0.041543000000000004,-0.064709,-0.039537,-0.08816700000000001,-0.063594,-0.043591,-0.052926,-0.038689,-0.085898,-0.021513,-0.020619000000000002,-0.029656,-0.020814,-0.050346,-0.013092999999999999,0.004157,-0.023174999999999998,-0.044789,-0.008208
2023-09-30,-0.074301,-0.042627,-0.058823,-0.056566,-0.08299899999999999,-0.070803,-0.054029999999999995,-0.049690000000000005,-0.054745,-0.065339,-0.046383,-0.061562,-0.040662000000000004,-0.060888,-0.091816,-0.046849,-0.034052,-0.055774,-0.063777,-0.075318,-0.021872,-0.047621000000000004,-0.046042,-0.059833,-0.08089600000000001
2023-10-31,-0.058533,-0.044391,-0.074247,-0.091068,-0.120414,-0.03975,-0.051889000000000005,-0.07144199999999999,-0.080024,-0.09519999999999999,-0.047408,-0.055896999999999995,-0.057428999999999994,-0.055084,-0.089467,-0.029772,-0.040938999999999996,-0.075077,-0.074143,-0.075131,-0.002051,-0.005462,-0.035273,-0.025790999999999998,-0.103256
2023-11-30,0.075292,0.06912499999999999,0.073179,0.07034699999999999,0.096684,0.076106,0.079361,0.087317,0.114498,0.085511,0.070267,0.081127,0.09960200000000001,0.127382,0.122064,0.057523,0.08451499999999999,0.084116,0.10880200000000001,0.15114,0.033278,0.090848,0.11317,0.12518100000000001,0.173894
2023-12-31,0.133129,0.152953,0.13214700000000001,0.169128,0.171649,0.12242900000000001,0.129502,0.13176,0.14036400000000002,0.14350300000000002,0.08499000000000001,0.10363699999999999,0.131465,0.146221,0.16190100000000002,0.053271,0.064682,0.095506,0.10454000000000001,0.121385,0.025821999999999998,0.028014999999999998,0.0793,0.055980999999999996,0.052464000000000004
2024-01-31,-0.041497,-0.038043,-0.026361,-0.022766,-0.042346,-0.054014,-0.045114999999999995,-0.043992,-0.023292999999999998,-0.04673,-0.044312,-0.023988,-0.032223,-0.034792000000000003,-0.075796,-0.024285,0.006034,-0.017287,-0.004604,-0.035037,0.022865000000000003,0.025649,0.018739,0.003629,0.023881
2024-02-29,0.067644,0.009891,0.04383,0.045707000000000005,0.11740199999999999,0.042195,0.043509,0.05867,0.05437,0.061673,0.022138,0.036965,0.03819,0.057034,0.064612,0.018988,0.055242000000000006,0.05516600000000001,0.085967,0.07858,0.027867000000000003,0.043003,0.055264,0.054752999999999996,0.190119
2024-03-31,0.023060999999999998,0.023340999999999997,0.01295,0.032603,0.031253,0.012783,0.033819,0.028534,0.023895,0.029251999999999997,0.021648,0.044689,0.035276,0.055155,0.046571999999999995,0.039826,0.03834,0.050732,0.059085,0.076471,0.028073999999999998,0.036759,0.04511999999999999,-0.0036509999999999997,0.062210999999999995
2024-04-30,-0.059726,-0.06805,-0.05864899999999999,-0.099702,-0.10283099999999999,-0.066928,-0.065795,-0.055293,-0.061246,-0.073553,-0.045146,-0.048440000000000004,-0.058434999999999994,-0.091897,-0.100149,-0.040237999999999996,-0.052057,-0.058422,-0.067348,-0.087956,-0.022465000000000002,-0.038286,-0.046985,-0.047117000000000006,-0.029759999999999998
2024-05-31,0.040681,0.031987,0.074687,0.045301999999999995,0.05008,0.05317,0.028435000000000002,0.05659,0.047626999999999996,0.033385,0.026198000000000003,0.072142,0.056832,0.053015999999999994,0.057972,0.026711,0.028634,0.051304999999999996,0.022386,0.025082,0.029293999999999997,0.037953,0.017615000000000002,0.07120599999999999,0.167185
2024-06-30,-0.019403999999999998,-0.008212,-0.016101,-0.038006000000000005,-0.060475,-0.006146,-0.001172,-0.027329,-0.037064,-0.023749,0.003176,-0.00949,-0.002337,-0.009497,-0.02827,-0.010762,-0.010637,-0.031671,-0.005273,-0.025297999999999998,0.008572999999999999,0.039946999999999996,0.032658,0.050044000000000005,0.10511100000000001
2024-07-31,0.099793,0.137709,0.135219,0.139988,0.129441,0.11844400000000001,0.114305,0.10229300000000001,0.085534,0.108449,0.07577,0.08798500000000001,0.08116899999999999,0.08299899999999999,0.067364,0.053404,0.062645,0.06539299999999999,0.056694,0.0393,0.031803,-0.012047,0.031333,-0.024693999999999997,0.06402999999999999
2024-08-31,-0.026726999999999997,-0.013052,-0.009113,-0.027044000000000002,-0.046483,-0.01569,0.004632,-0.007029,-0.032363,-0.026851,0.028398,-0.006595999999999999,-0.012039,-0.018767,-0.040587,0.04872,0.008497,0.017749,-0.004215,0.001975,0.056025,0.0070869999999999995,0.020072999999999997,0.029126,-0.034511
2024-09-30,-0.004243,-0.011492,0.010868,0.0038529999999999997,-0.00018999999999999998,-0.0061070000000000004,0.01016,-0.005656,0.011401,-0.0007199999999999999,0.037634,-0.001786,-0.000205,0.014119999999999999,0.051514,0.025441,0.016685000000000002,0.023578,0.023997,0.022650999999999998,0.00035999999999999997,0.025691000000000002,0.011441,0.036354000000000004,0.128766
2024-10-31,0.008327,-0.005547,-0.01351,0.017707,-0.002968,-0.017752,0.005673,-0.012816000000000001,-0.023092,-0.011902,-0.010347,-0.004333,-0.03084,-0.0058189999999999995,-0.026082,0.002625,-0.006690000000000001,-0.012048000000000001,-0.012035,-0.016966000000000002,-0.024110999999999997,-0.010327,-0.012683999999999999,0.031301,-0.004192
2024-11-30,0.08256999999999999,0.13711700000000002,0.098883,0.071102,0.099908,0.106577,0.111905,0.122371,0.15140800000000001,0.119328,0.07632900000000001,0.103825,0.094169,0.115802,0.141008,0.064233,0.081382,0.07786,0.081326,0.15632,0.02767,0.063416,0.074913,0.04921299999999999,0.310567
2024-12-31,-0.036834,-0.033962,-0.06709,-0.049550000000000004,-0.079346,-0.06417500000000001,-0.08083,-0.075583,-0.082716,-0.083665,-0.068425,-0.080226,-0.06941,-0.08378000000000001,-0.107238,-0.064413,-0.072438,-0.066002,-0.063748,-0.081494,-0.06521300000000001,-0.006914,-0.025356999999999998,-0.003009,0.054894
2025-01-31,-0.010628,0.000977,0.007476,0.037081,0.012393000000000001,0.035325999999999996,0.016086,0.025417000000000002,0.0431,0.013379,0.02527,0.01918,0.041983,0.059394999999999996,0.054908,0.034022000000000004,0.04425,0.048437,0.038835,0.087011,0.043051000000000006,0.045812,0.017753,0.005469000000000001,0.034769999999999995
2025-02-28,-0.049326,-0.0264,-0.047257,-0.051345999999999996,-0.08422800000000001,-0.03863,-0.035593,-0.069602,-0.11584799999999999,-0.08490700000000001,-0.017693,-0.030689,-0.049768,-0.047552000000000004,-0.080496,0.0029170000000000003,-0.023918,-0.051989,-0.070483,-0.052948,0.047997,-0.040401999999999993,-0.0061329999999999996,-0.023212,-0.166735
2025-03-31,-0.078322,-0.08431100000000001,-0.08184,-0.112038,-0.111037,-0.029932,-0.061873,-0.074924,-0.09529299999999999,-0.121351,-0.001101,-0.050892,-0.073433,-0.095844,-0.081837,0.006733,-0.041186,-0.049097,-0.079469,-0.122186,-0.003836,-0.056082,-0.067218,-0.11612600000000001,-0.09264900000000001
2025-04-30,-0.000388,-0.013477,-0.028206000000000002,-0.013789000000000001,-0.0015010000000000002,0.002441,-0.008294000000000001,-0.046908000000000005,-0.023927,-0.040765,-0.006691,-0.027271,-0.036406999999999995,-0.036979000000000005,-0.029322,-0.001176,-0.024718,-0.035809,-0.041334,0.000252,-0.018527000000000002,0.006422,-0.025325,0.007023000000000001,0.110418
2025-05-31,0.022381,0.045316999999999996,0.061534000000000005,0.059265,0.104239,0.032783,0.031312,0.07153,0.107416,0.054538,0.014027000000000001,0.026833999999999997,0.06525500000000001,0.07683,0.053419999999999995,0.013505,0.04274,0.07228799999999999,0.076096,0.099372,-0.022668,0.08120100000000001,0.030964000000000002,0.16612300000000002,0.16325800000000001
2025-06-30,0.048278999999999996,0.061465,0.039462000000000004,0.09566100000000001,0.068166,0.0030380000000000003,0.068749,0.034382,0.082744,0.11390800000000001,0.029378,0.023018999999999998,0.052688,0.050755,0.053072999999999995,-0.002363,0.024035,0.051918,0.04264300000000001,0.096308,0.005868,0.05556,0.038274,0.127202,0.00154
2025-07-31,0.003229,0.007396000000000001,0.010955999999999999,-0.004221,0.047874,-0.003757,0.011977999999999999,0.015943,0.017053,0.023651,-0.012448999999999998,0.0038569999999999998,0.017053,0.026812,0.057744,-0.014136,-0.002301,0.023103,0.037023,0.048541,-0.009842,0.018228,0.01684,0.029739,0.078942
2025-08-31,0.091608,0.086248,0.101626,0.073438,0.113362,0.08909700000000001,0.0799,0.109266,0.09208,0.06978,0.038502999999999996,0.044544,0.065907,0.077218,0.072917,0.010494000000000002,0.034233,0.020604,0.044587,0.041796,0.0335,0.012855,0.047388000000000007,0.005523,-0.016905
2025-09-30,0.018722000000000003,0.004885,0.011113999999999999,0.050997,0.062445,0.00104,-0.020749,-0.004319,0.024338000000000002,0.027191999999999997,-0.001092,-0.010794999999999999,-0.015442,-0.000431,0.07352,0.012924999999999999,0.000726,0.003816,0.014414,-0.027818,0.017539,0.028445,0.02365,0.057209,0.102102
2025-10-31,0.007912,-0.022229000000000002,0.032885,-0.013635999999999999,0.025939,-0.007135,-0.005467,-0.006325,-0.0035989999999999998,0.05742,-0.033192,-0.02073,-0.023472,-0.002668,0.052794999999999995,-0.02657,0.001441,0.015186,-0.004634,0.0395,-0.011727000000000001,0.018358,0.042599,0.037725,0.047655
2025-11-30,0.038626999999999995,0.04153,0.042289,0.0016309999999999999,0.009034,0.033878,0.001557,0.023482,0.035962,0.019544,0.048091,0.022652000000000002,0.039674,0.040975000000000004,-0.023637000000000002,0.040168,0.009675,0.013106,0.023999000000000003,-0.0069310000000000005,0.062142,0.022514,-0.002007,-0.001478,-0.091749
2025-12-31,-0.0030120000000000004,0.040049,0.010924,0.015235,-0.00757,-0.004929,0.030116,0.02511,-0.0027700000000000003,0.004798,-0.006177,-0.006507,-0.001008,0.007069,-0.023782,-0.024827,-0.011840999999999999,0.009288999999999999,0.014997,0.05722000000000001,-0.008199,-0.017991,-0.001083,-0.005721,0.039193
2026-01-31,0.039838,0.039037,0.095524,0.023109,0.030421999999999998,0.077935,0.07119500000000001,0.066538,0.053367000000000005,0.036878,0.01867,0.046991,0.046287,0.05269599999999999,0.085695,0.035768,0.047198000000000004,0.024359000000000002,0.050267,0.021349999999999997,0.051097000000000004,-0.015184,-0.003405,0.0070599999999999994,0.015697000000000003
2026-02-28,0.038767,0.014211,-0.008624,0.0226,-0.01595,0.001389,0.011802,0.025093,0.0071460000000000004,0.00547,0.016535,0.019774,0.026059000000000002,0.063704,-0.011124,0.027715999999999998,0.011203000000000001,0.071633,0.030619,-0.008476000000000001,0.070212,-0.034311,-0.015534,-0.025439,-0.067101
2026-03-31,-0.024349,-0.003184,-0.018848,-0.048935000000000006,-0.030747,0.008596,-0.01883,-0.049505999999999994,-0.00634,-0.053785,-0.026993,-0.045097,-0.055848,-0.07093200000000001,-0.07932,-0.036039,-0.042468000000000006,-0.054993,-0.065137,-0.068176,-0.037649,-0.06112599999999999,-0.045737,-0.05739,-0.041912000000000005
2026-04-30,0.06750600000000001,0.093298,0.054971,0.101259,0.137877,0.05051,0.125964,0.10477299999999999,0.122309,0.177899,0.044551999999999994,0.092989,0.060118,0.125416,0.22108799999999998,0.016904,0.024706000000000002,0.090818,0.12957000000000002,0.123293,-0.004223,0.115733,0.126153,0.17082,0.13657
2026-05-31,0.012971,0.027822,0.038134,0.004424,0.063406,0.0028970000000000003,-0.0065249999999999996,0.055519,0.0646,0.09457700000000001,0.001813,-0.013306,0.021217,0.003643,0.054983000000000004,-0.019333,-0.005850999999999999,0.02875,0.064848,0.09187799999999999,-0.016954,0.020828000000000003,0.072216,0.11739699999999999,0.09970000000000001
