,SMALL LoBM,ME1 BM2,SMALL HiBM,BIG LoBM,ME2 BM2,BIG HiBM
1926-07-31,0.010866,0.008807,-0.001275,0.055746000000000004,0.01906,0.020068000000000003
1926-08-31,0.007831,0.014677,0.054422,0.027268,0.027028,0.056833999999999996
1926-09-30,-0.028045,-0.000599,-0.004399,0.014777,0.000954,-0.007872
1926-10-31,-0.040289,-0.043615,-0.020128,-0.036327,-0.023451,-0.04003999999999999
1926-11-30,0.032971,0.036237,0.020877,0.03212,0.029346,0.031964
1926-12-31,0.025644999999999998,0.017773,0.0327,0.029011,0.02621,0.023073
1927-01-31,-0.008099,-0.002885,0.039875,-0.002624,0.00034,0.04092
1927-02-28,0.039809000000000004,0.063754,0.064416,0.05021200000000001,0.035906,0.079905
1927-03-31,-0.022271,-0.010076,-0.031143999999999998,0.012856000000000001,0.002556,-0.025905
1927-04-30,-0.013838999999999999,0.008706,0.034837,0.030757,-0.007711,-0.004894
1927-05-31,0.054624,0.033109,0.134556,0.054126,0.051422999999999996,0.070141
1927-06-30,-0.017162999999999998,0.013233,-0.04089,-0.009667,-0.030032999999999997,-0.020282
1927-07-31,0.042603999999999996,0.052595,0.040180999999999994,0.09271499999999999,0.068071,0.072634
1927-08-31,0.024876,-0.023003,0.007332,0.04005499999999999,0.011524000000000001,-0.019351
1927-09-30,0.022005,0.022366999999999998,0.0037140000000000003,0.052451,0.044202000000000005,0.059339
1927-10-31,-0.002054,-0.021686,-0.060934999999999996,-0.035692,-0.043578,-0.06628300000000001
1927-11-30,0.10282400000000001,0.079528,0.104641,0.069718,0.067451,0.066385
1927-12-31,0.056729,0.02665,0.024533999999999997,0.025009999999999998,0.018708,0.034734
1928-01-31,0.031432,0.026831999999999998,0.036043,-0.0044069999999999995,-0.004021,-0.023184
1928-02-29,-0.048779,-0.017699,-0.041262999999999994,-0.006750000000000001,-0.012169000000000001,-0.027041
1928-03-31,0.069742,0.086296,0.09443099999999999,0.12362999999999999,0.061449,0.076792
1928-04-30,0.050263999999999996,0.107789,0.099758,0.029356,0.059428,0.044954
1928-05-31,0.066955,0.019725,0.026118000000000002,0.025703999999999998,-0.000445,0.0064990000000000004
1928-06-30,-0.091736,-0.085169,-0.06799000000000001,-0.036356,-0.041275000000000006,-0.054462
1928-07-31,-0.004122,-0.003806,-0.009736,0.013622,0.001242,0.008343
1928-08-31,0.061265,0.050112,0.037666,0.08759399999999999,0.054024,0.06862700000000001
1928-09-30,0.057391,0.044691,0.061849,0.030057,0.019523,0.042356
1928-10-31,0.06843300000000001,0.031403,0.016662999999999997,0.013103,0.013999999999999999,0.022058
1928-11-30,0.08669299999999999,0.11145899999999999,0.121856,0.111696,0.133449,0.129533
1928-12-31,0.006750000000000001,-0.007061,-0.005797,0.009715,0.00025,0.011951
1929-01-31,0.002541,0.019011,0.017793,0.065315,0.048674999999999996,0.025744
1929-02-28,0.007411999999999999,0.011291,0.003953,-0.005723000000000001,0.007548,0.030872999999999998
1929-03-31,-0.062168,-0.033714,-0.043437,-0.013904000000000001,0.023222999999999997,-0.001211
1929-04-30,-0.006478,0.027887,0.007306,0.023256000000000002,0.010882000000000001,0.028092000000000002
1929-05-31,-0.102271,-0.094383,-0.128944,-0.058502,-0.041635,-0.062167
1929-06-30,0.06898900000000001,0.09538600000000001,0.06456,0.124699,0.093942,0.074366
1929-07-31,-0.000599,-0.0050539999999999995,0.038676,0.036533,0.061852,0.050609
1929-08-31,-0.011158999999999999,-0.0069759999999999996,-0.0048070000000000005,0.072212,0.125055,0.07216700000000001
1929-09-30,-0.039326,-0.042674000000000004,-0.036070000000000005,-0.044757,-0.049772,-0.063774
1929-10-31,-0.22997900000000002,-0.19647099999999998,-0.21221800000000002,-0.238688,-0.145837,-0.105728
1929-11-30,-0.146084,-0.09579700000000001,-0.10966100000000001,-0.142521,-0.104563,-0.077931
1929-12-31,-0.027372,-0.031726000000000004,-0.011822,0.032379,0.005554,0.014058
1930-01-31,0.060309,0.095193,0.084726,0.073577,0.033456,0.028546000000000002
1930-02-28,0.017589,0.010717,0.045687,0.034688,0.018817,0.012148
1930-03-31,0.086803,0.11331200000000001,0.10687300000000001,0.067576,0.084208,0.053549
1930-04-30,-0.07096,-0.012542,-0.034819,-0.02338,-0.01762,-0.066843
1930-05-31,-0.03614,-0.026937000000000003,-0.029869,0.007015,-0.022797,-0.014025000000000001
1930-06-30,-0.179836,-0.164522,-0.190393,-0.176952,-0.131636,-0.11840099999999999
1930-07-31,0.065234,0.036400999999999996,0.025703,0.047126,0.035511,0.052714
1930-08-31,-0.037811,-0.016347,-0.02321,0.010212,-0.006697,-0.016172
1930-09-30,-0.13787000000000002,-0.147431,-0.195014,-0.126858,-0.109676,-0.17158400000000001
1930-10-31,-0.10483700000000001,-0.077113,-0.104086,-0.09232699999999999,-0.072966,-0.114885
1930-11-30,0.006914,-0.02831,-0.025025,-0.021625000000000002,-0.032636,-0.06596099999999999
1930-12-31,-0.108555,-0.10967700000000001,-0.17843499999999998,-0.06082,-0.09107699999999999,-0.10479100000000001
1931-01-31,0.098496,0.114123,0.16164,0.045259,0.077855,0.146935
1931-02-28,0.132071,0.115674,0.170097,0.125498,0.068881,0.12003899999999999
1931-03-31,-0.049114000000000005,-0.029493000000000002,-0.072163,-0.048312,-0.098107,-0.089363
1931-04-30,-0.124275,-0.13974399999999998,-0.181804,-0.088757,-0.112722,-0.117804
1931-05-31,-0.096738,-0.08763199999999999,-0.13716,-0.114137,-0.16404699999999997,-0.199965
1931-06-30,0.102668,0.079061,0.213688,0.130888,0.16105599999999998,0.253831
1931-07-31,-0.08559,-0.08973,-0.057544000000000005,-0.051825,-0.101981,-0.12384600000000001
1931-08-31,-0.015999,-0.011533,-0.037563,0.013018,-0.016208,0.000541
1931-09-30,-0.27741299999999997,-0.32001199999999996,-0.353242,-0.282664,-0.285717,-0.35166400000000003
1931-10-31,0.042645,0.116926,0.081969,0.095099,0.036458,0.11824299999999999
1931-11-30,-0.076486,-0.071299,-0.095721,-0.061082,-0.168822,-0.145672
1931-12-31,-0.138714,-0.16728200000000001,-0.23201,-0.11645200000000001,-0.18842199999999998,-0.206907
1932-01-31,0.025019,0.039818,0.119357,-0.034061,0.019521,0.066353
1932-02-29,-0.022855,0.023695,0.015241,0.071009,0.016751000000000002,0.003533
1932-03-31,-0.10878399999999999,-0.121287,-0.10778,-0.10281900000000001,-0.151175,-0.147818
1932-04-30,-0.196671,-0.172167,-0.16078800000000001,-0.181535,-0.20011099999999998,-0.175944
1932-05-31,-0.159978,-0.247686,-0.178429,-0.192931,-0.263287,-0.25604099999999996
1932-06-30,0.008523,0.060415,0.019074999999999998,-0.017908999999999998,0.005231,0.088621
1932-07-31,0.315733,0.36161099999999996,0.631226,0.28253900000000004,0.477219,0.6774859999999999
1932-08-31,0.462827,0.559767,0.833873,0.313977,0.511783,0.6269899999999999
1932-09-30,-0.016408,-0.049854,-0.124547,-0.01039,-0.066252,-0.049713
1932-10-31,-0.158101,-0.195717,-0.24138400000000002,-0.107579,-0.17603200000000002,-0.23378900000000002
1932-11-30,-0.006699,-0.082902,-0.135787,-0.027318,-0.09089499999999999,-0.16194
1932-12-31,-0.067798,-0.042416999999999996,-0.103743,0.068149,0.013583000000000001,-0.046780999999999996
1933-01-31,0.050108,0.017647,0.08045,-0.00019099999999999998,0.027764999999999998,0.098765
1933-02-28,-0.17389,-0.187834,-0.20861999999999997,-0.150058,-0.16784,-0.17365200000000003
1933-03-31,0.06812299999999999,0.062287,0.154219,0.0095,0.101819,0.065204
1933-04-30,0.40779400000000005,0.550767,0.569113,0.33685699999999996,0.522845,0.577461
1933-05-31,0.595683,0.612364,0.723588,0.17027699999999998,0.267011,0.41566699999999995
1933-06-30,0.32715000000000005,0.235369,0.185855,0.114087,0.152261,0.222653
1933-07-31,-0.141822,-0.12906700000000002,-0.07230299999999999,-0.088686,-0.1305,-0.09220800000000001
1933-08-31,0.10569,0.10784700000000001,0.08411300000000001,0.106043,0.157659,0.188615
1933-09-30,-0.076533,-0.141547,-0.20887599999999998,-0.092015,-0.12367,-0.19387000000000001
1933-10-31,-0.085144,-0.12296099999999999,-0.140569,-0.063139,-0.106053,-0.17744800000000002
1933-11-30,0.044638,0.05074,0.061167,0.098065,0.122751,0.12692399999999998
1933-12-31,0.050006,0.036664,-0.0023,0.020984,0.019147,0.033523
1934-01-31,0.215284,0.293172,0.39663800000000005,0.098831,0.16849799999999998,0.241475
1934-02-28,-0.002803,0.012724,0.048487999999999996,-0.023977,-0.031133,-0.038113
1934-03-31,0.04546,0.020762999999999997,-0.000115,-7.3e-05,-0.001257,-0.0062039999999999994
1934-04-30,0.031184,-0.018616,-0.017047,-0.017839,-0.022223000000000003,-0.046231999999999995
1934-05-31,-0.07388499999999999,-0.100323,-0.120918,-0.064137,-0.086543,-0.135106
1934-06-30,0.037446,-0.001019,-0.021893,0.026293999999999998,0.025084,0.028634
1934-07-31,-0.180458,-0.21858699999999998,-0.246948,-0.08321999999999999,-0.117435,-0.231877
1934-08-31,0.10924099999999999,0.10460000000000001,0.115686,0.060711,0.04452,0.057691
1934-09-30,-0.009105,-0.0063490000000000005,-0.03484,-0.002585,-0.00179,-0.00105
1934-10-31,-0.009454,-0.018207,-0.039834999999999995,-0.004122,-0.026579000000000002,-0.073683
1934-11-30,0.174233,0.155321,0.127483,0.10256,0.049943,0.10657299999999999
1934-12-31,0.049397,0.023358,0.016042,0.007547000000000001,0.005328,-0.022372
1935-01-31,-0.055571,-0.035011,-0.030465,-0.030128,-0.02903,-0.09058999999999999
1935-02-28,-0.03727,-0.048076999999999995,-0.063227,-0.008698000000000001,-0.017076,-0.132262
1935-03-31,-0.059444,-0.07174699999999999,-0.113386,-0.030811,-0.033274,-0.077499
1935-04-30,0.06724000000000001,0.091812,0.105543,0.08160099999999999,0.099742,0.130598
1935-05-31,-0.022606,0.022542,0.018154,0.031254,0.043322,0.039559000000000004
1935-06-30,0.055938,0.060267999999999995,0.00839,0.063747,0.05606900000000001,0.08081300000000001
1935-07-31,0.095111,0.132494,0.133415,0.071893,0.063232,0.165222
1935-08-31,0.036266,0.083004,0.145514,0.023022,0.021973,0.03955
1935-09-30,0.050702,0.055138999999999994,0.004703,0.046782000000000004,0.006686999999999999,0.010452
1935-10-31,0.110823,0.10654400000000001,0.069368,0.066053,0.079845,0.060823
1935-11-30,0.068488,0.104071,0.197932,0.030299,0.056031000000000004,0.14476699999999998
1935-12-31,0.058212,0.101247,0.017938,0.029772,0.058162000000000005,0.08661300000000001
1936-01-31,0.106847,0.07737,0.235566,0.032972,0.09539099999999999,0.12333
1936-02-29,0.023171,0.06537899999999999,0.056394,0.019178,0.028034,0.07264999999999999
1936-03-31,0.002298,0.023986,0.008801,0.026070000000000003,0.000482,-0.012306
1936-04-30,-0.141272,-0.140963,-0.155268,-0.071374,-0.083511,-0.102999
1936-05-31,0.050607,0.055381,0.087363,0.050582,0.05112,0.064847
1936-06-30,-0.021454,-0.003281,-0.011536999999999999,0.036373,0.021446,0.0025919999999999997
1936-07-31,0.106157,0.07579799999999999,0.09373100000000001,0.059185999999999996,0.062245999999999996,0.122299
1936-08-31,0.006503999999999999,0.023874,0.041958999999999996,0.002938,0.007745999999999999,0.043380999999999996
1936-09-30,0.02206,0.050395,0.044691999999999996,0.008289999999999999,0.010643,0.004526
1936-10-31,0.037236,0.065239,0.065179,0.063806,0.088091,0.086113
1936-11-30,0.108582,0.09058899999999999,0.122081,0.033668000000000003,0.031551,-0.004836
1936-12-31,0.02116,0.034612,0.07517299999999999,-0.018442,0.023054,0.010334000000000001
1937-01-31,0.072397,0.074778,0.101026,0.036264,0.01398,0.063189
1937-02-28,0.032507,0.016143,0.046089000000000005,-0.002105,0.007914,0.06987
1937-03-31,-0.029743,6.3e-05,0.033096,-0.017393000000000002,-0.0021709999999999998,0.060555000000000005
1937-04-30,-0.101352,-0.11649,-0.131058,-0.068244,-0.061222000000000006,-0.107727
1937-05-31,-0.004307,-0.009621,-0.041210000000000004,0.0024909999999999997,-0.007169999999999999,-0.029875
1937-06-30,-0.076608,-0.07782,-0.10614699999999999,-0.041623,-0.02718,-0.074491
1937-07-31,0.10952500000000001,0.09041,0.107982,0.092041,0.07965900000000001,0.109747
1937-08-31,-0.046529999999999995,-0.050176,-0.055971,-0.042376,-0.04601,-0.07785700000000001
1937-09-30,-0.20895600000000003,-0.21107199999999998,-0.230745,-0.12368,-0.124198,-0.192962
1937-10-31,-0.10792199999999999,-0.101158,-0.09735900000000001,-0.10176600000000001,-0.075623,-0.142683
1937-11-30,-0.115043,-0.12074,-0.117428,-0.087911,-0.077134,-0.08122299999999999
1937-12-31,-0.143487,-0.10706099999999999,-0.126143,-0.041614000000000005,-0.029243,-0.06833
1938-01-31,0.049665,0.060542,0.038517,0.013080000000000001,-0.0032400000000000003,-0.006399
1938-02-28,0.084216,0.057327,0.048697,0.063953,0.053849,0.060154
1938-03-31,-0.301064,-0.291408,-0.304414,-0.236453,-0.22554400000000002,-0.305784
1938-04-30,0.21895299999999998,0.206654,0.208018,0.138643,0.14436,0.158651
1938-05-31,-0.07475,-0.077358,-0.055145,-0.03583,-0.036945,-0.060246
1938-06-30,0.312331,0.306919,0.276313,0.257849,0.209969,0.30119399999999996
1938-07-31,0.13411199999999998,0.144927,0.15514,0.06773,0.073491,0.09222200000000001
1938-08-31,-0.045955,-0.051147,-0.094011,-0.004286,-0.060541,-0.051819
1938-09-30,-0.017235,-0.024939,-0.027807,0.013736,0.006392,-0.00966
1938-10-31,0.14066900000000002,0.14758100000000002,0.169041,0.069341,0.07196,0.141787
1938-11-30,-0.051989,-0.026745,-0.058897000000000005,-0.011594,-0.02069,-0.028723000000000002
1938-12-31,0.060307000000000006,0.03743,0.015146,0.032891,0.045426,0.088779
1939-01-31,-0.080522,-0.089263,-0.10144399999999999,-0.052736,-0.062209,-0.110153
1939-02-28,0.039053,0.050704,0.062924,0.034364,0.031004999999999998,0.06895
1939-03-31,-0.178458,-0.185273,-0.22862300000000002,-0.09852499999999999,-0.13736,-0.213839
1939-04-30,-0.004844,0.001331,0.019784,-0.001303,-0.0005870000000000001,-0.031957
1939-05-31,0.113132,0.090429,0.098728,0.069006,0.056399,0.092792
1939-06-30,-0.068685,-0.079239,-0.106791,-0.044128,-0.066245,-0.111578
1939-07-31,0.157596,0.166937,0.136007,0.113239,0.084513,0.137348
1939-08-31,-0.122845,-0.12009299999999999,-0.126408,-0.063263,-0.059285,-0.10902799999999999
1939-09-30,0.38682099999999997,0.393323,0.549803,0.135846,0.169098,0.408037
1939-10-31,0.002302,-0.005695,-0.050122,0.00033099999999999997,-0.008229,-0.043089
1939-11-30,-0.08143800000000001,-0.094215,-0.137537,-0.026436,-0.036875,-0.09629
1939-12-31,0.061182999999999994,0.030125000000000002,0.002893,0.035602,0.020978,0.010133000000000001
1940-01-31,-0.042286000000000004,-0.021320000000000002,-0.027816,-0.021582,-0.025225,-0.051493000000000004
1940-02-29,0.041007999999999996,0.043868,0.031487,0.012448999999999998,0.013389999999999999,0.014857
1940-03-31,0.04689,0.028567,0.022809,0.023791000000000003,0.014582,0.022559999999999997
1940-04-30,0.049238,0.032242,0.04086700000000001,-0.0012850000000000001,0.0012280000000000001,0.0026579999999999998
1940-05-31,-0.276797,-0.275193,-0.324369,-0.22115600000000002,-0.20874199999999998,-0.24793600000000002
1940-06-30,0.038806,0.050073999999999994,0.07979599999999999,0.049671,0.08226800000000001,0.106333
1940-07-31,0.047274000000000004,0.046641,0.033197000000000004,0.033885,0.030495,0.033044
1940-08-31,0.020525,0.030652,0.01874,0.022197,0.018047999999999998,0.034977999999999995
1940-09-30,0.053788,0.044405,0.051994,0.031575,0.012086,0.010578
1940-10-31,0.042102,0.058212,0.062991,0.008955999999999999,0.06356200000000001,0.081008
1940-11-30,0.011169,0.005214,0.002185,-0.019549,-0.013814,-0.007351
1940-12-31,-0.009348,-0.013356,-0.023194,0.005886,0.010039,0.001915
1941-01-31,-0.044615,-0.026882000000000003,-0.003185,-0.050398,-0.03851,-0.015269999999999999
1941-02-28,-0.034701,-0.017819,-0.028938000000000002,-0.015848,-0.014844999999999999,-0.003844
1941-03-31,0.005101,0.01111,0.03777,0.005411,0.012100999999999999,0.033749
1941-04-30,-0.075588,-0.053561,-0.052124,-0.065024,-0.045728,-0.020337
1941-05-31,0.017473000000000002,0.0070350000000000005,0.015397000000000001,0.009382,0.0262,0.023589000000000002
1941-06-30,0.041120000000000004,0.061834,0.084665,0.061765999999999995,0.056163,0.030390999999999998
1941-07-31,0.10442,0.103034,0.185092,0.037275,0.081813,0.101336
1941-08-31,-0.011569000000000001,-0.021665,-0.003921,0.006964000000000001,-0.008511,-0.022669
1941-09-30,-0.030743999999999997,-0.017865,-0.019575,-0.00015,-0.022063000000000003,-0.016697
1941-10-31,-0.058864,-0.063353,-0.060599999999999994,-0.061003999999999996,-0.033058000000000004,-0.026595
1941-11-30,-0.010166,-0.041029,-0.027573,-0.022947000000000002,-0.005866,-0.017488
1941-12-31,-0.054901,-0.080349,-0.127114,-0.046851000000000004,-0.036309,-0.093434
1942-01-31,0.06711700000000001,0.105357,0.144644,-0.017947,0.005173,0.106456
1942-02-28,0.005336,-0.011038,-0.016886,-0.023,-0.027974000000000002,-0.023738000000000002
1942-03-31,-0.047763,-0.034602,-0.057168000000000004,-0.058442999999999995,-0.075737,-0.061333
1942-04-30,-0.06184,-0.033645,-0.037306,-0.045901,-0.045034,-0.028613
1942-05-31,0.0014030000000000002,0.016947,0.016402,0.07476200000000001,0.04947,0.006438
1942-06-30,0.010027999999999999,0.013963000000000001,0.021428,0.030369999999999998,0.025938,0.027638
1942-07-31,0.051702000000000005,0.037522,0.05147,0.02686,0.043109,0.075374
1942-08-31,0.022484999999999998,0.0274,0.024946000000000003,0.017237,0.017384,0.041308
1942-09-30,0.021965,0.027703000000000002,0.059938000000000005,0.026277,0.02841,0.036122
1942-10-31,0.08291499999999999,0.075413,0.145034,0.053163,0.078904,0.12053900000000001
1942-11-30,-0.011175,-0.022616999999999998,-0.040445,0.010818000000000001,0.002149,-0.044600999999999995
1942-12-31,0.02597,0.039924,0.026111,0.049052,0.05950999999999999,0.059985
1943-01-31,0.11735,0.13846,0.238295,0.053493000000000006,0.08038000000000001,0.09711700000000001
1943-02-28,0.108744,0.092322,0.174933,0.048184,0.070225,0.112328
1943-03-31,0.10971,0.11830299999999999,0.149968,0.041503,0.071573,0.111044
1943-04-30,-0.009483,0.027049,0.081682,-0.001034,0.012478,0.025099999999999997
1943-05-31,0.088514,0.091103,0.132962,0.050294,0.057217000000000004,0.071352
1943-06-30,-0.0028000000000000004,0.010438000000000001,0.00418,0.021711,0.019591,-0.000172
1943-07-31,-0.051276999999999996,-0.067909,-0.08905099999999999,-0.047679,-0.036771,-0.054549
1943-08-31,0.003461,0.00038199999999999996,0.007072,0.015066,0.013007999999999999,0.0021279999999999997
1943-09-30,0.029559000000000002,0.030689,0.054039000000000004,0.022011,0.027425,0.025910000000000002
1943-10-31,-0.0070220000000000005,-0.003307,0.00825,-0.014437,-0.009562000000000001,0.003929
1943-11-30,-0.07067,-0.079847,-0.104323,-0.047714999999999994,-0.066076,-0.09391500000000001
1943-12-31,0.072611,0.106602,0.11410500000000001,0.057228,0.06951500000000001,0.07371699999999999
1944-01-31,0.049585,0.046723,0.054614,0.007826999999999999,0.016214,0.048693
1944-02-29,0.013605,0.009574000000000001,0.007064,0.000547,0.007890000000000001,0.024061
1944-03-31,0.020084,0.036982,0.074552,0.022054,0.025657,0.034509
1944-04-30,-0.01989,-0.028702000000000002,-0.039171,-0.013978999999999998,-0.018764,-0.015816
1944-05-31,0.05819,0.07252399999999999,0.07059599999999999,0.046226,0.050258000000000004,0.054497
1944-06-30,0.094222,0.097507,0.107165,0.049468,0.051982999999999994,0.074249
1944-07-31,0.002066,-0.010253000000000002,-0.014416,-0.01661,-0.014813,-0.008528
1944-08-31,0.04573000000000001,0.043705999999999995,0.019162,0.013611,0.012525,0.011378
1944-09-30,0.015879,-0.00061,-0.002286,0.003377,-0.00252,-0.002382
1944-10-31,0.0018559999999999998,0.005492,-0.005163999999999999,-0.0006619999999999999,0.008398,-0.0008699999999999999
1944-11-30,0.009604,0.029643000000000003,0.037232,0.011655,0.022605,0.031652
1944-12-31,0.060185,0.069037,0.105409,0.025205,0.045209,0.09742
1945-01-31,0.054093,0.050069,0.041166,0.007429,0.030379999999999997,0.034039
1945-02-28,0.066638,0.08784800000000001,0.107095,0.051535000000000004,0.06155,0.099773
1945-03-31,-0.046907,-0.063369,-0.062843,-0.032049,-0.043822,-0.047571
1945-04-30,0.07929599999999999,0.090881,0.100659,0.067617,0.08032,0.108404
1945-05-31,0.028195,0.02214,0.040736,0.020171,0.010506999999999999,0.014366
1945-06-30,0.030388000000000002,0.025204,0.06855800000000001,-0.012107000000000001,0.007128,0.035046
1945-07-31,-0.030619999999999998,-0.035636,-0.054585999999999996,-0.014279,-0.018197,-0.044962999999999996
1945-08-31,0.077805,0.078394,0.049048,0.086172,0.044106,0.026993
1945-09-30,0.066887,0.067832,0.064483,0.045624000000000005,0.044044,0.057316000000000006
1945-10-31,0.060465,0.066566,0.072211,0.023634,0.049965999999999997,0.054782000000000004
1945-11-30,0.09346600000000001,0.097554,0.115432,0.028851,0.058262999999999995,0.093854
1945-12-31,0.04157,0.031176,0.016274999999999998,0.017715,0.011301,-0.0048980000000000004
1946-01-31,0.0958,0.088686,0.123686,0.060922000000000004,0.049246,0.078636
1946-02-28,-0.062379,-0.067445,-0.072977,-0.058929,-0.049578,-0.073809
1946-03-31,0.06527,0.059433999999999994,0.058097,0.051724,0.070368,0.051563
1946-04-30,0.043681,0.079173,0.063892,0.037607,0.051605,0.026499
1946-05-31,0.067436,0.051192,0.057632,0.031905,0.036146,0.063692
1946-06-30,-0.046967,-0.051542000000000004,-0.060013,-0.044173,-0.026192000000000003,-0.041657
1946-07-31,-0.048254,-0.033704,-0.050492,-0.027271999999999998,-0.023849999999999996,-0.02405
1946-08-31,-0.08507400000000001,-0.08331899999999999,-0.073792,-0.06346,-0.062171000000000004,-0.062692
1946-09-30,-0.139771,-0.13542400000000002,-0.1586,-0.09782400000000001,-0.084836,-0.118352
1946-10-31,-0.031806,-0.008270999999999999,0.007456000000000001,-0.025005000000000003,-0.017424,0.004682
1946-11-30,-0.015773,-0.006057,0.014119999999999999,-0.002302,0.0074329999999999995,-0.001681
1946-12-31,0.057141000000000004,0.045301,0.042294,0.052864,0.05239099999999999,0.039581
1947-01-31,0.045316,0.02472,0.032543,0.021741999999999997,-0.00489,0.019776000000000002
1947-02-28,-0.012764,-0.005775,0.008545,0.000512,-0.013389999999999999,-0.017978
1947-03-31,-0.033614000000000005,-0.034124,-0.023887000000000002,-0.017947,-0.010147999999999999,-0.015455000000000002
1947-04-30,-0.093474,-0.079568,-0.08111499999999999,-0.051354,-0.036808,-0.046801
1947-05-31,-0.052168,-0.03993,-0.036018,-0.011080000000000001,0.001931,-0.02073
1947-06-30,0.04327,0.052885,0.049714,0.064627,0.045842,0.04533
1947-07-31,0.052348,0.06415,0.070361,0.035325999999999996,0.034834000000000004,0.072605
1947-08-31,-0.018599,-0.015161,-0.011958,-0.018535,-0.014539999999999999,-0.022446999999999998
1947-09-30,0.004057,0.0032619999999999997,0.026265999999999998,-0.006802,-0.0065439999999999995,-0.0017480000000000002
1947-10-31,0.035379999999999995,0.0332,0.029493000000000002,0.02234,0.029731999999999998,0.030514
1947-11-30,-0.044789,-0.033645,-0.026336,-0.020979,-0.015045,-0.017997
1947-12-31,0.0017410000000000001,0.014258,0.030711,0.020131,0.034832999999999996,0.065953
1948-01-31,-0.017516,-0.024568,-0.001732,-0.045551,-0.040164,-0.033686
1948-02-29,-0.059922,-0.06345200000000001,-0.058434,-0.046696999999999995,-0.036891,-0.04718
1948-03-31,0.064489,0.08345599999999999,0.122751,0.078751,0.077329,0.110961
1948-04-30,0.012901000000000001,0.028521,0.046936,0.022742,0.043714,0.071082
1948-05-31,0.09348699999999999,0.08651999999999999,0.07484,0.085319,0.064887,0.078488
1948-06-30,-0.028715,-0.015719,0.004793,-0.006267,0.00314,0.017023999999999997
1948-07-31,-0.05054,-0.05273,-0.054885,-0.05014300000000001,-0.053079999999999995,-0.043639000000000004
1948-08-31,-0.012218,-0.005946,-0.003453,0.008772,-0.002083,0.0057269999999999995
1948-09-30,-0.02993,-0.042361,-0.055319,-0.027440000000000003,-0.024533,-0.03748
1948-10-31,0.040663,0.046534000000000006,0.053933,0.06433,0.058476999999999994,0.062679
1948-11-30,-0.097141,-0.09769299999999999,-0.12964900000000001,-0.08395899999999999,-0.08762600000000001,-0.134466
1948-12-31,0.013549,-0.000168,0.001041,0.049416,0.027548,0.022911
1949-01-31,0.01236,0.017426,0.029759999999999998,0.0056359999999999995,-0.010699,0.013242
1949-02-28,-0.054086999999999996,-0.03863,-0.056183,-0.024873,-0.027384,-0.040524
1949-03-31,0.064098,0.055416999999999994,0.08213200000000001,0.042392000000000006,0.034230000000000003,0.050549
1949-04-30,-0.016771,-0.030567999999999998,-0.033768,-0.020767,-0.006625,-0.026201
1949-05-31,-0.038553000000000004,-0.037355,-0.051369,-0.018894,-0.031136,-0.053824
1949-06-30,-0.013796999999999999,-0.011758,-0.011177,0.01114,0.0024490000000000002,-0.024517999999999998
1949-07-31,0.065036,0.0721,0.057431,0.052455,0.057591,0.06793
1949-08-31,0.032664,0.035375000000000004,0.019547000000000002,0.02714,0.02774,0.028538
1949-09-30,0.054263000000000006,0.04183,0.041666,0.0265,0.036122999999999995,0.043629
1949-10-31,0.050879,0.034831,0.040979999999999996,0.032666,0.030462,0.032686
1949-11-30,0.004619,0.010043,0.002029,0.029435,0.0014119999999999998,0.014005
1949-12-31,0.069542,0.065529,0.088106,0.053362,0.038029,0.06949
1950-01-31,0.072353,0.046096000000000005,0.047005,0.008641,0.019504999999999998,0.036973
1950-02-28,0.016398,0.019763,0.005672,0.015688999999999998,0.01476,0.010674
1950-03-31,0.024262000000000002,-0.01122,-0.019726999999999998,0.019209,0.009314,0.0075509999999999996
1950-04-30,0.058185,0.053616000000000004,0.075064,0.043502,0.030150999999999997,0.053261
1950-05-31,0.01611,0.027977,0.030334,0.046373,0.050482,0.041455
1950-06-30,-0.070893,-0.078905,-0.091003,-0.054535,-0.063675,-0.050161
1950-07-31,0.0075780000000000005,0.034082,0.115659,-0.034707,0.04473099999999999,0.13095299999999999
1950-08-31,0.04364899999999999,0.0555,0.051254,0.06085,0.041506,0.025836
1950-09-30,0.060137,0.049131999999999995,0.050281,0.057853,0.038328,0.045621999999999996
1950-10-31,-0.004631,-0.002401,0.0006900000000000001,-0.001759,-0.0050360000000000005,0.02019
1950-11-30,0.00394,0.020855000000000002,0.048664,0.023395000000000003,0.034248,0.04239
1950-12-31,0.052478,0.07386999999999999,0.125626,0.03356,0.066713,0.10589900000000001
1951-01-31,0.066023,0.070184,0.10649800000000001,0.051634,0.054114,0.086861
1951-02-28,0.016273,0.013077,-0.000477,0.022425,0.018708,-0.016558
1951-03-31,-0.014236,-0.032729,-0.056857,-0.007158,-0.026985000000000002,-0.049783999999999995
1951-04-30,0.022402000000000002,0.037996,0.063858,0.044177,0.056734,0.067872
1951-05-31,-0.01849,-0.025975,-0.034954,-0.023456,-0.018334,-0.035315
1951-06-30,-0.039263,-0.047921,-0.072689,-0.022005,-0.010781,-0.068166
1951-07-31,0.053423,0.050826,0.066166,0.067122,0.070471,0.094439
1951-08-31,0.059829,0.053992000000000005,0.04961,0.042366,0.043327,0.049224
1951-09-30,0.023562,0.028746,0.027764,0.005823,0.004341,0.014004
1951-10-31,-0.020349,-0.016174,-0.034192,-0.038022,-0.005082,-0.020565000000000003
1951-11-30,0.004588,0.004421,0.0034289999999999998,0.007901,0.006886,0.007533
1951-12-31,0.011452,0.009521,0.006856999999999999,0.042582,0.036143999999999996,0.01621
1952-01-31,0.016917,0.017977,0.013001,0.004234,0.025346999999999998,0.037746
1952-02-29,-0.020064000000000002,-0.019791,-0.019498,-0.021831999999999997,-0.028173,-0.034862000000000004
1952-03-31,0.012062999999999999,0.022878,0.034195,0.043741,0.048364000000000004,0.06623899999999999
1952-04-30,-0.048106,-0.048376,-0.040038,-0.046551,-0.049311999999999995,-0.055278
1952-05-31,0.023145,0.020797,0.02686,0.037919,0.028353000000000003,0.034591
1952-06-30,0.016633,0.028718,0.033681,0.039070999999999995,0.041916,0.046821
1952-07-31,0.009719,0.015582,-0.001708,0.011602,0.007794,0.016611
1952-08-31,0.000305,0.009561,0.0030159999999999996,-0.008904,-0.002839,-0.009747
1952-09-30,0.0016569999999999998,-0.008292,-0.021209,-0.018295,-0.018554,-0.023841
1952-10-31,-0.007403999999999999,-0.016217,-0.019806,-0.005755,-0.002476,-0.004277
1952-11-30,0.055141,0.056034,0.060728,0.062137000000000005,0.054563,0.07692
1952-12-31,0.019093,0.017291,0.017248,0.031456,0.030327000000000003,0.037136999999999996
1953-01-31,0.037919999999999995,0.035491,0.038294,-0.009687,-0.000407,0.015486999999999999
1953-02-28,0.013244,0.023139,0.018288,-0.001994,-0.001726,-0.008067
1953-03-31,-0.017443,-0.017565,-0.020104,-0.01175,-0.011351,-0.025814
1953-04-30,-0.030896,-0.023119,-0.011389,-0.030063,-0.024693,-0.018563
1953-05-31,0.007048,0.009122,0.007181999999999999,0.008497,0.00306,0.013392
1953-06-30,-0.032410999999999995,-0.033262,-0.039993,-0.016149,-0.014286,-0.018499
1953-07-31,0.008844999999999999,0.015194000000000001,0.014679,0.029823,0.021197,0.018937
1953-08-31,-0.032989000000000004,-0.053061,-0.063057,-0.04011,-0.039511,-0.080486
1953-09-30,0.000388,-0.008465,-0.022839,0.009000000000000001,0.001935,-0.016498
1953-10-31,0.031414,0.036652,0.031846,0.05082,0.043314000000000005,0.046586999999999996
1953-11-30,0.015305,0.021947,0.012851,0.033669,0.022275999999999997,0.033186
1953-12-31,0.002561,-0.012758,-0.027507,0.005274999999999999,0.00362,-0.02122
1954-01-31,0.047365000000000004,0.066216,0.08252100000000001,0.044649999999999995,0.057898,0.078529
1954-02-28,0.010853999999999999,0.015035,0.014458,0.01657,0.021633,0.007611
1954-03-31,0.026404999999999998,0.031324,0.022403,0.042504,0.035156,0.017585
1954-04-30,-0.00251,0.022955,0.0030919999999999997,0.053109,0.034379,0.040039
1954-05-31,0.039857000000000004,0.042457,0.050968,0.028676,0.026322,0.066566
1954-06-30,0.005721,0.018091,0.013935999999999999,0.018471,-0.002761,0.010679000000000001
1954-07-31,0.055532000000000005,0.069121,0.091171,0.042809999999999994,0.051508000000000005,0.089957
1954-08-31,-0.001209,0.001163,-0.009026,-0.02981,-0.009301,-0.050424
1954-09-30,0.02902,0.046638,0.046729,0.068858,0.065665,0.064698
1954-10-31,0.0059570000000000005,-0.010104,-0.007163,-0.022645,-0.010206,0.0033710000000000003
1954-11-30,0.070907,0.08940899999999999,0.09677899999999999,0.09603300000000001,0.081619,0.159077
1954-12-31,0.075423,0.09498699999999999,0.114234,0.042809,0.058892,0.11760999999999999
1955-01-31,0.015823,0.012331000000000002,0.023035999999999997,0.000789,0.0076890000000000005,0.035531
1955-02-28,0.038063,0.054204999999999996,0.046612,0.030644,0.027519000000000002,0.034232
1955-03-31,-0.006681,-0.002664,0.006744,-0.002809,-0.002617,0.022309000000000002
1955-04-30,0.014852,0.011079,0.02644,0.040879000000000006,0.019726,0.044279
1955-05-31,0.005724,0.004721,0.004079999999999999,0.019506,0.000639,0.002003
1955-06-30,0.021097,0.033747,0.035391,0.065873,0.074156,0.088486
1955-07-31,-0.017317,0.010499000000000001,0.01286,0.026292,0.011897,0.0039429999999999995
1955-08-31,-0.001312,0.005963,0.002711,0.0034939999999999997,0.0032719999999999997,0.014502
1955-09-30,-0.00695,-0.004605000000000001,-0.0036320000000000002,0.00048800000000000004,-0.0015040000000000001,-0.023113
1955-10-31,-0.015444,-0.007834,-0.012904,-0.028098,-0.019188,-0.032843
1955-11-30,0.060346000000000004,0.048625,0.052582000000000004,0.083088,0.047001999999999995,0.09742200000000001
1955-12-31,0.030961,0.022514,0.025678999999999997,0.019823999999999998,0.016893000000000002,-0.017065999999999998
1956-01-31,-0.020825,-0.020222000000000004,-0.017124,-0.036255,-0.013413999999999999,-0.023513000000000003
1956-02-29,0.019985,0.037970000000000004,0.023854,0.047728,0.02842,0.034671
1956-03-31,0.034551,0.03795,0.051534,0.078736,0.057141000000000004,0.052002
1956-04-30,0.01097,0.008756,0.000713,0.001051,0.012256,0.008139
1956-05-31,-0.033841,-0.040952,-0.04502,-0.051311,-0.046932,-0.066455
1956-06-30,0.009535,0.024786000000000002,0.013007,0.042987000000000004,0.032585,0.017546
1956-07-31,0.033512,0.034429,0.034197000000000005,0.051018999999999995,0.052857,0.048836000000000004
1956-08-31,-0.00272,-0.009429,-0.021297,-0.035417000000000004,-0.023399,-0.031393
1956-09-30,-0.034015,-0.029597000000000002,-0.021457999999999998,-0.059288999999999994,-0.036913,-0.036841
1956-10-31,0.011856,0.00843,0.004204,0.00697,0.007679,0.013295999999999999
1956-11-30,-0.003135,0.0018479999999999998,0.022151999999999998,-0.00419,0.02551,0.0057350000000000005
1956-12-31,0.043289,0.02117,0.021707999999999998,0.038224,0.031838000000000005,0.016779
1957-01-31,-0.007956999999999999,0.001475,0.020537,-0.044457,-0.026654,-0.016363000000000003
1957-02-28,-0.029455,-0.032271,-0.027225000000000003,-0.015245,-0.020537999999999997,-0.030667
1957-03-31,0.023716,0.026244,0.022856,0.026934,0.018734,0.017198
1957-04-30,0.022168,0.024021,0.022715,0.056063,0.033894,0.026025999999999997
1957-05-31,0.028681,0.012552,0.017595,0.04753,0.02549,0.018322
1957-06-30,0.001675,-0.011859,0.007265000000000001,-0.001211,-0.012078,-0.00737
1957-07-31,-0.007451,0.007903,0.004311,0.012814,0.005363,0.010727
1957-08-31,-0.04932,-0.044188,-0.052108999999999996,-0.0546,-0.032002,-0.060774999999999996
1957-09-30,-0.071456,-0.049250999999999996,-0.050233,-0.06337,-0.043828,-0.065635
1957-10-31,-0.080383,-0.055522,-0.08271699999999998,-0.037758,-0.033965,-0.073007
1957-11-30,0.033195999999999996,0.014161,0.011036999999999998,0.031114000000000003,0.020259,-0.004917
1957-12-31,-0.043739999999999994,-0.046622000000000004,-0.058956999999999996,-0.039245999999999996,-0.02351,-0.059175000000000005
1958-01-31,0.11923299999999999,0.10482100000000001,0.11926,0.034055,0.059897,0.120748
1958-02-28,-0.014295,-0.0053490000000000005,-0.0049,-0.018268,-0.005772,-0.02298
1958-03-31,0.05173,0.038067000000000004,0.031120000000000002,0.034091,0.031889,0.034131999999999996
1958-04-30,0.028818999999999997,0.01762,0.043078000000000005,0.033339,0.024988999999999997,0.051912
1958-05-31,0.063718,0.042179,0.042900999999999995,0.020635,0.025891,0.037436
1958-06-30,0.022594,0.032602,0.029522,0.031429,0.026815000000000002,0.030725
1958-07-31,0.042323000000000006,0.060132000000000005,0.07137299999999999,0.043815,0.03964,0.07613500000000001
1958-08-31,0.043388,0.030233,0.031805,0.017176,0.018313,0.035333
1958-09-30,0.055380000000000006,0.042893999999999995,0.077016,0.047469000000000004,0.043418,0.081884
1958-10-31,0.0683,0.027454,0.030314999999999998,0.026066,0.027216,0.041393000000000006
1958-11-30,0.076768,0.043315,0.041107,0.033186,0.021085,0.045423
1958-12-31,0.027082000000000002,0.032688,0.038486,0.049797,0.069546,0.039504000000000004
1959-01-31,0.04472400000000001,0.051567,0.056119,-0.00626,0.027377,0.040763
1959-02-28,0.023988999999999996,0.03618,0.028742999999999998,0.004534,0.017254000000000002,0.022696
1959-03-31,0.016056,0.01546,0.017344,0.0073089999999999995,-0.001105,-0.000856
1959-04-30,0.037761,0.03284,0.021065,0.047060000000000005,0.026107,0.038914
1959-05-31,-0.014146,0.0069099999999999995,0.013418000000000001,0.027579,0.0057079999999999995,0.035977999999999996
1959-06-30,0.017358,0.005167000000000001,0.018411,-0.003896,0.003294,0.021452
1959-07-31,0.022532,0.027951,0.035657999999999995,0.039852,0.024571,0.032171
1959-08-31,-0.018758999999999998,-0.012355,-0.019732,-0.013595999999999999,-0.009977,-0.003828
1959-09-30,-0.054641999999999996,-0.044877,-0.041067,-0.050282999999999994,-0.032440000000000004,-0.053288
1959-10-31,0.041454000000000005,0.025048,0.01262,0.01443,0.017835,0.0012909999999999998
1959-11-30,0.038799,0.019870000000000002,0.006321,0.030137999999999998,-0.001149,-0.0017230000000000001
1959-12-31,0.033291,0.023719999999999998,0.021183,0.029796,0.025761,0.041683000000000005
1960-01-31,-0.05671,-0.032002,-0.029912,-0.08209899999999999,-0.044029,-0.055994999999999996
1960-02-29,0.021814,0.014144,0.006531,0.013039,0.022519,-0.011001
1960-03-31,-0.024870999999999997,-0.024744000000000002,-0.037505000000000004,-0.008751,-0.010802,-0.051081
1960-04-30,-0.001426,-0.021431,-0.029735,-0.01567,-0.013495,-0.030157
1960-05-31,0.05431,0.017044,0.025542,0.043028000000000004,0.017825,-0.002741
1960-06-30,0.023469000000000004,0.023723,0.015629,0.025663000000000002,0.017605,0.028026
1960-07-31,-0.033725,-0.019048,-0.013578,-0.034771,-0.0030559999999999997,-0.012865999999999999
1960-08-31,0.041818,0.029688,0.04176,0.027448999999999998,0.041077,0.023995000000000002
1960-09-30,-0.07782700000000001,-0.058929,-0.06002,-0.067423,-0.043990999999999995,-0.051613
1960-10-31,-0.06759,-0.023492000000000002,-0.027753,-0.006142,-0.000732,0.010631
1960-11-30,0.064125,0.049686,0.031169,0.054218,0.040117,0.039295
1960-12-31,0.040564,0.034707,0.024009999999999997,0.035766,0.074107,0.03685
1961-01-31,0.073844,0.077374,0.094694,0.049055999999999995,0.077749,0.101146
1961-02-28,0.07717500000000001,0.06310299999999999,0.07453599999999999,0.040544000000000004,0.025942,0.031543
1961-03-31,0.073005,0.04956000000000001,0.057396,0.021722,0.040797999999999994,0.020958
1961-04-30,0.010820000000000001,0.0010680000000000002,0.024131999999999997,-0.0031709999999999998,0.010950999999999999,0.02619
1961-05-31,0.035504,0.049767,0.04819,0.032001,0.015404,0.026933
1961-06-30,-0.059249,-0.044657,-0.05499,-0.022794,-0.032423,-0.028933
1961-07-31,-0.005536999999999999,0.011961,0.013108,0.031606,0.034805,0.011441
1961-08-31,0.007984,0.004452,0.010979000000000001,0.032050999999999996,0.019496,0.023023
1961-09-30,-0.04701399999999999,-0.03159,-0.033095,-0.011776,-0.029945,-0.037816999999999996
1961-10-31,0.008735,0.032675,0.003761,0.022671,0.03975,0.031155
1961-11-30,0.064999,0.057222999999999996,0.047247000000000004,0.048698,0.040834,0.042138
1961-12-31,-0.012824,0.003117,0.002718,-0.002078,0.003529,0.017513
1962-01-31,-0.026042,-0.008648,0.022050999999999998,-0.04991399999999999,-0.019095,0.004148
1962-02-28,0.007017,0.007291,0.017914,0.018515999999999998,0.024104999999999998,0.023992
1962-03-31,0.008064,-0.010910999999999999,-0.005626,-0.003795,-0.002799,-0.021644
1962-04-30,-0.066124,-0.072681,-0.069474,-0.066591,-0.055773,-0.060474
1962-05-31,-0.121417,-0.09884499999999999,-0.09511599999999999,-0.090849,-0.067954,-0.062506
1962-06-30,-0.095206,-0.073782,-0.070971,-0.090497,-0.06946,-0.066289
1962-07-31,0.089276,0.058220999999999995,0.065771,0.078512,0.054400000000000004,0.034693999999999996
1962-08-31,0.04508,0.035109,0.025209000000000002,0.027477,0.016269,0.024923
1962-09-30,-0.08093,-0.070601,-0.061043,-0.050221,-0.046708,-0.043562000000000003
1962-10-31,-0.049002,-0.032883,-0.020426000000000003,0.005731000000000001,0.0073089999999999995,0.003097
1962-11-30,0.149429,0.136021,0.141414,0.113848,0.099163,0.138959
1962-12-31,-0.035065,-0.014726,-0.021185,0.015453,0.018482000000000002,0.008024
1963-01-31,0.07581,0.08135999999999999,0.097775,0.049516,0.042924,0.072259
1963-02-28,-0.026088,-0.014815,-0.001251,-0.027908,-0.018397,-0.009741999999999999
1963-03-31,-0.000719,0.017317,0.024628999999999998,0.034044,0.033754,0.050761
1963-04-30,0.03716,0.028260999999999998,0.049078,0.049798,0.044684,0.057866999999999995
1963-05-31,0.017325999999999998,0.032423,0.054099,0.022559,0.01194,0.036865999999999996
1963-06-30,-0.011741,-0.019731000000000002,-0.019054,-0.023231,-0.014691000000000001,-0.003017
1963-07-31,-0.010784,-0.006851,-0.011211,-0.000442,0.004928,-0.016215
1963-08-31,0.044536,0.044942,0.057901999999999995,0.054111,0.046924,0.074788
1963-09-30,-0.028511,-0.005305,-0.020329,-0.010686,-0.017131,-0.018902000000000002
1963-10-31,0.009896,0.017372000000000002,0.027197,0.038506,0.012648,0.02044
1963-11-30,-0.028797000000000003,-0.012667999999999999,-0.003645,-0.0025679999999999995,-0.014638,0.00687
1963-12-31,0.0048920000000000005,0.005314999999999999,0.001904,0.020555,0.030876999999999998,0.019346000000000002
1964-01-31,0.006532,0.026379,0.039788000000000004,0.026598999999999998,0.027212,0.026018
1964-02-29,0.015733,0.021454,0.041725000000000005,0.014331,0.01662,0.044486
1964-03-31,0.006067,0.040404,0.051458000000000004,0.009127,0.030691000000000003,0.029608
1964-04-30,-0.017676,-0.002647,-0.014492,0.004142,0.011479999999999999,-0.009934
1964-05-31,0.009883999999999999,0.011774,0.020565000000000003,0.015112,0.011573,0.040629
1964-06-30,0.013012,0.013129,0.020238999999999997,0.016815,0.013286,0.023183
1964-07-31,0.015142,0.030164,0.026349,0.019125,0.023249,0.023638
1964-08-31,-0.014869,-0.004012,-0.012892999999999998,-0.013657999999999998,-0.004338,-0.014187
1964-09-30,0.033759000000000004,0.028978,0.03579,0.023215,0.038639,0.055555
1964-10-31,0.010985,0.015774,0.0232,0.004878,0.016456,0.014164000000000001
1964-11-30,-0.001618,-0.003408,-9.400000000000001e-05,0.005339,0.007853,-0.036933
1964-12-31,0.0036170000000000004,-0.008321,-0.014480999999999999,0.010934999999999999,-0.0034549999999999997,-0.019547000000000002
1965-01-31,0.070052,0.058545999999999994,0.065866,0.034309,0.037336,0.045749000000000005
1965-02-28,0.037257,0.034014,0.041917,0.002045,0.00997,0.0018709999999999998
1965-03-31,0.008857,0.007378,0.015125999999999999,-0.013081,-0.012674000000000001,0.003563
1965-04-30,0.031225,0.043997,0.05284900000000001,0.036104,0.028531,0.02913
1965-05-31,-0.00212,-0.008596,-0.013247,-0.002865,0.001087,-0.022809
1965-06-30,-0.09699400000000001,-0.088537,-0.086234,-0.042723000000000004,-0.058004,-0.048961
1965-07-31,0.025334,0.030779,0.041223,0.013372,0.016739,0.041335
1965-08-31,0.06643399999999999,0.050613,0.050617,0.029026999999999997,0.028005,0.025164
1965-09-30,0.038913,0.038055,0.03803,0.037838,0.022156,0.035956
1965-10-31,0.059604,0.054374000000000006,0.063737,0.028073999999999998,0.019263,0.054895
1965-11-30,0.040949,0.048026,0.047077999999999995,-0.000145,-0.0013059999999999999,-0.0030719999999999996
1965-12-31,0.038022,0.033468,0.048627000000000004,0.008434,0.008897,0.040744999999999996
1966-01-31,0.047106,0.056545,0.069166,-0.001726,0.012234,0.04156
1966-02-28,0.037479,0.031552,0.034164,-0.016328,-0.008175,-0.005483
1966-03-31,-0.0046289999999999994,-0.029401,-0.022547,-0.015523,-0.026787000000000002,-0.040116
1966-04-30,0.056228,0.046937,0.058245,0.0246,0.018167,0.015436
1966-05-31,-0.099766,-0.099048,-0.10346899999999999,-0.042183,-0.051393,-0.07056
1966-06-30,0.008043,0.000828,-0.00046499999999999997,-0.019959,-0.000631,-0.001592
1966-07-31,-0.020652,-0.016936,-0.0072440000000000004,-0.016456,-0.006162999999999999,-0.011729
1966-08-31,-0.11203099999999999,-0.098123,-0.1048,-0.07687000000000001,-0.066209,-0.074174
1966-09-30,-0.019427,-0.009419,-0.014492,-0.009897,0.0018709999999999998,-0.005135999999999999
1966-10-31,-0.037612,-0.0020050000000000003,-0.001552,0.033203,0.071579,0.051994
1966-11-30,0.073896,0.045781999999999996,0.024075000000000003,0.03701,-0.009596,-0.005803
1966-12-31,0.030727,0.026393,0.00978,-0.003527,0.014124000000000001,-0.001647
1967-01-31,0.175,0.162115,0.175248,0.079305,0.063675,0.126311
1967-02-28,0.047384,0.028553000000000002,0.031173000000000003,0.019903999999999998,-0.0033150000000000002,-0.009038000000000001
1967-03-31,0.057716,0.064834,0.055800999999999996,0.043231,0.036505,0.054592999999999996
1967-04-30,0.051691,0.037493,0.034539,0.060058999999999994,0.018277,0.031409
1967-05-31,-0.012308,-0.01138,-0.022946,-0.049616,-0.037345,-0.023006000000000002
1967-06-30,0.095485,0.081428,0.08011900000000001,0.014827,0.020306,0.046287
1967-07-31,0.070144,0.076606,0.103417,0.049164000000000006,0.034985,0.070885
1967-08-31,-0.0035849999999999996,0.008239999999999999,0.0046029999999999995,-0.007614999999999999,-0.008884,0.012894000000000001
1967-09-30,0.068482,0.052778,0.046460999999999995,0.038066,0.027685,0.010663
1967-10-31,-0.008464000000000001,-0.02175,-0.034128,-0.015177000000000001,-0.038105,-0.055293999999999996
1967-11-30,0.013016000000000002,0.013498000000000001,-0.008761,0.01091,0.003106,-0.0015199999999999999
1967-12-31,0.11076000000000001,0.071251,0.08099600000000001,0.021509,0.032511,0.040436
1968-01-31,-0.014443999999999999,0.01015,0.035254,-0.061535,-0.012848,-0.014218999999999999
1968-02-29,-0.07453800000000001,-0.05045,-0.050256999999999996,-0.033098,-0.021211,-0.032694
1968-03-31,-0.006566,-0.011987000000000001,-0.005195,0.018349,-0.007517,0.004386999999999999
1968-04-30,0.17203,0.14159,0.13232,0.10230299999999999,0.05388899999999999,0.12001300000000001
1968-05-31,0.096111,0.08171300000000001,0.08706799999999999,0.024704999999999998,0.001316,0.050147000000000004
1968-06-30,-0.002192,0.013129,0.015001,-0.00018999999999999998,0.035925,-0.004214
1968-07-31,-0.05579100000000001,-0.02336,0.002387,-0.044986,0.003414,0.003067
1968-08-31,0.039372,0.034985,0.047453,0.011209,0.015192,0.022902
1968-09-30,0.074276,0.069435,0.064462,0.0333,0.043653000000000004,0.049121
1968-10-31,-0.004651,0.019625999999999998,0.013378000000000001,-0.006294999999999999,0.017584,0.032117
1968-11-30,0.086591,0.08125,0.067665,0.055016999999999996,0.05559,0.054801
1968-12-31,0.002958,-0.006352,-0.010388999999999999,-0.048701999999999995,-0.031388,-0.034582
1969-01-31,-0.01813,-0.006714,-0.007167,-0.018163,0.0008649999999999999,0.004066
1969-02-28,-0.104341,-0.08115399999999999,-0.076269,-0.039756,-0.053175999999999994,-0.050061
1969-03-31,0.030078999999999998,0.021414,0.032525,0.038852000000000005,0.026086,0.027974000000000002
1969-04-30,0.008519,0.019577999999999998,0.012622,0.032361,0.0040360000000000005,0.028665
1969-05-31,-0.0034029999999999998,0.009868,-0.001112,-0.0010630000000000001,0.007037,0.008987
1969-06-30,-0.121333,-0.112844,-0.10970200000000001,-0.034809,-0.080417,-0.06839
1969-07-31,-0.111039,-0.094817,-0.07434400000000001,-0.047369,-0.075112,-0.060549
1969-08-31,0.072298,0.051082999999999996,0.038287,0.067271,0.043951000000000004,0.026247
1969-09-30,-0.005075,-0.019572,-0.027652,-0.005788,-0.035858,-0.047592999999999996
1969-10-31,0.10918900000000001,0.082086,0.07268,0.063162,0.046032000000000003,0.037293
1969-11-30,-0.054085,-0.052725,-0.06457399999999999,-0.020798999999999998,-0.038604,-0.035404
1969-12-31,-0.050332,-0.057899000000000006,-0.063597,0.000957,-0.018911999999999998,-0.043404
1970-01-31,-0.061189999999999994,-0.052378999999999995,-0.022612,-0.081225,-0.08590400000000001,-0.056376
1970-02-28,0.031332,0.033259,0.062483000000000004,0.038468,0.07932,0.08103099999999999
1970-03-31,-0.051181000000000004,-0.011613,0.001912,-0.017497,0.014835000000000001,0.010941000000000001
1970-04-30,-0.205866,-0.141097,-0.11290599999999999,-0.105185,-0.095277,-0.07524499999999999
1970-05-31,-0.111968,-0.106643,-0.081599,-0.078079,-0.041822,-0.042038
1970-06-30,-0.084624,-0.073005,-0.06096599999999999,-0.054648,-0.032065,-0.069444
1970-07-31,0.07600900000000001,0.068173,0.06770999999999999,0.052095,0.09735200000000001,0.078919
1970-08-31,0.059733999999999995,0.070202,0.069145,0.041277999999999995,0.053330999999999996,0.060043
1970-09-30,0.168853,0.108909,0.09448499999999999,0.07208,0.003396,0.038323
1970-10-31,-0.067366,-0.068429,-0.041177,-0.006876,-0.016173,-0.028877
1970-11-30,0.0061070000000000004,0.019428,0.026305000000000002,0.05115,0.057231,0.062493999999999994
1970-12-31,0.07728600000000001,0.095535,0.092411,0.053878,0.067221,0.059481
1971-01-31,0.105157,0.1249,0.127744,0.046544,0.03804,0.054949000000000005
1971-02-28,0.044411,0.035878,0.022959,0.023794,0.0032990000000000003,0.020495
1971-03-31,0.088217,0.052385,0.046852,0.058269,0.030629,0.020599
1971-04-30,0.030524,0.037367,0.034681000000000003,0.039175,0.025903,0.05212
1971-05-31,-0.042497999999999994,-0.054984000000000005,-0.050099,-0.027565,-0.042314,-0.046635
1971-06-30,0.003787,-0.016784,-0.023642,0.011374,-0.001359,-0.0006519999999999999
1971-07-31,-0.066666,-0.044398,-0.059488000000000006,-0.041153,-0.035239,-0.048762
1971-08-31,0.042821,0.038395,0.065203,0.055123,0.012490000000000001,0.085525
1971-09-30,0.008682,-0.007415000000000001,-0.020369,0.003627,-0.012378,-0.025415
1971-10-31,-0.058838999999999995,-0.044408,-0.065731,-0.039093,-0.034824,-0.042468000000000006
1971-11-30,-0.028834,-0.023151,-0.039833,0.008591999999999999,-0.003687,-0.01375
1971-12-31,0.133624,0.112042,0.12131399999999999,0.089618,0.084382,0.09430300000000001
1972-01-31,0.086325,0.067593,0.10347200000000001,0.026616,0.003862,0.05180799999999999
1972-02-29,0.047326,0.031466,0.026373999999999998,0.04548,0.010310999999999999,0.009779
1972-03-31,0.015146999999999999,-0.0013189999999999999,-0.004566,0.021903000000000002,-0.01347,0.009447
1972-04-30,0.007213000000000001,0.012655000000000001,0.004767,0.007902,0.0011279999999999999,0.01095
1972-05-31,-0.017976000000000002,-0.013673,-0.026749000000000002,0.029773,0.008921,-0.015792999999999998
1972-06-30,-0.034529000000000004,-0.027896,-0.031227,-0.011009,-0.027757,-0.063415
1972-07-31,-0.050627000000000005,-0.032555,-0.021147999999999997,0.005999,-0.011980999999999999,-0.011403000000000002
1972-08-31,-0.0071189999999999995,0.020069,0.026006,0.014822,0.071002,0.072848
1972-09-30,-0.034613,-0.026983,-0.031779,-0.004824999999999999,-0.010831,0.00223
1972-10-31,-0.024754,-0.001652,-0.011508000000000001,0.005195,0.022452,0.016365
1972-11-30,0.033696000000000004,0.058644999999999996,0.06421299999999999,0.029712000000000002,0.065362,0.096824
1972-12-31,-0.011952,-0.010595,-0.02305,0.026573000000000003,-0.007756999999999999,-0.005879
1973-01-31,-0.079277,-0.051443,-0.036643,-0.026154999999999998,-0.021762,-0.014835000000000001
1973-02-28,-0.11028700000000001,-0.077139,-0.058529,-0.030411,-0.049468,-0.049468
1973-03-31,-0.038854,-0.026734,-0.012461,-0.012343999999999999,0.005188000000000001,0.012586
1973-04-30,-0.111053,-0.054610000000000006,-0.049989,-0.060704,-0.025566,-0.014048
1973-05-31,-0.106267,-0.071378,-0.074077,-0.008945999999999999,-0.021204,-0.033559
1973-06-30,-0.049775,-0.029712000000000002,-0.027099,-0.009063,-0.003392,-0.008851
1973-07-31,0.18178999999999998,0.102754,0.09044600000000001,0.064384,0.022492,0.050494000000000004
1973-08-31,-0.038426,-0.052504,-0.040413,-0.032312,-0.029384,-0.009651999999999999
1973-09-30,0.109434,0.09791,0.08532999999999999,0.022663000000000003,0.090833,0.091182
1973-10-31,-0.023955999999999998,0.0033689999999999996,0.008955999999999999,-0.001583,-0.0023899999999999998,-0.001381
1973-11-30,-0.226556,-0.178695,-0.16146999999999997,-0.12515,-0.10170799999999999,-0.108406
1973-12-31,-0.023681,-0.021644,-0.014542,-0.011959,0.055086,0.059099000000000006
1974-01-31,0.074197,0.101518,0.13800700000000002,-0.010261,-0.011467,0.044962999999999996
1974-02-28,0.001669,0.003378,0.019282,-0.010438000000000001,0.013597999999999999,0.021275
1974-03-31,-0.0038090000000000003,-0.006451,0.004541,-0.017336,-0.034865,-0.028484
1974-04-30,-0.063167,-0.057432,-0.035822,-0.033933,-0.059104000000000004,-0.042846
1974-05-31,-0.070813,-0.080273,-0.068872,-0.01854,-0.051364,-0.062025
1974-06-30,-0.031851,-0.027772,-0.011415,-0.021270999999999998,-0.017611,-0.025072
1974-07-31,-0.068251,-0.043072,-0.030638000000000002,-0.09349600000000001,-0.043872999999999995,-0.027951999999999998
1974-08-31,-0.096579,-0.08023999999999999,-0.073743,-0.101001,-0.05734,-0.071624
1974-09-30,-0.11676399999999999,-0.070948,-0.0746,-0.138172,-0.060391,-0.07179
1974-10-31,0.144362,0.07659099999999999,0.08010400000000001,0.21259499999999998,0.112576,0.078664
1974-11-30,-0.050358,-0.042701,-0.055914,-0.039956,-0.034661,-0.039329
1974-12-31,-0.072059,-0.054000000000000006,-0.076126,-0.032718,-0.0010789999999999999,-0.026158999999999998
1975-01-31,0.24692699999999998,0.268467,0.305559,0.10623300000000001,0.17000800000000002,0.21285900000000002
1975-02-28,0.06586,0.032107000000000004,0.037207,0.08189,0.028329,0.021208
1975-03-31,0.077282,0.06837399999999999,0.08348599999999999,0.029382000000000002,0.015549,0.07162099999999999
1975-04-30,0.06488100000000001,0.031836,0.031393,0.057642,0.021301999999999998,0.06843
1975-05-31,0.103515,0.06847400000000001,0.069734,0.056547,0.058055,0.009294
1975-06-30,0.069483,0.074912,0.063207,0.043053999999999995,0.064093,0.076289
1975-07-31,-0.030758999999999998,-0.023811,-0.025385,-0.074936,-0.039609,-0.045165
1975-08-31,-0.045938999999999994,-0.041967,-0.065818,-0.021825,-0.016563,-0.020231
1975-09-30,-0.040241,-0.034718,-0.035464999999999997,-0.039909,-0.027641,-0.038006000000000005
1975-10-31,0.012306999999999998,0.034808,0.019756,0.06539299999999999,0.059074,0.064873
1975-11-30,0.012244999999999999,0.023824,0.037761,0.030085999999999998,0.035123,0.045205999999999996
1975-12-31,-0.015071000000000001,-0.006979999999999999,-0.008652,-0.017914,0.0036009999999999996,0.009618999999999999
1976-01-31,0.14940799999999999,0.184909,0.24850999999999998,0.108865,0.145447,0.18232500000000001
1976-02-29,0.06732199999999999,0.07241500000000001,0.121275,-0.013276,0.018355,0.046947
1976-03-31,0.012982,0.014893,0.018129,0.029765,0.028987,0.022458
1976-04-30,-0.009775,-0.009496,-0.013028,-0.016301,0.002741,-0.016198
1976-05-31,-0.008056,-0.020652,-0.034759000000000005,-0.006308,-0.015961,-0.005373
1976-06-30,0.039233,0.036858,0.038534,0.043638,0.051583,0.05888499999999999
1976-07-31,-0.011407,0.006987999999999999,0.007177,-0.012292,0.002731,0.003888
1976-08-31,-0.035274,-0.013635,-0.014108,-0.003794,0.011531,-0.009193
1976-09-30,0.036379999999999996,0.025782,0.023287,0.022029,0.031971,0.028948
1976-10-31,-0.027837999999999998,-0.015562,-0.021394000000000003,-0.023628999999999997,-0.011843,-0.033530000000000004
1976-11-30,0.03616,0.033145,0.03903,-0.007207,0.024666999999999998,0.020543999999999996
1976-12-31,0.09547,0.093424,0.101621,0.047434000000000004,0.066406,0.08581
1977-01-31,0.00799,0.023354,0.030833,-0.063823,-0.016287,-0.000258
1977-02-28,-0.010281,-0.010901000000000001,-0.000111,-0.018109,-0.014972000000000001,-0.019186
1977-03-31,0.0026079999999999996,0.0069,0.002349,-0.017054,-0.005696,0.004937
1977-04-30,0.011013,0.012685,0.024117000000000003,-0.011236,0.019886,0.043212
1977-05-31,-0.007158,0.001674,0.00616,-0.01939,-0.0009,-0.016583
1977-06-30,0.074356,0.063097,0.068601,0.056649000000000005,0.03742,0.049909999999999996
1977-07-31,0.0005920000000000001,5.7e-05,0.004457,-0.015575,-0.010613999999999998,-0.031508
1977-08-31,0.00814,-0.008158,-0.015258,0.002403,-0.034608,-0.029527
1977-09-30,0.014373,0.017965,0.009115999999999999,-0.0070550000000000005,0.010527,-0.006939999999999999
1977-10-31,-0.038598,-0.021229,-0.018721,-0.044332,-0.037905,-0.03188
1977-11-30,0.082892,0.074995,0.080148,0.04074900000000001,0.038701,0.048136
1977-12-31,0.031755,0.0154,0.015843,0.0017280000000000002,0.008611,0.011832
1978-01-31,-0.04682,-0.027856000000000002,-0.011017999999999998,-0.06449099999999999,-0.05696,-0.032635
1978-02-28,0.01665,0.025097,0.02475,-0.026432999999999998,0.003454,-0.018269999999999998
1978-03-31,0.064333,0.065858,0.070626,0.022441,0.036121,0.039171
1978-04-30,0.099076,0.074401,0.071586,0.11087999999999999,0.055832,0.067541
1978-05-31,0.070576,0.058274,0.057948000000000006,0.01913,0.010998,0.020693000000000003
1978-06-30,-0.010222,0.013423000000000001,0.003872,-0.013713999999999999,-0.01564,-0.015830999999999998
1978-07-31,0.069286,0.049908,0.060062,0.069937,0.041333,0.05925
1978-08-31,0.08258499999999999,0.085685,0.08476800000000001,0.035871,0.044831,0.020417
1978-09-30,-0.018478,-0.007466,-0.006398,-0.02618,0.009257999999999999,-0.00067
1978-10-31,-0.23032,-0.184449,-0.188107,-0.09890399999999999,-0.091412,-0.115892
1978-11-30,0.087385,0.050868000000000003,0.044664,0.028855,0.032383,0.029892
1978-12-31,0.030567,0.016988,0.019785999999999998,0.028127,0.0072440000000000004,-0.003802
1979-01-31,0.084618,0.078279,0.09521800000000001,0.0339,0.050504,0.067103
1979-02-28,-0.034437,-0.022435,-0.019379,-0.036892999999999995,-0.024016000000000003,-0.028647999999999996
1979-03-31,0.11625,0.084253,0.085328,0.057738,0.057194,0.074986
1979-04-30,0.016096,0.029517,0.033135,0.00115,0.006048,0.006546
1979-05-31,-0.025924,-0.007557,-0.004329,-0.018162,-0.012777,-0.013321000000000001
1979-06-30,0.057237,0.059043,0.06046700000000001,0.031211000000000003,0.055324,0.056327999999999996
1979-07-31,0.020350999999999998,0.03982,0.031825,0.005899,0.017447,0.030159
1979-08-31,0.09022999999999999,0.073078,0.073189,0.068176,0.055298,0.053517999999999996
1979-09-30,0.009028000000000001,-0.011492,-0.010671,-0.007917,0.009527,-0.006965
1979-10-31,-0.093073,-0.105693,-0.114225,-0.067399,-0.061308999999999995,-0.082764
1979-11-30,0.108842,0.069025,0.06861500000000001,0.06481200000000001,0.056681,0.040778999999999996
1979-12-31,0.081712,0.051861,0.050725,0.030455999999999997,0.011099000000000001,0.018855
1980-01-31,0.077941,0.077117,0.085159,0.048708,0.064479,0.078429
1980-02-29,-0.0036680000000000003,-0.029854,-0.027072,-0.030634,0.021173,0.004578
1980-03-31,-0.19413799999999998,-0.161768,-0.17494800000000002,-0.09203,-0.10725199999999999,-0.130499
1980-04-30,0.06254900000000001,0.06457,0.060807,0.03915,0.05593600000000001,0.061482
1980-05-31,0.080417,0.077965,0.080593,0.057674,0.054581,0.065103
1980-06-30,0.052402,0.044119,0.043049,0.030844,0.034761,0.024281999999999998
1980-07-31,0.131736,0.09472799999999999,0.071822,0.09390000000000001,0.053377,0.028073
1980-08-31,0.083591,0.047967,0.037823999999999997,0.021029,0.013781000000000002,0.017608
1980-09-30,0.052556000000000005,0.029005,0.010692,0.040808,0.032313999999999996,-0.009535
1980-10-31,0.059187000000000003,0.022115999999999997,0.028012000000000002,0.017775,0.029375,-0.009602000000000001
1980-11-30,0.124254,0.044381000000000004,0.02981,0.114902,0.134521,0.047166
1980-12-31,-0.052531999999999995,-0.018494999999999998,-0.011717,-0.021400000000000002,-0.046836,-0.006137
1981-01-31,-0.037684999999999996,0.006823,0.021547,-0.059157,-0.053905,0.016401
1981-02-28,-0.008107999999999999,0.02365,0.025971,0.028853,0.012646999999999999,0.014078
1981-03-31,0.07829900000000001,0.078948,0.076698,0.04024,0.039373,0.054109
1981-04-30,0.024184999999999998,0.035956,0.036383,-0.023927999999999998,-0.024257,0.009564
1981-05-31,0.049038000000000005,0.026652999999999996,0.016969,0.007803,-0.0046689999999999995,0.031181
1981-06-30,-0.056623,0.007894,0.013943,-0.03169,0.02112,0.000585
1981-07-31,-0.026683,-0.024302,-0.015149999999999999,0.012960000000000001,-0.0062439999999999996,-0.010799000000000001
1981-08-31,-0.099382,-0.059578,-0.048094,-0.068393,-0.054813,-0.025392
1981-09-30,-0.101861,-0.065973,-0.049564000000000004,-0.063359,-0.060103,-0.013493
1981-10-31,0.103442,0.06600500000000001,0.058014,0.080621,0.038797,0.044288
1981-11-30,0.007219,0.050011,0.045525,0.04190000000000001,0.051928,0.041708999999999996
1981-12-31,-0.023746999999999997,-0.009072,-0.014480999999999999,-0.030898,-0.027271999999999998,-0.024386
1982-01-31,-0.048732,-0.032572000000000004,-0.008403,-0.019351,-0.037046,0.0041210000000000005
1982-02-28,-0.074347,-0.031404,-0.007474,-0.07373199999999999,-0.034485,-0.018808000000000002
1982-03-31,-0.021739,-0.0045910000000000005,0.015557000000000001,-0.018879,-0.005099,0.018932
1982-04-30,0.065709,0.056978,0.040179,0.057492999999999995,0.034817999999999995,0.021475
1982-05-31,-0.035767,-0.022948,-0.014859,-0.035167000000000004,-0.023144,-0.02048
1982-06-30,-0.036681,-0.017263999999999998,-0.012972999999999998,-0.024885,-0.011775,-0.017456
1982-07-31,-0.023589000000000002,-0.00567,-0.010157000000000001,-0.006860000000000001,-0.040984,-0.018855
1982-08-31,0.080639,0.08974700000000001,0.080634,0.11376,0.13009199999999999,0.135659
1982-09-30,0.027344,0.047237999999999995,0.050767,0.019191,0.019729,0.000407
1982-10-31,0.159275,0.131228,0.117911,0.128019,0.11217700000000001,0.096883
1982-11-30,0.09711600000000001,0.084579,0.092224,0.071372,0.023409,0.040189
1982-12-31,0.012206999999999999,0.010995,0.006494,0.011644000000000002,0.011215,0.016104
1983-01-31,0.097097,0.05577,0.050580999999999994,0.02709,0.032690000000000004,0.059211
1983-02-28,0.042551,0.06622499999999999,0.06979,0.036414,0.024169999999999997,0.022468
1983-03-31,0.025528,0.063876,0.061907,0.025106000000000003,0.043921999999999996,0.029831
1983-04-30,0.080443,0.077859,0.07420399999999999,0.056826999999999996,0.090305,0.071683
1983-05-31,0.079027,0.054213,0.051106,-0.001138,0.000774,-0.001249
1983-06-30,0.05733799999999999,0.042610999999999996,0.024692,0.052718,0.036563,0.00757
1983-07-31,-0.057622,-2e-06,0.012254000000000001,-0.052134,-0.027162000000000002,-0.011215999999999999
1983-08-31,-0.048476,-0.027448999999999998,-0.0033090000000000003,-0.013314999999999999,0.009381,0.053283
1983-09-30,0.00244,0.025328,0.03925,0.025205,0.015368,0.008175
1983-10-31,-0.089397,-0.043146000000000004,-0.022163,-0.035837,-0.008593,-0.0038269999999999997
1983-11-30,0.047584999999999995,0.042808,0.043156999999999994,0.029029,0.024884,0.018951
1983-12-31,-0.03174,-0.004144,0.002822,-0.007852,-0.010320000000000001,-0.007377
1984-01-31,-0.041776999999999995,-0.00228,0.020497,-0.052956,0.005404,0.034356
1984-02-29,-0.06868400000000001,-0.050037000000000005,-0.03495,-0.047965999999999995,-0.041710000000000004,-0.013463000000000001
1984-03-31,0.001288,0.014964,0.023377,0.016108,0.015992,0.004527
1984-04-30,-0.010966,0.000354,-0.000496,0.004123,0.002156,0.017373
1984-05-31,-0.060316,-0.048015999999999996,-0.043948,-0.048432,-0.04623,-0.059632
1984-06-30,0.046988,0.020558999999999997,0.0104,0.044004,0.015466,0.025578
1984-07-31,-0.054900000000000004,-0.030175999999999998,-0.032663000000000005,-0.009977,-0.017322,-0.02442
1984-08-31,0.13436,0.102227,0.094929,0.11131,0.112193,0.11597400000000001
1984-09-30,-0.027031999999999997,0.013040000000000001,0.022713,-0.023354,-0.004331,0.031884
1984-10-31,-0.021762999999999998,-0.0028000000000000004,0.002163,0.007012000000000001,0.008865,-0.005058
1984-11-30,-0.044662,-0.003624,0.001206,-0.022334,-0.012414000000000001,0.009202
1984-12-31,0.020685,0.016041,0.019499,0.026948,0.026784,0.022251
1985-01-31,0.148622,0.099447,0.089016,0.101187,0.081037,0.056681999999999996
1985-02-28,0.02933,0.028335,0.015387,0.013094,0.016354,0.022313999999999997
1985-03-31,-0.032213,-0.011359999999999999,0.013259,-0.013099000000000001,-0.0068189999999999995,0.021611
1985-04-30,-0.020291999999999998,0.001256,0.014903999999999999,-0.017935,-0.007942,0.018943
1985-05-31,0.04192,0.039701,0.032227,0.061363,0.069926,0.051517
1985-06-30,0.014533,0.025115,0.022822,0.014886,0.018934,0.014132
1985-07-31,0.027273000000000002,0.024712,0.011819999999999999,0.002431,-0.008884,-0.014571
1985-08-31,-0.020104999999999998,0.000479,0.002684,-0.015571,-0.000741,0.008387
1985-09-30,-0.072376,-0.043071,-0.042507,-0.038292,-0.027044000000000002,-0.043901
1985-10-31,0.032996,0.036926,0.033837,0.040685,0.052968,0.055214
1985-11-30,0.077199,0.069527,0.062683,0.090633,0.066216,0.046998
1985-12-31,0.048103,0.042239000000000006,0.031477,0.057224000000000004,0.035733,0.044669999999999994
1986-01-31,0.023128000000000003,0.014950000000000001,0.024964,0.00792,0.0051470000000000005,0.015374
1986-02-28,0.0724,0.071631,0.070603,0.07960300000000001,0.08332800000000001,0.068839
1986-03-31,0.042218,0.05284900000000001,0.053229,0.063181,0.056848,0.044435
1986-04-30,0.022589,0.011735,0.004786,0.0061860000000000005,-0.017461,-0.032271
1986-05-31,0.032504,0.053347,0.033126,0.054000000000000006,0.055183,0.050558
1986-06-30,0.000479,0.009159,0.018378000000000002,0.019118,0.011468,0.025179999999999998
1986-07-31,-0.10629799999999999,-0.087447,-0.059155,-0.07222400000000001,-0.051638,-0.026171000000000003
1986-08-31,0.022171,0.035295,0.044528,0.045877999999999995,0.086557,0.09441000000000001
1986-09-30,-0.080985,-0.046845,-0.046342,-0.10152599999999999,-0.073297,-0.07149
1986-10-31,0.043132000000000004,0.028380000000000002,0.016793,0.056645,0.053042,0.054521
1986-11-30,0.000424,-0.006000999999999999,0.005379,0.020651000000000003,0.020068000000000003,0.015277
1986-12-31,-0.030552000000000003,-0.02907,-0.019110000000000002,-0.024645999999999998,-0.030937000000000003,-0.028981
1987-01-31,0.125751,0.10885600000000001,0.092023,0.14022199999999999,0.132613,0.110394
1987-02-28,0.093799,0.06833,0.050915999999999996,0.074508,0.034921,0.00017500000000000003
1987-03-31,0.013891,0.027906,0.037427999999999996,0.016215999999999998,0.022132,0.025799
1987-04-30,-0.026744,-0.030255999999999998,-0.036084,-0.017161,-0.009435,-0.015034
1987-05-31,-0.0032840000000000005,-0.001143,0.007364000000000001,0.013373999999999999,-0.0015429999999999999,0.007104
1987-06-30,0.015282,0.032096,0.038037,0.046523,0.053579,0.046296
1987-07-31,0.021052,0.032077,0.057370000000000004,0.054832,0.035394999999999996,0.037347
1987-08-31,0.027523,0.037405,0.028311000000000003,0.047445,0.04429,0.027125
1987-09-30,-0.024521,-0.012663,-0.013685000000000001,-0.01983,-0.023048000000000003,-0.025508000000000003
1987-10-31,-0.32394599999999996,-0.275056,-0.278776,-0.23172399999999999,-0.204594,-0.193215
1987-11-30,-0.068034,-0.039266,-0.035039,-0.08721,-0.07824099999999999,-0.057362
1987-12-31,0.091708,0.069505,0.045259,0.09141,0.064636,0.049421999999999994
1988-01-31,0.022189999999999998,0.048143000000000005,0.061895,0.020236,0.055205000000000004,0.079162
1988-02-29,0.08460000000000001,0.079541,0.072863,0.054534,0.046981999999999996,0.035654
1988-03-31,0.034946000000000005,0.039562,0.032021,-0.030865999999999998,-0.031998,-0.010814999999999998
1988-04-30,0.013857999999999999,0.018993,0.022978000000000002,-0.006666999999999999,0.020748000000000003,0.014504999999999999
1988-05-31,-0.030461000000000002,-0.017105,-0.00214,0.00011599999999999999,0.005829999999999999,0.020652
1988-06-30,0.077277,0.06817000000000001,0.060430000000000005,0.049439000000000004,0.056542,0.039352
1988-07-31,-0.023010000000000003,-0.002742,0.00221,-0.016146,-0.002727,0.002334
1988-08-31,-0.041222,-0.017664,-0.013656999999999999,-0.029483000000000002,-0.03081,-0.01425
1988-09-30,0.026337000000000003,0.030282,0.026000000000000002,0.051085000000000005,0.035245,0.036354000000000004
1988-10-31,-0.020321,-0.0014249999999999998,0.006076000000000001,0.015631,0.026555,0.029773
1988-11-30,-0.037869,-0.026118000000000002,-0.024281999999999998,-0.019569,-0.015592,-0.003778
1988-12-31,0.04090099999999999,0.038948,0.026919,0.028620999999999997,0.015467999999999999,0.006027
1989-01-31,0.042745,0.043550000000000005,0.053893,0.069605,0.065678,0.07068100000000001
1989-02-28,0.005314,0.008323,0.013500000000000002,-0.024925000000000003,-0.019071,-0.013233
1989-03-31,0.02573,0.028547,0.034008,0.024765000000000002,0.017308,0.025975
1989-04-30,0.046609,0.044988,0.037028,0.060798,0.04717,0.040752
1989-05-31,0.046706000000000004,0.035331,0.037765,0.048440000000000004,0.034539,0.039375
1989-06-30,-0.030492,-0.007267,-0.001002,-0.010113,-0.004288,0.004692
1989-07-31,0.043075999999999996,0.041335,0.03338,0.10824099999999999,0.070865,0.061958
1989-08-31,0.027301000000000002,0.028355,0.026173000000000002,0.01103,0.029196,0.024621
1989-09-30,0.014317999999999999,-0.000696,-0.007721,0.004774,-0.009515000000000001,0.0015060000000000002
1989-10-31,-0.050046,-0.057369,-0.063962,-0.013003,-0.038985,-0.022326000000000002
1989-11-30,0.007789000000000001,0.006681,-0.000329,0.023415,0.017504,0.008918
1989-12-31,0.002019,-0.0037459999999999998,-0.002988,0.016906,0.02463,0.024929
1990-01-31,-0.091838,-0.075977,-0.077711,-0.07536,-0.06303399999999999,-0.072912
1990-02-28,0.031594000000000004,0.027078,0.021833,0.003588,0.021523,0.026282999999999997
1990-03-31,0.042862,0.039265,0.022177,0.041193,0.015047999999999999,0.003918
1990-04-30,-0.027648000000000002,-0.031101,-0.043754,-0.009484,-0.034186999999999995,-0.044871999999999995
1990-05-31,0.085332,0.065435,0.042551,0.108671,0.087757,0.073724
1990-06-30,0.010492,0.004285,-0.000995,0.012950999999999999,-0.024026000000000002,-0.015590999999999999
1990-07-31,-0.045031,-0.036006,-0.042588,-0.013343,-0.0007630000000000001,-0.01701
1990-08-31,-0.14608000000000002,-0.122792,-0.112483,-0.097204,-0.079429,-0.09968500000000001
1990-09-30,-0.10161899999999999,-0.082729,-0.084176,-0.057807000000000004,-0.0379,-0.063515
1990-10-31,-0.058772000000000005,-0.054398999999999996,-0.061204,0.003558,-0.019926,0.00759
1990-11-30,0.088794,0.065603,0.051913,0.073701,0.068954,0.051118
1990-12-31,0.041416,0.035908,0.028451,0.037616000000000004,0.025379,0.019113
1991-01-31,0.092559,0.08161500000000001,0.08008900000000001,0.062416,0.033113000000000004,0.045318
1991-02-28,0.117537,0.103549,0.113003,0.079082,0.063723,0.071131
1991-03-31,0.076823,0.05315400000000001,0.06579399999999999,0.041158,0.01195,0.026134
1991-04-30,-0.006665,0.014464,0.016453,-0.0033339999999999997,0.009048,0.003425
1991-05-31,0.043257000000000004,0.047523,0.027528999999999998,0.047491000000000005,0.029663,0.052904
1991-06-30,-0.051627,-0.03101,-0.041939000000000004,-0.049476000000000006,-0.042924,-0.037629
1991-07-31,0.043592000000000006,0.03295,0.030313,0.053954,0.040637,0.041239
1991-08-31,0.044472,0.030319,0.043252,0.033724,0.017593,0.019185
1991-09-30,0.014766999999999999,0.005385,-0.01151,-0.021831,0.000167,-0.020059
1991-10-31,0.029461,0.025983999999999997,0.017781,0.015121,0.016834000000000002,0.018144
1991-11-30,-0.049805999999999996,-0.037059,-0.055204,-0.025205,-0.046212,-0.055220000000000005
1991-12-31,0.10384,0.06778100000000001,0.073657,0.14469900000000002,0.07819,0.090199
1992-01-31,0.075254,0.074156,0.106665,-0.023097,-0.014235,0.038952
1992-02-29,0.007098999999999999,0.027566,0.071323,0.003372,0.008411,0.069266
1992-03-31,-0.060928,-0.013047,-0.007332,-0.027842,-0.012624999999999999,-0.011702999999999998
1992-04-30,-0.056025,-0.024403,-0.009764,0.001495,0.049481000000000004,0.042335000000000005
1992-05-31,-0.007831,0.01022,0.023606,0.009251,0.004541,-4.4000000000000006e-05
1992-06-30,-0.060279,-0.032711000000000004,-0.027896999999999998,-0.024620000000000003,-0.010992,0.007845999999999999
1992-07-31,0.026680000000000002,0.032768,0.037666,0.043235,0.045441,0.022081
1992-08-31,-0.042190000000000005,-0.015224,-0.026879,-0.011335999999999999,-0.021486,-0.048352000000000006
1992-09-30,0.013502,0.025021,0.015623,0.017008000000000002,0.009486,0.011043
1992-10-31,0.044886999999999996,0.024344,0.019434,0.024103,-0.008687,0.010024
1992-11-30,0.097525,0.064231,0.066558,0.045584,0.026212,0.046075
1992-12-31,0.025516,0.036666,0.050322,0.007063000000000001,0.020911,0.035099
1993-01-31,0.011023,0.041867,0.063194,-0.010941000000000001,0.015417,0.054911
1993-02-28,-0.065035,-0.000862,0.010808,-0.023317,0.039327,0.030539
1993-03-31,0.020994000000000002,0.028506,0.035948,0.017686999999999998,0.031301,0.02789
1993-04-30,-0.036417000000000005,-0.025992,-0.025057,-0.050419,-0.007812,-0.010768999999999999
1993-05-31,0.067766,0.033439,0.031505,0.040015999999999996,0.023736999999999998,0.007107
1993-06-30,0.005621,0.0071530000000000005,0.013379,-0.010347,0.01087,0.03476
1993-07-31,-0.00381,0.015390999999999998,0.021524,-0.019946,0.01233,0.01205
1993-08-31,0.037509,0.047503000000000004,0.035225,0.035217,0.040641,0.041097999999999996
1993-09-30,0.033135,0.0233,0.026095999999999998,-0.008994,0.005563,-0.006659000000000001
1993-10-31,0.039792,0.016516,0.026116999999999998,0.032556,-0.000375,-0.009431
1993-11-30,-0.031383999999999995,-0.028366,-0.024946000000000003,0.000968,-0.026407,-0.021069
1993-12-31,0.026949999999999998,0.040561,0.024127999999999997,0.014515,0.01916,0.022404999999999998
1994-01-31,0.018859,0.029608,0.048244999999999996,0.024312,0.045412999999999995,0.016947
1994-02-28,-0.009182000000000001,0.009055,-0.010851,-0.017694,-0.029679,-0.046364999999999996
1994-03-31,-0.062443,-0.047675,-0.042512,-0.047022,-0.039862,-0.033458999999999996
1994-04-30,-0.009234,0.007466,0.013616999999999999,0.005896,0.017443,0.016277
1994-05-31,-0.025338,-0.010856,0.0020050000000000003,0.014162999999999999,0.015588,-0.001127
1994-06-30,-0.047979,-0.023918,-0.017469,-0.031253,-0.018994,-0.026265
1994-07-31,0.015343,0.011512,0.02175,0.029071,0.038988,0.034911
1994-08-31,0.075463,0.048634000000000004,0.039369999999999995,0.051982999999999994,0.029456000000000003,0.037037
1994-09-30,0.005364,-0.002708,-0.000118,-0.014001,-0.029976,-0.044741
1994-10-31,0.005289,-0.00037999999999999997,-0.015176,0.020071,0.027232,0.007307
1994-11-30,-0.039497,-0.032284,-0.036223,-0.032052,-0.034483,-0.049842000000000004
1994-12-31,0.007645999999999999,0.01544,0.01554,0.01541,0.012544999999999999,0.00569
1995-01-31,-0.012617,-0.0035299999999999997,0.009121,0.021766999999999998,0.024697,0.051729000000000004
1995-02-28,0.036506,0.033879,0.042135,0.039018000000000004,0.038521,0.05318
1995-03-31,0.029633,0.017445,0.01275,0.029981,0.031556,0.004235
1995-04-30,0.010549,0.028437999999999998,0.032986,0.023662000000000002,0.028902,0.034676
1995-05-31,0.008117,0.015194000000000001,0.029619,0.032656,0.039384999999999996,0.056678
1995-06-30,0.07685399999999999,0.045405,0.043051000000000006,0.034432,0.018543,0.017373
1995-07-31,0.080438,0.047556,0.048703,0.037734000000000004,0.038365,0.037834
1995-08-31,0.021158999999999997,0.026534,0.038753,0.00077,0.009422,0.036815
1995-09-30,0.024817,0.020343,0.016863,0.045312,0.030539999999999998,0.051052999999999994
1995-10-31,-0.055262000000000006,-0.052486,-0.037871999999999996,0.003655,-0.011597999999999999,-0.023607
1995-11-30,0.038278,0.033618999999999996,0.036374,0.041673999999999996,0.046119,0.05404
1995-12-31,0.021594000000000002,0.021901,0.022684000000000003,0.009014,0.024664000000000002,0.012739
1996-01-31,-0.000452,0.002643,0.006717,0.031009000000000002,0.02972,0.032987999999999996
1996-02-29,0.048464,0.023519,0.02781,0.016409,0.013824000000000001,0.015995
1996-03-31,0.023781,0.025852,0.026303,0.003656,0.019681999999999998,0.009613
1996-04-30,0.08505800000000001,0.051839,0.04566099999999999,0.024474999999999997,0.017399,-0.015429
1996-05-31,0.060901,0.04626,0.053541,0.033899,0.007435000000000001,0.023224
1996-06-30,-0.063942,-0.029408,-0.023488000000000002,0.001522,-0.006048,0.007721
1996-07-31,-0.137546,-0.068497,-0.054346,-0.056860999999999995,-0.038269000000000004,-0.036327
1996-08-31,0.070705,0.049858,0.044703999999999994,0.021484,0.039041,0.031154
1996-09-30,0.053255,0.02398,0.032911,0.066911,0.041467000000000004,0.032363
1996-10-31,-0.052526,-0.002644,0.010103,0.007247,0.037181,0.042265
1996-11-30,0.017035,0.044527000000000004,0.0393,0.071477,0.073308,0.077212
1996-12-31,0.00651,0.025575999999999998,0.022594,-0.016836,-0.014795,-0.007234000000000001
1997-01-31,0.041669,0.031945,0.028544,0.064218,0.047414,0.04857
1997-02-28,-0.06320100000000001,-0.007229,0.012256,6.6e-05,-0.00026,0.036903
1997-03-31,-0.084511,-0.038135,-0.01807,-0.053680000000000005,-0.024742,-0.052275
1997-04-30,-0.031141000000000002,0.005889,-0.004687,0.064875,0.039119,0.038405999999999996
1997-05-31,0.153829,0.101659,0.083552,0.069095,0.059206,0.057123999999999994
1997-06-30,0.034128,0.055564,0.068454,0.043967,0.039498000000000005,0.038515
1997-07-31,0.051876,0.05141,0.055,0.07760399999999999,0.08555,0.077091
1997-08-31,0.039045,0.034146,0.028990000000000002,-0.054499000000000006,-0.036164999999999996,-0.0218
1997-09-30,0.08812400000000001,0.07824300000000001,0.081805,0.050241,0.060250000000000005,0.061459
1997-10-31,-0.066286,-0.035521,-0.018702,-0.032551000000000004,-0.033180999999999995,-0.033511
1997-11-30,-0.033073,-0.010735,0.004635,0.050553,0.026223999999999997,0.037218
1997-12-31,-0.022803,0.008116,0.023639,0.013568,0.027934,0.041912000000000005
1998-01-31,-0.006506,-0.011467,-0.011307000000000001,0.024524,-0.019317,-0.004277
1998-02-28,0.08528000000000001,0.072362,0.067893,0.070231,0.08245100000000001,0.068928
1998-03-31,0.04151,0.049235,0.045898,0.048617,0.051692,0.071917
1998-04-30,0.007574,0.014223,0.022201,0.009137,0.01802,0.015124
1998-05-31,-0.076104,-0.051958000000000004,-0.024409999999999998,-0.021446,-0.024127,-0.004961
1998-06-30,0.006189,-0.004457,-0.001467,0.055610999999999994,0.017002,0.022694000000000002
1998-07-31,-0.07674299999999999,-0.071624,-0.073822,-0.008223000000000001,-0.021463999999999997,-0.047664
1998-08-31,-0.241282,-0.182746,-0.18601700000000002,-0.136738,-0.188435,-0.120675
1998-09-30,0.092492,0.051418,0.036196,0.078769,0.037175,0.064828
1998-10-31,0.044725,0.036547,0.032215,0.080157,0.07665899999999999,0.046138000000000005
1998-11-30,0.090352,0.058186,0.055084999999999995,0.069879,0.055473,0.040426000000000004
1998-12-31,0.067751,0.036115,0.027167,0.082193,0.024765000000000002,0.037834
1999-01-31,0.035840000000000004,0.02146,0.010464,0.049631,0.012173,-0.014119
1999-02-28,-0.088678,-0.07280400000000001,-0.083797,-0.045126,-0.008619,-0.011024
1999-03-31,-0.003862,0.008933,-0.026965,0.040062,0.042268999999999994,0.011052
1999-04-30,0.09068300000000001,0.109243,0.09048600000000001,0.022732000000000002,0.079863,0.071021
1999-05-31,0.015885,0.012179,0.036934,-0.025621,-0.012157,0.003201
1999-06-30,0.065427,0.06314499999999999,0.063334,0.065094,0.027241,0.002746
1999-07-31,-0.009443,-0.005273,-0.011188,-0.030268000000000003,-0.037948,-0.032207
1999-08-31,-0.026409,-0.029899,-0.03479,0.000495,-0.033323,-0.029651999999999998
1999-09-30,0.008301,-0.002379,-0.028107000000000004,-0.018718,-0.056683000000000004,-0.040372000000000005
1999-10-31,0.007399,-0.00565,-0.027618,0.065826,0.073227,0.043245
1999-11-30,0.133347,0.06284200000000001,0.043678999999999996,0.041923,-0.026704,0.018542
1999-12-31,0.179514,0.087743,0.066264,0.082011,0.01257,0.042155
2000-01-31,0.013973,-0.008929,0.0030220000000000004,-0.047266,-0.040762,-0.058754999999999995
2000-02-29,0.289531,0.153001,0.129955,0.01237,-0.054081000000000004,-0.023405999999999996
2000-03-31,-0.137327,-0.045578,-0.012522,0.086586,0.10861499999999999,0.131767
2000-04-30,-0.149815,-0.057901,-0.041072,-0.041878,-0.005528,-0.021524
2000-05-31,-0.073877,-0.055013,-0.05075,-0.035009,0.004124,0.033690000000000005
2000-06-30,0.17653400000000002,0.092891,0.0863,0.046897,-0.048641,-0.023722
2000-07-31,-0.06803,0.012044,0.018358,-0.029399,0.031467,0.045417
2000-08-31,0.087861,0.053156999999999996,0.065605,0.075055,0.07678600000000001,0.069884
2000-09-30,-0.07389,-0.006353999999999999,-0.0046949999999999995,-0.059372,0.010537000000000001,0.016135999999999998
2000-10-31,-0.081636,-0.014265000000000002,-0.016065,-0.019511,-0.0034560000000000003,0.02649
2000-11-30,-0.164996,-0.042952000000000004,-0.028443999999999997,-0.10570700000000001,-0.040603999999999994,0.002463
2000-12-31,0.025981,0.084896,0.08592499999999999,-0.003182,0.087425,0.087828
2001-01-31,0.125845,0.051307,0.0682,0.036655,0.023235000000000002,-0.006755
2001-02-28,-0.12374299999999999,-0.006,-0.001345,-0.111097,-0.011713,0.011132
2001-03-31,-0.07657,-0.010794,-0.015294,-0.080706,-0.017119,-0.012593
2001-04-30,0.100727,0.052412,0.050014,0.089216,0.051937,0.047112
2001-05-31,0.038774,0.044176,0.063753,0.0037790000000000002,0.022069000000000002,0.046367000000000005
2001-06-30,0.066001,0.048209,0.031245,-0.021439,-0.011726,-0.011914000000000001
2001-07-31,-0.096346,-0.044464,-0.011581999999999999,-0.016746,-0.011563,-0.0024749999999999998
2001-08-31,-0.076237,-0.025158,-0.013838,-0.068262,-0.039046,-0.07353
2001-09-30,-0.17203600000000002,-0.133796,-0.141084,-0.08126,-0.097041,-0.081759
2001-10-31,0.109504,0.054802,0.047973999999999996,0.032637,0.007093,-0.052039999999999996
2001-11-30,0.089177,0.0718,0.089081,0.07895400000000001,0.065728,0.12247400000000001
2001-12-31,0.067192,0.06783299999999999,0.067554,0.007501,0.029580000000000002,0.023816
2002-01-31,-0.051189,0.002596,0.032629,-0.010039,-0.015705,-0.025365000000000002
2002-02-28,-0.081622,-0.012884,-0.00995,-0.024752,0.002521,-0.049679
2002-03-31,0.08865600000000001,0.076222,0.09733900000000001,0.035886,0.054726,0.048901
2002-04-30,-0.040827999999999996,0.023843999999999997,0.041434,-0.07053899999999999,-0.006953,-0.07252900000000001
2002-05-31,-0.066805,-0.035992,-0.026905000000000002,-0.013488,0.004751,-0.023001999999999998
2002-06-30,-0.07139000000000001,-0.033239,-0.023607999999999997,-0.074381,-0.06139700000000001,-0.11479900000000001
2002-07-31,-0.150961,-0.14369400000000002,-0.150336,-0.065191,-0.086351,-0.135936
2002-08-31,-0.001914,0.003485,-0.005765,-0.001003,0.017745999999999998,0.063068
2002-09-30,-0.081982,-0.073627,-0.071947,-0.106874,-0.101625,-0.091802
2002-10-31,0.063986,0.046467999999999995,0.006932000000000001,0.09734899999999999,0.042981,0.079162
2002-11-30,0.129401,0.086051,0.077653,0.053985000000000005,0.058685999999999995,0.082579
2002-12-31,-0.085442,-0.047701,-0.036913999999999995,-0.061349999999999995,-0.039895,-0.067658
2003-01-31,-0.023931,-0.02556,-0.012497000000000001,-0.027894000000000002,-0.01905,-0.055212000000000004
2003-02-28,-0.038534,-0.018592,-0.036807,-0.014454,-0.022792,-0.043403
2003-03-31,0.022466,0.004509,0.011439,0.015969999999999998,0.0024809999999999997,-0.015267999999999999
2003-04-30,0.10967299999999999,0.094673,0.09639900000000001,0.076788,0.08674899999999999,0.11451399999999999
2003-05-31,0.128046,0.109178,0.10814399999999999,0.04990700000000001,0.073383,0.083841
2003-06-30,0.027162000000000002,0.022602,0.035259,0.013253,0.012920000000000001,0.007884
2003-07-31,0.08360200000000001,0.057271999999999997,0.062,0.018616,0.026827999999999998,0.009531
2003-08-31,0.047058,0.044878,0.058965,0.020641,0.015616000000000001,0.041442
2003-09-30,-0.015674999999999998,-0.019662,0.009479,-0.011935,-0.005031,-0.034244
2003-10-31,0.08210100000000001,0.078907,0.10822699999999999,0.051314,0.070703,0.06947300000000001
2003-11-30,0.029615999999999996,0.036506,0.046092,0.008285,0.015961,0.0263
2003-12-31,0.010435000000000002,0.026688999999999997,0.030046,0.046391999999999996,0.044353,0.056906
2004-01-31,0.039432,0.034853,0.071538,0.014650000000000002,0.023892000000000004,0.030966999999999998
2004-02-29,0.003501,0.009521,0.003121,0.010243,0.023441,0.02964
2004-03-31,0.013051,0.004452,0.003795,-0.018299,-0.007783,-0.004508
2004-04-30,-0.032168999999999996,-0.032282000000000005,-0.061856,-0.001457,-0.036636,-0.036433
2004-05-31,0.009541,0.012185999999999999,0.006908999999999999,0.012114,0.012339,0.011217
2004-06-30,0.031402,0.049295,0.044168000000000006,0.01528,0.015415000000000002,0.026747999999999997
2004-07-31,-0.094364,-0.055476,-0.051641000000000006,-0.043387,-0.023618,-0.021762999999999998
2004-08-31,-0.024154,-0.001454,-0.006834,-0.00271,0.014374,0.0016309999999999999
2004-09-30,0.055832,0.050749,0.036933,0.008972,0.017508,0.026782
2004-10-31,0.027167,0.015496000000000001,0.011735,0.015523,0.009413,0.025696
2004-11-30,0.08343600000000001,0.08702199999999999,0.08808999999999999,0.036156,0.047338,0.062987
2004-12-31,0.043771000000000004,0.026069,0.036692999999999996,0.0352,0.034711,0.037662
2005-01-31,-0.05296700000000001,-0.032065,-0.02558,-0.030322,-0.014017,-0.016572
2005-02-28,0.0074199999999999995,0.021037,0.025903999999999996,0.020928,0.019761,0.030651
2005-03-31,-0.041498999999999994,-0.023523000000000002,-0.015078000000000001,-0.01291,-0.026836000000000002,0.00202
2005-04-30,-0.063567,-0.05926,-0.057783,-0.017069,-0.023822999999999997,-0.021899000000000002
2005-05-31,0.07417900000000001,0.06301899999999999,0.057678,0.036452,0.031322,0.041257
2005-06-30,0.028511,0.040365000000000005,0.047001,-0.008064,0.017537,0.029508
2005-07-31,0.069137,0.068614,0.059598000000000005,0.045695,0.026089,0.039598
2005-08-31,-0.022368000000000002,-0.01196,-0.01244,-0.011724000000000002,-0.008181,0.005098
2005-09-30,0.0034920000000000003,0.009558,0.002652,0.003312,0.011026000000000001,0.01983
2005-10-31,-0.04064,-0.026951999999999997,-0.022493,-0.011463000000000001,-0.018701000000000002,-0.020994000000000002
2005-11-30,0.050942999999999995,0.047109,0.039882,0.040713,0.037766,0.028067
2005-12-31,0.001203,-0.003901,-0.003192,-0.006714,0.013231999999999999,0.0007570000000000001
2006-01-31,0.086666,0.091646,0.081688,0.017739,0.035927,0.04256
2006-02-28,-0.005716,-0.000277,-0.005966,-0.001256,0.008809,-0.007255
2006-03-31,0.039805,0.052613,0.052439,0.016134,0.011318,0.015665
2006-04-30,-0.005329,0.009956,0.008245,-1e-05,0.022502,0.0317
2006-05-31,-0.076144,-0.046181,-0.041166,-0.028866999999999997,-0.028210000000000002,-0.016253
2006-06-30,-0.008029,0.005475,-0.000397,-0.001675,0.001535,0.007778
2006-07-31,-0.058906,-0.027646,-0.021012,-0.007221999999999999,0.010903000000000001,0.007271
2006-08-31,0.034388999999999996,0.025165000000000003,0.024923,0.032151,0.019923,0.0026190000000000002
2006-09-30,0.008575000000000001,0.009056999999999999,0.013113,0.024848,0.023207,0.021559
2006-10-31,0.061349,0.051866,0.04608399999999999,0.033811,0.029828999999999998,0.042441000000000006
2006-11-30,0.025832,0.027211,0.026157,0.018889,0.02205,0.019264
2006-12-31,-0.006242,0.007221999999999999,0.019703,0.003458,0.019549,0.032406000000000004
2007-01-31,0.02522,0.008291,0.018746,0.019198,0.018364000000000002,0.012055
2007-02-28,-0.000998,-0.001018,-0.009698,-0.019852,-0.015842000000000002,-0.012778000000000001
2007-03-31,0.016749,0.013937,0.0026829999999999996,0.008011,0.018242,0.004379
2007-04-30,0.028133,0.020499,0.009131,0.048686999999999994,0.036505,0.038806
2007-05-31,0.043856,0.036536,0.030876999999999998,0.032212,0.040743999999999995,0.033474
2007-06-30,-0.00577,-0.010922000000000001,-0.016674,-0.011148,-0.022795999999999997,-0.021198
2007-07-31,-0.048248,-0.058112000000000004,-0.08186199999999999,-0.013635,-0.041167999999999996,-0.053611000000000006
2007-08-31,0.015011000000000002,0.024538,-0.006765,0.015959,0.019755,0.000271
2007-09-30,0.025885,0.00904,0.0010299999999999999,0.049783999999999995,0.022497,0.031204999999999997
2007-10-31,0.037447,0.017412,0.002087,0.029792,0.013748,0.0077610000000000005
2007-11-30,-0.073582,-0.062959,-0.07883,-0.03008,-0.054336999999999996,-0.046684
2007-12-31,0.0018160000000000001,-0.005993000000000001,-0.009435,-0.004289,-0.009367,-0.003186
2008-01-31,-0.085997,-0.06473,-0.039337,-0.072008,-0.048719,-0.038626
2008-02-29,-0.045485,-0.027208999999999997,-0.039689,-0.020418,-0.037017,-0.04054700000000001
2008-03-31,-0.021200999999999998,0.012055,0.0015190000000000002,0.006331,-0.024982999999999998,-0.010287
2008-04-30,0.048457,0.034616,0.014973,0.037222,0.059925,0.051493000000000004
2008-05-31,0.056715,0.052104,0.030575,0.023659,0.006771,0.019728000000000002
2008-06-30,-0.073524,-0.073125,-0.088096,-0.068986,-0.095482,-0.1047
2008-07-31,0.023353000000000002,0.030805,0.050262,-0.010134,-0.030251999999999998,0.066956
2008-08-31,0.030246,0.039203,0.067923,0.014643,0.013269999999999999,0.007365
2008-09-30,-0.11030699999999999,-0.071993,-0.071799,-0.098075,-0.100619,-0.02331
2008-10-31,-0.221781,-0.190649,-0.200644,-0.15534499999999998,-0.17410699999999998,-0.214227
2008-11-30,-0.115802,-0.113237,-0.143796,-0.061647,-0.062914,-0.157837
2008-12-31,0.050393,0.044184,0.05431,0.017398,0.011257999999999999,0.014558999999999999
2009-01-31,-0.076893,-0.09969900000000001,-0.158806,-0.052293000000000006,-0.093641,-0.19074200000000002
2009-02-28,-0.09849500000000001,-0.114063,-0.148342,-0.082115,-0.11855299999999999,-0.16430399999999998
2009-03-31,0.091866,0.103708,0.108834,0.083562,0.087698,0.136165
2009-04-30,0.162514,0.16656300000000002,0.184093,0.079055,0.10684900000000001,0.165169
2009-05-31,0.038675,0.030461000000000002,0.027564,0.045274,0.059209,0.064598
2009-06-30,0.054915000000000005,0.018139000000000002,0.006071999999999999,0.008584000000000001,-0.009146999999999999,0.002221
2009-07-31,0.067419,0.10304500000000001,0.132865,0.067426,0.083574,0.099755
2009-08-31,0.008971,0.030191,0.08097099999999999,0.017496,0.038665,0.097581
2009-09-30,0.062077999999999994,0.0587,0.075823,0.033749,0.046989,0.04298199999999999
2009-10-31,-0.070829,-0.062143,-0.09295400000000001,-0.004581,-0.027868,-0.065791
2009-11-30,0.020694,0.019787,0.039928,0.066612,0.047803000000000005,0.040873
2009-12-31,0.08353899999999999,0.079982,0.084145,0.019363,0.031505,0.016635999999999998
2010-01-31,-0.0356,-0.030405,-0.027174,-0.041916,-0.020285,-0.043757000000000004
2010-02-28,0.034543,0.040627,0.074479,0.030358,0.029813,0.05407
2010-03-31,0.06960899999999999,0.081277,0.089415,0.052478,0.06757200000000001,0.076419
2010-04-30,0.037927,0.062571,0.092553,0.008039,0.027409,0.012518
2010-05-31,-0.059563,-0.07077,-0.10379899999999999,-0.073976,-0.08478,-0.079415
2010-06-30,-0.056346999999999994,-0.074684,-0.109297,-0.044165,-0.05667,-0.08573399999999999
2010-07-31,0.06778100000000001,0.06568500000000001,0.071209,0.067103,0.077114,0.053766
2010-08-31,-0.070625,-0.075973,-0.085733,-0.041311,-0.039883,-0.060816999999999996
2010-09-30,0.140052,0.127388,0.10924099999999999,0.100505,0.09065,0.070837
2010-10-31,0.046851000000000004,0.041410999999999996,0.036171,0.045496999999999996,0.039584,0.006987
2010-11-30,0.035098,0.040625999999999995,0.032452999999999996,0.0047139999999999994,0.004057,-0.010589
2010-12-31,0.071147,0.083,0.093338,0.049743,0.07744100000000001,0.09872600000000001
2011-01-31,-0.003226,0.0013039999999999998,0.004118,0.020243999999999998,0.025470000000000003,0.025185
2011-02-28,0.052694,0.053338,0.05504800000000001,0.02544,0.044038,0.046731999999999996
2011-03-31,0.033355,0.027511999999999998,0.014147,0.001822,0.014308000000000001,-0.015694
2011-04-30,0.034473,0.020283000000000002,0.010301,0.037803,0.026619999999999998,0.013153
2011-05-31,-0.016907000000000002,-0.020358,-0.032010000000000004,-0.005772,-0.013803000000000001,-0.027664
2011-06-30,-0.019323999999999997,-0.02067,-0.018739,-0.014535,-0.016871,-0.019092
2011-07-31,-0.04443,-0.039495,-0.030202,-0.008091000000000001,-0.030377,-0.040443
2011-08-31,-0.091575,-0.089106,-0.096096,-0.039525000000000005,-0.064895,-0.083548
2011-09-30,-0.110365,-0.115825,-0.102858,-0.063248,-0.07084800000000001,-0.10143
2011-10-31,0.154038,0.155021,0.127026,0.097749,0.12100799999999999,0.125967
2011-11-30,-0.017822,-0.003329,-0.002062,-0.000126,0.008587000000000001,-0.026311
2011-12-31,-0.004817,0.007411,0.011913,-0.0007049999999999999,0.018445,0.013458000000000001
2012-01-31,0.081922,0.068371,0.057847,0.054348,0.033745,0.059800000000000006
2012-02-29,0.034390000000000004,0.024131999999999997,0.028791999999999998,0.045943,0.036663,0.059972000000000004
2012-03-31,0.023426999999999996,0.028346,0.031575,0.036962,0.012664,0.052676
2012-04-30,-0.013493999999999999,-0.020767,-0.008066,-0.004581,-0.0012839999999999998,-0.025453999999999997
2012-05-31,-0.065523,-0.06480999999999999,-0.05992,-0.054584,-0.059932,-0.07924199999999999
2012-06-30,0.057483000000000006,0.042984999999999995,0.047247000000000004,0.029849999999999998,0.045336999999999995,0.051032
2012-07-31,-0.032796,-0.009845,-0.017162,0.012724,0.014341,-0.004061
2012-08-31,0.033194,0.032173,0.036929,0.023801000000000003,0.01892,0.044627
2012-09-30,0.031695,0.034707,0.040831,0.019326,0.031889,0.042534999999999996
2012-10-31,-0.038689,-0.013693,-0.00832,-0.024819,-0.018319000000000002,0.015271999999999999
2012-11-30,0.011085000000000001,0.010609,0.007962,0.01109,0.003701,-0.003071
2012-12-31,0.026522,0.034758,0.044725,-0.001685,0.012836,0.049768
2013-01-31,0.067845,0.062504,0.058586,0.045173,0.060479000000000005,0.074721
2013-02-28,0.009472000000000001,0.008641,0.013586,0.013421,0.013915,0.013458000000000001
2013-03-31,0.05196799999999999,0.046068,0.045102,0.037779,0.04027,0.040253
2013-04-30,-0.007187,-0.010059,-0.000997,0.018352999999999998,0.013407,0.020948
2013-05-31,0.049867,0.052522,0.053396,0.019679,0.015691,0.069468
2013-06-30,-0.002157,0.003377,-0.001653,-0.017284,-0.003795,-0.018703
2013-07-31,0.073396,0.070643,0.078666,0.055982000000000004,0.049886999999999994,0.06240300000000001
2013-08-31,-0.00997,-0.034798,-0.038317000000000004,-0.017647,-0.031006,-0.043914999999999996
2013-09-30,0.06316,0.064137,0.056075999999999994,0.040515999999999996,0.032033,0.024009999999999997
2013-10-31,0.010864,0.030274000000000002,0.039547,0.041769999999999995,0.0481,0.037572999999999995
2013-11-30,0.053271,0.039806,0.044652000000000004,0.033511,0.018992,0.045859
2013-12-31,0.018213,0.028605000000000002,0.01889,0.021428,0.036717,0.020839
2014-01-31,-0.0024720000000000002,-0.038405999999999996,-0.036779,-0.032839,-0.034279000000000004,-0.03831
2014-02-28,0.040422,0.048572,0.051794,0.050543,0.047421,0.032153
2014-03-31,-0.034472,0.011062,0.013297000000000002,-0.005947,0.007518,0.044219999999999995
2014-04-30,-0.06393900000000001,-0.031842999999999996,-0.026802000000000003,0.0038629999999999997,0.007816,-0.008866
2014-05-31,-0.007344000000000001,0.010744,0.0007599999999999999,0.024424,0.020852,0.014244000000000001
2014-06-30,0.07194600000000001,0.05005899999999999,0.044411,0.016772,0.027878,0.030156000000000002
2014-07-31,-0.06254900000000001,-0.063128,-0.054162999999999996,-0.014214,-0.016024,-0.024256000000000003
2014-08-31,0.049852,0.04096,0.04473,0.048069,0.033371,0.0418
2014-09-30,-0.044418,-0.052575000000000004,-0.064605,-0.00945,-0.025695000000000003,-0.018613
2014-10-31,0.07132100000000001,0.05802399999999999,0.052299,0.028034,0.01765,0.014376
2014-11-30,0.017911,-0.0021390000000000003,-0.010462,0.036991,0.027163,0.002797
2014-12-31,0.0206,0.027721,0.032440000000000004,-0.013413999999999999,0.001097,0.017162
2015-01-31,-0.028233,-0.049131,-0.051172,-0.015996999999999997,-0.032813,-0.062144000000000005
2015-02-28,0.076879,0.069324,0.050776,0.064563,0.059310999999999996,0.054888000000000006
2015-03-31,0.020438,0.018382,0.011901,-0.013536,-0.014794,-0.012578
2015-04-30,-0.031932999999999996,-0.020634,-0.007109,0.00356,0.011543000000000001,0.014804
2015-05-31,0.028172000000000003,0.0274,0.009398,0.012124999999999999,0.015550999999999999,0.008742999999999999
2015-06-30,0.027205,0.002996,0.005920999999999999,-0.018439,-0.019906999999999998,-0.013590999999999999
2015-07-31,-0.0021290000000000002,-0.023842,-0.056488,0.029533,0.012350000000000002,0.000785
2015-08-31,-0.092448,-0.047481999999999996,-0.033119,-0.06170200000000001,-0.056359000000000006,-0.065957
2015-09-30,-0.077949,-0.046727,-0.047033,-0.022302,-0.028238,-0.042199
2015-10-31,0.04998300000000001,0.06426899999999999,0.057143,0.080497,0.084024,0.063982
2015-11-30,0.056722,0.033708,0.036356,0.004989,-0.002277,0.01668
2015-12-31,-0.038774,-0.048868,-0.067883,-0.01321,-0.022948,-0.035464999999999997
2016-01-31,-0.14067,-0.076345,-0.069385,-0.051458000000000004,-0.051697,-0.081214
2016-02-29,-0.006731,0.009097,0.0036720000000000004,0.00038899999999999997,0.0059440000000000005,-0.022203
2016-03-31,0.07549299999999999,0.078864,0.08405599999999999,0.065927,0.068068,0.08182
2016-04-30,0.027559,0.011342000000000001,0.038426,-0.0061329999999999996,0.01295,0.047374
2016-05-31,0.022931,0.012499,0.005333,0.021436999999999998,0.01794,0.006686
2016-06-30,0.002938,-0.004615,-0.000494,0.000248,0.0057220000000000005,-0.026061
2016-07-31,0.06981,0.05577,0.057111999999999996,0.049402999999999996,0.022649,0.037228
2016-08-31,0.012935,0.026469,0.032566000000000005,-0.0050539999999999995,0.003347,0.0387
2016-09-30,0.032016,0.013212,0.016952000000000002,0.004551,-0.000621,-0.004128
2016-10-31,-0.08141400000000001,-0.051448,-0.03021,-0.019855,-0.022665,0.011236999999999999
2016-11-30,0.08953,0.12455999999999999,0.149284,0.019119,0.051144999999999996,0.125067
2016-12-31,-0.0038209999999999997,0.029084,0.044641,0.013675,0.017482,0.034618
2017-01-31,0.019581,-0.001598,-0.00687,0.032651,0.009401,0.003976
2017-02-28,0.030169,0.011474999999999999,0.0028870000000000002,0.043007,0.025709,0.040320999999999996
2017-03-31,0.022671999999999998,0.000893,-0.006876,0.011308,-0.0028039999999999996,-0.025678
2017-04-30,0.01803,0.014012,0.006429000000000001,0.020664,0.006677,-0.008741
2017-05-31,-0.008601,-0.016289,-0.037975,0.029142,0.0012640000000000001,-0.017797
2017-06-30,0.047675,0.031371,0.0339,-0.0012180000000000001,0.005278000000000001,0.042588
2017-07-31,0.007562999999999999,0.005139,0.00607,0.024458999999999998,0.016599,0.021291
2017-08-31,-0.0060750000000000005,-0.020323,-0.023948999999999998,0.012797000000000001,-0.001138,-0.011861
2017-09-30,0.053898,0.083335,0.083321,0.013574,0.02632,0.047112
2017-10-31,0.0042380000000000004,0.0032029999999999997,0.009564,0.031187,0.015283,0.028534
2017-11-30,0.02689,0.027083,0.02609,0.033301,0.032631,0.032233
2017-12-31,0.008669,-0.0075970000000000005,-8.6e-05,0.009752,0.011396,0.019432
2018-01-31,0.031030000000000002,0.029959,0.017317,0.06487,0.056016,0.052282
2018-02-28,-0.030365000000000003,-0.037578,-0.037691,-0.025823,-0.047487,-0.040418
2018-03-31,0.013871,0.009756,0.019093,-0.023686,-0.022008,-0.033123
2018-04-30,0.011463000000000001,0.01089,0.023296,0.0063880000000000004,0.0014089999999999999,0.005104
2018-05-31,0.079043,0.07488500000000001,0.057217000000000004,0.037946,0.018948,-0.003068
2018-06-30,0.028647,0.002208,0.005879,0.010938000000000002,0.005423,-0.012942
2018-07-31,0.013884,0.021798,0.010896999999999999,0.0335,0.033616,0.046300999999999995
2018-08-31,0.056017000000000004,0.03356,0.023368000000000003,0.053633,0.017057,0.008053
2018-09-30,-0.018739,-0.02686,-0.028052,0.005865,0.006444999999999999,-0.017273
2018-10-31,-0.132357,-0.113998,-0.091464,-0.08173400000000001,-0.060046999999999996,-0.055113
2018-11-30,0.009163,0.021747000000000002,0.008823,0.014905,0.024248,0.022525
2018-12-31,-0.119577,-0.119172,-0.126035,-0.083917,-0.095629,-0.115893
2019-01-31,0.126604,0.10362,0.10942500000000001,0.081867,0.083753,0.091228
2019-02-28,0.064012,0.050365,0.036230000000000005,0.03751,0.039608,0.012126
2019-03-31,-0.006606999999999999,-0.028288999999999998,-0.042522000000000004,0.027756,0.004698,-0.019074999999999998
2019-04-30,0.023072,0.040603999999999994,0.03249,0.04015,0.034695000000000004,0.073408
2019-05-31,-0.069642,-0.083096,-0.098972,-0.063436,-0.067275,-0.083074
2019-06-30,0.081167,0.077753,0.064066,0.070246,0.07485,0.074547
2019-07-31,-0.007943,0.006633,-0.005671000000000001,0.018142000000000002,0.007711,0.025959
2019-08-31,-0.041881,-0.058094,-0.08101599999999999,-0.010067,-0.032926000000000004,-0.066243
2019-09-30,-0.024876999999999996,0.038794,0.055824,0.003165,0.037998,0.057603
2019-10-31,0.043906,0.025172,0.006561,0.026116,0.016505000000000002,0.025062
2019-11-30,0.06055,0.03257,0.03451,0.043848000000000005,0.032101000000000005,0.029977999999999998
2019-12-31,0.027477,0.043319,0.048009,0.027607,0.026801,0.041615
2020-01-31,-0.018451,-0.041707999999999995,-0.081554,0.016835,-0.020916999999999998,-0.044494
2020-02-29,-0.061475999999999996,-0.087271,-0.099621,-0.07063900000000001,-0.101278,-0.108927
2020-03-31,-0.185028,-0.214608,-0.278606,-0.089685,-0.17504,-0.272698
2020-04-30,0.179699,0.131113,0.156046,0.143297,0.108382,0.140144
2020-05-31,0.112881,0.048182,0.040385,0.060603,0.035699999999999996,0.03308
2020-06-30,0.054202,0.024340999999999998,0.035394999999999996,0.035369000000000005,-0.012215,0.010684
2020-07-31,0.017817,0.028678,0.025211,0.072611,0.033216,0.03641
2020-08-31,0.072731,0.045793999999999994,0.05379,0.09448600000000001,0.030655,0.053027
2020-09-30,-0.004846,-0.044650999999999996,-0.058077,-0.041592000000000004,-0.025051999999999998,-0.042679
2020-10-31,0.0060799999999999995,0.025169,0.061986,-0.028713000000000002,-0.008409999999999999,0.000284
2020-11-30,0.231461,0.176956,0.196377,0.104755,0.143932,0.181738
2020-12-31,0.129246,0.08083800000000001,0.084115,0.044544,0.043144,0.056109
2021-01-31,0.05489,0.050384000000000005,0.105172,-0.0058909999999999995,-0.0059240000000000004,0.008206999999999999
2021-02-28,0.056735,0.09479599999999999,0.093476,0.003673,0.06979,0.11086299999999999
2021-03-31,-0.026063,0.030283,0.071991,0.023214000000000002,0.050766,0.07222100000000001
2021-04-30,0.026084999999999997,0.015098,0.012145999999999999,0.06098,0.033361,0.054542
2021-05-31,-0.015731,0.014882,0.060538999999999996,-0.009815,0.020865,0.054776
2021-06-30,0.05592,0.00434,-0.013579,0.048160999999999995,-0.012979000000000001,-0.039585
2021-07-31,-0.055778999999999995,-0.018511,-0.036371,0.031057,0.00032300000000000004,-0.024207999999999997
2021-08-31,0.026341999999999997,0.015398,0.028111999999999998,0.035741,0.014391000000000001,0.029411999999999997
2021-09-30,-0.044644,-0.034196,0.003737,-0.0545,-0.039867,-0.000561
2021-10-31,0.031679,0.038446,0.037721,0.080166,0.032172,0.063446
2021-11-30,-0.070826,-0.013597999999999999,-0.036708,-0.003229,-0.034009,-0.044678
2021-12-31,0.00018700000000000002,0.041159,0.044662,0.026006,0.062339000000000006,0.046631
2022-01-31,-0.133011,-0.090464,-0.009903,-0.07958599999999999,-0.030451000000000002,0.054471
2022-02-28,-0.000121,0.0121,0.021431,-0.035514000000000004,8.9e-05,0.004079
2022-03-31,0.020387,0.010101,0.0054730000000000004,0.043282,0.01905,0.020191
2022-04-30,-0.13486599999999999,-0.08436,-0.055853,-0.105996,-0.067287,-0.061384
2022-05-31,-0.043363,0.016977,0.040799,-0.026214,0.037559,0.058341000000000004
2022-06-30,-0.043705999999999995,-0.067082,-0.112006,-0.07246999999999999,-0.08826200000000001,-0.124239
2022-07-31,0.135064,0.107296,0.08736000000000001,0.11429700000000001,0.051354,0.07897599999999999
2022-08-31,0.004112,-0.022274,-0.023389000000000004,-0.047195,-0.020362,-0.016185
2022-09-30,-0.09371700000000001,-0.099132,-0.098245,-0.091511,-0.090459,-0.08629899999999999
2022-10-31,0.071574,0.10173600000000001,0.138038,0.055008999999999995,0.108139,0.148008
2022-11-30,-0.006547,0.027951999999999998,0.025889000000000002,0.051276999999999996,0.054644000000000005,0.048528
2022-12-31,-0.059699999999999996,-0.068454,-0.055393,-0.071642,-0.039815,-0.049225000000000005
2023-01-31,0.138577,0.11224600000000001,0.081888,0.074999,0.054509999999999996,0.052983
2023-02-28,-0.025005000000000003,-0.013517,-0.017617,-0.013928000000000001,-0.036409,-0.037408000000000004
2023-03-31,-0.035646,-0.033666999999999996,-0.093994,0.067324,-0.010943000000000001,-0.055395
2023-04-30,-0.013033999999999999,-0.022239,-0.026425999999999998,0.010385,0.007641,0.021385
2023-05-31,0.008977,0.012496,-0.043545999999999994,0.039734,-0.046074000000000004,-0.06361699999999999
2023-06-30,0.075243,0.079969,0.082166,0.071446,0.059255,0.061955
2023-07-31,0.051347,0.063576,0.09177099999999999,0.0291,0.046058,0.069901
2023-08-31,-0.077651,-0.054284,-0.054208,-0.00885,-0.028158,-0.055239
2023-09-30,-0.06768099999999999,-0.058294,-0.060885999999999996,-0.053968999999999996,-0.027104,-0.0308
2023-10-31,-0.091206,-0.060284000000000004,-0.061981,-0.018077,-0.036048,-0.043261
2023-11-30,0.097562,0.08940899999999999,0.10417,0.09554,0.076289,0.122418
2023-12-31,0.122728,0.11911899999999999,0.153133,0.042538,0.053928000000000004,0.109996
2024-01-31,-0.041107,-0.041740000000000006,-0.051387999999999996,0.017436,0.019721,-0.019973
2024-02-29,0.065152,0.050833,0.023902,0.055452,0.064016,0.028126
2024-03-31,0.010868,0.029192,0.036759,0.023452,0.047465,0.080831
2024-04-30,-0.080085,-0.068609,-0.063275,-0.032944,-0.048844000000000005,-0.058788
2024-05-31,0.05649,0.047413,0.042979,0.056014,0.031718,0.043303
2024-06-30,-0.0069099999999999995,-0.02635,-0.017236,0.05142,-0.006506,-0.005397
2024-07-31,0.085701,0.098479,0.130178,-0.002735,0.048656,0.064169
2024-08-31,0.00151,-0.022458999999999996,-0.022353,0.023738000000000002,0.012894000000000001,0.024912
2024-09-30,0.016476,0.010099,-0.001132,0.028538,0.009284,-0.008386
2024-10-31,-0.0010299999999999999,-0.015443,-0.010417000000000001,-0.008626,-0.008634,0.018926000000000002
2024-11-30,0.143698,0.10836499999999999,0.112187,0.064479,0.061586999999999996,0.103547
2024-12-31,-0.069475,-0.08569800000000001,-0.071094,-0.007944,-0.071504,-0.065713
2025-01-31,0.0187,0.029781,0.019118,0.026518,0.039673,0.061349
2025-02-28,-0.075758,-0.07016700000000001,-0.035186,-0.031236,-0.001877,0.024974
2025-03-31,-0.078675,-0.071727,-0.063221,-0.074328,-0.025356,-0.032328
2025-04-30,-0.011533999999999999,-0.023902999999999997,-0.044015000000000006,0.00825,-0.045694,-0.025013
2025-05-31,0.063267,0.044084000000000005,0.053216,0.077774,0.03276,0.031698
2025-06-30,0.064911,0.05633200000000001,0.046811,0.055999,0.045149,0.04555
2025-07-31,0.017863,0.014098999999999999,0.020999,0.029662,0.014202,0.0008709999999999999
2025-08-31,0.057838,0.074266,0.092436,0.014612,0.026789,0.068837
2025-09-30,0.007058,0.018693,0.007855,0.047766,0.014555,0.028479
2025-10-31,0.023323999999999998,0.017417000000000002,-0.015464,0.033566,-0.000683,0.017309
2025-11-30,0.003569,0.022204,0.035604,-0.007347,0.02008,0.032934
2025-12-31,-0.00045,0.009170000000000001,0.0036780000000000003,-0.005268,0.010458,0.037871
2026-01-31,0.013312999999999998,0.060723,0.06493,-0.0008269999999999999,0.05177,0.023979
2026-02-28,-0.024873,0.020804,0.012710999999999998,-0.021553,0.028196,-0.00491
2026-03-31,-0.053172,-0.046647,-0.005661,-0.054873000000000005,-0.029058,-0.034224000000000004
2026-04-30,0.128826,0.108683,0.081318,0.113245,0.065103,0.137285
2026-05-31,0.03658,0.027511,0.020594,0.055235000000000006,0.05192,0.028133
