,SMALL LoBETA,ME1 BETA2,ME1 BETA3,ME1 BETA4,SMALL HiBETA,ME2 BETA1,ME2 BETA2,ME2 BETA3,ME2 BETA4,ME2 BETA5,ME3 BETA1,ME3 BETA2,ME3 BETA3,ME3 BETA4,ME3 BETA5,ME4 BETA1,ME4 BETA2,ME4 BETA3,ME4 BETA4,ME4 BETA5,BIG LoBETA,ME5 BETA2,ME5 BETA3,ME5 BETA4,BIG HiBETA
196307,13.93,14.331,13.94,13.7335,12.1907,36.0734,37.1209,35.6258,37.2956,35.9077,74.7535,76.5513,74.4138,73.4988,71.5407,179.6465,182.3735,190.8577,186.8342,176.617,1057.7941,1860.7478,1151.7424,1072.0935,657.8307
196308,13.9984,14.2516,13.9459,13.6651,12.3286,35.5033,36.9726,35.5179,36.4496,35.1454,74.5026,75.0078,72.0533,71.3378,70.3679,179.1349,179.1949,185.959,182.731,173.7829,1070.2641,1865.8005,1137.6096,1066.1806,663.7439
196309,14.1127,14.8431,14.2773,13.9005,12.7576,35.6929,38.1604,36.3011,38.2901,38.5788,76.2029,78.2248,75.1746,74.4058,75.5123,184.2922,186.7492,195.048,194.3538,189.9238,1105.8288,1947.9823,1201.6041,1131.7613,738.4908
196310,14.0901,14.4663,14.1888,13.73,12.3116,35.2957,37.1666,34.9008,37.923,37.1857,75.0594,77.4964,73.4024,73.3392,72.8335,180.4969,182.4338,193.121,185.5244,181.0827,1070.8875,1931.222,1193.701,1128.6086,729.4533
196311,13.9347,14.5544,14.4308,14.2819,12.5672,36.1674,37.9602,35.2924,39.0495,38.7533,75.9942,78.9265,73.9825,76.005,73.711,180.9136,182.8134,194.3034,188.3067,188.3668,1075.2434,2003.4393,1221.835,1204.7095,772.3348
196312,13.9865,14.1625,14.1902,14.1092,12.3168,36.3827,37.9212,34.7013,38.5347,38.1868,74.3302,77.7171,71.9089,74.3124,73.2443,180.243,180.4073,192.2619,187.3816,188.7613,1060.0012,1970.8773,1195.0723,1189.6856,775.8655
196401,13.752,14.4084,14.7788,13.7816,12.2111,35.859,38.2848,35.0661,38.2915,38.4069,74.0254,78.6734,72.142,74.8702,74.8639,180.3384,184.3427,201.3979,195.5382,191.9028,1099.1812,2015.1569,1237.2076,1228.902,802.5535
196402,14.1462,14.9997,15.1167,14.3398,12.5282,36.3309,39.1484,36.2535,39.4111,39.0868,74.3929,80.7056,73.2902,76.7841,77.1023,183.3086,184.6953,205.1284,197.2767,193.4858,1130.86,2069.8311,1263.2796,1278.5343,808.2291
196403,14.2486,15.4931,15.3029,14.7569,12.9481,37.3024,40.3054,37.8249,40.42,40.8273,76.0754,82.0432,75.1413,78.2969,79.3623,188.7588,189.1918,206.9241,202.5979,203.6115,1135.2983,2094.7797,1288.6051,1311.0894,816.8937
196404,14.6913,15.8662,15.9335,15.4686,13.1611,38.0607,41.5284,38.9665,41.5317,43.7298,76.1029,85.8919,77.3976,83.7022,82.8968,191.4352,193.3793,213.0782,209.8485,214.4941,1142.9006,2099.9139,1311.3432,1343.4664,873.3042
196405,14.863,15.9151,15.8845,15.2375,13.106,38.2619,41.8148,39.3838,42.7001,42.2,76.9283,85.7466,76.8651,81.0217,80.7247,190.9185,191.3973,210.9068,207.6472,212.6492,1172.5921,2140.2581,1302.3302,1302.8473,846.0709
196406,14.9353,15.8996,15.7842,15.422,13.1027,39.4577,42.9869,40.0117,42.9223,43.5548,77.064,86.5326,77.6062,81.2608,82.9147,192.3186,193.6083,214.4616,212.8659,213.188,1187.4788,2154.3945,1316.434,1326.0772,878.4418
196407,8.9844,11.861,11.327,11.3205,8.6439,37.6992,37.7061,40.2943,39.3144,41.4709,80.5331,80.171,82.4585,80.2311,79.8581,200.2035,211.0452,216.3662,171.659,202.5205,2126.2398,1573.2772,1385.2657,1109.5469,715.4211
196408,9.2723,12.0281,11.6436,11.7358,8.9179,39.3776,38.8262,41.0609,40.887,41.8135,82.2793,82.4526,84.4592,81.8771,81.8967,207.0003,218.0063,221.0967,175.0043,201.6481,2151.5147,1628.4236,1412.5954,1107.4216,723.4147
196409,9.3202,11.8877,11.4063,11.5837,8.7848,39.1552,38.7325,40.5441,40.272,40.4934,81.6102,81.2225,83.9763,82.007,79.8915,208.6305,216.6125,220.4503,173.0326,196.6173,2114.3665,1611.6309,1383.0925,1074.1298,708.3602
196410,9.6876,12.0612,11.8891,12.1142,9.237,39.938,39.7923,41.7496,41.2565,42.2378,83.7381,83.1781,87.5345,83.6347,82.013,215.7904,223.8189,225.2157,182.741,205.2876,2138.6101,1662.514,1433.2982,1100.3812,756.9339
196411,9.844,12.2997,12.3284,12.3118,9.4275,40.5097,40.1786,42.651,41.9692,42.156,86.153,84.9065,88.7114,84.2061,84.9489,220.8074,227.3809,228.4154,183.3819,207.1801,2146.8512,1686.0952,1447.1663,1080.7325,747.3041
196412,9.8876,12.3951,12.483,12.4155,9.3174,39.9156,40.1119,42.4179,41.4652,41.3666,87.2466,84.2643,89.2002,84.0495,84.3237,222.0398,227.1029,227.0747,180.3541,205.7173,2144.0304,1675.7265,1426.0459,1065.4198,707.1024
196501,9.7413,12.2774,12.4592,12.2414,9.1336,39.9379,40.8246,41.43,41.6264,41.5525,89.4456,84.1502,87.8851,82.7045,86.0745,221.8074,225.2104,230.5103,181.8971,198.6767,2201.2888,1692.0601,1438.0567,1071.7638,726.378
196502,10.3939,12.6009,13.2571,13.2791,9.9057,42.3537,42.4965,43.6849,44.1396,44.5883,93.997,88.4104,92.9847,88.0402,91.2513,229.4739,236.7042,244.1126,190.7771,212.799,2217.1252,1751.4777,1498.228,1140.4894,766.9434
196503,10.6065,12.8409,13.7475,13.5535,10.0599,44.2528,42.9208,46.382,45.8023,46.0353,96.9551,88.6022,95.2778,91.4073,96.1209,234.6586,239.8277,249.0344,199.3295,226.3616,2183.8851,1725.5833,1505.8078,1163.2144,797.2694
196504,10.8699,13.2714,13.9257,13.7298,10.314,44.0961,43.2256,46.5909,46.2977,45.4299,97.5966,90.1912,94.2834,92.0645,95.269,233.5087,238.1915,246.3733,199.1674,226.8064,2146.1016,1713.3471,1468.9199,1150.0041,791.4658
196505,11.3494,14.0501,14.5661,14.356,10.8164,45.9527,44.2581,49.0052,48.4528,47.3499,100.8658,92.3493,98.662,94.1188,101.5844,240.3441,246.0125,252.8174,207.2934,238.8506,2178.5799,1779.084,1526.234,1205.8598,825.0015
196506,11.3164,13.9476,14.6539,14.171,10.6853,44.4793,43.2846,48.6839,47.7166,47.085,99.1619,90.9742,98.2477,93.0112,101.4572,238.6179,241.7033,249.0379,205.1516,238.1722,2188.4942,1742.1734,1525.2652,1192.4354,803.1713
196507,10.4043,11.9267,11.9422,11.8064,9.6836,40.3158,42.1853,41.4171,42.6929,41.731,93.1196,89.2864,87.7139,84.2222,81.556,216.5664,225.792,220.9445,193.2601,213.549,1841.0022,2049.4262,1075.5232,1310.768,637.8154
196508,10.709,12.1949,12.4374,12.1248,9.9281,41.5542,43.5018,42.0512,43.8138,43.6185,97.1843,90.806,91.4524,86.374,85.5213,223.185,231.3125,227.9955,202.1317,221.0058,1887.6337,2060.0103,1076.3888,1337.0114,696.1953
196509,10.8277,12.566,12.6746,12.5955,10.606,42.045,45.6664,43.8113,45.2998,46.6964,101.1737,93.3171,97.3552,91.695,92.3335,227.3136,239.1413,235.1773,212.1777,234.8812,1897.7134,2096.1862,1111.351,1390.8767,750.9514
196510,11.0241,12.7027,13.171,13.058,11.0093,43.2738,46.5318,44.6713,46.735,49.2341,102.2417,95.0259,101.5949,94.672,97.2336,232.0088,244.4081,239.6183,218.4327,248.4052,1986.3724,2137.7132,1130.047,1425.5473,792.3271
196511,11.5834,13.9331,13.9691,14.2373,11.9944,45.0003,48.4312,47.0202,50.4997,52.1803,102.5375,98.1513,108.3272,99.3106,104.6614,237.4438,251.886,247.9718,230.0929,262.6055,2034.4529,2169.1686,1152.2925,1471.4524,852.1634
196512,11.8844,14.9213,14.9562,14.9809,12.8029,45.9929,50.5229,49.0786,53.5914,54.6031,109.8752,99.4302,109.4041,101.3568,110.4146,242.1459,253.0262,252.54,246.6316,277.0529,1989.1328,2092.4995,1164.2212,1489.4747,913.8813
196601,12.5403,15.5483,17.6873,15.5701,13.5866,46.3621,51.7854,52.7924,58.4083,57.1928,108.6539,102.3389,117.1462,105.9938,119.2198,246.2955,257.3805,256.102,259.8818,304.2854,2006.1347,2130.7965,1187.015,1501.7879,980.1824
196602,13.3148,16.8486,19.1882,16.9493,14.8153,49.078,53.8637,55.2169,64.2432,60.8462,112.2265,104.1251,122.1095,109.8885,125.2475,250.5525,264.4778,263.9665,272.0362,314.3623,2003.1071,2136.5925,1182.5495,1517.3946,1059.2446
196603,13.8079,16.9273,19.9755,17.9036,15.9861,50.332,54.2213,55.9594,67.3288,62.5799,110.4214,102.9704,126.6001,113.8642,131.1047,246.3401,256.7778,259.7218,279.2373,329.7898,1926.0965,2078.4703,1157.0752,1526.2372,1131.6374
196604,13.8239,16.947,19.6591,17.8008,15.8648,48.8925,52.4473,55.7835,66.7137,60.9155,107.8419,100.5344,121.712,108.992,127.2601,240.8322,251.5008,251.4842,274.2551,324.9274,1874.5544,2028.0377,1117.6907,1514.4545,1149.0845
196605,14.402,17.8515,21.0764,18.5899,17.0623,51.4224,53.8273,57.8676,71.6717,66.2248,108.4914,103.774,125.2032,112.9038,135.5995,241.6849,255.3546,259.3009,283.0095,346.1233,1896.9298,2053.1132,1125.7086,1595.9403,1179.2881
196606,13.198,16.4072,18.4621,16.3066,14.3373,47.0884,49.5049,51.0221,64.8955,58.3472,102.9433,99.5609,113.9112,101.9017,118.6497,228.0755,241.3781,242.4276,260.9783,313.4198,1796.1903,1972.3319,1078.7311,1522.0451,1051.6032
196607,12.692,13.9232,15.1567,14.8246,13.0357,51.0708,50.1738,50.0451,52.1515,47.7522,105.0108,98.2753,104.7248,98.854,101.9815,247.312,248.5223,248.5941,236.0063,217.6598,1753.0285,1895.0905,939.2402,1766.3494,1006.0943
196608,12.4812,13.7974,14.9249,14.3131,12.798,50.0216,49.6993,49.8081,50.8794,46.1006,105.0542,96.7138,105.1612,98.1443,99.7171,247.8438,242.2433,246.4398,231.6615,212.3574,1738.1799,1879.3915,936.5652,1708.7569,985.608
196609,11.2001,12.3793,13.2875,12.6416,11.1911,44.6322,44.4105,44.3538,45.1137,41.0382,95.0931,89.7029,94.436,88.3252,90.1276,228.5678,217.3345,227.7554,212.7137,191.7545,1614.7577,1730.0879,863.4224,1587.8078,908.1408
196610,10.9587,12.1167,13.0442,12.4455,10.9526,44.4942,43.4692,42.9501,44.4041,39.7996,94.503,89.0497,94.4749,85.8713,87.1319,231.6583,218.8501,225.7211,205.7273,177.9726,1642.1642,1746.4466,853.0788,1550.8624,847.909
196611,10.5966,11.8335,12.4637,12.0425,10.3532,44.4146,43.4788,43.0759,43.963,37.7667,96.2668,91.9907,95.2907,88.2532,87.0863,239.8479,229.0329,231.8199,210.5935,172.452,1779.9815,1839.5054,899.6443,1592.7036,825.5848
196612,10.8473,12.1514,12.9289,12.494,10.8992,45.5687,44.3031,43.272,45.6829,40.1076,96.545,94.7936,96.666,91.9003,94.0944,241.0091,232.0891,238.4977,215.706,191.5821,1731.354,1800.0472,906.7595,1693.7783,928.0966
196701,10.9508,11.9153,13.344,12.751,11.4721,45.3548,47.878,43.9422,47.2826,42.0149,98.1407,97.6294,100.5472,94.5582,100.2943,245.8784,240.5025,250.7533,223.8771,206.6954,1762.7363,1793.2793,923.1184,1687.7718,926.7419
196702,12.6391,14.0304,15.7205,15.1999,13.971,51.0327,56.2662,52.0157,55.9497,51.2779,107.8929,107.6311,115.1313,107.9817,118.4195,264.5177,258.2081,268.3912,252.7618,239.103,1830.2413,1925.3899,995.0029,1852.6311,1025.0933
196703,13.3814,14.6135,16.473,15.9218,14.7968,53.374,57.3258,53.0789,57.2198,52.8779,107.3537,109.0327,115.1155,110.2095,121.0012,263.857,259.2243,272.1685,252.6052,246.9097,1808.2232,1922.0046,998.0915,1917.1487,1033.6131
196704,14.2553,15.4828,17.3519,17.2768,15.7243,57.5867,57.8189,55.4388,61.2745,56.6453,110.4517,113.5574,120.6682,120.2233,127.8042,274.9762,269.4632,288.0993,266.8244,258.0987,1868.4276,1971.5843,1049.5459,2009.4801,1093.5014
196705,15.0076,15.9504,18.2185,18.2525,16.5122,59.5565,61.1707,57.7442,63.4858,57.8996,112.5572,113.2432,123.7484,127.4219,134.4224,284.165,279.9297,302.8047,276.8953,274.6866,1878.1425,2068.5277,1086.833,2144.163,1171.8416
196706,14.9047,16.3083,18.069,18.208,16.6565,59.1694,59.6682,56.2392,61.628,56.5841,111.7253,109.8167,119.8004,126.9898,130.0547,279.0903,270.3895,292.0946,276.0233,272.675,1789.8889,1956.4983,1030.8957,2020.3402,1089.3322
196707,15.3498,16.518,17.0383,18.0917,17.3058,60.9156,59.1799,60.2353,60.4624,60.9129,118.8877,129.2905,121.7405,122.495,118.2022,309.8554,293.4151,293.8664,261.8864,263.2904,1867.7405,1463.6916,2356.5109,1021.6853,901.6755
196708,16.9403,17.7906,18.4858,20.1027,19.3035,64.9917,63.6836,65.7487,65.0894,66.359,126.2848,138.6751,127.8827,130.9089,126.8764,319.7744,310.0276,309.4517,282.8495,279.0375,1894.3597,1547.6793,2468.0788,1090.4091,972.4229
196709,17.0459,18.0049,18.6937,20.021,19.5594,63.7935,62.9689,66.0994,64.9126,65.3512,126.5007,141.5937,129.6975,129.5586,125.6159,321.2317,309.5618,307.6603,279.9826,277.5656,1852.1467,1531.1147,2438.4477,1097.7237,966.7881
196710,18.2321,19.5475,19.6484,21.6293,21.3228,66.2289,66.8873,69.2738,66.5436,69.1359,130.8951,147.8036,134.9304,132.5093,129.459,327.2317,313.4622,312.5107,288.1054,289.2117,1900.1895,1560.4321,2569.8989,1129.4103,978.3972
196711,17.8359,19.9848,19.0768,21.378,20.9349,64.5686,65.4595,67.8663,63.0122,67.4164,127.9226,143.843,130.745,125.5806,126.6653,308.5567,296.7702,302.8231,270.6453,274.7827,1866.473,1498.004,2533.691,1101.9986,945.2516
196712,17.7744,19.4953,18.8653,21.3604,20.9804,67.0726,65.1161,68.3444,62.8123,67.6908,128.6238,141.7573,129.5921,127.2377,129.0164,317.7764,295.4753,302.514,272.4732,278.6802,1871.9535,1512.6237,2521.8014,1105.2434,928.2052
196801,19.3369,20.982,20.7525,24.0408,24.444,74.9312,70.831,76.2639,69.8289,80.7122,133.7174,153.0608,140.7206,138.4667,146.8798,338.4355,310.0533,335.24,291.0458,322.0667,1924.2714,1564.6038,2636.0563,1176.5627,940.6709
196802,20.255,21.7097,21.6656,24.69,25.296,75.6151,70.1721,76.1905,69.5206,80.4762,133.916,150.5854,135.2889,134.1394,143.7586,327.7358,309.6485,323.0119,277.2056,304.4968,1904.9834,1494.8207,2485.4401,1071.9606,824.3205
196803,19.3538,20.4579,20.1028,22.9222,23.0143,71.3393,67.1566,72.9008,63.8429,71.9441,132.3609,143.2633,128.6179,128.5811,133.0735,318.4573,295.4878,309.0099,263.5416,277.969,1856.1823,1446.3678,2405.7979,1028.1743,814.3095
196804,19.2202,20.1368,20.1067,22.6451,22.6024,70.3441,64.7589,71.8901,62.7311,72.4924,129.4654,143.3134,129.6862,129.0951,132.9672,313.988,294.8172,307.4028,265.3905,282.1472,1845.6005,1454.9098,2455.1955,1045.9147,854.8519
196805,21.4034,23.0333,22.8956,26.6472,27.5315,80.5307,70.8507,81.4839,71.291,86.4841,140.0088,157.4676,145.5128,146.6142,156.4649,335.7991,324.7878,339.1567,298.8,316.6315,1918.3129,1581.004,2746.97,1168.7707,948.0294
196806,23.9914,25.3655,25.3749,29.9314,31.3928,83.7605,75.322,87.3417,79.9254,95.142,143.6059,165.718,152.9376,156.1414,169.8062,335.074,336.8059,356.0169,323.9577,330.007,1913.9799,1590.427,2796.1178,1176.7153,974.7559
196807,24.8197,26.9282,26.0335,28.9416,24.6993,85.142,81.9005,79.5291,86.2236,79.6115,157.0527,159.6362,152.9901,155.9708,148.3872,354.7902,360.5961,339.75,340.8892,313.8896,2087.7827,2434.8252,1535.0035,1307.1533,867.3704
196808,24.846,26.5581,25.5033,27.6468,24.4085,83.2673,79.0005,77.9536,81.5646,76.8703,153.6795,154.743,149.4778,149.8785,140.045,350.0705,352.5162,323.1837,323.6639,296.859,2128.5806,2331.0089,1471.9121,1264.8111,876.6808
196809,25.1083,27.6846,26.2072,28.7628,25.8577,82.6176,81.9803,79.8267,84.9114,79.7003,157.0614,158.412,154.0984,156.9668,145.8428,347.7714,360.9106,332.1631,335.2209,299.0409,2137.0195,2354.7989,1480.4015,1323.2334,873.035
196810,26.0411,29.1968,27.9824,30.4689,27.9934,86.9473,86.4288,85.8418,90.3714,85.3699,161.4957,166.2791,166.2481,169.7697,154.9606,360.2125,385.112,350.9935,364.2191,320.0698,2202.0367,2430.6572,1553.671,1374.6339,918.7962
196811,26.8836,29.5442,28.7856,31.0989,27.7256,89.4644,86.4984,88.5197,91.8348,83.7698,166.4155,171.4028,171.7668,167.2777,155.5536,360.0542,389.9388,358.2821,369.7534,319.6822,2260.8274,2381.075,1583.7974,1395.2266,939.0383
196812,28.2984,31.5816,31.0761,32.8211,29.8505,94.6635,94.6125,94.4337,99.1413,91.2812,180.1038,182.664,180.6101,182.7466,171.1055,389.3778,412.4249,375.8914,390.0324,349.7921,2384.9911,2489.4447,1621.6532,1466.5927,1045.8452
196901,28.3976,32.6185,34.0117,34.2695,32.1645,93.3334,95.7281,93.7237,102.4921,94.8773,182.0392,186.2093,183.8493,185.761,175.6815,373.287,422.6324,376.8629,385.0832,370.9726,2306.658,2401.8306,1601.0393,1470.1362,1131.6576
196902,27.9827,32.3451,33.6721,33.8206,32.1036,93.7824,94.1349,93.7537,101.0337,94.4554,182.9431,181.6994,179.399,184.1658,171.4425,377.0078,415.3844,374.5032,377.1732,371.2507,2310.9785,2348.7997,1593.5067,1433.4515,1122.6241
196903,25.7742,29.7929,30.5395,30.8393,27.9454,88.7421,85.9261,86.2066,93.2887,83.3647,172.5956,170.8368,168.5558,167.0657,153.939,350.9059,388.2679,351.2556,346.8745,331.2995,2192.4162,2268.8422,1529.0975,1344.0257,1009.171
196904,26.8507,30.1157,31.3506,32.0318,29.2973,87.4812,86.8391,86.3031,94.5171,87.0382,173.9376,171.4237,174.4337,171.5649,158.7186,348.5311,394.8212,360.2865,358.3117,337.545,2273.2421,2373.0996,1586.7278,1354.0981,1048.4802
196905,26.5282,30.0257,31.9095,31.6041,29.7285,86.1655,87.7155,87.4271,96.1721,89.5174,174.9593,172.361,178.943,171.6697,163.2345,350.1291,401.4693,367.6737,357.027,347.0306,2317.2763,2458.086,1612.2157,1362.7368,1099.7215
196906,27.0961,30.9171,32.4085,31.2264,30.132,84.8203,88.4626,86.234,95.3187,90.3461,177.7689,176.0621,180.4741,170.2326,159.3405,348.8144,398.4964,373.9101,351.5244,338.4654,2342.4735,2453.4771,1610.713,1343.2703,1090.3842
196907,23.5847,24.9763,24.465,25.1313,22.613,78.4865,75.8753,76.07,76.1854,77.3892,146.4019,150.6865,151.8055,148.6057,144.262,342.3124,340.2148,344.5881,318.3806,296.8609,2502.4913,2214.5757,1141.1224,973.2052,956.8474
196908,21.4828,22.5111,21.772,22.3586,19.8235,73.729,69.5392,69.3932,68.5236,68.5495,137.0925,138.511,138.9842,131.4808,128.451,328.4165,316.6399,315.8289,287.8922,272.565,2343.7122,2097.011,1086.015,904.6258,898.8205
196909,22.1274,23.51,21.7779,23.4415,20.8982,73.5024,71.9946,72.1498,72.9749,73.6013,138.1487,147.2571,148.9165,142.3758,143.4205,332.3661,336.4337,334.9251,300.5737,298.8428,2410.4685,2199.8651,1132.0796,964.5954,993.9712
196910,22.0608,23.2642,21.0087,22.6295,19.8939,72.2004,71.2895,70.5487,71.3683,73.1194,134.7354,146.3239,148.5251,136.9867,141.856,317.9414,325.4979,330.5587,298.9469,290.4018,2306.6887,2156.9899,1133.9919,912.6616,975.025
196911,22.8292,24.4129,23.0088,24.6796,22.2968,75.4955,76.3656,75.3675,78.28,80.7506,140.9094,156.9733,157.5748,150.7164,152.0653,338.978,345.3799,348.753,319.1469,319.2111,2384.6189,2256.171,1194.7699,992.6496,1031.7446
196912,21.65,22.9335,21.3934,23.1683,20.415,73.3531,73.4761,70.4794,73.9437,76.765,134.0644,149.5577,149.2589,141.9287,141.9143,323.4074,334.6132,335.6191,299.0205,303.9336,2283.4308,2185.4145,1178.5008,972.8254,1017.339
197001,19.4965,21.7984,19.7022,21.9958,19.135,68.4667,72.0117,68.7374,70.8008,74.28,130.3547,147.7664,150.0289,136.2501,148.2594,324.9942,337.8433,333.0512,293.952,314.5762,2251.2011,2203.8827,1182.2238,954.2439,1013.945
197002,19.3428,21.3334,19.2858,21.5398,18.2036,68.2147,69.7531,66.8549,65.7719,67.3861,128.2599,140.4121,139.211,125.2108,131.1549,307.1803,314.5715,302.0029,265.6007,283.7757,2091.081,2034.6182,1084.9937,840.2423,852.1854
197003,19.649,21.7572,19.6309,22.4665,18.8098,69.9385,71.5867,69.3915,71.1639,69.7681,132.9756,147.5461,141.9708,130.6774,139.1976,326.9963,322.7657,321.538,278.8358,305.7637,2219.6234,2127.2575,1124.0677,941.7781,874.6784
197004,19.6042,21.4312,19.2506,21.8829,17.8375,71.8236,72.1863,69.8501,68.5927,65.3167,137.9536,146.2241,140.9138,129.0277,133.5892,330.7628,323.5301,323.8457,275.8978,296.1515,2229.3704,2122.9467,1128.0444,918.4286,820.6642
197005,17.3414,18.872,16.8407,18.1556,13.8917,62.6727,63.6694,58.8439,57.6165,50.8651,125.8858,127.4109,121.5724,110.7866,107.2518,305.7401,287.8077,282.9612,238.9434,244.1125,2042.6081,1940.6926,1013.6956,810.317,669.6873
197006,15.8019,17.5183,14.7584,15.9781,12.6284,57.5246,57.977,53.8206,50.5433,44.7781,119.0366,116.2704,105.1563,97.766,93.7636,286.6937,265.4399,251.6629,206.778,221.8613,1965.1155,1812.3148,935.8404,730.6943,602.0025
197007,15.535,14.2364,12.4898,12.1607,11.3751,49.6687,47.8082,43.55,46.9551,42.4581,101.1292,96.7552,93.2048,92.3631,95.8921,243.655,239.7502,225.2114,230.3598,216.2228,1736.9653,1545.8121,862.2173,721.5144,653.5593
197008,15.9454,14.6758,13.128,12.8048,12.0725,53.0737,50.7602,46.9722,50.8183,45.2053,104.9824,104.1955,100.3694,100.1839,103.4031,261.9935,256.8887,250.3826,250.3622,236.4497,1876.1617,1630.5727,924.9165,802.9159,681.0066
197009,16.597,15.2331,13.8229,13.6547,12.9661,54.8923,52.3932,49.6176,55.0392,49.9161,109.3243,107.225,107.0062,107.7319,113.5862,269.9267,271.1877,258.6574,269.1806,266.0693,1932.7931,1712.3592,972.7214,869.6021,720.0352
197010,17.4291,17.6141,15.2205,15.4371,15.7323,57.8322,55.8897,54.6499,61.8116,59.7755,110.4426,112.7616,116.8869,119.7426,136.517,277.1649,282.5923,281.849,288.1367,293.963,1953.8327,1783.1654,1016.1637,925.3821,850.1466
197011,17.1387,16.8076,14.4837,14.4026,13.8408,57.0732,54.1638,51.7813,58.4173,54.3215,109.579,109.0978,113.8195,110.9967,123.3466,273.7963,275.2145,272.2209,276.448,268.8883,1956.1823,1773.3901,983.1623,852.2552,784.8969
197012,16.9937,16.5923,14.5195,14.2055,13.486,59.1408,56.5903,53.5496,60.2844,54.7366,115.0253,110.3221,117.2889,114.8112,127.285,291.2933,285.3019,286.5023,283.4139,280.832,2057.0404,1857.18,1032.3954,923.112,797.4792
197101,18.7151,17.7001,15.9545,15.869,14.9801,64.6464,61.0361,59.7918,69.8246,60.8651,121.9213,122.3468,130.9041,129.948,143.8558,314.3485,321.8251,314.0989,319.7676,312.8634,2175.0203,1987.543,1113.6138,984.5379,901.7038
197102,20.4366,19.8871,18.3661,18.2365,17.478,69.5138,67.5206,64.3466,77.6686,69.343,128.6144,131.5276,140.2237,144.2632,161.7035,328.2461,342.8527,335.9072,347.8835,352.4872,2231.8305,2073.0273,1192.8468,1084.3401,975.7267
197103,20.7651,20.8234,19.1144,19.1061,18.5273,68.5221,69.3711,65.6948,79.3867,71.0314,131.4543,136.0823,143.0697,145.6602,166.5995,327.9007,351.1016,345.5079,356.6601,366.32,2235.8869,2103.5654,1208.7733,1078.8549,966.2748
197104,21.5352,21.4939,20.7968,20.1639,19.5612,70.5288,74.1092,67.7969,83.5288,75.7685,132.0436,142.635,150.6588,155.0297,184.7452,338.0932,366.6672,361.2622,370.4914,401.3895,2294.739,2192.5341,1271.1989,1149.0186,996.1994
197105,21.4967,21.8129,21.4151,20.5671,20.0617,72.3065,76.3037,69.1936,86.7004,78.1406,131.3787,148.4856,157.4873,168.5213,192.8211,335.0364,384.0651,386.6253,384.7278,423.1197,2347.8538,2276.0154,1329.4509,1256.7263,1083.97
197106,20.3625,20.9277,20.2646,19.096,18.5262,69.9994,72.7732,65.9225,82.2698,73.4644,125.736,143.1254,151.532,160.7555,184.6528,319.8041,369.3207,372.4183,366.6858,410.2256,2256.6024,2162.4278,1289.8508,1250.2209,1019.7956
197107,22.0589,19.5415,18.8764,17.3377,17.0774,78.9303,72.5182,68.2204,67.2813,65.9264,148.9819,141.9318,150.6971,151.0126,155.3605,382.9012,357.0126,332.2876,348.6993,316.726,2362.8053,2224.9354,1205.6132,1164.6316,769.5914
197108,21.981,19.2268,18.0719,16.1767,15.6299,77.6187,68.977,64.5959,63.863,60.7221,148.9758,137.5682,144.2929,143.9031,140.0638,372.229,344.6461,314.6552,332.1208,293.3969,2302.5005,2116.0389,1157.901,1055.3873,694.0255
197109,21.9707,19.5796,18.8833,17.1617,16.255,78.0027,71.2316,66.9257,68.2489,65.331,147.0611,142.1431,150.3249,155.5328,152.1384,371.9163,362.8217,331.9505,348.731,324.9994,2323.7641,2235.86,1225.0142,1112.6187,765.421
197110,21.2929,19.2009,18.9755,16.9924,16.1096,75.6736,70.0687,64.9653,68.2839,64.512,144.6221,140.9821,148.2852,156.473,151.7086,366.384,358.0111,332.0604,353.3249,317.4629,2321.0531,2222.802,1202.3809,1106.256,734.9111
197111,20.1689,18.3547,17.9057,15.9538,14.7725,74.216,68.3321,61.4295,64.3754,59.4503,142.4698,130.7026,136.4764,148.446,138.9169,364.7658,337.7756,314.4164,333.4805,301.2884,2265.4768,2131.4544,1114.8893,1018.733,685.7078
197112,19.7153,17.9239,17.0696,14.91,13.9432,72.5443,66.5481,59.0222,64.4492,57.7908,139.575,128.9349,132.8431,147.2982,133.4786,358.8497,330.1726,310.6208,328.0422,298.3045,2277.7322,2128.7219,1110.8202,1011.6699,701.9146
197201,21.3831,19.6949,19.3461,17.3843,16.2309,80.9931,73.7894,67.7374,79.2305,69.0184,151.7665,145.7901,152.9333,168.8958,155.0662,393.1135,375.8285,353.0603,390.0431,356.8358,2484.511,2342.1128,1243.4875,1125.4455,799.3258
197202,23.0846,21.6969,21.6354,19.5905,18.8817,82.8591,76.6803,71.4044,85.1097,75.9064,155.9198,154.5263,157.7815,180.7717,164.4077,396.8456,382.6772,366.4307,399.2556,395.3453,2492.8973,2386.1854,1287.8277,1199.8123,876.3739
197203,23.1138,22.4374,22.0944,20.3602,19.8114,82.6407,78.2121,74.5868,89.9729,78.2001,156.0425,160.3778,163.9304,185.0642,172.9896,389.8969,399.1697,375.3875,413.5077,403.817,2557.2943,2431.2372,1321.1333,1298.3617,923.7943
197204,22.5342,22.3714,21.6508,19.8968,19.638,83.1116,77.4667,75.589,88.8242,78.6971,155.0841,162.7066,165.0654,188.3591,174.2882,395.0003,404.3727,376.5828,417.5951,398.2637,2550.968,2491.5068,1322.64,1285.448,934.2012
197205,21.7467,22.7067,21.9616,20.0698,19.6092,80.943,76.6485,76.8815,90.3794,79.5635,152.9422,160.7853,164.63,192.0213,173.3614,389.8101,407.5787,377.5525,424.4725,396.9239,2571.0388,2492.9683,1342.0807,1332.3641,941.971
197206,21.5124,22.2543,21.2997,19.6451,19.1568,79.9294,74.9789,73.1619,89.8757,77.3997,152.3995,159.1121,167.0079,191.9122,170.9292,385.8628,413.209,376.3176,424.8687,403.4762,2625.9715,2510.0828,1381.8769,1369.7705,975.2988
197207,24.402,21.7508,19.6763,18.157,16.9104,73.5244,67.6982,68.9943,72.5722,70.8557,158.8657,148.899,151.8105,147.3431,149.8696,401.0446,373.7714,340.9338,345.3939,346.7252,2836.368,2090.9216,1197.6961,1205.6947,775.6751
197208,24.2233,21.213,19.2218,17.5377,16.151,74.3805,67.1472,66.3091,68.3381,66.3213,157.5381,146.2406,151.3648,143.3331,143.9176,400.3241,362.5422,333.4085,335.1348,326.4345,2851.92,2109.9138,1197.0998,1171.4882,736.8956
197209,23.8687,21.5782,19.3218,18.209,16.0461,76.0097,68.1807,67.8421,68.602,65.8357,163.0076,149.4886,154.374,146.2107,147.9324,414.6471,374.8834,347.6716,343.7012,320.512,2961.9853,2181.2364,1245.3653,1190.7351,726.7095
197210,23.5468,20.6574,18.3991,17.5745,15.2095,75.1686,66.5256,65.4432,65.449,62.9274,161.6525,145.1343,150.937,144.2335,144.2807,411.9258,368.6896,337.3979,325.5469,308.9169,2986.6139,2159.2344,1221.4942,1153.5336,696.9036
197211,23.5599,20.1695,18.2346,16.9299,14.7789,79.5549,66.1026,64.0255,64.5517,61.8762,167.3118,145.3371,149.1547,143.1108,141.2666,420.7046,368.3944,335.2289,321.4618,303.6035,3047.4939,2159.4124,1221.3012,1184.2708,683.0483
197212,24.2617,21.7259,18.7333,17.8729,15.472,85.1524,68.9371,67.5143,68.3862,65.5289,176.0644,153.6199,154.3697,153.498,147.129,448.9518,396.6256,356.2536,345.2729,328.3619,3166.3322,2238.7929,1264.2409,1258.7787,723.2862
197301,23.7971,22.3125,19.02,18.0915,15.6285,90.3115,69.5237,68.303,67.613,65.9468,183.1588,162.3093,154.8494,155.0473,150.6481,456.8432,398.5882,363.6504,347.2309,340.3698,3265.2558,2312.7521,1348.3772,1313.3098,716.5846
197302,23.266,21.1832,18.6454,17.6347,14.9817,85.7202,67.2026,64.7804,64.2548,59.9158,178.6332,155.7474,142.0893,141.4585,136.1379,440.1806,383.8956,341.9142,321.393,303.6881,3226.3998,2318.0074,1262.7278,1200.0442,643.3125
197303,22.7234,19.9324,17.3218,16.1936,13.5213,83.332,63.7305,61.8296,58.242,52.6931,170.1778,145.6525,132.2044,127.8443,120.6626,423.0568,366.9015,316.5358,300.0083,271.3056,3091.7047,2263.4923,1204.3904,1142.1336,583.1012
197304,22.3129,19.5614,16.7691,15.8008,13.086,83.7919,61.7878,60.9092,56.0835,51.4846,166.0446,141.457,127.7055,126.4973,116.1021,413.3172,358.3375,304.217,291.0965,264.299,3110.1888,2260.2689,1169.9366,1123.9923,571.9301
197305,22.3482,18.6652,16.0945,14.6522,11.7063,81.5902,58.8733,57.8888,51.8623,46.0181,164.3689,133.7255,118.6102,116.4404,106.5233,400.0111,336.9966,282.0917,266.7722,234.841,3038.6439,2128.8177,1088.0655,1035.1218,519.5666
197306,21.4099,17.1022,14.8341,13.4227,10.5326,78.7723,54.0482,53.4252,46.9721,40.6737,160.9247,126.5988,111.3478,106.3399,94.3782,394.0105,319.0879,261.0959,246.3992,212.2501,2994.3845,2117.9135,1074.3104,993.1567,465.1434
197307,14.7302,12.7365,11.737,11.7014,10.2087,42.5201,45.3867,45.3795,44.7468,44.6187,105.598,101.6534,101.2076,96.2431,101.6045,284.885,265.6327,266.641,253.5988,257.8562,2392.2956,2336.7431,884.3531,1140.629,733.8744
197308,15.343,13.5957,13.0882,13.2715,12.2101,42.8402,48.4569,50.7598,50.8529,53.3127,107.7078,107.9029,110.6825,109.8894,119.5318,285.1496,293.1905,301.3752,284.9868,304.2738,2443.4948,2433.6003,972.2961,1281.179,807.4206
197309,14.7086,12.7706,12.266,12.4451,11.2369,41.6508,45.1142,48.0699,47.663,50.2283,108.3633,103.4542,106.8667,106.3059,115.3247,278.8639,289.008,293.3629,278.1353,293.8814,2345.6569,2363.1894,947.2874,1209.4334,781.3998
197310,15.3376,13.4438,13.3195,13.5095,12.3039,43.4127,49.508,52.6077,53.8398,56.5293,114.5415,113.4892,120.6604,118.6043,131.9699,299.1088,321.5034,328.5624,308.6166,333.912,2437.509,2414.9271,1006.6392,1328.9185,821.7133
197311,15.5277,13.6539,13.5083,13.6,12.1397,43.3467,50.1898,54.6219,53.9213,54.1773,114.0913,117.543,120.3167,119.3953,127.6044,297.7776,321.6646,326.3505,305.7573,324.4237,2425.1928,2440.8446,991.4972,1253.8678,888.7778
197312,13.4687,11.5519,10.8887,11.1614,9.2039,37.8702,42.9433,44.3573,42.1435,41.37,103.3259,99.9939,97.1189,95.6106,95.4866,267.8859,268.9173,264.4948,264.6412,246.842,2198.438,2179.8279,823.0653,980.4467,686.6318
197401,13.3988,11.028,10.4854,10.782,8.6302,37.0146,42.1365,44.0306,42.0364,39.7158,104.6832,102.8997,98.9976,95.4055,93.843,279.4641,276.7336,270.7577,272.7956,254.1199,2254.5296,2180.8974,834.3547,949.8218,732.8525
197402,15.1812,13.2224,12.4361,12.3037,10.2568,42.0906,46.9608,48.4446,45.8867,44.7795,108.2476,111.1952,105.9746,100.4286,105.2778,295.0794,284.4667,278.0015,269.5362,264.8302,2193.4814,2176.5394,837.6668,988.3815,772.5639
197403,15.307,12.8671,12.3476,12.1368,10.0508,42.1432,46.9698,49.0056,46.3875,44.8708,108.8184,113.106,107.3699,98.5061,106.612,295.7853,283.9996,277.3009,272.4416,274.3127,2176.7576,2158.1292,841.049,1005.2842,863.0798
197404,15.4888,12.8956,12.622,12.114,10.0865,40.2861,46.4742,49.6212,46.5072,43.9241,105.8486,111.5257,105.4638,96.9313,101.8399,287.749,275.2543,264.0067,262.345,265.6082,2134.9913,2105.9301,803.5811,988.5836,756.9695
197405,14.9286,12.3216,11.9064,11.416,9.4916,35.9395,44.4619,48.2709,44.2597,40.3552,100.0581,104.4121,99.3055,93.1861,96.1801,260.9143,260.3617,245.0776,247.9683,253.4908,2044.4201,2027.8021,766.4559,946.612,770.9797
197406,13.737,11.3893,10.7575,10.5896,8.6443,31.9855,40.6037,44.4524,40.5171,36.6656,90.4399,96.1377,91.3788,84.3107,88.1209,242.4594,240.3647,226.3922,222.0723,246.6854,1984.1042,1976.4708,722.6147,921.2671,755.2893
197407,10.6754,10.4573,9.9972,8.5817,8.2252,33.7758,35.9104,36.0642,37.0094,34.4458,84.2963,86.7376,84.5326,78.741,79.6816,231.0668,220.3463,220.1741,207.4349,186.7614,2105.9108,1787.9132,686.1347,786.7261,441.9901
197408,10.5356,9.9919,9.5992,8.1911,7.7362,33.664,35.1601,35.2332,34.9291,32.7366,84.3144,86.6665,80.5551,76.0696,74.2019,231.3152,212.0527,209.5503,193.3063,161.5788,1949.9166,1625.928,622.1757,691.5887,387.0956
197409,9.7999,9.1297,8.8354,7.5582,7.0488,31.3259,32.9335,32.3074,32.2348,29.4034,77.9633,78.8035,72.9353,68.8874,67.7216,209.8154,190.6606,186.3876,174.4943,149.7155,1765.3776,1476.4905,565.9886,647.2925,350.7305
197410,9.1988,8.5239,8.1603,6.9309,6.407,30.3838,30.3419,29.1101,29.5909,26.3008,73.7861,69.151,67.42,62.0902,60.1618,197.7149,175.611,169.5599,157.3945,130.7427,1572.9868,1287.5646,477.6664,538.1916,319.7401
197411,9.5158,9.5531,8.8459,7.6026,6.8922,32.9192,32.1528,31.5043,32.2661,29.344,80.2087,76.5928,75.4971,67.2538,67.9325,221.5653,200.2397,198.6669,178.6302,141.033,1869.6847,1478.4197,572.0954,579.5798,359.7275
197412,9.3103,8.8554,8.2829,7.2791,6.6207,32.4655,30.0337,29.8534,31.418,27.633,81.061,73.4477,74.3578,64.0453,64.9436,225.577,198.1816,188.6976,177.1255,135.5755,1774.9715,1409.9439,552.4416,546.9522,351.0908
197501,8.5881,8.4737,7.722,6.57,5.8955,29.8076,27.9251,27.6729,28.2687,25.3316,79.5522,70.9671,70.535,59.343,58.292,218.2378,191.8116,178.1355,172.8823,125.7552,1752.878,1375.4496,533.2948,528.0598,332.6281
197502,10.4694,10.3597,10.1597,8.5131,8.2646,35.3043,34.3878,34.9862,35.684,33.7327,96.785,84.1604,84.7389,75.4421,76.2152,262.9703,232.0498,214.932,206.6064,169.3207,1918.0134,1573.3722,605.2429,637.2756,398.687
197503,10.8343,10.8461,10.5579,8.8615,8.7036,36.1196,35.2164,35.6916,36.6901,36.3716,98.4968,88.8801,87.4206,80.0931,81.7975,267.8554,237.9354,221.7063,217.991,185.4636,2015.2181,1693.422,661.5028,685.9418,417.4133
197504,10.8442,11.4296,11.0132,9.757,9.9594,37.3131,36.6533,37.9295,39.7656,40.2366,102.9875,92.1792,94.3032,87.8712,88.854,271.3268,252.1586,238.734,236.5224,214.9323,2040.6922,1768.855,699.696,761.3078,427.3908
197505,11.1017,11.8208,11.3479,9.743,10.273,37.1456,37.1668,39.6042,41.145,41.5582,104.2453,96.5915,99.0292,92.2408,94.4336,275.7908,265.6361,250.651,253.2205,241.944,2144.245,1823.0235,766.1622,822.6997,475.7069
197506,11.4546,12.7448,12.0811,10.4832,11.0799,37.7542,38.3336,43.5817,45.806,45.0097,110.0037,98.7577,104.1676,99.8387,99.0217,297.182,280.9322,264.6725,263.655,256.1264,2263.6754,1889.0319,787.5251,900.184,509.1842
197507,9.395,10.106,10.5619,9.6409,9.3809,45.4782,45.5983,44.7377,43.8504,46.117,100.5317,105.3629,102.2607,103.5601,101.3063,297.465,282.4471,287.8971,283.2786,272.9632,2046.4775,2483.1015,1429.8484,946.1896,1120.7656
197508,9.4819,10.1789,10.5955,9.5207,9.1014,45.0251,44.7325,43.7883,42.8779,43.1594,98.1395,102.4701,96.435,98.6352,94.3915,283.4656,271.0377,269.9233,262.3767,244.4645,1931.5622,2292.0316,1325.9062,860.7937,1014.0281
197509,9.1089,9.751,9.8281,8.87,8.3963,43.9303,42.0683,41.6887,40.1545,40.2804,96.3095,97.6138,91.3457,93.2832,89.3684,273.1299,260.4909,263.3507,247.638,236.6572,1892.8813,2252.2516,1285.2554,822.9633,956.3463
197510,8.9199,9.4636,9.5315,8.5036,7.9134,42.3483,40.5841,40.2498,38.0495,38.3841,93.5692,94.518,87.1794,88.9796,83.001,265.0527,248.4618,253.2642,233.356,226.8051,1824.1529,2183.6458,1213.4825,781.3648,928.3004
197511,8.9162,9.5226,9.7055,8.4806,8.149,42.8612,41.5738,41.3804,38.7119,39.8511,94.7058,98.1118,88.7601,91.45,85.8028,274.3427,261.2415,270.5522,248.6294,249.0923,1904.1214,2365.7189,1295.8922,842.3798,994.8241
197512,8.9286,9.7066,10.0463,8.6931,8.3095,42.9059,42.8357,42.5522,39.8261,40.5335,96.0024,101.1238,91.2853,93.6226,88.2244,282.7994,267.3687,281.6837,258.8153,266.711,1925.0525,2456.7801,1321.8167,872.268,1063.6702
197601,8.9995,9.4757,9.8963,8.575,8.1974,42.5378,41.5127,41.793,38.5587,39.7475,96.4813,100.6566,91.1749,92.6415,88.5545,284.6295,268.0714,277.7131,253.4812,259.4897,1918.5777,2407.7301,1298.155,844.9661,1015.4713
197602,9.9546,11.1941,11.7722,10.4149,10.4093,47.0977,48.1395,49.6295,46.8059,48.1467,107.0542,116.1938,108.343,109.4643,107.8294,314.8488,305.0428,318.7017,297.5961,307.9131,2106.7668,2676.8158,1482.0694,974.2404,1163.6053
197603,10.5612,12.228,13.1226,11.5497,11.832,48.9574,51.6462,53.4156,50.1163,53.7106,109.6761,121.0745,114.8284,115.0094,117.1133,316.8,312.0766,334.0466,304.7309,321.6156,2067.3224,2626.2295,1489.1632,982.9607,1159.2185
197604,10.6941,12.2867,13.0951,11.5764,12.2585,49.362,52.1576,54.291,50.2775,54.0293,112.1102,122.8606,115.8669,116.0373,118.6133,320.4725,317.8033,339.8578,307.3545,325.1657,2136.358,2731.5089,1507.0668,994.5266,1181.564
197605,10.7937,12.255,12.9359,11.4376,11.7286,49.2494,53.1251,54.3544,48.82,51.7948,113.153,121.7249,115.3442,114.9874,115.0221,318.2247,319.1323,337.9539,299.7147,311.9193,2152.3103,2653.0795,1501.5207,972.1154,1115.6351
197606,10.6882,12.1616,12.6881,11.1511,11.077,48.9239,52.0535,53.547,47.2939,49.7418,113.3584,118.2162,114.1432,113.216,109.7696,312.2955,308.9565,334.9377,296.3122,305.791,2142.19,2608.0561,1473.0126,966.3804,1096.1913
197607,10.5614,12.0624,11.381,11.346,10.6215,55.2927,52.7439,52.8795,52.8934,51.4784,125.5904,129.2698,117.273,132.0634,117.897,340.4091,338.0223,344.6543,327.5927,286.1081,2314.6481,2624.9742,1418.5608,1141.9939,963.862
197608,10.7245,12.1816,11.5013,11.4068,10.4008,56.5427,53.171,53.8503,52.6615,50.6799,125.4687,130.4995,118.2809,131.7356,115.1288,346.1301,338.6359,341.2353,323.5348,283.1442,2315.0219,2587.3081,1409.7384,1127.793,888.4384
197609,10.749,11.9687,11.3539,11.1329,10.0698,55.9967,51.9168,52.3339,51.2724,48.903,124.8256,128.9047,119.3426,127.2972,108.9236,349.6708,338.4807,334.4077,314.6515,275.4691,2322.769,2587.4393,1382.6605,1100.9168,866.3103
197610,10.8562,12.0949,11.6248,11.379,10.2379,57.5952,53.2395,54.3932,52.8831,50.2243,128.3853,131.506,120.1331,130.7883,112.3514,361.045,343.4426,338.8561,323.1033,278.3591,2411.7606,2629.2537,1405.4889,1119.4669,880.1573
197611,10.9369,11.8405,11.4705,11.1807,9.8319,57.4278,52.3758,53.0648,51.5177,48.3884,129.8735,128.7694,118.2241,126.791,107.862,362.1364,334.4464,337.2996,313.9192,262.421,2376.5447,2576.2492,1359.5005,1079.3907,816.1198
197612,11.0798,12.0676,11.8512,11.5689,10.1764,58.5333,53.176,54.9494,54.3184,50.8523,133.8162,132.7661,123.7179,131.8089,114.1593,373.856,338.6986,349.321,325.4372,274.3765,2367.2787,2531.0137,1348.4401,1099.9987,806.8903
197701,11.6462,13.093,12.8831,12.7977,11.3592,63.8941,57.4228,60.4027,59.7152,55.724,142.7213,143.8288,134.8192,142.651,122.7279,402.7108,364.7369,374.2085,354.531,296.966,2487.1636,2653.445,1458.4151,1146.7808,853.4496
197702,12.1326,13.6177,13.36,13.2077,11.8467,65.4441,58.4493,60.7987,59.9765,56.1903,144.9227,142.9777,135.6448,141.4898,120.0893,400.5032,356.4639,361.281,342.8096,278.2982,2432.7641,2470.9067,1362.0735,1084.1596,727.1051
197703,12.1497,13.7527,13.385,13.1272,11.6639,65.1098,58.1316,60.519,59.0335,54.9055,141.3532,141.3893,132.1591,139.1132,115.3597,391.3451,346.2871,356.3499,333.154,265.0526,2392.5896,2425.9025,1335.9986,1046.0531,710.8498
197704,12.1919,14.0287,13.6215,13.1865,11.6492,64.0374,59.3475,60.3755,59.4318,54.5338,141.8044,141.9472,130.6059,139.9168,115.2872,390.9747,344.6115,366.5794,331.4875,268.6573,2369.7244,2372.6034,1313.0665,1052.5609,687.3241
197705,12.285,14.2876,14.0734,13.4765,11.7645,64.4332,59.3604,61.699,61.7957,55.3524,142.7448,145.9044,134.7001,140.6889,117.6792,398.2829,350.8406,369.9924,335.5094,263.8853,2400.7533,2318.914,1333.0576,1075.7585,668.022
197706,12.3326,14.262,14.2081,13.4846,11.5725,64.3343,59.1523,61.1861,61.4919,54.9879,141.334,144.5944,133.66,140.0037,118.2824,402.004,344.56,361.2185,332.413,261.3467,2375.1713,2234.0407,1307.9613,1069.6028,646.7011
197707,12.2548,14.8778,13.5502,13.4965,11.4924,62.4654,63.0632,63.5513,61.1398,62.525,139.2836,149.6743,136.5462,144.1382,131.3992,384.7023,348.4352,362.1967,342.1025,328.892,2320.7877,2420.3821,1435.0962,1139.4615,1039.3354
197708,12.3926,14.9489,13.583,13.7849,11.5599,63.5844,63.1938,63.6731,60.151,62.5243,139.7843,147.6641,134.9927,141.8261,130.2057,379.7829,342.7025,354.9727,335.6138,320.3632,2292.762,2381.9459,1417.8793,1121.702,1009.9252
197709,12.48,14.7548,13.5065,13.6483,11.4982,62.4636,62.7791,62.6431,59.4096,62.511,137.0189,144.3287,133.6523,142.1856,132.5287,369.4968,334.1266,351.8843,327.8353,313.1084,2202.401,2375.926,1405.5532,1097.6745,1031.2764
197710,12.5447,14.9099,13.6917,13.8198,11.6585,61.8092,62.3185,62.9224,59.8251,63.9508,139.0707,144.6975,136.5158,142.864,134.5043,373.2148,335.2932,354.3001,326.7046,313.5293,2217.5536,2363.5877,1385.9965,1086.5604,990.2825
197711,12.4795,14.7012,13.4103,13.3529,11.2562,61.2757,60.5299,60.8388,58.3059,61.6153,135.5731,141.2785,133.7889,137.6001,129.1895,360.8947,322.0729,340.4239,315.281,300.678,2154.4096,2240.6379,1321.8803,1025.5178,891.6124
197712,12.9902,15.5951,14.4016,14.7426,12.4192,63.722,64.5125,65.267,63.2075,68.5124,140.2551,149.6405,142.8021,148.7704,139.176,377.9717,337.6988,363.1115,338.7009,327.5273,2192.766,2283.2548,1385.5596,1088.7275,953.8133
197801,13.3523,15.9474,14.7991,15.0968,12.873,64.4309,65.3919,66.3935,64.6696,71.2145,140.8154,151.314,144.3984,148.3716,141.6255,379.2075,344.4595,361.8632,346.2659,331.5418,2233.0806,2286.056,1395.7248,1077.7433,909.367
197802,13.2898,15.7544,14.4997,14.6874,12.7205,63.4273,63.6229,64.0247,62.0779,67.3261,136.9283,145.2086,136.4115,141.5264,131.0348,361.1432,325.8868,337.0658,324.057,312.6862,2098.9385,2148.823,1296.5526,989.2604,825.9605
197803,13.5406,16.2103,14.9849,15.1677,13.2277,63.4642,63.5383,64.876,62.3244,68.8839,136.5538,144.6276,137.878,144.0988,132.8186,354.3849,321.8806,332.1583,322.3497,311.0433,2065.6597,2070.4175,1260.2302,964.7545,803.5276
197804,13.8061,16.9957,16.0123,16.3066,14.6281,64.8885,66.3792,69.4548,67.0016,74.8558,138.8147,148.107,147.271,150.3331,145.5384,364.8676,335.5761,344.4339,338.3152,340.9961,2118.5187,2079.7361,1309.8357,998.9693,826.8436
197805,14.5791,18.0735,17.2371,17.7889,15.9808,67.128,70.7426,75.4866,72.264,82.881,143.5631,156.2095,158.3659,162.6506,162.6743,373.4961,359.5176,371.2071,364.3686,372.7872,2233.3282,2304.4634,1468.3899,1126.6047,994.8325
197806,15.1857,18.9229,18.4111,19.0937,17.1875,68.4042,73.3397,78.8779,76.6803,88.3631,148.4126,164.5607,160.9023,168.447,170.1193,383.9498,363.2638,375.704,381.8919,394.8086,2223.2164,2298.7373,1493.9149,1150.5455,1095.7996
197807,15.2289,17.0533,17.2749,17.4578,14.9012,73.2159,72.9723,73.0063,73.2614,72.178,159.1057,164.8367,162.3827,160.3859,160.5778,397.6545,373.0847,365.7174,379.9329,351.7996,2307.15,2092.4666,1662.0959,1367.4958,1317.3984
197808,15.8748,17.7262,18.2997,18.5066,15.7358,76.2315,76.1821,76.8548,79.0002,79.2582,163.7454,171.0115,169.0464,169.958,173.4133,412.8862,397.5145,386.2107,406.0645,390.6609,2373.8081,2223.0124,1777.8583,1473.6619,1456.1502
197809,16.69,18.8655,19.8857,20.2175,17.7024,79.6846,82.2458,84.0932,85.3601,87.288,170.4091,178.1949,180.5792,186.234,194.5962,422.5018,412.4137,407.6095,427.0579,412.2959,2426.4536,2269.4558,1827.0601,1517.7051,1503.2529
197810,16.894,19.1303,19.7173,20.1758,17.5125,79.9424,81.7507,84.1753,84.9199,85.9889,169.6518,178.8698,177.2079,181.3609,185.5964,422.4676,410.9945,396.9786,424.4753,407.3449,2482.4912,2232.5067,1778.448,1457.3548,1441.9776
197811,14.6224,15.8184,15.6344,15.3604,12.7429,70.7006,68.8826,68.5835,65.6001,62.9166,150.1906,153.9837,147.8557,145.4297,139.6856,376.2977,361.5963,343.608,360.3655,325.7099,2302.9266,2037.9351,1610.1575,1281.2706,1307.2635
197812,14.6559,16.2884,16.1582,16.6523,13.8038,71.3647,70.568,72.9419,70.1846,69.0409,152.8861,159.2435,153.5736,151.3282,152.0473,385.5808,368.646,348.6889,372.8597,344.8186,2387.7363,2063.9471,1646.2866,1310.1071,1339.224
197901,14.9245,16.4243,16.6092,17.2098,14.4582,73.5434,73.3062,73.1764,72.3424,70.8303,153.8237,162.5429,156.2678,156.6627,159.0609,393.6951,375.0531,354.5568,376.3968,356.4635,2421.2406,2114.5197,1682.245,1333.0933,1331.5843
197902,15.7948,18.0648,18.2986,18.7496,15.9496,77.0063,78.1732,76.5377,79.9827,77.2252,163.2119,172.834,166.614,168.068,172.1434,422.2123,395.351,378.1597,395.3013,372.1705,2503.522,2196.4291,1757.8818,1376.5992,1378.7106
197903,15.708,17.534,17.4288,18.3393,15.2571,75.6705,76.9777,74.3761,76.9622,73.2095,160.1164,169.7915,162.4222,162.7394,162.5695,407.77,383.3732,360.8217,378.6685,345.8314,2453.2212,2115.6586,1668.0623,1307.8117,1253.3172
197904,16.2279,18.5405,19.0894,20.4194,16.9361,80.211,82.9294,79.9712,84.5395,81.2015,168.4844,181.9041,176.5188,181.748,183.9079,429.5318,408.087,393.8556,418.1576,382.4167,2554.0162,2236.4136,1762.6269,1401.3561,1334.7585
197905,16.5614,19.0247,19.905,20.8587,17.3005,82.3144,82.8974,81.0009,85.9733,83.331,170.5656,182.6191,180.8841,181.8339,186.8138,425.2835,417.1051,400.3412,427.3242,388.3997,2573.8997,2222.657,1745.9551,1402.5535,1327.2523
197906,16.3663,18.8605,19.7725,20.3553,16.951,79.7223,82.3281,80.4279,84.9613,81.2669,169.7841,180.2616,176.0194,177.91,178.355,424.0467,414.9141,390.88,420.745,374.9461,2512.6505,2168.5279,1701.8479,1379.3581,1309.9656
197907,16.1642,20.4231,17.619,18.4755,15.3086,82.7938,79.4062,80.69,79.0185,79.6054,177.6416,186.0742,173.6645,182.5767,175.7517,459.199,421.6824,433.3681,434.629,409.865,2470.8468,2316.3737,1723.2967,1844.1315,1269.5762
197908,16.7543,21.2032,17.9643,18.8146,15.5218,85.742,80.2295,83.0649,81.5662,81.9156,180.7289,192.0433,179.0691,189.9641,183.2376,460.4099,436.8389,443.6052,448.2493,423.3235,2503.55,2310.35,1737.5744,1882.9472,1309.4331
197909,17.5422,22.6011,19.4208,20.2838,17.0265,89.8759,84.4757,90.121,88.247,89.9527,190.247,203.6649,192.1416,203.4786,200.4158,477.4314,467.7463,475.4322,486.3331,466.7275,2601.5854,2418.5233,1844.4384,2016.5074,1417.4479
197910,17.5457,22.3775,19.4484,20.1183,16.806,88.9653,83.7671,88.4847,88.359,90.665,188.4486,202.8508,190.8586,204.3532,199.4372,471.4686,470.4104,472.4303,481.8682,464.833,2643.1602,2415.3778,1849.3926,1962.2349,1377.8552
197911,16.0786,20.0397,17.0148,17.772,14.6081,80.1975,75.1967,79.5419,76.6987,80.9254,172.3571,184.7704,171.4585,184.1418,180.3357,432.2713,420.3678,434.2335,439.8304,422.873,2533.35,2218.6005,1710.6106,1825.3396,1230.2469
197912,16.7874,21.0063,18.3517,19.2018,15.9932,83.7511,80.5901,85.4043,81.6102,90.6816,184.9677,195.9213,184.9053,196.1027,197.9325,467.0943,447.9219,463.0082,474.0117,456.6948,2660.9357,2319.2813,1807.4599,1878.2477,1273.8692
198001,17.6678,22.5961,19.6635,22.1456,17.6093,86.6903,85.2438,92.0603,87.6529,99.7941,189.5115,207.3911,190.3582,208.9645,209.1166,476.3056,465.9389,485.317,495.237,488.497,2687.0641,2354.5906,1868.5531,1958.1713,1339.2971
198002,18.3909,24.1151,21.7953,24.4282,19.6383,91.0681,89.995,99.634,91.6468,107.2463,198.7912,219.7953,203.8246,218.2632,225.6083,490.7061,502.8171,517.3523,526.2186,524.5819,2868.2809,2483.3196,1940.121,2080.1624,1357.4731
198003,18.1022,23.5389,21.1047,24.4713,19.4027,85.7651,88.0207,96.883,88.0781,106.9557,192.4268,211.3144,200.0627,207.004,220.2576,473.2184,497.8615,501.0102,495.7738,516.9062,3015.9287,2418.9121,1844.7883,2000.3491,1334.8471
198004,15.492,19.5366,17.2475,18.6699,15.06,74.1655,73.9785,81.3719,71.9766,84.7793,166.2365,176.7978,162.1168,173.1604,185.5392,430.7121,418.7998,438.4749,432.1813,429.0489,2680.7503,2181.6529,1695.1809,1851.2915,1200.0012
198005,16.0631,20.6368,18.6315,20.3064,16.0999,80.0127,75.861,85.2328,75.2542,90.2181,185.4981,186.3123,174.527,183.4052,193.4501,462.5269,443.4928,458.3733,452.838,459.5009,2851.3028,2246.9004,1742.2396,1891.8889,1245.4961
198006,16.977,21.742,19.746,21.6263,17.3955,83.5134,83.5597,93.182,83.3381,98.1075,198.814,202.5196,183.4527,201.4559,209.8227,491.7957,483.6297,492.8338,484.4507,502.2444,2955.4698,2340.6975,1852.9894,1982.374,1315.9842
198007,15.4465,18.299,18.0061,18.5463,16.1098,84.0927,83.0175,82.4016,87.428,84.5985,207.0232,200.4759,200.5695,210.6096,188.7639,526.3876,497.7675,448.2874,443.1506,468.5479,2790.2162,3169.6492,1623.9735,1372.5234,1149.5778
198008,16.2159,19.2807,19.7226,20.5047,18.2005,87.2065,90.117,90.3617,97.7031,97.5336,210.7146,216.7329,221.5156,228.4422,215.0778,541.6439,534.0242,489.0852,493.6134,518.2101,2890.0303,3358.9012,1774.6397,1520.7612,1310.945
198009,16.6757,20.17,20.9321,22.0449,20.2639,87.689,93.7382,94.7547,104.5095,103.9964,210.0219,225.0479,231.839,244.7183,227.8199,539.9014,542.5155,508.2558,511.2581,533.0484,2899.9408,3380.2041,1767.9971,1586.4135,1414.0365
198010,17.0339,20.8211,21.9575,22.6145,21.2059,89.2125,94.4374,98.6847,108.3888,109.4719,211.2237,227.3541,239.7659,256.0764,247.9994,542.273,557.11,533.5055,528.8279,565.8132,2955.7468,3530.3761,1843.2869,1649.0309,1544.7437
198011,17.4551,21.3176,22.5982,23.6558,22.6212,90.3803,95.2409,99.7708,113.9206,114.8594,213.6783,226.6762,243.4932,259.1255,256.6893,533.7498,554.6709,542.6837,537.6376,586.3213,2984.6918,3606.0095,1866.1768,1693.8609,1529.2814
198012,17.9924,22.3809,23.5809,25.0478,24.8692,93.5799,99.7614,106.5732,123.7514,128.4149,211.9654,237.134,254.9568,282.5499,290.328,544.6016,574.5127,607.1449,605.5498,650.3682,3169.3721,4149.1006,2118.8314,1802.2683,1748.1759
198101,18.1251,21.8017,23.3828,24.3264,23.5135,94.8107,99.4433,105.0583,119.3647,126.7856,214.4715,236.9311,251.5549,267.3791,290.2377,556.0274,579.0208,589.8482,581.7957,621.3382,3209.4565,3961.3851,2036.3154,1753.3811,1754.5179
198102,18.6817,21.8037,23.8096,24.3345,23.1834,95.5067,99.9504,104.2834,119.6339,121.5287,216.9262,237.5649,251.7996,258.8127,270.5553,555.9985,575.5035,561.3637,549.6414,576.4398,3150.1654,3702.4399,1911.2645,1618.9673,1558.026
198103,18.757,22.023,23.5426,24.62,22.9507,98.7431,103.7987,106.0312,121.7762,121.6464,222.1106,241.5368,257.9018,261.6354,274.1173,562.5317,591.9791,581.1689,556.8196,566.5244,3174.2615,3745.5377,1930.2017,1666.7657,1530.2873
198104,19.6074,23.5789,25.2704,26.7002,25.3748,102.0242,110.8295,112.9102,128.962,136.0854,226.9963,254.5499,274.8172,291.3203,303.4623,593.8917,634.474,625.557,603.4483,648.581,3225.9593,3807.7795,2062.6583,1743.2397,1737.1811
198105,20.3223,24.6664,26.1974,28.0851,26.2624,104.3687,114.1708,116.6586,133.3067,138.7969,223.5825,260.5067,279.558,291.717,315.7393,597.5059,629.3375,624.4211,595.028,661.8016,3220.9125,3624.5374,1995.3124,1689.007,1751.2824
198106,20.6243,25.4551,26.9977,28.9368,27.8942,105.7713,115.1059,118.508,137.2572,147.0043,228.8048,262.1329,281.9743,299.1016,337.871,612.7249,637.6686,635.7149,605.4742,691.6425,3213.9837,3566.3875,2018.3743,1658.4713,1800.8358
198107,20.5788,24.5678,24.1696,25.0092,24.037,117.305,119.0654,117.7161,116.8745,113.8764,269.3322,268.7637,271.0283,263.7565,262.236,651.1963,644.4096,619.3399,576.5158,621.8163,3319.4372,2787.3707,3493.3868,2681.0069,1621.1118
198108,20.3609,24.2296,23.2464,24.4566,23.2147,115.9165,116.3341,114.1904,113.5313,112.7541,265.0462,263.4768,261.6732,258.9517,259.3262,636.3564,616.4193,611.7515,563.3128,632.3275,3275.4086,2683.5212,3603.899,2795.2851,1660.2449
198109,19.701,23.021,21.4843,22.5204,20.468,113.1658,108.6954,106.6634,104.2843,100.3247,255.8869,245.932,248.8675,241.3298,235.0747,615.4209,584.4604,573.6694,526.5035,582.9643,3154.6576,2526.9987,3358.1881,2599.335,1528.3764
198110,18.5944,21.6844,19.9753,20.4816,18.3371,108.7651,104.0119,99.7605,94.7617,90.1973,249.0395,233.5855,236.0766,222.6399,210.5034,590.6683,558.7489,529.8304,474.6588,528.3557,3171.9382,2418.7215,3062.3317,2344.4356,1328.2669
198111,19.6824,22.858,21.158,22.2901,20.059,113.2875,111.1884,107.4213,102.5747,98.9653,262.5033,247.0793,248.342,238.3643,231.2614,622.0746,586.4527,559.4513,496.2701,586.0325,3298.1108,2478.6502,3164.1876,2566.7552,1511.8341
198112,20.6947,23.6568,21.9054,22.8179,19.9022,119.7572,114.7129,113.1675,105.8806,101.0225,276.1603,254.9583,255.2449,245.3817,228.1099,663.6028,609.6543,580.7907,521.826,588.4295,3397.8268,2646.5543,3317.7714,2712.1367,1519.6118
198201,20.7025,23.3169,21.8945,22.6583,19.4231,119.8575,113.9934,109.5593,104.418,100.1347,271.0291,249.3246,251.0475,240.1644,226.866,655.1711,605.8701,568.8779,506.2727,564.4521,3344.5913,2637.0629,3174.3721,2570.1314,1429.8194
198202,20.6049,22.5409,21.4022,22.0352,18.9922,118.7844,109.2393,105.8677,98.8743,95.5763,269.584,243.0418,238.4948,228.7386,207.5761,651.6175,583.5304,537.6227,472.7148,524.6209,3392.24,2677.8761,3019.4836,2377.8065,1397.1303
198203,20.2277,22.1117,20.6823,20.7862,17.8377,117.0874,104.3283,101.7054,94.4256,89.1284,265.865,231.8855,228.8429,218.4472,193.0355,650.7945,561.0342,513.8392,437.841,482.0935,3278.4846,2584.1571,2793.3398,2107.2238,1225.5263
198204,20.6476,21.8897,20.5427,20.374,17.3802,118.269,103.8267,98.7118,94.0286,86.8361,273.5618,235.0181,230.1034,211.0964,185.4662,653.2893,560.4269,508.0253,418.005,447.1644,3348.494,2569.0433,2728.797,1979.5378,1171.5638
198205,21.1132,22.907,21.4758,20.9447,18.8122,121.3253,109.3379,104.308,100.5134,92.7203,286.1599,247.5878,240.8761,221.2155,197.3402,680.0359,584.1105,532.9184,436.2274,468.2579,3437.6133,2690.9166,2848.8538,2060.2544,1251.6791
198206,21.1177,22.5258,21.3277,20.2275,18.2969,116.3643,105.7571,100.7441,97.2519,88.3189,280.4984,239.4955,236.367,213.8261,187.2675,664.025,558.0604,502.8617,416.0548,434.0024,3347.317,2584.1963,2776.5139,1991.7552,1151.3202
198207,16.0999,18.8187,18.2831,19.1795,17.1404,91.3553,95.2954,92.2454,94.6994,88.5338,227.3992,219.2891,205.7837,217.7378,209.6492,501.8527,531.7798,485.9576,506.3535,473.7042,2756.1573,2574.6942,2435.6853,2352.8067,1575.3325
198208,16.1091,18.6788,18.1879,18.8222,16.728,90.8296,94.8879,93.4721,93.911,85.5749,221.1634,218.8282,203.9367,211.9854,202.0684,493.433,525.6166,461.3861,490.9364,441.1727,2731.5306,2607.5047,2347.7427,2185.5911,1454.4463
198209,16.5748,19.3027,19.2763,20.1735,18.0517,95.3552,101.6956,99.7052,103.3301,91.5967,241.8055,238.7576,225.091,232.8104,227.2983,553.0813,584.0723,511.2191,554.1862,508.7377,3024.7627,2910.5158,2662.5483,2427.8898,1624.031
198210,17.4486,20.2811,20.0998,21.1928,18.4901,102.0578,108.3607,105.7046,105.8284,92.8376,252.8429,255.5089,236.1119,238.0384,231.4313,573.9321,620.4036,528.402,573.0811,496.5853,3053.8357,2964.7162,2661.8603,2465.6293,1640.4573
198211,18.8932,22.4163,23.0378,24.3383,21.5515,113.401,118.0221,117.3079,121.8026,109.2955,276.1434,290.1945,263.263,273.2175,273.1257,625.1861,714.0136,607.7455,644.315,579.1329,3362.2406,3303.1634,2931.641,2699.1661,1924.0454
198212,20.2222,24.6673,25.8293,27.049,23.8576,120.0286,127.5139,127.2083,135.8757,118.1936,286.7783,311.7472,288.7199,301.5308,294.5582,656.3616,745.9682,659.2787,681.0267,609.4338,3480.7431,3509.1578,3012.0189,2670.2556,2033.3174
198301,20.6181,25.0579,26.6797,27.8477,24.8882,123.3258,129.4401,127.9198,137.1823,122.2243,298.5674,315.0142,294.7464,303.6611,295.2028,675.4063,756.7319,664.1075,693.6687,634.5571,3546.3114,3617.5119,3071.4543,2726.1362,2098.531
198302,21.9112,26.8364,29.08,30.2648,27.8096,127.1529,133.8472,134.3636,146.3126,135.3189,306.0134,322.9428,303.3602,315.3602,320.3024,683.8487,750.4767,674.1839,717.3686,699.0167,3646.2543,3706.8159,3193.3618,2863.7539,2240.5685
198303,22.7555,28.1655,31.2226,32.3089,29.139,133.8939,139.6889,142.158,158.7502,142.4754,316.5242,340.0738,319.721,330.3454,337.3871,716.7287,773.4593,700.4056,744.0058,678.3242,3664.6365,3830.6718,3244.3406,2982.7158,2254.5151
198304,23.923,29.9909,33.2116,34.3763,30.8834,142.7199,147.278,148.3017,165.5449,146.7804,324.793,365.0347,340.9616,341.9689,350.6965,751.28,812.4547,721.866,751.6866,681.2306,3752.3767,3942.4278,3360.7555,3117.4923,2335.5596
198305,25.5443,32.8207,36.0319,37.6941,33.6955,155.8467,161.2317,162.8085,177.3712,156.5011,344.9253,396.6777,361.6843,365.1547,370.7514,784.4881,891.814,760.7434,783.9504,721.5368,3991.7015,4310.9852,3597.1693,3330.5791,2525.3823
198306,27.2732,35.3346,38.5951,41.5426,37.8423,162.7776,167.2895,168.4619,187.3536,169.4028,349.4506,408.1414,376.9462,382.8779,396.0649,780.1147,901.0641,785.7818,839.1272,788.9413,3866.0878,4170.2417,3614.9859,3381.5509,2603.7727
198307,25.3205,34.3553,33.8117,35.2786,32.7589,164.9629,168.5223,168.4294,169.2275,169.3272,368.0485,370.8727,373.1946,374.1578,361.5395,851.378,821.8095,824.5179,841.9039,809.5177,3947.9656,4978.9342,3874.1582,2799.0754,2498.8884
198308,25.6813,34.351,33.5792,34.6941,31.7548,166.5404,168.0912,166.5192,164.2831,158.6893,365.0346,372.2638,371.1822,365.7787,346.3736,844.4203,803.5301,802.1469,806.3391,752.1404,3827.2685,4889.7526,3685.6001,2636.1978,2333.7658
198309,25.4256,33.3581,32.5483,33.5377,30.5448,165.6401,165.506,162.4409,156.8452,154.1062,360.8885,361.0149,360.0267,360.0236,336.218,839.909,798.4517,801.3996,813.393,748.7487,3865.9098,4918.2708,3785.4055,2643.7733,2350.2769
198310,26.2945,34.4035,32.9878,33.9209,30.4696,172.36,174.9764,168.4967,163.3725,156.0935,378.6773,380.199,378.5679,365.2615,346.4263,888.5863,825.225,826.491,827.4207,757.3521,3970.401,5030.1739,3765.7671,2691.0153,2307.4812
198311,25.9006,33.6246,31.3322,31.9767,27.6095,168.5587,169.3337,160.3974,152.4508,140.5389,386.9391,368.7209,366.7346,351.629,310.1464,895.6999,806.9967,798.4201,780.4873,682.6789,4001.3414,5014.0089,3612.1633,2564.2513,2162.6961
198312,26.4657,34.3568,32.6979,33.4322,28.7829,172.0648,178.5144,166.8704,162.4115,149.3892,394.9051,384.4015,386.6674,368.1726,329.8029,907.4055,842.4351,829.4871,834.036,730.4189,4022.3643,5005.3943,3705.0191,2684.168,2246.8851
198401,26.845,34.4536,33.2654,33.2053,28.3838,175.9708,178.0537,167.5043,160.9705,147.5245,394.7435,381.3865,382.1996,361.4991,323.3335,876.589,838.2345,822.1732,822.5208,717.2903,3936.6508,5043.4555,3747.1772,2731.1056,2252.2258
198402,27.8483,35.116,33.1194,33.5886,28.0611,176.0721,178.4515,167.5725,155.6068,141.0282,391.2301,372.4689,366.8681,353.7613,300.3861,862.6801,813.6763,788.256,791.7938,680.0963,3943.5991,4892.2495,3897.5611,2721.5824,2110.9984
198403,27.1563,33.5582,31.3768,31.2323,26.2069,172.4611,170.1603,157.7406,147.0216,132.6382,372.1206,349.481,339.734,331.1917,284.7888,822.3459,770.8302,737.6038,732.5724,645.2373,3283.4366,4654.6226,3869.203,2350.5085,2045.6376
198404,27.6899,34.0411,32.0238,31.7909,26.326,171.0667,175.7767,160.0364,145.8159,133.3286,371.0745,357.5154,346.9126,333.707,288.4334,811.2803,780.3082,775.9804,760.5959,645.8163,3256.646,4771.2163,3906.1998,2404.1431,2065.2178
198405,27.5309,34.0024,31.8355,31.3137,25.566,169.2189,174.8592,161.4662,143.6165,130.028,363.4124,357.8162,350.2879,336.7524,284.1639,793.2931,782.181,763.6097,745.8668,614.7889,3270.3096,4828.9985,3980.3313,2430.8734,2046.9411
198406,26.8495,32.9121,29.9577,29.4827,23.9088,164.7311,166.1361,152.8484,136.5584,121.5796,357.0955,337.6303,330.148,312.0808,258.9525,776.539,734.2219,707.4346,698.1904,565.8771,3128.353,4531.7123,3749.0183,2265.1112,1887.4284
198407,22.4808,27.7157,28.9446,28.4896,24.3308,149.8124,140.0848,147.0288,144.8741,139.7555,323.2914,325.423,321.7796,310.034,326.5658,780.9526,728.4981,711.0577,692.6447,695.9273,3146.3714,4630.8192,3300.177,2700.6865,2161.3177
198408,22.0035,27.1625,27.7338,27.5456,22.5123,148.9959,137.8547,142.0838,139.2293,130.4821,324.9847,313.6512,314.2077,297.2437,305.3956,767.5555,714.4784,686.8046,654.3282,650.7422,3145.9026,4609.3915,3201.897,2608.8511,2046.6083
198409,22.9705,28.7065,29.788,30.1774,25.4507,157.5316,148,156.8028,157.1508,152.3552,347.2958,348.5221,343.2411,340.8106,355.8754,829.3864,788.0761,775.2348,739.7928,765.0608,3360.4592,5173.7995,3590.189,2899.5054,2373.647
198410,24.011,29.4108,29.947,30.3471,25.2454,160.7222,156.2066,159.38,152.3896,146.6833,362.4436,352.6547,348.3264,340.1962,345.4437,852.7899,815.1426,760.7437,723.6513,746.3033,3396.7469,5170.9844,3546.8457,2819.0925,2315.7332
198411,24.037,29.5783,29.5654,29.1026,24.3738,160.0045,157.325,159.9317,150.2442,142.9196,371.3884,351.9445,347.1375,332.7984,333.8073,875.2352,818.0836,756.7642,714.3615,729.3317,3471.4698,5202.4342,3474.6334,2746.2128,2313.9295
198412,24.3442,29.2682,28.7085,28.3531,23.0635,162.6634,157.9284,157.5378,146.9909,135.8832,375.6894,356.4072,349.4652,328.1871,324.583,881.2426,816.7617,748.9279,699.7354,685.7163,3484.3657,5066.7658,3422.7152,2696.6402,2237.6771
198501,24.9432,29.7034,29.1699,28.1336,23.325,168.6552,161.6482,161.9997,151.0012,139.2206,392.2855,362.204,355.4696,336.7079,335.2359,893.5934,840.7349,772.5194,718.62,721.1878,3569.9995,5179.0536,3460.893,2729.5494,2270.4028
198502,26.0729,32.1696,32.3087,32.0612,26.9545,182.5938,175.7499,177.0773,168.7214,158.4014,413.3445,393.9198,391.1059,372.8203,387.278,930.4382,915.7308,860.1324,790.7982,833.5642,3692.1662,5665.2082,3742.8645,2962.0638,2576.2318
198503,26.7581,33.2769,33.1657,33.0279,28.176,186.5043,178.1286,179.5748,174.0693,160.1288,412.3532,407.2924,394.1414,371.901,390.1683,948.133,937.3815,876.4705,798.2982,806.7298,3788.6255,5652.0918,3821.3974,2976.4264,2581.1642
198504,27.3598,33.5286,32.6525,32.5366,27.5019,192.2562,181.9945,176.9875,171.8897,154.1297,424.6554,408.4577,396.0082,362.4377,376.2133,978.6579,936.1859,867.0688,774.0891,796.1613,3902.916,5554.7735,3697.2707,2971.772,2541.5228
198505,28.0074,33.8765,32.1558,32.2261,26.9537,194.9478,185.2784,178.3767,167.3121,150.0393,433.5427,410.4909,398.4049,364.4946,358.7786,982.3021,947.8135,860.3983,752.3,773.6124,3857.4922,5580.9596,3703.9897,2969.761,2447.7336
198506,28.7028,35.4838,32.6869,33.2745,27.5077,201.1865,189.1965,185.4899,174.7412,157.2369,453.0908,434.2345,415.3622,385.7133,372.1645,1047.2203,986.7499,899.7959,805.2994,786.0819,4123.7416,5909.5256,3785.0769,3048.6895,2593.1493
198507,23.0375,29.6232,29.0447,29.1338,24.6645,154.6243,157.6146,162.5374,158.0155,151.6756,380.3783,389.4942,377.5334,367.0259,375.9247,946.5355,914.9151,901.3546,872.3582,881.1568,3998.7937,5888.9752,3334.1223,3911.9379,3134.1869
198508,23.2706,30.3553,30.0186,29.9694,25.4993,156.6943,161.0007,167.6343,162.3628,157.2417,378.0245,390.6489,383.382,376.3784,391.8422,919.6255,903.0832,894.5976,878.149,908.3817,3836.9275,5960.7852,3305.8318,3913.175,3143.5083
198509,23.7166,30.5019,29.7616,29.9709,25.26,158.366,162.7148,166.3681,162.4229,155.0195,383.6722,387.7923,380.2478,371.5568,373.9454,920.1414,917.4489,884.5193,860.0532,898.8028,3855.2127,5817.0178,3244.3763,3908.5186,3059.7965
198510,23.5594,29.4976,28.5026,28.7426,23.5781,156.6957,158.9107,158.6779,154.7437,143.2519,375.5256,376.5565,361.584,352.3408,347.6766,880.6218,874.2481,866.6532,795.8868,823.2709,3751.77,5716.9233,3128.0581,3727.2995,2795.1463
198511,24.0025,30.3736,29.5547,29.4065,23.9664,163.7316,167.5479,167.8738,160.1726,149.6688,392.2947,393.4629,375.3524,359.5724,358.3017,930.2482,930.9922,899.9834,830.5337,845.5415,3954.3128,5970.5914,3277.712,3873.4312,2941.5454
198512,25.1838,31.6085,31.3802,31.0011,25.7335,173.376,178.1783,178.44,170.7956,162.7729,407.8632,418.978,401.2923,379.992,391.7871,984.1273,997.5052,949.7392,889.2017,922.0613,4219.384,6335.455,3453.4616,4084.9074,3160.0362
198601,26.4651,33.2283,32.1562,32.2303,27.3364,183.7182,186.1685,184.4037,174.8605,172.7261,426.4058,433.028,418.8581,394.3412,417.9624,1037.5678,1038.4106,998.8121,908.2884,957.7118,4410.9518,6703.0994,3708.0482,4190.6777,3313.0736
198602,27.0643,33.4194,33.2681,33.4298,28.8046,187.1387,188.9758,187.3163,175.9602,172.2215,447.1333,445.2561,427.7777,400.5572,429.7696,1062.0143,1075.2618,1017.0159,920.4964,966.88,4463.621,6699.6604,3759.6776,4135.9417,3311.1419
198603,28.7541,34.8451,35.0928,36.0587,31.0151,199.4366,202.5391,200.2681,189.1033,187.0973,478.4808,475.8483,462.9682,420.525,460.3846,1125.6566,1152.2982,1103.8431,987.5588,1042.3828,4826.5532,7095.8338,4134.718,4464.9063,3545.9052
198604,30.0619,37.7887,37.2916,38.2041,32.6992,210.6655,211.1989,210.9253,200.93,198.5993,506.085,506.8339,492.3692,434.9172,495.8699,1198.525,1221.8565,1176.48,1030.1319,1073.4061,5127.5031,7412.1406,4364.5427,4659.9794,3721.6252
198605,30.4429,39.298,38.0613,38.5306,33.5102,213.7659,214.7526,211.6936,199.0584,201.0431,504.8317,519.1455,489.348,442.0729,492.858,1182.6825,1199.0831,1157.6669,1011.5505,1076.6223,5122.815,7331.7901,4252.6342,4543.2801,3570.0716
198606,31.5094,41.3193,39.804,40.6037,34.9871,219.4954,226.2827,220.4821,204.7765,208.8516,531.2788,553.1607,514.7751,471.3909,504.202,1230.4437,1279.3477,1222.7874,1054.4396,1116.8965,5402.119,7547.0547,4478.4822,4781.4383,3766.7788
198607,26.5353,34.9714,32.5794,36.2489,33.1975,179.5702,187.3005,188.2366,188.184,189.055,482.4091,486.2735,478.1231,449.9929,443.9428,1229.0397,1180.6409,1066.6393,1133.7202,1145.9509,5642.1562,8349.5681,4333.1968,4138.2817,3425.0661
198608,25.2908,32.5109,30.0642,33.0531,29.9379,171.8391,173.0591,174.0843,169.9642,168.9436,473.903,459.6484,433.8481,397.7815,400.233,1234.2588,1079.1066,974.5374,1040.0409,1055.7176,5569.8692,7923.5032,4058.4992,3842.1977,3103.7387
198609,25.6086,33.2758,30.8649,33.4553,30.4759,178.1916,178.5558,182.4299,175.8178,176.5513,496.3287,487.0839,455.7835,420.6318,423.3754,1307.8026,1152.3942,1050.8258,1112.7933,1131.4284,5935.3282,8526.3935,4336.9296,4035.0215,3345.8143
198610,24.5104,32.345,29.7749,32.7588,28.211,172.5035,173.053,176.8444,165.2924,164.8354,469.2477,457.3278,433.1279,396.7191,397.4801,1198.3762,1096.4499,972.856,1041.5588,1011.734,5365.5266,7841.032,3877.3563,3605.9206,3044.1972
198611,25.0959,34.0058,29.8187,32.9087,29.1383,174.9572,179.7423,182.2277,172.8625,174.4312,472.9103,460.5536,441.9718,413.0032,419.3169,1248.9236,1139.9428,1022.9275,1094.1672,1068.791,5761.7478,8115.5813,4132.6837,3899.6167,3277.8248
198612,25.0544,33.4886,29.6054,33.1742,29.024,173.1478,176.8378,182.0282,171.6949,175.1812,469.5186,449.73,443.1197,405.6803,422.1853,1254.7941,1144.5684,1029.0083,1115.2761,1016.5784,5846.1536,8303.7816,4196.2989,3987.6546,3355.9586
198701,24.4772,34.5646,30.0802,32.3187,28.2311,171.3377,175.1105,178.6823,168.0889,170.1311,458.6944,437.4276,438.7893,402.6989,414.4005,1226.9769,1098.5891,1004.924,1077.8775,986.5787,5676.3596,8124.1725,4049.7944,3879.5436,3187.1854
198702,26.5691,38.2437,32.7361,35.5247,31.7714,184.1527,193.72,202.0674,186.9165,193.0884,494.0518,479.3105,486.6211,452.3917,495.8457,1330.4623,1218.5213,1112.9542,1230.0863,1176.9639,6337.7842,9176.7067,4626.1692,4514.388,3673.249
198703,28.1231,41.4287,34.7088,38.5694,35.198,190.014,203.0002,216.805,198.0178,213.0157,506.6352,508.9828,509.7894,490.7772,549.0034,1298.5795,1285.8942,1186.3181,1317.0114,1292.0594,6324.8561,9479.5549,4979.0205,4822.898,3942.708
198704,29.1989,43.2657,36.7961,39.7308,35.7486,196.166,213.6325,220.2644,202.0249,215.5903,510.4175,523.6732,523.899,499.6334,549.0524,1289.3213,1329.9998,1210.1783,1317.4689,1307.775,6462.9765,9832.8102,5050.4479,4881.0789,4005.8389
198705,28.9185,42.2842,35.4992,38.6179,34.8239,185.6773,204.2064,217.0249,195.3127,206.9794,481.2784,507.0937,510.0446,489.5736,539.8927,1233.2412,1306.6009,1145.5243,1305.9252,1268.0094,6298.7406,9796.8097,5089.033,4710.2312,3861.8208
198706,29.1835,41.5541,36.1102,38.6978,34.7642,183.5053,202.0241,210.5594,196.7463,206.2156,475.66,500.0997,509.7029,491.8059,550.6348,1211.3208,1289.6253,1156.0123,1331.8746,1270.9285,6370.7539,9769.559,5114.9698,4712.6627,3890.1897
198707,28.7635,34.2365,35.3217,37.6672,34.4207,183.0442,200.3945,193.75,198.7942,202.271,525.3171,512.7538,524.1954,492.0846,473.7256,1342.6306,1362.8741,1292.1639,1313.2631,1321.2226,8360.4166,6525.3984,7296.4937,5043.0094,5447.4258
198708,29.7386,36.2147,35.8366,39.3967,35.1996,187.1866,207.0216,204.4448,205.1691,206.3019,527.8478,541.7752,548.2767,523.4278,485.3844,1365.244,1456.0749,1365.3948,1398.2573,1374.5917,8599.6009,6881.8667,7569.9891,5276.0056,5798.9273
198709,29.8218,37.127,36.2241,39.9892,36.0261,190.5431,215.7718,206.922,213.6416,214.6141,547.1103,556.696,555.429,536.6791,503.6622,1408.0857,1479.8336,1418.2607,1418.1661,1469.3111,8850.0162,7204.178,7907.2561,5408.4086,6173.5162
198710,30.1316,37.2235,36.1057,40.3148,35.7016,188.4906,212.4513,204.0948,213.9082,212.5102,538.0415,553.891,549.7609,535.331,484.2566,1364.9874,1488.8432,1389.5348,1411.4039,1487.0383,8666.5947,7195.3593,7621.0673,5264.7743,5753.9697
198711,23.087,26.6773,25.6344,27.4238,23.6203,147.6358,159.0812,144.1042,149.4032,138.2988,448.6582,405.656,400.3813,371.383,326.9916,1155.6764,1103.2334,1025.5993,1023.1297,1048.9563,7529.4075,5670.5549,5799.0629,3953.0646,4081.6242
198712,22.3966,25.5294,24.4855,26.2268,21.895,145.3527,153.0346,141.1425,140.4292,126.201,436.9816,391.8676,386.0248,356.1025,301.418,1098.6623,1052.1806,967.1697,963.9682,940.9712,6829.1991,5203.7959,5283.1247,3628.2202,3583.8713
198801,22.5383,26.8985,25.4965,27.6048,23.0377,151.3225,161.1113,152.8828,154.0282,140.6137,447.2975,415.9989,419.0145,392.6503,335.724,1135.9064,1132.1352,1086.6994,1042.1857,1073.9511,7108.2262,5501.5312,5706.0463,4044.4892,3905.5517
198802,23.5984,28.6397,26.4737,29.4639,24.6067,158.14,167.2259,157.5684,159.0122,148.0291,473.9828,441.606,445.5833,402.3266,337.8362,1205.2704,1158.8729,1111.4486,1063.2079,1094.713,7636.856,5712.3863,5812.6756,4131.2411,4128.5309
198803,25.1217,30.7414,28.1754,31.6759,26.312,165.7983,177.2459,172.4972,172.2016,164.4221,489.4514,476.3128,474.0299,440.0562,368.8933,1227.8644,1233.9963,1198.5699,1182.501,1181.851,7724.9542,5841.421,6103.7539,4355.4195,4394.2189
198804,26.3027,32.0757,29.4792,32.7881,28.0449,167.4262,184.5308,174.888,177.8819,171.3178,483.4151,487.9114,457.5674,445.3681,376.5095,1209.0061,1266.5557,1198.8028,1227.4207,1162.0645,7550.816,5603.9856,5705.2895,4263.0255,4113.3258
198805,26.6031,32.7129,29.9913,33.3549,28.5272,171.1517,186.6261,181.0559,182.6851,171.9431,492.3319,492.9776,457.8691,433.4594,370.1623,1216.838,1286.6567,1182.9958,1222.507,1193.8725,7641.8139,5594.9013,5768.7626,4306.886,4130.9325
198806,26.5551,32.6823,28.8302,32.835,27.6228,165.6828,181.6665,179.6859,179.9683,162.5537,494.8096,487.0966,447.7657,427.1109,370.5737,1225.039,1276.3902,1165.9548,1206.6368,1191.8644,7726.6898,5593.2179,5785.1552,4296.7564,4104.7323
198807,23.1415,30.0532,27.6257,28.1494,26.0169,163.3492,164.9392,165.3261,159.2202,163.6843,453.4434,449.2263,460.7155,429.2881,423.8877,1283.4865,1223.4475,1226.4991,1267.8423,1269.1769,7147.8143,6317.3018,5826.6567,5575.0626,3595.8358
198808,23.4509,29.6797,27.8335,28.301,25.907,163.6306,164.6428,163.5474,156.5243,159.7751,445.2474,444.8491,454.2661,412.9264,410.141,1259.5332,1201.5275,1205.2325,1243.9613,1222.3174,7208.8433,6266.8059,5749.6015,5539.0965,3470.8358
198809,23.1337,29.5144,27.1411,27.7852,25.015,163.1317,157.8871,157.877,150.2199,152.758,442.2852,432.7425,440.8878,407.8188,388.9383,1258.4302,1171.2881,1171.3433,1211.6066,1174.7381,7063.9349,6033.0708,5547.1068,5262.8859,3012.971
198810,23.516,29.8931,28.5745,28.7643,25.6226,166.4635,163.354,164.0523,153.0447,156.0341,453.1537,449.6423,456.4535,417.0575,405.1884,1293.0191,1197.549,1216.5988,1249.4307,1226.3969,7207.2316,6269.46,5805.4325,5561.0608,3198.61
198811,23.3711,29.5951,27.9988,28.2053,24.8743,167.9723,163.2585,160.6257,151.5992,151.0965,454.1369,455.8704,458.0765,409.4762,399.0098,1303.4255,1210.7091,1220.7285,1247.3307,1224.0646,7431.4704,6407.5613,5931.3595,5741.8854,3224.3973
198812,22.7152,28.8618,27.0577,26.6224,23.297,166.5622,157.8552,154.5166,146.9288,142.9679,442.8755,449.5249,444.3538,395.6605,380.1926,1274.9466,1187.911,1183.0804,1182.1745,1186.798,7286.9036,6276.1879,5854.1481,5618.299,3110.3901
198901,23.2682,29.6998,27.8678,27.8287,24.7416,168.0759,163.5758,157.6226,156.9969,147.5974,456.1541,462.3632,460.4678,412.9985,402.582,1283.8779,1210.5458,1190.0369,1205.6123,1201.5712,7175.8821,6339.5557,5918.6451,5646.5842,3181.8209
198902,23.9028,31.1537,29.1767,29.3395,26.1206,169.959,170.5621,164.7237,166.559,153.6475,466.5893,482.5045,486.1594,437.4693,425.4634,1304.6738,1283.367,1250.4611,1287.2423,1270.3464,7572.9665,6712.8675,6376.1397,6118.8223,3501.6063
198903,24.1047,31.68,29.6463,29.8638,25.9449,171.9438,173.4829,167.7744,168.5158,153.1183,465.2549,482.1829,496.1443,439.9051,423.2884,1287.4967,1271.4267,1256.1818,1280.3123,1250.5631,7324.301,6531.4975,6145.3672,5858.3424,3431.6251
198904,24.8687,32.2582,30.6831,31.1126,26.9126,173.4924,174.5337,171.6022,178.7723,156.9528,474.0828,486.8985,502.9427,448.1692,438.9826,1295.4296,1295.8205,1286.4395,1294.4489,1297.2423,7501.203,6626.7305,6330.5091,6087.818,3413.0687
198905,25.4819,33.4288,31.2524,31.3588,27.8108,181.2506,182.1934,177.6769,187.2393,163.6124,486.2485,507.1665,526.5319,472.9695,461.8259,1357.7214,1366.9854,1346.2529,1353.37,1370.8358,7810.9819,6988.3086,6667.9006,6381.3019,3546.0215
198906,25.7407,34.2017,32.0447,32.5327,29.0899,184.2667,186.463,182.1804,190.0491,172.2159,502.3286,527.1431,537.0373,496.2201,485.7001,1408.2662,1415.855,1385.2437,1407.7991,1468.6626,8082.217,7164.2658,6932.9862,6411.6251,3861.8233
198907,24.3444,30.378,31.4201,31.4268,25.2313,188.145,186.9169,195.0456,178.2088,183.5234,533.4461,519.4862,531.4854,490.6147,501.9541,1398.9578,1395.6478,1361.9505,1347.9836,1262.0838,7545.8841,7665.4933,7728.0527,4801.7568,4889.1043
198908,24.7563,31.1557,32.2412,32.8812,26.0884,191.9556,194.4324,200.7046,185.1077,195.1669,553.5477,540.3248,561.3842,510.6488,528.9857,1475.7313,1505.8777,1446.5321,1467.211,1337.5352,8030.1196,8337.2356,8602.5682,5316.2601,5439.7026
198909,25.325,31.8172,32.9629,33.4832,26.9763,195.2498,197.2825,204.0389,192.2674,205.696,556.5807,563.7822,578.6342,527.9357,544.533,1487.6193,1562.5291,1492.6231,1499.0781,1431.5502,7962.22,8459.6796,8765.8031,5445.0482,5526.6085
198910,25.7725,32.3708,32.4141,33.9712,27.7321,196.8337,198.6622,211.1188,192.4674,206.9487,561.427,551.8202,585.1644,518.6294,556.5465,1482.4573,1520.3952,1452.4818,1456.36,1459.6166,8018.8879,8454.2549,8668.6572,5430.5829,5537.8372
198911,25.1338,30.5735,30.3826,31.298,26.0811,191.9168,190.9756,203.143,178.1886,188.4328,548.3626,528.8657,551.1246,487.591,511.4641,1449.8016,1467.3085,1356.5561,1359.0322,1351.6969,8052.6105,8409.5924,8393.4538,5114.655,5392.5956
198912,25.2735,30.187,30.3729,30.9834,25.9531,194.9458,191.7357,203.2804,173.5069,195.9776,557.0222,531.2038,555.8488,501.344,517.1506,1480.3359,1497.0525,1356.5518,1379.272,1331.9959,8261.8514,8502.7604,8536.0153,5186.6487,5493.9792
199001,24.9486,29.5591,30.3157,31.0166,26.0215,192.9352,192.318,205.5948,174.222,194.3098,566.0109,536.3466,550.9871,505.761,517.5042,1541.3616,1511.9109,1363.1145,1403.9477,1332.9362,8731.6683,8675.9234,8698.1342,5101.431,5431.7404
199002,24.0062,27.5461,27.771,28.8559,24.5609,181.7418,176.098,184.6985,155.918,170.0793,526.0252,501.7742,504.6032,460.7867,457.9219,1444.2803,1391.3708,1228.7496,1316.7331,1200.6512,8144.1263,7985.7502,8092.145,4694.4515,5228.9318
199003,23.9484,27.9231,28.5612,30.1276,25.119,184.4284,179.1644,188.6808,163.5519,175.9807,531.0603,517.9924,516.0192,475.6306,472.9943,1447.0247,1414.4342,1238.7964,1349.4011,1240.1696,8110.1747,8073.1171,8170.5881,4756.1542,5485.7193
199004,24.2907,28.6956,29.1591,31.6848,27.0493,188.3627,183.1592,195.3439,172.7829,187.9637,532.9968,530.8259,530.5935,502.8109,502.8937,1458.9809,1465.5653,1270.9205,1416.8316,1281.6131,8128.5372,8286.007,8311.1139,4873.3294,5725.5873
199005,23.9497,27.5878,28.3492,29.9268,26.2267,180.6008,177.1874,188.5349,166.7731,181.8847,509.7585,504.5249,517.4455,490.5337,479.5345,1382.8476,1417.3117,1228.2624,1339.9243,1197.0336,7852.7944,8125.5395,8144.3439,4727.0421,5679.2129
199006,24.5612,29.03,29.8166,31.1264,28.5565,185.2033,184.4619,199.8098,180.7585,203.2776,528.4428,538.5185,552.9712,540.9761,535.628,1480.1857,1539.541,1326.8157,1463.9564,1360.9718,8393.4489,8864.2096,8874.4535,5226.1335,6586.9703
199007,21.3734,25.4078,29.6463,26.1864,25.5214,180.3318,185.5591,177.7865,185.0634,178.2564,506.3829,500.1292,488.8868,515.1466,467.152,1376.7996,1376.2923,1353.0115,1374.3315,1309.736,8301.607,9431.6058,7221.5868,6906.8959,5198.8062
199008,20.7722,24.5698,28.3272,25.1168,24.1829,174.8157,180.182,171.5101,175.024,169.1019,500.7026,487.6651,472.6554,487.101,434.5892,1385.7024,1361.4412,1309.2187,1297.5901,1249.9541,8518.1909,9364.0932,7144.6901,6709.0724,5037.7547
199009,18.8277,21.5935,24.9616,21.632,20.219,161.728,161.0541,151.3254,149.8889,139.266,462.965,428.3175,416.1872,424.4516,364.7916,1287.2336,1229.1617,1172.0409,1124.3998,1071.5456,8009.4727,8540.002,6442.5543,5931.2873,4428.7113
199010,17.8639,20.2442,22.5425,19.5115,17.9934,152.9338,148.5632,137.997,136.8233,119.5838,446.2662,393.7979,385.1034,377.3693,327.0096,1247.1395,1132.2676,1057.8425,1018.5436,942.1361,7915.241,8314.5135,5903.9153,5533.0461,4133.8704
199011,17.0291,19.0404,21.2011,18.1138,16.6916,145.2876,139.687,129.3875,127.9456,110.512,436.3929,372.5005,368.3009,353.7669,305.1153,1266.1855,1087.3768,1018.3293,971.7732,890.0002,8100.6776,8372.8186,5775.3864,5424.8299,4027.932
199012,17.2558,19.8987,21.9126,18.3819,17.5725,149.9805,146.8464,138.9036,139.8115,123.0696,454.1939,401.869,402.0741,392.1402,344.6303,1321.8941,1151.9068,1145.8481,1077.2607,1005.0794,8312.9998,8824.6398,6183.4142,5860.1443,4507.9622
199101,17.4712,20.0562,22.0596,18.9583,17.4498,155.1118,152.0848,144.3378,147.6932,130.7205,467.3688,412.0939,420.239,423.3436,366.4301,1361.0078,1182.9832,1199.7341,1136.7472,1048.8934,8383.2448,8948.3085,6384.2968,6059.0857,4658.3389
199102,18.1626,21.6493,24.2584,21.0416,19.9445,156.7127,158.0778,157.1249,162.1652,146.5971,470.7927,444.3652,451.8721,471.8187,403.3121,1362.9849,1246.0556,1275.1488,1255.7519,1158.5366,8255.3071,9171.3007,6791.4641,6664.9312,5149.0193
199103,19.928,24.1925,28.1042,23.7911,23.1861,170.6298,176.1574,174.9736,183.1505,162.2208,503.2277,484.1405,492.1626,509.7522,453.5691,1443.3486,1365.8667,1394.7838,1352.8646,1272.0854,8694.5987,9648.3961,7270.4237,7237.0221,5577.7875
199104,21.1204,26.205,30.3444,26.7071,26.2359,178.3433,188.6304,191.1314,194.2248,176.1832,512.3573,507.6029,509.3149,539.4026,502.0677,1473.3993,1405.505,1461.5338,1414.7312,1342.0497,8996.7988,9737.4386,7461.816,7438.0579,5822.9298
199105,21.4306,26.8432,30.6088,26.8573,26.8481,181.2894,191.8915,192.9227,191.7618,173.3715,519.759,516.4874,514.0281,543.9092,490.9763,1465.6687,1430.9801,1463.2727,1416.8487,1354.5932,9008.3302,9633.7802,7499.7266,7361.0217,5931.6584
199106,22.2383,27.7616,31.6759,28.405,27.9206,184.3085,198.1432,203.572,196.5235,186.5363,525.2025,538.1282,538.7555,569.1148,524.6501,1486.0555,1489.4168,1521.7051,1513.8577,1454.2456,8881.032,9948.1946,7921.6551,7791.6319,6284.2999
199107,17.0536,23.7347,25.4101,27.6877,24.8806,169.3417,170.1773,163.1435,168.1561,168.3972,486.9603,482.5112,491.467,485.0372,474.4071,1359.5284,1378.7369,1355.6294,1328.5107,1200.7608,9213.1676,10466.1987,6381.6987,5983.3972,4300.9753
199108,17.6484,24.4368,26.3443,28.8071,26.1727,171.9026,172.7867,168.6698,175.4544,176.305,499.7051,502.5169,510.3078,513.8522,514.6141,1391.1359,1429.2713,1422.0972,1394.5209,1305.5241,9523.5623,11016.2886,6612.4348,6441.7707,4480.7061
199109,17.7044,25.2334,26.9267,29.7837,27.5714,177.2892,175.7594,175.1425,180.2055,182.9736,508.8248,515.7297,531.267,535.6135,557.4463,1423.7647,1451.3819,1445.3626,1423.97,1343.8678,9611.718,11260.0604,6813.9012,6611.9165,4738.2776
199110,18.1119,25.5495,27.0508,30.5225,29.204,183.2006,175.0121,175.2711,184.6655,188.9405,526.7611,514.4733,535.2297,536.5877,558.3386,1457.8963,1415.5969,1428.9106,1417.4569,1379.8373,9794.4534,11003.7915,6667.4642,6457.3188,4513.8727
199111,18.9345,25.5732,27.8054,31.9389,31.3995,186.7769,175.2109,176.0886,187.5133,194.775,523.7017,524.4708,550.1457,557.2809,567.5734,1457.0286,1447.3625,1469.3209,1456.4339,1385.3608,10017.849,11174.3917,6759.9726,6407.1664,4493.0752
199112,18.8942,24.8109,27.1483,31.3938,30.5147,179.7758,174.7284,167.4593,173.3927,183.2368,522.0325,502.2446,515.8339,530.1302,529.8286,1434.0912,1400.8674,1403.6801,1378.5684,1307.8319,9706.2706,10770.1135,6371.5463,6145.0795,4319.3404
199201,19.4025,26.0275,29.1893,34.0767,34.3218,187.0212,184.8265,183.3752,191.7409,204.3579,549.938,541.222,582.4659,604.1815,635.5566,1491.644,1534.5684,1612.9358,1590.8474,1517.5561,10494.207,11989.0494,7359.8422,6982.7454,4873.3811
199202,21.1356,29.5337,33.6464,38.5307,41.1148,191.3507,194.3965,199.0807,203.0285,230.54,551.9825,559.0713,608.5961,645.104,678.358,1439.2276,1547.7447,1625.796,1621.2349,1620.7098,10017.8649,11604.8904,7288.0638,7021.0681,5213.7246
199203,22.0296,31.2808,35.8257,41.2265,42.9454,196.593,197.4882,206.172,211.4639,237.3515,553.3269,568.4282,623.4732,680.413,706.3193,1425.8866,1565.6538,1672.2472,1666.625,1680.5999,9835.5776,11589.316,7435.6227,7357.0054,5319.1549
199204,22.6794,31.1757,35.904,41.1824,42.0353,196.7498,194.0234,200.4291,205.9611,225.1787,550.8468,573.0987,599.1072,674.0516,686.0733,1399.6164,1536.2989,1656.1221,1654.3925,1632.2642,9666.8653,11366.7168,7236.0515,7325.2418,5302.9172
199205,22.4911,30.0161,34.7162,38.8783,39.3799,193.1384,191.0012,195.9271,199.0172,208.6609,553.1532,579.9922,591.559,660.407,655.2236,1413.7011,1556.6173,1695.5727,1670.3368,1610.9835,10172.7988,11712.2731,7373.1349,7336.9238,5126.5638
199206,23.0101,30.0508,35.1593,40.11,39.4005,196.9881,195.4502,200.6435,201.624,202.8865,566.5235,586.0838,584.1371,658.083,661.1168,1421.356,1570.229,1701.3674,1656.6891,1622.1942,10284.3078,11748.8007,7420.1839,7411.5753,4929.581
199207,22.1359,30.2862,31.0494,33.7844,32.044,189.3105,187.6295,178.2164,193.773,184.926,527.6813,546.3519,515.0136,558.7236,505.3436,1376.2315,1433.2074,1429.5594,1563.1716,1314.7368,9770.5045,10391.7949,8227.9765,5408.4809,4772.665
199208,22.9981,30.9457,32.1472,35.1282,33.1322,199.8283,189.1165,183.707,199.6664,191.7808,548.84,565.6371,532.6801,591.607,529.4432,1449.4339,1484.225,1477.9822,1608.1454,1399.1223,10183.6355,10804.8304,8490.676,5676.3039,4826.382
199209,23.0965,30.7132,31.1594,34.3021,31.5524,200.9765,187.5023,179.5002,194.0923,181.3703,553.6211,552.9975,513.5801,560.5426,502.3211,1451.8154,1461.2306,1436.0052,1532.562,1344.2154,10064.3294,10519.1898,8344.2222,5376.6108,4608.0451
199210,24.2125,31.8038,32.7797,35.2544,31.8486,205.6406,191.5725,185.6535,203.1696,189.1407,571.0514,571.286,523.3088,571.1832,516.195,1482.7722,1467.5969,1482.088,1569.5059,1380.3633,10110.3044,10463.4768,8552.6715,5600.8325,4734.1127
199211,24.754,32.2843,33.3481,36.6967,32.9288,205.1675,194.2106,185.7409,206.981,200.8614,570.4916,579.3851,532.1667,598.5382,557.5516,1477.077,1487.5205,1532.5507,1624.1548,1481.692,9896.9265,10591.9655,8542.66,5751.7562,4980.2025
199212,26.2105,34.0572,35.9034,40.4733,37.1152,207.1866,205.267,200.4288,223.1471,219.8917,579.57,611.6485,566.6505,640.9233,621.5087,1480.099,1528.5819,1607.1146,1726.85,1625.6809,9874.2961,10788.8497,9036.0149,6106.2043,5469.645
199301,27.9468,35.7323,37.9069,44.0697,38.8894,215.4749,212.2348,208.5521,236.3324,230.9508,601.3948,639.3147,590.7093,669.3541,652.9847,1541.3131,1567.3416,1651.021,1780.8111,1710.0832,9919.8067,10896.1972,9161.0631,6283.8455,5615.7854
199302,30.0982,38.1052,40.1741,46.2825,40.8949,221.6098,222.0895,215.9455,246.7711,236.9076,607.6208,653.7107,602.87,682.9184,668.6456,1575.2492,1586.2996,1703.2424,1814.9017,1773.082,9976.6542,10741.1055,9151.3937,6552.6949,5943.5336
199303,30.3954,37.9278,40.3678,45.0101,38.7682,229.7702,223.1466,213.4961,243.4053,225.3711,618.8512,663.8375,591.6996,669.5309,635.5884,1620.4673,1583.8845,1723.7017,1739.7278,1750.5543,10433.2205,10733.3008,9071.2855,6648.0143,5765.2594
199304,32.5511,40.5998,42.4561,47.0821,41.3559,242.058,232.1209,223.7171,255.3031,232.4384,653.311,685.2477,619.3422,710.0557,666.1089,1683.8748,1639.3514,1805.6631,1772.8277,1875.1773,10641.9843,10824.4253,9295.7237,6901.306,6092.5023
199305,32.8033,39.5042,41.3879,46.149,39.9227,243.3124,226.3723,214.2024,248.7157,223.3627,643.6512,664.3042,599.6179,693.4083,638.1318,1675.4361,1563.1621,1745.2952,1744.4884,1789.9783,10447.5066,10708.1041,8810.9585,6645.691,5798.7583
199306,33.6616,39.7863,42.7839,48.8656,42.7576,243.2382,231.5042,217.9746,261.2609,241.2969,648.6432,680.2388,625.7261,721.3983,701.5925,1705.497,1588.7239,1790.4391,1823.1156,1920.3179,10464.1152,10888.7169,9164.3573,6981.3714,5925.5622
199307,30.8376,38.9348,43.0123,46.1779,42.4441,241.3465,241.4309,243.0163,238.6439,250.646,670.1566,647.7904,635.6872,674.2236,634.7126,1657.8516,1738.3162,1641.2149,1728.6126,1689.5068,10943.178,10710.0533,8515.2039,7301.962,6117.299
199308,31.5416,40.1178,43.8966,47.9166,42.6695,249.643,246.0373,242.7564,245.2902,253.322,675.3222,653.4216,635.1701,714.6758,635.9036,1693.0305,1722.8977,1628.5953,1726.27,1674.7451,10980.9848,10555.9356,8414.481,7158.1533,6126.5059
199309,32.9038,41.8656,45.7895,49.5738,44.6858,260.8492,251.7016,253.5512,255.843,263.5452,708.5768,665.4104,661.702,736.315,681.2241,1772.664,1794.6205,1663.3173,1807.4263,1796.1935,11384.6915,10858.414,8620.9442,7504.9812,6367.0106
199310,33.9965,43.6752,48.1063,51.5186,48.3441,267.6427,259.0034,266.5857,264.521,276.6496,718.8284,675.0898,679.1117,743.9455,706.2122,1755.7552,1768.8088,1690.6329,1823.4748,1866.8334,11344.8384,10634.8211,8473.2081,7634.7084,6636.1454
199311,35.1744,46.0097,49.6476,53.2973,51.8594,266.6577,264.2408,269.7676,269.3756,289.7214,696.9289,680.9898,694.1039,755.6568,712.8527,1732.3695,1801.4977,1714.5588,1865.522,1838.8036,11346.6226,10992.1492,8679.6416,7731.0548,6378.7493
199312,33.8836,44.232,47.9712,52.6086,51.2729,251.0008,252.9595,265.8557,262.7683,281.7735,643.2464,663.6911,687.3434,758.4247,705.3303,1636.7954,1785.6007,1676.9622,1844.7234,1803.6827,10946.807,11111.4196,8717.986,7549.1674,6252.0457
199401,34.4302,45.6796,49.5319,54.4092,52.5674,260.2958,259.7978,278.7,279.202,290.0799,651.7067,695.639,720.5567,805.3661,744.2288,1712.0624,1847.8916,1740.4867,1948.8334,1876.7725,10976.3166,11222.9256,8801.5456,7712.9183,6394.9448
199402,35.9576,48.2438,52.2616,57.3293,55.7724,263.5093,264.3908,288.0403,282.5112,304.0091,659.2237,701.6391,752.1502,836.1922,771.4045,1728.3817,1896.7047,1799.8717,1995.3454,1954.5551,11109.3972,11526.3555,9100.0248,8074.9496,6987.6671
199403,35.8264,48.3127,52.2073,56.8983,55.9296,258.6295,264.1437,282.6346,284.1062,303.9137,641.7031,701.707,759.4019,941.7489,779.8356,1653.6732,1863.9519,1774.207,1987.8854,1964.352,10584.3035,11084.5974,9023.1399,7871.9579,6710.0752
199404,34.9421,46.7148,50.0957,55.4784,54.1365,249.1174,254.8992,273.9976,263.8833,289.5779,626.2206,676.52,721.8889,885.3844,739.5823,1574.9621,1767.272,1673.921,1894.8959,1913.7834,10265.1621,10510.7333,8638.1634,7529.9037,6441.5623
199405,34.738,46.9675,50.4224,55.1508,52.8005,250.6048,260.5826,278.2445,266.0627,294.5893,640.7945,686.2158,727.8285,894.2044,731.3919,1619.1569,1772.2424,1691.2212,1873.4009,1930.7452,10354.1848,10782.1024,8635.6672,7370.4291,6578.6623
199406,35.0275,48.0295,50.8387,54.8798,52.3339,252.2019,262.9649,275.9216,261.6798,287.8552,623.7861,682.9677,720.3739,884.377,732.9031,1562.2985,1792.2659,1687.6277,1888.7997,1906.2784,10315.6608,11019.3045,8716.9653,7517.777,6865.7971
199407,36.208,41.571,49.4732,48.2351,46.9332,245.7775,243.9518,240.0629,249.6074,239.767,632.5981,615.7289,597.3879,610.5571,586.4858,1563.6962,1528.3744,1545.8802,1466.9149,1563.496,10892.4557,10623.7272,7285.0268,6182.0855,6641.3514
199408,36.3344,42.0754,49.6904,49.0335,47.8082,247.5365,245.9106,246.5314,255.2064,247.4325,646.6842,630.1903,613.4242,623.0797,613.7872,1604.4584,1591.4364,1584.9844,1506.7959,1637.7799,11185.2676,11050.5758,7503.1108,6470.9521,6829.1728
199409,36.6934,43.429,50.9363,50.8105,50.5801,252.0786,258.8755,257.7563,268.3739,272.0564,651.3664,655.2489,647.3941,673.578,671.484,1614.9595,1646.1051,1661.0847,1618.7092,1766.9386,11359.9971,11697.4673,7852.673,6688.1462,7495.373
199410,37.7883,44.6246,52.3062,51.1586,52.229,257.3273,257.208,255.8095,266.4646,270.9952,645.0291,659.1414,639.6072,666.9549,670.3774,1588.278,1612.9341,1634.1635,1584.9818,1721.6725,11325.3602,11588.4921,7519.7921,6558.7471,7069.084
199411,37.8453,44.7932,52.7767,52.0802,52.1651,254.509,255.2683,257.3494,262.8056,270.6228,647.5372,660.1797,644.3437,661.9441,674.2629,1621.5545,1650.8622,1615.1952,1588.5535,1757.4028,11629.1141,11742.1235,7667.3031,6689.8431,7379.0065
199412,36.7538,43.6572,51.039,50.303,50.8459,243.8252,244.2725,248.0033,257.4553,259.3569,610.6189,629.1102,627.5954,632.9763,643.65,1558.9188,1583.784,1537.0033,1529.4574,1703.9175,11178.767,11487.6148,7293.6972,6506.6319,6919.1609
199501,37.1106,44.0781,50.6834,50.419,50.9191,249.079,249.529,255.5199,261.1783,264.8266,621.5765,648.8563,647.3843,665.433,655.5449,1566.8364,1609.086,1563.0341,1538.7517,1767.1926,11258.7032,11737.5322,7412.8182,6518.3975,6850.9196
199502,36.7245,45.3872,52.1644,51.8805,52.7133,245.2715,248.3479,254.8251,257.9035,262.1282,621.4105,644.9523,646.1309,662.7404,653.0065,1598.2788,1627.1955,1578.4312,1568.5524,1777.1935,11669.5153,11983.6243,7584.1891,6760.3183,7095.0423
199503,37.4028,46.3674,53.926,53.8482,54.5668,251.6929,256.3049,262.9798,267.2714,274.3193,647.2432,675.3065,684.359,697.5486,695.9415,1643.8849,1673.6163,1656.0259,1663.8854,1893.3181,11863.7715,12390.7855,7888.9888,7159.5639,7603.7473
199504,38.406,47.7368,55.2113,54.5879,55.7534,259.638,264.2061,273.1832,273.7333,281.2873,661.1142,698.9771,697.5076,708.3032,725.6284,1655.3688,1711.6588,1720.6129,1710.3435,1945.635,12184.9706,12936.8385,8104.4426,7370.3793,7703.2093
199505,39.7116,48.971,56.7647,56.9894,58.7493,263.6048,270.4067,282.5458,284.5634,287.7278,675.7286,719.3858,720.9136,717.0625,719.7745,1697.4823,1740.993,1759.0646,1747.8345,1962.5627,12621.2032,13178.7543,8200.5998,7593.2402,8006.7373
199506,40.1089,50.5413,57.5866,59.0322,60.8015,270.6177,276.25,285.0162,293.7907,294.4855,683.7033,728.5723,726.7126,723.923,733.9813,1749.052,1777.0073,1802.3194,1765.922,2035.2732,12898.0788,13781.1216,8479.8697,7977.2475,8453.1939
199507,39.8135,48.2752,56.0112,51.5443,48.5904,255.4933,272.7459,280.9583,270.8678,260.658,671.4626,670.367,651.2826,664.3816,657.5843,1717.86,1750.5829,1794.7915,1670.5091,1697.7845,12932.8261,12120.2876,10556.4434,7503.1118,8168.7113
199508,41.5135,50.4905,58.5224,54.4645,52.6239,273.7632,289.6511,297.2302,291.7583,280.1928,695.0871,691.7875,689.202,711.6764,719.9653,1707.7994,1796.3458,1875.8258,1787.9071,1874.3323,13320.9637,12401.0168,10900.9746,7718.8458,8682.3799
199509,43.5351,52.734,61.4764,57.1703,56.1198,280.4787,294.1029,304.091,298.9639,284.7061,717.4541,708.4103,704.9278,718.4954,730.98,1710.9636,1843.8444,1907.8976,1821.7128,1919.8574,13323.1577,12387.8185,10824.5035,7808.9389,8902.5226
199510,45.3213,55.1688,62.9382,59.1603,59.599,290.0689,301.6875,311.5395,310.4185,296.5387,745.5017,723.7054,730.6325,731.1305,752.0009,1766.9912,1871.4578,1947.7408,1882.6598,1978.7145,13924.3162,13093.4715,11178.0279,8265.8789,9226.3262
199511,44.3701,53.3028,60.0522,57.1358,55.5843,270.9731,287.072,293.726,295.1218,271.6128,727.2619,704.0148,711.3503,700.4636,719.5239,1754.9454,1829.9986,1909.2996,1819.2073,1922.8082,14108.3367,13172.9679,11077.2455,8094.3512,9287.8991
199512,45.2886,54.1307,61.9384,58.1644,56.2666,282.0246,302.1488,306.7524,310.0124,286.4462,757.693,733.2557,741.4208,733.2325,758.3008,1823.3756,1927.9068,2013.4285,1912.2947,1966.6171,14490.6694,13901.2485,11675.879,8451.2539,9576.3786
199601,46.8305,55.6748,62.6489,59.5529,60.0785,294.3772,312.3476,312.6102,318.5331,301.6613,796.4591,768.6136,758.8462,751.4001,763.183,1887.328,1951.0531,2025.3012,1954.8891,1909.6827,15052.3278,14334.2862,11671.7118,8462.9048,9425.7833
199602,47.5312,56.0209,62.7926,59.5537,61.2361,298.5481,305.5825,310.2857,321.5441,302.687,798.6184,762.513,760.4963,744.2503,765.8896,1900.0599,1965.9152,2086.2322,2019.7884,1933.9482,15467.8898,14996.0358,12164.5004,8986.0298,9750.8467
199603,48.8779,57.9819,64.2713,61.4311,64.114,303.0294,312.214,319.6067,336.2638,311.4923,802.8,765.3992,776.8326,773.4301,811.9643,1895.6987,1999.4395,2122.9434,2067.5054,2020.4492,15234.3618,15116.6792,12554.8112,9170.3859,10290.7122
199604,51.1154,60.5526,66.6555,63.1369,66.6194,309.6905,316.9049,329.15,341.6188,324.4762,836.809,777.9045,814.9163,794.455,821.4938,1913.988,2057.6613,2173.4016,2105.2811,2020.2097,15133.4311,15150.2927,12912.2787,9311.5229,10173.2616
199605,54.098,63.7408,70.6325,69.3164,73.8161,318.5885,331.6019,347.2855,359.8171,358.1362,860.646,787.7886,846.3115,840.3166,854.3439,1951.5563,2095.3375,2217.8531,2170.1897,2156.0321,15280.599,15132.2783,13092.6551,9516.239,11055.8377
199606,57.1771,67.8959,76.2208,74.8296,80.7386,326.9916,346.2388,360.9643,382.3508,389.8966,874.8321,787.5017,862.8261,862.1878,909.0766,1963.5361,2109.7262,2226.0295,2202.5303,2236.7523,15341.5065,15660.5242,13550.5415,9695.1602,11310.5037
199607,51.6067,62.1927,63.6567,64.3421,61.3348,329.6529,343.8064,326.3435,326.9587,323.329,793.2182,819.6391,804.3382,788.9517,770.3072,1944.2618,2056.6554,2014.3183,2037.4931,1992.3424,12608.7122,14498.6441,12856.4807,12534.9138,9963
199608,49.3202,59.021,60.3778,59.6868,54.8094,304.2147,320.8929,302.5835,300.9278,281.5059,758.7839,772.5344,750.523,718.6432,691.793,1821.1834,1957.7589,1922.6011,1918.8466,1850.6789,12278.2799,13726.6234,12328.9363,11974.3961,9601.8678
199609,51.1364,60.2737,62.8885,61.7835,58.5408,320.7731,334.2989,319.4053,316.5463,303.0597,804.1405,808.0833,794.9893,770.3081,756.8378,1920.6269,2055.9536,1981.0808,2032.3995,1990.3228,12321.0391,14023.0886,12676.715,12184.3802,9847.7976
199610,52.8623,62.2636,65.91,63.9133,61.3245,328.5208,343.702,327.3896,331.9548,324.7818,815.6274,842.7941,827.4911,810.1101,806.1709,1971.0375,2152.6569,2084.9359,2131.8699,2171.697,12729.7328,14775.6221,13368.2236,12958.2282,11097.04
199611,53.4439,63.8382,66.5484,63.0555,59.5976,325.4984,345.4406,323.1397,333.9595,314.8639,834.5616,836.5611,834.3959,790.9991,765.0957,2010.0326,2193.6199,2118.4186,2121.8275,2131.4029,13130.2302,14750.4174,13757.1097,13114.9713,11786.2301
199612,54.5989,65.7333,68.3372,65.3625,61.3941,336.7822,360.8795,332.0482,345.7619,326.9144,858.1198,885.3646,882.7155,846.4354,798.6411,2115.9445,2277.098,2236.9826,2257.9594,2265.4322,13902.5764,15433.4969,14713.6836,14448.387,13009.2421
199701,55.6101,66.7646,69.6998,66.4193,63.5549,347.5009,370.5848,338.8495,359.3273,337.6765,873.6506,907.3223,888.1206,838.1794,816.6951,2105.9975,2301.2939,2248.2696,2275.2677,2280.648,13778.6989,15161.8909,14246.4634,14327.1764,12606.4909
199702,58.6411,69.2841,72.823,69.1811,67.5433,355.858,378.8659,345.181,359.2087,351.3043,896.6236,925.7964,890.2249,853.8636,845.0159,2166.7328,2346.8844,2332.5992,2339.2685,2432.2922,14206.1134,16156.4678,15107.5534,15678.7597,14156.4069
199703,59.0865,70.0053,71.6938,67.9413,64.7427,350.8008,378.0149,344.4091,356.3108,334.1133,889.1296,927.5318,879.2237,845.8262,809.339,2179.7943,2332.0442,2362.9971,2334.9222,2400.3957,14127.2195,16350.7179,15365.5618,15882.6503,13560.5315
199704,57.5475,69.5883,68.031,66.1594,62.5632,335.146,375.5915,339.7007,350.7366,307.1179,866.1923,889.5283,856.6232,813.9965,754.1617,2107.9612,2289.0451,2253.2312,2227.3493,2241.0979,13913.4367,15536.2666,14748.6169,14921.1098,12866.5884
199705,56.6626,67.6575,64.6742,64.0901,59.196,339.84,380.2515,342.4066,345.411,302.7888,885.1707,907.905,876.5734,851.1058,768.1027,2137.0761,2335.7254,2333.7209,2251.5959,2328.0611,14397.0451,16535.928,15681.7556,16068.192,13725.8938
199706,60.2999,72.6648,70.4955,70.8367,66.0721,376.8734,409.3561,379.1833,388.7927,348.3419,948.2969,979.4873,935.909,915.6017,871.499,2234.5721,2530.1035,2511.1397,2454.5749,2531.801,15415.931,17358.1625,16528.8114,17011.7572,14775.291
199707,50.6706,66.1276,69.9023,72.6779,70.8016,400.0718,376.248,385.2471,379.9486,372.5989,848.2839,874.3161,846.4437,865.5991,859.3986,2145.3445,2216.0078,2161.384,2275.91,2054.5815,15249.7,18596.0113,14275.9236,17162.1996,15000.7522
199708,53.8744,69.0714,75.4831,76.9539,75.6628,415.1188,389.9662,397.896,402.0089,399.0865,899.0491,915.3616,889.1467,916.6553,919.7341,2282.5172,2398.5708,2324.4572,2459.4794,2175.3836,16594.2055,19799.439,15439.2449,18576.7825,17185.3861
199709,56.0512,71.7357,79.1798,80.0364,80.7931,426.9531,404.7821,410.4218,412.478,413.8182,928.0943,957.2317,897.3412,928.1228,939.1436,2298.8654,2396.4453,2316.1018,2483.2034,2252.877,15873.9781,18792.8998,14791.6482,17623.3295,16512.2061
199710,61.1809,77.9485,85.0457,88.6683,91.0817,460.6534,433.2127,443.8032,449.8685,456.0679,990.3251,1013.8758,964.6763,987.2519,1009.4862,2392.9567,2528.935,2415.423,2643.6985,2473.9462,16683.915,19603.8942,15649.8718,18785.5842,17593.3917
199711,61.19,77.3912,82.8613,87.9285,86.6058,449.8278,431.5912,435.7924,443.4481,429.5644,967.821,974.9182,917.4965,961.2311,952.6203,2295.5722,2418.4072,2309.2959,2542.9849,2260.9801,16122.2778,19172.3502,15027.7301,18202.1854,16807.2691
199712,61.2624,79.2547,81.9351,86.1898,84.8145,450.3349,431.0519,429.8962,439.887,416.5161,975.7277,976.9841,903.6152,959.3675,943.4963,2324.544,2429.4576,2393.2467,2597.4567,2306.0438,16546.7281,20367.3931,15973.1073,19007.834,17403.6224
199801,62.5541,85.0824,83.7196,88.5404,84.1115,460.9509,444.2253,445.4951,462.9017,409.2536,1011.349,1019.8709,920.3856,1010.117,955.3558,2441.402,2535.2168,2409.1642,2656.7394,2297.3156,16657.5729,20732.587,16283.3109,19525.7358,17891.0593
199802,63.005,83.342,82.39,87.5921,84.216,452.1433,435.4423,434.4612,456.9865,414.4936,1003.4389,964.0018,912.6834,985.7719,955.0449,2401.1712,2511.3592,2414.7435,2641.6838,2283.8862,16321.0305,21058.0139,16491.1026,20222.4912,17717.0741
199803,66.5631,87.8139,85.3115,92.6809,90.4504,476.1108,466.6591,467.5904,485.0183,453.2539,1079.7465,1024.8004,988.3042,1061.5709,1047.3783,2551.5687,2652.3857,2600.8885,2877.206,2475.991,17433.3451,22553.0867,17509.5077,21619.4812,19445.3526
199804,72.4363,93.4451,89.9489,98.9701,97.5405,495.4921,490.5025,498.5391,514.6871,478.4741,1120.5351,1091.7246,1024.552,1106.908,1102.1474,2718.6941,2740.3928,2754.8004,3055.0612,2573.2097,18610.2386,23646.9011,18564.5041,22660.7494,20155.4876
199805,75.1951,93.124,92.7999,99.4783,100.5046,497.3099,493.0493,510.7329,524.1632,483.2991,1133.62,1089.3571,1033.9969,1116.5123,1129.4447,2715.5773,2730.4466,2731.1483,3094.4884,2772.9441,18421.311,23963.5044,18642.4472,22760.3775,20990.1198
199806,72.8824,89.9803,90.6738,96.4624,95.6823,479.0958,474.7708,490.3822,500.5951,450.8153,1101.833,1042.4841,983.7644,1069.3293,1046.8585,2659.8257,2624.6326,2644.8848,2991.1411,2690.8366,18362.4198,23858.6054,18337.3203,22319.435,20215.9092
199807,60.989,76.4288,79.132,80.5501,75.4045,409.3031,416.0336,429.221,408.0895,426.6997,951.7845,967.5051,1004.2647,977.7952,976.9451,2556.4363,2572.353,2560.4515,2553.8813,2520.0025,21663.6894,24257.9546,21782.6962,18573.1293,19576.7325
199808,58.4188,71.9271,75.1257,75.1737,69.7781,371.7021,382.1095,398.3732,380.7258,387.199,902.7923,898.1083,907.8789,895.8851,887.0687,2497.1088,2403.3119,2463.1314,2376.8806,2358.8503,21119.7192,24092.9862,21561.6145,19041.2361,20720.1397
199809,48.7034,59.8701,59.6487,59.1479,52.5554,311.7349,325.2965,332.0197,308.9966,296.4551,778.3655,734.313,751.7369,719.6824,681.3104,2246.3812,2000.5406,2019.8743,1858.1738,1814.2749,18751.483,21660.3898,18661.1148,15642.9577,16116.3264
199810,49.8536,60.1784,61.5815,61.5966,57.3506,333.0935,346.0012,345.815,332.1894,324.085,817.5832,778.6979,825.4227,766.8515,746.6471,2392.7883,2086.831,2119.8833,2007.6198,2019.291,19651.1612,23132.4942,19812.5751,16958.7767,17955.6195
199811,51.1102,61.9262,62.2841,63.53,59.576,345.0952,350.5312,354.9639,340.8001,349.0231,861.7153,801.2909,859.6031,780.7628,795.4177,2468.6041,2212.3749,2290.4722,2166.3133,2237.0546,20996.99,24941.3263,21835.1738,18319.1994,20761.3058
199812,54.0117,66.5932,66.4496,68.9094,66.4426,358.9657,361.2264,373.5087,355.1012,375.265,897.5835,830.3757,894.3743,805.5593,851.3183,2544.2623,2325.0435,2392.1898,2187.7838,2363.1473,21746.0394,27072.1148,23078.3563,19230.2926,22624.9337
199901,55.8782,65.5883,68.0438,69.6846,70.822,377.6238,377.3478,389.5006,370.2405,402.7558,935.2377,872.9393,934.9618,846.4886,954.0029,2682.9576,2419.45,2510.3021,2296.4791,2651.5481,22795.333,28311.6195,24303.769,20357.2094,26168.7496
199902,57.923,67.169,69.2128,73.4517,76.8628,377.2961,366.3417,372.2457,361.9154,418.9799,903.0358,833.6082,899.1026,818.624,1031.4598,2532.8195,2339.8286,2428.6879,2263.1345,2792.7553,21949.7341,29350.6729,25260.4745,21740.4638,30163.5935
199903,56.4164,63.7936,64.3909,68.3444,71.6802,346.6862,346.3893,341.9828,335.9683,374.0593,848.5186,776.2647,842.4193,759.5874,926.0583,2442.6105,2276.3389,2339.1138,2175.6737,2565.3112,21933.1825,28041.0348,24768.4025,21038.8467,28427.3048
199904,54.3452,60.836,63.1531,64.6978,70.987,343.8267,338.8447,337.2127,329.7143,378.1062,832.3563,773.5328,841.7317,767.4231,985.2484,2439.4504,2287.0995,2356.7521,2331.2887,2673.7667,22573.4652,29164.6524,25390.8877,21739.9369,31603.4191
199905,59.5203,67.1865,67.4418,71.2297,79.0725,371.3961,361.6021,353.6755,368.0266,409.3718,893.0417,825.0836,914.734,820.4071,1081.2169,2637.083,2511.4072,2577.1116,2624.9164,2868.4728,23550.8425,30625.3816,26569.2205,21979.546,32630.9773
199906,61.5376,68.5232,70.8885,73.6055,82.7592,381.308,368.2525,363.8587,384.9872,423.408,924.1441,846.6676,925.2384,845.1433,1085.5679,2625.6637,2530.7594,2582.8705,2654.0666,2956.9159,23028.4991,30212.0018,26180.0574,21032.0612,31591.7898
199907,50.9285,59.4944,68.5942,66.2556,67.8355,370.7742,384.8127,391.6269,390.6461,380.3924,931.5008,889.5483,920.4015,924.4408,886.7097,2566.0076,2425.7549,2510.2083,2420.7591,2390.8002,20795.5396,36404.1665,29693.9303,19588.9017,24804.4375
199908,51.4542,60.7552,70.3093,67.4802,69.5583,366.8675,380.6114,384.4506,376.567,373.3103,929.5039,881.7749,898.2047,906.8673,862.935,2572.3201,2372.6812,2469.0497,2388.8005,2356.7207,20252.0322,35893.7436,29351.4134,18572.6116,23575.6316
199909,50.1724,59.2658,69.3381,65.4186,68.639,351.8415,370.7942,370.0911,358.1686,366.192,917.9461,835.7113,845.7197,864.0333,848.9083,2555.6312,2315.6347,2341.8744,2252.3991,2340.8367,20261.39,36141.5911,29441.6659,18244.7267,23340.0843
199910,50.0634,56.0023,68.9255,63.2946,69.1561,347.2852,360.1889,362.8895,354.1573,371.3829,917.4195,825.2681,870.8174,871.289,874.0056,2461.9469,2228.1551,2253.9723,2205.4018,2370.7204,19364.1764,36668.3036,28409.0711,17787.3573,22848.9454
199911,50.6801,54.5599,67.3489,62.6282,69.7195,343.2423,351.6038,361.9913,344.9021,374.8265,937.7645,814.6314,870.0025,870.2911,882.758,2526.0975,2246.2301,2293.2567,2360.5034,2604.7258,20640.6616,39844.7188,29576.2134,19964.6795,25274.9253
199912,53.05,56.4523,71.4879,69.3916,83.4886,352.3447,356.3602,378.3455,371.4654,430.7738,918.9635,862.6408,921.7404,901.182,993.4562,2432.4401,2264.0329,2348.0654,2410.9339,2937.907,20770.87,39282.6557,30305.4419,21719.3228,26880.1112
200001,55.5582,58.3362,79.6545,85.2405,105.8185,365.4828,366.834,407.103,399.4867,507.0562,926.5811,878.6222,995.045,963.8309,1186.9951,2441.6915,2381.5408,2432.3636,2576.9003,3664.0996,19807.8964,42196.5084,31997.103,25575.7993,29235.5778
200002,57.9008,61.2282,85.6795,85.5317,115.7133,356.2052,356.7442,379.5445,388.6961,525.907,923.9455,853.684,928.2378,898.3178,1155.0369,2405.7096,2242.6343,2308.0983,2416.0246,3526.2469,19845.841,39264.3386,31160.3529,24287.0476,27481.5672
200003,65.0974,70.5557,107.8461,105.0322,163.9715,395.4001,383.1273,411.1487,436.4091,668.5118,944.0271,910.8928,959.6906,995.3675,1429.5267,2306.0721,2302.8023,2255.902,2622.5649,4614.0294,17622.398,36333.812,29805.7945,26226.36,30481.2224
200004,64.1313,68.2086,93.034,107.7813,159.1251,381.5075,380.5073,413.5284,407.7053,625.1329,1036.0097,879.6679,990.5441,942.8863,1323.6389,2655.0907,2535.085,2682.4908,2823.5477,4912.6747,19020.705,40367.2517,33882.9935,28576.9879,32490.7266
200005,54.374,63.9382,81.9807,91.3006,129.9258,378.7933,368.3115,383.6794,408.0942,561.4184,993.0884,891.6132,956.3683,960.425,1225.3258,2699.2961,2430.5802,2621.6504,2825.249,4468.3594,20023.9686,38186.7739,33142.3318,27009.0009,31322.5078
200006,51.8135,60.4994,77.963,82.9737,111.662,359.8278,369.2463,376.0195,373.8439,499.9118,1023.7613,904.6424,903.9495,963.1573,1121.3275,2797.3707,2384.6891,2608.1827,2757.7703,4065.6195,21249.0865,38176.6684,32330.3607,25375.2759,28950.0412
200007,46.3513,58.6865,59.9251,60.5937,60.13,358.6587,347.2576,357.346,338.5124,349.0263,886.5232,873.6627,937.7407,913.4346,863.1054,2492.6937,2312.1935,2281.4783,2614.4647,2378.7658,21105.3615,25205.2706,42143.6578,27714.3694,32221.1986
200008,45.8814,59.3663,60.2497,60.0537,58.3117,352.3159,348.1685,363.7821,344.4067,324.3224,853.4717,877.0869,940.3582,911.4511,823.1651,2468.3399,2273.0113,2359.2987,2641.8676,2181.5005,20332.481,24233.7269,42258.6559,27853.8145,32176.6965
200009,48.5191,62.1692,63.4047,64.6501,63.9793,368.3215,371.1851,400.3136,368.699,347.996,933.0249,944.4773,979.5431,974.3643,915.2726,2845.0894,2421.5937,2560.1753,2869.9029,2378.99,20954.852,25411.1866,45652.2746,30171.0872,35661.4042
200010,49.1913,63.5063,64.4854,62.4255,59.7566,378.3476,376.2619,417.2246,355.0697,325.3763,958.8931,954.6738,990.046,973.6039,837.7321,3052.3754,2421.7524,2595.2101,2688.1997,2161.6209,22127.3958,27720.1835,41745.8507,28897.8839,31379.9415
200011,46.9829,61.1649,60.0475,60.5329,53.7139,369.608,383.6853,411.9368,341.0996,297.4813,909.1475,956.3262,977.5923,966.464,815.7018,2952.5492,2413.4577,2643.2273,2693.3773,2119.9175,23578.0164,28481.6855,42416.8997,28056.3873,28953.1218
200012,44.8334,58.752,57.1894,55.328,44.6011,350.7081,376.5004,376.6156,316.5163,252.9053,888.9348,918.7695,949.0977,889.4541,673.6417,2965.2571,2367.5877,2549.089,2536.5697,1777.537,24776.8209,27782.3319,39497.762,24401.2657,23557.98
200101,47.5194,60.3644,57.1266,56.5847,41.8962,393.9963,409.9745,409.7183,351.2888,253.8803,999.6553,1023.6225,1046.32,989.2836,733.8118,3278.3972,2647.89,2741.0994,2763.394,1845.3369,26048.1709,29088.7704,37812.6437,25215.7723,23611.9111
200102,51.665,66.6621,63.5172,65.4588,55.3005,394.9634,423.1656,441.6198,382.7109,299.5965,957.7337,1031.8446,1089.6003,1006.0012,822.9703,3051.1639,2635.2573,2767.0585,2872.2177,2079.006,24321.2619,28146.2102,40859.469,25745.7555,27999.7167
200103,50.4395,67.841,63.1966,63.1496,49.2537,399.5715,421.6493,420.9557,374.7028,268.8323,943.6395,1017.6228,1036.5115,950.0687,722.0067,3014.0848,2617.0907,2690.1422,2713.0275,1790.3294,24523.6906,28384.9055,37632.8221,23041.7585,21746.5405
200104,51.179,67.6558,62.735,60.5631,47.3252,406.8223,411.3731,412.4276,377.8442,255.538,929.6748,969.7711,976.8866,902.5951,661.7384,2994.0944,2523.4025,2577.5591,2581.9579,1602.212,23538.5047,26946.6988,34959.5157,22204.0508,18928.0304
200105,54.5556,71.975,67.7746,65.4733,51.1584,421.4061,431.0943,437.6205,407.2195,282.055,1007.1667,1052.8613,1022.6608,967.6919,747.0945,3283.894,2702.2257,2736.9887,2810.6688,1887.0292,24580.8942,27916.6814,39269.3992,23704.338,21489.8047
200106,59.9584,79.6583,76.4925,76.0967,58.1446,442.3719,444.3896,462.5959,415.8398,298.212,1032.7631,1094.9964,1050.3117,999.2577,762.0883,3316.7557,2789.6161,2860.0988,2927.8248,1961.5033,24969.8048,28117.3789,39087.9138,23811.283,21408.5635
200107,73.6227,74.7183,73.3597,67.9886,59.923,462.0393,456.5585,455.0452,464.924,452.2563,1139.4839,1149.3134,1157.2641,1125.3025,1138.9086,2782.3235,3037.128,2953.9939,3091.6312,3010.3755,21744.5391,26800.1067,27643.2008,32691.5626,31914.8229
200108,73.6104,75.7052,75.0719,67.8874,57.5561,453.5839,444.257,452.7586,445.3916,410.161,1124.463,1130.0847,1140.8149,1103.577,1043.5748,2761.9776,3072.8392,3019.7312,3051.8569,2833.3742,21935.5163,27263.1237,28482.7916,31859.8384,29587.4056
200109,73.9572,76.3704,75.6587,67.3397,55.4955,451.3576,447.5279,438.6519,447.7175,384.1464,1106.102,1120.225,1121.6035,1090.6615,960.9867,2780.172,3099.4097,2948.3312,2919.3019,2549.4838,21709.889,26264.0046,27205.0713,30243.6318,25736.0875
200110,68.9156,71.5095,68.6324,59.1401,46.0933,418.838,402.1162,385.0559,373.3448,292.362,1041.9498,1026.0489,989.8804,933.4018,747.2238,2656.1795,2877.3255,2697.7857,2428.7603,1946.0606,21350.9267,25683.4368,27196.9389,26632.0206,21604.8492
200111,71.9581,73.061,71.0284,63.7216,51.5123,433.9298,414.8256,396.453,394.5346,333.327,1067.9157,1079.6758,1019.2265,989.0152,890.177,2610.9063,2858.971,2770.9599,2616.43,2230.2584,21862.3241,25364.461,26249.8546,27694.727,23587.4003
200112,75.0951,75.7989,73.9107,67.1438,58.0139,459.2204,436.0336,426.9941,425.232,388.0425,1094.3641,1142.2848,1085.3423,1094.5385,997.7804,2605.2794,3017.5553,2958.9785,2869.3056,2579.2447,22279.3363,26155.1438,27261.9449,30810.998,26808.0492
200201,78.175,78.7264,77.6777,73.7688,64.302,488.4371,458.9092,460.1464,463.185,425.4898,1135.2198,1207.4672,1153.7553,1169.9872,1080.184,2739.3918,3156.8718,3102.4456,3016.144,2697.3045,22344.0675,26499.8872,27815.0043,31236.4404,26767.5677
200202,80.8946,79.9761,80.8431,77.3364,66.4937,492.1551,466.2575,470.0259,461.8682,415.1024,1111.4945,1230.6713,1127.6152,1181.4227,1055.3707,2704.6359,3135.3844,3162.3673,2975.4428,2647.397,22223.972,26532.8471,28309.2928,30592.7848,25992.7167
200203,81.4702,79.5435,81.9974,77.37,61.3203,492.4055,479.2126,475.1175,463.0299,381.213,1134.394,1248.4659,1146.4017,1179.1582,957.7204,2797.299,3231.8598,3197.3203,3011.4017,2407.3503,22611.8651,26994.4113,28848.0901,29648.2685,23425.3653
200204,86.5841,85.8934,88.4193,84.2404,69.2826,522.5228,524.1887,522.4749,512.7103,430.1936,1203.6287,1335.8082,1229.541,1267.8264,1068.0334,2997.7488,3354.573,3346.9773,3215.9187,2655.1316,23337.2396,27998.1982,29226.9012,30765.8782,24981.6102
200205,92.9292,91.7691,93.4997,88.8719,68.6576,558.9066,554.2398,554.001,538.1832,416.9034,1238.3498,1374.7433,1271.8458,1315.6778,1000.8924,3128.6469,3432.2296,3376.3618,3191.5845,2457.048,23075.9549,26564.4452,27848.7396,28573.8934,22041.8008
200206,91.9538,91.706,95.3951,89.0319,67.757,544.8988,531.7615,539.9665,515.9786,386.4895,1202.8078,1359.7198,1253.9969,1282.8402,928.6932,3085.4354,3444.9372,3402.3349,3157.2161,2348.5318,22671.8238,26418.5305,28056.3736,28324.5514,21830.9946
200207,93.1895,91.4379,91.1676,86.3538,75.9737,540.9727,513.234,553.949,548.6809,521.6842,1220.2954,1181.5839,1173.5163,1201.5337,1156.6416,2938.166,3034.9775,2903.977,2847.3828,2944.4705,23083.0811,25059.8607,27726.5884,22763.3311,29019.1978
200208,84.4063,81.9404,80.2152,72.8968,62.2026,476.4708,457.8435,468.0228,448.0728,421.9814,1113.5425,1098.6609,1034.8285,1085.2296,985.4429,2729.8825,2862.5713,2690.0898,2503.7265,2499.8631,22211.6602,22995.8221,25750.0323,22241.258,26067.5724
200209,85.6977,83.6683,78.7698,71.6517,61.6189,487.1047,461.0019,464.1793,444.4699,421.4044,1124.7459,1109.9644,1077.0638,1116.692,965.0785,2815.4595,2915.5659,2672.0577,2489.7446,2482.6484,22607.9465,22662.6571,26229.0149,21954.0401,26077.4609
200210,83.31,80.5272,73.0983,65.7229,53.9745,472.3769,435.4454,437.5384,408.1652,370.784,1074.1997,1049.1738,1012.8444,1018.8142,834.2293,2620.055,2670.2371,2455.9203,2227.7999,2101.7895,20870.0015,20529.7359,23743.8227,19054.779,22688.9577
200211,84.9572,82.1485,73.5282,68.0155,58.6564,479.0051,440.5436,442.0369,423.4776,415.2522,1102.1727,1071.7388,1039.4789,1004.7933,973.6618,2666.7071,2738.8477,2508.3847,2299.2942,2437.8872,21605.8055,22166.4106,25311.882,20469.0758,26474.2524
200212,87.9599,85.3832,78.3851,75.6168,73.4432,488.3919,455.0127,465.5219,466.558,508.1805,1111.2903,1075.2261,1095.5382,1093.7433,1165.5304,2697.8281,2774.3041,2659.2107,2493.9147,3017.0548,21741.8992,22778.2723,25649.1908,22005.755,29293.0402
200301,87.8393,85.1725,78.0456,72.9332,66.0171,495.0588,443.382,450.5097,440.1704,442.3465,1117.0029,1071.1339,1068.653,1021.8456,1035.549,2724.7371,2746.5271,2580.6421,2358.571,2627.1116,21601.4815,22037.6458,24655.9721,20559.8456,25590.9165
200302,87.7959,84.1083,76.0467,70.9292,67.4911,483.9484,437.7627,429.0823,420.4108,427.7428,1091.3476,1040.3578,1039.9022,977.1554,1015.482,2610.1593,2695.3613,2561.9822,2298.0604,2585.2667,20954.8544,21578.3323,23578.6689,20146.1108,24901.5482
200303,87.1624,82.6076,74.4,68.3098,65.0992,472.7415,432.8866,419.5273,402.7454,419.9879,1086.0138,1006.4822,996.9458,938.2905,979.0732,2555.6468,2625.9225,2520.1532,2215.5039,2546.5699,20290.4757,20905.3065,22925.808,19982.2478,25028.8544
200304,87.6914,84.078,74.8472,68.5446,69.2347,476.5083,435.4329,423.3803,409.6589,428.749,1109.494,1010.783,1000.1207,942.0125,1000.334,2605.7784,2658.9471,2514.3876,2217.4348,2529.9577,20591.5572,21238.0653,23508.6215,20325.9049,25084.5904
200305,92.7307,89.8832,81.7297,77.3653,79.9812,509.5895,469.236,463.4088,450.1288,487.2801,1159.9121,1115.5662,1098.3774,1042.6854,1126.4547,2705.8019,2792.7141,2689.3489,2422.4843,2836.2664,21550.1402,22850.4312,25155.8949,22509.9285,28016.6304
200306,100.0362,96.2915,88.8159,88.983,100.1689,545.8114,496.8631,499.0305,511.4839,574.7942,1257.639,1181.667,1175.8553,1121.2058,1274.2279,2867.5831,2998.4751,2909.6803,2635.9819,3249.6855,22537.2378,23508.2925,25928.242,23449.8364,30243.3486
200307,91.0611,100.3741,96.7109,93.4252,95.9366,527.4724,531.7878,541.4865,500.3144,515.8662,1200.7358,1197.8142,1234.0553,1194.072,1160.9848,2737.7674,2963.6486,2872.8884,2879.7138,2949.0368,25183.5227,19687.7574,32899.5681,23819.1225,26420.7597
200308,97.2502,105.5668,101.1676,101.3877,109.5154,547.501,563.6442,573.1377,537.3968,570.0954,1215.0815,1247.9609,1280.4873,1268.214,1248.2069,2771.1194,3015.4816,3019.1719,2982.5634,3101.7589,24491.1298,19783.6417,33729.8413,24701.5911,27906.3571
200309,99.6151,108.8805,104.9605,107.938,119.5025,563.5025,574.9725,598.4056,565.1926,617.1089,1250.9534,1279.8263,1337.9143,1334.6023,1363.2841,2799.21,3087.1961,3138.851,3148.377,3353.9378,24056.5818,20327.6165,33826.8046,25436.7092,29260.2324
200310,100.7047,109.3782,106.238,109.2234,127.9793,554.8932,565.1934,591.9609,537.9315,602.3081,1237.8055,1273.3716,1310.5584,1306.7116,1321.2738,2841.573,3091.3611,3079.6169,3107.5729,3259.6089,24274.1686,19969.6375,33648.2774,25058.9451,28754.3654
200311,106.6069,118.9597,116.1162,120.0298,144.7831,585.6287,614.2469,637.2226,585.0183,668.7366,1309.9443,1347.7566,1410.1505,1450.9336,1473.0803,3020.7068,3273.1,3361.3847,3357.1278,3569.4022,25114.0544,20865.473,34704.5644,26382.7719,31749.5393
200312,113.3555,125.8427,122.1414,127.431,153.3413,612.7218,644.1214,651.6303,607.2789,699.0975,1365.9048,1399.9005,1470.5051,1469.0915,1518.7804,3145.9665,3378.0431,3465.3097,3454.8158,3671.2437,25524.1556,21300.4627,34636.6572,26397.3275,32277.3407
200401,117.2896,132.7711,129.8849,134.4861,158.9404,633.0321,660.4033,684.9319,636.3699,708.5401,1400.1662,1425.1541,1547.3219,1518.2029,1550.2414,3262.6778,3489.4117,3545.5677,3566.4618,3744.8611,26868.8538,22436.2016,35989.0393,27584.1459,33523.3175
200402,120.054,139.1381,138.4974,144.54,176.1322,644.4506,672.0457,712.8921,658.0205,768.0571,1413.7366,1438.36,1582.7757,1573.0883,1654.2655,3347.5145,3569.4594,3596.2719,3649.8436,3896.4962,27077.5484,22538.1131,37056.422,27984.2049,34270.4273
200403,122.3482,142.9941,143.2339,147.4596,174.1907,659.1698,688.7941,724.1917,667.6974,767.2719,1459.3165,1474.1813,1633.3478,1629.636,1643.6008,3497.3119,3705.4243,3670.6827,3753.3374,3883.0929,27574.4704,23191.8687,37813.0312,28309.1906,34716.1754
200404,123.8846,146.3105,145.8574,152.3822,174.539,671.0776,700.9781,739.3218,685.1701,768.6948,1484.7462,1501.4942,1659.7458,1671.0124,1659.1014,3529.6236,3739.6981,3755.2361,3763.9258,3850.8002,26908.084,23089.858,37023.5695,27747.8925,34378.9628
200405,119.3388,141.0886,144.9138,149.8666,163.4729,649.3903,694.0138,731.0493,669.5164,699.9165,1458.4655,1483.685,1615.4085,1623.2659,1545.9337,3470.1221,3710.4571,3700.0604,3603.4471,3553.3551,27471.0408,23105.5938,38289.1302,27149.3671,32399.8443
200406,119.6931,138.487,147.4292,152.0629,163.0103,655.6752,705.3405,733.7074,677.7043,722.907,1468.7144,1483.3001,1648.6823,1627.246,1620.3829,3463.7346,3829.5128,3784.0944,3681.8046,3660.6867,27355.7767,23284.4709,38323.5297,27396.4635,33545.5577
200407,134.8909,161.0264,156.1191,162.4509,161.5834,790.8603,764.2328,778.3515,766.8752,764.2277,1628.5704,1611.7456,1639.9638,1655.0151,1586.2324,3992.0301,3790.7016,3664.3357,3675.8376,3900.1665,27494.7624,29929.1279,29860.137,33806.8337,28401.6627
200408,131.5766,154.8817,149.6118,152.1874,140.4287,786.429,733.8849,749.2774,717.111,674.4752,1609.06,1572.7658,1567.4037,1564.2959,1390.0397,3927.9589,3625.7121,3452.5099,3490.6856,3540.0149,26716.5111,29280.3064,29518.0451,33534.8469,25531.3865
200409,132.9683,157.0041,147.1793,151.2728,137.8906,801.1686,731.4402,748.0682,707.5227,649.4233,1631.4427,1602.2293,1551.5374,1552.5941,1343.3032,4028.3723,3719.4316,3494.2721,3446.1085,3403.4793,27300.3781,29394.3687,29760.2369,33688.6675,24429.2127
200410,136.8957,162.9137,152.6572,161.0263,146.4553,839.427,769.3817,784.0246,760.6481,691.3007,1670.439,1673.8588,1624.9967,1613.0599,1398.7148,4063.1861,3805.0362,3578.764,3602.376,3569.1747,27001.3173,29879.4349,30149.6131,34008.3025,25054.988
200411,138.729,169.0329,157.4043,162.5472,148.622,859.836,774.0715,799.3417,763.7996,723.6988,1681.5557,1727.4336,1661.914,1646.0081,1445.8928,4168.7851,3830.5954,3612.2822,3615.6684,3777.2137,27337.0073,29864.2743,30091.7198,34599.0152,26106.6132
200412,149.4963,184.8027,174.2191,177.0074,165.0456,941.0082,844.8507,875.4101,843.0344,787.3943,1810.5433,1830.1158,1779.2958,1767.4319,1554.8735,4403.0873,4031.8119,3863.1804,3789.8084,4098.3886,28351.5848,30667.7936,31527.962,35496.1199,27373.1519
200501,154.7423,190.126,181.4954,188.3258,179.7111,953.2286,861.6748,903.1968,867.2201,829.5385,1851.2373,1867.7836,1852.6048,1834.8887,1644.6148,4544.6365,4166.9356,3987.4201,4016.7083,4331.575,29447.9139,31648.154,32515.11,36746.9715,28501.5836
200502,152.7158,188.8432,178.8013,182.4039,169.6498,936.0344,843.2639,892.6903,839.1635,772.1803,1842.2221,1836.9319,1854.615,1804.9514,1515.3396,4453.1266,4112.0079,3939.8002,3909.0653,4098.0071,28740.6128,31589.5348,31769.3679,35862.4814,26885.5201
200503,155.2536,191.3655,181.408,183.9803,170.0212,962.7018,865.5382,922.7291,880.3755,789.3341,1861.529,1870.2553,1920.7926,1874.8449,1524.6784,4625.2363,4209.7713,4068.6758,4031.3001,4204.7412,29347.5394,33217.6517,32055.1099,35353.583,26865.6352
200504,153.2171,188.0316,182.3938,182.9006,162.7459,958.2552,849.0696,914.2955,856.2218,762.5068,1829.2121,1859.1243,1881.9205,1824.5321,1496.3865,4591.7162,4194.0822,4092.7091,3953.6733,4114.4876,29356.9293,32101.148,31398.3012,35281.7392,26388.4401
200505,147.3849,186.67,174.6288,172.3568,149.0793,915.5695,807.8773,856.0306,807.7748,701.7382,1771.241,1796.4545,1812.3551,1734.7159,1385.9922,4482.6654,4105.641,3940.6679,3741.8841,3872.4566,29476.9062,31544.2452,30785.2014,34532.4412,25226.3914
200506,151.7416,197.2886,184.8737,181.3744,161.3801,968.2044,867.4715,906.679,891.6932,768.8776,1848.0803,1873.2983,1873.7297,1844.5429,1513.3151,4621.6555,4304.0641,4140.0264,3928.687,4218.1453,29800.391,31951.4859,31362.1241,35723.9853,27436.418
200507,140.633,183.1227,189.539,179.3541,172.9243,923.2743,932.9384,904.7614,891.5771,883.4909,1861.515,1799.9007,1921.6567,1800.1573,1789.6967,4506.617,4268.5652,4416.0075,4013.9603,4186.5709,33505.8915,32343.3807,37115.337,24107.1382,23250.099
200508,148.5356,192.0509,202.1413,195.1563,190.2622,974.7165,972.6717,972.0406,951.3798,957.6114,1933.782,1865.2904,2021.8832,1934.8604,1935.7639,4685.1737,4414.2916,4672.1012,4295.2867,4506.9022,33965.999,33465.713,38812.6007,25328.5188,24679.7502
200509,148.0069,189.2687,204.4458,192.6602,188.6002,944.7731,976.3099,967.7703,945.4227,938.7019,1913.8283,1872.4984,2006.1503,1883.9259,1921.785,4666.0829,4354.2741,4573.8914,4252.1886,4572.4399,33160.8739,33915.1558,39152.9398,25735.9319,23922.5907
200510,149.3115,188.1463,207.569,196.2772,192.9384,941.1886,978.3727,992.2528,946.3381,956.1573,1923.6659,1873.8415,2021.6124,1902.1478,1946.1411,4710.0015,4372.6051,4578.4161,4329.4926,4680.8456,33008.1195,34626.3826,39258.3496,26124.467,23900.0919
200511,148.0933,185.2037,204.3033,189.6921,185.3134,925.7559,947.6481,968.7388,924.937,921.5296,1826.6967,1859.9642,1971.4026,1836.349,1874.3026,4566.7401,4277.8898,4471.8085,4208.5622,4548.4291,32960.0679,33612.8692,38805.9798,25790.369,23207.5275
200512,153.3096,192.9998,207.8846,202.5281,196.7951,959.4825,966.9825,1017.6391,968.5455,990.32,1892.2784,1922.9956,2085.5051,1948.7713,2054.6302,4668.5139,4384.2018,4705.7663,4434.6979,4820.0006,33546.1988,34404.0419,40606.3553,27273.6493,24554.6245
200601,154.3709,193.5018,207.5875,204.0949,199.4759,947.6653,965.0251,987.9154,963.6108,999.315,1885.993,1902.3852,2099.4742,1968.6314,2134.6569,4704.3025,4447.6076,4727.2042,4374.8672,4965.6792,34009.7698,34332.0131,39878.927,27309.6172,24100.3971
200602,163.9725,207.4479,225.5309,226.7931,225.1182,1020.9248,1034.1682,1064.462,1045.6498,1112.225,1953.2965,2025.5124,2193.4859,2093.3656,2371.5211,4842.2168,4596.9554,4837.5363,4740.0686,5398.5566,34501.1907,35136.6139,40449.9279,27584.4833,24427.8609
200603,164.5201,208.4903,222.9635,224.9229,228.1536,1004.5088,1009.8481,1054.7889,1059.0368,1118.8821,1945.3476,2035.6855,2127.1654,2154.3541,2372.8153,4830.6884,4543.8389,4810.858,4691.122,5473.0634,34470.1356,35390.3555,40425.283,27892.7042,24408.3031
200604,172.7313,216.0056,236.1257,241.8812,245.0169,1044.3312,1039.3504,1114.3696,1132.518,1193.6739,2000.95,2103.0067,2173.2731,2251.1359,2519.6212,4950.2078,4582.6141,5009.4593,4981.9299,5585.3944,34278.9374,35647.1045,41076.8948,28595.5346,24539.4798
200605,174.3067,212.2712,237.6091,248.414,245.6756,1061.1923,1045.5721,1117.6702,1146.3972,1198.2612,1985.4684,2151.5309,2220.2982,2270.112,2501.4931,4925.1104,4563.664,5077.088,5123.9311,5702.2137,34522.2105,36864.7836,40981.0874,29410.3765,24479.4026
200606,169.346,207.4968,230.5046,238.5589,227.0616,1023.9316,1019.3003,1065.6602,1097.1123,1113.3362,1949.816,2090.3187,2114.0756,2182.3733,2276.1508,4792.7925,4386.4913,4848.0194,4909.8348,5374.5288,34206.5634,35952.7819,39869.7429,27987.3728,23053.9003
200607,173.5357,204.7931,210.009,224.5734,208.8426,1011.2162,1036.4114,1011.9058,975.9358,1010.3168,2123.6358,2051.6963,2004.5479,2000.6631,2080.7952,4888.0035,4827.0381,4483.3016,4526.9029,5112.2838,40675.4413,36916.4693,31655.74,28348.7451,20788.0304
200608,173.4943,202.6343,204.0674,218.8902,197.1646,1021.2197,1018.3113,959.8972,937.275,961.76,2129.3764,2012.9089,1916.5223,1929.7456,1940.9977,4906.0997,4782.8547,4356.6682,4268.9507,4741.0305,42080.6403,36788.3637,31663.123,28254.8976,19596.2312
200609,176.4588,208.0678,209.824,222.5989,206.0003,1042.1083,1047.826,976.5606,950.8284,1010.4493,2167.1082,2005.3057,1995.519,1961.5332,2025.3165,4991.5202,4838.9282,4419.8978,4339.7874,4948.2396,42735.5874,37232.3624,32306.979,28517.5746,20820.8143
200610,179.2512,207.2051,211.1006,226.1645,209.2309,1055.239,1061.9463,983.3508,971.688,1027.0248,2176.0473,1995.1294,2024.0408,1946.5284,2077.6405,5041.1829,4958.2565,4468.8689,4423.5735,5040.0975,43429.1979,38178.7234,32464.9412,30067.0451,21181.9894
200611,186.5518,219.7123,224.9906,240.4818,224.6746,1090.4916,1101.6241,1039.9123,1028.2922,1089.9368,2406.9578,2078.6083,2099.3428,2047.9564,2197.2255,5048.9827,5051.8464,4664.2141,4633.565,5306.1364,44355.9978,39779.796,33362.8826,31245.6319,21475.0661
200612,189.8481,224.3757,232.7287,245.9807,230.6253,1105.4703,1116.0273,1080.8552,1069.3961,1111.8958,2461.3005,2157.1965,2158.0798,2122.3983,2305.2246,5124.2798,5123.6749,5069.7082,4860.149,5522.8422,45599.493,40468.1434,33528.4982,32120.3262,21833.5566
200701,194.8772,227.4613,239.4739,254.413,236.0756,1113.1745,1128.727,1079.5031,1062.9879,1103,2489.1611,2120.3343,2144.0789,2146.0957,2318.6839,5154.7568,5140.6123,5092.6523,4851.1557,5469.7046,46451.6243,41030.3188,34533.4786,33162.9089,22022.5586
200702,196.1066,227.0276,241.643,258.0882,238.3052,1111.4744,1145.3652,1107.1122,1086.1534,1126.5459,2529.3167,2192.3452,2234.9666,2204.4772,2404.4647,5222.1315,5273.856,5266.4784,5086.5795,5723.3038,46655.4379,42400.3254,33995.396,33812.6291,22838.1531
200703,193.2105,225.176,239.9965,258.179,238.2595,1084.5003,1128.8683,1098.9444,1079.0934,1121.5347,2532.0332,2198.9453,2257.1442,2192.717,2449.2892,5204.6283,5299.5751,5152.7731,5048.9865,5802.1213,45404.0997,41172.1201,33409.0967,33146.0382,22235.652
200704,196.0686,233.5156,239.3972,261.767,241.9832,1073.6685,1158.9935,1115.5311,1071.5468,1130.4141,2570.6093,2267.4477,2299.8809,2228.2637,2492.8848,5187.3111,5339.6884,5199.3565,5065.9656,5801.0694,45408.65,41897.1695,34657.2152,33461.1211,22187.0619
200705,197.1083,232.1869,243.7858,268.869,249.7121,1069.7973,1173.2578,1120.8156,1091.82,1172.5348,2600.5096,2348.8376,2351.802,2309.5515,2584.7949,5342.6028,5483.583,5446.6718,5400.559,6072.2276,47583.4549,43498.1312,35131.1302,34810.4035,23389.0456
200706,200.3077,240.3748,251.8846,279.2401,260.9106,1083.0983,1213.0279,1164.8966,1136.8566,1213.947,2697.7987,2473.957,2455.8882,2443.2415,2765.2773,5481.9543,5642.8353,5705.7349,5618.7227,6324.8853,48506.9156,45220.1386,35993.0707,36271.0442,24589.9878
200707,178.1376,251.3249,240.4492,268.3754,230.7527,1182.4751,1157.8135,1173.6336,1131.5779,1145.7127,2586.4348,2378.1659,2524.2588,2534.4866,2552.7059,5765.0448,5649.5841,5395.1862,5825.8783,5712.5045,46891.1938,42849.5055,44791.7306,32209.7696,23122.2217
200708,167.5891,231.4984,223.4275,250.5652,216.8085,1106.5415,1075.6942,1102.3878,1050.427,1078.1547,2460.8093,2224.8001,2385.4247,2408.248,2418.9764,5540.659,5480.554,5104.3897,5499.2826,5457.6706,45466.8403,41541.9187,42999.6685,31902.6227,22535.0925
200709,174.866,235.4778,223.7103,248.5859,215.5916,1175.0357,1115.1459,1124.9476,1070.6255,1072.6434,2500.725,2253.1649,2408.2453,2382.5803,2389.5231,5536.8175,5569.1106,5113.8606,5445.8937,5346.8895,46322.2421,41850.8153,43508.6226,32655.6904,22356.6553
200710,173.5451,239.2003,225.1119,247.7807,222.2073,1173.4228,1108.1625,1132.5865,1091.0809,1092.9116,2536.7746,2290.6536,2490.4202,2454.158,2437.9563,5637.2773,5792.6279,5187.4172,5505.9964,5468.8762,48062.7819,43770.1846,44916.3225,34161.4545,23732.5495
200711,171.1142,238.3905,225.6312,251.8989,227.8231,1182.4539,1115.8999,1162.6071,1126.2214,1128.7999,2581.112,2299.8037,2521.7965,2524.6873,2608.4644,5690.3286,5886.1982,5259.1994,5570.5658,5485.3578,48807.5576,44796.9037,46151.8089,34880.0339,24260.0185
200712,160.5151,221.2271,205.2501,233.8269,206.5723,1134.4788,1049.8189,1085.425,1052.4821,1025.8235,2465.4853,2179.8801,2446.6617,2311.0136,2431.1609,5422.6639,5643.6852,4955.909,5166.686,5101.3968,47830.018,42504.6737,43625.771,32893.3017,22563.3754
200801,158.2789,218.2409,205.8986,231.0681,205.2056,1115.7594,1054.8343,1071.1068,1057.7184,1034.8297,2453.2161,2141.1743,2402.4314,2290.5682,2366.5773,5384.8254,5618.0036,4815.592,4981.0696,5001.3219,46727.6872,42573.7836,43808.0852,32727.7541,22466.1215
200802,152.7497,206.7231,191.6894,212.8225,184.9536,1076.2884,1019.6995,1016.3218,984.5527,917.7585,2374.8759,2045.2715,2260.4838,2125.3424,2157.899,5178.0225,5277.0983,4478.6365,4778.4351,4617.455,44975.7952,40071.7105,41309.3093,29102.9389,21125.1927
200803,147.478,197.3378,180.9889,203.5203,179.0386,1007.9882,995.0579,1001.697,976.4451,898.1367,2295.7406,2025.6483,2251.9001,2033.8881,2093.6613,5001.1759,5167.1755,4341.85,4617.7601,4629.9337,43339.2242,38524.7457,39513.1206,28044.8451,20454.143
200804,150.2061,203.0188,179.6589,204.7875,176.2606,1035.6465,1034.7377,1014.6685,967.5662,877.29,2241.7648,2066.2801,2253.8489,1976.0784,2013.4208,4873.1898,5111.2703,4310.4853,4598.1755,4468.9038,43212.5777,37930.9637,37528.7192,27479.264,20196.602
200805,151.4385,204.2308,182.5438,211.6829,182.8059,1031.44,1052.6782,1046.9926,1001.1559,925.0099,2332.0134,2193.1667,2425.7214,2153.233,2244.0865,5041.8886,5349.8436,4630.757,4699.7464,4739.4539,43650.7206,40019.6845,38973.2537,29468.5073,22367.6644
200806,155.0463,212.5461,188.9435,221.9498,193.991,1048.4315,1105.3613,1094.6713,1057.7337,992.3675,2378.636,2277.0919,2529.7532,2303.2949,2330.6335,5229.0342,5571.2173,4842.9238,4894.6647,5059.1181,43598.9666,39890.0676,39715.4768,30241.0449,22902.6126
200807,115.4895,139.4748,136.2308,158.2782,136.4049,784.1516,819.3908,770.303,769.7205,756.4001,1965.8969,2054.0734,1962.7639,1950.7946,1889.1876,4709.3623,4844.5602,4659.3312,4774.4353,4727.3104,46856.0088,31444.0159,29087.8382,26828.5209,25278.6037
200808,121.9842,145.877,143.6665,171.4209,145.2964,814.328,859.3961,811.9218,804.4908,794.0292,1997.9512,2094.5215,2021.7587,1954.5354,1904.4322,4613.1154,4449.673,4742.7184,4759.916,4532.338,46515.312,31257.9933,28994.5693,26665.4765,24161.8
200809,122.8305,148.4917,150.3982,181.5951,155.7126,836.1462,893.1914,847.7279,844.6584,862.7779,2027.9043,2199.2063,2069.333,2048.981,1982.42,4618.4482,4574.1151,4861.793,4832.3971,4583.5651,46925.2604,31537.8634,29503.1846,26882.8817,24918.2375
200810,119.6234,146.7645,140.268,171.1032,135.2334,811.6564,875.6176,846.5101,771.2708,767.2913,1927.4948,2059.8826,1847.5256,1853.0924,1607.8892,4277.5971,4045.5568,4284.9096,3993.1264,3746.2034,44840.9124,30108.6523,25908.4905,22818.4761,19806.1013
200811,101.698,123.5513,114.9717,134.1317,103.2672,678.8245,723.6652,664.9051,602.5696,572.1945,1610.8382,1701.5248,1498.1482,1438.2805,1219.8526,3522.497,3302.0063,3474.2107,2963.1303,2729.7424,39420.736,25192.4214,21304.6549,16991.6076,15768.4332
200812,90.183,110.3269,97.0197,113.89,86.7803,614.3281,668.2073,611.7656,529.9701,481.06,1572.4248,1569.1639,1349.4898,1256.7548,1061.4361,3238.5444,2900.9956,3085.6305,2703.7674,2387.6213,38225.645,22961.739,19251.891,14642.8411,13215.8427
200901,92.4908,112.6873,101.5406,118.786,91.0277,647.4564,705.1057,652.5129,557.0297,512.0973,1592.8277,1633.5713,1364.8177,1307.2741,1131.093,3173.5425,2948.0205,3252.04,2834.432,2635.3928,38203.6367,23060.7035,19862.6079,14753.811,13385.1727
200902,80.937,94.9677,88.4086,102.4538,84.679,548.3988,623.8552,565.2463,504.7159,477.3859,1456.5361,1455.5987,1232.7184,1208.8689,1021.3122,3061.5002,2712.0208,2981.2667,2669.5521,2479.6268,35432.3202,21135.6746,18323.7519,13474.2592,13440.1821
200903,73.3103,82.4873,76.4421,88.1763,74.2852,486.0292,540.1157,489.418,444.165,415.2192,1301.5425,1307.5947,1078.4151,1105.0062,929.9691,2832.4525,2376.6599,2751.5217,2394.5262,2202.4269,31265.2103,18855.5367,16348.4327,12013.0804,13229.002
200904,80.3961,92.0365,81.9348,98.3886,83.2285,514.7174,588.0196,542.2274,493.1877,469.2312,1409.9089,1418.6613,1174.1697,1231.3906,1036.8406,2990.6055,2594.3827,2991.5892,2621.3966,2443.956,32395.2084,20316.4945,18298.1781,13831.7627,14756.6372
200905,94.1936,105.3232,96.0365,120.0412,101.6516,577.563,651.0241,610.8035,574.925,572.9006,1517.6367,1587.8611,1345.6713,1471.3658,1282.547,3219.0597,2923.0099,3392.3797,3054.23,2857.3376,33614.2824,22483.8992,20203.7977,15766.1344,18210.835
200906,96.9733,107.0961,100.7606,125.5203,112.6024,573.5731,667.48,611.5277,593.3511,611.2893,1533.2192,1644.077,1383.4469,1486.6478,1306.502,3382.3883,3121.3456,3442.1425,3196.1362,2998.6862,35779.951,23449.0367,21187.7178,16692.7588,19581.2428
200907,99.1177,100.6308,96.2395,95.1381,99.6656,541.1015,564.3145,582.3668,552.1802,544.7379,1359.6089,1348.1092,1367.612,1325.2814,1308.6554,3220.9233,3059.4359,3013.1934,3122.4433,3132.3662,34357.4234,24570.9787,21119.9739,14453.362,12500.5005
200908,105.0621,107.4556,108.1942,107.3136,117.4147,584.8213,623.3753,618.5753,622.7279,647.0806,1440.1442,1455.363,1523.9722,1474.9338,1537.1698,3409.4087,3307.6186,3322.1795,3540.2545,3579.1954,35794.4894,26685.8634,22834.5502,16413.8211,15346.0565
200909,106.3015,109.4178,115.3641,115.983,136.3457,583.9489,632.2775,637.6378,675.5665,711.5236,1444.4834,1487.1732,1578.8674,1556.9592,1705.0554,3541.4061,3401.0924,3444.1804,3692.5674,4095.7321,36024.8957,27487.3807,23854.8118,17290.378,21084.1792
200910,108.7202,115.0771,129.7897,127.3248,154.5636,620.9276,660.8673,689.1583,723.6005,812.6367,1494.8455,1588.5762,1676.8063,1669.1973,1895.242,3636.3663,3583.8323,3695.9881,4031.7107,4596.6047,36603.9473,28116.8827,25186.0416,18398.5055,27025.4302
200911,101.6762,108.5352,117.313,116.9531,141.9912,588.0353,619.2328,646.8895,662.647,718.0046,1436.1834,1506.4654,1577.7028,1553.6996,1764.8071,3520.7648,3436.2872,3578.3178,3810.4858,4259.1199,36315.8329,27630.934,24828.1774,17597.0054,24444.5242
200912,100.6045,109.5283,123.8729,121.8527,147.884,607.6625,636.1492,669.8882,683.475,762.4383,1473.7132,1524.6455,1659.1266,1623.3275,1866.6109,3689.4178,3572.0614,3691.9508,3984.5317,4573.7028,38344.0868,29376.2436,26350.6952,18720.5732,26984.6292
201001,107.2025,118.1404,137.3392,132.9071,166.0217,654.8436,689.1096,720.6031,742.942,880.3158,1556.5078,1629.4658,1788.4255,1727.8122,2039.3549,3893.8474,3787.1508,3991.7292,4197.4776,4872.7828,38157.5467,30286.6818,26944.6575,19345.1971,25536.8121
201002,105.3948,115.3119,133.6211,131.5266,163.7804,638.3455,683.7333,691.5657,731.4493,850.6109,1544.1892,1583.5013,1714.5518,1672.4712,1947.1075,3862.9841,3678.4988,3780.2297,3993.0948,4573.0779,37075.5144,29133.1785,26201.6562,18360.7677,26992.0576
201003,110.2842,120.4479,140.9918,141.2128,179.5527,664.3918,701.3075,718.8016,761.3345,903.7845,1609.1604,1667.3943,1793.0412,1756.08,2132.2495,4018.9573,3823.9605,4008.3803,4189.1172,4976.1089,37238.6648,30183.2012,26796.4932,19990.6271,28173.8406
201004,119.6984,130.2553,156.4404,158.063,201.2658,732.9574,759.2966,771.7646,831.3076,997.369,1727.3435,1796.4458,1892.6199,1876.6736,2356.1466,4264.2954,4083.6117,4429.3366,4519.0197,5659.9753,38426.1812,31766.0735,29442.2091,21800.6961,32141.422
201005,128.3481,140.2941,172.6628,171.8883,228.7222,768.1703,808.1766,816.2129,890.4975,1070.3394,1792.0782,1876.0807,1953.5418,2011.5464,2474.3597,4414.8433,4218.3394,4559.397,4842.7497,6026.6426,38260.3163,31897.852,30035.0149,22494.7952,34309.4285
201006,121.6401,132.1185,158.3253,158.2742,208.4846,707.3197,749.3916,764.7445,815.8126,961.2061,1683.7039,1771.4062,1834.243,1823.0639,2232.801,4168.8182,3996.3002,4228.0248,4411.8022,5377.4289,35631.551,29239.5996,27173.3898,20591.4427,30874.8306
201007,129.4816,130.9432,130.7934,123.9431,137.2689,706.0175,700.9197,733.9023,657.0352,695.2085,1612.0721,1684.7715,1728.9701,1575.1049,1632.5013,3891.0205,3838.3055,3702.8597,3736.5018,4070.3054,37657.4353,26415.6804,27166.2363,15136.6068,21215.6508
201008,136.7786,139.6951,137.1079,133.941,151.1681,738.6554,735.8384,775.1409,730.5091,771.1536,1698.505,1817.0898,1839.8108,1732.3848,1818.1864,4057.8911,4029.0276,3953.248,4116.6433,4603.85,39366.4912,27991.0626,29536.3116,16423.4447,23774.1354
201009,128.0773,129.1211,125.9802,121.5275,135.7606,685.8518,693.7185,724.7864,685.3682,694.9491,1597.672,1721.639,1740.5503,1623.3734,1653.0733,3946.3867,3898.0914,3685.2281,3839.0599,4249.2708,39035.6905,26054.8225,27705.6504,15368.4913,21593.4803
201010,136.9665,149.7087,142.5765,138.369,160.3158,747.2554,774.1976,829.6621,768.8188,821.8344,1747.5013,1901.3335,1954.432,1877.67,1927.0081,4246.5537,4246.673,4084.0585,4370.1559,4869.0437,41228.7234,28502.0235,30980.5947,16993.6648,23452.5887
201011,141.1565,155.9496,150.0304,150.0537,170.3588,760.4071,803.4414,860.7566,792.7044,859.0099,1754.5228,1971.3815,2068.9409,1928.5089,2042.6224,4318.7962,4476.0775,4200.8203,4574.2072,5103.9246,42272.2133,29315.5421,32845.1814,17496.3794,25403.4276
201012,145.3023,154.1676,154.6381,153.9082,183.8334,781.7053,822.4006,882.6078,819.7599,931.2191,1782.4169,2014.4243,2122.3817,2038.2199,2173.951,4424.0904,4576.3364,4302.5003,4770.1435,5903.949,41588.7092,28993.2227,33026.1781,17873.9583,26282.6469
201101,157.4538,163.8235,172.944,171.5969,205.0363,838.1686,893.1233,952.0306,892.2032,1019.3444,1907.0762,2152.4694,2270.237,2211.8709,2385.8106,4631.5108,4801.1427,4609.0558,5187.0641,6755.1599,43259.9084,30740.0923,35746.6972,19654.0344,28340.6898
201102,156.7793,160.5307,172.3042,172.9837,204.1743,818.7546,887.0781,976.1204,902.1814,1058.3222,1888.6001,2188.1748,2317.3968,2251.9918,2410.7141,4701.7727,4907.9164,4671.5733,5374.996,7953.3614,43588.0651,31404.2487,37176.816,20075.554,28896.1779
201103,161.2328,166.7661,185.0869,182.5213,218.8167,846.8772,934.4145,1025.43,961.2397,1161.4806,1930.3558,2250.9575,2502.4047,2433.2168,2595.1315,4882.7172,5075.8343,4909.0653,5625.6499,7929.307,44770.5743,32023.3726,38600.6295,20880.7707,29539.2222
201104,165.2159,175.68,192.0821,190.5369,226.8154,867.212,958.1507,1074.8107,991.5116,1187.8853,1994.5069,2297.4838,2601.7134,2515.1181,2630.7303,5003.0632,5187.6891,4978.8308,5687.6639,7967.6651,45111.755,31610.2346,38455.7629,20859.4664,29061.4694
201105,168.6829,178.8502,197.1526,193.4612,231.4506,880.1968,978.4636,1104.7397,1021.0506,1210.5812,2059.4538,2404.4444,2687.7234,2585.7275,2754.7839,5107.2418,5333.2794,5155.9129,5899.4849,7911.7113,47614.7827,32932.4239,38489.4137,21138.2056,30655.0394
201106,171.0721,177.1322,197.2468,194.0249,218.5146,874.2125,963.3652,1087.1537,997.5655,1168.9103,2058.3815,2418.2518,2642.1615,2528.4596,2606.427,5183.0211,5324.7881,5067.1835,5758.2918,7808.9611,47657.7047,32314.5324,37232.5934,20678.0757,29094.9891
201107,164.7959,169.1004,168.3461,174.2771,181.6018,966.5774,967.9227,982.1965,913.7774,953.3115,2166.939,2200.9054,2275.6831,2283.9232,2224.8856,5206.5771,5266.6174,4917.757,5343.7226,4976.4364,43716.5117,33316.3758,33986.452,24055.9742,27401.7122
201108,161.0013,164.823,164.7782,170.675,174.6412,937.0969,933.0098,931.1313,875.2639,916.5613,2104.186,2129.8498,2165.0606,2173.0696,2109.0006,5067.3123,5078.5151,4817.2374,5164.7563,4765.8871,42458.6199,32567.9572,33908.7943,23260.5069,26305.7759
201109,147.8753,149.3811,146.9637,151.9184,151.0421,887.5575,848.3537,844.1758,778.7989,784.2391,2009.2516,1986.7272,2041.8805,1908.9607,1803.9675,4924.9229,4798.643,4438.9695,4541.2302,3874.6844,41901.1375,30528.5401,31329.8542,20695.0093,23304.2716
201110,138.0923,135.7139,130.7286,134.069,125.5119,820.1988,757.2907,759.3581,670.7944,650.2922,1851.8292,1831.7151,1801.0481,1629.5513,1469.7998,4621.5711,4414.6521,3858.4978,3919.0517,3183.1125,40549.5873,28678.2526,28362.9864,17809.2777,19658.2368
201111,153.3992,151.3709,146.0499,155.3491,147.8697,916.1176,869.6417,882.118,792.5176,793.9088,2026.9823,2054.269,2089.5358,1928.6979,1763.996,4953.5316,4885.6582,4456.3401,4632.4958,3907.1522,42725.215,31784.7441,32086.984,20707.8176,23469.248
201112,153.626,150.3652,142.4487,156.3502,144.9827,912.0628,862.4465,910.6187,789.9367,773.8489,2025.2835,2053.1273,2049.7062,1911.6364,1741.6103,5012.0072,4836.9176,4508.9924,4503.1067,3765.8793,43021.2677,31625.5255,31296.5647,19985.9584,22129.922
201201,157.8718,151.9827,144.8693,158.1499,149.9497,916.495,869.5452,906.9537,808.809,782.5145,2049.288,2046.4586,2041.832,1891.9856,1702.4871,5138.5781,4852.4372,4383.6618,4347.8059,3684.6949,44244.0624,31145.4864,31599.4373,19963.8501,21473.2308
201202,168.4708,165.5218,159.9534,177.8219,166.0541,957.5362,916.4,980.9434,875.9247,870.3866,2099.384,2130.2866,2159.6766,2037.4084,1892.3098,5316.8156,5048.9696,4566.8957,4720.1366,4162.6835,44147.8688,33217.2703,33603.5652,21594.0106,24108.1677
201203,166.5573,168.4862,164.3653,177.823,173.2799,982.5659,940.9543,1033.5782,910.0634,906.8103,2127.7115,2224.7919,2220.3262,2145.7093,2028.4399,5381.7551,5201.9874,4763.2379,5042.7927,4446.3662,44694.3699,34729.0078,35869.5835,22805.871,25688.6096
201204,174.5252,169.8671,173.3461,186.4355,183.0364,1012.7256,961.6364,1067.0433,939.6063,922.8685,2212.9109,2254.8961,2267.1891,2163.5532,2006.7499,5540.9878,5316.9415,4794.4933,5104.0942,4489.1166,45733.9257,36037.6904,37462.6527,23329.1327,27152.4106
201205,172.3341,167.6175,171.8171,183.196,180.8407,1019.6038,944.8144,1041.2984,921.249,883.143,2198.1374,2256.5568,2212.7196,2164.88,1959.7493,5678.7178,5334.9191,4712.297,4967.0777,4463.3739,46089.6584,35821.5208,36840.0284,22742.6236,26653.4218
201206,167.7989,160.0206,157.1999,166.6111,167.0953,978.9988,903.4756,980.7215,819.6399,783.9088,2104.0479,2167.4553,2024.0798,1977.8179,1742.0837,5501.5368,5088.869,4279.5119,4343.7614,3872.612,44976.8768,32729.3123,34172.306,20862.9536,22908.7086
201207,154.3444,142.9472,148.7631,153.5002,160.2401,870.8663,878.3595,853.9218,836.7095,838.3543,2001.0335,1902.802,1920.5404,2020.7271,1926.9975,4607.936,4672.4408,4308.8509,4725.5735,4356.3535,43416.5616,32261.1632,36974.8352,19826.0698,25162.7154
201208,152.9459,142.4058,147.2897,152.1026,154.8193,855.7887,858.3389,844.6838,827.4668,830.0696,1955.1465,1867.6702,1919.3038,2007.687,1880.0998,4663.2132,4591.7906,4304.8114,4745.0799,4231.7748,44903.7617,32326.7987,37536.081,19826.065,24418.7096
201209,156.7858,148.5575,150.3662,159.0284,162.9458,874.619,875.3262,869.4295,851.7059,865.5961,1978.8606,1928.8154,2002.5269,2103.8347,1994.5407,4740.0645,4751.8599,4523.6555,4985.0063,4437.3234,44362.3571,33111.3294,39044.1512,20729.0347,26033.7341
201210,165.0358,156.5673,157.4756,168.4157,173.6762,915.8839,903.257,899.521,882.9957,905.1789,2048.0744,1948.3449,2048.0773,2156.2635,2051.2351,4828.7036,4815.9544,4645.2288,5110.1225,4533.8268,45597.8612,33327.3221,40465.1222,21219.4498,26813.5173
201211,162.6974,154.1326,159.0805,162.709,166.8923,880.1606,879.8778,890.6691,849.4449,880.9478,2041.6576,1936.5998,2014.0232,2157.8495,2023.3371,4796.448,4795.0785,4551.7285,5187.6715,4536.9551,44528.8829,32489.9048,38816.9204,21021.295,27834.3022
201212,163.3439,155.0814,159.0382,166.8128,170.1714,878.104,876.0905,903.7756,856.4178,888.3542,2048.4611,1965.9008,2077.1261,2196.6391,2091.2777,4837.4493,4883.5472,4703.9044,5199.6688,4586.6676,44240.183,32770.8516,38678.8603,21414.6918,27297.8094
201301,168.09,160.2086,167.0526,171.9934,179.9756,886.1785,906.8414,936.6853,885.6945,926.4704,2052.8472,1983.4839,2099.5516,2300.1086,2225.5477,4782.0546,4990.1084,4775.8303,5446.0443,4873.7325,43613.8869,33074.1022,38940.9632,22141.2591,29391.6047
201302,174.1482,168.0343,176.3663,182.4206,195.8741,929.2239,968.6504,996.4856,947.9637,1018.9563,2162.9744,2100.7199,2249.0656,2451.023,2411.6601,5067.1089,5409.7029,5152.0355,5835.4743,5225.0297,45512.2855,34801.6466,40123.0304,23326.6719,31695.5833
201303,176.5692,169.1702,179.0025,182.8276,198.0087,945.7565,979.8175,1013.0681,971.9655,1015.6055,2200.0772,2135.7093,2246.8654,2447.8717,2452.6537,5118.5173,5463.7286,5198.3668,5878.9332,5162.5513,46268.1277,34941.5147,40453.831,23022.7473,31642.649
201304,186.8857,178.8105,188.2626,194.265,208.9849,995.4996,1035.8892,1061.7496,1011.0936,1083.0731,2312.9252,2251.8653,2373.8864,2525.5177,2555.2237,5425.6066,5753.8138,5362.4748,6146.2294,5334.9196,48332.3273,35996.9482,41407.4783,23978.7172,33163.8065
201305,186.5203,179.8998,187.311,193.9641,218.3057,997.6478,1027.2082,1055.6751,996.6338,1082.9421,2325.3206,2251.7102,2326.5799,2530.8508,2477.8919,5525.1449,5818.0246,5379.1706,6131.4347,5458.4967,49420.6245,36554.9081,41961.4439,23997.4712,34234.4462
201306,191.9775,187.5168,202.3576,210.8429,236.2164,1039.0943,1079.1359,1126.963,1062.3991,1134.8068,2548.5504,2339.1237,2401.2283,2682.824,2594.1539,5518.0336,5906.3659,5648.4564,6461.0981,5686.4924,48761.7541,37790.9116,43998.3351,25017.5229,36833.7682
201307,208.0998,185.0315,183.3828,198.6959,183.1577,1061.2689,1080.9633,1056.8683,1010.324,1032.784,2315.619,2350.0088,2268.8864,2461.0328,2502.0512,5696.3954,5619.957,5685.7774,5459.5135,5324.1736,50100.1666,42226.5608,36613.9386,22814.5711,34041.9882
201308,224.9727,201.8701,202.9726,219.4937,196.8498,1131.7759,1156.8735,1142.8427,1104.0612,1099.3786,2502.1912,2523.2171,2430.3643,2656.4288,2725.4182,6010.1759,5952.8512,6170.5131,5850.5897,5666.259,52177.8749,44396.0355,38674.7142,23429.6698,36747.5333
201309,218.377,195.7333,203.6075,212.3715,191.7129,1087.1579,1124.4595,1114.7513,1090.0118,1065.8085,2399.4096,2463.8681,2384.8027,2547.0818,2660.763,5790.9311,5771.8548,6031.4385,5724.5011,5520.4879,49589.1193,43538.4433,37365.0815,23149.9743,35891.2837
201310,236.6608,206.6822,216.4278,226.8097,209.9519,1147.1152,1194.6736,1195.4603,1165.219,1150.4015,2489.3057,2598.0986,2531.4614,2737.6578,2841.4403,5945.4564,5997.4093,6394.1072,6104.1439,5966.5585,50223.5265,45076.4879,38739.9314,24127.9953,36838.4867
201311,243.0917,213.1005,217.8834,230.5768,218.4402,1185.6057,1208.0608,1231.8098,1175.0088,1169.4703,2613.8247,2705.9887,2607.5105,2816.7139,2932.0306,6061.8195,6176.4662,6567.0306,6376.6266,6180.1001,52223.5848,47413.8081,40429.1574,24838.7745,38141.0702
201312,257.83,229.5252,232.0645,246.4574,236.9819,1272.2506,1266.9921,1291.0193,1212.9411,1207.4458,2681.1429,2813.7134,2709.0919,2913.4592,3021.6396,6153.4541,6272.2336,6593.9128,6500.8858,6306.4684,53265.0678,49200.0804,41444.4684,25833.0563,39968.9088
201401,256.9682,231.3758,239.0166,255.1991,254.6499,1273.4158,1283.8733,1312.6967,1254.5882,1251.7791,2667.4647,2887.7328,2823.6015,3006.7931,3162.4799,6226.1,6483.4553,6792.3031,6755.8375,6551.6983,53781.0542,50667.3611,42595.1483,26539.5676,41225.8315
201402,252.8609,225.1411,237.3099,251.3539,253.2785,1264.0465,1250.0195,1243.6812,1186.2721,1171.1174,2618.6378,2843.1342,2731.1025,2907.1566,3124.2864,6097.2116,6425.4037,6592.6705,6411.3868,6375.5259,51888.5805,48674.6932,40819.979,25379.1223,39902.9791
201403,262.2629,240.3207,244.6025,268.7548,272.2236,1285.9184,1305.8386,1296.83,1270.0777,1249.3052,2708.108,2969.4737,2847.6482,3105.4035,3339.0961,6375.9868,6695.5516,6966.9586,6792.9309,6875.853,54296.4931,51114.677,42546.9073,26477.3165,41574.1267
201404,265.7167,242.3686,240.2806,273.4582,272.2212,1296.636,1289.2541,1301.7545,1273.068,1252.3416,2690.3519,2965.7941,2785.0655,3103.5111,3325.6862,6428.4251,6720.5095,6895.3687,6816.5255,6887.1194,55013.7991,50770.0331,43133.423,26608.5007,41166.4752
201405,253.1171,227.3672,229.017,260.3156,258.2764,1254.2463,1241.2164,1248.0248,1246.0389,1247.1701,2632.9727,2866.436,2695.9304,3086.4772,3228.1538,6453.7155,6628.02,6682.8787,6749.7694,6868.6534,56238.3417,48940.4146,42700.7254,26673.8896,40361.3277
201406,251.2217,227.8456,228.8761,257.8083,258.3132,1269.4749,1258.583,1249.4667,1226.0431,1251.9249,2633.4659,2921.4544,2729.5127,3118.8013,3305.7634,6550.25,6822.2902,6839.9356,6861.2657,6978.8974,56341.1026,50611.4317,43689.011,27504.6441,40529.0639
201407,184.936,227.275,236.8039,222.5955,230.528,1247.34,1212.9185,1252.6662,1281.6265,1200.4977,2865.6037,3025.0878,2928.798,2968.3062,3084.4069,7170.7314,6900.2649,6722.8516,6702.225,6451.7803,51673.9795,57363.3811,41677.4013,38810.3084,29357.2371
201408,175.2498,217.8224,223.9564,209.8408,215.5503,1159.836,1162.7706,1178.6623,1203.73,1103.8058,2670.5004,2902.2457,2798.0917,2785.1436,2921.5305,7013.6656,6707.7123,6587.9766,6247.4184,6122.5116,51206.6046,56944.6555,40325.0105,38353.0581,28876.6401
201409,182.4369,225.3414,233.0609,217.6585,224.7783,1201.0013,1209.9605,1230.4933,1278.2748,1176.5315,2853.5005,3021.5602,2918.5306,2930.6834,3076.5683,7386.486,6963.6326,6886.8441,6528.2397,6576.3949,53422.2625,58777.4227,41615.7843,39573.0653,29964.4828
201410,175.5372,214.4211,221.6908,203.0235,205.512,1157.1401,1172.7482,1167.403,1174.7667,1066.8974,2706.1418,2919.2453,2774.0988,2724.2797,2844.2907,7135.4342,6811.6747,6664.1679,6139.3965,6119.2753,53717.8779,57480.9183,40693.5435,38364.5119,28667.3019
201411,187.9123,230.6525,237.5926,217.1606,212.3567,1259.6435,1262.3745,1247.5755,1235.3507,1103.0702,2937.5256,3090.2662,2885.1969,2849.9527,2898.0526,7530.2652,7056.1586,6771.2608,6175.3598,6075.19,55359.4928,58841.1137,41289.4002,38116.2886,28183.5781
201412,186.0727,228.9081,235.6535,211.64,211.1254,1267.0595,1260.3876,1247.9601,1241.3865,1076.738,3003.2216,3166.1397,2937.5826,2860.9374,2870.5645,7661.6253,7278.3687,6934.3665,6383.9982,6036.495,57180.9683,60987.2036,42257.8242,37219.3083,27837.1222
201501,197.1915,240.8275,247.6347,218.7424,219.835,1307.8465,1289.1199,1285.0978,1274.8999,1088.1032,3119.4404,3204.2412,2939.1551,2880.0015,2841.4055,7613.3292,7337.6549,6963.4868,6344.4726,5996.5238,56452.4814,61057.7415,42437.577,37610.1223,27619.0293
201502,187.3448,229.0663,240.7211,207.7039,208.4999,1277.0963,1241.4312,1218.951,1208.2048,1012.4166,3155.5556,3141.5939,2881.8609,2721.2202,2696.4094,7699.7356,7219.0985,6804.8904,6169.1004,5702.4931,56107.3562,59726.297,39996.3373,34321.7883,25537.279
201503,199.0141,236.6046,254.3652,223.8172,225.4448,1334.3793,1330.8278,1300.0879,1301.3183,1103.3004,3265.415,3331.1409,3079.7894,2972.0514,2912.8121,7967.5693,7677.0118,7353.7488,6721.7183,6349.4445,57625.0406,63058.6907,43281.7004,36807.02,27472.024
201504,207.0302,242.068,256.9208,226.5824,226.4622,1388.2212,1353.8303,1323.3231,1346.1901,1131.8373,3261.213,3385.9799,3137.2962,2998.6864,2916.2983,8119.7743,7704.7768,7352.8483,6718.3254,6365.6893,56667.7912,61507.6305,42260.9837,36090.2625,26545.3801
201505,204.7947,236.3298,249.5107,223.7716,222.8616,1352.8022,1319.5486,1317.5336,1324.5249,1121.1082,3145.3474,3318.7607,3062.116,2991.4159,2904.0947,7978.3648,7570.4928,7232.7026,6732.7231,6320.9686,56078.4204,62550.8539,43024.4577,37478.7511,27506.9174
201506,206.0367,244.6641,246.524,226.115,228.5332,1416.5565,1346.4595,1328.1468,1348.8698,1121.568,3298.6804,3345.2721,3186.1587,3078.9358,2938.926,7934.9324,7698.1964,7476.2125,6839.8122,6147.1134,56694.1297,63043.6222,43221.1854,37383.2183,27205.7708
201507,178.8633,202.9415,211.063,207.3035,196.8544,1143.5035,1127.5788,1119.751,1175.5684,1133.4705,2704.3277,2758.5282,2685.3805,2803.3032,2789.753,6534.5233,6387.7058,7224.4768,6325.8467,6237.5588,61106.3076,51564.6931,43460.0959,35670.6948,32907.4591
201508,173.3417,194.5005,201.4186,193.9219,180.0248,1129.3621,1109.5761,1101.3645,1166.1346,1085.1696,2783.781,2782.9148,2602.4531,2698.5773,2649.6939,6748.6126,6509.5268,7278.3601,6321.5531,5945.5935,63568.8333,52021.262,43705.2528,35043.5275,32899.1577
201509,166.8111,187.6037,193.6487,188.5368,173.5334,1054.0477,1058.8091,1058.9451,1103.9416,1003.6383,2630.5274,2669.5798,2472.5198,2548.009,2484.0431,6335.2767,6136.4406,6908.374,5887.5817,5517.7594,59794.6647,48912.0695,40314.2032,32885.7366,30538.057
201510,161.7267,180.1562,186.2116,174.9471,159.646,986.7284,1011.5647,1007.8091,1031.3914,891.1038,2557.868,2562.181,2347.707,2386.281,2235.1563,6209.3841,5944.9002,6577.1019,5570.1316,5009.4674,58877.6303,48580.0697,38837.6248,30888.9238,28265.8062
201511,171.852,192.1661,196.0837,188.0279,168.1172,1032.0938,1072.1384,1068.779,1094.31,949.8138,2660.5146,2655.7698,2556.6243,2539.4899,2384.4449,6347.6886,6311.6793,6960.1006,6031.8259,5375.7646,62919.084,52618.9708,41891.699,33520.7728,30378.4845
201512,178.2843,195.8216,201.4801,197.7217,174.7383,1071.4912,1101.8917,1111.5802,1155.7721,996.5394,2706.0812,2719.0067,2600.2932,2594.8277,2423.5905,6383.9385,6394.0947,6972.9428,6107.1826,5363.2965,63014.6265,52460.0138,41583.1018,33972.7837,29768.1634
201601,172.861,189.3405,190.053,187.4956,163.8721,1042.938,1046.5984,1055.1154,1082.5073,909.9367,2626.4534,2604.8873,2460.7785,2398.8678,2247.6031,6295.427,6136.9789,6633.5902,5795.0065,5078.2045,62942.8792,52254.4279,40723.4683,32317.9401,27798.3447
201602,160.5293,177.422,179.3419,170.8209,144.646,960.4584,953.0711,972.188,981.7012,779.4076,2465.3162,2429.7948,2272.4976,2185.548,2015.5314,5969.4859,5810.3522,6200.4084,5148.2104,4465.7228,61834.7125,49644.2246,38154.0287,28764.7917,24029.4342
201603,160.1176,174.7904,180.6615,169.631,144.7804,936.9539,970.3032,988.748,991.751,792.748,2507.8917,2444.7362,2283.4959,2186.2222,2037.6096,6029.8309,5846.3865,6204.7808,5210.0023,4365.0111,61482.771,49557.8673,37992.149,28208.1043,23182.3301
201604,168.0366,184.3831,192.7005,186.3534,158.8484,1003.0341,1026.634,1064.6427,1089.8724,882.0535,2660.4304,2586.7302,2442.354,2353.2439,2262.9594,6434.3088,6195.4558,6804.5884,5766.4743,4880.0344,64744.8321,53283.5584,40342.1496,30205.7537,25355.011
201605,173.1138,193.4451,197.9057,192.4103,167.3278,1006.2022,1028.6275,1081.4268,1105.1759,928.8786,2613.4041,2605.7909,2476.4054,2398.8498,2343.534,6476.2151,6312.8198,6805.9341,5937.8772,5174.2811,64617.1952,53098.7485,41110.3742,31567.0649,26637.5927
201606,173.3862,197.92,197.7821,193.5706,164.4418,1040.5654,1053.1818,1101.5427,1130.1284,938.5212,2670.2172,2662.7361,2525.9737,2412.5128,2312.0601,6626.1861,6417.5472,6890.7167,6124.1183,5241.3769,65575.7593,53546.8877,42125.9532,31861.1225,26979.5614
201607,137.9041,199.6303,192.2618,211.1549,171.8283,1050.167,1009.3057,1006.7858,1051.1082,1001.3563,2428.5692,2418.5427,2375.7475,2417.2498,2364.092,6347.5168,5798.3481,6775.8599,6046.1255,5638.2183,63857.8357,56330.8391,36799.8605,29664.736,35430.2511
201608,143.0323,213.4603,204.1989,223.8587,183.9006,1088.4492,1063.0287,1065.3715,1127.3219,1087.6261,2508.396,2524.5228,2519.6875,2583.2198,2601.1483,6432.1124,6066.7498,7032.7481,6369.4628,5979.6215,64982.7178,59078.1685,37825.2132,31053.3085,37056.8483
201609,147.5677,219.8803,210.0932,237.5029,191.5786,1096.4307,1078.5808,1098.9659,1146.0401,1125.562,2472.1021,2548.4148,2572.638,2680.4447,2717.9534,6345.1354,6083.7972,7201.5128,6473.112,6285.0944,63709.4504,59217.9545,37912.6551,31388.86,40053.8013
201610,151.1747,228.1367,216.7831,252.1679,210.3566,1104.6865,1081.2546,1108.8078,1157.962,1201.0197,2500.5255,2547.0959,2599.5639,2675.4804,2772.5418,6300.7169,6041.4176,7286.6751,6526.1408,6191.4949,63545.4425,59598.2704,37170.4527,32252.4597,40550.287
201611,146.5343,220.5869,206.6469,237.7033,186.15,1071.8279,1053.2241,1056.9758,1109.6591,1063.6411,2631.4366,2489.7356,2524.5195,2593.1791,2581.4021,6167.2898,5995.7961,7050.8341,6384.1683,5929.6142,62369.9772,57861.8751,36614.2144,31854.4221,41555.505
201612,161.6039,249.3948,231.3382,268.3936,215.9571,1192.1586,1165.7201,1189.3916,1261.2531,1228.8144,2707.7211,2735.156,2838.5526,2889.7131,2960.2766,6285.0602,6377.3163,7454.2664,6864.3597,6925.9717,62154.3632,59472.5604,38965.8854,34974.919,48546.2708
201701,171.6132,265.9613,241.0132,281.2964,233.6579,1236.3514,1198.8579,1243.8169,1315.2613,1211.362,2738.777,2788.7401,2880.3276,2950.3488,2980.8713,6402.4539,6387.845,7458.7469,6970.7029,7044.7102,63655.6067,60008.841,39342.9395,35981.2698,49930.4765
201702,170.7568,258.1461,238.8924,279.8697,235.3699,1209.0155,1186.3593,1274.0679,1315.5937,1245.5048,2754.5348,2859.9824,2922.5076,3000.317,3036.9672,6526.9929,6447.9733,7646.4303,7250.4562,7186.3064,64318.5094,61624.6741,40770.2862,36688.8349,50292.3721
201703,170.3835,260.1253,238.1793,299.3747,242.6446,1223.1128,1210.2746,1286.119,1349.4633,1253.839,2779.664,2915.4593,2974.8312,3036.3698,3123.1697,6770.2763,6640.1152,7745.442,7460.8613,7542.2227,67495.567,63509.3779,42166.7129,37304.1773,51981.8824
201704,175.0193,266.678,241.488,302.9884,250.0438,1223.9248,1192.5987,1287.5466,1337.8532,1259.4914,2835.0177,2900.8583,2993.9523,3008.2808,3170.251,6815.0661,6646.2721,7806.1449,7442.5876,7363.3422,67453.6962,64362.5188,41934.7571,36908.5945,51399.6511
201705,179.2254,274.8914,242.8102,308.9028,241.4178,1245.4187,1206.0211,1315.214,1358.1439,1291.8497,2837.7752,2956.2782,3038.5052,3067.5228,3118.0066,6863.4496,6736.5803,8038.2502,7495.2803,7191.9509,68025.1872,65741.5267,42261.0472,36896.154,50894.1904
201706,178.5979,270.8242,233.4856,301.6313,236.7034,1204.729,1172.2551,1305.3771,1312.6186,1242.3831,2800.1313,2966.1163,2998.2618,2998.4036,3007.5792,6889.4125,6724.4863,7988.0677,7516.3433,7080.8298,69751.5907,66939.5166,42015.3551,36276.4841,50312.739
201707,164.1498,214.3721,246.7732,248.4898,230.1648,1223.4082,1217.7787,1248.2856,1187.4292,1187.0339,2968.5986,2909.2092,2979.1887,2883.1926,2711.9879,7337.7698,7140.4309,7500.0916,7110.3242,6874.3514,51231.0313,78183.3305,53576.0598,46013.9037,37150.3992
201708,162.0591,211.0836,248.668,247.2794,229.6925,1233.6632,1234.5604,1256.2974,1205.034,1209.0489,2975.9546,2928.8827,3038.2055,2892.6049,2759.1094,7388.0159,7251.2659,7555.7389,7339.4238,7134.5181,52219.3963,79196.7277,54943.327,45977.1854,38370.8258
201709,159.4707,204.8185,244.0005,242.2752,233.5796,1207.6944,1198.6117,1222.3342,1162.6189,1226.2559,2926.844,2923.3985,2979.4323,2849.8099,2796.4155,7282.5585,7220.8962,7574.0846,7267.1512,7175.8591,52377.9421,80350.494,54558.0102,45961.6832,37448.4902
201710,171.7531,223.9376,264.4731,266.1084,259.9273,1267.0968,1284.9688,1398.5617,1260.8034,1343.8963,2982.5853,3043.3152,3178.9806,3082.7447,2960.7318,7336.2649,7488.1195,7878.1629,7667.6722,7676.6091,52222.5891,81101.5842,56013.5952,48193.7118,40129.8096
201711,172.7671,227.723,267.7374,263.8254,258.7424,1253.4956,1294.8147,1431.7817,1285.8934,1308.1346,3017.9056,3111.3617,3255.2411,3142.9955,3021.4396,7356.8276,7651.4403,8145.5517,7818.9483,7741.6716,52933.5425,83747.6886,56955.8298,49109.8987,40900.8295
201712,181.9919,236.3487,279.722,273.4017,270.7441,1301.9424,1330.4449,1478.7224,1311.695,1334.0176,3164.3272,3203.805,3363.6889,3299.3733,3111.1136,7830.3228,8060.218,8440.1037,8057.9007,8271.2464,55059.5127,86473.8486,58345.0844,50073.5689,41982.9907
201801,183.8972,237.715,281.5982,279.7345,277.6521,1315.8116,1295.978,1459.6757,1311.2201,1373.4954,3130.7584,3220.8636,3364.7848,3301.4862,3164.5484,7844.8178,8103.4912,8437.93,8154.2907,8599.7079,55612.3181,86912.0399,59945.0922,50989.8444,42488.3783
201802,184.5684,234.6795,288.8512,284.3203,299.8502,1327.0384,1313.4267,1492.4182,1356.8264,1430.1969,3181.7785,3332.8336,3504.2259,3447.1423,3413.6007,7970.9741,8434.9477,9003.7488,8511.1827,9100.8316,57551.1889,92219.0635,64916.4694,54613.1289,44786.5034
201803,179.9439,224.1668,275.9406,272.0503,289.7659,1294.8905,1294.9759,1465.8788,1296.9747,1361.8854,3038.5326,3293.6239,3305.5714,3239.2253,3326.1634,7743.0276,8098.0004,8591.3387,8091.4205,8711.7756,54490.9861,88755.3906,62664.7471,53162.6249,43403.5684
201804,189.1854,236.5391,278.4114,283.5304,295.8041,1313.2326,1312.7207,1491.7277,1316.7095,1361.8269,3030.9551,3320.5449,3299.3485,3246.8774,3269.9163,7930.9673,8088.8475,8649.5619,8205.6589,8542.0725,53770.9785,85559.2422,60486.6694,50724.5785,41973.7463
201805,194.5989,239.3064,279.7048,291.3045,306.0625,1332.7081,1351.7724,1522.3359,1322.9329,1402.9095,3007.2154,3352.4285,3257.294,3255.284,3284.6931,7975.8921,8000.3706,8484.4065,8308.2595,8652.6549,53207.1432,85586.2237,61438.9042,51007.4914,41701.2677
201806,210.0372,259.855,299.9319,330.1003,336.7143,1403.1374,1437.2564,1613.2986,1422.4056,1549.2829,3083.8108,3517.5468,3438.1511,3409.6255,3524.4815,8170.5964,8371.6732,8675.8032,8486.0648,9165.7288,53559.1881,88456.8065,62592.6458,51150.8648,42179.3842
201807,222.6597,250.5186,330.7175,263.6301,255.48,1415.8848,1339.8175,1486.2339,1433.5817,1379.8637,3300.7005,3224.4571,3352.0179,3182.156,3204.3417,8890.8201,8453.1258,7912.5231,7680.2659,7630.1599,46620.448,85318.22,61481.4019,58813.9041,48710.8155
201808,227.7325,251.9652,333.3396,268.2961,252.8065,1444.6145,1383.8008,1516.6935,1453.1511,1430.3876,3327.3607,3241.3772,3432.3949,3288.0695,3319.7833,9101.4209,8710.4349,8122.524,7810.4557,7754.0289,47546.0626,89027.0167,63544.8991,61338.7072,50773.8969
201809,239.4752,261.6175,343.9979,283.0148,267.773,1543.341,1435.7911,1607.4279,1501.2193,1511.0265,3465.9123,3431.0643,3528.766,3401.1623,3456.8078,9384.6316,8977.323,8412.5893,8076.451,7936.1107,48168.5062,91590.0969,66790.6509,63288.7402,51948.5023
201810,237.0235,252.1128,330.1504,281.9495,265.9468,1505.9929,1394.3936,1562.9795,1471.3405,1483.5453,3410.7379,3384.0762,3390.309,3320.4932,3345.0537,9372.5388,8946.6313,8450.1176,8087.0339,7731.4516,48550.8861,92320.8862,67074.43,63002.8985,50624.5388
201811,214.8454,230.9289,298.3295,250.5209,228.3202,1398.6335,1280.3539,1388.2607,1304.2272,1258.3459,3228.2823,3120.0032,3032.8531,2994.5631,2888.9237,8897.4693,8273.3745,7615.1075,7235.9234,6629.4362,48472.2583,86612.9247,61473.9753,56589.6066,45436.72
201812,214.4946,235.6346,296.1112,249.289,223.5854,1422.6504,1312.7507,1424.4472,1337.8424,1280.1546,3329.9296,3207.9659,3090.2336,3061.3723,2808.1383,9107.9324,8532.9143,7785.0771,7374.5666,6604.9062,48621.6267,90885.3006,60010.5215,58419.33,46344.1305
201901,192.5939,210.4964,258.333,215.3811,186.1813,1291.877,1159.0451,1247.8187,1170.5936,1088.5373,3049.7427,2898.6466,2653.4709,2631.5918,2447.8197,8300.13,7632.4237,6917.476,6420.8346,5710.8396,45120.2142,83023.1827,55175.5143,51942.9184,40490.8228
201902,211.4525,228.2276,283.1531,240.7628,212.4585,1379.8929,1274.6766,1376.747,1297.4746,1239.4536,3316.0268,3178.9775,3000.7339,2963.8339,2816.7487,8872.9531,8273.1734,7830.691,7208.5729,6689.0729,47637.5431,89248.3306,58723.3734,57282.9015,45170.6752
201903,222.8416,243.1357,298.1982,260.4776,226.5867,1402.558,1327.3127,1471.177,1380.5438,1319.4979,3477.2536,3289.8707,3090.5226,3110.4574,3026.889,9111.3532,8789.7621,8168.3886,7577.4124,7172.5284,48990.3561,91543.4791,60682.8511,58529.4553,45670.0908
201904,216.4557,232.999,283.8547,255.7239,225.72,1360.8777,1287.951,1430.5619,1326.6274,1288.8912,3528.0471,3228.6832,2962.1669,3014.8429,2973.8262,9270.5394,8926.1722,8233.5316,7365.2591,7132.4211,50368.428,93543.4769,61860.6532,58481.4131,44627.1516
201905,222.0806,239.7968,291.1702,268.8436,228.0681,1387.7787,1345.3122,1499.0579,1383.2744,1292.308,3676.5042,3396.5117,3114.5461,3156.6883,3068.5232,9554.9789,9277.08,8558.4947,7705.5499,7394.0206,51266.242,96627.8735,64845.0388,61603.9927,47677.382
201906,211.0695,224.5813,272.1519,255.0725,206.102,1297.3522,1260.7604,1372.8455,1244.2704,1164.9837,3439.822,3249.1237,2841.5261,2873.4462,2777.962,9223.4498,8768.2795,7929.6991,6809.3621,6684.1757,49371.7103,91468.202,58815.6683,56679.7165,42098.6355
201907,179.5713,214.4222,246.8927,207.0711,192.9638,1183.3589,1185.8485,1270.4601,1276.2865,1209.3512,3083.7658,3083.2469,3157.8089,3116.5908,3040.0145,8593.0432,8368.2223,7846.6665,8152.052,8861.9005,60679.9454,73746.3138,70562.6287,75004.4317,46900.9192
201908,178.3313,215.912,250.3518,206.3485,185.0768,1210.4716,1192.3993,1274.1438,1292.1254,1186.3442,3151.7707,3172.6347,3248.1669,3139.8006,3048.9449,8619.5235,8521.1845,7953.1767,8199.4795,8957.2657,62300.6702,75145.8635,73234.2457,76147.6398,47101.2705
201909,174.1717,203.5066,236.5996,193.3949,170.3098,1151.0925,1110.712,1220.2991,1208.6009,1102.9277,3113.8467,3058.1417,3058.6912,2906.5674,2767.4378,8471.5957,8275.1285,7581.1815,7684.3821,8312.4158,63418.9273,73210.7745,71994.8309,72951.497,44345.2927
201910,179.0957,212.3642,247.4684,202.7423,178.2817,1186.6071,1150.6156,1281.1424,1258.0648,1128.9556,3128.4746,3101.521,3141.4665,2983.3571,2806.0427,8690.968,8373.488,7772.6935,8028.0269,8329.0226,63962.9081,74050.3285,72848.4056,75686.5628,45277.7421
201911,182.6341,217.1112,245.3453,205.625,173.5099,1236.791,1177.0117,1332.2553,1289.6014,1148.6129,3132.404,3134.761,3193.1993,3122.0272,2900.3613,8628.0946,8485.9127,7796.7393,8067.4893,8600.248,64781.0782,75242.9285,73936.2341,78744.4913,47257.7233
201912,187.7345,221.1296,251.0506,220.4968,182.616,1293.2544,1217.0118,1368.1051,1350.5305,1215.2102,3171.608,3218.48,3293.3368,3340.9455,3122.1109,8631.1287,8795.862,8151.8002,8511.063,9399.6407,65282.6752,77454.7379,77629.9773,82792.4562,50406.7356
202001,194.6569,226.133,262.8136,245.7176,201.9917,1353.5254,1270.6507,1400.9721,1399.9592,1291.5494,3226.7231,3306.675,3380.0471,3445.4205,3190.6183,8777.3471,8907.9499,8473.6498,8683.02,9665.1205,66750.6568,79390.5018,79585.1663,86001.0907,53979.2441
202002,189.2942,215.3187,249.549,231.2651,191.418,1291.787,1188.616,1342.5007,1337.5812,1196.0226,3178.7269,3260.6873,3258.8603,3292.1018,3028.6617,8711.9784,8836.2699,8354.6007,8390.5124,9567.1253,66494.9985,79126.8383,80613.9452,87299.9706,52372.6338
202003,176.9469,199.5008,226.7136,214.6043,178.8121,1182.9692,1059.4947,1203.223,1201.9051,1082.2935,2950.7139,2929.4292,2944.8193,2971.872,2816.0446,7905.2947,7936.2036,7536.3854,7777.0124,8767.8282,61181.7486,72588.1276,74507.0593,78805.2103,48322.6421
202004,137.92,150.8038,174.9405,163.0053,137.98,979.603,791.6731,910.907,908.3456,822.2998,2476.5866,2366.5777,2332.4375,2160.0718,2138.2076,6476.8058,6706.5305,5893.0492,6070.2468,6812.5768,56180.8055,63212.6311,65864.0166,68555.383,39471.6877
202005,158.8975,172.4203,200.9434,197.7475,168.2196,1078.4977,902.083,1065.6241,1067.2446,974.1665,2727.0347,2657.5239,2630.6293,2511.1257,2599.3256,7344.0207,7420.9919,6830.5742,7077.6568,8123.5443,61384.7743,71550.0428,75245.485,80294.22,45399.0886
202006,172.0084,176.8984,211.2458,213.2896,196.3807,1126.4226,920.1909,1116.7616,1127.6859,1083.0861,2882.3536,2835.3896,2759.9294,2754.0806,2884.2946,7634.0001,7959.2088,7421.6245,7706.4103,8887.6791,62996.1348,74664.6877,79235.8253,84839.131,49545.4471
202007,147.6581,164.2794,161.7781,151.8095,141.3937,992.4248,945.4991,996.2308,975.4189,985.0189,2572.671,2695.6416,2684.2667,2631.119,2674.9706,7449.6884,7509.6104,7667.5896,7643.9527,6811.7565,71386.7531,95215.3879,76884.6573,41086.9014,25937.7789
202008,152.9309,165.2219,160.6748,156.8055,153.5458,1032.6409,966.3575,1008.2434,1031.5649,1009.9163,2663.4428,2792.5401,2796.8071,2709.783,2756.731,8046.1783,8241.9384,7982.2032,8183.9671,7188.6795,74955.1021,100131.0165,84253.2961,42125.5183,29857.8168
202009,157.5264,174.3942,173.7636,178.449,162.5218,1047.6059,1017.1763,1073.2198,1137.2942,1099.6674,2680.9134,2882.6168,2977.6155,2894.1408,3024.2711,8335.5588,8501.5453,8478.2911,8599.4485,7528.8473,77487.3758,107567.0123,97797.3277,45541.2533,32303.7643
202010,153.1305,167.8535,169.0466,176.7405,165.3076,983.5452,951.0229,1028.0805,1110.9991,1067.305,2555.3495,2682.2186,2851.8804,2854.7266,2999.9582,8001.7241,8375.5744,8293.3648,8361.2997,7614.4485,76492.9577,102040.229,91288.1659,43646.1301,31305.2264
202011,153.2072,175.3481,170.2874,180.2431,164.401,1000.8371,1004.7885,1063.6195,1113.5923,1075.3019,2601.371,2817.3947,2970.1537,2944.6781,3079.5972,7979.759,8564.7033,8275.3286,8458.995,7742.9051,73900.2906,100388.8862,87922.9053,42654.0196,32908.5606
202012,176.361,204.5733,211.4741,224.283,220.0251,1124.913,1170.9159,1253.8388,1351.0694,1351.2353,2846.8017,3304.8869,3552.314,3560.6048,3813.3326,8562.7881,9416.3592,9822.862,10127.038,9329.4335,79033.3693,109923.0144,102493.3037,50441.4456,40438.9049
202101,194.8091,217.1911,240.514,241.1086,252.0424,1187.7478,1307.0727,1381.0193,1497.0573,1491.3901,3035.7867,3528.2297,3854.6382,3911.3839,4290.8237,8818.0064,10013.9055,10477.1234,10828.8999,10071.6849,80268.7229,113198.4621,111182.2347,53459.3097,41634.5982
202102,292.8644,239.2967,268.0487,293.4547,302.069,1263.0703,1363.8314,1526.5536,1590.6167,1669.8487,3063.1864,3570.9014,3882.5296,4131.8954,4317.0449,8779.6375,9920.1102,10402.3848,10904.5577,10638.9084,78840.9127,112851.6158,110864.5053,53381.2619,42337.4889
202103,253.102,265.034,305.5832,320.1304,360.6078,1332.7518,1487.5957,1656.8972,1749.03,1841.393,3198.8442,3908.6447,4146.5077,4408.1221,4868.8184,9197.8905,10353.1143,11284.6208,12107.0136,11798.0451,77493.4302,116579.6451,111342.5608,59594.3907,45918.8069
202104,285.4591,277.3838,311.9779,349.6453,385.3748,1396.9768,1514.4102,1708.5434,1825.805,1891.0504,3351.6922,4035.2496,4303.4658,4459.6304,4968.0723,9799.5685,10754.696,11524.1083,12123.5154,11707.4828,82382.9702,120450.7114,112919.4668,62375.9274,42234.9098
202105,282.6099,283.8049,317.7057,346.325,378.0868,1370.5921,1556.5985,1714.0464,1876.0111,1914.1804,3400.7592,4173.7765,4471.9366,4583.3073,5250.1472,10051.1351,11230.8938,11989.5165,12774.0528,12463.875,84926.9539,128398.2584,119759.0989,65249.6235,45093.6826
202106,300.8416,285.4361,320.6217,389.9435,396.8135,1372.8136,1557.4163,1756.3488,1891.9422,2005.297,3457.4804,4210.3134,4432.5533,4627.2732,5210.0084,10223.0271,11291.1067,12171.6082,12727.6948,12451.6902,86153.6835,127967.4232,117737.2427,67656.9437,43225.1517
202107,282.4893,362.8029,315.0093,319.7268,317.4647,1874.7449,1871.4465,1903.8966,1890.9104,1817.7105,4403.6017,4399.3861,4553.7074,4408.9993,4647.8214,12248.4217,12378.0714,11720.6886,11433.8231,10856.3698,124405.8296,98395.3169,78956.6591,104751.2567,71613.2983
202108,280.7311,355.2834,301.4546,296.1205,289.4375,1823.0166,1818.7168,1873.019,1825.0288,1668.495,4420.7504,4321.5141,4494.2582,4324.9724,4423.7313,12564.2818,12424.3067,11805.4875,11244.2161,10121.0073,127299.6586,103062.2629,78704.8349,107549.1207,70732.0337
202109,293.2217,367.1724,314.8532,309.3694,304.9918,1865.8382,1857.329,1898.3119,1838.3234,1677.6674,4459.1691,4323.9088,4628.0251,4442.8759,4529.8384,12686.5313,12693.0873,12039.3464,11634.4969,10183.908,130489.7737,106974.2468,79308.2536,111988.0241,76019.2649
202110,282.3807,363.4068,310.4259,304.8938,306.978,1826.5836,1781.0107,1844.0586,1803.6024,1658.7282,4392.2593,4225.3639,4520.2961,4282.3088,4447.4853,11891.2718,12136.4738,11315.1658,11616.6954,9989.8696,123930.9367,100177.7814,77674.5055,106358.4814,75644.2105
202111,289.0125,374.2112,324.0322,312.2716,312.7995,1866.9112,1892.4602,1923.7115,1837.0096,1732.3369,4446.128,4368.5408,4767.8247,4433.0234,4733.9316,12465.0916,12668.2316,12033.5161,12247.521,10553.7701,132737.3927,105520.8434,81321.8996,114251.3009,94873.8778
202112,277.9497,361.4155,325.9428,277.4797,284.5878,1812.6719,1862.6814,1925.9488,1740.2664,1621.0622,4285.9983,4181.6485,4621.2266,4220.5592,4537.4542,12164.8457,12515.0564,11625.4859,11848.788,10007.1213,131433.644,102702.2411,76088.2399,121801.2993,92124.7684
202201,278.7515,370.3374,332.2084,284.1111,291.3428,1914.6102,1925.6886,1991.7923,1819.8074,1603.1368,4478.6591,4413.9796,4785.6955,4380.2365,4454.1137,12917.421,13119.3267,12090.5845,12172.982,9997.5219,137306.3014,106973.6881,79642.682,124910.7786,87590.3546
202202,262.6689,347.017,302.419,261.7725,264.1119,1769.5819,1806.8535,1825.0049,1652.7623,1492.1683,4194.9727,4068.0034,4365.0035,4049.8057,4097.0641,12139.2103,12410.0003,11162.1765,11845.5461,9261.2385,128489.3347,100969.4839,77559.4426,118943.4271,77041.6937
202203,262.8825,334.9102,300.4238,267.3203,276.7017,1775.1203,1846.2871,1844.8708,1676.4162,1589.9991,4221.7275,4019.378,4401.1471,4131.6227,4191.3642,11976.9198,12450.0159,10904.9697,12068.534,9734.6296,126852.5516,96750.4298,74051.2105,117254.4898,75039.147
202204,259.7225,329.5664,302.0348,271.2712,290.9836,1819.9876,1871.6822,1844.7723,1649.8269,1616.4833,4410.1553,4089.0778,4319.2858,4138.8763,4303.6741,12470.1987,12620.7714,10893.0244,11876.6407,10008.9007,132454.3329,99829.8766,73487.9562,119535.8009,87017.447
202205,237.2587,304.1573,275.9413,249.9066,263.6697,1689.0372,1695.0026,1661.9934,1474.5793,1393.2633,4164.401,3848.3698,3972.5104,3803.405,3862.558,11723.5153,12007.8224,10081.0697,10924.8552,9034.0751,122720.421,89939.3815,66813.1034,105035.2335,71074.5043
202206,237.2407,306.5109,276.6455,243.485,264.5973,1722.4514,1750.4493,1700.2566,1462.6577,1396.341,4289.3784,3912.9539,4031.8299,3717.1035,3752.1141,11975.4191,12160.2645,9849.3695,11310.5919,9015.8242,121923.0149,90249.8216,67983.6084,103155.6274,63001.2939
202207,175.5582,230.9716,218.6495,192.5574,181.9957,1266.9128,1259.1737,1336.5441,1305.2754,1236.6133,3348.52,3178.7065,3235.9221,3215.5912,3316.4392,8654.6741,9399.7665,8577.557,8887.5074,7835.5396,87854.6882,105352.8758,59569.7865,85785.7285,102975.1428
202208,185.7749,248.3404,236.4003,212.3934,206.9461,1348.7016,1408.304,1480.2768,1472.5986,1413.3226,3534.9917,3513.156,3564.4833,3587.2766,3760.7994,9307.5997,10343.0662,9667.3306,9892.8591,8801.4741,90242.5776,115161.5209,65380.4229,98359.9909,127560.3275
202209,187.1791,252.5953,233.6184,211.0319,219.7747,1311.3299,1384.3472,1449.9476,1441.5513,1349.2472,3439.2377,3411.0663,3450.9953,3404.8495,3671.8006,9090.735,9893.9177,9369.7798,9481.7527,8672.7447,86928.1745,109552.2495,62810.8836,95511.8309,118881.4108
202210,168.6048,230.308,224.3887,189.8504,187.8561,1208.0488,1276.908,1300.13,1317.6903,1171.0904,3185.3129,3100.8597,3163.2087,2991.1428,3223.17,8297.1088,9036.9162,8506.9219,8465.1237,7523.4635,82140.4994,99054.1768,56040.1048,83677.5954,107986.4455
202211,180.5579,245.3096,249.2988,209.1991,204.0802,1323.8048,1422.2423,1428.2337,1454.6353,1323.3949,3469.6076,3446.2036,3509.0258,3368.1739,3561.331,8962.7961,9667.844,9358.4462,9186.9842,8166.3235,89478.7182,104346.0175,64124.257,90359.5147,104286.5104
202212,180.6498,242.358,258.7855,217.9522,201.2609,1349.1517,1429.9425,1476.86,1466.8257,1362.6867,3663.4247,3573.0259,3701.155,3622.8711,3741.0011,9321.4114,10303.9517,9633.6055,9545.2674,8555.014,93287.7629,111476.0771,69494.3431,93138.7565,104540.4738
202301,174.8561,232.9035,254.3268,212.9815,199.9671,1273.9901,1356.9885,1390.242,1405.3576,1254.9354,3484.4349,3282.5287,3512.3394,3438.737,3455.9442,8910.1683,9876.2692,9133.4948,8868.3854,7746.9422,90710.6088,104903.6949,66113.75,83760.5068,84405.7585
202302,187.9455,252.2691,275.9449,244.4357,235.2106,1354.4313,1433.0238,1546.8838,1599.9784,1456.4994,3635.9048,3529.3066,3878.0479,3825.7881,4002.0623,9124.782,10391.876,10216.0158,10049.7249,8895.1736,89187.6194,111208.042,70546.8406,94196.4955,108328.2228
202303,184.3446,249.3147,271.0576,236.677,228.6585,1309.4936,1418.8746,1539.7489,1575.3463,1412.8258,3609.7106,3512.7759,3790.3258,3793.8412,3844.9406,8717.2313,10038.1536,10081.6125,9647.3526,8732.6035,84750.379,106911.0952,68317.2188,94569.5358,120006.2502
202304,169.3038,227.7159,246.2933,217.3347,219.0025,1249.5307,1295.1369,1458.1396,1504.8594,1352.5,3535.5175,3294.7109,3653.1446,3613.6875,3649.1618,8705.5686,10075.4072,9787.2545,9305.8198,8350.8384,86980.1789,112260.1584,67978.3154,102089.798,128405.1167
202305,166.0236,213.6552,242.089,212.2836,215.804,1233.7306,1224.1987,1403.3553,1476.8296,1323.6224,3496.0683,3263.7438,3595.1322,3577.107,3549.4082,8718.0876,9987.7208,9474.2007,9163.7475,8176.0889,89314.1089,114877.4797,68551.4947,103616.7514,118033.0565
202306,163.7159,212.1746,244.1948,212.3249,223.2592,1207.9368,1203.1047,1484.7912,1428.6346,1311.3969,3398.9876,3188.1252,3544.2103,3478.8101,3420.2238,8308.0408,9639.5128,9351.7335,8986.4896,8108.4384,84754.5831,118060.6816,67623.9313,106980.4975,142692.2974
202307,166.5725,221.8886,214.7769,203.098,189.1215,1358.5697,1462.4252,1563.372,1398.5071,1404.8399,3728.49,3706.3074,3788.6011,3714.0359,3584.933,10167.7202,10213.0058,10174.2296,9499.8013,8981.3958,96489.8621,124589.6065,70461.1634,109315.105,153430.464
202308,177.0191,236.2874,237.6641,223.8196,207.135,1434.4575,1561.7951,1645.8195,1507.4685,1518.7786,3922.7639,3870.5708,3993.9034,3932.8891,3886.6495,10557.0996,10619.9442,10506.2945,9862.0103,9621.5511,97582.5056,127934.7964,73463.1251,113504.1239,166313.3972
202309,160.9987,223.6538,235.4032,208.2988,187.3784,1376.4661,1494.1314,1540.3557,1439.913,1404.5147,3669.8073,3697.0148,3789.0993,3777.99,3555.8386,10328.4942,10380.4833,10113.2385,9671.1964,9176.8446,95709.3668,128118.5376,71454.6657,108164.2039,164501.2325
202310,151.4712,216.635,221.1207,196.9121,176.1781,1273.8417,1421.3219,1465.304,1344.1834,1321.8462,3484.2515,3490.9122,3622.0744,3545.9638,3269.6523,9826.704,9982.2654,9555.0435,9041.4521,8450.3381,93481.8097,121834.6585,67992.4345,101445.4549,151871.2079
202311,143.1588,209.108,204.8148,179.9564,158.1439,1224.0919,1339.6475,1361.522,1237.7583,1201.0211,3314.4845,3304.7787,3420.3219,3349.0368,2967.6403,9525.8939,9555.7655,8831.4778,8315.2221,7796.6517,93189.584,120815.1093,65400.7973,98754.0625,136196.4193
202312,156.8116,224.2376,223.3,195.2109,174.7681,1319.227,1442.9488,1486.2047,1381.4006,1290.2123,3531.6601,3555.6004,3757.9764,3735.1434,3351.2158,10044.7581,10329.1094,9526.2696,9200.9086,8967.1069,96110.3288,132009.5129,73106.5708,110863.1972,160001.4038
202401,189.4307,261.9643,252.2206,241.8422,213.4908,1482.8401,1629.7543,1678.2781,1582.7121,1504.3778,3831.41,3914.3156,4261.4554,4307.3392,3889.9168,10617.3658,10972.5222,10421.527,10175.3818,10049.1386,99048.3496,135389.927,78760.5786,116670.8345,168512.5581
202402,181.8931,254.4998,245.6857,236.8364,208.1971,1402.0077,1557.7549,1580.5267,1549.3381,1426.5452,3659.2234,3821.4837,4119.7866,4154.9341,3595.8386,10350.1186,11027.3643,10244.9892,10126.6949,9685.9449,101015.7307,138975.4858,80165.5178,116863.8343,172170.5162
202403,196.5604,257.2004,256.624,253.807,242.6491,1464.0875,1624.4977,1689.2139,1633.3469,1522.4488,3745.983,3950.3169,4210.8178,4427.9374,3845.1064,10493.6359,11597.8434,10773.8448,10979.614,10423.285,103387.8894,144492.6899,84192.6654,123079.2071,206703.3096
202404,208.9936,266.8575,263.8886,268.0704,261.529,1489.5043,1705.6763,1748.2402,1649.0592,1572.9087,3834.8541,4112.2158,4382.5154,4710.7957,4032.7344,10900.8322,12014.6388,11324.3914,11684.3162,11236.6851,106098.5532,149584.8401,88627.3528,122165.941,217616.8766
202405,199.8221,248.7124,244.663,243.1882,236.0649,1389.4364,1598.0815,1648.5179,1551.1797,1456.593,3664.0644,3921.1547,4132.6795,4253.3119,3620.8852,10462.2148,11381.6435,10665.1566,10916.5319,10227.7982,103535.7608,143489.2189,83747.1736,116273.6578,210994.002
202406,210.9608,257.0411,263.6549,258.0836,244.0204,1461.3467,1649.6508,1746.1373,1629.3414,1499.2864,3762.1519,4192.6271,4374.6617,4496.8606,3836.8475,10688.7134,11685.2937,11175.795,11153.6483,10457.5992,106326.2315,149263.4012,85257.1086,124298.811,245920.8291
202407,166.3285,229.4334,229.8653,226.3374,202.2174,1658.5675,1679.4175,1783.874,1607.6066,1581.784,4051.5787,4039.3128,4445.5155,4331.0975,4229.9212,11487.2347,11636.2614,10946.6284,10879.543,11071.062,111374.8421,158399.8827,115363.2361,158040.9094,80864.606
202408,184.8188,264.0853,260.629,260.0701,239.978,1855.9354,1883.1529,1982.287,1743.4145,1767.3981,4356.6056,4391.4458,4799.3708,4689.0452,4542.0543,12157.2942,12338.3662,11634.101,11490.1567,11488.6651,114667.1033,156573.9216,118843.7419,153885.6532,86048.1549
202409,181.1957,262.5213,263.9441,256.8111,233.7988,1827.0036,1894.4301,1972.8858,1688.5434,1722.4867,4477.7152,4351.3075,4751.8736,4587.3427,4362.3608,12703.2032,12398.0235,11798.5009,11469.8821,11530.3681,120721.8537,157473.8408,120668.7474,158110.8856,83125.645
202410,186.6572,260.3966,271.1447,260.3684,239.252,1817.7641,1923.269,1949.3887,1715.4619,1725.4116,4649.4743,4342.797,4743.9311,4652.2288,4598.3774,13054.5049,12537.3264,12103.4362,11722.1939,11840.5206,120518.7877,161386.102,121714.4345,163973.9586,94149.5597
202411,190.7885,260.7771,268.7069,266.1828,240.16,1785.9104,1936.1408,1919.0866,1676.577,1711.5916,4603.937,4322.3621,4591.913,4631.5255,4472.8757,13261.968,12435.311,11937.6736,11583.6181,11662.4746,117387.2954,159588.7782,119888.7673,168734.6642,94812.927
202412,211.1115,296.6859,297.3131,288.1348,270.2315,1976.4259,2166.0677,2147.4215,1929.9497,1933.8823,4965.525,4722.4878,4991.5041,5159.1785,5133.9556,14098.7522,13414.9689,12773.3043,12514.1453,13456.7078,120152.1187,169874.6802,128574.4584,176790.8631,124762.3988
202501,209.4119,290.8295,284.9327,280.7692,256.364,1851.9987,1998.9649,1996.0494,1764.4583,1788.1177,4631.7496,4341.1967,4645.155,4724.3658,4587.2924,13194.8156,12398.2941,11899.2496,11699.8311,12419.0329,112006.9185,168861.4896,125014.5133,176200.9343,132618.4345
202502,206.3486,291.9574,289.1059,291.7301,256.8033,1932.43,2041.1598,2045.5212,1831.7879,1811.8213,4798.8072,4447.8371,4798.8329,5053.107,4844.9803,13631.7923,12929.5827,12462.8957,12179.9909,13497.8462,116541.14,176475.0745,127012.5933,177005.1931,137589.0653
202503,204.3803,286.614,273.9,276.1439,238.5608,1867.7103,1979.3593,1889.7716,1634.0628,1661.8518,4706.234,4330.6404,4496.2889,4820.1017,4430.1711,13630.6891,12700.427,11776.7468,11284.4774,12855.4062,121599.3783,169195.9201,125778.9502,172433.7067,114883.6088
202504,188.7597,267.0577,251.9968,244.5065,220.5185,1824.2241,1861.6289,1747.9204,1482.845,1469.6102,4697.9275,4105.8488,4148.8402,4339.6777,4056.1175,13681.3259,12175.8057,11148.3906,10361.4666,11305.9197,120753.9061,159592.3472,116941.1132,152163.8315,104767.8603
202505,188.4498,259.8575,249.9499,242.7578,219.5226,1804.6167,1865.9167,1650.584,1429.0349,1414.9784,4663.5779,4004.6711,3989.2077,4135.6047,3938.9326,13594.3444,11839.0571,10749.1124,9896.5238,11266.5421,118261.3181,160440.7055,113701.8362,152863.4223,116900.3351
202506,195.7224,273.3422,286.7888,258.4244,254.3554,1857.9376,1919.2626,1769.0056,1585.6838,1490.1326,4713.9449,4104.4437,4232.6097,4454.8826,4135.0128,13768.2743,12307.4292,11483.2423,10614.6617,12374.5135,115235.6321,173250.2823,116993.4952,178833.4741,140655.6406
202507,179.7313,249.1053,270.6483,254.6254,198.4552,1738.4902,1671.9013,1625.2018,1666.1374,1599.3777,4468.9619,4300.7698,4527.9858,4685.5051,4447.3272,12631.0651,12401.1494,12993.0839,11793.0322,11972.2379,102437.4344,174318.8501,173762.0176,116442.9002,309418.7578
202508,181.5927,254.4095,272.9729,255.4248,208.5664,1730.9375,1706.8798,1656.358,1699.8214,1652.1114,4423.1835,4309.7011,4598.485,4814.7376,4715.1992,12428.8027,12333.9657,13274.5737,12247.707,12620.6311,102200.6549,177616.8743,176387.0239,121035.5326,333522.8588
202509,201.8662,277.9388,304.6846,279.1433,249.4193,1881.5565,1845.4502,1841.3471,1857.8311,1779.5151,4586.1992,4507.289,4907.0684,5177.1767,5058.7395,12522.7983,12760.9531,13576.1667,12938.7555,13155.7132,105254.0063,179634.575,184357.1239,121409.3041,327849.9299
202510,215.7272,286.8732,309.2594,300.3129,273.4576,1900.5919,1814.0855,1836.1102,1911.1997,1839.3448,4574.0812,4474.9989,4819.5854,5188.8832,5460.2242,12663.4293,12742.1431,13672.3404,13093.4423,12831.9471,106837.1492,184413.8693,188533.4923,128298.4284,363368.772
202511,217.8375,281.8293,316.4353,293.9754,284.9908,1886.1585,1803.5141,1836.7805,1906.4245,2043.6747,4417.8478,4383.8001,4697.8845,5182.9996,5797.3555,12331.4007,12753.1627,13836.3352,12989.5387,13352.9933,105368.1071,187550.4669,196259.6508,133119.4059,380257.4582
202512,226.6525,296.174,330.3262,294.2516,292.2441,1942.5639,1807.2985,1877.2479,1970.0458,2109.3187,4626.3976,4468.9445,4874.3906,5379.148,5674.9385,12776.452,12868.0553,13939.3058,13264.2349,13386.8555,111406.7513,191442.6873,195378.7023,132103.0558,345323.867
202601,231.2269,311.4782,331.3377,300.1176,293.989,1935.2342,1866.1376,1948.2873,1974.1446,2121.8224,4591.922,4426.6574,4857.8961,5421.5151,5553.6876,12447.3943,12817.0036,14019.5918,13468.6219,14190.208,111005.9773,187941.8225,194962.4458,131169.8143,366006.0463
202602,243.0193,328.0421,363.1917,307.3325,301.4674,2100.5625,1994.275,2080.8671,2127.0074,2181.5424,4661.9732,4631.5937,5071.987,5707.9859,6047.6152,12865.4839,13454.9701,14340.3541,14345.8086,14521.951,116431.8085,185240.2827,194364.1695,131892.0397,371256.8196
202603,254.8978,337.0439,369.3483,317.9366,302.8852,2131.3681,2033.4999,2128.4972,2137.6604,2206.2704,4747.0547,4706.7115,5162.799,6027.9782,6067.9616,13177.0562,13522.5792,15555.3517,14741.9556,14508.0677,124002.5156,178473.1799,190797.6668,127894.8953,346175.1616
202604,252.33,342.7874,364.2437,298.6402,308.3193,2129.5496,1988.833,2019.7074,2108.2051,2091.9889,4623.6673,4473.8479,4954.9746,5590.4489,5584.5941,12644.8913,12924.316,14583.7471,13774.2207,13586.1662,119069.8783,167498.9463,181880.8799,120309.1018,331756.113
202605,265.9735,372.8321,383.3903,331.5634,352.5593,2233.7734,2225.7595,2234.1767,2375.903,2453.2045,4795.4576,4888.7463,5234.3127,6290.4104,6892.3354,12758.1879,13148.6405,15890.6052,15577.5881,15318.6817,118382.0438,186825.1904,204865.2087,140787.8174,375604.8571
