Date,SMALL LoINV,ME1 INV2,SMALL HiINV,BIG LoINV,ME2 INV2,BIG HiINV
19630701,20.2,23.1,21.48,542.36,819.25,656.85
19630702,20.03,22.99,21.28,539.01,814.38,651.23
19630703,20.14,23.13,21.39,541.99,821.5,657.46
19630705,20.2,23.21,21.54,544.54,827.11,662.2
19630708,20.28,23.3,21.69,545.32,831.03,665.98
19630709,20.18,23.2,21.54,542.08,826.22,661.14
19630710,20.26,23.28,21.66,545.44,828.89,664.92
19630711,20.23,23.29,21.7,544.79,827.09,663.38
19630712,20.19,23.3,21.73,545.38,826.19,660.83
19630715,20.13,23.26,21.77,546.4,825.59,658.5
19630716,20.04,23.08,21.68,542.69,820.42,654.33
19630717,20.02,23.06,21.61,540.53,820.35,654.59
19630718,19.96,23.01,21.49,538.33,818.49,652.18
19630719,19.91,22.95,21.41,536.29,814.92,646.28
19630722,19.84,22.87,21.34,533.12,814.1,645.87
19630723,19.66,22.72,21.14,528.18,809.09,641.58
19630724,19.65,22.71,21.13,528.18,809.74,642.41
19630725,19.73,22.76,21.25,529.72,813.53,647.05
19630726,19.79,22.79,21.24,529.01,813.66,646.35
19630729,19.86,22.87,21.27,529.82,816.59,650.26
19630730,19.87,22.87,21.27,529.78,817.75,651.71
19630731,20,22.93,21.43,533.71,823.13,661.45
19630801,19.97,22.95,21.43,535.11,822.51,657.68
19630802,19.91,22.89,21.4,535.05,821.79,656.92
19630805,19.93,22.97,21.48,537.46,824.83,657.67
19630806,19.97,22.99,21.55,542.64,828.26,661.97
19630807,20,23.12,21.64,545.69,833.84,664.68
19630808,20,23.04,21.59,543.93,832.09,662
19630809,20,23.07,21.67,544.39,833.23,664.35
19630812,20.09,23.18,21.82,547.76,838.26,669.11
19630813,20.23,23.24,21.9,549.99,839.67,668.29
19630814,20.24,23.23,21.89,550.99,841.54,671.02
19630815,20.34,23.26,21.94,553.31,843.37,674.89
19630816,20.39,23.31,21.96,555.38,846.96,678.77
19630819,20.39,23.33,22.05,556.33,848.28,679.78
19630820,20.37,23.33,22,555.14,848.29,679.83
19630821,20.33,23.35,21.96,555.29,847.87,678.7
19630822,20.39,23.38,22,554.32,846.34,677.7
19630823,20.48,23.44,22.19,557.42,847.41,683.12
19630826,20.55,23.56,22.27,559.64,850.37,686.03
19630827,20.55,23.59,22.32,560.14,851.84,688.04
19630828,20.46,23.49,22.19,556.64,847.94,683.46
19630829,20.65,23.72,22.35,561.24,853.36,688.52
19630830,20.74,23.74,22.43,563.09,854.74,689.95
19630903,20.83,23.89,22.54,564.75,858.63,694.68
19630904,20.94,23.95,22.57,566.77,859.57,697.68
19630905,20.96,23.97,22.6,567.39,858.17,698.89
19630906,21.05,24.08,22.67,569.86,862.6,702.49
19630909,20.97,24.03,22.54,568.72,859.39,702.86
19630910,20.88,23.87,22.4,567.42,856.31,700.81
19630911,21.02,23.86,22.52,570.15,859.04,708.59
19630912,21.12,23.86,22.47,571.93,861.2,710.76
19630913,21.08,23.82,22.49,570.09,861.75,708.43
19630916,21.19,23.87,22.56,570.71,861.15,708.87
19630917,21.14,23.93,22.61,568.61,859.95,708.98
19630918,21.12,23.91,22.53,568.7,860.24,709.86
19630919,21.02,23.85,22.43,564.71,858.39,704.99
19630920,21.1,23.83,22.52,568.65,862.62,710.16
19630923,21.08,23.8,22.55,568.54,861.53,713.54
19630924,20.94,23.68,22.37,566.21,858.1,709.38
19630925,20.98,23.68,22.37,567.45,862.83,711.28
19630926,20.8,23.49,22.18,564.21,859.1,705.15
19630927,20.69,23.39,22.08,560.53,853.14,695.99
19630930,20.68,23.4,22.14,560.4,851.04,694.83
19631001,20.56,23.32,21.98,557.23,845.44,691
19631002,20.68,23.44,22.04,558.49,852.38,696.32
19631003,20.66,23.46,22.03,559.16,852.7,698.81
19631004,20.82,23.55,22.19,565.87,856.21,705.37
19631007,20.86,23.54,22.19,566.47,856.47,704.96
19631008,20.89,23.55,22.16,565.16,853.16,705.75
19631009,20.89,23.56,22.22,564.16,851.39,705.75
19631010,20.79,23.48,22.02,560.19,846.6,701
19631011,20.8,23.5,22.05,560.74,846.95,702.37
19631014,20.89,23.56,22.22,562.67,847.45,702.96
19631015,20.89,23.55,22.27,562.38,848.13,703.96
19631016,20.86,23.56,22.22,563.18,849.69,705.23
19631017,21.03,23.61,22.39,566.03,857.22,714.98
19631018,21.07,23.69,22.44,567.59,857.42,717.35
19631021,21.12,23.67,22.48,568.15,857.65,718.69
19631022,21.04,23.61,22.45,570.62,857.76,718.84
19631023,20.93,23.56,22.36,564.66,854.19,715.49
19631024,20.9,23.53,22.39,565.33,854.4,715.95
19631025,20.97,23.63,22.48,568.17,856.09,721.03
19631028,21.07,23.66,22.62,570.39,861.98,736.51
19631029,20.96,23.66,22.52,571.47,865.91,743.61
19631030,20.95,23.61,22.38,572.92,863.73,745.69
19631031,20.88,23.53,22.24,569.51,857.48,735.53
19631101,20.93,23.46,22.34,568.28,859.71,739.78
19631104,20.97,23.53,22.28,565.85,858.86,736.94
19631106,20.88,23.55,22.14,563.43,857.08,728.53
19631107,20.79,23.44,21.97,561.21,848.84,721.43
19631108,20.88,23.5,22.06,560.94,852.52,724.57
19631111,20.96,23.65,22.24,564.48,857.7,723.13
19631112,21.04,23.75,22.34,565.52,859.03,725.01
19631113,20.95,23.63,22.34,563.09,855.27,721.87
19631114,20.96,23.61,22.4,563.1,856.47,722.03
19631115,20.92,23.53,22.3,562.48,852.53,717.69
19631118,20.87,23.45,22.14,559.99,846.21,708.87
19631119,20.71,23.3,21.99,556.8,838.84,704.66
19631120,20.67,23.23,21.97,558.08,839.48,705.41
19631121,20.68,23.11,21.85,561.36,851.45,706
19631122,20.4,22.86,21.47,552.53,842.44,693.72
19631126,19.68,22.27,20.49,536.24,818.66,672.82
19631127,20.27,22.73,21.31,559.62,847.64,703.34
19631129,20.33,22.74,21.34,558.44,844.97,704.08
19631202,20.69,23.18,21.63,551.62,856.95,713.74
19631203,20.69,23.22,21.7,553.78,861.99,719.08
19631204,20.62,23.15,21.67,554.93,861.37,717.37
19631205,20.75,23.18,21.76,556.63,863.7,718.76
19631206,20.72,23.17,21.74,562.55,869.2,721.25
19631209,20.7,23.1,21.73,560.18,867.02,717.57
19631210,20.63,23.15,21.69,557.4,866.51,718.13
19631211,20.65,23.17,21.63,557.96,866.98,718.7
19631212,20.57,23.15,21.62,556.62,866.43,715.93
19631213,20.59,23.12,21.53,556.78,867.04,714.74
19631216,20.62,23.18,21.53,557.44,868.02,716.42
19631217,20.57,23.09,21.53,558.77,870.47,719.31
19631218,20.5,23.09,21.56,561.61,872.15,729.06
19631219,20.46,23.06,21.49,563.19,871.84,722.75
19631220,20.39,22.95,21.35,560.69,871.13,717.89
19631223,20.32,22.86,21.25,561.64,870.53,713.88
19631224,20.22,22.78,21.2,559.59,865.17,708.27
19631226,20.29,22.84,21.35,559.31,865.51,714.34
19631227,20.43,22.94,21.5,562.81,868.85,718.02
19631230,20.48,22.97,21.58,562.82,870.79,718.56
19631231,20.39,22.96,21.53,561.44,872.76,720.81
19640102,20.68,23.57,22.26,564.79,875.8,732.9
19640103,21.04,23.89,22.54,569.71,877.06,742.07
19640106,21.15,24.02,22.6,571.91,879.62,740.37
19640107,21.23,24.1,22.69,574.99,882.94,738.24
19640108,21.38,24.21,22.65,577.92,883.91,734.63
19640109,21.5,24.28,22.72,579.41,886.54,738.99
19640110,21.48,24.28,22.78,578.51,887.42,747.83
19640113,21.47,24.26,22.76,577.42,887.72,746.4
19640114,21.58,24.29,22.75,578.21,886.22,745.67
19640115,21.69,24.32,22.7,581.08,886.1,748.71
19640116,21.71,24.28,22.77,581.85,887.38,753.69
19640117,21.68,24.32,22.86,581.88,888.1,749.24
19640120,21.65,24.44,22.84,581.38,888.5,748.27
19640121,21.61,24.32,22.82,576.75,889.08,745.42
19640122,21.56,24.31,22.81,580.32,892.58,745.64
19640123,21.64,24.43,22.83,582.79,896.3,751.09
19640124,21.66,24.44,22.89,583.82,897.46,750.97
19640127,21.73,24.53,22.97,581.9,897.87,751.87
19640128,21.64,24.46,22.73,581.26,899.12,749.34
19640129,21.59,24.41,22.68,581.91,900.48,747.26
19640130,21.44,24.29,22.58,579.74,894.92,742.71
19640131,21.48,24.26,22.56,578.99,894.74,745.66
19640203,21.58,24.25,22.55,579.71,905.54,752.95
19640204,21.59,24.27,22.58,580.1,906.75,750
19640205,21.52,24.18,22.44,579.66,905.93,747.51
19640206,21.5,24.25,22.38,580.92,903.48,745.24
19640207,21.57,24.33,22.44,582.65,904.44,748.74
19640210,21.68,24.4,22.54,587.23,907.66,748.73
19640211,21.67,24.37,22.51,584.87,906.82,748.14
19640212,21.78,24.4,22.5,587.13,910.05,750.26
19640213,21.88,24.46,22.57,587.28,913.59,752.73
19640214,21.86,24.48,22.62,587.19,913.66,755.49
19640217,21.84,24.49,22.63,587.1,911.86,756.94
19640218,21.92,24.59,22.62,586.67,912.85,756.04
19640219,21.9,24.6,22.52,586.93,912.72,757.22
19640220,21.89,24.65,22.54,586.47,912.96,759.76
19640224,21.97,24.72,22.56,588.28,912.76,761.1
19640225,21.98,24.78,22.59,589.44,913.38,762.32
19640226,21.91,24.76,22.64,589.24,912.71,762.26
19640227,22.07,24.81,22.79,590.83,914.59,765.56
19640228,22,24.8,22.81,590.94,912.69,760.38
19640302,22.05,24.67,22.87,590.93,919.6,762.95
19640303,22.13,24.73,22.87,592.58,920.94,765.31
19640304,22.15,24.68,22.82,595.45,923.46,767.69
19640305,22.13,24.64,22.79,594.49,920.88,766.19
19640306,22.17,24.68,22.87,593.52,920.29,766.54
19640309,22.34,24.83,22.97,596.01,921.75,771.28
19640310,22.38,24.86,22.99,597.1,920.54,773.31
19640311,22.42,24.9,22.9,598.36,922.85,777.51
19640312,22.52,24.95,22.89,601.92,926.68,781.33
19640313,22.57,24.98,22.92,602.85,928.1,783.9
19640316,22.65,25.03,22.98,605.49,928.43,783.66
19640317,22.6,25.12,22.99,604.74,930.44,782.42
19640318,22.69,25.15,23.06,605.44,932.07,784.01
19640319,22.78,25.24,23.12,607.75,933.6,782.68
19640320,22.78,25.27,23.12,607.5,933.01,781.27
19640323,22.81,25.14,23.13,606.29,928.3,777.04
19640324,22.9,25.19,23.21,606.49,928.79,777
19640325,22.92,25.21,23.2,607.69,926.37,775.12
19640326,23.09,25.37,23.31,610.79,926.32,779.04
19640330,23.28,25.44,23.41,614.33,927.33,781.18
19640331,23.32,25.44,23.35,615.22,927.03,778.33
19640401,23.48,25.52,23.37,614.53,926.46,774.5
19640402,23.66,25.73,23.5,616.05,929.77,777.26
19640403,23.82,25.91,23.55,620.7,934.6,781.8
19640406,23.88,25.95,23.61,621.96,936.14,785.19
19640407,23.96,26.03,23.66,622.64,935.89,787.03
19640408,23.85,25.96,23.65,617.46,934.98,781.84
19640409,23.94,26.04,23.78,618.12,935.25,781.35
19640410,23.99,26.02,23.82,619.85,933.71,783.06
19640413,24.07,26.07,23.85,620.39,933.66,787.65
19640414,24,26.09,23.79,620.7,934.17,784.38
19640415,23.98,26.09,23.82,620.82,937.93,785.38
19640416,23.99,26.04,23.78,621.78,940.33,785.31
19640417,24,25.98,23.8,621.4,942.46,784.81
19640420,24.09,26.1,23.82,621.95,947.83,787.24
19640421,24.02,26.06,23.72,619.85,948.57,786.17
19640422,23.87,26.06,23.71,620.31,947.17,788.75
19640423,23.83,25.94,23.68,618.25,947.16,789.49
19640424,23.66,25.88,23.52,618.32,945.02,788.97
19640427,23.4,25.7,23.27,612.39,937.87,784.35
19640428,23.32,25.56,23.11,607.74,933.6,780.3
19640429,23.52,25.64,23.25,610.51,939.71,787.11
19640430,23.29,25.51,23.14,604.9,938.64,782.66
19640501,23.24,25.54,22.99,603.07,936.35,781.84
19640504,23.48,25.64,23.18,607.35,940.92,794.39
19640505,23.58,25.82,23.37,611.3,944.61,797.34
19640506,23.55,25.89,23.36,611.18,948.18,805.31
19640507,23.61,25.92,23.33,612.8,950.59,805.56
19640508,23.73,25.91,23.3,616.68,950.5,805.09
19640511,23.74,25.83,23.25,614.73,948.98,803.78
19640512,23.77,25.84,23.27,614.43,948.13,802.18
19640513,23.85,25.83,23.23,615.26,950.27,807.83
19640514,23.78,25.76,23.13,612.12,948.66,806.33
19640515,23.83,25.77,23.15,610.66,947.83,804.89
19640518,23.8,25.76,23.15,612.97,949.09,805.58
19640519,23.73,25.68,23.01,608.7,946.27,803.18
19640520,23.75,25.61,22.96,607.16,942.78,796.11
19640521,23.83,25.72,22.97,606.95,945.65,802.49
19640522,23.76,25.76,22.91,605.34,946.02,804.79
19640525,23.84,25.82,22.98,603.85,947.68,804.65
19640526,23.85,25.7,22.95,602.37,945.59,803.51
19640527,23.88,25.64,22.91,599.98,943.07,803.22
19640528,23.77,25.56,22.83,601.24,941.25,800.79
19640601,23.86,25.61,22.89,604.81,941,802.83
19640602,23.76,25.57,22.77,602.2,938.78,798.82
19640603,23.58,25.38,22.61,599.18,934.06,794.61
19640604,23.52,25.38,22.47,598.02,932.36,791.45
19640605,23.25,25.13,22.19,592.36,924.11,781.44
19640608,23.37,25.16,22.28,595.57,927.33,785.89
19640609,23.19,25.08,22.18,592.31,924.5,780.5
19640610,23.4,25.11,22.25,595.97,928.05,788.01
19640611,23.46,25.23,22.31,598.36,931.02,792.15
19640612,23.44,25.27,22.44,599.77,933.7,796.35
19640615,23.48,25.26,22.47,598.39,931.27,795.37
19640616,23.6,25.4,22.62,600.49,935.75,800.38
19640617,23.76,25.59,22.71,603.65,938.95,807.39
19640618,23.85,25.68,22.84,605.74,945.02,810.33
19640619,23.87,25.73,22.81,605.68,945.23,809.68
19640622,23.95,25.75,22.85,606.36,946.01,811.91
19640623,24.01,25.75,22.91,607.34,948.52,814.47
19640624,24.01,25.77,22.9,604.89,946.11,807.67
19640625,24.13,25.82,23.01,606.51,950.44,809.31
19640626,24.18,25.87,23,606.04,955.35,806.21
19640629,24.29,26.06,23.11,607.35,957.92,808.52
19640630,24.31,26.04,23.09,607.25,961.76,807.8
19640701,19,27.96,22.69,508.53,1059.6,644.72
19640702,19.1,28.07,22.85,511.68,1065.83,649.21
19640706,19.16,28.16,22.95,512.14,1070.5,652.43
19640707,19.21,28.23,23.01,512.73,1076.06,656.01
19640708,19.21,28.28,22.96,513.7,1078.03,656.99
19640709,19.25,28.33,22.96,515.2,1076.87,658.44
19640710,19.36,28.45,23.05,517.52,1077.59,658.5
19640713,19.43,28.51,23.12,519.75,1079.36,658.57
19640714,19.39,28.51,23.15,520.12,1077.89,658.79
19640715,19.41,28.5,23.12,519.04,1075.11,655.17
19640716,19.45,28.61,23.22,521.18,1079.06,658.06
19640717,19.5,28.62,23.25,522.3,1083.94,658.51
19640720,19.53,28.64,23.36,525.52,1089.35,660.2
19640721,19.49,28.64,23.31,524.67,1085.17,657.7
19640722,19.45,28.65,23.27,523.29,1083.17,656.94
19640723,19.52,28.63,23.26,524.74,1083.03,656.95
19640724,19.54,28.66,23.27,525.43,1081.82,657.29
19640727,19.56,28.69,23.28,524.24,1083.94,653.84
19640728,19.44,28.6,23.12,522.22,1079.29,649.22
19640729,19.42,28.56,23.09,520.55,1077.21,646.76
19640730,19.42,28.6,23.12,522.2,1077.48,648.31
19640731,19.42,28.6,23.11,522.25,1080.8,647.54
19640803,19.52,28.68,23.09,523.75,1081.46,646.45
19640804,19.41,28.62,22.95,522.88,1078.35,645.23
19640805,19.2,28.22,22.64,518.54,1066.17,634.64
19640806,19.2,28.18,22.59,518.09,1067.1,638.66
19640807,19.11,28.04,22.44,513.95,1056.56,633.33
19640810,19.21,28.16,22.57,516.69,1062.95,637.64
19640811,19.24,28.11,22.6,518.01,1061.07,639.07
19640812,19.21,28.17,22.67,517.77,1060.8,638.42
19640813,19.28,28.31,22.92,520.67,1065.78,641.76
19640814,19.34,28.44,23,521.44,1068.05,645.22
19640817,19.35,28.45,23.03,522.05,1067.53,641.83
19640818,19.32,28.43,23.01,521.36,1068.07,642.14
19640819,19.33,28.46,23.02,522.8,1068.59,641.33
19640820,19.3,28.49,22.99,521.8,1069.15,638.59
19640821,19.21,28.35,22.87,519.54,1065.47,633.54
19640824,19.25,28.46,22.91,520.85,1066.24,635.66
19640825,19.24,28.49,22.92,519.75,1064.29,633.96
19640826,19.11,28.41,22.8,516.93,1060.27,628.45
19640827,19.08,28.37,22.75,514.74,1059.3,627.04
19640828,19.12,28.45,22.83,517.88,1063.44,630.27
19640831,19.18,28.51,22.91,518.78,1066.34,634.74
19640901,19.19,28.56,22.91,518.75,1064.73,633.07
19640902,19.23,28.72,23.01,522.76,1068.49,636.28
19640903,19.29,28.84,23.15,523.04,1070,637.9
19640904,19.33,28.83,23.15,524.42,1073.2,639.68
19640908,19.4,28.83,23.19,525.54,1074.97,641.4
19640909,19.44,28.88,23.22,526.27,1076.7,641.91
19640910,19.47,28.97,23.24,527.85,1079.13,642.62
19640911,19.49,29,23.23,529.57,1078.78,644.12
19640914,19.54,29.09,23.27,534.34,1082.08,644.43
19640915,19.49,29.08,23.21,533.21,1080.96,639.9
19640916,19.45,28.99,23.18,531.07,1077.85,640.08
19640917,19.51,29.05,23.23,530.57,1080.23,645.21
19640918,19.61,29.12,23.28,533.82,1086.21,650.77
19640921,19.56,29.09,23.2,532.32,1083.1,647.13
19640922,19.64,29.24,23.32,535,1086.79,651.02
19640923,19.62,29.32,23.37,535.65,1087.6,650.4
19640924,19.66,29.39,23.33,535.21,1087.3,651.78
19640925,19.68,29.35,23.4,536.1,1089.29,651.72
19640928,19.76,29.38,23.46,535.79,1090.93,655.2
19640929,19.78,29.43,23.48,535.94,1091.63,656.06
19640930,19.81,29.35,23.49,537.6,1089.88,657.21
19641001,19.85,29.36,23.44,537.06,1090.29,655.38
19641002,19.84,29.29,23.46,535.86,1088.6,655.15
19641005,19.85,29.27,23.47,535.69,1093.04,656.3
19641006,19.93,29.36,23.54,538.9,1098.07,658.43
19641007,19.94,29.37,23.48,539.27,1099.61,655.94
19641008,19.94,29.35,23.48,539.8,1098.49,656.29
19641009,20,29.41,23.55,538.93,1100.71,660.71
19641012,20.06,29.52,23.62,539.88,1101.8,662.75
19641013,20.13,29.61,23.72,541.14,1102.65,662.39
19641014,20.1,29.63,23.67,540.86,1100.16,658.39
19641015,20.1,29.57,23.66,541.3,1098.22,656.03
19641016,19.87,29.3,23.31,537.46,1091.78,651.16
19641019,20.13,29.64,23.55,541.82,1097.7,657.32
19641020,20.22,29.81,23.66,543.7,1099,656.72
19641021,20.26,29.89,23.77,545.88,1101.42,658.28
19641022,20.27,29.83,23.78,546.54,1100.48,657.46
19641023,20.28,29.81,23.76,544.48,1099.64,656.43
19641026,20.26,29.86,23.85,545.16,1102.97,656.85
19641027,20.29,29.91,23.84,544.2,1101.53,653.75
19641028,20.3,29.92,23.8,542.26,1101.32,654.85
19641029,20.19,29.77,23.63,539.12,1098.25,652.69
19641030,20.2,29.74,23.67,538.75,1099.29,653.23
19641102,20.31,29.81,23.81,539.08,1101.41,654.58
19641104,20.34,29.85,23.9,540.43,1106.83,656.85
19641105,20.3,29.84,23.83,539.53,1106.93,655.48
19641106,20.23,29.71,23.83,537.56,1108.29,655.88
19641109,20.16,29.69,23.83,537.49,1108.66,658.41
19641110,20.1,29.59,23.76,537.01,1109.11,657.97
19641111,20.04,29.48,23.62,536.14,1103.13,656.76
19641112,20.14,29.53,23.73,537.53,1104.81,660.53
19641113,20.25,29.69,23.81,539,1106.27,661.48
19641116,20.32,29.74,23.88,540.75,1105.61,664.16
19641117,20.3,29.87,24,544.3,1110.67,667.88
19641118,20.36,29.88,24.01,546.46,1115.73,670.97
19641119,20.37,29.87,24.04,551.77,1116.66,671.9
19641120,20.37,29.86,24.03,548.44,1118.31,671.91
19641123,20.4,29.84,24.09,547.6,1119.48,673.7
19641124,20.37,29.85,24.05,545.44,1116.55,671.87
19641125,20.3,29.79,23.99,543.43,1114.43,668.04
19641127,20.29,29.79,24.09,542.8,1110.85,665.4
19641130,20.28,29.75,24.08,542.93,1106.55,663.59
19641201,20.1,29.54,23.84,523.51,1097.43,655.03
19641202,19.92,29.25,23.58,518.24,1086.53,647.23
19641203,19.91,29.29,23.6,517.79,1090.44,650.99
19641204,20.03,29.37,23.65,519.38,1094.42,654.55
19641207,20.02,29.46,23.68,518.96,1097.04,656.21
19641208,19.99,29.51,23.66,520.56,1096.54,655.46
19641209,19.83,29.33,23.53,518.43,1094.23,651.85
19641210,19.59,29.09,23.3,514.25,1086.63,649.03
19641211,19.58,29.05,23.25,514.05,1085.97,649.44
19641214,19.65,29.15,23.34,514.49,1088.76,650.68
19641215,19.61,29.03,23.34,512.83,1086.88,647.33
19641216,19.49,28.92,23.22,510.41,1084.04,646.07
19641217,19.55,29.01,23.38,512.06,1088.71,649.27
19641218,19.62,29.1,23.52,513.77,1091.73,654.1
19641221,19.73,29.2,23.66,515.57,1096.2,659.23
19641222,19.78,29.24,23.65,516.13,1097.37,659.34
19641223,19.69,29.18,23.7,516.5,1096.73,659.55
19641224,19.58,29.13,23.7,514.64,1095.55,657.93
19641228,19.61,29.26,23.79,516.02,1093.98,659.17
19641229,19.6,29.21,23.75,516.08,1093.23,657.06
19641230,19.49,29.12,23.63,514.07,1090.7,654.45
19641231,19.58,29.25,23.73,516.39,1098.69,656.91
19650104,19.55,29.42,24.65,522.19,1116.86,666.77
19650105,19.63,29.41,24.69,521.56,1109.94,663.41
19650106,19.89,29.7,24.85,524.87,1115.68,664.77
19650107,19.98,29.86,25.05,527.45,1117.91,667.4
19650108,20.08,29.93,25.2,527.64,1122.58,672.01
19650111,20.12,30,25.3,527.8,1123.23,676.38
19650112,20.18,30.07,25.34,528.6,1123.99,676.12
19650113,20.32,30.14,25.46,529.8,1126.49,678.85
19650114,20.45,30.26,25.56,531.98,1128.46,682.09
19650115,20.44,30.3,25.6,531.71,1128.54,682.14
19650118,20.52,30.38,25.69,534.08,1132.6,685.54
19650119,20.58,30.48,25.73,536.76,1134.64,689.47
19650120,20.51,30.54,25.74,536.29,1137.28,690.68
19650121,20.47,30.54,25.71,537.18,1137,689.98
19650122,20.5,30.5,25.73,537.69,1135.02,690.16
19650125,20.54,30.65,25.82,539.67,1136.9,692.38
19650126,20.72,30.75,25.92,540.4,1137.89,694.74
19650127,20.72,30.8,25.94,540.57,1139.69,695.25
19650128,20.77,30.94,26,541.82,1143.1,697.68
19650129,20.81,31,26.08,544.52,1144.88,699.93
19650201,20.91,31.2,26.2,545.99,1145.62,702.13
19650202,20.94,31.29,26.2,547.21,1146.78,700.39
19650203,20.93,31.33,26.22,547.2,1146.35,700.92
19650204,20.94,31.4,26.35,547.86,1147.25,701.88
19650205,20.96,31.45,26.44,549.76,1145.28,702.4
19650208,20.96,31.45,26.48,548.57,1141.76,700.45
19650209,20.92,31.43,26.36,546.58,1137.53,698.09
19650210,21.07,31.54,26.5,548.74,1139.2,702.45
19650211,20.9,31.26,26.25,544.67,1129.93,695.99
19650212,20.78,30.96,26.05,541.07,1116.38,690.49
19650215,20.98,31.25,26.4,544.77,1124.19,694.71
19650216,21.07,31.34,26.44,544.44,1124.08,692.03
19650217,21.11,31.3,26.4,541.44,1119.97,689.14
19650218,21.15,31.42,26.55,541.46,1120.77,692.39
19650219,21.3,31.6,26.68,541.46,1122.95,698.64
19650223,21.44,31.71,26.81,542.19,1124.33,701.11
19650224,21.57,31.91,27.01,544.4,1129.31,705.32
19650225,21.63,32.09,27.19,547.14,1135.99,709.81
19650226,21.64,32.13,27.2,547.35,1135.95,712.16
19650301,21.65,32.13,27.31,548.4,1140.31,712.96
19650302,21.75,32.15,27.35,546.86,1137.73,712.11
19650303,21.91,32.25,27.38,548.32,1139.44,713.36
19650304,22.05,32.25,27.45,549.32,1137.24,713.83
19650305,22.01,32.22,27.38,548.94,1134.81,708.64
19650308,21.94,32.18,27.32,548.73,1131.67,707.93
19650309,21.99,32.32,27.48,549,1130.53,709.8
19650310,21.89,32.26,27.37,546.62,1128.41,710.64
19650311,21.89,32.3,27.39,544.98,1126.97,710.67
19650312,22,32.37,27.54,545.81,1131.08,715.98
19650315,22.12,32.49,27.56,547.63,1134.82,718.16
19650316,22.13,32.53,27.63,547.75,1135.65,719.48
19650317,22.08,32.55,27.57,547.57,1135.45,716.35
19650318,22.04,32.61,27.52,547.26,1134.41,714.02
19650319,22.01,32.55,27.53,544.63,1131.65,712.96
19650322,21.99,32.51,27.55,544.65,1131.96,712.52
19650323,22.01,32.53,27.58,544.43,1132.23,711.47
19650324,22.08,32.52,27.56,544.72,1131.94,713.19
19650325,22.14,32.61,27.63,546.25,1134.33,713.8
19650326,22.13,32.66,27.55,545.45,1131.03,710.67
19650329,21.98,32.45,27.34,542.77,1124.36,702.1
19650330,21.81,32.33,27.16,541.19,1122.24,701.53
19650331,21.9,32.4,27.25,541.46,1123.64,704.59
19650401,22.02,32.44,27.36,542.38,1122.48,704.86
19650402,22.09,32.41,27.46,542.29,1124.52,707.29
19650405,22.18,32.56,27.53,543.68,1126.8,709.45
19650406,22.18,32.59,27.49,543.14,1127.99,708.53
19650407,22.16,32.59,27.47,543.53,1127.31,708.35
19650408,22.12,32.68,27.57,544.23,1127.43,709.49
19650409,22.3,32.95,27.78,545.98,1134.3,712.95
19650412,22.51,33.1,27.98,547.59,1140.32,720.03
19650413,22.58,33.23,28.15,550.78,1145.77,722.74
19650414,22.67,33.25,28.24,551.89,1146.94,723.91
19650415,22.7,33.4,28.32,552.93,1149.81,724.58
19650419,22.74,33.52,28.46,552.74,1147.56,725.79
19650420,22.76,33.65,28.61,552.96,1151.72,731.79
19650421,22.75,33.67,28.67,552.57,1151.03,731.88
19650422,22.75,33.52,28.6,551.67,1148.92,729.04
19650423,22.81,33.65,28.69,554.25,1154.06,734.01
19650426,22.82,33.81,28.8,554.47,1155.4,736.05
19650427,22.83,33.93,28.84,554.61,1155.03,736.64
19650428,22.82,34.04,28.86,555,1156.79,738.2
19650429,22.79,33.99,28.74,554.81,1155.63,739.36
19650430,22.83,34,28.77,554.44,1155.34,737.8
19650503,22.82,34.09,28.78,554.79,1156.83,743.1
19650504,22.82,34.01,28.69,554.35,1158.9,744.14
19650505,22.86,33.98,28.72,555.56,1160.38,749.08
19650506,22.83,34.03,28.71,557.68,1163.3,749.08
19650507,22.87,34.15,28.83,560.52,1165.72,750.94
19650510,22.82,34.2,28.82,559.89,1164.79,750.64
19650511,22.83,34.26,28.83,560.45,1161.98,748.31
19650512,22.76,34.22,28.75,559.82,1160.64,747.8
19650513,22.93,34.28,28.83,562.06,1165.76,750.44
19650514,23.08,34.38,29.06,564.78,1169.84,752.11
19650517,23.1,34.43,29.17,566.94,1166.62,749.73
19650518,23.03,34.41,29.12,562.49,1161.02,744.5
19650519,23.08,34.37,29.14,563.56,1159.17,743.63
19650520,23.2,34.41,29.25,562.91,1162.69,744.44
19650521,23.05,34.15,29.04,559.32,1158,739.42
19650524,22.99,34.06,28.93,555.96,1152.93,736.25
19650525,22.84,33.83,28.74,550.73,1145.03,730.61
19650526,22.97,34,28.94,554.09,1149.35,739
19650527,22.86,33.85,28.72,552.64,1145.93,736.12
19650528,22.69,33.68,28.51,551.3,1140.18,729.48
19650601,22.81,33.78,28.71,553.16,1145.84,739.2
19650602,22.63,33.58,28.44,548.18,1139.53,731.48
19650603,22.38,33.11,28.1,545.36,1130.26,727.28
19650604,22.34,33.03,27.93,542.49,1129.03,725.41
19650607,22.42,33.12,28.04,542.68,1131.99,727.36
19650608,22.27,32.96,27.83,542.63,1127.67,725.49
19650609,22.02,32.52,27.38,536.45,1116.88,716.31
19650610,21.76,32.19,26.98,530.69,1105.54,707.99
19650611,21.47,31.85,26.71,527.21,1104.37,702.02
19650614,21.55,31.94,26.82,531.27,1108.64,704.6
19650615,20.99,31.3,26.21,524.65,1095.27,694.29
19650616,21.09,31.41,26.41,526.62,1098.92,700.86
19650617,21.45,31.87,26.87,528.75,1110.78,705.68
19650618,21.64,32.08,27.06,529.54,1118.54,710.51
19650621,21.49,31.95,26.91,527.54,1112.8,708.35
19650622,21.37,31.81,26.72,525.6,1109.62,705.39
19650623,21.4,31.88,26.79,525.07,1112.87,706.32
19650624,21.21,31.72,26.6,522.25,1105.57,701.75
19650625,20.8,31.11,25.94,515.04,1093.13,690.01
19650628,20.62,30.79,25.67,513.52,1087.04,682.88
19650629,19.89,29.9,24.66,505.37,1067.54,670.84
19650630,19.94,29.92,24.81,510.07,1076.12,678.58
19650701,20,28.85,23.36,707.25,882.18,784.18
19650702,20.19,29.04,23.52,711.41,885.85,787.02
19650706,20.36,29.26,23.78,716.28,893.47,793.32
19650707,20.3,29.28,23.78,715.64,892.8,789.09
19650708,20.19,29.19,23.67,714.25,889.74,785.96
19650709,20.38,29.37,23.85,718.79,895.4,797.1
19650712,20.57,29.59,24.07,721.91,898.09,800.76
19650713,20.6,29.7,24.04,721.34,898.31,801.08
19650714,20.53,29.57,23.94,719.87,898.75,798.8
19650715,20.61,29.68,24.05,721.25,901.03,802.21
19650716,20.63,29.74,24.11,720.31,899.77,801.72
19650719,20.6,29.76,24.13,720.1,898.59,803.33
19650720,20.6,29.77,24.13,720.57,898.03,801.41
19650721,20.34,29.36,23.72,712.9,888.04,788.31
19650722,20.26,29.17,23.52,708.42,884.29,782.43
19650723,20.3,29.15,23.51,705.93,882.53,780.82
19650726,20.35,29.16,23.59,707.62,884.25,784.07
19650727,20.34,29.12,23.65,707.57,883.47,785.24
19650728,20.32,29.04,23.61,705.64,882.31,783.07
19650729,20.39,29.08,23.62,707.99,882.07,785.43
19650730,20.53,29.34,23.86,714.4,887,792.36
19650802,20.66,29.54,24.09,717.59,893.59,797.98
19650803,20.7,29.55,24.16,717.66,896.35,799.1
19650804,20.71,29.55,24.15,718.78,896.29,800.25
19650805,20.94,29.66,24.34,722.55,898.61,803.21
19650806,21,29.71,24.4,722.39,899.09,801.52
19650809,21.06,29.81,24.49,726.16,901.52,804.89
19650810,21.11,29.92,24.5,724.83,898.54,804.87
19650811,21.24,29.92,24.6,725.23,898.87,803.96
19650812,21.47,30.1,24.79,726.71,901.76,807.09
19650813,21.48,30.23,24.99,728.17,903.21,811.7
19650816,21.59,30.36,25.1,728.87,906.6,818.34
19650817,21.61,30.38,25.11,728.15,908.24,820.4
19650818,21.65,30.39,25.13,729.14,910.48,820.98
19650819,21.68,30.44,25.13,729.18,909.96,821.99
19650820,21.5,30.31,24.98,727.37,909.43,818.4
19650823,21.49,30.4,25,725.94,908.49,818.47
19650824,21.46,30.38,25.01,723.49,907.22,818.82
19650825,21.53,30.46,25.09,724.48,907.81,822.24
19650826,21.7,30.49,25.14,725.63,909.61,821.67
19650827,21.75,30.64,25.21,728.88,913.19,824.05
19650830,21.79,30.7,25.3,728.62,912.76,825.66
19650831,21.83,30.77,25.43,730.74,911.51,826.81
19650901,21.83,30.82,25.49,730.25,910.29,827.3
19650902,21.83,30.82,25.51,730.39,910.69,827.88
19650903,21.95,31,25.68,734.78,915.09,833.09
19650907,22.09,31.13,25.84,740.29,918.13,837.52
19650908,22.15,31.13,25.9,742.38,920.5,842.45
19650909,22.26,31.21,25.97,745.35,925.51,840.77
19650910,22.29,31.24,26.08,745.95,929.61,841.07
19650913,22.34,31.37,26.18,749.56,931.3,843.45
19650914,22.37,31.53,26.27,752.42,933.72,845.59
19650915,22.14,31.4,26.06,749.26,930.66,840.77
19650916,22.34,31.55,26.17,750.87,935.61,846.35
19650917,22.47,31.64,26.3,756.93,938.52,852.58
19650920,22.48,31.65,26.41,755.5,938.79,853.83
19650921,22.54,31.82,26.49,757.54,937.8,855.03
19650922,22.47,31.8,26.4,755.28,934.96,852.44
19650923,22.74,32,26.62,759.17,939.11,856.68
19650924,22.5,31.78,26.46,755.15,937.53,851.84
19650927,22.62,31.94,26.54,756.74,937.71,856.35
19650928,22.79,32.11,26.68,764.52,942.72,860.04
19650929,22.88,31.99,26.64,763.9,940.05,857.2
19650930,22.83,31.88,26.45,759.37,937.15,851.54
19651001,22.75,31.9,26.49,758.11,937,851.61
19651004,22.77,32,26.52,758.04,936.73,849.84
19651005,22.89,32.21,26.75,758.34,938.57,853.41
19651006,23,32.48,26.95,762.99,944.28,858.21
19651007,22.92,32.42,26.95,762,944,857.65
19651008,22.98,32.46,27.03,760.96,944.07,855.81
19651011,23.33,32.8,27.33,763.2,946.42,862.44
19651012,23.58,33.01,27.58,767.03,949.97,870.61
19651013,23.58,33.22,27.69,765.85,949.72,869.34
19651014,23.61,33.44,27.78,766.96,949.02,869.3
19651015,23.71,33.49,27.81,763.28,948.61,867.41
19651018,23.92,33.49,28.01,766.6,948.81,870.9
19651019,24.12,33.68,28.16,767.71,951.84,873.93
19651020,24.1,33.65,28.18,768.65,954.14,874.36
19651021,24.2,33.79,28.19,768.7,954.02,873.95
19651022,24.29,33.93,28.39,769.36,956.05,874.41
19651025,24.22,33.83,28.39,769.91,957.78,870.63
19651026,24,33.65,28.1,765.27,955.49,866.99
19651027,24.16,33.8,28.2,770.3,960.22,871.31
19651028,24.24,33.9,28.37,774.09,961.29,877.2
19651029,24.17,33.79,28.28,774.17,956.22,875.86
19651101,24.19,33.86,28.39,775.85,958.6,878.27
19651103,24.13,33.91,28.24,773.78,957.24,877.18
19651104,24.18,34.12,28.36,777.19,955.59,878.97
19651105,24.31,34.25,28.41,778.17,956.49,883.49
19651108,24.38,34.27,28.54,777.33,954.52,884.97
19651109,24.4,34.25,28.44,774.24,949.6,885.01
19651110,24.33,34.23,28.47,770.54,946.53,883.97
19651111,24.34,34.22,28.55,771.59,943.89,884.7
19651112,24.48,34.35,28.65,772.78,947.45,886.6
19651115,24.8,34.57,28.84,775.15,952.47,890.78
19651116,25.02,34.72,28.99,773.44,953.83,893.86
19651117,25.05,34.84,29.07,772.77,949.4,895.96
19651118,24.96,34.62,29.09,771.73,953.61,896.31
19651119,25.01,34.68,29.21,768.32,949.64,894.01
19651122,25.12,34.84,29.31,767.79,949.46,895.58
19651123,25.03,34.73,29.19,763.57,944.43,889.27
19651124,25.15,34.84,29.3,765.57,944.71,891.4
19651126,25.25,34.97,29.48,765.28,945.73,894.38
19651129,25.57,35.16,29.73,767,944.37,898.95
19651130,25.82,35.18,29.93,765.88,941.97,897.06
19651201,25.92,35.32,29.74,764.46,941.5,893.3
19651202,25.98,35.36,29.93,763.64,941.32,891.25
19651203,25.93,35.36,30.05,761.32,938.47,888.47
19651206,26,35.39,30.13,760.44,939.7,889.79
19651207,25.71,34.98,29.77,755.37,932.78,882.99
19651208,26.15,35.66,30.26,763.14,939.93,891.85
19651209,26.16,35.78,30.36,761.08,938.68,892.49
19651210,26.45,35.97,30.49,761.89,941.57,896.6
19651213,26.54,36.16,30.64,763.53,942.83,900.98
19651214,26.74,36.26,30.8,763.5,942.77,904.16
19651215,26.91,36.3,30.77,765.91,942.8,903.4
19651216,26.93,36.4,30.95,769.23,944.99,900.95
19651217,27.02,36.57,31.18,769.1,944.77,905.12
19651220,27.15,36.71,31.26,767.26,945.39,905.54
19651221,26.8,36.65,31,764.22,940.1,900.9
19651222,26.84,36.91,31.16,767.22,944.83,900.9
19651223,26.62,36.73,30.94,768.17,949.19,901.73
19651227,26.48,36.57,30.82,767.29,949.34,898.08
19651228,26.27,36.28,30.61,764.18,942.54,891.5
19651229,26.15,36.2,30.52,763.31,942.42,892.25
19651230,26.32,36.37,30.76,767.32,944.17,894.17
19651231,26.45,36.55,30.94,770.44,948.38,896.34
19660103,26.81,37.28,31.91,773.64,960.21,910.88
19660104,26.92,37.46,32.03,771.01,959.52,904.28
19660105,27.04,37.54,32.19,768.96,962.59,902.61
19660106,27.17,37.78,32.35,773.74,968.44,906.96
19660107,27.12,37.96,32.29,775.41,971.04,907.53
19660110,27.15,38.11,32.37,775.87,972.19,908.55
19660111,27.39,38.37,32.54,777.08,973.25,910.59
19660112,27.49,38.42,32.66,777.28,971.72,914.56
19660113,27.51,38.39,32.74,776.97,968.6,914.2
19660114,27.77,38.71,33,777.12,970.8,915.72
19660117,27.87,38.75,33.13,779.52,971.73,917.02
19660118,28.09,39.19,33.3,781.03,976.74,916.96
19660119,28.16,39.4,33.43,783.37,980.18,914.88
19660120,28.16,39.25,33.32,781.37,978.11,911.59
19660121,28.16,39.27,33.42,778.74,973.59,911.45
19660124,28.22,39.33,33.53,778.71,972.89,916.99
19660125,28.45,39.63,33.61,779.6,975.34,920.67
19660126,28.65,39.76,33.65,780.44,974.55,926.97
19660127,28.69,39.59,33.79,779.42,972.46,925.92
19660128,28.75,39.66,33.84,778.48,971.5,926.74
19660131,28.74,39.71,33.8,775.44,967.42,924.92
19660201,28.59,39.44,34.36,775.42,962.35,921.32
19660202,28.04,38.79,33.74,766.46,958.76,911
19660203,28.3,39.17,33.97,771.45,960.58,915.55
19660204,28.32,39.09,34.01,769.61,961.79,919.12
19660207,28.53,39.27,34.25,771.79,970.04,923.41
19660208,28.63,39.61,34.54,772.12,973.1,927.67
19660209,28.55,39.58,34.41,770.14,971.45,932.08
19660210,28.87,39.98,34.89,772.46,974.31,941.96
19660211,29,39.94,34.98,771.95,969.84,943.64
19660214,29.05,40.13,35.25,770.54,967.85,947.15
19660215,29.13,40.25,35.34,768.95,965.39,945.85
19660216,29.02,40.13,35.27,766.76,961.1,938.75
19660217,29.25,40.06,35.4,765.48,960.68,941.53
19660218,29.15,39.9,35.25,761.37,957.31,934.06
19660221,29.27,40.13,35.33,760.68,954.63,930.66
19660223,29.25,40.03,35.19,754.51,949.61,925.41
19660224,29.19,39.84,35.11,751.77,945.86,921.21
19660225,29.18,39.69,34.95,745.68,940.69,915.67
19660228,29.46,39.92,35.34,746.59,941.21,923.16
19660301,30.04,40.59,35.65,747.41,941.37,924.68
19660302,29.49,39.98,35.11,739.15,930.87,909
19660303,29.17,39.41,34.63,732.32,922.7,897.44
19660304,29.59,39.7,35,735.7,924.59,901.41
19660307,29.56,39.62,34.93,734.15,922.22,898.66
19660308,29,39.01,34.23,725.73,912.42,882.99
19660309,28.92,38.78,34.02,728.47,912.44,883.88
19660310,29.31,39.13,34.53,733.24,919.37,895.18
19660311,29.03,39,34.45,735.23,919.13,894.68
19660314,29.13,39.11,34.63,736.84,917.71,892.73
19660315,28.61,38.47,34.07,727.86,909.26,882.26
19660316,28.01,37.64,33.28,723.56,904.25,877.39
19660317,28.14,37.93,33.5,728.32,908.57,883.65
19660318,28.28,38.07,33.62,730.49,910.3,888.92
19660321,28.57,38.39,33.92,732.39,913.3,895.18
19660322,29.14,39.02,34.47,740.07,918.18,903.56
19660323,29.17,39.11,34.73,741.5,921.44,905.15
19660324,29.18,39.06,34.75,737.37,917.65,905.1
19660325,29.34,39.2,34.87,739.73,917.19,909.68
19660328,29.52,39.34,35.14,738.69,919.26,917.32
19660329,29.85,39.52,35.46,740.37,918.86,919.47
19660330,29.56,39.28,35.26,738.45,915.8,915.01
19660331,29.33,39.01,34.87,732.26,908.36,906.42
19660401,29.48,39.05,34.98,735.53,912.77,914.76
19660404,29.75,39.26,35.2,741.21,919.51,922.55
19660405,30.15,39.63,35.64,744.19,929.49,929.97
19660406,30.55,40,35.88,745.76,935.55,936.1
19660407,30.65,40.18,35.96,746.55,937.62,940.24
19660411,31.03,40.33,36.3,748.09,936.92,947.56
19660412,31.47,40.43,36.83,745.53,935.52,954.62
19660413,31.42,40.19,36.83,744.58,932.65,950.53
19660414,31.64,40.15,37.1,745.95,931.83,953.38
19660415,31.59,40.25,37.26,747.99,933.6,959.64
19660418,31.6,40.31,37.48,748.86,936.44,956.88
19660419,31.45,40.12,37.23,745.43,933.28,950.85
19660420,31.92,40.35,37.3,746.29,931.94,951.11
19660421,32,40.75,37.71,752.37,937.04,953.68
19660422,32.06,40.85,37.85,755.53,940.7,957.02
19660425,31.87,40.86,37.58,754.26,939.26,954.58
19660426,31.87,40.79,37.49,753.63,938.3,950.58
19660427,31.81,40.76,37.49,752.31,935.27,954.3
19660428,31.61,40.48,37.36,752.11,931.33,953.94
19660429,31.39,40.09,37,748.17,926.5,946.71
19660502,31.5,40.1,37.3,745.09,926.58,947.56
19660503,31.28,40.2,37.28,743.98,926.01,946.53
19660504,30.62,39.58,36.58,736.32,915.67,935.45
19660505,30.47,39.37,36.22,731.76,913.12,928.42
19660506,29.43,38.24,35.08,721.51,900.19,908.74
19660509,29.13,37.96,34.57,722.8,899.06,904.81
19660510,28.42,37.12,33.78,712.83,884.63,886.03
19660511,28.76,37.37,34.25,717.75,890.44,896.84
19660512,28.76,37.39,34.29,718.34,891.42,901.55
19660513,28.1,36.67,33.52,711.1,881.82,888.44
19660516,27.51,36.09,32.97,704.18,875.58,878.91
19660517,26.63,35.21,32.02,694.79,863.96,867.41
19660518,25.97,34.47,31.29,687.61,858.67,858.47
19660519,26.93,35.41,32.22,699.24,869.41,882.17
19660520,26.77,35.26,32.28,696,867.89,885.48
19660523,27.11,35.55,32.57,701.29,869.57,892.21
19660524,27.48,35.92,33.16,702.04,877.65,903.47
19660525,27.87,36.34,33.61,707.85,882.42,910.1
19660526,28.11,36.5,33.91,709.59,885.48,914.56
19660527,28.02,36.36,33.78,709.49,884.74,915.17
19660531,28.22,36.57,34.02,711.02,885.93,921.07
19660601,27.72,36.27,33.55,704.12,875.33,906.18
19660602,27.8,36.16,33.49,704.63,875.6,905.72
19660603,27.8,36.25,33.66,704.95,874.28,905.36
19660606,27.89,36.25,33.72,705.45,875.67,905.67
19660607,27.59,35.9,33.3,701.7,871,895.43
19660608,27.32,35.58,32.89,698.27,864.44,888.53
19660609,27.48,35.76,32.99,698.92,863.93,893.67
19660610,27.86,36.11,33.38,702.33,866.62,907.38
19660613,28.48,36.6,33.99,709.33,875.57,916.97
19660614,28.71,36.75,34.38,713.76,881.36,917.01
19660615,28.89,36.96,34.57,719.2,881.61,922.74
19660616,28.85,36.96,34.59,718.65,877.49,916.6
19660617,28.9,37.09,34.64,717.49,873.31,916.46
19660620,28.88,37.1,34.7,717.92,871.66,919.96
19660621,28.86,37.12,34.79,716.5,870.58,922.33
19660622,29.17,37.35,34.91,717.94,873.21,927.4
19660623,29.38,37.52,35.06,719.56,873.96,930.03
19660624,29.08,37.27,34.86,718.18,872.13,922.65
19660627,28.99,37.38,34.88,719.37,873.7,919.66
19660628,28.66,37.14,34.51,715.45,871.33,908.68
19660629,28.54,37,34.37,709.64,867.66,905.82
19660630,28.09,36.46,33.82,703.27,861.25,894.07
19660701,25.88,34.67,27.75,548.15,1083.48,632.81
19660705,26.08,35.1,28.07,553.31,1095.95,637.83
19660706,26.12,35.25,28.01,554.94,1099.12,636.58
19660707,26.43,35.48,28.49,560.52,1114.55,648.02
19660708,26.48,35.62,28.6,562.57,1120.49,648.51
19660711,26.55,35.75,28.68,563.71,1121.27,650.75
19660712,26.5,35.78,28.69,563.67,1117.66,651.45
19660713,26.44,35.72,28.53,562.51,1113.24,645.28
19660714,26.37,35.62,28.33,561.28,1104.69,641.15
19660715,26.46,35.73,28.52,563.31,1112.19,644.9
19660718,26.52,35.93,28.66,565.44,1115.14,646.92
19660719,26.5,35.78,28.61,565.75,1113.96,645.41
19660720,26.35,35.49,28.34,561.46,1106.83,639.25
19660721,26.17,35.39,28.13,558.3,1097.25,630.38
19660722,26.13,35.26,28.08,557.98,1097.9,629.84
19660725,26.19,35.31,28.09,555.97,1096.99,629.55
19660726,25.6,34.53,27.27,547.26,1078.35,613.48
19660727,25.4,34.18,27.04,544.68,1076.57,613.35
19660728,25.52,34.34,27.24,547.15,1080.77,617.22
19660729,25.44,34.28,27.18,546.54,1076.74,614.47
19660801,25.41,34.21,27.15,546.44,1075.09,611.08
19660802,25.02,33.68,26.61,539.64,1058.55,600.9
19660803,24.93,33.54,26.62,539.06,1058.24,602.56
19660804,25.14,33.87,27,542.82,1066.74,612.19
19660805,25.26,34.11,27.16,546.97,1078.15,617.52
19660808,25.27,34.21,27.23,547.65,1078.16,619.31
19660809,25.18,34.06,27.17,545.43,1074.22,620.65
19660810,25.13,34.09,27.24,544.57,1070.22,619.57
19660811,24.98,33.97,27.13,544,1066.5,614.51
19660812,24.97,33.96,27.21,541.22,1066.14,616.27
19660815,25.06,34.03,27.42,542.54,1067.3,619.07
19660816,25.07,33.98,27.34,539.16,1062.26,615.73
19660817,24.79,33.59,26.9,533.31,1049.02,605.61
19660818,24.56,33.22,26.63,531.65,1042.02,602.67
19660819,24.25,32.82,26.29,524.52,1029.3,594.99
19660822,24.08,32.47,25.9,519.51,1023.7,589.88
19660823,23.62,31.77,25.3,513.26,1003.65,578.93
19660824,23.6,31.71,25.36,510.31,1002.32,579.97
19660825,23.78,32.09,25.71,515.79,1012.83,588.91
19660826,23.58,31.68,25.31,510.3,1002.03,578.4
19660829,22.97,30.96,24.46,501.1,982.02,561.48
19660830,22.22,30.02,23.3,489.33,958.12,544.39
19660831,22.32,30.19,23.71,495.06,973.7,557.52
19660901,22.68,30.77,24.15,505.21,991.82,561.67
19660902,22.82,30.85,24.22,509.34,1001.88,562.08
19660906,22.76,30.8,24.16,511.28,998.65,556.8
19660907,22.69,30.7,24.04,508.94,993.23,552.87
19660908,22.41,30.33,23.64,506.09,985.88,545.14
19660909,22.34,30.22,23.54,505.32,979.58,545.9
19660912,22.43,30.31,23.67,506.94,981.92,548.47
19660913,22.78,30.8,24.21,515.35,1003.4,562.67
19660914,22.95,30.99,24.48,516.94,1012.44,561.97
19660915,23.01,31.1,24.61,519.75,1022.37,570.11
19660916,23.13,31.23,24.78,523.79,1036.81,573.57
19660919,23.15,31.33,24.84,524.61,1035.62,573.02
19660920,23.1,31.24,24.79,522.73,1029.57,570.75
19660921,23.05,31.16,24.66,517.34,1023.21,566.73
19660922,22.67,30.75,24.18,509.72,1006.55,554.23
19660923,22.67,30.68,24.15,511.37,1009.31,555.76
19660926,22.66,30.65,24.09,507.8,1008.46,552.91
19660927,22.65,30.67,24.09,508.55,1010.99,555.16
19660928,22.65,30.75,24.14,511.93,1013.36,555.64
19660929,22.49,30.52,23.91,507.5,1002.2,545.89
19660930,22.25,30.15,23.52,504.15,992.27,538.13
19661003,22.29,30.25,23.51,506.36,995.68,539.69
19661004,21.9,29.63,22.82,498.04,974.8,524.56
19661005,21.68,29.36,22.51,498.97,976.71,526.31
19661006,21.47,29.16,22.18,496.7,973.52,519.9
19661007,21.19,28.67,21.64,494.27,965.67,511.91
19661010,20.91,28.24,21.1,491.68,953.55,503.61
19661011,20.96,28.32,21.42,497.86,971.14,515.19
19661012,21.1,28.53,21.51,500.32,977.16,515.76
19661013,21.44,28.89,21.98,511.85,1006.45,529.07
19661014,21.54,29.08,22.13,511.73,1004.7,530.02
19661017,21.53,29.12,22.12,512.71,998.57,529.35
19661018,21.61,29.23,22.27,518.05,1011.5,534.44
19661019,21.82,29.6,22.62,526.47,1026.46,546.54
19661020,21.76,29.58,22.47,523.54,1018.16,541.83
19661021,21.72,29.49,22.36,523.88,1016.55,536.71
19661024,21.68,29.41,22.31,524.63,1021.98,538.12
19661025,21.62,29.47,22.19,528.93,1024.64,537.21
19661026,21.62,29.53,22.1,531.45,1032.87,538.33
19661027,21.86,29.74,22.35,536.49,1040.13,544.07
19661028,21.98,29.98,22.46,541.85,1048.7,547.24
19661031,22.07,30.15,22.59,541.51,1049.12,546.51
19661101,22.11,30.14,22.59,540.16,1049.21,546.77
19661102,22.25,30.31,22.81,542.81,1055.71,554.68
19661103,22.29,30.32,22.89,541.7,1059.29,554.84
19661104,22.26,30.28,22.9,540.51,1053.36,555.85
19661107,22.33,30.3,22.92,539.57,1056.4,560.91
19661109,22.25,30.33,22.97,538.19,1055.79,561.94
19661110,22.38,30.49,23.29,541.14,1064.41,567.49
19661111,22.56,30.78,23.59,545.47,1070.69,571.6
19661114,22.73,30.95,23.83,546.58,1069.92,572.84
19661115,22.66,30.93,23.8,543.17,1061.78,570.01
19661116,22.68,31.03,24,544.25,1064.62,574.66
19661117,22.92,31.46,24.33,548.19,1072.25,581.03
19661118,22.9,31.41,24.18,545.15,1066.03,575.29
19661121,22.79,31.31,24.14,543.25,1058.89,571.47
19661122,22.43,30.92,23.76,535.21,1044.15,563.82
19661123,22.27,30.74,23.57,530.3,1037.58,564.63
19661125,22.42,30.9,23.87,531.49,1046.25,569.13
19661128,22.56,31.14,24.08,532.04,1054.37,576.9
19661129,22.56,31.11,24.07,530.1,1052.76,577.83
19661130,22.5,31.06,24.09,528.11,1049.14,576.42
19661201,22.48,31.07,24.19,527.13,1049.41,579.67
19661202,22.51,31.03,24.19,526.48,1044.37,577.04
19661205,22.53,31.06,24.24,526.5,1044.77,577.18
19661206,22.56,30.98,24.27,525.84,1045.29,579.72
19661207,22.54,31.09,24.47,529.22,1052.57,584.03
19661208,22.61,31.35,24.77,532.98,1066.09,588.22
19661209,22.75,31.4,24.87,533.74,1070.35,591.77
19661212,22.84,31.57,25.04,534.77,1072.77,593.26
19661213,22.96,31.92,25.39,538.63,1084.7,599.58
19661214,22.88,31.87,25.35,537.02,1082.57,596.5
19661215,22.98,32.01,25.55,536.19,1081.28,598.04
19661216,22.87,31.87,25.31,534.37,1067.85,589.61
19661219,22.96,31.89,25.46,534.48,1068.07,589.2
19661220,22.9,31.75,25.49,533.4,1066.32,585.76
19661221,22.79,31.56,25.32,531.12,1064.1,581.4
19661222,22.89,31.84,25.54,533.62,1068.73,584.75
19661223,23,31.97,25.73,537.24,1071.8,586.38
19661227,23.1,31.95,25.74,536.95,1068.56,583.4
19661228,23.02,31.8,25.6,534.7,1062.14,579.93
19661229,22.89,31.57,25.32,533.22,1058.59,575.08
19661230,22.7,31.41,25.05,532.5,1054.94,572.4
19670103,22.89,31.8,25.81,533.26,1064.31,583.41
19670104,23.2,32.17,26.09,534.6,1062.86,583.43
19670105,23.3,32.19,26.14,536.42,1063.21,586.12
19670106,23.75,32.74,26.67,542.53,1076.33,593.98
19670109,24.19,33.12,27.02,546.83,1083.06,598.23
19670110,24.53,33.59,27.4,549.17,1091.83,604.74
19670111,24.63,33.73,27.49,550.56,1091.66,602.8
19670112,24.91,34.05,27.83,555.55,1098.81,609.49
19670113,25.1,34.44,28.06,558.44,1104.79,612.93
19670116,25.23,34.88,28.3,560.21,1112.93,617.74
19670117,25.3,34.88,28.37,559.37,1108.47,619.28
19670118,25.49,35.22,28.8,562.71,1120.67,629.32
19670119,25.57,35.35,28.86,565.44,1128.93,630.57
19670120,25.65,35.46,29.04,565.53,1129.95,629.06
19670123,25.95,35.83,29.46,566.35,1132.26,632.94
19670124,26.02,36.04,29.69,566.44,1138.42,633.85
19670125,26.09,36.18,29.84,565.47,1141.32,635.77
19670126,25.99,36.12,29.78,562.39,1131.97,632.06
19670127,26.11,36.19,29.95,561.67,1129.31,635.72
19670130,26.32,36.45,30.36,563.4,1133.94,639.5
19670131,26.69,36.73,30.69,565.65,1140.01,643.46
19670201,26.67,36.78,30.7,565.3,1139.89,641.82
19670202,26.7,36.8,30.8,563.55,1135.75,642.96
19670203,26.9,36.96,30.94,566.26,1138.08,646.55
19670206,27.25,37.39,31.2,570.06,1143.92,653.59
19670207,27.27,37.33,31.23,567.95,1141.51,652.75
19670208,27.28,37.3,31.25,565.51,1139.63,651.84
19670209,27.6,37.67,31.59,568.88,1150.49,657.89
19670210,27.42,37.49,31.3,566.39,1145.88,656.01
19670213,27.54,37.72,31.55,566.58,1146.69,659.43
19670214,27.65,38.01,31.76,567.04,1150.31,656.71
19670215,27.8,38.33,32.12,570.27,1158.99,661.37
19670216,27.78,38.38,32.05,570,1161.47,660.57
19670217,27.78,38.27,31.92,568.39,1158.13,655
19670220,27.79,38.31,31.9,568.09,1159.3,654.57
19670221,27.68,38.09,31.79,564.54,1153.68,650.54
19670223,27.78,38.21,31.9,563.33,1153.94,650.59
19670224,27.87,38.18,31.92,563.76,1154.93,652.21
19670227,27.93,38.17,31.94,562.51,1153.48,654.65
19670228,27.54,37.63,31.38,556.46,1141.77,647.29
19670301,27.68,37.68,31.65,555.58,1146.76,652.26
19670302,27.93,38.11,32.03,558.31,1160.54,658.45
19670303,28.03,38.28,32.28,560.62,1166.18,663.4
19670306,28.14,38.44,32.45,561.85,1166.36,665.98
19670307,28.16,38.52,32.47,560.78,1164.12,665.37
19670308,28.17,38.63,32.7,560.76,1164,667.86
19670309,28.33,38.75,32.83,560.44,1164.46,671.07
19670310,28.65,38.95,32.99,560.01,1168.04,674.11
19670313,28.7,39.13,33.16,560.6,1173.78,675.67
19670314,28.63,39.01,32.89,559.24,1166.98,672.93
19670315,28.68,39.01,32.83,558.21,1163.75,676.15
19670316,28.91,39.29,33.06,561.59,1174.78,684.11
19670317,29.06,39.54,33.2,566.51,1187.65,689.36
19670320,29.03,39.73,33.3,568.69,1188.17,690.14
19670321,29.05,39.86,33.39,568.69,1187.55,690.62
19670322,28.95,39.72,33.24,567.91,1185.16,688.34
19670323,29.09,39.88,33.48,570.92,1187.47,691.64
19670327,29.2,40.06,33.64,576.12,1196.31,695.93
19670328,29.15,40.09,33.68,575.39,1195.96,696.47
19670329,29.13,40.07,33.74,577.73,1195.11,697.57
19670330,29.15,40.06,33.77,577.63,1194.15,695.37
19670331,29.27,40.11,33.79,577.65,1194.25,695.61
19670403,29.21,40.02,33.7,576.72,1186.26,691.67
19670404,28.91,39.46,33.14,572.75,1174.91,679.53
19670405,28.92,39.56,33.27,571.78,1175.26,679.99
19670406,29.16,39.78,33.45,574.43,1181.14,686.99
19670407,29.23,39.84,33.49,574.55,1184.15,688.32
19670410,29.06,39.58,33.18,573.2,1176.99,682.07
19670411,28.6,38.92,32.58,568.18,1162.58,672.37
19670412,28.88,39.17,33.07,568.79,1171.03,679.79
19670413,28.92,39.22,33.03,568.38,1169.45,678.71
19670414,29.06,39.47,33.27,568.82,1178.03,686.11
19670417,29.27,39.79,33.56,571.53,1189.67,698.74
19670418,29.34,40.14,33.75,575.17,1196.98,705.27
19670419,29.64,40.49,34.09,577.38,1208.36,712.31
19670420,29.66,40.7,34.13,579.26,1209.47,712.81
19670421,29.69,40.78,34.39,580.02,1210.07,717.56
19670424,29.85,40.99,34.74,579.73,1212.06,722.25
19670425,29.85,40.99,34.72,580.31,1216.78,725.53
19670426,29.95,41.29,34.73,582.28,1222.57,732.59
19670427,29.93,41.31,34.73,581.48,1220.63,732.43
19670428,30.19,41.57,35.26,581.93,1233.43,739.44
19670501,30.32,41.69,35.42,583.06,1235.08,741.66
19670502,30.35,41.83,35.54,583.01,1232.93,742.86
19670503,30.34,42.03,35.93,583.54,1229.06,743.78
19670504,30.61,42.27,36.22,585.31,1231.87,745.42
19670505,30.72,42.32,36.34,588.97,1234.8,749.1
19670508,30.86,42.47,36.27,592.11,1235.79,746.69
19670509,30.95,42.54,36.19,592.42,1237.88,747.68
19670510,30.58,42.03,35.55,586.83,1225.01,739.51
19670511,30.7,42.09,35.77,585.79,1222.5,737.25
19670512,30.95,42.4,36.22,587.65,1226.39,743.45
19670515,30.93,42.54,36.32,584.44,1223.06,743.03
19670516,30.85,42.34,36.17,582.29,1213.56,735.13
19670517,31,42.52,36.49,584.52,1219.04,738.64
19670518,31.04,42.53,36.53,584.17,1214.24,736.3
19670519,31.17,42.48,36.62,584.07,1210.88,734.37
19670522,31.07,42.36,36.48,582.3,1204.02,731.83
19670523,31.05,42.25,36.56,579.77,1198.62,730.47
19670524,30.92,42.16,36.37,577.57,1193.16,726.64
19670525,30.45,41.62,35.69,572.19,1179.32,716.89
19670526,30.74,41.9,36.1,576.83,1193.29,723.24
19670529,30.7,41.75,35.99,575.11,1190.61,723
19670531,30.58,41.65,35.87,573.54,1183.96,718.47
19670601,29.8,40.81,34.62,565.71,1167.01,704.72
19670602,30.15,41.11,35.17,569.51,1182.56,714.19
19670605,30.12,41.08,35.17,569.11,1174.76,712.47
19670606,29.28,40.02,33.95,561.47,1157.98,700.46
19670607,29.99,41.02,35.11,569.85,1180.49,715.49
19670608,30.36,41.57,35.63,574.82,1187.36,724.33
19670609,30.59,41.97,36.03,577.1,1193.64,729.47
19670612,30.88,42.27,36.25,578.35,1196.26,730.75
19670613,31.13,42.87,36.74,581.13,1201.25,737.18
19670614,31.4,43.13,37.01,583.04,1206.68,744.91
19670615,31.4,43.19,37.11,581.05,1204.92,742.95
19670616,31.54,43.59,37.41,581.32,1205.9,743.95
19670619,31.55,43.84,37.44,581.73,1207.9,742.22
19670620,31.63,43.98,37.74,580.8,1212.93,741.49
19670621,31.73,44.03,37.8,579.61,1212.88,741.16
19670622,31.76,43.96,37.79,578.18,1210.22,737.3
19670623,31.77,44.03,37.99,575.46,1208.01,736.15
19670626,31.93,44.2,38.09,575.28,1208.59,736.96
19670627,31.76,44.06,37.92,573.69,1203.81,733.52
19670628,31.76,44.07,38.04,572.51,1197.42,731.25
19670629,31.89,44.3,38.32,572.12,1197.34,732.21
19670630,31.73,44.04,38.01,571.26,1191.7,727.37
19670703,31.36,37.58,38.48,849.83,906.54,768.57
19670705,31.55,37.83,38.79,852.89,907.93,773.1
19670706,31.8,38.07,39.22,859.18,910.21,779.21
19670707,31.89,38.23,39.28,860.69,908.17,778.94
19670710,32.16,38.56,39.72,864.26,909.79,785.94
19670711,32.41,38.87,40.03,867.02,911.32,793.34
19670712,32.44,39.02,40.03,870.43,917.6,794.97
19670713,32.45,39.08,40.03,871.13,917.04,793.84
19670714,32.68,39.23,40.17,871.78,916.94,793.76
19670717,33.05,39.46,40.53,875.1,920.45,795.94
19670718,33.2,39.65,40.61,876.32,920.04,796.69
19670719,33.49,39.83,40.8,887.5,926.06,800.14
19670720,33.65,39.95,40.65,890.86,928.77,796.14
19670721,33.69,39.91,40.55,895.17,934.21,793.06
19670724,33.66,39.92,40.33,900.18,936.48,789.17
19670725,33.52,39.62,40.06,898.32,932.85,786.25
19670726,33.66,39.7,40.33,895.57,933.65,786.98
19670727,33.9,39.84,40.64,896.35,936.82,793.54
19670728,34.13,40.14,40.86,901.45,937.28,797.88
19670731,34.34,40.31,41.1,899.9,940.43,798.86
19670801,34.5,40.47,41.31,904.67,940.66,799.8
19670802,34.66,40.58,41.51,912.37,945.25,804.37
19670803,34.66,40.65,41.57,918.51,948.88,805.3
19670804,34.72,40.49,41.45,915.11,947.42,805.65
19670807,34.95,40.74,41.93,914.1,949.97,808.26
19670808,34.93,40.8,41.94,910.29,948.56,805.77
19670809,35.02,40.84,41.94,910.99,949.56,807.15
19670810,35.03,40.9,42.01,916.33,950.29,805.02
19670811,34.88,40.88,41.75,917.57,948.12,799.5
19670814,34.71,40.75,41.38,915.82,942.7,795.67
19670815,34.42,40.4,41.06,910.25,938.84,789.62
19670816,34.49,40.54,41.06,910.62,941.62,789.11
19670817,34.35,40.43,40.88,905.3,939.51,789.43
19670818,34.57,40.54,40.99,906.34,940.67,788.95
19670821,34.8,40.72,41.04,907.67,941.65,790.63
19670822,34.66,40.69,40.83,903.87,936.42,786.19
19670823,34.49,40.51,40.54,899.53,932.34,779.92
19670824,34.5,40.4,40.49,895.19,929.9,783.2
19670825,34.34,40.31,40.23,893.17,925.33,775.58
19670828,34.17,40.03,40,887.76,922.34,773.03
19670829,34.21,40.05,39.93,883.38,922.38,774.46
19670830,34.31,40.17,40.06,888.21,922.55,778.02
19670831,34.5,40.44,40.44,887.52,924.38,782.02
19670901,34.69,40.78,40.89,891.66,929.84,788.77
19670905,34.72,41.06,41.16,889.47,931.16,791.07
19670906,34.94,41.14,41.29,895.17,934.29,796.68
19670907,35.03,41.3,41.38,896.08,936.16,798.28
19670908,34.96,41.28,41.36,895.88,936.77,796.55
19670911,35.15,41.34,41.51,894.95,937.63,795.7
19670912,35.24,41.54,41.57,895.06,938.97,798.71
19670913,35.28,41.68,41.87,900.53,942.66,803
19670914,35.53,41.92,42.2,909.06,955.89,807.28
19670915,35.67,41.99,42.23,914.45,959.77,802.26
19670918,35.8,42.17,42.23,916.54,959.59,801.56
19670919,35.89,42.36,42.43,923.8,960.71,801.74
19670920,35.63,42.17,42.13,920,955.92,799.7
19670921,35.92,42.37,42.44,918.07,956.12,801.14
19670922,36.08,42.49,42.55,922.05,957.19,814.77
19670925,36.35,42.7,42.79,922.83,959.24,819.12
19670926,36.39,42.82,42.9,930.04,962.2,825.35
19670927,36.02,42.47,42.46,919.54,957.35,815.52
19670928,36.09,42.48,42.7,919.3,957.29,816.52
19670929,36.14,42.53,42.92,919.57,956.52,819.06
19671002,36.33,42.72,43.25,915.08,958,819.9
19671003,36.25,42.65,43.12,911.18,955.08,815.44
19671004,36.34,42.87,43.21,912.63,957.52,820.38
19671005,36.26,43.06,43.25,908.22,957.62,819
19671006,36.28,43.26,43.46,907.06,959.18,824.06
19671009,36.5,43.46,43.89,911.2,962.53,833.45
19671010,36.62,43.67,44.03,911.97,966.04,834.89
19671011,36.35,43.46,43.5,902.32,962.35,828.12
19671012,36.28,43.22,43.16,896.82,957.08,826.58
19671013,36.02,42.96,42.91,893.07,949.7,822.37
19671016,36.32,43.13,43.12,895.21,951.26,824.29
19671017,35.98,42.87,42.65,890.09,943.01,818.17
19671018,35.97,42.79,42.67,887.29,941.39,817.02
19671019,36.09,42.95,42.79,886.24,942.85,823.05
19671020,36.01,42.97,42.73,886.59,942.2,827.02
19671023,35.84,42.84,42.48,887.68,939.04,829.11
19671024,35.57,42.58,42.16,880.98,937.04,825.36
19671025,35.23,42.32,41.71,874.66,933.09,821.5
19671026,35.25,42.21,41.75,874.46,932.8,826.24
19671027,35.36,42.43,42.11,877.54,936.08,831.98
19671030,35.34,42.46,42.2,879.12,935.97,831.36
19671031,35.28,42.6,42.2,879.6,932.96,831.08
19671101,34.94,42.24,41.66,871.32,926.94,823.57
19671102,34.55,41.92,41.14,857.39,916.78,813.62
19671103,34.32,41.7,40.78,856.33,912.17,807.96
19671106,34.28,41.63,40.89,849.84,906.56,803.77
19671108,34,41.54,40.85,847.26,902.52,801.27
19671109,33.9,41.51,40.65,845.32,900.67,795.18
19671110,33.89,41.53,40.78,850.67,904.5,798.68
19671113,34.05,41.79,41,857.83,909.06,802.86
19671114,33.84,41.56,40.52,851.16,909.33,799.71
19671115,33.45,40.99,39.77,845.19,905.03,792.67
19671116,33.38,40.97,39.85,847.5,907.7,800.35
19671117,33.64,41.38,40.36,850.26,914.8,814.7
19671120,33.9,41.64,40.69,849.5,915.95,821.55
19671121,33.12,40.68,39.78,839.33,905.97,807.17
19671122,33.88,41.64,41.05,849.35,916.96,827.81
19671124,34.2,42.04,41.5,856.51,922.7,831.43
19671127,34.15,42.02,41.55,858.16,925.34,833.06
19671128,34.23,42.28,41.89,858.89,929.45,836.47
19671129,34.44,42.6,42.2,861.82,932.8,838.87
19671130,34.56,42.73,42.29,861.2,934.69,836.57
19671201,34.39,42.6,42.13,858.07,930.11,832.48
19671204,34.71,42.88,42.73,865,931.96,837.68
19671205,35.07,43.46,43.21,867.13,934.09,849.52
19671206,35.15,43.4,43.01,868.92,935.99,848.53
19671207,35.2,43.47,43.32,869.97,939.81,853.03
19671208,35.3,43.46,43.29,868.33,937.79,854.36
19671211,35.35,43.46,43.48,866.9,936.36,854.29
19671212,35.54,43.47,43.76,863.14,933.41,854.65
19671213,35.51,43.65,44.16,863.86,932.47,853.47
19671214,35.77,43.97,44.58,867.71,935.3,857.04
19671215,35.95,44.25,44.71,866.74,937.83,858.02
19671218,35.74,43.99,44.24,868.03,933.99,846.98
19671219,35.78,43.99,44.18,869.34,933.26,838.79
19671220,35.76,44.14,44.25,867.47,932.36,838.32
19671221,36.06,44.31,44.56,871.34,939.17,842.14
19671222,36.27,44.55,44.58,872.69,943.39,841.75
19671226,36.52,44.65,44.62,873.87,942.5,836.91
19671227,36.78,44.92,44.89,875,942.79,838.26
19671228,37.03,45.12,45.4,879.79,948.06,846.27
19671229,36.96,45.11,45.39,879.5,946.93,847.14
19680102,38.24,46.66,47.92,890.64,965.65,889.04
19680103,38.57,46.73,48.02,898.08,963.38,876.57
19680104,38.63,46.55,47.46,896.46,960.19,865.64
19680105,38.65,46.5,47.37,897.22,960.85,855.34
19680108,39.3,46.92,47.85,905.25,967.63,856.46
19680109,39.76,47.29,48.14,912.39,976.03,860.1
19680110,39.64,47.45,47.95,912.66,973.37,859.58
19680111,39.76,47.58,48.29,908.39,974.78,864.1
19680112,40.23,48.11,48.8,906.39,977.34,866.2
19680115,40.34,48.48,49.19,909.43,976.02,869.31
19680116,40.55,48.66,49.35,905.93,972.06,874.84
19680117,40.43,48.57,49.43,903.58,964.95,867.85
19680118,40.8,48.77,49.54,903.36,961.87,867.5
19680119,41.01,49.18,49.77,901.37,960.42,868.53
19680122,40.87,49.11,49.6,900,957.32,864.12
19680123,40.11,48.36,48.71,889.41,947.47,848.26
19680124,39.82,48.07,48.26,885.44,939.6,848.68
19680125,39.8,48.02,48.15,882.41,936.72,842.4
19680126,39.75,47.96,47.96,883.56,935.65,845.4
19680129,40.06,48.32,48.28,884.06,937.05,847.25
19680130,39.99,48.19,48.08,887.02,935.94,843.11
19680131,39.7,47.84,47.45,881.7,934.12,834.93
19680201,39.39,47.25,46.92,876.83,928.36,822.89
19680202,39.5,47.28,46.85,878.14,931.64,826.52
19680205,39.4,47.15,46.63,876.89,928.36,822.87
19680206,39.1,46.76,46.14,874.99,922.73,819.34
19680207,39.04,46.84,46.15,873.42,923.85,819.98
19680208,39.1,46.93,46.17,877.06,923.95,821.63
19680209,38.17,46.04,44.98,870.5,914.49,804.48
19680213,37.5,45.13,44.16,862.45,903.14,793.74
19680214,36.84,44.34,43.31,853.16,895.35,786.23
19680215,37.42,44.98,44.01,862.14,902.94,802.3
19680216,37.75,45.34,44.36,863.35,904.65,804.03
19680219,37.69,45.33,44.18,861.21,903.06,796.3
19680220,37.85,45.55,44.42,863.98,904.7,801.44
19680221,38.27,45.9,44.89,868.39,908.24,809.73
19680223,38.39,46.1,45.15,869.99,912.42,814.08
19680226,38.22,45.75,44.77,865.8,911.59,806.6
19680227,37.73,45.23,44.09,859.35,905.19,798.29
19680228,37.86,45.43,44.37,861.1,907,805.3
19680229,37.74,45.21,44.05,860.46,903.15,797.36
19680301,37.39,44.68,43.49,855.27,897,787.15
19680304,37,44.25,42.96,852.54,895.5,781.88
19680305,36.17,43.16,41.68,844.72,885.5,763.19
19680306,35.68,42.68,41.03,838.73,881.42,766.57
19680307,36.56,43.58,42.14,850.47,894.16,785.21
19680308,36.63,43.7,42.27,848.26,893.49,782.58
19680311,36.64,43.58,42.18,848.6,893.62,780.36
19680312,37.26,44.3,43.05,854.89,902.52,797.44
19680313,37.48,44.49,43.36,852.25,905.02,799.55
19680314,37.64,44.54,43.38,849.02,905.7,795.12
19680315,36.53,43.43,41.93,836.67,888.57,775.39
19680318,36.67,43.55,42.24,840.91,894.19,786.02
19680319,36.9,44.09,42.83,844.38,898.33,793.85
19680320,36.71,43.94,42.55,838.39,894.44,785.79
19680321,36.65,43.87,42.45,837.06,894.03,785.91
19680322,36.29,43.44,41.9,831.02,889.25,776.63
19680325,36.24,43.37,41.7,832.57,888.05,779.01
19680326,36.15,43.27,41.56,831.85,886.54,778.97
19680327,36.38,43.53,41.84,834.38,890.94,788.39
19680328,36.71,43.9,42.38,838.82,898.99,797.01
19680329,36.82,43.94,42.22,837.66,898.23,796.54
19680401,37.1,44.31,42.79,844,904.34,805.68
19680402,37.65,45.13,43.67,863.05,928.75,827.77
19680403,37.83,45.2,43.91,867.8,928.37,830.09
19680404,38.03,45.53,44.31,875.38,938.29,835.59
19680405,38.33,45.73,44.72,877.84,940.2,843.79
19680408,38.15,45.62,44.74,873.63,934.1,838.91
19680410,38.76,46.3,45.69,889.19,947.59,858.03
19680411,39.03,46.65,45.95,891.7,959.71,861.18
19680415,39.5,47.22,46.7,900.95,968.44,869
19680416,39.8,47.61,47.01,900.58,971.08,869.11
19680417,40.11,48.08,47.35,900.8,971.02,870.46
19680418,40.46,48.66,47.82,903.72,972.26,872.4
19680419,40.86,49.04,48.16,904.64,975.58,874.02
19680422,40.34,48.41,47.54,889.85,964.95,864.49
19680423,40.27,48.3,47.55,884.01,958.16,863.25
19680424,41.03,48.93,48.38,892.51,967.16,880.06
19680425,41.29,49.24,48.85,894.17,968.57,882.95
19680426,41.66,49.49,49.12,896.71,970.59,886.82
19680429,42.05,49.73,49.5,898.78,973.98,889.6
19680430,42.26,49.94,49.77,899.67,975.84,893.4
19680501,42.47,50.12,50.2,898.47,977.1,896.23
19680502,42.63,50.27,50.53,900.56,978.57,902.49
19680503,42.86,50.56,50.74,904.47,983.79,910.88
19680506,42.83,50.59,50.72,907.41,984.59,908.91
19680507,42.98,50.49,50.67,905.4,981.95,905.87
19680508,43.53,50.76,51.06,910.21,987.46,909.7
19680509,43.61,51.13,51.29,910.22,987.77,910.25
19680510,43.4,50.89,50.86,904.82,983.24,905.21
19680513,44.01,51.29,51.4,902.1,987.23,907.12
19680514,44.15,51.58,51.56,901.76,984.32,903.71
19680515,44.14,51.62,51.61,903.67,981.28,903.86
19680516,44.14,51.94,51.68,902.76,981.78,901.69
19680517,43.97,51.82,51.58,898.08,979.17,894.68
19680520,43.89,51.83,51.44,894.27,973.95,885.59
19680521,43.78,51.74,51.16,890.18,968.81,881.22
19680522,44.17,52.34,51.82,891.63,972.76,889.59
19680523,44.53,52.86,52.48,891.33,975.08,893.41
19680524,44.55,52.99,52.6,887.73,973.77,893.1
19680527,44.79,53.28,53.06,890.57,973.65,897.05
19680528,45.05,53.46,53.47,887.66,969.82,900.33
19680529,45.39,53.9,53.99,892.59,975.25,906.64
19680531,45.62,54.1,54.24,893.31,974.26,916.11
19680603,45.81,54.57,54.89,897.15,980.74,927.72
19680604,46.35,55.27,55.26,905.33,990.85,946.35
19680605,46.74,55.71,55.98,909.48,997.4,952.23
19680606,46.52,55.37,55.65,908.16,993.31,945.12
19680607,47.18,56.08,56.59,912.17,999.4,957.11
19680610,47.66,56.6,57.15,917.19,1005.01,964.81
19680611,47.66,56.64,57.06,915.96,1010.92,967
19680613,47.95,56.83,57.32,919.14,1011.82,970.09
19680614,47.67,56.63,56.71,918.71,1010.87,960.62
19680617,47.63,56.31,56.64,920.35,1012.32,953.77
19680618,47.01,55.46,55.66,914.86,1006.43,935.33
19680620,47.13,55.37,55.48,912.33,1006.47,934.26
19680621,47.29,55.45,55.72,917.17,1008.75,943.78
19680624,47.28,55.59,55.78,920.67,1010.46,943.47
19680625,47.01,55.37,55.43,921.85,1010.49,932.24
19680627,46.59,55.03,54.85,917.67,1004.66,932.12
19680628,46.7,55.01,54.46,914.5,1001.89,933.45
19680701,41.44,57.72,54.44,808.99,1038.33,947.62
19680702,41.47,57.55,54.36,805.83,1039.77,941.86
19680703,41.67,58.02,54.7,807.95,1041.99,948.83
19680708,42.31,58.92,55.9,819.86,1051.14,962.37
19680709,42.85,59.56,56.69,825.75,1060.93,975.11
19680711,43.01,59.81,56.77,829.81,1064.78,975.19
19680712,43.05,59.98,56.72,837.88,1067.59,970.45
19680715,43.16,60.05,56.78,837.16,1069.05,968.01
19680716,43.22,60.05,56.69,837.59,1067.68,965.16
19680718,43.25,59.76,56.31,834.03,1063.09,958.27
19680719,43.14,59.33,55.91,836.38,1061.13,953.38
19680722,42.81,58.71,55.08,830.67,1056.15,936.97
19680723,42.09,57.49,53.67,819.72,1046.49,921.8
19680725,41.86,57.12,53.35,814.01,1043.53,924.06
19680726,41.3,56.43,52.48,804.69,1034.5,906.89
19680729,41.31,56.33,52.33,810.69,1038.85,906.71
19680730,40.66,55.66,51.37,799.51,1033.26,900.09
19680801,40.87,55.72,51.34,800.93,1029.77,907.34
19680802,40.63,55.49,50.91,800.14,1024.31,901.62
19680805,40.38,55.22,50.7,795.83,1016.35,897.51
19680806,40.67,55.54,51.28,795.77,1019.42,901.15
19680808,41.07,55.94,51.74,798.59,1022.56,906.46
19680809,41.05,55.77,51.53,798.04,1021.35,902
19680812,41.05,55.76,51.61,794.55,1021.8,903.46
19680813,41.62,56.21,52.48,801.25,1029.26,915.11
19680815,41.78,56.47,52.68,804.51,1032.55,921.85
19680816,41.81,56.46,52.64,799.07,1029.86,917.08
19680819,42.18,56.85,52.91,803.46,1035.14,923.52
19680820,42.47,57.17,53.16,805.41,1037.15,927.65
19680822,42.61,57.23,53.17,807.75,1034.83,929.08
19680823,42.49,57.02,52.91,806.82,1032.78,924.03
19680826,42.71,57.15,53.21,807.84,1035.24,919.88
19680827,42.7,57.15,53.29,811.05,1035.96,921.68
19680829,42.67,57.15,53.23,807.84,1034.94,919.38
19680830,42.55,57.08,53.12,809.11,1033.23,919.04
19680903,42.62,57.27,53.48,810.36,1035.91,919.73
19680904,42.7,57.44,53.65,811.3,1042.29,922.94
19680905,42.96,57.85,53.89,815.85,1049.8,928.85
19680906,43.31,58.15,54.31,827.36,1054.38,935.89
19680909,43.58,58.42,54.77,833.89,1056.93,939.7
19680910,43.8,58.63,55.01,833.08,1058.03,940.19
19680912,43.53,58.4,54.72,828.9,1053.16,934.63
19680913,43.64,58.4,54.78,831.55,1049.54,930.22
19680916,43.89,58.65,55.39,835.28,1052.63,933.94
19680917,44.05,58.94,55.65,847.51,1056.03,935.94
19680919,44.15,58.99,55.79,849.14,1057.98,939.73
19680920,44.32,59.16,56.09,851.91,1057.12,941.91
19680923,44.39,59.32,56.19,853,1058.83,941.05
19680924,44.59,59.55,56.61,859.69,1062.63,948.82
19680926,44.85,60.06,57.04,863.43,1065.42,952.57
19680927,44.73,60.21,57.05,861.35,1064.28,948.66
19680930,44.97,60.78,57.37,860.78,1064.66,948.05
19681001,45.47,60.73,57.78,867.1,1068.01,950.85
19681003,45.68,60.98,58.12,870.07,1070.14,949.7
19681004,45.82,61.3,58.13,874.1,1073.98,953.04
19681007,45.78,61.25,57.96,876.73,1077.54,955.98
19681008,45.71,61.25,57.81,875.68,1078.72,954.75
19681010,45.6,61.11,57.54,874.03,1080.04,955.09
19681011,45.5,60.9,57.43,872.55,1075.43,950.78
19681014,45.68,61.05,57.82,872.03,1075.97,947.68
19681015,45.88,61.06,58.12,874.07,1078.37,947.9
19681017,46.07,61.22,58.41,878.81,1080.65,947.21
19681018,46.31,61.5,58.42,887.54,1084.03,952.59
19681021,46.49,61.87,58.58,895.17,1089.83,961.76
19681022,46.47,62.01,58.64,898.72,1092.35,961.52
19681024,46.32,61.92,58.59,896.27,1090.36,955.84
19681025,46.19,61.8,58.4,888.15,1085.85,947.53
19681028,46.42,62.06,58.66,892.01,1089.62,949.47
19681029,46.22,61.78,58.34,889.66,1088.6,942.74
19681031,45.86,61.26,57.88,888.8,1083.11,935.06
19681101,45.54,61.87,57.78,893.1,1084.19,934.06
19681104,45.28,61.68,57.34,888.46,1080.17,932.33
19681106,45.21,61.64,57.02,891.43,1079.42,935.35
19681107,45.32,61.85,57.23,894.09,1086.01,931.41
19681108,45.33,61.87,57.3,893.8,1086.44,937.64
19681112,45.75,62.35,57.73,898.29,1091.53,941.73
19681113,46.16,62.84,58.41,900.75,1099.92,951
19681114,46.45,63.42,58.97,901.51,1105.55,959.49
19681115,46.68,63.74,59.21,898.41,1107.8,961
19681118,47.02,64.12,59.75,901.64,1114.89,965.34
19681119,47.19,64.15,59.83,903.67,1118,965.24
19681121,47.36,64.28,60.21,902.2,1122.96,968.05
19681122,47.34,64.55,60.38,896.33,1123.27,968.1
19681125,47.67,64.97,60.87,899.08,1125.8,973.01
19681126,47.89,65.17,61.18,901.07,1127.62,975.44
19681127,48.12,65.59,61.62,904.45,1136.07,983.45
19681129,48.42,66,62.06,905.87,1140.12,989.72
19681202,48.81,66.45,62.53,913.67,1145.21,994.88
19681203,48.96,66.62,62.49,917.64,1143.99,990.1
19681205,48.95,66.59,62.57,916.8,1142.53,990.36
19681206,49.05,66.55,62.68,912.41,1139.84,986.38
19681209,49.27,66.96,63.08,918.19,1145,983.6
19681210,49.47,67.16,63.29,915.66,1142.22,980.97
19681212,49.54,67.26,63.35,913.92,1136.91,981.62
19681213,49.67,67.43,63.46,914.1,1136.95,979.69
19681216,50.01,67.63,63.81,918.55,1141.64,978.41
19681217,49.85,67.47,63.61,914.68,1137.21,973.96
19681219,49.61,67.04,63.16,910.75,1130.07,972.49
19681220,49.74,67.16,63.29,909.41,1131.59,980.07
19681223,49.73,67.14,63.39,907.44,1125.45,971.33
19681224,49.34,66.62,62.82,899.61,1113.85,958.7
19681226,49.33,66.65,62.73,896.79,1110.41,960.42
19681227,49.48,66.75,62.82,895.73,1113.23,960.4
19681230,49.13,66.63,62.65,894.13,1109.73,955.46
19681231,48.4,65.68,61.68,889.2,1099.24,944.19
19690102,49.98,67.9,66.23,898.26,1119.1,983.07
19690103,50.18,68.26,66.51,901.29,1118.93,983.09
19690106,50.18,68.32,66.45,903.09,1119.44,981.63
19690107,49.23,67.28,64.99,889.41,1104.99,965.2
19690108,48.08,66.02,63.41,874.59,1091.19,956.64
19690109,47.57,65.7,62.79,868.18,1086.35,954.37
19690110,47.79,65.99,63.21,871.39,1090.66,958.29
19690113,47.72,65.79,62.94,867.69,1090.89,951.4
19690114,46.98,64.85,61.89,864.59,1087.34,941.23
19690115,47.35,65.25,62.44,868.14,1093.73,952.05
19690116,47.91,65.83,63.29,873.73,1099.36,956.64
19690117,48.38,66.5,63.83,877.29,1104.33,963.42
19690120,48.42,66.63,64.04,879.71,1102.48,960.38
19690121,48.52,66.68,64.21,878.16,1100.83,955.48
19690122,48.53,66.75,64.13,874.09,1099.86,956.19
19690123,48.8,67.28,64.67,878.82,1102.06,960.43
19690124,49.3,67.86,65.06,883.94,1107.16,964.06
19690127,49.3,67.9,64.93,883.55,1107.02,963.1
19690128,49.28,67.79,64.91,881.62,1110.43,959.62
19690129,49.3,67.81,64.99,881.26,1112.32,958.48
19690130,49.33,67.8,64.99,880.57,1116.93,956.65
19690131,49.24,67.64,64.8,879.75,1116.8,957.55
19690203,49.34,67.67,65.04,887.24,1121.04,958.9
19690204,49.37,67.52,64.86,888.31,1120.38,954.66
19690205,49.36,67.66,64.9,888.13,1120.78,953.29
19690206,49.19,67.79,64.78,889.43,1124.4,954.36
19690207,49.05,67.91,64.75,890.3,1128.6,957.46
19690211,49.07,67.96,64.84,891.73,1128.3,958.14
19690212,49.24,68,64.99,888.72,1127.5,963.61
19690213,49.23,67.93,64.96,889.88,1126.65,963.48
19690214,49.22,67.75,64.94,892.87,1125.49,966.04
19690217,49.11,67.65,64.88,892.74,1124.81,964.2
19690218,48.2,66.72,63.61,878.42,1116.72,949.07
19690219,47.42,65.7,62.36,870.9,1103.51,939.33
19690220,47.01,65.18,61.73,864.11,1096.42,930.86
19690224,46.36,64.44,60.76,858.69,1084.64,925.26
19690225,45.34,63.46,59.41,849.72,1068.57,916.41
19690226,44.77,62.84,58.62,843.3,1062.59,909.35
19690227,45,62.73,58.93,847.17,1065.34,915.4
19690228,44.76,62.38,58.4,842.6,1063.03,910.27
19690303,44.72,62.31,58.32,842.39,1063.49,909.31
19690304,44.68,62.24,58.27,844.55,1067.47,910.38
19690305,45.14,62.82,58.96,856.04,1076.49,918.98
19690306,45.33,63.02,59.09,855.99,1077.85,923.89
19690307,44.69,62.36,58.09,843.27,1068.46,912.95
19690310,44.36,61.91,57.63,843.19,1069.86,910.19
19690311,44.48,62.19,57.89,847.94,1070.92,914.94
19690312,44.75,62.61,58.28,853.19,1074.69,917.92
19690313,44.57,62.52,58.14,854.25,1072.45,912.52
19690314,44.26,62.09,57.48,847.02,1067.98,904.38
19690317,43.96,61.6,56.83,841.74,1063.25,901.38
19690318,43.9,61.53,56.92,843.19,1063.12,908.42
19690319,44.23,61.82,57.37,843.18,1065.81,911.92
19690320,44.5,62.29,57.94,846.19,1073.44,921.61
19690321,44.84,63.02,58.51,848.25,1081.25,927.33
19690324,44.86,63.12,58.61,846.81,1079.88,923.53
19690325,44.78,63.11,58.58,846.19,1077.68,922.38
19690326,44.78,63.24,58.68,850.2,1078.91,922.62
19690327,45.01,63.43,59.15,856.78,1088.12,927.17
19690328,45.35,63.91,59.64,860.05,1097.07,933.39
19690401,45.99,64.38,59.89,863.36,1100.26,939.04
19690402,45.97,64.58,59.65,860.74,1100.71,936.14
19690403,45.6,64.02,59.08,854.81,1093.96,929.72
19690407,45.5,64.11,59.02,856.43,1091.81,928.61
19690408,45.01,63.41,58.23,848.15,1083.71,921.47
19690409,45.11,63.48,58.35,849.29,1088.15,921.84
19690410,45.46,63.91,58.76,857.06,1095.3,931.79
19690411,45.67,64.29,58.95,860.8,1101.79,935.16
19690414,45.79,64.4,59,860.87,1104.78,934.79
19690415,45.69,64.19,58.94,859.8,1105.23,932.3
19690416,45.5,64.18,58.78,858.23,1106.44,930.99
19690417,45.13,63.67,58.23,850.21,1097.02,922.34
19690418,45.22,63.76,58.21,851.87,1100.3,921.33
19690421,45.38,63.87,58.21,851.73,1106.99,925.67
19690422,44.9,63.32,57.42,845.98,1099.95,917.85
19690423,44.94,63.41,57.33,847.53,1100.23,923.15
19690424,45,63.84,57.49,845.34,1102.62,923.48
19690425,45.26,64.02,57.72,845.97,1107.3,931.05
19690428,45.42,64.33,58.05,850.96,1110.85,935.75
19690429,45.52,64.67,58.19,852.21,1112.72,942.63
19690430,45.96,65.27,58.96,860.75,1119.18,952.44
19690501,45.86,66,60.11,865.92,1128.32,962.54
19690502,45.96,66.34,60.07,868.71,1125.12,960.34
19690505,46.25,66.46,60.38,870.57,1131.27,964.66
19690506,46.65,66.76,60.84,873.24,1136.63,967.96
19690507,46.84,66.97,61.25,881.22,1141.83,972.53
19690508,46.67,66.9,61.13,877.43,1143.22,966.95
19690509,46.73,67,61.36,879.71,1147.26,971.25
19690512,46.77,66.93,61.17,877.33,1149.38,970.32
19690513,46.71,66.55,60.88,877.25,1148.86,966.69
19690514,46.93,66.81,61.12,881.1,1151.9,972.07
19690515,47.06,67.25,61.29,887.05,1161.85,978.05
19690516,47.01,67.17,61.03,882.08,1160.99,973.65
19690519,46.87,67.13,60.95,883.53,1160.84,975.68
19690520,46.57,66.69,60.54,877.04,1150.8,965.34
19690521,46.25,66.25,60.14,867.95,1143.37,954.98
19690522,46.51,66.54,60.48,872.01,1147.29,959.43
19690523,46.56,66.74,60.44,871.74,1149.36,961.63
19690526,46.51,66.73,60.3,871.35,1148.05,962.85
19690527,46.37,66.65,60.06,867.75,1145.76,960.86
19690528,45.94,66.08,59.58,861.09,1139.19,950.7
19690529,45.96,65.93,59.44,856.85,1135.38,949.95
19690602,46.7,66.27,59.39,865.46,1139.28,949.71
19690603,46.49,65.84,59.17,859.24,1133,945.96
19690604,46.23,65.5,58.79,856.73,1130.35,942.69
19690605,46.2,65.42,58.77,854.54,1132.04,943.14
19690606,46.19,65.45,58.75,854,1133.8,945.04
19690609,45.88,64.83,58.29,850.43,1127.27,936.73
19690610,45.4,64.13,57.55,842.96,1115.64,929.67
19690611,45,63.69,57.06,837.75,1106.08,922.94
19690612,44.51,62.87,56.23,830.3,1096.69,914.01
19690613,43.58,61.85,55.18,819.73,1081.45,902.58
19690616,43.67,61.95,55.22,822.64,1084.91,907.48
19690617,43.3,61.5,54.75,818.8,1081.16,905.71
19690618,42.76,60.94,54.04,817.13,1074.52,903.98
19690619,42.65,60.67,53.92,813.2,1074.89,900.97
19690620,42.09,59.73,52.85,810.07,1065.29,896.36
19690623,41.58,59.04,52.08,804.16,1059.68,889.85
19690624,40.91,58.24,51.24,797.96,1054.47,887.3
19690625,41.38,58.73,51.81,805.24,1063.59,901.28
19690626,41.13,58.41,51.47,800.89,1062.21,896.15
19690627,41,58.36,51.38,796.99,1061.98,905.58
19690630,40.95,58.47,51.49,797.4,1062.07,906.57
19690701,39.96,49.23,49.92,896.46,1016.15,779.7
19690702,40.25,49.57,50.36,897.07,1021.19,784.5
19690703,40.68,50.02,51.01,904.57,1027.67,796.06
19690707,41.14,50.54,51.63,909.88,1035.09,803.39
19690708,40.98,50.29,51.1,906.29,1029.55,794.66
19690709,40.58,49.63,50.35,897.18,1016.16,778.74
19690710,40.25,49.19,49.73,890.62,1008.67,772.69
19690711,39.52,48.37,48.61,879.62,993.51,758.06
19690714,39.44,48.2,48.49,883.73,996.82,761.81
19690715,38.95,47.49,47.53,872.06,986.72,747.18
19690716,38.65,47.06,47.01,869.69,981.4,747.7
19690717,39.03,47.64,47.64,876.81,991.18,758.39
19690718,39.18,47.74,47.83,882.93,997.92,760.07
19690722,38.96,47.52,47.54,876.73,990.59,751.52
19690723,38.52,46.99,46.59,863.36,976.28,737.76
19690724,38.12,46.39,46.09,858.39,970.51,739.27
19690725,37.96,46.12,45.83,854.3,968.4,734.28
19690728,37.6,45.59,45.07,851.44,957.06,725.08
19690729,36.37,44.24,43.04,835.07,938.27,709.23
19690730,35.83,43.53,42.22,826.92,930.16,704.89
19690731,35.94,43.65,42.81,827.91,935.18,711.55
19690801,36.71,44.73,44.24,844.68,952.97,732.28
19690804,37.28,45.79,45.61,857.96,972.13,746.3
19690805,37.17,45.5,45.25,848.37,970.5,740.86
19690806,37.18,45.49,45.31,851.61,971.97,750.69
19690807,37.51,45.7,45.96,857.77,975.89,757.12
19690808,37.49,45.73,46.08,859.26,978.28,755.27
19690811,37.51,45.79,46.02,860.12,976.79,754.79
19690812,37.12,45.44,45.54,854.35,971.35,750.05
19690813,36.81,45.02,44.95,846.49,963.75,745.27
19690814,36.71,44.83,45.02,843.06,965.62,748.18
19690815,36.95,45.22,45.68,847.3,971.94,756.76
19690818,37.12,45.46,46.14,855.74,978.98,762.82
19690819,37.44,45.83,46.77,860.45,984.85,769.95
19690820,37.68,46.16,47.22,864.11,991.03,773.54
19690821,37.69,46.22,47.11,863.03,990.35,776.08
19690822,37.73,46.33,47.22,862.79,994.54,777.82
19690825,37.91,46.54,47.62,867.75,999.99,783.98
19690826,37.62,46.39,47.15,861.11,992.16,771.49
19690827,37.34,46,46.68,854.26,984.12,767.83
19690828,37.37,46.06,46.96,855.16,986.46,771.44
19690829,37.43,46.16,47.06,856.96,989.81,777.82
19690902,37.65,46.53,47.68,862.89,998.05,781.06
19690903,37.62,46.5,47.6,861.55,999.26,777.3
19690904,37.42,46.16,47.01,859.68,991.42,771.28
19690905,37.16,45.91,46.39,850.75,982.19,767.08
19690908,36.96,45.72,46.02,845.73,976.36,762.54
19690909,36.59,45.3,45.31,838.56,967.03,752.2
19690910,36.59,45.54,45.69,845.07,973.53,759.43
19690911,37.1,46.09,46.52,854.13,990.78,775.47
19690912,37.02,46.02,46.36,851.76,982.19,768.56
19690915,37.05,45.97,46.34,852.09,983.47,769.61
19690916,37.2,46.41,46.92,854.45,991.48,772.98
19690917,37.35,46.44,47.07,853.52,991.76,777.11
19690918,37.28,46.33,46.96,851.5,987.11,776.66
19690919,37.42,46.53,47.22,855.2,988.86,779.59
19690922,37.56,46.81,47.59,854.13,992.33,784.57
19690923,37.66,46.93,47.76,854.15,995.28,792.88
19690924,37.66,47.11,47.89,853.92,995.63,792.01
19690925,37.54,47.02,47.79,854.3,992.85,789.76
19690926,37.44,46.75,47.48,854.32,984.55,779.14
19690929,37.34,46.47,47.2,849.11,977.23,774.26
19690930,37.16,46.16,46.8,842.62,968.8,771.5
19691001,37.01,45.87,46.75,836.98,966.88,769.64
19691002,36.91,45.58,46.52,832.42,960.54,765.17
19691003,37.11,45.82,47.17,837.53,969.63,773.15
19691006,36.99,45.81,47.01,836.95,969.49,772.88
19691007,36.86,45.94,47.15,834.44,971.44,777.61
19691008,36.79,45.83,47.05,833.69,969.18,774.1
19691009,36.61,45.62,46.67,828,966.34,768.61
19691010,36.6,45.69,46.73,831.04,968.68,774.83
19691013,36.75,46.1,47.34,834.48,976.18,777.85
19691014,37.35,46.84,48.61,843.52,986.86,788.53
19691015,37.87,47.45,49.45,857.81,997.96,798.83
19691016,38.26,47.69,49.57,859.55,997.6,798.69
19691017,38.63,48.12,49.97,864.76,1007.15,800.72
19691020,38.81,48.22,50.15,864.29,1006.06,799.36
19691021,39.11,48.41,50.67,868.37,1006.7,802.83
19691022,39.61,48.83,51.48,875.3,1014.07,809.07
19691023,39.92,49.31,51.78,883.37,1020.69,811.31
19691024,39.84,49.3,51.52,879.92,1016.9,810.09
19691027,40.04,49.67,51.9,884.17,1022.06,821.2
19691028,40.1,49.7,52.14,879.73,1021.62,821.06
19691029,39.93,49.62,51.84,879.34,1018.35,817.7
19691030,39.65,49.25,51.28,873.9,1010,807
19691031,39.7,49.33,51.66,875.21,1011.23,810.53
19691103,39.81,49.39,51.88,875.25,1016.8,812.79
19691104,39.8,49.27,51.62,874.56,1016.53,811.96
19691105,39.86,49.4,51.89,873.03,1017.5,814.03
19691106,40.06,49.6,52.13,879.84,1020.78,817.37
19691107,40.16,49.57,52.07,877.66,1022.42,819.16
19691110,40.35,49.72,52.47,888.79,1026.53,823.84
19691111,40.28,49.73,52.33,889.08,1027.14,825.99
19691112,40.14,49.71,52,888.2,1022.46,822.89
19691113,40.17,49.7,51.91,884.24,1022.49,822.05
19691114,39.85,49.3,51.37,882.77,1015.59,818.25
19691117,39.67,49.04,51.06,882.59,1009.61,815.02
19691118,39.28,48.6,50.47,874.88,1001.33,811.01
19691119,39.13,48.29,50.23,873.83,1001.14,811.26
19691120,38.88,48,49.72,873.2,994.58,805.49
19691121,38.37,47.33,48.78,863.92,984.02,796.19
19691124,38.13,46.9,48.3,860.21,976.84,789.98
19691125,37.63,46.23,47.53,849.52,967.41,781.24
19691126,37.48,46.11,47.62,844.68,964.47,782.05
19691128,37.52,46.28,48.09,844.15,968.4,787.44
19691201,37.75,46.88,48.51,845.24,973.95,796.73
19691202,37.42,46.4,47.74,838.47,966.64,793.92
19691203,37.12,46.01,47.33,833.39,961.37,786.94
19691204,36.58,45.33,46.36,824.59,949.61,779.89
19691205,36.53,45.43,46.87,825.49,953.49,784.18
19691208,36.34,45.14,46.4,825.87,951.07,779.63
19691209,35.84,44.45,45.43,815.06,940.4,769.57
19691210,35.61,44.11,45.22,811.04,940.6,769.24
19691211,35.34,44.07,45.27,807.14,941.79,769.2
19691212,35.31,44.16,45.33,808.48,942.7,769.04
19691215,35.39,44.34,45.61,811.78,944.79,772.87
19691216,35.26,44.3,45.54,809.33,941.43,772.7
19691217,34.73,43.74,44.78,799.15,935.96,763.88
19691218,34.43,43.45,44.41,794.22,932.48,760.29
19691219,34.86,43.99,45.24,808.28,945.69,774.84
19691222,35.24,44.51,45.63,814.82,953,782.52
19691223,34.79,44.04,44.98,808.62,945.15,772.5
19691224,34.44,43.76,44.48,807.36,943.22,763.69
19691226,34.92,44.29,45.39,814.6,953.44,774.61
19691229,35.16,44.67,45.91,819.2,960.4,784.1
19691230,34.87,44.29,45.29,811.13,955.41,778.82
19691231,34.92,44.33,45.47,813.58,960.54,781.63
19700102,36.23,45.43,48.3,817.99,978.94,810.17
19700105,37.22,46.44,49.59,831.93,986.16,817.36
19700106,37.84,47.06,50.1,841.66,988.69,820.28
19700107,37.66,46.85,49.57,837.64,979.57,815.83
19700108,37.65,46.9,49.76,833.91,978.16,815.76
19700109,37.68,47.05,49.9,831.02,980.51,816.05
19700112,37.75,47.08,49.68,828.08,977.82,813.42
19700113,37.45,46.83,49.11,818.9,972.39,807.14
19700114,37.38,46.76,49,816.91,971.73,812.95
19700115,37.21,46.58,48.74,815.62,970.88,809.07
19700116,37.1,46.62,48.59,813.3,969.4,813.81
19700119,36.88,46.25,48.13,810.12,963.86,801.03
19700120,36.68,46.06,47.55,803.59,953.81,780.01
19700121,36.77,46.27,47.8,804.04,952.75,786.03
19700122,36.82,46.49,47.85,807.1,952.83,786.27
19700123,36.86,46.59,47.93,804.83,954.76,787.16
19700126,36.52,46.08,47.31,799.18,943.31,779.93
19700127,36.12,45.54,46.49,791.35,935.59,767.14
19700128,35.89,45.35,46.24,787.17,928.8,761.53
19700129,35.69,45.01,45.85,778.22,919.57,754.61
19700130,35.29,44.47,45.09,772.66,905.91,743.74
19700202,35.07,44.17,44.31,770.26,895.58,734.54
19700203,35.22,44.29,44.45,778.44,901.07,743.28
19700204,35.62,44.67,45.08,788.02,914.34,750.42
19700205,35.36,44.27,44.51,784.61,910.15,739.67
19700206,35.19,43.98,44.15,780.19,907.48,736.37
19700209,35.43,44.2,44.58,782.58,910.57,745.21
19700210,35.66,44.48,44.87,787.47,918.15,752.96
19700211,35.48,44.29,44.45,782.59,907.44,745.99
19700212,35.61,44.62,44.85,786.63,915.98,756.21
19700213,35.69,44.7,44.87,785.6,914.11,753.78
19700216,35.68,44.75,44.68,789.92,911.25,749.72
19700217,35.78,44.69,44.72,789.32,910.66,748.56
19700218,35.69,44.56,44.58,789.58,907.47,749.41
19700219,35.91,44.86,45.05,799.1,919.41,758.1
19700220,35.94,44.86,45.1,802.76,922.46,759.58
19700224,36.01,44.67,45,805.37,926.49,759.49
19700225,36.08,44.66,44.76,806.17,928.04,754.97
19700226,36.5,45.14,45.6,820.16,944.09,763.82
19700227,36.41,45.05,45.28,816.78,937.63,761.7
19700302,36.67,45.41,45.81,824.67,949.22,761.33
19700303,36.72,45.46,45.68,829.58,951.8,757.9
19700304,36.8,45.58,45.8,836.66,958.02,759.65
19700305,36.96,45.52,45.57,839.02,955.18,753.89
19700306,37.09,45.66,45.6,842.33,953.56,753.46
19700309,36.97,45.52,45.25,837.06,948.6,745.68
19700310,36.68,45.03,44.67,831.51,939.08,733.5
19700311,36.67,45,44.55,828.92,940.58,739.31
19700312,36.67,44.82,44.43,831,937.89,738.91
19700313,36.46,44.56,44.08,827.91,933.39,735.9
19700316,36.34,44.17,43.57,826.81,926.75,730.04
19700317,35.97,43.86,42.76,817.93,917.62,719.76
19700318,36.02,43.94,42.92,817.15,923.09,724.68
19700319,36.1,44,42.92,819.37,926.35,726.21
19700320,35.99,43.76,42.6,818.06,924.46,724.26
19700323,35.77,43.49,41.98,816.86,920.5,718.76
19700324,35.66,43.46,41.86,817.45,918.27,719.74
19700325,35.83,43.66,42.19,826.99,927.46,728.95
19700326,36.56,44.49,43.53,846.14,946.22,744.26
19700330,36.62,44.7,43.63,844.93,948.52,744.24
19700331,36.56,44.6,43.55,839.75,945.1,746.23
19700401,36.52,44.61,43.59,840.08,944.71,745.66
19700402,36.6,44.91,43.73,842.07,950.39,748.82
19700403,36.59,44.78,43.52,838.87,949.02,741.98
19700406,36.62,44.71,43.15,837.01,946.05,733.33
19700407,36.46,44.45,42.4,833.61,940.71,720.8
19700408,36.38,44.21,42.15,834.18,936.39,717.29
19700409,36.19,44.19,41.89,831.37,935.7,717.65
19700410,36.06,43.87,41.61,833.12,934.72,716.99
19700413,35.86,43.49,41.18,826.94,930.69,718.77
19700414,35.38,42.91,40.38,825.15,924.72,707.45
19700415,34.99,42.44,39.65,815.84,919.94,701.02
19700416,34.87,42.22,39.42,813.83,918.71,696.97
19700417,34.49,41.84,38.55,807.99,908,689.35
19700420,34.29,41.57,38.36,805.54,904.86,689.45
19700421,34.32,41.5,38.54,806.63,905.59,693.31
19700422,34.11,41.16,38.15,805.8,899.97,688.17
19700423,33.54,40.49,37.15,796.21,889.58,674.97
19700424,32.9,39.65,36.04,783.61,877,663.13
19700427,32.62,39.24,35.69,782.06,873.2,659.91
19700428,31.81,38.42,34.5,770.75,859.8,645.25
19700429,31.22,37.81,33.62,758.95,849.97,632.61
19700430,31.79,38.44,34.72,768.61,866.91,652.68
19700501,31.66,38.48,34.49,765.43,863.84,647.91
19700504,31.65,38.53,34.33,766.32,862.73,645.12
19700505,30.97,37.54,33,751.09,840.62,622.26
19700506,30.59,37.08,32.26,742.24,832.2,615.37
19700507,31.06,37.54,32.99,749.32,841.26,624.55
19700508,31.2,37.85,33.26,754.07,845.05,629.47
19700511,31.14,37.65,33.09,748.62,840.71,626.36
19700512,30.81,37.22,32.64,742.56,832.04,616.42
19700513,30.5,36.88,32.19,735.54,826.28,607.98
19700514,30,36.16,31.33,727.18,810.97,595.88
19700515,29.33,35.39,30.5,716.41,800.64,586.48
19700518,29.78,35.82,31.12,731.5,816.34,595.93
19700519,29.75,35.86,31.19,732.06,817.57,596.39
19700520,29.24,35.22,30.33,720.85,802.54,578.34
19700521,28.56,34.27,29.1,706.47,782.5,558.24
19700522,27.88,33.35,28.19,693.02,768.67,544.87
19700525,27.67,33.06,27.97,689.11,770.42,545.15
19700526,26.53,31.48,26.53,672.7,746.68,525.45
19700527,26.09,30.97,25.85,662.08,736.69,521.56
19700528,27.41,32.62,28.07,688.77,774.79,555.83
19700529,28.34,33.71,29.18,706.08,792.78,573
19700601,29.06,34.68,30.14,720.78,813.91,594.63
19700602,29.62,35.53,31.16,725.91,830.06,609.98
19700603,29.72,35.64,31.53,727.02,830.93,607.47
19700604,30.19,36.26,32.29,732.51,839.39,615.24
19700605,29.84,35.76,31.42,726.39,827.7,598.73
19700608,29.33,35.11,30.7,713.42,814.73,590.68
19700609,29.35,35.08,30.82,713.99,817.11,587.94
19700610,29.3,34.98,30.87,711.78,815.68,592.35
19700611,29.04,34.68,30.53,703.62,808.41,585.81
19700612,28.73,34.17,29.83,695.28,799.17,573.2
19700615,28.56,33.9,29.64,693.55,796.3,570.95
19700616,28.62,34,29.83,695.15,799.13,572.86
19700617,29.08,34.5,30.63,708.84,816.5,591.53
19700618,29.07,34.42,30.44,709.17,815.19,587.23
19700619,29.11,34.53,30.49,710.37,819.96,594.88
19700622,29.25,34.72,30.69,714.85,826.56,598.19
19700623,29.03,34.56,30.3,711.48,822.18,593.36
19700624,28.55,33.79,29.26,692.76,804.8,573.71
19700625,28.1,33.21,28.57,685.53,797.99,565.19
19700626,27.98,33.02,28.34,685.25,798.16,566.98
19700629,27.82,32.79,27.92,682.09,791.29,561.84
19700630,27.56,32.38,27.7,680.69,783.23,556.64
19700701,23.13,30.88,26.58,714.09,833.59,431.48
19700702,23.11,30.68,26.5,717.88,837.25,434.45
19700706,23.02,30.48,26.2,717.72,836.18,432.01
19700707,22.72,29.97,25.57,708.54,823.75,422.6
19700708,22.48,29.66,25.19,704.33,816.72,418.48
19700709,22.66,30.05,25.82,718.28,837.8,430.84
19700710,23.05,30.45,26.44,730.54,849.49,439.15
19700713,23.22,30.74,26.63,740.39,854.34,440.75
19700714,23.33,30.77,26.7,741.2,852.77,439.9
19700715,23.3,30.7,26.58,739.41,853.02,438.38
19700716,23.46,30.84,26.83,747.05,861.41,443.8
19700717,23.72,31.22,27.11,761.77,871.06,449.84
19700720,24.07,31.73,27.58,773.13,887.11,456.27
19700721,24.19,31.92,27.72,773.63,889.52,454.04
19700722,23.98,31.73,27.33,764.89,881.91,449.09
19700723,24.03,31.92,27.51,765.55,881.63,451.35
19700724,24.16,32.15,27.83,773.93,892.65,459.07
19700727,24.28,32.24,27.9,775.21,888.87,457.53
19700728,24.26,32.32,27.93,774.8,886.19,456.22
19700729,24.24,32.44,28.15,778.05,887.86,456.88
19700730,24.5,32.67,28.39,781.12,890.01,459.7
19700731,24.6,32.71,28.43,781.7,889.58,460.88
19700803,24.7,32.78,28.39,781.82,888.71,459.06
19700804,24.47,32.47,28.02,774.34,876.1,453.05
19700805,24.51,32.44,28.01,773.96,878.52,453.45
19700806,24.52,32.36,27.89,775.41,877.08,453.17
19700807,24.43,32.24,27.67,776.75,875.41,450.57
19700810,24.52,32.28,27.68,780.57,877.42,450.16
19700811,24.23,31.85,27.26,771.05,864.26,442.88
19700812,24.04,31.7,27.02,767.7,859.7,439.92
19700813,24.07,31.55,26.91,767.86,853.31,438.03
19700814,23.91,31.39,26.66,764.18,844.61,433.83
19700817,24.02,31.36,26.65,768.72,849.24,434.01
19700818,23.97,31.26,26.7,768.11,851.44,435.77
19700819,24.1,31.41,26.89,775.62,860.98,441.61
19700820,24.18,31.64,27.03,784.12,869.01,444.83
19700821,24.2,31.74,27.02,787.44,877.96,448.61
19700824,24.6,32.42,27.62,807.63,892.7,460.88
19700825,25.06,33.32,28.5,816.55,915.45,475.21
19700826,25.35,33.6,28.91,816.15,915.78,481.13
19700827,25.7,33.91,29.29,816.51,918.34,482.02
19700828,25.84,34.16,29.46,814.38,917.23,481.41
19700831,26.19,34.66,30.01,822.32,925.08,489.47
19700901,26.23,34.83,30.14,820.95,920.82,486.94
19700902,26.13,34.63,29.89,815.87,915.07,483.26
19700903,26.11,34.68,30.07,812.44,915.62,484.05
19700904,26.43,35.16,30.68,823.52,929.09,491.14
19700908,26.82,35.67,31.31,828.55,937.6,499.49
19700909,27,35.91,31.76,825.63,942.99,501.85
19700910,26.97,35.87,31.74,823.48,940.62,499.64
19700911,27.04,35.78,31.64,820.76,934.27,496.05
19700914,27.29,36.03,32.26,822.04,936.28,498.87
19700915,27.22,35.91,32.07,816.14,931.83,496.72
19700916,26.87,35.56,31.55,807.98,923.9,491.74
19700917,27.01,35.82,32.01,815.46,926.23,496.05
19700918,27.35,36.25,32.59,821.07,931.16,502.68
19700921,27.57,36.39,32.98,822.5,935.28,505.59
19700922,27.38,36.09,32.56,816.63,926.89,501.38
19700923,27.28,35.93,32.43,815.09,923.37,500.1
19700924,27.58,36.34,33.15,823.43,936.22,508.56
19700925,28.11,37.23,34.33,830.74,947.97,518.17
19700928,28.24,37.26,34.48,832.84,948.59,518.96
19700929,28.35,37.41,34.78,832.02,947.62,518.22
19700930,28.74,37.85,35.26,838.35,950.08,523.45
19701001,28.78,37.95,35.16,836.51,951.05,521.66
19701002,28.65,37.88,35.11,836.83,954.04,521.4
19701005,29.05,38.26,35.7,845.47,961.09,531.24
19701006,29.42,38.88,36.16,857.91,973.92,540.73
19701007,29.5,38.8,35.76,862.85,979.27,537.99
19701008,29.56,38.84,35.89,862.05,979.67,537.27
19701009,29.22,38.49,35.21,853.99,969.7,529.1
19701012,29.04,38.2,34.9,844.36,960.82,523.57
19701013,28.79,37.88,34.55,837.33,951.62,516.98
19701014,28.67,37.77,34.52,832.97,949.84,516.85
19701015,28.64,37.84,34.53,837.82,950.15,516.76
19701016,28.67,37.85,34.51,841.81,955.32,517.98
19701019,28.48,37.46,33.94,840.53,950.89,512.76
19701020,28.06,36.89,33.14,828.97,937.89,505.98
19701021,27.94,36.85,33.39,833.91,943.48,510.21
19701022,27.91,36.67,33.3,834.22,943.11,509.96
19701023,27.75,36.41,33.03,833.68,939.75,506.28
19701026,27.86,36.59,33.31,837.42,943.84,510.25
19701027,27.8,36.39,33.13,831.59,939.78,507.99
19701028,27.59,36.23,32.92,828.61,938.56,505.07
19701029,27.47,36.16,33,829.05,941.91,508.86
19701030,27.42,36.03,32.69,827.54,940.97,508.08
19701102,27.32,35.94,32.6,826.83,940.28,506.95
19701103,27.4,36,32.72,828.76,943.1,510.06
19701104,27.7,36.42,33.12,839.41,949.27,514.11
19701105,27.74,36.41,32.99,843.41,951.55,511.59
19701106,27.64,36.33,32.85,841.59,950.42,508.95
19701109,27.57,36.37,32.69,842.36,952.41,508.87
19701110,27.58,36.57,32.9,845.48,957.93,510.94
19701111,27.61,36.62,32.95,847.26,958.96,512.45
19701112,27.77,36.79,32.94,847.84,963.25,513.05
19701113,27.42,36.28,32.2,836.14,956.11,506.44
19701116,27.16,35.87,31.75,830.08,949.13,500.75
19701117,26.96,35.69,31.6,829.11,946.75,501.13
19701118,26.99,35.65,31.49,830.32,947.54,501.05
19701119,26.67,35.23,30.96,824.71,941.68,496.1
19701120,26.59,35.13,30.84,828,941.54,497.58
19701123,26.76,35.33,31.21,838.01,949.35,503.51
19701124,26.8,35.53,31.28,842.78,955.28,506.03
19701125,26.89,35.67,31.36,850.77,959.35,509.46
19701127,27.02,35.83,31.43,853.75,962.82,512.71
19701130,27.17,36.1,31.79,858.31,974.56,518.62
19701201,27.86,36.91,32.79,870.02,987.81,531.1
19701202,27.97,37.16,32.84,869.92,992.71,532.22
19701203,28.28,37.58,33.34,877.61,1006,540.34
19701204,28.51,37.97,33.35,882.73,1011.48,541.27
19701207,28.74,38.27,33.47,891.1,1015.45,544.21
19701208,28.94,38.57,33.66,893.11,1020.83,549.32
19701209,28.74,38.37,33.4,885.72,1018.39,545.71
19701210,28.65,38.31,33.37,886.31,1019.08,545.42
19701211,28.66,38.56,33.43,890.89,1022.73,546.18
19701214,28.81,38.73,33.65,895.48,1027.05,547.49
19701215,28.53,38.44,33.2,892,1022.03,543.41
19701216,28.46,38.21,33.1,886.85,1022.59,542.08
19701217,28.27,38.34,33.23,888.63,1023.99,542.14
19701218,28.42,38.52,33.31,892.19,1027.01,543.61
19701221,28.51,38.64,33.49,893.02,1029.14,545.05
19701222,28.43,38.6,33.51,890.82,1025.58,543.92
19701223,28.49,38.78,33.61,890.42,1028.12,543.19
19701224,28.66,38.94,33.79,891.83,1028.97,543.64
19701228,29.12,39.42,34.41,895.74,1034.66,548.95
19701229,29.39,39.69,34.65,900.6,1040.18,551.92
19701230,29.87,40.19,35.32,912.46,1050.37,557.91
19701231,29.98,40.34,35.39,915.32,1051.62,558.92
19710104,30.25,41.14,36.8,922.14,1059.88,579.51
19710105,30.25,41.06,36.52,913.61,1047.88,573.48
19710106,30.69,41.66,37.09,918.52,1054.75,580.09
19710107,31.23,42.37,37.57,921.41,1063.07,584.56
19710108,31.44,42.44,37.5,923.5,1063.99,582.65
19710111,31.32,42.44,37.45,921,1063.7,580.67
19710112,31.47,42.6,37.43,915.64,1063.6,581.73
19710113,32.06,43.21,38.02,924.3,1071.8,588
19710114,32.16,43.29,38.13,920.82,1070.46,588.91
19710115,32.33,43.46,38.22,922.21,1073.34,591.14
19710118,32.57,43.81,38.46,926.2,1074.52,594.35
19710119,32.78,44.21,38.61,924.7,1081.66,596.79
19710120,32.88,44.26,38.75,927.03,1086.06,597.38
19710121,33,44.39,38.96,928.54,1085.63,598.27
19710122,33.25,44.68,39.45,934.86,1088.13,603.14
19710125,33.42,44.93,39.85,942.82,1094.64,606.77
19710126,33.62,45.16,40.33,946.94,1098.53,610.44
19710127,33.79,45.18,40.63,946.71,1101.95,614.34
19710128,33.58,44.87,40.27,937.56,1094.58,610.65
19710129,34.02,45.2,40.69,943.3,1096.34,613.51
19710201,34.46,45.57,40.97,951.94,1102.97,616.65
19710202,34.95,46.13,41.53,959.52,1107.55,620.65
19710203,35.01,46.15,41.58,958.52,1107.99,622.36
19710204,35.29,46.5,42.07,956.32,1112.27,624.93
19710205,35.32,46.69,42.24,963.57,1111.85,627.04
19710208,35.5,46.87,42.68,964.6,1116.74,628.84
19710209,35.88,47.48,43.37,970.8,1121.27,633.56
19710210,35.83,47.42,43.16,970.73,1121.99,633.18
19710211,35.64,47.35,43.13,973.12,1120.31,631.51
19710212,36.02,47.69,43.4,974.56,1126.82,635.49
19710216,36.26,48.21,43.93,978.68,1132.31,639.94
19710217,36.41,48.25,44.12,982.33,1134.95,639.99
19710218,36.26,48.14,43.76,979.48,1128.81,636.86
19710219,36.02,47.71,43.4,975.29,1121.09,631.29
19710222,35.5,47.12,42.76,969.37,1111.29,624.02
19710223,34.8,46.28,41.94,959.72,1099.28,617.7
19710224,35.08,46.59,42.46,961.6,1103.89,621.92
19710225,35.43,47.13,43.06,966.82,1111.37,627.76
19710226,35.54,47.16,42.95,974.06,1112.09,629.56
19710301,35.35,46.9,42.79,970.28,1110.58,629.01
19710302,35.48,47.14,42.97,970.56,1113.31,633.37
19710303,35.55,47.4,43.13,970.51,1112.55,634.21
19710304,35.59,47.49,43.25,971.68,1110.88,635.16
19710305,35.97,47.97,44.03,983.74,1121.5,641.42
19710308,36.43,48.57,44.71,992.61,1133.05,649.99
19710309,36.83,49,45.1,994.08,1138.73,653.4
19710310,37.04,49.23,45.27,991.22,1141.03,655.36
19710311,36.99,49.26,45.33,988.47,1138.68,656.92
19710312,36.79,49.05,45.16,990.27,1139.6,655.02
19710315,36.7,49.05,45.2,991.66,1142.49,656.27
19710316,37.18,49.62,45.93,1003.53,1153.98,665.5
19710317,37.33,49.84,45.95,1006.83,1159.87,670.25
19710318,37.28,49.76,46.01,1006.39,1159.66,671.08
19710319,37.43,49.91,46.26,1006.56,1161.23,670.44
19710322,37.43,49.84,46.15,1004.44,1158.6,670.93
19710323,37.17,49.65,45.87,1003.82,1153.81,666.81
19710324,37.06,49.58,45.86,1002.14,1149.52,663.36
19710325,36.86,49.27,45.53,997.26,1142.33,659.09
19710326,36.84,49.2,45.6,996.51,1143.49,658.35
19710329,37.08,49.5,45.82,999.17,1147.95,661.3
19710330,37.09,49.48,45.62,998.52,1149.74,662.52
19710331,37.05,49.49,45.7,998.71,1153.16,663.72
19710401,37.07,49.62,45.81,999.1,1152.6,666.33
19710402,37.14,49.63,45.77,998.03,1153.87,667.17
19710405,37.2,49.82,45.89,997.94,1155.56,670.47
19710406,37.3,49.9,45.91,1002.26,1157.66,670.12
19710407,37.44,50.07,46.19,1010.54,1164.14,674.37
19710408,37.88,50.35,46.4,1016.43,1168.71,676.71
19710412,38.01,50.54,46.47,1019.13,1169.63,677.68
19710413,38.2,50.86,46.7,1026.57,1178.82,681.8
19710414,38.24,50.85,46.8,1028,1178.69,682.38
19710415,38.57,51.07,47.08,1033.22,1182.01,683.91
19710416,38.72,51.22,46.97,1038.16,1183.05,684.68
19710419,38.72,51.16,46.88,1037.22,1183.84,685.03
19710420,38.75,51.21,46.94,1041.8,1190.51,685.68
19710421,38.44,50.8,46.4,1036.5,1185.38,682.85
19710422,38.31,50.72,46.35,1034.87,1181.67,681.48
19710423,38.52,51,46.48,1037.08,1183.59,685.99
19710426,38.64,51.4,46.79,1042.63,1188.22,691.13
19710427,38.81,51.72,46.97,1040.53,1186.3,693.82
19710428,38.99,51.91,47.34,1044.13,1191.33,697.23
19710429,39.1,52.24,47.43,1049.78,1194.47,699.46
19710430,38.95,51.88,47.05,1049.11,1190.96,698.9
19710503,38.74,51.65,46.98,1041.45,1183.65,694.71
19710504,38.69,51.31,46.82,1040.5,1174.3,692.98
19710505,38.96,51.64,47.18,1044.05,1180.39,698.48
19710506,38.88,51.65,47.09,1045.73,1178.96,699.63
19710507,38.61,51.23,46.49,1038.83,1173.96,693.83
19710510,38.4,51.01,46.32,1036.57,1169.88,690.7
19710511,38.16,50.63,46.03,1030.86,1163.75,687.93
19710512,38.32,50.78,46.15,1035.97,1165.96,689.46
19710513,38.39,50.91,46.19,1038.05,1167.89,692.48
19710514,38.44,50.72,46.06,1035.44,1165.86,691.74
19710517,38.4,50.6,45.85,1031.02,1160.67,689.51
19710518,37.67,49.64,44.94,1014.44,1145.28,676.8
19710519,37.66,49.56,44.84,1013.55,1147.28,678.24
19710520,37.71,49.61,44.91,1019.25,1148.67,679.55
19710521,37.82,49.74,45.05,1020.54,1151.75,681.75
19710524,37.66,49.53,44.98,1016.83,1148.67,678.41
19710525,37.26,49.11,44.58,1007.17,1139.62,672.3
19710526,36.97,48.75,44.23,1001.23,1130.97,668.63
19710527,36.98,48.81,44.34,1000.03,1133.07,671.38
19710528,36.99,48.71,44.29,999.03,1130.14,671.22
19710601,37.08,49,44.37,1001.74,1132.49,673.74
19710602,37.27,49.39,44.71,1009.3,1136.6,680.77
19710603,37.62,49.99,45.33,1018.4,1143.95,688.02
19710604,37.76,50.29,45.65,1019.6,1144.21,691.13
19710607,37.73,50.48,45.8,1020.78,1148.33,691.31
19710608,37.62,50.53,45.78,1021.11,1145.35,690.4
19710609,37.39,50.12,45.24,1012.81,1137.31,684.28
19710610,37.34,49.94,45.14,1012.07,1137.04,684.15
19710611,37.35,50.11,45.2,1016.79,1140.62,684.75
19710614,37.38,50.09,45.24,1017.01,1146.85,687.73
19710615,36.94,49.67,44.81,1005.54,1139.57,681.45
19710616,36.73,49.66,44.58,1005.76,1141.24,682.4
19710617,36.7,49.52,44.6,1007.09,1143.71,683.94
19710618,36.6,49.4,44.44,1007.92,1142.31,685
19710621,35.86,48.46,43.36,996.94,1127.39,673.64
19710622,35.26,47.69,42.6,981.43,1116.68,664.32
19710623,35.08,47.62,42.43,979.48,1113.71,662.27
19710624,35.44,48.06,43.01,984.93,1123.42,669.27
19710625,35.42,48.05,43.02,983.05,1121.25,668.03
19710628,35.38,48.06,43.02,983.49,1118.06,665.97
19710629,35.26,47.99,42.93,977.96,1115.54,664.95
19710630,35.75,48.55,43.57,989.66,1126.6,673.64
19710701,32.77,46.5,43.97,747.5,1074.26,871.33
19710702,32.88,46.67,44.01,748.15,1074.27,873.98
19710706,32.91,46.77,44.09,747.45,1074.21,874.84
19710707,32.96,46.84,44.37,748.39,1075.91,873.53
19710708,33.2,47.1,44.64,751.21,1082.06,872.91
19710709,33.21,47.27,44.64,753.21,1088.18,873.39
19710712,33.34,47.47,44.75,754.46,1091.54,880.67
19710713,33.36,47.5,44.72,754.54,1094.42,880.44
19710714,32.96,47.02,44.12,744.69,1082.01,866.42
19710715,32.94,47.05,44.11,746.24,1079.55,864.05
19710716,33.01,46.96,44.21,745.79,1079.03,865.82
19710719,33.01,46.96,44.14,744.05,1077.84,862.73
19710720,32.91,46.78,44,742.72,1075.13,861.27
19710721,32.96,46.93,44.02,746.63,1079.46,864.57
19710722,32.89,46.84,43.95,746.92,1077.27,865.78
19710723,32.68,46.69,43.73,746.03,1078.36,863.39
19710726,32.67,46.61,43.57,746.4,1077.82,859.8
19710727,32.56,46.44,43.37,744.82,1075.84,854.81
19710728,32.2,45.93,42.66,736.43,1067.36,844.92
19710729,31.85,45.4,42.15,729.18,1057.77,840.73
19710730,31.28,44.66,41.26,719.5,1044.91,832.01
19710802,31.06,44.52,40.98,716.89,1040.96,827.15
19710803,31.35,44.9,41.37,723.28,1045.7,828.01
19710804,30.62,44.03,40.41,710.27,1030.97,813.28
19710805,30.41,43.77,40.13,707.51,1023.18,809.94
19710806,30.47,43.9,40.18,710.01,1025.01,812.43
19710809,30.52,44,40.33,712.85,1026.88,813.63
19710810,30.23,43.67,39.89,705.77,1018.77,808.25
19710811,30.14,43.53,39.79,705.17,1018.46,810.06
19710812,30.47,43.91,40.36,713.08,1029.57,822.69
19710813,30.93,44.5,41.02,724.4,1043.47,834.67
19710816,30.9,44.41,40.88,722.47,1039.81,833.1
19710817,32.39,46.34,42.63,748.39,1067.61,868.96
19710818,32.82,46.69,43.15,779.36,1075.76,873.47
19710819,32.41,46.19,42.6,765.47,1062.65,860.81
19710820,32.23,45.92,42.28,763.69,1057.56,856.69
19710823,32.34,45.92,42.37,765.77,1058.58,859.47
19710824,32.49,46.15,42.54,774.12,1068.5,867.26
19710825,32.69,46.54,42.78,778.28,1081.26,874.28
19710826,32.77,46.59,42.83,778.37,1082.45,873.51
19710827,32.78,46.49,42.76,778.09,1080.88,872.68
19710830,32.91,46.68,42.95,779.77,1082.47,876.17
19710831,32.76,46.43,42.65,771.28,1073.12,866.83
19710901,32.57,46.26,42.6,768.5,1069.16,861.28
19710902,32.63,46.31,42.62,770,1069.26,861.26
19710903,32.67,46.4,42.91,770.81,1073.29,862.82
19710907,33.13,47.01,43.55,783.52,1087.25,874.33
19710908,33.39,47.28,43.81,783.4,1092.91,879.35
19710909,33.43,47.53,43.94,785.47,1095.53,880.91
19710910,33.28,47.39,43.74,779.57,1090.45,876.74
19710913,33.18,47.28,43.66,777.07,1086.84,872.94
19710914,33.02,47.08,43.47,776.63,1083.51,868.66
19710915,32.75,46.75,43.13,767.89,1075.38,863.21
19710916,32.82,46.76,43.23,771.39,1079.45,867.12
19710917,32.81,46.67,43.17,773.41,1077.24,864.39
19710920,32.83,46.74,43.39,779.37,1079.93,867.22
19710921,32.62,46.55,43.15,776.03,1076.18,866.27
19710922,32.51,46.54,43.06,772.2,1072.78,863.91
19710923,32.13,46.12,42.58,764.33,1061.59,860.1
19710924,32.01,46.05,42.56,764.93,1061.97,857.28
19710927,32.03,46.08,42.66,762.72,1059.1,856.74
19710928,31.77,45.8,42.34,757.8,1052.45,853.75
19710929,31.8,45.74,42.49,760.27,1055.39,854.64
19710930,31.76,45.84,42.57,757.71,1057.27,854.24
19711001,31.87,45.93,42.92,762.14,1062.89,857.57
19711004,32.13,46.13,43.32,769,1067.62,864.4
19711005,32.3,46.26,43.4,771.67,1070.04,867.02
19711006,32.23,46.17,43.39,768.99,1069.51,866.42
19711007,32.43,46.38,43.81,777.51,1076.7,872.88
19711008,32.49,46.57,43.98,780.49,1079.58,873.31
19711011,32.3,46.29,43.74,776.15,1072.99,867.89
19711012,32.22,46.32,43.75,772.6,1071.82,865.57
19711013,32.32,46.43,43.94,776.06,1074.67,870.62
19711014,32.18,46.38,43.73,768.4,1071.21,865.4
19711015,31.86,45.96,43.05,759.16,1062.8,857.6
19711018,31.65,45.7,42.86,757.1,1058,854.69
19711019,31.47,45.41,42.49,753.09,1055.01,847.88
19711020,31.21,45.07,42.2,752.49,1050.12,844.93
19711021,30.77,44.53,41.42,743.54,1034.88,834.2
19711022,30.72,44.48,41.5,741.64,1034.58,835.49
19711025,30.71,44.51,41.55,737.39,1035.34,835.36
19711026,30.51,44.35,41.42,732.64,1031.41,832.17
19711027,30.23,44.05,40.96,730.3,1028.19,825.67
19711028,29.78,43.33,40.23,722.06,1018.79,816.78
19711029,29.72,43.25,40.29,721.73,1019.95,819.5
19711101,29.88,43.42,40.7,721.32,1021.56,827.32
19711102,29.46,42.91,39.9,708.58,1007.83,813.99
19711103,29.45,42.77,39.86,712.9,1010.54,816.62
19711104,29.86,43.27,40.45,728.1,1026.59,831.99
19711105,29.93,43.41,40.48,727.71,1028.56,828.76
19711108,29.76,43.17,40.27,725.28,1024.67,826.29
19711109,29.7,43.09,40.23,724.18,1024.99,824.53
19711110,29.75,43.13,40.19,723.94,1025.84,825.17
19711111,29.33,42.72,39.67,712.32,1015.17,816.92
19711112,28.86,42.19,38.99,701.77,1002.01,805.66
19711115,28.82,42.12,38.85,698.17,1001.06,808.61
19711116,28.71,42.12,38.73,695.57,996.78,806
19711117,28.86,42.26,39.01,703.59,1005.41,814.12
19711118,28.77,42.23,38.92,703.83,1007.73,813.97
19711119,28.64,41.86,38.58,697.91,1001.28,807.08
19711122,28.3,41.51,38.14,693.98,996.29,801.09
19711123,27.81,40.94,37.49,683.54,987.28,793.88
19711124,27.4,40.38,36.79,680.12,978.87,789.42
19711126,27.41,40.36,36.9,680.6,980.51,791.04
19711129,27.93,40.9,37.71,693.86,997.35,806.97
19711130,28.63,41.82,38.82,707.44,1012.6,821.8
19711201,28.91,42.18,39.32,712.6,1018.06,830.3
19711202,29.52,42.99,40.22,727.31,1033.15,845.66
19711203,29.64,43.14,40.29,732.8,1034.65,848.49
19711206,29.99,43.61,40.79,736.52,1046.23,862.3
19711207,30.01,43.63,40.79,729.01,1044.14,854.5
19711208,30.16,43.75,41.07,731.55,1046.89,861.34
19711209,30.28,43.87,41.26,732.65,1047.49,862.99
19711210,30.27,43.89,41.41,729.96,1047.46,864.76
19711213,30.64,44.29,42.01,732.9,1054.6,875.45
19711214,30.89,44.57,42.33,739.11,1057.91,876.63
19711215,30.66,44.37,42.11,736.15,1055.77,871.41
19711216,30.98,44.55,42.43,740.94,1064.43,880.4
19711217,31.35,44.94,42.77,746.98,1075.35,893.87
19711220,31.56,45.13,43.02,747.89,1080.72,899.67
19711221,31.92,45.53,43.56,755.35,1093.27,913.25
19711222,31.94,45.59,43.67,760.06,1093.24,918.4
19711223,31.9,45.43,43.49,759.5,1087.62,909.11
19711227,31.77,45.35,43.28,756.04,1084.69,902.72
19711228,31.73,45.37,43.22,756.21,1090.02,900.12
19711229,31.96,45.64,43.46,760.43,1101.28,909.33
19711230,32.11,46.12,43.67,763.29,1106.83,908.32
19711231,32.05,46.11,43.72,758.78,1103.33,905.49
19720103,33.2,47.2,46.65,775.26,1118.52,937.7
19720104,33.41,47.48,46.67,772.47,1114.61,931.43
19720105,33.66,47.86,46.87,774.3,1117.44,937.3
19720106,34.22,48.5,47.55,785,1128.33,943.44
19720107,34.59,48.81,47.91,787.81,1134.39,945.46
19720110,34.68,48.88,48.01,787.82,1134.78,943.8
19720111,34.83,49.04,48.28,787.83,1132.16,944.17
19720112,35.22,49.47,48.57,791.22,1135.76,947.26
19720113,35.14,49.45,48.44,794.52,1135.2,945.62
19720114,34.89,49.16,48.17,789.64,1128.94,939.88
19720117,35.05,49.49,48.68,794.18,1130.84,945.19
19720118,35.3,49.67,49.07,797.54,1133.77,948.33
19720119,35.57,49.81,49.34,803.76,1137.88,951
19720120,35.53,49.76,49.34,801.76,1135.07,952.04
19720121,35.42,49.63,49.28,800.82,1132.12,955.54
19720124,35.5,49.55,49.41,796.67,1128.67,956.81
19720125,35.19,49.12,48.82,785.8,1116.53,947.57
19720126,35.17,49.3,48.78,785.67,1117.07,952.17
19720127,35.25,49.36,48.96,782.77,1112.2,954.58
19720128,35.8,49.92,49.9,790.78,1124.59,963.96
19720131,36.2,50.43,50.43,798.86,1131.52,970.09
19720201,36.51,50.61,50.46,798.05,1127.01,972.28
19720202,36.66,50.67,50.88,797.41,1126.5,974.98
19720203,37.04,50.95,51.42,797.77,1132.83,983.49
19720204,36.96,50.81,51.36,798.05,1130.71,985.46
19720207,37.17,51.08,51.45,801.86,1134.48,987.23
19720208,37,51.05,51.34,799.78,1131.14,982.28
19720209,37.01,51.02,51.34,799.46,1132.26,985.4
19720210,37.35,51.34,51.71,806.29,1140.92,991.46
19720211,37.41,51.37,51.58,810.96,1140.9,990.91
19720214,37.31,51.17,51.5,805.3,1134.61,989.5
19720215,37.23,51.01,51.14,800.81,1129.9,985.44
19720216,37.45,51.32,51.45,804.24,1134.89,989.6
19720217,37.67,51.53,51.68,806.65,1142.78,993.58
19720218,37.63,51.6,51.64,802.73,1143.97,993.25
19720222,37.5,51.51,51.66,802.68,1139.81,991.34
19720223,37.58,51.6,51.6,795.83,1141.61,991.89
19720224,37.59,51.64,51.63,796.62,1141.67,994.3
19720225,37.6,51.64,51.86,801.27,1141.5,994.06
19720228,37.78,51.74,52.14,807.46,1147.97,1001.76
19720229,37.82,51.65,51.98,808.71,1151.54,998.75
19720301,38.03,51.82,52.22,809.53,1157.03,1006.6
19720302,38.29,52.14,52.65,821.12,1164.21,1015.29
19720303,38.31,52.02,52.72,823.09,1161.5,1018.51
19720306,38.56,52.25,53.16,830.56,1166.47,1025.54
19720307,38.81,52.54,53.54,838.03,1175.07,1032.48
19720308,38.75,52.56,53.43,835.29,1175.94,1036.49
19720309,38.94,52.86,53.86,833.11,1178.28,1038.27
19720310,39.08,52.95,54.13,833.05,1176.85,1039.59
19720313,38.88,52.76,53.94,829.05,1173.39,1029.28
19720314,38.54,52.36,53.46,822.46,1163.48,1016.38
19720315,38.69,52.52,53.63,826.75,1166.91,1018.7
19720316,38.65,52.53,53.57,825.01,1168.88,1019.84
19720317,38.44,52.4,53.31,822.67,1165.99,1016.69
19720320,38.39,52.5,53.24,827.68,1170.97,1018.01
19720321,38.06,52.21,52.61,823.6,1169.21,1012.65
19720322,37.54,51.48,51.77,815.4,1158.49,1005.73
19720323,37.65,51.49,51.83,815.18,1160.79,1008.06
19720324,38.04,51.94,52.53,822.65,1171.45,1017.95
19720327,37.93,51.8,52.41,821.51,1167.3,1017.81
19720328,37.81,51.7,52.31,819.94,1163.06,1018.26
19720329,37.8,51.58,52.43,821.11,1160.41,1018.51
19720330,37.61,51.42,52.33,819.17,1152.89,1010.86
19720403,37.87,51.74,52.6,824.98,1160.43,1016.12
19720404,37.9,51.77,52.71,824.12,1163.77,1020.28
19720405,38.12,52.03,53.02,829.91,1168.95,1028.76
19720406,38.5,52.35,53.6,839.23,1176.37,1038.67
19720407,38.71,52.57,53.96,841.45,1180.52,1043.81
19720410,38.93,52.74,54.23,845.05,1183.13,1045.9
19720411,39.01,52.83,54.43,842.33,1180.7,1044.16
19720412,39.34,53.07,54.79,844.11,1184.19,1048.84
19720413,39.55,53.34,55.02,845.15,1187.35,1054.77
19720414,39.46,53.14,54.8,842.17,1185.97,1050.48
19720417,39.54,53.29,55.01,838.23,1187.87,1050.67
19720418,39.46,53.23,54.84,833.42,1185.04,1048.88
19720419,39.48,53.33,54.89,837,1187.21,1050.69
19720420,39.12,52.99,54.18,831.51,1182.94,1041.19
19720421,39.07,52.98,54.35,834.14,1180.89,1037.44
19720424,39.08,53.09,54.25,832.81,1180.25,1034.05
19720425,38.87,52.75,53.99,825.15,1176.37,1027.49
19720426,38.3,52.14,53.27,815.52,1165.91,1017.05
19720427,38.24,51.89,53,810.53,1164.93,1014.45
19720428,38.24,51.79,52.77,811.44,1165.83,1017.71
19720501,38.54,51.99,53.08,813.78,1171.27,1026.05
19720502,38.1,51.56,52.41,804.96,1161.87,1015.53
19720503,37.77,51.37,52.01,797.06,1155.47,1010.47
19720504,37.49,50.96,51.49,794.99,1155.57,1007.57
19720505,37.42,50.86,51.47,799.25,1157.33,1009.23
19720508,37.52,50.94,51.62,800.21,1160.82,1013.83
19720509,37.21,50.57,51.1,796.32,1155.86,1008.09
19720510,36.41,49.58,49.99,783.18,1141.44,993.63
19720511,36.69,49.95,50.52,786.66,1147.13,1003.88
19720512,36.92,50.2,50.98,787.62,1151.79,1008.39
19720515,37.3,50.61,51.54,796.07,1158.93,1014.42
19720516,37.57,50.96,51.96,800.28,1161.82,1022.84
19720517,37.52,50.8,51.8,795.56,1160.57,1020.27
19720518,37.55,50.79,51.88,797.88,1161.27,1024.14
19720519,37.79,51.06,52.29,802.01,1171.55,1036.42
19720522,38.03,51.25,52.69,809.75,1182.17,1047.82
19720523,38.07,51.36,52.91,812.1,1188.85,1056.2
19720524,37.93,51.29,52.73,805.48,1188.96,1061.86
19720525,38.05,51.35,52.83,806.61,1194.45,1067.16
19720526,38.14,51.41,52.83,807.06,1195.76,1069.94
19720530,38.33,51.53,52.96,806.68,1199.21,1069.69
19720531,38.11,51.4,52.64,805.85,1198.81,1061.11
19720601,37.85,50.95,52.15,799.8,1188.92,1052.29
19720602,37.98,50.98,52.3,800.27,1190.15,1056.64
19720605,38.13,51.1,52.39,800.71,1191.18,1057.91
19720606,37.74,50.82,51.93,793.56,1181.89,1048.78
19720607,37.49,50.55,51.61,787.07,1176.33,1043.06
19720608,37.29,50.24,51.33,783.05,1169.03,1040.74
19720609,37.21,50.16,51.03,778.16,1166.28,1037.86
19720612,36.99,49.99,50.71,775.94,1160.28,1033.73
19720613,37.01,49.95,50.74,778.66,1162.7,1032.32
19720614,37.08,49.96,50.9,784.06,1167.02,1038.47
19720615,37.37,50.17,51.37,793.37,1173.24,1048.18
19720616,37.36,50.08,51.19,793.1,1175.69,1044.83
19720619,37.36,50.05,51.16,788.99,1175.8,1043.91
19720620,37.3,50.04,51.25,787.96,1173.59,1041
19720621,37.47,50.02,51.29,791.29,1178.01,1046.03
19720622,37.38,49.86,51.28,790.81,1182.02,1047.16
19720623,37.3,49.62,51.16,788.21,1181.68,1045.03
19720626,37.18,49.49,51.03,783.07,1176.96,1041.28
19720627,36.9,49.28,50.71,778.18,1166.79,1036.42
19720628,36.82,49.17,50.5,778.33,1164.91,1035.86
19720629,36.65,49.07,50.33,775.18,1160.47,1032.75
19720630,36.58,48.98,50.1,771.34,1157.3,1033.59
19720703,30.84,48.54,45.21,548.74,1307.23,915.9
19720705,30.93,48.73,45.43,550.19,1311.54,919.53
19720706,31.07,48.9,45.6,552.85,1318.7,926.24
19720707,31.17,49.09,45.78,555.54,1328.86,936.35
19720710,31.07,48.87,45.8,553.21,1324.52,933.86
19720711,30.84,48.61,45.53,550,1315.69,930.69
19720712,30.64,48.33,45.06,545.21,1306.43,923.75
19720713,30.36,48.06,44.61,540.81,1301.64,917.8
19720714,30.15,47.77,44.2,539.5,1293.88,911.58
19720717,30.29,47.82,44.34,542.52,1300.68,915.41
19720718,30,47.54,43.75,537.07,1291.11,904.53
19720719,29.87,47.23,43.58,537.06,1290.69,904.93
19720720,29.93,47.38,43.63,539.55,1293.29,907.31
19720721,29.77,47.21,43.42,536.53,1291.19,903.05
19720724,30.01,47.4,43.67,539.59,1302.79,908.65
19720725,30.35,47.81,44.24,544.55,1316,920.44
19720726,30.3,47.73,44.05,541.42,1312.79,917.35
19720727,30.16,47.69,43.88,539.29,1311.51,918.27
19720728,29.95,47.33,43.54,536.35,1309.9,913.46
19720731,29.88,47.23,43.5,536.62,1310.63,914.75
19720801,29.67,47.17,43.3,536.04,1309.54,915.2
19720802,29.8,47.36,43.55,542.2,1320.18,926.18
19720803,29.97,47.56,43.73,547.51,1331.3,934.34
19720804,30.04,47.8,43.78,550.52,1341.53,941.55
19720807,30,47.96,43.88,552.11,1344.75,945.24
19720808,29.94,47.94,43.89,552.97,1347.08,945.46
19720809,29.84,47.84,43.82,553.57,1347.48,946.91
19720810,29.88,47.85,43.88,554.92,1349.92,947.18
19720811,29.99,48.04,43.94,558.21,1350.75,950.65
19720814,30.25,48.28,44.34,562.93,1365.57,953.46
19720815,30.34,48.45,44.38,565.67,1373.11,955.91
19720816,30.29,48.31,44.28,563.81,1368.35,949.41
19720817,30.27,48.25,44.17,561.87,1364.29,946.76
19720818,30.26,48.22,44.25,562.24,1363.7,944.05
19720821,30.44,48.36,44.42,566.01,1367.83,949.48
19720822,30.39,48.4,44.29,566.36,1367.5,947.57
19720823,30.49,48.55,44.25,570.63,1377.08,949.29
19720824,30.49,48.6,44.23,571.15,1373.41,948.36
19720825,30.24,48.22,43.8,567.3,1358.61,936.23
19720828,30.15,48.1,43.61,565.87,1352.99,933.86
19720829,30.02,47.87,43.34,562.57,1346.76,929.29
19720830,30.03,47.79,43.1,562.8,1348.91,931.69
19720831,30.02,47.78,43.03,564.31,1351.69,932.03
19720901,30.19,47.89,43.63,567.63,1358.77,935.85
19720905,30.32,48.05,43.93,569.74,1363.6,939.57
19720906,30.25,47.98,43.84,566.95,1360.97,935.8
19720907,30.08,47.72,43.51,563.62,1353.54,929.61
19720908,29.98,47.5,43.27,561.85,1349.97,926.44
19720911,29.98,47.42,43.07,561.27,1349.07,924.68
19720912,29.59,47.04,42.6,555.43,1343,916.3
19720913,29.24,46.72,42.06,549.5,1331.46,907
19720914,29.31,46.7,42.18,550.41,1336.34,911.03
19720915,29.29,46.73,42.15,550.34,1336.83,911.67
19720918,29.22,46.73,42.12,550.52,1335.11,910.87
19720919,29.16,46.62,42.1,549.37,1333.67,907.98
19720920,29.12,46.56,42.01,547.83,1333.62,907.57
19720921,29.01,46.45,41.85,546.55,1334.19,907.66
19720922,28.94,46.26,41.68,544.29,1333.76,904.81
19720925,28.95,46.23,41.75,544.55,1335.82,904.56
19720926,28.76,45.98,41.53,540.27,1330.4,900.85
19720927,28.72,46.02,41.46,539.46,1330.26,904.5
19720928,28.98,46.41,41.91,548.72,1347.58,918.99
19720929,29,46.5,42.22,549.05,1355.72,927.78
19721002,28.99,46.63,42.51,546.92,1356.86,931.26
19721003,28.93,46.55,42.17,544.39,1353.05,927.98
19721004,28.87,46.44,42.01,542.97,1355.67,929.18
19721005,28.69,46.23,41.68,541.46,1353.36,926.81
19721006,28.4,45.84,41.15,535.82,1337.78,916.86
19721009,28.52,45.98,41.32,539.11,1347.9,921.88
19721010,28.64,46.11,41.54,541.47,1351.01,923.41
19721011,28.67,46.27,41.58,543.54,1353.08,923.01
19721012,28.45,46.01,41.4,540.22,1346.87,919.81
19721013,28.21,45.66,41.01,537.15,1334.8,912.72
19721016,28.12,45.45,40.78,534.21,1325.91,905.79
19721017,27.88,45.16,40.39,527.75,1311.2,897.05
19721018,27.94,45.19,40.38,529.86,1320.6,903
19721019,28.05,45.28,40.44,532.11,1330.17,908.18
19721020,27.99,45.2,40.23,529.97,1329.05,908.29
19721023,28.23,45.42,40.43,533.67,1345.25,917.31
19721024,28.43,45.81,40.71,538.64,1357.75,927.38
19721025,28.44,45.88,40.75,539.36,1361.17,933.05
19721026,28.39,45.93,40.73,540.63,1358.43,934.2
19721027,28.52,46.23,40.88,544.17,1358.13,941.36
19721030,28.49,46.18,40.88,540.78,1356.17,936.74
19721031,28.44,46.2,40.79,540.03,1355.83,936.02
19721101,28.68,46.11,40.98,546.21,1369.01,944
19721102,28.91,46.51,41.26,551.46,1383.21,953.62
19721103,28.99,46.62,41.34,555.18,1389.05,957.82
19721106,29.2,46.99,41.56,558.24,1399.66,966.95
19721108,29.25,47.08,41.54,558.66,1396.96,963.94
19721109,29.12,46.99,41.33,557.45,1390.15,957.89
19721110,29.12,46.99,41.33,559.92,1392.05,956.64
19721113,29.28,47.34,41.49,563.02,1396.87,955.87
19721114,29.22,47.06,41.39,562.74,1401.61,954.32
19721115,29.31,47.23,41.39,565.29,1415.07,963.11
19721116,29.29,47.15,41.37,564.87,1408.74,960.51
19721117,29.3,47.43,41.48,568.08,1414.39,967.38
19721120,29.45,47.62,41.65,571.61,1417.65,970.2
19721121,29.46,47.69,41.77,573.05,1416.51,971.22
19721122,29.74,47.78,41.9,576.55,1424.03,974.5
19721124,29.9,48.03,42.31,580.94,1434.57,977.75
19721127,30,48.12,42.33,584.36,1438.94,979.32
19721128,29.92,47.99,42.22,583.39,1432.42,974.05
19721129,30,48.22,42.27,584.45,1428.28,971.1
19721130,30.08,48.28,42.32,585.56,1429.4,970.13
19721201,30.34,48.9,42.57,588.21,1430.12,974.73
19721204,30.62,49.25,43.07,591.21,1440.19,980.36
19721205,30.81,49.37,43.38,591.39,1445.09,983.82
19721206,30.73,49.24,43.26,589.29,1442.25,982.35
19721207,30.96,49.39,43.37,591.63,1446.27,987.01
19721208,30.98,49.49,43.57,592.56,1454.64,990.68
19721211,30.98,49.54,43.59,593.51,1457.99,993.25
19721212,30.89,49.6,43.47,594.39,1459.04,998.18
19721213,30.69,49.34,43.16,591.68,1455.31,992.23
19721214,30.55,49.03,42.95,590.11,1453.05,991.71
19721215,30.36,48.81,42.71,584.71,1450.04,989.77
19721218,30.33,48.81,42.63,582.93,1450.89,991.63
19721219,29.93,48.36,42.07,576.35,1434.73,980.5
19721220,29.79,48.06,41.87,573.63,1427.39,977.99
19721221,29.63,47.78,41.67,568.62,1422.81,976.02
19721222,29.49,47.59,41.31,564.34,1415.78,966.64
19721226,29.6,47.8,41.5,566.84,1426.35,971.02
19721227,29.58,47.81,41.43,568.4,1431.28,973.66
19721229,29.44,47.83,41.35,567.69,1439.6,978.59
19730102,30.59,49.5,43.4,578.88,1473.08,1027.12
19730103,31.25,50.09,44.17,585.94,1485.92,1033.86
19730104,31.46,50.37,44.34,587.65,1492.86,1035.22
19730105,31.41,50.33,44.29,586.15,1489.85,1031.43
19730108,31.42,50.5,44.48,586.54,1496.31,1033.24
19730109,31.42,50.5,44.35,588.25,1496.07,1032.28
19730110,31.38,50.37,44.18,587.98,1494.32,1032.17
19730111,31.32,50.11,43.99,586.47,1491.43,1027.96
19730112,31.34,50.32,43.97,589.52,1502.91,1032.27
19730115,30.96,49.79,43.42,581.71,1493.78,1021.63
19730116,30.63,49.23,42.9,576.5,1482.71,1013.84
19730117,30.56,48.96,42.52,574.37,1479.66,1009.64
19730118,30.69,48.99,42.62,578.74,1486.03,1014.22
19730119,30.7,48.89,42.62,576.78,1490.72,1014.62
19730122,30.54,48.7,42.51,572.37,1492.19,1012.39
19730123,30.41,48.36,42.26,568.58,1483.47,1009.21
19730124,30.25,48.15,42.06,567.16,1484.76,1007.31
19730126,29.76,47.43,41.43,556.82,1465.71,993.99
19730129,29.47,47.06,41.14,554.57,1463.35,989.66
19730130,29.32,46.84,40.84,550.43,1457.18,986.27
19730131,29.19,46.76,40.62,550.18,1455.05,984.35
19730201,29.25,46.94,40.1,553.44,1457.87,984.35
19730202,28.78,46.4,39.66,547.04,1442.11,971.9
19730205,28.6,46.21,39.51,544.32,1435.53,969.44
19730206,28.42,46.06,39.4,542.62,1433.2,967.86
19730207,28.38,45.97,39.26,542.96,1437.79,969.32
19730208,28.18,45.6,38.88,538.17,1426.97,963.11
19730209,28.03,45.32,38.74,534.69,1421.14,960.27
19730212,28.38,45.74,39.14,541.77,1441.57,971.23
19730213,28.66,46.13,39.43,548.72,1457.4,982.46
19730214,28.77,46.21,39.32,555.29,1463.32,988.53
19730215,28.45,45.69,38.76,545.92,1441.99,975.99
19730216,28.28,45.32,38.42,540.51,1431.26,974.47
19730220,28.3,45.35,38.48,540.79,1437.81,979.62
19730221,28.3,45.43,38.25,541.7,1446.31,982.48
19730222,28.04,45.13,37.73,537.92,1437.01,975.48
19730223,27.87,44.87,37.44,535.05,1433.36,973.07
19730226,27.54,44.37,37.04,528.43,1417.73,961.47
19730227,27.21,43.84,36.57,522.56,1407.6,952.07
19730228,26.91,43.37,36.03,517.97,1391.78,940.41
19730301,26.91,43.5,36.35,520.89,1401.29,947.13
19730302,26.81,43.3,36.09,517.68,1392.27,940.24
19730305,26.85,43.23,36.12,521.13,1407.94,948.95
19730306,26.89,43.32,36.29,522.26,1410.51,955.87
19730307,27.19,43.7,36.61,529.71,1426.6,971.41
19730308,27.35,43.85,36.78,530.67,1428.34,980.59
19730309,27.37,43.8,36.74,530.12,1427.08,976.2
19730312,27.32,43.71,36.63,527.62,1422.97,970.46
19730313,27.31,43.66,36.55,524.94,1424.26,970.29
19730314,27.36,43.6,36.49,523.65,1434.59,974.17
19730315,27.35,43.6,36.41,524.22,1441.14,977.2
19730316,27.19,43.27,36.19,520.65,1430.25,969.95
19730319,27.06,43.11,36.01,517.74,1422.89,964.69
19730320,26.71,42.63,35.61,511.81,1406.69,950.75
19730321,26.55,42.42,35.43,510.83,1404.54,946.71
19730322,26.27,42.17,34.98,505.2,1387.62,931.53
19730323,25.84,41.42,34.36,498.45,1366.64,914.1
19730326,25.8,41.29,34.32,498.41,1368.93,913.52
19730327,25.93,41.49,34.54,502.76,1379.1,923.69
19730328,26.33,41.85,34.94,511.74,1399.11,938.16
19730329,26.38,41.85,34.98,511.89,1401.74,935.39
19730330,26.68,42.1,35.27,517.93,1415.97,945.27
19730402,26.56,41.95,35.43,512.21,1399.97,937.19
19730403,26.3,41.61,34.89,507.17,1382.38,927.05
19730404,26.05,41.31,34.62,502.46,1370.64,916.51
19730405,26,41.1,34.38,499.9,1365.18,910.46
19730406,25.83,40.79,34.05,496.92,1362.38,906
19730409,25.94,40.87,34.12,499.59,1371.93,912.78
19730410,26.11,41.19,34.32,507.21,1389.7,928.67
19730411,26.27,41.45,34.54,513.58,1409.06,937.73
19730412,26.29,41.57,34.71,515.77,1415.5,941.49
19730413,26.37,41.59,34.71,516.53,1414.71,938.26
19730416,26.37,41.54,34.64,516.46,1408.32,933.21
19730417,26.34,41.41,34.43,516.11,1400.1,927.09
19730418,26.23,41.32,33.99,513.66,1395.74,918.31
19730419,26.17,41.24,33.93,514.93,1403.78,921.52
19730423,26.32,41.41,34.07,518.3,1409.88,929.19
19730424,26.19,41.14,33.79,513.49,1402.53,926.08
19730425,25.76,40.66,33.24,506.61,1380.82,912.33
19730426,25.37,40.14,32.68,497.98,1362.77,895.54
19730427,25.37,40.2,32.73,499.93,1369.5,898.17
19730430,25,39.84,32.24,491.44,1348.92,883.29
19730501,24.88,39.72,32.07,490.2,1348.26,881.12
19730502,24.82,39.61,31.99,489.39,1348.68,882.55
19730503,25.03,39.81,32.23,494.49,1364.82,895.47
19730504,25.28,40.14,32.53,501.92,1387.14,910.35
19730507,25.45,40.39,32.92,506.49,1395.33,917.27
19730508,25.36,40.27,32.75,502.78,1389.08,913.52
19730509,25.51,40.41,32.87,507.59,1397.31,920.74
19730510,25.46,40.31,32.83,505.84,1386.13,917.07
19730511,25.3,40.1,32.6,501.73,1374.7,911.51
19730514,25.06,39.73,32.27,493.67,1360.36,897.87
19730515,24.49,39.06,31.45,482.65,1332.39,876.6
19730516,24.42,38.79,31.31,484.46,1343.11,880.5
19730517,24.32,38.67,31.13,483.89,1341.65,880.15
19730518,24.11,38.34,30.77,479,1331.36,870.91
19730521,23.37,37.42,29.94,468.49,1313.33,856.5
19730522,22.38,36.29,28.76,459.45,1298.99,846.08
19730523,22.45,36.27,28.88,463.73,1308.92,853.82
19730524,22.43,36.32,28.83,464.65,1313.96,859.36
19730525,22.81,36.9,29.44,477.11,1351.15,887.18
19730529,23.36,37.54,30.11,482.61,1362.95,892.7
19730530,23.45,37.59,30.14,480.83,1358.68,888.9
19730531,23.07,37.06,29.61,471.93,1339.24,875.58
19730601,22.82,36.67,29.21,466.73,1326.56,868.19
19730604,22.61,36.38,28.84,463.88,1312.49,861.56
19730605,22.24,35.97,28.41,457.57,1300.3,851.01
19730606,22.39,36.15,28.66,463.14,1319.87,864.46
19730607,22.3,36.02,28.6,459.18,1317.48,862.12
19730608,22.51,36.22,28.75,461.68,1337.93,875.91
19730611,22.8,36.6,29.01,469.08,1353.61,882.74
19730612,22.83,36.59,28.98,466.33,1348.56,882
19730613,23.02,36.81,29.21,473.16,1368.68,895.12
19730614,23.24,37.01,29.25,473.81,1358.61,890.95
19730615,23.06,36.73,29,466.37,1344.08,881.17
19730618,22.79,36.38,28.67,458.98,1326.99,871.63
19730619,22.42,35.9,28.24,452.41,1308.34,858.74
19730620,22.38,35.8,28.14,450.82,1314.88,860.82
19730621,22.41,35.91,28.18,453.73,1320.3,864.99
19730622,22.16,35.64,27.94,446.49,1304.38,855.61
19730625,22.18,35.74,27.85,449.42,1311.42,856.87
19730626,21.83,35.24,27.32,444.61,1292.4,844.42
19730627,21.95,35.33,27.36,448.23,1305.7,853.94
19730628,21.98,35.34,27.42,448.82,1310.98,856.05
19730629,22.19,35.51,27.6,451.65,1325.98,865.13
19730702,18.43,25.74,24.9,643.51,1140.83,611.45
19730703,18.33,25.63,24.75,636.62,1126.3,602.62
19730705,18.3,25.55,24.63,634.35,1115.88,593.96
19730706,18.3,25.49,24.61,634.5,1114.68,591.83
19730709,18.29,25.49,24.58,631.4,1110.99,587.51
19730710,18.35,25.55,24.72,637.05,1119.89,594.28
19730711,18.57,25.84,25.18,645.69,1135.37,603.6
19730712,19.02,26.42,25.89,660.21,1158.08,619.5
19730713,19.09,26.58,26.16,656.78,1154.39,622.04
19730716,19.06,26.58,26.1,649.6,1138.32,616.28
19730717,19.29,26.86,26.55,657.46,1155.53,628.19
19730718,19.43,27.13,26.82,658.35,1155.57,632.03
19730719,19.71,27.47,27.23,663.05,1162.06,639.35
19730720,19.87,27.62,27.58,665.73,1165.38,642.29
19730723,20.09,27.9,28.05,671.78,1171.35,646.07
19730724,20.24,28.04,28.38,675.6,1172.82,648.42
19730725,20.37,28.11,28.55,679.51,1178.5,653.35
19730726,20.59,28.54,28.98,688.26,1193.82,664.26
19730727,20.6,28.68,28.99,689.62,1195.39,664.9
19730730,20.55,28.65,28.94,688.62,1193.09,662.68
19730731,20.44,28.61,28.87,687.15,1188.63,662.99
19730801,20.26,28.42,28.64,682.08,1176.59,658.52
19730802,19.97,28.06,28.2,673.6,1161.41,650.2
19730803,19.93,27.93,28.17,672.72,1159.26,650.9
19730806,19.95,27.97,28.27,672.14,1157.47,650.53
19730807,19.94,28,28.52,675.56,1159.28,652.12
19730808,19.92,28.02,28.48,674.74,1157.17,651.34
19730809,19.73,27.8,28.17,668.48,1145.83,644.71
19730810,19.69,27.67,28.11,670.65,1145.33,644.15
19730813,19.55,27.49,27.77,663.6,1138.08,637.59
19730814,19.3,27.22,27.33,655.93,1127.02,630.22
19730815,19.12,26.97,27.02,650.53,1117.81,622.57
19730816,19.15,26.96,27.07,653.74,1120.7,624.61
19730817,19.16,26.98,27.02,652.5,1113.93,619.57
19730820,19.17,26.97,27.06,652.18,1114.77,619.8
19730821,19.01,26.73,26.77,646.83,1108.3,613.48
19730822,18.86,26.57,26.5,641.03,1100.8,608.11
19730823,18.75,26.37,26.32,640.61,1094.94,605.63
19730824,18.94,26.5,26.6,651.72,1108.01,614.98
19730827,18.91,26.52,26.56,651.39,1104.5,615.02
19730828,18.92,26.54,26.71,656.68,1111.43,620.61
19730829,18.99,26.61,26.72,662.21,1115.8,624.68
19730830,19.13,26.8,26.95,664.53,1128.28,630.26
19730831,19.2,26.89,27.05,665.41,1127.84,629.63
19730904,19.35,27.05,27.13,669.5,1132.94,633.37
19730905,19.47,27.14,27.3,674.51,1136.24,634.51
19730906,19.55,27.18,27.43,678.49,1138.71,634.78
19730907,19.67,27.39,27.57,681.57,1148.56,636.82
19730910,19.78,27.52,27.65,681.07,1146.22,634.29
19730911,19.72,27.46,27.52,676.1,1135.96,626.82
19730912,19.63,27.29,27.4,673.85,1127.86,624.26
19730913,19.56,27.26,27.34,671.15,1125.26,624.04
19730914,19.61,27.29,27.42,670.74,1128.18,629.26
19730917,19.76,27.45,27.73,678.11,1139.11,635.58
19730918,19.81,27.66,27.97,681.21,1133.19,638.48
19730919,19.84,27.7,28.05,683.36,1128.32,636.62
19730920,20.16,28.08,28.57,697.83,1151.96,648.82
19730921,20.34,28.4,29.01,703.72,1162.77,654.66
19730924,20.53,28.69,29.23,710.15,1166.69,658.21
19730925,20.78,28.91,29.46,714.06,1168.9,659.26
19730926,20.91,29.06,29.61,718.02,1176.99,660.49
19730927,21.19,29.34,29.93,728.13,1183.91,664.56
19730928,21.28,29.4,30.03,731.2,1187.72,664.35
19731001,21.32,29.39,30.17,726.49,1182.86,659.5
19731002,21.48,29.54,30.34,728.71,1181.61,654.67
19731003,21.77,29.89,30.75,733.31,1188.26,657.55
19731004,21.98,30.2,30.98,737.19,1188.58,654.63
19731005,21.99,30.21,30.84,735.48,1183.52,652.62
19731008,22.27,30.49,31.16,741.92,1200.39,659.88
19731009,22.46,30.67,31.41,749.34,1202.31,664.81
19731010,22.4,30.69,31.31,749.28,1200.7,664.96
19731011,22.04,30.31,30.73,741.38,1192.74,658.34
19731012,22.42,30.74,31.42,755.42,1211.88,670.84
19731015,22.56,30.91,31.57,756.6,1214.65,676.43
19731016,22.32,30.59,31.2,750.22,1198.19,669.16
19731017,22.24,30.48,31.16,749.22,1200.06,669.29
19731018,22.19,30.36,31.01,750.18,1195.54,667.86
19731019,22.09,30.34,30.89,752.71,1195.47,667.76
19731022,22.18,30.37,30.98,752.28,1200.31,667.52
19731023,21.92,30,30.47,739.8,1190.18,660.55
19731024,21.94,30.04,30.45,745.82,1195.14,662.22
19731025,21.97,30.02,30.45,751.12,1200.58,661.75
19731026,21.95,30.01,30.44,750.14,1203.85,663.72
19731029,22.08,30.12,30.65,761.2,1209.61,670.26
19731030,21.99,30.09,30.45,757.87,1207.25,669.09
19731031,21.71,29.72,29.84,744.95,1187.44,660.86
19731101,21.57,29.93,29.7,737.67,1176.41,657.41
19731102,21.4,29.63,29.49,733.13,1171.31,652.24
19731105,21.22,29.36,29.33,729.8,1163.26,649.15
19731106,20.84,28.8,28.76,716.83,1146.82,638.21
19731107,20.57,28.6,28.28,711.7,1140.04,633.46
19731108,20.58,28.62,28.28,720.97,1147.97,636.72
19731109,20.8,28.85,28.6,729.85,1160.38,643.67
19731112,20.55,28.55,28.08,715.21,1142.36,634.16
19731113,20.18,28.05,27.61,705.37,1134.85,626.6
19731114,19.92,27.7,27.25,698.46,1135.94,624.87
19731115,19.49,26.78,26.47,679.58,1118.14,613.14
19731116,19.32,26.56,26.34,680.5,1116.02,613.95
19731119,19.49,26.68,26.51,691.19,1129.86,619.42
19731120,18.96,25.93,25.49,667.13,1095.79,600.94
19731121,18.27,25.06,24.51,653.06,1073.04,589.29
19731123,18.38,25.09,24.7,662.45,1086.26,594.51
19731126,18.49,25.11,24.79,662.24,1084.78,590.7
19731127,17.73,24.23,23.61,640.12,1053.32,574
19731128,17.49,23.96,23.29,633.84,1043.26,569.18
19731129,17.84,24.31,23.92,650.94,1063.26,579.77
19731130,17.8,24.3,23.86,649.84,1060.1,576.35
19731203,17.62,23.98,23.53,637.19,1048.58,564.8
19731204,17.18,23.41,22.98,624.31,1027.42,552.19
19731205,17,23.19,22.86,622.02,1023.55,550.31
19731206,16.62,22.74,22.2,610.86,1008.05,539.65
19731207,16.86,22.88,22.63,626.12,1031.45,553.91
19731210,17.39,23.53,23.22,644.29,1053.77,564.67
19731211,17.58,23.68,23.6,658.06,1067.87,573.96
19731212,17.31,23.37,23.21,648.49,1047.42,562.15
19731213,16.88,22.84,22.49,630.04,1022.26,545.91
19731214,16.63,22.49,22.08,620.21,1011.91,533.8
19731217,16.74,22.58,22.26,629.29,1022.65,538.61
19731218,16.68,22.48,22.08,627.78,1015.54,534.68
19731219,16.81,22.64,22.35,640,1036.31,546.26
19731220,16.79,22.62,22.2,636.52,1037.82,546.8
19731221,16.77,22.61,22.22,638.89,1034.1,543.45
19731224,16.68,22.46,22.14,633.81,1022.9,538.15
19731226,16.67,22.44,22.15,634.91,1014.79,532.56
19731227,16.94,22.72,22.58,652.18,1042.81,550.64
19731228,17.26,23.03,22.85,664.76,1063.46,564.34
19731231,17.2,23.09,22.83,665.08,1062.25,562.95
19740102,17.3,23.38,23.28,665.58,1064.23,568.91
19740103,17.66,23.82,23.59,667.76,1068.09,568.68
19740104,18.47,24.72,24.5,689.48,1092.17,577.28
19740107,18.77,25.02,24.76,689.58,1085.62,567.1
19740108,18.97,25.33,24.91,688.86,1077.57,561.15
19740109,18.87,25.24,24.52,673.83,1058.73,548.83
19740110,18.55,24.67,23.94,650.17,1031.95,531.9
19740111,18.41,24.42,23.69,641.17,1021.19,527.66
19740114,18.63,24.63,23.96,652.01,1032.9,534.08
19740115,18.7,24.7,23.92,651.45,1029.64,535.62
19740116,18.78,24.81,24,657.92,1038.02,539.69
19740117,18.95,25.01,24.29,668.17,1053.39,549
19740118,19.3,25.3,24.75,679.17,1069.32,562.02
19740121,19.16,25.2,24.53,663,1051.48,554.81
19740122,19.12,25.07,24.32,661.33,1047.86,556.43
19740123,19.24,25.2,24.56,669.12,1059.49,561.81
19740124,19.37,25.4,24.8,673.28,1062.81,566.07
19740125,19.46,25.52,24.82,668.84,1061.33,563.96
19740128,19.56,25.58,24.93,666.01,1059.07,564.69
19740129,19.61,25.56,24.91,665.65,1053.63,560.1
19740130,19.62,25.5,24.87,667.38,1052.32,558.24
19740131,19.85,25.64,25.15,675.33,1063.77,563.58
19740201,19.85,25.72,25.12,670.83,1059.44,560.4
19740204,19.72,25.56,24.9,660.75,1046.67,552.71
19740205,19.33,25.12,24.34,645.98,1026.18,539.94
19740206,19.27,25.05,24.2,643.52,1024.04,535.9
19740207,19.37,25.05,24.24,646.53,1028.84,537.25
19740208,19.43,25.21,24.29,645.93,1029.47,538.97
19740211,19.34,25.12,24.05,638.25,1020.27,532.31
19740212,19.13,24.89,23.73,628.97,1000.94,521.68
19740213,19.07,24.79,23.56,633.09,1001.88,521.4
19740214,19.1,24.74,23.49,634,1002.01,520.51
19740215,19.17,24.81,23.6,635.77,999.94,521.65
19740219,19.36,24.94,23.88,644.87,1014.79,527.66
19740220,19.24,24.98,23.84,643.11,1012.28,528.71
19740221,19.43,25.1,24.01,653.61,1024.57,537.16
19740222,19.62,25.35,24.14,662.96,1037.38,543.77
19740225,19.8,25.6,24.33,671.44,1045.68,546.87
19740226,19.82,25.62,24.31,669.94,1041.1,546.03
19740227,20.03,25.78,24.59,680.25,1049.42,552.22
19740228,20.14,25.87,24.84,683.4,1052.94,556.83
19740301,20.1,25.86,24.79,682.79,1050.83,556.53
19740304,20.13,25.93,24.77,676.29,1045.56,551.98
19740305,20.15,25.99,24.85,676.1,1046.05,551.67
19740306,20.36,26.31,25.24,690.7,1063.75,563.12
19740307,20.48,26.51,25.48,694.12,1070.74,566.2
19740308,20.44,26.5,25.37,684.75,1059.65,561.42
19740311,20.56,26.63,25.53,691.4,1066.02,568.54
19740312,20.71,26.8,25.7,699.91,1078.91,572.41
19740313,20.72,26.88,25.72,699.74,1080.57,575.57
19740314,20.79,27.02,25.87,704.22,1085.03,581.14
19740315,20.84,27.14,25.98,704.53,1085.47,580.8
19740318,20.88,27.12,25.98,701.06,1082.5,579.33
19740319,20.74,26.94,25.73,689.48,1069.75,570.38
19740320,20.6,26.78,25.5,683.67,1061.28,565.03
19740321,20.64,26.77,25.56,687.71,1064.15,566.54
19740322,20.6,26.73,25.49,688.6,1061.77,564.42
19740325,20.57,26.66,25.46,690.22,1061.64,562.32
19740326,20.51,26.55,25.41,688.99,1066.26,563.83
19740327,20.54,26.54,25.47,690.26,1069.58,565.2
19740328,20.37,26.4,25.18,682.09,1054.19,557.22
19740329,20.11,26.01,24.76,669.86,1033.98,546.89
19740401,20.08,25.88,24.65,667.8,1024.62,541.53
19740402,20.02,25.79,24.5,664.24,1015.19,537.13
19740403,20.03,25.78,24.46,664.3,1016.35,536.58
19740404,20.15,25.82,24.52,669.69,1025.44,543.12
19740405,20.14,25.82,24.5,668.75,1025.97,542.48
19740408,20.03,25.61,24.28,659.26,1012.29,533.94
19740409,19.85,25.25,24,654.54,1001.83,527.77
19740410,19.87,25.31,24.06,659.07,1007.66,530.37
19740411,19.86,25.21,24.05,661.23,1004.37,528.92
19740415,19.85,25.22,24.04,659.36,1001.51,527.87
19740416,19.86,25.21,23.97,658.6,1000.69,526.44
19740417,20.06,25.4,24.27,670.06,1016.74,536.83
19740418,20.19,25.54,24.41,673.62,1023.73,542.45
19740419,20.22,25.62,24.5,676.65,1028.59,543.41
19740422,20.08,25.5,24.31,669.05,1017.51,537.65
19740423,20,25.42,24.21,666.3,1014.06,535.32
19740424,19.72,25,23.66,656.68,996.75,523.68
19740425,19.43,24.62,23.22,645.4,979.71,514.47
19740426,19.2,24.24,22.92,639.56,971.02,510.22
19740429,19.3,24.33,23.04,646.66,975.66,513.91
19740430,19.29,24.31,23.07,646.29,973.58,514.59
19740501,19.37,24.32,23.11,647.22,975.71,517.1
19740502,19.58,24.53,23.46,663.38,995.6,527.59
19740503,19.58,24.62,23.44,659.83,994.84,528.09
19740506,19.51,24.5,23.3,655.17,986.13,523.47
19740507,19.42,24.4,23.25,654.47,983.72,522.56
19740508,19.29,24.39,23.23,657.7,985.91,524.65
19740509,19.29,24.35,23.21,657.06,987.96,523.29
19740510,19.32,24.42,23.32,666.23,1000.48,528.21
19740513,19.17,24.2,23.06,656.21,983.17,518.07
19740514,19.02,23.92,22.72,651.74,974.38,512.56
19740515,19,23.84,22.66,651.54,974.84,514.66
19740516,18.93,23.78,22.56,649.09,972.15,515.85
19740517,18.88,23.71,22.46,640.96,965.27,514.26
19740520,18.62,23.41,22.02,628.19,949.21,504.69
19740521,18.5,23.26,21.81,624.26,943.61,504.8
19740522,18.34,23.08,21.67,621.2,944.57,507.1
19740523,18.11,22.81,21.41,612.25,935.9,502.67
19740524,17.93,22.61,21.31,611.41,937.18,504.93
19740528,18.15,22.77,21.58,623.11,948.88,513.22
19740529,18.15,22.73,21.5,622.34,946.89,511.15
19740530,17.93,22.55,21.18,611.25,932,501.7
19740531,17.97,22.54,21.19,616.74,937.66,504.69
19740603,17.96,22.55,21.21,614.17,936.37,504.98
19740604,18.22,22.79,21.46,627.54,954.87,514.21
19740605,18.43,23.11,21.73,635.54,966.61,520.51
19740606,18.54,23.31,21.82,635.19,969.37,522.71
19740607,18.67,23.47,22.13,644.57,988.11,532.16
19740610,18.86,23.75,22.29,649.39,994.51,535.16
19740611,18.96,23.85,22.31,653.61,999.71,538.32
19740612,18.85,23.75,22.18,649.35,990.45,533.1
19740613,18.79,23.58,22.05,646.17,988.1,531.37
19740614,18.84,23.6,22.16,648.03,990.01,534.9
19740617,18.74,23.46,21.97,639.84,979.87,528.99
19740618,18.56,23.31,21.75,633.89,966.38,519.58
19740619,18.49,23.18,21.59,629.53,959.77,516.21
19740620,18.42,23.06,21.44,626.93,953,511.19
19740621,18.31,22.91,21.23,623.09,945.43,506.63
19740624,18.15,22.75,21.04,617.25,936.19,501.94
19740625,18.13,22.72,20.94,618.92,937.78,501.93
19740626,18.23,22.83,21.14,626.11,951.78,509.15
19740627,18.07,22.67,20.85,617.09,938.44,498.02
19740628,17.86,22.38,20.51,609.9,925.87,487.1
19740701,15.97,22.45,19.14,368.18,1017.43,534.49
19740702,15.9,22.35,19.03,367.27,1017.31,533.2
19740703,15.69,22,18.62,359.55,998.27,518.15
19740705,15.62,21.86,18.53,359.83,996.4,518.11
19740708,15.6,21.79,18.47,359,990.57,514.03
19740709,15.17,21.24,17.77,347.18,960.65,494.57
19740710,15.12,21.15,17.7,348.64,963.62,497
19740711,14.95,20.95,17.47,343,947.67,485.63
19740712,14.87,20.86,17.4,343.26,945.81,486.81
19740715,15.25,21.42,18.02,357.51,983.32,510.19
19740716,15.34,21.69,18.24,360.47,990.06,515.85
19740717,15.3,21.58,18.12,357.71,978.23,510.47
19740718,15.41,21.69,18.28,361.97,989.58,516.69
19740719,15.56,21.94,18.4,363.84,988.94,518.88
19740722,15.62,21.95,18.42,365.7,984.79,520.21
19740723,15.64,21.93,18.51,366.12,989.59,520.78
19740724,15.79,22.21,18.69,370.62,1001.44,524.17
19740725,15.87,22.25,18.8,374.07,1006.8,522.62
19740726,15.85,22.21,18.71,372.28,994.44,512.85
19740729,15.79,22.06,18.54,367.32,975.71,502.38
19740730,15.56,21.81,18.23,359.91,958.18,492.47
19740731,15.5,21.68,18.1,357.69,954.46,488.38
19740801,15.35,21.55,17.89,353.97,939.07,480.16
19740802,15.3,21.46,17.79,351.89,933.2,476.12
19740805,15.28,21.4,17.74,351.67,932.66,472.74
19740806,15.34,21.46,17.82,354.34,941,477.22
19740807,15.52,21.72,18.02,358.76,955.09,486.41
19740808,15.77,22.04,18.33,368.14,980.23,498.88
19740809,15.82,22.15,18.4,364,968.59,488.56
19740812,15.83,22.14,18.46,363.28,960.01,484.37
19740813,15.78,22.03,18.32,360.94,945.7,479.19
19740814,15.61,21.79,18.02,355.94,931.9,467.33
19740815,15.41,21.52,17.7,349.33,912.34,453.64
19740816,15.3,21.37,17.58,348.84,906.63,451.48
19740819,15.27,21.34,17.48,345.96,898.83,447.15
19740820,15.1,21.08,17.2,341.39,886.91,438.73
19740821,15.15,21.05,17.23,342.45,891.22,440.82
19740822,15.04,20.86,17.04,339.49,874.07,430.46
19740823,14.87,20.55,16.75,335.34,866.04,424.99
19740826,14.75,20.32,16.53,330,849.91,418.84
19740827,14.68,20.21,16.45,330.46,856.41,424.74
19740828,14.54,19.95,16.23,325.42,843.04,417.32
19740829,14.39,19.78,16.12,322.12,840.51,418.03
19740830,14.13,19.45,15.83,315.26,831.02,414.56
19740903,14.28,19.73,16.09,322.41,854.82,429.4
19740904,14.17,19.49,15.8,317.27,834.88,418.52
19740905,13.81,19.05,15.29,309.12,813.95,405.37
19740906,13.91,19.22,15.51,318.05,837.92,421.55
19740909,14.05,19.41,15.71,323.5,843.37,424.36
19740910,13.87,19.12,15.38,318.47,822.88,413.18
19740911,13.73,18.96,15.16,316.12,817.47,409.64
19740912,13.63,18.76,15.02,315.13,809.23,406.51
19740913,13.35,18.35,14.59,308.08,790.39,393.46
19740916,13.14,18.05,14.26,301.42,773.64,382.25
19740917,13.09,17.97,14.24,303.81,786.48,389.82
19740918,13.24,18.24,14.49,309.89,799.06,396.88
19740919,13.24,18.2,14.47,310.34,803.78,398.03
19740920,13.6,18.63,14.85,320.65,832.16,411.97
19740923,13.77,18.81,14.98,322.53,832.94,414.35
19740924,13.8,18.85,15.01,321.56,825.47,409.48
19740925,13.67,18.71,14.82,317.26,809.63,399.86
19740926,13.77,18.83,14.87,317.21,805.06,397.8
19740927,13.68,18.66,14.69,311.8,793.33,389.04
19740930,13.58,18.51,14.52,306.07,777.9,376.84
19741001,13.12,18.11,14.27,296.64,762.01,366.03
19741002,13.03,18.05,14.18,296.9,758.02,368.32
19741003,13.11,18.17,14.27,299.36,757.28,367.86
19741004,13,18.03,14.12,294.85,743.12,361.64
19741007,13.01,17.97,14.13,296.54,743.79,360.98
19741008,13.28,18.31,14.47,307.91,773.77,376
19741009,13.35,18.44,14.55,306.54,773.68,374.13
19741010,13.61,18.78,14.84,319.63,809.38,391.58
19741011,13.92,19.22,15.26,328.65,831.02,407.3
19741014,14.11,19.52,15.55,335.15,844.8,420.55
19741015,14.34,19.89,15.86,341.04,863.47,433.55
19741016,14.22,19.72,15.7,334.03,850.58,424.46
19741017,14.12,19.6,15.64,329.5,837.34,418.19
19741018,14.19,19.72,15.8,334.93,847.13,422.15
19741021,14.31,19.85,15.9,339.38,859.06,429.59
19741022,14.41,19.97,15.98,344.28,873.35,440.27
19741023,14.44,20,15.99,344.9,868.92,438.54
19741024,14.25,19.79,15.75,337.18,845.63,425.58
19741025,14.05,19.53,15.48,331.57,835.44,421.75
19741028,14.05,19.57,15.47,333.3,833.02,422.52
19741029,14.02,19.47,15.37,332.89,832.51,421.88
19741030,14.16,19.65,15.55,342.03,866.91,436.56
19741031,14.27,19.82,15.71,348.48,883.41,447.44
19741101,14.4,19.86,15.77,349.76,877.95,446.76
19741104,14.4,19.9,15.72,347.8,880.2,443.33
19741105,14.29,19.76,15.59,344.68,871.66,437.37
19741106,14.48,19.94,15.86,350.9,895.46,452.25
19741107,14.49,19.99,15.88,352.31,891.35,452.92
19741108,14.58,20.1,15.96,354.69,897.11,457.7
19741111,14.64,20.15,15.93,354.79,893.79,456.27
19741112,14.81,20.24,16.02,356.97,896.15,457.76
19741113,14.62,20,15.75,350.11,879.08,446.84
19741114,14.6,19.91,15.66,349.86,874.62,444.12
19741115,14.57,19.88,15.58,351.3,871.43,442.28
19741118,14.48,19.77,15.46,347.93,857.76,434.12
19741119,14.14,19.25,14.95,335.69,825.71,417.16
19741120,13.94,18.94,14.67,330.54,811.76,410.85
19741121,13.9,18.84,14.55,329.38,806.74,411.21
19741122,13.84,18.86,14.57,331.37,809.29,416.39
19741125,13.91,18.94,14.67,335.91,817.38,421.72
19741126,13.82,18.86,14.58,334.64,816.5,420.88
19741127,13.85,18.9,14.66,338.13,825.22,425.02
19741129,13.93,18.96,14.71,341.13,831.26,426.6
19741202,13.93,19.05,14.88,342.1,834.9,430.41
19741203,13.68,18.75,14.57,334.33,814.29,417.7
19741204,13.5,18.5,14.26,328.67,803.19,411.22
19741205,13.47,18.41,14.18,330.71,805,411.55
19741206,13.27,18.16,13.9,324.87,790.44,401.18
19741209,13.08,17.88,13.65,319.22,777.21,393.63
19741210,12.9,17.69,13.49,319.32,783.98,396.77
19741211,12.99,17.79,13.6,325.87,804.04,406.43
19741212,13,17.87,13.64,328.47,809.81,409.66
19741213,12.93,17.8,13.59,327.83,808.37,405.27
19741216,12.88,17.77,13.46,327.27,803.79,402.05
19741217,12.81,17.67,13.32,326.21,796.91,396
19741218,12.78,17.63,13.3,329.87,811.21,400.47
19741219,12.85,17.71,13.36,331.91,814.55,403.35
19741220,12.71,17.71,13.3,330.59,811.74,401.86
19741223,12.68,17.6,13.19,327.78,803.22,394.98
19741224,12.47,17.39,13.04,323.78,790.44,389.5
19741226,12.53,17.46,13.14,327.25,801.81,395.55
19741227,12.61,17.56,13.24,330.58,808.68,399.76
19741230,12.59,17.58,13.22,330.62,804.82,397.17
19741231,12.56,17.45,13.15,330.01,805.77,396.65
19750102,12.88,17.97,13.73,338.12,825.28,410.16
19750103,13.31,18.54,14.16,346.78,846.1,419.56
19750106,13.55,18.88,14.38,349.83,852.46,422.21
19750107,13.83,19.26,14.65,354.17,856.92,425.08
19750108,13.98,19.43,14.8,354.34,857.77,422.45
19750109,14,19.46,14.79,351.24,845.25,417.15
19750110,14.17,19.63,15,355.34,860.2,424.13
19750113,14.55,20.19,15.41,362.98,878.24,432.9
19750114,14.71,20.42,15.54,361.94,873.94,430.9
19750115,14.7,20.39,15.55,359.38,867.56,425.56
19750116,14.77,20.51,15.68,363.17,872.25,429.82
19750117,14.91,20.68,15.82,365.47,871.05,431.16
19750120,14.87,20.65,15.8,362.34,858.75,425.01
19750121,14.87,20.54,15.75,361.28,860.3,424.71
19750122,14.9,20.58,15.73,360.26,855.92,422.45
19750123,14.98,20.7,15.82,360.77,867.98,427.55
19750124,15.15,20.86,16.02,362.37,871.35,430.92
19750127,15.4,21.15,16.3,367.37,880.45,438.14
19750128,15.83,21.82,16.9,378.42,908.29,454.25
19750129,15.97,22.07,17.18,380.35,918.75,455.39
19750130,16.22,22.37,17.52,384.84,933.01,464.2
19750131,16.19,22.34,17.48,379.96,919.94,460.25
19750203,16.4,22.56,17.66,382.97,928.75,467.27
19750204,16.69,22.91,17.93,387.27,938.72,472.77
19750205,16.64,22.82,17.83,383.87,936.19,471.77
19750206,16.81,23.05,18,387.8,951.13,481.86
19750207,16.87,23.14,18.04,389.29,944.9,483.36
19750210,16.86,23.06,17.98,388.29,945.34,482.91
19750211,16.9,22.98,17.9,386.49,942.87,481.01
19750212,16.81,22.98,17.9,386.71,947.13,480.4
19750213,16.96,23.14,18.16,391.15,963.7,488.95
19750214,17.11,23.37,18.37,395.81,976.39,496.43
19750218,17.11,23.48,18.43,396.09,982.38,499.04
19750219,17.09,23.45,18.32,394.6,973.91,496.06
19750220,17.07,23.44,18.32,395.02,980.53,498.23
19750221,17.1,23.56,18.47,398.87,988.87,504.98
19750224,17.22,23.66,18.55,398.84,994.33,505.85
19750225,17.11,23.44,18.41,393.03,979.81,499.85
19750226,16.79,22.95,18.02,384.69,957.67,486.59
19750227,16.87,23.08,18.15,388.36,967.05,490.63
19750228,16.95,23.23,18.3,389.1,971.47,495.33
19750303,17.1,23.43,18.55,392.26,983.85,501
19750304,17.31,23.72,18.84,399.7,1000.18,511.04
19750305,17.4,23.88,18.92,402.83,1004.19,517.58
19750306,17.31,23.75,18.89,399.19,994.94,515.43
19750307,17.41,23.96,19.16,402.61,1005.05,519.24
19750310,17.67,24.26,19.45,406.16,1010.63,524.63
19750311,17.84,24.6,19.74,408.95,1017.45,528.64
19750312,17.88,24.79,19.78,408.13,1010.92,524.36
19750313,17.77,24.65,19.66,405.54,1000.77,519.81
19750314,17.89,24.76,19.91,406.33,1003.37,521.41
19750317,18.23,25.13,20.4,412.69,1016.05,528.67
19750318,18.49,25.48,20.76,418.37,1030,536.31
19750319,18.31,25.21,20.52,415.97,1018.2,533.58
19750320,18.19,25.05,20.38,411.9,1008.34,529.64
19750321,18.16,25.06,20.4,410.79,998.64,527.14
19750324,18.08,25.02,20.37,409.84,996.94,525.69
19750325,17.68,24.45,19.8,401.08,973.98,512.53
19750326,17.68,24.46,19.87,401.7,982.32,515.13
19750327,17.94,24.82,20.23,409.18,999.21,525.81
19750331,18.01,24.93,20.35,412.53,1002.08,526.96
19750401,18.02,24.96,20.41,412.31,1004.15,531.03
19750402,17.88,24.77,20.24,408.9,996.26,526.31
19750403,17.88,24.79,20.23,408.01,993.52,525.34
19750404,17.82,24.7,20.11,404.22,981.59,520.34
19750407,17.78,24.62,20.06,402.81,974.45,517.46
19750408,17.66,24.42,19.93,399.54,967.93,514.55
19750409,17.63,24.41,19.95,402.1,975.15,516.96
19750410,17.81,24.69,20.24,407.95,996.99,528.54
19750411,17.92,24.89,20.37,412.48,1006.26,536.37
19750414,18.11,25.02,20.65,415.94,1010.49,540.52
19750415,18.3,25.28,20.94,421.87,1027.25,549.64
19750416,18.4,25.38,20.94,423.91,1034.18,554.58
19750417,18.45,25.48,21.02,425.39,1036.48,559.44
19750418,18.57,25.66,21.19,429.33,1041.31,566.95
19750421,18.54,25.65,21.24,426.49,1029.8,561.59
19750422,18.78,25.96,21.55,431.27,1040.96,567.6
19750423,18.76,25.95,21.43,429.44,1038.06,566.43
19750424,18.63,25.74,21.19,424.68,1027.41,560.4
19750425,18.67,25.81,21.23,426.23,1026.69,559.49
19750428,18.82,26.03,21.41,430.13,1033.23,563.59
19750429,18.79,26.03,21.33,430.45,1027.44,561.64
19750430,18.59,25.78,21.13,426.54,1019.41,557.8
19750501,18.66,25.84,21.29,432.23,1042.62,569.4
19750502,18.77,25.99,21.39,435.59,1053.21,573.37
19750505,18.85,26.16,21.58,440.96,1066.88,581
19750506,19,26.33,21.74,444.74,1077.7,585.92
19750507,18.82,26.15,21.55,439.28,1059.86,579.93
19750508,18.87,26.33,21.75,440.4,1067.01,580.95
19750509,19.06,26.61,22.03,446.11,1072.01,585.68
19750512,19.29,26.9,22.35,452.05,1083.33,593.17
19750513,19.3,26.88,22.39,448.76,1083.86,594.98
19750514,19.37,26.99,22.49,449.93,1096.89,598.32
19750515,19.5,27.11,22.65,453.77,1105.45,602.64
19750516,19.46,27.11,22.6,451.87,1095.58,599.03
19750519,19.38,26.94,22.55,449.56,1084.81,591.35
19750520,19.37,26.95,22.6,449.99,1085.06,592.42
19750521,19.35,26.95,22.61,448.62,1077.74,592.19
19750522,19.18,26.73,22.36,442.65,1065.46,585.92
19750523,19.23,26.86,22.5,442.67,1070.92,588.43
19750527,19.41,27.11,22.79,447.34,1085,596.27
19750528,19.46,27.15,22.8,446.09,1082.01,595.87
19750529,19.45,27.11,22.67,444.24,1076.15,589.25
19750530,19.52,27.2,22.73,444.22,1078.23,586.94
19750602,19.89,27.59,23.16,453.85,1100.13,595.13
19750603,20.15,27.99,23.44,460.91,1116.66,602.69
19750604,20.22,28.11,23.47,462.6,1120.44,604.56
19750605,20.35,28.22,23.51,461.01,1118.71,601.56
19750606,20.4,28.31,23.57,461.75,1119.74,601.89
19750609,20.52,28.29,23.56,462.16,1118.52,600.05
19750610,20.33,28,23.34,456.18,1105.09,590.91
19750611,20.2,27.73,23.16,451.34,1097.3,584.63
19750612,20.25,27.76,23.13,452,1098.73,585.44
19750613,20.18,27.67,22.97,450.85,1093.03,582.01
19750616,20.26,27.76,23.07,452.73,1098.56,585.64
19750617,20.34,27.87,23.17,456.54,1110.26,591.77
19750618,20.2,27.74,22.99,453.29,1099.97,587.4
19750619,20.18,27.62,22.96,452.71,1097.97,585.69
19750620,20.47,28.04,23.33,461.93,1118.7,596.01
19750623,20.64,28.29,23.55,465.97,1125.62,600.52
19750624,20.83,28.62,23.82,471.43,1138.39,606.37
19750625,20.88,28.84,24,474.61,1144.34,611.79
19750626,20.98,29.06,24.16,475.92,1149.47,614.43
19750627,21.07,29.16,24.23,477.48,1151.16,616.4
19750630,21.19,29.31,24.37,477.72,1150.6,616.33
19750701,20.57,27.71,25.55,500.34,851.08,975.69
19750702,20.58,27.69,25.5,497.09,847.28,972.23
19750703,20.44,27.52,25.34,492.31,841.4,964.42
19750707,20.55,27.73,25.62,494.52,843.76,967.31
19750708,20.45,27.64,25.5,491.92,836.75,957.51
19750709,20.38,27.64,25.47,494.03,835.27,954.83
19750710,20.75,28.06,26,503.64,847.88,968.7
19750711,20.89,28.28,26.13,506.2,845.85,970.03
19750714,21.01,28.42,26.33,508.03,843.96,969.52
19750715,21.23,28.71,26.59,510.77,847.31,976.08
19750716,21.44,29.02,26.84,515.92,849.9,979.61
19750717,21.36,28.81,26.59,509.59,842.51,968.56
19750718,21.32,28.71,26.52,505.06,835.39,957.62
19750721,21.36,28.72,26.57,502.67,832.43,953.81
19750722,21.27,28.62,26.46,497.75,826.99,946.01
19750723,21.02,28.22,26.11,491.21,817.91,935.68
19750724,20.69,27.8,25.56,482.86,805.48,924.3
19750725,20.45,27.47,25.26,483.21,804.03,921.76
19750728,20.36,27.34,25.1,478.19,795.95,915.67
19750729,20.09,27.12,24.83,474.02,789.96,909.65
19750730,19.93,26.88,24.54,470.78,784.81,904.46
19750731,20,26.97,24.71,477.02,790.54,909.95
19750801,20.06,26.95,24.79,478.17,789.93,911.07
19750804,19.91,26.76,24.45,473.04,781.75,902.65
19750805,19.69,26.51,24.12,467.73,774.35,892.81
19750806,19.4,26.15,23.74,460.01,765.47,885.11
19750807,19.27,26.03,23.66,457.87,766.77,884.7
19750808,19.22,26.02,23.54,456.82,765.44,886.4
19750811,19.08,25.89,23.38,455.49,763.03,883.88
19750812,18.98,25.78,23.27,456.71,767.93,888.17
19750813,19.09,25.92,23.48,459.56,771.4,896.27
19750814,18.95,25.76,23.24,454.78,761.56,884.57
19750815,18.82,25.58,23.14,450.8,758.86,878.45
19750818,18.91,25.68,23.27,454.61,764.67,885.9
19750819,18.89,25.65,23.24,452.46,763.12,883.91
19750820,18.68,25.39,22.78,443,751.8,869.96
19750821,18.31,24.96,22.29,432.47,736.69,852.08
19750822,18.17,24.8,22.13,432.96,736.58,851.38
19750825,18.38,24.99,22.38,440.55,747.75,861.51
19750826,18.51,25.14,22.55,446.28,753.95,870.28
19750827,18.38,24.95,22.37,440.32,744.69,859.5
19750828,18.41,25.02,22.46,442.21,749.39,863.37
19750829,18.68,25.47,23.01,454.54,766.81,882.87
19750902,18.91,25.8,23.31,458.86,771.99,888.53
19750903,18.74,25.57,22.97,450.65,760.19,873.47
19750904,18.76,25.57,23.07,454.97,764.71,876.8
19750905,18.81,25.6,23.16,455.73,765.97,878.05
19750908,18.74,25.56,23.04,452.21,761.08,872.08
19750909,18.74,25.51,23.06,450.9,764.43,872.15
19750910,18.61,25.33,22.79,442.86,753.11,860.58
19750911,18.36,25.02,22.4,434.94,745.12,851.67
19750912,18.31,24.95,22.36,434.52,741.55,848.87
19750915,18.32,24.93,22.37,433.14,739.55,847.02
19750916,18.24,24.79,22.24,429.14,737.07,841.13
19750917,18.05,24.55,22.08,425,729.41,833.89
19750918,18.01,24.49,22.1,426.45,731.78,835.49
19750919,18.17,24.68,22.36,436.15,746.18,851.48
19750922,18.49,25.03,22.8,448.75,761.48,872.71
19750923,18.44,25.03,22.68,446.19,755.96,862.56
19750924,18.37,24.97,22.67,445.41,754.96,861.97
19750925,18.51,25.16,22.88,450.61,761.86,870.54
19750926,18.47,25.11,22.83,450.99,762.22,866.84
19750929,18.49,25.12,22.92,456.33,766.38,870.73
19750930,18.4,24.93,22.71,450.84,757.02,858.39
19751001,18.17,24.64,22.47,440.72,748.7,845.87
19751002,18.01,24.42,22.12,436.04,740.02,835.69
19751003,18.02,24.44,22.2,441.91,746.19,845.05
19751006,18.19,24.7,22.56,454.85,765.19,865.89
19751007,18.29,24.84,22.68,459.35,773.8,875.2
19751008,18.26,24.81,22.59,458.07,773.17,874.68
19751009,18.38,24.94,22.75,464.31,783.44,885.97
19751010,18.43,24.96,22.75,466.17,787.01,890.96
19751013,18.43,24.95,22.81,465.31,787.32,888.69
19751014,18.54,25.13,23.03,472.71,799.35,900.39
19751015,18.6,25.21,23.06,472.29,797.63,901.53
19751016,18.57,25.21,23.02,474.11,798.57,898.38
19751017,18.64,25.29,23.06,475.46,800.57,898.91
19751020,18.54,25.19,22.96,471.78,796.7,893.03
19751021,18.6,25.23,23.07,477.42,806.22,900.56
19751022,18.73,25.37,23.12,482.79,813.15,907.81
19751023,18.74,25.36,23.21,482.29,815.96,908.65
19751024,18.83,25.44,23.31,487.17,821.73,910.43
19751027,18.78,25.41,23.16,480.53,809.73,897.12
19751028,18.74,25.36,23.14,479.86,809.4,895.39
19751029,18.83,25.5,23.27,484.23,816.84,901.29
19751030,18.62,25.21,22.97,477.68,805.73,889.21
19751031,18.6,25.17,22.94,476.44,805,886.91
19751103,18.61,25.13,22.97,476.18,803.05,881.31
19751104,18.51,25.03,22.83,471.44,796.49,870.1
19751105,18.5,25.05,22.89,473.82,800.78,873.62
19751106,18.64,25.24,23.04,481.09,808.81,875.92
19751107,18.71,25.33,23.14,485.66,812.83,877.71
19751110,18.71,25.35,23.15,484.96,812.41,873.88
19751111,18.66,25.27,23.09,480.07,813.99,874.88
19751112,18.77,25.39,23.16,485.32,818.73,880.36
19751113,19.02,25.63,23.46,493.44,830.96,893.67
19751114,19.09,25.68,23.46,492.69,829.01,895.01
19751117,19.1,25.67,23.48,491.04,828.58,893.67
19751118,19.14,25.69,23.5,491.53,833.52,898.28
19751119,19.07,25.64,23.32,490.3,829.16,892.74
19751120,18.91,25.43,23.12,482.69,822.38,880.39
19751121,18.88,25.44,23.07,482.68,819.33,875.04
19751124,18.87,25.44,23.12,484.05,819.01,873.01
19751125,18.85,25.42,23.17,484.24,821.02,874.36
19751126,18.91,25.55,23.25,488.18,828.92,884.26
19751128,18.99,25.62,23.35,490.13,831.15,886.81
19751201,19,25.74,23.32,492.89,834.3,891.47
19751202,18.93,25.67,23.19,489.41,828.87,886.57
19751203,18.64,25.37,22.77,479.12,817.47,871.64
19751204,18.22,24.88,22.28,466.78,801.25,853.72
19751205,18.16,24.79,22.21,468.81,801.88,855.63
19751208,18.09,24.75,22.13,461.28,793.17,846.25
19751209,18,24.61,22.08,462.79,794.13,848.94
19751210,17.91,24.52,21.93,462.54,795.56,850.48
19751211,17.99,24.63,22.11,468.14,802.38,859.31
19751212,18.02,24.67,22.09,468.64,800.17,856.17
19751215,18.01,24.69,22.04,470.21,800.08,854.38
19751216,17.94,24.64,21.94,471.61,803.09,855.17
19751217,18.05,24.76,22.08,475.26,810.38,865.7
19751218,18.1,24.86,22.2,476.49,812.35,869.22
19751219,18.19,24.98,22.33,478.85,815.01,872.29
19751222,18.19,24.98,22.31,475.43,809.32,866.08
19751223,18.09,24.85,22.16,470.35,803.62,860.35
19751224,18.15,24.94,22.19,477.64,808.59,864.26
19751226,18.3,25.13,22.33,480.99,814.88,872.57
19751229,18.48,25.33,22.49,487.1,821.82,880.61
19751230,18.49,25.31,22.46,485.34,819.94,880.56
19751231,18.46,25.3,22.4,483.73,817.03,876.5
19760102,18.79,25.8,22.83,486.64,822.36,882.2
19760105,19.07,26.06,23.06,491.73,827.32,890.18
19760106,19.46,26.56,23.44,500.52,842.02,906.4
19760107,19.81,27.03,23.8,506.54,851.3,917.73
19760108,19.82,27.19,23.94,508.01,856.54,922.52
19760109,19.97,27.38,24.12,513.87,861.65,928.69
19760112,20.14,27.6,24.32,518.02,865.12,931.1
19760113,20.42,27.94,24.59,526.71,875.53,944.3
19760114,20.33,27.8,24.45,521.27,870.46,936.4
19760115,20.73,28.24,24.96,531.48,885.75,948.74
19760116,20.74,28.28,24.96,529.24,882.49,942.34
19760119,20.92,28.46,25.17,533.56,887.27,944.08
19760120,21.24,28.87,25.51,543.09,898.69,953.47
19760121,21.39,29.05,25.68,545.02,904.37,957.4
19760122,21.45,29.1,25.72,540.83,900.14,951.41
19760123,21.63,29.25,25.93,539.48,898.77,947.72
19760126,21.98,29.63,26.37,545.25,909.06,958.51
19760127,22.21,29.93,26.54,547.19,910.96,964.77
19760128,22.2,30.01,26.52,543.37,904.14,960.69
19760129,22.08,29.85,26.39,541.2,898.2,958.54
19760130,22.49,30.25,26.84,550.12,913.62,974.35
19760202,22.48,30.3,27.14,555.2,920.58,983.73
19760203,22.61,30.42,27.29,558.2,921.07,982.73
19760204,22.79,30.57,27.43,561.41,923.88,987.07
19760205,23.13,31.04,27.87,565.66,930.79,994.42
19760206,22.95,30.75,27.6,556.9,917.33,980.42
19760209,22.76,30.6,27.45,551.9,908.59,971.3
19760210,23.02,30.86,27.7,554.74,910.59,971.74
19760211,23.27,31.14,27.95,561.37,918.81,977.09
19760212,23.46,31.46,28.23,566.33,922.2,980.96
19760213,23.56,31.6,28.36,564.6,917.53,976.92
19760217,23.61,31.68,28.4,561.93,912.7,971.86
19760218,23.75,31.78,28.43,560.68,907.45,964.04
19760219,24.12,32.16,28.85,566.04,914.74,969.13
19760220,24.7,32.75,29.37,575.52,929.6,982.59
19760223,24.97,33,29.63,577.84,937.26,987.61
19760224,24.99,32.99,29.64,578.64,932.53,984.71
19760225,25.24,33.26,29.85,582.42,937.74,986.75
19760226,25.23,33.28,29.87,584.66,934.2,984.05
19760227,24.88,32.85,29.5,577.73,921.47,968.74
19760301,24.87,32.9,29.28,575.69,919.81,964.53
19760302,24.97,32.95,29.35,577.57,923.79,966.65
19760303,25.31,33.36,29.63,583.81,927.8,970.96
19760304,25.27,33.36,29.54,581.74,922,964.47
19760305,25.03,33.02,29.33,576.7,912.5,954.78
19760308,24.96,33.03,29.4,577.81,913.68,955.69
19760309,25.28,33.32,29.66,584.55,924.01,963.6
19760310,25.33,33.33,29.6,584.28,927.44,966.39
19760311,25.44,33.38,29.67,587.78,930.85,969.63
19760312,25.55,33.5,29.87,593.85,939.41,977.35
19760315,25.29,33.26,29.6,588.12,931.32,968.92
19760316,24.92,32.88,29.24,580.97,921.18,957.78
19760317,25.13,33.03,29.34,588.55,930.73,968.08
19760318,25.28,33.16,29.4,588.59,928.71,969.11
19760319,25.13,33.03,29.2,583.11,925.53,967.09
19760322,25.13,33,29.2,584.77,926.03,968.66
19760323,25.12,33.04,29.17,585.11,926.39,970.4
19760324,25.25,33.19,29.35,590.12,939.75,986.35
19760325,25.43,33.43,29.63,595.47,948.32,1000.01
19760326,25.26,33.33,29.49,589.94,942.44,995.93
19760329,25.39,33.44,29.6,591.35,944.05,994.99
19760330,25.31,33.33,29.54,589.98,940.13,990.59
19760331,25.17,33.18,29.4,589.91,936.63,984.63
19760401,25.26,33.35,29.25,592.65,943.73,993.97
19760402,25.23,33.33,29.23,587.87,941.26,987.95
19760405,25.24,33.36,29.28,588.1,942.37,987.64
19760406,25.47,33.67,29.6,595.61,952.69,1000.82
19760407,25.5,33.73,29.58,596.34,950.85,1000.68
19760408,25.19,33.26,29.11,587.74,941.37,987.75
19760409,24.86,32.79,28.74,579.21,933.91,978.27
19760412,24.58,32.38,28.37,568.65,925.99,968.19
19760413,24.51,32.21,28.28,568.62,923.3,968.11
19760414,24.51,32.24,28.26,573.57,930.21,975.2
19760415,24.46,32.17,28.2,569.95,921.97,971.34
19760419,24.5,32.29,28.29,572.51,924.86,975.33
19760420,24.66,32.52,28.5,575.57,929.74,984.08
19760421,25.08,33.01,28.9,584.77,940.26,1002.43
19760422,25.18,33.2,29.04,585.46,943.88,1006.59
19760423,25.21,33.27,29.08,585.18,941.44,1004.09
19760426,25.14,33.07,28.99,581.42,935.59,995.82
19760427,25.13,33.11,29,582.52,936.14,996.74
19760428,24.98,32.95,28.83,578.4,929.95,993.88
19760429,24.95,32.9,28.86,580.14,931.87,996.27
19760430,24.97,32.94,28.92,581.83,931.34,995.15
19760503,25.02,33.06,29.1,581.21,929.15,990.61
19760504,24.74,32.74,28.83,575.2,923.24,982.02
19760505,24.81,32.82,28.93,578.41,927.73,988.86
19760506,24.75,32.61,28.86,576.44,921.27,985.8
19760507,24.77,32.76,28.9,580.01,922.31,989.62
19760510,24.93,32.94,29.18,582.68,928.94,998.1
19760511,25.18,33.22,29.46,589.81,939.97,1009.89
19760512,25.21,33.3,29.56,587.57,938.73,1009.26
19760513,25.19,33.29,29.58,587.36,937.38,1006.61
19760514,25.1,33.21,29.5,584.68,932.58,999.33
19760517,24.97,33.11,29.32,581.11,923.71,993.01
19760518,24.83,32.99,29.16,578.83,920.88,990.93
19760519,24.84,33.02,29.12,580.37,921.17,993.32
19760520,24.85,33.02,29.04,581.6,918.87,994.28
19760521,24.92,33.15,29.23,585.04,922.27,1005.2
19760524,24.85,33.06,29.19,581.2,916.97,999.74
19760525,24.44,32.53,28.63,570.65,900.05,982.93
19760526,24.24,32.25,28.47,567.23,900.65,983.35
19760527,24.23,32.22,28.54,568.29,899.71,982.56
19760528,24.06,32.07,28.4,566.48,900.56,981.34
19760601,24.31,32.28,28.69,568.27,912.32,991.53
19760602,24.22,32.25,28.59,566.2,909.4,989.47
19760603,24.22,32.28,28.66,567.89,911.87,993.56
19760604,24.17,32.29,28.65,568.53,910.73,993.14
19760607,23.96,32.05,28.35,563.1,903.05,983.32
19760608,23.73,31.78,28.06,557.23,900.2,978.56
19760609,23.71,31.75,28.03,557.4,901.68,980.67
19760610,23.69,31.73,28.05,557.25,900.25,981.1
19760611,23.83,31.86,28.3,562.14,907.72,988.65
19760614,24.11,32.11,28.55,568.94,918.47,1001.92
19760615,24.31,32.45,28.81,574.58,928.59,1011.21
19760616,24.28,32.47,28.77,572.93,924.91,1008.43
19760617,24.4,32.58,28.96,578.61,929.78,1013.87
19760618,24.67,32.93,29.27,592.01,942.95,1028.12
19760621,24.74,33.04,29.37,592.91,943.39,1031.34
19760622,24.79,33.17,29.45,594.42,948.83,1034.98
19760623,24.68,33.04,29.3,591.28,941.89,1027.4
19760624,24.6,32.96,29.21,590.44,941.06,1024.29
19760625,24.73,33.16,29.41,595.67,947.59,1027.84
19760628,24.84,33.27,29.51,595.55,947.81,1027.19
19760629,24.86,33.25,29.47,594.64,945.63,1023.97
19760630,24.99,33.29,29.52,596.94,949.59,1028.43
19760701,19.98,28.33,27.89,583.62,958.1,999.98
19760702,19.85,28.26,27.87,578.25,953.64,991.12
19760706,19.95,28.38,28.02,579.01,957.42,996.68
19760707,19.94,28.38,27.99,575.9,952.19,992.52
19760708,19.99,28.48,28.05,577.82,953.73,996.31
19760709,20.1,28.55,28.13,579.88,956.88,997.43
19760712,20.25,28.81,28.33,584.61,965.77,1006.15
19760713,20.4,28.95,28.48,589.57,974.21,1013.6
19760714,20.42,28.96,28.45,590.06,972.65,1010.36
19760715,20.53,29.07,28.6,591.62,974.44,1013.74
19760716,20.48,29.05,28.56,587.5,968.22,1007.53
19760719,20.43,28.99,28.43,583.72,963.96,1002.52
19760720,20.36,28.89,28.3,582.14,961.24,999.48
19760721,20.16,28.67,28.12,578.18,956.26,992.77
19760722,20.19,28.7,28.13,580.32,955.52,994.51
19760723,20.21,28.71,28.18,579.19,957.98,995.65
19760726,20.26,28.63,28.21,580.22,960.31,996.29
19760727,20.2,28.61,28.13,581.01,959.11,995.94
19760728,20.07,28.5,27.97,577.77,954.9,990.33
19760729,19.94,28.41,27.77,575.04,951.19,986.75
19760730,19.92,28.4,27.69,574.67,949.43,985.73
19760802,19.95,28.42,27.78,577.7,955.42,990.26
19760803,19.91,28.4,27.7,575.73,955.71,986.26
19760804,20.01,28.51,27.82,582.07,966.38,993.5
19760805,20.06,28.58,27.89,583.33,968.65,995.39
19760806,20.02,28.54,27.78,580.1,964.34,990.03
19760809,20.01,28.5,27.78,579.44,965.07,989.13
19760810,19.87,28.45,27.68,577.34,961.84,985.91
19760811,19.95,28.56,27.78,582.88,968.76,994.45
19760812,19.89,28.54,27.72,579.82,966.01,993.06
19760813,19.85,28.53,27.68,579.44,966.85,994.43
19760816,19.87,28.56,27.71,579.94,967.96,994.43
19760817,19.9,28.59,27.69,581.11,970.59,994.55
19760818,19.91,28.61,27.71,581.87,972.48,999.82
19760819,19.87,28.55,27.64,579.86,971.19,997.71
19760820,19.59,28.25,27.27,571.41,961.33,985.71
19760823,19.42,28.08,27.08,564.77,952.65,976.53
19760824,19.23,27.84,26.88,559.68,949.56,972.6
19760825,19.17,27.73,26.77,554.55,944.19,966.21
19760826,19.2,27.79,26.83,560.64,950.53,973.24
19760827,19.16,27.74,26.73,555.92,945.2,965.64
19760830,19.17,27.72,26.75,555.32,945.93,967.47
19760831,19.21,27.75,26.81,558.82,951.21,972.69
19760901,18.49,26.93,26.61,564.27,956.82,980.01
19760902,18.63,27.09,26.9,570.29,964.22,993.27
19760903,18.65,27.13,26.95,569.41,964.38,992.45
19760907,18.74,27.2,27.08,572.61,967.5,995.97
19760908,18.8,27.33,27.22,576.17,974.44,1002.02
19760909,18.8,27.4,27.23,575.66,973.04,1001.05
19760910,18.72,27.32,27.16,569.98,968.68,997.32
19760913,18.76,27.36,27.28,571.4,970.8,999.76
19760914,18.72,27.34,27.22,570.29,967.37,997.26
19760915,18.66,27.3,27.15,567.78,964.35,994.62
19760916,18.62,27.33,27.18,567.92,966.72,997.39
19760917,18.7,27.48,27.32,572.45,975.26,1007.99
19760920,18.83,27.69,27.51,578.56,984.76,1016.38
19760921,18.91,27.76,27.53,579.4,985.11,1018.71
19760922,19.06,28.01,27.69,589.8,998.65,1030.84
19760923,19.1,28.03,27.72,588.12,994.95,1028.05
19760924,19.07,27.98,27.69,584.72,989.97,1023.82
19760927,19.07,27.98,27.77,584.81,988.76,1022.48
19760928,19.12,28.05,27.86,586.59,992.43,1026.86
19760929,18.91,27.84,27.59,577.65,979.93,1017.48
19760930,18.81,27.76,27.47,575.86,976.68,1009.73
19761001,19.51,28.74,27.88,577.95,978.58,1011.2
19761004,19.38,28.58,27.67,570.27,970.05,1001.63
19761005,19.36,28.52,27.65,569.68,968.87,999.26
19761006,19.19,28.32,27.41,564.24,962.66,991.72
19761007,19.03,28.17,27.2,561.62,958.26,989.12
19761008,19.1,28.27,27.42,564.14,963.79,995.88
19761011,19.03,28.11,27.31,558.85,954.29,988.17
19761012,18.8,27.85,27.02,550.77,944.56,981.39
19761013,18.64,27.7,26.87,546.75,937.21,973.47
19761014,18.73,27.79,26.97,555.17,951.11,981.8
19761015,18.63,27.65,26.77,547.79,941.21,968.61
19761018,18.69,27.76,26.92,549.32,941.29,969.8
19761019,18.79,27.89,27,552.74,946.72,975.09
19761020,18.8,27.89,26.98,553.61,947.94,972.69
19761021,18.86,27.95,27.03,555.13,950.56,974.65
19761022,18.8,27.87,26.94,551.25,943.79,964.25
19761025,18.69,27.73,26.78,547.17,936.43,957.05
19761026,18.68,27.76,26.79,548.22,935.27,960.14
19761027,18.8,27.9,26.88,552.38,943.43,969.72
19761028,18.89,27.96,26.98,555.17,950.46,974.44
19761029,18.89,27.94,26.99,554.52,948.85,974.14
19761101,18.99,27.8,27.23,560.22,961.94,987.64
19761103,19.03,27.75,27.32,562.06,966.23,987.05
19761104,18.83,27.54,27.03,554.17,955.53,974.46
19761105,19.08,27.89,27.39,561.08,960.03,978.93
19761108,19.03,27.8,27.25,554.91,948.24,962.63
19761109,18.84,27.57,27.02,548.96,937.72,950.37
19761110,18.75,27.47,26.86,545.53,935.49,947.39
19761111,18.68,27.42,26.81,540.45,929.39,945.09
19761112,18.72,27.48,26.9,543.7,937.24,952.52
19761115,18.7,27.46,26.96,541.56,934.27,949.15
19761116,18.73,27.49,27,544.31,938.54,955.4
19761117,18.8,27.61,27.14,546.24,939.59,958.74
19761118,18.91,27.75,27.37,549.01,944.49,966.37
19761119,19.11,28.02,27.77,557.47,956.82,978.12
19761122,19.2,28.13,27.84,558.89,958.85,977.86
19761123,19.3,28.27,27.89,565.22,964.98,983.71
19761124,19.29,28.26,27.82,561.86,958.92,979.64
19761126,19.41,28.43,27.97,564.77,962.73,984.68
19761129,19.56,28.6,28.22,568.05,970.6,991.06
19761130,19.53,28.53,28.15,563.77,966.15,983.54
19761201,19.63,28.91,28.4,561.67,965.92,983.29
19761202,19.66,29.08,28.59,565.89,970.99,985.97
19761203,19.7,29.17,28.63,566.31,968.25,981.39
19761206,19.81,29.29,28.77,570.02,972.94,987.71
19761207,20.03,29.52,28.94,575.68,979.62,995.39
19761208,20.05,29.64,29.02,576.78,979.45,994.87
19761209,20.21,29.8,29.19,581.62,984.11,1000.08
19761210,20.38,30.02,29.45,584.83,992.26,1002.32
19761213,20.51,30.19,29.63,587.04,995.09,1002.73
19761214,20.61,30.3,29.71,586.8,996.86,1001.56
19761215,20.68,30.41,29.74,588.53,1002.88,1003.99
19761216,20.73,30.49,29.78,589.17,1003.32,1003.92
19761217,20.72,30.52,29.76,587.72,1000.6,1000.62
19761220,20.7,30.52,29.7,586.17,996.03,995.38
19761221,20.59,30.45,29.55,582.56,990.1,990.3
19761222,20.63,30.5,29.59,584.05,994.99,992.4
19761223,20.75,30.61,29.79,586.95,999.4,997.25
19761227,20.74,30.61,29.82,587.14,999.62,998.32
19761228,20.91,30.81,30.03,593.09,1009.06,1011.18
19761229,21.04,31.03,30.13,597.18,1015.38,1017.89
19761230,21.07,31.09,30.14,595.91,1011.91,1013.61
19761231,21.26,31.24,30.39,599.87,1016.05,1019.72
19770103,21.62,31.67,30.98,601.19,1030.87,1029
19770104,21.74,31.77,31.03,600.92,1027.02,1023.82
19770105,21.72,31.75,30.88,594.08,1017.19,1011.34
19770106,21.63,31.64,30.77,588.96,1010.64,1002.19
19770107,21.81,31.85,31.01,591.23,1011.57,1003.43
19770110,21.95,32.01,31.15,591.63,1012.33,1003.47
19770111,22.05,31.99,31.13,593.91,1014.69,1003.37
19770112,21.87,31.83,30.84,588.93,1006.56,992.13
19770113,21.76,31.69,30.71,585.39,999.58,985.12
19770114,21.97,31.94,31.1,591.04,1007.6,993.56
19770117,22.14,32.05,31.29,590.88,1006.36,992.88
19770118,22.14,32.01,31.37,587.99,1004.24,990.58
19770119,22.13,32.03,31.32,587.35,1001.73,986.46
19770120,22.4,32.21,31.59,591.74,1005.89,990.81
19770121,22.35,32.18,31.45,587.78,1000.19,980.27
19770124,22.47,32.37,31.61,591.69,1002.23,984.71
19770125,22.48,32.47,31.51,593.7,1004.42,981.65
19770126,22.56,32.57,31.58,593.13,1006.97,977.34
19770127,22.49,32.46,31.49,589.33,1001.15,969.24
19770128,22.39,32.32,31.24,584.27,995.74,963.64
19770131,22.34,32.28,31.25,583.24,994.83,966.41
19770201,22.13,32.04,30.98,581.11,995.48,970.34
19770202,22.24,32.23,31.18,582.91,998.12,976.29
19770203,22.29,32.28,31.24,580.9,997.19,974.41
19770204,22.2,32.26,31.23,579.37,992.06,969.29
19770207,22.31,32.38,31.43,580.65,991.89,970.18
19770208,22.36,32.4,31.41,578.59,992.59,970.8
19770209,22.36,32.36,31.37,577.39,989.6,968.11
19770210,22.2,32.2,31.15,571.9,980.6,959.48
19770211,22.24,32.29,31.31,573.93,981.26,960.15
19770214,22.16,32.15,31.14,572.17,974.99,954.58
19770215,22.15,32.14,31.15,572.19,980,961.32
19770216,22.2,32.24,31.17,574.31,983.4,963.61
19770217,22.28,32.35,31.24,577.91,987.12,967.74
19770218,22.24,32.26,31.08,574.11,982.38,961.87
19770222,22.19,32.28,31.06,572.38,978.76,958.91
19770223,22.11,32.2,30.97,571.11,976.74,959.71
19770224,22.05,32.16,30.85,568.04,974.17,956.38
19770225,21.87,31.99,30.6,564.38,969.72,949.16
19770228,21.84,31.98,30.56,563.32,969.66,948.2
19770301,21.87,32.08,30.75,565.58,975.99,951.57
19770302,22,32.27,31.01,569.8,984.03,960.92
19770303,22.01,32.24,30.99,569.65,980.35,959
19770304,22.06,32.33,31.12,573.03,987.16,963.18
19770307,22.17,32.47,31.29,575.27,989.87,966.63
19770308,22.2,32.52,31.29,574.6,990.74,968.37
19770309,22.18,32.51,31.28,572.39,987.55,964.08
19770310,22.01,32.38,31.15,567.65,981.04,956.33
19770311,22.09,32.54,31.3,571.06,984.56,962.48
19770314,22.16,32.6,31.39,570.91,984.35,964.1
19770315,22.23,32.68,31.44,574.99,990.76,971.08
19770316,22.33,32.73,31.48,580.14,994.3,976.04
19770317,22.36,32.8,31.58,582.26,997.42,976.64
19770318,22.36,32.82,31.61,582.12,995.85,976.11
19770321,22.42,32.86,31.65,580.02,992.28,975.04
19770322,22.34,32.76,31.57,577.23,987.23,970.76
19770323,22.3,32.75,31.58,574.14,985.74,968.49
19770324,22.21,32.62,31.45,569.29,977.91,960.19
19770325,22.13,32.56,31.39,566.37,973.79,954.91
19770328,22.08,32.5,31.3,562.44,967.65,948.62
19770329,21.97,32.37,31.07,562.22,966.61,947.84
19770330,22.05,32.5,31.14,565.54,973.17,952.97
19770331,21.86,32.3,30.85,558.76,963.13,941.11
19770401,21.87,32.34,30.86,559.73,965.24,942.08
19770404,22.02,32.44,31.03,563.42,972.81,949.71
19770405,21.85,32.28,30.83,558.51,963.83,940.77
19770406,21.72,32.13,30.67,555.42,962.4,938.43
19770407,21.76,32.12,30.7,556.43,959.76,939.14
19770411,21.8,32.08,30.82,559.27,963.44,942.11
19770412,21.83,32.11,30.9,562.15,968.72,947.03
19770413,22.07,32.38,31.18,571.05,980.77,958.89
19770414,22.11,32.47,31.28,570.19,981.66,958.63
19770415,22.3,32.75,31.56,576.81,990.24,965.93
19770418,22.34,32.81,31.62,578.57,990.43,965.8
19770419,22.31,32.8,31.58,575.12,985.64,962.1
19770420,22.33,32.79,31.62,571.55,982.14,958.81
19770421,22.49,32.95,31.83,574.61,986.28,960.61
19770422,22.4,32.91,31.67,571.69,981.07,952.06
19770425,22.25,32.7,31.36,564.31,971.07,937.79
19770426,22.04,32.37,30.92,557.9,959.01,925.11
19770427,22.01,32.32,30.8,556.08,959.56,924.09
19770428,22.17,32.52,31.06,560.24,967.26,933.88
19770429,22.21,32.58,31.13,561.49,969.61,935.65
19770502,22.31,32.75,31.3,563.19,980,936.75
19770503,22.39,32.86,31.41,566.5,984.58,941.51
19770504,22.48,32.95,31.6,569.06,988.78,946.55
19770505,22.62,33.09,31.7,571.65,994.54,951.71
19770506,22.71,33.17,31.79,572.29,999.42,951.37
19770509,22.68,33.19,31.8,570.43,994.89,944.61
19770510,22.67,33.12,31.77,569.33,991.17,942.47
19770511,22.72,33.21,31.84,572.36,993.68,945.39
19770512,22.7,33.12,31.77,569.2,987.99,939.32
19770513,22.7,33.12,31.71,569.13,987.55,939.18
19770516,22.83,33.25,31.83,570.72,989.98,943.1
19770517,22.92,33.35,31.93,574.38,993.73,946.31
19770518,22.96,33.39,31.99,574.72,996.2,949.71
19770519,23.08,33.52,32.17,577.02,1001.11,954.65
19770520,23.09,33.53,32.13,574.98,998.13,950.27
19770523,23.04,33.49,32.14,572.9,994.7,945.76
19770524,22.8,33.21,31.79,565.8,983.84,933.75
19770525,22.62,33.04,31.58,562.05,976.95,930.54
19770526,22.46,32.84,31.3,557,969.25,921.43
19770527,22.46,32.83,31.29,558.31,971.25,923.48
19770531,22.38,32.77,31.13,554.38,964.38,916.84
19770601,22.27,32.62,30.98,552.27,964.68,917.9
19770602,22.38,32.77,31.13,557.55,971.46,926.14
19770603,22.38,32.78,31.14,557.7,970.12,924.04
19770606,22.53,32.94,31.3,561.82,977.64,934.54
19770607,22.47,32.91,31.27,559.69,971.54,931.58
19770608,22.55,33.01,31.33,561.94,976.3,936.33
19770609,22.6,33.15,31.49,566.08,980.55,941.77
19770610,22.65,33.15,31.62,564.6,980.57,941.11
19770613,22.78,33.37,31.81,567.83,982.51,943.5
19770614,22.82,33.4,31.88,569.39,985.55,947.22
19770615,22.94,33.53,32.08,575.01,995.56,958.3
19770616,22.96,33.58,32.09,573.16,993.11,956.59
19770617,23.02,33.66,32.29,575.51,995.63,959.45
19770620,23.15,33.72,32.39,574.62,996.01,962.22
19770621,23.24,33.82,32.52,575.93,1000.93,966.69
19770622,23.27,33.88,32.58,577.27,1004.34,970.73
19770623,23.31,33.87,32.61,575.29,1002.47,968.43
19770624,23.45,34.06,32.84,574.76,1003.28,972.05
19770627,23.63,34.25,33.06,577.4,1006.84,979.32
19770628,23.65,34.27,33.12,575.71,1005.39,978.44
19770629,23.56,34.21,33.01,572.38,997.88,969.97
19770630,23.58,34.19,33.05,571.74,998.08,968.36
19770701,21.61,33.97,30.19,548.64,1037.51,929.9
19770705,21.67,34.09,30.22,547.14,1034.49,926
19770706,21.72,34.17,30.29,547.58,1034.57,925.8
19770707,21.68,34.13,30.22,544.38,1029.56,921.72
19770708,21.79,34.18,30.33,546.26,1033.62,923.98
19770711,21.88,34.32,30.49,546.88,1033.89,921.65
19770712,21.84,34.34,30.49,545.88,1031.32,918.26
19770713,21.89,34.35,30.46,544.39,1031.61,916.13
19770715,21.89,34.42,30.5,544.75,1032.95,918.64
19770718,22.01,34.49,30.68,547.08,1037.83,927.51
19770719,22.07,34.57,30.83,550.81,1043.71,935.17
19770720,22.17,34.75,30.94,558.18,1050.32,940.22
19770721,22.15,34.74,30.96,560.25,1050.78,938.63
19770722,22.17,34.74,31,559.04,1051.94,937.99
19770725,22.22,34.83,31.11,559.3,1052.4,938.8
19770726,22.12,34.66,31.03,553.62,1044.74,933.09
19770727,22.02,34.57,30.83,551.52,1041.29,927.65
19770728,21.66,34.03,30.32,541.12,1025.53,912.04
19770729,21.61,33.94,30.23,539.9,1026.18,912.37
19770801,21.49,33.85,30.1,543.59,1029.7,913.12
19770802,21.49,33.89,30.16,545.57,1032.32,919.23
19770803,21.36,33.77,29.96,542.05,1025.58,913.66
19770804,21.27,33.62,29.83,542.03,1023.18,911.83
19770805,21.4,33.73,30.01,546.33,1026.8,915.44
19770808,21.45,33.85,30.11,547.03,1026.39,915.02
19770809,21.33,33.72,29.95,542.71,1019.63,908.53
19770810,21.34,33.69,29.98,545.64,1018.33,909.1
19770811,21.44,33.8,30.16,551.46,1024.71,917.39
19770812,21.38,33.8,30.21,548.03,1018.18,912.01
19770815,21.34,33.73,30.16,546.93,1014.97,909.1
19770816,21.31,33.68,30.17,547.45,1016.31,913.03
19770817,21.27,33.67,30.15,545.02,1013.25,908.27
19770818,21.22,33.65,30.15,545.02,1011.52,910.19
19770819,21.24,33.69,30.16,546.27,1011.16,910.35
19770822,21.24,33.65,30.15,546.19,1007.39,909.63
19770823,21.19,33.66,30.29,547.94,1009.62,912.89
19770824,21.21,33.67,30.3,546.2,1008.85,910.77
19770825,21.19,33.64,30.22,543.09,1005.96,905.59
19770826,21.07,33.49,29.99,538.44,995.87,894.84
19770829,21.01,33.41,29.9,537.65,994.46,895.08
19770830,21.12,33.57,30.1,540.99,1002.66,903.06
19770831,21.06,33.46,30.02,538.01,998.27,898.13
19770901,21.02,33.57,29.99,538.74,1004.69,903.29
19770902,21.19,33.72,30.17,539.01,1005.99,904.15
19770906,21.34,33.88,30.32,542.91,1011.19,910.71
19770907,21.33,33.88,30.35,543.29,1013.31,912.55
19770908,21.39,33.97,30.42,543.53,1016.84,914.91
19770909,21.36,33.94,30.36,539.88,1010.6,907.36
19770912,21.24,33.79,30.2,534.53,1001.49,899.23
19770913,21.16,33.7,30.1,531.67,998.66,896.02
19770914,21.12,33.66,30.1,531.14,999.6,895.41
19770915,21.17,33.72,30.18,533.51,1003.63,899.28
19770916,21.24,33.83,30.3,535.04,1007.32,901.84
19770919,21.25,33.89,30.25,532.68,1005.15,897.8
19770920,21.13,33.76,30.15,528.95,999.53,891.64
19770921,21.12,33.74,30.12,528.85,1001.09,892.03
19770922,21,33.62,29.93,523.23,994.84,884.19
19770923,20.96,33.56,29.88,521.75,994.45,884.51
19770926,21,33.66,29.93,521.75,993.77,884.47
19770927,20.99,33.64,29.94,522.61,996.82,886.89
19770928,20.98,33.59,29.93,521.52,995.85,885.56
19770929,20.98,33.66,29.97,521.58,996.54,885.86
19770930,21.05,33.82,30.09,524.84,1001.89,890.67
19771003,21.19,34.04,30.53,530.1,1011.39,898.82
19771004,21.2,34.2,30.62,532.13,1013.68,901.2
19771005,21.14,34.15,30.5,526.79,1007.7,895.2
19771006,21.09,34.08,30.46,525.12,1003.61,892.58
19771007,21.18,34.21,30.54,527.42,1007.75,895.59
19771010,21.21,34.29,30.68,526.94,1007.07,895.74
19771011,21.22,34.31,30.66,525.28,1005.52,894.01
19771012,21.1,34.23,30.52,519.8,999.03,885.23
19771013,20.83,33.79,30.07,513.92,987.72,876.56
19771014,20.68,33.57,29.79,511.06,980.6,871.54
19771017,20.66,33.59,29.8,512.77,981.48,870.79
19771018,20.57,33.64,29.74,510.61,980.53,871.01
19771019,20.58,33.71,29.84,511.34,980.51,869.74
19771020,20.44,33.55,29.6,504.36,969.69,860.92
19771021,20.46,33.57,29.59,505.94,971.2,864.05
19771024,20.47,33.59,29.6,505.39,968.3,862.33
19771025,20.3,33.43,29.39,500.6,960.74,855.46
19771026,20.06,33.09,29.02,494.87,953.41,849.38
19771027,20.18,33.21,29.23,504.9,961.47,858.88
19771028,20.28,33.34,29.39,509.27,964.23,863.06
19771031,20.38,33.5,29.55,510.41,968.36,865.29
19771101,20.41,33.54,29.61,508.44,965.59,863.6
19771102,20.27,33.34,29.32,502.59,956.27,853.39
19771103,20.2,33.22,29.24,497.99,951.24,845.6
19771104,20.24,33.2,29.27,499.16,951.4,846.89
19771107,20.46,33.49,29.58,504.38,958.86,855.68
19771108,20.61,33.76,29.84,509.4,966.39,862.7
19771109,20.68,33.92,29.94,510.18,968.55,865.9
19771110,20.82,34.13,30.11,513.32,973.22,870.35
19771111,21.17,34.57,30.65,524.8,987.99,890.5
19771114,21.36,34.87,31.03,533.55,1001.15,902.22
19771115,21.38,34.8,30.98,528.35,995.69,896.56
19771116,21.55,34.98,31.21,534.25,1000.02,904.2
19771117,21.54,35.07,31.27,533.11,997.23,898.85
19771118,21.64,35.29,31.35,531.6,994.47,896.01
19771121,21.81,35.46,31.52,531.81,996.35,898.62
19771122,21.8,35.51,31.57,530.83,995.06,898.72
19771123,21.95,35.76,31.77,535.97,1002.27,909.05
19771125,22.13,36.06,31.99,540.23,1005.15,914.91
19771128,22.27,36.22,32.14,542.25,1006.48,918.07
19771129,22.21,36.17,32.04,538.68,1001.86,910.74
19771130,21.98,35.9,31.61,529.27,988.2,896
19771201,22.11,36.01,31.73,530.65,993.55,898.41
19771202,22.25,36.23,31.89,529.73,994.22,897.23
19771205,22.35,36.3,32.06,530.12,994.03,896.28
19771206,22.32,36.26,32.05,527.1,991.75,892.23
19771207,22.02,35.86,31.52,516.74,977.64,877.97
19771208,21.95,35.82,31.52,515.29,977.01,876.34
19771209,22.01,35.87,31.6,516.76,978.89,878.4
19771212,22.17,36.01,31.81,520.3,986.1,883.82
19771213,22.17,35.97,31.84,520.18,987.52,883.17
19771214,22.17,35.91,31.84,519.49,987.36,882.19
19771215,22.24,36.01,31.93,521.67,990.88,885.37
19771216,22.23,36.05,31.93,519.12,985.71,882.64
19771219,22.26,36.07,32.01,519.35,984.17,881.15
19771220,22.09,35.9,31.78,514.73,977.38,875.38
19771221,21.95,35.71,31.58,513.19,974.38,872.91
19771222,22.05,35.85,31.76,518.34,979.24,879.37
19771223,22.2,36.02,31.9,522.75,985.07,887.16
19771227,22.34,36.25,32.15,528.19,994.92,896.24
19771228,22.3,36.21,32.1,527.42,995.83,895.4
19771229,22.34,36.25,32.12,525.39,998.78,895.36
19771230,22.39,36.3,32.31,527.59,1001.5,898.66
19780103,22.5,36.52,32.67,528.91,1011.59,902.61
19780104,22.33,36.27,32.31,520.05,1000.03,888.22
19780105,22.26,36.03,32.15,519.36,995.08,885.81
19780106,22.15,35.94,31.98,513.7,990.38,877.42
19780109,21.86,35.02,31.53,508.46,978.23,866.56
19780110,21.58,34.51,30.98,502.07,966.77,857.64
19780111,21.46,34.23,30.73,500.46,959.83,853.03
19780112,21.37,34.16,30.49,497.24,956.22,846.89
19780113,21.48,34.24,30.67,499.73,956.73,849.2
19780116,21.56,34.38,30.77,500.02,956.3,847.94
19780117,21.46,34.17,30.6,499.69,952.23,845.88
19780118,21.59,34.35,30.86,504.17,956.04,851.3
19780119,21.8,34.54,31.1,507.42,963.49,856.53
19780120,21.86,34.65,31.16,504.32,959.65,852.92
19780123,21.9,34.67,31.19,502.97,958.05,850.12
19780124,21.84,34.55,31.06,499.74,951.5,843.95
19780125,21.88,34.61,31.12,499.11,951.31,845.09
19780126,22.01,34.78,31.2,499.98,952.84,846.45
19780127,21.94,34.69,31.01,494.09,946.34,838.34
19780130,21.96,34.75,31.01,494.52,945.58,838.91
19780131,22.09,34.82,31.24,499.89,952.96,845.11
19780201,22.07,34.89,31.31,499.87,951.92,844.38
19780202,22.27,35.12,31.62,502.63,959.51,850.78
19780203,22.4,35.29,31.74,504.29,964.92,850.19
19780206,22.47,35.37,31.9,503.19,960.05,845.2
19780207,22.49,35.41,31.89,502.94,959.51,844.04
19780208,22.61,35.56,32.11,509.15,966.41,850.91
19780209,22.69,35.72,32.26,513.78,971.82,854.39
19780210,22.76,35.78,32.25,510.82,967.12,850.51
19780213,22.85,35.79,32.34,508.04,966.03,848.37
19780214,22.9,35.75,32.29,506.33,963.5,846.11
19780215,22.8,35.64,32.05,501.95,955.02,839.14
19780216,22.8,35.71,32.03,500.71,952.99,836.29
19780217,22.68,35.53,31.9,496.02,944.86,830.4
19780221,22.72,35.59,31.91,495.14,942.97,829.61
19780222,22.73,35.47,31.81,493.85,939.11,826.05
19780223,22.75,35.49,31.88,493.42,938.15,826.25
19780224,22.83,35.51,31.94,493.25,940.16,827.22
19780227,22.99,35.7,32.22,497.72,948.44,834.64
19780228,22.87,35.61,32.09,492.46,941.59,828.03
19780301,22.77,35.47,31.89,487.42,935.66,819.11
19780302,22.8,35.46,31.91,488.9,936.42,820.15
19780303,22.9,35.58,31.79,492.22,939.08,819.76
19780306,22.92,35.66,31.91,494.24,941.74,818.15
19780307,22.83,35.55,31.78,490.95,936.86,812
19780308,22.94,35.69,31.89,494.17,939.84,818.07
19780309,23.06,35.83,31.99,496.67,944.19,823.55
19780310,23.16,35.98,32.17,496.73,945.91,824.88
19780313,23.4,36.27,32.43,501.75,956.87,833.26
19780314,23.44,36.33,32.48,500.98,958.59,832.95
19780315,23.53,36.37,32.56,504.05,961.93,837.83
19780316,23.6,36.46,32.6,503.57,960.81,834.28
19780317,23.81,36.67,32.81,505.19,965.11,837.41
19780320,24.05,36.88,33.05,509.64,971.98,844.39
19780321,24.11,37.1,33.14,513.52,978.56,849.01
19780322,23.95,37.07,33,504.06,970.26,839.36
19780323,24.03,37.04,32.98,502.08,967.32,837.4
19780327,24.16,37.13,33.12,504.21,966.86,834.69
19780328,24.2,37.14,33.13,501.42,962.13,830.2
19780329,24.37,37.34,33.34,506.12,967.94,835.47
19780330,24.54,37.54,33.53,506.39,969.63,837.26
19780331,24.59,37.56,33.56,504.77,966.25,835.84
19780403,24.58,37.49,33.32,505.45,963.76,833.88
19780404,24.42,37.35,33.18,499.95,956.53,827.93
19780405,24.52,37.52,33.33,502.33,959.59,831.42
19780406,24.74,37.82,33.64,507.01,966.23,840.1
19780407,24.79,37.98,33.84,508.7,968.76,841.13
19780410,24.94,37.86,34.13,511.88,972.34,845.94
19780411,24.98,37.92,34.21,514.26,975.17,849.19
19780412,24.95,37.88,34.11,512.62,973.51,846.98
19780413,25.04,37.98,34.29,512.97,973.86,844.57
19780414,25.32,38.31,34.72,519.8,983.25,852.95
19780417,25.6,38.69,35.23,529.54,1001.41,873.09
19780418,25.63,38.85,35.34,539.28,1014.96,890.06
19780419,25.44,38.71,35.08,532.43,1004.16,880.44
19780420,25.58,38.86,35.23,535.67,1007.9,883.5
19780421,25.74,39.14,35.58,538.61,1015.96,890.13
19780424,25.86,39.24,35.71,537.26,1013.76,890.16
19780425,26.05,39.51,35.97,546.36,1025.94,903.89
19780426,26.12,39.63,36.1,550.13,1032.79,914.76
19780427,26.19,39.69,35.99,552.21,1034.15,917.14
19780428,26.09,39.58,35.89,546.5,1024.11,909.46
19780501,26.36,39.95,36.32,552.05,1034.31,918.34
19780502,26.51,40.19,36.62,554.84,1043.34,926.42
19780503,26.54,40.17,36.62,552.92,1041.59,921.37
19780504,26.57,40.15,36.63,548.57,1033.34,912.01
19780505,26.68,40.23,36.81,548.4,1031.33,909.22
19780508,26.96,40.5,37.24,553.55,1035.91,915.74
19780509,26.96,40.54,37.25,551.62,1033.38,912.68
19780510,26.95,40.54,37.25,549.44,1029.99,911.55
19780511,27.11,40.71,37.38,551.32,1029.98,911.97
19780512,27.41,40.99,37.68,559.46,1039.73,925.84
19780515,27.66,41.28,38.1,564.86,1047.48,934.87
19780516,27.74,41.34,38.34,569.18,1052.5,942.18
19780517,27.92,41.5,38.67,573.65,1058.23,950.1
19780518,28.12,41.69,38.99,576.19,1060.52,952.21
19780519,28.08,41.66,38.99,570.34,1053.62,941.58
19780522,28.11,41.61,39.03,568.12,1049.13,935.25
19780523,28.14,41.79,39.26,573.28,1056.58,945.27
19780524,27.96,41.57,38.98,567.4,1047.92,936.16
19780525,27.71,41.18,38.53,559.79,1038.89,925.75
19780526,27.76,41.25,38.55,560.48,1036.68,922.41
19780530,27.79,41.32,38.59,558.5,1034.51,920.77
19780531,27.8,41.4,38.66,562.38,1037.05,925.72
19780601,28,41.53,39.01,566.04,1042.5,929.47
19780602,27.99,41.63,39.09,566.42,1044.48,929.49
19780605,28.15,41.9,39.37,571.66,1051.34,938.04
19780606,28.4,42.26,39.81,582.46,1066.49,957.14
19780607,28.5,42.47,40,583.6,1070.35,963.32
19780608,28.55,42.57,40.05,583.24,1068.62,961.24
19780609,28.72,42.87,40.39,585.56,1069.63,963.09
19780612,28.8,43.18,40.52,585.17,1067.1,960.67
19780613,28.78,43.17,40.51,582.27,1063.41,957.59
19780614,28.84,43.25,40.53,583.67,1063.33,959.08
19780615,28.94,43.45,40.68,582.36,1062.2,957.63
19780616,28.67,43.28,40.54,575.58,1051.12,948.53
19780619,28.51,43.07,40.27,568.86,1043.38,938.63
19780620,28.37,42.8,40.01,568.39,1041.64,938.9
19780621,28.12,42.55,39.63,563.67,1032.73,928.6
19780622,27.82,42.1,39.11,560.55,1027.43,923.19
19780623,27.91,42.24,39,562.74,1028.9,926.48
19780626,27.97,42.36,39.06,560.52,1026.32,922.12
19780627,27.55,41.88,38.44,553.99,1014.66,908.28
19780628,27.41,41.72,38.4,555.59,1016.97,913.03
19780629,27.53,41.87,38.5,558.9,1020.67,916.48
19780630,27.68,42.05,38.69,560.8,1023.01,917.38
19780703,25.59,44.33,35.41,763.42,1177.31,650.5
19780705,25.61,44.33,35.42,759.94,1172.98,648.84
19780706,25.37,44,35.05,753.89,1163.51,642.52
19780707,25.27,43.83,34.93,754.05,1164.45,642.67
19780710,25.45,44.03,35.12,759.52,1171.05,646.48
19780711,25.52,44.13,35.16,761.23,1176.03,649.1
19780712,25.59,44.28,35.39,768.4,1182.95,653.36
19780713,25.66,44.45,35.59,771.01,1186.83,656.58
19780714,25.69,44.51,35.72,772.1,1186.76,656.35
19780717,25.93,44.86,36.09,781.75,1202.93,664.59
19780718,25.97,45.06,36.29,784.84,1206.71,666.98
19780719,25.88,44.96,36.1,776.92,1197.32,661.13
19780720,26.12,45.25,36.36,785.02,1212.2,669.14
19780721,26.19,45.43,36.61,783.36,1211.38,669.89
19780724,26.15,45.41,36.58,781.46,1207.98,665.99
19780725,26.17,45.39,36.5,779.19,1208.09,665.08
19780726,26.27,45.56,36.72,786.53,1217.11,669.18
19780727,26.41,45.85,36.97,791.42,1223.82,674.12
19780728,26.63,46.1,37.29,796.4,1229.29,678.46
19780731,26.77,46.41,37.47,801.76,1234.74,681.7
19780801,26.71,46.63,37.84,806.87,1243.54,689.12
19780802,26.68,46.71,37.89,808.1,1244.46,689.86
19780803,27.03,47.33,38.44,825.85,1273.37,706.18
19780804,27.07,47.41,38.52,824.35,1280.41,713.8
19780807,27.18,47.55,38.66,830.59,1284.76,716.78
19780808,27.25,47.72,38.77,826.38,1280.76,716.44
19780809,27.36,47.96,39.04,829.49,1287.68,719.32
19780810,27.66,48.24,39.38,831.36,1293.36,724.49
19780811,27.69,48.18,39.39,823.91,1285.93,718.17
19780814,27.84,48.41,39.72,830.09,1289.24,718.72
19780815,27.97,48.67,39.88,833.42,1287.61,718.54
19780816,27.91,48.73,39.82,832.47,1286.89,716.21
19780817,28.17,49.08,40.13,841.61,1295.87,721.38
19780818,28.37,49.49,40.54,844.99,1302.59,726.13
19780821,28.46,49.54,40.69,845.4,1297.17,724.73
19780822,28.26,49.21,40.4,839.18,1286.83,717.34
19780823,28.35,49.33,40.56,845.66,1291.58,718.5
19780824,28.59,49.64,40.96,848.52,1299.45,723.91
19780825,28.84,49.93,41.28,849.82,1301.91,725.99
19780828,29.02,50.12,41.42,851.21,1299.25,726.23
19780829,28.93,49.93,41.23,845.65,1288.52,719.69
19780830,28.96,49.74,40.98,841.24,1280.81,714.62
19780831,29.16,49.9,41.11,843.12,1281.09,716.77
19780901,29.17,50.04,41.17,839.43,1278.52,716.76
19780905,29.28,50.11,41.27,847.78,1281.88,718.05
19780906,29.31,50.03,41.43,853.83,1291.13,720.9
19780907,29.57,50.44,41.85,861.36,1301.95,728.19
19780908,29.67,50.72,42.09,859.05,1304.6,728.58
19780911,29.99,51.19,42.63,870.89,1321.72,737.73
19780912,30.17,51.32,42.92,870.27,1322.84,740.58
19780913,30.22,51.33,43,874.18,1323.23,739.42
19780914,30.17,51.33,43,869.28,1314.51,735.69
19780915,29.95,50.96,42.62,857.11,1301.78,726.9
19780918,29.73,50.57,42.24,849.12,1290.01,718.76
19780919,29.33,50,41.57,839.95,1278.67,710.35
19780920,28.97,49.58,41.07,835.71,1271.23,703.68
19780921,28.58,49.09,40.41,828.57,1262.18,695.87
19780922,28.5,48.88,40.22,831.94,1262.09,695.55
19780925,28.61,49.08,40.35,833.49,1261.13,696.26
19780926,28.61,49.04,40.3,835.14,1261.07,695.06
19780927,28.84,49.34,40.61,843.16,1269.05,700.91
19780928,28.68,49.04,40.34,835.67,1259.99,694.74
19780929,28.73,49.13,40.33,838.56,1263.2,696.42
19781002,29.39,49.68,40.56,844.22,1271.83,702.75
19781003,29.29,49.69,40.71,846.46,1276.36,705.28
19781004,29.19,49.63,40.57,844.27,1271.56,703.83
19781005,29.2,49.57,40.65,847.51,1279.1,705.94
19781006,29.27,49.81,40.88,850.7,1280.52,708.47
19781009,29.33,50.03,41.04,852.87,1283.09,710.23
19781010,29.49,50.31,41.3,860.25,1297.93,716.05
19781011,29.5,50.44,41.32,859.22,1293.77,717.45
19781012,29.6,50.53,41.44,867.2,1311.15,723.34
19781013,29.61,50.59,41.5,860.98,1303.51,720.78
19781016,29.59,50.52,41.49,858.88,1300.24,718.14
19781017,29.07,49.81,40.71,843.38,1275.63,704.99
19781018,28.27,48.52,39.35,827.78,1259.82,691.76
19781019,27.77,47.8,38.55,819.37,1250.37,685.07
19781020,27.32,47.11,37.81,809.2,1234.79,676.31
19781023,26.33,45.67,36.28,797.67,1218.6,663.15
19781024,25.88,45.14,35.65,796.11,1220.51,661.86
19781025,25.85,44.97,35.64,792.12,1213.66,656.34
19781026,25.85,44.93,35.69,790.71,1210.97,654.31
19781027,25.09,43.74,34.3,779.72,1195.61,640.8
19781030,24.22,42.48,32.92,766.21,1176.14,627.66
19781031,23.55,41.31,32.02,766.53,1181.28,631.77
19781101,23.17,40.49,31.58,750.94,1158.61,622.46
19781102,24.17,42,33.49,780.54,1204.53,651.96
19781103,24.25,42.08,33.51,773.86,1190.97,644.95
19781106,24.43,42.4,33.88,786.8,1193.96,646.95
19781107,24.42,42.37,33.75,771.31,1185.34,641.7
19781108,23.83,41.52,32.87,759,1170.07,630.6
19781109,23.83,41.51,32.93,765.17,1175.82,632.92
19781110,23.95,41.71,33.14,766.51,1175.94,633.79
19781113,24.15,42.03,33.52,771.46,1178.77,635.98
19781114,23.71,41.42,32.83,757.26,1160,624.44
19781115,23.19,40.49,32.04,747.79,1152.96,617.59
19781116,23.29,40.7,32.26,750.17,1160.12,621.38
19781117,23.4,40.9,32.52,759.98,1170.94,629.89
19781120,23.69,41.44,33.12,768.52,1179.63,636.61
19781121,23.93,41.9,33.52,775.16,1190.81,642.03
19781122,24,41.95,33.62,773.16,1189.16,641.01
19781124,24.28,42.25,34,778.5,1194.84,644.48
19781127,24.51,42.52,34.23,783.6,1197.41,647.31
19781128,24.55,42.58,34.36,784.18,1200.11,648.8
19781129,24.4,42.41,34.1,775.44,1191.02,643.7
19781130,24.11,41.96,33.58,762.95,1175.49,634.15
19781201,24.31,42.54,33.89,771.16,1187.04,643.13
19781204,24.7,43.15,34.55,784.84,1204.23,655.44
19781205,24.72,43.27,34.67,783.63,1203.24,656.6
19781206,24.99,43.74,35.14,793.92,1217.79,666.5
19781207,25.05,43.94,35.3,796.37,1218.93,668
19781208,25.05,43.94,35.26,791.5,1215.06,664.65
19781211,25.06,43.92,35.16,787.2,1209.66,661.97
19781212,25.07,44,35.31,790.8,1214.76,665.83
19781213,25.02,43.87,35.13,786.24,1209.51,661.39
19781214,24.89,43.73,34.96,781.51,1203.11,657.14
19781215,24.84,43.65,35.03,780.53,1204.04,656.62
19781218,24.69,43.33,34.75,776.67,1194.67,651.88
19781219,24,42.16,33.48,757.5,1171.76,636.35
19781220,24.11,42.23,33.62,761.85,1182.52,641.22
19781221,24.25,42.43,33.9,762.92,1187.21,645.1
19781222,24.33,42.55,34.06,763.15,1186.61,646.88
19781226,24.72,43.01,34.69,777.98,1207.11,656.59
19781227,24.83,43.2,34.94,783.3,1222.31,662.82
19781228,24.65,43.01,34.69,778.12,1211.24,657.09
19781229,24.55,42.83,34.61,773.81,1208.03,653.74
19790102,24.81,43.3,35.42,773.3,1209.33,659.38
19790103,25.05,43.49,35.54,782.42,1218.37,661.55
19790104,25.46,44.11,36.16,790.77,1230.9,671.19
19790105,25.87,44.68,36.65,800.18,1239.69,678.75
19790108,26.1,45.1,37.22,805.32,1246.07,683.93
19790109,25.93,44.96,37.18,802.88,1242.78,682.3
19790110,26.12,45.32,37.48,806.5,1248.35,686.54
19790111,26.05,45.28,37.36,801.23,1242.16,681.78
19790112,26.15,45.42,37.33,805.09,1248.76,684.16
19790115,26.41,45.87,37.75,810.24,1257.35,690.71
19790116,26.6,46.02,37.98,818.23,1265.12,695.4
19790117,26.39,45.75,37.55,808.57,1250.7,686.78
19790118,26.33,45.68,37.46,809.43,1250.41,685.78
19790119,26.56,46.03,37.85,812.8,1256.1,686.54
19790122,26.56,46.28,37.95,811.28,1255.03,687.16
19790123,26.54,46.24,37.93,812.29,1258.47,686.1
19790124,26.72,46.52,38.18,818.68,1266.93,690.2
19790125,26.65,46.45,38.07,817.3,1262.19,687.14
19790126,26.87,46.77,38.35,826.64,1274.7,693.54
19790129,27.08,47.02,38.56,832.8,1283.12,698.11
19790130,26.94,46.78,38.52,829.83,1280.31,695.85
19790131,26.92,46.69,38.25,826.84,1275.82,692.12
19790201,26.76,46.46,37.97,816.92,1263.3,684.92
19790202,26.74,46.35,37.96,817.41,1265.27,683.79
19790205,26.74,46.36,37.98,813.7,1259.04,683.27
19790206,26.39,45.74,37.37,799.39,1242.67,674.12
19790207,26.37,45.54,37.32,803.06,1240.25,674.84
19790208,26.08,44.99,36.83,797.26,1229.05,666.53
19790209,26.23,45.18,37.17,802.55,1234.17,669.78
19790212,26.38,45.33,37.39,805.19,1237.79,669.2
19790213,26.38,45.32,37.41,807.44,1242.08,670.84
19790214,26.58,45.62,37.78,813.06,1251.07,676.19
19790215,26.61,45.57,37.74,811.24,1249.98,674.89
19790216,26.65,45.65,37.83,810.93,1250.59,674.33
19790220,26.75,45.79,37.93,810.98,1249.41,675.32
19790221,26.82,46,38.06,816.77,1257.69,679.17
19790222,26.84,46,37.99,815.15,1253.9,677.01
19790223,26.85,45.86,37.8,808.52,1244.33,672.8
19790226,26.73,45.66,37.66,804.05,1237.28,668.51
19790227,26.7,45.6,37.66,803.3,1235.28,668.66
19790228,26.12,44.71,36.77,788.2,1219.4,656.76
19790301,26.09,44.76,36.78,788.25,1221.83,657.51
19790302,26.3,45.09,37.06,795.69,1229.14,662.21
19790305,26.44,45.24,37.23,797.24,1230.02,662.99
19790306,26.67,45.52,37.59,806.48,1243.79,670.07
19790307,26.65,45.46,37.62,806.51,1240.18,668.38
19790308,26.85,45.8,37.96,814.99,1246.98,672.56
19790309,27.21,46.09,38.4,824.24,1259.37,680.59
19790312,27.24,46.17,38.47,824.45,1259.56,681.45
19790313,27.36,46.11,38.56,827.07,1260.88,681.51
19790314,27.49,46.38,38.83,831.15,1262.08,681.16
19790315,27.57,46.38,38.85,831.66,1260.79,680.99
19790316,27.66,46.5,39.01,835.28,1262.14,681.91
19790319,27.87,46.77,39.33,842.11,1272.23,686.59
19790320,27.95,46.94,39.48,844.93,1276.98,689.73
19790321,27.86,46.89,39.29,840.24,1270.05,685.9
19790322,28.08,47.03,39.54,844.44,1278.89,691.81
19790323,28.21,47.23,39.82,845.95,1283.99,695.99
19790326,28.33,47.42,40.06,844.39,1282.72,696.27
19790327,28.23,47.33,39.82,841.62,1275.35,692.34
19790328,28.35,47.69,40.28,855.32,1293.28,701.1
19790329,28.35,47.7,40.29,853.45,1286.94,699.63
19790330,28.48,47.89,40.48,850.75,1286.36,699.7
19790402,28.52,47.94,40.61,848.93,1281.35,701.29
19790403,28.43,47.82,40.36,841.85,1273.38,695.78
19790404,28.78,48.15,40.89,855.05,1290.59,706.09
19790405,28.85,48.34,41.12,858.27,1293.99,708.84
19790406,28.98,48.64,41.33,864.95,1301.64,712.48
19790409,28.96,48.65,41.39,863.99,1300.75,713.01
19790410,28.98,48.59,41.25,858.75,1297.52,711.6
19790411,29.18,48.79,41.27,861.98,1303.47,715.42
19790412,29.08,48.62,40.96,853.76,1292.34,708.35
19790416,29.16,48.66,41.03,852.12,1289.14,705.99
19790417,28.93,48.26,40.63,842.51,1279.29,699.51
19790418,28.96,48.11,40.55,841.91,1279.58,699.33
19790419,29.21,48.36,40.97,846.38,1286.86,704.24
19790420,29.23,48.34,40.92,841.42,1281.77,701.94
19790423,29.26,48.39,41.11,841.07,1281.3,702.89
19790424,29.25,48.52,41.38,845.9,1285.39,704.55
19790425,29.38,48.68,41.67,852.33,1292.03,708.05
19790426,29.53,48.9,41.83,856.48,1295.56,710.31
19790427,29.55,48.77,41.69,852.16,1288.96,706.7
19790430,29.54,48.64,41.75,849.59,1286.2,704.32
19790501,29.54,48.49,41.68,847.81,1286.63,702.07
19790502,29.58,48.52,41.68,846.88,1287.67,702.54
19790503,29.65,48.59,41.79,846.66,1288.96,702.11
19790504,29.74,48.6,41.86,846.55,1289.79,702.2
19790507,29.51,48.33,41.47,838.45,1275.15,694.67
19790508,28.79,47.26,40.2,820.83,1258.45,682.04
19790509,28.61,46.93,39.98,817.46,1260.86,682.58
19790510,28.77,47.16,40.24,820.43,1263.33,685.38
19790511,28.44,46.95,39.94,812.33,1253.29,678.12
19790514,28.47,47,39.97,813.08,1253.69,679.17
19790515,28.38,46.84,39.68,808.2,1247.84,675.35
19790516,28.44,46.82,39.71,808.76,1248.82,675.98
19790517,28.49,46.86,39.71,812.68,1251.64,677.42
19790518,28.87,47.32,40.19,829.28,1269.91,687.35
19790521,28.96,47.52,40.48,832.47,1268.21,689.38
19790522,29.1,47.75,40.62,832.92,1271.11,693.18
19790523,29.22,47.92,40.86,836.57,1276.97,697.08
19790524,29.19,47.98,40.85,829.71,1269.06,695.11
19790525,29.28,48.03,40.97,828.08,1270.48,696.17
19790529,29.47,48.22,41.17,829.51,1273,699.46
19790530,29.42,48.16,41.12,828,1270.3,698.76
19790531,29.16,47.71,40.68,818.98,1259.9,691.65
19790601,29.29,47.79,40.67,818.91,1260.96,692.52
19790604,29.39,47.9,40.89,818.32,1263.05,692.59
19790605,29.45,47.83,40.98,822.04,1265.22,692.67
19790606,29.74,48.25,41.47,832.16,1280.5,701.95
19790607,29.87,48.46,41.86,840.46,1288.08,707.25
19790608,30.06,48.73,42.1,844.34,1295.67,712.12
19790611,29.99,48.88,42.29,844.14,1291.72,712.36
19790612,30.16,49.02,42.29,845.89,1295.7,713.6
19790613,30.37,49.36,42.82,852.5,1307.56,721.95
19790614,30.45,49.38,42.93,845.41,1302.58,720.33
19790615,30.46,49.32,42.69,844.85,1300.22,718.64
19790618,30.51,49.46,42.75,846.08,1300.47,719.53
19790619,30.46,49.21,42.44,843.88,1290.22,717.65
19790620,30.12,49.24,42.56,845.7,1292.64,718.84
19790621,30.21,49.46,42.8,848.24,1292.82,720.15
19790622,30.31,49.8,42.97,852.21,1297.6,723.77
19790625,30.35,50.08,43.13,856.67,1304.49,727.07
19790626,30.17,49.99,42.72,853.48,1297.85,722.77
19790627,30.08,49.89,42.47,850.18,1291.74,720.65
19790628,30.1,50.1,42.84,854.72,1298.7,726.88
19790629,30.27,50.38,43.07,861.66,1305.37,730.58
19790702,28.27,42.87,40.71,956.41,1236.99,669.29
19790703,28.02,42.52,40.13,949.29,1226.47,661.67
19790705,28.11,42.63,40.19,950.27,1227.95,663.24
19790706,28.26,42.9,40.39,957.04,1230.73,666.21
19790709,28.52,43.21,40.73,969.71,1244.7,672.98
19790710,28.66,43.35,40.9,980.15,1254.38,678.48
19790711,28.59,43.35,40.83,979.57,1249.83,676.39
19790712,28.58,43.37,40.68,971.63,1241.84,674.35
19790713,28.58,43.31,40.52,962.16,1232.4,670.08
19790716,28.55,43.18,40.4,960.45,1227.23,668.02
19790717,28.63,43.33,40.52,964.41,1232.97,669.78
19790718,28.36,43.06,40.03,958.11,1221.42,661.37
19790719,28.19,42.89,39.79,955.34,1219.96,659.14
19790720,28.36,43.07,40,953.61,1219.06,659.6
19790723,28.46,43.16,40.16,957.14,1222.13,661.08
19790724,28.38,43.16,40.04,952.13,1219.05,660.66
19790725,28.48,43.24,40.23,958.11,1222.35,662.3
19790726,28.7,43.52,40.66,972.07,1234.2,670.7
19790727,28.75,43.74,40.91,971.85,1234.52,672.89
19790730,28.87,43.94,41.23,976.06,1236.89,673.39
19790731,28.8,43.99,41.42,974.1,1238.6,677.65
19790801,28.91,44.11,41.67,979.16,1245.88,685.3
19790802,29.13,44.36,41.87,982.45,1249.16,688.62
19790803,29.15,44.49,42.08,979.89,1249.85,689.88
19790806,29.15,44.5,42.06,980.45,1248.3,689.91
19790807,29.17,44.51,42.08,981.48,1250.43,692.06
19790808,29.4,44.83,42.48,989.42,1266.87,702.42
19790809,29.51,45.08,42.64,991.12,1270.03,706.05
19790810,29.56,45.19,42.67,987.83,1265.26,704.03
19790813,29.8,45.49,43.04,991.4,1276.41,711.64
19790814,29.97,45.7,43.45,999.18,1286.74,720.82
19790815,30.09,45.88,43.56,1000.38,1288.98,721.08
19790816,30.35,46.19,43.91,1004.17,1299.06,726.91
19790817,30.36,46.21,43.79,1001.78,1295.65,727.05
19790820,30.39,46.33,43.94,1008.57,1297.4,728.55
19790821,30.48,46.45,44.06,1014.21,1303.98,731.03
19790822,30.5,46.61,44.1,1015.03,1304.57,730.25
19790823,30.63,46.8,44.28,1017.51,1305.61,730.69
19790824,30.65,46.88,44.35,1014.57,1300.22,730.14
19790827,30.67,46.85,44.32,1017.1,1300.14,729.26
19790828,30.67,47.08,44.49,1026.21,1303.88,732.54
19790829,30.75,47.06,44.55,1025.42,1301.92,731.8
19790830,30.83,47.15,44.74,1029.76,1301.99,731.22
19790831,30.93,47.32,44.82,1030.01,1300.77,732.76
19790904,31.13,47.45,45.13,1034.94,1306.13,737.49
19790905,30.72,46.83,44.35,1015.78,1286.34,724.12
19790906,30.23,45.93,43.4,1004.58,1273.41,714.87
19790907,30.39,46.28,43.82,1012.03,1276.89,717.93
19790910,30.59,46.54,44.19,1025.77,1284.85,722.07
19790911,30.71,46.64,44.44,1032.96,1290.17,724.75
19790912,30.5,46.49,44.11,1024.86,1284.87,718.65
19790913,30.65,46.65,44.31,1027.06,1288.94,721.8
19790914,30.72,46.8,44.59,1023.89,1289.85,723.88
19790917,30.95,47.26,45.07,1031.8,1302.79,731.14
19790918,30.88,47.3,44.98,1030.94,1302.48,730.99
19790919,30.67,47.01,44.58,1024.22,1292.83,724.74
19790920,30.7,47.05,44.66,1027.78,1296.1,726.17
19790921,30.87,47.2,45.09,1052.56,1321.41,735.47
19790924,30.9,47.38,45.16,1051.17,1319.58,737.74
19790925,30.75,47.08,44.88,1049.33,1308.46,732.79
19790926,30.65,46.94,44.81,1047.84,1310.27,733.96
19790927,30.79,47.06,45.07,1052.16,1311.86,736.58
19790928,30.94,47.17,45.22,1056.35,1312.86,736.38
19791001,31.01,46.92,45.25,1050.36,1305.12,733.1
19791002,30.89,46.78,45.17,1043.71,1296.99,728.12
19791003,31.02,47.03,45.5,1052.23,1309.24,732.32
19791004,31.08,47.22,45.78,1054.3,1309.74,733.56
19791005,31.25,47.46,46.16,1061.33,1317.19,737.6
19791008,31.49,47.76,46.56,1075.28,1326.77,744.47
19791009,31.09,47.2,45.95,1065.09,1309.38,735.9
19791010,29.64,45.27,43.57,1027.2,1271,708.92
19791011,28.36,43.34,41.64,1010.15,1255.2,695.17
19791012,28.56,43.59,42.05,1012.09,1251.34,696.43
19791015,28.67,43.75,42.25,1006.63,1247.18,693.9
19791016,28.16,42.98,41.48,995.61,1234.35,684.14
19791017,28.13,42.94,41.4,995.2,1231.61,683.4
19791018,28.23,43.19,41.67,1001.99,1233.27,685.92
19791019,28.3,43.28,41.75,1008.86,1234.13,686.66
19791022,27.74,42.41,40.75,987.05,1209.89,670.48
19791023,26.92,41.3,39.53,972.62,1199.34,661.06
19791024,26.75,41.14,39.44,964.88,1197.59,659.55
19791025,26.83,41.3,39.67,968.59,1199.5,661.36
19791026,26.88,41.21,39.63,964.6,1194.6,660.05
19791029,27.05,41.5,40.1,970.13,1201.14,664.48
19791030,27.12,41.56,40.19,971.37,1202.24,666.14
19791031,27.41,42.05,40.85,989.43,1224,679.6
19791101,27.36,42.16,40.92,984.32,1215.55,675.69
19791102,27.57,42.38,41.31,993.68,1225.55,680.63
19791105,27.68,42.49,41.48,991.94,1225.71,681.39
19791106,27.52,42.28,41.18,984.25,1218.36,676.37
19791107,27.42,42.15,41,979.24,1212.12,673.94
19791108,27.13,41.73,40.43,966.53,1197.28,665.05
19791109,27.22,41.84,40.64,971.24,1202,670.34
19791112,27.53,42.36,41.19,984.46,1216.12,679.61
19791113,27.83,42.76,41.72,1007.93,1236.5,692.15
19791114,27.85,42.77,41.66,1003.37,1231.26,690.24
19791115,27.95,42.88,42,1005.48,1235.33,694.54
19791116,28.14,43.17,42.52,1015.38,1242.36,701.2
19791119,28.1,43.1,42.48,1014.89,1239.75,699.04
19791120,28.21,43.22,42.67,1022.81,1243.06,702.18
19791121,28.22,43.19,42.59,1019.68,1235.88,697.86
19791123,28.19,43.07,42.6,1023.54,1237.72,700.57
19791126,28.41,43.43,43.01,1030.62,1246.41,707.5
19791127,28.92,44.12,43.9,1047.13,1271.95,725.07
19791128,29.08,44.42,44.12,1039.55,1270.3,722.78
19791129,29.32,44.73,44.54,1043.51,1275.1,726.33
19791130,29.44,44.97,44.83,1044.07,1275.22,727.38
19791203,29.49,45,44.97,1043.67,1271.2,723.54
19791204,29.49,44.94,44.88,1042.49,1265.98,721.6
19791205,29.68,45.1,45.24,1051.74,1275.89,729.79
19791206,29.84,45.4,45.63,1053.12,1283.44,734.93
19791207,29.96,45.76,46.1,1057.79,1293.32,739.86
19791210,30.03,45.96,46.26,1049.22,1289.5,737.85
19791211,30.12,46.07,46.5,1050.67,1291.81,740.31
19791212,30.07,46.08,46.49,1051.51,1288.3,737.38
19791213,30.21,46.3,46.64,1050.76,1288.09,738.82
19791214,30.35,46.43,46.77,1052.34,1288.75,741.74
19791217,30.62,46.72,47.22,1064.33,1303.54,750.85
19791218,30.77,46.94,47.57,1075.03,1306.52,754.7
19791219,30.66,46.72,47.19,1065.75,1293.89,749
19791220,30.62,46.79,47.22,1065.9,1292.1,748.12
19791221,30.79,46.96,47.46,1063.68,1295.25,748.93
19791224,30.79,46.88,47.34,1054.71,1286.32,746.13
19791226,30.88,46.83,47.35,1054.15,1288.05,745.36
19791227,30.93,46.87,47.45,1057.93,1288.58,745.82
19791228,30.96,46.98,47.62,1059.4,1289.05,746.88
19791231,31.07,47.1,47.88,1060.3,1288.73,747.26
19800102,31.82,47.77,48.65,1066.04,1295.03,759.03
19800103,31.38,47.03,47.49,1045.86,1268.58,741.1
19800104,30.96,46.31,46.74,1037.63,1263.72,734.35
19800107,31.51,47.12,47.81,1048.74,1280.64,747.44
19800108,31.81,47.47,48.09,1053.94,1286.3,752.21
19800109,32.25,48.11,49.04,1075.92,1315.1,765.63
19800110,32.45,48.4,49.4,1071.61,1315.71,769.02
19800111,32.82,48.88,50.1,1078.35,1328.54,774.31
19800114,32.95,49.1,50.39,1082.3,1329.07,775.76
19800115,33.31,49.39,50.38,1092.97,1330.73,774.45
19800116,33.51,49.56,50.69,1102.44,1338.99,776.78
19800117,33.66,49.81,50.89,1103.08,1339.73,776.17
19800118,33.78,49.92,50.91,1106.17,1333.04,771.48
19800121,33.82,50.1,51.12,1111.09,1336.56,771.68
19800122,34.05,50.47,51.52,1122.49,1348.57,777.87
19800123,33.79,50.2,51.21,1114.62,1342.75,773.48
19800124,34.17,50.61,51.73,1133.88,1365.12,785.7
19800125,34.26,50.83,51.94,1138.97,1366.4,790.78
19800128,34.39,50.86,52.08,1136.9,1364.22,793.36
19800129,34.6,51.2,52.51,1153.84,1375.44,803.87
19800130,34.34,50.91,52.24,1150.39,1364.67,797.13
19800131,34.65,51.17,52.73,1167.9,1375.29,805.43
19800201,34.59,50.9,52.55,1164.16,1364.21,798.73
19800204,34.76,50.93,52.85,1176.89,1374.35,802.58
19800205,34.7,50.97,52.78,1167.12,1366.27,797.96
19800206,34.83,51.06,52.84,1170.04,1369,799.7
19800207,34.98,51.2,53.21,1193.12,1378.31,802.71
19800208,35.12,51.42,53.53,1205.94,1381.85,802.83
19800211,35.38,51.73,53.98,1233.63,1396.79,809.6
19800212,35.28,51.58,53.51,1220.56,1387.83,804.21
19800213,35.31,51.63,53.68,1225.53,1400.42,807.66
19800214,35.32,51.78,53.73,1225.52,1405.48,812.92
19800215,35.05,51.39,53.07,1202.34,1387.44,802.17
19800219,34.89,51.06,52.73,1191.56,1372.74,795.19
19800220,34.58,50.71,52.18,1181.13,1361.47,788.62
19800221,34.84,50.87,52.66,1208.41,1380.22,796.61
19800222,34.63,50.6,52.43,1198.47,1366.57,787.54
19800225,34.3,50.23,52.15,1196.58,1365.06,779.87
19800226,33.93,49.61,51.5,1176.58,1343.49,768.88
19800227,33.91,49.7,51.7,1185.87,1353.91,768.34
19800228,33.75,49.45,51.42,1172.32,1332.01,761.02
19800229,33.75,49.4,51.42,1171.56,1334.03,758.15
19800303,33.62,49.77,51.73,1184.69,1348.89,768.21
19800304,33.39,49.49,51.29,1174.95,1333.43,763.76
19800305,33.07,49.07,50.77,1180.76,1334.82,761.86
19800306,32.52,48.36,49.87,1164.89,1314.25,748.61
19800307,31.64,47.15,48.46,1133.97,1285.87,732.51
19800310,31.11,46.38,47.5,1106.07,1266.13,725.64
19800311,30.46,45.55,46.38,1096.06,1265.88,718.04
19800312,30.75,45.88,46.92,1106.59,1282.41,727.32
19800313,30.68,45.82,46.87,1097.67,1272.29,723.47
19800314,30.61,45.63,46.73,1081.57,1260.43,716.54
19800317,30.43,45.4,46.49,1076.82,1258.57,714.42
19800318,29.35,44.07,44.57,1034.64,1225.76,691.09
19800319,29.32,43.77,44.48,1063.7,1245.42,698.08
19800320,29.62,44.07,44.86,1068.32,1245.88,704.02
19800321,29.49,43.94,44.74,1052.11,1233.78,696.65
19800324,29.34,43.67,44.49,1049.28,1223.3,690.52
19800325,28.34,42.29,42.74,1014.06,1186.84,671.65
19800326,27.82,41.62,41.87,1005.62,1185.73,670.85
19800327,27.7,41.49,41.76,998.66,1179.15,669.49
19800328,25.96,39.07,38.87,983.45,1174.59,658.11
19800331,27.08,40.76,41.1,1010.94,1202.95,677.92
19800401,27.1,41.5,42.04,1029.7,1221.54,682.41
19800402,27.1,42.05,42.64,1031.07,1223.17,687.18
19800403,27.38,42.58,43.29,1036.75,1233.92,693.31
19800407,27.47,42.54,43.23,1035.03,1226.81,691.21
19800408,26.93,41.74,42.23,1012.21,1202.31,677.76
19800409,27.07,41.91,42.57,1020.11,1214.41,686.52
19800410,27.38,42.36,43.16,1046.94,1237.16,695.57
19800411,27.76,42.86,43.84,1054.61,1246.33,703.56
19800414,27.95,42.98,43.74,1052.85,1245.12,701.67
19800415,27.77,42.66,43.1,1041.45,1234.08,692.64
19800416,27.7,42.6,42.91,1041.36,1232.2,690.49
19800417,27.53,42.45,42.43,1030.47,1220.49,681.35
19800418,27.34,42.21,42.08,1027.07,1215.17,677.54
19800421,27.35,42.22,41.96,1022.62,1209.63,676.05
19800422,27.05,41.7,41.35,1016.35,1201.11,668.96
19800423,27.73,42.6,42.84,1053.49,1242.24,694.28
19800424,27.99,42.96,43.34,1058.19,1244.81,698.09
19800425,28.33,43.42,43.86,1062.46,1254.32,707.05
19800428,28.24,43.27,43.72,1072.9,1262.17,709.36
19800429,28.39,43.49,43.95,1076.2,1267.84,712.66
19800430,28.55,43.78,44.18,1080.91,1270.22,714.48
19800501,28.63,43.98,44.27,1084.1,1274.61,726.32
19800502,28.55,43.9,43.99,1075.09,1265.33,723.47
19800505,28.65,43.98,44.19,1081.79,1265.72,724.23
19800506,28.79,44.2,44.48,1089.32,1274.05,731.35
19800507,28.9,44.58,44.7,1091.44,1273.48,734.52
19800508,29.12,45.03,45.11,1097.59,1286.76,738.93
19800509,29.1,45.09,45,1091.36,1274.36,734.41
19800512,29.01,44.91,44.72,1077.17,1256.59,726.84
19800513,29.05,44.92,44.58,1070.77,1258.7,727.55
19800514,29.27,45.25,45.03,1085.53,1274.37,735.88
19800515,29.52,45.6,45.6,1093.86,1280.16,742.43
19800516,29.68,45.71,45.97,1091.56,1282.81,746.34
19800519,29.85,45.93,46.26,1097.45,1286.31,749.2
19800520,29.92,46.13,46.38,1103.61,1287.48,750.21
19800521,29.91,46.21,46.45,1101.7,1287.07,749.39
19800522,29.92,46.24,46.5,1102.26,1289.45,747.43
19800523,30.14,46.64,47.01,1119.47,1305.5,756.22
19800527,30.44,47.16,47.53,1136.71,1323.45,766.45
19800528,30.62,47.4,47.79,1149.89,1329.71,770.49
19800529,30.64,47.51,48,1158.61,1339.21,775.42
19800530,30.5,47.14,47.57,1134.44,1319.56,765.85
19800602,30.75,47.38,48.19,1146.5,1331.18,775.11
19800603,30.7,47.48,48.16,1142.61,1328.78,773.32
19800604,30.7,47.45,48.2,1140.6,1325.19,771.69
19800605,30.91,47.92,48.74,1161.93,1349.37,784.38
19800606,31.1,48.14,48.94,1162,1352.39,786.16
19800609,31.25,48.31,49.24,1167.29,1357.56,789.82
19800610,31.34,48.52,49.33,1173.75,1362.08,792.13
19800611,31.43,48.72,49.64,1186.85,1372.86,797.95
19800612,31.65,48.97,50.01,1201.69,1387.9,808.79
19800613,31.55,48.88,49.99,1195.36,1386.44,805.27
19800616,31.75,49.24,50.41,1191.39,1390.91,809.3
19800617,31.79,49.32,50.45,1195.45,1394.29,809.2
19800618,31.92,49.45,50.45,1194.8,1393.47,810.08
19800619,31.96,49.38,50.31,1202.1,1395.42,809.91
19800620,31.76,49.21,49.88,1185.4,1376.3,799.62
19800623,31.8,49.1,49.85,1177.68,1370.8,796.22
19800624,31.91,49.18,50.12,1183.35,1376.07,798.78
19800625,32.05,49.32,50.36,1188.18,1383.25,806.11
19800626,32.32,49.75,50.98,1202.44,1401.74,816.21
19800627,32.33,49.7,51.04,1199.69,1394.83,813.48
19800630,32.35,49.68,51.14,1197.28,1392.22,811.6
19800701,30.51,48.95,44.64,892.77,1378.34,1002.27
19800702,30.61,49.07,44.88,898.37,1384.08,1011.28
19800703,30.81,49.28,45.21,905.44,1393.39,1017.36
19800707,31.1,49.69,45.89,917.95,1413.1,1032.34
19800708,31.23,49.99,46.34,924.54,1423.75,1042.4
19800709,31.28,50.08,46.3,924.25,1419.22,1036.76
19800710,31.38,50.28,46.49,926.36,1419.63,1039.18
19800711,31.35,50.3,46.42,917.36,1409.43,1030
19800714,31.55,50.57,46.9,922.29,1419.82,1038.74
19800715,31.87,51.29,47.8,938.47,1443.51,1060.8
19800716,31.86,51.44,47.85,936.19,1436.29,1053.24
19800717,32.04,51.63,48.15,936.77,1437.3,1058.77
19800718,32.39,52.06,48.87,948.46,1456.45,1079.58
19800721,32.56,52.41,49.28,952.5,1459.86,1084.26
19800722,32.63,52.57,49.45,954.86,1464.13,1090.26
19800723,32.6,52.49,49.3,952.18,1460.61,1087.2
19800724,32.58,52.49,49.35,951.37,1457.14,1084.45
19800725,32.61,52.56,49.4,949.68,1455.32,1082.64
19800728,32.47,52.33,49.17,941.74,1442.32,1074.56
19800729,32.54,52.36,49.33,946.73,1449.64,1079.06
19800730,32.75,52.75,49.84,955.49,1459.63,1087.29
19800731,32.91,53.21,50.39,956.46,1461.94,1082.69
19800801,32.85,53.21,50.23,954.6,1456.9,1077.48
19800804,33,53.6,50.44,952.82,1454.43,1072.14
19800805,32.91,53.49,50.23,948.4,1450.96,1063.31
19800806,33.01,53.82,50.39,946.99,1450.74,1062.69
19800807,33.21,54.19,50.8,953.26,1459.54,1072.16
19800808,33.56,54.77,51.43,969.39,1476.91,1091.24
19800811,33.69,54.99,51.63,972.99,1480.48,1095.18
19800812,33.88,55.35,52.08,976.49,1495.99,1107.47
19800813,33.73,55.13,51.81,968.58,1486.33,1095.98
19800814,33.8,55.23,51.84,968.21,1481.31,1090.05
19800815,34.21,55.83,52.69,984.13,1505.11,1105.45
19800818,34.4,56.18,53.07,991.69,1509.67,1109.98
19800819,33.88,55.53,52.06,974.46,1481.72,1089.98
19800820,33.8,55.2,51.7,970.64,1471.33,1083.72
19800821,34.06,55.49,52.27,977.18,1482.82,1097.17
19800822,34.52,56.21,53.29,988.47,1504.41,1115.98
19800825,34.73,56.61,53.89,989.97,1511.89,1126.96
19800826,34.69,56.51,53.76,982.72,1501.35,1120.61
19800827,34.72,56.62,54.01,982.01,1498.56,1117.54
19800828,34.57,56.43,53.82,973.81,1482.71,1105.98
19800829,34.27,56.05,53.17,963.49,1464.29,1094.23
19800902,34.45,56.25,53.74,965.8,1470.76,1096.48
19800903,34.66,56.75,54.26,975.08,1486.65,1106.33
19800904,35.11,57.48,55.3,994.38,1514.42,1133.07
19800905,35.11,57.54,55.44,988.63,1508.52,1125.71
19800908,35.17,57.67,55.69,985.91,1501.6,1122.1
19800909,34.89,57.3,55.3,974.24,1478.41,1110.91
19800910,35.05,57.55,55.53,982.28,1488.04,1113.43
19800911,35.34,58.18,56.17,990.99,1495.42,1121.64
19800912,35.74,58.63,56.85,996.6,1502.67,1134.1
19800915,35.96,58.86,57.39,996.57,1501.39,1136.96
19800916,35.97,58.92,57.51,1001.64,1502.63,1137.38
19800917,36.27,59.25,58.24,1007.73,1513.01,1155.74
19800918,36.68,59.86,59.19,1021.34,1534.67,1180.29
19800919,36.65,59.83,59.03,1016.49,1529.51,1178.46
19800922,36.94,60.09,59.74,1024.29,1536.01,1187.32
19800923,36.92,60.1,59.93,1028.14,1548.34,1202.42
19800924,36.6,59.54,59.19,1019.86,1537.65,1198.44
19800925,36.59,59.57,59.19,1022.5,1546.81,1213.2
19800926,36.37,59.24,58.53,1011.07,1529.99,1193.76
19800929,35.68,58.28,57.16,988.92,1504.85,1166.41
19800930,34.7,56.9,55.24,968.65,1473.19,1133.46
19801001,35.24,57.62,56.85,989.68,1500.18,1161.51
19801002,35.47,57.99,57.55,999.56,1517.02,1190.08
19801003,35.66,58.31,58.05,1008.6,1526.88,1200.5
19801006,36.06,59.06,59.14,1024.58,1541.06,1215.31
19801007,36.5,59.79,60.37,1039.67,1566,1242.02
19801008,36.42,59.77,60.18,1035.75,1558.99,1233.69
19801009,36.59,60.11,60.72,1040.2,1566.15,1241.54
19801010,36.64,60.23,60.8,1033.59,1560.15,1237.4
19801013,36.7,60.29,60.64,1029.57,1549.69,1234.45
19801014,36.98,60.55,61.04,1038.17,1567.7,1254.96
19801015,37.02,60.71,61.17,1042.21,1565.04,1255.78
19801016,37.27,60.96,61.5,1051.22,1585.42,1273.11
19801017,36.96,60.66,60.91,1038.28,1568.5,1253.46
19801020,36.87,60.43,60.6,1035.97,1560.87,1244.26
19801021,36.91,60.58,60.8,1043.47,1569.37,1255.96
19801022,36.76,60.48,60.59,1035.34,1560.2,1247.72
19801023,36.95,60.87,61.05,1036.31,1561.95,1249.75
19801024,36.6,60.19,60.21,1019.05,1536.97,1220.34
19801027,36.73,60.34,60.42,1024.47,1540.96,1222.07
19801028,36.43,59.87,59.73,1010.15,1520.62,1199.82
19801029,36.36,59.74,59.62,1010.23,1519.13,1202.69
19801030,36.4,59.74,59.8,1014.71,1516.6,1202.58
19801031,36.11,59.32,59.16,1003.7,1497.51,1182
19801103,36.4,59.55,59.38,1009.99,1512.14,1193.97
19801105,36.58,59.84,59.82,1021.79,1529.29,1211.36
19801106,36.96,60.46,60.93,1037.05,1553.75,1237.82
19801107,36.45,59.6,60.03,1021.9,1527.37,1211.66
19801110,36.31,59.24,59.86,1023.18,1530.43,1215.42
19801111,36.33,59.2,60.03,1024.65,1536.2,1224.78
19801112,36.69,59.63,60.81,1033.7,1554.16,1245.86
19801113,37.17,60.4,61.95,1053.82,1593,1284.22
19801114,37.57,60.88,62.92,1069.49,1614.25,1309.95
19801117,37.69,61.11,63.45,1071.47,1619.45,1322.05
19801118,37.64,61.14,63.4,1073.93,1627.04,1331.59
19801119,37.86,61.63,64.04,1093.54,1646.91,1358.96
19801120,37.93,61.75,64.29,1083.89,1642.84,1350.98
19801121,38.18,62.04,64.89,1093.77,1657.5,1364.52
19801124,38.06,61.97,64.48,1084.58,1641.4,1351.61
19801125,37.59,61.48,63.92,1076.07,1635.24,1340.08
19801126,37.81,61.83,64.7,1083.37,1641.92,1358.32
19801128,37.94,62.09,65.12,1096.53,1644.43,1369.54
19801201,38.07,62.6,65.87,1097.44,1651.69,1360.73
19801202,37.61,61.92,64.79,1071.52,1615.56,1324.83
19801203,37.43,61.58,64.38,1073.24,1612.24,1318.36
19801204,37.65,61.86,64.61,1076.23,1610.02,1314.38
19801205,37.77,62.18,64.89,1075.79,1608.13,1309.24
19801208,37.25,61.56,63.92,1054.55,1578.87,1281.93
19801209,36.09,59.85,61.44,1026.31,1542.54,1246.79
19801210,35.84,59.39,60.98,1023.35,1540.94,1247.29
19801211,35.44,58.8,60.13,1006.67,1519.23,1223.58
19801212,34.65,57.48,58.38,996.61,1506.18,1215.84
19801215,35.1,57.96,59.49,1008.73,1525.23,1237.91
19801216,35.12,58.17,59.73,1008.89,1523.94,1243.81
19801217,35.11,58.2,59.84,1015.82,1538.38,1256.35
19801218,35.41,58.72,60.51,1030.59,1562.71,1280.89
19801219,35.73,59.3,60.93,1035.63,1571.42,1280.82
19801222,36.06,59.78,61.48,1046.31,1580.96,1283.5
19801223,36.46,60.37,62.18,1063.91,1605.75,1294.99
19801224,36.5,60.46,62.12,1056.82,1601.75,1290.07
19801226,36.61,60.62,62.39,1058.31,1609.98,1294.02
19801229,36.78,60.79,62.72,1062.19,1617.86,1301.92
19801230,36.53,60.46,62.11,1050.88,1601.15,1288.35
19801231,36.63,60.59,62.23,1050.59,1605.73,1291.77
19810102,37.43,61.99,64.3,1068.96,1628.03,1310.41
19810105,37.79,62.54,64.98,1075.31,1640.22,1312.15
19810106,38.12,63.2,65.37,1094.47,1659.19,1316.56
19810107,38.19,63.6,65.42,1097.32,1667.55,1307.46
19810108,36.92,61.67,62.47,1068.81,1634.04,1269.83
19810109,36.73,61.36,61.84,1052.63,1613.29,1248.54
19810112,37.12,61.86,62.37,1057.7,1615.54,1254.25
19810113,37.35,62.17,62.51,1057.5,1615.49,1255.12
19810114,37.31,62.14,62.35,1052.9,1611.53,1252.42
19810115,37.46,62.48,62.68,1054.79,1614.71,1258.19
19810116,37.63,62.6,63.19,1063.06,1618.54,1270.29
19810119,37.84,62.86,63.59,1068.72,1629.3,1277.59
19810120,37.85,62.88,63.7,1065.99,1626.78,1272.15
19810121,37.4,62.22,62.74,1043.16,1597.63,1244.91
19810122,37.36,62.06,62.56,1039.74,1594.45,1238.27
19810123,37.24,61.88,62.18,1032.49,1581.77,1226.24
19810126,37.27,61.95,62.33,1032.15,1579.53,1228.04
19810127,37.17,61.62,61.87,1025.39,1575.29,1220.7
19810128,37.33,61.98,62.29,1036.09,1589.72,1236.79
19810129,37.34,62.11,62.27,1034.33,1581.41,1228.81
19810130,37.45,62.3,62.46,1037.68,1582.22,1220.25
19810202,37.49,62.63,62.62,1033.89,1580.74,1206.14
19810203,36.81,61.29,60.67,1010.91,1551.54,1171.08
19810204,36.83,61.45,60.82,1024.93,1566.24,1189.78
19810205,37.11,61.74,61.18,1027.05,1566.95,1193.67
19810206,37.53,62.35,61.95,1037.29,1580.49,1205.22
19810209,37.87,62.76,62.63,1044.29,1589.16,1219.32
19810210,37.79,62.61,62.32,1038.81,1574.09,1200.24
19810211,37.8,62.62,61.94,1039.35,1572.9,1197.3
19810212,37.74,62.56,61.59,1034.43,1564.54,1185.9
19810213,37.58,62.38,61.03,1029.7,1556.05,1176.94
19810217,37.44,62.24,60.9,1028.09,1551.14,1172.61
19810218,37.42,62.35,60.87,1031.93,1560.26,1179.64
19810219,37.41,62.52,61.04,1035.7,1568.78,1187.56
19810220,37.1,62.05,60.21,1018.26,1547.32,1169.11
19810223,37.08,61.96,60.04,1017.44,1545.93,1166.67
19810224,37.15,62.1,60.25,1021.72,1555.73,1170.87
19810225,37.31,62.47,60.44,1021.48,1560.79,1169.52
19810226,37.33,62.59,60.53,1033.18,1576.03,1176.22
19810227,37.75,63.3,61.39,1049.16,1594.96,1189.42
19810302,38.21,64.05,62.33,1057.29,1611.38,1202.81
19810303,38.38,64.32,62.96,1063.5,1617.65,1215.97
19810304,38.25,64.15,62.71,1056.05,1599.09,1203.99
19810305,38.25,64.35,62.92,1061.68,1600.06,1205.81
19810306,38.28,64.31,63.09,1059.77,1589.87,1197.09
19810309,38.38,64.49,63.36,1061.01,1590.69,1190.34
19810310,38.5,64.69,63.73,1069.19,1605.2,1199.14
19810311,38.41,64.5,63.36,1063.5,1602.92,1191.54
19810312,38.37,64.49,63.09,1059.14,1598.5,1189.05
19810313,38.84,65.29,64.04,1087.45,1631.66,1223.38
19810316,38.98,65.46,64.46,1091.1,1630.76,1223.67
19810317,39.29,66.02,64.99,1105.99,1650.03,1233.67
19810318,39.24,66.12,64.84,1102.32,1641.14,1227.81
19810319,39.44,66.43,65.15,1108.13,1645.45,1227.21
19810320,39.58,66.17,65.32,1109.17,1633.34,1217.92
19810323,39.97,66.72,65.99,1115.13,1640.76,1229.04
19810324,40.17,66.99,66.6,1126.37,1653.87,1252.74
19810325,40.07,66.87,66.53,1117.12,1641.89,1249.34
19810326,40.47,67.48,67.46,1133.57,1667.01,1274.81
19810327,40.37,67.35,67.62,1126.04,1658.6,1269.77
19810330,40.24,67.17,67.25,1114.92,1640.26,1256.67
19810331,40.27,67.06,67.17,1112.26,1636.28,1250.52
19810401,40.64,67.8,68.34,1121.84,1654.25,1259.69
19810402,40.8,68.47,68.79,1127.11,1663.53,1263.42
19810403,40.95,68.73,68.9,1127,1662.62,1259.86
19810406,40.93,68.91,68.93,1121.57,1651.17,1255.57
19810407,40.61,68.43,68.31,1107.24,1634.25,1239.47
19810408,40.86,68.62,68.53,1107.15,1633.84,1238.37
19810409,41.01,69,68.87,1109.59,1640.36,1241.53
19810410,41.31,69.39,69.39,1115.01,1649.71,1239.62
19810413,41.5,69.72,69.43,1113.67,1651.12,1240.88
19810414,41.27,69.41,69,1103.14,1634.43,1226.5
19810415,41.1,69.27,68.74,1095.73,1627.91,1219.49
19810416,41.43,69.87,69.64,1108.86,1644.11,1235.05
19810420,41.78,70.31,70.32,1112.45,1649.76,1242.8
19810421,41.89,70.74,70.73,1117.01,1660.96,1248.87
19810422,41.78,70.68,70.34,1109.87,1646.17,1231.52
19810423,41.9,70.83,70.5,1110.11,1646.07,1229.11
19810424,42.06,71.21,70.83,1113.73,1644.33,1227.08
19810427,42.3,71.52,71.37,1125.25,1655.46,1238.15
19810428,42.33,71.46,71.41,1128.49,1662.01,1238.61
19810429,41.96,70.72,70.46,1119.77,1647.07,1226.66
19810430,41.73,70.14,69.84,1111.01,1629.07,1217.67
19810501,41.88,70.19,70.34,1118.81,1630.64,1230.54
19810504,41.85,70.09,70.12,1119.62,1627.23,1232.38
19810505,41.22,68.95,68.64,1100.41,1602.85,1214.2
19810506,40.85,68.48,68.18,1092.2,1595.77,1216.08
19810507,40.97,68.65,68.61,1095.03,1599.13,1231.09
19810508,41.15,69.01,69.13,1104.26,1608.52,1240.96
19810511,41.29,69.2,69.62,1105.18,1609.53,1239.84
19810512,40.86,68.53,68.83,1089.44,1586.64,1216.94
19810513,40.93,68.76,69,1098.99,1601.39,1223.03
19810514,41.05,69.1,69.4,1100.68,1598.81,1220.66
19810515,41.26,69.53,69.99,1105.29,1608.54,1227.61
19810518,41.52,70,70.39,1110.64,1622.22,1236.99
19810519,41.65,70.01,70.58,1110.14,1625.59,1239.96
19810520,41.56,69.86,70.36,1106.06,1621.23,1237.29
19810521,41.72,70.15,70.89,1109.06,1617.59,1241.28
19810522,41.86,70.24,71.14,1105.18,1616.71,1238.62
19810526,41.87,70.52,71.52,1103.82,1612,1237.94
19810527,42.05,70.73,72.06,1113.13,1627.54,1252.7
19810528,42.35,71.3,72.93,1120.05,1640.04,1258.63
19810529,42.68,71.62,73.16,1119.03,1638.26,1251.51
19810601,42.93,71.98,73.3,1108.96,1636.35,1240.06
19810602,42.97,72.42,73.21,1109.63,1635.32,1232.11
19810603,42.55,71.79,72.09,1094.3,1617.31,1208.63
19810604,42.48,71.73,71.97,1095.56,1617.43,1209.41
19810605,42.63,71.94,72.2,1091.55,1620.39,1213.73
19810608,42.77,72.18,72.51,1100.84,1638.21,1226.69
19810609,42.82,72.29,72.31,1100.19,1640.4,1224.89
19810610,42.74,72.02,71.86,1093.4,1636.36,1223
19810611,42.85,72.26,71.92,1094.97,1644.44,1224.17
19810612,43.31,73.02,72.72,1107.77,1661.68,1236.73
19810615,43.44,73.34,72.68,1110.42,1664.76,1231.36
19810616,43.6,73.51,72.79,1115.85,1671.75,1224.34
19810617,43.23,73.12,71.67,1105.39,1655.83,1205.51
19810618,43.31,73.13,71.73,1115.89,1668.13,1218.62
19810619,43.07,72.64,70.95,1101.78,1648.42,1200.85
19810622,43.2,72.84,71.11,1105.41,1652.22,1213.15
19810623,43.12,72.76,70.8,1099.16,1651.29,1211.98
19810624,43.32,72.99,71.08,1114.1,1668.17,1225.67
19810625,43.25,72.96,70.95,1108.78,1655.9,1221.49
19810626,43.27,73.01,71.01,1110.66,1655.16,1228.23
19810629,43.25,72.99,71.18,1107.17,1651.11,1226.79
19810630,42.99,72.26,70.71,1102.34,1642.99,1219.49
19810701,39.9,68.39,62.99,829.03,1651.79,1298.1
19810702,39.63,68.02,62.43,822.42,1632.33,1288.73
19810706,39.35,67.59,61.6,817.87,1618.56,1274.35
19810707,38.9,66.72,60.34,804.67,1608,1262.77
19810708,38.77,66.62,60.1,800.79,1617.02,1272.79
19810709,38.75,66.57,60.11,800.26,1616.68,1279.59
19810710,38.93,66.84,60.6,805.17,1626.45,1292.39
19810713,39.12,66.99,60.92,807.37,1627.24,1294.91
19810714,39.11,67.08,60.95,807.39,1629.55,1298.41
19810715,38.98,66.75,60.59,801.92,1629.29,1300.43
19810716,39.15,67.08,60.99,807.79,1632.79,1308.02
19810717,39.28,67.21,61.24,808.82,1633.89,1312.34
19810720,39.42,67.43,61.54,814.01,1635.83,1320.5
19810721,38.97,66.53,60.54,799.26,1610.41,1301.21
19810722,38.64,65.93,59.88,794.97,1602.52,1299.75
19810723,38.43,65.66,59.59,790.03,1589.31,1285.19
19810724,38.35,65.56,59.54,787.59,1593.68,1289.48
19810727,38.56,65.91,60.03,793.93,1608.47,1300.71
19810728,38.79,66.18,60.36,797.17,1622.15,1316.41
19810729,38.76,66.1,60.14,794.09,1614.06,1309.62
19810730,38.79,66.21,60.17,793.23,1615.4,1309.22
19810731,39.01,66.49,60.6,797.26,1624.71,1319.71
19810803,39.04,66.97,61.29,802.51,1638.93,1332.63
19810804,38.83,66.82,60.86,798,1635.69,1331.36
19810805,38.79,66.79,60.84,798.73,1644.67,1337.49
19810806,38.96,67.13,61.3,806.56,1659.16,1358.3
19810807,39.04,67.28,61.59,807.77,1659.73,1357.62
19810810,38.9,67.16,61.52,803.49,1652.02,1349.05
19810811,38.81,66.98,61.34,802.66,1660.95,1355.98
19810812,38.94,67.2,61.66,806.23,1678.61,1369.36
19810813,38.99,67.32,61.67,807.08,1673.09,1365.3
19810814,38.98,67.34,61.78,806.53,1671.83,1372.15
19810817,38.9,67.19,61.72,804.29,1660.57,1359.85
19810818,38.53,66.69,60.87,796.78,1642.34,1348.05
19810819,38.1,66.24,59.93,789.84,1630.08,1327.87
19810820,38.16,66.15,60.04,792.03,1633.01,1336.19
19810821,38.26,66.29,60.28,793.34,1635.92,1338.8
19810824,38.07,65.99,59.92,788.33,1622.56,1318.77
19810825,37.13,64.63,57.76,769.01,1581.85,1269.71
19810826,36.53,63.66,56.97,761.74,1574.69,1266.82
19810827,36.49,63.58,56.96,762.54,1572.92,1265.29
19810828,36.25,63.21,56.4,755.77,1558.64,1247.31
19810831,36.17,63.4,56.61,759.02,1566.06,1251.94
19810901,36.17,63.08,55.85,753.19,1550.59,1243.78
19810902,36.07,62.79,55.67,753.96,1554.34,1246.08
19810903,36.18,63.05,55.93,756.49,1557.67,1251.53
19810904,35.7,62.32,54.81,744.71,1532.19,1221.06
19810908,35.36,61.83,54.03,738.5,1517.36,1207.12
19810909,34.63,60.58,52.25,723.88,1498.83,1176.93
19810910,34.6,60.5,52.46,726.28,1503.88,1179.79
19810911,35.03,61.17,53.68,736.48,1524.21,1202.63
19810914,35.44,61.73,54.49,746.32,1543.95,1214.48
19810915,35.36,61.63,54.4,742.6,1532.19,1200.63
19810916,35.39,61.65,54.26,741.39,1519.99,1195.07
19810917,35.15,61.02,53.57,736.01,1512.86,1181.39
19810918,34.78,60.55,52.66,725.23,1499.27,1158.18
19810921,34.42,60.04,52.02,719.93,1488.11,1147.13
19810922,34.36,60.07,51.96,723.76,1502.15,1151.6
19810923,34.26,60.11,51.62,721.61,1496.39,1142.35
19810924,33.64,59.22,50.34,712.71,1485.32,1127.05
19810925,33.59,59.21,50.35,709.79,1480.89,1121.77
19810928,32.64,57.65,48.39,693.7,1456.07,1091.72
19810929,32.66,57.57,48.73,702.55,1484.63,1114.27
19810930,33.32,58.5,50.17,709.29,1491.59,1123.41
19811001,33.56,59.34,50.92,712.23,1501.74,1124.04
19811002,33.63,59.59,51.4,716.82,1508.82,1121.08
19811005,34.17,60.53,52.56,728.7,1532.81,1153.12
19811006,34.44,61,53.03,731.23,1531.76,1160.87
19811007,34.45,61.01,53.25,729.07,1525.89,1167.15
19811008,35.01,61.71,54.31,741.01,1547.94,1189.49
19811009,35.38,62.36,55.12,748.8,1561.5,1198.26
19811012,35.52,62.62,54.95,748.16,1555.56,1186.07
19811013,35.67,62.72,54.93,746.58,1552.17,1183.68
19811014,35.72,62.9,55.04,744.81,1547.7,1182.89
19811015,35.42,62.37,54.14,733.75,1525.24,1161.09
19811016,35.48,62.74,54.22,735.37,1533.39,1172.58
19811019,35.44,62.76,54.22,735.34,1527.33,1167.62
19811020,35.4,62.63,53.9,734.02,1526.41,1165.17
19811021,35.61,62.99,54.29,741.9,1538.27,1183.22
19811022,35.67,63.09,54.55,740.04,1535.14,1184.34
19811023,35.62,62.9,54.36,733.59,1530.31,1179.95
19811026,35.5,62.61,54.13,728.31,1516.35,1170.87
19811027,35.28,62.41,53.71,722.1,1510.49,1166.64
19811028,35.55,62.82,54.21,728.84,1523.38,1179.22
19811029,35.75,62.76,54.55,733.53,1525.16,1184.28
19811030,35.65,62.64,54.37,729.92,1520.67,1181.16
19811102,36.08,63.2,55.46,743.06,1552.56,1210.17
19811103,36.43,64.16,56.25,755.9,1577.21,1244.78
19811104,36.61,64.62,56.58,760.78,1583.52,1250.84
19811105,36.71,64.69,56.76,762.06,1583.85,1251.72
19811106,36.65,64.66,56.71,761.61,1570.63,1239.29
19811109,36.63,64.47,56.54,759.15,1560.63,1232.25
19811110,36.61,64.52,56.42,760.25,1571.08,1235.48
19811111,36.57,64.81,56.23,758.15,1566.75,1227.52
19811112,36.58,64.94,56.14,759.39,1571.92,1227.72
19811113,36.7,65.32,56.37,763.68,1578.08,1225.89
19811116,36.59,65.19,55.95,754.79,1564.49,1204.97
19811117,36.13,64.48,54.93,745.59,1548.28,1184.74
19811118,36.09,64.48,54.94,749.86,1556.58,1194.08
19811119,36.12,64.56,54.86,750.61,1550.09,1183.73
19811120,36.08,64.52,54.83,749.4,1554.55,1197.23
19811123,36.31,64.79,55.36,755.72,1567.86,1212.78
19811124,36.26,64.81,55.22,753.69,1564.17,1212.9
19811125,36.46,64.79,55.48,764.13,1584.74,1229.24
19811127,36.66,65.02,55.8,768.86,1589.72,1233.12
19811130,36.95,65.35,56.22,774.67,1600.63,1243.05
19811201,37.05,65.35,56.64,778.61,1625.83,1263.27
19811202,37.1,65.29,56.53,780.53,1623.2,1256.79
19811203,36.96,65.21,56.25,774.71,1607.13,1240.71
19811204,36.98,65.2,56.25,777.75,1614.89,1244.32
19811207,37.1,65.53,56.48,784.13,1625.98,1253.12
19811208,36.88,65.16,55.98,777.14,1613.84,1242.59
19811209,36.68,64.77,55.48,775.29,1606.46,1234.35
19811210,36.7,64.75,55.63,778.59,1614.7,1240.77
19811211,36.83,64.97,55.75,780.27,1618.44,1240.79
19811214,36.75,64.93,55.67,777.46,1608.86,1232.57
19811215,36.26,64.19,54.76,765.06,1585.25,1210.5
19811216,36.34,64.21,54.86,766.72,1586.59,1209.8
19811217,36.34,64.21,54.82,764.09,1579.2,1206.24
19811218,36.43,64.19,54.86,765.73,1585.6,1214
19811221,36.64,64.46,55.28,771.65,1597.48,1220.3
19811222,36.48,64.31,55.08,767.85,1591.7,1213.87
19811223,36.47,64.26,54.9,767.56,1586.85,1206.71
19811224,36.37,64.15,54.82,763.98,1579.99,1201.34
19811228,36.46,64.22,55,764.84,1583.86,1203.82
19811229,36.36,64.1,54.72,762.05,1582.09,1200.38
19811230,36.2,63.82,54.32,759.28,1575.07,1191.92
19811231,36.41,63.87,54.46,762.02,1581.87,1195.97
19820104,36.72,65.16,55.78,767.37,1593.86,1210.58
19820105,36.83,65.32,55.73,770.12,1602.45,1209.39
19820106,36.41,64.77,54.68,758.48,1572.68,1176.89
19820107,36.22,64.28,54.19,753.99,1564.29,1162.75
19820108,36.23,64.25,54.2,752.05,1562.46,1157.04
19820111,36.39,64.53,54.52,756.82,1569.64,1162.4
19820112,35.8,63.55,53.16,737.71,1544.4,1123.4
19820113,35.53,63.08,52.56,733.2,1537.41,1118.73
19820114,35.28,62.67,51.94,722.06,1520.98,1102.12
19820115,35.29,62.69,52.1,723.49,1529.41,1109.69
19820118,35.44,63.11,52.53,727.51,1537.83,1118.89
19820119,35.41,63.18,52.62,730.42,1548.63,1128.63
19820120,35.34,63.11,52.26,726.96,1535.72,1112.65
19820121,35.26,62.9,52.07,724.83,1528.15,1101.78
19820122,35.29,62.96,52.12,726.09,1537.94,1102.51
19820125,35.24,62.84,51.85,723.36,1534.45,1096.3
19820126,34.91,62.17,51.01,719.54,1532.46,1093.94
19820127,34.87,62.05,50.96,718.81,1529.28,1093.24
19820128,34.84,61.98,51.01,721.74,1535.14,1099.46
19820129,35.32,62.8,52.29,738.43,1570.04,1138.02
19820201,35.61,63.48,53.03,747.4,1586.6,1153.27
19820202,35.31,63.26,52.4,737.23,1559.11,1123.63
19820203,35.42,63.35,52.56,739.81,1563.94,1125.02
19820204,35.41,63.3,52.39,737.25,1549.37,1107.49
19820205,35.37,63.28,52.12,734.85,1548.27,1102.65
19820208,35.63,63.56,52.53,741.51,1558.73,1111.81
19820209,35.02,62.75,51.23,726.12,1529.51,1081.36
19820210,34.6,62.28,50.44,722.78,1517.88,1069.52
19820211,34.65,62.42,50.63,727.53,1528.46,1077.11
19820212,34.58,62.3,50.49,728.54,1526.1,1075.38
19820216,34.66,62.44,50.54,728.25,1525.15,1075.07
19820217,34.44,62.16,50.08,724.28,1522.24,1068.89
19820218,34.47,61.77,50.29,721.8,1520.06,1065.33
19820219,34.49,61.69,50.36,722.22,1521.86,1067.12
19820222,34.27,61.55,50.09,719.44,1517.03,1059.79
19820223,34.04,61.3,49.56,715.01,1496.15,1040.41
19820224,33.79,61,49.12,715.86,1496.72,1035.2
19820225,33.94,61.31,49.47,724.79,1518.93,1055.33
19820226,34.13,61.62,49.78,726.88,1516.69,1054.42
19820301,34.16,61.87,49.74,722.19,1518.54,1049.78
19820302,34.27,62.08,49.82,727.08,1523.64,1048.75
19820303,34.26,62.3,49.69,728.73,1521.16,1037.02
19820304,33.9,61.57,48.63,721.1,1504.91,1012.18
19820305,33.6,61.09,47.96,713.97,1491.37,998.05
19820308,33.36,60.76,47.17,709.83,1486.73,988.47
19820309,32.99,60.03,46.09,698.79,1468.06,966.63
19820310,32.81,59.72,45.81,702.03,1482.35,980.31
19820311,32.99,59.95,46.17,703.16,1488.51,989.45
19820312,32.98,59.92,46.01,700.97,1486.34,990.14
19820315,32.82,59.54,45.52,693.57,1476.39,969.61
19820316,32.79,59.4,45.49,693.97,1483.3,981.17
19820317,32.88,59.54,45.7,696.61,1480.77,980.08
19820318,32.87,59.45,45.78,696.56,1479.45,977.19
19820319,33.11,59.95,46.45,702.72,1494.09,992.27
19820322,33.29,60.26,46.92,705.94,1494.94,997.84
19820323,33.76,60.93,47.92,719.45,1520.12,1022.8
19820324,33.94,60.97,48.29,723.25,1532.26,1027.17
19820325,33.99,60.99,48.24,721.39,1527.07,1018.2
19820326,34.24,61.24,48.63,723.65,1533.82,1019.22
19820329,34.18,61.01,48.37,718.05,1520.29,1007.71
19820330,34.18,61.09,48.5,717.28,1524.68,1008.56
19820331,34.2,61.17,48.55,717.59,1525.95,1007.87
19820401,34.2,61.32,48.55,716,1524.39,1006.51
19820402,34.49,61.86,49.12,727.95,1541.93,1023.24
19820405,34.75,62.12,49.69,734.64,1553.42,1042.89
19820406,34.77,62.2,49.64,732.66,1547.84,1040.61
19820407,34.87,62.42,49.83,734.33,1556.37,1048.61
19820408,34.94,62.71,50.11,735.99,1556.7,1052.62
19820412,35.11,63.01,50.38,741.19,1565.64,1059.42
19820413,35.13,62.99,50.32,740.49,1563.61,1055.27
19820414,35.25,63.04,50.43,742.46,1564.66,1052.26
19820415,35.24,62.94,50.36,739.98,1565.61,1048.67
19820416,35.39,63.13,50.62,743.16,1571.01,1056.3
19820419,35.5,63.4,51.03,748.88,1576.44,1064.66
19820420,35.57,63.66,51.08,750.88,1575.51,1061.61
19820421,35.49,63.6,50.8,747.15,1563.18,1045.04
19820422,35.69,63.81,50.95,752.43,1568.42,1046.28
19820423,35.89,64.08,51.4,758.66,1582.11,1065.2
19820426,36.14,64.42,51.89,765.97,1598.36,1081.99
19820427,36.31,64.64,52.16,771.9,1604.83,1087.28
19820428,36.16,64.45,51.85,767.71,1590.1,1076.82
19820429,36.12,64.44,51.83,763.48,1581.31,1067.25
19820430,36.04,64.29,51.54,757.69,1567.53,1055.71
19820503,36.03,64.52,51.68,757.41,1570.71,1059
19820504,36.04,64.59,51.67,758.27,1575.41,1061.88
19820505,36.16,64.86,52.09,761.45,1583.73,1068.6
19820506,36.16,64.93,52.05,761.28,1585.2,1072.75
19820507,36.41,65.36,52.57,766.13,1598.49,1081.06
19820510,36.54,65.61,52.88,769.61,1604.65,1095.55
19820511,36.32,65.43,52.6,763.17,1593.05,1084.3
19820512,36.44,65.65,52.99,768.68,1604.18,1097
19820513,36.49,65.59,52.89,768.2,1600.17,1092.73
19820514,36.49,65.63,52.8,766.81,1588.17,1086.8
19820517,36.61,65.63,52.88,765.71,1585.91,1085.57
19820518,36.38,65.3,52.26,758.04,1569.63,1071.86
19820519,36.17,64.87,51.77,751.94,1558.04,1062.08
19820520,35.97,64.63,51.41,746.48,1548.53,1050.92
19820521,35.77,64.31,51,741.89,1545.45,1046
19820524,35.75,64.3,50.96,745.47,1549.21,1048.28
19820525,35.59,63.93,50.8,744.48,1544.8,1050.24
19820526,35.57,63.83,50.63,740.82,1541.19,1045.44
19820527,35.17,63.22,49.82,731.64,1525.19,1029.59
19820528,35.04,63,49.63,725.36,1520.27,1024.97
19820601,35.37,63.27,49.83,720.34,1519.94,1023.49
19820602,35.15,63.02,49.5,714.33,1513.5,1024.6
19820603,35.17,63.08,49.67,710.61,1520.72,1028.47
19820604,35.13,63.12,49.3,708.64,1519.34,1025.36
19820607,34.86,62.59,48.47,697.69,1498.52,1006.06
19820608,34.6,62.32,48.28,696.17,1498.48,1005.15
19820609,34.48,62.16,48.1,691.87,1493.94,1000.28
19820610,34.17,61.7,47.54,687.43,1485.84,993.08
19820611,34.28,61.8,47.68,688.59,1493.08,997.26
19820614,34.73,62.49,48.34,703.37,1515.46,1012.95
19820615,34.48,61.78,47.84,695.18,1501.97,996.22
19820616,34.37,61.75,47.57,693.4,1500.23,990.07
19820617,34.34,61.86,47.47,693.26,1492.89,979.42
19820618,34.12,61.44,46.93,687.63,1480.51,964.97
19820621,33.99,61.03,46.6,683.5,1474.67,960.31
19820622,34.02,61.14,46.65,683.17,1481.02,957.03
19820623,34.04,61.28,46.96,689.36,1496.08,965.04
19820624,34.4,61.69,47.66,700.58,1514.67,988.12
19820625,34.52,61.88,47.76,702.98,1511.94,983.54
19820628,34.43,61.75,47.56,697.56,1504.72,975.78
19820629,34.52,61.8,47.81,702.81,1517.47,985.04
19820630,34.53,61.81,47.67,707.92,1521.25,980.98
19820701,30.02,52.04,43.72,778.04,1547.1,917.03
19820702,29.95,51.96,43.34,771.89,1536.83,907.62
19820706,29.92,51.9,43.09,764.58,1525.84,899.39
19820707,29.79,51.62,42.94,763.64,1522.88,891.05
19820708,29.79,51.45,42.83,761.23,1522.79,887.74
19820709,29.69,51.14,42.57,760.23,1525.55,890.05
19820712,30,51.62,43.05,770.36,1541.25,900.97
19820713,30.24,52.01,43.33,778.71,1555.77,902.06
19820714,30.27,52.08,43.29,774.79,1555.97,901.15
19820715,30.22,52.05,43.25,776.69,1568.09,909.96
19820716,30.28,52.18,43.32,775.07,1569.83,910.88
19820719,30.3,52.22,43.5,775.58,1578.23,917.31
19820720,30.37,52.2,43.54,773.87,1574.53,913.96
19820721,30.48,52.38,43.72,781.19,1582.02,920.41
19820722,30.42,52.53,43.87,783.11,1580.84,920.37
19820723,30.55,52.63,44.04,784.72,1581.09,920.79
19820726,30.56,52.62,43.96,781.72,1573.25,919.84
19820727,30.42,52.41,43.77,776.16,1563.4,911.84
19820728,30.27,52.27,43.58,772.42,1549.54,903.29
19820729,29.89,51.67,42.85,759.33,1528.83,886.54
19820730,29.78,51.4,42.54,758.8,1527.08,888
19820802,29.79,51.34,42.51,756.62,1493.51,882.99
19820803,29.92,51.62,42.81,769.73,1517.77,897.88
19820804,29.85,51.64,42.41,765.03,1504.58,887.65
19820805,29.66,51.19,41.88,754.08,1483.55,871
19820806,29.41,50.84,41.45,746.52,1470.02,864.22
19820809,29.22,50.56,41.03,737.63,1453.78,851.53
19820810,28.78,49.83,40.27,733.74,1445.19,843.76
19820811,28.78,49.74,40.19,734.07,1443.27,840.87
19820812,28.63,49.57,39.99,734.39,1444.26,837.1
19820813,28.49,49.45,39.78,732.28,1442.95,832.84
19820816,28.63,49.37,39.75,740.93,1462.99,841.74
19820817,28.87,49.73,40.04,745.44,1467.07,845.17
19820818,29.53,50.81,40.85,777.56,1533.76,882.37
19820819,29.78,51.54,41.58,779.26,1532.81,879.34
19820820,29.78,51.49,41.51,780.92,1538.87,879.71
19820823,30.29,52.28,42.27,805.9,1587.24,913.03
19820824,30.8,53.09,43.12,829.36,1624.44,944.52
19820825,30.98,53.46,43.58,827.92,1612.95,944.34
19820826,31.39,54.21,44.71,838.91,1637.66,971.68
19820827,31.86,54.92,45.61,847.43,1651.11,982.78
19820830,31.72,54.82,45.49,838.03,1629.87,973.13
19820831,31.8,54.91,45.5,844.45,1636,977.61
19820901,32.3,55.49,46.01,855.83,1686.86,997.36
19820902,32.23,55.39,45.72,851.81,1674.29,986.75
19820903,32.55,55.96,46.36,865.06,1701.4,1003.13
19820907,32.8,56.45,46.99,876.74,1735.28,1024.8
19820908,32.78,56.31,46.65,866.21,1718.64,1013.84
19820909,32.9,56.66,47.04,871.1,1726.13,1027.27
19820910,33.04,56.96,47.3,871.9,1722.88,1027.2
19820913,32.9,56.84,47.17,864.78,1710.58,1017.58
19820914,32.91,56.88,47.29,871.54,1728.51,1025.45
19820915,33.12,57.48,47.61,878.02,1740.2,1037.03
19820916,33.46,57.77,47.84,884.66,1754.28,1047.31
19820917,33.51,57.94,48.05,883.04,1750.35,1045.38
19820920,33.45,57.69,47.81,873.77,1734.45,1032.97
19820921,33.36,57.55,47.52,871.25,1735.93,1031.68
19820922,33.82,58.04,48.09,881.52,1766.41,1054.61
19820923,33.67,58.35,48.21,881.34,1756.03,1047.19
19820924,33.59,58.19,48.06,878.08,1754.72,1044.92
19820927,33.6,58.25,48.16,875.2,1746.85,1043.79
19820928,33.51,58.27,48.12,876.97,1756.43,1043.8
19820929,33.58,58.36,48.17,875.92,1753.39,1038.48
19820930,33.33,58.05,47.69,864.75,1731.72,1023.27
19821001,33.22,58.19,47.97,861.19,1721.75,1017.42
19821004,33.44,58.44,48.36,873.37,1743.15,1028.23
19821005,33.35,58.31,48.16,870.17,1740.32,1023.18
19821006,33.55,58.68,48.35,874.36,1743.77,1032.03
19821007,34.12,59.72,49.28,899.17,1800.64,1064.68
19821008,34.65,60.78,50.1,919.57,1836.52,1089.58
19821011,35.03,61.68,50.82,931.21,1874.59,1106.65
19821012,35.54,62.91,51.78,958.73,1916.35,1132.62
19821013,35.6,62.93,51.83,956.44,1910.09,1136.79
19821014,36.3,63.67,53.26,976,1935.61,1167.65
19821015,36.16,63.56,53.34,963.06,1905.7,1150.9
19821018,36.25,63.63,53.29,955.61,1893.67,1142.51
19821019,36.73,64.4,53.96,977.68,1936.06,1165.45
19821020,36.87,64.57,53.96,981.7,1933.73,1165.98
19821021,37.42,65.39,54.89,1004.02,1969.01,1191.63
19821022,37.67,65.65,55.22,1002.07,1964.84,1193.91
19821025,38.11,66.36,55.83,1005.12,1957.63,1195.6
19821026,37.23,65.07,54.4,968.48,1886.39,1144.46
19821027,37.03,64.67,54.04,978.43,1898.35,1155
19821028,37.56,65.59,54.98,986.56,1906.12,1167.68
19821029,37.52,65.64,54.93,975.18,1884.49,1153.41
19821101,37.68,65.71,55.15,981.25,1889.93,1153.59
19821102,37.95,66.26,55.54,992.62,1912.27,1169.29
19821103,38.61,67.37,56.28,1013.15,1939.17,1188.11
19821104,39.62,69.01,57.85,1049.16,2009.06,1239.4
19821105,39.82,69.29,58.05,1040.65,1996.92,1233.13
19821108,40.12,69.91,58.66,1044.49,2002.21,1240.95
19821109,40.03,69.92,58.56,1031.47,1980.26,1227.2
19821110,40.73,71.01,59.7,1049.69,2008.28,1252.89
19821111,40.72,70.86,59.62,1038.57,1983.21,1238.11
19821112,40.91,71.15,59.92,1043.35,1991.07,1246.19
19821115,41.13,71.23,60.2,1033.71,1968.02,1227.72
19821116,40.61,70.58,58.99,1011.03,1935.58,1202.97
19821117,39.94,69.6,57.71,999.93,1915.04,1182.18
19821118,40.5,70.33,58.64,1019.97,1945.67,1205.86
19821119,40.86,70.75,59.1,1026.68,1949.05,1214.09
19821122,40.94,70.88,59.03,1018.44,1934.53,1203.33
19821123,40.46,70.21,58.05,998.31,1896.45,1176.1
19821124,40.26,69.9,57.76,989.5,1878.14,1164.54
19821126,40.48,70.41,58.14,995.38,1890.3,1173.73
19821129,40.81,70.91,58.72,1004.33,1901.76,1183.41
19821130,40.78,70.74,58.54,999.72,1892.47,1175.64
19821201,41.72,71.74,59.8,1025.71,1948.14,1221.09
19821202,42.23,72.56,60.6,1032.71,1947.83,1225.74
19821203,41.98,72.67,60.68,1032.17,1948.87,1226.19
19821206,42.01,72.64,60.74,1033.33,1943.52,1223.28
19821207,42.34,73.1,61.27,1051.52,1979.76,1250.56
19821208,42.7,73.7,61.65,1052.75,1994.31,1257.19
19821209,42.77,74.04,61.9,1042.32,1987.01,1249.31
19821210,42.31,73.31,61.3,1025.48,1969.38,1228.76
19821213,41.82,72.53,60.61,1012.45,1966.05,1220.18
19821214,41.8,72.32,60.45,1018.2,1971.51,1220.2
19821215,41.44,71.75,59.53,1005.94,1944.49,1190.85
19821216,40.67,70.43,58.05,991.39,1917.3,1167.05
19821217,40.56,70.1,57.9,990.74,1912.06,1170.68
19821220,41.02,70.65,58.9,1009.56,1934.94,1193.93
19821221,40.88,70.54,58.52,1002.33,1919.05,1182.37
19821222,41.13,70.87,58.88,1018.61,1951.21,1197.76
19821223,41.36,71.27,59.38,1025.86,1947.25,1206.44
19821227,41.53,71.6,59.73,1030,1961.61,1213.3
19821228,41.79,71.9,60.17,1043.25,1997.09,1229.51
19821229,41.73,71.68,59.9,1036.32,1980.64,1216.56
19821230,41.76,71.71,60.09,1037.98,1989.54,1219.17
19821231,41.75,71.71,59.91,1031.68,1977.44,1210.6
19830103,42.3,73.26,61.85,1039.9,2009.63,1223.73
19830104,42.1,72.86,61.25,1024.12,1979.48,1202.39
19830105,42.36,73.17,61.8,1040.06,2016.77,1226.48
19830106,42.69,73.76,62.3,1044.18,2025.3,1232.96
19830107,43.49,74.84,63.82,1070.38,2067.88,1267.05
19830110,43.77,75.37,64.41,1072.68,2070.52,1261.78
19830111,44.26,76.01,65.34,1087,2092.52,1274.88
19830112,44.18,76.08,65.24,1080.67,2080.39,1266.36
19830113,44.33,76.64,65.81,1089.49,2091.88,1276.42
19830114,44.33,76.55,65.78,1082.42,2080.25,1270.48
19830117,44.8,77.37,66.48,1090.04,2089.43,1279.7
19830118,45.12,77.75,67.07,1091.88,2092.32,1280.72
19830119,45.14,77.83,67.15,1089.57,2091.37,1276.57
19830120,44.82,77.34,66.71,1077.59,2077.86,1268.28
19830121,44.81,77.36,67.03,1078.67,2094.57,1277.31
19830124,44.38,76.61,66.1,1061.81,2061.2,1257.84
19830125,43.17,74.64,63.78,1036.83,2012.39,1216.43
19830126,43.56,75.24,64.42,1055.31,2032.23,1232.67
19830127,43.86,75.76,65.12,1054.3,2031.17,1235.37
19830128,44.43,76.62,66.28,1073.8,2067.14,1259.25
19830131,44.67,77.11,66.67,1072.17,2074.3,1259.89
19830201,44.91,77.42,67.13,1080.75,2084.8,1265.71
19830202,44.9,77.28,66.76,1069.04,2055.4,1249.34
19830203,44.97,77.24,66.77,1070.17,2057.56,1248.31
19830204,45.25,77.86,67.24,1074.75,2071.44,1259.51
19830207,45.7,78.6,68.09,1087.66,2090.91,1282.6
19830208,46,79.07,68.38,1094.65,2103.5,1286.13
19830209,46,79.02,68.07,1087.78,2084.45,1278.58
19830210,46.19,79.13,68.19,1075.22,2077.05,1274.42
19830211,46.77,79.99,69.14,1091.43,2107.97,1296.6
19830214,46.97,80.37,69.5,1093.82,2106.29,1301.52
19830215,47.22,80.89,70.23,1103.12,2123.79,1315.29
19830216,47.29,81.22,70.45,1101.74,2115.87,1313.21
19830217,47.13,81.29,70.41,1096.57,2105.08,1303.03
19830218,47.2,81.2,70.28,1098.67,2104.26,1302.5
19830222,47.54,81.64,70.73,1104.37,2109.77,1308.74
19830223,47.26,81.24,69.82,1087.13,2084.53,1284.34
19830224,47.39,81.57,70.14,1091.46,2105.78,1293.52
19830225,47.92,82.22,70.88,1110.13,2141.95,1318.67
19830228,48.02,82.45,70.71,1110.73,2145.88,1320.7
19830301,48.02,82.69,70.54,1102.63,2123.56,1304.57
19830302,48.56,83.19,70.76,1121.78,2163.17,1324.44
19830303,49.07,83.64,71.25,1136.81,2178.2,1338.73
19830304,49.47,84.53,71.76,1151.21,2189.99,1350.95
19830307,49.73,84.76,71.88,1158.58,2191.37,1353.03
19830308,49.93,85.1,72.03,1158.81,2191.09,1351.92
19830309,49.65,84.69,71.24,1142.52,2159.82,1331.74
19830310,50.03,85.03,71.92,1150.49,2183.17,1346.88
19830311,50.15,85.35,72.1,1144.58,2167.08,1339.67
19830314,50.09,85.07,72,1138.19,2161.72,1333.38
19830315,49.84,84.68,71.48,1131.79,2156.41,1327.22
19830316,49.81,84.75,71.29,1137.53,2162.01,1331.18
19830317,49.84,84.88,71.18,1135.8,2143.19,1315
19830318,49.75,84.77,70.83,1135.73,2140.51,1312
19830321,49.99,84.73,71.21,1142.76,2144.19,1312.62
19830322,50.18,85.11,71.44,1147.39,2161.57,1323.87
19830323,50.3,85.54,71.69,1144.78,2155.19,1319.48
19830324,50.9,86.17,72.33,1163.1,2183.99,1335.94
19830325,51.41,86.49,72.67,1171.59,2188.65,1342.94
19830328,51.48,86.45,72.7,1169.32,2177.15,1339.93
19830329,51.18,86.29,72.21,1160.51,2167.32,1330.04
19830330,51.11,86.2,72.12,1156.67,2165.75,1326.67
19830331,51.33,86.77,72.61,1166.74,2187.34,1343.91
19830404,51.63,87.18,73.32,1162.12,2185.04,1349.53
19830405,51.38,86.91,72.96,1162.49,2185.88,1349.22
19830406,51.33,87.02,72.8,1158.07,2171.84,1337.09
19830407,50.98,86.26,71.98,1151.77,2158.46,1328.69
19830408,51.09,86.43,72.09,1155.5,2168.4,1332.55
19830411,51.41,86.85,72.42,1159.85,2183.72,1341.29
19830412,51.88,87.61,73.11,1173.77,2213.95,1360.82
19830413,52.15,88.1,73.66,1178.66,2222.38,1368.13
19830414,52.68,88.89,74.44,1190.01,2234.37,1379.49
19830415,53.46,89.68,75.19,1204.48,2250.1,1390.36
19830418,53.77,90.2,75.85,1208.21,2260.59,1398.25
19830419,54.2,90.92,76.27,1215.98,2279.34,1401.85
19830420,54,90.71,75.98,1208.26,2265.99,1391.59
19830421,54.67,91.42,76.73,1225.61,2291.52,1408.48
19830422,54.74,91.67,76.93,1223.34,2283.62,1403.8
19830425,55.12,92.16,77.36,1228.41,2288.77,1404.42
19830426,54.76,91.73,76.75,1218.99,2267.67,1388.93
19830427,55.32,92.24,77.42,1235.52,2305.54,1414.53
19830428,55.32,92.38,77.53,1235.51,2302.19,1412.68
19830429,55.78,93.14,78.17,1248.86,2326.52,1421.73
19830502,56.39,93.94,78.64,1252.86,2346.26,1432.52
19830503,56.1,93.22,77.95,1236.33,2312.57,1413.05
19830504,56.11,92.99,77.9,1233.99,2311.9,1416.21
19830505,56.65,93.96,78.88,1241.29,2327.24,1429.15
19830506,57.42,94.85,80.08,1255.93,2334.71,1443.44
19830509,58.38,96.07,81.15,1270.25,2359.12,1460.12
19830510,58.71,96.51,81.44,1272.07,2352.58,1459.57
19830511,59.3,97.22,81.97,1272.8,2354.11,1462.03
19830512,59.04,96.95,81.63,1260.06,2341.03,1454.81
19830513,58.91,96.78,81.71,1254.82,2332.53,1449.88
19830516,59.27,97.58,82.56,1259.88,2338.9,1458.42
19830517,58.58,96.4,81.59,1242.81,2321.65,1444.1
19830518,58.99,96.87,82.12,1250.51,2321.83,1452.74
19830519,59.38,97.33,82.9,1249.75,2313.31,1456.5
19830520,59.09,96.79,82.58,1238.31,2299.2,1445.68
19830523,59.12,96.76,82.6,1236.06,2301.45,1445.78
19830524,59.26,96.79,82.79,1246.02,2316.97,1462
19830525,60.12,97.98,83.99,1262.89,2344.01,1479.74
19830526,60.64,98.48,84.62,1269.58,2349.65,1490.28
19830527,60.75,98.92,84.97,1265.22,2340.53,1486.67
19830531,60.87,99.09,85.23,1259.19,2326.84,1479.74
19830601,60.54,98.46,85.47,1253.24,2303.48,1466.27
19830602,60.51,98.26,85.32,1256.78,2305.9,1467.36
19830603,61.17,98.99,85.99,1265.12,2323.75,1481.07
19830606,61.78,99.83,86.98,1272.97,2329.39,1485.36
19830607,62.02,100.21,87.51,1277.94,2335.95,1488.65
19830608,61.84,100.27,87.25,1266.99,2308.31,1473.43
19830609,61.36,99.53,86.47,1256.79,2289.8,1460.42
19830610,61.55,99.75,86.71,1259,2293.31,1464.31
19830613,62.24,100.8,87.75,1268.98,2302.4,1476.01
19830614,62.89,101.7,88.73,1277.67,2333.83,1492.76
19830615,63.28,102.37,89.26,1280.69,2342.84,1500.88
19830616,63.72,103.27,89.94,1288.85,2362.33,1521.44
19830617,64.28,104.39,90.86,1299.23,2390.03,1537.2
19830620,64.36,104.4,90.85,1295.58,2391.97,1536.94
19830621,64.24,104.49,90.75,1297.33,2390.22,1535.63
19830622,64.49,104.93,91.34,1305.56,2407.19,1550.67
19830623,64.6,105.21,91.93,1311.69,2408.05,1557.52
19830624,64.68,104.93,91.77,1306.6,2401.1,1557.72
19830627,65.08,104.98,92.09,1310.01,2396.63,1561.5
19830628,64.33,103.75,90.95,1297.14,2372.74,1541.18
19830629,62.92,101.98,88.5,1274.77,2338.33,1509.81
19830630,63.19,101.89,88.61,1275.82,2352.31,1518.63
19830701,51.25,87.4,87.3,1602.97,2295.4,1420.38
19830705,51.71,87.66,88.04,1610.47,2305.28,1430.67
19830706,50.91,86.92,87.16,1592.36,2275.04,1408.26
19830707,51.45,87.43,87.93,1607.84,2297.84,1422.52
19830708,51.54,87.68,87.88,1600.66,2283.28,1417.23
19830711,51.51,87.63,87.6,1590.96,2284.19,1411.56
19830712,51.61,87.9,87.95,1602.98,2294.91,1418.08
19830713,51.05,87.15,86.96,1576.24,2262.68,1399.49
19830714,50.8,86.84,86.42,1575.14,2262.42,1394.15
19830715,51.04,87.04,86.88,1585.06,2267.69,1398.11
19830718,50.72,86.6,86.18,1567.05,2246.08,1382.61
19830719,50.22,86.1,85.33,1567.59,2237.29,1377.95
19830720,50.43,86.36,85.63,1576.01,2249.82,1383.54
19830721,51.26,87.43,87.07,1616.72,2306.74,1419.79
19830722,51.5,87.93,87.74,1619.98,2307.73,1417.81
19830725,51.78,88.21,88.13,1622.94,2309.78,1417.29
19830726,51.93,88.35,88.23,1633.99,2319.74,1419.13
19830727,52.32,88.72,88.52,1644.06,2330.8,1418.63
19830728,51.64,88.03,87.11,1628.39,2296.42,1388.36
19830729,51.16,87.19,85.84,1603.42,2265.57,1358.26
19830801,50.72,86.29,84.59,1582.58,2232.36,1343.12
19830802,50.08,85.43,83.66,1579.25,2221.16,1339.33
19830803,49.97,85.21,83.57,1574.79,2222.41,1339.13
19830804,49.99,85.24,83.44,1581.66,2240.49,1346.26
19830805,49.37,84.16,82.42,1566.48,2211.66,1327.56
19830808,49.52,84.35,82.66,1569.87,2217.7,1330.63
19830809,48.82,83.34,81.22,1552.25,2185.45,1307.08
19830810,48.52,82.91,80.73,1555.91,2195.63,1314.47
19830811,48.87,83.35,81.33,1575.08,2211.18,1326.27
19830812,49.01,83.59,81.64,1573.48,2211.83,1330.06
19830815,49.33,83.99,82.3,1584.95,2224.42,1336.75
19830816,49.68,84.38,82.85,1599.82,2240.59,1350.44
19830817,49.41,84.27,82.38,1596.58,2237.51,1342.77
19830818,49.66,84.59,82.89,1618.42,2261.34,1352.63
19830819,49.56,84.5,82.81,1604.74,2240.19,1341.18
19830822,49.58,84.54,82.78,1610.15,2247.52,1339.76
19830823,49.59,84.6,82.77,1619.74,2249.5,1336.09
19830824,49.26,84.19,82.06,1604.01,2232.51,1316.94
19830825,48.87,83.69,81.4,1589.35,2212.15,1305.92
19830826,48.62,83.38,80.84,1585.16,2204.82,1305.42
19830829,48.73,83.56,80.94,1598.56,2221.58,1314.93
19830830,48.42,83.24,80.6,1596.1,2224.13,1314.97
19830831,48.54,83.55,80.73,1605.47,2224.39,1319.72
19830901,49.12,84.26,81.77,1623.61,2251.68,1340.9
19830902,49.23,84.5,82.16,1624.15,2253.53,1343.72
19830906,49.54,84.85,82.82,1633.09,2265.03,1353.6
19830907,50.19,85.75,83.78,1657.41,2303.73,1372.81
19830908,50.37,86.05,83.98,1659.29,2305.91,1372.24
19830909,50.52,86.27,84.32,1662.56,2303.34,1371.4
19830912,50.71,86.46,84.43,1661.92,2300.85,1363.31
19830913,50.5,86.33,84.03,1645.5,2279.89,1350.86
19830914,50.15,85.55,83.29,1641.15,2270.53,1343.41
19830915,50.17,85.71,83.38,1649.21,2278.18,1345.65
19830916,50.05,85.52,83.16,1638.44,2267.4,1342.08
19830919,50.31,85.71,83.53,1651.39,2290.06,1357.7
19830920,50.73,86.69,84.36,1667.64,2311.11,1375.74
19830921,51.01,86.85,84.63,1680.25,2329.97,1388.81
19830922,50.94,86.53,84.47,1673.53,2320.17,1383.89
19830923,51.19,86.75,84.88,1694.37,2339.1,1392.66
19830926,51.14,86.72,84.81,1693.65,2341.01,1385.92
19830927,51.16,86.93,84.75,1693.16,2345.31,1385.24
19830928,50.68,86.44,83.97,1675.67,2326.59,1372.73
19830929,50.59,86.19,83.7,1671.03,2322.64,1368.81
19830930,50.48,86.28,83.49,1665.03,2314.41,1361.19
19831003,50.75,86.4,84.19,1662.82,2313.62,1358.71
19831004,50.5,85.86,83.6,1654.59,2317.09,1354.31
19831005,50.55,85.93,83.56,1660.11,2326.53,1357.6
19831006,50.67,86.34,83.66,1672.51,2344.51,1370.39
19831007,51.12,86.73,83.95,1701.69,2376.08,1391.36
19831010,51.35,86.89,84.21,1702.91,2380.6,1400.21
19831011,51.49,87.23,84.44,1727.87,2404.51,1405.64
19831012,51.26,86.96,84.02,1707.47,2374.09,1387.55
19831013,50.95,86.49,83.37,1704.53,2364.72,1374.56
19831014,50.83,86.27,82.97,1705.75,2369.84,1371.42
19831017,50.89,86.31,82.92,1713.71,2367.88,1372.13
19831018,50.93,86.33,82.76,1722.25,2373.39,1370.22
19831019,50.2,85.46,81.51,1703.67,2343.2,1337.1
19831020,49.68,84.6,80.27,1688.76,2330.57,1326.4
19831021,49.87,84.64,80.4,1691.39,2334.94,1329.69
19831024,49.7,84.29,80.05,1677.82,2321.79,1316.96
19831025,49.25,83.66,79.38,1679.84,2321.19,1317.56
19831026,49.29,83.73,79.42,1685.58,2326.34,1323.44
19831027,49.13,83.35,79.26,1667.46,2317.32,1315.66
19831028,48.91,83.14,78.93,1653.99,2313.86,1312.21
19831031,48.71,82.72,78.46,1642.1,2295.59,1299.76
19831101,48.57,82.49,77.95,1648.99,2296.72,1297.36
19831102,48.31,82.18,77.59,1650.59,2295.13,1301.5
19831103,48.55,82.67,77.99,1665.53,2309.31,1313.8
19831104,48.55,82.76,77.96,1652.95,2290.42,1306.33
19831107,48.4,82.5,77.53,1641.43,2277.41,1296.62
19831108,48.2,82.14,77.04,1638.26,2270.82,1289.11
19831109,48.09,82,76.61,1629.15,2272.1,1284.88
19831110,48.33,82.27,76.93,1649.45,2299.01,1301.42
19831111,48.62,82.73,77.33,1652.39,2306.09,1304.86
19831114,49.13,83.51,78.38,1669.07,2333.02,1324.19
19831115,49.61,84.06,78.99,1668.71,2338.21,1332.52
19831116,49.62,84.13,79.06,1658.54,2319.97,1326.72
19831117,49.81,84.37,79.3,1661.74,2329.8,1335.01
19831118,50.09,84.61,79.61,1668.11,2326.5,1336.09
19831121,50.2,84.67,79.78,1655.51,2317.15,1329.57
19831122,50.34,85.06,80.09,1664.67,2332.23,1334.58
19831123,50.55,85.41,80.48,1677.91,2339.58,1339.84
19831125,50.75,85.57,80.58,1681.95,2340.32,1336.78
19831128,50.98,85.69,80.78,1685,2343.76,1338.63
19831129,50.88,85.6,80.56,1680.48,2334.61,1331.71
19831130,51.4,86.03,80.95,1698.2,2351.73,1338.77
19831201,51.48,86.57,81.14,1685.5,2331.69,1334.37
19831202,51.49,86.8,81.07,1691.67,2332.57,1335.47
19831205,51.3,86.5,80.74,1687.18,2317.45,1323.41
19831206,51.28,86.34,80.42,1696.16,2319.42,1320.55
19831207,51.27,86.4,80.29,1692.6,2315.03,1319.28
19831208,51.38,86.47,80.36,1695.64,2320.91,1324.29
19831209,51.28,86.17,79.9,1688.38,2309.65,1319.86
19831212,51.29,86.23,79.89,1691.6,2310.87,1317.45
19831213,51.17,86.14,79.93,1695,2318.95,1317.11
19831214,51.08,85.92,79.72,1688.94,2310.35,1311.08
19831215,50.63,85.49,79.26,1671.82,2289.69,1295.62
19831216,50.53,85.1,78.9,1652.65,2269.7,1284.21
19831219,50.62,85.16,78.93,1659.45,2277.62,1290.14
19831220,50.59,85.12,78.64,1659,2277.78,1291.25
19831221,50.49,84.84,78.42,1649.07,2275.32,1289.71
19831222,50.69,84.98,78.72,1664.21,2293.57,1300.37
19831223,50.73,85.13,78.74,1662.13,2286.09,1299.29
19831227,50.75,85.02,78.79,1656.71,2282.62,1299.88
19831228,50.88,85.15,78.89,1675.58,2297.39,1311.1
19831229,50.81,85.07,78.86,1683.46,2308.03,1310.61
19831230,50.9,85.3,78.83,1677.85,2303.2,1309.28
19840103,51.76,86.35,80.56,1686.1,2329.52,1325.07
19840104,51.79,86.22,80.29,1671.7,2320.05,1318.05
19840105,52.41,86.94,81.3,1699.42,2356.4,1340.02
19840106,53.1,87.94,82.41,1724.65,2384.43,1359.44
19840109,53.6,88.51,83.28,1733.01,2393.12,1362.88
19840110,53.69,88.63,83.35,1728.53,2392.73,1357.32
19840111,53.76,88.69,83.31,1728.02,2378.75,1350.76
19840112,53.73,88.72,83.37,1730.53,2379.18,1344.45
19840113,53.89,89.03,83.5,1737.38,2376.07,1340.61
19840116,53.84,88.93,83.3,1728.52,2367.3,1336.08
19840117,53.8,88.87,83.22,1728.69,2369.48,1334.41
19840118,53.93,88.98,83.33,1733.46,2376.58,1341.08
19840119,54.01,89.03,83.28,1728.09,2372.67,1338.65
19840120,53.95,88.89,83.19,1725.57,2362.99,1334.06
19840123,53.65,88.68,82.88,1717.04,2351.47,1322.62
19840124,53.16,87.99,81.7,1701.11,2335.56,1310.22
19840125,53.13,87.92,81.55,1709.2,2351.85,1312.13
19840126,53.09,87.71,81.27,1701.61,2338.39,1301.28
19840127,52.94,87.4,80.82,1691.91,2329.6,1294.5
19840130,52.87,87.08,80.34,1692.79,2330.61,1288.73
19840131,52.28,86.27,79.17,1683.9,2314.65,1274.99
19840201,51.86,85.93,78.81,1686.37,2324.35,1277.6
19840202,51.3,85.65,78.32,1678.85,2316.51,1270.15
19840203,51.24,85.73,78.27,1687.32,2325.15,1274.94
19840206,50.83,85.18,77.67,1667.44,2293.24,1252.37
19840207,49.84,84.04,76.1,1631.38,2257.82,1229.85
19840208,49.55,83.44,75.5,1626.4,2269.18,1234.14
19840209,48.89,82.6,74.51,1592.46,2232.02,1207.98
19840210,48,81.75,73.54,1584.8,2224.2,1203.15
19840213,48.26,81.95,74.03,1594.07,2232.74,1211.18
19840214,47.58,81.3,73.19,1577.26,2216.14,1198.26
19840215,47.97,81.48,73.68,1598.23,2236.73,1209.25
19840216,47.94,81.69,73.88,1595.54,2233.61,1206.57
19840217,47.9,81.52,73.56,1595.84,2230.63,1203.58
19840221,47.96,80.95,73.56,1591.85,2226.37,1196.79
19840222,47.64,80.46,73.15,1582.26,2186.95,1185.53
19840223,47.62,80.3,73.08,1582.58,2180.11,1181.01
19840224,47.35,79.74,72.63,1588.69,2176.45,1179.75
19840227,47.91,80.67,73.88,1620.11,2220.07,1210.15
19840228,48.47,81.49,74.77,1653.04,2240.98,1227.17
19840229,48.2,81.01,74.01,1628.68,2205.16,1206.53
19840301,48.47,81.27,74.1,1627.94,2068.58,1210.51
19840302,48.4,81.57,74.63,1636.59,2081.43,1221.35
19840305,48.81,82.14,75.2,1649.73,2095.85,1228.71
19840306,48.67,81.88,74.81,1633.09,2079.76,1217.9
19840307,48.54,81.48,74.45,1607.84,2061.49,1201.96
19840308,48.18,80.78,73.56,1587.01,2041.68,1187.03
19840309,48.25,80.91,73.74,1594.87,2047.81,1190.94
19840312,48.05,80.7,73.57,1587.09,2037.43,1184.63
19840313,48.11,80.82,73.73,1612.32,2060.46,1198.37
19840314,48.38,81.33,74.37,1615.78,2065.28,1206.65
19840315,48.36,81.22,74.41,1618.61,2063.75,1205.58
19840316,48.6,81.36,74.75,1628.4,2074.49,1210.32
19840319,49.08,81.93,75.43,1652.6,2096.87,1222.73
19840320,48.73,81.43,74.74,1635.53,2079.84,1208.18
19840321,48.92,81.64,75,1641.61,2091.5,1218.62
19840322,49,81.75,75.03,1643.61,2086.97,1216.75
19840323,48.77,81.35,74.55,1626.93,2063.74,1201.97
19840326,48.66,81.33,74.36,1632.76,2062.15,1199.27
19840327,48.62,81.1,74.12,1633.29,2060.35,1198.03
19840328,48.58,81.02,74.08,1639.36,2069.69,1201.38
19840329,48.61,81.44,74.6,1666.38,2102.8,1221.09
19840330,48.69,81.64,74.8,1664.56,2098.64,1220.34
19840402,49.1,81.88,75.14,1654.96,2094.56,1218.01
19840403,49,81.65,74.92,1644.32,2077.67,1209.8
19840404,48.89,81.46,74.56,1637.83,2074.7,1203.17
19840405,48.83,81.41,74.35,1638.86,2077.68,1198.13
19840406,48.33,80.55,73.56,1614.36,2044.3,1176.7
19840409,48.03,80.25,73.06,1618.24,2047.84,1178.45
19840410,47.99,79.75,72.72,1620.08,2051.55,1175.44
19840411,48.1,79.78,72.59,1627.12,2056.34,1178.27
19840412,47.86,79.72,72.35,1618.03,2046.09,1170.58
19840413,48.1,80.16,72.67,1644.37,2081.53,1188.26
19840416,48.26,80.57,72.99,1640.7,2080.43,1189.13
19840417,48.34,80.56,73,1649.89,2096.73,1194.16
19840418,48.53,80.94,73.44,1659.12,2103.67,1201.69
19840419,48.39,80.85,73.45,1647.52,2091.03,1194.14
19840423,48.44,80.81,73.5,1643.54,2091.74,1196.56
19840424,48.26,80.48,73.04,1634.23,2075.61,1187
19840425,48.29,80.83,73.08,1650.86,2090.32,1190.27
19840426,48.37,81.02,73.16,1659.11,2096.94,1193.73
19840427,48.72,81.54,73.84,1680.8,2117.47,1206.72
19840430,48.49,81.62,74.15,1672.65,2114.74,1208.24
19840501,48.71,81.65,74.42,1672.24,2115.23,1210.96
19840502,49,82.17,75.04,1687.14,2135.68,1227.26
19840503,49.37,82.69,75.72,1685.58,2139.89,1234.85
19840504,49.55,82.97,75.89,1680.18,2128.18,1233.54
19840507,49.34,82.92,75.4,1664.82,2098.57,1220.28
19840508,49.41,82.83,75.36,1668.65,2099.81,1224.65
19840509,49.56,83.02,75.63,1674.79,2116.85,1232.7
19840510,49.46,82.86,75.48,1666.2,2110.87,1233.46
19840511,49.46,82.97,75.45,1666.77,2106.71,1233.59
19840514,49.09,82.5,74.82,1652.58,2088.68,1220.72
19840515,48.82,82.13,74.36,1639.17,2077.3,1211.91
19840516,48.71,82.05,74.38,1643.86,2085.8,1215.27
19840517,48.72,82.11,74.51,1644.38,2083.06,1215.29
19840518,48.3,81.55,73.93,1627.22,2063.52,1202.35
19840521,48.09,81.19,73.44,1619.83,2052.02,1192.88
19840522,47.83,80.75,72.94,1607.44,2038.7,1186.48
19840523,47.36,80.21,72.23,1593.12,2029.27,1177.18
19840524,47.14,79.92,71.89,1588.09,2022.26,1170.21
19840525,46.31,78.89,70.6,1560.43,1999.58,1153.06
19840529,46.38,78.75,70.4,1570.3,2003.53,1154.57
19840530,45.98,78.37,69.9,1561.61,1988.5,1142.32
19840531,45.9,78.2,69.66,1557.31,1989.83,1144.83
19840601,46,78.44,69.93,1557.31,1990.87,1153.99
19840604,46.56,79.23,70.81,1588.72,2022.07,1174.7
19840605,47,79.8,71.7,1598.88,2036.7,1188.39
19840606,46.91,79.7,71.73,1591.41,2028.88,1183.15
19840607,47.06,79.93,72.1,1598.97,2045.38,1192.63
19840608,47.19,80.23,72.4,1595.18,2046.18,1193.07
19840611,47.26,80.4,72.46,1598.36,2047.96,1194.27
19840612,46.88,79.98,71.94,1577.6,2025.18,1174.44
19840613,46.74,79.83,71.62,1567.38,2019.52,1166.96
19840614,46.7,79.9,71.64,1562.54,2018.76,1167.82
19840615,46.5,79.59,71.12,1544.5,1994.76,1156.37
19840618,46.29,79.38,70.98,1527.11,1983.18,1150.24
19840619,46.57,79.71,71.14,1465.21,2015.25,1170.76
19840620,46.56,79.76,71.65,1474.34,2027.33,1177.49
19840621,46.6,79.87,71.77,1494.59,2054.73,1195.24
19840622,46.71,80.1,72.07,1490.76,2049.26,1199.28
19840625,47.03,80.54,72.28,1487.5,2049.75,1202.21
19840626,46.99,80.51,72.31,1480.5,2046.51,1198.79
19840627,46.77,80.16,71.85,1474.27,2031.05,1185.82
19840628,46.58,79.78,71.49,1467.57,2018.8,1174.25
19840629,46.79,79.93,71.61,1481.34,2033.45,1182.79
19840702,43.79,75.21,66.05,1673.44,1753.12,1362.2
19840703,43.56,74.99,65.78,1678.97,1758.53,1358.22
19840705,43.73,75.17,65.97,1682.12,1763.57,1365.75
19840706,43.61,75.11,65.7,1674.65,1754.08,1357.11
19840709,43.47,74.85,65.41,1671.04,1749.05,1349.8
19840710,43.36,74.73,65.31,1683.33,1760.06,1359.85
19840711,43.28,74.91,65.34,1677.85,1752.69,1355.62
19840712,42.95,74.49,64.89,1644.3,1729.88,1337.35
19840713,42.82,74.32,64.38,1639.86,1724.06,1330.25
19840716,42.94,74.53,64.59,1645.88,1737.4,1334.02
19840717,42.83,74.47,64.24,1649.89,1743.23,1339.45
19840718,43.01,74.62,64.31,1661.69,1748.57,1344.85
19840719,42.77,74.43,63.96,1654.45,1739.44,1335.48
19840720,42.49,74.28,63.51,1653.41,1728.42,1322.9
19840723,42.17,73.89,63.05,1647.37,1721.12,1311.34
19840724,41.69,73.22,62.21,1636.94,1713.38,1303.29
19840725,41.4,72.84,61.63,1624.04,1701.69,1295.28
19840726,41.16,72.68,61.58,1627.3,1711.92,1304.25
19840727,41.31,72.91,62.04,1631.39,1726.18,1323.8
19840730,41.53,73.42,62.69,1632.23,1739.69,1344.84
19840731,41.39,73.38,62.53,1620.03,1730.91,1340.37
19840801,41.43,73.52,62.87,1614.24,1733.83,1353.19
19840802,41.96,74.23,64.15,1647.43,1767.63,1388.34
19840803,42.66,75.65,65.98,1687.02,1805.96,1429.89
19840806,43.71,77.17,68.5,1733.19,1848.85,1486.56
19840807,43.97,78.02,69.47,1732.55,1852.13,1497.61
19840808,43.95,77.98,69.46,1731.37,1857.58,1490.39
19840809,43.88,77.79,69.11,1730.65,1849.28,1472.52
19840810,44.4,78.53,70.02,1770.17,1887.49,1507.42
19840813,44.5,78.99,70.56,1777.9,1889.08,1506.7
19840814,44.47,78.84,70.2,1774.94,1885.96,1507.93
19840815,44.43,78.98,69.97,1766.44,1875.92,1495.82
19840816,44.36,78.8,69.55,1751.43,1858.76,1484.22
19840817,44.53,79.08,69.77,1763.55,1868.93,1491.18
19840820,44.71,79.16,69.74,1763.11,1871.89,1493.49
19840821,44.63,79.14,69.59,1778.7,1879.08,1494.8
19840822,45.11,79.8,70.5,1808.71,1908.24,1521.24
19840823,45.08,79.93,70.56,1804.15,1900.16,1514.16
19840824,45.23,80.1,70.65,1805.21,1900.78,1517.24
19840827,45.37,80.45,70.8,1816.16,1904.72,1521
19840828,45.22,80.18,70.53,1811.71,1893.79,1507.51
19840829,45.36,80.33,70.85,1822.28,1903.42,1514.78
19840830,45.45,80.48,70.96,1826.05,1898.25,1513.01
19840831,45.55,80.49,70.91,1819.44,1892.26,1508.12
19840904,45.91,80.75,71.01,1817.99,1893.46,1509.51
19840905,45.81,80.46,70.54,1803.72,1876.13,1491.22
19840906,45.81,80.34,70.25,1798.94,1875.85,1482.76
19840907,46.02,80.71,70.59,1816.26,1889.27,1494.33
19840910,45.98,80.57,70.39,1803.56,1877.41,1482.26
19840911,45.8,80.43,70.07,1814.88,1874.17,1482.26
19840912,45.96,80.69,70.31,1816.62,1876.52,1487.42
19840913,46,80.72,70.18,1820.5,1881.03,1483.78
19840914,46.31,81.15,70.78,1851.31,1914.07,1513.51
19840917,46.57,81.85,71.31,1856.75,1925.73,1525.47
19840918,46.49,81.93,71.15,1857.11,1928.14,1528.41
19840919,46.4,81.94,70.67,1847.07,1916.58,1515.63
19840920,46.18,82.03,70.39,1841.94,1907.78,1506
19840921,46.3,82.05,70.36,1846.3,1916.46,1508.98
19840924,46.31,82.17,70.3,1828.69,1899.57,1492.08
19840925,46.22,81.53,69.78,1821.39,1897.58,1484.16
19840926,46.12,81.45,69.4,1823.46,1902.07,1485.42
19840927,46.18,81.54,69.36,1833.62,1908.76,1488.77
19840928,46.42,81.72,69.48,1846.66,1913.27,1495.52
19841001,46.82,81.67,69.78,1828.24,1906.85,1491.15
19841002,46.63,81.23,69.13,1816.69,1883.78,1470.92
19841003,46.4,81.1,68.61,1804.34,1873.4,1456.93
19841004,46.17,80.7,68.22,1781.11,1865.61,1446.98
19841005,46.27,80.75,68.3,1785.96,1868.32,1451.43
19841008,46.41,80.89,68.54,1783.87,1867.61,1447.21
19841009,46.25,80.67,68.4,1779.81,1861.27,1440
19841010,46.13,80.78,68.2,1779.35,1857.68,1435.7
19841011,46.04,80.64,68.05,1780.89,1861.35,1443.39
19841012,46.17,80.99,68.23,1790.83,1872.01,1446.59
19841015,46.38,81.38,68.69,1806.6,1886.75,1461.68
19841016,46.52,81.64,68.94,1817.71,1902.11,1478.7
19841017,46.43,81.73,68.94,1807.08,1892.67,1472.48
19841018,46.4,81.85,68.89,1787.16,1888.61,1472.91
19841019,46.63,82.6,69.6,1812.65,1933.25,1516.22
19841022,46.82,82.91,70.01,1810.93,1935.93,1516.85
19841023,46.66,82.78,69.99,1802.78,1926.27,1514.96
19841024,46.53,82.81,70.11,1804.48,1924.46,1512.23
19841025,46.45,82.78,70.05,1810.52,1924.76,1512.66
19841026,46.32,82.51,69.59,1809.07,1914.86,1496.19
19841029,46.1,82.12,69.04,1804.12,1903.46,1480.38
19841030,45.92,81.75,68.8,1799.81,1896.38,1476.2
19841031,46.05,82.02,69.13,1817.13,1921.01,1494.17
19841101,46.07,81.83,69.17,1807.14,1913.96,1487.39
19841102,46.3,82.09,69.18,1823.23,1929.42,1497.98
19841105,46.34,82.34,69.31,1815.16,1931.96,1496.78
19841106,46.63,82.72,69.44,1832.81,1944.04,1506.73
19841107,47.02,83.09,69.97,1852.53,1963.08,1524.3
19841108,46.88,82.74,69.68,1842.96,1949.6,1510.94
19841109,46.91,82.64,69.59,1839.48,1945.74,1504.51
19841112,47.03,82.52,69.61,1827.37,1939.45,1491.6
19841113,47.04,82.41,69.47,1826.45,1935.17,1489.85
19841114,46.8,82.17,69.1,1811.58,1921.32,1475.82
19841115,46.63,82.08,68.9,1812.56,1921.61,1472.07
19841116,46.34,81.87,68.66,1810.42,1923.9,1466.28
19841119,46.12,81.51,68.2,1791.59,1904.21,1452.27
19841120,45.75,80.78,67.41,1780.77,1895.16,1440.05
19841121,45.73,80.86,67.4,1794.22,1902.99,1453.88
19841123,45.8,80.95,67.43,1801.61,1908.97,1455.31
19841126,46.1,81.53,68.15,1824.16,1933.51,1478.1
19841127,45.84,81.59,67.97,1805.76,1918.71,1470.94
19841128,45.97,81.71,67.97,1817.51,1923.53,1483.71
19841129,45.79,81.84,67.58,1811.4,1911.43,1470.36
19841130,45.69,81.63,67.08,1801.66,1900.07,1456.37
19841203,45.66,81.81,66.79,1797.77,1895.6,1450.37
19841204,45.38,81.43,66.37,1790.78,1888.85,1439
19841205,45.4,81.56,66.37,1792.59,1893.91,1442.97
19841206,45.13,81.08,65.67,1781.03,1884.66,1427.64
19841207,45.05,80.98,65.74,1785.66,1889.26,1435.51
19841210,45.04,81,65.64,1783.33,1886.45,1430.19
19841211,44.95,80.95,65.69,1785.41,1892.7,1435.7
19841212,45,81.04,65.73,1784.38,1895.78,1442.47
19841213,45.02,80.92,65.76,1774.07,1893.03,1440.65
19841214,45.04,80.87,65.63,1764.62,1886.94,1431.33
19841217,45.09,81.1,65.94,1774.74,1895.05,1441.41
19841218,45.01,81.2,65.88,1785.45,1907.76,1447.34
19841219,45.65,82.25,67.18,1827.87,1950.62,1495.26
19841220,45.74,82.64,67.6,1813.98,1941.83,1495.86
19841221,45.64,82.76,67.5,1811.12,1933.77,1485.63
19841224,45.28,82.58,67.34,1809.35,1926,1482.55
19841226,45.47,82.96,67.72,1825.47,1936.23,1493.97
19841227,45.39,82.92,67.74,1821.87,1937.2,1491.27
19841228,45.31,82.93,67.47,1814.66,1929.44,1482.26
19841231,45.35,83.04,67.69,1821.57,1933.8,1484.52
19850102,45.86,84.24,69,1832.14,1938.23,1494.09
19850103,45.81,84.09,68.72,1814.24,1918.39,1476.14
19850104,45.86,84.1,68.59,1810.38,1909.37,1471.32
19850107,45.85,84.02,68.54,1800.88,1897.92,1467.2
19850108,45.93,84.2,68.51,1810.61,1904.25,1469.26
19850109,46.07,84.36,68.56,1812.35,1905.64,1465.38
19850110,46.25,84.78,69.01,1820.31,1919.24,1476.82
19850111,46.76,85.46,70.05,1851.29,1949.72,1512.97
19850114,46.79,85.86,70.41,1848.12,1946.6,1514.6
19850115,47.39,86.97,71.39,1868.24,1975.71,1540.85
19850116,47.68,87.55,71.96,1871.81,1980.37,1543.47
19850117,48.16,88.07,72.63,1883.3,1986.45,1548.08
19850118,48.35,88.06,73.09,1878.71,1983.5,1543.64
19850121,48.61,88.33,73.67,1884.49,1987.68,1549.92
19850122,49.15,89.38,74.9,1931.05,2026.28,1586.85
19850123,49.24,89.76,75.31,1925.18,2026.98,1594.66
19850124,49.8,90.31,76.15,1942.61,2046.5,1617.5
19850125,49.92,90.45,76.55,1933.84,2038.35,1620.9
19850128,50.02,90.67,77.08,1935.78,2045.57,1629.87
19850129,50.29,91.06,77.52,1931.94,2048.45,1635.96
19850130,50.52,91.3,77.95,1945.14,2065.45,1653.86
19850131,50.68,91.74,78.62,1946.6,2067.08,1657.58
19850201,50.92,91.98,78.72,1950.47,2069,1653.74
19850204,50.68,91.71,78.62,1951.93,2056.39,1642.51
19850205,51,91.74,79.29,1967.38,2075.46,1663.93
19850206,51.3,92.19,79.9,1971.75,2081.01,1667.48
19850207,51.49,92.57,80.51,1973.26,2078.28,1664.99
19850208,51.99,93.27,81.4,1987.42,2091.15,1682.51
19850211,52.31,93.59,81.73,1996.18,2095.34,1683.02
19850212,52.17,93.42,81.25,1975.78,2081.79,1661.55
19850213,52.28,93.61,81.18,1978.2,2083.18,1655.51
19850214,52.79,94.35,81.78,2010.38,2113.08,1678.77
19850215,52.79,94.6,81.81,2003.43,2105.72,1671.36
19850219,52.54,94.54,81.5,1991.56,2095.66,1665.11
19850220,52.21,94.37,81.32,1989.51,2093.96,1662.28
19850221,52.33,94.57,81.49,1979.71,2092.71,1669.36
19850222,52.13,94.32,81.12,1969.28,2078.98,1662.07
19850225,51.97,94.11,80.76,1967.71,2072.54,1655.61
19850226,51.7,93.45,80.08,1966.24,2071.45,1650.37
19850227,51.77,93.74,80.63,1988.94,2089.94,1664.57
19850228,51.74,93.73,80.61,1989.47,2087.98,1655.36
19850301,51.97,93.91,80.87,1990.91,2097.14,1666.51
19850304,52.44,94.64,81.69,2019.88,2117.31,1684.84
19850305,52.26,94.58,81.64,2010.31,2104.5,1673.13
19850306,52.29,94.62,81.62,2017.25,2107.52,1669.56
19850307,52.07,94.59,81.31,1997.85,2094.53,1650.29
19850308,52.1,94.45,80.79,1988.65,2084.73,1634.23
19850311,52,94.35,80.58,1983.36,2080.88,1628.1
19850312,51.75,94.1,80.05,1980.5,2072.94,1627.47
19850313,51.67,93.96,80.01,1994.56,2081.06,1630.96
19850314,51.3,93.52,79.16,1976.13,2069.78,1609.75
19850315,51.21,93.49,79.11,1974.34,2067.76,1604.89
19850318,51.17,93.47,79.12,1958.61,2054.96,1600.18
19850319,50.88,93.24,78.57,1961.28,2056.3,1594.73
19850320,51.15,93.45,79.1,1988.7,2082.13,1621.5
19850321,51.14,93.35,78.96,1988.29,2076.98,1618.03
19850322,51.21,93.47,78.95,1995.51,2078.86,1621.23
19850325,51.07,93.31,78.73,1992.99,2076.33,1615.86
19850326,50.74,92.93,77.96,1987.98,2068.38,1598.78
19850327,50.74,92.89,77.96,1991.96,2073.7,1603.27
19850328,51.01,93.2,78.39,2001.7,2087.65,1614.65
19850329,51.25,93.42,78.56,2009.05,2087.96,1618.58
19850401,51.76,93.8,79.73,2032.4,2091.24,1632.42
19850402,51.85,94.04,79.94,2034.56,2095.41,1644.88
19850403,51.77,94.05,79.71,2021.76,2089.61,1637.57
19850404,51.59,93.64,79.1,2007.36,2078.44,1618.97
19850408,51.59,93.5,78.94,2010.25,2078.08,1615.69
19850409,51.49,93.56,78.72,2006.37,2068.13,1603.82
19850410,51.49,93.46,78.65,2011.49,2067.73,1606.52
19850411,51.64,93.85,79.22,2023.79,2076.7,1621.49
19850412,51.5,94.1,79.59,2036.94,2082.14,1631.19
19850415,51.52,94.24,79.68,2037.51,2086.02,1635.63
19850416,51.66,94.46,79.65,2039.29,2091.47,1641.01
19850417,51.62,94.57,79.9,2043.56,2093.71,1645.78
19850418,51.81,94.76,80.24,2053.01,2096.57,1649.53
19850419,51.74,94.72,80.15,2045.43,2086.69,1639.06
19850422,51.77,94.7,80.06,2054.56,2088.98,1638.66
19850423,51.58,94.7,79.75,2046.84,2084.94,1633.31
19850424,51.65,94.86,79.93,2054.38,2099.17,1647.28
19850425,51.53,95.08,80.04,2058.09,2103.66,1648.72
19850426,51.73,95.36,80.19,2071.83,2115.1,1658.21
19850429,51.62,95.36,80.02,2057.51,2101.71,1649.28
19850430,51.47,95.08,79.37,2042.93,2088.43,1627.82
19850501,51.34,94.72,78.97,2026.69,2083,1620.21
19850502,51.23,94.48,78.77,2007.51,2071.93,1606.05
19850503,51.14,93.84,78.62,2015.61,2075.45,1609.76
19850506,51.24,94.05,78.99,2031.66,2089.36,1621.03
19850507,51.2,94.14,79.05,2034.67,2089.7,1618.84
19850508,51.31,94.39,79.25,2037,2098.61,1629.28
19850509,51.47,94.69,79.16,2031.17,2094.96,1636.69
19850510,51.81,95.21,79.85,2043.44,2110.9,1651.81
19850513,51.97,96.08,81.06,2063.46,2135.74,1681.86
19850514,52.04,96.11,81,2070.82,2134.75,1686.39
19850515,51.92,96.03,80.96,2071.51,2126.6,1677.12
19850516,52.01,96.29,81.09,2082.34,2135.2,1679
19850517,52.11,96.67,81.45,2091.73,2145.45,1691.11
19850520,52.34,96.94,82.14,2107.8,2163.99,1711.03
19850521,52.62,97.75,82.95,2128.38,2190.44,1738.08
19850522,52.63,97.71,82.92,2131.49,2194.17,1733.11
19850523,52.52,97.34,82.5,2122.45,2181.26,1721.79
19850524,52.31,97.12,82.21,2112.03,2172.84,1711.42
19850528,52.42,97.2,82.35,2122.4,2180.33,1712.75
19850529,52.29,97.1,82.14,2132.73,2175.68,1709.56
19850530,52.29,97.05,82.17,2119.54,2177.54,1710.47
19850531,52.29,97.08,82.05,2122.06,2179.65,1705.05
19850603,52.62,97.67,82.3,2137.86,2184.75,1721.18
19850604,52.59,97.83,82.53,2130.7,2186.97,1722.9
19850605,52.69,98.18,82.63,2136.85,2195.85,1732.02
19850606,52.78,98.62,82.85,2138.23,2199.9,1732.21
19850607,52.89,98.74,82.9,2143.29,2209.72,1743.38
19850610,52.85,98.56,82.68,2127.6,2200.61,1725.07
19850611,52.71,98.14,82.48,2140.08,2149.49,1724.1
19850612,52.6,98.36,82.42,2137.71,2145.03,1716.88
19850613,52.61,98.36,82.27,2130.73,2135.1,1694.45
19850614,52.28,97.82,81.54,2107.24,2112.63,1669.49
19850617,52.35,98.25,81.9,2126,2128.52,1685.65
19850618,52.15,98.41,81.52,2115.5,2125.83,1680.02
19850619,52.23,98.27,81.72,2131.1,2133.07,1685.26
19850620,52.24,98.33,81.91,2122.39,2126.68,1684.97
19850621,52.19,98.21,81.76,2120.24,2128.18,1682.55
19850624,52.4,98.65,82.09,2147.96,2154.17,1701.33
19850625,52.46,98.86,82.42,2141.66,2149.9,1710.62
19850626,52.68,99.31,83.08,2141.64,2153.57,1723.44
19850627,52.71,99.47,83.3,2139.51,2157.35,1730.8
19850628,52.95,99.94,83.9,2152.96,2170.34,1742.97
19850701,45.54,83.73,69.63,2319.25,1898.57,1752.5
19850702,45.67,83.98,69.84,2317.83,1908.76,1763.59
19850703,45.5,84.29,69.87,2309.55,1910.42,1758.17
19850705,45.53,84.4,69.83,2304.02,1906.18,1752.97
19850708,45.81,84.95,70.19,2320.16,1914.92,1763.17
19850709,45.52,84.77,69.93,2313.69,1909.4,1754.67
19850710,45.43,84.64,69.78,2309.89,1904.5,1740.33
19850711,45.65,85.14,70.2,2319.57,1916.94,1752.89
19850712,45.96,85.69,70.64,2323.49,1925.28,1757.88
19850715,46.03,86.16,70.92,2328.82,1929.55,1760.6
19850716,46.13,86.53,70.95,2314.15,1926.83,1761.94
19850717,46.46,87.36,71.62,2329.53,1945.85,1786.72
19850718,46.57,87.79,72.26,2335.97,1949.03,1802.18
19850719,46.48,87.65,72.21,2325.56,1938.77,1790.01
19850722,46.97,88.13,72.62,2344.97,1940.69,1796.17
19850723,46.79,87.75,72.49,2336.34,1930.22,1791.01
19850724,46.55,87.4,72.54,2316.35,1911.58,1779.69
19850725,46.52,86.99,72.19,2315.95,1892.98,1767.84
19850726,46.63,86.83,72.37,2320.99,1891.25,1772.7
19850729,46.73,86.64,72.48,2325.06,1890.46,1777.71
19850730,46.29,85.77,71.66,2294.87,1862.99,1748.12
19850731,46.22,85.66,71.44,2296.78,1866.29,1746.64
19850801,46.4,85.78,71.58,2297.27,1880.65,1755.49
19850802,46.7,86.17,72.1,2311.38,1898.97,1767.23
19850805,46.71,86.42,72.21,2305.87,1892.5,1764.6
19850806,46.48,85.89,71.66,2296.37,1881.93,1754.76
19850807,46.03,85.21,70.92,2273.51,1858.86,1730.8
19850808,45.9,84.93,70.3,2268.6,1854.5,1723.66
19850809,46.11,85.33,70.49,2287.79,1867.04,1734.63
19850812,46.03,85.3,70.49,2274.46,1862.45,1730.89
19850813,45.93,84.98,70.11,2268.69,1856.37,1723.43
19850814,45.89,85.01,69.8,2266.82,1852.57,1718.83
19850815,46,85.28,69.75,2267.16,1855.76,1719.02
19850816,46.1,85.41,69.79,2267.02,1854.84,1715
19850819,45.8,84.96,69.44,2253.55,1848.93,1704.24
19850820,45.83,85.01,69.23,2267.15,1851.82,1705.75
19850821,46,85.26,69.44,2287.93,1863.36,1721.38
19850822,46.16,85.61,69.87,2299.67,1874.78,1727.18
19850823,46.04,85.39,69.6,2280.09,1858.87,1712.45
19850826,46.12,85.55,69.56,2282.03,1854.8,1709.79
19850827,46.24,85.45,69.52,2285.42,1853.34,1717.29
19850828,46.36,85.54,69.7,2294.21,1860.82,1721.4
19850829,46.46,85.65,69.88,2300.46,1868.91,1726.33
19850830,46.5,85.86,69.96,2304.74,1872.22,1724.19
19850903,46.96,85.88,70.36,2311.68,1865.64,1720.56
19850904,46.67,85.48,69.95,2300.61,1859.96,1711.77
19850905,46.49,85.5,69.6,2294.59,1853.94,1704.57
19850906,46.43,85.52,69.53,2293.02,1853.99,1704.76
19850909,46.48,85.73,69.85,2301.96,1862.52,1714.83
19850910,46.46,85.76,69.8,2303.4,1863.72,1717.95
19850911,46.18,85.27,69.33,2288.92,1841.39,1703.86
19850912,45.87,84.59,68.55,2267.63,1822.31,1686.41
19850913,45.59,84.02,67.98,2250.69,1806.5,1675.92
19850916,45.25,83.2,67.3,2239.03,1799.31,1666.2
19850917,45.07,82.84,67.01,2233.57,1800.59,1669.35
19850918,44.58,82.1,65.97,2215.3,1786.95,1651.07
19850919,44.46,81.86,65.93,2218.78,1788.49,1656.82
19850920,44.91,82.59,66.75,2250.74,1792.8,1674.8
19850923,44.93,82.75,66.84,2232.44,1785.06,1666.32
19850924,45.13,83.04,67.16,2258.91,1803.44,1681.79
19850925,44.85,82.91,66.76,2241.08,1790.26,1663.51
19850926,44.6,82.5,66.21,2229,1776.82,1638.51
19850930,44.44,82.21,65.82,2249.82,1777.19,1639.19
19851001,44.82,82.55,66.55,2257.98,1787.8,1648.24
19851002,45.11,83.11,67.06,2298.7,1810.27,1673.93
19851003,45.15,83.09,66.94,2294.38,1806.62,1658.11
19851004,45.19,83.22,66.99,2299.71,1806.91,1662.08
19851007,45.17,82.81,66.81,2287.12,1801.5,1648.96
19851008,45.03,82.47,66.22,2262.48,1792.93,1637.62
19851009,44.9,82.28,65.84,2264.95,1793.71,1631.67
19851010,45.07,82.46,66.06,2274.95,1800.92,1637.88
19851011,45.25,82.74,66.25,2274.76,1806.54,1645.01
19851014,45.56,83.19,66.73,2285.27,1820.42,1664.5
19851015,45.81,83.65,67.32,2303.96,1837.33,1692.53
19851016,45.87,83.82,67.38,2297.75,1834.58,1692.34
19851017,46.07,84.13,67.77,2320.68,1854.08,1704.84
19851018,46.16,84.43,68.13,2312.97,1856.26,1708.36
19851021,46.08,84.5,68.2,2305.71,1853.9,1700.58
19851022,45.8,84.39,67.98,2305.31,1854.14,1697.47
19851023,45.96,84.64,68.18,2310.75,1865.1,1711.99
19851024,46.01,85.04,68.43,2322.12,1872.16,1723.74
19851025,46.04,85.22,68.55,2314.62,1867.31,1719.93
19851028,45.84,85.06,68.28,2303.29,1858.15,1707.7
19851029,45.72,84.97,68.11,2308.13,1857.08,1710.31
19851030,45.9,85.34,68.44,2323.53,1869.42,1723.35
19851031,45.98,85.64,68.64,2327.22,1883.04,1730.58
19851101,46.5,85.58,69,2335.23,1878.01,1727.47
19851104,46.68,85.74,69.42,2353.71,1896,1736.39
19851105,46.75,85.92,69.56,2346.83,1884.03,1738.77
19851106,46.86,86.27,69.8,2349.13,1899.95,1750.65
19851107,47.02,86.59,70.11,2346.85,1904.9,1758.08
19851108,47.07,86.74,70.3,2345.89,1903.09,1758.87
19851111,47.58,87.28,70.81,2358.42,1914.09,1771.61
19851112,47.85,87.72,71.44,2395.49,1946.97,1802.5
19851113,48.13,88.43,72.03,2404.98,1955.22,1813.65
19851114,47.89,88.12,71.94,2396.84,1948.43,1803.19
19851115,48.23,88.66,72.28,2421.7,1964.26,1822.89
19851118,48.36,88.97,72.42,2403.48,1957.31,1821.73
19851119,48.21,88.95,72.41,2405.44,1966.74,1828.72
19851120,48.33,89.34,72.8,2407.89,1965.36,1828.82
19851121,48.16,89.48,72.78,2419.27,1968.08,1827.12
19851122,48,90.31,73.44,2441.41,1991.17,1850.52
19851125,47.97,90.73,73.9,2441.34,1994.68,1850.08
19851126,47.63,90.48,73.62,2428.77,1983.41,1837.45
19851127,47.66,90.65,73.69,2440.92,1979.82,1837.73
19851129,47.87,91.12,74.37,2466.48,1995.84,1853.45
19851202,48.39,91.75,74.83,2449.8,1994.29,1850.86
19851203,48.17,91.37,74.63,2426.18,1979.17,1833.18
19851204,48.31,91.77,74.75,2432.85,1981.64,1839.64
19851205,48.95,92.48,75.76,2472.09,2008.61,1874.26
19851206,48.99,92.93,75.89,2463.93,2008.69,1877.99
19851209,48.63,92.56,75.42,2451.07,1997.9,1870.82
19851210,48.57,92.74,75.55,2454.42,2014.99,1884.36
19851211,48.35,92.76,75.71,2429.38,2024.43,1891.4
19851212,48.52,93.04,76.26,2439.71,2052.29,1913.44
19851213,48.69,93.42,76.68,2461.62,2052.52,1920.13
19851216,49.29,94.47,77.45,2510.71,2080.71,1946.74
19851217,49.38,94.26,77.76,2539.2,2100.24,1959.87
19851218,49.16,93.86,77.14,2520.79,2089.98,1946.03
19851219,48.96,93.57,76.8,2508.98,2079.16,1938.92
19851220,49.17,93.76,76.88,2516.78,2076.92,1941.19
19851223,49.8,94.35,77.38,2531.18,2082.51,1948.06
19851224,49.43,94.11,77,2509.98,2057.25,1924.99
19851226,49.34,93.77,76.71,2490.96,2044.98,1913.5
19851227,49.51,94.03,76.95,2500.58,2046.46,1919.44
19851230,49.82,94.51,77.59,2521.2,2065.09,1941.15
19851231,49.9,94.49,77.72,2530.18,2074.39,1951.58
19860102,50.62,95.79,78.62,2551.22,2101.24,1954.46
19860103,50.75,95.76,78.72,2534.17,2093.18,1935.26
19860106,51.17,96.31,79.04,2553.44,2103.72,1946.99
19860107,51.13,96.28,79.09,2555.54,2097.4,1946.83
19860108,51.75,97.19,80.04,2592.36,2132.94,1978.14
19860109,51.27,96.19,79.29,2525.42,2090.36,1923.98
19860110,50.47,94.41,77.77,2500.94,2063.08,1913.13
19860113,50.52,94.55,78.02,2504.19,2060.73,1911.21
19860114,50.67,94.76,78.21,2520.03,2065.03,1916.95
19860115,50.98,95.17,78.37,2517.75,2064.48,1917.28
19860116,51.35,95.79,79.04,2527.74,2079.07,1943.01
19860117,51.54,96.12,79.34,2525.88,2088,1959.86
19860120,51.6,96.34,79.61,2512.09,2088.28,1950.54
19860121,51.48,96.14,79.48,2506.63,2081.92,1938.22
19860122,51.2,95.83,79.19,2476.97,2068.64,1928.71
19860123,50.87,95.34,78.83,2455.78,2049.67,1903.54
19860124,50.9,95.25,78.88,2459.42,2054.29,1914.22
19860127,51.35,95.9,79.59,2481.95,2073.92,1938.23
19860128,51.23,95.99,79.88,2488.59,2085.99,1948.5
19860129,51.34,96.61,80.29,2501.9,2111.27,1970.46
19860130,50.94,96.32,80.27,2505.96,2120.6,1974.9
19860131,51.14,96.65,80.36,2499.43,2112.42,1962.69
19860203,51.72,97.25,80.97,2511.39,2136.24,1987.7
19860204,51.93,97.8,81.41,2526.25,2162.25,2008.99
19860205,51.71,97.82,81.36,2503.14,2163.23,2002.04
19860206,51.67,97.94,81.55,2499.08,2163.04,2010.29
19860207,51.81,98.5,82.07,2509.7,2166.98,2015.68
19860210,52.16,99,82.6,2524.53,2175.12,2026.09
19860211,52.32,99.3,82.93,2533.53,2192.52,2042.03
19860212,52.31,99.43,83.19,2530.78,2194.1,2041.76
19860213,52.47,99.87,83.56,2541.24,2195.52,2038.63
19860214,52.64,100.25,83.99,2563.43,2205.76,2051.79
19860218,52.7,100.76,84.49,2585.57,2227.29,2070.39
19860219,52.97,101.42,85.18,2602.81,2255.12,2100.72
19860220,52.71,101.08,84.91,2568.06,2237.5,2079.77
19860221,52.94,101.43,85.37,2602.66,2255.68,2097.42
19860224,53.33,102.47,86.29,2632.65,2280.93,2115.94
19860225,53.28,102.39,86.3,2638.47,2274.82,2109.51
19860226,53.39,102.59,86.18,2647.86,2265.44,2100.77
19860227,53.6,102.84,86.25,2662.06,2266.76,2104.39
19860228,54.02,103.82,86.94,2679.22,2303.28,2124.6
19860303,54.42,104.66,87.54,2673.12,2322.88,2115.8
19860304,54.59,105.2,87.35,2663.41,2309.07,2105.57
19860305,54.81,105.63,87.8,2657.97,2304,2105.57
19860306,54.73,105.35,87.32,2667.31,2298.76,2097.9
19860307,55.28,105.84,87.84,2677.96,2309.18,2103.45
19860310,55.48,106.21,87.98,2677,2319.23,2098.69
19860311,55.71,106.58,88.33,2689.06,2322.06,2118.72
19860312,56.23,107.62,89.27,2755.18,2363.52,2163.88
19860313,56.42,108.34,89.85,2773.73,2375.4,2167.47
19860314,56.51,108.52,89.87,2773.32,2381.9,2176.88
19860317,56.69,108.73,90.23,2811.46,2413.24,2192.63
19860318,56.31,107.82,89.6,2795.52,2395.95,2175.85
19860319,56.87,108.22,90.06,2813.12,2407.62,2186.41
19860320,56.92,108.31,89.73,2808.91,2406.73,2179.76
19860321,57.11,108.81,90.19,2826.09,2417.76,2184.84
19860324,57.49,109.42,90.5,2795.28,2391.49,2160.98
19860325,56.88,108.96,89.97,2808.27,2408.48,2172.34
19860326,56.76,108.75,89.63,2800.64,2404.68,2168.72
19860327,57.09,109.27,90.15,2844.84,2432.85,2188.55
19860331,57.39,110.02,90.86,2860.18,2451.95,2206.03
19860401,57.54,111.36,92.43,2828.95,2454.56,2220.58
19860402,57.32,111.05,91.64,2790.64,2427.17,2189.34
19860403,57.28,111.01,91.55,2793.46,2426.27,2200.41
19860404,57.01,110.79,91.39,2758.11,2396.75,2178.68
19860407,56.61,110.05,90.66,2717.43,2357.11,2145.53
19860408,56.24,109.23,89.88,2720.87,2344.98,2144.43
19860409,56.96,110.3,91.14,2769.42,2395.3,2190.29
19860410,57.12,110.55,91.47,2785.52,2402.55,2187.72
19860411,57.47,111.19,92.28,2821.29,2425.7,2213.77
19860414,57.69,111.47,92.59,2815.81,2418.48,2216.91
19860415,57.97,112.08,93.12,2827.11,2429.82,2234.43
19860416,58.03,112.26,93.1,2839.35,2430.53,2238.05
19860417,58.75,113.72,94.37,2897.82,2475.9,2275.06
19860418,59.13,114.29,95.11,2912.57,2485.15,2276
19860421,59.26,114.36,95.5,2890.39,2481.63,2271.29
19860422,59.58,114.73,96.13,2920.33,2501.24,2291.01
19860423,59.6,114.31,96.09,2896.56,2477.4,2269.9
19860424,59.56,113.93,95.54,2895.73,2462.9,2261.39
19860425,59.8,114.45,96.1,2906.91,2456.21,2275.21
19860428,59.77,114.53,96.3,2901.07,2452.89,2282.06
19860429,59.76,114.58,96.34,2919.77,2461.88,2284.71
19860430,59.19,113.89,95.68,2899.03,2435.78,2256.55
19860501,58.2,112.62,94.25,2835.92,2392.96,2212.56
19860502,58.07,112.28,93.88,2850.38,2386.01,2214.43
19860505,58.14,112.5,94.11,2859.27,2382.87,2208.82
19860506,58.48,113.27,94.74,2895.17,2408.32,2238.92
19860507,58.45,113.39,94.85,2888.86,2405.89,2237.04
19860508,58.43,113.32,94.42,2874.21,2396.35,2224.06
19860509,58.87,114.17,94.9,2897.47,2407.73,2227.96
19860512,59.08,114.6,95.33,2911.08,2409.48,2234.1
19860513,58.99,114.45,95.02,2905.55,2401.77,2232.87
19860514,59.1,114.24,94.82,2894.03,2392.33,2220.83
19860515,59.22,114.25,95.02,2909.39,2405.97,2225.29
19860516,58.94,113.65,94.54,2871.9,2381.64,2192.96
19860519,58.93,113.7,94.33,2848.62,2367.54,2181.42
19860520,58.89,113.44,93.97,2856.25,2368.74,2186.6
19860521,59.03,113.78,94.28,2897.01,2392.25,2213.76
19860522,59.05,113.93,94.41,2894.72,2387.2,2208.2
19860523,59.61,114.86,95.06,2945.95,2434.31,2239.65
19860527,59.83,115.65,95.6,2953.97,2459.33,2250.12
19860528,60.33,116.86,96.41,2985.08,2498.65,2279.79
19860529,60.6,117.52,96.92,2996.71,2517.79,2302.85
19860530,60.9,117.99,97.29,3012.45,2527.81,2313.23
19860602,61.43,118.88,97.82,2989.12,2521.4,2305.59
19860603,61.16,118.77,97.54,2961.83,2494.11,2297.68
19860604,61.31,119.04,97.65,2972.34,2502.74,2298.19
19860605,61.3,119.01,97.65,2960.98,2490.24,2281.18
19860606,61.37,119.17,97.62,2979.56,2503.95,2288.95
19860609,61.43,119.29,97.74,2984.8,2505.7,2282.59
19860610,60.57,117.54,96.33,2914.85,2454.88,2234.04
19860611,60.49,117.38,96.09,2907.26,2436.98,2231.72
19860612,60.72,117.98,96.79,2932.08,2452.3,2244.97
19860613,60.9,117.98,96.99,2929.95,2461.25,2246.73
19860616,61.54,118.49,97.75,2976.08,2505.7,2277.55
19860617,61.56,118.28,97.3,2972.61,2514.27,2271.01
19860618,61.37,118.23,96.71,2958.93,2503.15,2250.05
19860619,61.27,118.1,96.28,2965.2,2506.01,2250.13
19860620,61.63,118.19,96.53,2956.72,2497.99,2246.09
19860623,61.27,117.64,96.29,2989.34,2520.61,2265.43
19860624,61.21,117.93,95.89,2971.75,2504.78,2250.82
19860625,61.38,118.55,96.57,2988.79,2527.3,2268.87
19860626,61.51,118.68,97.17,3005.1,2549.73,2287.19
19860627,61.69,118.86,96.76,3002.5,2552.6,2281.12
19860630,61.82,119.2,96.64,3012.04,2562.74,2287.95
19860701,53.67,99.72,94.06,2048.38,2892,2401.68
19860702,53.97,100.13,94.56,2053.81,2902.61,2419.99
19860703,53.97,100.43,94.9,2053.34,2911.89,2435.15
19860707,53.98,100.52,94.95,2050.59,2901.45,2429.41
19860708,52.74,98.58,92.25,2002.77,2820.14,2345.27
19860709,51.53,96.58,89.71,1991.62,2784.91,2303.4
19860710,51.96,96.8,90.58,1995.8,2808.09,2317.83
19860711,51.85,96.81,90.53,1997.41,2808.58,2320.28
19860714,51.95,96.94,90.72,1991.55,2811.52,2311.26
19860715,51.21,95.65,88.81,1963.45,2772.34,2263.89
19860716,50.45,94.39,87.06,1932.39,2730.07,2221.29
19860717,50.55,94.63,87.33,1939.24,2740.66,2229.25
19860718,50.44,95.06,87.74,1938.08,2756.95,2242.94
19860721,50.27,95,87.72,1936.17,2760.09,2245.61
19860722,50.01,94.73,87.41,1929.31,2760.13,2242.44
19860723,50.13,94.97,87.38,1942.02,2786.24,2263.07
19860724,50.33,95.15,87.28,1936.37,2799.55,2261.51
19860725,50.07,94.77,86.91,1925.2,2792.69,2259.84
19860728,50.13,95.08,87.09,1946.37,2817.76,2278.03
19860729,49.38,94.03,86.09,1908.47,2776.06,2234.38
19860730,49.06,93.38,85.3,1899.12,2760.91,2214.35
19860731,48.91,93.21,84.87,1911.29,2783.5,2223.02
19860801,48.92,93.01,84.99,1906.58,2795.3,2221.03
19860804,48.83,92.98,84.79,1898.58,2784.68,2207.61
19860805,48.37,92.33,83.84,1919.74,2793.07,2205.08
19860806,48.61,92.53,83.92,1941.81,2799.79,2203.35
19860807,48.41,92.44,83.62,1941.48,2804.18,2200.02
19860808,48.58,92.52,83.83,1938.1,2808.12,2208.83
19860811,48.67,92.75,83.78,1937.65,2809.24,2208.12
19860812,49.21,93.23,84.64,1965.13,2850.73,2247.32
19860813,49.6,93.81,85.5,1984.33,2877.37,2280.79
19860814,49.89,94.64,86.17,1999.27,2910.23,2305.18
19860815,50.16,95.12,86.96,2011.08,2918.79,2314.96
19860818,50.42,95.32,87.28,2025.33,2931.35,2310.02
19860819,50.31,95.26,87.17,2020.62,2934.8,2313.07
19860820,50.23,95.22,86.94,2007.74,2929.62,2307.84
19860821,50.67,95.72,87.25,2043.96,2962.65,2333.23
19860822,50.51,95.85,87.24,2044.03,2960.04,2333.64
19860825,50.62,95.86,87.21,2053.12,2966.67,2333.41
19860826,50.23,95.17,86.6,2041.93,2936.64,2315.67
19860827,50.58,95.54,86.81,2084.02,2989.55,2350.73
19860828,50.74,95.74,87.01,2098.8,2993.33,2350.4
19860829,50.99,95.67,87.15,2093.73,2994.33,2343.79
19860902,51.43,95.63,87.42,2102.31,3004.8,2340.88
19860903,51.07,95.34,86.42,2082.83,2956.79,2299.7
19860904,51.07,94.98,86.19,2107.73,2966.73,2301.49
19860905,51.66,95.56,86.87,2151.72,3005.11,2325.62
19860908,51.42,95.02,86.35,2131.87,2956.95,2299.04
19860909,51.05,94.31,85.54,2107.07,2922.98,2274.46
19860910,50.85,93.84,85.22,2103.12,2912.21,2271.09
19860911,50.66,93.46,84.57,2098.89,2899.32,2261.22
19860912,48.92,90.64,81.26,2002.5,2765.18,2160.38
19860915,48.15,89.14,80.02,1969.36,2715.16,2114.09
19860916,48.05,88.73,79.79,1982.8,2729.27,2115.14
19860917,48.02,88.15,79.33,1978.32,2726.28,2115.25
19860918,47.98,88.57,79.87,1990.32,2726.18,2121.2
19860919,48,88.53,79.98,2005.1,2721.69,2129.84
19860922,48.24,88.51,80.31,2022.16,2717.69,2123.3
19860923,48.68,89.12,81.1,2034.18,2750.19,2149.37
19860924,48.98,89.87,81.59,2037.37,2761.52,2162.7
19860925,49.09,90.25,81.87,2037.49,2771.96,2171.88
19860926,48.69,89.74,81.13,2014.11,2721.81,2136.12
19860929,48.79,89.97,81.18,2018.98,2724.69,2133.06
19860930,48.48,89.29,80.51,2001.11,2704.95,2108.27
19861001,49.07,90.45,82.19,2017.22,2719.63,2127.75
19861002,49.36,90.95,82.66,2036.69,2751.45,2145.27
19861003,49.49,91.08,82.75,2035.02,2753.62,2151.3
19861006,49.58,90.91,82.62,2042.8,2755.46,2141.22
19861007,49.49,91.02,82.57,2046.92,2762.69,2156.36
19861008,49.53,90.89,82.38,2056.63,2759.07,2145.35
19861009,49.56,90.97,82.52,2076.03,2784.08,2157.73
19861010,49.44,90.87,82.65,2071.62,2780.16,2145.75
19861013,49.46,90.95,82.61,2067.73,2774.71,2145.74
19861014,49.59,91,82.62,2071.79,2779.51,2148.74
19861015,49.55,90.89,82.52,2054.49,2774.66,2151.45
19861016,50.02,91.53,83.48,2082.88,2810.11,2181.78
19861017,50.03,91.58,83.71,2092.01,2823.6,2182.98
19861020,49.98,91.62,83.42,2081.22,2817.59,2176.08
19861021,49.72,91.18,82.94,2065.1,2785.12,2152.71
19861022,49.85,91.24,83.01,2069.27,2783,2153.6
19861023,49.94,90.72,83.17,2076.35,2785.14,2157.85
19861024,50.37,91.24,83.7,2097.18,2817.44,2187.79
19861027,50.36,91.27,83.83,2089.67,2811.9,2178.96
19861028,50.34,91.33,83.9,2095.32,2817.37,2185.04
19861029,50.59,91.38,84.12,2097.84,2823.94,2189.8
19861030,50.64,91.81,84.57,2109.08,2841.77,2206.19
19861031,50.84,92.41,85.15,2148.42,2875.95,2223.03
19861103,51.31,92.85,85.62,2158.79,2877.83,2217.61
19861104,51.41,92.86,85.45,2167.98,2898.13,2240.64
19861105,51.56,93.11,85.52,2167.54,2908.24,2246.31
19861106,51.79,93.42,85.8,2182.44,2913.01,2243.73
19861107,51.68,93.33,85.57,2175.49,2903.23,2235.64
19861110,51.79,93.03,85.82,2181.39,2903.13,2228.65
19861111,51.91,93.27,85.71,2181.93,2907.44,2232.65
19861112,52.08,93.32,85.97,2196.42,2916.59,2238.98
19861113,51.97,93.29,85.89,2191.63,2911.24,2232.78
19861114,51.61,92.83,85.32,2173.05,2874.58,2193.28
19861117,51.76,93.08,85.53,2188.03,2886.82,2204.47
19861118,51.4,92.79,85.08,2171.91,2869.48,2193.92
19861119,51.11,91.62,84.1,2112.69,2801.57,2142.56
19861120,50.72,90.82,83.24,2111.44,2805.49,2147.69
19861121,51.31,91.68,83.91,2147.33,2854.45,2184.49
19861124,51.55,92.05,84.36,2174.12,2900.95,2211.8
19861125,51.56,92.16,84.58,2176.69,2923.33,2224.64
19861126,51.69,92.57,84.71,2179.98,2928.8,2233.29
19861128,51.61,92.61,85.07,2187.52,2935.66,2241.08
19861201,52.09,92.81,85.41,2197.47,2938.15,2246.45
19861202,51.76,92.51,84.98,2192.8,2936.69,2243.9
19861203,52.34,93.68,85.6,2226.89,2995.87,2284.78
19861204,52.21,93.76,85.89,2222.81,2997.69,2290.28
19861205,52.33,93.79,86.03,2214.86,2987.87,2290.16
19861208,52.16,93.52,85.81,2198.64,2966.34,2272.37
19861209,51.98,93.35,85.55,2188.63,2971.39,2269.15
19861210,51.73,93.07,85.09,2172.51,2952.33,2251.34
19861211,51.73,93.23,85.09,2186.77,2968.03,2265.22
19861212,51.31,92.74,84.7,2162.82,2939.33,2243.23
19861215,50.91,92.66,84.23,2169.71,2927.71,2225.91
19861216,50.67,92.41,83.72,2177.45,2934.28,2228.79
19861217,50.86,92.59,84.01,2188,2957.77,2246.26
19861218,50.57,92.2,83.3,2170.42,2933.04,2224.97
19861219,50.48,91.94,82.97,2156.9,2926.44,2215.01
19861222,51.1,92.75,83.02,2175.21,2951.88,2236.72
19861223,51.05,92.2,82.63,2175.03,2951.73,2223.82
19861224,50.73,91.13,81.9,2151.76,2928.11,2195.9
19861226,50.78,91.49,82.22,2156.96,2940.45,2208.76
19861229,50.83,91.59,82.4,2156.06,2943.84,2211.86
19861230,50.38,91.18,82.04,2140.34,2914.22,2197.52
19861231,50.2,90.68,81.78,2131.28,2900,2187.33
19870102,51.82,90.97,83.63,2126.67,2874.39,2179.6
19870105,52.79,92.25,85.21,2166.96,2929.18,2218.19
19870106,54.11,94.4,87.34,2214.85,2998.99,2277.73
19870107,54.35,95.08,88.34,2216.32,3005.65,2292.71
19870108,55.11,96.01,89.94,2235.77,3039.29,2318.54
19870109,55.8,97.06,90.9,2255.35,3062.66,2335.64
19870112,56.18,97.79,91.55,2269.19,3077.93,2349.42
19870113,56.93,98.64,92.6,2297.61,3097.18,2357.35
19870114,57.11,98.87,92.74,2297.48,3097.28,2349.17
19870115,57.75,99.69,93.67,2321.39,3127.93,2368.93
19870116,58.14,99.92,94.64,2340.49,3162.83,2393.01
19870119,57.62,99.35,93.83,2344.02,3170.04,2392.2
19870120,57.99,99.73,94.42,2360.84,3197.91,2428.29
19870121,57.77,99.75,94.13,2353.56,3199.29,2423.05
19870122,57.31,99.12,93.42,2347,3185.42,2410.5
19870123,57.72,99.74,94.16,2379.56,3253.03,2464.57
19870126,57.42,99.19,93.61,2347.61,3212.88,2434.99
19870127,57.05,98.48,92.83,2340.21,3208.05,2428.15
19870128,57.54,99.05,93.75,2370.63,3249.47,2469.03
19870129,57.76,99.34,94.03,2377.77,3272.31,2484.48
19870130,57.86,99.34,93.78,2370.65,3256.47,2475.58
19870202,57.97,99.61,93.75,2374.56,3265.86,2484.39
19870203,58.76,100.36,94.91,2390.17,3298.24,2517.29
19870204,59.13,100.86,95.65,2391.27,3292.22,2514.32
19870205,60.15,102.1,96.94,2437.41,3328.1,2539.39
19870206,60.64,103.21,97.73,2452.28,3343.36,2562.38
19870209,60.86,103.51,97.92,2444.43,3333.3,2553.97
19870210,60.68,103.05,97.39,2429.62,3309.03,2535.75
19870211,60.46,102.61,96.91,2403.1,3270.63,2512.21
19870212,61.13,103.38,98.07,2421.96,3293.02,2540.21
19870213,61.26,103.45,98.4,2403.57,3269.66,2533
19870217,61.75,104.01,99.14,2428.1,3315.44,2569.84
19870218,62.39,104.96,100.49,2450.64,3374.45,2629.19
19870219,62.24,104.95,100.09,2442.66,3377.81,2632.77
19870220,62.29,105,99.98,2435.52,3381.05,2644.16
19870223,62.12,105.24,99.81,2436.58,3377.79,2646.59
19870224,61.66,104.61,99.21,2406.97,3342.97,2626.07
19870225,62.07,104.83,99.49,2398.08,3348.73,2635.59
19870226,62.22,105.29,100.07,2402.46,3361.15,2650.45
19870227,62.3,105.4,100.37,2394.52,3353.51,2639
19870302,62.68,106.11,100.94,2406.52,3369.04,2651.06
19870303,62.72,106.11,100.95,2390.76,3355.89,2659.12
19870304,62.82,106.09,100.87,2406.62,3368.22,2657.87
19870305,63.15,106.65,101.68,2442.36,3410.33,2696.64
19870306,63.37,106.96,102.21,2457.71,3434.58,2710.97
19870309,63.62,107.05,102.38,2468.84,3430.02,2707.94
19870310,63.54,106.59,101.99,2451.21,3409.76,2683.49
19870311,63.87,107.1,102.7,2467.47,3433.46,2713.33
19870312,64.1,107.5,102.83,2466.31,3427.02,2709.53
19870313,64.54,107.99,103.16,2481.82,3432.89,2715.36
19870316,64.86,107.94,103.01,2474.9,3418.1,2702.9
19870317,64.74,107.43,102.35,2468.23,3407.21,2680.99
19870318,65.29,107.99,103.07,2514.03,3452.05,2706.99
19870319,65.6,107.94,102.96,2529.7,3450.58,2707.48
19870320,65.91,108.2,103.2,2532.47,3467.04,2724.15
19870323,66.43,108.94,104.02,2569.16,3511.29,2750.03
19870324,66.34,108.95,103.78,2594.66,3543.01,2768.73
19870325,66.34,108.93,103.67,2601.62,3549.3,2771.48
19870326,66.34,109.02,103.6,2592.34,3527.78,2772.32
19870327,66.81,109.22,104.01,2602.86,3539.88,2768.03
19870330,66.67,108.82,103.6,2570.63,3488.19,2721.04
19870331,65.48,106.67,101.22,2517.72,3401.8,2659.82
19870401,66.47,108.16,103.14,2542.42,3427.4,2686.02
19870402,66.23,107.7,102.76,2556.25,3435.9,2688.03
19870403,66.89,108.22,103.61,2576.99,3451.03,2688.22
19870406,67.78,109.46,104.89,2630.78,3523.54,2743.09
19870407,67.9,109.64,104.98,2658.52,3534.59,2762.3
19870408,67.45,109.37,104,2625.51,3474.65,2722.21
19870409,67.58,109.34,103.97,2619.85,3473.7,2733.07
19870410,67.09,108.64,103.23,2582.61,3421.94,2693.69
19870413,67.14,108.27,102.95,2575.92,3412.33,2686.9
19870414,66.23,106.78,101.58,2518.15,3336.93,2629.32
19870415,64.37,103.65,98.49,2463.57,3254.29,2564.18
19870416,64.72,104.59,99.29,2515.55,3311.31,2610.27
19870420,65.43,105.55,99.93,2540.49,3345.29,2634.06
19870421,65.03,105.1,99.7,2533.09,3335.87,2623.11
19870422,65.06,105.13,99.85,2580.69,3404.75,2683.41
19870423,64.92,105.12,99.6,2548.45,3335.49,2641.67
19870424,65.02,104.83,99.28,2541.01,3330.7,2635.04
19870427,64.44,104.08,98.15,2503.6,3274.16,2584.73
19870428,63.69,103.15,97.45,2500.48,3272.02,2585.85
19870429,63.91,103.55,98.15,2512.21,3285.91,2594.65
19870430,64.2,104.13,98.7,2531.45,3306.75,2615.15
19870501,64.66,105.22,99.46,2548.41,3348.45,2652.42
19870504,64.68,105.33,98.9,2560.13,3334.92,2655.53
19870505,64.82,105.21,98.77,2574.21,3346.59,2663.44
19870506,65.38,106.15,99.87,2619.6,3416.11,2711.67
19870507,65.44,106.17,100.04,2647.76,3412.96,2703.09
19870508,66.05,106.3,99.8,2651.23,3399.98,2693.19
19870511,66.04,106.35,100.07,2655.27,3383.36,2678.35
19870512,66.13,106.82,100.05,2652.79,3364.41,2657.51
19870513,65.97,106.65,99.83,2651.98,3380.52,2669.6
19870514,66.21,106.83,100.07,2658.09,3387.14,2675.87
19870515,66.32,106.94,100.17,2658.62,3386.54,2678.18
19870518,65.42,105.88,99.13,2619.79,3309.11,2616.83
19870519,64.75,104.75,97.77,2612.23,3291.54,2599.84
19870520,64,103.67,96.4,2544.1,3220.19,2546.32
19870521,63.56,102.96,95.68,2518.05,3208.41,2536.55
19870522,63.85,103.46,96.2,2528.76,3229.97,2561.22
19870526,63.78,103.42,96.17,2538.55,3251.35,2571.53
19870527,64.5,104.23,97.25,2586.65,3332.23,2639.23
19870528,64.72,104.39,97.84,2583.22,3330.38,2646.06
19870529,64.84,104.57,98.13,2596.09,3352.79,2663.1
19870601,65.21,105.22,98.82,2591.46,3352.23,2653.33
19870602,64.98,105.62,98.77,2597.18,3347.89,2653.49
19870603,64.98,105.21,98.42,2587.2,3334.18,2635.36
19870604,65.35,105.69,98.97,2624.12,3384.47,2678.69
19870605,65.53,106.05,99.32,2637.78,3405.48,2690.18
19870608,65.71,106.07,99.5,2626.67,3394.38,2679.05
19870609,66.04,106.5,99.78,2646.52,3441.31,2705.99
19870610,66.11,106.53,100.25,2652.23,3447.11,2710.66
19870611,66.27,106.94,100.09,2659.71,3455.93,2712.53
19870612,66.59,107.04,100.15,2670.87,3468.44,2724.99
19870615,67.08,107.48,100.66,2693.52,3505.28,2750
19870616,66.97,107.48,100.61,2694.37,3522.46,2771.14
19870617,67.05,107.7,101.03,2711.95,3539.31,2785.66
19870618,67.37,107.91,101.37,2722.36,3541.6,2782.65
19870619,67.56,107.86,101.35,2728.75,3552.1,2787.27
19870622,67.93,108.16,101.71,2732.88,3566.4,2793.77
19870623,67.96,108.37,101.78,2740.36,3602.95,2814.25
19870624,67.56,107.98,101.42,2734.21,3590.42,2806.53
19870625,67.7,107.86,101.26,2720.29,3571.76,2790.68
19870626,67.34,108.03,101.61,2740.79,3597.7,2804.59
19870629,67.22,107.87,101.35,2741.65,3578.39,2791.69
19870630,67.31,108.01,101.48,2758.11,3582.16,2786.45
19870701,57.62,103.24,93.97,3432.59,3397.64,2411.22
19870702,57.74,103.16,93.82,3429.81,3389.59,2401.81
19870706,57.67,103.35,94.19,3459.57,3410.85,2418.93
19870707,57.66,103.34,93.79,3464.95,3397.03,2412.66
19870708,58.22,103.87,93.86,3504.27,3414.54,2426.28
19870709,58.65,104.07,94.06,3520.32,3418.41,2439.43
19870710,58.94,104.24,94.17,3518.52,3413.73,2431.35
19870713,59.02,104.38,94.22,3526.33,3422.87,2435.94
19870714,59.08,104.41,94.07,3515.46,3417.3,2432.34
19870715,59.45,104.99,94.91,3540.99,3454.03,2465.94
19870716,59.68,105.26,94.98,3551.95,3445.07,2463.89
19870717,60.1,105.53,95.37,3587.84,3464.27,2473.43
19870720,60.42,105.96,95.65,3605.57,3481.55,2486.28
19870721,60.2,105.57,95.21,3582.57,3448.98,2461.41
19870722,59.98,105.15,94.63,3548.56,3415.54,2448.18
19870723,59.82,105.13,94.5,3530.59,3411.65,2456.55
19870724,59.53,104.85,94.21,3516.99,3404.51,2451.23
19870727,59.65,105.24,94.38,3531.25,3420.85,2458.33
19870728,59.64,105.22,94.2,3535.22,3440.01,2471.61
19870729,59.85,105.45,94.42,3562.79,3450.13,2481.64
19870730,60.18,105.81,94.93,3591.64,3484.47,2508.7
19870731,60.45,106.32,95.6,3612.73,3512.84,2529.78
19870803,60.68,106.73,95.89,3616.63,3520.43,2532.06
19870804,60.68,106.35,95.59,3637.98,3501.09,2508.77
19870805,60.49,106.27,95.17,3621.54,3487.76,2504.12
19870806,60.78,106.75,95.95,3632.6,3517.04,2528.46
19870807,61.15,107.47,96.89,3657.02,3563.13,2569.3
19870810,61.37,108.18,97.43,3651.32,3581.56,2580.6
19870811,61.53,108.72,97.94,3711.73,3638.17,2619.42
19870812,61.62,109.37,98.28,3758.88,3695.07,2663.12
19870813,61.36,109.42,98.01,3729.03,3696.92,2663.62
19870814,61.33,109.9,98.36,3728.74,3737.3,2676.86
19870817,61.28,110.35,98.3,3718.17,3735.86,2675.43
19870818,60.98,110.47,98.22,3715.47,3740.98,2683.02
19870819,60.42,109.62,96.94,3667.66,3687.68,2639.86
19870820,60.68,109.79,97.3,3681.94,3683.85,2646.44
19870821,61.37,110.62,98.28,3733.36,3735.68,2696.84
19870824,61.54,110.92,98.67,3747.39,3745.21,2706.88
19870825,61.18,110.7,98.57,3721.09,3724.03,2687.43
19870826,61.42,110.99,98.66,3762.11,3755.19,2712.55
19870827,61.46,110.82,98.75,3762.28,3728.37,2696.72
19870828,61.3,110.65,98.44,3732.8,3690.15,2675.48
19870831,60.95,110.28,98.04,3685.38,3645.83,2642.57
19870901,61.42,111.07,98.7,3735.24,3667.16,2656.2
19870902,60.95,110.37,98.06,3667.32,3610.57,2610.99
19870903,60.61,109.34,97.14,3642.47,3588,2594.52
19870904,60.56,109.24,97,3633.9,3571.01,2576.09
19870908,60.34,108.73,96.53,3597.38,3546.46,2542.05
19870909,59.01,106.84,94.21,3567.19,3509.02,2514.58
19870910,59.32,107,94.85,3568.46,3512.4,2523.64
19870911,59.62,107.68,95.77,3603.63,3541.7,2553.45
19870914,60.16,108.82,96.36,3643.88,3598.21,2589.07
19870915,60.09,108.89,96.21,3632.62,3613.65,2600.62
19870916,59.76,108.37,95.44,3593.8,3561.2,2556.24
19870917,59.58,108.03,95.48,3559.1,3532.94,2534.1
19870918,59.65,107.9,95.01,3553.86,3533.22,2535.82
19870921,59.73,107.89,95.1,3557.04,3526.48,2532.84
19870922,59.43,107.22,94.05,3525.83,3480.27,2488.74
19870923,59.55,107.42,94.21,3641.94,3563.29,2547.05
19870924,60.01,107.88,94.89,3661.33,3581.9,2564.72
19870925,60.13,108.11,95.03,3639.69,3576.32,2551.74
19870928,60.13,108.19,95.13,3653.71,3583,2549.77
19870929,60.36,108.51,95.35,3703.21,3607.78,2567.81
19870930,60.47,108.18,95.13,3701.87,3592.56,2558.56
19871001,62.19,109.56,97.16,3704.44,3600.22,2579.1
19871002,62.31,110.08,97.74,3771.65,3659.17,2618.3
19871005,62.54,110.22,98.3,3777.88,3668.93,2631
19871006,62.69,110.7,98.62,3774.45,3670.59,2631.65
19871007,61.82,109.51,97.2,3683.17,3594.51,2562.88
19871008,61.59,108.79,96.23,3667.04,3584.09,2560.98
19871009,61.05,107.73,95.16,3616.72,3537.79,2523.58
19871012,60.72,107.24,94.42,3587.84,3503.17,2498.16
19871013,59.95,105.7,93.15,3566.8,3487.47,2475.3
19871014,60.08,105.88,93.34,3618.91,3542.24,2512.01
19871015,59.36,104.59,91.65,3516.8,3457.87,2443.74
19871016,58.5,103.27,90.38,3449.38,3379.31,2372.35
19871019,55.62,99.46,86.17,3270.19,3219.22,2246.49
19871020,48.6,88.64,74.5,2640.8,2629.46,1848.51
19871021,44.5,81.78,67.13,2736.75,2721.29,1859.09
19871022,47.93,86.58,73.25,2989.02,2934.19,2046.29
19871023,45.92,83.43,69.5,2887.47,2832.02,1949.31
19871026,44.9,82.18,67.61,2893.47,2825.79,1933.68
19871027,40.71,76.3,60.75,2641.64,2619.32,1753.69
19871028,39.87,74.98,59.93,2704.63,2673.57,1784.67
19871029,39.06,73.46,58.61,2688.18,2684.42,1789.21
19871030,40.44,75.86,61.77,2809.6,2800.19,1895.76
19871102,43.24,79.98,65.76,2902.66,2877.83,1969.06
19871103,43.92,80.96,67.05,2956.82,2909.6,1993.03
19871104,43.14,79.79,65.37,2895.35,2865.03,1948.41
19871105,42.99,79.73,65,2865.09,2852.61,1934.04
19871106,43.59,80.77,65.98,2903.32,2917.82,1986.96
19871109,43.72,81,66.18,2865.54,2877.39,1958.48
19871110,43.1,80.28,65.05,2783.12,2805.43,1907.41
19871111,42.51,79.24,63.74,2732.68,2763.83,1871.51
19871112,42.83,79.53,64.2,2758.64,2789.89,1898.84
19871113,43.54,80.82,65.29,2827.69,2855.55,1953.02
19871116,43.5,80.62,65.38,2794.79,2829.5,1938.28
19871117,43.37,80.36,65.45,2806.96,2837.51,1944.03
19871118,42.82,79.4,64.2,2764.2,2797.93,1914.06
19871119,42.95,79.74,64.53,2800.82,2821.42,1931.75
19871120,42.34,78.95,63.71,2720.95,2768.8,1892.77
19871123,42.21,78.77,63.37,2745.46,2787.71,1903.23
19871124,42.31,78.83,63.41,2758.46,2796.31,1910.6
19871125,42.76,79.63,64.01,2801.66,2832.71,1933.82
19871127,42.99,79.91,64.27,2771.53,2812.36,1921.34
19871130,43.05,79.32,63.92,2742.59,2774.41,1891.62
19871201,41.55,77.26,61.74,2623.15,2669.08,1808.29
19871202,41.47,77,61.58,2645.1,2686.81,1813.73
19871203,41.48,76.88,61.46,2662.48,2697.54,1823.33
19871204,40.75,75.83,60.09,2572.15,2619.04,1755.96
19871207,39.96,74.56,58.74,2549.98,2598.37,1737.71
19871208,39.94,74.56,58.77,2607.84,2643.44,1770.45
19871209,40.45,75.06,59.33,2697.01,2698.99,1815.93
19871210,41.03,75.98,60.34,2736.38,2741.25,1853.33
19871211,40.83,75.57,60.19,2673.29,2693.26,1822.01
19871214,41.05,75.9,60.59,2714.52,2699.34,1829.33
19871215,41.87,77.46,62.15,2769.07,2780.79,1885.25
19871216,42.27,78.74,63.28,2755.74,2793.38,1896
19871217,42.94,80.17,64.86,2810.44,2852.89,1937.61
19871218,42.83,80.29,64.96,2747.65,2807.29,1913.05
19871221,43.55,81.68,66.59,2819.09,2863.97,1959.67
19871222,43.56,81.55,66.82,2812.63,2874.71,1973.68
19871223,43.46,81.27,66.41,2818.8,2869.65,1977.73
19871224,44,82.08,67.28,2862.38,2900.55,2001.66
19871228,44.23,82.28,67.74,2854.51,2889.29,1995.9
19871229,43.32,80.95,66.1,2779.83,2823.52,1945.76
19871230,43.21,80.72,65.8,2770.5,2818.52,1934.92
19871231,43.49,81.4,66.46,2801.8,2852.29,1962.92
19880104,44.31,81.87,67.3,2774.64,2851,1966.93
19880105,45.54,83.73,69.31,2881.64,2944.08,2038.08
19880106,46.27,85.11,70.71,2912.61,2975.76,2061.61
19880107,46.66,85.42,71.14,2919.57,2977.91,2070.24
19880108,46.98,85.84,71.78,2963.29,2994.48,2081.36
19880111,45.61,83.55,69.16,2789.12,2817.87,1946.44
19880112,45.24,82.87,68.48,2818.18,2850.34,1974.38
19880113,44.81,82.29,67.69,2798.84,2824.87,1957.06
19880114,44.95,81.94,67.65,2789,2834.98,1964.15
19880115,45.14,82.06,67.99,2787.34,2837.9,1964.15
19880118,45.75,83.07,69.33,2863.92,2901.14,2015.79
19880119,45.93,83.36,69.48,2862.47,2900.25,2018.95
19880120,46.04,83.54,69.45,2836.12,2872.74,2007.87
19880121,45.19,82.45,67.73,2770.35,2801.32,1954.97
19880122,45.16,82.52,67.76,2769.38,2809.64,1959.01
19880125,45.64,83.1,68.47,2808.49,2846.23,1980.25
19880126,45.89,83.63,68.86,2879.68,2905.42,2020.42
19880127,45.74,83.59,68.66,2845.74,2885.87,2002.42
19880128,45.99,83.59,68.74,2844.45,2886.11,1998.53
19880129,46.29,84.16,69.25,2889.37,2925.91,2026.22
19880201,46.42,85.04,70.2,2939.45,2954.38,2052.45
19880202,46.41,85.72,70.34,2915.76,2941.01,2048.96
19880203,46.58,85.76,70.06,2927.54,2944.16,2052.61
19880204,46.1,85.64,69.68,2904.55,2903.59,2027.14
19880205,46.04,85.62,69.63,2906.08,2902.75,2025.38
19880208,45.79,85.82,69.79,2886.95,2898.72,2015.87
19880209,45.92,85.75,69.51,2873.37,2877.29,1997.64
19880210,45.93,86.05,69.77,2913.81,2901.74,2013.98
19880211,46.47,87,70.96,2961.41,2958.02,2048.78
19880212,46.63,87.61,71.3,2950.8,2949.19,2048.94
19880216,46.93,88.21,71.76,2964.18,2962.31,2062.46
19880217,47.06,88.59,72.1,2992.68,2985.21,2077.75
19880218,47.23,88.87,72.37,2974.45,2970.5,2075.26
19880219,47.3,89.09,72.5,2966.27,2957.42,2064.63
19880222,47.55,89.47,72.83,3012.13,2991.99,2090.25
19880223,48.02,90.2,73.66,3050.3,3033.05,2118.83
19880224,48.19,90.34,73.87,3039.07,3032.43,2117.49
19880225,48.44,90.73,74.37,3024.43,3032.16,2119.77
19880226,48.59,91.04,74.67,2986.42,3004.55,2106.8
19880229,48.78,91.25,74.65,2988.91,3016.08,2110.98
19880301,49.22,92.23,75.54,3051.66,3066.09,2152.56
19880302,49.11,92.21,75.57,3060.51,3053.7,2165.62
19880303,49.46,92.7,76.25,3071.62,3063.91,2175.74
19880304,49.59,92.9,76.59,3060.14,3066.28,2181.57
19880307,49.85,93.02,76.91,3063.51,3061.54,2175.27
19880308,50.21,93.44,77.42,3071.43,3062.6,2174.17
19880309,50.65,94.23,78.25,3090.64,3076.73,2196.77
19880310,51.11,95.04,79.08,3091.1,3069.06,2198.32
19880311,50.99,94.34,78.16,3046.9,3013.59,2153.09
19880314,51.12,94.48,77.93,3060.53,3023.12,2153.06
19880315,51.16,94.27,78.24,3075.29,3040.76,2158.45
19880316,51.39,94.35,78.09,3075.72,3037.42,2157.63
19880317,51.53,94.89,78.66,3097.88,3068.66,2172.66
19880318,51.78,95.26,79.1,3137.91,3090.82,2195.02
19880321,51.92,95.17,79.18,3141.88,3089.17,2193.41
19880322,51.71,94.82,78.64,3125.06,3063.87,2171.75
19880323,51.8,95.19,78.83,3119.85,3067.38,2173.17
19880324,52.14,95.65,79.12,3134.99,3063.92,2178.26
19880325,51.51,94.81,77.91,3065.21,3010.77,2135.65
19880328,51.16,93.9,77.24,3006.87,2962.72,2100.97
19880329,50.61,93.3,76.53,2998.44,2955.2,2091.39
19880330,50.89,93.96,77.35,3030.05,2971.24,2107.56
19880331,50.9,93.67,76.98,3016.03,2950.91,2090.02
19880404,52.18,94.59,78.37,3031.16,2948.94,2102.95
19880405,51.83,93.46,77.57,2993.43,2923.76,2083.44
19880406,51.96,93.74,77.77,3020.02,2947.26,2101.76
19880407,52.35,94.66,78.73,3112.34,3014.69,2153.19
19880408,52.62,95.08,79.24,3132.81,3021.54,2154.7
19880411,52.99,95.96,79.84,3157.98,3061.34,2179.96
19880412,53.38,96.22,80.05,3166.22,3068.94,2187.64
19880413,53.59,96.64,80.39,3191.36,3076.67,2202.23
19880414,53.65,96.83,80.18,3184.05,3082.08,2200.32
19880415,52.44,94.54,78.08,3049.5,2962.45,2111.63
19880418,52.22,94.1,77.78,3053.17,2961.47,2102.47
19880419,52.71,94.38,78.24,3044.91,2955.82,2095.24
19880420,52.86,94.72,78.52,3025.64,2944.65,2090.32
19880421,52.65,94.14,78.01,3005.12,2927.3,2072.65
19880422,52.53,93.64,77.76,3009.96,2921.95,2077.13
19880425,52.78,93.78,77.9,3060.49,2955.16,2102.12
19880426,52.6,94.21,78.17,3086.19,2977.77,2118.2
19880427,52.84,94.81,78.66,3102.38,2998.29,2128.93
19880428,53.05,95.01,78.87,3103.01,2996.64,2128.69
19880429,53.13,95.12,79,3093.76,2979.73,2120.44
19880502,53.39,95.47,79.48,3085.86,2966.04,2113.53
19880503,53.24,95.49,79.55,3080.38,2968.62,2119.69
19880504,53.36,95.76,79.9,3093.09,2982.07,2135.46
19880505,53.35,95.77,79.86,3065.05,2958.77,2115.37
19880506,53.33,95.54,79.72,3049.93,2938.57,2103.26
19880509,53.35,95.42,79.67,3051.07,2923.07,2090.52
19880510,52.64,94.82,79.02,3035.93,2913.47,2078.76
19880511,52.68,94.79,78.78,3052.5,2923.24,2081.55
19880512,51.87,93.59,77.39,3004.78,2880.8,2046.99
19880513,52.05,93.68,77.61,3011.97,2885.68,2056.25
19880516,52.35,94.31,78.16,3032.82,2919.48,2075.51
19880517,52.47,94.45,78.38,3045.47,2939.59,2091.92
19880518,52.3,94.21,78.09,3010.22,2910.43,2071.45
19880519,51.72,92.56,77.01,2974.27,2865,2037.23
19880520,51.51,91.84,76.85,2988.06,2876.37,2042.77
19880523,51.33,91.89,77.03,2991.94,2879.85,2046.7
19880524,51.01,91.49,76.53,2964.99,2859.28,2030.63
19880525,51.22,91.8,76.8,2988.18,2889.95,2049.79
19880526,51.31,92,77.07,2995.51,2894,2055.3
19880527,51.54,92.27,77.57,3003.85,2904.02,2064.55
19880531,51.46,92.17,77.54,2990.1,2893.35,2055.93
19880601,52.03,93.05,78.44,3071.51,2983.28,2120.68
19880602,52.52,94.16,79.43,3115.13,3039.22,2161.06
19880603,52.65,94.21,79.43,3091.99,3026.57,2154.27
19880606,52.81,94.54,79.84,3113.52,3035.28,2164.46
19880607,52.99,94.91,80.29,3111.88,3041.02,2175.82
19880608,52.88,94.96,80.23,3097.57,3026.8,2163.45
19880609,53.34,96.08,81.3,3170.89,3092.8,2206.15
19880610,53.33,96.49,81.77,3155.74,3081.69,2203.1
19880613,53.45,97.03,82.17,3163.76,3091.75,2212.62
19880614,53.15,97.12,82.43,3158.75,3097.75,2214.76
19880615,53.21,97.51,82.63,3182.93,3131.04,2236.75
19880616,53.36,97.83,82.85,3186.48,3133.81,2239.54
19880617,53.23,97.34,82.2,3137.02,3088.11,2208.75
19880620,53.14,97.14,82.09,3151.34,3093.43,2210.82
19880621,53.02,97.19,81.98,3129.77,3076.53,2199.25
19880622,53.17,97.43,82.29,3156.29,3107.55,2217.31
19880623,53.39,98.13,83,3195.93,3149.94,2250.51
19880624,53.51,98.32,83.19,3179.81,3149.41,2248.66
19880627,53.5,98.66,83.38,3163.36,3137,2246.98
19880628,53.3,98.48,82.99,3103.63,3097.41,2210.96
19880629,53.49,98.94,83.46,3139.58,3125.85,2236.41
19880630,53.5,98.98,83.58,3123.06,3115,2227.36
19880701,50,93.11,72.53,2278.53,3207.5,2292.05
19880705,50.19,92.8,72.38,2267.53,3192.94,2282.34
19880706,50.38,92.99,72.5,2297.71,3232.16,2312
19880707,50.31,92.92,72.42,2272.19,3187.58,2286.4
19880708,50.38,92.93,72.5,2263.16,3190.15,2283.42
19880711,50.24,92.79,72.53,2251.34,3173.04,2270.57
19880712,50.27,92.8,72.5,2254.92,3180.31,2269.81
19880713,50.18,92.57,72.28,2238.54,3152.48,2250.92
19880714,50.22,92.72,72.07,2244.11,3167.29,2258.55
19880715,50.32,92.89,72.35,2248.79,3172.95,2264.55
19880718,50.46,93.29,72.43,2260.32,3187.57,2278.82
19880719,50.45,93.35,72.4,2252.77,3172.72,2265.79
19880720,50.34,93.02,71.95,2236.28,3148.2,2247.38
19880721,50.45,93.44,72.04,2252.07,3169.61,2254.47
19880722,50.23,93.08,71.59,2226.42,3136.02,2226.81
19880725,49.97,92.56,71.18,2204.01,3101.91,2200.6
19880726,49.96,92.41,71.02,2206.09,3117.17,2205.69
19880727,49.98,92.33,71.06,2212.4,3120.77,2207.92
19880728,49.83,92.02,70.55,2191.05,3093.84,2186.2
19880729,49.94,92.14,70.63,2214.71,3130.58,2211.05
19880801,50.15,92.65,71.32,2260.07,3191.38,2252.62
19880802,50.27,93.06,71.58,2271.41,3187.32,2259.34
19880803,50.34,93.03,71.62,2266.69,3190.65,2256.34
19880804,50.39,93.16,71.63,2276.66,3200.63,2263.8
19880805,50.4,93.07,71.65,2275.71,3188.76,2256.73
19880808,50.32,93,71.26,2271.28,3179.42,2245.34
19880809,50.18,92.84,71.16,2263.35,3167.17,2238.02
19880810,49.9,92.1,70.66,2235.2,3129.34,2210.68
19880811,49.31,90.99,69.53,2199.56,3078.8,2169.05
19880812,49.26,90.77,69.43,2199.06,3087.86,2180.36
19880815,49.37,90.96,69.49,2196.07,3084.6,2178.26
19880816,48.9,90.01,68.61,2170.56,3045.54,2143.74
19880817,49,90.17,68.68,2185.71,3065.01,2160.77
19880818,48.93,90.12,68.61,2186.21,3072.18,2162.34
19880819,48.98,90.27,68.69,2183.9,3075.98,2168.94
19880822,49.16,90.58,68.76,2186.96,3068.07,2162.53
19880823,48.79,89.6,67.93,2162.79,3035.89,2131.73
19880824,48.72,89.6,67.8,2165.54,3035.84,2130.81
19880825,49.06,90.11,68.36,2194.41,3075.29,2164.51
19880826,48.83,89.67,67.96,2181.13,3058.02,2146.82
19880829,48.99,89.78,67.84,2186.06,3061.89,2150.57
19880830,49.13,90.06,68.07,2205.97,3090.9,2172.81
19880831,48.94,90.23,68.08,2210.4,3095.83,2171.19
19880901,49.2,90.42,68.24,2207.93,3086.33,2159.66
19880902,48.89,89.81,67.52,2181.71,3054.28,2136.54
19880906,49.2,90.43,68.23,2225.16,3116.53,2183.64
19880907,49.31,90.71,68.3,2231.03,3126.96,2199.11
19880908,49.45,90.99,68.38,2230.61,3128.64,2207.71
19880909,49.61,91.42,68.66,2229.74,3132.6,2210.4
19880912,49.73,91.58,69.04,2232.63,3142.1,2225.96
19880913,49.56,91.68,69.12,2227.74,3138.86,2225.51
19880914,49.65,91.83,69.11,2232.98,3150.84,2227.49
19880915,49.82,92.15,69.42,2253.5,3167.21,2241.24
19880916,49.87,92.18,69.35,2251.77,3156.44,2226.62
19880919,49.88,92.37,69.26,2268.97,3182.63,2243.67
19880920,49.75,92.24,69.2,2259.43,3168.05,2229.37
19880921,49.99,92.44,69.22,2272.53,3175.49,2236.33
19880922,49.91,92.51,69.29,2273.8,3181.54,2244.38
19880923,49.77,92.48,69.18,2262.56,3170.05,2238.87
19880926,49.84,92.75,69.24,2266.98,3176.53,2245.93
19880927,49.7,92.29,68.95,2253.45,3168.58,2235.85
19880928,49.62,92.31,68.71,2248.1,3162.18,2230.87
19880929,49.6,92.33,68.83,2255.4,3172.55,2238.87
19880930,49.48,92.78,69.44,2278.14,3210.51,2266.31
19881003,50.38,93.45,70.73,2270.5,3199.35,2266.03
19881004,49.97,92.79,70.2,2262.27,3190.09,2263.31
19881005,49.97,92.97,69.96,2254.72,3181.89,2261.94
19881006,50.06,93.25,70.12,2260.96,3198.51,2269.63
19881007,50.17,93.39,69.89,2264.98,3204.64,2274.13
19881010,50.33,93.76,70.04,2305.36,3268.27,2307.73
19881011,50.48,93.75,70.1,2308.25,3275.44,2312.86
19881012,50.41,93.61,70.03,2304.55,3274.48,2307.41
19881013,50.24,93.27,69.66,2280.42,3231.11,2271.2
19881014,50.31,93.14,69.73,2282.6,3245.71,2281.41
19881017,50.32,93.21,69.88,2283.8,3249.44,2284.32
19881018,50.41,93.25,69.9,2290.69,3255.71,2290.51
19881019,50.59,93.57,70.07,2309.6,3278.79,2322.99
19881020,50.43,93.44,70.06,2294,3251.64,2308.47
19881021,50.6,93.76,70.52,2360.57,3303.34,2351.1
19881024,50.55,93.94,70.44,2369.51,3312.33,2351.49
19881025,50.47,93.72,70.31,2368.11,3297.88,2344.69
19881026,50.41,93.52,70.25,2368.59,3298.9,2345.59
19881027,50.29,93.4,70.09,2361.95,3291.76,2329.44
19881028,49.85,92.56,69.3,2327.05,3245.84,2302.5
19881031,49.97,92.86,69.58,2344.59,3253.82,2310.11
19881101,50.04,93.12,69.51,2356.34,3252.89,2308.66
19881102,50.04,93.12,69.47,2361.08,3255.57,2307.09
19881103,50,93.09,69.29,2373.07,3256.73,2303.23
19881104,50.16,93.31,69.41,2371.38,3262.59,2301.61
19881107,50.01,92.84,68.95,2352.63,3231.66,2284.89
19881108,49.59,91.88,68.16,2334.23,3202.04,2263.7
19881109,49.74,92.11,68.54,2342.8,3211.96,2275.43
19881110,49.11,91.96,68.35,2330.15,3194.28,2261.66
19881111,49.1,92.22,68.48,2336.03,3195.7,2261.98
19881114,48.46,91.35,67.79,2298.74,3131.57,2217.41
19881115,48.29,90.81,67.33,2294.58,3127.54,2212.69
19881116,48.23,90.76,67.41,2302.37,3137.26,2216.13
19881117,47.71,89.96,66.5,2267.32,3085.5,2180.01
19881118,47.63,89.65,66.24,2262.76,3094.89,2185.25
19881121,47.67,89.76,66.22,2274.77,3116.67,2199.53
19881122,47.52,89.21,65.79,2281.16,3113.85,2191.42
19881123,47.57,89.14,65.65,2289.17,3124.83,2199.03
19881125,47.73,89.58,65.93,2306.33,3144.43,2214.59
19881128,47.71,89.41,65.79,2300.68,3122.4,2195.89
19881129,47.71,89.38,65.73,2306.95,3139.53,2202.7
19881130,47.82,89.82,66.1,2324.08,3164.81,2226.55
19881201,48.09,90.76,66.79,2352.25,3177.35,2251.02
19881202,48.25,91.12,67.26,2341.68,3166.79,2252.51
19881205,48.26,91.24,67.41,2332.08,3157.82,2252.31
19881206,48.35,91.65,67.88,2348.23,3185.01,2279.69
19881207,48.57,91.96,68.15,2365.98,3218.92,2298.49
19881208,48.69,92.1,68.23,2375.98,3225.06,2297.46
19881209,48.69,92.05,68.01,2368.57,3210.22,2239.65
19881212,48.84,92.1,68.01,2371.53,3214.8,2241.5
19881213,48.4,91.93,67.84,2370.62,3210.83,2234.76
19881214,48.35,91.97,67.66,2367.87,3208.89,2228.55
19881215,48.39,91.92,67.67,2363.13,3197.01,2219.31
19881216,48.42,91.96,67.62,2356.53,3186.44,2212.26
19881219,48.81,92.61,68.21,2369.02,3206.27,2228.69
19881220,48.82,92.69,68.32,2386.63,3227.51,2247.04
19881221,48.78,92.68,68.32,2371.49,3217.46,2249.39
19881222,48.84,92.5,68.19,2371.19,3216.12,2247.07
19881223,49.01,92.52,68.44,2366.83,3211.44,2246.69
19881227,48.9,92.68,68.55,2372.73,3219.88,2260.35
19881228,48.88,92.54,68.42,2365.32,3210.43,2254.3
19881229,49.05,92.62,68.51,2370.27,3214.28,2258.23
19881230,49.31,93.04,68.95,2385.96,3235.11,2278.39
19890103,50.29,95.14,69.9,2384.33,3196.47,2253.95
19890104,50.05,94.8,69.69,2371.52,3165.98,2234.99
19890105,50.49,95.59,70.53,2403.24,3210.85,2270.91
19890106,50.75,95.85,70.67,2414.1,3215.77,2275.24
19890109,51.14,96.39,71.07,2426.9,3222.97,2278.7
19890110,51.19,96.31,71.07,2434.51,3226.31,2280.02
19890111,51.07,96.21,70.93,2430.47,3224.13,2275.44
19890112,51.16,96.01,71.07,2431.72,3232.57,2297.45
19890113,51.39,96.23,71.29,2439.93,3246.63,2306.3
19890116,51.59,96.33,71.3,2441.95,3252.28,2309.79
19890117,51.6,96.3,71.32,2447.97,3258.58,2310.37
19890118,51.64,96.11,71.13,2450.14,3252.57,2300.68
19890119,51.97,96.8,71.66,2473.12,3282.23,2323.64
19890120,52.24,96.93,71.91,2478.18,3279.88,2335.08
19890123,52.36,96.97,72.02,2480.26,3273.61,2337.01
19890124,52.2,96.56,71.84,2461.6,3253.23,2323.63
19890125,52.43,96.87,71.97,2490.85,3292.47,2350.19
19890126,52.45,97.24,72.15,2498.52,3299.11,2358.95
19890127,52.69,97.66,72.6,2513.18,3332.01,2377.65
19890130,52.8,98.09,72.3,2535.28,3357.06,2391.66
19890131,52.81,98.3,72.51,2531.69,3372.54,2404.79
19890201,53.16,98.89,72.97,2553.05,3388.95,2431.4
19890202,53.4,99.21,73.46,2555.56,3380.17,2438.06
19890203,53.6,99.58,73.83,2556.84,3375.56,2438.88
19890206,53.77,100.05,74.27,2560.58,3379.3,2438.5
19890207,53.82,99.97,74.2,2558.71,3369.31,2428.41
19890208,54.17,100.6,74.8,2585.08,3406.2,2461.14
19890209,54.06,100.74,74.78,2583.43,3395.18,2457.89
19890210,53.86,100.7,74.57,2571.89,3366.75,2437.73
19890213,53.51,100.19,73.72,2542.09,3325.03,2396.01
19890214,53.3,99.99,73.61,2544.81,3328.69,2397.38
19890215,53.5,100.24,73.81,2545.33,3323.94,2391.49
19890216,53.81,100.62,74.15,2559.79,3351.86,2413.11
19890217,54.06,100.26,74.42,2569.72,3358.63,2417.53
19890221,54.26,100.63,74.74,2587.02,3375.87,2433.6
19890222,54.28,100.33,74.61,2581.73,3369.48,2426.48
19890223,53.72,99.61,73.86,2546.72,3318.32,2384.2
19890224,53.78,99.64,73.71,2558.35,3327.91,2388.01
19890227,53.52,99.13,73.04,2523.87,3280.33,2350.46
19890228,53.49,99.09,72.92,2527.33,3285.53,2352.32
19890301,53.72,99.56,73.72,2507.7,3297.11,2358.9
19890302,53.78,99.73,73.77,2500.15,3280.16,2349.8
19890303,54.06,100.33,74.47,2520.19,3308.74,2374.04
19890306,54.33,100.92,74.9,2530.57,3319.28,2384.71
19890307,54.6,101.57,75.46,2556.75,3355.14,2409.03
19890308,54.67,102.04,75.5,2551.58,3348.63,2403.35
19890309,54.88,102.2,75.69,2548.59,3355.13,2402.76
19890310,54.88,102.14,75.67,2547.27,3352.41,2397.59
19890313,54.96,102.24,75.69,2538.75,3344.67,2389.93
19890314,55.09,102.21,75.96,2559.44,3369.16,2404.63
19890315,54.93,102.33,75.81,2560.88,3368.59,2400.88
19890316,55.21,102.74,76.11,2581.91,3384.08,2404.19
19890317,55.54,102.88,76.64,2603.63,3413.51,2426.02
19890320,54.73,101.49,75.21,2551.27,3337.07,2373.21
19890321,54.34,100.71,74.39,2527.33,3306.21,2349.7
19890322,54.67,101.36,74.58,2538.44,3322.51,2359.74
19890323,54.64,100.72,74.55,2528.49,3320.06,2345.34
19890327,54.63,100.93,74.68,2515.28,3303.95,2339.92
19890328,54.8,100.7,74.62,2525.74,3315.96,2351.77
19890329,55.03,101.16,75.08,2530.97,3329.34,2358.4
19890330,55.24,101.2,75.16,2539.67,3336.91,2366.24
19890331,55.29,101.25,75.25,2546.68,3338.88,2370.78
19890403,55.48,102.16,76.32,2574.91,3365.3,2400.58
19890404,55.5,102.61,76.47,2586.18,3380.18,2414.28
19890405,55.42,102.59,76.29,2579.51,3370.79,2407.3
19890406,55.56,102.96,76.56,2589.63,3382.3,2418.16
19890407,55.56,102.91,76.5,2580.62,3376.85,2409.03
19890410,55.75,103.33,77.03,2591.09,3394.59,2430.78
19890411,55.77,103.47,77.2,2589.71,3391.38,2436.68
19890412,56.13,103.78,77.66,2596.84,3406.73,2449.33
19890413,56.41,104.12,78.03,2596.73,3414.59,2456.48
19890414,56.2,103.57,77.7,2570.15,3389.13,2446.96
19890417,56.54,104.31,78.41,2603.51,3437.33,2496.16
19890418,56.53,104.25,78.06,2608.95,3440.34,2499.44
19890419,56.72,104.67,78.56,2644.25,3484.55,2529.55
19890420,56.86,104.93,78.71,2654.93,3497.22,2541.78
19890421,56.97,105,78.66,2650.28,3494.22,2529.72
19890424,57.16,104.85,79.16,2676.49,3520.66,2550.36
19890425,57.23,104.83,79.17,2672.88,3516.49,2543.39
19890426,57.22,104.81,79.21,2656.29,3500.96,2529.51
19890427,57.37,104.87,79.45,2662.55,3503.08,2531.81
19890428,57.73,105.33,79.79,2690.9,3531.03,2547.35
19890501,57.88,105.94,80,2694.54,3533.09,2544.32
19890502,57.82,106.02,80.03,2587.38,3528.29,2538.93
19890503,57.99,106.01,80.15,2583.23,3519.02,2531.87
19890504,58.18,106.12,80.4,2577.77,3519.69,2535.54
19890505,58.24,106.04,80.59,2568.54,3515,2538.27
19890508,58.35,106.31,80.78,2571.85,3514.5,2536.11
19890509,58.05,105.97,80.29,2562.01,3496.52,2520.95
19890510,58.07,106.24,80.26,2557.05,3488.21,2514.18
19890511,58.06,106.45,80.45,2556.5,3496.37,2520.15
19890512,58.25,106.5,80.6,2560.21,3509.68,2530.86
19890515,58.53,107.27,81.03,2604.62,3582.4,2586.51
19890516,58.57,107.48,81.2,2620.57,3609.67,2609.11
19890517,58.58,107.55,81.07,2622.42,3600.1,2605.23
19890518,58.99,108.01,81.72,2635.91,3626.67,2622.46
19890519,59.22,108.37,82.18,2646.25,3629.68,2629.57
19890522,59.38,108.64,82.7,2676.6,3660.48,2658.46
19890523,59.35,108.74,82.6,2689.95,3673.07,2663.9
19890524,59.17,108.41,82.37,2664.64,3641.26,2629.36
19890525,59.38,108.54,82.55,2678.22,3648.84,2634.32
19890526,59.69,108.78,82.88,2682.85,3648.53,2637.41
19890530,59.97,109.32,83.31,2702.5,3674.37,2659.93
19890531,59.93,109.06,83.03,2678.73,3646.36,2648.53
19890601,60.17,109.35,83.55,2686.17,3666.26,2655.73
19890602,60.49,109.77,84,2699.46,3683.46,2666.02
19890605,60.86,110.35,84.54,2730.11,3731.18,2692.46
19890606,60.46,109.98,84.11,2700.52,3698.28,2667.69
19890607,60.66,110.02,84.08,2711.36,3715.71,2685.95
19890608,60.91,110.48,84.83,2739.26,3750.56,2704.63
19890609,60.99,110.74,85.09,2742.23,3746.76,2709.2
19890612,61.05,110.71,84.98,2739.56,3743.62,2713.09
19890613,61.05,110.8,84.89,2734.94,3742.79,2706.36
19890614,60.95,110.39,84.41,2718.82,3718.48,2684.91
19890615,60.98,110.33,84.21,2720.65,3716.79,2679.98
19890616,60.64,109.81,83.61,2689.99,3678.06,2648.27
19890619,60.8,110.26,83.82,2696.89,3688.3,2657.08
19890620,60.82,110.06,83.5,2701.14,3694.38,2660.79
19890621,60.76,110.01,83.17,2692.91,3686.89,2660.94
19890622,60.67,109.84,82.84,2692.97,3684.46,2646.96
19890623,60.73,109.87,83.2,2709.41,3697.95,2661.62
19890626,61.18,110.41,83.7,2752.62,3757.9,2702.75
19890627,61.06,110.17,83.55,2735.44,3748.98,2693.53
19890628,61.37,110.79,83.79,2755.95,3766.16,2709.32
19890629,61.14,110.23,83.01,2735.67,3739.43,2691.53
19890630,60.01,108.8,81.34,2686.13,3673.79,2635.3
19890703,49.09,107.3,83.18,3611.39,2900.39,3122.06
19890705,49.14,107.44,83.29,3624.3,2911.82,3132.47
19890706,49.27,107.61,83.41,3641.76,2925.11,3136.63
19890707,49.68,108.29,84.1,3651.03,2934.94,3148.62
19890710,49.96,108.82,84.62,3696.32,2962.16,3179.19
19890711,49.92,109.14,84.95,3718.04,2980.69,3196.59
19890712,50.01,109.4,85.18,3739.31,2995.94,3216.27
19890713,50.18,109.9,85.44,3754.86,3003.83,3227.02
19890714,50.29,110.14,85.68,3753.63,3005.77,3232.72
19890717,50.33,110.09,85.75,3772.14,3016.49,3250.27
19890718,50.45,110.43,86.14,3778.34,3018.39,3264.31
19890719,50.44,110.27,85.96,3771.61,3012.02,3253.98
19890720,50.81,110.88,86.63,3810.44,3042.14,3306.91
19890721,50.65,110.85,86.29,3796.71,3020.31,3286.36
19890724,50.61,110.72,86.31,3810.02,3035.68,3308.34
19890725,50.34,110.34,85.97,3785.09,3023.11,3283.14
19890726,50.24,110.44,85.94,3798.95,3028.37,3283.97
19890727,50.53,110.79,86.38,3840.11,3059.07,3323.97
19890728,50.81,111.1,86.84,3883.15,3082.25,3357.46
19890731,50.87,110.98,86.85,3885.17,3091.22,3357.08
19890801,51.03,111.31,87.26,3930.52,3112.95,3396.56
19890802,50.66,111.31,87.07,3904.17,3097.01,3378.5
19890803,50.75,111.53,87.15,3906.95,3101.89,3391.49
19890804,50.96,112.17,87.69,3905.11,3104.05,3407.37
19890807,50.91,112.2,87.9,3916.49,3097.07,3396.57
19890808,51.14,112.9,88.66,3978.91,3138.18,3440.43
19890809,51.2,113.2,88.63,3974.68,3139.6,3447.78
19890810,51.32,113.32,88.56,3948.63,3121.94,3432.08
19890811,51.41,113.88,88.81,3958.15,3135.55,3446.79
19890814,51.29,113.79,88.51,3918.72,3113.37,3412.82
19890815,51.12,113.23,87.78,3901.52,3106.17,3392.3
19890816,51.21,113.29,87.83,3925.58,3115.55,3405.15
19890817,51.22,113.35,87.84,3938.38,3123.31,3409.89
19890818,51.17,113.36,87.94,3926.16,3112.51,3405.47
19890821,51.3,113.45,88.06,3941.98,3123.65,3418.25
19890822,50.92,112.73,87.32,3886.98,3080.47,3374.27
19890823,50.89,112.56,87.23,3884.47,3080.49,3380.38
19890824,51.21,112.98,88.08,3925.78,3107.83,3412.4
19890825,51.59,113.63,89.23,4008.62,3159.01,3476.14
19890828,51.56,113.91,89.37,4000.39,3156.99,3480.57
19890829,51.61,113.91,89.4,4014.89,3171.09,3486.35
19890830,51.45,113.88,89.27,3985.96,3153.41,3468.87
19890831,51.61,114.23,89.62,3998.14,3158.56,3480.9
19890901,51.88,114.63,89.94,4001.75,3166.35,3481.61
19890905,52.18,114.74,90.29,4025.75,3185.73,3505.79
19890906,52.14,114.93,90.25,4010.56,3178.86,3499.9
19890907,52.01,114.52,89.89,3976.63,3150.01,3468.91
19890908,52.2,114.58,90.2,3983.97,3139.78,3457.47
19890911,52.5,114.89,90.63,3986.3,3142.81,3459.66
19890912,52.11,114.59,90.14,3978.2,3132.54,3450.07
19890913,52.33,115.03,90.56,4008.54,3137.86,3461.12
19890914,52.21,115.1,90.51,3977.14,3115.06,3425.8
19890915,51.87,114.46,89.93,3947.27,3094.99,3396.35
19890918,51.63,113.89,89.58,3961.76,3103.6,3407.32
19890919,51.64,113.82,89.47,3984.47,3117.92,3417.83
19890920,51.7,113.92,89.44,3987.31,3121.31,3420.83
19890921,51.65,113.8,89.42,3993.37,3119.25,3415.07
19890922,51.73,113.78,89.63,3991.77,3113.39,3412.5
19890925,51.9,113.93,89.72,4007.97,3122.74,3421.17
19890926,51.62,113.57,89.08,3965.64,3104.12,3392.96
19890927,51.7,113.98,89.49,3967.06,3107.62,3399.72
19890928,51.57,113.88,89.56,3972.11,3105.15,3417.4
19890929,51.9,114.51,90.38,4007.87,3131.47,3454.47
19891002,52.11,115.58,91.93,4031.83,3135.15,3452.62
19891003,52.19,116.06,92.31,4048.6,3145.45,3478.58
19891004,52.37,116.49,92.82,4093.21,3171.8,3520.44
19891005,52.39,116.69,93.11,4114.13,3165.82,3540.76
19891006,52.47,116.86,93.34,4114.13,3162.3,3552.8
19891009,52.76,117.2,93.65,4142.35,3172.11,3577.12
19891010,52.77,117.51,93.94,4142.86,3180.08,3590.27
19891011,52.63,117.33,93.6,4137.34,3176.43,3582.7
19891012,52.44,116.99,93.13,4125.37,3155.04,3558.68
19891013,52.35,116.86,92.98,4118.43,3141.02,3540.03
19891016,50.27,113.22,89.07,3872.53,2969.12,3326.91
19891017,48.92,111.44,88.03,3970.72,3021.54,3402.84
19891018,48.72,111.28,88.11,3948.45,3008.5,3390.95
19891019,49.09,111.71,88.68,3955.65,3016.01,3399.46
19891020,49.89,112.83,90.15,4017.84,3061.16,3455.38
19891023,49.93,112.89,90.12,4017.61,3061.72,3453.01
19891024,49.56,112.2,89.55,3985.3,3045.78,3429.3
19891025,48.85,110.97,88.32,3970.44,3038.33,3407.01
19891026,49.07,110.97,88.77,3973.05,3024.11,3393.56
19891027,48.62,110.23,87.91,3929.58,2993.31,3345.94
19891030,48.08,109.24,86.75,3926.67,2963.54,3308.38
19891031,47.86,108.94,86.46,3923.66,2963.61,3309.54
19891101,48.51,110.41,87.44,3983.03,3037.47,3361.05
19891102,48.69,110.42,87.64,3990.38,3048.32,3374.98
19891103,48.54,110.2,87.27,3969.97,3032.02,3345.13
19891106,48.53,110.06,87.27,3964.02,3027.54,3334.9
19891107,48.04,109.05,86.19,3909.88,2989.29,3279.89
19891108,48.06,109.11,86.23,3932.84,3004.62,3298.25
19891109,48.46,109.83,87.29,3968.96,3031.76,3338.39
19891110,48.48,109.71,87.36,3947.34,3021.08,3329.09
19891113,48.57,110.07,87.83,3972.6,3042.04,3348.58
19891114,48.62,110.04,87.72,3983.67,3043.78,3356.67
19891115,48.48,109.95,87.38,3969.02,3030.85,3336.69
19891116,48.59,110.24,87.65,3993.58,3050.54,3360.14
19891117,48.58,110.14,87.65,3999.37,3049.41,3362.45
19891120,48.67,110.64,87.88,4013.07,3053.26,3378.56
19891121,48.36,110.05,87.3,3983.81,3035.05,3358.37
19891122,48.25,109.78,86.97,3987.33,3037.2,3352.61
19891124,48.4,110.06,87.29,4011.26,3059.09,3368.33
19891127,48.64,110.43,87.82,4035.16,3079.34,3385.43
19891128,48.86,110.45,87.99,4056.66,3088.44,3399.13
19891129,49.06,110.54,88.23,4069.01,3087.86,3400.3
19891130,48.99,110.25,87.92,4047.72,3069.77,3381.38
19891201,49.17,110.66,88.26,4096.96,3083.42,3400.47
19891204,49.31,110.94,88.61,4161.63,3119.46,3440.41
19891205,49.3,111.22,88.53,4175.75,3128.44,3448.41
19891206,49.16,111.28,88.39,4158.58,3114.46,3438.29
19891207,49.15,111.56,88.47,4156.44,3101.87,3422.39
19891208,49.1,111.15,88.29,4161.63,3091.92,3419.62
19891211,49.22,111.17,88.52,4179.3,3096.57,3423.73
19891212,49.2,110.62,88.09,4192.84,3092.51,3409.67
19891213,49.24,110.53,88.03,4251.79,3108.56,3424.45
19891214,49.35,110.95,88.11,4269.62,3118.3,3429.9
19891215,49.1,110.29,87.36,4249.43,3107.57,3406.92
19891218,48.96,109.75,86.72,4244.35,3094.39,3393.83
19891219,48.25,108.19,85.12,4186.71,3047.46,3325.77
19891220,47.88,107.57,84.58,4173.45,3040.24,3305.53
19891221,47.87,107.78,84.85,4176.1,3049.05,3302.41
19891222,48.11,108.28,85.48,4208.75,3067.57,3326.69
19891226,48.53,108.9,85.99,4235.51,3093.37,3354.19
19891227,48.47,109.1,86.35,4235.18,3085.27,3353.14
19891228,48.61,109.54,86.56,4245.25,3107.49,3373.45
19891229,48.52,109.93,86.86,4266.12,3120.83,3396.16
19900102,49.16,110.8,89.13,4290.58,3149.59,3444.88
19900103,49.64,111.66,89.93,4336.12,3198.42,3512.41
19900104,49.83,112.03,90.51,4308.22,3200.6,3513.05
19900105,49.73,111.3,89.92,4264.65,3184.76,3485.22
19900108,49.72,111.04,89.76,4217.3,3153.62,3459.75
19900109,49.54,110.57,89.85,4249.15,3165.55,3462.29
19900110,49.51,110.34,89.54,4199.56,3136.16,3420.13
19900111,49.06,109.73,88.64,4181.37,3113.13,3361.07
19900112,49.25,109.78,88.7,4195.3,3121.67,3369.29
19900115,48.2,107.94,86.55,4099.33,3050.78,3283.93
19900116,47.77,107.15,85.64,4067.19,3023.25,3248.01
19900117,47.94,107.2,86.16,4102.56,3050.85,3290.39
19900118,48.01,107.32,86.16,4064.24,3026.79,3261.28
19900119,47.83,106.5,85.73,4074.41,3032.42,3261.87
19900122,47.85,106.81,86.19,4092.45,3039.12,3272.75
19900123,47.13,105.37,84.58,3993.19,2967.02,3192.98
19900124,47.09,105,84.11,4002.4,2965.76,3191.67
19900125,46.23,103.69,83.01,3992.49,2956.12,3182.66
19900126,46.35,103.47,82.74,3950.6,2914.65,3150.47
19900129,45.98,102.8,81.84,3937.34,2904,3147.12
19900130,45.57,101.92,80.99,3939.85,2901.62,3134.88
19900131,44.82,100.75,79.68,3912.22,2878.24,3105.59
19900201,45.18,101.26,80.57,3998.31,2928.95,3174.62
19900202,45.48,101.79,81.22,4003.04,2928.84,3173.89
19900205,46.01,102.59,82.11,4036.15,2947.79,3196.57
19900206,46.22,102.88,82.8,4047.89,2953.77,3211.22
19900207,46.09,102.89,82.8,4020.04,2939.15,3188.06
19900208,46.38,103.39,83.89,4064.61,2968.44,3228.97
19900209,46.5,103.54,84.14,4083.97,2962.68,3222.92
19900212,46.56,103.64,84.48,4086.3,2968.23,3235.4
19900213,46.38,103.42,83.94,4045.04,2938.09,3203.45
19900214,46.28,103.16,83.7,4057.01,2944.3,3206.91
19900215,46.37,103.33,83.88,4069.34,2953.39,3210.44
19900216,46.56,103.88,84.51,4116.38,2976.83,3232.3
19900220,46.64,103.77,84.54,4086.58,2965.97,3209.53
19900221,46.26,102.84,83.95,4032.08,2926.07,3162.29
19900222,45.99,102.32,83.51,4029.92,2921.73,3156.62
19900223,46.11,102.66,83.82,3996.27,2911.18,3148.2
19900226,45.72,102.13,83.2,3981.88,2894.14,3130.09
19900227,45.67,102.02,83.12,4030.02,2925.27,3169.79
19900228,45.82,102.43,83.44,4049.68,2941.45,3189.89
19900301,46.14,102.94,84.21,4063.34,2957.6,3209.8
19900302,46.06,103.18,84.7,4073.8,2968.17,3215.77
19900305,46.46,103.9,85.5,4104.58,2990.18,3249.81
19900306,46.71,104.02,85.62,4081.19,2974.83,3241.78
19900307,47.16,104.18,86.15,4130.86,3007.21,3279.78
19900308,47.25,104.52,86.47,4122.36,2993.72,3277.14
19900309,47.66,105.21,87.21,4150.1,3022.85,3317.96
19900312,47.62,105.17,87.18,4120.34,3005.39,3299.96
19900313,47.6,105.1,87.4,4125.59,3010.57,3309.89
19900314,47.46,104.98,87.17,4092.57,2985.84,3290.85
19900315,47.67,105.25,87.62,4104.47,2991.51,3299.04
19900316,47.72,105.66,87.92,4116.43,3000.71,3305.37
19900319,48.07,105.99,88.65,4155.55,3029.83,3339.74
19900320,48.18,105.94,88.95,4174.73,3036.84,3363.53
19900321,48.03,105.83,88.57,4140.69,3023.38,3344.99
19900322,48.03,105.86,88.51,4125.92,3010.24,3326.44
19900323,47.59,105.15,87.54,4086.44,2972.75,3279.38
19900326,47.86,105.55,88.07,4103.04,2984.91,3298.29
19900327,47.91,105.84,87.93,4097.81,2989.81,3308
19900328,48.02,105.93,88.09,4138.26,3018.56,3334.47
19900329,48.13,105.65,87.87,4146.73,3028.47,3331.74
19900330,48.04,105.68,87.57,4140.24,3016.89,3317.14
19900402,48.38,106.45,89,4133.8,3001.73,3320.13
19900403,47.95,105.78,88.31,4126.93,2988.82,3308.6
19900404,48.34,106.3,89.1,4177.36,3028.38,3359.46
19900405,48.24,105.83,88.75,4142.01,3008.15,3339.73
19900406,48.32,105.85,88.78,4139.02,3003.92,3333.34
19900409,48.29,105.6,88.48,4130.76,2992.33,3330.11
19900410,48.09,105.1,88.08,4137.19,3003.55,3343.97
19900411,48.26,105.37,88.39,4133.59,3010.64,3356.29
19900412,48.21,105.72,88.58,4111.86,3015.47,3366.31
19900416,48.3,106.17,88.96,4138.74,3037.03,3397.25
19900417,48.18,106.34,89.03,4159.78,3043.19,3402.59
19900418,48.07,106.26,88.82,4163.74,3039.16,3402.82
19900419,47.67,105.97,88.3,4113.21,3005.95,3368.37
19900420,47.55,105.7,87.86,4090.37,2980.47,3340
19900423,47.33,104.95,87.33,4057.75,2952.3,3309.38
19900424,46.82,103.94,86.25,4012.18,2918.04,3272.02
19900425,46.77,103.9,86.17,4006.69,2909.81,3258.76
19900426,46.9,104.22,86.22,4022.9,2926.67,3274.37
19900427,47.03,104.32,86.39,4026.14,2938.31,3274.38
19900430,46.82,103.8,85.66,3980.07,2908.52,3231.17
19900501,46.89,103.91,86.09,3995.32,2921.02,3242.02
19900502,46.91,104.16,86.42,4018.85,2930.55,3257.93
19900503,46.97,104.69,86.85,4040.3,2945.26,3284.44
19900504,47.07,105.37,87.1,4059.07,2954.51,3290.94
19900507,47.35,105.66,87.63,4081.91,2978.42,3321.44
19900508,47.51,105.85,87.99,4092.73,2999.67,3345.05
19900509,47.54,106,88.01,4107.85,3013.05,3359.68
19900510,47.57,106.04,87.95,4115.51,3019.97,3360.94
19900511,47.7,106.51,88.23,4140.94,3030.39,3372.12
19900514,48.23,107.23,89.19,4238.71,3094.07,3443.85
19900515,48.43,107.77,89.69,4277.57,3117.19,3472.61
19900516,48.44,107.7,89.67,4261.32,3118.69,3473.91
19900517,48.44,108,89.8,4263.36,3113.98,3466.11
19900518,48.76,108.76,90.48,4264.52,3118.84,3474.88
19900521,48.95,108.76,90.94,4268.63,3118.78,3480.03
19900522,49.29,109.61,91.45,4294.11,3149.68,3522.19
19900523,49.32,109.85,91.78,4291.12,3157.53,3530.76
19900524,49.43,110.09,92.34,4295.98,3165.16,3541.15
19900525,49.65,110.15,92.4,4279.92,3165.88,3540.57
19900529,49.64,109.99,91.94,4229.41,3140.09,3497.23
19900530,49.91,110.65,92.58,4301.79,3181.7,3549.91
19900531,50,110.84,92.74,4313.84,3185.41,3546.33
19900601,50.01,111.03,93,4313.78,3187.91,3549.86
19900604,50.16,111.43,93.51,4324.31,3205.88,3577.67
19900605,50.53,112.13,94.12,4375.97,3241.22,3625.5
19900606,50.46,112.13,93.88,4366.13,3241.86,3613.76
19900607,50.49,112.12,93.67,4335.86,3233.34,3604.44
19900608,50.49,111.95,93.52,4316.22,3211.72,3593.57
19900611,50.24,111.36,93.02,4271.9,3174.82,3549.39
19900612,50.31,111.49,93.39,4309.98,3194.58,3575.53
19900613,50.55,112,94.03,4355.42,3231.93,3623.07
19900614,50.79,112.5,94.42,4332.71,3223.04,3612.43
19900615,50.78,112.27,94.08,4305.88,3202.71,3597.75
19900618,50.91,112.43,94.21,4300.24,3201.75,3592.43
19900619,50.43,111.18,92.96,4241.08,3156.09,3534.87
19900620,50.36,111.06,92.93,4251.68,3164.14,3555.91
19900621,50.56,111.14,93.07,4260.62,3167.01,3558.32
19900622,50.69,111.09,93.15,4276.26,3185.7,3566.72
19900625,50.63,111.07,93.12,4223.73,3149.38,3523.05
19900626,50.28,110.59,92.48,4178.42,3120.02,3495.53
19900627,50.29,110.76,92.24,4177.43,3123.98,3480.09
19900628,50.32,111,92.65,4201.32,3148.25,3507.5
19900629,50.73,111.66,93.37,4226.98,3169.08,3534.75
19900702,51.23,103.53,84.66,2973.44,3962.46,2924.61
19900703,51.21,103.52,84.49,2977.29,3981.46,2934.89
19900705,51.12,103.48,84.65,2979.3,3983.83,2944.87
19900706,50.88,102.91,84.12,2953.45,3938.81,2912.23
19900709,51.01,103.05,84.33,2964.81,3970.58,2932.44
19900710,50.91,103.02,84.31,2965.76,3976.63,2950.9
19900711,50.64,102.91,84.03,2946.47,3942.25,2939.02
19900712,50.99,103.46,84.62,2980.54,3983.34,2976.69
19900713,51.4,103.92,85.2,3037.41,4020.64,3005.01
19900716,51.58,104.26,85.42,3049.57,4032.68,3027.75
19900717,51.73,104.29,85.49,3057.24,4044.15,3051.13
19900718,51.52,103.79,84.74,3045.01,4034.54,3030.15
19900719,51.28,103.34,84.2,3016.75,4004.23,2992.03
19900720,51.03,103.13,83.74,3041.39,4015.67,2986.3
19900723,51.07,102.87,83.37,3015.37,3979.33,2956.54
19900724,50.07,100.98,81.17,2975.18,3910.79,2890.57
19900725,50.06,100.91,81.12,3000.67,3914.87,2874.58
19900726,50.34,100.98,81.68,3002.89,3930.34,2887.15
19900727,50.4,100.95,82.01,2986.38,3916.23,2888
19900730,50.17,100.64,81.38,2978.71,3893.22,2857.66
19900731,49.88,100.09,80.68,3011.12,3918.26,2854.89
19900801,49.98,100.08,80.5,3027.19,3923.89,2847.61
19900802,49.78,99.62,80.11,3031.89,3919.86,2836.35
19900803,49.31,98.48,78.77,3034.59,3871.75,2780.53
19900806,48.18,96.39,76.47,2983.93,3804.22,2730.89
19900807,46.66,93.75,73.38,2927.14,3682.03,2609.54
19900808,46.69,93.69,73.49,2919.17,3687.91,2621.84
19900809,47.14,94.36,74.55,2925.44,3726.37,2672.15
19900810,47.63,94.74,75.54,2932.35,3749.85,2698.48
19900813,47.3,94.06,74.65,2915.23,3705.08,2654.13
19900814,47.16,93.9,74.34,2933.67,3738.34,2677.98
19900815,47.38,94.22,74.72,2939.16,3745.16,2684.68
19900816,47.38,94.16,74.91,2936.46,3760.29,2702.23
19900817,46.69,92.93,73.41,2894.91,3674.45,2631.38
19900820,45.97,91.49,71.67,2866.87,3625.49,2575.74
19900821,45.63,90.83,70.89,2880.99,3628.13,2564.32
19900822,44.57,89.16,69.04,2827.34,3561.71,2507.55
19900823,43.87,88.39,68.11,2793.81,3502.82,2463
19900824,42.07,85.37,64.87,2702.08,3400.18,2393.3
19900827,42.45,85.7,65.91,2711.28,3444.44,2459.59
19900828,43.59,87.87,68.46,2771.14,3549.28,2560.81
19900829,43.71,88.43,68.92,2784.8,3546.61,2558.7
19900830,43.99,88.81,68.96,2804.86,3577.56,2579.4
19900831,43.91,88.51,68.46,2768.19,3524.02,2539.75
19900904,43.85,88.76,68.65,2797.24,3559.87,2565.12
19900905,43.73,88.49,68.65,2807.99,3569.33,2575.4
19900906,43.98,88.99,69.01,2839.31,3583.59,2570.33
19900907,43.81,88.51,68.54,2824.39,3542.41,2535.35
19900910,44.05,88.74,68.83,2845.09,3577.42,2554.82
19900911,44.03,88.97,69.02,2826.32,3563.12,2543.21
19900912,43.95,88.68,68.66,2812.66,3565.99,2534.71
19900913,44,88.72,68.61,2831.82,3579.36,2537.61
19900914,43.73,88.09,68.02,2809.89,3538.87,2503.74
19900917,43.43,87.51,67.59,2797.51,3522.71,2481.44
19900918,43.22,87.24,67.36,2818.2,3532.46,2480.85
19900919,43.06,86.83,66.98,2825.6,3543.74,2476.41
19900920,43.02,86.91,66.85,2820.75,3524.28,2452.91
19900921,42.54,85.86,65.72,2783.03,3471.87,2402.89
19900924,42.26,85.4,65.06,2796.12,3464.39,2396.51
19900925,41.24,83.67,63.05,2747.92,3391.19,2335.47
19900926,41.34,83.71,63.15,2754.52,3438.14,2367.75
19900927,40.71,82.82,62.28,2725.24,3406.02,2341.29
19900928,39.97,81.57,60.97,2684.4,3366.07,2297.07
19901001,40.51,81.94,61.74,2702.06,3399.88,2367.81
19901002,40.75,83.02,62.86,2750.77,3497.95,2455.14
19901003,40.96,83.58,63.37,2751.86,3505.12,2460.05
19901004,40.62,83.09,62.77,2733.63,3469.77,2411.13
19901005,40.57,82.84,62.57,2739.02,3490.82,2405.53
19901008,40.22,82.31,62.1,2730.13,3481.39,2388.53
19901009,40.25,82.5,62.12,2750.87,3504.69,2399.08
19901010,39.46,81.3,60.7,2696.64,3415.64,2330.15
19901011,38.84,80.32,59.83,2645.93,3369.07,2287.2
19901012,38.05,79.06,58.24,2598.68,3313.57,2248.63
19901015,38.17,79.35,58.54,2619.77,3359.99,2290.22
19901016,38.15,79.64,58.48,2637.92,3401.3,2311.03
19901017,37.87,79.04,57.77,2606.66,3358.83,2265.73
19901018,37.88,78.63,57.86,2607.91,3359.08,2265.93
19901019,38.39,79.3,58.97,2636.98,3429.79,2346.03
19901022,38.74,79.66,59.6,2685.81,3494.8,2391.62
19901023,38.62,79.67,59.55,2701.54,3522,2422.12
19901024,38.74,79.92,59.75,2679.95,3493.75,2421.5
19901025,38.69,79.94,59.7,2682.03,3500.96,2411.8
19901026,38.72,79.94,59.61,2672.01,3482.79,2380.78
19901029,38.21,79.18,58.81,2636.57,3423.71,2332.11
19901030,37.81,78.71,58.1,2617.52,3394.28,2302.56
19901031,37.39,78.36,57.63,2634.98,3413.3,2316.99
19901101,37.43,78.44,57.63,2643.66,3411.58,2318.2
19901102,37.59,78.4,57.81,2667.94,3445.77,2331.72
19901105,37.97,79.13,58.48,2710.46,3493.79,2378.72
19901106,38.18,79.55,59.04,2719.13,3522.04,2412.79
19901107,38.14,79.54,59.14,2694.87,3497.56,2391.15
19901108,37.76,79.12,58.64,2651.65,3444.19,2344.26
19901109,37.37,78.32,58.57,2666.13,3457.47,2359.68
19901112,37.62,78.93,59.39,2710.63,3519.73,2412.76
19901113,38.04,80.11,60.6,2738.11,3587.71,2477.24
19901114,38.06,80.19,60.91,2722.26,3567.61,2478.49
19901115,38.42,80.81,61.61,2730.77,3600.07,2503.25
19901116,38.3,80.63,61.51,2705.13,3568.43,2476.39
19901119,38.27,80.79,61.36,2710.91,3559.36,2481.1
19901120,38.41,80.96,61.49,2714.99,3580.73,2505.89
19901121,38.2,80.75,61.19,2683.05,3543.48,2474.89
19901123,38.16,80.67,61.26,2693.39,3547.36,2473.99
19901126,38.16,80.86,61.47,2685.23,3537.21,2469.15
19901127,38.08,81.01,61.3,2699.34,3551.03,2472.04
19901128,38.61,81.45,62.12,2718.25,3563.88,2498.44
19901129,38.69,81.77,62.53,2729.83,3562.75,2494.57
19901130,38.62,81.83,62.71,2717.17,3546.6,2487.2
19901203,38.68,82.6,63.49,2758.73,3604.3,2535.61
19901204,38.72,82.75,63.84,2772.35,3622.28,2564.04
19901205,38.8,83.29,64.12,2785.35,3648.82,2589.14
19901206,39.38,84.6,65.21,2808.37,3687.09,2630.13
19901207,39.54,84.98,65.34,2788.37,3668.89,2641.79
19901210,39.56,84.91,65.16,2780.39,3657.85,2626.26
19901211,39.37,84.75,65.21,2787.56,3671.3,2629.64
19901212,39.2,84.45,64.66,2772.45,3648.87,2612.8
19901213,39.35,84.71,65.02,2784.3,3690.94,2642.62
19901214,39.56,85.25,65.21,2788.09,3681.43,2639.84
19901217,39.22,84.85,64.88,2776.49,3650.43,2616.24
19901218,38.99,84.37,64.31,2772.36,3643.42,2599.71
19901219,39.24,84.77,64.81,2792,3692.54,2638.7
19901220,39.43,85.02,65.15,2803.62,3684.41,2647.79
19901221,39.41,84.99,65.41,2804.37,3685.55,2654.21
19901224,39.36,84.94,65.49,2802.79,3700.69,2668.01
19901226,39.22,84.73,65.31,2798.27,3683.41,2652.04
19901227,39.29,84.9,65.47,2816.7,3694.66,2651.56
19901228,39.3,84.81,65.39,2801.06,3669.87,2633.39
19901231,39.24,84.96,65.24,2800.97,3667.78,2636.1
19910102,39.96,85.74,66.47,2790.73,3678.24,2653.26
19910103,39.92,85.39,66.08,2763.66,3635,2634.26
19910104,39.59,84.96,65.36,2726.54,3594.13,2594.81
19910107,39.49,84.92,65.28,2713.9,3583.62,2587.63
19910108,39.08,83.81,64.24,2678,3521.24,2535.05
19910109,38.87,83.43,63.83,2673.86,3515.22,2525.53
19910110,38.67,83.04,63.45,2648.63,3478.93,2502.06
19910111,38.8,83.32,63.97,2665.32,3512.26,2536.3
19910114,38.81,83.15,64.04,2660.06,3516.87,2544.8
19910115,38.18,81.96,62.8,2641.17,3482.42,2520.32
19910116,38.09,81.84,62.95,2652.05,3494.8,2530.66
19910117,38.44,82.27,63.84,2662.52,3524.33,2573.09
19910118,39.42,83.83,65.78,2722.74,3652.04,2679.9
19910121,39.37,83.69,65.76,2746.92,3689.76,2711.84
19910122,39.47,83.89,66.1,2731.35,3691.77,2708.86
19910123,39.75,84.13,66.45,2720.16,3664.76,2682.5
19910124,40.29,85.03,67.23,2733.59,3681.57,2702.12
19910125,41.08,86.22,68.51,2759.69,3726.23,2758.42
19910128,41.6,87.07,69.25,2769.37,3739.09,2768.08
19910129,42.05,87.85,69.9,2766.66,3739.02,2774.58
19910130,42.42,88.61,70.6,2757.85,3738,2783.62
19910131,43.27,89.89,72.05,2786.39,3784.84,2844.51
19910201,43.95,91.11,73.17,2810.54,3817.4,2874.51
19910204,44.51,91.92,73.83,2797.8,3812.51,2877.27
19910205,45.44,93.67,75.25,2821.67,3876.87,2921.27
19910206,45.99,94.83,76.27,2848.97,3902.47,2966.75
19910207,46.69,95.76,77.44,2916.7,3968.46,3021.12
19910208,46.31,95.37,76.9,2926.28,3955.13,2991.9
19910211,46.57,95.58,77.15,2939.88,3989.52,3004.49
19910212,47.33,97.23,78.48,2999.94,4086.58,3083.6
19910213,47.39,97.38,78.5,2985.87,4052.42,3068.67
19910214,48.02,98.45,79.35,3005.73,4088.79,3098.95
19910215,47.81,98.11,79.17,2963.04,4041.74,3055.73
19910219,48.44,98.87,80.07,2979.59,4091.59,3105.18
19910220,48.44,98.79,80.1,2966.11,4100.05,3119.26
19910221,48.12,98.12,79.43,2946.7,4059.52,3075.11
19910222,48.44,98.45,79.88,2938.54,4058.45,3074.16
19910225,48.73,98.69,80.34,2935.7,4061.99,3092.52
19910226,49.02,99.32,80.94,2947.22,4074.72,3107.19
19910227,48.69,98.58,80.26,2930.69,4028.67,3064.27
19910228,49,99.24,80.92,2986.09,4070.58,3099.51
19910301,49.59,100.34,81.74,2984.49,4069.67,3090.03
19910304,49.96,100.77,82.5,3003.68,4106.1,3122.86
19910305,50.6,101.95,83.63,2996.83,4097.09,3124.99
19910306,51.74,103.28,85.48,3036.71,4170.65,3201.36
19910307,51.92,103.38,85.5,3041.68,4163.67,3192.36
19910308,52.25,103.38,86.01,3044.12,4166.13,3186.81
19910311,52.45,103.41,86.23,3049.66,4154.68,3171.38
19910312,51.99,102.86,85.39,3023.42,4134.78,3152.04
19910313,51.54,102.13,84.34,3002.69,4104.8,3117.63
19910314,51.86,102.56,85.08,3029.34,4155.86,3157.3
19910315,51.87,102.9,85.34,3001.09,4153.65,3144.48
19910318,51.63,102.24,85.07,3004.04,4146.21,3140.38
19910319,51.67,102,85.02,2992.91,4134.44,3133.96
19910320,51.26,101.33,84.34,2978.01,4069.04,3091.24
19910321,51.62,101.96,85.14,2984.23,4090.75,3093.28
19910322,51.82,102.15,85.34,2978.9,4080.59,3080.51
19910325,52.04,101.99,85.5,2988.27,4090.26,3077.42
19910326,52.33,102.55,86.14,3016.7,4112.85,3101.79
19910327,52.95,103.45,87.36,3038.41,4180.83,3179.48
19910328,53.2,104.03,88.12,3026.13,4171.75,3190.15
19910401,53.89,105.67,89.63,3019.86,4185.15,3192.73
19910402,53.89,105.42,89.52,2982.69,4150.27,3165.92
19910403,54.68,106.53,90.72,3037.43,4229.08,3247.48
19910404,55.12,107.28,91.58,3026.78,4225.61,3258.96
19910405,55.49,107.3,91.89,3021.92,4235.07,3279.06
19910408,55.34,107.11,91.53,3001.14,4194,3234.78
19910409,55.47,107,91.48,3023.34,4223.58,3256.4
19910410,55.17,106.86,91.13,2995.87,4173.99,3214.47
19910411,55.15,106.88,91,2996.18,4163.07,3209.52
19910412,55.7,107.68,91.91,3034.69,4210.91,3250.06
19910415,56.16,108.03,92.47,3060.45,4231.56,3274.28
19910416,56.12,108.24,92.45,3073.12,4238.91,3278.24
19910417,56.54,109.16,93.23,3121.38,4306.37,3324.59
19910418,57.12,109.93,94.07,3149.41,4336.65,3353.89
19910419,56.76,109.71,93.66,3131.9,4315.1,3337.06
19910422,56.58,109.38,92.86,3099.99,4273.4,3294.24
19910423,55.72,107.78,91.45,3079.33,4231.84,3263.23
19910424,55.71,107.9,91.75,3095.88,4235.2,3265.35
19910425,55.94,107.97,92.33,3101.05,4244.47,3280.44
19910426,55.72,108.01,92.13,3075.75,4211.54,3248.32
19910429,55.51,107.67,91.83,3071.69,4209.5,3243.07
19910430,54.98,106.88,90.85,3036.4,4158.18,3189.23
19910501,54.77,106.55,90.22,3047.17,4162.15,3200.84
19910502,55.19,107.21,91.03,3078.56,4218.06,3244.22
19910503,55.53,107.74,91.83,3078.96,4219.97,3249.95
19910506,55.73,108.07,91.96,3080.41,4223.2,3253.6
19910507,55.62,107.84,91.93,3071.69,4210.6,3252.18
19910508,55.58,107.92,92.26,3060.63,4181.66,3228.7
19910509,55.79,108.07,92.58,3070.38,4191.08,3234.37
19910510,56.41,108.56,93.25,3094.69,4238.78,3282.91
19910513,55.94,107.96,92.27,3036.75,4166.14,3222.85
19910514,55.92,108.02,92.06,3030.95,4171.79,3240.55
19910515,55.56,107.36,90.99,2979.54,4121.25,3203.37
19910516,54.73,105.97,89.33,2959.3,4087.48,3160.73
19910517,55.04,106.55,90.07,2981.85,4128.7,3193.9
19910520,54.91,106.29,90,2981.1,4128.24,3196.27
19910521,54.72,106.47,89.89,2973.33,4128.8,3197.7
19910522,55.02,107.17,90.44,2990.06,4159.84,3228.54
19910523,55.13,107.16,90.66,2986.16,4175.04,3240.68
19910524,55.29,107.41,91.11,2969.11,4165.58,3242.5
19910528,55.69,107.58,91.66,2986.29,4189.81,3267.96
19910529,56.04,107.99,92.31,3014.59,4232.76,3308.77
19910530,56.26,108.67,92.88,3022.3,4253.29,3311.79
19910531,56.86,109.52,94.05,3055.85,4292.26,3350.51
19910603,57.42,110.42,94.95,3069.5,4316.7,3379.49
19910604,57.71,110.78,95.12,3070.84,4290.98,3372.84
19910605,57.68,111.03,95.25,3066.66,4289.38,3371
19910606,57.63,111.36,95.22,3043.8,4262.41,3353.23
19910607,57.66,111.26,95.01,3047.37,4247.09,3329.9
19910610,57.25,110.98,94.24,3017.74,4210.27,3292.14
19910611,56.94,110.24,94.07,3005.63,4200.91,3282.43
19910612,57.04,110.31,94.2,3018.29,4223.79,3297.86
19910613,56.34,109.46,93.06,2982.61,4180.09,3259.89
19910614,56.39,109.6,93.22,2993.28,4186.28,3269.79
19910617,56.7,110.33,93.7,3023.12,4233.05,3311.35
19910618,56.61,110.19,93.64,3002.65,4218.96,3295.18
19910619,56.48,110.02,93.35,2989.7,4204.12,3279.56
19910620,55.74,109.24,92.48,2959.63,4165.82,3247.37
19910621,55.9,109.04,92.37,2963.22,4167.77,3247.54
19910624,55.96,109.04,92.44,2986.31,4181.66,3268.31
19910625,54.8,107.77,90.72,2940.68,4114.24,3199.44
19910626,54.51,107.29,90.22,2938.48,4106.66,3195.62
19910627,54.34,106.95,90.01,2937.56,4114.64,3204.72
19910628,54.75,107.16,90.37,2968.59,4144.2,3225.91
19910701,46.89,102.89,90.04,2232.66,3543.67,3947.57
19910702,46.91,103.27,90.96,2264.11,3606.91,4019.34
19910703,46.78,103.21,90.82,2263.01,3597.75,4021.41
19910705,46.5,102.47,90.09,2240.69,3559.27,3991.41
19910708,46.78,102.69,90.13,2253.55,3563,4003.13
19910709,46.9,102.79,90.56,2265.5,3587.65,4052.43
19910710,46.95,103.21,91.38,2269.86,3577.41,4043.47
19910711,47.17,103.69,91.84,2270.89,3577.28,4039.84
19910712,47.3,103.91,92.12,2277.42,3590.2,4051.83
19910715,47.63,104.35,92.3,2291.62,3619.78,4084.31
19910716,47.92,104.87,93.09,2310.2,3633.48,4115.83
19910717,48,105.05,92.86,2307.4,3634.17,4094.6
19910718,48.09,105.36,93.07,2309.31,3642.48,4078.86
19910719,48.51,105.95,93.61,2328.02,3671.98,4125.76
19910722,48.74,106.15,93.76,2319.54,3659.35,4119.35
19910723,48.67,105.72,93.56,2304.94,3646.7,4106.63
19910724,48.41,105.08,92.88,2294.49,3618.23,4058.4
19910725,48.25,104.49,92.41,2290.66,3608.97,4046.4
19910726,48.35,104.62,92.68,2302.72,3631.47,4071.46
19910729,48.38,104.59,92.72,2310.07,3629.74,4077.47
19910730,48.22,104.57,92.75,2317.95,3649.52,4101.21
19910731,48.54,105.06,93.22,2329.1,3676.1,4149.25
19910801,48.93,105.9,94.19,2333.61,3688.4,4175.81
19910802,48.94,105.94,94.44,2326,3686.74,4176.91
19910805,49.05,106.16,94.65,2328.23,3685.65,4186.35
19910806,48.95,105.93,94.18,2312.62,3664.7,4164.36
19910807,49.18,106.3,94.44,2339.72,3714.63,4217.33
19910808,49.27,106.55,94.58,2338.74,3713.46,4226.63
19910809,49.41,106.45,94.69,2340.24,3699.54,4225.11
19910812,49.56,106.39,94.6,2327.16,3677.39,4209.71
19910813,49.65,106.49,94.69,2346.61,3680.27,4218.61
19910814,50,107,95.04,2360.55,3696.66,4234.95
19910815,50.12,107.33,95.38,2359.27,3695.17,4256.42
19910816,50,107.24,95.53,2357.23,3695.87,4241.82
19910819,49.92,106.83,95.06,2343.09,3664.64,4197.53
19910820,48.41,104.03,92.19,2289.99,3581.44,4098.64
19910821,48.91,104.86,93.04,2306.75,3606.31,4129.24
19910822,49.95,107.14,95.66,2362.67,3699.32,4260.53
19910823,50.18,107.38,96.03,2366.02,3712.47,4261.21
19910826,50.47,108.07,96.6,2380.91,3736.91,4287.05
19910827,50.59,108.1,96.93,2384.95,3731.55,4281.46
19910828,50.59,108.16,97.14,2380.63,3725.87,4275.91
19910829,50.95,108.65,97.93,2403.04,3757.44,4312.9
19910830,51.01,108.73,98.17,2399.12,3749.58,4321.21
19910903,51.33,109.59,98.28,2394.19,3739.56,4315.58
19910904,51.05,108.79,97.71,2379.89,3712.13,4275.38
19910905,50.77,108.25,97.42,2368.4,3691.85,4248.31
19910906,50.84,108.33,97.26,2360.91,3692.18,4224.12
19910909,51,108.33,97.3,2356.17,3695.9,4219.96
19910910,51.04,108.27,97.36,2350.05,3690.2,4214.13
19910911,50.44,107.31,96.19,2330.18,3655.83,4162.4
19910912,50.46,107.45,96.67,2335.4,3654.61,4179.81
19910913,50.68,108.03,97.53,2344.08,3668.17,4224.5
19910916,50.54,107.78,97.3,2329.08,3638.41,4170.02
19910917,50.6,107.67,97.12,2340.16,3660.6,4187.41
19910918,50.47,107.72,97.07,2339.96,3656.79,4189.57
19910919,50.69,107.89,97.61,2350.29,3666.5,4211.81
19910920,50.93,108.6,98.53,2358.87,3677.62,4222.32
19910923,51.3,109,99.21,2370.05,3670.67,4232.4
19910924,51.04,108.68,98.99,2353.85,3657.74,4209.86
19910925,51.17,108.86,99.16,2365.53,3669.48,4235.46
19910926,51.12,108.92,99.1,2365.25,3666.3,4222.53
19910927,51.24,109.19,99.19,2363.77,3666.44,4219.88
19910930,51.28,108.8,98.89,2359.73,3667.35,4203.4
19911001,52.35,110.68,101.46,2387.78,3702.21,4268.18
19911002,52.35,110.65,101.74,2391.56,3712.83,4284.75
19911003,52.28,110.37,101.51,2386.63,3707.38,4267.05
19911004,51.9,109.66,100.48,2362.61,3680.54,4219.19
19911007,51.85,109.57,100.41,2348.26,3654.87,4187.47
19911008,51.5,108.58,99.57,2330.28,3636.94,4164.19
19911009,51.59,108.75,99.68,2333.25,3649.74,4175.51
19911010,51.27,108.39,99.34,2310.84,3619.76,4133.29
19911011,51.42,108.43,99.48,2329.11,3651.16,4166.25
19911014,51.55,108.81,99.9,2337.43,3655.86,4177.68
19911015,51.64,109.42,101.07,2364.46,3711.15,4232.85
19911016,52.2,110.39,102.45,2400.99,3741.84,4301.36
19911017,52.85,111.64,103.91,2419.66,3753.16,4334.03
19911018,52.83,111.61,103.59,2411.18,3745.28,4317.76
19911021,53.2,111.72,104.21,2414.64,3756.46,4319.23
19911022,53.06,111.46,103.97,2396.92,3731.93,4293.59
19911023,53.13,111.15,104.22,2388.45,3716.25,4269.75
19911024,53.25,111.09,103.78,2384.23,3712.38,4274.13
19911025,52.9,110.18,102.39,2368.7,3689.89,4235.13
19911028,52.61,109.98,101.87,2364.06,3682.86,4219.27
19911029,52.89,110.33,102.5,2392.79,3726.03,4278.66
19911030,53.1,111.08,103.3,2409.04,3745.15,4304.09
19911031,53.29,112.08,104.12,2421.24,3761.57,4328.6
19911101,53.64,112.79,105.77,2423.89,3766.62,4323.68
19911104,53.73,112.4,105.51,2430.72,3752.1,4306.28
19911105,53.51,111.92,104.93,2417.08,3742.51,4286.97
19911106,53.43,112.15,104.9,2407.5,3726.75,4278.41
19911107,53.59,112.24,105.1,2409.75,3741.05,4289.52
19911108,53.97,112.94,106.09,2436.16,3764.36,4341.72
19911111,54.13,113.39,106.49,2441.47,3756.98,4341.88
19911112,54.38,113.56,107.07,2443.14,3754.02,4358.89
19911113,54.71,114.4,107.81,2466.68,3780.92,4406.83
19911114,54.76,114.34,107.83,2471.48,3784.2,4416.96
19911115,54.62,114.36,107.73,2465.48,3777.91,4418.95
19911118,53.07,111.95,103.28,2385.73,3655.27,4245.44
19911119,53,111.67,103.46,2398.12,3665.62,4283.63
19911120,51.96,109.54,100.7,2354.88,3614.83,4220.1
19911121,52.2,109.59,101.11,2351.12,3601.77,4220.08
19911122,52.56,109.74,101.44,2364.07,3611.95,4245.62
19911125,52.17,108.88,100.79,2334.92,3567.41,4217.52
19911126,51.69,108.44,100.15,2325.78,3558.73,4205.98
19911127,51.64,108.09,99.9,2338.17,3576.71,4238.66
19911129,51.55,107.8,99.94,2342.44,3569.71,4222.73
19911202,51.83,108.18,100.79,2335.22,3559.19,4218.21
19911203,51.84,108.16,101.36,2371.56,3605.06,4293.48
19911204,51.89,108.36,102.05,2368.11,3598.9,4303.98
19911205,51.94,108.34,102.52,2371.15,3587.04,4300.42
19911206,51.74,107.81,102.32,2360.04,3557.85,4285.15
19911209,52.16,107.93,102.51,2370.17,3569.22,4317.79
19911210,51.86,107.33,102.21,2359.76,3557.34,4316.8
19911211,51.66,106.82,101.7,2346.92,3549.72,4324.51
19911212,51.31,106.41,100.97,2339.98,3548.76,4317.5
19911213,51.75,107.12,101.78,2368.32,3582.83,4356.64
19911216,52.38,108.15,102.53,2381.16,3615.84,4390.37
19911217,52.68,108.55,103.21,2372.55,3610.16,4411.54
19911218,52.3,108.25,102.82,2351.66,3585.4,4403.5
19911219,52.23,108.2,102.73,2350.18,3596.14,4407.42
19911220,52.06,107.71,101.79,2337.55,3588.17,4387.55
19911223,52.16,107.92,101.78,2374.78,3629.83,4431.4
19911224,52.77,109.46,102.82,2433.38,3709.73,4549.27
19911226,53.42,110.57,103.87,2455.05,3729.74,4588.48
19911227,54.21,112.09,105.82,2498.56,3766.79,4669.51
19911230,54.7,112.91,107.15,2509.61,3777.34,4705.28
19911231,55.93,114.81,109.73,2546.31,3851.06,4810.98
19920102,57.24,117.54,113.1,2574.71,3906.92,4826.28
19920103,57.33,117.68,112.92,2572.25,3910.96,4820.45
19920106,58.12,118.82,114.21,2582.94,3927.58,4846.4
19920107,58.85,119.4,115.84,2577.87,3914.75,4845.46
19920108,59.41,119.88,116.72,2575.38,3903.12,4856.63
19920109,60.13,120.95,118.25,2592.88,3902.06,4880.53
19920110,61,121.94,120.04,2590.76,3900.07,4892.75
19920113,60.79,121.69,119.28,2579.22,3881.06,4853.43
19920114,61.17,121.91,119.6,2569.52,3874.49,4847.1
19920115,62.19,123.2,121.29,2613.87,3925.11,4907.31
19920116,62.92,124.55,122.22,2643.51,3931.92,4909.99
19920117,63.03,125.22,121.97,2632.55,3926.8,4844.35
19920120,63.07,125.47,122.25,2623.01,3929.81,4851.15
19920121,63.14,125.11,121.18,2609.33,3909.82,4808.91
19920122,62.29,123.5,118.36,2582.97,3885.15,4740.47
19920123,63.11,124.64,120.34,2617.37,3915.86,4836.19
19920124,63.35,125.17,121.11,2607.85,3888.69,4813.43
19920127,63.44,125.64,121.66,2609.65,3897.66,4814.38
19920128,63.62,125.96,121.32,2611.21,3896.05,4796.38
19920129,63.7,126.17,121.06,2619.89,3893.14,4796.91
19920130,63.19,125.51,120.12,2592.92,3847.66,4750.56
19920131,63.55,126.13,121.15,2596.7,3853.1,4786.19
19920203,63.82,126.47,121.67,2585.99,3823.93,4763.29
19920204,64.12,126.84,122.17,2587.98,3832.17,4776.41
19920205,64.86,127.98,123.8,2613.66,3863.47,4829.78
19920206,65.17,128.67,125.13,2625.33,3856,4847.69
19920207,65.5,128.82,125.67,2629.03,3861.74,4836.96
19920210,65.6,128.59,125.66,2615.76,3841.33,4799.34
19920211,65.59,129.26,125.78,2633.32,3869.89,4808.71
19920212,65.72,129.65,125.74,2635.06,3878.32,4799.21
19920213,66.37,130.77,127.39,2649.6,3908.93,4851.05
19920214,66.25,130.56,126.65,2630.06,3881.27,4799.11
19920218,66.57,130.53,126.33,2625.4,3876.48,4776.17
19920219,66.33,129.83,124.67,2611.37,3836.89,4698.65
19920220,65.95,128.92,123.31,2616.28,3837.02,4711.45
19920221,66.96,129.96,124.7,2645.91,3877.95,4784.6
19920224,66.84,129.88,124.28,2627.39,3857.4,4759.74
19920225,66.51,129.17,123.39,2630.31,3857.92,4759.47
19920226,65.92,128.64,122.22,2623.93,3842.77,4739.28
19920227,66.73,129.96,123.82,2651.67,3876.77,4812.42
19920228,66.81,130.56,124.51,2648.86,3866.31,4805.34
19920302,67.12,130.65,124.46,2645.6,3858.34,4783.86
19920303,67.48,131.14,124.55,2647,3856.96,4788.64
19920304,67.74,131.3,124.73,2651.46,3860.44,4782.61
19920305,67.54,131.12,124.24,2629.67,3834.96,4738.93
19920306,66.71,129.79,122.53,2601.49,3808.1,4700.22
19920309,66.25,129,121.67,2584.3,3794.15,4668.41
19920310,66.21,128.97,121.33,2594.75,3796.38,4680.04
19920311,66.68,129.72,122.38,2609.36,3811.55,4710.28
19920312,66.32,128.94,121.27,2587.55,3791,4671.46
19920313,65.98,128.53,121.17,2578.35,3791.57,4667.59
19920316,66.29,128.98,121.61,2588.47,3808.07,4691.37
19920317,66.2,128.86,120.97,2601.94,3807.02,4701.99
19920318,66.64,129.57,121.75,2624.4,3828.81,4746.25
19920319,67.08,130.43,122.25,2626.42,3830.46,4733.27
19920320,67.29,130.72,122.37,2635.95,3841.65,4733.79
19920323,67.39,130.8,122.14,2646.48,3849.53,4742.47
19920324,67.13,130.66,121.69,2633.35,3843.47,4727.35
19920325,66.91,130.37,120.89,2624.53,3830.44,4722.47
19920326,67.09,130.41,120.81,2619.05,3815.79,4721.64
19920327,66.95,130.31,120.16,2622.54,3821.98,4706.21
19920330,66.3,128.96,118.63,2593.4,3781.77,4657.57
19920331,66.12,128.69,117.53,2591.97,3778.19,4647.52
19920401,67.63,130.16,120.21,2672.85,3793.24,4676.92
19920402,67.11,130,119.58,2677.68,3799.2,4687.12
19920403,66.5,129.04,118.28,2650.01,3764.71,4637.3
19920406,65.91,128.38,117.43,2640.9,3774.49,4644.08
19920407,66.22,128.91,117.85,2658.89,3816.75,4683.74
19920408,65.18,127.4,115.25,2615.98,3753.44,4589.57
19920409,64.05,125.77,113.31,2569.57,3719.9,4553.03
19920410,65.12,127.26,115.73,2623.72,3765.52,4636.12
19920413,65.67,127.93,116.18,2641.83,3797.86,4667.36
19920414,65.8,128.3,116.38,2657.09,3810.53,4697.02
19920415,66.59,129.27,117.3,2701.12,3864.75,4767.74
19920416,66.69,130.19,117.83,2732.44,3906.94,4798.1
19920420,66.26,129.72,116.63,2729.21,3920.1,4760.41
19920421,65.05,128.25,114.14,2695.07,3875.95,4672.5
19920422,64.82,127.94,113.69,2710.89,3871.07,4662.79
19920423,65.5,127.97,113.59,2705.59,3864.79,4667.07
19920424,65.7,127.78,113.27,2709.2,3897.65,4658.19
19920427,65.77,127.84,113.07,2695.24,3884.73,4620.52
19920428,65.16,127.31,111.96,2689.83,3876.48,4618.22
19920429,64.79,126.41,110.77,2689.65,3884.99,4611.76
19920430,65.5,127.34,112.3,2708.99,3911.61,4652.79
19920501,66.35,128.87,113.97,2735.26,3946.92,4692.67
19920504,66.32,128.58,114.15,2722.47,3928.43,4664.9
19920505,67.03,128.86,115.08,2747.22,3961.37,4723.28
19920506,67.23,129.06,115.49,2756.23,3961.03,4734.3
19920507,67.3,129.58,116.02,2758.62,3959.91,4735.04
19920508,67.23,129.8,115.71,2751.69,3944.16,4731.74
19920511,67.43,129.57,115.36,2751.19,3946.44,4728.95
19920512,67.64,130.14,115.66,2765.91,3965.38,4755.61
19920513,67.77,129.91,115.33,2750.89,3947.31,4731.53
19920514,67.78,129.96,114.98,2754.33,3951.41,4724.18
19920515,67.33,129.1,113.62,2730.38,3930.02,4676.45
19920518,67.05,128.8,113.47,2711.94,3905.54,4648.82
19920519,66.94,129.3,113.63,2724.59,3929.03,4671.86
19920520,67.06,129.3,113.69,2742.38,3957.69,4718.61
19920521,67.2,129.49,113.77,2745.87,3950.82,4717.53
19920522,67.3,129.11,113.46,2725.49,3927.58,4682.57
19920526,67.79,129.76,113.66,2725.89,3938.53,4696.71
19920527,67.45,128.88,112.81,2706.45,3939.17,4628.72
19920528,67.52,129.13,113.07,2712.65,3938.54,4652.16
19920529,67.88,129.53,113.19,2733.4,3959.64,4722.27
19920601,68.47,130.15,113.81,2733.79,3949.32,4724.57
19920602,68.68,130.59,114.32,2742.96,3965.18,4749.81
19920603,68.81,131.11,114.72,2727.09,3939.49,4705.01
19920604,68.88,131.29,114.81,2732.27,3953.99,4702.36
19920605,68.84,131.39,114.65,2719.95,3947.98,4675.13
19920608,68.77,131.2,114.23,2718.36,3959.2,4671.22
19920609,68.85,131.3,113.7,2721.71,3958.42,4657.4
19920610,68.33,130.27,112.22,2704,3935.75,4604.2
19920611,67.8,129.66,111.32,2685.21,3917.69,4561.21
19920612,67.53,129.28,110.33,2681.54,3929.52,4585.21
19920615,67.7,129.71,110.65,2693.42,3927.03,4608.16
19920616,67.41,129.32,110.26,2701.76,3931.57,4602.3
19920617,67.18,129.03,109.64,2695.88,3920.08,4568.86
19920618,65.93,127.04,107.27,2656.35,3872.39,4491.99
19920619,65.36,126.29,106.15,2638.28,3856.43,4495.11
19920622,65.65,126.94,106.59,2655.13,3879.6,4530.83
19920623,64.89,125.94,105.5,2650.41,3864.58,4537.4
19920624,65.07,126.03,106.05,2658.05,3872.86,4553.99
19920625,64.88,125.71,105.75,2657.3,3873.31,4537.73
19920626,64.86,125.89,105.32,2646.49,3866.55,4534.12
19920629,64.81,125.86,105.41,2655.03,3869.57,4540.1
19920630,65.52,126.34,106.87,2686.47,3915.36,4611.78
19920701,54.8,114.3,104.94,2666.44,4001.17,3869.54
19920702,55.35,114.83,105.75,2692.84,4036.39,3924.44
19920706,55.17,114.64,104.78,2677.99,4028.05,3916.58
19920707,55.12,114.47,104.24,2676.08,4044.55,3941.22
19920708,54.8,114.09,103.17,2642.15,4014.9,3885.14
19920709,54.5,113.84,102.77,2644.68,4019.68,3901.86
19920710,55.05,114.92,103.94,2673.3,4055.16,3940.79
19920713,55.31,115.5,104.83,2676.98,4064.55,3942.59
19920714,55.54,115.84,105.24,2680.82,4068.44,3950.76
19920715,56.21,116.66,106.08,2701.04,4094.89,3972.74
19920716,56.23,116.92,106.37,2690.22,4089.15,3969.13
19920717,56.2,116.83,106.65,2692.12,4097.5,3966.93
19920720,55.6,116.4,105.86,2680.14,4077.03,3945.36
19920721,55.2,115.62,105.09,2666.99,4060.86,3925.85
19920722,55.41,116.16,105.56,2674.74,4057.96,3939.68
19920723,55.11,115.87,104.85,2656.64,4032.2,3908.56
19920724,55.22,116.08,105.1,2662,4042.57,3917.38
19920727,55.41,116.18,104.99,2662.51,4043.27,3912.39
19920728,55.54,116.06,105.13,2656.85,4041.5,3919.09
19920729,55.97,116.91,106.07,2695.32,4090.66,3977.88
19920730,56.38,117.68,107.02,2732.23,4133.28,4019.65
19920731,56.67,118.04,107.57,2746.28,4152.75,4029.03
19920803,56.94,118.5,108.38,2735.67,4151.46,4037.76
19920804,57.09,118.67,108.59,2735.59,4158.83,4051.86
19920805,57.2,118.87,108.71,2727.92,4157.27,4041.24
19920806,57.07,118.72,108.07,2721.85,4133.56,4018.85
19920807,56.86,118.18,107.62,2710.26,4112.7,4012.46
19920810,56.79,118.2,107.56,2700.64,4091.01,4012.48
19920811,56.69,117.71,107.18,2695.42,4097.99,4008.12
19920812,56.53,117.9,107.05,2686.34,4098.82,3999.42
19920813,56.32,117.76,107.04,2677.96,4087.63,3984.11
19920814,56.27,117.61,106.95,2672.75,4091.82,3988.91
19920817,56.5,117.93,107.33,2687.55,4104.8,4016.27
19920818,56.43,118.18,107.36,2689.99,4112.83,4025.34
19920819,56.53,118.14,107.3,2687.47,4117.84,4032.04
19920820,56.1,117.77,106.72,2666.59,4093.67,4001.56
19920821,55.9,117.55,106.5,2656.88,4094.28,4004.39
19920824,55.5,117.15,105.9,2636.23,4067.87,3967.12
19920825,54.55,115.87,104.36,2598.29,4025.89,3921.13
19920826,54.33,115.32,104.21,2602.8,4028.85,3924.94
19920827,54.47,115.62,104.54,2616.32,4045.11,3949.48
19920828,54.97,116.23,105.21,2616.98,4050.46,3960.46
19920831,55.08,116.18,105.51,2627.56,4062.73,3965.18
19920901,55.11,116.4,105.5,2626.52,4059.75,3953.47
19920902,55.31,116.52,105.79,2628.39,4075.15,3980.8
19920903,55.75,117.03,106.78,2643.97,4093.84,4001.94
19920904,55.95,117.5,107.49,2647.22,4088.46,4013.87
19920908,55.8,117.4,107.45,2637.64,4085.78,3999.26
19920909,55.47,116.91,106.84,2623.29,4061.76,3974.73
19920910,55.64,116.96,107.09,2626.74,4074.26,3999.54
19920911,55.97,117.68,108.18,2650.31,4102.57,4057.34
19920914,56.06,117.72,108.76,2654.25,4096.75,4062.81
19920915,56.51,118.59,110.08,2694.53,4144.58,4132.3
19920916,56.08,118,109.18,2662.94,4095.11,4085.36
19920917,56.02,117.91,108.74,2661.58,4091.95,4084.46
19920918,55.99,117.95,108.82,2665.56,4090.11,4086.96
19920921,56.21,118.31,109.14,2684.06,4116.09,4104.23
19920922,56.13,118.02,109.03,2684.59,4114.34,4094.52
19920923,55.92,117.49,108.32,2666.52,4073.96,4040.18
19920924,55.88,117.55,108.03,2658.48,4073.53,4043.43
19920925,56.18,117.69,108.68,2664.12,4084.75,4059.11
19920928,55.73,117.09,106.97,2639.52,4054.17,4004.32
19920929,55.75,117.07,106.52,2654.07,4075.69,4009.26
19920930,55.94,117.11,106.59,2652.43,4074.83,4022.25
19921001,56.97,118.75,109.05,2666.87,4088.21,4052.71
19921002,56.43,117.87,108.24,2660.83,4070.76,4037.59
19921005,55.88,117.14,107.11,2626.09,4026.82,3973.32
19921006,54.89,115.87,105.19,2599.55,3991.07,3953.07
19921007,55.24,116.4,105.7,2606.67,3990.65,3959.63
19921008,55.35,116.19,105.86,2589.21,3964.41,3936.5
19921009,55.72,116.75,106.75,2597.09,3993.32,3979.93
19921012,55.45,116.33,106.02,2567.96,3949.08,3935.2
19921013,55.65,116.88,106.58,2596.26,3990.01,3973.05
19921014,55.79,117.32,107.29,2606.07,4010.87,3992.03
19921015,55.9,117.44,107.59,2600.89,4009.49,3997.02
19921016,56.03,117.55,107.93,2599.77,4009.44,4014.9
19921019,56.35,117.81,108.59,2622.05,4015.02,4045.44
19921020,56.87,118.83,110.12,2644.36,4033.48,4102.11
19921021,57.33,119.41,110.48,2652.03,4041.39,4100.71
19921022,57.63,119.94,111.07,2663.87,4040.95,4108.35
19921023,57.58,119.89,110.6,2660.86,4029.12,4105.78
19921026,57.81,120.22,111.05,2662.82,4021.57,4095.96
19921027,58.24,120.65,111.09,2688.57,4046.95,4143.86
19921028,58.16,120.6,111.12,2696.57,4050,4138.96
19921029,58.52,121.15,111.83,2716.41,4063.17,4161.4
19921030,58.72,121.42,112.51,2727.34,4075.17,4173.11
19921102,59.15,121.95,113.04,2713.74,4061.25,4167.99
19921103,59.46,122.29,113.66,2723.58,4092.31,4209.6
19921104,59.49,122.17,113.73,2714.76,4067.6,4183.21
19921105,59.55,122.02,113.67,2695,4047.16,4161.18
19921106,59.96,122.66,114.55,2708.95,4047.54,4191.02
19921109,60.21,122.87,115.4,2705.11,4032.73,4204.54
19921110,60.53,123.68,116.53,2710.7,4039.84,4222.6
19921111,61.04,124.18,117.59,2701.88,4042.45,4234.63
19921112,61.72,125.29,119.2,2715.14,4060.97,4292.19
19921113,61.71,125.32,119.16,2723.46,4064.49,4294.79
19921116,62.03,125.68,119.66,2714.33,4069.85,4287.52
19921117,61.93,125.42,119.51,2695.99,4056.18,4274.55
19921118,61.77,124.95,118.59,2686.85,4049.29,4247.3
19921119,62.15,125.98,119.72,2711.79,4078.36,4285.3
19921120,62.37,126.29,120.44,2712.97,4087.86,4294.79
19921123,62.68,126.96,121.36,2731.84,4111.82,4329.55
19921124,62.71,127.16,121.15,2722.83,4102.52,4311.45
19921125,63.09,127.87,121.86,2743.06,4119.47,4341.36
19921127,63.44,128.74,122.38,2760.34,4136.32,4355.33
19921130,63.69,129.15,122.61,2774.56,4146.71,4362.32
19921201,64.24,129.9,123.49,2791.18,4157.89,4373.13
19921202,64.29,130.16,123.45,2795.21,4153.08,4368.23
19921203,64.57,130.36,123.45,2783.34,4141.68,4361.3
19921204,64.88,130.56,123.78,2782.05,4143.96,4362.97
19921207,65.34,131.1,124.56,2793,4165.16,4384.97
19921208,65.94,131.69,124.98,2813.92,4188.31,4416.33
19921209,65.99,132.22,125.27,2825.82,4210.6,4430.88
19921210,65.71,131.94,124.55,2814.62,4200.38,4416.56
19921211,65.35,131.43,123.64,2809.94,4195.37,4395.82
19921214,65.38,131.62,123.29,2809.06,4189.39,4384.94
19921215,65.37,131.45,123.07,2805.55,4182.07,4377.87
19921216,64.95,130.98,122.31,2807.73,4172.35,4376.21
19921217,64.63,130.38,121.42,2803.56,4156.14,4363.26
19921218,65.13,131.08,122.56,2823.78,4185.01,4415.82
19921221,65.51,131.82,123.21,2856.59,4231.49,4472.78
19921222,65.51,131.28,123.09,2842.86,4231.36,4472.87
19921223,65.66,131.37,122.67,2833.18,4234.4,4468.02
19921224,65.96,131.47,123.07,2830.59,4226.62,4457.63
19921228,66.31,131.82,123.58,2832.58,4230.91,4464.4
19921229,66.13,131.65,123.27,2836.06,4227.06,4463.89
19921230,66.23,132.27,123.93,2832.44,4220.15,4461.32
19921231,66.68,133.02,124.89,2842.64,4223.77,4468.02
19930104,68.85,135.02,128.68,2839.25,4229.68,4459.05
19930105,68.56,134.26,127.78,2848.86,4220.13,4435.51
19930106,68.99,134.46,127.71,2844.75,4208.58,4424.74
19930107,69.51,135.31,128.68,2860.57,4214.07,4418.69
19930108,69.32,135.07,128.43,2833.02,4183.2,4377.91
19930111,69.19,134.52,127.83,2822.87,4160.22,4369.5
19930112,69.49,135.14,128.42,2822.56,4182.72,4385.18
19930113,69.46,135.11,127.84,2820.74,4189.02,4383.48
19930114,69.79,135.65,128.6,2837.18,4205.07,4410.68
19930115,70.56,136.49,130.09,2845.72,4228.69,4452.79
19930118,71.1,137.38,130.84,2865.2,4244.28,4469.63
19930119,71.26,137.63,130.7,2874.13,4245.38,4463.92
19930120,71.5,137.81,130.59,2881.63,4238.28,4434.02
19930121,71.77,138.49,130.86,2871.21,4219.1,4425.87
19930122,72.04,138.69,131.23,2868.73,4237.69,4454.85
19930125,72.52,139.43,131.83,2875.11,4247.92,4464.47
19930126,73.09,140.19,133.04,2909.89,4280.94,4487.25
19930127,73.51,140.78,133.56,2921.23,4285.75,4472.31
19930128,72.72,139.87,131.85,2914.81,4262.3,4453.49
19930129,72.5,139.59,131.43,2923.11,4267.49,4447.31
19930201,72.73,140.34,131.89,2927.61,4262.64,4462.64
19930202,73.12,140.76,132.37,2953.66,4307.3,4494.89
19930203,73.4,141.15,132.56,2964.03,4314.14,4492.96
19930204,74.05,142.57,133.75,2993.94,4351.71,4537.93
19930205,74.31,143.54,133.87,3024.7,4382.11,4546.28
19930208,73.98,142.99,132.43,3041.05,4379.69,4514.73
19930209,74.02,142.99,132.03,3033.97,4380.36,4490.76
19930210,73.33,142.17,130.7,3008.46,4354.12,4462.26
19930211,73.4,142.28,130.64,3005.91,4361.41,4480.93
19930212,73.78,142.96,131.55,3027.47,4376.66,4484.11
19930216,73.48,142.65,130.66,3011.68,4350.95,4451.47
19930217,70.9,139.08,125.58,2938.62,4260.72,4308.84
19930218,70.43,137.73,123.95,2931.81,4257.85,4282.75
19930219,70.78,138.01,124.99,2917.68,4243.59,4279.4
19930222,71.42,138.48,125.33,2943.86,4276.58,4272.37
19930223,70.82,138.06,122.95,2960.25,4297.63,4240.43
19930224,70.69,138.2,122.07,2951.21,4286.14,4256.13
19930225,71.33,138.53,123.77,2981.42,4328.4,4348.66
19930226,71.54,139.17,124.8,2988.17,4341.72,4371.4
19930301,72.19,140.01,125.91,2996.67,4350.27,4381.97
19930302,72.27,140.22,125.8,2988.71,4339.66,4379
19930303,72.56,141.23,126.86,3045.81,4387.1,4436.7
19930304,73.02,142.1,127.84,3049.47,4406.21,4460.33
19930305,72.82,142.31,127.62,3033.64,4396.3,4429.47
19930308,73.44,142.73,127.94,3030.61,4382.32,4421.19
19930309,74.05,143.78,128.69,3084.13,4445.89,4507.63
19930310,74.35,144.18,129,3092.13,4448.99,4508.11
19930311,74.8,144.6,129.67,3104.64,4465.83,4538.73
19930312,74.92,144.79,130.15,3085.79,4442.76,4522.57
19930315,74.64,144.52,129.46,3053.66,4405.05,4495.93
19930316,75.02,145.02,129.87,3065.1,4417.29,4511.11
19930317,74.92,144.94,129.87,3071.08,4428.55,4490.3
19930318,74.38,144.59,128.92,3057.65,4405.04,4442.41
19930319,74.4,145.06,128.92,3086.45,4441.11,4469.1
19930322,74.18,144.74,127.99,3082.15,4431.25,4430.48
19930323,73.56,143.91,126.54,3076.06,4424.75,4404.18
19930324,73.52,143.76,126.13,3068.29,4428.5,4399.29
19930325,73.32,143.54,125.8,3069.7,4420.87,4392.1
19930326,73.93,144.09,126.68,3094.51,4437.01,4434.11
19930329,74.04,144.14,127.21,3081.26,4423,4405.47
19930330,74.2,143.97,127.27,3094.32,4443.93,4429.51
19930331,74.33,144.03,127.67,3094.7,4457.91,4454.84
19930401,76.81,146.7,131.28,3119.86,4481.15,4480.04
19930402,76.69,146.38,131,3108.15,4472.32,4454.03
19930405,75.32,144.58,128.37,3052.59,4375.81,4362.68
19930406,75.15,144.26,127.87,3069.64,4395.34,4351.08
19930407,74.76,143.43,126.94,3063.52,4401.89,4306.12
19930408,74.83,143.8,127.36,3076.48,4413.75,4321.35
19930412,74.88,143.66,127.14,3079.05,4405.21,4304.83
19930413,75.29,144,127.78,3112.55,4462.1,4375.54
19930414,75.77,144.56,128.47,3146.72,4474.55,4379.47
19930415,75.96,144.72,128.18,3140.44,4477.48,4371.64
19930416,75.76,144.48,127.57,3132.64,4475.32,4363.62
19930419,75.87,144.11,127.44,3161.28,4489.45,4338.7
19930420,75.58,143.54,126.75,3146.65,4464.77,4334.65
19930421,74.99,142.92,126.48,3117.67,4441.85,4317.32
19930422,75.15,143.3,127.19,3093.29,4426.67,4319.18
19930423,75.08,143.05,127.9,3064.01,4393.5,4275.58
19930426,74.76,142.18,127.73,3051.3,4367.35,4247.76
19930427,73.91,140.42,125.8,3035.65,4328.51,4197.94
19930428,74.01,140.42,125.91,3049.37,4356.86,4267.36
19930429,74.31,140.74,126.58,3062.27,4363.66,4263.07
19930430,74.56,141.1,126.89,3065.81,4373.82,4269.75
19930503,75.21,142.33,128.16,3073.06,4390.4,4283.27
19930504,75.6,142.64,128.62,3082.1,4412.36,4315
19930505,76.39,143.93,130.57,3100.24,4427.61,4340.74
19930506,77.03,144.36,132.04,3102.24,4429.95,4362.39
19930507,77.06,144.36,132.13,3093.66,4418.04,4339.68
19930510,77.24,144.12,132.29,3085.96,4408.89,4332.7
19930511,77.34,144.07,132.27,3089.08,4410.55,4347.19
19930512,77.49,144.46,132.63,3103.72,4431.15,4355.58
19930513,77.69,144.55,132.46,3120.33,4431.07,4348.04
19930514,77.43,143.97,131.56,3102.95,4376.8,4285.85
19930517,77.55,143.74,131.96,3087.54,4368.48,4299.87
19930518,77.66,143.36,132.11,3094.11,4370.11,4312
19930519,77.79,143.41,132.31,3088.14,4365.92,4325.16
19930520,78.39,143.79,133.52,3126.74,4423.11,4412.06
19930521,78.51,144.63,134.23,3141.77,4445.69,4458.25
19930524,78.65,144.52,133.9,3121.09,4414.39,4403.79
19930525,78.79,144.59,133.8,3134.21,4427.2,4417.35
19930526,78.93,145.01,134.29,3142.12,4434.56,4432.63
19930527,79.63,145.76,135.47,3175.23,4478.88,4480.77
19930528,79.81,146.17,135.76,3175.55,4477.68,4458.24
19930601,79.59,145.41,135.49,3150.22,4461.92,4440.17
19930602,80.27,145.24,136.1,3180.07,4496.88,4474.58
19930603,80.61,145.69,136.53,3185.42,4496.8,4471.8
19930604,80.78,145.86,136.53,3180.39,4495.22,4447.13
19930607,80.93,145.34,135.91,3170.95,4476.12,4404.77
19930608,80.6,144.73,134.99,3163.19,4455.56,4357.98
19930609,79.74,143.64,133.77,3128.32,4428.5,4328.11
19930610,79.95,143.86,133.95,3139.33,4442.03,4334.96
19930611,79.77,143.69,133.21,3126.66,4432.14,4340.66
19930614,80.08,143.8,133.61,3123.65,4436.59,4380.38
19930615,80.04,144.16,133.38,3118.95,4435.74,4398.47
19930616,80.23,144.71,133.7,3103.48,4426.08,4390.23
19930617,80.17,144.65,133.55,3110.7,4441.1,4390.17
19930618,80.33,144.85,133.46,3122.56,4455,4395.05
19930621,80.25,144.47,133.08,3101.62,4416.61,4340.55
19930622,79.87,144.49,132.72,3121.33,4439.53,4354.93
19930623,79.77,144.33,132.45,3124.49,4446.72,4335.83
19930624,79.64,143.97,132.08,3097.15,4419.92,4328.38
19930625,79.89,144.3,132.33,3120.33,4444.32,4365.9
19930628,80.48,144.75,133.22,3123.48,4456.4,4385.26
19930629,80.86,145.64,134.67,3164.11,4502.04,4431.91
19930630,80.85,146.53,134.82,3159.43,4487.29,4424.62
19930701,83.26,134.94,120.26,4395.37,4116.47,3921.81
19930702,83.66,135.56,120.54,4382.78,4112.85,3899.61
19930706,83.84,135.42,120.71,4350.25,4085.35,3885.34
19930707,83.78,135.41,120.18,4320.32,4052.52,3843.86
19930708,83.53,135.68,119.39,4335.11,4062.82,3846.9
19930709,83.98,136.15,119.87,4373.18,4110.97,3894.57
19930712,84.42,136.51,120.46,4370.78,4111.66,3897.11
19930713,84.61,136.95,120.74,4379.85,4116,3902.38
19930714,84.7,137.33,121.12,4373.55,4107.91,3906.45
19930715,84.93,138.29,121.84,4385.07,4130.45,3920
19930716,85.08,138.01,121.72,4375.56,4133.16,3898.27
19930719,84.95,137.71,120.8,4340.07,4111.66,3859.02
19930720,84.53,137.59,119.83,4352.92,4118.59,3835.65
19930721,84.66,137.55,120,4366.12,4126.35,3852.39
19930722,84.52,137.46,119.99,4364.51,4127.4,3842.06
19930723,84.06,136.9,119.29,4345.86,4102.93,3816.47
19930726,84.3,136.95,119.72,4374.21,4111.58,3848.67
19930727,84.81,137.64,120.17,4402.69,4133.12,3866.93
19930728,84.55,137.21,120.15,4414.27,4119.74,3847.76
19930729,84.81,137.49,120.53,4410.3,4115.69,3844
19930730,85.23,137.6,120.61,4429.06,4146.83,3864.26
19930802,85.54,137.62,120.97,4381.7,4127.44,3854.22
19930803,85.96,137.75,121.4,4395.26,4142.27,3876.18
19930804,86.11,137.99,121.68,4381.76,4136.85,3880.31
19930805,86.1,138.35,121.92,4373.63,4134.36,3882.37
19930806,85.92,138.04,121.86,4353.31,4134.83,3886.28
19930809,86.13,138.36,122.24,4372.37,4131.08,3895.1
19930810,86.24,138.46,122.43,4392.27,4157.06,3903.57
19930811,86.32,138.81,122.54,4399.96,4149.76,3885.93
19930812,86.65,139.12,122.42,4404.99,4161.35,3887.36
19930813,86.29,138.71,122.2,4400.48,4140.2,3880.7
19930816,86.39,138.95,122.38,4404.5,4150.05,3886.91
19930817,86.78,138.94,122.7,4431.18,4161.85,3918.95
19930818,87.04,139.26,123.4,4429.81,4173.58,3939.74
19930819,87.47,139.91,124.29,4453.82,4183.83,3979.53
19930820,87.6,139.62,124.35,4452.37,4188.02,3975.12
19930823,88.03,140.15,124.52,4451.59,4181.01,3979.6
19930824,88.11,139.81,124.55,4454.41,4173.35,3968.78
19930825,88.68,140.38,125.44,4500.3,4218.02,3993.85
19930826,88.75,140.76,125.33,4521.8,4225.14,3976.32
19930827,88.69,140.56,125.02,4529.46,4236.68,3969.29
19930830,88.94,140.83,125.18,4518.63,4230.05,3972.73
19930831,89.23,141.01,125.7,4524.54,4246.78,3981.19
19930901,90,142.61,126.53,4534.57,4264.91,4000.73
19930902,90.06,143.09,127.09,4545.8,4261.67,4000.54
19930903,90.25,143.26,127.9,4533.93,4247.44,3990.92
19930907,90.29,143.87,128.24,4546.35,4249.24,3983.93
19930908,89.46,142.82,126.71,4514.18,4227.75,3944.18
19930909,88.28,141.34,124.79,4487.96,4213.49,3913.1
19930910,89.05,141.78,125.64,4496.58,4218.34,3935.7
19930913,89.83,142.98,126.79,4526.03,4259.7,3970.57
19930914,89.85,143.17,126.58,4531.25,4273.78,3953.55
19930915,89.17,142.26,125.41,4510.45,4248.43,3934.91
19930916,89.22,142.71,126.01,4531.42,4263.87,3944.76
19930917,89.26,142.88,126.36,4509.79,4244.89,3942.16
19930920,89.5,142.98,126.49,4486.96,4244.43,3941.06
19930921,89.35,143,126.52,4458.65,4217.76,3913.56
19930922,88.41,141.92,125.21,4442.48,4188.3,3898.08
19930923,89.32,142.88,127,4466.84,4214.34,3944.11
19930924,89.86,143.1,128.24,4472.24,4225.28,3979.84
19930927,90.22,143.5,128.63,4492.29,4216.67,3981.65
19930928,90.69,144.1,129.4,4530.25,4246.65,4018.89
19930929,91.03,144.5,129.86,4538.73,4245.43,4019.73
19930930,91.57,144.77,130.2,4561.07,4227.77,4001.54
19931001,94.99,146.87,133.63,4576.98,4224.42,4006.01
19931004,95.31,147.02,133.6,4635.42,4240.68,4008.56
19931005,95.58,147.43,133.74,4672.01,4236.66,4024.04
19931006,95.42,147.71,133.32,4670.1,4228.95,4028.06
19931007,95.83,148.19,133.99,4671.73,4221.95,4023.18
19931008,95.85,147.99,133.88,4664.87,4198.54,4017.81
19931011,95.91,148.24,133.81,4661.48,4205.47,4031.31
19931012,96.38,148.63,134.48,4665.52,4207.97,4046.12
19931013,96.83,148.71,135.85,4683.29,4206.84,4058.58
19931014,97.54,149.03,136.64,4671.16,4219.99,4066.21
19931015,98.08,149.45,137.47,4689.7,4283.87,4092.03
19931018,98.49,150.08,138.21,4714.57,4297.53,4119.72
19931019,98.19,149.82,138.02,4705.64,4280.96,4105.02
19931020,97.13,148.74,135.71,4678.83,4264.58,4057.99
19931021,97.1,148.5,134.95,4672.73,4262.82,4055.38
19931022,97.02,148.82,134.87,4672.17,4254,4056.93
19931025,97.42,148.47,135.75,4670.77,4238.79,4044.07
19931026,97.14,148.54,135.52,4691.62,4240.16,4039.71
19931027,96.88,148.32,135.21,4691.77,4237.59,4024.47
19931028,97.26,148.83,136.16,4700.66,4243.86,4037.7
19931029,97.8,149.41,136.61,4721.64,4275.21,4054.78
19931101,98.87,151.28,138.38,4718.11,4275.77,4065.06
19931102,98.96,151,138.91,4727.2,4288.35,4077.64
19931103,99.46,151.21,139.32,4727.14,4279.18,4071.41
19931104,98.43,149.87,137.85,4680.04,4211.77,4028.51
19931105,97.22,147.7,135.73,4624.07,4161.56,3964.51
19931108,97.16,147.3,135.9,4637.06,4181.03,3991.85
19931109,97.56,147.69,136.83,4640.07,4181.83,4014.18
19931110,97.9,148.1,137.66,4635.04,4180.72,4032.78
19931111,98.24,148.76,138.64,4656.92,4198.56,4079.33
19931112,98.52,149.09,138.96,4645.45,4198.01,4074.81
19931115,99,149.32,139.08,4662.35,4225.47,4092.84
19931116,98.47,148.89,137.95,4633.16,4210.47,4079.89
19931117,98.06,148.66,137.26,4642.85,4237.03,4109.53
19931118,97.42,148.22,136.02,4650.69,4212.84,4074.08
19931119,96.83,147.57,135.03,4635.06,4198.02,4054.5
19931122,96.53,147.39,134.29,4618.06,4188.9,4043.72
19931123,95,145.6,131.63,4586.7,4155.72,3989
19931124,95.45,145.97,132.47,4609.06,4173.17,4016.01
19931126,95.93,146.4,133.59,4625.51,4189.58,4037.18
19931129,95.9,146.78,133.95,4600.61,4210.87,4055.87
19931130,95.48,147.06,133.86,4580.66,4208.37,4046.51
19931201,96.35,147.69,134.59,4610.64,4191.47,4058.51
19931202,97.15,147.32,136.11,4611.1,4193.15,4082.69
19931203,97.37,147.5,136.58,4616.48,4205.71,4092.8
19931206,97.74,147.98,137.11,4628.19,4229.01,4109.22
19931207,97.7,148.43,137.07,4632.99,4248.29,4119.74
19931208,97.71,148.67,136.9,4631.21,4251.91,4120.87
19931209,97.75,149.29,137.1,4620.63,4249.46,4118.6
19931210,97.38,149.27,136.51,4610.77,4230.07,4091.66
19931213,97.28,149.07,136.2,4650.17,4227.62,4081
19931214,97.02,148.71,135.69,4667.48,4244.3,4083.24
19931215,96.17,147.64,134.36,4636.69,4225.58,4057.53
19931216,96.02,147.67,134.07,4612.47,4216.72,4057.01
19931217,96.23,147.93,134.59,4621.3,4228.84,4067.87
19931220,96.95,148.93,135.35,4659.78,4251.54,4097.83
19931221,96.72,148.76,135.41,4664.41,4249.84,4089.04
19931222,96.32,148.23,134.31,4654.63,4243.65,4080.53
19931223,96.45,147.94,134.34,4668.99,4264.04,4090.77
19931227,96.96,148.02,134.82,4674.97,4265.25,4100.16
19931228,97.29,148.54,135.27,4711.99,4284.79,4124.33
19931229,97.55,148.93,136.05,4715.88,4292.63,4139.73
19931230,98.2,150.03,137.23,4719.6,4291.61,4138.91
19931231,98.24,150.34,137.54,4709.3,4273.68,4129.74
19940103,100.34,152.8,141.8,4693.92,4273.99,4135.82
19940104,100.15,151.7,140.61,4705.98,4255.67,4109.54
19940105,100.73,151.87,140.97,4738.37,4252.34,4121.96
19940106,101.1,152.19,141.8,4762.05,4251.01,4132.95
19940107,101.21,152.5,142,4753.69,4251.82,4124.32
19940110,101.85,152.89,142.41,4767.19,4275.28,4149.49
19940111,102.22,153.15,142.65,4810.02,4316.48,4195.21
19940112,102.25,153.17,142.35,4794.36,4305.75,4197.24
19940113,102.32,153.42,142.54,4794.39,4301.96,4203.48
19940114,102.38,153.84,142.87,4804.11,4285.37,4190.66
19940117,102.83,154.22,143.32,4819.91,4303.59,4218.55
19940118,103.03,154.56,143.45,4818.24,4284.11,4209.27
19940119,103,154.61,143.78,4822.56,4296.4,4203.67
19940120,103.04,155.01,143.66,4809.52,4304.83,4188.85
19940121,103.48,155.39,144.14,4816.2,4315.96,4195.2
19940124,103.79,155.59,144.41,4810.44,4311.46,4193.14
19940125,103.67,155.1,143.87,4830.18,4284.38,4169.52
19940126,103.26,154.41,143.48,4817.96,4273.74,4164.08
19940127,103.43,154.78,144.18,4829.12,4298.46,4181.4
19940128,103.94,155.24,144.51,4857.46,4344.05,4215.63
19940131,104.45,155.76,145.13,4887.7,4353.21,4240.03
19940201,105.87,157.07,146.41,4923.62,4389.49,4255.49
19940202,105.56,157.15,146.38,4909.78,4369.98,4247.06
19940203,106.17,157.56,147.02,4939.62,4384.31,4270.83
19940204,106.01,157.74,146.8,4925.68,4374.09,4262.04
19940207,103.57,155.06,143.11,4805.5,4283.26,4150.24
19940208,103.63,154.93,143.09,4826.71,4299.59,4164.87
19940209,104.24,155.87,144.23,4821.48,4296.41,4166.85
19940210,104.84,156.81,145.38,4843.03,4307.62,4187.98
19940211,104.59,156.57,144.76,4819.09,4267.17,4166.26
19940214,104.47,156.44,144.11,4811.74,4272.52,4169.3
19940215,104.61,156.23,144.53,4805.89,4276.63,4176.82
19940216,105.31,156.66,145.34,4817,4298.88,4202.5
19940217,106.02,157.36,146.12,4806.38,4296.5,4207.57
19940218,105.85,156.98,145.5,4775.54,4273.22,4193.78
19940222,105.65,156.52,144.83,4751.46,4248.84,4175.36
19940223,105.87,156.99,145.33,4777.93,4278.96,4209.11
19940224,105.24,156.57,145.35,4770.59,4265.03,4210.66
19940225,104.07,155.49,143.78,4710.49,4213.63,4154.44
19940228,104.44,155.75,144.27,4719.91,4232.3,4172.34
19940301,105.79,157.27,146,4727.5,4243.16,4221.57
19940302,105.2,156.81,145.14,4710.49,4216.93,4202.9
19940303,104.69,155.69,144.27,4732,4218.86,4189.57
19940304,104.61,155.58,144.81,4737.52,4199.83,4176.6
19940307,105.18,156.48,145.76,4741.8,4222.92,4193.69
19940308,105.95,157.59,146.85,4755.34,4243.44,4225.55
19940309,105.95,157.74,146.6,4747.22,4231.54,4213.62
19940310,106.11,157.77,146.58,4751.92,4233.63,4228.17
19940311,105.78,157.33,146.06,4726.71,4204.79,4198.24
19940314,106.23,157.46,145.97,4767.58,4222.66,4212.22
19940315,106.63,157.79,146.23,4774.37,4235.63,4228.21
19940316,106.91,158.06,146.56,4766.02,4235.43,4230.11
19940317,107.59,159.07,147.7,4801.09,4259.56,4247.94
19940318,107.67,159.38,148.55,4830.06,4273.53,4252.52
19940321,108.28,160.36,148.91,4824.22,4275.14,4255.94
19940322,107.98,159.26,147.83,4808.47,4253.89,4234.01
19940323,108.28,159.6,148.1,4817.45,4260.88,4224.71
19940324,108.49,159.98,148.34,4807.86,4267.75,4221.94
19940325,107.08,158.66,146.28,4761.54,4227.09,4184.48
19940328,107.08,158.63,145.74,4720.57,4195.2,4157.32
19940329,105.4,157.01,143.29,4691.85,4194.24,4140.26
19940330,103.32,154.41,139.85,4614.89,4125.48,4061.22
19940331,101.77,152,137,4542.3,4068.09,4001.26
19940404,103.15,151.95,138.48,4526.85,4065.44,4014.43
19940405,101.33,150.01,135.66,4453.48,4009.12,3949.62
19940406,103.94,153.09,140.32,4549.73,4087.41,4054.06
19940407,104.04,153.66,140.65,4553.22,4086.49,4053.17
19940408,104.73,154.22,141.6,4576.33,4112.67,4082.03
19940411,104.07,153.53,141.04,4539.51,4077.54,4044.26
19940412,104.01,153.45,140.75,4560.29,4092.67,4061.31
19940413,103.29,152.86,139.32,4553.03,4074.8,4031.31
19940414,101.7,151.49,137.35,4538.22,4064.07,3998.99
19940415,101.89,151.74,137.54,4566.45,4067.87,3982.22
19940418,101.94,151.97,137.58,4579.36,4071.05,3976.7
19940419,101.11,151.02,136.5,4557.74,4044.82,3933.04
19940420,100.17,150.05,134.54,4558.13,4045.5,3924.28
19940421,99.14,148.63,131.79,4527.53,4056.59,3903.63
19940422,100.15,149.59,133.82,4586.06,4099.67,3994.37
19940425,100.8,150.15,134.77,4597.08,4082.92,3991.63
19940426,101.81,151.4,136.22,4648.7,4122.88,4029.6
19940428,102.32,152.04,137.09,4643.77,4119.44,4029.78
19940429,102.86,152.21,137.24,4592.26,4092.76,4012.42
19940502,103.87,153.84,138.24,4625.43,4094.85,4030.9
19940503,104.42,154.3,139.18,4634.59,4110.75,4063.75
19940504,104.5,154.43,139.58,4637.5,4113.44,4054.97
19940505,104.45,154.54,139.67,4615.08,4103.7,4056.92
19940506,104.49,154.37,139.47,4613.83,4096.69,4052.97
19940509,103.67,153.11,138.01,4615.32,4047.06,4008.4
19940510,102.33,151.85,136.19,4566.29,3989.09,3956.64
19940511,102.52,151.77,136.17,4591.27,4018.24,3985.47
19940512,101.46,150.59,134.31,4553.79,3972.81,3943.78
19940513,101.63,151.07,134.55,4574.4,3990.95,3956.31
19940516,101.24,150.9,134.19,4569.47,4003.39,3955.53
19940517,100.71,150.32,133.26,4575.77,4004.52,3940.32
19940518,100.51,150.29,133.1,4608.65,4047.81,3981.36
19940519,101.6,151.69,134.67,4641.63,4096.55,4035.18
19940520,102.28,152.67,135.82,4668.91,4121.73,4059.25
19940523,102.27,152.54,135.63,4672.14,4114.68,4036.39
19940524,102.07,152.29,135.16,4652.36,4100.81,4025.81
19940525,102.25,152.34,135.47,4668.17,4110.06,4057.16
19940526,102.28,152.3,135.22,4687.62,4123.88,4066.61
19940527,102.84,152.72,135.56,4692.38,4129.49,4076.37
19940531,103.1,153.1,135.76,4688.74,4129.76,4083.68
19940601,103.49,152.73,135.99,4686.38,4117.37,4081.05
19940602,103.63,151.83,136.69,4701.27,4127.14,4094.48
19940603,104.34,152.77,137.76,4692.61,4129.54,4102.14
19940606,104.52,152.88,137.97,4704.58,4156.07,4125.65
19940607,104.73,153.41,138.13,4700.78,4153.61,4120.81
19940608,104.39,153.01,137.61,4694.25,4142.13,4116.06
19940609,103.72,152.74,136.21,4688.91,4132.36,4085.49
19940610,103.58,152.59,136.08,4705.19,4133.52,4080.94
19940613,104.14,153.21,136.96,4728.23,4141.35,4085.81
19940614,104.34,153.16,136.61,4719.76,4146.4,4094.21
19940615,104.9,153.45,136.81,4742.61,4179.25,4117.13
19940616,105,153.44,136.89,4718.53,4165.9,4103.53
19940617,105.16,153.72,137.02,4734.41,4178.77,4109.53
19940620,104.68,153.16,135.85,4701.33,4151.09,4074.22
19940621,103.16,151.69,133.5,4662.87,4117.85,4039.11
19940622,102.06,149.92,131.66,4630.11,4087.88,3991.26
19940623,102.68,150.5,132.33,4649.12,4104.46,3998.73
19940624,102,149.37,130.73,4613.37,4073.76,3959.58
19940627,100.64,147.67,128.8,4535.91,4011.98,3911.15
19940628,101.01,147.83,129.32,4565.97,4049.88,3958.76
19940629,100.51,147.08,128.83,4546,4039.01,3955.86
19940630,100.87,147.49,129.47,4559.35,4054.88,3971.45
19940701,81.86,136.39,121.99,4119.65,4043.92,3489.73
19940705,81.78,136.59,122.42,4129.66,4061.27,3512.42
19940706,81.75,136.29,122.14,4134.42,4059.81,3509.29
19940707,81.54,136.38,122,4145.35,4059.73,3501.34
19940708,81.82,136.79,122.48,4163.31,4074.25,3531.06
19940711,81.54,136.58,122.81,4175.35,4084.28,3534.33
19940712,81.56,136.25,122.76,4168.58,4069.2,3521.37
19940713,81.8,136.66,123.03,4173.46,4063.23,3533.25
19940714,82.18,137.24,124.03,4189.54,4065.18,3560.52
19940715,83.01,138.16,125.15,4225.43,4114.38,3590.23
19940718,83.28,138.27,125.03,4232.41,4126.76,3581.27
19940719,83.18,138.09,125.03,4240.83,4126.48,3601.45
19940720,83.18,138.32,124.57,4240.84,4110.44,3588.72
19940721,82.72,137.89,123.79,4223.91,4092.89,3560.67
19940722,82.94,138.03,123.82,4231.79,4100.08,3573.08
19940725,82.94,138.03,123.88,4229.85,4102.74,3579.91
19940726,82.97,137.86,123.81,4233.01,4113.86,3587.1
19940727,82.91,137.7,123.61,4228.85,4108.13,3576.53
19940728,82.85,137.16,122.63,4223.62,4102.98,3561.86
19940729,82.88,137.18,122.45,4234.04,4119.23,3568.96
19940801,83.66,138.35,124.41,4259.57,4152.75,3636.01
19940802,84.09,138.56,124.91,4293.22,4175.11,3652.33
19940803,84.35,138.69,125.11,4288.25,4185.35,3652.42
19940804,84.3,139.14,125.35,4297.45,4182.19,3651.98
19940805,84.32,138.76,124.9,4274.49,4161.29,3626.74
19940808,84.27,138.35,124.5,4257.27,4146.66,3621.37
19940809,84.28,138.44,124.61,4265.37,4154.99,3629.99
19940810,84.15,138.6,125.01,4265.79,4155.8,3635.39
19940811,84.55,139.34,125.98,4279.39,4177.93,3663.18
19940812,84.42,139.32,125.97,4266.07,4164.15,3657.32
19940815,84.81,139.64,126.58,4293.05,4185.68,3681.29
19940816,85.02,139.99,126.94,4286.48,4177.42,3686.66
19940817,85.09,140.17,127.26,4291.69,4218.08,3720.12
19940818,85.47,140.7,128.06,4282.14,4222.22,3737.33
19940819,85.42,140.8,128.11,4275.04,4203.69,3719.47
19940822,85.77,141.12,128.45,4278.64,4203.69,3731.03
19940823,85.76,140.97,128.78,4263.87,4196.15,3722.11
19940824,86.24,141.95,129.73,4281.54,4216.62,3748.38
19940825,86.56,142.44,130.58,4329.54,4250.44,3765.32
19940826,86.69,142.67,130.94,4326.82,4246.1,3767.05
19940829,87.04,143.12,132.02,4373.28,4289.62,3819.62
19940830,87.23,143.44,132.25,4392.49,4299.4,3814.87
19940831,87.66,143.83,132.83,4409.68,4307.36,3836.49
19940901,88.16,144.62,133.78,4403.07,4301.57,3836.61
19940902,87.9,143.98,133.06,4399.7,4285.22,3807.63
19940906,88.03,144.02,133.42,4383.13,4267.94,3791.62
19940907,88,143.6,133.2,4400.04,4267.42,3790.55
19940908,88.2,144.02,133.87,4398.88,4262.59,3790.9
19940909,88.7,144.63,134.67,4415.75,4279.85,3813.64
19940912,88.39,144.17,133.85,4374.92,4235.02,3772.75
19940913,88.12,143.89,133.32,4360.24,4215.03,3754.31
19940914,88.5,144.66,133.97,4367.44,4221.93,3775.58
19940915,88.8,145.1,134.41,4375.69,4236.53,3784.49
19940916,89.99,146.02,135.61,4435.66,4287.9,3835.05
19940919,89.8,146.31,135.84,4414.43,4257.7,3815.56
19940920,89.47,145.95,135.6,4429.56,4258.48,3802.79
19940921,88.77,144.66,134.04,4365.96,4189.27,3739.4
19940922,87.97,143.76,132.96,4336.38,4174.37,3717.7
19940923,88.04,143.72,132.93,4335.08,4173.59,3709.67
19940926,87.94,143.27,132.57,4321.25,4166.09,3690.37
19940927,87.75,142.95,132.21,4330.78,4181.55,3691.17
19940928,87.76,143.25,132.04,4335.61,4195.69,3693.53
19940929,88.45,143.97,132.53,4366.8,4220.48,3716.01
19940930,88.41,143.83,132.45,4354.51,4197.66,3705.29
19941003,89.64,145.95,134.96,4360.92,4233.17,3724.6
19941004,89.44,144.23,134.31,4347.19,4224.29,3716.21
19941005,88.34,142.58,132.29,4286.48,4168.92,3648.86
19941006,87.54,141.74,131.35,4270.17,4152.27,3645.47
19941007,87.73,142.04,131.38,4263.58,4145.43,3628.03
19941010,88.19,142.18,132.14,4307.01,4163.83,3651.76
19941011,88.76,142.9,133.32,4338.84,4189.64,3690.66
19941012,89.21,143.66,134.6,4383.67,4253.91,3743.31
19941013,89.47,143.86,134.93,4380,4244.07,3756.14
19941014,89.79,144.02,134.95,4398.91,4266.67,3763.1
19941017,89.78,143.84,134.73,4413.53,4280.82,3763.79
19941018,89.65,143.97,134.76,4408.62,4279.25,3760.48
19941019,89.43,143.67,134.19,4404.99,4271.29,3754.17
19941020,89.87,144.29,134.57,4410.51,4295.56,3780.86
19941021,89.38,143.99,133.91,4389.6,4264.6,3759.93
19941024,89.17,143.7,133.52,4374.14,4250.36,3745.75
19941025,88.74,143.21,132.92,4334.92,4213.33,3721.7
19941026,88.45,142.95,132.13,4352.09,4217.25,3718.88
19941027,88.62,142.83,132.35,4358.5,4224.33,3741.13
19941028,89.04,143.59,133.48,4391.34,4250.36,3765.53
19941031,89.94,144.63,134.98,4452.64,4314.35,3838.65
19941101,90.28,144.66,135.46,4446.97,4300.48,3836.66
19941102,89.66,143.96,134.73,4384.09,4269.69,3817.71
19941103,89.77,144.11,135,4369.1,4255.27,3810.21
19941104,89.96,144.22,135.37,4382.07,4273.69,3810.84
19941107,89.66,143.69,134.79,4333.26,4226.81,3774.83
19941108,89.26,143.03,134.1,4324,4235.06,3773.21
19941109,89.42,143.32,134.34,4340.02,4253.11,3804.96
19941110,89.24,143.06,133.99,4340.45,4245.17,3807.8
19941111,88.89,142.74,133.51,4317.63,4238.49,3802.31
19941114,88.53,142.35,132.93,4304.05,4222.34,3783.95
19941115,88.72,142.32,133.6,4320.04,4256.15,3816.94
19941116,88.76,142.43,133.91,4326.09,4247.36,3807.61
19941117,88.57,142.36,133.92,4327.52,4249.25,3809.27
19941118,88.26,141.81,133.45,4314.9,4234.99,3782.93
19941121,88.1,141.44,132.9,4281.36,4216.25,3773.78
19941122,87.46,140.65,131.93,4253.69,4192.01,3735.93
19941123,85.96,138.74,129.19,4177.43,4125.98,3653.66
19941125,85.41,137.67,128.09,4162.98,4119.56,3652.83
19941128,85.92,138.4,129.04,4187.52,4137.18,3683.01
19941129,86.08,138.52,129.31,4204.29,4145.79,3706.41
19941130,86.42,138.85,129.97,4217.78,4149.7,3720.59
19941201,87,139.12,130.99,4226.3,4136.33,3707.29
19941202,86.04,138.19,129.68,4187.54,4096.17,3662.05
19941205,86.46,138.37,130.09,4217.34,4125.42,3695.69
19941206,86.46,138.3,130.22,4204.22,4133.47,3703.06
19941207,86.05,137.97,129.5,4208.05,4132.44,3691.34
19941208,85.63,137.09,128.31,4189.67,4121.88,3668.53
19941209,84.32,135.46,125.48,4145.33,4087.54,3586.23
19941212,83.98,135.05,124.95,4160.52,4089.73,3600.95
19941213,83.9,135.11,124.96,4182.41,4105.8,3620.27
19941214,83.81,134.97,125.2,4178.37,4116.85,3637.54
19941215,84.39,136.06,126.2,4215.23,4162.26,3680.69
19941216,85.3,137.4,127.59,4229.92,4166.45,3693.83
19941219,85.2,137.36,127.2,4265.04,4189.27,3717.27
19941220,85.06,137.39,126.73,4257.34,4183.71,3705.07
19941221,85.24,137.41,126.91,4248.01,4181.81,3703.39
19941222,86.15,138.71,128.28,4271.85,4198.52,3736.56
19941223,86.68,138.66,128.76,4269.77,4196.59,3734.31
19941227,87.23,139.08,129.49,4279.53,4201.56,3738.55
19941228,87.48,139.67,130.22,4294.38,4221.04,3761.19
19941229,87.13,139.21,129.86,4277.6,4206.65,3743.33
19941230,87.26,139.74,130.9,4280.41,4208,3767.9
19950103,89.66,142.83,133.42,4286.99,4197.23,3754.29
19950104,89.05,141.66,131.47,4287.6,4202.03,3742.15
19950105,89.46,142.04,131.63,4305.83,4210.76,3759.79
19950106,89.6,141.96,131.56,4307.14,4202.84,3762.55
19950109,89.83,142.22,132.03,4319.61,4203.49,3775.62
19950110,89.77,142.43,132.37,4317.17,4198.41,3791.05
19950111,89.94,142.6,132.87,4320.03,4201.46,3810.88
19950112,89.85,142.29,132.34,4307.94,4196.1,3819.36
19950113,89.75,142.24,132.92,4309.49,4198.62,3817.21
19950116,90.36,143.3,133.73,4345.54,4233.48,3858.22
19950117,90.5,143.72,134.7,4370.94,4269.45,3897.91
19950118,90.82,144.36,135.59,4386.93,4276.49,3902.68
19950119,90.83,143.99,135.38,4399.08,4261.86,3897.78
19950120,90.46,143.26,134.61,4379.1,4238.06,3873.91
19950123,90.04,142.86,134.09,4367.37,4221.11,3842.36
19950124,89.57,142.25,133.26,4367.15,4235.78,3836.71
19950125,89.98,142.67,133.97,4369.41,4235.95,3850.44
19950126,89.98,142.66,133.33,4378.71,4256.21,3853.37
19950127,89.79,142.29,133.09,4374.7,4268.22,3850.61
19950130,89.96,142.58,133.07,4364.12,4296.77,3875.07
19950131,89.15,140.42,131.9,4326.63,4287.3,3862.48
19950201,89.23,141.18,132.28,4346.79,4303.27,3886.42
19950202,89.35,141.32,132.86,4359.61,4298.02,3903.71
19950203,89.78,141.67,133.81,4373.53,4318.75,3922.55
19950206,90.36,142.68,135.03,4421.24,4373.58,3980.59
19950207,90.83,143.31,136.11,4440.7,4398.34,4010.33
19950208,91.06,143.54,136.22,4449.11,4393.61,4000.95
19950209,91.2,144.1,136.87,4449.28,4391.22,4017.99
19950210,91.69,144.32,137.49,4441.04,4376.75,4023.15
19950213,92.03,144.84,138.07,4451.99,4391.24,4025.34
19950214,91.97,145.15,138.08,4470.87,4391.53,4014.56
19950215,91.88,145.16,137.6,4479.74,4395.73,4018.65
19950216,92.49,146.21,138.78,4504.98,4411.56,4040.1
19950217,92.23,145.46,138,4515.63,4409.65,4048.28
19950221,91.91,145.07,137.12,4494.85,4387.24,4015.67
19950222,91.64,145.11,136.47,4511.36,4384.91,4010.34
19950223,91.63,145.36,136.52,4522.32,4405.44,4035.07
19950224,91.97,145.78,137.03,4537.28,4431.27,4051.14
19950227,92.17,146.15,137.49,4540.53,4449.3,4047
19950228,91.35,145.08,135.95,4517.09,4416.35,4011.11
19950301,92.48,146.66,137.88,4548.22,4449.23,4055.89
19950302,92.24,146.34,137.74,4529.14,4429.69,4058.79
19950303,92.21,146.07,138.1,4535.41,4422.29,4054.69
19950306,92.6,146.3,138.4,4543.5,4427.1,4067.52
19950307,92.37,145.76,137.88,4540.42,4426.7,4057.55
19950308,91.6,144.94,137.03,4518.45,4390.36,4023.62
19950309,91.83,145.4,137.38,4537.59,4393.63,4035.75
19950310,91.79,145.45,137.56,4544.8,4397.35,4029.58
19950313,92.27,145.75,138.5,4588.82,4461.85,4073.53
19950314,92.35,145.87,138.59,4598.21,4460.04,4081.4
19950315,92.44,146.37,139.21,4609.46,4494.88,4106.94
19950316,92.31,146.49,139.47,4610.25,4492.68,4093.83
19950317,92.74,146.76,139.97,4640.75,4517.61,4119.08
19950320,92.45,146.53,139.72,4637.61,4523.07,4109.42
19950321,92.56,146.65,140.14,4640.38,4526.23,4117.18
19950322,92.24,146.53,139.64,4627.7,4515.01,4111.87
19950323,92.29,146.31,139.45,4641.18,4515.34,4114.58
19950324,92.52,146.56,140.05,4663.35,4509.73,4117.9
19950327,93.01,147.16,141.04,4709.86,4553.09,4162.2
19950328,93.32,147.64,141.9,4737.11,4569.25,4184.79
19950329,93.41,147.78,142.68,4740.13,4571.28,4199.16
19950330,93.42,147.86,142.18,4750.03,4564.36,4183.61
19950331,93.73,148.08,142.23,4763.9,4562.34,4165.01
19950403,94.84,149.21,144.24,4766.42,4557.48,4174.32
19950404,94.77,149.23,144.36,4761.87,4569.54,4182.71
19950405,95.06,149.55,144.03,4791.83,4611.95,4179.71
19950406,95.11,149.93,144.2,4806.72,4608.59,4188.23
19950407,95.34,150.3,143.96,4798.74,4623.09,4185.93
19950410,95.1,149.79,143.28,4793.74,4622.37,4191.66
19950411,95.33,150.45,144.44,4803.01,4625.41,4212.81
19950412,95.56,150.79,144.9,4803.4,4612.21,4201.58
19950413,95.9,150.93,145.29,4820.9,4633.8,4211.13
19950417,96.61,151.39,146.05,4822.46,4645.57,4239.72
19950418,96.48,151.38,145.8,4807.42,4607.84,4219.59
19950419,96.46,150.73,145.08,4791.77,4598.34,4202.72
19950420,95.93,150.08,143.57,4794.74,4599.6,4174.13
19950421,96.15,150.65,143.62,4830.5,4602.61,4171.77
19950424,96.5,151.3,144.47,4855.35,4631.96,4190.61
19950425,96.89,151.89,145.34,4890.19,4668.84,4227.86
19950426,96.98,152.18,145.5,4889.11,4666.36,4227.92
19950427,97.02,152.81,146.09,4890.13,4669.38,4240.02
19950428,97.46,153.03,146.9,4898.6,4670.52,4257.85
19950501,98.63,154.31,147.68,4836.5,4685.48,4285.25
19950502,98.87,154.4,147.54,4875.43,4677.64,4276.35
19950503,98.99,154.58,147.36,4877.43,4686.61,4276.58
19950504,99.33,155.15,147.76,4906.81,4733.95,4337.68
19950505,98.9,154.74,146.6,4904.02,4731.24,4339.91
19950508,98.85,154.65,146.45,4901.25,4725.51,4339.06
19950509,99.38,155.06,147.31,4921.64,4757.13,4375.98
19950510,99.02,154.62,147.17,4915.89,4767.62,4382.98
19950511,99.44,155.19,147.75,4919.86,4775.43,4388.46
19950512,99.84,155.81,148.47,4924.13,4775.81,4422.76
19950515,100.16,155.87,149.06,4954.87,4771.25,4446.02
19950516,100.46,156.15,149.7,4984.76,4785.81,4466.64
19950517,101.01,156.36,150.49,5001.03,4785.97,4467.98
19950518,101.26,156.58,150.94,4982.86,4770.31,4465.93
19950519,100.51,155.92,149.87,4920.65,4697.3,4408.5
19950522,100.71,155.73,149.68,4914.93,4698.65,4403.25
19950523,101.1,156.39,150.64,4950.75,4735.64,4442.59
19950524,101.41,157.36,151.49,4997.93,4771.12,4493.31
19950525,101.43,157.14,151.49,4995.75,4768.94,4494.19
19950526,101.51,156.95,151.39,4983.64,4785.91,4489.66
19950530,101.01,156.44,150.62,4937.42,4757.28,4446.07
19950531,100.44,156.07,149.51,4940.94,4774.94,4403.67
19950601,101.28,157.13,150.84,5022.26,4859.91,4476.95
19950602,101.38,157.7,151.58,5030.67,4854.22,4494.9
19950605,101.45,158.04,152.18,4997.06,4852.31,4513.48
19950606,102.29,158.62,153.43,5011.37,4876.11,4558.92
19950607,102.27,158.81,153.79,5019.27,4872.94,4549.71
19950608,102.33,158.59,154.18,5001.64,4857.79,4535.41
19950609,102.75,159.24,155.04,4989.17,4849.45,4532.53
19950612,102.63,158.95,154.69,4953.38,4824.08,4491.4
19950613,103.28,159.49,155.29,4968.41,4852.93,4517.02
19950614,104.1,160.14,156.45,5006.16,4898.97,4566.41
19950615,104.37,160.35,156.76,5005.79,4901.42,4572.32
19950616,104.99,160.95,157.73,5014.88,4908.09,4584.47
19950619,105.41,161.26,158.04,5033.44,4930.26,4610.57
19950620,105.78,161.84,159.31,5066,4967.23,4679.97
19950621,105.9,161.91,159.66,5056.23,4961.77,4698.98
19950622,105.95,162.2,160.1,5038.56,4967.17,4696.55
19950623,106.72,163.03,162.05,5083.7,5026.47,4769.74
19950626,106.79,162.92,162.05,5077.32,5010.97,4749.77
19950627,106.08,161.86,159.98,5037.54,4966.34,4689.01
19950628,105.9,161.42,159.09,5036.37,4955.58,4651.56
19950629,106.05,161.44,158.76,5055.07,4974.56,4668.68
19950630,106.44,161.87,159.63,5054.73,4956.37,4680.76
19950703,92.21,139.73,126.08,4558.45,4937.41,4064.83
19950705,92.04,139.27,126.22,4586.2,4950.89,4080.71
19950706,92.28,139.64,126.95,4589.89,4957.86,4090.68
19950707,93.07,140.39,127.82,4650.87,5007.99,4150.31
19950710,93.85,141.5,129.42,4674.33,5028.58,4179.88
19950711,94.29,142.51,130.02,4672.56,5036.32,4190.63
19950712,94.33,142.67,130.14,4650.87,5022.47,4169.89
19950713,95.16,143.65,131.68,4681.55,5064.32,4246.57
19950714,95.47,143.94,132.32,4669.57,5075.25,4256.28
19950717,95.56,143.96,132.67,4665.07,5055.76,4260.6
19950718,95.93,144.52,133.37,4688.48,5063.57,4292.04
19950719,95.47,143.72,132.2,4679.92,5032.07,4240.44
19950720,93.4,141.42,128.68,4629.36,4980.3,4127.76
19950721,94.47,142.31,129.94,4679.35,4999.51,4146.12
19950724,94.94,142.67,130.58,4677.13,4998.72,4152.42
19950725,95.76,143.82,131.92,4703.08,5016.64,4202.15
19950726,96.06,144.53,132.76,4731.55,5052.73,4248.27
19950727,96.48,144.9,133.46,4730.18,5062.93,4266.34
19950728,97.28,145.54,134.74,4754.28,5088.55,4311.65
19950731,97.47,146.01,135.04,4737.85,5079.9,4288.57
19950801,98,146.19,136.51,4678,5080.32,4281.85
19950802,97.88,145.71,135.81,4670.13,5066.06,4238.97
19950803,97.8,145.89,135.53,4675.74,5071.39,4203.29
19950804,97.74,145.68,135.25,4682.47,5061.86,4198.34
19950807,98.09,146.07,135.85,4687.43,5061.77,4212.34
19950808,98.38,146.73,136.28,4705.95,5067.12,4225.38
19950809,98.43,146.64,136.18,4708.68,5065.68,4234.32
19950810,98.89,146.93,136.51,4694.69,5055.01,4251.52
19950811,98.98,147.05,136.23,4679.04,5038.76,4241.49
19950814,98.91,146.94,136.22,4659.52,5010.21,4236.84
19950815,99.39,147.3,136.75,4687.69,5049.33,4279.85
19950816,99.53,147.22,136.94,4684.34,5034.02,4282.27
19950817,100.37,147.84,137.78,4691.76,5037.71,4327.15
19950818,101.01,148.65,138.66,4692.43,5030.26,4334.82
19950821,101.51,149.09,139.18,4702.38,5042.05,4330.43
19950822,101.92,149.97,139.56,4697.83,5051.33,4287.67
19950823,101.79,149.2,139.44,4698.27,5054.12,4317.41
19950824,101.86,149.29,139.34,4677.55,5035.57,4309.32
19950825,101.72,149.08,139.1,4685.32,5040.81,4295.58
19950828,102.07,149.04,139.41,4713.37,5075.33,4297.02
19950829,101.86,148.83,138.74,4711.22,5080.73,4257.36
19950830,101.16,148.48,137.54,4715.93,5090.1,4262.12
19950831,101.84,149.2,138.52,4715.92,5092.48,4294.89
19950901,102.75,150.73,140.09,4735.32,5102.52,4313.13
19950905,102.76,151.11,140.67,4752.94,5132.72,4305.39
19950906,103.23,151.84,141.6,4788.52,5173.65,4383.02
19950907,103.84,152.74,142.73,4804.76,5185.97,4399.53
19950908,104.53,153.25,143.39,4799.73,5187.31,4405.41
19950911,105.42,154.21,144.61,4814.42,5214.84,4430.22
19950912,105.84,154.28,144.84,4812.21,5224.58,4455.4
19950913,106.39,154.39,145.09,4844.52,5240.54,4455.41
19950914,106.64,154.83,145.39,4866.57,5260.62,4475.1
19950915,106.86,155.03,145.77,4901.71,5312.43,4485.35
19950918,106.42,154.74,144.53,4917.2,5324.01,4450.01
19950919,106.19,154.16,144.04,4904.32,5312.28,4459.88
19950920,106.14,154.42,144.56,4901.04,5320.34,4497.89
19950921,106.61,154.88,145.01,4911.32,5332.84,4539.88
19950922,106.17,154.38,144.7,4892.09,5303.51,4506.21
19950925,105.78,153.92,143.95,4886.87,5286.22,4491.53
19950926,105.23,153.35,143.07,4893.81,5289,4467.92
19950927,104.88,153.07,142.34,4899.6,5290.86,4456.26
19950928,103.84,152.08,140.31,4896.94,5276.24,4448.16
19950929,104.83,152.85,141.51,4940.62,5312.5,4512.26
19951002,107.26,155.06,145.18,4972.55,5322.04,4498
19951003,106.49,154.01,143.25,4958.92,5306.82,4451.63
19951004,105.71,152.88,141.44,4951.08,5312.88,4448.8
19951005,104.7,152.02,139.36,4936.67,5315.64,4404.57
19951006,104.74,151.78,139.55,4932.26,5321.7,4441.24
19951009,104.94,151.8,139.89,4929.74,5336.46,4422.85
19951010,103.38,149.93,136.83,4900.87,5302.01,4354.16
19951011,102.76,149.09,135.36,4901.14,5298.37,4339.23
19951012,103.79,150.04,137.42,4918.61,5315.5,4382.33
19951013,104.39,150.67,139.01,4933.76,5347.66,4442.87
19951016,104.8,151.47,139.72,4949.31,5373.07,4445.41
19951017,104.58,151.74,139.71,4939.67,5362.19,4436.19
19951018,104.53,151.97,139.97,4977.73,5364.13,4503.98
19951019,104.78,152.58,140.41,4974.26,5370.8,4526.75
19951020,104.59,152.13,140.21,5005.95,5399.43,4529.93
19951023,104.53,151.93,139.8,4988.05,5383.43,4475.1
19951024,103.74,151.31,138.77,4961.65,5351.29,4483.7
19951025,103.56,151.14,138.77,4964.08,5367.52,4485.14
19951026,102.42,149.77,137.15,4929.18,5333.55,4433.49
19951027,101.12,148.53,135.68,4885.6,5276.71,4403.52
19951030,101.04,148.43,135.47,4894.75,5299.79,4431.68
19951031,101.49,148.73,136.23,4926.25,5314.7,4481.23
19951101,101.75,148.76,136.96,4917.6,5303.07,4484.55
19951102,101.86,149.28,137.41,4946.81,5329.4,4517.88
19951103,102.64,150.09,139.05,4988.22,5372.91,4583.27
19951106,103.4,150.71,140.17,4997,5379.15,4600.06
19951107,103.42,150.62,140.37,4991.05,5368.7,4572.2
19951108,102.88,150.15,139.51,4978.82,5369.63,4524.36
19951109,103.33,150.48,140.09,5016.19,5423.48,4547.07
19951110,103.87,151.15,140.92,5011.92,5426.36,4604.54
19951113,104.16,151.2,141.34,5000.27,5424.41,4593.04
19951114,104.14,150.76,140.94,5004.42,5428.6,4569.97
19951115,103.53,150.07,139.67,4995.33,5406.87,4512.59
19951116,103.58,149.98,139.72,5027.69,5442.73,4539.47
19951117,104.3,150.43,140.18,5066.04,5483.51,4553.53
19951120,104.79,150.93,140.4,5088.47,5520.59,4554.38
19951121,104.35,150.56,139.77,5071.21,5504.92,4500.16
19951122,103.83,150.16,138.98,5100.75,5528.35,4505.77
19951124,103.87,150.24,138.79,5096.21,5522.68,4482.09
19951127,104.07,150.65,139.29,5105.52,5532.44,4514.12
19951128,104.1,151.06,139.37,5122.61,5548.42,4512.16
19951129,104.56,151.17,140.19,5158.63,5564.69,4586.81
19951130,104.92,151.86,141.2,5178.63,5588.3,4595.91
19951201,105.83,152.5,143.34,5131.79,5584.61,4604.22
19951204,106.67,153.08,143.86,5151.29,5603.83,4581.28
19951205,107.45,153.74,145.23,5203.17,5660.91,4636.31
19951206,107.71,153.75,145.29,5217.69,5713.98,4643.99
19951207,107.83,153.78,144.63,5244,5733.08,4643.89
19951208,107.35,153.42,143.91,5214.52,5703.11,4614.21
19951211,107.64,153.84,144.42,5219.05,5704.41,4641.24
19951212,107.67,154.02,144.43,5251.61,5724.53,4639.43
19951213,107.39,153.93,144.13,5246.09,5720.59,4612.7
19951214,107.71,154.53,144.32,5246.15,5756.1,4621.9
19951215,107.48,154.7,144.11,5224.85,5727.49,4543.41
19951218,107.01,154.31,142.84,5223.81,5718.82,4525.41
19951219,104.79,151.74,139.15,5157.95,5627.43,4436.55
19951220,105.62,152.27,140.4,5198.01,5661.26,4518.31
19951221,106.49,153.49,141.93,5169.89,5621.36,4473.34
19951222,107.55,154.13,142.91,5200.06,5654.77,4517.28
19951226,108.53,154.78,143.51,5211.1,5669.64,4537.39
19951227,109.02,154.88,143.73,5236.82,5684.85,4553.75
19951228,109.41,155.27,144.32,5236.06,5695.55,4559.1
19951229,109.11,155.62,144.1,5231.28,5709.21,4540.43
19960102,111.76,157.8,147.57,5211.54,5746.97,4588.79
19960103,112.31,158.3,147.69,5259.45,5772.87,4633.56
19960104,112.3,158.31,146.42,5281.91,5784.37,4616.23
19960105,111.31,157.07,143.95,5251.87,5751.74,4568.08
19960108,111.76,157.82,144.93,5275.58,5737.5,4546.84
19960109,112.28,157.65,144.87,5287.69,5754.66,4557.32
19960110,110.87,156.26,141.88,5247.09,5684.37,4426.79
19960111,109.14,154.13,139.98,5153.23,5574.41,4385.14
19960112,110.13,154.87,141.45,5193.18,5608.87,4451.09
19960115,109.79,154.62,141.37,5184.77,5614.13,4434.17
19960116,109.11,153.65,139.74,5175.72,5601,4383.93
19960117,109.24,153.5,139.19,5234.61,5662.7,4447.54
19960118,109.4,153.61,139.74,5235.89,5660.64,4431.61
19960119,110.34,153.8,140.56,5256.95,5684.36,4452.2
19960122,110.62,154.2,141.27,5289.53,5706.33,4492.51
19960123,111.27,154.71,142.4,5291.89,5725.81,4522.27
19960124,111.54,155.1,142.97,5280.06,5723.41,4523.46
19960125,112.31,155.71,143.96,5342.14,5761.43,4600.4
19960126,112.47,156.02,143.86,5327.53,5748.46,4563.26
19960129,112.97,156.31,144.3,5352.92,5792.97,4596.6
19960130,113.45,156.52,144.5,5367.78,5823.59,4608.48
19960131,114.08,157.23,145.42,5411.66,5873.7,4665.65
19960201,115.05,158.42,146.53,5459.15,5951.8,4723.28
19960202,115.54,158.91,147.67,5475.13,5966.34,4771.72
19960205,115.56,158.81,148.19,5467.99,5935.89,4759.28
19960206,114.74,159.24,148.61,5509.67,5966.45,4824.59
19960207,115.15,160.06,149.18,5575.11,5991.66,4867.18
19960208,114.92,159.46,149.11,5598.99,6036.8,4869.96
19960209,115.4,159.86,149.67,5628.72,6093.56,4918.8
19960212,115.73,160.04,150.14,5636.19,6101.45,4917.42
19960213,115.6,160.28,150.27,5671.98,6144.48,4904.05
19960214,115.27,159.65,149.49,5662.69,6141,4887.08
19960215,115.52,160.38,150.06,5624.25,6096.03,4876.38
19960216,115.7,160.1,150.27,5596.48,6077.89,4858.36
19960220,116.16,160.63,150.57,5561.06,6042.86,4847.35
19960221,115.07,159.18,149.01,5499.12,5971.76,4806.78
19960222,115.91,160.02,150.63,5556.02,6016.78,4881.78
19960223,116.93,161.47,152.87,5643.24,6106.76,4974.02
19960226,116.87,161.8,153.54,5641.71,6114.48,4975.5
19960227,116.47,161.9,153.18,5574.16,6050.22,4921.93
19960228,116.48,161.61,153.21,5565.35,6024.36,4886.64
19960229,116.74,162.11,153.41,5531.69,6013.56,4881.56
19960301,116.69,162.41,153.52,5489.07,6021.5,4859.2
19960304,115.91,162.63,153.22,5521.65,6072.55,4839.67
19960305,116.5,163.16,153.45,5566.91,6140.95,4898.9
19960306,116.86,163.87,153.86,5591.46,6180.39,4957.41
19960307,116.77,164.01,154.07,5588.98,6160.24,4911.17
19960308,116.71,164.03,154.25,5583.53,6175.88,4929.94
19960311,113.5,160.7,150.38,5414.61,5989.27,4791.53
19960312,114.58,161.75,151.89,5488.98,6042.93,4824.06
19960313,114.12,161.73,151.35,5448.81,6025.8,4793.77
19960314,115.08,162.59,152.57,5476.71,6037.91,4834.73
19960315,115.66,163.24,153.94,5497.54,6064.59,4847.84
19960318,115.66,163.19,154.07,5505.67,6049.59,4891.45
19960319,116.88,164.48,155.73,5612.48,6131.51,4973.37
19960320,116.56,164.79,155.77,5605.82,6128.95,4954.58
19960321,116.27,164.82,156,5583.63,6116.21,4935.38
19960322,116.55,165.16,156.27,5575.3,6119.55,4916.63
19960325,116.9,165.38,156.77,5587.79,6128.6,4933.45
19960326,116.25,164.89,155.5,5569.44,6131.37,4906.99
19960327,116.25,165.04,155.3,5584.66,6156.58,4923.13
19960328,116.43,165.54,155.81,5568.37,6118.37,4909.82
19960329,116.6,165.82,155.96,5573.71,6127.45,4914.03
19960401,119.67,167.57,160.67,5552.08,6078.56,4937.55
19960402,120.58,168.35,161.48,5627.42,6113.16,4990.22
19960403,121,168.9,162.1,5648.88,6122.13,4996.77
19960404,121.46,169.26,162.96,5662.94,6124.55,5004.24
19960408,122.02,168.84,163.15,5654.05,6138.4,4993.49
19960409,120.57,166.89,161.05,5551.29,6017.39,4922.89
19960410,120.87,167.77,161.8,5546.86,6000,4911.45
19960411,120.31,167.36,161.16,5478.96,5916.05,4858.72
19960412,120.06,166.92,160.37,5453.8,5891.39,4819.47
19960415,120.52,167.61,161.31,5495.31,5961.52,4860.78
19960416,121.25,168.57,163.21,5541.54,6007.38,4905.35
19960417,121.97,168.97,164.79,5569.07,6023.81,4942.22
19960418,121.91,168.93,164.78,5535.96,5996.25,4913.13
19960419,122.88,170.06,166.31,5556.05,6007.69,4950.84
19960422,123.4,170.28,167.27,5575.63,6016.9,4959.04
19960423,124.1,170.9,169.03,5607.87,6039.53,4996.16
19960424,125.09,171.51,170.43,5635.97,6065.18,5038.87
19960425,125.31,171.92,171.2,5621.29,6040.23,5062.92
19960426,126.07,172.85,172.3,5631.99,6065,5095.38
19960429,126.8,173.57,173.25,5624,6074.84,5104.34
19960430,126.71,173.99,173.8,5625.08,6087.5,5100.74
19960501,127.55,174.75,175.13,5655.54,6119.98,5111.5
19960502,128.98,175.97,176.34,5664.6,6125.17,5125.24
19960503,127.67,174.44,174.3,5583.92,6030.81,5022.78
19960506,128.43,174.94,175.03,5572.29,6021.38,5022.7
19960507,129.09,174.73,175.12,5549.63,6007.97,5024.48
19960508,128.49,174.59,174.13,5519.1,5986.38,5016.25
19960509,128.29,173.88,173.72,5566.88,6029.46,5052.6
19960510,129.66,175.21,175.14,5597.01,6041.52,5046.88
19960513,131.2,176.33,177.14,5648.35,6097.19,5120.23
19960514,132.12,177.41,179.13,5711.12,6165.97,5214.93
19960515,132.88,179.04,180.63,5739.23,6200.02,5263.74
19960516,133.01,179.38,181,5729.25,6199.26,5261.89
19960517,133.14,179.69,181.89,5725.25,6196.93,5269.86
19960520,134.23,180.52,183.17,5763,6244.55,5277.49
19960521,135.69,181.55,184.27,5810.29,6277.42,5300.16
19960522,136.08,181.61,183.97,5799.78,6285.32,5286.18
19960523,137.86,182.2,184.56,5845.13,6332.9,5310.7
19960524,137.94,182.69,184.63,5821.2,6317.96,5295.44
19960528,137.82,183.34,185.32,5841.99,6330.34,5310.45
19960529,136.36,182.22,183.88,5783.99,6274.29,5270.8
19960530,135.89,181.04,182.25,5744.44,6234.29,5235.96
19960531,136.79,181.58,182.93,5752.88,6266.97,5281.12
19960603,137.95,182.96,184.88,5732.46,6231.94,5297.75
19960604,137.41,183.12,184.47,5709.95,6219.52,5286.13
19960605,137.95,183.52,185.17,5759.81,6272.84,5319.27
19960606,138.45,183.91,185.78,5798.84,6324.92,5366.19
19960607,137.62,182.91,184.3,5773.7,6284.74,5306
19960610,136.81,181.87,182.79,5765.36,6273.88,5308.42
19960611,137.4,181.94,183.27,5761.26,6263.57,5240.46
19960612,137.25,181.94,183.27,5746.17,6251.38,5244.42
19960613,137.91,181.9,183.39,5734.63,6241.03,5239.51
19960614,136.85,180.92,182.17,5725.81,6237.77,5217.31
19960617,136.28,180.14,180.76,5704.81,6215.16,5194.48
19960618,135.58,179.93,179.86,5708.46,6209.85,5176.64
19960619,132.42,178.59,176.74,5688.42,6194.42,5115.1
19960620,131.75,177.98,175.5,5691.81,6198.79,5108.03
19960621,130.43,176.76,173.28,5696.79,6192.37,5091.84
19960624,130.93,177.35,173.89,5735.58,6219.85,5133.68
19960625,131.45,178.1,175.01,5751.33,6232.36,5158.65
19960626,130.39,177.26,173.66,5743.27,6230.95,5136.38
19960627,128.44,175.62,170.52,5706.63,6192.47,5095.04
19960628,129.57,176.13,171.86,5733.03,6220.83,5145.85
19960701,104.37,160.42,168.9,6176.47,6329.94,4257.69
19960702,104.44,161.2,169.81,6215.43,6374.7,4301.42
19960703,104.34,161.17,169.41,6202.86,6360.15,4279.8
19960705,104.18,160.42,167.83,6203.09,6339.75,4260.89
19960708,102.81,158.73,164.96,6080.26,6203.71,4168.11
19960709,101.93,157.67,162.94,6022.4,6156.44,4134.15
19960710,101.99,157.54,163.05,6057.09,6177.63,4148.96
19960711,101.15,156.43,160.48,6063.69,6211.39,4121.19
19960712,98.48,153.61,155.04,5999.53,6131.65,4004.74
19960715,98.36,153.53,154.5,6021.5,6123.77,4008.45
19960716,95.42,150.7,148.73,5895.44,5979.96,3874.82
19960717,93.89,148.65,146.09,5871.38,5950.42,3874.04
19960718,96.26,151.38,151.54,5870.53,6007.43,3967.23
19960719,97.8,153.05,154.5,5941.43,6097.78,4043.54
19960722,97.61,152.76,153.65,5910.96,6057.74,3993.42
19960723,96.53,151.52,151.1,5859.34,6024.66,3940.79
19960724,94.81,149.56,147.08,5814.82,5963.52,3852.11
19960725,93.24,147.55,144.53,5817.59,5944.36,3865.15
19960726,94.17,148.84,147.12,5862.14,5981.85,3935.18
19960729,95.06,149.83,149.16,5885.41,6027.76,3991.49
19960730,94.91,149.33,148.09,5858.16,5986.66,3947.03
19960731,94.87,149.69,148.19,5867.45,6022.68,3980.53
19960801,96.01,151.17,150.07,5914.89,6066.17,4026.19
19960802,96.76,152.46,151.84,5996.93,6169.02,4099.16
19960805,97.88,153.76,154.82,6073.17,6296.14,4199.99
19960806,97.58,153.94,154.76,6069.5,6286.57,4168.99
19960807,97.48,154.41,154.99,6081.14,6294.07,4202.04
19960808,98.15,154.95,156.58,6087.89,6291.09,4245.1
19960809,98.14,154.91,156.47,6088.06,6270.65,4239.89
19960812,98.02,155,156.37,6023.33,6263.37,4239.13
19960813,98.16,155.15,156.33,6059.62,6318.18,4260.03
19960814,97.75,154.47,155.14,6009.82,6278.54,4212.94
19960815,98.24,155.1,155.86,6023.46,6295.76,4242.81
19960816,98.48,155.57,156.04,6016.92,6304.25,4243.59
19960819,99.05,156.25,156.47,6046.98,6355.9,4248
19960820,99.05,156.11,156.41,6069.7,6366.2,4241.38
19960821,99.13,156.34,156.32,6068.42,6361.33,4223.87
19960822,99.1,156.39,156.19,6055.44,6354.18,4227.42
19960823,99.75,156.92,157.74,6090.37,6400.53,4282.59
19960826,99.96,157.07,157.96,6069.85,6370.63,4264.19
19960827,99.56,156.94,158.3,6054.86,6340.94,4248.02
19960828,100.21,157.81,159.26,6077.6,6360.68,4269.8
19960829,100.69,158.24,160.47,6066.37,6346.36,4274.65
19960830,100.57,157.88,160.07,6021.07,6270.82,4229.71
19960903,101.11,157.85,161.19,5970.66,6230.78,4203.7
19960904,101,158.03,160.68,5994.91,6242.17,4217.83
19960905,101.43,158.81,160.99,5989.12,6253.01,4226.8
19960906,100.92,157.97,159.14,5947.82,6197.37,4168.96
19960909,101.93,158.88,160.45,6032.32,6262.3,4218.87
19960910,102.56,159.39,161.36,6099.06,6325.36,4264.24
19960911,102.6,159.53,161.38,6095.66,6329.91,4267.17
19960912,102.74,159.87,161.46,6132.23,6352.16,4289.19
19960913,103.21,160.4,162.65,6134.47,6395.07,4336.69
19960916,103.55,160.97,164.53,6207.44,6474.41,4414.23
19960917,103.66,161.64,164.92,6232.9,6497.89,4449.86
19960918,103.47,161.51,165.14,6212.42,6470.07,4467.22
19960919,103.41,161.68,164.94,6195.31,6458.66,4460.41
19960920,103.05,160.77,164.98,6197.54,6468.33,4479.9
19960923,103.48,161.34,165.68,6228.59,6495.67,4512.72
19960924,103.16,161.04,165.11,6229.82,6498.54,4488.74
19960925,103.31,161.45,165.83,6228.1,6482.01,4500.22
19960926,103.86,161.78,166.55,6214.93,6490.19,4516.58
19960927,103.86,162.15,167.43,6204.4,6510.36,4521.51
19960930,104.15,162.42,167.97,6211.06,6507.71,4527.9
19961001,106.05,163.54,171.1,6221.4,6519.98,4552.13
19961002,105.9,163.58,169.79,6245.84,6535.28,4545.3
19961003,106.52,165.06,171.02,6306.25,6572.91,4589.81
19961004,106.4,164.72,170.53,6292.4,6566.34,4579.55
19961007,107.1,164.65,171.36,6365.49,6650.68,4632.32
19961008,106.68,164.47,171.11,6385.27,6652.19,4652.92
19961009,106.28,164.05,170.36,6371.53,6630.41,4614.76
19961010,106.01,163.74,170.13,6319.13,6590.24,4602.07
19961011,106.1,164.2,170.34,6302.29,6564.59,4593.33
19961014,106.45,164.59,171.04,6339.87,6623.13,4627.63
19961015,106.83,165.11,171.61,6362.43,6657.59,4651.57
19961016,106.52,165.12,171.45,6351.53,6646.33,4643.76
19961017,106.72,164.79,170.88,6398.95,6650.61,4635.23
19961018,107.1,164.8,170.28,6423.23,6698.75,4625.17
19961021,107.1,164.89,169.98,6435.9,6735.17,4644.96
19961022,106.86,164.4,168.64,6447.32,6727.17,4616.15
19961023,106.17,163.12,166.58,6415.25,6702.4,4577.97
19961024,106.08,163.22,166.3,6411.11,6693.51,4599.97
19961025,106.23,163.35,166.48,6366.85,6653.09,4579.9
19961028,106.45,163.45,166.37,6359.54,6640.51,4567.5
19961029,105.68,162.46,164.44,6338.76,6611.48,4532.58
19961030,105.13,161.94,163.04,6385.86,6659.26,4518.21
19961031,105.02,162.05,163,6377.4,6656.09,4524.11
19961101,105.65,163.08,165.79,6392.23,6645.45,4566.79
19961104,105.22,162.52,165.18,6375.77,6635.62,4565.42
19961105,105.1,163.03,164.64,6394.9,6672.17,4568.97
19961106,104.93,163.1,164.45,6439.49,6732.68,4632.49
19961107,105.68,164.11,165.78,6529.1,6827.05,4711.6
19961108,106.23,164.57,167.11,6551.26,6844.52,4744.28
19961111,106.32,164.78,167.43,6569.98,6879.55,4760.2
19961112,106,165.27,167.92,6576.94,6889.26,4773.4
19961113,106.09,165.38,167.92,6573.11,6880.62,4746.31
19961114,106.32,165.38,167.94,6567.02,6904.55,4752.85
19961115,106.68,165.87,168.36,6622.52,6943.16,4790.21
19961118,106.64,165.89,167.38,6652.82,6955.4,4781
19961119,106.45,165.83,166.66,6652.13,6949.31,4765.45
19961120,106.77,166.5,166.65,6713.51,6968.27,4806.69
19961121,106.91,166.75,166.8,6704.19,6996.99,4818.99
19961122,106.65,166.79,166.49,6715.43,6976.68,4804.12
19961125,107.2,167.66,168.26,6756.01,7023.26,4856.7
19961126,107.9,168.72,169.2,6836.23,7108.97,4896.09
19961127,107.45,168.4,168.58,6816.02,7103.07,4893.84
19961129,107.84,168.86,169.54,6793.22,7093.51,4911.31
19961202,108.73,169.49,171.33,6780.81,7113.77,4927.3
19961203,109.08,169.93,171.65,6798.34,7089.2,4955.15
19961204,109.6,170.3,173.13,6751.62,7008.63,4917.51
19961205,109.73,170.26,173.15,6740.05,6972.3,4908.12
19961206,110.04,170.82,173.85,6752.53,6947.17,4906.37
19961209,109.1,169,172.19,6695.01,6908.73,4867.84
19961210,110.58,170.91,175.04,6768.8,7001.04,4931.26
19961211,110.88,171.75,175,6759.88,6976.72,4909.81
19961212,109.91,170.44,173.33,6691.76,6904.75,4880.2
19961213,109.63,169.6,173.17,6595.89,6801.77,4803.74
19961216,108.29,168.72,171.84,6595.59,6808.58,4770.05
19961217,107.58,167.74,169.73,6556.02,6749.35,4681.98
19961218,107.38,167.72,169.17,6583.09,6799.8,4711.09
19961219,108.39,168.65,170.61,6633.35,6822.6,4785.55
19961220,109.54,169.71,171.49,6759.77,6976.02,4845.19
19961223,109.52,170.49,171.29,6779.03,7024.34,4843.3
19961224,108.96,169.99,170.35,6803.43,7015.14,4805.8
19961226,109.24,170.14,170.16,6847.2,7059.26,4837.16
19961227,109.49,170.93,170.81,6885.8,7096.19,4876.41
19961230,109.84,171.57,171.36,6923.15,7115.08,4858.35
19961231,110.16,171.57,171.3,6905.62,7100.94,4839.87
19970102,112.42,173.55,176.11,6777.3,6994.26,4825.01
19970103,111.86,172.08,174.93,6755.29,6956.72,4763.36
19970106,113.05,173,177.19,6830.77,7044.21,4857.74
19970107,113.39,173.14,177.65,6858.95,7037.62,4860.9
19970108,114.31,173.72,178.99,6897.64,7076.95,4906.3
19970109,114.52,174.04,179.14,6855.76,7039.3,4880.75
19970110,115.01,174.8,179.76,6930.47,7093.86,4909.49
19970113,115.29,175.09,180.3,6958.22,7133.38,4938.95
19970114,115.39,175.35,180.28,6964.74,7123.27,4936.91
19970115,115.89,176.01,181.33,7037.24,7216.58,5004.07
19970116,116.09,175.88,181.06,7048.25,7214.83,4965.48
19970117,116.29,175.64,180.99,7065.61,7247.6,4985.23
19970120,116.91,176.44,181.61,7114.14,7306.47,5026.16
19970121,117.05,176.98,183.14,7122.94,7312.19,5052.19
19970122,116.98,177.04,183.99,7165.32,7365.21,5084.37
19970123,117.16,177.39,184.16,7160.47,7415.63,5115.99
19970124,117.4,177.52,183.67,7100.49,7328.9,5074.29
19970127,117.03,176.6,182.23,7032.42,7261.66,5020.81
19970128,116.75,176.31,180.6,6981.63,7214.54,4982.44
19970129,117.1,177,180.84,6969.21,7213.25,4988.99
19970130,117.18,177.12,180.83,7038.96,7283.61,5009.03
19970131,117.91,177.88,181.95,7133.96,7391.51,5080.49
19970203,118.44,178.17,183.21,7128.82,7448.16,5136.68
19970204,118.26,178.74,182.91,7134.67,7459.97,5121.03
19970205,117.94,178.38,182.03,7172.7,7469.79,5123.11
19970206,117.58,177.49,180.31,7083.47,7386.61,5035.58
19970207,117.88,177.38,180.16,7078.85,7418.78,5050.18
19970210,118.16,177.75,180.69,7127.13,7500.11,5118.66
19970211,117.62,177.36,178.98,7096.8,7477.78,5057.24
19970212,117.16,176.78,177.72,7153.85,7525.11,5057.81
19970213,118.02,177.61,179.27,7246.96,7639.3,5159.39
19970214,118.75,178.66,180.41,7300.5,7733.35,5218.08
19970218,119.02,179.16,180.46,7270.72,7715.37,5209.92
19970219,119.72,180.03,180.35,7332.89,7809.4,5231.4
19970220,119.95,180.3,180.24,7293.56,7763.14,5235.75
19970221,119.4,179.36,178.54,7218.21,7683.23,5152.67
19970224,119.28,179.42,177.82,7225.95,7684.31,5113.47
19970225,119.51,179.46,178.19,7323.61,7758.79,5165.28
19970226,119.75,179.63,178.12,7337.19,7768.66,5195.8
19970227,119.04,178.46,176.79,7277.83,7699.15,5173.54
19970228,118.32,178.42,174.79,7208.43,7610.62,5077.35
19970303,118.23,178.08,174.16,7220.17,7559.12,5061.94
19970304,118.11,178.78,173.89,7258.47,7581.8,5099.26
19970305,118.8,179.26,174.52,7221.5,7521.65,5114.06
19970306,119.56,180.17,175.47,7286.74,7633.17,5173.97
19970307,119.42,180.17,175.21,7284.4,7619.33,5135.59
19970310,119.76,180.06,176.02,7352.5,7689.09,5152.65
19970311,120.39,180.88,176.74,7417.56,7779.46,5189.9
19970312,120.36,181.39,177.06,7400.15,7758,5176.36
19970313,119.51,180.25,175.38,7322.19,7689.87,5147.19
19970314,118.24,178.33,173.09,7161.37,7543.65,5090.19
19970317,118.2,178.17,173.37,7221.41,7559.35,5107.41
19970318,117.38,177.58,170.92,7218.83,7610.46,5072.94
19970319,116.74,176.87,169.53,7173.82,7547.77,5034.45
19970320,115.63,175.59,167.09,7144.62,7526.35,4988.89
19970321,115.86,175.96,167.6,7086.99,7493.17,5007.63
19970324,115.85,175.76,167.4,7088.39,7520.76,4998.41
19970325,115.03,175.18,165.76,7182.08,7589.75,4992.81
19970326,115.13,175.47,166.32,7178.17,7574.96,4993.59
19970327,115.62,175.93,167.29,7189.84,7554.14,5046.63
19970331,114.91,174.43,165.88,7034.25,7402.95,4947.23
19970401,114.39,173.49,165.21,6908.45,7206.18,4866.05
19970402,113.83,173.02,164,6867.82,7255.37,4869.43
19970403,112.8,172,162.21,6789.63,7176.27,4810.59
19970404,112.18,171.27,161.51,6744.36,7159.4,4854.81
19970407,113.05,172.74,164.26,6762.13,7241.3,4937.7
19970408,114.35,174.02,166.49,6822.17,7274.4,4987.81
19970409,114.41,174.37,166.95,6845.2,7297.5,5023.79
19970410,114.77,175.07,166.94,6818.42,7263.97,4970.94
19970411,114.59,175.04,165.94,6791.68,7262.5,4927.11
19970414,112.89,172.87,162.85,6649.16,7063.97,4793.15
19970415,112.77,172.61,162.49,6670.97,7119.51,4831.39
19970416,113.31,173.24,162.62,6766.26,7242.82,4870.28
19970417,113.18,173.45,162.14,6878.95,7328.69,4879.24
19970418,113.27,173.76,162.28,6843.92,7307.95,4897.65
19970421,113.43,174.5,162.51,6904.75,7342.59,4906.48
19970422,112.23,173.22,160.33,6840.61,7299,4836.62
19970423,112.3,173.14,159.81,6932.71,7453.08,4893.39
19970424,111.89,172.65,159.9,6923.68,7411.29,4933.22
19970425,112.05,172.95,160.13,6911.96,7376.23,4932.49
19970428,111.69,172.24,158.73,6873.21,7321.94,4866.58
19970429,111.35,171.5,158.65,6911.78,7411.64,4911.36
19970430,112.28,172.94,160.82,7075.07,7606.13,5047.83
19970501,112.61,173.73,163.07,7125.43,7657.27,5144.04
19970502,113.34,175.02,164.2,7087.26,7651.45,5159.34
19970505,115.77,179.03,168.78,7197.32,7786.98,5277.17
19970506,117.86,181.53,173.78,7384.99,7939.77,5388.86
19970507,118.08,181.4,173.6,7345.65,7942.81,5357.24
19970508,117.78,181.03,173.13,7240.75,7821.34,5306.7
19970509,117.52,180.85,173.41,7305.55,7838.45,5335.1
19970512,118.08,181.8,174.27,7323.65,7895.83,5353.94
19970513,118.71,182.78,175.52,7426.65,8020.65,5416.7
19970514,118.82,182.57,175.17,7388.91,7996.62,5377.71
19970515,119.31,183.02,175.7,7413.55,8029.94,5392.79
19970516,119.51,183.28,176.6,7425.81,8079.94,5447.83
19970519,119.66,183.21,176.29,7358.1,7979.27,5366.85
19970520,120.03,183.61,176.54,7377.98,8019.25,5370.88
19970521,120.33,183.88,177.84,7447.37,8080.61,5459.19
19970522,120.78,184.62,178.82,7452.35,8029.22,5464.91
19970523,121.47,185.29,179.51,7427.33,8001.22,5450.12
19970527,122.72,187.14,181.72,7511.59,8096.83,5533.63
19970528,122.93,187.77,182.49,7510.95,8094.98,5586.04
19970529,123.12,188.28,183.13,7498.45,8076.57,5579.68
19970530,123.48,188.8,183.44,7489.42,8060.66,5541.4
19970602,124.44,189.81,185.08,7612.68,8089.54,5562.89
19970603,125.39,191.16,186.39,7589.48,8063.83,5555.05
19970604,125.69,191.47,186.12,7593.26,8096.86,5491.91
19970605,125.96,191.47,185.98,7556.29,8045.8,5470.13
19970606,126.56,192.64,186.98,7564.51,8079.77,5502.22
19970609,127.15,193.7,188.23,7669,8214.45,5582.51
19970610,127.33,194.29,188.69,7680.32,8262.34,5624.47
19970611,127.34,194.2,188.02,7713.43,8294.95,5612.5
19970612,127.22,194.93,187.85,7747.5,8350.48,5630.15
19970613,127.65,195.82,188.5,7883.36,8496.24,5672.07
19970616,128.51,196.77,189.35,7991.84,8586.43,5728.64
19970617,128.47,196.51,189.62,7981.81,8581.73,5750.91
19970618,128.51,196.86,190.35,7982.14,8558.17,5791.47
19970619,128.51,196.78,190.42,7937.76,8552.6,5759.17
19970620,129.41,198.39,192.15,8007.48,8637.6,5820.33
19970623,128.71,197.74,191.54,8002.06,8635.45,5823.91
19970624,128.17,196.97,190.38,7825.66,8449.31,5726.82
19970625,129.32,198.39,191.62,7958.75,8616.76,5814.06
19970626,129.04,197.7,190.94,7903.94,8537.47,5777.03
19970627,128.77,197.92,190.45,7864.31,8513.46,5738.97
19970630,129.89,198.97,191.54,7900.45,8561.98,5745.7
19970701,111.19,179.87,173.23,7079.55,7578.6,5492.66
19970702,111.2,179.84,172.49,7167.12,7622.12,5530.61
19970703,111.36,179.76,172.72,7224.06,7742.72,5623.12
19970707,111.82,180.1,173.47,7326.73,7844.21,5693.8
19970708,111.73,180.15,173.48,7279.65,7799.69,5700.52
19970709,112.11,180.66,174.65,7333.61,7866.34,5756.38
19970710,111.94,180.78,174.32,7244.91,7767.76,5724.96
19970711,112.33,181.63,175.1,7270.09,7820.4,5761.51
19970714,113.11,182.98,176.73,7281.08,7851.09,5795.12
19970715,113.57,183.59,177.62,7268.12,7850.19,5850.44
19970716,114.21,184.81,179.36,7306.71,7900.96,5915.61
19970717,114.96,186.36,180.65,7344.29,7954.87,6059.24
19970718,114.9,185.61,179.87,7360.56,7902.09,6011.58
19970721,114.44,185.19,178.78,7275.05,7789.49,5900.48
19970722,114.09,184.58,177.89,7261.27,7768.04,5863.02
19970723,114.68,185.5,179.38,7440.83,7929.84,5997.32
19970724,114.77,186.17,179.93,7442.49,7947.86,6034.29
19970725,115.11,186.55,180.35,7477.05,7973.41,6050.38
19970728,115.4,186.91,180.54,7462.06,7973.54,6036.13
19970729,115.58,187.23,180.8,7447.07,7970.04,6000.81
19970730,116.01,187.68,181.18,7491.93,8010.54,6038.89
19970731,116.88,189.2,182.37,7580.06,8112.39,6092.18
19970801,117.28,190.41,183.57,7611.41,8097.29,6124.73
19970804,116.71,190.65,183.49,7594.42,8040.08,6100.77
19970805,116.98,191.25,183.93,7619.52,8073.44,6122.5
19970806,117.53,192.4,185.61,7638.98,8074.74,6169.05
19970807,117.94,193.16,186.8,7703.37,8152.99,6210.21
19970808,118.09,193.37,186.6,7638.05,8088.62,6176.65
19970811,116.67,191.02,184.35,7512.66,7921.84,6069.54
19970812,116.77,190.66,183.72,7554.24,7955.01,6049.12
19970813,116.84,190.66,182.92,7485.86,7877.34,5982.46
19970814,116.84,190.72,183.06,7431.15,7845.99,5993.21
19970815,117.12,191.38,183.15,7461.71,7873,6009.78
19970818,116.32,190.13,181.9,7300.62,7672.26,5863.64
19970819,116.44,189.86,181.72,7357.33,7748.62,5920.21
19970820,117.59,191.53,184.34,7457.99,7827.43,6040.29
19970821,118.73,193.35,187,7544.47,7935.51,6135.23
19970822,118.43,192.61,186.17,7452.12,7843.16,6034.8
19970825,118.11,192.1,185.69,7453.2,7832.61,5997.1
19970826,118.86,193.54,187.08,7430.89,7820.55,5983.41
19970827,119.08,194.04,187.29,7398.67,7761.58,5935.37
19970828,119.79,195.74,188.44,7410.89,7775.22,5945.44
19970829,120.19,196.01,188.6,7339.41,7706.77,5888.09
19970902,121.13,196.87,190.15,7318.83,7771.29,5961.99
19970903,122.25,199.31,192.21,7534.79,8001.18,6129.85
19970904,122.38,199.83,192.36,7539.84,8012.04,6148.85
19970905,122.76,200.24,193.13,7539.26,8050.35,6175.9
19970908,123.76,201.21,195,7514.11,8047.48,6196.21
19970909,124.6,202.48,196.44,7529.01,8073.18,6217.25
19970910,125.4,203.3,197.55,7555.21,8090.72,6233.82
19970911,125.51,203.29,197.45,7461.37,7980.74,6141.66
19970912,125.71,202.9,197.1,7420.5,7903.14,6112.88
19970915,126.39,204.35,199,7507.84,8012.79,6178.96
19970916,126.51,204.82,199.27,7500.46,7989.1,6137.49
19970917,127.27,206.51,201.54,7662.79,8182.92,6308.29
19970918,127.3,207.22,202.17,7644.19,8168.22,6312.44
19970919,127.8,207.37,202.45,7657.85,8217.81,6329.73
19970922,127.93,207.64,203.25,7700.09,8232.34,6364.98
19970923,128.64,208.24,204.51,7793.07,8247.9,6394.18
19970924,128.75,209.01,204.88,7765.6,8210.55,6388.28
19970925,128.77,209.15,204.89,7719.05,8169.06,6326.08
19970926,128.97,208.93,204.75,7676.06,8114.63,6277.03
19970929,129.67,209.41,205.06,7746.69,8170.85,6310.51
19970930,130.07,210.47,206.13,7812.84,8230.27,6371.74
19971001,132.43,212.87,211.04,7760.17,8212.26,6379.54
19971002,132.5,212.82,210.91,7831.66,8293.24,6414.94
19971003,133.59,214.51,211.76,7858.24,8350.56,6468.25
19971006,134.03,215.46,213.1,7873.28,8396.86,6506.74
19971007,134.69,216.15,214.01,7936.04,8466.3,6538.02
19971008,135.14,217.35,215.17,8015.88,8535.76,6612
19971009,135.06,217.09,215.72,7950.99,8460.16,6586.94
19971010,135.64,217.49,216.2,7906.08,8431.63,6591.12
19971013,136.07,218.21,216.66,7884.23,8410.87,6560.38
19971014,136.64,218.86,217,7888.69,8426.59,6562.09
19971015,136.49,218.76,216.09,7891.69,8454.34,6551.33
19971016,136.28,218.09,215.42,7855.07,8433.09,6541.28
19971017,135.04,216.13,212.16,7767.74,8355.01,6470.11
19971020,132.95,212.81,208.12,7690.69,8262.18,6369.95
19971021,134.16,214.55,210.24,7776.53,8355.84,6443.72
19971022,135.6,216.33,212.58,7933.05,8480.52,6565.53
19971023,135.46,216.58,212.42,7922.19,8461.35,6526.22
19971024,133.4,213.17,207.7,7814.69,8299.76,6403.7
19971027,133.36,213,206.08,7754.7,8244.47,6330.32
19971028,125.5,202.36,191.36,7262.25,7741.91,5872.18
19971029,127.75,204.98,196.85,7561.64,8040.5,6187.12
19971030,129.48,207.07,199.63,7560.42,8050.75,6159.42
19971031,127.96,204.78,196.36,7439.04,7963.3,6035.12
19971103,129.3,207.49,200.37,7511.63,8038.09,6126.27
19971104,131.43,209.68,204.13,7685.42,8222.48,6292.67
19971105,131.48,210.09,204.41,7683.84,8243.67,6322.32
19971106,132.05,210.38,205.69,7694.33,8277.79,6342.4
19971107,131.83,209.87,204.55,7670.85,8242.85,6291.99
19971110,129.76,207.09,200.69,7592.35,8129.96,6217.1
19971111,129.91,207.5,200.13,7594.02,8089.58,6157.06
19971112,129.51,207.13,199.11,7625.02,8109.38,6145.9
19971113,126.98,203.4,194.09,7492.65,7970.5,6003.05
19971114,126.4,203.22,193.62,7553.02,8042.06,6081.24
19971117,127.22,205.11,195.83,7631.82,8136.84,6174.53
19971118,128.78,208.03,199.18,7733.24,8294.55,6317.15
19971119,128.15,207,197.36,7717.72,8229.7,6239.51
19971120,128.15,206.39,196.65,7759.68,8283,6281.95
19971121,128.97,207.84,198.54,7868.91,8395.1,6386.98
19971124,128.73,207.99,197.84,7914.55,8436.87,6380.61
19971125,126.94,205.55,194.17,7811.34,8297.16,6258.66
19971126,126.84,205.16,192.66,7877.47,8312.82,6292.33
19971128,127.15,205.89,193.23,7849.82,8310.67,6331.36
19971201,127.95,207.16,195.73,7871.47,8340.64,6394.41
19971202,128.96,209.39,196.86,8010.34,8539.85,6504.67
19971203,128.36,208.54,195.75,7983.37,8535.2,6466.16
19971204,128.63,208.9,195.94,8040.48,8578.18,6499.8
19971205,128.94,209.25,196.41,8062.78,8550.98,6482.57
19971208,129.58,210.12,197.83,8127.65,8639.06,6559.61
19971209,130.16,211.32,199.84,8121.68,8608.09,6585.99
19971210,128.95,210.25,198.02,8091.23,8566.82,6500.45
19971211,127.69,208.34,194.81,8057.5,8524.76,6421.05
19971212,125.77,205.06,190.36,7963.08,8408.04,6286.15
19971215,125.2,204.44,189.17,7962.06,8409.2,6236.93
19971216,124.97,204.08,187.68,8030.25,8495.6,6277.48
19971217,125.83,205.74,189.64,8105.37,8514.12,6340.43
19971218,125.88,206.3,190.16,8073.31,8515.02,6320.97
19971219,124.96,203.75,187.12,8012.84,8432.15,6223.14
19971222,124.57,203.16,186.99,7971.61,8358.21,6196.08
19971223,124.84,203.88,187.68,8065.4,8392.1,6229.42
19971224,123.82,203.8,186.99,7974.72,8285.98,6132.9
19971226,123.71,203.22,186.87,7942.11,8234.59,6084.08
19971229,123.89,203.47,186.99,7974.02,8261.61,6109.92
19971230,124.68,204.7,188.59,8073.96,8401.23,6235.22
19971231,126.55,207.29,192.14,8189.91,8554.61,6363
19980102,129.32,211.32,201.14,8170.97,8569.61,6433.39
19980105,129.35,211.73,201.26,8179.76,8604.19,6471.44
19980106,130.27,211.87,201.93,8209.26,8597.99,6510.05
19980107,129.37,210.33,200.04,8130.13,8506.85,6438.61
19980108,128.92,208.39,198.57,8113.4,8488.85,6398.3
19980109,128.53,206.73,197.13,8074.99,8400.58,6351.08
19980112,125.5,201.58,191.03,7858.05,8153.75,6142.69
19980113,124.84,200.48,188.39,7933.42,8239.49,6185.03
19980114,126.54,202.87,192.71,8031.74,8344.07,6307.35
19980115,127.26,204.85,193.87,8089.1,8397.33,6338.52
19980116,127.67,204.04,193.92,8011.71,8348.07,6303.38
19980120,128.83,206.03,196.09,8080.13,8450.52,6372.56
19980121,130.31,207.32,199.04,8216.31,8598.07,6493.43
19980122,130.17,206.61,198.4,8135.09,8530.55,6473.42
19980123,129.38,205.45,196.73,8067.87,8477.41,6412.61
19980126,128.92,204.96,196.21,8026.45,8419.54,6384.85
19980127,128.09,203.87,194.06,8014.5,8427.26,6350.52
19980128,128.49,204.57,194.56,8080.65,8508.47,6445.04
19980129,129.57,206.81,197.53,8120.17,8588.68,6548.21
19980130,129.96,208.2,199.14,8169.97,8658.71,6609.3
19980202,130.03,208.43,199.44,8186.15,8608.96,6614.7
19980203,130.71,209,201.47,8315.66,8797.46,6793.81
19980204,131.58,210.56,203.12,8328.45,8842.5,6848.9
19980205,132.05,212.44,205.24,8300.68,8849.81,6889.65
19980206,132.62,213.78,206.37,8300.65,8829.84,6862.95
19980209,133.17,214.85,206.94,8362.43,8894.58,6930.91
19980210,133.7,215.23,208.24,8341.09,8903.93,6904.54
19980211,134.62,216.86,210.38,8391.78,8973.12,6976.26
19980212,135.25,217.25,211.11,8405.5,8980.6,6995.29
19980213,135.47,217.47,211.35,8437.43,9023.5,7018.57
19980217,135.93,218.72,212.35,8415.24,8992.94,6997.34
19980218,135.91,218.11,211.93,8431.42,9025.51,6998.31
19980219,136.06,218.45,212.53,8478.33,9116.73,7059.61
19980220,136.23,218.61,212.68,8430.67,9082.39,7069.63
19980223,136.25,219,212.63,8474.43,9130.84,7093.23
19980224,136.48,220.01,213.78,8514.15,9145.54,7155.11
19980225,136.47,219.42,212.79,8450.29,9088.25,7081.6
19980226,137.23,221.37,214.93,8545.8,9180.48,7184.05
19980227,138.13,222.25,216.86,8595.75,9253.21,7214.98
19980302,138.85,222.59,217.76,8616.92,9271.09,7224.67
19980303,138.91,222.68,217.61,8635.23,9279.43,7182.76
19980304,139.24,223.43,217.66,8691.13,9334.32,7193.07
19980305,139.51,222.77,218.24,8640.84,9285.24,7168.06
19980306,138.29,220.32,215.84,8582.95,9212.5,7050.35
19980309,140.23,222.91,219.46,8741.32,9375.62,7204.2
19980310,140.22,221.95,218.21,8737.66,9389.26,7126.5
19980311,141.25,222.13,219.91,8842.14,9482.83,7218.87
19980312,142.25,223.3,221.06,8891.42,9523.53,7258.05
19980313,142.96,223.31,221.53,8868.28,9538.09,7284.01
19980316,143.38,223.73,222.36,8842.83,9528.71,7286.67
19980317,144.35,224.92,224.05,8928.05,9622.61,7348.45
19980318,144.87,225.29,223.48,8973.85,9637.99,7340.43
19980319,145.09,226.06,224.42,8993.13,9700.19,7376.55
19980320,145.67,226.93,225.67,9022.23,9730.44,7418.36
19980323,145.68,227.1,225.78,9093.66,9819.18,7433.17
19980324,145.58,226.85,225.69,9049.74,9777.49,7420.08
19980325,146.66,228.28,226.74,9126.86,9839.05,7521.9
19980326,146.71,228.7,226.77,9092.28,9781.57,7542.16
19980327,147.11,228.78,227.16,9053.2,9779.34,7553.5
19980330,147.04,228.5,227.08,8985.9,9737.76,7532.13
19980331,146.84,227.75,226.75,8975.02,9733.59,7510.78
19980401,149.99,231.61,234.74,9057.08,9825.5,7638.55
19980402,150.24,232.69,237,9132.19,9886.32,7694.38
19980403,150.95,233.1,237.04,9222.49,9987.62,7752.16
19980406,151.02,233.24,237.26,9203.64,10020.25,7783.26
19980407,150.51,231.91,235.18,9183.74,10008.65,7753.93
19980408,148.5,229.33,230.98,9148.04,9896.53,7655.75
19980409,148.96,229.39,232.22,9107.75,9809.99,7636.46
19980413,150.36,231.65,234.68,9172.21,9901.86,7693.99
19980414,150.17,232.23,233.94,9145.86,9893.89,7718.59
19980415,151.34,234.23,236.65,9197.58,9954.68,7776.22
19980416,151.77,235.48,238.27,9227.5,9986.51,7808.74
19980417,151.28,234.36,237.9,9144.29,9921.8,7703.88
19980420,152.29,235.54,238.79,9252.43,10052.28,7790.22
19980421,153.19,235.97,239.91,9246.95,10050.9,7830.09
19980422,154.1,236.92,241.83,9231.87,10090.76,7866.84
19980423,154.21,237.1,241.26,9241.12,10109.67,7930.33
19980424,153.02,235.32,237.23,9187.25,9998.03,7816.01
19980427,151.94,233.89,235.13,9087.66,9903.02,7745.99
19980428,148.72,228.97,228.77,8920.39,9715.48,7571.38
19980429,150.19,229.95,231.22,8909.64,9716.55,7561.72
19980430,151.19,232,233.61,8965.27,9795.17,7654.08
19980501,153.51,236.01,238.32,9096.49,9928.73,7789.06
19980504,153.83,236.83,238.95,9142.17,10015.58,7844.41
19980505,154.41,237.14,239.47,9224.59,10021.01,7846.15
19980506,153.66,235.77,237.82,9174.17,9965.46,7798.18
19980507,153.08,234.97,236.88,9075.34,9883.36,7736.56
19980508,152.47,233.61,235.44,8990.9,9822.02,7652.4
19980511,153.22,234.91,237.18,9077.91,9926.54,7759.78
19980512,153.05,234.05,235.44,9094.95,9909.06,7715.94
19980513,152.99,233.66,234.79,9127.27,9989.15,7769.45
19980514,153.37,234.56,235.36,9161.1,10002.28,7801.08
19980515,152.86,233.89,234.53,9173.21,9965.24,7798.57
19980518,152.27,232.94,232.5,9087.36,9905.93,7728.54
19980519,150.93,231.07,229.67,9097.23,9878.98,7672.41
19980520,151.77,232.55,231.03,9094.57,9914.5,7726.11
19980521,151.3,231.66,229.73,9195.03,9985.33,7734.43
19980522,151.2,231.43,229.07,9160.91,9978.75,7704.9
19980526,149.99,230.26,226.89,9128.17,9936.39,7651.78
19980527,147.6,226.9,222.23,9013.56,9788.24,7536.66
19980528,145.61,224.26,219.39,9002.35,9759.66,7522.11
19980529,147.16,226.52,222.36,9035.92,9829.05,7574.09
19980601,148.78,227.73,224.38,9003.28,9798.14,7555.71
19980602,146.9,225.86,220.11,9029.46,9842.88,7471.27
19980603,146.92,225.15,219.49,8995.2,9878.72,7527
19980604,147,225.22,218.88,8932.29,9794.58,7450.94
19980605,147.55,226.21,220.21,8997.41,9896.6,7552.92
19980608,148.24,226.95,220.94,9164.66,10052.16,7676.05
19980609,148.6,227.94,221.85,9195.68,10058.99,7726.81
19980610,149.33,228.14,222.75,9213.06,10080.74,7760.63
19980611,148.32,225.57,220.05,9160.97,10033.43,7692.11
19980612,146.56,222.61,217.14,9032.17,9879.53,7580.04
19980615,145.19,221.15,216.15,9056.55,9908.97,7580.01
19980616,142.58,218.31,211.75,8893.79,9732.1,7393.72
19980617,143.7,220.16,215.02,8975.67,9792,7528.14
19980618,145.27,222.83,218.27,9102.62,9969.01,7658.91
19980619,144.27,221.45,216.7,9101.11,9950.39,7663.96
19980622,144.19,220.79,216.5,9041.16,9895.74,7654.28
19980623,145.03,222.11,218.03,9039.59,9914.62,7708.55
19980624,145.99,224.08,221.58,9127.46,10027.35,7867.49
19980625,147.01,225.87,223.89,9187.89,10125.23,8001.03
19980626,146.98,225.26,223.64,9162.69,10112,7956.07
19980629,147.56,225.69,223.06,9181.3,10147.49,7988.69
19980630,148.3,227.33,225.3,9260.87,10189.96,8055.91
19980701,128.45,199.59,208.98,9280.91,9800.64,6793.56
19980702,129.19,200.68,210.41,9412.34,9917.12,6907.96
19980706,129,199.96,209.49,9409.44,9917.63,6867.4
19980707,129.65,200.24,209.8,9444.71,10026.26,6946.59
19980708,129.22,200.08,208.75,9393.57,10031.74,6940.96
19980709,129.51,200.37,209.29,9429.29,10126.16,7049.87
19980710,129.82,200.59,209.42,9356.21,10055.82,7040.88
19980713,129.5,200.02,209.1,9384.46,10107.5,7072.95
19980714,129.63,200.14,208.96,9338.47,10106.44,7138.34
19980715,129.9,200.41,209.57,9452.25,10228.63,7146.77
19980716,130.34,201.55,211.35,9419.69,10193.3,7174.12
19980717,130.51,201.94,212.07,9493.12,10271.28,7212.83
19980720,130.5,201.62,212.3,9491.86,10281.17,7241.2
19980721,130.49,201.07,212.41,9475.29,10268.87,7252.99
19980722,129.34,199.22,209.97,9390.71,10086.89,7103.87
19980723,128.15,197.19,207.68,9420.84,10041.26,7085.56
19980724,126.2,194.13,203.07,9234.62,9856.09,6913.25
19980727,125.53,193.36,201.36,9234.56,9887.82,6874.03
19980728,123.86,191.06,198.45,9269.7,9926.69,6896.28
19980729,122.71,189.15,195.84,9157.57,9765.44,6785.31
19980730,122.9,189.27,194.6,9183.51,9698.8,6736.66
19980731,123.47,190.06,196.14,9279.17,9842.64,6876.32
19980803,121.05,186.7,192.5,9133.26,9725.88,6806.59
19980804,119.54,184.29,188.23,9058.42,9668.72,6763.15
19980805,116.63,179.8,181.78,8782.24,9290.12,6522.41
19980806,115.8,179.02,179.5,8821.75,9384.26,6531.22
19980807,117.66,182.13,183.27,8809.21,9498.91,6659.08
19980810,119.79,185.34,187.86,8878.58,9480.3,6691.38
19980811,119.07,183.96,186.41,8834.92,9440.67,6651.61
19980812,116.1,179.66,180.99,8768.91,9298.35,6507.36
19980813,117.87,182.43,184.55,8889.7,9440.4,6614.03
19980814,116.9,180.88,182.46,8839.04,9348.48,6557.28
19980817,116.51,180.58,181.87,8774.32,9238.6,6496.55
19980818,115.55,180.86,181.82,8888.83,9408.9,6616.61
19980819,116.97,183.25,184.47,9000.97,9553.92,6759.29
19980820,116.01,180.98,182.27,8992.2,9529.29,6716.12
19980821,115.18,179.56,180.16,8967.24,9443.56,6679.37
19980824,113.77,177.07,176.85,8907.17,9343.45,6575.27
19980825,113.35,175.84,175.39,8963.2,9405.62,6585.49
19980826,111.99,174.44,173.72,8987.51,9437.53,6612.9
19980827,109.52,170.86,168.66,8931.2,9349.46,6531.58
19980828,105.57,165.76,161.18,8647.15,8989.87,6244.92
19980831,103.55,163.5,156.9,8549.27,8868.84,6078.94
19980901,98.15,155.97,145.48,8067.65,8300.04,5609.41
19980902,100.09,159.16,150.05,8344.57,8589.85,5853.97
19980903,101.15,160.72,152.72,8305.72,8558.25,5885.49
19980904,99.28,158.54,149.92,8288.06,8460.11,5793.91
19980908,99.67,158.73,150,8276.12,8359.92,5737.32
19980909,103.04,163.55,156.65,8610.35,8788,6083.51
19980910,101.14,160.54,152.94,8488.13,8642.19,5953.99
19980911,98.95,157.58,149.01,8346.56,8374.36,5812.83
19980914,100.44,160.52,152.8,8482.62,8622.81,6007.39
19980915,101.37,161.66,154.94,8619.06,8833.99,6135.4
19980916,100.87,161.77,154.65,8722.94,8821.86,6195.14
19980917,101.39,162.39,155.93,8780.56,8903.71,6254.96
19980918,100.32,160.98,153.84,8596.97,8690.56,6078.81
19980921,102.13,163.61,156.48,8641.62,8728.62,6094.53
19980922,101.97,162.62,155.91,8667.68,8737.76,6125.73
19980923,103.25,164.4,158.07,8710.09,8786.64,6190.34
19980924,104.94,166.64,161.78,8936.9,9084.17,6441.65
19980925,103.88,165.17,159.56,8788.14,8891.5,6281.17
19980928,103.7,164.37,158.92,8782.35,8871.4,6352.65
19980929,103.72,164.93,158.65,8826.98,8939.89,6340.23
19980930,103.27,164.11,157.72,8864.73,8917.16,6327.69
19981001,103.55,164.35,160.01,8651.8,8742.06,6197.05
19981002,100.28,159.84,152.84,8480.89,8404.82,5925.12
19981005,100.45,160.18,152,8655.86,8527.49,5989.89
19981006,97.23,155.9,145.51,8637.88,8406.2,5765.75
19981007,96.3,154.72,143.17,8649.01,8375.45,5693.55
19981008,93.92,151.01,136.96,8582.9,8284.09,5511.77
19981009,90.55,145.94,130.9,8455.33,8121.32,5421.38
19981012,91.93,148.24,135.33,8573.4,8309.51,5669.04
19981013,93.66,149.57,139.45,8667.91,8445.96,5785.82
19981014,92.62,147.93,136.94,8595.02,8441.43,5721.38
19981015,93.68,149.39,138.6,8673.65,8568.68,5811.87
19981016,95.84,152.74,143.97,8956.86,8943.16,6088.31
19981019,97.43,155.74,147.37,9053.55,9063.98,6125.67
19981020,98.68,158.98,152.03,9073.29,9109.32,6221.66
19981021,100.04,161.62,154.89,9127.64,9120.15,6211.71
19981022,101.21,162.4,156.1,9189.27,9122.75,6295.16
19981023,103,164.71,159.78,9172.6,9213.04,6382.18
19981026,103.63,165.17,160.94,9110.45,9171.68,6318.22
19981027,104.88,166.84,163.73,9139.21,9154.3,6396.77
19981028,104.84,166.68,164.6,9071.9,9120.11,6353.19
19981029,105,167.22,164.95,9077.2,9124.54,6400.59
19981030,106.34,168.13,166.41,9257.87,9269.88,6496.62
19981102,108.32,169.48,168.73,9326.35,9455.17,6856.21
19981103,110.51,172.15,172.95,9460.2,9579.35,6964.76
19981104,111.13,172.69,173.69,9401.45,9584.32,6917.1
19981105,112.64,174.71,176.69,9408.77,9667.79,7022.27
19981106,113.96,176.81,178.49,9536.19,9808.82,7096.57
19981109,115.58,178.1,180.66,9584.32,9863.38,7163.28
19981110,115.26,177.15,180.43,9479.84,9753.13,7138.84
19981111,114.88,176.74,179.83,9486.19,9733.39,7123.52
19981112,114.44,176.02,178.39,9429.68,9652.21,7097
19981113,114.55,175.74,177.59,9465.59,9609.02,7055.38
19981116,114.42,175.11,176.3,9522.45,9661.59,7081.14
19981117,114.36,175.45,177,9543.5,9779.05,7135.57
19981118,113.54,174.97,176.49,9512.2,9799.04,7227.72
19981119,114.06,175.49,177.35,9578.22,9857.59,7244.87
19981120,114.88,176.88,178.3,9665.67,9918.71,7308.71
19981123,115.27,177.22,179.03,9795.54,9984.64,7379.04
19981124,115.86,177.78,181.25,9951.64,10177.85,7590.14
19981125,115.46,177.71,180.53,9924.07,10124.79,7554.51
19981127,116.7,178.93,182.12,9968.34,10138.69,7603.91
19981130,118.44,179.69,185.37,10058.52,10137.96,7669.13
19981201,117.23,178.91,182.76,9859.42,9961.18,7411.32
19981202,117.23,178.82,182.59,9884.59,10015.66,7571.53
19981203,117.23,178.52,181.86,9860.41,10015.95,7549.76
19981204,116.28,178.04,180.3,9706.16,9896.88,7383.82
19981207,117.1,179.18,182.2,9853.73,10107.48,7582.36
19981208,117.85,179.74,183.64,9892.53,10185.32,7719.66
19981209,117.51,179.79,183.9,9871.36,10131.04,7673.91
19981210,117.89,179.9,184.35,9902.29,10111.64,7699.89
19981211,116.8,178.23,181.69,9729.41,9970,7571.08
19981214,116.55,177.21,180.74,9756.16,9939.07,7584.65
19981215,114.76,174.52,176.46,9611.38,9755.67,7353.5
19981216,115.12,174.48,177.44,9707.71,9940.04,7527.88
19981217,115.02,174.39,177.72,9704.47,9934.67,7506.36
19981218,116.11,175.64,178.73,9774.51,10138.36,7635.17
19981221,117.17,176.68,181.17,9798.73,10187.92,7733.97
19981222,117.9,177.69,183.48,9875.02,10300.51,7911.67
19981223,117.45,176.73,183.31,9970.67,10303.34,7850.74
19981224,119.15,177.79,185.74,10130.51,10494.67,8036.44
19981228,119.45,178.25,186.73,10136.6,10478.06,8028.97
19981229,119.94,178.81,188.54,10162.52,10494.36,8029.71
19981230,120.69,179.79,189.96,10278.75,10684.26,8053.64
19981231,121.32,181.06,189.98,10213.43,10627,8015.95
19990104,124.99,185.46,198.6,10272.75,10620.7,8076.19
19990105,125.46,185.07,198.13,10008.71,10608.96,8125.03
19990106,126.12,185.31,198.82,10089.41,10726.24,8261.27
19990107,127.87,186.47,202.87,10221.37,10949.61,8494.46
19990108,128.5,185.68,205.07,10160.9,10897.3,8564.64
19990111,129.7,186.23,207.63,10178.42,10944.21,8614.01
19990112,130.49,186.28,209.55,10116.44,10788.89,8655.75
19990113,129.01,184.84,207.42,10004.88,10602.32,8422.82
19990114,128.31,184.16,204.95,9962.51,10563.78,8366.77
19990115,128,182.84,203.76,9782.88,10379.65,8213.84
19990119,129.49,185.3,207.01,9920.59,10646.62,8449.84
19990120,130.45,185.69,209.45,9914.07,10693.64,8617.63
19990121,130.18,186.41,210.17,9907.33,10726.57,8656.29
19990122,128.68,184.59,207.24,9781.36,10526.58,8462.03
19990125,128.67,184.37,206.44,9704.71,10454.55,8412.23
19990126,128.82,184.21,206.17,9798.61,10508.9,8487.65
19990127,129.52,184.97,208.38,9913.68,10630.64,8668.98
19990128,128.4,182.92,206.73,9858.82,10571.79,8563.47
19990129,128.82,183.21,208.19,9986.81,10720.68,8793.09
19990201,130.08,184.71,210.4,10043.44,10882.01,9025.68
19990202,129.34,184.29,210.6,10002.75,10829.72,9006.64
19990203,128.25,182.69,207.71,9967.13,10751.93,8880
19990204,129.09,183.48,209.7,10054.24,10842.55,8974
19990205,128.41,181.64,206.33,9975.4,10662.45,8691.4
19990208,127.17,179.98,203.17,9935.51,10570.83,8582.34
19990209,126.89,179.47,201.96,9916.87,10587.96,8659.94
19990210,124.99,177.59,196.6,9753.42,10381.05,8390.19
19990211,123.73,175.58,194.34,9780.23,10430.31,8425.65
19990212,125.57,177.25,198.79,9897.43,10704.17,8719.42
19990216,123.92,174.76,194.64,9790.74,10535.96,8455.17
19990217,123.35,174.07,193.49,9811.19,10690.17,8471.15
19990218,121.31,171.81,189.09,9716.47,10581.22,8275.34
19990219,121.73,172.36,189.06,9817.15,10714.44,8319.94
19990222,122.26,172.73,190.3,9832.1,10724.37,8370.08
19990223,123.34,174.14,193.54,10035.83,11019.68,8584.83
19990224,123.69,174.56,194.4,9998.83,10962.18,8698.57
19990225,122.93,173.07,192.74,9909.81,10797.14,8570.73
19990226,122.48,172.21,191.11,9837.84,10743.82,8491.57
19990301,122.65,173,190.67,9796.83,10759.3,8387.93
19990302,122.67,173.52,191.4,9771.99,10776.07,8403.34
19990303,122.28,173.64,190.75,9745.66,10729.81,8274.79
19990304,121.77,172.85,188.91,9769.49,10708.71,8301.54
19990305,122.29,173.76,189.29,9906.93,10871.45,8410.44
19990308,123.35,174.67,191.36,10091.65,11126.51,8582.76
19990309,123.52,174.46,192.6,10103.99,11176.78,8698.45
19990310,123.18,173.95,192.75,10062.43,11148.2,8695.04
19990311,123.97,174.49,194.86,10046.35,11178.22,8712.1
19990312,124.03,174.56,194.84,10113.11,11276.19,8776.04
19990315,123.58,173.93,193.85,10116.77,11266.18,8707.69
19990316,123.84,174.47,195.3,10226.84,11372.99,8812.29
19990317,123.55,173.04,195.16,10221.56,11338.38,8824.31
19990318,123.05,172.32,195.15,10185.77,11267.05,8768.43
19990319,123.12,172.43,196.07,10305.17,11427.74,8900.39
19990322,122.12,171.33,194.36,10177.68,11297.16,8743.47
19990323,121.83,170.24,193.12,10225.09,11253.11,8664.46
19990324,120.23,167.64,187.63,9976.15,10965.9,8427.83
19990325,120.36,167.86,187.84,9998.29,10991.45,8544.87
19990326,122.8,170.3,192.31,10162.36,11145.47,8757.78
19990329,122.08,170.46,193.36,10121.34,11088.7,8699.33
19990330,123.36,172.28,196.7,10326.07,11282.05,8914.99
19990331,123,172.19,195.87,10284.6,11192.27,8859.29
19990401,122.84,172.02,197.38,10233.27,11085.87,8896.93
19990405,123.32,172.27,197.95,10257.21,11130.34,8988.68
19990406,123.9,173.31,200.26,10477.78,11307.14,9199.13
19990407,123.82,172.32,199.73,10433.03,11263.72,9197.34
19990408,123.27,171.39,199.25,10415.34,11359.52,9237.87
19990409,124.19,171.53,202.19,10537.89,11526.49,9337.52
19990412,126.09,174.13,205.3,10577.37,11575.34,9375.18
19990413,128.48,175.52,209.37,10700,11771.53,9328.02
19990414,129.87,177.84,214.54,10673.43,11740.6,9215.33
19990415,130.01,179.71,211.51,10532.54,11639,9020.21
19990416,130.22,180.3,209.9,10511.91,11542,9050.44
19990419,131.54,181.97,212.18,10538.36,11504.92,8982.6
19990420,128.85,180.53,202.99,10353.33,11299.64,8677.5
19990421,129.25,180.88,206.8,10434.55,11459.64,8842.19
19990422,132,184.19,213.79,10651.11,11757.31,9066.51
19990423,132.7,184.77,215.42,10791.34,11855.21,9271.93
19990426,133.4,185.56,218.01,10785.43,11807.95,9327.32
19990427,134.44,186.08,222.04,10914.77,11773.37,9381.7
19990428,135.02,186.2,222.11,10935.8,11819.42,9386.07
19990429,135.02,185.72,219.48,10876.76,11754.85,9237.92
19990430,135.35,186.12,219.76,10893.82,11658.83,9179.47
19990503,136.05,185.65,221.12,10845.98,11630.12,9194.22
19990504,137.17,186.88,221.31,11029.93,11796.58,9275.01
19990505,136.82,186.38,218.47,10948.88,11615.94,9088.35
19990506,136.9,186.87,219.25,10973.55,11813.4,9187.87
19990507,136.91,187.61,217.57,10864.83,11725.48,9017.89
19990510,137.73,188.33,219.61,10916.73,11850.39,9119.4
19990511,139.35,190.37,223.1,10931.91,11781.27,9146.24
19990512,140.69,192.11,225.72,11063.55,11910.83,9275.35
19990513,141.62,192.66,227.9,11100.55,11979.26,9385.4
19990514,142.28,193.96,228.51,11179.4,12037.06,9336.37
19990517,140.93,191.49,224.82,11035.8,11752.1,9108.7
19990518,140.1,191.26,224.28,11057.1,11751.28,9161.38
19990519,140.24,192.15,224.09,10974.82,11713.54,9125.51
19990520,141.26,193.13,226.16,11064.58,11816.77,9208.01
19990521,142.41,195.03,227.01,11036.32,11801.44,9117.81
19990524,143.4,195.68,227.81,11022.69,11702.04,9046.03
19990525,141.39,193.84,222.43,10792.78,11525.87,8853.21
19990526,139.19,192,217.97,10678.17,11349.13,8633.93
19990527,138.65,191.3,218.91,10841.01,11496.07,8799.36
19990528,138.71,190.79,217.51,10647.98,11295.67,8706.63
19990601,141.24,192.58,223.53,10798.06,11444.78,8897.34
19990602,141.27,193.37,221.93,10740.35,11421.87,8743.02
19990603,141.29,192.48,221.58,10754.42,11436.34,8777.55
19990604,141.2,192.64,221.04,10738.59,11515.55,8749.47
19990607,142.85,195.39,224.18,10962.87,11711.57,9002.03
19990608,144.33,196.54,227.49,11010.82,11758.72,9104.7
19990609,143.59,195.8,226.46,10864.55,11630.57,8955.52
19990610,144.17,196.42,228.01,10857.59,11590.34,9041.34
19990611,143.47,195.71,226.49,10738.87,11441.11,8921.93
19990614,142.66,195.14,223.9,10646.54,11366.68,8862.27
19990615,141.06,194.16,218.63,10660.1,11387.69,8762.61
19990616,140.69,194.99,219.33,10764.73,11415.89,8846.86
19990617,142.66,196.28,223.59,10916.14,11658.82,9157
19990618,143.36,197.02,225,10969.19,11737.64,9264.91
19990621,144.43,198.04,226.21,10964.02,11755.34,9302.27
19990622,145.99,199.61,229.8,10938.1,11810.74,9446.59
19990623,145.77,199.57,228.64,10884.01,11729.13,9299.51
19990624,145.83,199.66,228.54,10887.64,11684.64,9311.01
19990625,145.02,198.77,226.89,10752.84,11566.03,9163.68
19990628,145.81,199.31,225.53,10714.23,11565.77,9143.21
19990629,147.44,201.89,228.3,10748.22,11726.38,9298.85
19990630,148.81,203.53,232.08,10911.17,11897.55,9438.76
19990701,128.08,191.34,204.12,9234.64,12438.47,8825.87
19990702,128.54,191.59,202.88,9328.16,12492.13,8892.83
19990706,129.56,192.48,204.15,9353.39,12619.46,8968.24
19990707,129.98,192.04,205.39,9356.95,12589.83,8960.78
19990708,129.34,190.72,204.08,9411.06,12640.94,8953.97
19990709,130.55,191.54,204.91,9367.24,12630.41,8994.35
19990712,131.14,192.77,206.99,9399.41,12700.9,9052.51
19990713,131.66,193.7,207.68,9399.68,12677.25,9000.35
19990714,131.62,193.07,207.02,9346.67,12671.73,8953.84
19990715,132.83,193.84,208.97,9381,12714.71,9026.06
19990716,133.94,195.43,211.29,9425.43,12849.44,9086.93
19990719,133.91,195.2,211.3,9436.73,12936.59,9145.86
19990720,133.34,194.5,209.69,9388.78,12837.59,9049.41
19990721,131.05,192.1,205.91,9256.52,12575.62,8796.35
19990722,131.7,192.49,206.04,9289.74,12594.2,8843.97
19990723,130.67,191.9,203.93,9230.32,12444.56,8672.81
19990726,129.97,190.64,202.62,9193.19,12399,8686.58
19990727,128.34,189.01,199.43,9130.99,12342.04,8566.76
19990728,129.25,189.48,200.55,9217.65,12507.26,8680.67
19990729,129.61,189.62,200.4,9231.07,12497.36,8742.43
19990730,128.57,188.25,197.6,9097.79,12320.67,8540.86
19990802,129.66,189.14,199.1,9034.34,12244.26,8503.67
19990803,129.39,188.36,197.56,9031.41,12280.59,8436.33
19990804,127.65,186.3,193.91,9021.49,12220.21,8327.19
19990805,125.4,184.62,190.39,8947.94,12085.07,8160.83
19990806,124.93,184.22,190.19,9032.18,12148.37,8226.26
19990809,124.89,183.78,189.65,8948.24,12039.29,8109.24
19990810,124.64,182.85,188.36,8915.86,12023.4,8047.95
19990811,123.42,181.89,186.59,8813.05,11910.89,7946.35
19990812,125.1,183.2,188.58,8880.87,12107.3,8139.95
19990813,125.56,183.4,189.03,8878.24,12104.24,8088.02
19990816,126.49,184.65,191.19,8984.43,12389.26,8354.23
19990817,126.88,184.37,190.73,8973.5,12450.54,8373.67
19990818,127.36,185.1,191.8,9049.32,12560.34,8486.52
19990819,126.44,184.74,190.99,9006.12,12416.65,8468.37
19990820,126.89,185.06,190.63,8972.12,12351.55,8362.3
19990823,127.67,185.6,191.22,9007.36,12508.3,8429.42
19990824,128.39,186.03,192.61,9092.67,12729.79,8638.88
19990825,128.29,186.11,192.46,9048.08,12739.5,8704.7
19990826,128.67,186.12,192.88,9142.02,12930.26,8811.6
19990827,128.28,185.68,192.59,9066.05,12758.95,8691.21
19990830,127.98,185,191.81,8951.19,12648.7,8593.86
19990831,126.72,183.7,189.35,8808.04,12457.83,8384.48
19990901,127.48,184.57,190.88,8757.47,12398.36,8421.69
19990902,128.16,185.51,191.66,8843.86,12502.69,8472.1
19990903,127.32,184.54,190.27,8784.95,12415.45,8381.3
19990907,129.84,186.94,193.36,9003.91,12741.33,8694.61
19990908,130.87,187.85,194.34,8964.57,12719.16,8625.6
19990909,130.63,187.57,193.25,8938.26,12662.63,8540.01
19990910,131.66,188.03,194.29,8923.35,12699.45,8625.65
19990913,132.61,189.35,196.66,8913.2,12726.96,8710.97
19990914,132.09,189.05,196.22,8886.93,12655.64,8625.14
19990915,131.68,188.14,195.47,8828.06,12574.81,8607.29
19990916,130.98,188,195.13,8707.99,12428.55,8473.16
19990917,129.42,185.69,192.51,8729.7,12409.81,8449.71
19990920,130.38,186.79,194.72,8810.91,12564.09,8579.18
19990921,130,186.65,194.42,8749.92,12591.17,8600.12
19990922,128.43,184.29,191.85,8598.02,12338.26,8423.81
19990923,129.12,184.14,192.29,8623.26,12322.73,8498.85
19990924,127.51,181.19,189.36,8451.53,12043.84,8263.13
19990927,126.34,179.47,187.51,8414.55,12020.04,8277.34
19990928,127.31,181.22,189.04,8468.08,12095.33,8270.51
19990929,126.21,180.47,187.43,8425.24,12057.53,8295.2
19990930,126.54,180.93,188.52,8411.33,11893.4,8243.56
19991001,128.31,182.52,194.03,8498.76,12027.12,8354.15
19991004,127.64,182,192.2,8507.77,12049.63,8334.36
19991005,128.08,182.27,193.05,8652.67,12251.01,8540.33
19991006,128.14,181.77,192,8584.22,12244.81,8569.23
19991007,129.18,182.35,193.12,8756.21,12456.7,8744.77
19991008,129.14,181.86,192.64,8706.92,12412.15,8727.05
19991011,129.53,181.63,192.79,8766.26,12587.78,8832.48
19991012,130.32,182.18,193.73,8756.66,12451.3,8888.78
19991013,128.89,180.33,191.89,8607.54,12228.64,8731.81
19991014,126.95,178.55,189.11,8511.4,11954.21,8516.79
19991015,127.25,178.2,189.12,8524.09,11970.5,8495.23
19991018,126.11,176.56,186.52,8315.46,11652.92,8241.72
19991019,124.43,174.77,183.67,8400.85,11704.27,8231.26
19991020,124.36,175.41,184.46,8426.32,11811.21,8305.86
19991021,125.12,175.96,186.92,8529.73,12001.01,8536.58
19991022,125.36,175.91,186.71,8533.21,11918.92,8560.87
19991025,126.77,177.51,188.07,8626.46,12123.14,8646.49
19991026,127.07,177.02,187.76,8560.89,12059.13,8629.77
19991027,126.64,177.02,187.39,8474,11925.86,8584.05
19991028,127,176.87,187.36,8572,12029.16,8676.53
19991029,127.8,178.64,189.61,8809.54,12512.73,8978.78
19991101,130.69,179.94,193.07,8949.4,12954.66,9232.83
19991102,131.76,179.82,194.51,8906.62,12858.68,9226.82
19991103,132.38,180.39,195.1,8848.92,12781.99,9227.22
19991104,133.92,182.46,198.35,8861.85,12889.02,9268.89
19991105,134.57,182.97,199.26,8907.24,12981.98,9365.76
19991108,136.01,183.03,200.18,8892.22,13104.11,9473.84
19991109,137.19,184.09,202.04,8971.03,13166.7,9489.84
19991110,137.99,184.18,203.59,8904.06,13059.69,9390.43
19991111,139.21,184.62,206.14,8982.85,13115.8,9447.36
19991112,139.71,184.94,205.71,8993.97,13154.89,9526.31
19991115,140.7,185.77,206.5,9082.6,13269.46,9690.55
19991116,141.79,187.57,208.7,9087.85,13241.6,9701.25
19991117,142.72,188.61,210.3,9216.78,13503.28,9898.75
19991118,143.24,188.38,211.49,9168.17,13454.72,9810
19991119,144,190.46,215.04,9176.36,13617.3,9973.87
19991122,143.87,190.32,214.78,9125.68,13588.07,9997.06
19991123,144.39,189.41,215.4,9105.42,13612.68,10009.45
19991124,142.35,187.8,212.28,8962.22,13460.52,9888.52
19991126,142.82,187.91,212.09,9033.35,13577.84,10014.19
19991129,144.84,188.19,213.98,9049.19,13568.42,10036.85
19991130,144.95,187.58,213.41,9032.94,13509.97,9902.79
19991201,145.69,188.66,215.94,9004.09,13385.79,9778.24
19991202,146,187.44,216.51,8770.35,13485.73,9851.7
19991203,148.54,188.62,220.11,8814.35,13583.46,10032.23
19991206,149.32,190.2,222.41,8969.99,13817.95,10203.59
19991207,149.6,190.32,223.9,8906.68,13713.39,10193.33
19991208,150.82,189.83,224.96,8824.24,13589.63,10182.43
19991209,151.69,190.47,227.68,8809.23,13599.78,10101.99
19991210,151.4,189.41,227.22,8812.44,13644.99,10156.2
19991213,153.22,190.27,229.07,8756.28,13714.05,10281.02
19991214,154.67,191.53,231.4,8738.77,13706.13,10306.36
19991215,152.28,189.72,227.7,8721.77,13572.05,10105.17
19991216,151.41,189.46,226.13,8761.99,13601.14,10269.61
19991217,152.76,190.7,228.46,8739.33,13638.02,10395.17
19991220,153.17,190.29,229.56,8728.07,13655.73,10447.1
19991221,154.42,190.45,229.96,8657.13,13616.16,10482.04
19991222,157.7,192.51,233.28,8691.24,13749.11,10727.85
19991223,158.84,192.88,234.21,8689.48,13808.59,10780.19
19991227,159.6,194.53,236.1,8815.62,14016.58,10907.07
19991228,160.32,195.46,235.97,8731.42,14036.25,10859.28
19991229,162.18,196.32,238.15,8785.92,14055.92,10859.23
19991230,164.78,198.95,243.36,8811.84,14096.9,10970.75
19991231,165.13,199.28,243.78,8817.42,14111.18,10981.2
20000103,171.33,204.06,252.23,9185.21,14225.7,11062.77
20000104,170.62,200.61,249.39,9014.46,14052.73,11097.76
20000105,164.22,195.44,239.26,8772.38,13521.16,10554.13
20000106,165.75,196.03,239.89,8885.99,13508.75,10491.31
20000107,165.2,195.47,238.96,8989.2,13424.43,10346.45
20000110,168.82,198.53,244.58,9129.54,13916.53,10722.23
20000111,173.41,201.92,250.8,9248.81,14096.37,10978.64
20000112,170.82,200.27,246.31,9166.56,13977.09,10646.77
20000113,170.04,199.4,243.33,9159.23,13993.79,10533.27
20000114,173.98,203.32,249.21,9233.56,14133.52,10838.55
20000118,177.25,204.37,252.18,9247.29,14300.75,11011.94
20000119,182.21,206.75,257.07,9201.53,14145.37,11064.75
20000120,184.3,208.73,260.38,9268.53,14196.19,11073.05
20000121,186.53,210.96,263.71,9163.72,14084.55,11063.78
20000124,189.84,212.28,267.1,9199.5,14009.94,11097.52
20000125,187.91,209.61,263.09,9028.18,13665.78,10720.95
20000126,188.05,208.61,262.55,8981.68,13751.71,10824.07
20000127,188.48,208.63,262.67,9001.13,13715.71,10701.83
20000128,186.35,208.17,260.61,8984.24,13652.22,10661.42
20000131,181.69,204.5,253.48,8778.41,13280.3,10342.87
20000201,179.35,201.51,248.04,9018.38,13592.93,10537.23
20000202,181.71,203.83,250.84,8996.55,13755.79,10786.57
20000203,184.8,206.2,254.7,9022.16,13780.75,10793.25
20000204,189.5,210.35,260.59,9029.42,13954.41,11020.24
20000207,192.13,212.1,263.28,8964.42,13951.58,11029.55
20000208,197.1,214.25,267.58,8972.81,13938,11139.08
20000209,200.49,215.1,272.38,8984.63,14087.02,11354.57
20000210,200.78,215.04,271.1,8782.29,13838.77,11084.66
20000211,204.64,216.34,275.48,8780.14,13818.34,11245.32
20000214,203.76,215.5,274.92,8631,13585.39,10965.82
20000215,204.57,217.65,277.75,8621.86,13644.83,10960.94
20000216,205.79,217.01,276.77,8723.39,13834.39,10984.52
20000217,211.69,218.55,279.91,8695.32,13623.37,10953.72
20000218,218.12,222.59,285.91,8667.53,13585.72,11064.05
20000222,215.46,219.24,281.05,8400.36,13229.72,10738.62
20000223,213.77,217.35,278.84,8450.9,13299.03,10743.39
20000224,217.8,219.5,281.92,8434.33,13336.43,11047.76
20000225,219.33,220.59,283.29,8298.6,13291.79,11128.71
20000228,221.74,222.02,284.25,8165.62,13090.86,11018.07
20000229,223.2,223.5,286.36,8297.1,13267.74,11018.3
20000301,234.06,231.2,298.45,8452.09,13504.2,11243.18
20000302,240.8,233.55,306.32,8533.67,13652.63,11403.61
20000303,241.5,231.82,305,8541.11,13706.56,11332.42
20000306,248.87,235.28,311.44,8658.08,13995.29,11709.85
20000307,253.03,235.68,312.42,8532.42,13821.99,11624.42
20000308,247.89,233.87,308.87,8509.9,13270.73,11456.8
20000309,245.89,233.71,310.62,8523.92,13345.46,11608.21
20000310,247.82,236.66,317.92,8716.2,13616.61,11984.61
20000313,247.78,235.59,317.32,8641.05,13571.27,11933.08
20000314,240.49,231.69,311.24,8593.32,13434.53,11738.44
20000315,229.26,226.04,303.16,8519.32,13163.75,11438.71
20000316,222.42,222.54,292.51,8725.09,13583.72,11421.92
20000317,224.69,227.25,295.95,9111.98,14281.46,11966.82
20000320,227.16,227.47,297.33,9082.68,14346.02,12121.41
20000321,215.02,221.26,284.16,9052.72,14303.29,11834.38
20000322,212.94,221.69,284.19,9203.71,14602.88,12217.46
20000323,222.24,227.73,294.16,9217.32,14629.18,12482.33
20000324,223.95,229.77,296.08,9372.99,14825.38,12738.2
20000327,222.88,228.18,296.91,9412.29,14807.41,12762.33
20000328,223.36,227.13,296.21,9381.2,14784.23,12710.76
20000329,216.01,223.66,290.8,9313.53,14628.53,12504.15
20000330,207.33,219.72,280.99,9378.17,14703.26,12230.23
20000331,200.47,215.46,271.44,9314.44,14592.77,11924.63
20000403,217.43,221.79,290.96,9426.31,14704.78,12454.44
20000404,205.23,215.72,274.33,9415.42,14905.3,11955.46
20000405,197.72,211.06,264.71,9379.84,14887.05,11763.15
20000406,202.53,214.1,268.56,9327.52,14830.75,11788.93
20000407,210.12,219.56,275.7,9468.63,14983.42,11924.16
20000410,215.13,223.62,282.48,9435.72,15095.22,12233.63
20000411,204.72,216.54,269.14,9366.01,15054.64,11865.79
20000412,199.16,212.92,261.32,9433.34,15067.14,11627.01
20000413,188.93,207.49,248.21,9367.21,14770.43,11180.41
20000414,186.07,206.07,242.84,9270.17,14510.52,10990.17
20000417,167.06,193.99,221.72,8818.76,13658,10142.62
20000418,166.8,194.51,222,8910.91,14068.49,10660.1
20000419,180.61,203.76,238.12,9047.1,14416.96,11172.62
20000420,183.49,204.78,239.67,9050.94,14268.76,11008.36
20000424,181.21,203.45,237.68,9097.64,14373.64,10949.19
20000425,174.99,199.83,229.14,9154.4,14467.01,10641.02
20000426,183,207.05,238.66,9375.38,14933.89,11168.39
20000427,182.07,206.24,236.55,9252.27,14783.68,10995.68
20000428,185.79,209.18,241.14,9241.85,14769.23,11231.13
20000501,190.86,213.63,248.16,9150.4,14668.76,11477.21
20000502,197,217.88,256.13,9211.95,14805.41,11647.66
20000503,192.21,213.65,249.05,9036.89,14643.75,11287.95
20000504,188.98,209.87,243.82,8898.64,14293.99,11080.44
20000505,191.5,211.98,246.75,8949.67,14189.37,11066.99
20000508,194.11,216.31,251.52,9042.25,14387.14,11275.33
20000509,189.74,213.11,245.39,9012.37,14399.39,11030.64
20000510,185.56,210.28,240.98,8945.01,14285.71,10886.85
20000511,178.51,203.81,232.48,8842.56,14010.76,10473.72
20000512,182.66,208.78,239.42,8961.85,14248.48,10791.86
20000515,183.25,209.31,239.76,9012.8,14331.2,10919.28
20000516,185.52,211.48,242.74,9199.71,14633.98,11190.8
20000517,188.27,213.33,246.77,9241.58,14804.26,11365
20000518,186.66,211.6,243.93,9120.28,14655.84,11150.09
20000519,183.07,209.37,239.37,9091.57,14605.62,10916.83
20000522,178.3,206.06,233.38,8960.86,14287.9,10609.76
20000523,173.69,204,228.58,8936.05,14218.34,10554.48
20000524,167.53,200.55,221.93,8839.38,13982.04,10187.06
20000525,166.83,200.4,221.12,8900.04,14207.81,10461.26
20000526,164.5,198.54,218.83,8784.79,14022.97,10334.99
20000530,164.28,198.62,218.52,8768.1,14020.62,10301.65
20000531,171.09,204.84,228.04,8972.15,14404.86,10865.76
20000601,172.57,206.62,230.63,9170.61,14429.69,10795.11
20000602,178.98,211.13,238.67,9282.66,14739.13,11199.37
20000605,187.94,217.14,250.08,9343.61,15005.3,11703.56
20000606,191.02,218.2,252.29,9309.17,14876.33,11645.02
20000607,192.01,217.86,251.87,9302.4,14759.28,11484.71
20000608,194.31,219.73,255.66,9331.61,14888.75,11705.51
20000609,194,220.13,254.92,9250.43,14792.67,11625.29
20000612,199.78,222.38,259.15,9217.51,14725.98,11643.27
20000613,196.01,219.12,251.19,9194.41,14623.32,11447.82
20000614,196.59,221.02,252.41,9239.13,14873.02,11679.79
20000615,195.18,219.95,251.25,9293.94,14811.57,11679.15
20000616,194.93,220.78,251.03,9308.88,14833.34,11781.87
20000619,195.52,221.45,251.67,9296.29,14604.84,11760.68
20000620,198.91,223.99,253.75,9365.28,14871.64,12004.87
20000621,199.07,225.59,255.9,9382.5,14525.12,12009.75
20000622,200.98,226.99,258.07,9416.11,14524.21,12057.45
20000623,195.67,222.13,254.37,9302.07,14291.49,11748.51
20000626,195.04,222.1,251.78,9239.65,14266.51,11516.55
20000627,198.24,225.1,256.3,9215.46,14420.5,11648.02
20000628,195.76,222.61,254.41,9172.71,14350.81,11582.68
20000629,200.97,224.91,260.03,9169.63,14443.68,11704.01
20000630,200.27,223.83,258.48,9220.59,14331.3,11525.14
20000703,135.9,171.48,220.2,5496.69,12971,11540.5
20000705,137.05,173.07,221.89,5564.52,12994.48,11610.13
20000706,136.31,172.16,220.16,5504.12,12963.82,11284.67
20000707,137.37,173.05,222.16,5500.62,13001.12,11511.8
20000710,137.88,174.05,222.89,5559.84,13200.36,11721.43
20000711,138.53,174.67,223.17,5560.81,13275.88,11636.91
20000712,139.07,174.58,222.65,5627.84,13341.9,11604.43
20000713,141.19,176.57,226.68,5656.21,13354.66,11883.77
20000714,141.39,176.81,229.02,5633.38,13276.5,12077.16
20000717,141.57,176.72,230.98,5658.96,13317.43,12280.66
20000718,142.57,177.05,233.71,5682.84,13325.77,12306.89
20000719,141.66,176.01,231.15,5636.26,13214.08,12072.09
20000720,139.98,174.82,227.65,5609.4,13194.02,11827.09
20000721,141.42,176.1,229.61,5709,13246.13,12077.27
20000724,139.78,174.11,224.23,5642.37,13179.4,11845.53
20000725,137.24,171.9,220.46,5620.1,13111.08,11583.01
20000726,136.6,171.99,219.82,5617.02,13122.6,11712.6
20000727,136.42,172.2,219.1,5562.16,12939.24,11549.23
20000728,133.93,170.63,212.69,5579.73,12970.62,11340.68
20000731,130.84,168.88,206.99,5554.17,12840.42,10941.04
20000801,132.71,172.11,210.65,5575.07,12956.43,11246.53
20000802,132.61,172.22,207.91,5629.99,13164.38,11133.05
20000803,132.86,172.57,208.12,5687.81,13214.76,11106.8
20000804,132.39,172.05,208.25,5711.3,13314.71,11298.9
20000807,133.44,172.7,210.06,5754.28,13437.64,11396.94
20000808,134.72,174.04,212.27,5793.6,13543.85,11605.62
20000809,134.72,174.11,211.31,5832.41,13545.29,11616.34
20000810,134.89,173.81,210.39,5804.41,13336.56,11625.69
20000811,133.69,172.55,207.9,5798.28,13328.4,11407.54
20000814,135.27,174.94,209.78,5871.78,13473.14,11481
20000815,136.85,176.36,210.72,5927.93,13614.76,11659.38
20000816,136.17,175.52,209.31,5883.89,13515.24,11642.5
20000817,136.9,176.08,210.62,5861.86,13416.46,11680.21
20000818,137.78,176.85,211.63,5911.98,13503.47,11871.55
20000821,137.49,176.51,211.42,5889.36,13453.16,11850.55
20000822,137.78,176.56,211.93,5909.28,13546.99,11896.28
20000823,138.16,176.93,212.41,5908.35,13540.16,11901.89
20000824,138.51,176.85,213.14,5934.89,13568.12,12016.33
20000825,140.31,177.61,215.06,5961.69,13613.23,12076.16
20000828,141.28,178.65,216.24,5991,13648.45,12051.64
20000829,141.67,178.69,217.51,6005.16,13694.63,12129.79
20000830,141.88,179.04,219.29,6004.83,13630.92,12156.24
20000831,142.87,179.72,220.89,5983.18,13546.7,12198.67
20000901,144.96,180.92,225.13,6038.74,13630.25,12448
20000905,145.58,181.68,226.28,6080.68,13680.47,12514.64
20000906,144.88,181.38,225.63,6069.6,13648.39,12320.68
20000907,144,181.36,224.85,6081.11,13564.57,12078.52
20000908,145.92,182.56,227.12,6114.75,13602.11,12236.43
20000911,145.14,181.14,224.39,6083.75,13692.78,12006.18
20000912,144.8,181.21,222.45,6065,13747.27,11888.23
20000913,145,181.47,221.77,6070.83,13724.05,11788.23
20000914,145.24,181.61,221.83,6087.5,13668.93,11923.96
20000915,146.65,182.34,224.31,6048.92,13602.67,11991.88
20000918,145.95,181.02,221.06,6043.84,13443.73,11831.02
20000919,142.82,177.87,214.34,5930.06,13323.88,11569.35
20000920,143.35,178.56,216.44,5948.26,13317.16,11863.5
20000921,143.11,178.23,215.22,5899.78,13193.14,11889.83
20000922,142.42,176.5,211.76,5917.51,13232.32,11748.31
20000925,142.14,176.68,211.9,5993.73,13398.43,11696.93
20000926,141.03,175.55,210.74,5968.13,13419.88,11571.92
20000927,139.87,174.32,207.84,5925.48,13333.34,11442.93
20000928,139.25,173.94,205.69,5930.24,13423.27,11369.6
20000929,142.05,177,211.68,6014.87,13698.26,11687.77
20001002,144.22,177.88,214.14,5968.99,13676.51,11524.73
20001003,141.97,176.11,209.84,5973.28,13704.66,11366.2
20001004,140.2,174.46,206.23,5899.53,13685.38,11118.27
20001005,140.01,174.41,207.04,5893.77,13636.44,11329.47
20001006,139.78,173.44,204.67,5854.45,13721.17,11233.44
20001009,136.75,171.3,199.45,5824.37,13459.88,10957.8
20001010,135.33,170.75,197.91,5854.77,13374.37,10931.59
20001011,133.81,169.81,194.88,5835.04,13288.1,10681.19
20001012,131.41,168.69,191.31,5775.73,13154.14,10403.3
20001013,128.52,166.59,186.02,5627.11,12800.89,10083.48
20001016,131.8,169.65,191.43,5721.97,13113.94,10686.94
20001017,132.95,168.89,191.72,5792.3,13213.18,10643.11
20001018,130.5,166.45,187.59,5758.59,12976.28,10393.53
20001019,129.39,166.25,184.98,5653.73,12987.69,10274.62
20001020,133.19,169.1,191.25,5702.49,13206.5,10904.15
20001023,134.29,170.77,194.93,5687.74,13208.57,11102.93
20001024,135.5,171.55,195.89,5692.41,13231.84,11086.5
20001025,135.3,171.16,195.76,5701.71,13398.75,10949.49
20001026,132.64,168.58,191.08,5660.63,13298.51,10491.8
20001027,133.4,170.04,192.13,5708.15,13226.54,10549.56
20001030,133.55,170.5,191.93,5765.35,13347.78,10665.75
20001031,133.98,171.74,191.94,5863.89,13676.48,10594.79
20001101,137.77,176.35,198.76,5997.94,13837.13,11071.95
20001102,137.28,175.53,198.88,6003.29,13752.58,11020.78
20001103,140.28,178,203.15,6053.77,13807.18,11208.71
20001106,140.89,178.62,204.35,6018.96,13753.98,11245.9
20001107,140.41,177.9,202.9,6055.48,13873.52,11203.74
20001108,140.59,178.78,203.76,6066.87,13840.64,11204.65
20001109,139.26,178.34,200.78,6052.53,13794.83,10785.65
20001110,137.53,176.88,198.09,6033.77,13690.44,10670.56
20001113,134.77,173.61,191.9,5938.15,13523.8,10224.59
20001114,132.62,173.58,189.65,5896.32,13303.92,10092.67
20001115,135.16,175.58,194.21,5976.37,13491.58,10538.09
20001116,136.2,176.94,195.12,6020.57,13546.01,10639.45
20001117,134.22,175.07,191.23,5963.88,13481.68,10343.9
20001120,134.99,176.16,191.08,5986.66,13407.6,10291.66
20001121,131.54,173.97,185.97,5945.43,13163.2,9954.44
20001122,130.46,173.26,183.54,5940.27,13227.56,9926.13
20001124,128.11,171.58,179.06,5859.44,13013.05,9658.82
20001127,131.37,173.77,183.88,5921.78,13094.72,10013.83
20001128,131.11,173.42,183.87,5931.36,13254.23,9981.9
20001129,128.1,171.34,178.89,5888.57,13261.35,9653.83
20001130,125.82,170.56,176.54,5926.23,13430.55,9582.62
20001201,124.13,168.15,173.81,5832.98,13320.32,9323.77
20001204,126.49,170.51,177.09,5838.89,13356.14,9390.38
20001205,124.86,168.64,174.6,5901.23,13446.81,9385.12
20001206,129.05,173.02,182.09,6029.91,13756.95,10081.56
20001207,127.52,171.25,178.81,5932.21,13570.33,9859.28
20001208,126.99,171.11,177.37,5920.44,13580.17,9747.55
20001211,131.32,175.59,182.93,6049.96,13783.92,10142.18
20001212,133.01,177.45,185.52,6058.72,13812.91,10367.47
20001213,131.42,175.12,183.15,6008.15,13805,10198.15
20001214,129.84,174.33,181.01,5972.11,13800.38,9973.02
20001215,127.75,172.39,177.24,5936.5,13596.08,9750.3
20001218,126.55,171.21,175.87,5858.74,13371.25,9500.97
20001219,127.68,173.1,176.25,5977.72,13599.4,9433.04
20001220,126.21,172.28,173.45,5963.91,13556.41,9124.8
20001221,121.99,167.75,166.45,5850.88,13312.12,8598.69
20001222,122.44,168.98,167.23,5820.85,13387.42,8682.51
20001226,126.33,172.72,173.29,5945.31,13575.62,9121.48
20001227,126.84,173.67,174.31,5995.52,13732.54,9113.77
20001228,129.3,177.7,178.36,6083.21,13872.15,9257.72
20001229,132.85,181.82,184.35,6155.87,14011.71,9284.57
20010102,133.65,181.11,183.91,6117.11,14001.5,9150.17
20010103,130.19,176.77,178.06,5900.59,13692.66,8683.19
20010104,134.29,182.3,187.13,5951.05,14092.55,9490.36
20010105,133.13,182.24,185.97,5818.25,13895.6,9400.88
20010108,130.6,179.4,180.99,5772.42,13632.47,8964.79
20010109,129.75,179.2,179.23,5801.63,13575.84,8925.29
20010110,130.83,180.18,180.63,5816.51,13577.61,9028.88
20010111,133.59,182.9,185.18,5871.35,13650.12,9249.17
20010112,135.62,184.8,189.61,5860.8,13657.05,9528.38
20010116,137.19,185.45,192.16,5836.09,13601,9349.48
20010117,140.06,188.64,197.13,5881.87,13791.77,9329.71
20010118,140.06,188.52,197.76,5873.92,13725.54,9469.25
20010119,140.65,188.76,198.44,5935.11,13799.62,9656.77
20010122,139.43,186.38,196.42,5880.29,13659.8,9649.66
20010123,140.24,187.34,197.61,5924.62,13703.29,9601.91
20010124,142.91,190.48,201.88,6004.29,13842.55,9808.44
20010125,142.64,190.02,203,6010.75,13876.82,9861.09
20010126,142.2,189.49,201.69,6063.47,13913.39,9637.83
20010129,142.31,189.99,201.62,6069.74,13862.68,9649.94
20010130,144.19,192.29,205.34,6088.09,13938.52,9780.63
20010131,145.29,192.63,207.46,6134.37,14085.51,9790.74
20010201,145.24,193.24,207.45,6114.35,14177.31,9840.64
20010202,145.89,193.34,207.73,6131.4,14266.01,9873.11
20010205,144.24,192.13,203.92,6069.33,14150.49,9551.72
20010206,144.2,192.34,203.53,6095.53,14234.89,9533.99
20010207,145.46,193.79,205.25,6128.77,14181.11,9555.84
20010208,145.99,195.1,205.57,6164.28,14120.03,9384.46
20010209,145.16,194.28,204.03,6125.75,14109.03,9265.87
20010212,143.85,193.19,201.46,6094.12,14036.2,9023.43
20010213,145.81,196.2,202.76,6166.36,14239.5,9112.68
20010214,145.66,196.25,202.06,6144.69,14126.5,8999.09
20010215,145.39,196.6,202.43,6125.7,13997.73,9079.16
20010216,146.33,197.84,204.51,6149.13,14056.63,9241.56
20010220,144.12,195.28,200.66,6114.83,13974.11,8912.71
20010221,142.34,194.37,197.52,6075.26,13838.36,8630.91
20010222,140,192.33,193.93,5974.88,13611.11,8449.08
20010223,138.31,190.26,191.64,5961.5,13569.51,8396.89
20010226,137.88,190.34,191.06,5910.35,13507.14,8388.07
20010227,140.75,193.18,195.4,6003.03,13780.56,8550.97
20010228,138.97,190.76,192,5983.27,13758.29,8325.41
20010301,138.92,190.08,191.56,5953.59,13693.95,8182.94
20010302,138.45,189.04,189.1,5967.18,13621.02,8252.48
20010305,139.74,190.84,189.88,5977.82,13646.31,8115.21
20010306,139.95,190.75,189.3,6037.12,13645.8,8206.85
20010307,141.04,192.4,191.38,6039.55,13697.22,8392.81
20010308,142.45,193.94,192.82,6081.08,13780.43,8429.22
20010309,141.66,194.12,191.29,6115.82,13855.87,8344.9
20010312,140.06,192.4,187.9,6014.02,13634.31,8017.27
20010313,135.84,188.05,181.23,5827.97,13120.72,7591.75
20010314,136.12,189.29,182.53,5830.66,13260.65,7820.64
20010315,133.62,186.36,179.42,5709.54,12877.09,7654.2
20010316,133.92,186.34,179.37,5711.78,13003.45,7642.16
20010319,130.88,183.15,175.26,5574.79,12759,7472.77
20010320,132.95,185.33,177.52,5670.34,12956.58,7651.59
20010321,131.37,183.7,175.65,5583.12,12681.39,7407.92
20010322,128.95,180.94,172.36,5496.28,12380.96,7319.62
20010323,127.68,179.38,170.32,5395.57,12222.25,7406.92
20010326,130.51,181.95,174.86,5529.36,12520.18,7518.92
20010327,131.47,183.21,176.68,5611.65,12737.92,7541.42
20010328,132.65,185.49,178.91,5717.9,13044.18,7765.88
20010329,130.35,182.88,175.62,5637.63,12884.8,7429.74
20010330,130.37,183.28,175.31,5650.72,12872.26,7336.19
20010402,135.14,189.09,181.59,5695.42,13043.64,7444.86
20010403,131.19,185.23,176.73,5641.32,12908.92,7300.11
20010404,127.52,181.07,170.71,5490.77,12549.83,6950.8
20010405,127.36,181.15,169.8,5529.62,12558.55,6867.34
20010406,131.91,186.69,176.23,5699,13007.17,7335.67
20010409,129.79,183.78,172.67,5603.73,12811.23,7121.28
20010410,131.42,185.53,175.48,5650.61,12913.47,7183.23
20010411,134.08,188.51,179.83,5752.18,13173.47,7500.09
20010412,133.56,186.94,179.07,5680.47,13089.24,7579.07
20010416,135.6,188.6,181.36,5733.6,13259.24,7751.62
20010417,135.3,187.98,180.4,5742.25,13254.37,7678.62
20010418,136.93,190.03,182.35,5809.36,13406.41,7759.99
20010419,138.61,191.83,187.37,5908.22,13802.64,8252.21
20010420,139.78,193.5,190.07,5967.48,13826.36,8517.57
20010423,138.81,191.88,189.16,5929.18,13674.13,8458.53
20010424,138.07,191.08,187.25,5884.11,13579.94,8185.95
20010425,138.75,191.84,188.6,5872.59,13402.94,8063.83
20010426,141.65,195.53,192.61,5969.82,13625.42,8205.14
20010427,143.15,197.32,194.88,6028.25,13762.92,8183.56
20010430,144.8,199.7,197.64,6111.32,13961.88,8319.56
20010501,146.91,201.37,199.92,6109.37,13884.02,8426.67
20010502,148.31,202.95,202.62,6148.78,14033.98,8593.77
20010503,149.28,203.03,204.03,6087.32,14026.05,8706.79
20010504,148.02,201.41,201.9,6035.68,13892.45,8482.34
20010507,149.82,204.16,204.15,6113.44,14062.4,8639.27
20010508,149.28,203.35,203.77,6112.99,14031.82,8593.55
20010509,150.49,204.2,205.1,6116.06,13944.62,8624.85
20010510,150.57,203.57,205.16,6122.47,13933.24,8519.88
20010511,150.74,204.52,205.94,6129.85,13965.44,8470.54
20010514,150.39,204.23,204.56,6080.77,13877.06,8407.05
20010515,150.74,204.47,203.81,6107.27,13959.32,8367.13
20010516,152.04,205.74,205.43,6139.4,13956.73,8368.99
20010517,154.08,207.71,208.65,6283.43,14334.66,8638.1
20010518,156.52,209.66,211.37,6322.32,14361.6,8703.27
20010521,157.97,210.41,212.33,6336.93,14373.32,8734.54
20010522,160.63,212.85,216.24,6418.56,14516.83,9003.99
20010523,161.44,212.57,217.43,6376.18,14496.54,8997.3
20010524,159.13,209.96,214.23,6307.2,14303.49,8789.34
20010525,160.27,211.25,216.39,6328.86,14316.71,8859.19
20010529,160.69,211.11,215.86,6288.45,14155.71,8752.6
20010530,159.41,210.09,213.54,6265.52,14169.51,8532.95
20010531,156.96,208.84,209.47,6199.43,14024.77,8308.99
20010601,159.23,210.31,212.22,6244.22,14143.55,8378.76
20010604,160.78,212.41,213.79,6291.84,14176.53,8467.35
20010605,162.82,214.64,216.23,6327.91,14255.35,8492.98
20010606,165.71,217.05,219.52,6413.21,14343.55,8706.05
20010607,164.48,215.11,218.34,6355.85,14232.02,8618.16
20010608,164.73,215.7,219.73,6350.82,14255.37,8724.5
20010611,164.43,214.93,218.81,6314.31,14142.27,8603.47
20010612,163.16,213.71,217.73,6271.91,14019.72,8500.05
20010613,162.92,214.35,217.71,6274.22,14053.93,8494.17
20010614,163.04,214.02,217.42,6246.73,13942.88,8347.12
20010615,159.95,211.32,212.94,6158.37,13782.66,8099.82
20010618,159.74,211.51,212.25,6153.41,13723.88,8047.6
20010619,158,209.96,209.67,6148.25,13710.43,7944.97
20010620,157.18,209.14,208.85,6143.17,13761.62,7970.67
20010621,158.7,211.72,211.43,6170.2,13920.21,8098.28
20010622,159.11,213.29,212.57,6197.22,14070.79,8217.02
20010625,157.17,210.9,209.93,6142.78,13913.49,8145.17
20010626,156.25,210.13,209.93,6097.22,13807,8146.16
20010627,158.7,212.6,212.55,6113.63,13728.71,8170.61
20010628,160.23,214.44,214.47,6103.39,13648.85,8182.64
20010629,161.91,216.7,217.77,6149.67,13801.65,8332.09
20010702,141.01,214.54,249.66,7100.87,13247.25,11767.62
20010703,138.45,210.28,241.6,7146.62,13412.47,11829.7
20010705,138.68,210,240.33,7115.67,13399.88,11801.31
20010706,137.93,209.29,237.2,7064.35,13299.45,11582.64
20010709,136.22,206.62,231.74,6935.62,13066.08,11240.79
20010710,136.74,207.67,233.54,6969.34,13121.12,11342.36
20010711,135.34,206,229.06,6867.93,12963.96,11149.92
20010712,134.84,205.71,226.72,6891.21,12947.63,11120.46
20010713,137,209.53,234.44,6977.86,13169.08,11497.56
20010716,137.52,210.61,235.44,7020.35,13286.18,11546.85
20010717,136.21,209.46,232.22,6968.12,13186.03,11365.69
20010718,137.83,212.07,235.56,7031.06,13301.21,11507.31
20010719,136.5,210.18,231.54,7025.96,13284.62,11365.65
20010720,137.83,211.41,233.56,7044.94,13324.76,11444.7
20010723,138.28,212.24,232.78,7009.89,13299.67,11392.8
20010724,137.28,210.71,230.39,6919.36,13137.62,11164.59
20010725,135.25,208.45,224.67,6792.12,12942.63,10962.91
20010726,136.1,209.57,225.44,6885.34,13094.2,11160.68
20010727,137.59,211.68,229.28,6936.41,13179.43,11358.04
20010730,137.4,211.62,229.88,6944.96,13200.08,11398.89
20010731,137.35,211.86,229.18,6939.77,13199.35,11377.48
20010801,137.8,212.53,229.35,6979.54,13288.68,11374.94
20010802,138.78,212.52,231.92,6969.5,13336.53,11497.94
20010803,138.64,212.44,232.43,6991.22,13381.31,11566.82
20010806,138.66,212.11,230.95,6986.08,13370.75,11501.5
20010807,137.37,210.5,227.26,6926.58,13224.91,11356.64
20010808,137.59,210.41,226.52,6943.86,13328.34,11336.75
20010809,136.29,208.21,222.13,6860.82,13179.9,11065.63
20010810,136.76,208.68,222.35,6837.34,13191.54,11050.72
20010813,137.3,209.55,221.42,6712.89,13294.67,11070.77
20010814,137.9,210.28,222.79,6720.62,13326.56,11091.98
20010815,139.1,211.5,223.67,6742.53,13313.33,11013.73
20010816,139.29,212.1,221.23,6745.05,13287.31,10849.33
20010817,140.56,213.64,221.43,6746.7,13326.56,10868.71
20010820,139.52,211.98,218.07,6706.93,13117.45,10648.09
20010821,140.46,213.32,218.81,6744.86,13209.7,10739.85
20010822,139.33,211.62,215.05,6735.01,13093.53,10546.95
20010823,140.69,213.44,216.92,6764.18,13202.54,10619.96
20010824,139.74,212.11,215.36,6751.66,13192.13,10572.19
20010827,141.42,214.25,219.91,6825.2,13322.12,10881.02
20010828,141,213.12,219.69,6783.31,13262.82,10845.78
20010829,139.84,211.71,216.53,6707.22,13115.61,10639.72
20010830,140.02,211.76,215.58,6652.98,12990.29,10512.3
20010831,138.66,210.32,212.49,6633.46,12865.36,10245.23
20010904,140.29,211.06,215.08,6669.95,12996.09,10338.36
20010905,139.33,211.4,213.25,6661.71,13050.41,10283.45
20010906,138.53,210.37,209.81,6678.59,13082.34,10201.96
20010907,136.11,207.53,205.11,6586.59,12855.5,9920.2
20010910,133.75,203.96,201.25,6480.83,12635.29,9724.73
20010917,132.58,202.32,198.9,6476.26,12667.09,9807.38
20010918,124.87,193.21,187.33,6189.69,12092.74,9265.86
20010919,122.93,190.93,183.42,6152.33,11996.66,9199.51
20010920,119.61,186.94,178.82,6034.06,11771.49,9080.62
20010921,114.55,180.21,171.87,5853.2,11411.59,8813.84
20010924,112.1,176.3,167.38,5735.78,11205.87,8633.77
20010925,116.13,181.93,174.82,5931.48,11607.85,8996.4
20010926,116.65,183.67,174.87,5985.14,11706.39,9063.15
20010927,115.49,182.06,170.71,5956.29,11709.6,8955.57
20010928,116.09,183.65,170.47,6033.78,11930.94,9002.78
20011001,120.14,188.99,177.99,6141.6,12180.62,9229.74
20011002,118.46,185.81,174.48,6093.78,12150.62,9214.18
20011003,119.87,187.1,176.69,6149.74,12283.47,9355.94
20011004,122.34,191.14,182.72,6228.08,12431.21,9682.36
20011005,123.03,192.45,185.7,6201.71,12364.15,9698.3
20011008,122.74,191.94,184.65,6175.24,12362.92,9719.87
20011009,122.15,191.1,183.93,6125.32,12252.61,9661.19
20011010,121.34,188.69,182.47,6104.61,12232.94,9582.68
20011011,124.46,192.9,188.49,6213.7,12442.39,9821.75
20011012,125.83,195.59,194.84,6287.18,12566.33,10066.24
20011015,125.29,194.67,194.41,6228.55,12516.16,10007.72
20011016,125.74,195.63,194.98,6231.63,12542.06,9973.78
20011017,127.44,197.42,197.39,6283.55,12606.64,10071.6
20011018,124.9,194.34,193.17,6191.45,12433.4,9791.48
20011019,124.44,192.88,191.9,6167.11,12310.39,9741
20011022,125.66,194.55,193.77,6246.38,12318.21,9815.59
20011023,126.72,196.44,196.78,6341.95,12540.35,9942.86
20011024,125.59,195.51,196.36,6311.85,12472.08,9891.98
20011025,125.85,195.22,196.72,6280.98,12478.81,9916.08
20011026,127.67,197.86,200.38,6336.4,12644.01,10097.39
20011029,129.19,198.73,202.41,6385.75,12722.56,10104.99
20011030,127.19,195.84,198.24,6297.33,12461.73,9806.36
20011031,125.88,193.93,194.18,6190.85,12282.8,9599.24
20011101,129.74,195.89,198.47,6226.12,12377.91,9642.09
20011102,131.4,198.77,200.65,6338.05,12620.45,9897.7
20011105,131.27,198.11,199.83,6346.28,12661.02,9916.4
20011106,131.89,199.39,202.24,6404.86,12792.89,10116.18
20011107,133.02,201.22,204.61,6507.09,12971.47,10271.63
20011108,132.5,200.27,205.05,6505.23,12898.95,10269.49
20011109,132.1,199.71,204.89,6481.87,12928.86,10274.38
20011112,132.47,199.63,204.55,6507.34,12921.09,10298.64
20011113,133.09,200.53,205.7,6495.76,12875.33,10313.18
20011114,134.77,203.05,210.4,6602.35,13068.36,10546.46
20011115,136.13,204.77,212.76,6638.35,13071.54,10595.06
20011116,135.92,204.31,211.01,6669.1,13058.32,10607.01
20011119,136.69,205.31,212.43,6663.62,13027.58,10561.2
20011120,138.25,207.21,216.79,6714.96,13126.22,10730.15
20011121,137.96,206.78,214.17,6702.85,13118.11,10555.73
20011123,138.07,206.13,213.77,6674.86,13080.8,10484.21
20011126,139.85,208.53,216.83,6749.24,13218.5,10640.28
20011127,140.57,209.56,218.91,6781.11,13267.16,10758.85
20011128,140.49,208.92,219.7,6748.34,13197.2,10696.69
20011129,138.94,207.11,215.38,6675.61,13030.14,10427.06
20011130,141.71,210.53,220.14,6736.75,13137.85,10572.15
20011203,143.25,211.05,220.76,6755.78,13109.11,10552.37
20011204,142.63,210,218.22,6719.77,13013.66,10438.33
20011205,145.08,213.62,223.85,6797.02,13121.13,10648.75
20011206,147.61,217.51,230.36,6900.39,13315.62,10991.34
20011207,148.57,218.55,232.53,6893.88,13256.27,10996.62
20011210,148.46,218.55,232.34,6857.12,13226,10864.08
20011211,147,216.23,229.24,6771.57,13077.31,10650.37
20011212,146.97,216.32,229.79,6760.97,13020.33,10646.77
20011213,146.88,217.02,230.42,6752.87,13019.13,10656.42
20011214,145.32,215.46,226.04,6673.73,12915.83,10425.66
20011217,146.58,217.39,225.85,6691.03,12993.16,10429.69
20011218,148.82,220.35,228.98,6755.8,13091.49,10574.25
20011219,150.24,222.14,232.29,6811.6,13229.76,10640.15
20011220,149.25,221.13,231.67,6845.37,13336.44,10664.05
20011221,147.47,218.57,227.26,6828.34,13319.36,10501.67
20011224,150.35,222.05,232.28,6880.51,13366.38,10552.84
20011226,150.79,223.34,233.32,6884.4,13400.95,10549.37
20011227,151.94,224.98,236.03,6911.62,13445.98,10610
20011228,152.45,226.35,237.98,6924.69,13526.43,10700.42
20011231,152.59,226.36,239.82,6941.77,13545.83,10774.06
20020102,153.5,224.51,242.15,6900.71,13437.58,10647.75
20020103,153.7,224.25,241.57,6899.77,13474.53,10749.55
20020104,156.22,227.39,246.5,6927.54,13521.89,10925.61
20020107,157.86,229.17,249.41,6978.68,13594.99,11016.93
20020108,156.92,227.25,247.21,6940.09,13505.8,10954.28
20020109,158.66,229.61,249.42,6917.77,13437.62,10935.56
20020110,157.96,228.83,248.27,6890.09,13388.13,10880.54
20020111,157.87,229.1,248.25,6891.9,13381.83,10907.91
20020114,156.75,227.06,245.71,6858.07,13292.22,10789.84
20020115,154.54,224.43,241.34,6792.73,13226.82,10703.17
20020116,155.33,225.61,241.37,6840.41,13321.16,10778.7
20020117,153.99,223.56,235.7,6742.49,13153.94,10576.24
20020118,155.61,226.43,237.93,6807.04,13284.87,10699.34
20020122,153.51,224.01,234.08,6773.78,13200.19,10533.71
20020123,152.54,222.48,230.39,6796.42,13145.54,10397.63
20020124,154.4,225.82,234.25,6858.07,13162.29,10557.6
20020125,154.61,226.76,236.19,6922.49,13183.43,10607.4
20020128,154.94,226.92,235.59,6939.16,13255.79,10585.64
20020129,155.6,228.18,235.72,6934.03,13248.08,10603.43
20020130,153.74,225.56,231.4,6754.08,12912.95,10311.26
20020131,154.96,227.87,233.31,6828.54,13058.23,10426.34
20020201,157.83,230.55,235.61,6940.98,13262.13,10584.46
20020204,157.05,228.79,234.06,6911.97,13217.87,10472.89
20020205,154.32,226.24,227.18,6777.68,12948.26,10176.35
20020206,153.97,226.29,225,6737.07,12945.33,10123.39
20020207,151.34,223.63,221.27,6697.62,12889.52,10014.8
20020208,150.98,221.88,218.44,6679.94,12866.53,9949.71
20020211,153.68,224.72,222.61,6753.54,13001.83,10167.68
20020212,154.86,226.12,225.48,6835.67,13162.54,10326.37
20020213,155.27,226.73,226.19,6807.87,13139.33,10282.99
20020214,156.8,228.42,228.56,6860.18,13288.89,10396.95
20020215,155.62,226.73,225.97,6865.69,13280.73,10357.76
20020219,155.68,226.98,223.99,6833.92,13163.42,10207.5
20020220,153.45,224.02,218.34,6712.31,12946.31,9975.97
20020221,155.55,226.94,220.85,6782.32,13138.35,10122.72
20020222,153.47,223.84,216.6,6751.76,13000.42,9895.21
20020225,155.44,227.01,218.22,6823.92,13128.97,9934.64
20020226,156.69,228.42,219.99,6898.04,13314.44,10155.08
20020227,157.71,229.35,221.38,6920.36,13304.75,10173.91
20020228,158.28,230.25,221.75,6946.46,13345.39,10142.35
20020301,158.31,229.08,221.57,6931.32,13300.56,10128.37
20020304,160.66,232.69,226.14,7050.09,13568.2,10431.45
20020305,163.16,235.67,232.04,7155.37,13781.81,10701.68
20020306,162.97,235.41,232.44,7096.69,13696.46,10646.29
20020307,165.83,238.71,235.98,7185.89,13890.98,10788.74
20020308,166.02,239.2,236.66,7155.5,13820.46,10739.52
20020311,167.47,240.86,240.05,7198.6,13844.32,10873.21
20020312,168.34,241.28,241.52,7205.12,13894.43,10900.69
20020313,168.73,241.23,240.14,7203.87,13928.85,10809.3
20020314,168.02,240.55,237.85,7159.7,13807.4,10689.18
20020315,169,241.56,238.7,7161.75,13832.83,10651.83
20020318,169.42,242.41,239.32,7256.49,13971.43,10796.28
20020319,171.01,243.93,241.26,7262.41,13945.37,10824.31
20020320,171.69,245.2,241.94,7316.89,13997.41,10852.03
20020321,170.84,243.84,238.77,7255.12,13768.19,10668.61
20020322,173.22,245.31,241.99,7268.35,13726.41,10747.93
20020325,172.81,244.3,240.49,7286.4,13689.31,10685.33
20020326,171.02,242.54,237.17,7201.72,13519.31,10494.26
20020327,172.75,244.98,238.87,7263.5,13610.34,10538.23
20020328,174.23,247.24,240.43,7316.23,13679.83,10610.65
20020401,175.86,250,245.47,7354.85,13698.52,10671.53
20020402,175.59,249.54,245.49,7325.24,13656.26,10689.76
20020403,174.95,248.71,242.85,7279.31,13614.13,10519.36
20020404,173.92,247.89,240.34,7200.58,13484.77,10408.6
20020405,174.99,249.32,240.69,7214.55,13491.54,10422.58
20020408,174.81,249.9,239.75,7215.77,13479.69,10365.55
20020409,176.38,252.81,241.56,7267.71,13470.33,10419.87
20020410,176.78,253.62,240.72,7275.1,13444.65,10287.7
20020411,179.57,257.74,244.23,7371.59,13618.33,10384.76
20020412,177.79,255.25,239.79,7272.55,13310.68,10112.68
20020415,181.56,260.13,244.37,7305.64,13345.27,10244.6
20020416,180.68,259.37,244.15,7262.69,13222.91,10186.8
20020417,183.71,263.8,250.62,7402.17,13459.45,10475.41
20020418,182.87,262.49,250.16,7388.79,13486.48,10410.3
20020419,183.44,262.34,250.48,7372.75,13523.09,10355.55
20020422,183.56,262.42,249.98,7390.87,13563.24,10337.71
20020423,181.19,260.2,246.67,7292.21,13408.31,10141.14
20020424,181.44,260.33,245.68,7244.46,13359.29,10064.7
20020425,180.59,259.48,244.01,7227.31,13280.34,9975.59
20020426,180.5,260.5,243.24,7240.89,13268.36,9953.97
20020429,178.03,258.34,238.89,7184.86,13155.92,9739.48
20020430,177.84,258.21,237.02,7107.33,13043.45,9647.81
20020501,183.1,263.69,243.5,7189.68,13196.95,9776.88
20020502,183.39,264.1,243.17,7260.5,13310.41,9843.9
20020503,184.49,266.41,242.97,7284.01,13337.07,9754.86
20020506,184.61,266.74,242.04,7253.36,13245.18,9598.53
20020507,182.06,263.31,236.82,7098.69,13008.81,9398.44
20020508,180.87,261.9,234.12,7102.48,12966.51,9365.03
20020509,183.67,265.1,241.61,7236.88,13300.16,9872.57
20020510,180.83,261.87,237.38,7177.36,13153.13,9677.39
20020513,178.65,258.24,233.3,7098.3,13013.18,9447.49
20020514,180.48,260.74,236.29,7173.13,13189.31,9683.21
20020515,183.74,266.16,242.78,7272.33,13386.03,9990.55
20020516,183.97,266.92,242.69,7277.26,13276.31,9969.2
20020517,182.63,264.2,240.36,7261.52,13358.17,10020.99
20020520,183.23,264.76,241.36,7289.92,13478.27,10089.41
20020521,181.45,262.73,238.47,7220.51,13308.03,9943.85
20020522,178.63,259.88,234.68,7162.52,13197.22,9791.79
20020523,178,259.53,233.4,7186.99,13266.72,9829.27
20020524,180.28,261.8,236.31,7262,13377.09,9950.96
20020528,179.17,258.93,233.03,7190.8,13257.75,9800.58
20020529,178.69,258.4,232.41,7121.24,13143.96,9732.97
20020530,177.9,256.85,229.46,7105.91,13089.92,9629.4
20020531,178.26,257.08,228.55,7105.48,13045.83,9604.24
20020603,179.04,257.86,231.58,7287.55,13110.37,9581.37
20020604,174.79,252.47,223.4,7149.32,12821.18,9336.64
20020605,174.22,251.79,222.58,7100.08,12772.08,9379.76
20020606,175.06,252.11,223.09,7174.64,12871.21,9461.59
20020607,172.02,248.3,217.55,7051.3,12633.38,9268.67
20020610,173.69,250.99,218.97,7098.19,12598.48,9279.89
20020611,173.38,250.72,218.27,7119.51,12607.66,9320.74
20020612,171.56,248.86,214.89,7040.15,12388.95,9140.54
20020613,171.28,248.88,214.41,7034.88,12469.66,9214.14
20020614,169.12,246.26,211.52,6994.51,12340.96,9093.32
20020617,169.78,247.36,212.63,6975.04,12333.5,9087.54
20020618,173.41,253.26,218.01,7149.38,12646.39,9379.98
20020619,173.12,253.05,217.6,7189.11,12666.9,9375.51
20020620,170.87,250.14,213.75,7147.69,12489.73,9170.72
20020621,170.37,250.15,211.48,7080.97,12355.67,8989.29
20020624,171.1,251.29,211,6996.46,12170.38,8808.25
20020625,170.42,250.8,210.53,6952.2,12193.05,8875.48
20020626,168.47,248.34,207.64,6825.72,12005.19,8705.85
20020627,168.48,248.74,207.85,6801.15,12005.24,8655.81
20020628,171.09,251.61,212.3,6909.98,12151.05,8851.37
20020701,148.02,252.96,282.46,9693.05,9600.85,11996.26
20020702,142.9,247.26,272.18,9499.35,9416.23,11704.66
20020703,138.11,240.2,262.06,9283.24,9238.13,11426.95
20020705,136.97,238.27,260.97,9391.17,9243.38,11493.05
20020708,141.03,244.12,268.23,9779.5,9535.03,11927.06
20020709,138.44,241.29,264.05,9619.34,9452.96,11775.03
20020710,137.14,239.83,260.48,9425.88,9190.45,11482.98
20020711,134.61,235.33,254.46,9088.59,8959.26,11095.32
20020712,133.99,233.3,253.16,9206.54,8991.52,11165.41
20020715,132.98,231.6,252.34,9143.23,8937.08,11119.43
20020716,131.75,229.43,249.4,9171.72,8907.79,11034.04
20020717,131.27,227.88,249.53,9026.04,8718.9,10908.18
20020718,132.42,229.25,250.85,9072.14,8737.71,11017.39
20020719,128.58,223.38,242.79,8846.1,8528.07,10688.47
20020722,124.85,218.47,237.13,8494.41,8271.13,10303.88
20020723,122.84,215.48,231.97,8156.34,8042.58,9952.75
20020724,117.4,207.63,222.69,7913.2,7890.21,9620.48
20020725,120.99,214.97,231,8375.42,8283.18,10201.72
20020726,119.66,215.15,229.92,8277.48,8284.51,10131.81
20020729,120.28,217.62,231.89,8372.11,8368.93,10355.04
20020730,125.96,227.23,242.59,8828.43,8793.27,10957.37
20020731,126.07,226.95,243.26,8856.8,8797.47,11049.87
20020801,124.04,223.32,238.2,8930.97,8892.41,11166.33
20020802,123.23,222.06,235.71,8614.75,8682.23,10855.81
20020805,119.47,215.75,227.94,8423.94,8516.1,10587.33
20020806,116.43,211.57,221.03,8077.72,8266.41,10219.46
20020807,120.48,218.35,228.87,8364,8466.43,10549.91
20020808,121.74,219.7,229.8,8502.22,8602.85,10788.06
20020809,123.61,222.7,234.31,8831.78,8850.5,11122.43
20020812,122.79,222.26,234,8826.69,8884.52,11176.82
20020813,122.46,222.21,234.27,8753.35,8850.64,11137.34
20020814,119.29,217.19,228.56,8537.09,8711.52,10868.1
20020815,123.09,222.62,235.34,8903.19,9046.51,11260.43
20020816,122.86,223.66,237.5,9032.19,9139.64,11405.43
20020819,124.93,225.98,240.98,9061.01,9143,11371.37
20020820,127.02,229.05,244.12,9295.01,9320.47,11634.78
20020821,126.31,227.76,242.57,9128.7,9205.35,11492.06
20020822,130.05,231.94,247.87,9284.51,9294.57,11647.83
20020823,131.55,233.57,250.64,9399.15,9408.18,11827.91
20020826,128.56,229.11,245.12,9122.13,9207.67,11587.17
20020827,131.1,233.06,248.54,9231.66,9280.25,11654.05
20020828,127.58,227.85,242.48,9077.74,9171.77,11464.24
20020829,124.54,223.91,237.51,8882.12,9033.58,11253.92
20020830,126.07,225.93,241.11,8907.18,9047.41,11256.85
20020903,126.21,225.49,240.61,8817.81,9041.14,11189.46
20020904,122.39,219.98,233.02,8422.46,8709.91,10716.24
20020905,125.83,225.39,239.06,8597.09,8841.24,10910.6
20020906,122.65,221.15,234.05,8437.04,8721.15,10734.08
20020909,125.94,226.32,240.28,8621.14,8858.44,10919.47
20020910,125.97,227.09,241.12,8663.57,8949.39,11050.01
20020911,126.95,227.7,242.47,8747.4,9016.08,11103.72
20020912,126.73,227.47,242.23,8771.31,9030.01,11067.39
20020913,124.59,223.98,237.94,8508.77,8838.16,10793.04
20020916,125.7,225.84,240.19,8526.64,8880.59,10826.47
20020917,124.47,224.37,238.05,8486.76,8889.86,10866.74
20020918,122.16,221.36,234.05,8314.27,8710.81,10670.04
20020919,120.92,219.92,232.32,8237.23,8671.08,10653.46
20020920,117.03,214.59,225.69,7993.55,8426.75,10323.27
20020923,117.77,214.88,226.07,8022.31,8459.75,10318.5
20020924,114.7,210.16,220.96,7885.99,8349,10179.35
20020925,114.06,208.79,219.27,7755.52,8181.96,10052.09
20020926,116.89,212.98,224.9,7974.63,8371.24,10290.8
20020927,118.27,216.52,227.72,8102.91,8539.68,10455.94
20020930,115.46,211.72,222.97,7849.2,8264.87,10157.12
20021001,116.21,211.99,223.48,7711.31,8132.02,10082.21
20021002,118.41,214.82,225.9,8030.71,8428.76,10452.74
20021003,116.06,210.86,221.8,7829.99,8253.36,10206.01
20021004,115.57,209.34,219.16,7732.92,8193.31,10055.97
20021007,112.77,205.37,213.21,7530.67,8038.29,9843.48
20021008,109.7,200.35,207.31,7391.23,7888.95,9644.19
20021009,109.89,201.59,208.03,7400.64,8002,9878.8
20021010,105.87,194.85,201.43,7203.85,7802.46,9587.6
20021011,108.47,198.98,206.39,7539.89,8027.03,9923.09
20021014,111.41,203.73,211.75,7876.48,8323.99,10289.86
20021015,112.21,204.14,213.68,7900.09,8390.73,10392.66
20021016,116.8,211.24,222.67,8325.11,8723.51,10897.57
20021017,114.14,206.92,216.71,8007.48,8507.39,10706
20021018,118.35,212.28,224.9,8261.05,8692.71,10928.85
20021021,118.68,212.84,225.7,8291.85,8738.9,10991.16
20021022,120.47,215.06,229.42,8502.02,8918.76,11101.69
20021023,118.98,212.77,225.79,8379.09,8848.46,10973.81
20021024,121.46,215.87,229.58,8476.63,8894.04,11040.52
20021025,121.2,214.1,227.82,8332.62,8760.16,10884.93
20021028,123.52,217.48,231.64,8495.17,8888.29,11079.09
20021029,122.64,215,230.39,8479.16,8791.08,10980.88
20021030,122.1,215.6,229.72,8333.75,8737.6,10888.78
20021031,124.49,217.73,233.93,8505.73,8786.6,10980.94
20021101,124.75,218.67,234.09,8472.49,8709.81,10959.87
20021104,128.43,223.52,239.94,8684.12,8848.85,11110.06
20021105,130.33,225.4,243.28,8789.32,8886.71,11198.77
20021106,130.21,225.35,242.59,8831.97,8950.05,11288.2
20021107,133.24,228.86,246.63,8946.76,9015.81,11382.22
20021108,129.91,224.08,241.26,8684.49,8846.35,11141.44
20021111,128.3,222.1,238.5,8598.64,8776.23,11033.46
20021112,124.52,217.03,232.49,8344.25,8621.64,10827.21
20021113,127.09,219.73,235.57,8454.68,8668.85,10906.73
20021114,127.88,220.53,236.47,8445.23,8685.86,10884.28
20021115,131.71,225.27,242.4,8720.4,8856.2,11149.45
20021118,131.74,224.92,242.55,8791.52,8928.57,11201.85
20021119,131.21,223.04,240.93,8726.29,8844.24,11063.73
20021120,130.35,221.41,239.56,8693.38,8787.3,10991.01
20021121,133.73,225.93,245.45,8901.61,8941.73,11194.35
20021122,137.49,230.07,252.31,9200.97,9090.14,11410.77
20021125,138.62,230.87,254.21,9181.2,9061.25,11365.47
20021126,141.11,233.04,257.71,9273.82,9098.43,11347.32
20021127,139.32,230.16,253.44,9087.38,8919.46,11099.34
20021129,143.93,236.47,260.58,9368.16,9170.11,11385.95
20021202,143.91,234.51,259.77,9200.29,9138.88,11353.02
20021203,144.86,235.49,261.19,9176.8,9134.1,11329.03
20021204,141.54,232.32,256.44,8978.14,9018.21,11172.59
20021205,139.39,231.11,254.46,8863.76,9013.59,11152.77
20021206,138.42,229.7,252.04,8749.42,8913.41,11027.87
20021209,139.14,230.96,253.34,8818.61,8954.7,11097.44
20021210,134.34,226,246.86,8550.45,8774.95,10878.67
20021211,137.44,229.56,250.86,8697.49,8880.32,11038.89
20021212,137.8,229.54,250.86,8710.75,8883.8,11048.41
20021213,138.11,230.12,252.15,8714.07,8846.07,11007.01
20021216,135.07,226.86,247.69,8583.32,8764.2,10837.26
20021217,137.53,230.44,251.99,8822.9,8934.47,11078.72
20021218,136.44,228.88,249.74,8767.83,8863.65,10990.93
20021219,133.39,225.7,245.2,8611.48,8756.03,10865.47
20021220,133.43,225.71,243.67,8559.4,8683.91,10781.47
20021223,134.45,227.53,246.22,8670.61,8799.04,10916.64
20021224,135.61,228.74,248.39,8712.01,8807.48,10928.83
20021226,135.41,227.81,247.28,8632.3,8773.39,10878.43
20021227,135.81,228.6,248.12,8625.79,8775.06,10821.84
20021230,134.3,225.83,244.87,8478.07,8641.87,10651.3
20021231,133.27,225.1,243.99,8477.35,8693.56,10698.9
20030102,134.69,227.33,246.62,8492.3,8704.39,10721.49
20030103,138.53,232.39,251.85,8802.83,8966.32,11058.44
20030106,138.15,231.42,250.8,8816.51,8943.02,11057.27
20030107,140.64,234.95,254.88,9099.61,9114.27,11264.1
20030108,140.26,233.3,253.68,9046.66,9070.78,11172.91
20030109,138.16,231.13,251.25,8865.35,8947.98,11047.12
20030110,141.16,235.1,255.87,9061.83,9108.18,11246.36
20030113,142.08,235.54,256.69,9086.21,9122.44,11231.44
20030114,142.26,235.58,256.76,9046.02,9114.27,11228.55
20030115,143.63,236.81,258.09,9122.76,9152.02,11283.36
20030116,142.81,235.69,256.51,8957.34,9030.39,11138.15
20030117,142.56,235.7,255.9,8904.65,9014.35,11097.55
20030121,139.63,232.51,251.79,8730.67,8909.26,10958.58
20030122,137.52,229.8,248.23,8592.45,8766.53,10823.47
20030123,136.49,228.26,246.7,8519.83,8667.95,10723.9
20030124,138.07,230.22,248.36,8628.37,8715.02,10855.39
20030127,134.89,225.41,242.68,8350.13,8493.05,10545.92
20030128,131.88,222.32,238.59,8210.18,8370.1,10358.67
20030129,134.07,224.66,241.39,8333.36,8489.44,10463.62
20030130,134.46,225.2,242.95,8433.12,8514.32,10526.93
20030131,131.64,221.63,238.48,8226.36,8360.83,10282.57
20030203,133.67,224.99,241.53,8352.88,8473.11,10411.89
20030204,133.33,223.88,240.28,8383.49,8502.62,10477.33
20030205,132.41,222.86,239.11,8298.17,8394.85,10305.69
20030206,132.07,221.83,238.18,8240.49,8363.67,10245
20030207,131.46,220.57,236.39,8157.9,8307.32,10188.83
20030210,129.71,216.96,232.86,8071.26,8232.25,10082.45
20030211,131.02,218.55,234.08,8140.67,8296.44,10138.36
20030212,130.53,217.72,233.23,8092.44,8235.68,10057.36
20030213,128.76,215.51,230.12,7959.46,8152.22,9925.88
20030214,128.45,215.06,228.74,7940.66,8122.03,9909.08
20030218,129.68,217.57,231.36,8103.92,8277.95,10101.63
20030219,132.25,220.06,235.57,8294.3,8410.41,10318.22
20030220,130.95,218.05,233.38,8228.18,8344.3,10263.35
20030221,130.58,218.13,233.63,8172.92,8253.69,10176.65
20030224,132.25,220.45,236.98,8239.97,8370.08,10346.68
20030225,129.82,217,233.78,8098.47,8210.79,10170.41
20030226,130.46,218.61,235.42,8153.45,8257.61,10248.05
20030227,129.38,216.5,233.56,8018.79,8165.28,10119.4
20030228,130.5,218.4,235.63,8108.26,8248.8,10241.31
20030303,130.89,218.64,236.24,8169.69,8265.88,10285.47
20030304,130.51,217.7,235.48,8112.85,8211.82,10214.59
20030305,129.15,216.27,233.31,7994.81,8082.93,10066.74
20030306,129.14,215.89,233.17,8067.44,8139.32,10157.03
20030307,127.91,214.58,231.73,7989.62,8050.33,10100.75
20030310,127.93,215.41,232.02,8010.65,8108.83,10215.5
20030311,125.74,212.19,227.9,7815.96,7911.21,9970.9
20030312,125.48,211.68,226.63,7762.82,7848.42,9877.77
20030313,125.39,211.04,225.7,7798.19,7864.51,9918.6
20030314,129.13,216.02,232.34,8091.85,8134.13,10247
20030317,128.65,215.64,231.98,8095.83,8142.72,10271.63
20030318,132.87,221.66,238.45,8403.93,8419.74,10619.24
20030319,134.38,222.57,240.76,8440.45,8439.33,10679.68
20030320,134.18,223.19,240.78,8451.66,8508.05,10787.98
20030321,134.97,224.17,242.23,8499.11,8531.23,10801.54
20030324,137.3,227.47,246,8680.22,8714.72,11059.41
20030325,133.99,222.76,240.29,8367.1,8431.63,10672.77
20030326,135.69,225.91,243.21,8463.46,8528.51,10808.46
20030327,135.03,223.89,241.53,8442.6,8473.12,10746.71
20030328,135.58,225.3,242.99,8403.39,8472.48,10730.1
20030331,135.83,224.74,242.59,8352.91,8437.76,10672.87
20030401,135.32,222.85,240.64,8194.59,8313.61,10519.04
20030402,136.59,224.95,243.05,8292.46,8383.55,10661.5
20030403,139.96,229.49,248.16,8514.93,8600.75,10944.03
20030404,140.25,229.4,247.37,8464.11,8548.47,10900.9
20030407,139.66,228.63,245.88,8465.42,8566.7,10928.12
20030408,140.9,230.58,247.77,8503.82,8569.29,10936.26
20030409,139.99,229.73,246.49,8419.75,8550.43,10943.93
20030410,138.75,228.95,244.86,8311.45,8444.31,10783.81
20030411,139.03,229.24,245.17,8369.18,8487.63,10839.9
20030414,139.06,228.51,244.43,8332.22,8460.77,10815.79
20030415,141.4,231.92,248.31,8510.29,8621.42,11011.88
20030416,142.13,233.24,249.87,8556.94,8668.53,11089.84
20030417,141.83,232.16,248.12,8299.03,8532.08,10954.26
20030421,144.61,235.15,252.25,8441.7,8632.48,11140.14
20030422,145.21,236.2,253.57,8433.32,8621.33,11118.71
20030423,147.54,239.44,257.41,8620,8805.67,11346.65
20030424,149.02,241.72,260.84,8719.05,8877.98,11434.43
20030425,148.22,241.18,259.86,8626.53,8821.6,11330.44
20030428,146.99,239.44,257.13,8475.14,8715.9,11186.22
20030429,149.98,243.97,261.25,8651.1,8871.77,11389.12
20030430,150.38,244.22,261.99,8687.3,8908.26,11421.4
20030501,152.67,246.36,264.8,8683.82,8923.05,11625.68
20030502,152.82,246.87,265.98,8696.37,8912.8,11611.83
20030505,156.43,251.47,272.15,8840.52,9039.59,11799.61
20030506,158.31,252.37,273.93,8832.06,8999.16,11782.67
20030507,159.22,254.2,275.95,8904.44,9070.26,11879.75
20030508,158.38,253.01,275.2,8846.18,9036.11,11819.48
20030509,157.59,251.59,273.3,8739.3,8949.79,11701.59
20030512,160.51,254.56,276.92,8881.15,9076.79,11843.69
20030513,162.97,257.18,280.66,9003.39,9209.56,11969.98
20030514,163.74,257.87,281.88,8986.91,9178.23,11935.95
20030515,164.37,258.05,282.83,8966.87,9152.13,11898.35
20030516,165.89,259.34,284.47,9059.5,9217.21,11967.58
20030519,163.35,255.47,280.66,9060.31,9180.04,11942.37
20030520,160.35,251.94,275.34,8813.11,9012.21,11633.91
20030521,160.45,251.96,275.05,8822.21,8993.4,11614.56
20030522,161.33,252.78,276.25,8881.05,9037.66,11639.01
20030523,163.28,254.88,279.66,8976.92,9125,11742.7
20030527,164.98,256.83,282.41,9027.49,9137,11761.85
20030528,169.91,261.69,289.82,9247.56,9290.48,11986.94
20030529,171.53,263.4,291.45,9265.11,9300.59,12013.18
20030530,173.25,265.18,293.22,9262.33,9256.75,11961.04
20030602,177.16,270.97,300.28,9400.56,9402.26,12107.51
20030603,177.4,272.55,302.36,9432.17,9455.99,12135.32
20030604,177.88,273.45,302.99,9487.05,9466.75,12207.63
20030605,181.74,277.49,308.55,9676.29,9591.71,12381.7
20030606,184.58,280.55,313.61,9726.56,9628.9,12440.17
20030609,183.73,279.08,311.89,9692.12,9598.1,12408.98
20030610,180.02,274.67,306.15,9539.77,9498.99,12246.14
20030611,182.56,278.2,310.18,9608.8,9578.52,12376.94
20030612,184.72,280.56,314.44,9701.21,9709.09,12540.44
20030613,186,281.87,315.21,9747.74,9724.12,12534.92
20030616,183.55,278.82,310.49,9607.2,9628.79,12436.58
20030617,186.31,283.67,315.37,9792.95,9829.88,12736.18
20030618,186.96,283.98,316.29,9768.14,9837.13,12783.21
20030619,187.7,284,316.05,9766.33,9833.12,12743.24
20030620,184.58,280.43,310.82,9640.78,9695.92,12539.76
20030623,184.38,280.4,310.08,9622.99,9710.64,12554.58
20030624,179.88,274.89,302,9473.19,9574.18,12375.24
20030625,180.54,276.06,302.98,9467.52,9621.26,12385.54
20030626,181.76,277.15,304.92,9406.7,9538.84,12307.28
20030627,185.07,280.8,309.48,9528.04,9627.22,12434.35
20030630,184.49,280.01,309.29,9457.17,9567.25,12308.48
20030701,171.41,268.45,295.77,6162.04,12683.45,10909.45
20030702,172.35,269.86,296.67,6194.44,12800.86,10976.77
20030703,177.43,274.81,302.72,6294.43,12974.48,11096.77
20030707,176.57,273.48,301.6,6242.41,12871.34,11028.49
20030708,181.22,278.2,306.89,6399.15,13092.88,11241.61
20030709,185.13,282.45,312.38,6427.31,13138.03,11283.85
20030710,187.77,283.6,313.61,6429.23,13076.57,11219.69
20030711,184.47,279.56,309.33,6315.13,12922.02,11070.99
20030714,186.82,282.28,312.08,6355.73,13042.53,11178.72
20030715,189.68,284.73,315.61,6405.39,13128.03,11259.57
20030716,188.35,283.76,314.45,6383.84,13080.83,11203.91
20030717,187.03,282.76,311.91,6313.84,13000.09,11146.01
20030718,180.26,276.19,304.57,6192.05,12853.24,10991.61
20030721,182.46,278.56,307.23,6277.49,12991.34,11103.85
20030722,179.61,274.34,303.45,6184.17,12813.25,10943.38
20030723,182.97,277.67,307.47,6294.75,12927.86,11015.96
20030724,184.14,278.38,309.14,6251.86,12950.85,11062.04
20030725,183.21,278.69,308.74,6227.63,12838.06,11001.88
20030728,185.44,280.33,310.88,6300.98,13040.77,11192.91
20030729,188.29,282.71,313.32,6325.21,13004.38,11186.32
20030730,187.97,282.69,313.4,6290.15,12923.36,11109.59
20030731,186.83,282.63,313.24,6248.87,12900.62,11105.05
20030801,189.93,284.82,315.76,6307.23,12932.85,11130.02
20030804,186.89,280.56,311.5,6270.55,12783.34,11020.18
20030805,185.38,278.74,310.05,6256,12827.15,11034.33
20030806,181.81,275.48,306.01,6125.2,12626.92,10829.72
20030807,179.13,273.93,304.73,6109,12655.86,10830.85
20030808,178.63,273.45,304.88,6112.49,12775.73,10906.66
20030811,178.19,273.63,305.47,6129.75,12821.67,10947.66
20030812,180.54,276.38,308.6,6167.8,12862.88,11002.73
20030813,184.19,280.32,313.17,6242.57,12996.69,11139.91
20030814,184.77,280.85,313.36,6221.08,12930.67,11050.12
20030815,187.11,283.29,315.17,6273.66,13014.95,11101.13
20030818,187.55,283.71,316.03,6276.96,13012.39,11123.52
20030819,191.98,287.51,320.97,6364.15,13114.17,11239.77
20030820,195.22,291.5,326.2,6431.61,13134.04,11272.81
20030821,196.08,292.02,326.86,6443.56,13143.25,11201.13
20030822,198.89,295.26,329.77,6510.41,13183.95,11233.66
20030825,196.17,290.2,324.51,6452.94,13060.35,11104.46
20030826,195.46,289.41,323.25,6418.96,13060.52,11122.85
20030827,196.82,290.18,324.77,6437.13,13095.82,11153.34
20030828,199.32,292.71,327.61,6478.59,13097.71,11149.31
20030829,201.83,295.29,330.47,6528.79,13183.64,11221.83
20030902,204.52,296.77,333.71,6594.89,13247.16,11317.3
20030903,208.81,302.47,339.31,6678.71,13426.56,11476.96
20030904,210.76,304.13,341.29,6692.09,13467.62,11539.33
20030905,212.78,305.11,342.48,6716.97,13485.54,11560.87
20030908,212.07,303.14,339.74,6710.73,13392.2,11481.29
20030909,216.28,307.67,344.19,6801.51,13508.71,11607.25
20030910,215.67,305.33,341.84,6742.58,13389.66,11526.96
20030911,210.16,299.21,335.48,6581.55,13239.76,11395.97
20030912,212.96,302.26,338.9,6616.06,13305.09,11466.93
20030915,214.44,303.16,339.59,6637.23,13315.43,11512.37
20030916,213.94,302.87,338.61,6593.48,13254.22,11497.53
20030917,218.1,307.06,343.29,6695.47,13433.57,11658.08
20030918,218.64,306.53,343.16,6684.69,13395.18,11618.91
20030919,221.16,308.91,345.75,6779.72,13568.41,11766.18
20030922,222.29,309.5,345.75,6775.11,13525.09,11731.93
20030923,219.45,306.39,341.72,6689.44,13358.21,11564.81
20030924,222.54,309.62,344.85,6720.05,13457.98,11651.12
20030925,216.87,303.93,338.72,6561.99,13232.02,11424.68
20030926,210.34,297.79,330.64,6489.72,13175.22,11332.39
20030929,205.1,292.88,324.27,6434.44,13125.8,11233.59
20030930,208.55,296.95,327.3,6485.67,13250,11348.31
20031001,209.14,295.36,326.81,6449.15,13118.8,11345.36
20031002,213.74,303.46,333.89,6543.73,13395.79,11618.54
20031003,215.53,304.49,335.55,6572.04,13417.78,11662.86
20031006,219.63,309.29,340.65,6661.64,13546.26,11759.75
20031007,222.29,311.31,344.11,6711.04,13618.14,11788.11
20031008,224.57,313.88,346.18,6757.23,13689.38,11830.26
20031009,223.34,311.3,341.79,6730.22,13623.54,11766.68
20031010,225.81,313.99,344.36,6771.67,13672.81,11846.87
20031013,225.06,313.11,343.32,6780.57,13684.76,11806.65
20031014,229.4,317.64,348.73,6828.8,13802.86,11872.56
20031015,231.75,320,351.55,6840.03,13867.04,11918.16
20031016,230.31,317.83,349.03,6817.48,13831.74,11865.24
20031017,231.72,319.03,350.7,6854.6,13862.02,11918.39
20031020,227.51,314.37,345.27,6761.94,13741.08,11775.45
20031021,227.15,315.17,346.67,6783.94,13786.07,11851.12
20031022,229.84,316.84,347.87,6814.21,13778.37,11904.55
20031023,224.38,310.38,341.33,6714.76,13593.9,11710.99
20031024,222.31,309.43,340.18,6713.85,13625.49,11769.18
20031027,220.33,307.58,338.15,6692.45,13591.51,11687.8
20031028,224.03,311.97,343.64,6769.51,13577.3,11748.13
20031029,229.08,317.69,350.83,6876.38,13781.89,11934.31
20031030,231.92,320.61,354.78,6912.62,13804.48,11943
20031031,231.61,320.43,353.98,6941.39,13789.77,11901.81
20031103,231.99,321.5,355.01,6954.03,13841.02,11953.2
20031104,236.49,327.04,360.48,7049.68,13969.88,12063.16
20031105,237.96,327.19,360.67,7025.85,13912.99,11972.52
20031106,238.39,327.64,360.72,7037.2,13904.14,11952.75
20031107,240.66,330.29,362.48,7079.12,14008.21,11982.03
20031110,240.76,331.14,362.1,7078.42,13957.66,11912.86
20031111,235.92,326.63,356.78,6995.2,13894.15,11825.73
20031112,233.23,324.05,354.05,6964.25,13885.59,11812.36
20031113,239.43,330.5,361.24,7082.58,14026.13,11967.16
20031114,240.14,330.41,362.34,7064.3,14008.71,12023.21
20031117,236.26,325.75,357.32,6996.54,13892.43,11946.26
20031118,232.33,322.31,353.18,6933.12,13807.62,11871.49
20031119,230.35,319.88,350.23,6853.69,13680,11787.62
20031120,232.4,322.55,352.71,6908.75,13758.51,11906.31
20031121,231.01,321.04,351.17,6855.51,13666.38,11789.08
20031124,231.97,323.18,352.84,6901.25,13700.42,11777.15
20031125,238.37,330.39,360.63,7032.22,13905.45,11985.57
20031126,240.77,332.53,363.38,7074.87,13939.11,12002.46
20031128,242.51,334.05,364.27,7126.1,13991.28,12034.8
20031201,246.51,335.16,367.83,7166.33,13994.71,12072.64
20031202,251.04,340.06,372.42,7249.51,14123.16,12224.91
20031203,251.03,339.77,372.03,7235.61,14080.38,12186.58
20031204,247.97,335.1,366.81,7207.43,14064.91,12139.15
20031205,246.99,334.89,366,7206.15,14123.69,12176.55
20031208,244.78,332.38,363.09,7142.4,14010.07,12091.75
20031209,245.58,335.41,364.95,7177.08,14109.09,12172.93
20031210,241.48,330.63,360.23,7089.59,13964.67,12099.9
20031211,237.06,327.2,356.17,7064.56,13967.86,12044.89
20031212,244.19,334.92,364.62,7188.58,14095.26,12215.13
20031215,246.56,337.34,367.49,7223.79,14118.57,12251.03
20031216,241.6,331.15,360.41,7172.6,14040.07,12174.56
20031217,241.85,332.33,361.28,7201.92,14118.59,12240.33
20031218,242.05,332.41,362.44,7218.48,14128.43,12267.95
20031219,246.49,337.33,367.69,7347.06,14286.39,12399.75
20031222,246.56,337.09,366.5,7348.65,14283.23,12388.87
20031223,248.13,338.85,367.41,7392.4,14346.5,12408.36
20031224,250.78,342.07,370.57,7387.58,14376.41,12448.47
20031226,250.22,340.48,369.72,7383.96,14344.86,12435.1
20031229,251.84,342.03,371.34,7391.52,14374.15,12451.03
20031230,256.09,347.44,377.34,7492.35,14554.63,12592.67
20031231,257.23,348.27,378.51,7494.57,14558.36,12593.77
20040102,257.53,345.57,376.57,7524.37,14585.06,12494.62
20040105,260.82,348.35,378.09,7538.82,14528.43,12463.91
20040106,266.76,353.17,381.9,7654.9,14695.23,12594.81
20040107,269.17,353.91,381.97,7684.8,14711.82,12619.84
20040108,272.45,356.07,385.36,7702.6,14742.68,12663.35
20040109,276.33,358.18,388.13,7805.61,14776.31,12694.1
20040112,275.33,355.55,385.3,7750.73,14652.16,12619.5
20040113,280.85,359.7,389.28,7822.8,14722.52,12658.39
20040114,280.14,358.79,388.74,7776.35,14652.53,12585.76
20040115,283.59,361.66,391.38,7834.45,14765.59,12690.56
20040116,284.19,361.93,391.36,7855.19,14791.08,12701.54
20040120,288.76,364.65,393,7936.83,14870.84,12802.92
20040121,294.04,368.71,398.06,7966.9,14873.65,12785.99
20040122,292.64,368.18,399.12,7984.8,14976.99,12905.38
20040123,289.23,365.44,396.54,7908.38,14975.62,12896.09
20040126,291.21,367.32,399.52,7884.64,14945.93,12867.75
20040127,294.63,370.45,402.63,7978.31,15104.86,13031.19
20040128,291.69,367.29,398.73,7882.22,14965.77,12912.07
20040129,285.59,361.23,391.21,7775.73,14774.89,12707.19
20040130,281.54,359.26,388.8,7741.63,14808.07,12815.91
20040202,284.44,359.49,391.53,7744.04,14762.77,12831.69
20040203,283.76,359.24,392.17,7756.46,14805.26,12881.62
20040204,283.24,358.44,391.77,7731.05,14840.3,12862.8
20040205,274.41,350.44,383.66,7613.36,14697.61,12817.32
20040206,276.32,353.53,385.65,7643.8,14714.77,12842.61
20040209,284.44,361.41,394.1,7796.05,14907.24,12968.99
20040210,285.81,362.3,395.25,7796.94,14885.31,12937.26
20040211,289.05,366.95,399.43,7846.61,14963.38,12989.73
20040212,290.75,369.54,402.47,7931.88,15108.61,13163.64
20040213,288.76,368.43,400.49,7896.88,15038.71,13107.25
20040217,284.02,364.65,396.3,7828.71,14988.06,13029.07
20040218,288.36,370,401.22,7900.24,15137.25,13140.11
20040219,286.19,368.63,399.87,7869.16,15086.82,13076.9
20040220,281.44,363.57,394.74,7813.67,15027.75,13023.52
20040223,279.17,362.4,393.12,7780.87,14983.86,12999.75
20040224,273.34,356.82,387.69,7711.08,14937.75,12961.18
20040225,273.09,357.77,387.75,7672.54,14921.64,12947.74
20040226,276.49,361.34,393.03,7754.88,14984.02,12987.72
20040227,279.42,363.74,395.97,7809.98,14993.25,13016.09
20040301,284.05,366.75,398.36,7892.07,15007.31,13068.11
20040302,288.31,371.98,404,7993.08,15146.41,13187.59
20040303,286.06,370.15,402.21,7959.38,15068.53,13089.87
20040304,285.52,370.5,402.69,7948.94,15069.03,13144.06
20040305,290.55,374.04,407.02,7996.03,15107.75,13195.19
20040308,290.84,374.44,408.07,7999.96,15148.81,13236.78
20040309,286.61,371.1,404.27,7913.51,15030.52,13136.75
20040310,281.96,367.76,400.64,7824,14974.32,13041.24
20040311,275.17,361.55,394.76,7659.94,14763.04,12869.21
20040312,271.51,358.1,390.31,7554.81,14549.82,12670.33
20040315,279.25,365.72,398.41,7679.65,14720.75,12821.26
20040316,270.39,356.77,389.41,7526.98,14525.71,12641.31
20040317,268.95,356.6,389.15,7558,14604.24,12703.43
20040318,275.9,363.1,395.66,7689.73,14768.08,12823.46
20040319,274.13,360.9,393.29,7658.8,14753.48,12805.25
20040322,272.61,358.72,391.24,7582.27,14596.65,12670.48
20040323,265.32,352.26,383.92,7442.59,14417.59,12504.52
20040324,265.28,353.36,385.18,7425.03,14407.98,12487.08
20040325,264.21,351.66,383.73,7425.65,14362.75,12456.4
20040326,271.76,359.28,391.35,7591.15,14603.83,12648.61
20040329,273.81,360.12,392.23,7588.21,14587.91,12657.44
20040330,279.94,366.53,398.42,7690.17,14760.95,12832.35
20040331,283.06,369.34,402.44,7727.89,14827.15,12906.95
20040401,288.5,371.97,407.39,7771.67,14850.38,12932.66
20040402,291.14,375.63,410.98,7644.88,14913.91,13032.36
20040405,297.17,381.6,415.84,7764.7,15005.22,13135.98
20040406,300.24,383.92,420,7826.33,15109.98,13255.21
20040407,295.71,381.5,417.27,7773.67,15091.83,13224.35
20040408,296.64,382.44,418.59,7728.72,14992.87,13154.99
20040412,295.87,380.89,416.73,7740.9,14960.38,13144.25
20040413,297.87,383.16,418.97,7765.75,15033.6,13214.4
20040414,290.67,374.73,409.52,7636.09,14831.22,13026.15
20040415,289.12,372.4,407.04,7619.65,14820.77,12995.93
20040416,286.72,372,406.15,7582.81,14811.13,13030.34
20040419,286.99,374.66,408.36,7576.82,14871.59,13124.41
20040420,289.35,377.12,410.97,7617.8,14888.1,13171.1
20040421,283.54,370.84,404.87,7511.39,14684.35,12958.65
20040422,286.74,374.8,409.1,7581.49,14743.94,13037.74
20040423,291.2,380.06,416.61,7704.92,14942.76,13227.7
20040426,290.87,378.71,415.32,7716.72,14959.96,13229.3
20040427,290.24,377.66,413.2,7714.64,14905.96,13178.22
20040428,289.01,379.18,414.72,7671.13,14950.19,13204.59
20040429,281.35,370.98,406.75,7565.37,14756.83,13006.71
20040430,274.52,365.3,401.65,7448.1,14650.35,12935.25
20040503,269.98,362.68,398.98,7423.69,14727.22,12954.26
20040504,272.38,366.19,401.89,7476.29,14845.26,13081.14
20040505,274.83,367.75,404.46,7503.05,14870.46,13090.41
20040506,275.15,368.77,405.17,7557.22,14887.22,13131.08
20040507,271.09,365.39,400.49,7487.99,14784.16,13026.89
20040510,265.13,357.34,391.07,7366.09,14605.13,12822.42
20040511,258.3,351.29,383.42,7252.33,14429.13,12685.92
20040512,264.32,357.3,389.43,7339.54,14541.44,12785.92
20040513,264.07,357.66,389.35,7331.92,14601.38,12797.3
20040514,263.5,356.69,388.64,7360.26,14564.29,12801.09
20040517,260.58,354.39,386.85,7327.02,14547.88,12800.23
20040518,255.17,348.93,381.86,7208.02,14405.53,12666.22
20040519,258.34,353.21,385.49,7282.59,14482.56,12770.02
20040520,258.84,352.71,385.1,7298.56,14452.94,12719.27
20040521,257.66,352.67,385.12,7275.75,14473.96,12721.14
20040524,260.08,355.63,388.32,7309.19,14518.46,12784.53
20040525,263.09,357.41,392.3,7335.23,14537.11,12817.84
20040526,269.81,365.12,400.95,7464.03,14762.63,13026.11
20040527,271.79,365.91,403.21,7502.37,14782.8,13063.47
20040528,272.56,366.58,403.44,7543.57,14850.41,13149.12
20040601,274.03,368.14,405.26,7578.7,14829.97,13152.9
20040602,276.42,371.11,408.12,7573.46,14834.6,13180.82
20040603,276.25,371.67,408.89,7589.23,14890.8,13214.99
20040604,270.14,365.53,402.95,7486.27,14787.22,13113.97
20040607,273.49,368.53,405.55,7552.67,14859.92,13174.85
20040608,278.8,375.29,413,7672.01,15089.85,13376.9
20040609,278.25,375.42,412.06,7670.97,15110.53,13386.88
20040610,273.18,369.89,406.48,7565.41,14981.29,13247.15
20040614,273.37,371.24,406.58,7581.41,15053.63,13289.34
20040615,268.16,364.84,400.13,7495.98,14890.46,13179.76
20040616,273.54,370.64,405.87,7549.45,14982.28,13258.38
20040617,274.32,371.58,408.2,7556,14992.58,13284.12
20040618,273.8,371.11,408.41,7526.39,14955.05,13295.21
20040621,274.03,371.84,407.85,7539.56,14989.59,13319.02
20040622,272.67,371.38,406.58,7507.42,14915.55,13273.89
20040623,275,372.94,408.67,7572.63,14959.27,13312.48
20040624,279.73,377.81,413.88,7664.5,15078.14,13417.28
20040625,279.12,377.38,413.6,7625.44,15040.74,13393.99
20040628,282.07,381.21,417.77,7639.62,14979.35,13329.68
20040629,280.22,379.32,417.33,7598.2,14950.59,13334.9
20040630,282.64,382.35,420.16,7655.05,14987.06,13351.42
20040701,260.51,380.38,413.99,9647.43,14065.35,13068.3
20040702,255.74,375.59,408.86,9566.77,13914.29,12837.94
20040706,255.44,375.51,408.61,9524.46,13869.47,12808.6
20040707,250.12,370.49,402.22,9391.36,13789.51,12690.02
20040708,249.74,370.34,401.28,9408.23,13819.31,12703.47
20040709,244.59,363.39,393.77,9320.58,13721.32,12572.25
20040712,245.82,365.41,394.86,9364.33,13764.1,12597.08
20040713,244.11,365.05,394.1,9347.38,13792.59,12602.12
20040714,244.3,365.69,394.26,9334.23,13810.26,12619.33
20040715,242.72,363.63,392.19,9288.91,13749.72,12614.17
20040716,243.57,364.86,393.4,9253.53,13718.62,12541.27
20040719,240.33,361.52,389.18,9187.92,13673.61,12462.44
20040720,239.58,362.22,387.26,9172.17,13688.05,12423.05
20040721,243.72,367.67,393.59,9288.61,13764.75,12520.04
20040722,236.72,359.29,383.98,9119.52,13567.94,12377.34
20040723,235.95,358.15,382.4,9139.11,13573.72,12428.68
20040726,232.28,354.73,377.31,9060.46,13434.5,12300.99
20040727,229.23,351.93,372.74,9027.84,13398.48,12256.73
20040728,233.96,358.12,380.29,9141.34,13512.46,12395.55
20040729,232.24,355.92,377.78,9117.22,13527.45,12379.65
20040730,236.47,361.04,383.6,9188.02,13589.15,12450.59
20040802,239.3,361.48,386.29,9520.21,13575.25,12504.41
20040803,238.8,362.28,386.9,9581.96,13644.44,12523.25
20040804,235.17,357.67,381.12,9513.73,13561,12451.45
20040805,234.76,357.52,379,9523.09,13545.37,12395.18
20040806,230.52,351.51,372.62,9368.59,13346.07,12173.29
20040809,224.35,344.59,364.02,9199.77,13150.01,11995.92
20040810,223.58,343.92,363.19,9209.44,13148.55,12011
20040811,228.72,350.74,370.14,9351.36,13310.33,12177.25
20040812,226.38,348.87,368.39,9231.27,13293.13,12171.69
20040813,222.24,343.6,362.09,9099.04,13153.37,12041.07
20040816,222.73,343.12,362.3,9103.98,13181.54,12039.11
20040817,226.95,349.63,368.9,9248.45,13377.09,12205.92
20040818,228.03,350.64,370.44,9297.51,13402.25,12243.54
20040819,233.38,356.03,378.42,9414.33,13548.46,12425.09
20040820,232.08,353.7,376.49,9407.68,13507.61,12370.44
20040823,236.05,359.47,383.14,9489.59,13583.41,12469.58
20040824,234.18,356.2,380.7,9482.05,13532.93,12435.93
20040825,234.51,357.8,381.26,9465.48,13538.63,12447.09
20040826,236.94,360.77,385.18,9551.78,13633.18,12565.88
20040827,235.76,359.5,383.08,9515.9,13642.45,12575.77
20040830,237.59,362.47,386.14,9550.96,13670.67,12616.59
20040831,234.52,358.38,380.83,9459.97,13570.09,12504.78
20040901,236.69,361.77,383.71,9520.08,13625,12580.57
20040902,238.55,364.28,387.52,9544.85,13651.17,12622.06
20040903,241.5,369.73,392.53,9654.76,13774.36,12779.91
20040907,239.52,368.18,390.4,9593.15,13718.48,12734.77
20040908,242.02,372.28,394.91,9661.63,13805.93,12831
20040909,239.52,369.25,392.21,9628.03,13721.62,12788.98
20040910,243.54,374.11,397.6,9689.61,13754.45,12791.97
20040913,245.6,375.91,400.44,9778.14,13806.19,12857.89
20040914,247.38,377.95,403.34,9788.66,13832.49,12901.91
20040915,246.7,377,403.14,9816.82,13856.65,12939.8
20040916,244.96,375.33,401.97,9704.12,13774.96,12862.63
20040917,247.41,378.58,405.62,9764.85,13804.14,12897.07
20040920,247.26,377.36,405.48,9785.7,13877.73,12938.95
20040921,246.59,375.85,404.02,9740.24,13817.34,12853.37
20040922,248.67,379.83,408.62,9802.09,13897.58,12942.93
20040923,244.12,373.02,402.22,9679.77,13731.54,12745.18
20040924,244.25,373.53,402.34,9662.61,13680.84,12667.81
20040927,243.74,374,402.84,9647.37,13712.2,12693.86
20040928,240.32,369.43,397.59,9547.49,13645.5,12611.61
20040929,243.19,373.62,402.13,9574.31,13721.04,12702.3
20040930,245.51,377.29,405.98,9619.72,13768.17,12805.34
20041001,247.99,378.78,409.8,9506.05,13808.34,12817.24
20041004,252.96,386.64,416.9,9689.17,14026.02,12993.52
20041005,255.43,389.61,419.62,9752.4,14066.5,13027.24
20041006,254.71,388.84,418.29,9740.59,14068.24,12999.86
20041007,256.69,391.5,422.74,9796.25,14160.54,13086.43
20041008,252.65,385.78,416.14,9701.62,14037.78,12929.09
20041011,249.46,382.11,410.82,9604.93,13935.59,12839.19
20041012,249.86,383.38,412.89,9624.75,13949.81,12886.67
20041013,249.11,382.81,411.97,9601.54,13912.73,12864.54
20041014,246.05,378.62,407.29,9529.89,13821.69,12763.11
20041015,243.46,375.86,404.31,9449.79,13709.13,12623.66
20041018,244.95,379.05,406.55,9492.55,13792.63,12652.17
20041019,245.99,379.57,408.37,9529.05,13849.74,12746.64
20041020,244.2,376.27,404.93,9456.53,13744.67,12595.16
20041021,245.44,378.81,407.51,9446.55,13743.8,12620.68
20041022,248.86,381.88,410.45,9530.12,13758.61,12655.55
20041025,244.79,377.27,405.34,9409.84,13659.97,12509.27
20041026,245.49,380.26,408.06,9386.78,13658.35,12489.02
20041027,247.08,384.22,412.18,9497.4,13848.41,12683.54
20041028,251.27,389.3,418.69,9631.47,13938.24,12886.76
20041029,250.97,388.42,417.85,9682.46,13950.05,12889
20041101,251.63,387.87,416.54,9732.64,13992.37,12913.55
20041102,251.89,389.63,418.72,9720.88,13999.9,12920.96
20041103,251.76,389,418.44,9706.19,13990.22,12944.38
20041104,255.17,395.57,425.29,9802.31,14144.54,13099.75
20041105,257.17,401.12,429.12,9944.87,14419.26,13250.89
20041108,259.22,403.51,431.3,9998.01,14472.3,13311.72
20041109,258.7,401.78,429.94,10000.36,14452.5,13291.56
20041110,260.8,404.18,433.27,9989.58,14460.53,13270.23
20041111,261.99,406,435.46,9945.05,14461.69,13268.75
20041112,265.04,410.31,439.91,10040.43,14590.92,13381.23
20041115,267.32,413.44,443.74,10136.07,14700.11,13507.97
20041116,268.53,414.25,445.66,10158.73,14679,13433.57
20041117,266.78,410.64,441.86,10101.51,14599.04,13324.87
20041118,270.17,414,445.24,10173.46,14681.05,13401.27
20041119,270.15,413.31,444.56,10182.93,14690.65,13415.4
20041122,266.83,408.48,439.37,10047.68,14543.98,13260.84
20041123,269.6,414.68,443.41,10106.65,14622.39,13337.1
20041124,270.63,416.16,446.23,10098.56,14622.12,13349.9
20041126,273.12,419.27,449.03,10138.45,14670.75,13425.98
20041129,274.48,420.19,450.59,10160.83,14674.55,13441.89
20041130,275.91,422.16,452.94,10109.85,14628.67,13417.32
20041201,276.74,421.44,455.33,10095.62,14543.96,13419.73
20041202,279.61,428.22,461.72,10240.24,14777.21,13615.54
20041203,280.16,427.25,461.14,10245.76,14754.59,13615.18
20041206,280.86,426.14,460.4,10252.59,14763.58,13623.28
20041207,280.36,424.04,457.96,10247.25,14753.08,13605.6
20041208,274.78,416.27,448.26,10117.46,14609.67,13456.4
20041209,275.76,419.81,452.23,10110.44,14667.65,13548.44
20041210,275.14,418.37,451,10093.5,14748.42,13626.04
20041213,276.6,420.01,453.31,10091.14,14750.1,13600.92
20041214,279.15,423.11,457.81,10153.2,14892.52,13715.69
20041215,281.86,426.54,462.06,10199.56,14955.42,13764.45
20041216,284.52,429.21,465.34,10239.99,15013.93,13805
20041217,283.25,425.9,461.58,10230.17,14981,13761.88
20041220,283.36,425.81,461.88,10187.77,14904.66,13639.02
20041221,281.64,423.54,458.86,10188.79,14919.15,13602.81
20041222,284.76,428.96,463.91,10284.85,15054.14,13722.73
20041223,286.03,430.67,465.73,10329.51,15077.37,13806.71
20041227,286.78,431.53,467.17,10331.31,15071.48,13839.05
20041228,285.39,428.44,463.41,10301.67,15015.54,13761.54
20041229,289.32,434.9,471,10357.02,15127.97,13883.39
20041230,289.27,434.04,470.82,10348.16,15129.95,13891.16
20041231,289.31,434.09,471.09,10361.27,15140.31,13885.09
20050103,291.74,435.53,474.6,10352.18,15161.23,13882.07
20050104,287.67,430.82,465.92,10255.77,15024.47,13760.03
20050105,281.39,424.31,457.37,10074.78,14852.85,13608.91
20050106,276.7,417.76,450.93,10046.89,14773.26,13573.7
20050107,277.41,419.36,452.43,10061.45,14846.01,13609.02
20050110,275.18,414.04,448.81,10033.72,14846.73,13581.44
20050111,276.96,417,452.71,10057.35,14908.05,13659.08
20050112,273.49,413.71,448.36,9995.89,14796.82,13588.12
20050113,274.74,414.53,449.94,10043.35,14852.42,13635.48
20050114,273.4,412.13,448.1,9960.04,14755.13,13506.24
20050118,276.84,417.25,452.61,10019.34,14847.21,13589.11
20050119,279.42,421.93,458.51,10126.84,14978.47,13723.53
20050120,276.37,417.31,454.11,9986.95,14863.88,13587.02
20050121,273.83,413.58,450.1,9932.89,14789.76,13433.4
20050124,273.04,412.78,449.43,9857.87,14718.85,13342.56
20050125,269.23,408.7,444.33,9799.93,14675.76,13282.22
20050126,270.6,410.6,445.99,9810.41,14726.13,13347.13
20050127,274.79,416.71,452.81,9868.91,14777.26,13443.22
20050128,275.46,417.34,453.68,9894.13,14780.9,13446.74
20050131,274.05,414.85,451.56,9851.35,14756.96,13402.17
20050201,279.88,422.33,459.41,9924.42,14884.52,13526.06
20050202,282.01,424.84,462.7,9971.29,15004.39,13622.81
20050203,283.96,427.59,465.7,10016.25,15047.76,13658.51
20050204,282.98,427.08,464.05,9981.12,15020.53,13606.19
20050207,285.45,432.36,470.45,10111.31,15167.45,13769.69
20050208,285.76,432.43,469.99,10112.1,15144.69,13753.82
20050209,287.2,433.95,471.44,10121.02,15146.96,13766.46
20050210,281.37,425.91,461.59,9988.86,15023.55,13651.35
20050211,280.79,426.25,462.57,9998.45,15084.06,13719.96
20050214,284.62,431.26,467.33,10087.69,15191.77,13807.53
20050215,285.26,431.09,467.56,10097.36,15210.47,13812.89
20050216,285.33,431.06,467.3,10149.54,15255.03,13846.06
20050217,287.1,433.26,470.27,10136.42,15260.21,13854.12
20050218,284.18,428.61,464.86,10047.94,15152.73,13748.5
20050222,284.1,428.11,463.95,10064.64,15144.16,13761.75
20050223,279.07,420.22,456.31,9924.93,14930.77,13561.32
20050224,279.59,422.25,458.5,9981.88,15016.06,13630.68
20050225,282.52,426.46,463.57,10049.57,15134.13,13747.79
20050228,286.71,431.61,468.97,10116.43,15257.93,13909.9
20050301,287.04,430.94,468.92,10044.65,15185.09,13779.65
20050302,289.34,434.3,471.93,10140.59,15276.37,13833.59
20050303,288.7,433.71,471.33,10137.67,15285.85,13841.33
20050304,289.21,434.73,471.85,10131.57,15296.77,13825.86
20050307,291.4,439.14,476.48,10214.04,15445.98,13946.93
20050308,291.01,439.08,475.74,10267.66,15477.63,13996.31
20050309,288.82,435.07,470.86,10190.22,15404.8,13940.43
20050310,286.88,431.75,465.01,10129.91,15260.2,13780.03
20050311,284.63,428.96,461.2,10150.27,15275.61,13787.09
20050314,284.64,429.67,461.04,10093.52,15177.56,13696.16
20050315,285.81,432.43,462.94,10181.27,15288.09,13788.66
20050316,284.51,430.71,460.47,10112.05,15188.38,13683.99
20050317,282.53,428.23,457.89,10026,15047.37,13575.79
20050318,284.05,429.24,459.34,10039.05,15103.34,13568.24
20050321,282.66,427.25,457.37,10010.54,15089.01,13564.01
20050322,282.39,426.82,457.03,9986.29,15027.78,13504.33
20050323,281.52,425.39,454.99,9895.67,14891.79,13359.88
20050324,278.65,420.53,450.14,9884.17,14890.41,13370.97
20050328,280.04,422.57,452.28,9883.16,14889.89,13360.44
20050329,279.56,422.76,452.59,9888.26,14919.3,13389.36
20050330,274.38,416.71,444.66,9812.34,14816.47,13265.91
20050331,278.57,422.97,451.33,9947.54,15006.93,13450.75
20050401,281.01,424.92,455.88,10000.51,14997.84,13458.73
20050404,279.7,421.98,454.37,9946.77,14894.94,13374.44
20050405,279.88,424,455.99,9968.6,14916.18,13448.6
20050406,280.43,424.61,457.02,10016.72,14967.9,13523.35
20050407,281.23,425.38,458.08,10019.96,15006.88,13553.44
20050408,283.25,427.23,460.34,10106.48,15091.13,13614.56
20050411,279.6,421.61,454.26,10028.83,14979.92,13483.98
20050412,277.57,418.79,451.87,10063.01,14982.56,13473.38
20050413,278.98,422.82,454.75,10123.76,15048.39,13561.83
20050414,274.3,416.48,447.94,10013.03,14874.63,13392.2
20050415,269.23,409.93,440.64,9902.93,14717.31,13268.99
20050418,263.87,402.78,432.1,9710.1,14484.29,13096.07
20050419,264.91,405.22,435.51,9731.29,14511.59,13175.97
20050420,269.47,411.54,442.46,9801.07,14596.14,13276.27
20050421,265.33,405.16,435.48,9695.93,14384.39,13102.02
20050422,271.24,414.11,445.12,9889.28,14639.2,13352
20050425,267.22,407.3,438.05,9808.88,14536.72,13247.78
20050426,269.87,411.61,443.12,9897.29,14671.65,13369.79
20050427,265.91,406.26,436.8,9793.68,14592.27,13260.29
20050428,264.71,406.81,436.12,9849.08,14640.75,13299.71
20050429,258.82,399.66,426.58,9749.81,14506.98,13102.14
20050502,262.17,404.08,429.78,9819.71,14665.64,13252.53
20050503,264.13,407.23,435.16,9838.54,14759.4,13307.61
20050504,264.09,406.56,434.46,9849.18,14748.12,13308.21
20050505,268.67,413.11,442.39,9981.34,14921.76,13470.34
20050506,268.63,413.26,443.2,9952.11,14873.68,13465.52
20050509,269.82,414.44,443.77,9961.97,14862.27,13449.29
20050510,272.6,418.37,448.02,10023.9,14946.92,13528.55
20050511,269.76,413.6,441.55,9931.33,14807.91,13378.36
20050512,269.66,413.64,441.68,9960.2,14864.17,13445.46
20050513,266.2,408.64,436.37,9894.83,14715.83,13293.7
20050516,264.17,405.8,432.97,9857.77,14631.16,13244.79
20050517,267.89,411.72,439.35,9938.84,14774.11,13395.25
20050518,269.4,414.13,441.68,9994.74,14874.67,13525.16
20050519,274.82,422.58,450.44,10102.57,15047.99,13644.87
20050520,276.84,424.44,452.1,10149.41,15100.51,13731.76
20050523,277.04,423.98,450.72,10153.97,15087.43,13699
20050524,278.5,426.54,454.79,10177.18,15147.33,13763.51
20050525,278.85,426.78,454.98,10197.38,15143.55,13774.63
20050526,276.63,421.66,450.05,10149.3,15084.76,13725.47
20050527,280.82,427.52,456.29,10214.98,15175.78,13832.69
20050531,281.62,428.58,458.2,10220.3,15192.35,13862.43
20050601,281.57,433.31,458.3,10167.81,15068.36,13769.64
20050602,284.78,438.93,463.05,10221.81,15204.44,13902.17
20050603,286.27,439.71,464.64,10266.04,15231.14,13933.02
20050606,284.42,436.47,461.13,10215.91,15132.32,13827.01
20050607,285.45,438.19,462.99,10214.83,15132.07,13869.32
20050608,285.67,438.57,463.37,10191.99,15132.44,13866.06
20050609,284.47,435.04,460.25,10186.5,15105.01,13810.56
20050610,286.88,437.66,465.7,10227.59,15173.09,13913.22
20050613,287.11,438.42,465.73,10209.85,15147.24,13870.08
20050614,288.43,439.96,467.81,10237.18,15171.37,13913.09
20050615,290.79,443.46,471.34,10276.47,15212.36,13959.93
20050616,292.28,445.72,473.38,10302.28,15253.63,13975.24
20050617,295.44,449.85,478.93,10337.28,15297,14084.91
20050620,295.99,448.02,479.12,10372.48,15359.09,14145.84
20050621,294.93,446.11,477.88,10367.48,15355.77,14138.88
20050622,294.29,446.47,477.42,10354.99,15349.76,14083.51
20050623,295.34,447.8,479.4,10370.77,15349.46,14081.03
20050624,291.21,441.13,473.11,10263.73,15170.02,13951.79
20050627,288.93,437.66,471.08,10154.3,15063.17,13853.95
20050628,288.13,437.73,471.24,10126.02,15071.4,13878.17
20050629,293.79,446.47,480.55,10238.67,15223.42,13994.54
20050630,294.8,448.51,481.64,10238.96,15209.77,13974.04
20050701,310.43,413.66,414.5,11072.47,14548.76,14212.41
20050705,312.45,415.97,416.56,11090.89,14611.94,14242.84
20050706,316.33,420.82,423.05,11156.87,14765.21,14370.67
20050707,314.64,417.89,420.64,11077.42,14650.91,14261.32
20050708,315.1,418.37,421.93,11110.14,14685.11,14305.55
20050711,321.43,426.2,429.34,11226.87,14841.35,14490.56
20050712,325.88,432.44,435.29,11298.36,14930.78,14584.16
20050713,325.59,431.95,435.43,11322.92,14967.72,14618.7
20050714,325.43,429.85,433.4,11316.97,14972.58,14639.98
20050715,323.73,427.05,430.94,11329.08,15008.01,14684.98
20050718,324.34,427.72,431.6,11350.53,15029.88,14698.16
20050719,322.22,424.72,428.37,11310.06,14966.96,14591.06
20050720,326.52,431.52,434.72,11391.35,15056.41,14701.99
20050721,330.65,436.97,440.14,11411.77,15174.9,14775.69
20050722,326.75,431.11,434.2,11291.98,15053.1,14733.36
20050725,330.93,438.2,440.33,11331.41,15167.36,14795.02
20050726,327.82,434.57,436.68,11275.66,15117.45,14725.7
20050727,330.13,436.54,438.59,11332.89,15136.6,14738.02
20050728,330.19,436.94,439.18,11385.11,15203.24,14846.01
20050729,333.39,441.26,444.93,11454.31,15301.35,14927.45
20050801,331.34,441.11,444.82,11355.83,15179.91,14873.59
20050802,333.23,442.7,447.05,11346.91,15242.86,14933.31
20050803,335.9,446.24,450.37,11448.54,15325.78,15055.14
20050804,333.85,443.86,447.04,11465.9,15330.96,15054.67
20050805,328.93,437.55,440.74,11399.76,15206.07,14946.02
20050808,326.27,433,435.08,11306.87,15084.99,14839.89
20050809,325.17,431.18,433.27,11292.9,15059.66,14776.33
20050810,324.77,432.34,433.68,11378.25,15151.75,14859.38
20050811,325.2,432.01,433.48,11313.87,15152.92,14835.68
20050812,328.01,435.48,437.44,11362.85,15260.42,14949.95
20050815,325.36,431.59,433.73,11297.58,15186.86,14882.47
20050816,328.12,435.11,436.78,11321.35,15165.31,14928.49
20050817,323.14,428.34,429.51,11193.64,14969.8,14771.78
20050818,324.27,428.86,428.99,11238.94,14951.71,14781.01
20050819,323.25,427.01,426.5,11201.23,14958.55,14758.69
20050822,324.41,427.99,427.5,11216.11,15001.84,14760.27
20050823,326.9,430.57,430.23,11243.56,15028.77,14771.62
20050824,325.86,429.29,429.16,11229.06,14982.67,14713.79
20050825,325.61,428.88,428.7,11157.59,14898.14,14619.93
20050826,327.35,430.85,429.7,11177.04,14928.54,14655.27
20050829,323.52,425.77,424.28,11121.86,14837.92,14565.33
20050830,327.44,429.98,428.23,11181.74,14926.53,14664.33
20050831,326.91,429.04,427.41,11169.41,14870.78,14607.05
20050901,334.6,437.45,439.45,11282.21,15005.95,14928.12
20050902,335.55,439.05,441.05,11278.22,15065.56,14945.82
20050906,333.69,436.18,438.02,11243.25,15006.25,14914.2
20050907,338.25,442.46,444.49,11363.37,15201.86,15089.78
20050908,339.91,444.01,446.83,11396,15256.69,15118.48
20050909,338.29,441.54,445,11368.42,15202.07,15045.43
20050912,341.12,444.08,448.08,11426.08,15328.73,15165.02
20050913,342.25,446.51,449.96,11411.07,15302.09,15190.43
20050914,339.21,441.87,445.44,11340.45,15149.93,15111.24
20050915,336.25,436.46,441.06,11303.33,15113.44,15030.73
20050916,335.47,435.97,440.24,11323.86,15098.18,15040.5
20050919,338,440.59,444.74,11412.33,15215.86,15131.17
20050920,336.3,437.51,441.82,11329,15145.64,15052.56
20050921,334.24,432.19,438,11233.84,15030.49,14947.91
20050922,329.12,426.08,431.48,11104.01,14894.08,14810.21
20050923,329.67,427.18,431.92,11111.84,14942.73,14876.53
20050926,332.24,430.24,434.5,11136.98,14940,14906.46
20050927,334.07,433.07,438.31,11147.23,14949.41,14916.83
20050928,333.85,432.91,437.81,11135.8,14935.97,14943.01
20050929,333.12,430.8,435.92,11155.84,14961.71,14946.28
20050930,337.37,435.84,441.1,11266.91,15065.92,15109.35
20051003,342.06,436.75,446.93,11347.18,15064,15120.87
20051004,343.45,438.25,449.8,11372.56,14943.35,15111.87
20051005,339.99,435.03,445.33,11257.79,14831.08,14930.35
20051006,331,423.86,433.2,11053.97,14599.39,14731.68
20051007,327.66,420.86,428.57,10982.32,14530.1,14664.58
20051010,330.17,424.15,432.22,11018.45,14570.08,14779.62
20051011,327.44,421.28,427.64,10913.37,14482.05,14684.54
20051012,323.05,416.69,422.99,10907.45,14487.92,14626.17
20051013,318.33,411.9,416.43,10815.65,14405.99,14508.01
20051014,319.82,413.41,416.6,10764.79,14394.18,14512.46
20051017,324.08,418.74,423.13,10862.97,14497.6,14663.01
20051018,324.7,418.1,423.74,10894.99,14549.18,14712.79
20051019,321.48,413.74,418.47,10813.23,14397.67,14553.26
20051020,327.03,421.39,426,10921.47,14590.5,14808.02
20051021,322.51,414.72,419.92,10784.55,14352.87,14612.2
20051024,324.38,417.75,423.17,10801.45,14366.71,14695.03
20051025,330.66,426.08,431.56,10983.86,14591.85,14958.79
20051026,328.59,423.62,429.96,10937.08,14566.33,14914.74
20051027,326.97,422.35,426.47,10881.71,14509.1,14849.12
20051028,320.61,414.08,416.74,10780.75,14329.1,14677.49
20051031,325.66,420.65,423.21,10965.93,14533.33,14917.06
20051101,331.56,429.09,432.12,11052.16,14614.38,15224.56
20051102,329.68,427.46,430.83,10988.98,14589.09,15202.54
20051103,336.14,435.88,439.69,11121.46,14710.97,15385.95
20051104,336.98,437.16,441.51,11126.28,14808.87,15442.55
20051107,337.31,437.59,440.78,11124.9,14802.3,15459.13
20051108,339.57,440.01,442.75,11144.07,14830.72,15509.21
20051109,337.28,436.69,440.48,11110.16,14778.33,15445.17
20051110,338.9,438.12,442.18,11132.94,14798.77,15459.22
20051111,341.31,441.34,444.31,11217.62,14896.92,15640.5
20051114,341.95,442.27,446.25,11243,14928.21,15705.11
20051115,341.48,440.54,444.59,11242.75,14906.64,15703.25
20051116,337.47,435.32,440.03,11199.2,14850.11,15631.02
20051117,337.02,433.85,439.46,11202.09,14846.09,15691.85
20051118,343.65,441.46,447.23,11345.02,14953.88,15907.62
20051121,346.62,444.74,449.85,11387.84,15013.36,15974.13
20051122,349.78,448.61,454.7,11417.36,15082.21,16091.69
20051123,351.51,450.52,457.37,11488.81,15147.8,16167.15
20051125,351.58,451.01,457.64,11553.74,15191.39,16219.99
20051128,352.2,451.17,457.85,11588.72,15205.66,16266.87
20051129,346.3,444.53,450.29,11499.82,15070.83,16094.29
20051130,347.45,445.91,451.49,11505.55,15062.56,16093.22
20051201,350.97,450.13,455.25,11429.89,15026.17,16001.06
20051202,357.19,458.57,462.58,11582.3,15194.74,16206.96
20051205,358.31,459.23,463.63,11589.5,15193.69,16226.55
20051206,355.43,456.9,460.94,11549.15,15144.91,16238.12
20051207,355.75,457.56,462.3,11616.68,15154.21,16270.81
20051208,353.93,454.6,459.35,11558.45,15088.77,16183.32
20051209,355.39,455.51,460.54,11545.19,15078.3,16179.08
20051212,356.41,457.86,462.18,11598.73,15091.68,16233.72
20051213,357.37,456.31,462.98,11618.88,15099.95,16252.41
20051214,356.91,455.89,462.68,11651.8,15170.26,16363.06
20051215,356.88,457.45,462.19,11694.4,15236.85,16413.33
20051216,354.79,453.96,458.73,11670.85,15237.8,16362.92
20051219,354.26,453.6,457.32,11636.3,15189.03,16320.69
20051220,348.77,447.33,451,11525.46,15145.58,16182.33
20051221,348.94,447.2,451.02,11527.49,15137.32,16188.52
20051222,352.67,451.3,455.42,11543.07,15201.87,16240.73
20051223,355.36,453.36,458.17,11614.41,15254.85,16307.71
20051227,356.97,455.4,459.28,11619.81,15267.48,16309.56
20051228,352.81,449.46,452.9,11517.14,15120.85,16153.63
20051229,354.39,451.86,455.28,11524,15147.14,16182.08
20051230,353.26,451.12,453.84,11496.04,15126.78,16140.03
20060103,354.19,448.96,454.87,11430.48,15050.34,16068.82
20060104,359.34,456.73,461.99,11581.85,15221.94,16339.36
20060105,362.4,460.33,466.17,11721.82,15284.28,16376.87
20060106,364.85,462.2,466.98,11757.45,15266.06,16378.37
20060109,369.01,466,471.96,11880.03,15399.03,16526.59
20060110,372.72,469.95,476.79,11962.33,15455.59,16595.46
20060111,375.1,472.89,479.51,11942.13,15452.79,16608.78
20060112,376.62,472.04,480.2,11998.4,15477.95,16670.79
20060113,374.32,469.41,478,11949.29,15368.49,16552.63
20060117,376.02,470.41,479.77,11960.29,15398.47,16578.18
20060118,372.42,467.6,477.83,11905.67,15363.88,16505.06
20060119,373.48,468.47,476.43,11827.92,15350.04,16412.85
20060120,378.95,474.74,484.77,11917.73,15453.55,16457.13
20060123,373.9,468.43,478.14,11708.37,15215.88,16086.6
20060124,375.4,470.58,480.47,11702.56,15259.24,16110.57
20060125,380.3,477.19,487.41,11764.9,15288.23,16180.57
20060126,378.95,476.6,486.99,11741.8,15253.96,16140.67
20060127,385.76,483.77,494.61,11822.45,15326.04,16330.22
20060130,387.42,485.68,497.7,11875.97,15422.28,16479.2
20060131,388.41,484.87,498.09,11873.97,15463.54,16489.04
20060201,388.14,487.56,501.05,11714.95,15423.02,16434.94
20060202,389.89,487.72,501.14,11780.43,15469.31,16464.16
20060203,385.58,482.17,495.45,11665.36,15404.52,16292.76
20060206,384.83,481.06,494.3,11598.66,15318.43,16211.58
20060207,386.63,483.43,496.49,11604.73,15334.61,16220.03
20060208,381.5,477.92,488.45,11538.33,15221.5,16044.28
20060209,384.65,480.3,490.28,11667.74,15328.94,16157.7
20060210,384.52,478.2,487.83,11670.64,15316.87,16102.75
20060213,384.12,477.7,487.11,11709.66,15340.29,16137.87
20060214,381.18,473.33,482.54,11657.45,15295.15,16052.09
20060215,385.62,480.19,487.62,11767.96,15439,16228.27
20060216,388.66,483.48,490.37,11791.09,15497.88,16302.68
20060217,392.83,487.59,495.1,11899.64,15594.5,16435.79
20060221,393.01,487,494.12,11873.62,15590.34,16392.14
20060222,390.52,483.42,492.81,11806.42,15551.95,16337.19
20060223,393.81,487.21,496.53,11877.92,15648.17,16492.14
20060224,393.61,485.88,496.17,11862.35,15584.02,16441.29
20060227,396.48,488.07,498.66,11867.96,15605.95,16479.98
20060228,399.31,490.72,500.77,11930.83,15665.98,16564.35
20060301,397.02,485.53,496.64,11810.01,15498.38,16566.11
20060302,403.79,492.2,503.88,11999.08,15641.96,16687.39
20060303,403.48,490.7,503.26,11978.05,15623.84,16661.21
20060306,402.73,490.04,502.41,11955.53,15621.61,16622.23
20060307,398.89,485.2,496.74,11914.37,15490.91,16572.41
20060308,393.16,479.53,489.97,11859.23,15458.17,16536.79
20060309,393.7,479.85,489.58,11848.82,15486.86,16575.58
20060310,392.02,477.65,487.11,11800.85,15426.19,16468.76
20060313,396.29,483.01,491.72,11885.41,15524.13,16584.3
20060314,396.96,484.5,493.26,11906.16,15561.72,16616
20060315,400.54,490.17,498.86,12016.59,15712.46,16799.52
20060316,403.83,494.37,502.42,12113.82,15762.47,16866.28
20060317,403.69,494.81,502.77,12145.08,15794.75,16870.36
20060320,404.71,496.22,503.61,12162.39,15821.53,16908.22
20060321,405.01,496.14,504.38,12136.79,15815.82,16902.31
20060322,399.27,490.61,499.7,12061.49,15735.12,16776.52
20060323,402.87,495.95,505.22,12121.2,15829.07,16879.46
20060324,404.63,496.91,507.41,12093.21,15833.26,16832.35
20060327,407.94,501.23,511.79,12103.43,15853.14,16870.97
20060328,408.3,501.49,512.83,12105.89,15819.63,16873.63
20060329,406.83,499.73,511.36,12018.23,15716.45,16777.99
20060330,414.15,507.46,519.41,12139.19,15812.33,16921.66
20060331,413.1,506.97,519.34,12109.75,15767.9,16920.64
20060403,419.45,511.58,525.48,12056.75,15681.55,16978.44
20060404,415.89,507.63,521.5,12098.35,15746.16,16949.29
20060405,417.24,508.99,524.09,12150.5,15817.64,17080.43
20060406,419.66,509.62,527.03,12217.72,15877.73,17150.69
20060407,420.08,509.02,527.55,12177.27,15838.73,17147.09
20060410,415.48,502.81,521.58,12073.96,15674.38,16977.77
20060411,413.2,501.76,519.88,12080.28,15680.14,16987.84
20060412,406.75,495.52,512.82,11985.07,15580.12,16842.13
20060413,408.83,499.13,516.01,12010.94,15579.85,16885.39
20060417,411.29,500.95,518.96,12055.09,15586.91,16885.08
20060418,409.67,500.62,518.79,12005.11,15560.06,16878.69
20060419,419.27,512.84,531.77,12221.16,15830.27,17134.85
20060420,423.89,518.05,538.78,12212.81,15856.39,17210.46
20060421,422.76,517.15,535.49,12261.97,15874.03,17201.48
20060424,420.94,516.13,534.51,12232.41,15872.95,17194.65
20060425,418.23,512.81,530.93,12202.39,15826.71,17136.54
20060426,418.29,512.24,530.49,12148.31,15763,17033.18
20060427,418.13,513.89,530.34,12181.95,15805.11,17057.44
20060428,417.38,510.43,526.99,12222.88,15832.02,17143.33
20060501,422.64,513.59,531.37,12230.16,15880.24,17104.93
20060502,420.78,512.87,529.83,12207.08,15837.91,16995.1
20060503,424.47,516.53,534.05,12290.82,15925.02,17065.12
20060504,424.4,517.79,533.85,12260.82,15894.56,16960.17
20060505,428.16,522.15,538.1,12325.45,15926.69,17019.78
20060508,432.26,526.17,543.08,12457.71,16084.17,17220.02
20060509,432.36,526.56,542.88,12484.56,16084.23,17215.92
20060510,431.36,526.32,542.13,12472.61,16104.72,17208.64
20060511,428.08,524.09,538.87,12372.81,16072.13,17202.04
20060512,417.61,513.12,526.14,12196.9,15937.05,16929.96
20060515,410.39,503.63,515.09,12078.15,15761.64,16715.72
20060516,406.74,500.83,510.47,12077.98,15820.1,16725.39
20060517,405.38,501.79,511.38,12045.2,15808.49,16705.49
20060518,398.82,494.38,503.28,11864.13,15567.41,16414.57
20060519,395.15,490.8,496.92,11801.96,15481.45,16287.86
20060522,398.21,491.54,498.95,11866.26,15568.76,16307.45
20060523,391,487.4,492.98,11806.68,15529.45,16206.9
20060524,389.92,484.73,491.71,11730.07,15471.03,16146.19
20060525,390.65,485.07,490.17,11712.12,15486.03,16178.09
20060526,398.16,493.27,499.66,11850.26,15651.86,16375.71
20060530,400.7,495.3,502.69,11925.56,15743.37,16478.5
20060531,391.27,483.85,491.1,11763.81,15496.76,16207.4
20060601,399.31,491.69,500.2,11856.49,15687.21,16321.22
20060602,408.1,500.87,510.34,12044.72,15837.44,16580.01
20060605,408.2,501.72,511.68,12088.5,15855.06,16658.97
20060606,397.06,486.31,496.46,11881.25,15583.44,16337.54
20060607,395.57,484.28,493.76,11840.96,15561.03,16295.33
20060608,393.21,482.55,490.48,11757.48,15473.8,16208.44
20060609,392.21,482.9,488.28,11726.81,15482.09,16250
20060612,389.61,479.05,484.34,11709.56,15413.92,16173.63
20060613,379.08,468.3,471.4,11517.15,15281.53,15938.94
20060614,371.92,461.65,463.06,11395.81,15127.4,15756.44
20060615,374.55,463.83,465.77,11477.44,15206.78,15804.81
20060616,387.96,479.35,481.95,11753.59,15514.99,16175.57
20060619,383.64,474.16,477.09,11732.57,15463.52,16106.83
20060620,377.77,466.29,468.46,11627.26,15325.82,15950.65
20060621,376.56,464.92,465.92,11612.25,15317.17,15966.04
20060622,383.73,472.54,474.82,11751.85,15431.09,16171.71
20060623,381.8,470.97,473.43,11657.36,15368.77,16080.84
20060626,382.9,471.92,475.95,11647.26,15351.93,16112.75
20060627,386.66,476.69,481.26,11692.97,15425.57,16183.04
20060628,379.38,469.44,473.81,11564.62,15335.91,16025.24
20060629,379.71,470.16,474.84,11629.16,15444.83,16107.15
20060630,393.8,486.4,491.73,11889.35,15739.79,16492.66
20060703,351.35,473.09,490.49,16706.57,15362.4,12849.23
20060705,354.2,475.41,494.8,16843.64,15466.11,12941.83
20060706,349.47,470.01,487.27,16698.05,15384.42,12832.7
20060707,350.03,471.65,486.63,16733.61,15456.42,12827.6
20060710,345.65,464.72,478.49,16601.54,15375.27,12717.35
20060711,344.7,465.74,476.54,16622.93,15400.45,12708.3
20060712,346.88,469.8,479.2,16622.09,15468.45,12782.62
20060713,341.18,461.17,471.16,16423.91,15316.51,12615.43
20060714,334.37,452.59,460.72,16165.44,15149.97,12426.24
20060717,331,449.43,456.6,16063.65,15072.11,12361.51
20060718,328.27,447.91,452.42,16054.28,15073.74,12303.56
20060719,329.27,450.43,453.04,16084.98,15085.49,12340.77
20060720,338.88,462.49,467.07,16372.55,15384.66,12569.54
20060721,330.97,451.14,455,16205.57,15273.13,12426.57
20060724,325.22,445.39,446.44,16119.68,15170.05,12276.43
20060725,333.25,456,458.8,16379.68,15398.88,12522.73
20060726,336.4,460.22,463.76,16481.3,15473.09,12656.11
20060727,335.79,458.53,461.09,16502.61,15435.15,12646.19
20060728,332.51,452.85,455.84,16418.77,15356.36,12584.44
20060731,339.09,460.73,464.19,16647.74,15536.04,12744.87
20060801,339.54,462.13,466.8,16565.38,15514.97,12732.92
20060802,333.53,456.32,460.55,16483.4,15458.86,12648.27
20060803,336.53,460.37,464.87,16563.57,15555.99,12739.76
20060804,340.12,465.17,469.15,16586.15,15597.31,12751.75
20060807,338.52,463.39,466.22,16547.56,15600.7,12748.38
20060808,335.68,460.68,463.62,16485.67,15555.82,12716.23
20060809,331.84,455.21,459.14,16425.56,15526.35,12653.88
20060810,329.33,451.6,453.97,16437.44,15412.05,12568.69
20060811,332.34,455.56,456.6,16516.19,15502,12604.47
20060814,329.08,451.45,452.07,16428.25,15460.69,12537.1
20060815,331,453.4,452.21,16518.19,15471.35,12505.45
20060816,338.4,462.79,462.25,16735.45,15670.88,12710.36
20060817,343.08,468.57,469.45,16906.87,15773.53,12831.66
20060818,345.26,470.47,471.8,16953.63,15791.71,12845.56
20060821,345.56,470.69,473.25,17016.7,15847.6,12881.55
20060822,342.56,466.93,468.55,16958.7,15787.1,12810.62
20060823,343.45,468.63,470.1,16975.96,15793.25,12819.63
20060824,340.12,462.32,464.13,16932.38,15729.1,12721.4
20060825,340.29,462.14,464.4,16960.65,15762.45,12774.1
20060828,340.75,462.41,465.2,16972.44,15727.96,12768.99
20060829,343.32,466.83,469.67,17102.76,15814.03,12813.31
20060830,347.56,472.42,474.42,17193.72,15833.44,12854.68
20060831,350.24,475.47,477.94,17227.23,15822.37,12857.16
20060901,351.34,476.26,479.96,17110,15743.86,12846.37
20060905,352.39,477.33,481.1,17204.54,15821.24,12924.22
20060906,354.77,481.1,484.99,17181.62,15837.86,13001.08
20060907,347.87,472.73,474.18,17045.64,15708.64,12798.95
20060908,345.93,469.85,470.74,16949.53,15632.85,12754.76
20060911,347.6,471.12,471.15,17043.46,15689.76,12773.05
20060912,347.59,470.69,469.84,17102.18,15697.66,12722.74
20060913,355.18,481.14,480.35,17297.3,15833.38,12896.54
20060914,358.05,484.77,485.09,17348.5,15879.62,12978.94
20060915,356.74,483.63,482.9,17353.64,15856.32,12948.01
20060918,356.66,484.3,484.36,17380,15900.76,12979.75
20060919,356.72,482.31,484.98,17387.78,15887.53,13016.92
20060920,355.11,481.14,481.89,17361.58,15856.16,12960.82
20060921,359.97,487.08,485.55,17499.47,15915.65,13037.89
20060922,356.43,482.88,481.37,17374.18,15811.09,13006.11
20060925,352.37,478.21,475.93,17322.02,15782.92,12943.41
20060926,356.62,483.84,480.47,17523.95,15874.56,13065.47
20060927,357.58,485.6,482.74,17657.69,15984.17,13183.81
20060928,359.52,486.74,484.57,17664.23,15999.78,13181.02
20060929,359.66,486.92,485.28,17685.43,16024.94,13216.17
20061002,359.09,482.04,483.1,17572.12,15976.98,13170.28
20061003,356.52,477.13,478.12,17524.87,15942.88,13049.87
20061004,356.17,477.98,475.94,17596.02,15976.5,13033.15
20061005,362.79,486.98,485.43,17803.36,16158.78,13207.17
20061006,367.56,492.77,492.32,17828.34,16217.69,13272.59
20061009,366.61,490.61,490.69,17805.41,16148.73,13278.86
20061010,369.21,493.14,494.49,17834.59,16169.22,13309.26
20061011,369.63,493.56,496.74,17852.71,16208.36,13353.15
20061012,368.05,490.91,494.36,17819.93,16187.91,13280.1
20061013,375.12,500.03,504.58,17980.33,16323.74,13448.96
20061016,378.06,503.34,507.47,17996.92,16341.25,13503.93
20061017,381.58,507.25,512.99,18016.62,16414.6,13539.65
20061018,380.8,503.92,509.78,17952.06,16374.94,13442.36
20061019,379.89,503.49,508.32,17993.94,16407.71,13428.18
20061020,382.31,505.66,511.22,17965.01,16410.96,13478.73
20061023,380.07,502.79,507.79,18029.72,16376.3,13503.97
20061024,380.99,502.78,508.29,18120.56,16481.48,13605.15
20061025,379.13,501.72,510.05,18116.04,16471.88,13641.74
20061026,380.88,504.31,513.28,18165.38,16529.46,13714.02
20061027,385.91,509.89,517.93,18239.62,16638.78,13802.53
20061030,380.3,503.55,511.98,18114.16,16518.46,13637.78
20061031,382.68,506.21,513.4,18154.57,16538.77,13601.55
20061101,382.04,504,513.34,18117.17,16501.77,13630.88
20061102,376.59,495.03,503.79,18018.52,16393.77,13501.01
20061103,375.63,493.28,503.31,17995.73,16382.61,13520.1
20061106,377.56,494.99,505.57,17925.8,16372.13,13511.31
20061107,382.44,501.81,511.98,18164.16,16555.36,13669.41
20061108,383.57,502.89,513.47,18222.72,16596.88,13686.99
20061109,386.8,506.81,516.47,18238.4,16670.25,13707.28
20061110,383.2,501.74,511.87,18180.36,16552.38,13633.85
20061113,386.67,506.54,515.12,18168.85,16634.55,13702.18
20061114,388.8,509.38,516.86,18218.84,16692.18,13764.16
20061115,394.24,517.44,524.31,18316.47,16786.5,13877.89
20061116,397.56,521.62,528.96,18366.79,16864.55,13935.03
20061117,397.98,521.8,526.8,18459.48,16903.16,13916.72
20061120,397.1,520.44,525.66,18475.19,16903.01,13940.04
20061121,397.54,521.43,525.32,18467.83,16866.37,13943.28
20061122,397.72,521.54,526.63,18418.77,16891.11,14031.03
20061124,398.38,521.66,527.22,18475.97,16913.8,14108.27
20061127,397.83,521.37,526.74,18401.36,16848.23,14080.45
20061128,387.95,508.97,514.84,18151.74,16642.64,13836.95
20061129,389.26,511,516.08,18193.97,16676.89,13910.83
20061130,392.7,516.52,522.81,18311.15,16841.41,14059.72
20061201,394.41,518.62,530.58,18312.15,16840.45,14089.43
20061204,392.07,515.7,528.03,18303.83,16816.38,14040.46
20061205,399.96,525.18,535.96,18418.71,17009.33,14166.27
20061206,401.4,526.5,538.13,18483.09,17090.62,14231.56
20061207,401.12,525.56,538.15,18469.6,17062.64,14226.95
20061208,399.76,523.87,536.2,18420.2,17004.03,14176.16
20061211,400.19,523.74,536.58,18506.14,17005.74,14188.77
20061212,400.08,524.81,536.28,18556.11,17035.34,14221.15
20061213,397.26,522.92,532.67,18553.14,17028.58,14165.43
20061214,397.11,523.86,532.94,18575.46,17044,14178.72
20061215,400.64,527.54,535.77,18758.53,17177.86,14285.43
20061218,400.16,526.72,532.3,18839.92,17183.01,14273.8
20061219,395.77,520.14,525.82,18837.87,17134.17,14159.81
20061220,396.26,520.39,526.04,18859.54,17186.81,14177.82
20061221,398.38,522.92,526.65,18860.19,17149.66,14139.24
20061222,397.31,521.74,523.73,18786.1,17100.67,14063.99
20061226,396.83,520.99,522.37,18689.71,17022.97,13983.17
20061227,400.68,525.95,525.72,18787.9,17094.52,14026.64
20061228,405.12,532.27,532.35,18906.65,17217.35,14123.51
20061229,403.67,530.36,530.74,18857.7,17204.89,14104.54
20070103,403.68,527.17,529.95,18749.84,17104.81,14091.31
20070104,405.2,527.53,527.16,18535.48,17101.53,14021.41
20070105,406.36,527.69,528.52,18602.85,17090.4,14071.4
20070108,400.34,517.57,521.49,18473.37,16981.85,14004.93
20070109,401.51,518.43,522.7,18527.24,17009.89,14051.86
20070110,402.55,519.32,522.92,18546.25,17020.8,14027.95
20070111,402.99,519.23,523.91,18640.85,17071.88,14067.91
20070112,408.32,525.2,529.32,18822.83,17173.97,14153.89
20070116,411.57,528.53,531.45,18909.65,17232.75,14262.41
20070117,411.05,526.64,530.24,18939.05,17254.93,14242.22
20070118,410.42,524.61,528.87,18856.21,17271.6,14235.09
20070119,405.84,518.36,521.36,18811.17,17253.58,14110.94
20070122,409.24,522.12,525.37,18788.84,17320.4,14200.63
20070123,406.17,517.55,520.8,18718.99,17231.28,14111.76
20070124,410.03,522.3,526.02,18691.63,17322.96,14181.82
20070125,414.05,527.59,530.27,18836.02,17415.01,14369.03
20070126,409.46,520.99,524.17,18623.01,17221.88,14202.06
20070129,411.35,522.4,526.61,18597.76,17207.19,14192.22
20070130,414.45,525.86,528.93,18597.72,17240.9,14174.97
20070131,414.99,528.79,532.41,18650.49,17329.34,14284.41
20070201,417.49,530.92,535.41,18684.94,17414.84,14704.42
20070202,421.42,535.33,540.56,18747.48,17529.43,14791.88
20070205,422.02,536.52,542.35,18769.87,17534.95,14842.22
20070206,420.25,534.9,540.85,18768.41,17529.08,14806.53
20070207,422.07,537.33,543.05,18778.63,17539.24,14832.06
20070208,425.19,538.8,546.07,18814.84,17557.37,14855.86
20070209,425.18,539.99,546.14,18745.47,17542.91,14873.66
20070212,421.71,534.51,540.13,18596.96,17446.77,14748.51
20070213,421.14,534.35,538.97,18548.87,17398.68,14666.65
20070214,423.92,538.11,542.82,18671.9,17530.13,14777.26
20070215,425.39,538.65,545.3,18825.28,17648.3,14904.61
20070216,426.47,539.06,546.33,18846.58,17688.86,14937.95
20070220,427.18,540.57,549.17,18793.81,17699.04,14955.04
20070221,431.55,545.83,554.34,18846.4,17760.41,15030.12
20070222,433.23,546.89,555.66,18823.26,17719.47,15041.08
20070223,434.57,548.35,556.69,18776.09,17700.83,15048.07
20070226,433.2,547.28,555.92,18715.9,17651,14996.69
20070227,431.83,546.02,554.02,18693.45,17618.08,14967.72
20070228,416.33,527.33,533.68,18069.68,17042.3,14423.09
20070301,420.03,528.04,531.4,18135.01,17080.78,14497.04
20070302,419.27,527.44,529.08,18086.27,17033.43,14482.44
20070305,411.83,518.49,519.38,17850.63,16859.59,14305.49
20070306,403.72,509.3,509.1,17710.74,16729.6,14123.89
20070307,412.94,520.24,520.54,17971.77,16951.37,14382.01
20070308,411.89,519.24,519.76,17899.41,16917.7,14377.25
20070309,415.26,521.9,523.5,18006.98,17039.36,14487.9
20070312,416.45,524.07,525.16,18014.95,17065.11,14488.87
20070313,419.4,526.45,527.27,18086.7,17091.75,14536.72
20070314,409.67,515.05,515.12,17735.94,16732.21,14257.71
20070315,411.39,518.96,518.79,17841.14,16799.13,14374.94
20070316,414.45,523.59,524.56,17923.5,16875.1,14415.82
20070319,411.61,520.97,521.89,17866.07,16810.32,14349.06
20070320,416.05,526.24,527.45,18049.84,16995.41,14522.67
20070321,419.97,529.74,531.92,18154.26,17109.31,14593.79
20070322,425.92,537.96,541.18,18454.2,17373.53,14867.79
20070323,426.69,538.73,542.89,18417.1,17325.99,14906.5
20070326,427.99,539.54,544.12,18394.22,17365.86,14918.27
20070327,428.06,539.3,544.38,18411.17,17360.18,14957.81
20070328,424.91,535.42,540.36,18268.29,17254.26,14902.23
20070329,422.95,532.19,537.19,18147.6,17134.42,14761.22
20070330,423.74,533.37,538.4,18240.53,17207.18,14792.96
20070402,428.01,536.58,543.67,18152.66,17325.03,14784.85
20070403,430.09,538.35,545.64,18247.83,17368.78,14862.37
20070404,434.74,544.04,550.95,18397.17,17532.4,15016.04
20070405,436.19,542.72,550.72,18450.25,17549.58,15024.83
20070409,438.54,545.05,552.47,18513.62,17599.15,15071.04
20070410,439.76,543.02,552.28,18550.86,17610.61,15069.29
20070411,440.59,544.96,554.32,18596.03,17643.05,15113.54
20070412,437.16,541.41,551.3,18489.21,17541.92,14998.51
20070413,441.54,545.74,556.24,18607.7,17634.47,15098.37
20070416,444.78,548.16,558.76,18684.69,17696.99,15130.81
20070417,450.99,555.88,566.55,18869.82,17871.49,15313.5
20070418,449.26,553.99,564.97,18898.4,17919.27,15322.35
20070419,447.13,551.74,562.33,18895.85,17971.29,15306.12
20070420,445.24,548.91,558.82,18925.7,17941.11,15231.42
20070423,450.02,552.25,563.14,19063.83,18137.93,15379
20070424,449.56,549.63,562.53,18986.1,18114.56,15355.27
20070425,449.94,548.73,561.55,19005.82,18093.45,15335.67
20070426,452.51,552.91,565.18,19210.96,18263.56,15472.7
20070427,453.07,553.98,567.49,19213.76,18233.33,15487.79
20070430,451.25,552.06,565.77,19276.95,18204.84,15435.04
20070501,444.84,543.39,558.47,19323.49,17892.4,15236.58
20070502,445.42,545.16,557.98,19430.83,17907.91,15270.48
20070503,452.3,551.77,565.47,19587.41,18022.27,15381.45
20070504,452.57,552.7,565.98,19628.74,18113.2,15444.51
20070507,453.8,556.14,568.11,19667.93,18156.78,15487.55
20070508,454.71,555.61,566.59,19725.42,18211.63,15500.78
20070509,453.93,555.18,564.83,19700.11,18192.7,15482.71
20070510,454.04,557.86,568.33,19727.52,18281.04,15532.65
20070511,446.13,547.37,558.17,19472.1,18026.39,15316.72
20070514,451.11,554.12,564.57,19596.17,18234.02,15513.68
20070515,447.52,550.19,559.59,19564.32,18200.78,15469.85
20070516,444.02,545.56,553.76,19526.78,18194.93,15410.1
20070517,447.47,549.71,557.36,19699.33,18351.01,15522.36
20070518,445.25,546.65,556.01,19655.59,18317.59,15561.8
20070521,449.63,551.09,563.02,19791.65,18432.7,15658.11
20070522,455.07,556.98,570.54,19815.21,18474.2,15709.05
20070523,457.75,561.05,574.74,19808.47,18449.35,15753.02
20070524,455.72,558.77,572.78,19778.1,18440.66,15711.52
20070525,449.56,550.71,564.2,19570.88,18275.83,15533.6
20070529,453.64,553.98,568.48,19683.62,18349.97,15638.34
20070530,457.2,558.59,570.82,19712.48,18384.5,15670.33
20070531,459.34,561.5,574.81,19841.95,18502.19,15884.34
20070601,462.81,564.68,580.5,19781.89,18481.09,15942.83
20070604,465.92,568.2,584.57,19836.9,18559.31,16030.97
20070605,465.31,569.89,586.47,19847.88,18562.52,16126.39
20070606,462.27,565.58,583.16,19735.03,18464.05,16049.05
20070607,457.68,561.92,577.7,19514.52,18307.14,15910.34
20070608,448.96,552.31,566.87,19164.96,18008.2,15619.27
20070611,454.29,558.06,572.24,19403.83,18183.64,15794.15
20070612,453.71,558.29,571.36,19414.98,18220.35,15803.03
20070613,447.73,551.6,563.2,19232.52,18029.19,15633.8
20070614,453.05,558.43,569.21,19523.55,18256.47,15859.44
20070615,456.21,561.47,572.81,19620.91,18343.48,15988.7
20070618,462.53,568.32,577.83,19784.12,18442.05,16084.49
20070619,461.29,568.09,577.53,19746.29,18406.7,16095.69
20070620,462.58,569.37,578.48,19833.34,18436.96,16089.84
20070621,456.34,562.61,571.25,19640.43,18184.95,15849.38
20070622,458.79,564.37,573.8,19757.92,18265.33,15973.77
20070625,455.47,559.56,569.68,19464.92,18024.32,15793.39
20070626,451.54,556.1,565.02,19409.31,17978.55,15727.38
20070627,450.58,556.31,562.93,19359.92,17939.58,15631.91
20070628,456.1,563.95,570.41,19507.5,18089.37,15795.99
20070629,457.21,566.15,570.73,19525.97,18083.63,15809.64
20070702,387.47,561.58,558.08,16557.18,17141.76,18838.21
20070703,390.71,567.94,563.9,16741.75,17378.21,19020.33
20070705,391.35,568.84,566.33,16849.95,17437.2,19102.08
20070706,391.47,569.92,567.67,16888.04,17420.86,19130.89
20070709,393.06,570.9,570.13,16930.93,17497.44,19218.49
20070710,393.91,571.6,571,16913.68,17558.43,19256.62
20070711,388.18,561.5,562.01,16690.62,17290.57,19008.76
20070712,389.59,563.35,563.9,16750.36,17422.62,19115.84
20070713,396.01,572.77,573.15,17022.8,17813,19452.66
20070716,396.83,573.12,573.14,17034.96,17896.44,19544.93
20070717,393.87,568.12,569.08,17026.53,17860.23,19467.23
20070718,394.82,568.8,570.01,17070.85,17883.58,19419.21
20070719,393.51,565.87,567.75,16990.78,17880.47,19371.86
20070720,395.95,569.77,571.62,17096.86,17969.99,19407.93
20070723,389.09,561.14,562.94,16893.6,17733.32,19194.32
20070724,388.41,560.8,563.19,17005.23,17814.91,19238.61
20070725,378.32,546.34,548.68,16690.92,17439.05,18884.52
20070726,378.29,546.68,548.5,16734.69,17582.09,18958.62
20070727,368.67,533.71,535.74,16303.35,17115.23,18618.21
20070730,362.03,525.36,528.31,16043.08,16856.11,18414.86
20070731,363.95,528.79,532.7,16180.39,17022.65,18610.06
20070801,360.62,524.14,530.1,15974.93,16818.76,18274.87
20070802,361.21,525.64,528.98,16068.2,16932.23,18426.29
20070803,362.27,528.98,533.74,16186.91,16995.96,18524.9
20070806,348.84,509.8,516.76,15793.74,16549.04,18040.29
20070807,351.76,516.99,522.37,16156.28,16881.59,18468.18
20070808,352.8,520.05,530.23,16227.47,16997.13,18601.87
20070809,360.21,531.15,546.03,16385.34,17212.01,18915.99
20070810,352.63,523.01,541.78,15930.54,16653.79,18423.68
20070813,356.15,527.99,537.77,15937.82,16698.8,18383.69
20070814,353.22,522.95,531.67,15964.55,16733.38,18390.47
20070815,346.89,513.44,520.36,15712.35,16436.3,18026.67
20070816,342.61,506.59,512.42,15494.78,16187.44,17763.4
20070817,349.2,517.06,518.47,15507.43,16235.03,17788.19
20070820,356.34,527.35,529.73,15833.5,16659.28,18221.63
20070821,357.03,527.96,530.93,15853.17,16656.15,18264.15
20070822,358.44,524.79,531.12,15881.31,16675.09,18305.7
20070823,362.96,532.01,537.37,16062.57,16899.66,18508.56
20070824,359.27,525.97,531.45,16045.14,16864.49,18497.09
20070827,363.78,533.28,537.94,16225.73,17083.72,18712.98
20070828,360.91,527.69,533.03,16162.55,16957.94,18568.51
20070829,351.4,514.2,520.58,15825.74,16535.5,18148.73
20070830,359.86,526.58,531.68,16142.42,16885.77,18537.83
20070831,357.98,522.98,529.6,16065.82,16810.37,18479.43
20070904,364.22,528.79,536.72,16183.41,16967.67,18676.05
20070905,367.05,532.24,542.47,16315.08,17154.05,18902.08
20070906,362.5,525.28,537.82,16129.55,16967.72,18719.02
20070907,364.2,527.04,539.89,16198.28,17073.68,18751.9
20070910,356.81,516.69,529.26,15939.65,16779.96,18475.22
20070911,353.72,512.52,525.62,15896.69,16740.22,18454.35
20070912,358.19,519.79,533.62,16095.63,16956.43,18732.44
20070913,356.45,516.9,532.17,16056.66,16963.2,18761.97
20070914,356.21,517.49,533.9,16131.96,17111.77,18918.86
20070917,357.75,519.24,536.11,16104.13,17136.18,18959.64
20070918,354.48,513.9,531.78,16033.79,17093.6,18831.26
20070919,366.94,532.99,549.6,16412.25,17629.67,19368.01
20070920,371.77,539.48,555.76,16533.52,17701.75,19473.65
20070921,368.42,534.11,552.15,16413.92,17578.48,19377.22
20070924,369.31,535.3,553.88,16480.44,17643.66,19494.21
20070925,365.6,530.04,548.29,16399.11,17531.94,19423.67
20070926,363.99,527.55,548.25,16366.53,17540.6,19415.63
20070927,366.87,531.57,552.46,16446.4,17674.21,19523.04
20070928,368.68,534.74,556.36,16500.63,17755.63,19616.71
20071001,365.97,526.47,554.39,16431,17708.56,19493.53
20071002,373.65,536.08,565.87,16700.62,18011.18,19702.82
20071003,376.51,540.08,568.06,16701.79,18023.97,19761.26
20071004,374.56,535.72,564.76,16652.35,17919.34,19665.83
20071005,375.62,536.83,566.38,16698.75,17963.61,19675.56
20071008,382.56,545.93,575.57,16824.18,18156.02,19903.52
20071009,380.88,542.9,573.41,16779.21,18100.98,19873.4
20071010,383.54,545.18,577.41,16874.83,18288.92,20016.77
20071011,382.1,544.16,577,16823.86,18251.87,20029.53
20071012,378.12,538.56,570.09,16703.77,18124.42,19955.36
20071015,379.69,542.5,573.99,16798.53,18198.25,20068.58
20071016,374.93,534.8,568.43,16664.86,18094.52,19880.69
20071017,373.11,530.68,564.32,16565.52,17993.17,19723.45
20071018,373.04,530.77,565.82,16612.86,18038.62,19754.55
20071019,372.45,530.19,565.85,16577.65,18038.94,19736.9
20071022,361.46,515.24,548.99,16224.84,17589.84,19254.57
20071023,365.87,522.9,554.58,16326.7,17632.12,19334.31
20071024,368.65,527.7,560.04,16422.28,17817.23,19537.68
20071025,366.35,523.2,555.92,16365.25,17817.71,19443.05
20071026,364.69,520.41,552.41,16406.86,17818.04,19348.07
20071029,371.9,528.72,561.88,16697.88,18013.34,19637.94
20071030,371.54,528.73,563.43,16802.75,18056.75,19781.09
20071031,369.43,526.23,559.39,16793.82,17910.65,19619.75
20071101,374.23,533.27,567.54,16938.46,18068.65,19866.41
20071102,360.09,513.81,548.39,16585.53,17578.67,19323.49
20071105,360.18,515.58,549.75,16607.17,17588.83,19337.86
20071106,356.26,511.85,543.45,16545.44,17500.19,19194.9
20071107,359.77,519.22,550.97,16678.35,17739.71,19444.8
20071108,348.59,503.95,534.58,16213.29,17265.08,18985.56
20071109,350.88,508.83,535.69,16174.21,17384.25,18879.02
20071112,346.55,504.73,528.24,15941.94,17150.01,18614.11
20071113,345.1,503.46,522.06,15864.24,16922.84,18378.02
20071114,352.94,515.22,535.5,16204.98,17394.03,18999.47
20071115,350.65,510.22,531.99,16080.34,17317.77,18907.9
20071116,345.9,504.69,522.4,15905.62,17071.01,18691.61
20071119,344.5,500.96,522.32,15924.96,17183.69,18839.95
20071120,337.1,489.24,510.44,15649.62,16877.17,18486.2
20071121,335.92,489.22,509.14,15606.21,17021.71,18559.1
20071123,331.59,483.64,502.3,15376.93,16752.9,18262.57
20071126,338.04,492.66,511.66,15606.22,17058.25,18566.71
20071127,329.36,481.03,502.16,15286.74,16676.08,18216.17
20071128,331.7,485.62,505.66,15521.04,16934.48,18420.09
20071129,343.18,500.49,522.35,15941.19,17423.38,18946.8
20071130,341.72,496.78,521.58,15957.12,17418.43,18972.76
20071203,343.18,499.97,526.4,16053.59,17543.75,19028.19
20071204,338.3,496.21,522.24,15966.24,17439.91,18930.28
20071205,333.44,492.01,518.29,15883.38,17385.44,18804.39
20071206,338.51,499.19,526.41,16125.13,17606.74,19099.49
20071207,348.12,511,538.79,16334.26,17842.59,19426.65
20071210,347.21,510.9,538.5,16330.55,17836.06,19405.3
20071211,349.3,513.88,541.95,16429.23,17974.07,19550.95
20071212,338.93,499.54,526.97,16002.15,17505.48,19121.47
20071213,340.58,501.44,530.5,16029.08,17612.43,19218.39
20071214,340.77,501.29,527.65,16107.31,17646.62,19170.46
20071217,334.82,491.32,518.51,15892.83,17441.06,18939.07
20071218,329.65,483.88,507.05,15677.2,17185.85,18608.59
20071219,335.74,491.84,515.83,15790.82,17285.61,18692.83
20071220,336.09,492.15,517.11,15773.61,17240.8,18693.72
20071221,340.24,498.16,522.91,15869.31,17311.95,18827.02
20071224,347.83,508.14,533.12,16121.49,17586.24,19199.52
20071226,350.46,513.86,538.54,16250.43,17758.45,19357.7
20071227,351.94,513.95,541.51,16220.87,17784.23,19393.33
20071228,342.85,500.91,527.87,15986.2,17532.59,19141.48
20071231,341.36,497.98,528.13,15983.4,17568.18,19192.05
20080102,340.37,494.87,526.38,15855.69,17446.95,19075.23
20080103,333.7,485.39,519.36,15567.93,17218.54,18814.65
20080104,328.83,479.67,515.23,15540.17,17252.21,18786.06
20080107,318.51,465.67,499.95,15154.85,16875.31,18258.39
20080108,321.09,469.04,498.6,15277.56,16891.12,18231.99
20080109,312.85,457.06,487.82,15058.6,16584.79,17870.45
20080110,315.05,460.19,490.14,15233.64,16763.98,18095.94
20080111,318.45,464.24,495.52,15354.54,16927.54,18250.56
20080114,311.65,453.73,485.72,15165.66,16674.71,18016.6
20080115,314.8,457.18,491.2,15303.69,16832.42,18236.43
20080116,308.76,448.64,479.45,14986.65,16431.96,17746.91
20080117,311.36,451.63,478.84,14882.87,16364.13,17620.09
20080118,304.07,441.25,465.12,14529.66,15798.54,17198.18
20080122,299.78,437.06,460.52,14375.3,15778.74,17109.72
20080123,298.66,437.65,456.52,14169.8,15621.31,16986.03
20080124,309.54,452.65,466.04,14489.84,15969.33,17239.48
20080125,309.08,451.89,467.7,14660.31,16158.72,17413.3
20080128,307.28,448.95,465.52,14441.95,15916.4,17159.22
20080129,314.86,457.66,471.94,14678.99,16223,17422.23
20080130,317.65,457.33,473.69,14765.4,16327.17,17585.33
20080131,314,454.04,466.75,14683.39,16259.47,17475.72
20080201,321.73,465.23,478.98,14883.55,16505.42,17724.67
20080204,327.63,476.18,490.54,15034.39,16795.04,17954.61
20080205,324.06,471.61,487.5,14897.26,16640.82,17745.26
20080206,315.67,459.92,472.45,14459.79,16106.82,17223.7
20080207,312.03,456.23,465.48,14331.64,16011.69,17038.01
20080208,315.24,462.09,471.19,14418.3,16127.6,17193.3
20080211,313.49,459.67,469.65,14363.87,16071,17171.76
20080212,314.59,460.48,471.99,14433.42,16169.21,17293.22
20080213,316.38,463.08,474.49,14565.22,16313.48,17313.74
20080214,322.77,471.73,486.21,14735.05,16523.36,17581.55
20080215,314.53,461.38,476.18,14523.52,16352.68,17327.64
20080219,312.27,459.46,471.66,14546.74,16375.49,17306.47
20080220,311.97,459.86,472.98,14495.2,16401.84,17281.42
20080221,315.28,465.21,476.58,14597.71,16556.15,17464.85
20080222,310.18,457.3,468.88,14433.12,16332.36,17245.64
20080225,309.9,456.99,467.66,14513.59,16452.18,17369.27
20080226,316.45,465.02,475.86,14678.72,16709.68,17623.73
20080227,320.22,470.34,479.13,14811.36,16795.48,17749.77
20080228,319.78,468.98,478.6,14784.68,16762.19,17750.58
20080229,314.17,462.77,473.51,14612.17,16594.3,17645.16
20080303,306.02,448.83,460.91,14161.97,16052.06,17165.18
20080304,305.41,448.13,458.7,14154.6,16094.94,17119.5
20080305,304.36,447.04,455.41,14171.38,16016.77,17039.91
20080306,305.46,447.19,458.26,14255.12,16091.45,17138.89
20080307,297.7,435.14,444.32,13944.2,15754.19,16735.18
20080310,296.59,433.89,440.57,13881.48,15564.11,16591.51
20080311,287.28,425.64,428.44,13741.77,15295.02,16265.96
20080312,298.74,442.79,444.58,14124.87,15904.83,16849.94
20080313,296.47,438.81,441.25,13968.35,15801.05,16727
20080314,301.38,446.53,449.3,14005,15882.96,16858.87
20080317,294.32,436.2,438.61,13736.92,15574,16487.48
20080318,289.66,430.86,426.92,13621.91,15504.23,16195.06
20080319,302.16,448.35,445.98,14126.07,16099.05,16946.51
20080320,295.73,439.75,434.07,13843.86,15704.78,16521.82
20080324,302.59,450.9,443.51,14109.13,16055.31,16959.15
20080325,310.92,461.06,457.8,14247.02,16293.15,17332.92
20080326,313.04,463.53,462,14305.13,16354.84,17373.88
20080327,311.24,460.49,462.74,14136.87,16214.87,17250.78
20080328,307.83,454.73,457.61,14004.01,16063.18,16993.39
20080331,303.63,450.29,452.58,13888.77,15933.34,16877.18
20080401,306.81,453.35,457,13413.22,15960.22,17103.06
20080402,315.97,466.7,469.71,13831.76,16525.1,17731.53
20080403,316.39,468.15,472.6,13777.07,16505.38,17716.09
20080404,317.32,467.85,473.38,13803.95,16535.4,17729.43
20080407,318.79,466.26,474.57,13818.86,16537.11,17795.18
20080408,318.76,465.69,473.39,13844.49,16557.85,17842.54
20080409,318.4,464.85,472.92,13726.72,16506.72,17804.43
20080410,311.66,457,465.52,13648.51,16354.95,17627.75
20080411,315.38,461.68,470.66,13722.66,16419.92,17724.18
20080414,307.51,450.64,459.14,13489.05,16051.62,17383.85
20080415,306.28,449.33,457.56,13427.85,15995.13,17328.13
20080416,308.61,452.82,460.73,13474.01,16077.17,17408.89
20080417,317.1,464.24,473.98,13780.08,16469.49,17746.07
20080418,314.96,461.35,470.22,13774.12,16474.63,17725.02
20080421,319.92,469.66,478.68,13973.67,16729.09,18080.03
20080422,318.53,466.52,478.3,13911.35,16682.13,18105.28
20080423,312.21,457.96,469.24,13729.04,16536.09,18045.06
20080424,312.77,459.87,471.85,13853.61,16537.7,18051.67
20080425,318.04,465.04,477.21,13999.69,16581.64,18178.02
20080428,320.03,468.04,480.2,14012,16721,18347.71
20080429,321.84,469.97,483.55,13951.12,16720.99,18354.74
20080430,319.71,467.3,479.54,13867.18,16638.28,18349.52
20080501,318.17,466.69,479.9,13785.38,16619.5,18250.23
20080502,325.49,477.25,488.37,14081.32,16854.82,18531.85
20080505,322.96,474.9,488.04,14120.26,16907.01,18577.61
20080506,321.44,473.45,487.32,14046.31,16819.48,18513.6
20080507,323.98,474.86,492.97,14141.72,16947.78,18649.51
20080508,319.15,466.13,484.74,13941.45,16664.56,18284.31
20080509,320.9,466.35,487.3,13975.78,16742.57,18346.47
20080512,320.51,466.89,487.85,13918.47,16650.45,18205.07
20080513,326.2,475.68,495.58,14096.67,16843.95,18351.49
20080514,327.94,478.44,498.79,14095.76,16814.7,18387.27
20080515,328.23,479.03,498.35,14190.37,16903.38,18408.69
20080516,332.27,482.47,502.96,14349.18,17095.31,18598.31
20080519,331.27,481.11,503.24,14324.09,17103.38,18681.45
20080520,329.8,479.76,503.76,14298.45,17136.69,18656.15
20080521,328.21,476.88,502.84,14147.18,17002.69,18519.06
20080522,325.58,471.75,496.48,13942.61,16736.65,18191.96
20080523,328.12,476.47,498.77,14010.64,16779.68,18251.66
20080527,324.18,470.9,492.95,13848.94,16538.44,18052.62
20080528,328.83,476.7,498.54,13967.96,16615.08,18194.17
20080529,330.86,478.73,500.03,13995.86,16714.01,18292.19
20080530,333.86,484.57,503.02,14090.1,16776.88,18415.87
20080602,335.32,486.36,507.65,14077.75,16748.73,18551.77
20080603,333.03,482.08,503.53,13916.84,16584.53,18444.98
20080604,333.21,481.2,501.2,13829.57,16510.06,18363.29
20080605,334.53,483.79,503.42,13862.89,16493.8,18323.49
20080606,342.16,492,516.23,14050.31,16836.6,18715.16
20080609,332.14,476.9,503.24,13610.53,16353.54,18204.16
20080610,329.53,474.25,500.35,13622.02,16388.52,18181.57
20080611,328.95,473.48,497.58,13648.65,16346.32,18088.47
20080612,322.55,464.09,488.98,13394.71,16094.85,17781.93
20080613,324.42,466.67,489.16,13509,16093.46,17828.03
20080616,330.48,474.39,498.84,13713.22,16330.88,18113.74
20080617,333.52,478.16,503.94,13692.36,16324.05,18183.76
20080618,331.33,474.24,503.09,13579.76,16235.38,18103.87
20080619,329.46,469.93,499.37,13454.02,16067.27,17935.24
20080620,332.15,473.82,503.23,13566.09,16076.02,17965.48
20080623,327.36,466.05,496.16,13295.93,15816.59,17605.78
20080624,324.66,460.99,493.13,13252.02,15829.33,17594.38
20080625,319.92,454.3,484.41,13221.29,15755.93,17502.57
20080626,322.71,459.28,489.01,13332.28,15839.9,17597.68
20080627,315.07,447.6,478.72,12942.66,15378.03,17089.37
20080630,313.18,445.09,479.54,12891.96,15314.4,17023.12
20080701,285.82,392.48,402.64,14015.17,15652.81,14737.61
20080702,284.78,392.68,401.41,14001.42,15744.81,14816.58
20080703,276.52,382.78,390.53,13776.32,15431.14,14508.52
20080707,275.17,380.2,385.8,13737.98,15441.46,14531.08
20080708,272.89,376.4,380.74,13626.23,15343.28,14399.66
20080709,282.99,389.46,392.92,13857.1,15575.06,14663.93
20080710,275.01,379.94,383.27,13605.35,15299.68,14308.96
20080711,275.76,381.88,384.13,13648.41,15387.76,14477.32
20080714,276.47,383.51,385.09,13534.48,15219.94,14338.42
20080715,270.66,376.59,380.54,13425.63,15111.36,14187.69
20080716,268.85,376,379.55,13427.95,14876.14,14041.58
20080717,280.58,391.06,393.73,13763.88,15129.27,14477.64
20080718,288.86,400.01,400,13872.78,15268.3,14664.97
20080721,287.91,398.02,398.32,13834.34,15305.36,14632.62
20080722,289.11,399.49,400.33,13769.11,15356.98,14675.52
20080723,299.15,412.6,411.54,13872.98,15549.97,14885.23
20080724,302.01,414.97,414.94,14051.09,15495.31,14950.43
20080725,294.2,405.34,403.91,13705.05,15163.23,14603.29
20080728,296.26,410.71,407.69,13733.08,15211.55,14702.64
20080729,290.07,402.51,398.81,13486.36,14983.69,14417.84
20080730,299.71,414.15,408.14,13769.81,15281.31,14783.87
20080731,300.26,415.7,410.78,13999.15,15626.93,14980.67
20080801,299.26,412.97,410.16,13842.54,15364.4,14862.23
20080804,300.6,414.53,411.73,13723.22,15278.15,14811.68
20080805,298.27,410.64,404.8,13678.41,15102.67,14603.02
20080806,306.08,421.3,413.37,14057.99,15515.18,14971.27
20080807,307.26,422.76,418.66,14067.81,15545.45,15115.55
20080808,300.92,416.17,412.22,13896.54,15249.01,14834.86
20080811,311.65,429.78,422.78,14285.73,15581.13,15117.53
20080812,319.94,440.56,431.74,14415.62,15644.91,15239.71
20080813,316.88,436.79,427.91,14264,15498.57,15052.86
20080814,315.67,437.18,428.91,14191.08,15479.58,15039.87
20080815,319.46,441.35,433.54,14281.63,15539.34,15157.81
20080818,320.44,442.41,434.88,14407.23,15612.21,15162.54
20080819,315.5,435.84,427.95,14215.19,15404.13,14912.47
20080820,308.68,428.55,420.08,14038.12,15292.06,14809.88
20080821,308.44,428.13,421.25,14053.43,15373.71,14948.97
20080822,305.34,424.85,418.26,14074.87,15464.01,14925
20080825,311.73,432.45,425.47,14322.92,15597.43,15077.78
20080826,304.06,423.07,416.49,14067.47,15308.86,14776.8
20080827,304.65,424.75,417.44,14061.93,15396.75,14832.49
20080828,308.16,429.71,422.75,14173.09,15517.44,14969.77
20080829,314.95,438.16,432.39,14401.84,15751.42,15159.11
20080902,313.18,432.74,429.69,14186.39,15517.81,15032.48
20080903,315.89,434.78,429.77,14194.55,15439.6,14901.65
20080904,318.69,437.84,431.23,14145.2,15425.08,14804.76
20080905,309.41,425.52,417.45,13749.09,15017.55,14324.38
20080908,311.37,425.7,416.77,13747.79,15077.89,14435.06
20080909,318.79,435.76,422.16,14038.88,15360.04,14632.1
20080910,309.4,424.6,406.23,13667.76,14818.48,14077.76
20080911,311.56,429.11,409.32,13688.16,14944.58,14192.96
20080912,312.44,431.55,410.32,13908.51,15138.5,14381.48
20080915,312.41,431.29,411.43,13974.74,15162.63,14439.67
20080916,300.64,416.19,392.56,13455.02,14514.74,13689.86
20080917,307.94,427.92,401.52,13471.41,14771.2,14000.27
20080918,292.6,408.26,383.83,12889.25,14170.56,13281.98
20080919,313.28,434.99,410.13,13364.31,14767.42,13902.74
20080922,326.32,452.63,426.62,13830.55,15299.11,14719.92
20080923,310.26,431.03,410.5,13333.37,14778.63,14042.97
20080924,306.01,425.49,403.19,13202.25,14517.06,13836.07
20080925,301.55,417.98,396.64,13189.11,14490.47,13806.68
20080926,304.62,420.79,400.42,13453.03,14723.48,14069.08
20080929,302.77,420.44,399.29,13487.75,14683.69,14146.4
20080930,282.62,395.26,373.09,12460.97,13527.77,12784.56
20081001,293.06,406.36,386.03,13038.94,14100.54,13672.67
20081002,291.51,404.52,382.49,13021.75,13976.29,13651.76
20081003,278.4,387.86,361.8,12598.52,13369.36,13038.26
20081006,270.22,378.53,350.63,12522.39,13271.7,12720.61
20081007,259.64,365.99,333.97,12019.06,12794.9,12175.34
20081008,243.43,344.49,314.46,11341.09,12183.46,11316.03
20081009,238.62,337.08,306.8,11086.32,12056.65,11227.02
20081010,219.53,309.27,281.72,10315.94,11135.58,10436.64
20081013,227.18,321.41,289.12,10074.76,10911.79,10429.05
20081014,244.91,347.62,318.29,11335.6,12145.19,11628.34
20081015,239.83,341.24,311.28,11275.85,12049.48,11538.9
20081016,218.92,313.11,283.43,10356.85,10938.5,10532.97
20081017,231.78,331.24,299.47,10707.38,11420.81,10999.25
20081020,228.04,324.55,296.8,10734.28,11393.45,10913.41
20081021,235.88,335.18,307.74,11273.84,11960.34,11363.79
20081022,229.19,325.84,299.1,10929.99,11585.45,11050.11
20081023,218.59,310.02,282.66,10260.06,10877.86,10483.5
20081024,212.25,303.74,272.73,10371.41,10984.76,10476.89
20081027,204.43,293.55,263.32,10067.42,10658.56,10085.49
20081028,196.21,281.73,250.9,9798.12,10281.32,9751.11
20081029,209.3,300.7,267.39,10754.85,11338.84,10729.29
20081030,211.96,305.13,272.66,10607.44,11313.78,10645.39
20081031,221.33,317.52,284.57,10851.46,11605.67,11008.03
20081103,232.41,329.27,298.72,10986.54,11754.03,11234.39
20081104,232.6,330.56,300.38,11029.72,11760.91,11169.32
20081105,235.54,332.47,306.52,11412.34,12211.3,11617.05
20081106,222.48,315.66,289.84,10791.07,11665.96,10971.74
20081107,216.14,305.84,276.57,10315.93,11066.03,10410.48
20081110,218.88,310.22,281,10601.69,11382.4,10668.04
20081111,213.12,303.2,273.82,10494.81,11261.04,10510.8
20081112,207.72,298.52,266.64,10324.63,10979.4,10269.34
20081113,194.48,282.1,249.96,9811.31,10412.26,9745.42
20081114,209.65,302.67,268.38,10483.82,11120.82,10385.54
20081117,194.08,283.55,251.61,10065.65,10681.24,9932.48
20081118,190.99,280.91,247.78,9804.37,10451,9638.64
20081119,189.83,279.02,244.87,9833.14,10476.61,9692.31
20081120,174.35,259.38,226.32,9268.15,9844.99,9043.71
20081121,164.09,244.63,210.6,8727.82,9200.87,8384.14
20081124,171.41,255.36,220.44,9352.67,9852.55,8779.03
20081125,183.76,271.63,236.92,9844.04,10364.73,9508.92
20081126,187.23,275.79,241.03,9877.3,10526.77,9554.69
20081128,198.63,289.69,256.08,10200.42,10918.19,9925.84
20081201,200.99,294.65,264.1,10315.5,11016.22,10056.99
20081202,178.23,263.08,235.62,9479.55,10106.68,9063.97
20081203,188.66,276.89,247.39,9828.38,10513.86,9420.45
20081204,194.02,284.32,253.95,10116.48,10741.39,9689.3
20081205,189.66,276.07,247.16,9864.78,10423.12,9381.53
20081208,198.07,288.55,258.86,10185.98,10795.98,9765.52
20081209,205.49,298.28,270.59,10519.25,11162.32,10230.05
20081210,198.84,288.81,263.62,10274.28,10927.66,10011.1
20081211,202.92,294.15,268.74,10318.3,11094.97,10119.65
20081212,192.1,280.23,257.07,10063.79,10828.91,9768.68
20081215,198.84,289.24,265.21,10154.76,10862.93,9880.85
20081216,192.03,279.94,257,9998.26,10737.97,9721.72
20081217,203.82,296.33,272.27,10498.09,11262.27,10246.11
20081218,205.42,297.7,275.36,10421.09,11157.37,10184.49
20081219,202.18,294.16,273.05,10248.03,10930.61,9988.31
20081222,204.04,295.23,275.81,10275.89,10936.77,10043.87
20081223,199.89,289.65,269.19,10128.47,10753.37,9811.24
20081224,196.57,285.64,265.87,10023.12,10674.31,9733.17
20081226,197.61,286.66,266.96,10068.36,10705.94,9803.4
20081229,200.32,289.88,270.31,10139.82,10782.18,9836.03
20081230,195.77,285.4,264.61,10096.01,10724.33,9799.85
20081231,202.54,294.72,272.33,10347.16,10962.09,10041.77
20090102,209.93,304.38,283.02,10504.64,11170.68,10197.71
20090105,214.42,308.91,289.53,10880.99,11552.95,10496.06
20090106,214.18,307.38,291.01,10808.96,11529.93,10478.87
20090107,219.6,312.6,297.3,10883.65,11591.78,10595.63
20090108,212.76,302.93,287.1,10537.04,11251.66,10284.68
20090109,216.38,306.25,290.29,10631.43,11280.94,10310.51
20090112,208.47,294.35,279.3,10427.81,11060.23,10075.74
20090113,202.95,287.62,271.99,10262.37,10827.05,9794.94
20090114,204.36,289.48,274.46,10268.75,10829.45,9853.38
20090115,195.57,277.53,262.56,9948.1,10488.4,9498.2
20090116,198.95,282.21,267.65,10019.66,10557.2,9458.4
20090120,200.58,284.3,269.66,10138.58,10657.49,9483.32
20090121,187.45,265.57,251.67,9726.49,10153.1,8871.92
20090122,195.41,278.06,262.93,10053.12,10503.21,9358.51
20090123,189.01,270.27,255.74,9807.22,10384.65,9238.29
20090126,189.83,270.53,256.82,9857.5,10343.14,9369.28
20090127,191.84,273.42,259.24,9882.34,10391.34,9433.83
20090128,194.18,276.75,260.75,9948.02,10519.18,9545.3
20090129,201.79,286.93,270.12,10195.96,10808.3,9957.28
20090130,193.11,274.97,259.33,9886.03,10460.28,9646.13
20090202,189.91,268.68,254.06,9716.72,10258.6,9509.22
20090203,192.01,271.88,256.58,9751.17,10224.78,9514.73
20090204,193.89,273.16,258.12,9926.34,10411.57,9611.68
20090205,191.58,270.72,256.11,9815.07,10352.98,9569.77
20090206,194.61,275.12,259.99,9965.73,10498.61,9751.6
20090209,201.7,284.95,268.58,10199.27,10731.8,10091.51
20090210,200.81,283.14,266.97,10135.39,10790.2,10112.26
20090211,190.68,270.56,255.09,9685.31,10302.94,9614.25
20090212,192.03,272.08,256.47,9770.83,10337.95,9717
20090213,192.08,273.42,259.41,9806.5,10339.68,9762.77
20090217,191.21,271.79,259.48,9741.62,10233.18,9675.31
20090218,183.37,260.26,248.05,9349.36,9810.18,9200.57
20090219,180.34,256.44,244.72,9318.2,9792.47,9179.07
20090220,176.71,252.1,241.55,9219.24,9692.45,9049.89
20090223,174.06,248.24,237.56,9178.53,9546.1,8943.01
20090224,168.43,239.49,228.43,8890.4,9208.85,8630.55
20090225,176.02,249.05,237.63,9193.42,9563.71,9021.39
20090226,171.52,243.72,231.52,9101.64,9439.83,8947.52
20090227,168.86,240.16,227.42,8915.78,9285.62,8846.77
20090302,167.95,238.8,224.45,8719.59,9035.4,8663
20090303,159.64,227.33,211.16,8353.74,8598.69,8239.75
20090304,155.88,223.04,208.22,8293.91,8506.34,8238.25
20090305,159.89,227.9,214.6,8509.42,8708.95,8420.69
20090306,150.79,214.55,202.85,8200.74,8334.6,8069.54
20090309,151.37,214.89,204.12,8182.34,8381.07,8066.58
20090310,148.4,210.22,200.67,7978.28,8315.62,8004.38
20090311,159.13,225.35,214.38,8441.95,8841.92,8531.99
20090312,158.98,225.54,214.49,8476.36,8792.07,8631.28
20090313,169.76,238.96,227.98,8788.94,9124.22,9005.63
20090316,171.22,240.91,230.85,8878.55,9180.02,9062.81
20090317,168.89,238.3,227.3,8811.58,9159.74,9010.57
20090318,176.59,247.73,236.98,9086.8,9429.06,9305.23
20090319,183.57,256.86,244.41,9267.49,9607.52,9516.92
20090320,181.11,254.98,242.27,9132.39,9537.04,9409.69
20090323,176.05,248.54,235.28,8984.53,9329.64,9247.63
20090324,190.57,268.09,252.79,9550.97,9950.75,9923.27
20090325,183.35,258.21,244.91,9382.93,9795.7,9718.19
20090326,187.8,263.93,251.19,9432.69,9865.69,9821.18
20090327,196.56,274.79,262.64,9679.93,10138.54,10037.97
20090330,190.39,265.33,254.25,9521.17,9964.4,9511.71
20090331,184.14,257.48,246.47,9165.19,9635.83,9161.06
20090401,186.98,262.74,250.49,9259.11,9714.13,9335.14
20090402,190.43,267.11,254.37,9479.92,9831.06,9491.75
20090403,199.81,280.09,267.39,9721.25,10107.76,9780.12
20090406,202.17,283.05,270.49,9770.15,10189.96,9928.89
20090407,199.06,278.33,265.91,9704.65,10101.93,9834.75
20090408,192.76,269.63,257.73,9498.13,9869,9568.76
20090409,197.53,275.66,263.03,9612.49,9979.92,9687.08
20090413,209.66,291,277.91,9901.19,10296.34,10157.95
20090414,210.57,291.3,278.14,9892.79,10308.61,10222.54
20090415,204.81,282.47,271.37,9698.79,10135.13,9994.01
20090416,208.91,287.18,275.34,9812.7,10237.13,10103.06
20090417,215.34,295.35,283.31,10027.94,10372.28,10250.6
20090420,218.67,299.35,287.03,10078.62,10418.55,10298.08
20090421,205.6,283.18,272.11,9708.44,10009.49,9794.02
20090422,213.41,294.14,282.4,9860.6,10193.73,10042.66
20090423,214.8,294.69,283.79,9781.46,10104.68,9990.71
20090424,213.63,291.26,281.65,9790.39,10198.7,10103.23
20090427,219.75,298.49,288.36,9981.99,10353.87,10279.88
20090428,216.07,293.68,284.34,9900.61,10267.92,10181.18
20090429,217.14,296.01,285.94,9867.77,10252.69,10138.18
20090430,226.07,305.38,296.67,10049.19,10519.97,10359.65
20090501,226.35,305.47,296.14,10075.37,10505.97,10387.05
20090504,225.81,304.5,296.79,10139.39,10571.16,10417.41
20090505,235.43,315.42,308.6,10427.49,10860.21,10854.33
20090506,234.8,313.63,308.98,10376.38,10828.43,10835.15
20090507,236.2,314.83,310.26,10509.73,10948.41,11065.61
20090508,230.09,308.8,303.88,10360.93,10847.66,10872.77
20090511,238.1,319.01,314.75,10545.02,11113.04,11163.5
20090512,234.52,313.29,310.05,10352.78,10868.41,10929.21
20090513,230.7,308.91,304.74,10371.35,10868.27,10863.8
20090514,219.51,294.75,290.46,10151.38,10561.42,10524.66
20090515,223.95,300.23,296.04,10234.59,10637.2,10682.11
20090518,221.69,297.83,294.59,10154.44,10504.04,10574.09
20090519,231.02,309.32,305.85,10395.92,10819.76,10944.08
20090520,230.71,308.5,306.1,10391.95,10839.98,10906.34
20090521,228.08,305.54,304.56,10382.1,10779.62,10845.03
20090522,224.67,300.71,299.32,10185.25,10573.86,10693.04
20090526,223.46,299.09,297.62,10205.8,10581.69,10642.44
20090527,233.66,312.69,310.4,10485.63,10837.23,10940.56
20090528,229.17,306.05,305.29,10278.99,10635.1,10758.95
20090529,229.52,307.04,307.11,10425.37,10750.31,10951.63
20090601,235.84,312.77,314.67,10587.47,10920.65,11167.79
20090602,245.52,324.36,327.43,10823.36,11256.95,11430.12
20090603,247.26,327,332.07,10931.75,11293.9,11424.51
20090604,245.62,324.12,328.89,10807.71,11105.28,11262.65
20090605,250.36,329.82,334.22,10849.05,11210.29,11455.26
20090608,249.24,329,334.25,10832.87,11188.72,11429.92
20090609,247.57,326.71,330.73,10802.19,11171.69,11420.7
20090610,249.44,328.42,334.04,10837.67,11213.64,11490.46
20090611,247.15,325.79,332.31,10825.89,11183.64,11432.24
20090612,248.52,327.85,334.35,10901.52,11243.48,11506.47
20090615,248.54,327.89,333.75,10940.64,11251.5,11484.3
20090616,241.61,319.56,323.87,10717.59,10971.54,11213.56
20090617,237.91,314.97,318.59,10582.68,10829.25,11062.99
20090618,238.89,316.69,320.4,10621.2,10799.38,11028.64
20090619,239.24,318.58,321.34,10686.49,10870.89,11132.21
20090622,240.89,320.26,324.86,10715.8,10881.51,11191.74
20090623,231.94,309.26,311.79,10468.2,10567.36,10792.07
20090624,229.94,306.68,310.08,10505.57,10571.42,10812.86
20090625,233.04,309.14,313.48,10576.8,10632.5,10917.95
20090626,240.43,317.12,323.34,10799.06,10854.22,11155.43
20090629,243.89,321.76,328.75,10769.62,10805.96,11182.56
20090630,244.91,321.67,328.03,10875.07,10928.18,11252.76
20090701,207.75,290,316.61,10681.78,11569.25,9933.19
20090702,211.27,296.25,321.13,10792.37,11637.8,9926.88
20090706,202.87,285.64,309.04,10454.23,11337.52,9635.07
20090707,200.17,284.04,306.12,10452.19,11380.06,9603.52
20090708,196.14,278.9,299.95,10218.38,11189.84,9406.98
20090709,192.99,277.13,296.62,10149.26,11188.19,9405.52
20090710,193.81,277.04,297.25,10222.52,11184.3,9470.34
20090713,194.59,278.32,297.83,10170.15,11144.13,9432.75
20090714,198.81,285.51,304.91,10426.44,11378.6,9695.66
20090715,201.24,287.64,307.1,10508.36,11442.17,9737.48
20090716,209.86,298.04,318,10882.42,11705.56,10060.13
20090717,212.07,301.92,322.37,11004.48,11793.09,10161.07
20090720,211.98,300.1,320.01,11044.08,11749.35,10182.39
20090721,217.55,303.82,323.86,11189.54,11858.96,10319.05
20090722,217.24,301.69,323.58,11221.8,11907.76,10359.22
20090723,219.61,303.48,325.33,11218.23,11919.23,10350.61
20090724,227.77,312.57,334.62,11497.89,12175.19,10595.9
20090727,230.08,313.61,337.16,11532.03,12267.4,10607.61
20090728,232.58,315.39,338.87,11575.79,12317.94,10604.7
20090729,233.27,315.95,338.56,11526.53,12285.23,10599.67
20090730,231.76,314.48,335.67,11448.61,12259.57,10531.08
20090731,236.04,319.84,341.71,11560.79,12403.96,10670.22
20090803,237.17,321.36,343.46,11565.37,12466.41,10678.59
20090804,243.07,326.18,349.9,11766.75,12624.33,10889.14
20090805,246.7,328.5,352.09,11806.3,12670.37,10898.03
20090806,245.27,326.63,348.96,11806.19,12598.51,10885.35
20090807,242.58,320.79,343.4,11746.82,12536.51,10816.28
20090810,249.78,328.39,351.1,11893.46,12688.68,10987.35
20090811,250.71,329.82,351.65,11819.29,12667.88,10932.07
20090812,246.11,324.84,345.2,11673.86,12532.81,10770.92
20090813,251.18,330.55,351.04,11828.14,12639.08,10917.31
20090814,253.41,332.41,353.71,11906.88,12719.24,11013.68
20090817,248.04,325.76,346.3,11761.94,12640.47,10906.91
20090818,240.35,317.2,336.67,11458.8,12396.48,10578.83
20090819,245.76,322.1,341.89,11594.42,12490.41,10717.79
20090820,247.52,324.97,345.22,11692.35,12571.55,10783.31
20090821,251.21,328.52,348.35,11803.52,12672.31,10918.77
20090824,257.33,335.98,356.79,12031.8,12882.14,11118.62
20090825,257.2,335.62,356.95,12029.33,12876.07,11094.86
20090826,260.1,337.65,357.59,12075.81,12912.34,11104.39
20090827,261.03,337.67,358.17,12095.89,12903.31,11092.72
20090828,261.78,338.35,357.89,12134.73,12920.57,11118.01
20090831,261.12,336.18,355.76,12144.57,12888.41,11088.97
20090901,259.46,333.64,353.41,12204.59,12799.75,11010.42
20090902,251.85,325.14,344.98,11883.35,12568.29,10771.12
20090903,249.55,323.47,343.63,11875.7,12523.38,10733.55
20090904,253.38,328.11,347.44,11994.52,12618.47,10840.86
20090908,258.44,332.44,352.28,12140.51,12780.47,10985.87
20090909,261.86,334.51,356.76,12256.43,12872.21,11094.54
20090910,267.21,340.7,362.62,12349.2,12971.06,11195.6
20090911,273.03,346.11,368.5,12462.09,13111.56,11308.29
20090914,272.91,345.19,368.44,12438.92,13108.57,11285.64
20090915,276.53,348.58,371.2,12529.76,13180.28,11356.48
20090916,280.37,351.92,374.11,12533.6,13225.34,11434.54
20090917,286.76,359.25,382.83,12743.89,13381.66,11635.09
20090918,285.57,358.22,381.95,12700.69,13335.77,11607.7
20090921,286.68,359.13,383.76,12746.28,13372.92,11609.93
20090922,286.41,357.87,381.38,12693.21,13343.91,11587.49
20090923,290.09,360.29,384.1,12773.75,13404.64,11690.15
20090924,285.94,356.57,380.57,12638.35,13302.65,11544.56
20090925,279.36,350.21,373.36,12468.93,13195.19,11431.55
20090928,277.46,348.45,370.94,12395.17,13103.33,11360.37
20090929,285.36,356.81,378.56,12629.79,13297.23,11575.55
20090930,285.68,355.91,377.8,12599.76,13282.55,11568.17
20091001,286.61,355.78,378.77,12875.18,13207.66,10959.97
20091002,274.44,344.92,366.47,12523.18,12931.04,10641.5
20091005,272.46,342.64,364.04,12461.71,12903.5,10571.98
20091006,278.95,348.98,370.81,12694.16,13063.83,10721.71
20091007,284.32,355.23,378.18,12857.66,13225.57,10890.34
20091008,284.64,355.44,379.04,12911.11,13219.11,10942.62
20091009,287.78,358.86,382.8,13017.53,13312.37,11053.16
20091012,291.44,362.65,386.93,13096.21,13372.03,11117.56
20091013,292.02,362.33,386.17,13174.23,13416.54,11157.18
20091014,291.8,361.02,385.61,13147.2,13382.29,11136.91
20091015,298.72,367.8,392.99,13403.68,13581.99,11326.92
20091016,298.66,367.72,393.32,13406.71,13645.83,11388.65
20091019,294.8,363.47,389.06,13234.82,13411.7,11320.63
20091020,297.28,366.66,392.6,13380.57,13520.64,11437
20091021,292.44,362.39,387.07,13252.62,13432.82,11392.99
20091022,288.83,358.02,382.38,13129.48,13311.66,11339.46
20091023,292.63,363.23,386.57,13328.05,13410.8,11450.5
20091026,284.71,355.92,379.73,13107.36,13232.52,11394.15
20091027,279.43,351.13,372.97,13018.7,13077.2,11269.04
20091028,275.23,347.3,369.3,13002.24,13034.36,11172.27
20091029,262.7,335.75,355.18,12689.62,12841.22,10901.23
20091030,270.4,343.07,364.11,13011.61,13110.47,11137.07
20091102,261.55,333.45,355.11,12602.91,12863.03,10898.93
20091103,261.51,333.18,354.6,12657.32,12942.94,10968.33
20091104,267.21,337.68,359.89,12696.35,12989.96,11007.41
20091105,264.19,332.98,356.24,12657.09,12964.13,11031.33
20091106,273.98,342.82,367.33,12921.99,13203.54,11238.72
20091109,273.87,343.19,366.63,12931.64,13265.1,11257.91
20091110,280.33,350,373.3,13229.52,13521.68,11525.19
20091111,277.4,347.52,370.12,13231.21,13536.19,11506.56
20091112,280.45,350.53,372.97,13323.02,13590.95,11561.35
20091113,274.13,343.42,365.48,13170.05,13469.57,11435.13
20091116,276.96,346.31,368.5,13250.68,13544.47,11511.82
20091117,285.13,355.82,378.2,13501.92,13714.71,11668.45
20091118,284.56,355.51,378.35,13523.14,13725.94,11693.28
20091119,283.3,354.12,377.51,13500.17,13736.01,11649.82
20091120,276.26,346.48,368.58,13298.09,13592.35,11473.26
20091123,274.92,346.05,367.65,13230.15,13552.66,11434.83
20091124,279.04,352.1,374.21,13387.77,13720.3,11588.29
20091125,277.98,350.59,373.12,13362.13,13728.37,11577.09
20091127,278.92,350.57,373.4,13407.79,13790.31,11660.12
20091130,271.47,342.34,364.74,13140.2,13593.73,11443.64
20091201,273.25,346.52,368.23,13203.42,13695.57,11499.96
20091202,278.7,351.54,374.57,13355.3,13876.38,11644.93
20091203,282.18,355.11,378.21,13369.66,13890.38,11655.85
20091204,279.42,350.47,373.58,13227.69,13805.38,11542.51
20091207,286.79,358.95,381.22,13313.45,13888.14,11589.46
20091208,287.93,360.22,381.71,13283.84,13883.27,11548.13
20091209,285.09,357.26,377.7,13154.14,13733.59,11442.39
20091210,285.52,357.8,378.11,13197.53,13758.43,11504.78
20091211,283.74,356.78,376.91,13257.22,13838.04,11584.24
20091214,286.58,360.3,379.2,13304.83,13908.64,11612.01
20091215,290.98,365.04,385.66,13301.9,14007.58,11753.35
20091216,289.17,363.28,384.8,13200.46,13952.55,11712.5
20091217,292.14,365.49,387.58,13215.06,13955.41,11742.18
20091218,288.31,362.04,383.58,13012.08,13803.32,11621.48
20091221,290.95,365.96,388.05,13083.74,13837.17,11762.74
20091222,295.93,371.26,392.75,13229.84,13953.49,11923.17
20091223,300.44,374.2,395.41,13278.7,13997.72,11974.42
20091224,303.89,377.71,400.34,13292.37,14017.71,12067.22
20091228,306.18,380.05,402.39,13376.38,14067.12,12141.95
20091229,305.19,380.24,402.23,13382.46,14079.6,12160.19
20091230,305.23,380.22,402.07,13372.67,14069.01,12138.02
20091231,305.64,380.06,401.15,13377.11,14066,12134.87
20100104,305.73,376.56,399.24,13261.02,13924.88,12071.74
20100105,314.95,385.04,409.42,13503.81,14126.94,12337.82
20100106,316.26,384.21,409.85,13605.68,14116.42,12401.2
20100107,317.26,383.78,410.63,13674.7,14111.24,12398.01
20100108,320.69,387.2,412.82,13713.96,14170.17,12427.57
20100111,322.54,388.71,415.99,13704.95,14218.25,12493.74
20100112,323.5,388.17,414.7,13746.78,14271.81,12459.85
20100113,317.29,383.47,409.24,13609.01,14185.56,12296.66
20100114,322.12,388.05,413.04,13683.22,14302.71,12411.25
20100115,324.19,389.97,415.1,13715.76,14310.33,12457.73
20100119,318.94,384.98,410.02,13558.43,14166.05,12317.77
20100120,324.34,391.18,416.73,13709.51,14355.39,12475.73
20100121,318.93,385.82,410.19,13531.33,14244.97,12347.24
20100122,311.8,380.23,403.53,13236.22,14030.71,12159.5
20100125,305.54,373.93,396.4,12919.32,13804.32,11828.13
20100126,306.45,374.04,397.03,12981.81,13847.65,11882.03
20100127,304,371.62,393.99,12902.94,13807.89,11834.68
20100128,306.33,375.36,397.31,13013.38,13847.98,11908.02
20100129,301.76,369.37,391.2,12835.06,13748.8,11710.54
20100201,300.43,366.29,387.65,12747.25,13676.1,12002.96
20100202,306.66,370.31,392.43,12994.85,13820.52,12180.38
20100203,311.62,372.93,395.02,13175.23,14006.79,12299.17
20100204,310.39,371,392.55,13083.03,13925.2,12257.78
20100205,298.13,359.52,378.16,12672.84,13524.75,11845.56
20100208,299.01,360.82,379.82,12724.13,13529.67,11909.22
20100209,296.85,357.33,376.36,12613.13,13450.61,11807.04
20100210,303.33,363.3,381.75,12809.53,13597.99,11969.53
20100211,303.87,363.41,382.82,12777.74,13570.88,11938.11
20100212,309.24,369.08,389.61,12889.06,13711.89,12085.92
20100216,312.51,372.32,392.33,12888.22,13671.7,12066.69
20100217,318.4,377.7,399.35,13135.27,13840.04,12279.83
20100218,320.76,379.86,401.36,13173.94,13910.97,12341.4
20100219,322.85,382.47,404.43,13246.42,13989.96,12428.9
20100222,323.95,384.19,405.99,13267.36,14041.97,12449.79
20100223,323.84,385.61,406.23,13250.4,14035.74,12443.43
20100224,318.93,381.84,401.63,13085.81,13885.3,12257.55
20100225,321.36,384.91,404.74,13228.98,14000.01,12381
20100226,321.96,385.15,404.72,13186.5,13987.23,12356.86
20100301,323.78,385.69,405.04,13292.62,14060.71,12419.57
20100302,333.14,393.78,412.95,13451.61,14244.19,12563.84
20100303,336.54,397.21,417.09,13489.07,14268.82,12609.46
20100304,338.37,398.12,416.79,13508.58,14260.95,12633.09
20100305,340.75,400.52,418.68,13582.43,14294.32,12678.65
20100308,348.42,408.26,426.55,13801.71,14464.31,12864.28
20100309,349.95,409.12,427.03,13824.22,14454.55,12858.6
20100310,351.77,410.6,428.84,13870.32,14475.91,12876.83
20100311,355.94,413.45,432.35,13995.49,14497.22,12996.74
20100312,357.79,413.19,433.75,14073.4,14546.11,13048.63
20100315,357.38,413.25,433.45,14050.59,14545.26,13056.97
20100316,355.21,412.62,430.07,14005.49,14631.18,13027.07
20100317,358.09,416.2,433.38,14153.82,14741.84,13110.67
20100318,360.23,419.28,436.06,14247.64,14816.42,13183.44
20100319,358.68,418.06,434.06,14234.85,14820.92,13157.04
20100322,352.12,414.67,430.06,14120.78,14764.41,13073
20100323,357.23,420.34,435.5,14221.35,14844.94,13151.17
20100324,362.39,424.54,440.32,14335.72,14946.22,13259.33
20100325,359.5,420.34,435.79,14258.37,14851.58,13191.38
20100326,357.44,417.9,432.53,14244.25,14801.77,13178.21
20100329,357.8,417.98,431.86,14257.47,14807.95,13186.39
20100330,360.54,419.72,434.67,14327.42,14902.83,13259.76
20100331,360.76,420.78,435.45,14298.51,14911.01,13274.48
20100401,361.87,420.67,435.98,14316.94,14939.36,13244.59
20100405,366.35,424.15,438.67,14452.41,15046.76,13328.51
20100406,375.86,431.71,447.36,14617.39,15133.16,13459.87
20100407,378.67,433.75,449.65,14598.32,15155.3,13503.96
20100408,377.98,432.75,447.28,14541.82,15058.64,13434.47
20100409,379.54,433.48,446.95,14614.07,15083.24,13489.48
20100412,381.71,436.25,448.54,14740.65,15169.77,13578.83
20100413,385.36,438.26,451.11,14838.48,15186.22,13616.1
20100414,385.44,439.18,451.72,14871.03,15185.61,13616.98
20100415,396.23,448.91,461.29,15129.72,15305.26,13774.78
20100416,397.85,450.99,464.76,15129.47,15311.4,13796.08
20100419,391.58,445.08,459.05,14841.63,15117.95,13591.78
20100420,388.89,443.85,456.36,14959.06,15166.9,13614
20100421,396.28,450.35,463.37,15047.94,15294.85,13737.01
20100422,397.52,453.38,465.91,15028.87,15260.17,13740.2
20100423,402.51,460.03,470.66,15096.97,15269.98,13800.57
20100426,407.41,464.44,475.59,15211.85,15369.68,13885.79
20100427,408.36,463.84,473.21,15114.05,15320.14,13813.2
20100428,395.29,453.06,463.05,14701.89,15003.37,13483.33
20100429,396.71,453.57,463.34,14835.29,15080.47,13549.55
20100430,405.81,462.15,470.83,15059.11,15266.42,13732.2
20100503,396.71,450.22,461.95,14717.32,15046.87,13551.1
20100504,407.85,459.54,469.92,14902.4,15234.29,13734.72
20100505,392.77,445.43,456.38,14519.36,14937.44,13328.87
20100506,384.61,439.92,449.63,14377.79,14847.27,13250.86
20100507,368.15,424.1,433.63,13892.66,14401.14,12797.62
20100510,354.92,413.34,421.13,13691.87,14186.61,12554.54
20100511,376.39,435.9,443.35,14311.76,14747.21,13156.71
20100512,379.43,439.72,447.28,14265.69,14712.76,13108.69
20100513,391.72,451.98,460.75,14516.19,14878.2,13330.02
20100514,387.61,447.78,457.91,14326.92,14737.01,13148.34
20100517,376.92,438.71,446.33,14045.28,14487.01,12878.59
20100518,377.01,439.5,446.53,14039.28,14531.03,12869.77
20100519,368.94,431.88,439.35,13809,14372.2,12664.18
20100520,363.27,426.19,433.23,13768.16,14302.11,12561.19
20100521,343.25,405.5,411.68,13203.74,13763.91,12072.31
20100524,347.93,411.25,417.66,13440.6,13909.68,12277.78
20100525,343.79,406.45,412.49,13265.88,13749.05,12132.72
20100526,343.22,405.68,410.7,13296.55,13720.49,12147.81
20100527,344.83,408.09,412.69,13256.82,13677.61,12051.1
20100528,362.24,424.73,429.59,13772.5,14076.64,12471.56
20100601,359.26,421.25,425.74,13587.73,13911.85,12339.08
20100602,347.14,408.41,413.3,13307.62,13702.4,12127.92
20100603,357.99,418.88,426.33,13670.83,14029.19,12459.29
20100604,362.07,422.91,431.49,13718.04,14082.21,12549.04
20100607,343.4,402.49,411.69,13213.73,13618.91,12092.43
20100608,331.44,392.97,402.14,12957.46,13483.35,11901.01
20100609,330.2,391.79,401.16,13119.96,13644.29,11978.63
20100610,330.56,392.33,401.19,13077.74,13589.76,11908.27
20100611,343.67,405.11,414.36,13478.57,13957.12,12274.5
20100614,349.86,410.29,420.23,13531.67,14008.24,12363.15
20100615,352.22,411.85,421.71,13509.69,14019.19,12319.29
20100616,363.14,421.73,432.15,13816.45,14324.26,12641.1
20100617,361.06,419.54,431.34,13788.31,14304.65,12649.02
20100618,360.52,418.98,430.66,13772.83,14344.64,12649.21
20100621,361.15,419.72,431.41,13795.12,14343.51,12687
20100622,356.9,415.24,427.59,13757.01,14308.23,12595.2
20100623,348.37,406.71,419.23,13511.71,14094.01,12395.23
20100624,347.41,405.77,417.89,13466.74,14057.6,12355.52
20100625,340.54,399.16,411.15,13219.39,13852.63,12134.73
20100628,346.44,406.72,418.29,13266,13877.09,12204.46
20100629,344.34,404.67,416.58,13232.41,13883.67,12094.61
20100630,328.14,389.01,400.7,12768.03,13535.06,11640.38
20100701,263.76,365.74,388.23,9070.32,12215.13,13146.53
20100702,261.41,363.81,384.31,9040.01,12175,13094.13
20100706,258.38,360.8,381.56,8979.16,12116.2,13044.86
20100707,253.74,355.38,377.28,9002.11,12196.99,13103.03
20100708,264.16,367.7,388.17,9348.19,12557.04,13500.67
20100709,268.86,373.61,392.63,9425.19,12675.24,13633.96
20100712,273.91,379.59,397.5,9519.19,12772.24,13721.76
20100713,270.34,375.23,393.45,9512.94,12775.44,13717.52
20100714,281.09,387.48,405.08,9708.85,13005.52,13925.76
20100715,279.61,386.29,404.14,9684.92,12994.67,13942.27
20100716,277.09,383.3,401.11,9684.11,13044.92,13942.46
20100719,265.71,369.14,387.77,9357.99,12681.86,13551.46
20100720,266.44,371.44,387.52,9424.68,12768,13604.73
20100721,271.95,378.57,392.97,9570.62,12906.31,13762.21
20100722,267.69,371.77,386.11,9417.42,12749.45,13592.81
20100723,279.05,387.13,397.45,9657.93,13036.19,13920.4
20100726,286.99,396.51,405.94,9785.69,13151.67,14039.07
20100727,293.7,404.01,415.09,9923.09,13312.69,14178.05
20100728,290.91,402.25,413.68,9897.14,13286.62,14151.03
20100729,285.63,394.82,407.14,9787.32,13218.93,14028.16
20100730,286.18,395.65,406.33,9702.44,13160.26,13994.79
20100802,290.26,396.7,406.72,9697.14,13126.67,14030.19
20100803,295.95,403.22,412.76,9925.78,13410.52,14313.68
20100804,292.51,399.24,408.93,9795.6,13343.99,14271.41
20100805,296.23,403.78,412.52,9876.71,13414.28,14382.06
20100806,293.02,399.31,407.86,9881.87,13394.13,14351.54
20100809,291.61,396.94,405.2,9808.82,13341.69,14326.27
20100810,295.55,401.93,409.49,9851.78,13402.3,14427.16
20100811,288.75,394.1,401.92,9778.6,13308.18,14337.71
20100812,275.56,378.51,386.83,9479.19,12923.49,13943.31
20100813,273.86,376.72,385.53,9432.51,12857.39,13871.81
20100816,271.25,372.23,380.58,9379.03,12812.84,13816.24
20100817,273.68,376.23,384.03,9394.26,12810.72,13819.22
20100818,278.99,382.99,389.65,9504.07,12958.87,14006.63
20100819,280.37,384.08,389.25,9549.99,12975.41,14029.61
20100820,272.28,373.73,380,9375.69,12744.83,13816.81
20100823,271.75,373.86,379.68,9332.94,12701.12,13787.82
20100824,267.21,368.97,375.09,9269.31,12644.72,13741.16
20100825,263.2,364.66,370.06,9121.4,12472.09,13525.55
20100826,266.9,369.47,374.78,9152.23,12505.55,13584.79
20100827,264.12,366.08,372.3,9084.97,12411.19,13481.07
20100830,271.42,376.6,382.65,9263.76,12621.99,13700.71
20100831,264.59,367.26,374.06,9102.05,12436.5,13514.14
20100901,265.54,368.62,375.26,9096.99,12426.59,13498.4
20100902,276.68,382.72,387.88,9369.38,12803.23,13893.39
20100903,281.49,386.67,391.7,9487.52,12915.81,14018.97
20100907,286.9,392.97,398.58,9627.82,13084.13,14195.95
20100908,280.01,384.71,390.22,9465.81,12935.31,14054.91
20100909,282.8,386.91,393.68,9537.88,12985.95,14167.01
20100910,282.72,387.89,394.05,9593.11,13054.34,14221.63
20100913,283.93,389.51,394.91,9617.54,13120.14,14290.34
20100914,291.82,398.83,404,9756.58,13256.34,14462.26
20100915,290.51,397,402.8,9746.94,13247.27,14466.83
20100916,291.34,398.65,405.1,9769.78,13290.72,14527.66
20100917,289.77,395.71,403.21,9753.79,13277.49,14537.78
20100920,291.2,397.57,406.01,9735.34,13310.17,14547.39
20100921,299.78,408.48,416.67,9903.07,13497.93,14766.99
20100922,297.54,405.36,414.67,9850.98,13462.69,14734.11
20100923,294.02,400.35,410.05,9777.3,13401.71,14675.24
20100924,291.22,395.43,406.87,9699.15,13293.18,14571.87
20100927,301.42,408.57,418.24,9935.04,13560.21,14876.5
20100928,300.96,404.93,417.04,9860.32,13505.44,14809.59
20100929,304.65,409.56,420.99,9910.58,13575.5,14912.03
20100930,306.24,411.22,422.39,9885.23,13542.43,14879.3
20101001,308.91,411.88,423.83,9840.58,13486.44,14815.7
20101004,311.23,413.94,425.5,9936.21,13621.02,14846.84
20101005,306.43,407.17,420.14,9879.05,13508.08,14724.41
20101006,315.72,418.92,431.58,10085.07,13777.16,15030.28
20101007,314.27,417.36,428.69,10075.74,13783.49,14989.87
20101008,314.37,416.44,428.19,10045.21,13775.12,14957.45
20101011,320.38,422.32,434.25,10133.11,13865.64,15048
20101012,320.29,422.39,435.16,10159.25,13870.61,15044.27
20101013,322.14,423.61,437.17,10192.16,13916.04,15112.7
20101014,327.27,429.79,443.14,10241.34,14011.04,15229.72
20101015,326.21,428.17,441.99,10179.41,13947.72,15187.69
20101018,325.24,427.58,441.53,10142.2,13926.24,15298.79
20101019,328.24,431.1,445.65,10273.44,14038.7,15374.31
20101020,319,421.16,436.16,10119.71,13831.83,15103.72
20101021,323.07,425.72,440.14,10219.66,14022.17,15247.6
20101022,321.52,424.26,437.89,10211.35,14048.09,15279.35
20101025,323.67,426.79,441.17,10230.17,14081.55,15324.02
20101026,325.91,429.35,444.24,10242.05,14125.85,15367.37
20101027,325.61,428.63,444.1,10223.43,14134.02,15378
20101028,323.25,426.02,443.45,10227.7,14094.59,15335.14
20101029,321.23,423.52,442.42,10232.92,14134.04,15337.78
20101101,324.74,426.79,444.72,10247.34,14133,15344.79
20101102,322.56,424.05,441.24,10237.63,14140.77,15360.77
20101103,329.09,432.78,449.07,10297.74,14262.43,15484.02
20101104,330.17,434.52,451.19,10374.59,14302.05,15533.69
20101105,340.28,446.58,460.04,10629.73,14585.05,15779.98
20101108,342.34,448.66,461.52,10716.09,14673.07,15794.78
20101109,342.83,448.54,463.25,10689.31,14641.79,15778.9
20101110,338.03,442.13,457.99,10600.4,14524.14,15671.09
20101111,343.42,447.31,463.15,10674.15,14577.8,15736.44
20101112,342.27,445.44,459.41,10689.77,14557.5,15649.9
20101115,335.71,437.86,452.41,10564.94,14403.12,15421.49
20101116,335.3,438.91,452.85,10577.35,14392.78,15388.56
20101117,328.37,431.44,444.58,10417.9,14203.72,15143.22
20101118,330.97,432.49,445.53,10413.09,14236.37,15151.05
20101119,337.5,440.74,452.97,10538.97,14456.26,15401.97
20101122,339.18,442.95,453.48,10565.64,14505.99,15438.06
20101123,340.31,443.95,455.27,10523.91,14478.3,15462.34
20101124,336.13,439.97,450.28,10349.53,14280.8,15244.03
20101126,344.54,449.83,460.01,10514.07,14498.46,15477.53
20101129,342.66,447.51,458.28,10440.61,14383.22,15377.33
20101130,342.96,447.23,457.37,10420.86,14365.19,15346.53
20101201,341.13,443.5,454.91,10347.4,14353.68,15264.97
20101202,349.06,454.02,464.16,10600.56,14663.77,15565.88
20101203,354.99,458.19,467.79,10780.27,14852.92,15734.35
20101206,358.11,461.2,470.95,10841.2,14899.56,15770.97
20101207,360.32,463.92,473.66,10836.72,14877.5,15757.62
20101208,361.36,465.76,475.78,10827.74,14911.8,15748.3
20101209,361.06,466.6,475.8,10911.47,14936.13,15802.73
20101210,364.7,469.08,477.25,10990.55,14989.18,15860.05
20101213,368.63,474.1,482.28,11069.37,15087.76,15950.27
20101214,366.52,472.29,478.01,11051.21,15087.48,15940.74
20101215,366.44,472.54,477.47,11041.72,15118.16,15951.11
20101216,365.24,470.35,475.5,10977.65,15026.55,15892.07
20101217,370.65,475.43,480.41,11030.7,15126.52,16000.81
20101220,373.41,475.54,482.09,11046.07,15156.62,16006.6
20101221,375.29,477.16,483.1,11087.86,15176.1,16045.79
20101222,381,480.09,488.13,11181.58,15275.48,16129.65
20101223,381.62,480.63,488.68,11258.03,15310.31,16167.32
20101227,381.43,479.74,488.38,11226.95,15288.79,16141.69
20101228,383.15,481.88,489.84,11245.54,15303.67,16137.69
20101229,380.9,480.4,488.26,11242.66,15320,16137.05
20101230,382.11,481.44,489.13,11240.98,15342.81,16163.28
20101231,382.01,481.09,489.67,11225.8,15340.61,16124.56
20110103,384.43,479.74,491.57,11223.83,15307.02,16106.13
20110104,392.87,488.31,500.06,11354.28,15465.49,16297.86
20110105,388.12,479.57,493.87,11331.18,15457.15,16259.47
20110106,393.2,485.18,499.98,11408.75,15510.55,16362.85
20110107,392.22,483.33,498.55,11392.29,15454.51,16359.85
20110110,390.61,480.14,496.5,11342.66,15428.32,16336.78
20110111,392.47,482.63,498.28,11349.52,15392.33,16344.63
20110112,394.57,485.16,500.47,11392.59,15462.92,16393.32
20110113,399.01,489.48,504.41,11524.38,15585.72,16528.6
20110114,399.01,489.12,502.34,11516.69,15571.83,16479.97
20110118,402.53,493.63,506.11,11600.85,15720.68,16582.53
20110119,402.31,494.1,506.69,11618.58,15737.22,16628.51
20110120,390.27,481.7,494.89,11447.19,15588.56,16434
20110121,385.69,477.33,489.07,11472.08,15591.85,16345.69
20110124,383.67,474.69,485.65,11504.25,15681.07,16307.82
20110125,387.86,478.74,488.66,11593.75,15767.69,16416.08
20110126,387.11,479.08,488.49,11580.07,15775.22,16419.78
20110127,395.06,487.17,497.43,11640.77,15858.87,16488.45
20110128,397.02,487.79,497.97,11646.95,15899.97,16541.47
20110131,386.41,474.99,486.2,11450.08,15638.2,16238.18
20110201,391.96,479.13,491.79,11471.33,15871.21,16355.58
20110202,402.05,490.15,501.87,11642.32,16152.39,16635.22
20110203,400.99,487.89,500.98,11633.46,16090.62,16597.44
20110204,403.05,488.91,501.85,11690.15,16126.89,16626.03
20110207,404.42,489.46,503.6,11725.12,16160.62,16686.22
20110208,409.38,494.54,508.23,11820.35,16285.06,16776.29
20110209,412.78,497.6,511.27,11877.43,16351.56,16852.33
20110210,410.53,495.4,508.21,11817.65,16298.81,16817.69
20110211,412.15,496.58,511.57,11849.76,16337.14,16800.84
20110214,416.8,503.36,515.86,11972.58,16414.25,16902.66
20110215,419.7,505.27,518.61,11978.72,16451.86,16964.33
20110216,417.04,501.95,515.37,11933.53,16364.25,16930.6
20110217,422.9,506.31,520.42,12016.95,16477.92,17019.88
20110218,426.93,510.78,522.54,12060.75,16533.09,17073.34
20110222,425.62,512.05,522.91,12141.63,16578.22,17064.55
20110223,411.95,498.65,510.15,11824.03,16260.98,16687.96
20110224,405.58,490.22,500.91,11711.3,16151.7,16585.51
20110225,408.38,492.48,504.83,11700.61,16134.77,16600.31
20110228,419.4,502.34,515.13,11864.24,16296.95,16780.41
20110301,423.41,505.77,516.1,11934.5,16340.19,16886.03
20110302,414.25,496.89,506.98,11767.54,16083.38,16666.58
20110303,416.94,500.23,508.2,11793.05,16142.23,16690.82
20110304,426.88,510.9,519.23,12001.48,16405.42,16993.6
20110307,424.96,508.09,517.38,11900.11,16277.88,16899.42
20110308,418.45,500.16,510.04,11761.07,16147.06,16785.82
20110309,424.29,509.09,516.84,11898.33,16311.68,16901.52
20110310,421.11,507.45,515.72,11863.75,16347.25,16855.08
20110311,409.09,493.25,503.83,11614.65,16028.85,16571.4
20110314,411.36,494.86,506.16,11726.47,16143.6,16664.63
20110315,409.52,491.58,504.09,11657.65,16046.51,16567.09
20110316,405.48,487.53,500.6,11543.09,15887.29,16368.31
20110317,401.02,481.56,494.79,11362.53,15583.58,16062.08
20110318,404,484,496.46,11495.48,15770.77,16251.55
20110321,408.42,489.76,501.39,11590.15,15839.62,16296.22
20110322,418.39,500.43,512.8,11747.75,16065.33,16567.39
20110323,416.46,498.06,510.72,11668.43,16014.28,16524.72
20110324,418.57,500.27,512.34,11705.09,16061.46,16575.37
20110325,423.25,503.89,515.35,11840.63,16205.19,16739.66
20110328,427.36,507.42,519.87,11862.5,16289.33,16789.09
20110329,425.73,505.13,518.91,11804.58,16238.62,16733.33
20110330,430.37,510.27,523.54,11900.87,16338.68,16855.22
20110331,435.49,516.71,529.93,12002.37,16464.24,16969.88
20110401,438.88,520.16,536.49,11984.19,16417.28,16974.43
20110404,440.34,524.21,538.56,12064.11,16522.96,17044.44
20110405,441.45,525.29,542.27,12072.37,16524.95,17060.89
20110406,444.32,527.65,544.82,12102.06,16540.94,17043.98
20110407,445.16,529.12,544.51,12147.15,16560.88,17075.56
20110408,442.78,527.23,542.6,12120.02,16520.87,17054.95
20110411,438.89,521.88,538.35,12029.9,16463.3,16991.67
20110412,433.29,516.7,534.56,11990.91,16396.29,16942.67
20110413,425.34,509.69,528.06,11920.55,16255.34,16812.6
20110414,426.6,509.05,530.18,11927.51,16256.9,16844.21
20110415,427.42,510.09,532.07,11894.98,16249.62,16852.35
20110418,431.51,514.47,537.23,11966.44,16347.85,16873.45
20110419,424.6,505.91,529.58,11798.38,16153.18,16712.36
20110420,426.63,507.23,529.56,11859.18,16252.05,16794.92
20110421,435.78,516.25,539.63,12025.68,16461.12,17052.06
20110425,440.5,519.61,544.75,12074.09,16577.58,17117.78
20110426,438.93,519.26,545.28,12049.53,16541.35,17105.74
20110427,443.82,524.78,549.18,12188.62,16696.95,17234.63
20110428,445.22,528.04,553.32,12235.83,16815.02,17351.78
20110429,445.41,529.12,556.18,12337.05,16870.15,17405.81
20110502,448.34,533.05,561.97,12371.62,16873.31,17501.46
20110503,442.73,525.83,556.65,12343.94,16831.86,17474.22
20110504,435.96,519.57,547.82,12278.36,16788.31,17383.99
20110505,428.93,512.58,541.47,12184.42,16646.65,17290.57
20110506,427.72,509.4,539.58,12114.11,16489.45,17138.6
20110509,430.27,511.85,543.05,12157.03,16554.81,17224.2
20110510,436.13,517.28,549.57,12193.58,16624.01,17330.17
20110511,441.15,525.92,557.52,12288.88,16762.68,17463.94
20110512,431.51,517.07,549.53,12164.82,16559.69,17333.21
20110513,434.5,521.25,553.4,12210.35,16631.46,17433.89
20110516,428.22,513.51,546.48,12078.81,16500.72,17294.23
20110517,420.65,505.4,537.76,12011.88,16406.63,17151.52
20110518,418.25,504.46,536.51,12001.7,16369.24,17155.66
20110519,425.85,510.4,545,12133.12,16525.62,17305.18
20110520,426.18,511.71,545.86,12143.51,16580.82,17329.83
20110523,423.76,508.06,541.81,12040.91,16457.11,17206.14
20110524,415.12,499.25,532.46,11872.45,16242.41,17012.78
20110525,413.65,497.6,529.59,11835.57,16230.8,16991.98
20110526,420.69,504.22,536.58,11871.36,16281.26,17100.25
20110527,426.06,509.06,541.2,11920.38,16355.04,17176.38
20110531,428.91,512.83,544.85,11992.48,16430.81,17240.96
20110601,436.88,521.78,554.74,12116.07,16579.56,17385.48
20110602,422.24,506.6,538.14,11778.08,16214.25,17037
20110603,422.05,506,538.17,11759.1,16214.16,17070.95
20110606,416.07,497.23,530.11,11613.53,16055.8,16885.43
20110607,407.71,491.17,521.75,11485.47,15873.24,16694.24
20110608,408.57,491.49,523.4,11488.53,15855.27,16677.89
20110609,403.44,485.84,516.86,11376.31,15787.64,16612.08
20110610,406.95,489.75,519.68,11466.04,15919.88,16719.52
20110613,400.19,482.53,512.58,11309.16,15713.31,16483.04
20110614,396.67,482.08,511.74,11300.28,15717,16493.05
20110615,406.51,492.05,522.39,11464.38,15911.01,16701.75
20110616,398.31,481.31,513.41,11252.07,15644.48,16413.8
20110617,398.06,482.65,514.24,11242.43,15678.52,16429.26
20110620,397.89,483.08,513.41,11282.9,15746.35,16445.99
20110621,401.18,487.77,517.85,11332.47,15877.09,16577.16
20110622,411.85,498.64,530.46,11500.91,16106.85,16810.93
20110623,409.3,494.71,526.9,11448.51,16001.58,16700.87
20110624,411.19,496.02,528.79,11425.75,15951.4,16693.49
20110627,407.48,493,526.24,11283.52,15771.06,16501.79
20110628,410.41,498.08,532.35,11364.33,15905.09,16704.72
20110629,418.46,506.32,540.84,11476.61,16109.05,16944.33
20110630,421.28,507.65,542.02,11605.28,16239.05,17068.32
20110701,335.91,591.08,552.47,14568.61,15522.92,16924.89
20110705,341.38,599.66,560.12,14782.54,15795.47,17154.56
20110706,340.34,599.59,561.57,14743.09,15750.11,17188.04
20110707,341.76,600.77,563.54,14794.8,15762.03,17225.86
20110708,347.33,609.54,572.22,14882.62,15916.63,17458.65
20110711,344.45,605.03,568.49,14787.61,15785.33,17364.46
20110712,336.48,593.4,555.93,14530.13,15480.8,17059.97
20110713,335.54,591.9,552.59,14487.61,15398.19,16980.62
20110714,338.79,596.54,558.62,14533.22,15451.98,17059.24
20110715,333.76,586.92,549.9,14440.6,15352.09,16909.85
20110718,335.31,590.71,552.6,14439,15380.89,17161.87
20110719,329.65,581.9,544.32,14280.05,15218.76,17055.67
20110720,336.76,594.38,556.21,14466.44,15456.34,17389.59
20110721,336.33,593.02,553.51,14469.8,15463.25,17341.37
20110722,339.48,599.82,559.58,14679.58,15714.86,17502.46
20110725,338.68,597.93,561.72,14661.42,15689,17584.97
20110726,334.46,591.27,554.44,14527.2,15611.39,17477.96
20110727,332.48,584.84,550.58,14435.23,15529.13,17430.35
20110728,323.19,568.6,534.05,14162.46,15242.08,17012.1
20110729,322.15,567.71,533.7,14073.2,15180.15,16995.05
20110801,321.9,566.94,532.08,13969.45,15054.12,16868.47
20110802,320.45,563.97,529.15,13899.26,14989.22,16818.93
20110803,309.72,547.29,512.46,13513.18,14595.22,16390.43
20110804,311.37,552.27,516.28,13570.83,14653.94,16510.89
20110805,291.75,523.59,485.25,12921.98,13943.66,15662.89
20110808,286.7,517.5,476.84,12902.95,13926.47,15601.11
20110809,260.29,473.28,436.4,12046.23,12933.89,14572.86
20110810,276.49,502.52,462.52,12605.41,13566.92,15290.03
20110811,261.13,476.02,441.25,12093.37,12943.6,14664.11
20110812,275.36,499.69,463.91,12626.74,13552.86,15362.88
20110815,275.12,499.1,466.35,12695.84,13622.35,15464.32
20110816,283.48,512.7,480.05,13004.32,13937.75,15762.35
20110817,278.11,503.99,470.2,12922.79,13796.9,15572.15
20110818,278.2,502.96,468.62,12962.36,13800.08,15538.55
20110819,262.43,475.44,441.63,12408.27,13241.06,14741.21
20110822,258.09,468.11,434.44,12264.62,13027.34,14494.24
20110823,257.45,468.04,433.82,12287.73,12992.23,14513.14
20110824,268.73,489.21,455.11,12685.82,13383.01,15105.43
20110825,273.33,497.07,459.72,12859.09,13619.16,15246.66
20110826,266.66,484.57,447.53,12627.22,13455.96,14963.01
20110829,272.92,495.89,458.79,12784.8,13641.15,15290.9
20110830,286.96,518.85,479.16,13161.19,14050.06,15737.25
20110831,288.43,520.79,482.11,13212.51,14066.26,15795.3
20110901,287.92,520.3,480.64,13212.56,14110.83,15866.18
20110902,280.27,507.38,469.88,13061.88,13917.27,15681.54
20110906,270.53,488.8,453.88,12744.24,13528.73,15301.51
20110907,269.2,486.13,451.95,12655.06,13408.59,15205.95
20110908,280.61,505.96,469.84,13027.05,13787.77,15670.03
20110909,274.64,495.82,460.62,12879.1,13603.79,15530.43
20110912,266.41,482.45,445.86,12553.44,13231.64,15128.72
20110913,268.54,485.64,449.02,12617.2,13298.17,15268.04
20110914,273.1,493.81,458.15,12764.48,13429.41,15419.87
20110915,277.63,500.23,466.96,12931.72,13617.52,15649.77
20110916,281.4,506.97,471.72,13117.38,13864.77,15906.84
20110919,281.14,507.57,472.48,13198.79,13918.11,15994.1
20110920,275.72,500.05,464.39,13055.89,13791.54,15873.57
20110921,270.77,491.01,456.43,13054.01,13754.59,15787.48
20110922,261.06,472.55,442.03,12663.73,13326.56,15376.7
20110923,252.54,458.62,427.38,12328.23,12892.33,14817.95
20110926,256.43,465.03,433.75,12424.01,12994.72,14891.24
20110927,261.48,475.79,440.97,12717.78,13315.77,15292.38
20110928,266.89,485.78,451.02,12853.58,13473.32,15467.26
20110929,255.97,466.78,433.24,12604.06,13161.23,15137.82
20110930,260.82,475.89,437.64,12721.01,13302.93,15176.18
20111003,251.85,461.79,425.16,12432.14,12938.56,14744.72
20111004,238.3,439.39,402.17,12069.99,12572.01,14304.91
20111005,253.23,465.78,427.2,12304.35,12894.22,14649.02
20111006,257.48,473.16,433.91,12494.74,13104.17,14981.87
20111007,263.34,483.4,443.93,12730.65,13401.29,15217.35
20111010,256.2,472.39,433.47,12655.7,13285.53,15074.61
20111011,266.84,492.19,450.66,13038.07,13728.57,15620.06
20111012,268.97,495.29,453.95,13012.78,13730.59,15667.47
20111013,273.9,503.36,461.32,13147.1,13896.38,15793.7
20111014,273.47,501.14,461.36,13110.94,13800.36,15827.27
20111017,277.79,510.91,470.09,13265.35,14044.4,16150.3
20111018,268.13,493.96,454.41,13017.59,13760.47,15839.91
20111019,277.13,509.59,466.72,13289.69,14051.85,16143.87
20111020,272.05,500.29,455.51,13144.68,13893.46,15883.49
20111021,273.29,501.97,456.52,13196.37,13991.98,15916.19
20111024,279.03,513.02,465.67,13426.41,14296.43,16190.73
20111025,288.19,528.88,481.6,13562.73,14485.79,16474.4
20111026,279.13,514.4,466.41,13288.24,14198.21,16127.47
20111027,284.95,523.67,475.78,13468.28,14363.98,16252.48
20111028,299.63,550.58,500.01,13886.37,14878.72,16799.07
20111031,298.71,546.89,498.37,13846.18,14864.07,16845.57
20111101,291.4,533.67,485.35,13553.01,14422.22,16387.57
20111102,280.96,514.24,468.9,13197.42,14003.18,15931.59
20111103,288.49,527.15,478.56,13372.1,14233.44,16218.13
20111104,296.73,540.59,489.18,13585.87,14482,16575.46
20111107,295.12,537.07,485.82,13505.65,14395.15,16504.28
20111108,295.68,537.29,483.46,13595.48,14491.9,16592.49
20111109,299.72,543.7,489.63,13729.07,14668.12,16790.92
20111110,285.81,518.37,466.35,13266.3,14107.46,16159.49
20111111,289.09,524.05,470.12,13426.92,14230.07,16283.23
20111114,296.17,536.71,482.18,13656.84,14522.41,16599.87
20111115,291.4,528.91,475.74,13521.04,14386.89,16470.21
20111116,295.17,535.94,481.73,13564.25,14443.27,16571.94
20111117,290.27,525.75,472.83,13339.71,14188.25,16317.4
20111118,285.9,518.21,465.54,13173.31,13979.82,15980.02
20111121,286.76,519.75,464.03,13194.79,14008.81,15901.06
20111122,280.46,507.78,453.06,12948.04,13761.26,15609.8
20111123,277.74,503.85,449.92,12893.15,13682.09,15574.91
20111125,269.61,489.55,436.35,12625.44,13400.12,15199.69
20111128,266.64,484.15,430.8,12614.94,13396.84,15108.67
20111129,278.64,505.22,451.74,12947.26,13797.17,15612.62
20111130,277.66,504.15,450.03,13025.27,13826.51,15610.85
20111201,293.47,532.08,476.28,13472.18,14368.98,16217.24
20111202,291.55,527.46,472.75,13429,14329.14,16212.51
20111205,294.46,530.02,475.32,13416.6,14396.31,16176.73
20111206,298.26,537.25,483.15,13503.26,14563.19,16366.53
20111207,298.06,537.87,482.6,13598.12,14563.52,16359.5
20111208,298.68,537.98,481.3,13634.83,14605.11,16348.17
20111209,289.64,521.73,465.54,13341.54,14264.98,16018.63
20111212,298.26,536.93,481.18,13569.82,14497.22,16341.46
20111213,293.79,529.36,473.18,13406.34,14313.79,16082.45
20111214,287.45,519.39,463.62,13307.51,14163.19,15913.66
20111215,284.03,511.99,456.07,13226.37,14012.68,15659.04
20111216,287.09,517.81,459.66,13332.34,14078.19,15654.67
20111219,289.66,520.65,463.5,13373.94,14120.06,15748.48
20111220,283.22,511.92,455.29,13242.17,13924.67,15549.94
20111221,294.6,532.26,473.55,13608.07,14338.45,16043.36
20111222,296.51,535.12,473.28,13725.88,14400.08,15984.03
20111223,299.36,538.59,477.59,13828.48,14519.08,16118.99
20111227,300.38,540.88,478.66,13932.67,14659.16,16259.9
20111228,300.97,543.1,481,13920.41,14650.83,16278.44
20111229,295.91,532.03,470.55,13759.14,14462.23,16053.72
20111230,300.25,539.96,477.16,13900.44,14634.35,16216.34
20120103,300.49,535.86,479.54,13838.87,14535.41,16148.15
20120104,306.31,543.15,486.3,13997.4,14733.64,16443.34
20120105,304.57,540.62,482.7,13988.4,14728.24,16470.23
20120106,306.77,543.26,486.15,14051.74,14781.61,16527.72
20120109,306.19,541.6,485.52,14019.8,14726.7,16515.5
20120110,309.14,543.25,488.11,14065.54,14769.78,16546.22
20120111,313.93,550.07,495.16,14163.88,14940.42,16685.15
20120112,315.52,551.77,497.69,14206.99,14981.24,16654.93
20120113,317.51,554.42,500.64,14253.68,15036.47,16685.05
20120117,314.83,550.74,496.19,14199.96,14948.15,16604.3
20120118,314.94,551.06,496.44,14246.24,14959.67,16715.7
20120119,321.17,560.63,505.64,14363.82,15127.8,16952.95
20120120,322.62,562.54,508.46,14409.69,15190.43,17071.12
20120123,323.68,564.9,509.64,14397.75,15225.52,17043.15
20120124,322.46,564.32,508.48,14336.83,15244.41,17075.91
20120125,324.32,567.28,512.79,14311.75,15235.32,17069.39
20120126,327.34,572.63,517.87,14414.81,15344.5,17271.62
20120127,325.93,569.09,515.38,14318.51,15272.98,17148.7
20120130,328.85,573.21,519.99,14276.88,15269.16,17145.02
20120131,326.59,569.42,515.29,14236.32,15216.72,17112.65
20120201,326.21,571.5,514.65,14178.13,15228.87,17049.57
20120202,333.89,583.89,525.68,14326.06,15413.9,17172.06
20120203,336.38,586.65,528.8,14320.28,15414.74,17220.72
20120206,344.15,598.53,541.58,14496.85,15653.31,17494.59
20120207,343.27,595.94,540.19,14468.47,15623.68,17532.71
20120208,343.23,595.16,539.49,14506.01,15637.81,17573.98
20120209,344.12,596.51,539.91,14521.67,15691.12,17648.66
20120210,344.26,594.99,537.91,14533.04,15718.49,17702.14
20120213,339.7,587.45,531.31,14454.39,15623.42,17545.51
20120214,344.52,594.67,538.21,14559.38,15744.5,17687.08
20120215,340.49,591.89,535.77,14544.45,15719.82,17691.93
20120216,337.88,587.77,532.26,14492.96,15627.4,17597.88
20120217,344.13,599.76,542.33,14646.26,15794,17839.8
20120221,344.61,600.45,541.16,14687.88,15853.29,17876.15
20120222,342.55,597.8,536.98,14642.63,15811.24,17947.92
20120223,339.3,592.6,533.55,14594.53,15748.66,17888.11
20120224,345.05,600.03,540.97,14668.66,15814.31,18017.77
20120227,343.91,598.39,539.57,14696,15799.31,18094.44
20120228,344.3,598.9,539.39,14710.7,15844.5,18100.83
20120229,343.26,597.35,537.37,14744.18,15886.45,18179.29
20120301,339.18,591.11,530.05,14665.62,15771.49,18111.39
20120302,340.91,594.47,533.1,14733.87,15884.71,18231.42
20120305,335.95,584.92,524.1,14716.57,15825.86,18145.05
20120306,336.25,586,523.95,14694.84,15769.79,18028.22
20120307,329.2,575.23,513.12,14452.62,15521.67,17783.24
20120308,333.31,581.15,519.02,14549.1,15658.17,17900.71
20120309,338.43,588.38,526.27,14690.73,15829.68,18077.56
20120312,342.58,596.29,533.54,14758.17,15904.48,18135.54
20120313,341.71,594.43,531.62,14766.07,15880.32,18134.74
20120314,349.12,606.86,542.69,15026.06,16192.53,18465.38
20120315,346.51,601.49,537.43,15023.06,16130.87,18451.49
20120316,350.66,607.03,542.85,15104.09,16274.8,18533.07
20120319,349.66,606.72,542.21,15091.27,16279.61,18566.93
20120320,353.07,610.91,547.33,15094.74,16320.51,18685.29
20120321,350.33,605.15,542.02,15066.31,16247.78,18625.85
20120322,351.2,605.01,543.38,15083.05,16205.85,18600.3
20120323,347.53,598.75,538.77,14988.56,16081.19,18464.97
20120326,350.38,605.53,544.34,15004.47,16157.49,18523.02
20120327,356.76,616.87,554.95,15197.76,16378.46,18802.97
20120328,353.87,612.9,551.79,15166.95,16342.78,18769.35
20120329,353.23,610.3,547.07,15097.68,16263.65,18655.8
20120330,352.65,608.95,545.08,15075.4,16238.77,18624.36
20120402,353.74,608.83,546.79,15127.74,16355.87,18664.7
20120403,357.49,615.24,553.74,15147.95,16470.33,18832.09
20120404,355.44,612.22,549.2,15137.52,16383.14,18780.24
20120405,349.24,602.47,539.4,15044.76,16212.07,18541.81
20120409,349.06,600.74,538.56,15001.07,16192.38,18568.08
20120410,343.99,590.73,526.28,14802.51,16001.55,18370.36
20120411,335.89,577.78,513.5,14592.78,15709.27,18038.61
20120412,341.6,586.56,522.87,14722.09,15862.59,18135.03
20120413,346.92,595.33,531.48,14885.51,16107.73,18399.39
20120416,341.4,586.23,523.52,14731.36,15917.12,18149.17
20120417,341.87,588.88,522.91,14749.29,15957.76,18054.56
20120418,347.05,597.74,531.67,14939.97,16173.34,18389.51
20120419,344.09,591.82,527.34,14872.49,16100.14,18336.57
20120420,342.17,588.65,524.91,14859.98,16002.99,18190.28
20120423,344.84,593.33,526.35,14940.5,16030.8,18145.94
20120424,340.82,584.3,519.07,14788.33,15851.03,18025.71
20120425,343.83,588.38,521.36,14912.03,15893.01,18017.66
20120426,349.46,597.97,531.34,15049.11,16037.27,18393.48
20120427,351.27,602.27,536.75,15164.75,16164.47,18516.53
20120430,354.92,607.75,540.6,15165.43,16204.31,18600.83
20120501,351.91,601.56,539.58,15155.87,16146.32,18459.33
20120502,347.83,600.69,538.17,15233.63,16251.5,18546.28
20120503,349.66,603.68,539.48,15243.75,16180.41,18520.21
20120504,344.49,594,531.2,15163.08,16047.14,18322.06
20120507,337.3,583.85,522.43,14965.21,15824.49,17966.67
20120508,338.44,586.22,522.42,14991.01,15838.53,17950.55
20120509,338.35,586.63,520.67,14943.75,15766.77,17861.29
20120510,336.91,583.14,517.55,14812.98,15641.57,17777.77
20120511,338.54,587.06,519.27,14926.04,15702.63,17757.73
20120514,337.64,584.96,518.5,14914.73,15610.85,17726.36
20120515,333.16,576.99,511.91,14776.05,15414.67,17523.68
20120516,332.41,577.04,511.03,14689.73,15339.82,17411.3
20120517,329.99,573.95,505.41,14692.41,15252.57,17307.56
20120518,322.16,562.56,494.46,14474.62,15047.42,17018.71
20120521,319.05,558.01,489.21,14419.92,14936.98,16846.11
20120522,326.26,568.51,501.39,14584.65,15127.5,17229.16
20120523,323.95,563.89,498.49,14573.48,15203.15,17203.76
20120524,326.62,566.89,502.2,14568.1,15239.77,17255.57
20120525,327.47,569.18,501.48,14657.37,15276.53,17225.49
20120529,327.73,569.09,501.94,14653.77,15254.03,17163.71
20120530,332.59,576.12,508.71,14790.89,15428.26,17373.83
20120531,325.51,566.37,500.04,14601.37,15191.11,17121.82
20120601,327.67,567.44,501.25,14589.89,15103.39,17066.09
20120604,316.75,551.77,484.96,14224.82,14724.55,16628.31
20120605,316.17,551.66,486,14196.39,14679.49,16674.39
20120606,319.57,556.52,492.01,14284.73,14793,16803.54
20120607,327.7,570.39,504.09,14573.5,15133.53,17198.8
20120608,326.39,567.35,501.21,14583.37,15133.89,17169.57
20120611,330.23,573.32,506.77,14719.29,15267.69,17290.64
20120612,322.96,561.68,495.14,14568.49,15062.62,17032.83
20120613,327.89,568.35,501.99,14722.19,15246.38,17224.86
20120614,324.21,561.27,496.28,14608.63,15150.54,17073.43
20120615,329.16,568.32,502.34,14801.86,15320.36,17197.83
20120618,332.69,573.7,509.68,14887.42,15476.25,17420.03
20120619,333.28,574.46,511.6,14901.68,15490.51,17476.37
20120620,338.82,584.47,521.55,15021.97,15642.62,17683.72
20120621,338.51,582.73,520,14986.37,15616.3,17671.28
20120622,330.59,568.39,506.91,14740.01,15286.52,17192.59
20120625,335.59,575.45,515.02,14861.9,15371.4,17335.17
20120626,330.93,565.45,506.78,14649.94,15133,17023.59
20120627,332.74,567.72,509.34,14725.2,15202.18,17121.5
20120628,337.43,575.16,516.78,14860.43,15336.35,17265.52
20120629,337.89,575.95,514.56,14866.92,15303.43,17186.55
20120702,325.55,489.48,492.86,13025.58,17143.55,15010.58
20120703,328.72,494.66,496.72,13060.01,17190.93,15092.82
20120705,332.43,501.48,505.02,13158.33,17276.94,15298.12
20120706,331.8,501.49,504.89,13071.65,17205.59,15271.79
20120709,328.22,495.8,496.28,12962.6,17072.73,15056.91
20120710,326.56,493.44,493.81,12930.03,17041.42,15025.49
20120711,322.99,489.33,486.48,12820.54,16945.37,14851.22
20120712,321.46,489.12,485.35,12817.08,16952.65,14806.5
20120713,319.84,487.89,483.59,12754.13,16883.73,14704.85
20120716,324.06,495.29,490.78,12985.5,17146.9,14946.11
20120717,322,491.75,489.12,12978.66,17086.51,14900.69
20120718,322.63,493.01,490.06,13109.4,17193.55,14999.42
20120719,324.05,497.31,494.64,13130.82,17302.72,15161.66
20120720,322.49,495.13,494.65,13102.07,17320.47,15301.41
20120723,318.55,488.04,486.75,12980.43,17154.93,15115.56
20120724,313.97,481.16,477.18,12875.03,16993.66,14952.05
20120725,309.31,474.71,469.94,12745.22,16851.91,14786.61
20120726,309.77,476.01,472.32,12761.11,16868.87,14738.33
20120727,312.76,479.45,475.98,12990.35,17135.5,14958.43
20120730,320.03,491.25,489.27,13252.33,17409.24,15302.66
20120731,319.23,488.77,485.13,13237.48,17400.29,15281.52
20120801,318.12,486.8,483.35,13158.78,17333.29,15233.8
20120802,312.3,478.64,472.73,13155.25,17263.22,15170.82
20120803,310.69,476.44,469.3,13068.56,17132.4,15069.99
20120806,318.98,489.37,481.83,13309.15,17491.09,15379.46
20120807,321.95,492.68,488.43,13375.06,17500.81,15458.15
20120808,324.79,496.94,494.9,13422.93,17579.61,15610.59
20120809,325.33,496.73,493.43,13458.59,17600.03,15593.08
20120810,326.12,498.49,497.37,13469.22,17582.87,15670.67
20120813,326.01,497.46,496,13491.28,17621.29,15701.22
20120814,325.45,496.79,494.04,13459.26,17583.83,15704.55
20120815,324.06,494.73,490.99,13482.22,17615.78,15690.07
20120816,327.24,499.38,496.04,13516.05,17636.2,15731.12
20120817,331.38,504.12,502.52,13589.79,17746.59,15873.78
20120820,334.27,508.77,506.69,13601.36,17776.27,15936.88
20120821,333.1,507.46,503.11,13605.54,17761.08,15940.29
20120822,332.39,507.01,502.78,13558.08,17708.27,15879.01
20120823,330.61,504.16,501.09,13536.97,17696.54,15923.99
20120824,327.82,499.82,496.84,13445.73,17560.36,15789.2
20120827,329.31,501.09,498.66,13551.4,17663.44,15874.23
20120828,329.8,501.13,498.99,13516.68,17648.4,15886.57
20120829,331.95,502.85,501.71,13502.2,17635.13,15895.83
20120830,333.22,505.82,503.87,13540.99,17649.37,15902.5
20120831,328.95,501.19,497.65,13469.19,17524.48,15736.5
20120904,331.16,503.29,502.38,13465.86,17543.25,15844.69
20120905,334.19,508.46,507.16,13473.81,17544.31,15832.31
20120906,333.85,508.21,506.57,13468.86,17536.11,15809.04
20120907,341.62,519.41,517.29,13765.57,17871.63,16152.52
20120910,344.27,522.16,520.21,13824.91,17937.21,16243.24
20120911,343.09,521.02,517.91,13762.52,17875.52,16073.55
20120912,344.92,522.83,520.63,13831.08,17917.45,16105.37
20120913,346.81,524.29,523.43,13872.81,17933.55,16167.18
20120914,351.57,530.73,531,14085.33,18223.34,16408.75
20120917,356.23,535.39,537.62,14118.47,18273.79,16564.57
20120918,353.29,530.94,534.01,14050.59,18194.92,16516.69
20120919,352.66,529.74,532.25,14020.54,18178.66,16488.58
20120920,353.63,530.46,532.77,14089.69,18210.42,16494.36
20120921,352.34,527.67,529.78,14097.1,18191.88,16461
20120924,354.57,530.46,531.98,14117.72,18177.16,16464.32
20120925,353.78,530.22,528.51,14093.13,18173.78,16357.87
20120926,348.18,523.46,519.65,13960.16,18017.04,16112.79
20120927,345.72,521.08,515.81,13882.19,17938.36,15984.38
20120928,349.99,526.05,523.29,14015.47,18060.32,16204.74
20121001,347.9,522.85,521.44,13932.69,18057.75,16112.59
20121002,348.69,526.08,522.3,13986.03,18125.17,16188.36
20121003,347.92,526.55,521.94,14017.03,18126.65,16218.4
20121004,347.73,524.9,520.99,14132.89,18183.54,16253.96
20121005,350.92,529.07,524.34,14251.12,18334.65,16351.37
20121008,351.11,528.99,521.87,14328,18358.56,16275.46
20121009,349.6,526.88,519.13,14276.11,18334.61,16168.07
20121010,343.92,520.25,512.7,14136.13,18166.36,15967.52
20121011,343.19,519.74,510.88,14060.87,18069.78,15842.74
20121012,345.65,521.62,513.11,14064.34,18082.4,15854.14
20121015,342.76,516.78,509.39,13990.1,18027.31,15826.14
20121016,345.33,520,512.58,14152.21,18155.73,15938.38
20121017,346.71,523.48,517.92,14283.38,18299.46,16165.5
20121018,350.33,527.99,521.67,14403.09,18360.35,16227.12
20121019,348.38,524.78,517.56,14410.99,18337.68,16107.34
20121022,342.46,514.47,506.08,14166.02,18093.42,15764.49
20121023,342.49,514.18,505.16,14140.82,18082.46,15803.94
20121024,340.58,511.45,503.14,13953.68,17838.53,15578.45
20121025,339.59,510.16,500.47,13936.26,17776.77,15541.34
20121026,340.34,513.71,502.88,13952.96,17857.42,15544.75
20121031,340.04,511.16,501.14,13909.86,17833.43,15583.37
20121101,342.1,515.86,505.46,13754.42,17861.19,15529.4
20121102,348.09,522.01,513.14,13925.17,18042,15742.89
20121105,343.31,515.53,503.11,13816.35,17871.33,15553.3
20121106,345.49,518.44,506.49,13846.58,17874.31,15640.35
20121107,348.82,522.99,510.92,13970.48,18022.6,15739.99
20121108,339.37,509.96,497.05,13614.38,17628.27,15343.28
20121109,334.87,503.53,488.73,13478.1,17421.86,15118.9
20121112,335.36,503.96,490.17,13513.36,17418,15172.32
20121113,335.04,503.41,489.16,13511.25,17420.42,15177.13
20121114,333.59,500.41,485.58,13475.16,17361.59,15084.59
20121115,327.15,492.16,476.56,13234.13,17147.82,14867.46
20121116,325.09,489.58,474.36,13212.56,17122.94,14811.69
20121119,327.88,492.57,476.91,13294.31,17213.92,14894.93
20121120,335.29,502.24,487.81,13562.21,17543.64,15241.89
20121121,335.63,502.64,488.21,13598.5,17570.32,15229.05
20121123,337.87,505.64,491.58,13654.92,17604.2,15279.11
20121126,341.93,510.98,497.08,13822.79,17827.15,15485.55
20121127,343.05,512.23,499.34,13763.62,17773.48,15509.39
20121128,343.02,511.67,498.25,13686.17,17690.23,15445.68
20121129,345.41,514.29,503.3,13805.07,17815.57,15587.59
20121130,349.52,519.49,509.81,13854.08,17897.38,15674.09
20121203,350.64,519.31,509.46,13835.34,17878.07,15663.78
20121204,349.42,517.98,507.89,13765.83,17779.93,15605.81
20121205,350.21,518.63,507.95,13745.41,17748.45,15569.2
20121206,349.17,515.96,506.59,13865.45,17803.95,15494.96
20121207,349.17,516.3,507.03,13896.15,17836.71,15560.18
20121210,349.31,516.11,507.11,13974.79,17921.78,15534.93
20121211,351.59,517.9,509,13956.62,17946.25,15550.26
20121212,355.53,523.29,514.5,14033.02,18058.66,15719.72
20121213,354.02,519.31,513.01,14068.38,18051.21,15703.91
20121214,352.67,517.09,509.61,13980.68,17962.46,15578.27
20121217,352.79,516.91,509,13954.93,17920.14,15463.67
20121218,355.86,523.82,515.82,14132.68,18102.51,15663.54
20121219,360.62,531.69,524.74,14246.75,18285.34,15919.61
20121220,360.4,530.13,524.55,14112.52,18159.85,15849.65
20121221,361.95,532.95,526.94,14197.71,18270.76,15897.83
20121224,360.42,530.42,524.25,14019.92,18121.21,15761.76
20121226,359.07,526.55,521.58,14003.16,18076.8,15754.43
20121227,356.86,523.37,518.44,13957,17990.98,15637.19
20121228,356.42,523.26,517.18,13926.99,17971.56,15625.52
20121231,354.49,521.08,514.15,13792.33,17783.47,15450.29
20130102,362.73,532.04,525.74,14041.34,17977.66,15821.09
20130103,373.78,546.19,540.65,14418.73,18398.65,16286.38
20130104,374.34,545.41,540.15,14406.58,18395.88,16231.18
20130107,377.44,549.25,545.63,14514.94,18517.56,16262.46
20130108,375.61,546.22,544.3,14476.34,18443.14,16233.64
20130109,375.14,544.88,542.57,14403.94,18449.65,16180.12
20130110,377.05,547.54,545.16,14415.74,18517.54,16246.05
20130111,377.46,548.46,546.65,14540.87,18649.97,16342.67
20130114,377.53,548.15,547.43,14524.99,18652.61,16350.97
20130115,378.55,547.56,546.86,14534.68,18664.98,16291.86
20130116,379.8,550.43,549.98,14580.35,18713.12,16272.41
20130117,379.19,548.27,548.74,14569.81,18691.46,16282.59
20130118,382.98,553.28,553.12,14634.51,18799.56,16389.01
20130122,384.13,554.7,555.19,14721.13,18862.68,16383.88
20130123,386.74,559.18,559.23,14813.55,18954.22,16440.21
20130124,386.14,557.22,558.13,14815.29,18959.35,16492.07
20130125,387.05,560.68,560.82,14890.42,19033.67,16373.04
20130128,389,562.61,564.71,14986.59,19130.36,16486.18
20130129,390.08,563.9,564.99,14939.41,19087.07,16488.74
20130130,390.06,565.07,563.94,15042.73,19157.17,16525.69
20130131,386.17,558.46,556.93,15033.87,19076.57,16496.12
20130201,392.36,562.51,559.71,14918.49,18950.77,16484.46
20130204,396.89,568.79,566.61,15088.43,19108.9,16663.63
20130205,391.58,560.91,559.49,14876.23,18931.78,16418.64
20130206,395.95,566.59,565.73,15048.02,19101.12,16628.53
20130207,397.92,569.27,568.66,15069.18,19145.3,16616.08
20130208,397.05,568.09,566.8,15036.08,19113.19,16589.91
20130211,399.23,571.65,571.41,15084.93,19201.8,16741.82
20130212,399.53,571.63,570.19,15098.41,19184.93,16711.35
20130213,401.86,575.06,572.45,15179.62,19217.92,16682.26
20130214,399.82,576.04,573.92,15226.18,19202.97,16721
20130215,401.24,573.79,577.52,15231.33,19201.59,16747.25
20130219,400.67,574.47,575.77,15210.81,19196.68,16700.88
20130220,406,580.19,580.75,15364.29,19308.06,16815.84
20130221,397.17,570.03,568.1,15136.85,19107.31,16540.14
20130222,393.35,566.13,558.81,15025.68,19026.24,16381.97
20130225,398.09,571.04,566.25,15170.33,19194.82,16530.41
20130226,388.45,559.31,554.22,14830.53,18879.52,16245.26
20130227,390.25,562.49,555.98,14955.42,18971.06,16340.87
20130228,394.41,567.65,562.6,15155.37,19222.49,16541.76
20130301,396.47,568.74,567.17,15063.44,19193.91,16522.55
20130304,397.39,570.64,569.48,15153.28,19241.3,16539.85
20130305,398.83,571.76,569.36,15282.53,19328.27,16591.83
20130306,403.91,577.99,575.88,15443.87,19491,16791.53
20130307,405.29,580.09,578.36,15492.47,19531.59,16776.9
20130308,408,582.43,581.53,15538.13,19560.79,16838.2
20130311,411.9,587.02,587.86,15638.64,19656.99,16900.53
20130312,413.19,586.78,588.22,15679.74,19727.41,16944.44
20130313,412.68,585.06,587.13,15650.77,19691,16891.57
20130314,414.81,588.45,588.04,15673.22,19736.86,16896.36
20130315,418.78,594.78,594.13,15758.7,19853.43,16974.01
20130318,418.52,594.62,593.22,15709.82,19824.69,16932.92
20130319,417.07,591.62,590.68,15629.63,19715.55,16859.64
20130320,416.39,590.94,587.43,15606,19690.13,16784.89
20130321,420.66,596.68,593.09,15770.18,19820.27,16891.42
20130322,417.78,592.22,588.76,15635.73,19668.35,16717.59
20130325,418.02,593.19,589.84,15722.57,19805.43,16834.26
20130326,418.27,593.7,589.16,15646.23,19761.61,16769.91
20130327,419.53,595.98,591.77,15755.55,19924.06,16892.62
20130328,419.46,595.91,592.68,15744.72,19917.92,16893.25
20130401,422.04,596.71,596.13,15805.51,20050.16,16946.99
20130402,416.19,589.39,585.71,15745.9,19982.48,16804.91
20130403,414.37,586.32,583.45,15811.12,20075.03,16856.66
20130404,407.65,577.79,573.38,15575.17,19877.62,16663.19
20130405,410.37,581.33,577.36,15675.01,19970.75,16677.32
20130408,409.7,579.16,575.48,15644.68,19883.37,16589.49
20130409,413.18,584.27,580.72,15777.69,20003.79,16688.56
20130410,412.84,582.75,582,15812.48,20044.98,16791.27
20130411,421.07,593.83,592.61,16032.76,20231.93,17056.94
20130412,422.98,594.91,592.43,16124.78,20313.67,17084.2
20130415,421.51,593.26,589.9,16089.03,20280.62,17004.23
20130416,403.23,572.05,564.73,15715.54,19828.85,16568.34
20130417,410.35,581.31,574.57,15961.04,20094.45,16826.63
20130418,403.44,571.1,564.53,15738.7,19863.83,16504.87
20130419,400.42,567.84,561.54,15634.24,19761.91,16324.74
20130422,405.6,575.18,566.06,15778.74,19943.97,16493.66
20130423,407.15,575.59,567.36,15818.56,19991.12,16648.14
20130424,415.23,584.86,576.44,16015.14,20182.11,16830.74
20130425,418.29,588.44,579.27,15982.6,20155.19,16894.55
20130426,421.16,591.96,583.58,16045.56,20246.49,16984.18
20130429,419.16,589.85,580.16,16024.77,20202.32,16952.48
20130430,421.68,594.23,584.57,16102.83,20315.18,17121.27
20130501,426.23,602.21,589.11,16038.26,20324.21,17242.52
20130502,416.32,587.82,575.45,15887.65,20111.9,17085.89
20130503,422.84,597.38,585.57,16029.71,20288.13,17304.54
20130506,429.58,607.66,596.61,16188.56,20474.49,17527.74
20130507,433.08,610.22,599.76,16242.51,20476.03,17600.08
20130508,435.53,616.03,602.9,16345.03,20649.78,17638.06
20130509,435.59,618.27,605.87,16419.72,20743.06,17706.91
20130510,434.8,615.77,604.04,16335.31,20638.21,17698.53
20130513,438.9,620.52,611.2,16430.74,20729.13,17789.88
20130514,439.42,618.8,610.36,16446.52,20712.67,17796.19
20130515,445.26,626.79,618.7,16657.38,20935.67,17950.09
20130516,447.52,629,620.95,16773.24,21068.44,17971.82
20130517,444.64,626.33,619.35,16638.88,20962.7,17899.05
20130520,450.27,633.44,626.29,16774.96,21173.99,18110.21
20130521,452.35,634.25,629.21,16734.08,21141.01,18127.83
20130522,452.61,635.83,628.65,16780.56,21185.17,18132.54
20130523,445.38,628.06,617.41,16660.21,21018.21,17931.47
20130524,447.07,628.87,620.12,16626.11,20969.83,17881.13
20130528,447.56,629.28,620.6,16604.92,20967.15,17856.25
20130529,453.91,638.06,630.25,16704.45,21117.73,17995.01
20130530,449.86,631.91,626.92,16566.94,20951.42,17909.65
20130531,454.45,637.36,632.83,16647.2,21030.62,18002.89
20130603,452.56,631.88,625.13,16351.45,20774.23,17819.27
20130604,453.95,637.88,628.77,16424.41,20890.18,17887.13
20130605,449.95,632.9,624.28,16339.12,20833.31,17781.95
20130606,443.21,624.43,615.91,16088.7,20541.1,17548.74
20130607,449.01,630.13,623.26,16271.34,20742.75,17630.79
20130610,454.11,635.21,629.7,16466.54,21021.57,17870.98
20130611,456.93,638.95,634.58,16478.49,21009.51,17873.2
20130612,451.47,632.63,627.37,16297.07,20817.94,17664.67
20130613,447.74,628.42,621.45,16153.73,20658.75,17499.21
20130614,456.44,638.39,630.87,16416.38,20944.17,17746.51
20130617,452.28,632.78,625.6,16314.08,20839.07,17627.75
20130618,454.88,636.97,631.28,16405.77,20977.48,17793.56
20130619,459.79,644.7,638.46,16546.98,21125.52,17933.59
20130620,454.58,637.51,632.33,16294.71,20839.55,17736.99
20130621,443.08,623.65,616.55,15862.8,20332.98,17312.47
20130624,444.09,626.64,617.86,15851.23,20420.54,17265.34
20130625,439.08,619.42,609.95,15609.58,20206.66,17060.38
20130626,444.27,626.83,616.88,15821.47,20376.82,17198.44
20130627,445.79,628.71,618.16,15969.03,20593.53,17336.83
20130628,453.24,638.57,627.96,16122.37,20729.15,17433.16
20130701,405.54,635.62,627.14,19673.72,18553.95,17006.02
20130702,411.43,644.23,635.09,19797.03,18648.99,17150.53
20130703,410.11,643.63,634.16,19786.62,18611.92,17184.42
20130705,411.05,645.35,635.27,19797.16,18620.66,17223.33
20130708,418.74,655.09,644.6,20015.67,18827.27,17394.31
20130709,420.37,657.22,647.81,20108.4,18956.94,17447.22
20130710,423.75,663.13,652.74,20259.15,19095.15,17574.77
20130711,425.57,664.22,654.3,20326.56,19082.87,17619.07
20130712,430.67,672.31,661.36,20553.29,19317.22,17896.27
20130715,432.84,674.6,661.57,20619.12,19366.13,17976.47
20130716,437.08,678.56,665.69,20615.06,19415.38,18002.01
20130717,435.95,676.25,661.75,20559.91,19325.05,17921.56
20130718,438.03,678.28,663.75,20595.97,19400.43,17964.17
20130719,442.02,684.48,666.98,20660.3,19566.57,18004.71
20130722,442.16,684.8,666.85,20770.97,19609.57,17933.05
20130723,444.33,687.09,668.69,20820.52,19637.19,17988.04
20130724,444.64,686.38,668.23,20820.3,19629.79,17908.07
20130725,442.1,681.76,661.93,20697.71,19533.41,17905.2
20130726,446.2,687.25,668.4,20756.45,19558.36,18044.02
20130729,443.15,682.66,665.69,20768.2,19557.92,18078.44
20130730,440.19,677.45,661.89,20688.45,19486.36,18024.23
20130731,441.75,679.09,662.57,20682.85,19482.71,18084.04
20130801,444.53,681.4,667.69,20589.62,19533.85,18058.05
20130802,451.63,691.17,678.39,20837.5,19815.48,18312.16
20130805,451.34,689.9,679.79,20917.23,19831.63,18356.32
20130806,453.23,691.86,682.64,20880.5,19802.06,18348.19
20130807,447.69,684.75,675.87,20767.78,19667.1,18222.99
20130808,443.63,680.93,669.16,20704.73,19562.62,18159.78
20130809,446.52,684.66,671.31,20817.94,19647.31,18231.8
20130812,445.32,682.56,671.18,20724.3,19587.21,18185.23
20130813,447.97,685.62,674.23,20691.79,19566.36,18195.83
20130814,447.67,685.6,673.55,20720.73,19594.31,18257.48
20130815,446.17,682.79,670.2,20610.32,19478.92,18174.36
20130816,437.72,671.02,657.89,20344.59,19173.57,17913.22
20130819,436.93,669.58,656.8,20271.5,19112.02,17888.9
20130820,431.82,664.14,650.29,20103.29,18989.98,17825.52
20130821,438.8,672.38,659.44,20194.92,19073.89,17903.99
20130822,435.94,667.37,656.1,20057.13,18932.58,17849.17
20130823,442.58,676.89,665.87,20198.57,19091.5,18038.65
20130826,442.8,676.76,667.65,20279.06,19122.9,18159.37
20130827,442.27,677.13,669.2,20173.15,19045.84,18138.65
20130828,430.06,660.37,653.49,19888.4,18729.43,17795.82
20130829,432.39,662.69,656.78,19951.64,18754.59,17874.33
20130830,436.76,668.33,664.28,19966.1,18798.47,17953.33
20130903,430.02,659.04,661.2,19773.71,18736.87,17860.68
20130904,433.23,661.27,666.36,19816.15,18822.88,17961.84
20130905,437.4,666,672.31,19985.11,18966.94,18112.04
20130906,439.89,667.97,674.6,19971.61,19007.22,18164.21
20130909,439.7,667.83,674.9,19964.26,18994.41,18179.28
20130910,446.63,676.54,686.35,20176.27,19174.12,18393.83
20130911,450.82,682.45,692.99,20338.16,19344.88,18518.08
20130912,449.95,683.24,693.28,20421.94,19477.14,18500.62
20130913,446.81,679.41,688.4,20334.28,19397.34,18476.28
20130916,449.81,682.98,691.11,20411.85,19458.5,18500.65
20130917,451.69,684.31,691.57,20546.05,19610.95,18516.15
20130918,455.75,690.46,699.12,20643.66,19680.22,18651.61
20130919,459.31,696.12,705.72,20851.74,19908.66,18866.51
20130920,458.6,694.89,706.28,20797.78,19849.8,18887.25
20130923,457.33,695.22,704.29,20618.39,19718.22,18786.52
20130924,455.85,695.23,702.37,20489.76,19603.44,18743.13
20130925,457.69,697.27,704.72,20470.42,19540.15,18732.52
20130926,457.38,696.19,705.5,20439.4,19497.74,18661.46
20130927,459.1,698.4,710.53,20500.14,19550.09,18776.06
20130930,456.77,697.04,707.85,20498.12,19461.47,18717.93
20131001,457.81,698.53,711.49,20343.54,19197.42,18615.3
20131002,463.67,705.69,721.16,20556.8,19329.12,18830.55
20131003,462.28,702.11,719.35,20532.34,19299.4,18828.61
20131004,457.94,693.99,712.52,20393.24,19143.98,18617.87
20131007,461.64,698.95,718.77,20529.35,19268,18786.18
20131008,456.04,691.09,708.87,20361.77,19085.79,18602.47
20131009,447.55,682.95,690.48,20119.06,18897.55,18258.34
20131010,446.16,682.46,685.55,20135.76,18912.78,18219.35
20131011,457.05,697.4,704.18,20535.79,19341.46,18625.93
20131014,462.74,707.29,713.71,20667.41,19452.16,18765.48
20131015,466.36,710.54,718.94,20751.51,19516,18868.3
20131016,462.07,703.99,712.19,20575.72,19361.16,18772.29
20131017,467.22,710.78,721.7,20846.42,19618.71,19046.1
20131018,470.81,716.77,728.3,21054.98,19727.85,19164.84
20131021,474.43,723.45,735.44,21176.07,19788.11,19412.41
20131022,473.22,722.61,734.01,21208.51,19768.44,19414.74
20131023,474.83,724.74,734,21335.71,19913.15,19462.7
20131024,473.91,721.64,729.3,21229.16,19805.85,19366.57
20131025,477.38,725.38,736.56,21294.7,19874.54,19458.89
20131028,477.76,727.52,734.03,21337.36,19938.77,19566.12
20131029,476.68,728.68,732.39,21363.1,19991.52,19545.69
20131030,478.78,731.02,735.71,21554.7,20094.51,19611.19
20131031,472.43,723.57,723.73,21439.03,19977.38,19502.15
20131101,471.66,722.17,722.62,21343.66,19902.66,19354.83
20131104,470.68,719.17,719.34,21404,19974.97,19368.61
20131105,474.87,726.29,729.43,21522.37,20045.9,19441.49
20131106,472.09,724.69,726.95,21449.77,19972.41,19438.3
20131107,467.92,723.5,721.6,21545.63,20051.07,19448.9
20131108,459.66,712.34,707.47,21246.98,19806.58,19104.54
20131111,469.83,726.77,722.66,21527.6,20091.05,19374.76
20131112,471.3,725.89,724.63,21539.26,20122.73,19391.65
20131113,471.8,727.07,724.91,21536.87,20063.5,19346.61
20131114,476.81,734.13,733.24,21755.94,20229.4,19538.86
20131115,477.13,734.55,731.17,21859.67,20297.38,19656.87
20131118,479.04,736.85,736.62,21984.27,20374.16,19730.04
20131119,474.22,734.84,728.73,21908.18,20315.06,19577.24
20131120,471.32,732.23,724.79,21846.58,20285.71,19499.45
20131121,470.98,732.24,723.51,21756.49,20208.28,19445
20131122,479.37,743.71,738.16,21899,20375.5,19657.25
20131125,482.03,746.75,741.97,21989.18,20473.77,19766.23
20131126,483.15,746.59,741.58,21981.15,20449.91,19729.52
20131127,487.34,752.33,749.78,21950.29,20441.84,19807.62
20131129,490.59,756.61,753.42,22004.41,20463.14,19888.12
20131202,493.72,758.19,759.55,21873.41,20417.55,19980.86
20131203,488.77,749.15,750.36,21815.11,20351.58,19955.92
20131204,486.6,745.11,746.69,21757.51,20255.38,19917.11
20131205,485.04,743.42,745.7,21739.43,20207.6,19929.35
20131206,484.51,744.06,748.41,21607.73,20110.52,19899.5
20131209,488.7,750.54,752.67,21897.65,20342.52,20038.94
20131210,487.64,748.71,751.32,22025.28,20367.78,20137.86
20131211,483.94,742.09,744.96,21942.3,20286.85,20102.57
20131212,476.5,732.57,731.23,21669.96,20065.59,19869.83
20131213,476.93,734.44,732.89,21615.82,19970.78,19838.13
20131216,478.8,737.25,734.82,21662.12,19981.78,19824.83
20131217,484.27,746.26,743.16,21789.6,20114.38,19948.85
20131218,484.11,744.6,739.97,21719.39,20048.66,19908.93
20131219,489.82,753.98,749.53,22102.45,20398.98,20157.17
20131220,487.71,748.12,746.59,22090.52,20401.03,20114.7
20131223,496.51,761.05,761.36,22142.05,20529.82,20310.75
20131224,502.15,768.58,771.14,22229.74,20629.6,20463.87
20131226,503.79,770.91,774.67,22320.36,20707.16,20494.21
20131227,504.22,771.6,775.5,22455.03,20794.21,20577.42
20131230,504.05,771.46,775.24,22464.11,20806.87,20521.53
20131231,504.46,770.26,775.88,22460,20838.29,20487.69
20140102,509.07,773.14,782.33,22493.43,20890.45,20572.26
20140103,505.04,764.83,772.44,22293.54,20705.66,20395.28
20140106,507.47,767.86,776.51,22299.62,20786.65,20329.53
20140107,503.66,761.15,771.08,22239.04,20734.48,20252.49
20140108,508.01,767.56,780.79,22363.78,20857.27,20425.57
20140109,509.56,766.13,783.13,22340.28,20853.51,20450.08
20140110,509.56,766.45,787.81,22270.1,20913.52,20431.4
20140113,511.8,769.45,796.74,22309.95,20984.86,20464.59
20140114,504.54,762.79,780.79,22066.04,20706.08,20170.57
20140115,511.46,771.18,790.88,22248.17,20899.07,20497.54
20140116,515.51,776.04,796.87,22337.41,21008.14,20603.32
20140117,516.03,774.46,799.36,22273.21,20968.33,20633.47
20140121,514.57,770.9,795.75,22153.99,20893.87,20548
20140122,518.25,776.22,801.35,22156.48,20908.9,20695.1
20140123,520.79,778.47,805.61,22144.01,20917.9,20753.83
20140124,515.97,773.09,798.46,21957.46,20705.98,20611.45
20140127,499.26,756.85,777.03,21507.2,20263.24,20159.02
20140128,492.23,748.59,763.58,21422.16,20217.96,19980.85
20140129,497.32,753.76,773.23,21618.04,20376.7,20065.46
20140130,489.21,743.6,762.04,21391.88,20187.21,19823.08
20140131,496.18,753.81,774.15,21556.44,20390.99,20166.13
20140203,492.71,750.37,769.52,21340.67,20251.22,20048.51
20140204,477.22,728.15,743.34,20828.7,19751.48,19578.29
20140205,482.03,732.23,749.33,21053.24,19898.62,19721.34
20140206,477.81,726.65,742.18,21001.35,19896.69,19634.25
20140207,481.6,733.78,749.31,21252.42,20167.19,19871.23
20140210,487.01,739,760.15,21482.82,20419.05,20191.63
20140211,488.67,739.78,762.48,21481.12,20442.78,20256.23
20140212,493.68,747.33,768.42,21712.18,20659.17,20493.72
20140213,495.45,749.13,770.6,21718.9,20668.58,20499.73
20140214,501.74,758.54,781.67,21821.25,20764.08,20705.07
20140218,502.09,760.47,781.25,21984.11,20871.11,20744.49
20140219,508.39,768.04,792.87,21986.87,20885.76,20826.49
20140220,503.48,759.53,784.1,21842.96,20726.68,20688.09
20140221,507.76,769,794.83,21990.89,20860.33,20819.18
20140224,508.54,770.62,797.68,21966.55,20836.1,20774.4
20140225,514.77,774.68,805.73,22107.58,20934.7,20936.36
20140226,515.08,773.46,805.39,22093.34,20903.71,20915.44
20140227,518.69,777.92,811.75,22116.78,20930.53,20899.66
20140228,521.71,782.89,817.2,22249.03,21018.47,21016.98
20140303,519.46,784.88,819.56,22550.92,21130.52,21052.91
20140304,517.43,780.23,813.17,22374.39,20985.26,20903.87
20140305,530.69,800.7,836.02,22715.04,21322.15,21228.28
20140306,530.37,798.43,836.89,22661.68,21352.41,21221.73
20140307,530.27,799.9,835.05,22733.06,21413.65,21208.41
20140310,530.4,802.33,833.49,22779.36,21454.42,21153.76
20140311,529.13,802.14,830.61,22733.87,21434.7,21151.15
20140312,522.84,794.3,819.43,22562.53,21328.81,21042.44
20140313,523.76,796.79,824.2,22516.56,21337.45,21108.07
20140314,516.75,787.45,812.86,22220.15,21121.63,20819.3
20140317,517.41,790.16,817.44,22217.2,21081.63,20739.28
20140318,520.63,794.54,821.57,22416.58,21275.02,20938.3
20140319,528.49,803.86,835.65,22585.35,21375.87,21175.67
20140320,524.36,799.19,830.11,22459.12,21253.61,21042.98
20140321,526.78,801.35,830.77,22602.94,21402.68,21108.82
20140324,523.61,800.7,823.88,22589.51,21357.57,20954.53
20140325,516.57,792.43,809.27,22485.34,21279.65,20775.47
20140326,516.12,793.28,807.91,22586.62,21351.57,20821.73
20140327,506.09,781.3,789.79,22461.61,21226.4,20576.84
20140328,504.11,778.23,788.02,22441.72,21187.18,20519.9
20140331,504.98,779.12,786.85,22560.68,21305.16,20571.84
20140401,519.13,795.32,805.72,22654.31,21498.64,20670.96
20140402,527.59,805.78,817.6,22787.62,21614.64,20937.47
20140403,529.29,808.65,821.22,22895.73,21662.85,20985.84
20140404,523.93,802.52,809.74,22872.56,21664.14,20867.35
20140407,509.96,786.47,788.64,22632.04,21456.37,20424.51
20140408,501.02,776.1,773.86,22347.79,21208.27,20175.38
20140409,504.87,778.18,779.78,22407.42,21285.76,20313.17
20140410,511.45,785.84,795.04,22630.56,21483.7,20636.15
20140411,496.71,767.06,768.44,22247.29,21069.25,20051.22
20140414,488.69,757.26,756.51,22039.95,20863.22,19830.16
20140415,488.86,760.39,758.82,22201.54,21009.07,20005.47
20140416,490.17,761.78,762.25,22289.71,21153.74,20148.15
20140417,496.57,768.84,771.55,22527.81,21348.44,20426.12
20140421,499.62,772.75,776.47,22631.92,21381.67,20434.85
20140422,500.48,776.48,780.96,22707.61,21448.47,20522.44
20140423,507.56,784.4,792.23,22813.45,21534.32,20655.69
20140424,504.19,779.17,784.67,22730.38,21546.42,20526.7
20140425,502.6,777.58,781.49,22731.08,21534.93,20621.58
20140428,493.15,765.85,762.9,22584.91,21401.57,20299.17
20140429,489.79,762.54,757.66,22680.53,21413.7,20343.6
20140430,491.1,764.09,763.26,22823.08,21496.29,20494.53
20140501,497.1,770.18,771.74,22991.56,21528.62,20035.86
20140502,495.47,767.97,773.74,22964.25,21512.76,20102.4
20140505,496.93,769.18,773.91,22962.27,21490.28,20075.94
20140506,495.78,766.71,772.07,22962.7,21478.69,20186.26
20140507,487.84,756.64,757.78,22732.39,21316.92,19953.55
20140508,487.78,759.48,751.89,22860.98,21502.65,19994.36
20140509,480.91,754.57,740.99,22865.13,21483.71,19892.57
20140512,484.98,761.42,746.66,22886.54,21505.45,19957.7
20140513,497.35,777.7,766.49,23095.56,21699.1,20240.74
20140514,493.15,770.2,757.9,23072.52,21706.61,20248.78
20140515,484.13,757.17,746.23,22949.54,21582.51,20158.27
20140516,479.74,753.36,741.78,22750.39,21395.64,19933.66
20140519,481.08,757.76,746.48,22847.9,21456.55,20015.89
20140520,488.33,765.78,755.19,22916.2,21532.01,20139.5
20140521,480.67,755.42,742.87,22735.39,21350.63,20032.83
20140522,483.36,758.31,747.76,22900.26,21517.75,20216.55
20140523,487.73,765.22,756.13,22947.91,21564.95,20300.73
20140527,492.81,773.11,764.03,23039.3,21649.62,20405.81
20140528,500.68,782.14,775.44,23124.74,21746.81,20603.21
20140529,498.9,779.05,772.88,23125.11,21731.99,20550.56
20140530,500.31,780.64,776.78,23226.37,21840.22,20696.42
20140602,497.78,779.95,773.86,23166.45,21858.01,20685.93
20140603,496.3,776.84,769.42,23201.42,21906.1,20674.59
20140604,494.64,774.93,768.38,23180.52,21888.34,20690.55
20140605,497.56,776.98,772.53,23186.95,21941.27,20768.72
20140606,507.79,792.16,787.43,23301.78,22079.31,20939.64
20140609,512.98,799.68,796.18,23414.2,22183.03,21045.03
20140610,519.68,807.79,808.22,23451.07,22210.68,21056.6
20140611,519.63,806.16,806.46,23449.92,22186.43,21071.22
20140612,516.63,800.95,804.45,23390.27,22084.18,21022.09
20140613,513.29,796.07,800.63,23228.64,21920.56,20863.29
20140616,514.96,795.38,805.36,23315.91,21962.27,20953.12
20140617,517.6,796.53,812.61,23332.72,21954.52,21015.17
20140618,523,802.88,820.02,23379.41,22033.27,21066.64
20140619,525.5,806.64,824.88,23496.1,22228.45,21222.48
20140620,524.61,806.13,823.89,23506.24,22271.91,21237.81
20140623,527.05,808.09,827.67,23541.12,22301.38,21277.22
20140624,525.54,805.65,826.93,23525.72,22293.71,21286.47
20140625,519.62,799.27,816.77,23348.55,22148.84,21143.17
20140626,523.81,804.76,824.55,23422.12,22251.01,21265.75
20140627,522.93,803.05,822.42,23379.26,22205.16,21269.33
20140630,526.43,809.56,826.62,23386.29,22239.99,21362.61
20140701,481.35,795.7,719.87,18990.75,25849.13,18516.74
20140702,487.93,804.16,727.88,19112.35,25978.59,18710.97
20140703,485.96,796.71,724.57,19138.06,25975.72,18696.94
20140707,490.48,803.39,729.04,19278.13,26109.5,18802.8
20140708,482.29,792.22,712.83,19151.86,25999.8,18696.35
20140709,475.61,785.29,699,18998.59,25855.53,18471.45
20140710,476.17,785.84,700.07,19099.67,25956.84,18578.26
20140711,470.97,778.87,691.87,19019.59,25851.88,18483.86
20140714,470.59,776.28,691.87,19059.18,25821.51,18575.9
20140715,472.64,779.62,695.41,19128.99,25929.31,18690.7
20140716,467.73,774.31,685.22,19085.58,25907.81,18584.96
20140717,467.61,772.22,683.39,19168.02,26015.3,18626.55
20140718,461.25,761.13,671.18,18941.7,25709.5,18402.08
20140721,468.48,771.61,682.54,19111.83,25956.47,18664.27
20140722,466.96,766.99,680.93,19022.42,25901.54,18647.57
20140723,470.24,772.9,686.88,19102.67,26025.47,18762.82
20140724,474.62,771.19,685.89,19085.57,26043.17,18875.39
20140725,473.08,769.79,683.23,19123.85,26054.28,18879.33
20140728,469.41,762.02,677.01,19007.63,25952.32,18767.07
20140729,466.89,759.61,672.34,18983.99,25954.33,18761.1
20140730,468.43,759.59,674.58,18890.95,25839.14,18723.08
20140731,470.76,761.47,680.1,18888.69,25815.23,18801.89
20140801,459.73,749.01,667.32,18462.37,25273.18,18376.21
20140804,456.81,746.28,662.76,18445.69,25177.07,18317.98
20140805,459.84,751.29,669.49,18536.84,25349.73,18508.5
20140806,459.5,749.46,668.02,18365.69,25110.16,18357.73
20140807,462.2,751.81,669.98,18425.28,25128.65,18306.4
20140808,459.41,747.84,665.84,18329.66,24979.53,18223.49
20140811,463.95,755.24,671.94,18561.48,25275.86,18398.25
20140812,467.82,761.15,679.63,18615.97,25336.89,18494.32
20140813,463.66,757.85,673.68,18581.55,25293.47,18453.14
20140814,466.41,760.12,679.03,18699.71,25437.44,18620.92
20140815,467.04,762.23,680.94,18806.34,25532.16,18712.6
20140818,466.04,761.81,680.18,18769.3,25526.46,18790.38
20140819,473.1,769.96,690.84,18935.8,25745.24,18956.28
20140820,474.72,772.41,693.3,19002.33,25871.36,19063.13
20140821,473.46,770.42,689.28,19066.16,25939.69,19082.26
20140822,475.22,773.68,689.68,19139.11,26029.96,19099.34
20140825,475.98,773.71,691.55,19104.45,25971.19,19111.97
20140826,477.1,775.57,694.47,19192.26,26113.5,19205.35
20140827,481.12,780.89,701.44,19209.66,26134.8,19255.55
20140828,479.84,779.66,700.21,19235.43,26131.73,19232.02
20140829,477.03,776,695.45,19190.19,26096.62,19196.25
20140902,480.74,780.82,702.51,19219.83,26118.18,19357.76
20140903,482.24,784.8,705.99,19229.19,26076.02,19411.87
20140904,479.32,780.58,700.71,19240.08,26106.74,19288.58
20140905,477.31,779.96,697.67,19208.32,26067.81,19255.98
20140908,477.87,781.82,698.4,19302.59,26182.79,19353.5
20140909,478.51,782.73,702.13,19267.73,26071.57,19335.43
20140910,472.74,773.77,694.03,19152.26,25971.71,19156.88
20140911,476.75,776.43,698.89,19205.49,26045.31,19304.47
20140912,479.87,780.81,703.82,19226.5,26077.5,19329.35
20140915,477.79,774.56,699.02,19140.67,25925.05,19222.52
20140916,472.83,767.67,687.77,19141.69,25934.09,19076.86
20140917,473.86,770.3,690.08,19243.04,26140.89,19226.21
20140918,474.71,771.05,693.82,19275.94,26168.72,19270.8
20140919,477.12,775.78,697.02,19352.63,26292.58,19377.75
20140922,472.3,768.57,688.34,19308.41,26268.96,19375.78
20140923,464.94,758.85,676.34,19147.64,26057.19,19149.33
20140924,461.23,751.04,671.04,19005.17,25862.47,19095.97
20140925,463.93,755.59,678.93,19129.92,26069.63,19273.32
20140926,456.68,744.67,668.29,18856.63,25683.73,18877.02
20140929,459.1,750.82,674.51,18975.34,25860.04,19108.76
20140930,457.76,749.63,676.06,18930.88,25791.26,19107.06
20141001,452.48,740.59,668.02,18872.67,25663.79,19045.25
20141002,445.22,730.53,656.82,18586.42,25346.37,18757.33
20141003,450.14,737.57,664.92,18576.02,25344.68,18813.4
20141006,452.68,742.17,671.52,18793.77,25634.86,19000.55
20141007,448.39,737.75,662.88,18758.96,25604.09,18940.23
20141008,440.28,726.05,650.35,18449.5,25232.47,18630.74
20141009,447.87,739.42,661.91,18768.28,25629.8,18971.14
20141010,435.95,721.08,643.66,18351.55,25075.82,18592.46
20141013,428.64,713.98,631.73,18129.34,24827.86,18256.03
20141014,427.38,713.33,627.71,17816.42,24441.99,17919.94
20141015,431.65,722.26,633.8,17887.02,24462.76,17963.57
20141016,435.42,725.62,644.37,17750.59,24248.72,17913.77
20141017,441,732.76,653.86,17785.4,24304.2,17892.58
20141020,440.6,731.23,651.25,18095.39,24624.5,18079.63
20141021,444.59,739.07,659.12,18270.22,24791.43,18314.39
20141022,452.14,750.43,669.41,18636.04,25244.06,18737.94
20141023,445.97,742.58,658.58,18489.12,25053.07,18563.91
20141024,454.27,753.55,671.09,18755.22,25300.77,18847.02
20141027,454.92,755.44,672.76,18899.36,25498.93,18933.55
20141028,453.97,754.77,672.29,18873.17,25452.86,18901.21
20141029,467.11,775.37,692.18,19095.55,25745.13,19178.17
20141030,467.26,774.56,689.31,19081.87,25711.64,19110.39
20141031,470.48,782.18,695.42,19226.29,25876.76,19176.1
20141103,478.65,793.27,709.42,19399.78,26093.37,19464.79
20141104,479.2,792.33,706.78,19503.25,26037.66,19502.17
20141105,476.47,790.71,702.93,19439.32,25971.91,19405.15
20141106,477.87,793.99,699.76,19601.53,26125.62,19410.99
20141107,479.99,796.96,704.52,19669.7,26234.22,19527.54
20141110,480.85,798,705.53,19696.07,26236.77,19544.8
20141111,482.07,800.8,710.64,19710.05,26330.83,19628.21
20141112,482.26,800.22,713.11,19692.11,26355,19677.27
20141113,485.81,806.58,717.33,19728.34,26295.4,19721.45
20141114,481.81,799.61,710.03,19727.45,26300.67,19787.74
20141117,481.8,798.73,709.57,19719.9,26299.54,19834.54
20141118,477.46,791.72,702.58,19739.68,26341.75,19775.43
20141119,480.21,795.26,706.15,19840.03,26462.03,19879.17
20141120,475.23,788.84,697.77,19808.73,26451.75,19820.89
20141121,481.13,796.72,706.52,19863.71,26485.48,19899.29
20141124,481.83,797.19,708.82,19961.05,26636.76,19975.53
20141125,488.21,802.64,719.22,20028.22,26694.21,20074.11
20141126,488.13,802.35,718.25,20036.34,26649.73,20053.2
20141128,489.29,803.56,721.91,20091.79,26687.14,20137.82
20141201,482.15,795.9,713.82,19999.02,26522.12,20116.03
20141202,473.93,785.06,698.48,19852,26377.35,19850.14
20141203,479.49,793.5,706.94,19976.3,26571.9,19926.73
20141204,484.13,800.93,713.2,20083.91,26659.86,20005.6
20141205,481.61,797.72,709.17,20032.71,26604.07,20014.28
20141208,485.83,802.6,716.68,20125.38,26667.09,20041.55
20141209,477.39,793.13,707.21,19999.46,26519.75,19852.2
20141210,485.46,805.14,721.5,19983.4,26494.64,19894.31
20141211,472.45,786.63,704.22,19684.66,26034.43,19541.75
20141212,474.59,789.13,707.2,19766.57,26165.08,19635.17
20141215,468.33,778.53,700.73,19436.59,25741.32,19349.8
20141216,463.09,773.25,692.44,19313.47,25638.25,19182.61
20141217,460.82,772.9,690.74,19190.72,25473.01,18917.53
20141218,475.04,793.97,714.79,19536.64,25999.98,19343.22
20141219,482.49,805.18,728.24,19977.35,26639.96,19823.41
20141222,483.77,806.62,731.27,20083.7,26745.64,19913.38
20141223,486.37,811.89,733.73,20168.65,26818.28,19995.16
20141224,487.36,817.04,730.08,20239.28,26924.31,19962.68
20141226,488.65,819.64,733.92,20257.99,26933.26,19954.7
20141229,491.93,824.57,739.39,20313.41,27000.68,20073
20141230,493.57,829.12,739.97,20336.32,27039.05,20074.51
20141231,492.7,825.12,736.48,20273.27,26910.24,19941.13
20150102,491.6,819.42,739.84,20127.09,26791.74,19734.46
20150105,485.35,813.83,735.11,20098.53,26779.93,19709.32
20150106,477.56,798.99,724.23,19730.74,26278.64,19335.15
20150107,468.53,784.77,710.95,19551.37,26037.65,19126.36
20150108,474.34,793.82,721.51,19754.31,26352.19,19345.89
20150109,482.54,807.04,735.17,20105.55,26817.73,19717.24
20150112,478.07,798.64,730.22,19929.02,26579.47,19562.43
20150113,475.67,794.76,726.89,19809.53,26375.91,19364.2
20150114,472.11,797.02,724.33,19832.4,26277.18,19376.84
20150115,467.75,792.8,722.57,19703.37,26103.27,19275.82
20150116,458.69,779.76,703.94,19533.91,25898.03,19000.14
20150120,467.5,792.76,718.16,19774.81,26251.15,19245.26
20150121,464.13,787.06,714.91,19743.48,26268.85,19359
20150122,461.47,786.02,710.44,19828.39,26398.92,19460.17
20150123,470.46,803.83,723.16,20110.71,26793.47,19835.39
20150126,469.8,802.18,724.68,19949.07,26597.69,19849.25
20150127,474.34,809.76,733.6,20018.77,26697.05,19916.25
20150128,472.61,804.94,730.41,19821.36,26427.78,19523.42
20150129,464.89,793.13,717.1,19516.17,26017.77,19337.83
20150130,469.87,802.84,725.38,19650.91,26245.6,19590.41
20150202,466.09,785.7,712.43,19356.78,25626.35,19478.94
20150203,469.96,794.72,717.78,19608.79,25987.08,19731.53
20150204,479.12,808.73,729.01,19937.07,26388.71,19971.14
20150205,476.63,804.28,726.81,19893.44,26235.94,19940.81
20150206,484.39,815.62,738.67,20064.35,26513.86,20155.96
20150209,483.48,814.17,736.33,20046.73,26417.44,20132.51
20150210,479.62,807.22,731.46,19972.27,26290.3,20052.17
20150211,481.85,809.82,739.29,20159.36,26578.79,20280.42
20150212,481.73,807.39,739.2,20192.49,26524.12,20336.2
20150213,487.13,817.25,748.93,20373.66,26783.61,20534.35
20150217,490.61,821.06,755.02,20437.25,26890.64,20664.16
20150218,491.6,821.3,758.16,20472.37,26929.77,20690.27
20150219,491.48,823.63,758.71,20454.65,26913.51,20726.54
20150220,492.41,825.02,761,20421.17,26827.18,20877.96
20150223,493.14,826.6,763.29,20561.56,26971.06,21028.89
20150224,492.38,826.93,762.78,20510.01,26954.08,21088.76
20150225,495.13,830.49,763.77,20599.76,27067.77,21100.57
20150226,496.11,829.86,765.88,20580.44,27044.47,21132.19
20150227,497.71,832.75,769.82,20526.87,26972.68,21161.98
20150302,497.98,830.21,769.78,20367.38,27027.58,21155.11
20150303,503.45,835.89,775.44,20501.25,27173.27,21293.62
20150304,500.33,830.34,769.95,20425.91,27055.8,21200.21
20150305,498.5,825.41,771.79,20307.33,26943.57,21120.82
20150306,500.69,826.69,776.96,20324.97,26960.85,21174.55
20150309,495.8,818.51,769.2,20062.7,26581.22,20908.29
20150310,497.66,823.35,771.77,20117.91,26690.46,20979.03
20150311,490.72,811.89,765.28,19781.21,26246.85,20628.1
20150312,493.61,816.22,770.97,19768.82,26226.14,20584.74
20150313,501.7,830.54,782.66,20073.92,26574.23,20799.93
20150316,499.84,826.96,778.44,19936.18,26419.66,20682.74
20150317,502.05,831.1,783.5,20187.3,26767.17,20951.61
20150318,503.36,833.18,785.55,20087.07,26703.09,20804.46
20150319,506.22,839.43,789.54,20300.63,27010.44,21048.03
20150320,508.31,839.23,794.5,20193.69,26843.39,21028.52
20150323,511.26,847.86,797.07,20368.24,27099.03,21155.24
20150324,512.41,848.05,794.65,20356.74,27040.23,21102.86
20150325,511.9,848.24,794.08,20224.88,26842.44,21056.67
20150326,499.02,831.38,772.45,19987.03,26491.81,20639.86
20150327,498.21,829.4,772.75,19905.15,26427.33,20628.57
20150330,500.97,834.22,780.12,19984.15,26485.17,20676.9
20150331,508.18,844.54,791.49,20215.04,26827.91,20912.76
20150401,512.09,844.74,792.69,20042.93,26616.84,20627.75
20150402,512.65,844.63,791.98,19999.78,26503.57,20547.34
20150406,514.57,846.35,794,20110.77,26594.09,20598.63
20150407,516.02,848.51,796.78,20216.01,26749.55,20773.04
20150408,512.95,844.25,795.69,20158.08,26764.88,20726.99
20150409,516.46,848.88,804.81,20236.99,26801.94,20826.05
20150410,515.59,846.86,803.18,20363.19,26934.31,20894.66
20150413,517.19,849.41,807.92,20551.05,27044.99,20963.29
20150414,518.92,849.06,809.37,20403.57,26927.49,20911.54
20150415,518.29,848.62,809.48,20442.71,26979.32,20893.98
20150416,522.77,855.59,816.17,20527.96,27132.91,21016.36
20150417,521.21,853.08,816.02,20494.76,27111.77,21013
20150420,512.67,839.8,801.96,20240.99,26817.97,20731.8
20150421,518.08,850.74,809.29,20372.82,27042.55,21014.11
20150422,518.11,849.32,810.99,20345.73,26996.8,21012.04
20150423,518.94,851.01,810.95,20452.98,27100.4,21151.42
20150424,521.52,855.07,816.1,20467.79,27165.8,21237.33
20150427,518.52,852.97,812.59,20462.04,27134.63,21440.41
20150428,511.77,846.2,799.26,20376.49,27043.65,21353.18
20150429,514.05,852.03,802.03,20471.88,27169.77,21292.81
20150430,509.6,843.88,795.11,20406.66,27078.69,21216.24
20150501,501.05,830.56,781.13,20242.52,26839.38,20952.55
20150504,504.97,835.48,787.79,20440.09,27108.99,21186.04
20150505,507.08,839.05,792.5,20512.46,27203.98,21225.18
20150506,500.36,830.07,776.65,20277.48,26911.02,20930.87
20150507,502.04,830.81,778.93,20203.88,26818.32,20825.52
20150508,505.53,832.96,782.52,20292.86,26873.13,20938.84
20150511,508.82,837.23,790.84,20529.78,27207.13,21216.63
20150512,509.8,839.12,793.2,20450,27076.95,21108.71
20150513,508.72,837.02,791.99,20362.18,27035.36,21031.8
20150514,509.1,837.14,791.12,20349.99,27034.36,21037.95
20150515,511.38,845.67,798.82,20541.37,27277.95,21309.04
20150518,511.51,843.25,797.13,20573.13,27317.26,21318.02
20150519,516.84,852.59,807.4,20619.38,27416.52,21422.17
20150520,515.13,852.34,804.98,20638.87,27378.98,21378.28
20150521,516.09,852.97,806.46,20653.82,27330.53,21383.89
20150522,515.66,852.88,806.15,20671.23,27391.82,21469.33
20150526,514.43,849.05,802.93,20643.41,27302.01,21443.84
20150527,509.35,839.52,795.34,20466.17,27033.83,21193.08
20150528,514.98,849.27,806.54,20630.31,27252.08,21422.24
20150529,514.69,849.52,806.41,20610.62,27224.59,21369.13
20150601,512.72,843.66,808.18,20534.55,26995.8,21214.57
20150602,511.58,846.06,809.22,20537.74,27033.67,21284.01
20150603,514.15,847.73,811.29,20538.36,27008.95,21273.57
20150604,519.77,857.33,822.48,20621.15,27079.34,21336.18
20150605,514.66,848.35,814.75,20437.98,26845.47,21147.03
20150608,518.76,854.54,824.91,20406.7,26824.35,21173.15
20150609,514.96,850.48,819.71,20271.96,26668.75,20994.26
20150610,513.15,849.07,817.21,20295.03,26696.29,20970.35
20150611,520.77,860.54,827.53,20518.71,27005.63,21232
20150612,520.91,861.29,826.74,20534.03,27090.95,21253.85
20150615,519.49,859.57,822.98,20413.39,26902.18,21110.17
20150616,517.09,857.04,822.44,20289.82,26784.95,21011.9
20150617,520.29,863.27,827.32,20384.82,26947.26,21134.67
20150618,519.1,860.44,827.84,20429.19,26995.38,21174.82
20150619,524.78,870.1,837.85,20618.21,27218.28,21437.68
20150622,525.45,868.61,840.01,20529.79,27074.42,21342.06
20150623,529.14,873.06,848.75,20656.24,27217.06,21502.91
20150624,530.81,876.2,852.65,20675.12,27292.63,21590.23
20150625,526.03,869.11,843.28,20504.4,27063.95,21455.5
20150626,526.66,868.33,843.86,20424.56,27007.06,21395.98
20150629,524.5,868.87,839.39,20443.59,27025.1,21327.77
20150630,511.25,850.16,816.07,20005.1,26486.7,20846.33
20150701,447.05,686.66,698.43,24087.55,23342.15,16822.39
20150702,445.41,689.29,697.16,24334.16,23510.56,16889.05
20150706,442.44,684.2,693.06,24401.72,23532.42,16877.53
20150707,440.87,683.26,691.31,24161.29,23461.63,16810.78
20150708,439.9,682.46,692.44,24329.01,23648.23,16855.93
20150709,430.19,672.56,679.09,23916.61,23261.09,16547.9
20150710,431.1,674.93,684.55,23978.52,23328.57,16591.46
20150713,437.2,684.06,694.48,24266.42,23597.94,16821.94
20150714,442.7,689.17,702.85,24508.63,23832.27,17091.49
20150715,445.95,692.18,708.23,24584.23,23923.6,17227.69
20150716,440.6,687.28,701.98,24501.46,23915.32,17216.22
20150717,441.83,691.32,707.79,24674.46,24044.47,17450.54
20150720,439.8,686.41,705.15,24598.13,23964.65,17696.91
20150721,435.28,682.8,699.18,24579.79,23958.4,17754.83
20150722,435.03,679.75,695.44,24424.18,23841.39,17708.17
20150723,433.43,681.19,697.49,24400.32,23867.03,17544.86
20150724,430.6,672.57,691.62,24270.3,23720.99,17460.33
20150727,422.54,662.51,678.33,23961.65,23519.98,17264.32
20150728,418.05,657.8,669.7,23826.44,23383.45,16966.07
20150729,422.62,661.96,676.47,24149.12,23673.81,17162.99
20150730,425.34,665.89,678.49,24345.19,23870.96,17254.1
20150731,425.86,668.54,680.39,24358.32,23878.09,17293.69
20150803,427.75,675.07,688.75,24375.28,23653.67,17246.01
20150804,425.19,667.69,684.22,24289.36,23595.6,17164.27
20150805,425.54,665.52,682.03,24260.13,23562.02,17135.41
20150806,427.31,668.3,682.82,24340.85,23580.84,17278.18
20150807,423.9,662.36,671.16,24175.18,23411.98,17032.81
20150810,420.32,657.87,665.13,24083.95,23408.64,16944.13
20150811,427.68,666.3,675.2,24409.22,23682.63,17195.94
20150812,422.65,661.28,666.27,24148.4,23474.08,17007.54
20150813,422.41,659.04,666.69,24181.85,23452.97,17065.09
20150814,418.96,657.11,662.24,24125.9,23448.44,17036.18
20150817,421.49,662.13,664.81,24212.94,23553.73,17105.29
20150818,424.34,666.74,673.5,24335.9,23650.99,17255.3
20150819,419.91,662.02,666.34,24337.95,23577.32,17185.35
20150820,414.74,656.01,658.45,24126.9,23383.72,17039.03
20150821,404.42,642.79,638.72,23642.38,22905.96,16561.97
20150824,399.94,635.24,629.78,23006.91,22246.96,15900.59
20150825,384.95,610.95,605.31,22127.01,21365.65,15264.17
20150826,382.62,606.81,602.23,21764.41,21083.36,15194.99
20150827,388.03,620.43,617.65,22542.72,21822.72,15890.64
20150828,396.25,630.21,630.65,23065.06,22328.07,16328.08
20150831,402.2,635.18,638.54,23097.14,22346.32,16406.25
20150901,403.56,638.75,639.19,22900.94,22172.4,16228.4
20150902,391.63,622.12,622.33,22261.02,21540.1,15703.06
20150903,396.56,631.04,633.35,22643.51,21863.03,16106.77
20150904,397.69,631.26,631.12,22720.16,21968.58,16025.68
20150908,395.19,626.8,628.15,22321.9,21643.28,15860.33
20150909,402.81,639.22,643.63,22895.48,22177.53,16279.2
20150910,398.3,633.78,634.11,22584.08,21864.5,16081.23
20150911,398.13,637.01,638.01,22663.57,21932.41,16253.83
20150914,397.98,637.52,640.09,22736.06,22015.42,16356.81
20150915,396.69,635.45,637.24,22622.25,21923.15,16296.94
20150916,401.18,642.68,644.02,22933.62,22169.5,16506.02
20150917,405.53,649.74,648.97,23160.6,22355.62,16624.17
20150918,406.97,650.35,654.69,23057.42,22294.78,16638.14
20150921,400.6,639.87,648.5,22656.07,21907.78,16415.41
20150922,398.34,641.76,641.92,22721.04,22040.74,16460.98
20150923,391.96,632.81,630.72,22451.1,21773.01,16224.53
20150924,388.41,631.78,627.67,22372.05,21725.36,16190.56
20150925,388.01,632.1,626.43,22287.39,21642.3,16133.96
20150928,380.88,626.83,613.21,22291.85,21710.02,15961.45
20150929,369.15,613.12,591.67,21751.14,21205.6,15426.03
20150930,366.71,611.34,585.86,21826.39,21246.39,15308.35
20151001,372.22,618.92,597.57,22163.24,21602.1,15642.92
20151002,368.71,615.64,594.61,22189.18,21602.42,15764.33
20151005,376,621.89,607.08,22534.27,21867.52,16046.6
20151006,389.02,638.05,621.76,23031.42,22265.21,16307.96
20151007,388.93,634.58,617.18,22998.86,22157.5,16207.22
20151008,395.23,645.14,627.31,23209.4,22341.46,16333.26
20151009,401.26,652.69,632.27,23460.22,22551.85,16383.8
20151012,398.42,652.62,633.74,23463.71,22553.24,16455.07
20151013,396.11,653.49,630.63,23475.2,22593.03,16450.14
20151014,391.34,646.06,620.28,23309.27,22440.66,16328.81
20151015,389.34,639.56,614.37,23233.32,22273.9,16229.77
20151016,397.99,651.47,631.16,23564.71,22585.49,16516.54
20151019,396.48,651.46,630.36,23711.36,22645.03,16577.23
20151020,395.72,652.96,629.8,23681.96,22627.07,16624.23
20151021,395.39,655.51,627.77,23631.33,22644.42,16534.11
20151022,388.83,645.05,617.15,23508.89,22501.7,16379.01
20151023,392.66,651.77,620.3,23964.97,22827.68,16582.9
20151026,398.34,658.5,626.49,24131.11,22964.94,17014.17
20151027,394.97,655.51,621.86,24093.8,22897.94,17020.76
20151028,387.53,646.03,614.8,23997.67,22810.44,16979.84
20151029,398.87,665.25,633.55,24309.29,23104.31,17254.67
20151030,394.29,659.45,628.26,24241.88,23078.73,17248.56
20151102,394.7,655.92,630.14,24099.39,22908.19,17100.47
20151103,404.58,667.49,645.47,24457.39,23199.52,17336.67
20151104,408.26,672.03,649.93,24470.54,23287.71,17419.79
20151105,405.7,672.23,651.1,24354.3,23182.97,17453.9
20151106,406.36,675.33,648.28,24357.58,23122.57,17477.66
20151109,411.69,681.48,656.4,24354.68,23133.44,17518.57
20151110,406.33,672.63,649.35,24123,22917.78,17343.6
20151111,405.61,675.63,649.47,24192.69,22966.78,17293.78
20151112,401.87,670.69,642.44,24138.92,22850.53,17230.27
20151113,392.45,657.74,629.32,23754.94,22533.6,17001.84
20151116,389.45,652.31,625.93,23613.31,22289.79,16711.46
20151117,392.57,658.7,630.76,23885.92,22651.52,16932.49
20151118,389.66,657.54,628.59,23863.19,22637.12,16891.03
20151119,396.57,666.87,639.76,24186.78,22986.66,17258.58
20151120,394.89,665.64,636.02,24186.94,22949.72,17232.5
20151123,397.92,671.1,639.12,24237.49,23017.91,17320.62
20151124,399.7,673.34,643.35,24242.05,22989.72,17322.06
20151125,404.08,676.75,650.01,24292.92,23017.83,17345.66
20151127,407.99,681.03,656.2,24259.11,23025.17,17361.41
20151130,409.88,683.09,657.61,24283.55,23031,17371.92
20151201,408.63,682.31,657.13,23979.74,22862.3,17270.73
20151202,409.33,686.76,659.55,24210.92,23085.2,17462.44
20151203,405.71,680.47,653.96,23942.38,22825.06,17315.65
20151204,398.79,670.02,641.64,23613.88,22495.31,17026.81
20151207,400.44,677.45,647.87,24063.29,22936.82,17360.21
20151208,392.98,667.97,635.52,23880.5,22787.1,17185.11
20151209,390.2,664.25,635.08,23705.52,22561.25,17220.54
20151210,386.6,657.15,627.13,23588.57,22445.73,16976.94
20151211,388.02,658.69,631.09,23638.06,22500.61,17046.65
20151214,379.4,643.6,615.84,23169.93,22098.02,16625.72
20151215,374.55,640.1,610.8,23224.75,22129.47,16711.66
20151216,379.43,648.25,620.46,23450.36,22450.43,16834.7
20151217,385.18,656.31,631.51,23785,22775.35,17089.33
20151218,377.6,648.13,622.82,23413.19,22429.94,16851.92
20151221,374.65,639.54,616.16,23018.4,22041.76,16535.26
20151222,377.29,645.3,618.55,23168.59,22220.64,16652.18
20151223,381.88,650.97,623.19,23400.82,22436.2,16740.41
20151224,389.37,658.05,633.89,23718.31,22710.72,16944.37
20151228,389.71,659.54,634.19,23689.6,22674.59,16926.78
20151229,386.66,656.82,628.94,23642.8,22612.44,16916.29
20151230,389.85,663.91,636.33,23878.39,22809.8,17148.64
20151231,386.09,659.19,629.84,23728.89,22643.17,17001.94
20160104,382.96,650.43,626.5,23499.9,22524.65,16820.96
20160105,375.33,637.66,610.65,23146.58,22207.34,16494.78
20160106,374.26,638.41,609.33,23231.11,22279.27,16467.22
20160107,366.84,631.98,596.94,22911.34,21976.98,16245.83
20160108,356.82,616.77,578.05,22371.79,21525.96,15737.69
20160111,351.6,607.15,567.39,22122.8,21274.87,15602.53
20160112,348.69,606.43,560.34,22161.35,21295.68,15537.36
20160113,348.96,607.05,562.89,22294.48,21454.98,15682.17
20160114,337.83,589.54,541.91,21748.13,20965.68,15133.29
20160115,344.22,597.74,552.74,22062.39,21293.64,15448.26
20160119,338.42,584.88,542.26,21611.63,20854.18,15039.16
20160120,332.4,579.22,531.53,21596.71,20863.28,14980.68
20160121,335.76,580.76,535.53,21292.26,20590.42,14958.97
20160122,337.21,579.93,534.81,21475.72,20677.61,14977.01
20160125,345.65,592.2,547.45,21810.71,21046.09,15486.5
20160126,336.3,580.34,534.29,21466.5,20692.7,15211.4
20160127,344.5,593.26,543.91,21846.62,21009.58,15363.92
20160128,339.27,585.71,535.13,21761.77,20835.34,14986.25
20160129,339.7,582.61,534.38,21829.38,20850.27,15225.92
20160201,354.55,600.67,552.1,22351.91,21383.06,15544.13
20160202,351.89,598.5,551.38,22320.78,21378.53,15555.45
20160203,343.78,585.88,537.92,21958.15,20931.66,15212.76
20160204,344.02,586.3,539.21,22072.49,21101.52,15166
20160205,347.04,587.84,543.64,22102.99,21193.99,15154.05
20160208,336.96,573.43,525.73,21760.11,20922.72,14556.35
20160209,332.38,568.41,513.08,21498.73,20641.57,14287.43
20160210,329.72,566.71,509.17,21492.67,20634.26,14266.03
20160211,329.02,564.91,510.01,21429.91,20593.5,14365.5
20160212,326.63,558.01,505.1,21139.69,20295.52,14293.84
20160216,334.63,567.69,515.2,21567.02,20738.77,14517.74
20160217,342.58,579.91,528.12,21911.59,21076.94,14814.05
20160218,348.83,587.45,538.44,22255.15,21387.67,15167.52
20160219,346.02,586.05,533.52,22205.86,21310.11,14985.41
20160222,346.29,588.83,536.57,22173.65,21325.41,15010.14
20160223,351.1,595.49,543.98,22457.65,21622.56,15276.96
20160224,346.66,592.74,535.82,22231.9,21379.75,15020.52
20160225,352.01,599.31,541.37,22333.11,21453.44,15139.05
20160226,353.16,603.36,546.18,22584.45,21684.72,15307.12
20160229,357.38,605.86,551.99,22565.26,21638.96,15310.48
20160301,358.8,601.68,552.01,22301.88,21491.39,15182.91
20160302,365.13,613.33,563.52,22793.94,21956.04,15647.33
20160303,370.67,617.92,572.15,22887.4,22055.41,15732.46
20160304,375.2,623.97,578.04,23035.85,22169.28,15758.85
20160307,377.89,627.38,582.68,23128.54,22236.57,15843.43
20160308,384.1,635.37,592.71,23189.38,22305.35,15765.7
20160309,373.03,623.24,574.61,22917.34,22088.11,15570.75
20160310,376.37,626.34,577.28,23018.48,22180.58,15666.55
20160311,372.76,622.56,571.56,23038.1,22173.39,15623.47
20160314,380.68,633.98,584.77,23382.09,22506.94,15943.55
20160315,380.03,630.4,584.27,23325.59,22479.2,15944.43
20160316,372.82,622.02,571.6,23246.61,22437.47,15905.82
20160317,376.71,625.54,574.83,23364.53,22553.95,16060.77
20160318,383.88,636.15,583.32,23591.81,22729.75,16064.95
20160321,388.48,641.74,589.65,23708.18,22879.47,16104.22
20160322,387.59,639.88,589.51,23714.41,22883.94,16169
20160323,387.16,637.89,589.93,23686.9,22844.06,16209.44
20160324,377.26,627.59,576.98,23522.71,22677.11,16061.25
20160328,379.58,629.73,578.86,23510.23,22687.92,16138.98
20160329,379.2,630.29,579.18,23574.84,22698.09,16096.22
20160330,388.75,645.57,595.44,23752.8,22854.8,16363.32
20160331,389.64,647.17,595.83,23841.19,22957.03,16433.08
20160401,388.39,650.18,602.98,23791.96,22857.18,16420.81
20160404,388.65,653.05,605.47,23951.78,22972.54,16569.73
20160405,385.88,645.98,602.61,23917.43,22866.07,16509.34
20160406,382.42,637.51,596.27,23781.79,22650.83,16361.75
20160407,386.95,642.67,606.84,24004.04,22846.69,16643.57
20160408,381.4,633.51,598.72,23757.98,22567.51,16402.65
20160411,383.03,637.08,599.98,23850.96,22647.26,16399.47
20160412,382.78,636.84,596.98,23785.68,22603.96,16323.09
20160413,386.86,643.45,603.48,23997.41,22824.87,16512.27
20160414,395.76,657.7,617.42,24172.39,23108.14,16756.16
20160415,396.01,657.13,616.5,24161.44,23163.37,16780.49
20160418,397.23,658.17,617.21,24163.01,23147.62,16756.36
20160419,400.04,662.89,623.03,24300.91,23345.73,16835.71
20160420,400.82,664.6,623.63,24381.51,23480.4,16785.68
20160421,401.63,665.8,625.74,24404.71,23503.5,16832.49
20160422,400.74,660.42,624.29,24234.15,23366.43,16890.27
20160425,406.67,667.31,630.37,24311.02,23483.15,16685.95
20160426,402.44,662.24,621.27,24254.3,23433.63,16669.71
20160427,407.67,670.57,625.86,24331.71,23539.48,16624.57
20160428,409.67,672.33,628.29,24455.98,23660.95,16480.59
20160429,406.23,666.35,618.04,24265.61,23445.26,16276.48
20160502,400.25,663.71,615.63,24037.49,23298.77,16222.3
20160503,404.15,668.38,620.38,24198.02,23522,16373.74
20160504,395.41,658.54,608.11,23990.17,23286.95,16185.1
20160505,391.72,654.37,600.7,23835.5,23148.94,16048.64
20160506,388.8,651.06,596.81,23823.21,23133.74,16027.81
20160509,391.38,654.2,598.46,23907.44,23211.95,16094.42
20160510,390.91,654.61,601.41,23887.7,23209.79,16134.82
20160511,395.05,660.68,606.63,24198.63,23488.41,16364.2
20160512,391.48,653.33,600.03,23979.9,23242.48,16245.87
20160513,387.79,650.57,594.8,24004.83,23260.9,16180.97
20160516,386.43,646.25,591.94,23775.28,23036.74,16102.89
20160517,391.02,653.39,600.64,23987.25,23228.9,16319.03
20160518,384.99,642.36,593.06,23754.6,23019.88,16166.32
20160519,385.11,646.58,596.91,23689.57,22946.91,16230.47
20160520,382.4,642.13,592.96,23552.54,22938.22,16145.38
20160523,388.33,651.76,603.88,23664.6,23084.16,16310.38
20160524,389.79,651.02,604.63,23650.01,23035.54,16286.6
20160525,397.7,664.92,617.34,23950.9,23322.95,16579.9
20160526,400.16,668.96,621.37,24104.64,23488.93,16711.11
20160527,398.48,668.4,620.6,24090.77,23467.62,16732.41
20160531,401.52,674.05,625.29,24183.94,23569.47,16815.3
20160601,404.27,675.84,633.42,24132.59,23537.95,16870.17
20160602,406.63,681.99,638.38,24171.38,23629.94,16855.95
20160603,409.49,684.51,643.9,24279.64,23682.37,16918.45
20160606,405.58,681.19,638.94,24238.03,23606.79,16805.11
20160607,411.43,689.33,648.02,24345.18,23740.36,16908.1
20160608,412.79,691.2,649.92,24411.11,23769.32,16888.8
20160609,415.46,696.92,655.43,24469.53,23859.14,16941.17
20160610,411.89,693.22,649.31,24419.78,23813.88,16879.32
20160613,406.68,683.47,637.98,24235.15,23603.1,16609.83
20160614,401.28,675.25,630.68,24025.36,23420.09,16461.48
20160615,400.13,674.77,629.43,24016.93,23347.73,16433.48
20160616,401.58,674.11,630.91,23990.25,23306.71,16414.66
20160617,401.61,673.08,629.95,24087.53,23377.61,16409.6
20160620,401.93,671.65,628.21,24044.12,23357.08,16259.41
20160621,407.3,680.44,636.72,24232.01,23491.64,16368.9
20160622,406.16,678.97,634.44,24275.01,23546.01,16422.68
20160623,403.55,676.26,631.13,24244.68,23553.91,16373.47
20160624,411.54,689.96,645.29,24579.29,23875.68,16617.36
20160627,393.85,664.29,619.68,23711.02,23020.16,15989.31
20160628,380.56,646.28,596.8,23286.96,22593.48,15599.36
20160629,386.26,654.19,608.27,23649.3,22958.82,15957.51
20160630,393.69,666.79,623.59,24048.49,23373.41,16231.65
20160701,407.84,650.5,565.51,19783.17,23090.22,21247.15
20160705,413.75,653.81,569.35,19822.28,23172.33,21376.9
20160706,403.12,644.87,559.6,19580.24,23020.46,21231.28
20160707,406.37,649.34,564.63,19683.11,23135.66,21384.53
20160708,406.55,650.57,568.06,19690.47,23120.45,21391.72
20160711,417.84,666.56,581.98,20030.46,23462.01,21704.85
20160712,422.51,674.36,588.28,20090.24,23550.24,21797.98
20160713,431.79,682.58,597.11,20302.72,23695.63,21981.64
20160714,428.14,682.74,592.17,20284.94,23766.77,21941.87
20160715,428.89,683.17,593.61,20410.77,23887.63,22054.74
20160718,429.73,684.48,595.74,20421.6,23860.35,22036.1
20160719,431,686.05,597.83,20430.46,23904.5,22130.47
20160720,425.94,681.8,592.65,20371.35,23866.63,22102.07
20160721,429.18,685.62,599.02,20414.03,23963.75,22243.78
20160722,427.69,681.44,596.17,20325.84,23877.63,22162.14
20160725,429.19,686.75,601.42,20388.77,24029.96,22237.11
20160726,426.49,684.54,600.6,20313,23959.72,22198.9
20160727,431.99,689.07,604.21,20438.34,23970.03,22155.71
20160728,433.59,689.46,608.17,20368.02,23841.4,22243.7
20160729,432.52,687.37,604.64,20358.36,23880.53,22340.03
20160801,437.01,685.47,605.01,20391.52,23819.59,22336.96
20160802,434.35,685.3,605.42,20327.61,23759.67,22412.05
20160803,429.78,675.73,596.71,20198.99,23611.74,22248.66
20160804,436.84,679.32,604.68,20274.79,23700.74,22329.17
20160805,438.38,679,605.46,20286.26,23690.21,22352.05
20160808,445.24,688.92,615.74,20371.01,23941.32,22556.6
20160809,447.66,688.13,615.1,20371.32,23926.73,22523.41
20160810,446.66,688.04,615.38,20357.9,23934.86,22556.46
20160811,442.8,684.35,608.91,20291.15,23863.03,22498.29
20160812,447.23,688.39,613.12,20407.57,23986.49,22603.33
20160815,447.05,687.87,615.06,20372.53,23967.68,22601.83
20160816,454.94,693.56,622.29,20466.09,24035.57,22662.52
20160817,452.39,689.63,616.43,20382.6,23948.12,22510.25
20160818,450.91,685.24,614.03,20393.86,24010.21,22510.61
20160819,455.97,690.52,618.42,20475.82,24100.71,22530.53
20160822,454.6,691.42,617.72,20463.36,24039.68,22533.69
20160823,453.5,692.83,620.3,20438.7,24025.47,22546.36
20160824,458.11,697.39,624.83,20493.93,24121.65,22665.59
20160825,451.51,693.64,617.49,20370.5,24037.96,22505.4
20160826,452.98,695.19,617.38,20383.45,24007.57,22469.74
20160829,452.47,693.64,618.95,20351.75,23961.43,22442.34
20160830,455.56,696.24,622.79,20478.44,24109.52,22511.47
20160831,453.78,697.05,625,20426.33,24095.89,22445.98
20160901,450.71,696.54,625.84,20279.09,24064.69,22473.8
20160902,450.46,695.85,625.08,20280.25,24050.95,22511.74
20160906,454.96,702.72,630.06,20386.72,24172.49,22614.62
20160907,457.6,703.16,631.07,20381.73,24207.2,22716.77
20160908,460.89,707.88,635.47,20350.66,24119.28,22757.58
20160909,461.12,705.78,635.97,20362.61,24117.7,22622
20160912,444.84,686.67,618.29,19827.81,23557.55,22069.54
20160913,451.23,694.84,628.52,20106.24,23877.2,22418.26
20160914,439.63,683.73,617.81,19759.85,23481.23,22169
20160915,439.07,682.29,618.39,19689.95,23420.29,22234.14
20160916,444.84,691.28,626.92,19877.28,23623.29,22526.99
20160919,443.96,691.28,626.04,19770.94,23518.43,22540.23
20160920,445.42,694.56,627.11,19795.42,23590.77,22505.86
20160921,443.77,691.26,625.97,19871.8,23579.01,22523.63
20160922,452.79,699.97,632.87,20112.91,23833.6,22762.13
20160923,459.95,710.66,640.83,20266.15,23944.27,22947.06
20160926,454.32,706.18,638.1,20130.36,23827.7,22817.36
20160927,450.29,698.11,629.24,19959.9,23595.32,22648.63
20160928,450.86,700.05,634.09,20073.24,23738.26,22821.14
20160929,459.35,704.64,637.38,20301.46,23867.32,22885.3
20160930,455.7,696.38,625.24,20147.7,23635.59,22651.18
20161003,468.67,708.36,639.16,20415.63,23847.49,22809.74
20161004,468.02,706.99,636.73,20378.35,23803.15,22754.14
20161005,464.97,704.43,635.58,20270.83,23733.41,22664.65
20161006,472.44,710.45,642.13,20406.98,23866.22,22740.47
20161007,471.46,709.91,639.03,20437.27,23859.65,22704.22
20161010,465.44,704.37,634.79,20343.84,23789.07,22625.54
20161011,471.75,710.16,642.79,20366.04,23910.24,22773.51
20161012,462.37,698.83,630.83,20130.78,23611.49,22473.83
20161013,461.41,699.76,627.35,20134.19,23635.65,22494.17
20161014,455.01,692.22,620.26,20049.83,23550.85,22420.16
20161017,453.91,691.67,617.15,20054.71,23571.67,22464.14
20161018,452.8,690.37,614.93,19992.28,23511.55,22391.42
20161019,455.23,692.72,618.07,20053.77,23627.83,22600.89
20161020,459.19,695.96,618.86,20121.31,23690.58,22625.56
20161021,459.65,693.62,618.19,20055.36,23663.09,22590.12
20161024,458.3,690.52,617.27,20033.11,23669.2,22622.75
20161025,459.24,696.75,620.65,20077.94,23788.03,22797.58
20161026,453.22,691.03,614.35,20018.31,23699.21,22671.48
20161027,449.65,686.38,608.54,20064.7,23697.12,22524.6
20161028,443.43,680.11,600.55,20000.56,23661.36,22440.77
20161031,440.97,679.14,598.56,20071.75,23556.82,22334.74
20161101,463.24,681.42,600.62,19979.06,23522.87,22320.84
20161102,458.78,674.01,595.86,19850.27,23376,22163.87
20161103,452.46,667.29,587.1,19708.73,23236.83,21982
20161104,451.16,666.08,579.02,19676.85,23187.68,21861.49
20161107,454.54,668.7,583.98,19638.51,23136.99,21834.02
20161108,464.79,679.7,599.1,20078.52,23626.78,22347.56
20161109,466.49,682.22,598.7,20179.18,23705.63,22467.16
20161110,484.2,704.36,621.12,20493.54,24091.43,22628.32
20161111,490.38,716.73,635.67,20627.66,24268.59,22457.11
20161114,500.2,736.56,652.12,20595.81,24297.63,22443.32
20161115,505.85,745.04,660.9,20699.11,24379.09,22351.64
20161116,509.88,746.35,662.74,20886.29,24530.59,22576.29
20161117,509.87,747.88,660.49,20798.24,24454.98,22622.58
20161118,511.52,753.98,665.72,20852,24599.87,22769.63
20161121,513.99,759.06,667.71,20834.41,24540.55,22704.76
20161122,521.56,762.1,669.54,21001.29,24690.41,22994.9
20161123,526.39,771.39,673.09,21085.21,24761.45,23030.35
20161125,531.54,774.56,678.77,21121.76,24793.22,23037.82
20161128,531.84,777.69,681.53,21196.16,24909.82,23119.23
20161129,521.86,770,670.51,21026.4,24748.22,23031.59
20161130,516.85,768.44,667.42,21012.1,24777.6,23088.96
20161201,526.73,766.01,664.67,21105.9,24634.61,22938.77
20161202,524.78,765.6,658.91,21098.99,24625.86,22727.18
20161205,525.26,765.46,658,21108.19,24618.48,22791.15
20161206,534.76,779.37,670.46,21221.81,24777.27,22959.62
20161207,539.98,787.94,677.29,21395.76,24869.12,23068.62
20161208,543.9,795.33,681.48,21636.8,25224,23342.97
20161209,552.25,809.32,691.84,21680.28,25283.73,23414.68
20161212,553.19,809.88,692.87,21788.77,25455.65,23541.62
20161213,545.24,801.55,683.68,21724.03,25449.41,23440.63
20161214,545.96,801.65,683.45,21821.64,25584.67,23648.46
20161215,536.56,792.38,676.65,21619.32,25365.36,23569
20161216,540.99,800.16,682.75,21698.85,25501.79,23641.61
20161219,539.16,798.42,681.85,21686.39,25441.65,23567.17
20161220,541.83,802.35,685.58,21730.77,25491.07,23612.31
20161221,547.02,810.5,691.48,21808.47,25589.11,23709.07
20161222,544.41,805.69,687.57,21775.3,25529.22,23652.5
20161223,538.53,798.24,680.69,21728.16,25493.15,23555.72
20161227,542.62,802.23,686.8,21755.02,25524.32,23599.66
20161228,545.92,806.15,689.59,21805.85,25580.32,23672.77
20161229,538.69,797.83,681.33,21588.85,25363.41,23486.94
20161230,538.18,798.51,680.54,21577.57,25357.55,23469.51
20170103,539.44,796.1,682.43,21473.38,25229.89,23299.35
20170104,546.63,798.41,687.73,21668.19,25414.64,23514.89
20170105,557.59,809.39,701.11,21899.92,25564.32,23711.6
20170106,552.28,797.66,692.78,21864.19,25468.86,23761.46
20170109,549.67,793.7,691.12,21917.24,25510.68,23893.34
20170110,544.75,788.58,687.7,21778.23,25383.58,23901.96
20170111,551.2,797.13,694.25,21787.9,25391.21,23949.27
20170112,552.71,799.63,694.1,21867.15,25491.26,23988.42
20170113,547.24,790.96,688.35,21768.3,25408.86,23983.44
20170117,550.87,798.18,694.55,21803.42,25472.14,24054.16
20170118,546.53,787.5,680.96,21770.44,25342.09,23995.44
20170119,545.49,791.4,684.38,21805.85,25406.43,24035.36
20170120,540.87,784.75,678.21,21716.16,25313.13,23972.63
20170123,543.41,788.19,680.36,21751.56,25432.27,24027.61
20170124,540.23,785.11,678.02,21649.37,25312.19,24049.78
20170125,550.01,797.35,688.22,21916.21,25473.88,24201.37
20170126,556.15,805.18,696.68,22088.6,25667.71,24422.08
20170127,553.07,800.31,692.09,22022.21,25659.92,24431.67
20170130,551.8,797.83,690.55,22001.26,25634.37,24393.11
20170131,541.98,787.5,680.79,21840.31,25501.5,24223.47
20170201,551.41,789.82,692.12,21725.65,25480.61,24159.44
20170202,550.93,789.44,691.37,21709.21,25418.34,24262.85
20170203,549.06,786.2,689.53,21727.11,25459.1,24201.07
20170206,557.38,797.84,700.21,21917.41,25707.54,24301.24
20170207,551.52,790.78,694.71,21856.12,25623.42,24354.68
20170208,548,788.58,691.49,21852.47,25594.73,24412.18
20170209,547.59,786.72,689.12,21819.14,25605.68,24463.65
20170210,554,794.97,700.05,21982.33,25801.36,24570.1
20170213,558.28,801.78,704.15,22080.81,25881.36,24649.92
20170214,559.56,803.98,706.51,22206.09,26004.43,24760.37
20170215,562.59,805.11,710.45,22302.51,26120.64,24864.65
20170216,565.41,809.95,715.74,22458.84,26222.05,25004.58
20170217,555.32,807.93,713.12,22391.69,26212.27,24954.3
20170221,554.6,809.11,715.16,22402.2,26244.16,25056.05
20170222,560.46,814.73,717.69,22548.63,26402.31,25191.92
20170223,554.73,813.21,713.71,22505.01,26366.94,25175.13
20170224,546.57,809.1,710.55,22452.11,26386.72,25133.74
20170227,544.73,806.38,710.44,22463.44,26432.68,25177.64
20170228,550.6,811.77,719.62,22484.37,26458.13,25223.32
20170301,549.67,802.23,714.26,22408.83,26404.43,25130.44
20170302,563.72,817.61,726.51,22769.76,26803.19,25420.06
20170303,554.16,808.1,717.53,22542.31,26635.29,25299.23
20170306,554.13,806.88,717.58,22534.94,26665.45,25334.59
20170307,549.88,801.61,712.23,22470.54,26572.71,25244.09
20170308,544.06,797.26,707.49,22390.68,26474.28,25181.84
20170309,536.27,793.97,706.9,22284.56,26417.85,25175.1
20170310,532.42,790.28,705.55,22312.52,26444.4,25183.82
20170313,535.16,792.13,707.82,22391.16,26514.03,25290.21
20170314,538.5,793.14,710.87,22405.4,26525.43,25409.58
20170315,533.83,790.12,706.4,22304.56,26438.15,25336.92
20170316,544.83,801.41,715.13,22530.85,26641.16,25526.43
20170317,544.72,804.13,718.56,22473.76,26599.18,25544.57
20170320,546.83,809.14,720.24,22456.34,26540.43,25545.25
20170321,544.83,802.4,718.35,22402.47,26459.17,25507.08
20170322,529.11,781.58,694.15,22090.67,26113.74,25133.33
20170323,527.55,778.69,693.05,22125.72,26147.01,25203.75
20170324,531.29,784.67,696.78,22114.99,26145.01,25151.92
20170327,530.92,785.28,696.37,22054.85,26120.03,25183.03
20170328,531.86,787.23,700.73,22025.5,26073.07,25200.64
20170329,538.32,791.28,704.79,22228.89,26244.22,25375.29
20170330,542.85,794.12,707.31,22266.64,26242.65,25453.13
20170331,545.68,801.19,713.92,22336.78,26356.13,25503.33
20170403,553.46,804.74,716.94,22233.08,26278.16,25445.35
20170404,545.92,794.09,708.08,22172.52,26220.18,25413.17
20170405,545.58,792.86,706.88,22218.69,26218.06,25423.01
20170406,537.72,781.74,697.2,22115.3,26125.78,25329.18
20170407,541.78,788.23,704.07,22175.81,26224.72,25332.82
20170410,540.98,787.95,704.42,22163.35,26201.82,25310.38
20170411,545.78,790.84,703.35,22194.62,26203.91,25335.29
20170412,550.25,797.22,707.26,22198.93,26182.95,25279.74
20170413,540.06,785.84,699.48,22062.14,26077.85,25248.51
20170417,532.53,777.11,692.94,21883.95,25908.58,25121.28
20170418,537.4,787.32,700.87,22056.28,26134.18,25352.55
20170419,537.63,788.03,700.04,22018.58,26050.76,25288.42
20170420,533.57,792.03,704.83,21893.11,26011.07,25333.75
20170421,539.46,803.93,716.02,22048.77,26229.72,25530.9
20170424,534.53,802.57,713.33,21941.12,26165.85,25482.9
20170425,542.07,815.43,723.24,22222.46,26465.79,25768.17
20170426,547.88,822.32,730.46,22397.47,26604.33,25936.63
20170427,551.91,828.47,734.59,22351.39,26610.06,25951.54
20170428,548.54,827.18,734.63,22290.47,26612.82,26033.22
20170501,544.33,819.69,729.07,22243.09,26523.11,26015.04
20170502,545.65,822.9,733.52,22209.76,26541.5,26158.94
20170503,541.45,820.51,730.54,22142.7,26577.93,26213.93
20170504,538.23,814.24,726.24,22112.15,26559.38,26135.49
20170505,530.07,815.18,726.79,22064.48,26573.16,26175.01
20170508,538.54,818.21,728.26,22177.14,26691.36,26288.17
20170509,540.01,816.25,723.56,22116.02,26652.67,26341.58
20170510,540.25,817.15,726.66,22076.6,26601.85,26374.83
20170511,546.73,820.66,729.78,22133.68,26663.47,26363.79
20170512,543,815.04,725.21,22090.47,26585.49,26311.78
20170515,538.99,809.43,722.33,22018.03,26524.1,26320.71
20170516,542.96,815.81,727.99,22118.05,26667.96,26442
20170517,542.04,816.27,729.66,22116.61,26650.73,26429.15
20170518,526.27,792.69,707.07,21738.02,26164.31,25862.43
20170519,526.57,795.14,711.2,21733.39,26270.19,26020.81
20170522,532.94,797.95,712.31,21991.42,26453.2,26146.12
20170523,535.76,804.25,718.4,22062.04,26597.19,26319.41
20170524,537.25,806.17,720.57,22121.25,26645.12,26352.64
20170525,535.99,805.18,722.83,22170.19,26694.54,26448.21
20170526,532.51,806.22,723.85,22190.65,26805.27,26623.84
20170530,533.97,806.95,722.53,22205.83,26820.74,26632.65
20170531,528.79,801.98,715.2,22139.02,26851.98,26610.75
20170601,530.94,803.71,718.51,22105.45,26816.69,26594.67
20170602,541.99,818.36,732.5,22307.42,27096.07,26817.08
20170605,544.46,819.31,738.28,22329.36,27140.66,26997
20170606,542.77,813.78,733.67,22261.08,27125.45,26961.27
20170607,544.43,811.56,732.24,22231.13,27044.88,26856.38
20170608,540.92,813.22,733.95,22196.14,27080.18,26945.89
20170609,546.6,824.67,746.11,22279.23,27080.95,26959.42
20170612,549.31,829.27,745.72,22421.82,27206.02,26599.15
20170613,550.01,827.27,742.83,22464.74,27230.21,26464.05
20170614,554.75,830.17,747.48,22547.24,27344.94,26651.24
20170615,546.28,824.43,744.89,22496.33,27329.86,26604.27
20170616,540.35,820.44,741.74,22475.88,27284.73,26494.98
20170619,539.88,817.55,739.67,22507.34,27283.5,26454.6
20170620,547.44,822.83,747.35,22533.55,27456.02,26769.31
20170621,540.99,811.77,740.21,22349.47,27256.84,26609.64
20170622,535.1,808.58,741.38,22222.14,27183.4,26740.59
20170623,539.66,811.67,745,22213.74,27130.03,26807.39
20170626,546.56,816.6,752.39,22267.26,27137.96,26974.83
20170627,548.13,818.35,753.7,22283.95,27175.26,26937.88
20170628,543.05,811.8,745.09,22132.85,27022.04,26602.16
20170629,553.17,825.71,758.35,22311.71,27309.96,26907.43
20170630,550.14,820.67,754.15,22192.02,27122.23,26578.21
20170703,464.25,753.39,746.52,20974.54,24712.88,27506.42
20170705,468.89,758.52,752.16,21085.91,24847.81,27409.04
20170706,464.91,753.53,749.44,20983.96,24825.59,27582.19
20170707,458.51,743.75,738.36,20756.21,24605.48,27319.44
20170710,461.39,752.49,746.98,20845.44,24735.96,27574.57
20170711,460.85,748.68,743.41,20814.54,24709.45,27683.15
20170712,463.59,748.62,745.72,20846.92,24654.46,27717.3
20170713,466.45,754.25,749.6,20996.41,24771.18,27985.02
20170714,468.72,754.7,750.41,21046.74,24807.11,28033.69
20170717,469.72,755.4,752.16,21184.12,24854.58,28207
20170718,470.98,757.4,752.67,21182.12,24845.29,28210.13
20170719,469.03,754.86,750.97,21212.95,24805.33,28332.02
20170720,475.12,761.62,758.4,21364.9,24891.4,28535.84
20170721,474.14,763.67,759.35,21336.04,24874,28566.02
20170724,470.66,759.85,756.9,21288.25,24875.31,28561.41
20170725,471.15,758.82,759.51,21237.25,24810.15,28641.38
20170726,476.56,766.16,765.17,21052.26,24938.69,28611.77
20170727,474.75,760.98,761.95,21098.85,24875.58,28643.76
20170728,470.55,757.56,755.4,21190.27,24876.96,28518.68
20170731,470.31,755.4,753.72,21181.97,24855.94,28429.67
20170801,470.53,755.27,753.47,21109.52,24866.2,28280.29
20170802,467.86,758.18,755.06,21112.7,24937.46,28367.54
20170803,461.26,751.19,746.44,21086.37,24890.76,28429.46
20170804,456.96,747.51,743.79,21018.24,24883.01,28340.36
20170807,460.76,752.64,748.74,21053.7,24936.82,28416.38
20170808,459.71,752.47,750.53,21062.3,24960.87,28502.62
20170809,456.35,751.72,747.99,20980.86,24897.89,28458.07
20170810,451.68,746.51,740.2,20968.24,24872.47,28426.66
20170811,440.29,736.42,726.26,20718.25,24543.09,27907.4
20170814,442.67,736.57,728.78,20761.9,24520.56,28040.06
20170815,447.46,747.29,738.64,20873.69,24772.15,28375.25
20170816,443.02,739.81,732.96,20850.61,24725.29,28393.92
20170817,442.82,739.72,733.12,20857.5,24765.37,28460.88
20170818,435.31,726.41,721.35,20557.84,24380.29,27981.74
20170821,435.4,726.1,721.39,20533.49,24313.27,27965.42
20170822,433.35,726.19,720.06,20555.41,24335.79,27977.77
20170823,439.76,732.27,726.94,20752.04,24571.23,28319.17
20170824,440.38,729.64,726.69,20685.52,24492.51,28212.95
20170825,443.65,731.49,729.35,20618.41,24456.7,28166.63
20170828,445.33,735.24,730.42,20669.98,24518.19,28173.02
20170829,447.1,735.54,734.25,20668.01,24501.33,28284.49
20170830,449,736.15,734.46,20680.18,24481.65,28365.16
20170831,451,740.27,738.37,20711.96,24548.93,28622.95
20170901,457.8,749.27,750.33,20785.86,24652.21,28967.26
20170905,461.84,753.8,755.29,20620.67,24714.48,28834.65
20170906,460.02,745.73,747.55,20547.35,24483.07,28603.2
20170907,462.38,747.22,750.24,20632.02,24549.96,28672.21
20170908,463.52,744.33,748.39,20616.39,24463.02,28734.2
20170911,461.82,746.65,748.73,20553.53,24477.99,28628.79
20170912,466.49,755.2,756.64,20842.09,24745.24,28947.01
20170913,471.07,761.21,761.92,20913.84,24906.77,29054.35
20170914,473.64,763.63,765.76,20974.24,24966.52,29057.64
20170915,473.54,761.94,765.58,20992.67,24947.53,28960.36
20170918,474.61,765.35,769.67,21051.88,25007.16,28981.59
20170919,478.55,769.1,774.73,21138.22,25113.52,28954.1
20170920,478.77,768.91,774.02,21152.31,25185.97,28976.22
20170921,481.8,772.12,777.24,21221.83,25244.13,28959.41
20170922,480.48,771.98,777.87,21175.2,25194.81,28833.2
20170925,483.31,777.11,780.3,21229.93,25243.71,28817.39
20170926,486.72,777.79,780.31,21232.32,25266.31,28586.25
20170927,488.49,783.44,782.33,21194.94,25308.75,28641.29
20170928,497.11,798.77,799.98,21232.98,25423.69,28865.98
20170929,498.19,801.4,803.93,21245,25449.57,28908.7
20171002,506.69,803.62,819.32,21250.13,25501.36,29062.87
20171003,512.35,816.08,829.24,21350.55,25696.34,29226.2
20171004,513.07,817.66,831.24,21548.16,25777.06,29295.7
20171005,511.93,814.9,829.14,21570.5,25777.2,29336.27
20171006,513.67,814.88,831.73,21661.54,25863.45,29581.71
20171009,512.38,813.96,827.87,21602.2,25798.16,29625.88
20171010,509.55,810.47,822.85,21523.57,25717.58,29619.3
20171011,510.61,813.88,825.93,21633.51,25786.47,29647.41
20171012,508.16,812.43,825.73,21693.51,25803.11,29724.59
20171013,505.95,810.58,822.84,21733.64,25716.07,29681.55
20171016,504.35,809.56,820.52,21760.48,25702.06,29728.98
20171017,503.87,809.57,821.21,21805.76,25748.75,29792.52
20171018,501.74,807.89,818.66,21767.8,25762.91,29832.18
20171019,503.7,811.72,822.61,21746.29,25825.12,29856.37
20171020,501.08,809.44,821.17,21793.1,25892.61,29772.22
20171023,504.43,814.58,826,21928.52,26016.36,29961.98
20171024,498.84,808.76,820.63,21770.34,25973.97,29786.57
20171025,499.26,809.53,822.25,21778.46,26051.38,29836.89
20171026,495.45,806.17,819.46,21618.74,25926.59,29714.74
20171027,495.04,810.14,821.55,21655.34,25974.51,29769.1
20171030,498.56,813.84,827.71,21580.09,25988.39,30420.66
20171031,493.42,802.44,820.36,21403.91,25824.01,30416
20171101,501.1,811.38,831.61,21469.76,25736.3,30508.91
20171102,496.71,807.2,826.17,21496.67,25796.9,30514.9
20171103,497.2,811.23,825.66,21573.69,25840.24,30463.63
20171106,497.68,807.25,824.36,21636.53,25860.98,30664.14
20171107,499.56,808.43,828.22,21697.47,25818.29,30718.44
20171108,491.23,796.03,815.51,21699.18,25749.18,30725.56
20171109,490.36,797.36,815.54,21773.64,25740.03,30797.3
20171110,488.73,794.2,812.12,21697.3,25620.87,30668.68
20171113,489.27,794.25,812.77,21732.42,25625.09,30626.91
20171114,485.1,793.14,814.89,21666.32,25662.05,30771.32
20171115,481.24,793.04,812.81,21576.01,25638.27,30701.94
20171116,480.51,790.43,808.97,21431.31,25548.4,30487.01
20171117,490.22,801.57,822.69,21723.52,25747.96,30763.65
20171120,494.14,807.23,827.09,21712.46,25743.84,30708.78
20171121,497.59,811.67,833.68,21722.14,25834.51,30719.33
20171122,500.88,819.62,842.61,21774.55,25945.06,31045.7
20171124,503.33,817.79,843.76,21792.91,25968.26,31031.01
20171127,504.87,817.94,846.62,21824.53,25989.75,31138.24
20171128,503.03,816.6,842.19,21770.48,25985.79,31144.36
20171129,510.3,832.4,855.39,21957.76,26362.18,31341.62
20171130,510.28,839.9,858.1,22049.3,26583.47,30998.86
20171201,515.35,841.8,867.59,22201.52,26737.75,31331.43
20171204,514.86,836.49,861.41,22176.92,26708.72,31224.9
20171205,511.87,838.48,857.81,22228.49,26885.12,30903.63
20171206,508.05,830.09,849.68,22123.93,26701.53,30894.41
20171207,503.09,826.25,844.15,22048.96,26629.47,30991.49
20171208,509.39,829.38,850.35,22113.6,26700.88,31156.46
20171211,511.49,827.71,851.28,22202.49,26861.3,31320.59
20171212,512.87,825.2,848.88,22230.76,26919.19,31464.2
20171213,511.11,824.06,845.25,22248.51,26987.03,31450.36
20171214,514.47,827.27,851.25,22287.58,26932.98,31488.17
20171215,509,815.73,842.17,22179.39,26789.24,31393.09
20171218,514.87,830.41,855.7,22323.11,27008.7,31727.83
20171219,523.65,842.89,868.17,22472.78,27170.74,31910.34
20171220,521.98,836.69,862.17,22476.43,27102.08,31775.54
20171221,525.66,838.75,866.2,22502.35,27112.58,31722.26
20171222,530.07,843.77,871.14,22577.79,27201.33,31733.56
20171226,530.63,841.45,868.72,22592.6,27187.81,31695.87
20171227,534.96,842.57,869.83,22661.7,27186.52,31591.2
20171228,532.52,842.31,868.25,22663.55,27189.38,31636.64
20171229,533.17,844.67,872.2,22690.98,27255.98,31695.06
20180102,533.48,840.94,869.75,22627.26,27101.91,31455.08
20180103,541.71,847.44,880.16,22813.71,27238.93,31826.55
20180104,543.64,847.23,882.51,22932.49,27384.2,32066.19
20180105,545.91,848.41,884.53,23074.28,27518.73,32146.73
20180108,545.79,852.67,887.44,23201.34,27655.5,32454.55
20180109,544.98,853.78,887.12,23287.31,27680.66,32540.51
20180110,543.61,851.46,887.73,23352.21,27729.91,32559.89
20180111,544.74,852.19,889.6,23315.97,27718.93,32539.1
20180112,557.26,868.54,905.23,23580.32,27906.39,32781.96
20180116,558.91,870.84,908.82,23770.73,28099.01,32990.32
20180117,548.17,860,896.7,23658.56,27976.48,32866.84
20180118,553.51,866.7,905.78,23887.43,28218.15,33212.79
20180119,550.57,860.33,901.04,23755.33,28165.44,33224.89
20180122,558.75,872.9,912.73,23875.46,28335.36,33371.62
20180123,564.75,874.36,916.92,24050.84,28531.6,33686.06
20180124,566.49,875.9,920.69,24087.22,28491.69,33890.08
20180125,562.5,869.64,912.62,24045.04,28537.18,33799.25
20180126,562.17,870.47,914.47,24030.14,28586.38,33806.02
20180129,565,874.88,917.38,24243.33,28873.13,34301.29
20180130,559.23,869.89,914.08,24087.02,28693.81,34099.1
20180131,551.61,863.63,904.31,23765.84,28371.52,33798.75
20180201,550.22,859.43,900.76,23758.75,28277.94,33874.19
20180202,551.33,863.13,904.93,23783.49,28341.75,33795.4
20180205,536.86,846.01,883.89,23224.6,27749.7,33106.41
20180206,515.55,816.2,854.59,22303.83,26543.64,31839.58
20180207,524.15,822.8,864.98,22601.23,26928.27,32493.83
20180208,525.44,825.13,866.71,22548.4,26900.95,32236.25
20180209,506.2,804.84,840.64,21721.77,25942.71,30963.99
20180212,509.13,812.17,847.89,21924.83,26314.07,31436.73
20180213,515.58,816.61,856.78,22199.02,26607.96,31968.66
20180214,518.79,819.59,859.78,22223.62,26764.87,32075.67
20180215,529.53,832.78,877.23,22527.85,27144.32,32585.65
20180216,534.38,840.3,887.3,22745.52,27434.89,33069.39
20180220,536.43,843.6,890.38,22736.38,27473.24,33027.93
20180221,532.45,835.09,882.74,22428.4,27264.03,32977.78
20180222,533.34,838.23,884.92,22262.78,27107.14,32884.5
20180223,534.2,837.47,881.86,22349.08,27078.8,32875.09
20180226,541.26,846.58,892.52,22657.34,27455.6,33466.16
20180227,545.08,852.03,899.24,22852.38,27759.16,33899.64
20180228,537.18,838.87,887.24,22559.26,27417.99,33482.23
20180301,528.88,828.05,879.89,22218.47,26985.52,33212.22
20180302,527.1,821.92,877.3,21944.29,26667.35,32767.85
20180305,536.39,833.61,894.51,22005.49,26806.05,33051.5
20180306,541.05,839.35,901.1,22256.31,27070.99,33437.53
20180307,545.71,848.42,909.55,22394.31,27135.4,33566.27
20180308,549.32,854.02,917.47,22400.91,27081.27,33676.64
20180309,547.04,852.31,916.71,22497.07,27155.44,33840.67
20180312,556.28,864.2,931.37,22888.96,27639.91,34537.69
20180313,558.76,865.88,934.44,22779.72,27645.16,34576.16
20180314,554.64,861.4,928.77,22651.84,27482.64,34302.38
20180315,551.14,856.45,927.73,22482.85,27278.75,34202.82
20180316,547.4,853.68,921.87,22421.06,27279.28,34133.79
20180319,551.28,861.48,926.72,22519.45,27369.25,34140.37
20180320,544.74,854.85,917.48,22222.39,27075.22,33545.76
20180321,544.65,854.04,920,22291.4,27050.33,33661.89
20180322,551.56,858.51,925.65,22398.58,27036.98,33507.91
20180323,538.68,839.35,905.06,21860.29,26344.21,32632.04
20180326,529.85,822.37,885.84,21560.59,25806.88,31846.39
20180327,540.53,839.24,904.77,22015.51,26447.85,32956.12
20180328,527.85,824.89,884.77,21760.85,26087.08,32104.04
20180329,524.58,825.83,882.06,21696.45,26083.64,31875.37
20180402,535.99,833.78,901.45,21954.76,26427.04,32335.92
20180403,521.79,817.05,880.25,21431.81,25878.33,31542.91
20180404,529.24,828.1,890.28,21733.56,26208.49,31908.83
20180405,538.19,839.19,904.41,21920.91,26496.63,32419.06
20180406,542.8,846.89,910.83,22134.24,26663,32653.06
20180409,531.45,832.86,891.24,21650.72,26120.04,31879.41
20180410,531.3,831.94,895.03,21728,26155.69,32009.18
20180411,546.2,847.91,912.84,22145.31,26548.26,32620.83
20180412,549.55,847.98,915.69,22087.99,26382.76,32435.03
20180413,554.72,851.99,924.36,22233.13,26622.26,32710.95
20180416,551.79,848.61,919.13,22242.86,26472.14,32604.97
20180417,555.77,859.02,926.78,22430.8,26687.63,32867.46
20180418,562.31,865.78,938.6,22646.56,26862.37,33458.92
20180419,566.92,867.8,940.92,22737.31,26845.56,33518.9
20180420,562.81,864.08,936.36,22664.55,26781.64,33266.85
20180423,559.61,859.54,930.81,22538.73,26615.15,32892.5
20180424,557.86,861.35,929.81,22578.48,26627.39,32834.76
20180425,553.16,859.06,923.31,22248.91,26442.13,32209.11
20180426,553.05,860.02,921.03,22278.03,26501.15,32299.23
20180427,556.09,861.22,926.84,22458.14,26612.33,32841.88
20180430,555.11,858.01,923.33,22470.41,26619.27,32853.33
20180501,552.88,852.47,920.58,22279.93,26277.86,32597.73
20180502,553.69,855.83,927.38,22166.88,26240.46,32892.74
20180503,557.77,859.34,927.03,21987.89,25992.84,32749.28
20180504,552.02,852.23,920.45,21964,25915.17,32699.56
20180507,560.03,863.28,930.75,22232.62,26219.55,33165.74
20180508,565.37,867.96,940.51,22261.03,26288.21,33357.03
20180509,567.67,874.92,944.99,22295,26322.44,33327.79
20180510,573.77,877.5,952.26,22450.01,26539.58,33680.49
20180511,575.2,882.75,957.37,22565.32,26780.79,33987.23
20180514,578.21,884.21,959.98,22579.92,26872.25,33997.81
20180515,581.83,879.3,957.35,22622.48,26882.49,34005.26
20180516,583.9,879.91,949.26,22532.04,26766.01,33718.74
20180517,590.83,889.26,959.39,22668.36,26849.41,33885.1
20180518,597.42,895.69,966.84,22688.08,26826.4,33839.99
20180521,597.57,895.95,968.95,22612.5,26746.59,33780.41
20180522,599.59,903.54,973.37,22811.75,26929.03,34025.23
20180523,592.77,896.16,964.58,22631.25,26856.27,33927.9
20180524,593.24,897.43,965.75,22635.97,26889.57,34134.2
20180525,594.53,898.83,965.47,22608.18,26832.22,34082.75
20180529,591.69,899.48,964.64,22456.2,26767.85,34064.74
20180530,591.74,898.38,963.19,22254.92,26356.44,33892.37
20180531,600.42,910.71,978.09,22597.27,26733.96,34252.66
20180601,608.07,904.38,975.28,22361.04,26455.14,34113.94
20180604,612.23,911.59,983.38,22521.19,26712.69,34544.67
20180605,612.38,917.73,989.59,22601.75,26811.9,34759.83
20180606,618.9,924.76,997.01,22611.69,26811.17,34929.75
20180607,622.39,931.46,1002.59,22794.09,27088.96,35178.04
20180608,620.5,929.63,997.63,22695.93,27196.13,34947.66
20180611,620.89,932.17,1002.16,22755.19,27313.24,35034.61
20180612,623.11,933.84,1003.58,22836.23,27319.09,35074.51
20180613,626.58,934.44,1008.46,22860.6,27314.71,35247.32
20180614,625.1,930.86,1007.3,22779.22,27176.68,35188.42
20180615,625.38,935.57,1011.37,22722.82,27174.95,35421.08
20180618,624.25,936.63,1008.76,22621.18,27118.17,35318.11
20180619,629.65,942.25,1014.92,22584.61,27022.54,35342.91
20180620,628.57,942.99,1018.27,22441.61,26913.83,35229.79
20180621,637.02,947.35,1029.28,22507.11,26883.03,35390.19
20180622,628.3,937.54,1014.1,22335.75,26750.76,35099.73
20180625,632.83,936.79,1012.26,22505.02,26796.72,35028.22
20180626,617.84,922.6,992.2,22231.47,26535.82,34351.37
20180627,622.99,928.81,999.99,22327.06,26537.92,34482.46
20180628,611.44,912.12,979.79,22252.96,26307.08,34069.45
20180629,612.3,915.79,985.4,22285.89,26441.72,34360.64
20180702,558.66,966.05,822.74,23698.71,28314.6,30930.06
20180703,562.1,973.82,829.03,23647.78,28362.54,31156.25
20180705,564,975.82,831.95,23665.23,28248.69,30897.2
20180706,570.58,987.73,841.11,23822.31,28431.23,31233.88
20180709,576.26,994.03,848.89,24079.67,28662.49,31560.41
20180710,579.73,1002.53,855.49,24281.59,28963.88,31906.86
20180711,576.85,997.66,849.56,24406.58,29073.69,31949.87
20180712,572.74,989.39,843.4,24156.24,28859.26,31802.45
20180713,576.84,990.17,848.44,24287.86,29049.62,32246.45
20180716,576.73,989.59,846.06,24358.4,29043.55,32307.44
20180717,572.19,983.87,840.64,24242.46,29183.94,32191.96
20180718,575.67,988.13,846,24329.39,29247.54,32445.49
20180719,575.76,992.12,848.14,24384.82,29328.54,32539.98
20180720,578.37,994.19,851.98,24265.26,29259.88,32437.07
20180723,575.75,992.51,849.93,24214.31,29220.14,32446.25
20180724,576.27,991.89,851.06,24182.43,29285.69,32516.99
20180725,570.53,983.52,839.88,24259.2,29334.34,32674.18
20180726,570.72,985.86,841.65,24438.77,29508.4,33074.14
20180727,573.06,994.26,847.94,24515.26,29611.24,32709.66
20180730,561.83,978.32,830.29,24475.31,29416.14,32367.92
20180731,559.97,975.3,822.57,24482.77,29318.23,31908.1
20180801,573.78,986.59,835.33,24736.38,29340.01,32061.54
20180802,571.4,983.76,833.88,24542.19,29195.07,32243.24
20180803,575.45,991.18,840.75,24584.03,29296.02,32629.28
20180806,573.21,985.95,835.42,24747.99,29434.01,32675.34
20180807,577.48,992.61,840.82,24797.5,29502.16,32923.55
20180808,578.97,995.96,842.12,24790.99,29601.03,33054.25
20180809,577.32,996.8,839.74,24766.54,29578.52,33075.19
20180810,579.05,997.82,842.71,24686,29513.23,33118.29
20180813,577.81,994.99,840.11,24615.12,29296.8,32887.85
20180814,574.05,988.18,833.29,24507,29141.63,32778.79
20180815,580.49,1001.6,838.71,24686.51,29334.57,33003.15
20180816,570.08,989.19,826.54,24465.9,29131.82,32648.82
20180817,574.66,998.75,835.16,24825.32,29405.31,32804.67
20180820,577.45,1004.06,838.6,24929.22,29511.39,32858.47
20180821,578.66,1009.24,840.82,24992.25,29601.05,32919.44
20180822,583.85,1021.23,852.75,25020.09,29703.17,32995.57
20180823,586.32,1022.82,856.5,24976.94,29640.24,33118.07
20180824,584.5,1019.52,853.42,24866.39,29572.48,33109.1
20180827,588,1024.55,858.44,24978.4,29715.55,33391.26
20180828,589.65,1025.2,861.53,25072.07,29938.62,33716.38
20180829,589.18,1023.46,860.64,25071.17,29902.69,33761.38
20180830,591.88,1026.98,864.24,25153.08,29991.52,34077.86
20180831,591.17,1024.05,862.24,25018.85,29792.92,34016.96
20180904,590.79,1034.26,873.66,24995.44,29718.04,34040.47
20180905,587.93,1029.56,871.55,24937.87,29710.37,34086.96
20180906,584.78,1027.67,867.66,24993.07,29718.4,33721.41
20180907,580.52,1021.33,857.75,24887.42,29661.91,33504.67
20180910,579.47,1020.59,857.85,24866.41,29579.45,33440.42
20180911,579.4,1023.43,861.83,24920.41,29656.61,33494.66
20180912,579.72,1023.48,862.48,24926.35,29690.1,33786.89
20180913,581.38,1021.72,860.19,25037.6,29697.69,33748.68
20180914,582.09,1021.25,858.99,25105.39,29808.04,33964.89
20180917,583.44,1028.76,863.47,25171.76,29836.11,33965.55
20180918,578.08,1021.22,853.72,25159.11,29748.09,33515.78
20180919,581.31,1025.44,860.58,25270.48,29893.91,33741.03
20180920,579.3,1023.29,858.72,25273.37,29961.8,33722.39
20180921,585.9,1032.46,868.15,25451.99,30153.84,34028.25
20180924,584.32,1028.4,861.17,25538.34,30184.82,33875.51
20180925,584.02,1022.6,858.29,25379.85,29982.87,33946.73
20180926,585.81,1023.96,858.31,25325.59,29896.35,34021.76
20180927,581.12,1014.56,848.54,25229.28,29774.79,33925.11
20180928,580.59,1012.75,847.98,25241.45,29803.06,34127.15
20181001,583.68,1019,857.38,25216.61,29780.64,33951.46
20181002,577.16,1005.62,845.04,25267.08,29851.35,34104.29
20181003,571.42,998.14,834.42,25283.93,29862.08,33981.63
20181004,577.2,1008.29,844.8,25278.8,29915.32,34038.94
20181005,568.99,996.99,828.9,25184.21,29772.69,33521.05
20181008,564.81,985.93,819.32,25077.3,29639.57,33238.53
20181009,562.83,985.84,814.96,25165.52,29696.84,33011.02
20181010,560.39,982.35,809.06,25308.16,29567.73,33000.46
20181011,543.73,953.29,783.66,24614.11,28761.34,31604.4
20181012,533.83,933.55,771.27,24081.61,28132.32,31134.94
20181015,536.79,931.49,773.26,24331.7,28381.48,31828.13
20181016,538.15,936.91,775.93,24300.49,28304.98,31504.7
20181017,552.91,960.16,798.34,24688.92,28826.92,32404.43
20181018,550.57,955.93,793.46,24732.98,28800.81,32381.4
20181019,539.58,938.59,777.17,24425.75,28455.44,31761.29
20181022,533.2,926.64,763.81,24521.4,28382.04,31681
20181023,532.3,924.42,759.54,24353.75,28164.71,31726.72
20181024,528.36,915.65,753.26,24187.58,27984.47,31564.44
20181025,508.86,882.51,718.44,23600.25,27227.24,30247.96
20181026,519.32,898.59,737.22,23890.94,27572.41,31121.02
20181029,513.16,890.53,729.94,23723.51,27194.85,30419.16
20181030,509.53,888.44,722.06,23690.94,27197.73,29880.11
20181031,519.89,909.05,735.63,24135.06,27673.8,30294.92
20181101,524.37,913.76,746.42,24303.13,27735.2,30927.39
20181102,536.73,931,768.54,24552.8,28011.13,31384
20181105,537.37,937.97,771.59,24477.69,27919.36,31084.14
20181106,536.97,936.53,769.32,24772.77,28183.54,31082.67
20181107,540.31,939.69,770.51,24911.62,28335.18,31276.85
20181108,548.2,955.7,783.12,25290.88,28822.2,32169.05
20181109,547.53,952.27,777.21,25218.96,28761.83,32028.2
20181112,537.44,935.86,760.43,25115.76,28544.73,31557.94
20181113,526.94,922.41,741.68,24761.8,28085.58,30684.9
20181114,524.64,921.59,740.85,24672.42,28067.82,30662.81
20181115,520.03,916.36,733.38,24472.77,27895.35,30363.55
20181116,527,928.51,746.54,24599.83,28164.15,30840.27
20181119,526.27,931.81,748.51,24690.59,28237.7,30817.74
20181120,515.52,916.46,730.01,24440.23,27945.7,29879.35
20181121,505.3,900.28,716.59,23928.89,27420.64,29372.8
20181123,513.98,910,728.61,24028.09,27514.86,29530.25
20181126,513.29,910.26,730.08,23920.77,27352.66,29322.32
20181127,517.95,917.21,740.21,24197.76,27729.39,29965.31
20181128,513.86,908.82,733.45,24251.76,27825.82,29999.53
20181129,526.52,930.66,754.32,24670.79,28349.28,30981.49
20181130,524.47,926.05,749.96,24405.7,28260.2,30918.79
20181203,528.51,929.74,757.09,24532.41,28553.25,31217.42
20181204,533.43,938.32,766.43,24723.55,28771.38,31743.67
20181206,512.35,896.3,730.05,24036.17,27878.33,30497.93
20181207,511.33,891.26,728.14,23911.97,27783.61,30549.05
20181210,499.7,877.19,712.18,23468.43,27194.89,29650.34
20181211,499.22,870.89,709.3,23461.82,27117.16,29839.91
20181212,497.73,868.84,706.81,23436.04,27073.34,29855.38
20181213,504.62,878.13,714.79,23566.84,27191.22,30129.74
20181214,495.06,866.18,701.31,23540.64,27146.27,30072.27
20181217,487.12,852.33,688.47,23166.29,26760.69,29305.94
20181218,474.94,836.93,672.51,22727.48,26252.71,28589.2
20181219,473.33,836.75,669.46,22604.88,26182.77,28734.01
20181220,463.88,820.58,654.44,22309.96,25838.36,28192.44
20181221,453.77,810.08,641.24,22007.08,25479.18,27704.71
20181224,437.89,792.47,623.39,21686.31,24976.5,26903.2
20181226,430.43,775.82,615.59,21106.11,24277.64,26262.76
20181227,450.74,810.34,648.95,22038.64,25367.73,27841.46
20181228,450.45,812.43,650.07,22280.33,25584.73,28032.9
20181231,453.95,817.24,655,22242.59,25557.53,28016.43
20190102,459.29,822.58,662.92,22428.87,25825.29,28229.75
20190103,466.31,828.42,669.13,22548.76,25893.71,28262.99
20190104,458.26,813.49,654.78,22090.3,25454.72,27285.41
20190107,477.05,841.21,681.7,22729.85,26279.04,28415.79
20190108,486.39,852.16,697.43,22879.37,26470.91,28731.47
20190109,493.18,864.08,705.37,23030.63,26733.38,29065.14
20190110,498.24,871.94,712.41,23099.51,26792.94,29280.19
20190111,500.33,874.6,712.51,23134.39,26955.57,29376.71
20190114,502.41,875.24,713.84,23163.18,26979.01,29320.37
20190115,496.17,868,706.2,22997.06,26893.78,29097.23
20190116,501.17,872.95,714.33,23172.28,27051.34,29593.14
20190117,503.51,879.11,719.13,23155.04,27171.83,29666.41
20190118,507.83,887.45,724.88,23329.54,27354.79,29934.27
20190122,511.54,897.19,733.88,23635.06,27730.35,30314.98
20190123,502.06,877.96,719.14,23335.49,27415.98,29723.5
20190124,501.17,876.38,715.93,23404.28,27506.97,29737.1
20190125,504.31,881.65,722.02,23403.83,27570.26,29806.58
20190128,511.22,890.2,733.36,23528.69,27684.2,30246.76
20190129,505.59,884.96,726.91,23403.57,27503.57,29927.09
20190130,504.41,885.29,725.54,23491.79,27521.96,29722.93
20190131,509.78,892.53,735.6,23722.75,27773.39,30449.78
20190201,518.55,898.06,745.12,23961.86,27878.85,30796.43
20190204,516.54,898.8,744.92,24131.03,28005.36,30723.73
20190205,522,907.34,753.17,24276.06,28135.48,31028.9
20190206,522.85,908.74,755.52,24321.05,28222.28,31251.77
20190207,521.31,905.7,755.32,24326.05,28176.28,31136.88
20190208,514.34,898.45,745.39,24166.43,27970.57,30756.84
20190211,514.37,897.09,746.39,24189.48,27963.41,30879.42
20190212,518.14,905.14,752.39,24216.86,27989.44,30910.86
20190213,525.37,917.35,763.58,24494.51,28322.44,31492.99
20190214,527.66,920.74,766.86,24606.76,28443.22,31505.68
20190215,529.13,920.36,768.71,24456.51,28377.47,31547.43
20190219,537.55,933.6,781.11,24704.43,28809.36,31850.6
20190220,540.38,939.86,784.33,24800.23,28852.61,31879.97
20190221,541.31,945.14,790.91,24814.83,28930.72,31904.33
20190222,539.1,941.48,786.36,24732.7,28836.84,31775.43
20190225,542.12,946.76,796.94,24798.43,29006.38,32049.56
20190226,540.56,943.98,800.43,24775.91,29051.62,32131.93
20190227,535.78,936.4,794.08,24718.4,29014.68,32125.65
20190228,538.29,936.57,798.49,24705.08,29034.16,32168.2
20190301,537.17,933.48,798.31,24610.62,28832.09,31966.74
20190304,543.02,940.54,806.15,24738.03,28980.11,32283.66
20190305,537.63,933.08,798.43,24625.55,28797.55,32169.86
20190306,535.42,927.99,794.61,24607.28,28718.49,32153.98
20190307,525.42,911.15,775.89,24407.37,28501.31,31934.07
20190308,521.83,902.5,770.14,24182.62,28347.1,31592.93
20190311,521.47,901.73,769.13,24061.94,28274.99,31569.31
20190312,531.21,915.19,784.18,24368.6,28570.9,32199.37
20190313,533.37,913.27,784.04,24410.45,28601.66,32354.27
20190314,537.04,915.95,786.86,24600.05,28775.71,32591.25
20190315,533.7,907.75,783.78,24512.51,28787.39,32545.84
20190318,534.75,908.27,787.28,24597.79,28927.02,32703.97
20190319,538.03,915.16,793.77,24715.71,29045.65,32853.94
20190320,536.26,906.95,789.79,24687.53,28960.52,32923.25
20190321,532.49,900.57,784.01,24565.09,28576.73,32957.15
20190322,538.89,908.9,794.56,24822.89,28765.18,33473.46
20190325,520.04,876.62,762.58,24388.67,28312.75,32665.23
20190326,522.22,881.46,765.97,24392.83,28287.64,32633.24
20190327,527.47,891.28,774.06,24620.42,28558.32,32780.78
20190328,525.39,889.74,769.35,24491.41,28466.58,32574.34
20190329,529.6,895.75,775.84,24598.09,28553.02,32706.94
20190401,534.31,899.25,787.1,24678.9,28806.25,32935.99
20190402,538.92,913.66,796.64,24907.14,29250.39,33346.49
20190403,537.1,910.25,797.43,24805.62,29215.06,33415.67
20190404,538.5,914.55,803.05,24789.84,29305.31,33534.28
20190405,540.86,923.1,805.3,24850.47,29435.16,33489.05
20190408,546.7,932.24,813.55,25013.31,29571.12,33645.85
20190409,544.7,931.35,811.92,25085.59,29568.64,33704.7
20190410,537.87,921.12,800.44,24911.61,29344.34,33553.09
20190411,544.57,933.94,811.8,25023.27,29437.65,33728.44
20190412,542.37,934.36,809.63,25076.42,29473.05,33681.8
20190415,541.8,938.94,812.36,25164.54,29791.83,33809.05
20190416,540.43,935.98,808.28,25175.25,29741.33,33817.38
20190417,542.63,940.65,811.96,25184.31,29750.92,33898.64
20190418,535.71,936.27,803.15,25005.36,29725.77,33891.64
20190422,535.01,934.4,800.97,24958.74,29784,33974.56
20190423,535.51,927.83,799.62,24937.51,29755.44,34135.02
20190424,544.04,941.81,812.83,25095.85,29949.89,34587.21
20190425,543.01,944.63,811.42,25157.07,29914.12,34463.79
20190426,540.88,934.73,804.74,25016.74,29854.37,34542.98
20190429,546.62,942.97,814.33,25106.88,29963.61,34781.93
20190430,548.28,947.81,817.68,25103.51,30019.73,34853.55
20190501,545.61,945.47,817.18,25332.13,30025.11,34449.58
20190502,540.61,940.28,807.12,25081.94,29704.82,34277.9
20190503,541.25,945.69,809.27,25063.21,29678.4,34174.31
20190506,551.76,962.63,827.29,25302.98,29902.23,34740.33
20190507,552.59,962.1,829.97,25239.09,29791.13,34549.55
20190508,541.61,943.77,814.64,24935.68,29326.4,33879.3
20190509,540.5,939.45,810.02,24892.29,29265.13,33823.02
20190510,538.23,939.78,809.03,24842.46,29179.36,33688.83
20190513,538.82,942.77,808.57,24970.17,29316.94,33728.49
20190514,522.69,915.93,778.37,24454.22,28652.17,32674.9
20190515,530.24,925.56,789.53,24649.62,28901.41,32961.98
20190516,532.82,927.67,792.97,24746.83,28965.05,33293.87
20190517,534.56,932.59,798.54,24922.36,29250.83,33622.89
20190520,527.97,919.15,786.38,24781.13,29124.56,33311.4
20190521,524.42,916.91,779.26,24681.5,29056.76,32955.16
20190522,531.81,927.46,790.46,24842.72,29315.16,33273.58
20190523,526.12,919.82,781.19,24847.22,29146.74,33184.98
20190524,515.81,899.44,764.1,24563.78,28797.69,32695.23
20190528,519.31,906.27,771.09,24624.15,28879.84,32721.38
20190529,515.81,900.23,766.9,24381.61,28586.01,32563.72
20190530,510.49,892.69,761.23,24238.05,28437.37,32271.75
20190531,509.15,889.5,758.93,24291,28427.24,32390.6
20190603,502.83,876.83,748.36,24020.9,28023.87,31870.1
20190604,504.1,881.79,748.7,24219.58,28169.85,31320.43
20190605,518.16,905.8,770.52,24668.08,28794.03,32120.64
20190606,515.65,903.46,768.47,24812.44,29013.99,32392.75
20190607,511.88,899.88,764.97,24973.72,29154.82,32623.13
20190610,515.01,905.07,773.42,25168.8,29310.16,33184.57
20190611,516.56,911.21,777.84,25266.81,29397.23,33467.07
20190612,515.35,910.82,772.29,25342.41,29369.54,33449.04
20190613,515.54,910.37,773.4,25324.23,29315.94,33344.3
20190614,522.9,919.65,782.15,25389.41,29462.99,33498.4
20190617,517.44,913.21,773.48,25353.75,29429.91,33397.71
20190618,521.66,913.71,781.42,25344.72,29373,33552.85
20190619,528.88,923.26,792.38,25540.48,29665.89,33932.88
20190620,532.25,925.19,794.55,25665.18,29710.59,34072.85
20190621,534.24,931.43,798.68,25904.39,29966.82,34417.5
20190624,532.05,923.41,793.88,25827.62,29930.13,34361.49
20190625,524.95,913.74,782.02,25754.62,29818.64,34312.91
20190626,523.41,909.77,775.99,25617.97,29561.08,33858.84
20190627,522.19,909.31,775.83,25517.41,29521.94,33911.13
20190628,532,926.44,792.09,25617.22,29633.92,34117.09
20190701,522.12,817.9,716.27,34798.33,30098.12,25976.7
20190702,523.44,818.51,719.23,35128.81,30345.63,26168.84
20190703,517.15,814.17,711.75,35211.32,30384.53,26253.14
20190705,520.44,818.57,717.47,35520.96,30590.73,26469.84
20190708,522.01,823.57,717.39,35379.36,30578.6,26471.94
20190709,516.44,816.64,709.78,35064.14,30463.68,26350.36
20190710,517.15,815.9,710.85,35097.8,30456.96,26470.93
20190711,518.98,815.54,711.39,35226.57,30532.89,26664.74
20190712,514.81,812.85,708.33,35136.16,30655.61,26786.55
20190715,519.48,819.93,713.77,35244.36,30858.83,26919.66
20190716,517.73,815.02,709.05,35300.82,30816.75,26927.61
20190717,517.34,817.01,708.44,35167.96,30707.61,26851.51
20190718,511.88,811.03,702.7,34955.55,30467.73,26749.08
20190719,512.24,812.93,704.22,35249.66,30593.94,26720.26
20190722,511.15,811.32,701.21,35025.54,30453.93,26533.65
20190723,510.71,807.12,699.9,35171.97,30499.93,26625.55
20190724,513.84,812.77,702.22,35472.62,30719.5,26731.35
20190725,522.81,824.61,714.35,35661.65,30897.15,26919.83
20190726,515.02,817.29,703.62,35484.6,30738.2,26719.63
20190729,521.79,827.44,712.11,35689.44,30912.21,27078.63
20190730,514.79,824.69,706.59,35792.18,30869.28,26870.34
20190731,521.74,833.66,715.65,35723.1,30773.94,26850.01
20190801,522.52,830.78,713.72,35641.8,30336.6,26568.8
20190802,513.56,816.46,700.64,35226.66,30096.52,26404.42
20190805,509.34,806.49,692.87,34938.63,29882.43,26118.6
20190806,495.02,784.1,670.28,33847.75,29029.55,25252.97
20190807,498.51,788.06,676.6,34267.26,29414.68,25610.92
20190808,497.7,785.33,676.89,34349.58,29349.22,25698.33
20190809,507.45,797.35,691.71,34952.23,29886.78,26280.13
20190812,499.94,790.1,683.79,34724.81,29662.67,26043.17
20190813,494.16,781.54,675.51,34382.8,29235.91,25661.58
20190814,499.26,787.45,684.04,34994.53,29607.6,26062.47
20190815,483.87,766.01,663.75,34009.11,28754.26,25234.63
20190816,479.79,763.9,659.84,33890.71,28884.3,25318.74
20190819,489.75,778.46,675.94,34449.59,29302.5,25679.09
20190820,495.57,786.7,684.52,34895.4,29606.95,25972.86
20190821,492.22,780.81,681.26,34619.58,29373.65,25788.38
20190822,497.28,786.02,686.79,34880.75,29614.11,26042.1
20190823,495.39,786.21,682.15,34870.61,29633.54,25967.8
20190826,479.56,761.89,660.58,33851.42,28877.58,25327.42
20190827,484.38,769.85,668.66,34205.53,29178.91,25624.51
20190828,476.63,760.57,657.85,34084.16,29079.02,25497.04
20190829,482.91,770.69,666.17,34336.62,29285.85,25613.21
20190830,492.76,782.47,678,34679.94,29710.61,25975.44
20190903,495.98,782.7,678.28,34684.27,29735.3,25984.45
20190904,489.01,771.49,664.71,34468.07,29498.94,25735.72
20190905,493.25,777.54,672.4,34870.02,29813.06,26006.62
20190906,503.13,794.22,683.92,35280.47,30229.23,26406.58
20190909,502.45,791.73,679.96,35334.63,30263.45,26346.71
20190910,510.77,805.86,688.5,35303.3,30358.65,26253.57
20190911,521.19,817.77,699.57,35413.15,30408.29,26191.81
20190912,534.29,834.97,715.07,35827.68,30571.78,26399.38
20190913,533.5,834.91,713.38,35858.54,30666,26474.55
20190916,534.8,837.54,714.62,35695.52,30758.41,26425.21
20190917,539.48,837.87,721.32,35625.51,30641.02,26368.98
20190918,535.02,832.3,718.45,35697.58,30677.22,26473.03
20190919,530.86,826.65,713.69,35753.27,30703.03,26424.55
20190920,528.09,822.37,710.1,35719.28,30762.55,26446.65
20190923,527.84,821.41,710.2,35598.61,30584.83,26303.22
20190924,527.4,822.51,707.2,35644.08,30608.69,26239.43
20190925,518.21,808.63,692.41,35398.58,30366.34,25878.52
20190926,523.42,819.28,697.34,35593.66,30563.83,26101.51
20190927,516.49,809.9,685.55,35511.55,30502.36,25944.43
20190930,512.57,807.1,678.58,35411.62,30373.01,25653.56
20191001,512.26,807.08,682.63,35571.51,30508.61,25798.47
20191002,500.83,792.73,668.77,35129.98,30093.36,25511.38
20191003,495.65,782.86,663.52,34479.44,29533.3,25108.73
20191004,494.86,783.46,668.17,34792.61,29690.12,25378.97
20191007,499.01,791.42,674.47,35325.53,30117.61,25718.05
20191008,496.89,789.02,673.46,35129.12,29977.15,25724.56
20191009,487.43,776.38,658.85,34570.16,29514.43,25297.6
20191010,488.72,780.15,661.24,34841.49,29819.94,25534.31
20191011,489.83,783.66,664.52,35026.39,30062.06,25644.56
20191014,498.92,796.83,675.68,35457.76,30399.81,25963.06
20191015,496.17,792.96,672.65,35402.06,30341.78,25943.3
20191016,501.45,801.19,683.56,35611.82,30624.83,26331.43
20191017,503.36,802.45,683.74,35543.88,30550.65,26238.29
20191018,509.16,811.2,691.06,35623.51,30616.19,26379.21
20191021,505.91,809.55,686.47,35544.47,30529.33,26121.74
20191022,511.21,817.26,695.28,35807.14,30759.58,26271.67
20191023,512.29,820.35,695.18,35716.54,30723.34,26060.34
20191024,513.55,821.65,695.62,35817.71,30792.57,26135.65
20191025,511.19,817.25,695.56,35762.44,30922.11,26265.85
20191028,515.67,824.15,703.11,35919.55,31141.79,26330.22
20191029,521.76,829.51,709.11,36113.13,31296.21,26552.48
20191030,522.54,834.13,709.87,36226.49,31257.33,26492.09
20191031,520.92,832.07,706.12,36392.76,31292.97,26611.07
20191101,522.51,827.57,706.42,36336.46,31016.09,26495.04
20191104,531.25,839.27,720.32,36701.44,31370.53,26736.85
20191105,536.17,845.47,725.07,36792.31,31524.77,26825.66
20191106,538.02,849.78,729.21,36806.35,31528.02,26768.96
20191107,533.86,844.12,721.7,36878.4,31519.34,26733.48
20191108,535.9,848.07,724.96,36892.91,31643.07,26868.6
20191111,537.32,849.8,726.04,37080.42,31691.64,26950.59
20191112,535.4,848.61,723.35,36988.95,31648.62,26902.62
20191113,534.78,850.28,722.58,37054.33,31656.67,27004.55
20191114,532.3,845.03,720.69,37085.6,31706.07,26964.78
20191115,531.48,843.93,719.33,36941.61,31744.47,27066.14
20191118,534.28,846.73,723.11,37294.68,31909.94,27300.6
20191119,532.11,844.28,721.43,37275.86,31904.98,27357.77
20191120,534.03,845.47,725.89,37280.15,31876.47,27386.79
20191121,530.34,839.83,724.86,37114.67,31757.44,27331.43
20191122,526.82,835.76,722.85,37043.29,31721.16,27152.85
20191125,529.13,838.14,727.15,37152.55,31793.63,27206.33
20191126,541.23,854.95,742.88,37483.27,32004.56,27483.38
20191127,540.68,856.41,742.39,37505.16,32065.73,27577.71
20191129,544.2,861.46,747.52,37707.09,32156.77,27716.53
20191202,542.88,857.84,749.64,37535.78,32060.61,27592.96
20191203,537.44,850.85,742.48,37241.97,31835.36,27278.82
20191204,535.27,846.95,742.53,36920.84,31581.01,27188.26
20191205,538.93,853.28,749.43,37236.07,31766.08,27283.31
20191206,538.6,855.5,747.41,37328.42,31876.16,27271.04
20191209,546.42,865.2,756.94,37716.14,32173.75,27467.88
20191210,544.98,863.36,758.58,37546.87,32087.9,27363.82
20191211,545.73,864.19,761.28,37564.97,32078.18,27283.37
20191212,546.6,866.12,762.22,37747.95,32145.47,27351.13
20191213,553.47,874.97,771.07,38101.3,32499.09,27491.46
20191216,550.16,870.24,768.8,38108.15,32467.52,27513.16
20191217,555.67,874.22,774.3,38419.81,32671.61,27737.32
20191218,559.27,880.59,778.77,38469.06,32688.45,27823.85
20191219,561.31,884.09,779.03,38402.52,32623.59,27877.03
20191220,563.94,886.39,781.15,38563.91,32723.79,28054.32
20191223,565.1,888.84,783.11,38702.51,32935.98,28161.43
20191224,569.51,889.79,786.42,38868.32,32880.68,28198.02
20191226,572.44,891.82,789.79,38850.96,32901.13,28176.64
20191227,571.51,891.97,788.5,39014.62,33024.72,28402.3
20191230,567.65,888.54,781.76,39023.19,33015.59,28356.97
20191231,567.18,887.34,777.45,39015.59,32858.09,28101.26
20200102,574.78,891.78,787.64,39057.83,32994.67,28196.2
20200103,574.18,893.66,787.77,39369.02,33261.08,28539.91
20200106,571.01,890.36,784.64,39083.83,33004.07,28383.62
20200107,561.65,890.67,786.14,39187.82,33019.4,28641.13
20200108,560.06,887.79,785.78,39108.6,32879.73,28673.37
20200109,561.17,889.81,789.12,39302.35,33020.14,28828.74
20200110,561.67,887.54,789.58,39616.26,33224.07,29015.69
20200113,557.73,881.66,784.26,39524.92,33086.52,28941.79
20200114,562.28,887.06,788.14,39841.66,33335.36,29136.64
20200115,566.32,888.27,793.85,39763.15,33365.58,29061.74
20200116,567.85,890.36,795.81,39848.82,33362.77,29153.5
20200117,576.41,900.66,805.96,40157.42,33647.27,29418.03
20200121,574.4,897.34,803.75,40323.15,33740.75,29506.4
20200122,568.3,887.55,796.01,40144.7,33605.91,29522.24
20200123,567.28,886.78,795.63,40198.08,33641.01,29526.05
20200124,566.48,888.2,793.85,40206.52,33700.04,29546.36
20200127,556.91,877.1,781.65,39822.77,33428.78,29265.65
20200128,549.14,867.39,770.72,39211.18,32930.69,28766.07
20200129,555.27,872.02,778.14,39540.33,33273.05,29113.76
20200130,552.3,865.51,774.07,39620.42,33209.64,29058.55
20200131,550.11,864.11,774.41,39658.12,33496.79,29038.38
20200203,538.32,847.03,760.27,38720.34,32808.6,28770.13
20200204,544.1,854.77,771.31,38925.42,33090.61,29045.29
20200205,551.51,863.26,784.95,39594.09,33599.9,29484.51
20200206,562.53,878.28,797.12,40083.07,33965.76,29623.41
20200207,559.46,874.06,797.34,40218.8,34032.72,29742.99
20200210,551.34,863.32,787.64,39863.95,33844.38,29694.84
20200211,554.99,865.17,792.88,40037.32,34065.14,30019.58
20200212,559.35,872.74,796.75,40150.57,34132.66,30111.32
20200213,564.43,879.21,802.87,40419.07,34298.34,30377.65
20200214,564.08,879.74,803.66,40195.26,34313.04,30394.21
20200218,560.36,876.64,801.01,40193.66,34375.49,30481.76
20200219,560.42,872.86,800.15,39825.5,34333.03,30580.95
20200220,564.21,876.32,809.65,40058.94,34495.55,30787.76
20200221,564.67,877.66,814.58,39930.83,34354.48,30654.28
20200224,557.6,868.4,805.62,39617.75,34024.28,30164.35
20200225,538.9,843.2,778.35,38295.6,32947.15,29022.98
20200226,519.36,815.3,750.99,37175.32,31918.51,28119.43
20200227,511.82,805.36,741.47,37103.44,31668.12,28035.39
20200228,493.36,777.66,715,35524.59,30242.94,26892.71
20200302,494.31,768.19,712.84,35077.23,29825.82,26877.2
20200303,507.62,784.59,733.21,36808.17,31200.27,27902.97
20200304,497.4,767.49,716.68,35841.02,30276.05,27103.31
20200305,511.99,789.38,736.72,37441.29,31443.83,28226.65
20200306,493.94,758.63,711.83,36258.74,30347.49,27243.77
20200309,482.7,745.71,692.89,35742.35,29776.67,26756.4
20200310,438.66,676.76,622.59,33143.5,27390.37,24806.53
20200311,449.54,691.86,639.71,34843.2,28750.93,25943.9
20200312,421.45,652.1,598.06,33117.99,27314.29,24640.32
20200313,373.75,580.75,533.2,29956.4,24669,22323.3
20200316,401.12,625.75,568.81,32645,27085.2,24165.78
20200317,350.33,547.15,486.93,29060.3,23650.81,21312.66
20200318,372.09,579.33,520.28,30780.66,25122.45,22445.92
20200319,333.83,517.48,467.64,29515.16,23435.77,21415.49
20200320,357.02,553.68,502.03,29289.45,23732.72,21869.94
20200323,343.77,527.98,485.27,27682.69,22802.26,21102.12
20200324,340.41,517.43,480.79,26771.48,22034.65,20859.66
20200325,371.63,566.35,526.86,29270.49,24349.71,22533.72
20200326,376.29,571.52,534.16,29580.59,24696.44,22723.93
20200327,395.85,607.73,565.05,31447.75,26205.32,24047.01
20200330,380.66,579.28,538.51,30519.99,25290.91,23146.22
20200331,387.94,589.51,550.56,31598.75,26109.14,23829.9
20200401,388.56,589.93,552.22,31083.62,25555.33,23569.12
20200402,362.99,550.33,515.73,29816.06,24393.95,22500.6
20200403,367.79,557.36,521.03,30689.19,24993.84,22752.06
20200406,356.93,542.13,505.09,30332.17,24524.26,22352.18
20200407,386.17,585.39,547.16,32230.44,26286.65,24053.13
20200408,386.51,588.66,542.94,32002,26324.28,24061.9
20200409,403.94,613.23,568.52,33027.76,27235.72,24857.35
20200413,419.65,641.58,592.76,33411.08,27756.9,25114.48
20200414,411.79,622.58,578.22,33169.86,27343.35,25087.51
20200415,420.83,631.22,592.81,34271.73,28032.42,25979.12
20200416,404.58,601.2,568.38,33594.1,27250.99,25669.66
20200417,404.38,598.29,566.24,33811.07,27341.75,26014.84
20200420,421.95,626.47,592.13,34590.16,28278.69,26535.34
20200421,418.16,615.37,588.6,34021.52,27683.82,26277.23
20200422,409.03,603.28,574.05,33025.24,26867.72,25351.11
20200423,417.15,609.37,582.32,33752.91,27507.12,25967.08
20200424,422.08,616.83,589.83,33740.34,27405.86,26119.29
20200427,431.33,624.39,601.54,34286.61,27820.31,26423.25
20200428,447.82,651.99,625.04,34765.71,28418.65,26710.84
20200429,454.27,661.73,631.09,34582.84,28444.58,26351.2
20200430,476.48,695.86,662.98,35275.66,29230.98,27287.66
20200501,463.93,669.75,642.72,34981.71,28721.86,27231.17
20200504,445.75,645.26,617.92,34118.85,27909.19,26347.22
20200505,449.39,643.79,623.22,34175.29,28051.6,26576.53
20200506,451.17,643.57,631.47,34536.07,28238.87,26904.17
20200507,446.71,633.54,632.18,34354.68,27977.43,26878.94
20200508,452.72,643.31,643.28,34511.72,28392.5,27307.72
20200511,470.22,670.96,664.78,35129.61,28956.03,27727.41
20200512,471.85,659.01,667.78,35279.15,28783.44,27886.62
20200513,458.87,635.26,648.79,34633.1,28158.78,27309.39
20200514,441.24,614.3,627.29,34065.54,27588.26,26850.11
20200515,443.34,615.29,627.78,34417.34,27972.75,27125.62
20200518,450.74,623.22,641.56,34437.88,28042.76,27427.98
20200519,477.4,665.76,676.5,35420.04,29110.39,28106.25
20200520,469.13,651.09,664.77,34964.41,28688.67,28043.93
20200521,482.34,672,685.17,35465.54,29172.78,28590.63
20200522,481.91,672.54,685.14,35229.5,28935.91,28378.57
20200526,483.4,674.71,690.42,35288.21,28951.39,28529.34
20200527,497,698.38,706.22,35654.32,29494.71,28643.39
20200528,510.56,726.12,725.19,36185.68,30106.54,28855.1
20200529,498.36,705.44,708.32,36177.65,29917.68,28814.19
20200601,499.23,700.76,716.98,36618.32,30024.99,29073.15
20200602,505.33,706.28,724.11,36642.71,30138.22,29312.89
20200603,510.81,712.12,730.62,36965.53,30430.56,29465.47
20200604,520.15,734.24,743.91,37441.57,30994.13,29695.47
20200605,522.79,739.43,743.62,37360.18,30967.06,29432.03
20200608,540.97,769.68,767.18,38184.5,31842.01,30101.31
20200609,556.25,785.92,780.04,38652.75,32299.57,30454.82
20200610,545.19,768.85,769.31,38440.46,31827.69,30386.69
20200611,531.64,743.04,753.4,38339.59,31553.56,30356.15
20200612,490.32,685.07,697.65,36150.42,29593.02,28688.7
20200615,502.24,700.29,712.88,36527.81,29977.95,29040.86
20200616,516.08,713.61,732.72,36806.54,30229.32,29408.14
20200617,527.78,732.06,750.51,37633.96,30760.72,29895.93
20200618,519.64,718.4,738.3,37492.24,30557.7,29921.97
20200619,521.57,717.39,742.52,37531.83,30604.56,29977.01
20200622,519.58,710.14,740.78,37357.59,30353,29950.95
20200623,524.7,715.14,748.68,37536.44,30553.76,30212.48
20200624,528.27,718.13,754.37,37705.89,30643.23,30369.11
20200625,512.47,694,728.48,36827.01,29818.76,29560.14
20200626,522.22,703.66,741.13,37278,30141.07,29852.51
20200629,509.24,684.63,717.43,36487.15,29461.79,29022.02
20200630,522.63,709.62,733.34,37243.59,29920.59,29381.88
20200701,411.82,676.62,682.19,31677.91,30792.7,28854.87
20200702,406.26,662.16,677.51,31600.9,30749.96,29297.57
20200706,408.65,662.91,678.98,31754.59,30911.38,29432.88
20200707,414.45,668.47,683.09,32213.67,31328.81,30076.57
20200708,406.69,652.23,671.55,31978.04,30961.53,29816.71
20200709,410.43,656.37,679.39,32270.35,31121.76,30192.32
20200710,401.07,638.39,665.65,32071.65,30776.25,30260.15
20200713,408.63,655.61,675.42,32325.87,31221.88,30517.53
20200714,402.15,654.05,662.16,32236.56,31026.94,29850.51
20200715,410.95,664.15,672.85,32791.73,31401.35,30222.94
20200716,426.03,691.19,699.06,33137.71,31810.95,30431.41
20200717,425.16,691.42,692.5,32995.12,31731.31,30287.06
20200720,427.58,688.81,694.92,33088.16,31797.93,30405.35
20200721,427.27,680.09,697.67,33184,31895.04,31109.64
20200722,435.75,697.86,704.57,33372.81,32118.83,30922.41
20200723,434.55,696.43,703.35,33550.71,32332.41,31042.39
20200724,435.32,700.55,702.85,33043.01,32058.28,30555.51
20200727,428.91,691.08,690.78,32828.93,31776.22,30385.56
20200728,434.46,694.45,698.8,33253.52,31876.29,30758.04
20200729,429.72,687.43,690.14,32946.65,31744.43,30419.3
20200730,440.53,701.81,701.19,33312.81,32119.96,30898.13
20200731,439.53,695.42,700.27,33317.19,31916.66,30941.35
20200803,434.58,692.08,695.82,34120.84,32008.76,31188.62
20200804,445.37,703.12,711.66,34705.02,32345.7,31385.7
20200805,450.38,707.1,717.92,34910.7,32398.15,31512.74
20200806,459.91,721.92,730.6,35054.96,32570.47,31847.82
20200807,459.47,718.63,729.53,35312.76,32671.93,32067.44
20200810,467.29,734.77,738.86,35136.67,32838.43,31928.29
20200811,476.88,749.54,746.99,35457.97,33009.6,31737.73
20200812,472.17,749.9,740.41,35082.44,32888.98,31355.25
20200813,472.88,751.83,744.67,35726.03,33218.08,31880.77
20200814,471.63,745.96,746.78,35681.69,33072.56,32012.78
20200817,471.19,748.24,745.08,35663.89,33120.7,31935.44
20200818,473.82,744.84,750.89,35739.67,33131.6,32251.18
20200819,468.13,734.06,744.54,35765.81,33060.3,32532.25
20200820,467.62,733.6,747.57,35666.54,32925.96,32369.64
20200821,462.56,726.37,743.57,35795.84,32904.87,32629.23
20200824,456.35,720.44,736.74,36377.67,32915.76,32599.91
20200825,462.52,733,742.25,36817.15,33271.18,32781.1
20200826,463.71,733.17,747.13,36753.76,33322.64,33048.83
20200827,458.76,727.39,741.62,36991.26,33435.28,33728.67
20200828,456.56,732.41,745.2,36910.62,33690.78,33666.49
20200831,462.65,737.76,753.76,37026.39,34013.37,33862.04
20200901,460.27,731.07,752.86,37443.44,33711.36,34067.11
20200902,464.14,738,759.42,37936.17,33869.95,34450.19
20200903,468.79,744.78,767.47,38114.21,34445.87,34898.96
20200904,453.31,729.11,740.73,36401.33,33469.7,33427.48
20200908,451.87,729.97,735.45,36290.8,33337.22,32872.43
20200909,441.65,714.11,725.38,35024.87,32492.02,31828.19
20200910,447.96,717.62,739.33,35864.18,33043.81,32578.99
20200911,442.56,709.11,731.1,35110.85,32543.51,32059.25
20200914,440.59,705.93,725.62,35137.16,32698.79,31879.08
20200915,452.66,720.48,747.83,35810.6,33087.83,32391.77
20200916,451.85,718.11,745.93,35907.85,33152.42,32775.49
20200917,458.6,723.85,754.2,35632.09,33193.77,32482.68
20200918,458.45,722.4,748.92,35404.66,32978.71,32085.13
20200921,459.89,718.45,750.39,34828.7,32712.86,31852.11
20200922,440.59,689.93,725.35,34701.9,32197.27,31660.02
20200923,441.33,690.31,728.06,34929.57,32456.15,32128.81
20200924,424.94,672.2,704.57,33999.42,31805.34,31242.86
20200925,424.59,673.9,704.41,34113.3,31939.28,31273.99
20200928,429.2,681.22,719.82,34741.02,32328.71,31944.67
20200929,440.25,699.65,733.08,35366.09,32789.98,32484.64
20200930,439.67,695.95,735.9,35109.94,32559.09,32462.18
20201001,443.1,699.34,743.02,35454.74,32803.22,32707.51
20201002,449.38,708.87,755.08,35595.02,32936.91,33196.93
20201005,452.76,719.34,757.4,35277.4,32786.63,32695.93
20201006,466.49,736.91,780.3,36202.32,33330.77,33343.68
20201007,464.74,735.46,776.57,35603.43,32974.91,32896.93
20201008,477.36,750.58,795.16,36262.31,33504.23,33554.48
20201009,484.24,759.75,796.09,36476.1,33810.66,33784.25
20201012,486.57,760.98,802.24,36815.23,34033.62,34205.25
20201013,488.05,768.2,802.43,37707.75,34398.85,34792.3
20201014,482.44,759.02,801.41,37280.95,34198.02,34832.1
20201015,480.3,754.5,793.01,37206.38,33991.57,34506.9
20201016,485.16,763.92,801.9,37206.36,34016.32,34364.61
20201019,483.94,763.39,800.38,37074.35,34087.57,34304.59
20201020,478.23,754.83,791.42,36440.46,33543.31,33813.74
20201021,478.22,760.56,791.83,36689.04,33638.35,33903.82
20201022,473.35,758.16,780.99,36492.72,33522.82,33830.74
20201023,482.13,772.86,795.25,36584.05,33842.38,33976.28
20201026,485.76,779.18,800.46,36655.94,33907.03,34234.16
20201027,472.88,762.42,781.88,36122.44,33207.96,33628.47
20201028,467.23,750.56,778.16,36012.48,32950.6,33761.71
20201029,451.57,730.03,753.37,34769.27,31887.05,32535.06
20201030,458.87,739.84,760.86,35346.19,32143.25,32908.94
20201102,452.29,736.25,749.02,34929.62,32010.87,32322.72
20201103,462.22,753.79,762.19,35319.45,32490.24,32576
20201104,476.88,773.25,784.4,35922.7,33109.78,33208.02
20201105,473.06,758.02,788.77,36496.21,33558.07,34459.13
20201106,490.11,780.02,811.41,37392.53,34159.58,35182.11
20201109,485.66,770.15,802.59,37337.95,34106.72,35291.32
20201110,505.22,813.98,831.46,37505.62,34969.3,34955.49
20201111,516.65,835.75,844.32,37785.47,35032.37,34529.84
20201112,516.62,827.07,845.22,38206,35160.93,35014.86
20201113,509.65,809.88,835.3,37829.75,34782.93,34750.61
20201116,521.54,829.18,853.19,38369.51,35307.04,35062.12
20201117,537,853.99,869.37,38964.18,35740.69,35374.8
20201118,539.34,855.41,874.46,38724.3,35630.32,35418.66
20201119,533.69,845.04,866.11,38202.97,35240.23,35192.05
20201120,538.87,847.38,876.84,38393.51,35398.43,35428.89
20201123,539.46,846.47,880.95,38191.89,35182.52,35242.05
20201124,555.43,864.09,899.18,38201.01,35536.04,35518.74
20201125,568.33,888.64,913.83,38775.58,36204.99,35941.74
20201127,566.76,880.06,914.28,38680.17,36077.44,36118.4
20201130,570.88,878.3,923.48,38832.76,36126.6,36353.11
20201201,564.49,857.12,917.43,38934.11,35812.25,36195.69
20201202,570.54,867.01,922.82,39485.82,36151.64,36508.69
20201203,575.65,871.23,923.21,39559.76,36261.8,36473.97
20201204,581.33,877.31,928.43,39623.13,36266.61,36530.33
20201207,600.3,900.34,948.68,40001.42,36634.64,36812.08
20201208,597.98,897.21,951.08,39990.8,36516.18,36936.13
20201209,607.19,905.14,967.31,40153.78,36691.77,37057.59
20201210,599.89,904.05,960.04,39919.16,36491.73,36418.68
20201211,607.28,912.26,976.12,40070.68,36382.32,36588.5
20201214,600.96,906.73,970.12,39822.52,36334.71,36619.52
20201215,598.29,901.04,973.48,39613.98,36067.47,36732.31
20201216,612.05,922.59,1000.06,40558.28,36458.09,37112.18
20201217,609.34,918.11,994.54,40552.59,36476.87,37262.39
20201218,617.41,925.82,1008.74,40829.52,36680.26,37598.94
20201221,613.22,919.32,1008.05,40587.79,36533.45,37722.33
20201222,617.41,913.73,1013.81,40542.23,36522.81,37554.2
20201223,623.47,917.42,1026.58,40672.95,36369.44,37609.78
20201224,631.04,932.08,1033.67,40726.57,36489.48,37519.41
20201228,628.12,932.4,1031.13,41012.82,36597.9,37610.51
20201229,626.7,934.52,1024.38,41449.43,36751.31,37790.33
20201230,613.62,921.14,1003.82,41186.24,36681.46,37714.19
20201231,623.14,931.55,1019.5,41188.84,36764.27,37805.39
20210104,625.61,934.61,1029.61,41089.8,36989.55,38122.05
20210105,620.04,919.65,1014.49,40491.5,36473.95,37621.7
20210106,635.99,937.3,1033.61,40954.7,36684.65,37902.96
20210107,661.53,985.69,1072.17,41148.48,37225.42,37849.25
20210108,678.08,996.26,1096.73,41928.74,37770.55,38685.27
20210111,676.26,986.14,1095.5,42129.83,37792.56,39094.84
20210112,676.71,988.68,1096.26,41985.74,37775.26,38632.07
20210113,692.45,1006.48,1114.15,42179.47,37810.26,38739.83
20210114,686.45,995.08,1106.42,42299.63,37861.26,38811.41
20210115,704.5,1015.35,1134.28,42217.49,37884.05,38542.33
20210119,688.45,1000.6,1117.39,41895.38,37548.5,38276.31
20210120,706.01,1009.97,1137.23,42393.06,37727.3,38753.52
20210121,706.87,1013.96,1140.07,42905.05,38056.14,39488.7
20210122,700.09,1003.35,1129.79,43206.43,37913.09,39498.34
20210125,713.91,1015.29,1145.59,43355.89,37747.9,39391.54
20210126,719.53,1012.16,1142.22,43827.29,37784.28,39422.62
20210127,724.86,1003.41,1125.07,43815.53,37641.79,39258.23
20210128,730.95,976.2,1099.27,43088.38,36748.6,37942.45
20210129,713.46,980.17,1102.07,42854.53,37355.03,38445.41
20210201,713.29,960.86,1096.12,41982.54,36613.35,37874.12
20210202,725.88,984.52,1126.48,42410.09,37086.86,38773.87
20210203,717.76,1001.01,1147.34,42770.62,37619.57,39533.02
20210204,728.77,1004.74,1160.08,42770.76,37675.31,39544.49
20210205,738.81,1026.97,1183.56,43347.37,38103.24,39984.11
20210208,755.42,1039.85,1197.31,43503.78,38280.39,40237.96
20210209,787.82,1071,1233.54,43900.3,38628.02,40496.87
20210210,791.95,1079.17,1241.89,43671.53,38641.84,40530.35
20210211,789.41,1069.91,1232.24,43555.33,38650.45,40514.3
20210212,787.49,1068.98,1233.48,43511.52,38753.54,40647.32
20210216,790.76,1074.09,1240.95,43712.98,38965.05,40841.42
20210217,788.76,1074.11,1235.01,43515.88,39015.15,40754.33
20210218,781.61,1067.03,1225.59,43331.13,39071.79,40641.9
20210219,759.6,1050.16,1198.09,43069.73,38849.37,40480.92
20210222,779.17,1073.33,1223.56,43179.1,38931.7,40336.84
20210223,775.27,1082.18,1207.36,42829.56,38742.23,39590.8
20210224,761.83,1076.36,1190.39,42753.4,38804.46,39584.28
20210225,787.09,1102.26,1219.44,43078.88,39281.22,39979.85
20210226,755.25,1072.51,1170.4,42052.89,38460.66,38659.66
20210301,762.77,1080.24,1182.6,41819.92,38193.33,38837.49
20210302,794.3,1116.4,1230.13,43067.34,38992.52,39991.27
20210303,780.41,1101.28,1205.99,42636.56,38743.2,39455.65
20210304,773.45,1105.29,1183.43,42118.42,38441.63,38487.69
20210305,750.53,1083.2,1141.51,41486.31,38012.14,37707.09
20210308,766.32,1112.79,1161.93,42447.61,38768.45,38303.46
20210309,773.43,1133.63,1161.88,42169.83,38823.76,37679.07
20210310,799.1,1137.56,1194.68,42748.53,39041.56,38806.07
20210311,815.15,1162.95,1213.86,42842.01,39452.48,38919.2
20210312,837.78,1180.29,1248.5,43117.55,39711.01,39783.57
20210315,844.99,1191.43,1252.85,43247.37,39859.49,39631.19
20210316,847.91,1187.58,1258.69,43708.26,40033.6,39938.1
20210317,828.5,1167.58,1236.11,43731.71,39908.71,39762.42
20210318,840.58,1177.13,1249.04,43768.51,40035.42,39906.06
20210319,813.16,1156.58,1204.71,43004.98,39657.86,38890.35
20210322,822.45,1163.37,1223.58,43040.25,39501.37,39161.27
20210323,813.83,1140.99,1216.13,43522.28,39635.51,39457.97
20210324,773.56,1099.24,1168.46,42985.47,39290.66,39137.96
20210325,746.81,1085.25,1133.37,42621.55,39287.13,38511.28
20210326,774.12,1111.82,1159.75,43077.99,39552.55,38572.51
20210329,785.73,1138.19,1172.88,43910.52,40281.43,39008.9
20210330,760.21,1109.59,1134.77,43796.33,40139.9,38911.27
20210331,774.82,1129.27,1157.49,43604.96,40068.38,38895
20210401,804.35,1132.37,1196.85,43679.45,40022.93,39367.36
20210405,817.16,1150.14,1215.77,44046.98,40454.23,40114.98
20210406,821.32,1157.07,1219.31,44707.95,40908.38,40712.74
20210407,815.98,1154.15,1215.57,44686.36,40880.78,40764.68
20210408,800.73,1139.34,1195.15,44724.08,40880.5,40779.29
20210409,805.91,1144.72,1209.17,44998.24,40968.56,41163.04
20210412,802.54,1150.39,1205.55,45398.01,41228.5,41448.65
20210413,793.34,1151.6,1194.87,45211.63,41240.65,41532.69
20210414,790.74,1141.85,1196.06,45466.78,41181.89,41914.14
20210415,802.24,1151.82,1203.56,45352.19,41222.56,41509.61
20210416,795.94,1155.54,1207.08,45828.42,41542.68,42207.23
20210419,793.2,1161.54,1204.9,46018.61,41770.8,42220.37
20210420,781.97,1149.21,1185.49,45887.58,41564.95,41798.61
20210421,761.46,1123.13,1158.34,45295.27,41277.24,41512.76
20210422,785.08,1149.85,1189.35,45708.28,41791.35,41910.04
20210423,784.75,1143.18,1188.68,45191.57,41471.25,41663.41
20210426,801.69,1167.7,1211.07,45732.82,41871.95,42237.3
20210427,818.41,1172.72,1231,45775.04,41881.13,42526.83
20210428,817.05,1175.33,1231.25,45802.27,41956.46,42402.03
20210429,820.94,1177,1235.04,45600.52,41816.8,42523.9
20210430,813.38,1180.62,1226.94,45733.54,42135.18,42656.98
20210503,804.92,1167.61,1218.7,45244.61,41911.3,42472.56
20210504,813.28,1184.15,1222.81,45690,42151.33,42217.52
20210505,804.2,1181.32,1197.62,45115.67,42100.7,41647.68
20210506,802.82,1183.39,1192.85,45340.08,42163.2,41469.75
20210507,802.63,1192.4,1187.15,45777.46,42488.87,41567.35
20210510,815.1,1204.13,1204.42,46155.06,42847.63,41956.24
20210511,793.47,1182.64,1165.39,45718,42593.86,41113.15
20210512,797.7,1176.77,1165.29,45258.07,42152.12,41007.23
20210513,770.76,1141.67,1124.77,44229.75,41296.86,39986.06
20210514,776.2,1168.36,1137.78,44893.47,41900.25,40209.71
20210517,800.39,1192.02,1170.5,45567.03,42500.87,41068.07
20210518,811.14,1194.01,1172.41,45467.2,42338.11,40962.43
20210519,807.43,1178.88,1171.36,45010.28,41938.7,40763.42
20210520,798.09,1170.34,1160.65,44779.81,41767.99,40712.75
20210521,802.52,1173.65,1171.66,45268.61,42053.5,41376.52
20210524,805.61,1180.48,1176.58,45132.26,42114.89,41280.53
20210525,809.44,1183.88,1183.05,45457.64,42438.76,41851.36
20210526,800.56,1165.06,1170.27,45304.74,42279.07,41822.15
20210527,822.48,1185.71,1197.13,45410.27,42355.41,42023.8
20210528,838.49,1200.33,1214.26,45368.02,42493.87,42063.66
20210601,835.15,1200.58,1215.27,45291.25,42502.6,42155.84
20210602,851.38,1220.3,1230.79,45222.16,42500.74,42101.73
20210603,857.01,1206.3,1243.32,45401.9,42502.43,42072.63
20210604,849.32,1204.58,1227.73,45351.87,42429.71,41651.33
20210607,850.62,1207.7,1230.1,45984.56,42746.13,42137.6
20210608,863.55,1211.43,1258.17,46053.8,42702.74,42179.91
20210609,874.71,1221.05,1275.05,46140.47,42634.89,42294.08
20210610,869.74,1211.37,1260.96,46028.78,42522.02,42297.38
20210611,855.44,1199.24,1250.53,45979.71,42648.37,42722.31
20210614,864.6,1210.37,1267.4,46125.24,42789.3,42854.18
20210615,857.25,1197.41,1269.76,46226.7,42703.58,43065.6
20210616,853.76,1203.73,1264.96,46074.51,42701.36,42931.36
20210617,852.76,1202.6,1266.67,45824.71,42412.15,42805.45
20210618,836.78,1175.52,1259.84,45688.19,42148.69,43206.47
20210621,817.7,1145.78,1237.92,44971.35,41499.43,42899.14
20210622,832.62,1177.19,1261.62,45761.11,42188.12,43240.85
20210623,839.25,1178.68,1265.91,46027.8,42359.76,43588.7
20210624,845.74,1179.05,1275.39,45897.38,42268.3,43685.55
20210625,860.5,1196.56,1289.94,46167.27,42573.94,43940.49
20210628,859.89,1195.9,1288.58,46298.98,42861.3,43973.8
20210629,857.12,1182.48,1284.6,46339.99,42823.3,44244.43
20210630,853.12,1175.88,1277.64,46581.36,42805.14,44176.27
20210701,817.94,1265.48,1018.6,41744.89,41022.85,44420.44
20210702,826.77,1276.39,1025.61,42211.33,41219.61,44637.35
20210706,815.74,1265.7,1015.87,42529.2,41473.55,44929.56
20210707,799.23,1248.28,1002.8,42319.1,41218.37,45051.51
20210708,791.25,1244.79,991.43,42533.43,41399.47,44974.01
20210709,785.23,1227.97,983.06,42134.42,40980.32,44647.24
20210712,805.2,1254.18,1003.93,42757.52,41490,45117.58
20210713,806.53,1259.44,1004.5,42678.78,41550.57,45328.51
20210714,790.91,1237.62,986.12,42551.94,41416.1,45037.41
20210715,776.83,1229.6,964.6,42706.95,41463.95,44771.18
20210716,769.06,1226.17,958.37,42532.52,41440.88,44498.61
20210719,753.99,1210.49,951.24,42037.46,41197.19,44186.03
20210720,739.79,1187.35,941.62,41052.86,40572.73,43746.76
20210721,760.46,1217.72,967.34,41945.54,41168.6,44438.89
20210722,777.61,1233.81,984.82,42249.41,41507.25,44942.5
20210723,763.23,1214.21,971.51,42266.39,41486.11,45146.9
20210726,764.93,1227.21,973.3,42579.39,41789.82,45762.88
20210727,773.21,1231.94,971.07,42799.3,41849.46,45804.03
20210728,762.7,1224.33,959.06,42507.82,41779.07,45354.96
20210729,773.03,1236.93,977.54,42403.57,41710.9,45648.25
20210730,780.23,1248.18,979.84,42605.77,42009.81,45690.46
20210802,772.55,1243.03,975,42409.99,41823.86,45255.96
20210803,769.54,1237.15,974.15,42224.65,41741.15,45277.98
20210804,771.85,1244.76,975.17,42650.58,42055.64,45579.04
20210805,755.82,1229.54,962.21,42210.56,41713.75,45692.67
20210806,769.86,1250.57,983.22,42355.35,41991.94,46071.28
20210809,774.97,1262.76,988.44,42398.01,42132.7,45965.76
20210810,769.65,1254.2,988,42294.37,42051.08,46081.78
20210811,777.92,1262.8,988.02,42492.1,42172.15,45934.39
20210812,782.45,1274.71,988.07,42637.79,42394.21,45868.82
20210813,779.52,1267.74,985.93,42891.41,42448.59,45993.57
20210816,769.58,1261.27,974.13,42889.63,42554.92,45971.25
20210817,759.64,1252.63,962.07,42992.84,42684.33,45852.89
20210818,748.92,1239.87,951.67,42755.71,42441.63,45384.29
20210819,741.33,1228.21,944.06,42013.11,41969.57,45099.41
20210820,728.15,1215.46,931.85,41817.1,41986.89,45098.71
20210823,739.61,1232.8,951,42146.99,42323.75,45528.08
20210824,756.26,1247.34,972.66,42684.06,42474.61,46184.73
20210825,765.34,1254.53,981.74,42848.72,42490.7,46466.34
20210826,770.03,1260.21,983.96,42823.75,42604.97,46629.36
20210827,760.82,1247.03,973.45,42604.99,42332.09,46356.14
20210830,784.6,1275.91,999.5,43050.79,42640.36,46899.07
20210831,780.33,1268.45,994.82,43394.12,42688.37,47147.37
20210901,785.66,1274.53,1002.75,43408.12,42627.79,47082.24
20210902,787.16,1278.72,1009.27,43352.45,42639.18,47172.39
20210903,794.65,1283.1,1016.39,43730.5,42823.57,47173.59
20210907,788.1,1276.36,1009.67,43649.48,42721.69,47305.55
20210908,782.83,1266.71,1003.45,43718.14,42361.33,47263.31
20210909,775.63,1256.21,989.19,43511.41,42390.78,47041.7
20210910,777.21,1252.05,992.81,43343.72,42161.06,46979.45
20210913,771.42,1239.91,983.15,42624.36,41974.47,46653.73
20210914,779.72,1246.96,985.23,42951.38,42113.65,46550.11
20210915,766.13,1230.93,968.99,42463.64,41834.29,46351.38
20210916,777.87,1242.87,979.18,42918.4,42242.88,46673.81
20210917,774.76,1238.01,980.42,42775.63,42123.85,46785.73
20210920,775.87,1238.26,985.94,42290.57,41755.81,46508.22
20210921,756,1213.82,958.67,41488.97,41189.7,45507.64
20210922,757.26,1212.88,964.28,41458.24,41104.92,45610.37
20210923,769.16,1227.41,975.97,42298.21,41471.34,46020.46
20210924,786.43,1248.92,993.6,42888.6,41892.36,46659.78
20210927,784.78,1248.91,986.9,42940.8,41942.48,46723.02
20210928,803.93,1269.06,1000.95,43019.17,41862.91,46544.74
20210929,791.36,1247.34,975.79,42342.24,41139.14,45259.29
20210930,788.58,1251.17,970.02,42458.86,41232.64,45190.24
20211001,784.25,1236.74,969.46,41782.06,40629.11,44952.41
20211004,799.29,1258.68,984.1,42558.74,41186.88,45301.37
20211005,795.61,1254.82,967.4,42100.32,40826.21,44376.27
20211006,797.97,1262.73,968.19,42486.2,41186.73,44952.26
20211007,786.23,1257.34,962.99,42488.43,41384.13,45171.91
20211008,799.83,1271.7,976.6,42845.85,41723.89,45685.53
20211011,798.06,1266.16,966.45,42833.18,41759.59,45507.69
20211012,795.54,1258.59,960.41,42596.28,41463.96,45144.62
20211013,800.16,1263.33,965.55,42397.69,41339.81,45224.85
20211014,800.19,1262.22,971.87,42317.92,41476.51,45555.93
20211015,809.53,1278.25,985.22,43034.84,42133.44,46343.9
20211018,806.08,1274.09,977.23,43305.59,42390.22,46726.03
20211019,807.93,1270.94,973.87,43422.61,42348.14,47169.52
20211020,809.83,1274.27,978.96,43874.2,42672.52,47435.39
20211021,816.78,1284.79,983.01,44165.36,42911.32,47436.55
20211022,817.05,1287.42,985.82,44062.42,42997.73,47774.33
20211025,816.95,1287.58,981.96,44074.48,42996.91,47511.63
20211026,823.97,1299.1,990.01,44186.06,43034.9,47995
20211027,816.51,1288.93,985.57,44295.32,43027.02,48045.7
20211028,798.59,1266.67,965.48,43623.07,42741,47857.66
20211029,812.78,1287.68,986.47,44189.53,43057.11,48445.72
20211101,816.86,1291.75,994.91,43694.03,43160.52,48803.61
20211102,838.96,1325.91,1022.65,43918.14,43288.21,48977.49
20211103,838.43,1320.15,1023.38,44143.43,43471.49,49004.9
20211104,855.21,1341.85,1047.12,44336.74,43699.97,49481.89
20211105,852.91,1337.34,1046.72,44182.46,43745.75,49934.55
20211108,868.75,1358.2,1052.55,44773.46,43911.89,49905.68
20211109,870.22,1361.75,1054.95,44766.61,44005.94,49972.56
20211110,865.07,1354.78,1049.82,44754.79,43919.21,49696.7
20211111,849.25,1349.1,1032.74,44232.48,43677.88,49020.31
20211112,857.61,1358.08,1039.05,44296.18,43653.21,49163.68
20211115,858.43,1359.79,1041.94,44552.77,43876.43,49673.74
20211116,856.65,1356.93,1033.11,44633.4,43870.66,49613.42
20211117,854.5,1359.78,1036.26,44646.92,43970.51,50004.21
20211118,841.44,1350.1,1023.57,44715.31,43740.12,49774.29
20211119,831.62,1342.97,1015.11,44951.28,43659.51,49991.89
20211122,817.24,1334.02,1009.54,44834.97,43487.73,49968.17
20211123,819.48,1341,997.01,45012.64,43472.88,49406.18
20211124,824.51,1343.51,991.39,45319.33,43569.97,49213.23
20211126,826.39,1338.17,995.26,45429.14,43592.37,49458.49
20211129,794.19,1291.32,961.5,44168.17,42646.99,48480.81
20211130,790.08,1289.26,956.27,44588.48,42977.46,49248.21
20211201,772.02,1261.72,951.32,44386.64,41837.07,48195.23
20211202,752.89,1246.15,928.24,44035.79,41510.75,47030.74
20211203,772.48,1281.46,951.15,44549.32,42167.56,47737.76
20211206,757.94,1265.53,924.47,44279.41,41976.35,46851.1
20211207,775.82,1295.32,941.44,44920.76,42591.32,47200.96
20211208,793.14,1310.76,965.69,45938.98,43206.4,48529.42
20211209,800.61,1319.13,973.43,46321.31,43297.21,48813.62
20211210,786.98,1299.74,946.97,46051.01,43138.34,48041.79
20211213,785.6,1299.8,942.88,46699.18,43724.39,48083.01
20211214,769.83,1289.38,928.75,46234.52,43514.82,47454.36
20211215,760.67,1283.46,917.47,45976.46,43259.94,47046.28
20211216,770.33,1298.95,933.38,46788.81,43756.84,47987.96
20211217,757.97,1286.24,912.43,46234.95,43621.96,47125.04
20211220,763.26,1287.64,923.36,45889.91,43170.38,46898.17
20211221,750.66,1270.05,909.83,45476.26,42667.67,46238.07
20211222,772.94,1300.74,936.72,46337.88,43351.43,47337.02
20211223,781.18,1316.27,946.3,46855.6,43695.74,47829.46
20211227,789.2,1326.52,958.6,47082.73,43954.74,48231.87
20211228,798.66,1342.43,964.25,47799.63,44487.89,48783.26
20211229,793.02,1340.18,953.01,47679.07,44539.59,48557.85
20211230,791.69,1343.6,951.98,47689.58,44666.03,48531.57
20211231,789.49,1339.86,955.27,47502.67,44545.57,48484.45
20220103,789.94,1343.43,958.16,47356.13,44442.11,48280.21
20220104,806.18,1352.7,972.3,48004.75,44495.77,48717.6
20220105,814.74,1356.93,961.5,48034.14,44671.51,48361.1
20220106,791.36,1329.67,925.16,47312.95,44115.52,46812.52
20220107,797.09,1338.05,928.66,47190,44113.36,46829.14
20220110,788.51,1327.46,917.04,47289.5,44137.14,46273.31
20220111,782.99,1321.34,915.81,47216.84,44027.64,46289.43
20220112,795.22,1328.92,925.81,47966.45,44268.18,46892.49
20220113,791.95,1323.03,914.12,47990.75,44344.55,47013.78
20220114,788.37,1324.95,904.11,47532.63,43959,45874.7
20220118,792.21,1326.69,904.56,47738.64,44057.71,45788.83
20220119,772.72,1296.99,872.08,47010,43324.41,44665.52
20220120,763.55,1279.36,857.07,46336.31,43025.14,44186.1
20220121,748.52,1258.22,840.93,45885.76,42598.53,43626.16
20220124,731.65,1242.9,824.91,45191.29,41995.71,42338.84
20220125,746.99,1265.74,845.64,45169.24,42072.93,42712.34
20220126,744.44,1250.37,832.13,45069.85,41640.82,41750.85
20220127,734.38,1236.42,818.48,44779.54,41664.54,41611.51
20220128,720.93,1216.36,796.53,44685.41,41546.53,41126.55
20220131,732.49,1232.71,813.28,46241.74,42294.1,42238.19
20220201,749.38,1258.72,848.23,47155.85,42783.65,43688.43
20220202,762.59,1267.88,856.85,47834.34,42997.9,44170.07
20220203,755.79,1260.41,841.83,48117.82,43407.06,44334.29
20220204,743.59,1241.75,824.1,47395.62,42702.45,42689.12
20220207,748.94,1241.74,833.67,47390.14,42694.15,43554.81
20220208,750.63,1247.31,841.26,47441.1,42581.69,43339.3
20220209,759.14,1269.04,855.92,47766.85,43037.82,43763.97
20220210,774.29,1281.36,871.01,48326.15,43584.18,44637.72
20220211,764.87,1263.23,855.99,47484.04,42866.43,43842.89
20220214,763.93,1254.65,844.66,46976.84,42280.99,42599.6
20220215,759.67,1250.74,839.66,46725.02,42033.24,42570.4
20220216,777.74,1280.7,867.32,47382.19,42626.24,43510.8
20220217,778.67,1284.94,863.08,47460.23,42678.61,43413.93
20220218,766.19,1260.97,836.6,46711.06,41997.8,42040.45
20220222,760.01,1256.62,827.62,46436.74,41753.85,41526.1
20220223,749.56,1241.03,813.96,45804.96,41451.71,40934.58
20220224,742.56,1218.74,794.26,45020.62,40821.98,39936.49
20220225,758.34,1233.28,819.58,45301.44,41215.28,41168.59
20220228,772.8,1262.98,838.76,46264.59,42240.56,42010.46
20220301,779.98,1264.91,846.55,46307.25,42138.6,42219.6
20220302,770.39,1235,828.5,45910.84,41563.99,41506.22
20220303,790.67,1266.57,847.8,46890.34,42380.99,42142.53
20220304,785.91,1259.65,833.24,46741.4,42345.01,41404.29
20220307,779.42,1242.66,813.98,46670.97,42068.49,40740.84
20220308,766.64,1212.54,793.42,45666.88,40963.01,39052.37
20220309,770.65,1218.62,799.57,45403.4,40604.4,38905.53
20220310,786.64,1244.42,826.57,46268.21,41444.8,40395.29
20220311,790.12,1245.52,822.97,45966.14,41288.59,40183.64
20220314,777.43,1229.22,805.99,45411.33,40915.79,39339.96
20220315,759.36,1220.11,786.13,44783.94,40771.33,38788.68
20220316,765.64,1234.27,798.19,45365.37,41581.95,39854.05
20220317,784.08,1261.98,828.68,46220.22,42246.7,41341.21
20220318,800.2,1272.93,845.5,46866.99,42658.59,42081.44
20220321,804.73,1279.84,857.44,47372.3,42909.45,42979.13
20220322,804.87,1273.08,842.69,47739.22,42937.27,42701.31
20220323,810.15,1279.04,858,48197.71,43267.32,43528.75
20220324,803.7,1256.83,839.24,48166.96,42749.94,42770.03
20220325,812.35,1267.77,849,48826.14,43318.52,43429.99
20220328,820.83,1273.62,842.88,49237.52,43626.56,43312.17
20220329,812.74,1268.73,843.25,49196.12,43832.27,43943.55
20220330,825.64,1293.52,870.81,49829.58,44284.34,44659.59
20220331,814.2,1273.42,850.54,49676.31,44100.74,44097.75
20220401,807.87,1264.23,844.14,48746.62,43337.8,43310.35
20220404,813.8,1273.7,853.45,48898.75,43503.49,43472.58
20220405,814.77,1268.51,861.54,49380.46,43688.35,44172.35
20220406,791.63,1244.56,842.32,48638.35,43288.68,43285.8
20220407,783.23,1229.69,828.81,48306.53,43027.22,42428.67
20220408,777.43,1226.87,823.84,48509.07,43193.84,42578.93
20220411,776.71,1220.75,813.11,48551.53,43182.61,42220.17
20220412,769.04,1215.42,804.93,47683.93,42746.9,41427.36
20220413,775.92,1219.53,804.18,47924.41,42596.17,41159.53
20220414,793.52,1238.85,820.48,48578.69,43010.38,41830.74
20220418,791.62,1232.4,808.05,48060.94,42657.68,41062.17
20220419,791.04,1227.99,797.04,48074.46,42610.48,40959.26
20220420,798.98,1253.92,815.93,48563.2,43234.52,41901.6
20220421,803.32,1261.09,814.73,48718.57,43524.57,41298.11
20220422,779.8,1239.87,794.25,48194.3,42948.99,40349.75
20220425,756.16,1212.2,774.71,46823.61,41834.22,39178.71
20220426,757.49,1213.34,784.87,46849.89,42068.76,39599.07
20220427,737.21,1181.52,755.14,45722.49,41098.85,38067.48
20220428,737.45,1178.57,749.83,45903.2,41393.05,37875.02
20220429,752.18,1196.33,762.67,47264.35,42059.99,39064.76
20220502,734.49,1167.64,744.46,45477.45,40773.23,37355.96
20220503,736.51,1174.38,759.56,45597.76,40903.6,37885.95
20220504,750.16,1180.97,761.64,46162.58,40975.38,37987.43
20220505,768.23,1213.71,780.37,47763.59,42052.81,39217.34
20220506,740.87,1178.63,744.21,46074.48,40890.49,37285.86
20220509,731.02,1165.44,726.37,46146.57,40694.33,36715.36
20220510,693.2,1138.67,695.33,44377.62,39701.08,35125.07
20220511,693.04,1131.69,693.24,44681.74,39738.91,35225.77
20220512,680.9,1114.91,669.61,43742.67,39286.6,34327.09
20220513,686.08,1125.8,680.85,43380.13,39219.34,34546.86
20220516,708.22,1149.59,703.62,44531.46,39846.84,35847.41
20220517,710.89,1148.69,696.57,44516.58,39811.5,35362.79
20220518,733.2,1180.09,720.17,45458.78,40458.83,36294.15
20220519,707.4,1147.59,693.08,43644.68,38937.16,34639
20220520,708.27,1145.42,694.59,43073.19,38669.96,34748.45
20220523,705.51,1145.15,694.68,43237.83,38720.82,34603.27
20220524,717.97,1156.47,698.82,44307.93,39412.65,35176.32
20220525,707.56,1146.09,682.64,43994.01,39374.02,34306.61
20220526,725.88,1158.63,695.45,44462.21,39639.43,34893.76
20220527,743.62,1179.28,710.02,45314.63,40246.73,35924.19
20220531,764.26,1203.23,728.59,46409.36,41050.74,37066.72
20220601,755.24,1194.01,720.76,45882.38,40694.02,36863.26
20220602,757.99,1189.03,713.62,45853.88,40339.67,36503.42
20220603,770.09,1214.21,733.52,46409.52,40867.95,37665.42
20220606,768.03,1204.6,731.34,45727.89,40390.47,36796.73
20220607,772.75,1213.33,731.11,45878.96,40440.2,37028.15
20220608,786.8,1224.09,741.73,46663.15,40796.76,37308.53
20220609,776.52,1205.08,735.39,46274.32,40277.39,37018.79
20220610,762.2,1181.04,718.26,45049.18,39407.45,36051.93
20220613,742.47,1153.21,696.67,43750.05,38434.43,34757.92
20220614,700.48,1104.17,666.36,41866.56,37117.85,33167.61
20220615,697.32,1102.82,665.41,41883.37,36929.02,33093.08
20220616,704.52,1113.74,676.47,42189.2,37288.71,33915.51
20220617,667.04,1066.46,646.78,40473.59,36236.66,32631.29
20220621,663.04,1073.83,661.36,40353.2,36263.1,32972.75
20220622,674.8,1090.01,673.3,41473.87,36993.61,33861.69
20220623,665.31,1085.77,676.67,41040.87,36919.9,34007.04
20220624,663.06,1092.1,691.79,41165.57,37310.78,34599.06
20220627,680.31,1123.75,708.8,42281.59,38400.67,35857.72
20220628,691.06,1132.72,709.71,42498.06,38349.83,35559.45
20220629,682.43,1115.96,694.62,41966.92,37750.37,34489.22
20220630,669.22,1106.71,690.79,41746.44,37743.35,34476.83
20220701,598.5,862.18,599.54,30656.62,45441.29,26969.46
20220705,607.58,869.56,606.91,31068.1,46000.71,27304.84
20220706,614.23,869.99,624.12,30745.68,46156.76,27786.6
20220707,607.75,862.3,620.75,30935.13,46337.88,27812.14
20220708,622.54,877.2,643.38,31260.25,47051.36,28532.17
20220711,622.2,875.7,644.62,31195.54,47019.22,28527.16
20220712,609.07,863.56,622.46,30964.81,46510.17,27867.85
20220713,611.68,860.73,621.75,30904.29,46076.36,27449.98
20220714,612.5,858.38,622.81,30712.98,45838.34,27451.19
20220715,605.86,849.51,614.25,30448.03,45770.67,27310.8
20220718,617.32,867.95,627.68,31018.43,46631.32,27913.35
20220719,616.33,866.57,625.44,30796.05,46168.77,27869.57
20220720,638.21,895.22,649.99,31536.01,47392.19,28798.45
20220721,649,907.24,668.57,31563.93,47636.47,29406.49
20220722,651.46,910.65,673.28,31779.3,48000.82,30004.87
20220725,640.74,901.11,652.02,31736.34,47415.47,29587.43
20220726,642.95,904.2,652.57,31899.59,47494.69,29496.58
20220727,636.45,899.96,643.74,31781.84,46951.66,28761.7
20220728,652.81,919.41,663.93,32168.54,48286.22,29813.22
20220729,658.26,926.67,675.06,32374.98,48831.26,30317.72
20220801,660.75,933.87,683.52,32490.35,49515.08,31122.35
20220802,662.14,936.55,679.79,32526.39,49290.7,31165.07
20220803,664.19,930.12,686.58,32364.6,48933.83,31118.33
20220804,676.04,939.53,704.03,32735.17,49734.81,31769.44
20220805,677.4,938.33,709.9,32558.95,49597.61,31991.12
20220808,682.71,941.6,722.8,32556.65,49640.61,31794.34
20220809,690.73,948.49,732.15,32663.94,49581.06,31731.62
20220810,678.24,938.99,712.11,32598.96,49484.52,31177.89
20220811,697.73,960.74,741.47,33147.88,50496.24,32221.31
20220812,702.28,964.97,739.64,33342.66,50461.43,31994.59
20220815,718.92,982.65,759.06,33800.89,51285.13,32698.17
20220816,721.32,986.96,760.56,33903.6,51484.28,32850.88
20220817,723.34,990.17,756.65,34017.89,51694.48,32885.22
20220818,710.95,976.61,738.08,33856.9,51398.27,32390.54
20220819,714.33,985.51,741.15,33919.37,51547.94,32456.09
20220822,698.54,970,716.64,33662.05,50914.16,31697.06
20220823,682.05,951.37,701.13,33012.66,49864.92,30917.32
20220824,683,948.84,705.07,32999.89,49739.2,30954.91
20220825,689.06,952.77,717.51,33112.23,49872.52,31133.43
20220826,698.43,968.96,728.79,33503.45,50572.49,31681.02
20220829,675.06,939.48,699.63,32560.39,48905.66,30439.46
20220830,669.09,931.1,690.62,32423.66,48597.98,30130.2
20220831,659.43,918.1,679.11,32076.73,48066.91,29797.77
20220901,655.08,909.68,681.07,31721.21,47640.69,29498.36
20220902,651.89,898.79,672.58,31764.56,47807.57,29368.51
20220906,647.57,893.74,665.99,31527.23,47278.56,29087.59
20220907,636.88,884.38,662.17,31306,47073.17,28971.67
20220908,653.74,900.24,680.44,31821.5,47887.29,29692.16
20220909,658.01,902.78,691.84,32001.12,48122.09,30149.86
20220912,670.97,919.73,706.84,32439.86,48845.76,30814.45
20220913,680.53,930.63,717.28,32720.98,49479.39,31166.29
20220914,654.58,896.33,685.1,31520.13,47382.4,29632.79
20220915,655.81,896.42,690.42,31633.27,47506.77,29969.98
20220916,652.65,892.38,686.25,31449.65,46901.15,29682.3
20220919,641.87,883.2,666.67,31265.89,46499.05,29302.27
20220920,644.25,893.77,668.65,31400.37,46896.01,29513.21
20220921,634.35,882.48,657.47,31051.59,46480.69,29030.11
20220922,623.92,873.71,647.22,30591.47,45675.37,28514.68
20220923,610.06,856.07,628.95,30355.4,45387.25,27885.75
20220926,592.58,838.49,613.36,29735.28,44657.79,27304.34
20220927,583.42,830.46,606.14,29350.46,44216.08,27087.13
20220928,586.28,826.81,614,29179.69,44137.93,27228.73
20220929,603.05,848.02,639.19,29827.5,44923.48,27958.22
20220930,588.15,832.12,621.49,29276.72,44010.26,27225.43
20221003,586.68,823.99,620.68,28791.86,43253.59,26938.77
20221004,600.34,846.91,636.64,29723.82,44465.06,27421.86
20221005,627.2,877.86,665.37,30660.83,45790.01,28494.25
20221006,623.75,873.18,657.13,30605.2,45724.17,28413.35
20221007,619.7,868.71,656.01,30246.72,45304.35,28241.41
20221010,603.4,846.89,631.08,29634.57,44075.49,27139.59
20221011,598.16,847.06,623.65,29450.26,43782.9,26808.5
20221012,596.69,847.04,622.24,29466.27,43448.98,26488.9
20221013,596.68,842.74,620.92,29518.41,43282.49,26481.86
20221014,607.66,865.08,632.28,30356.86,44459.11,26868.75
20221017,593.62,848.68,609.59,29834.23,43542.45,25834.95
20221018,611.79,871.78,630.24,30347.46,44652.63,26861.14
20221019,619.55,881.4,636.7,30773.9,45121.72,27228.91
20221020,607.17,870.6,620.09,30636.49,44903.87,26915.23
20221021,597.54,857.67,615.12,30396.33,44611.47,26614.84
20221024,610.4,877.77,629.28,31058.08,45615.98,27289.39
20221025,613.12,883.44,628.71,31417.48,46196.62,27458.22
20221026,629.02,900.13,652.85,31795.55,46876.25,28208.29
20221027,632.5,901.15,656.4,31991.7,46339.52,27992.17
20221028,633.31,903.89,656.09,32131.79,45861.91,27900.69
20221031,647.22,924.31,670.37,32776.4,47334.12,28096.43
20221101,648.08,924.53,669.94,32621.61,46846.63,27881.96
20221102,652.45,925.76,671.29,32664.56,46632.21,27725.57
20221103,631.59,897.27,646.84,32084.03,45488.15,26710.24
20221104,627.21,892.71,643.98,31906.18,44868.76,26507
20221107,631.56,906.47,644.46,32347.02,45463.2,26709.24
20221108,637.85,912.36,644.03,32766.83,45949.05,26768.94
20221109,637.54,911,645.52,32982.34,46244.11,26837.35
20221110,621.03,892.1,621.56,32340.38,45378.71,25962.11
20221111,659.55,942.45,668.24,33508.08,47839.71,28031.43
20221114,670.61,944.1,681.64,33589.01,48187.34,28721.05
20221115,662.78,936.17,671.16,33338.27,47808.63,28296.43
20221116,672.52,949.03,682.1,33566.11,48230.25,28753.08
20221117,658.34,934.37,663.19,33324.25,47964.83,28153.98
20221118,653.02,928.65,655.6,33253.3,47910.12,27811.39
20221121,656.02,933.99,654.69,33489.79,48171.53,27776.83
20221122,652.64,932.36,647.27,33639.07,47910.92,27437.42
20221123,658.81,943.36,653.11,34033.94,48645.28,27907.83
20221125,660.93,945.18,657.56,34115.21,48926.01,28234.18
20221128,662.24,949.97,659.32,34191.6,48876.62,28208.61
20221129,650.58,931.29,643.44,33716.76,48089.71,27831.09
20221130,653.38,932.32,645.02,33829.18,47964.91,27686.74
20221201,669.23,958.78,667.75,34444.15,49431.69,28710.6
20221202,665.45,959.42,668.92,34445.3,49348.74,28794.52
20221205,671.22,962.54,675.76,34530.58,49298.85,28665.36
20221206,655.87,937.51,654.25,33963.22,48481.36,27815.15
20221207,646.8,928.3,640.24,33582.09,47770.93,27365.41
20221208,642.4,924.52,639.18,33594.22,47605.99,27325.82
20221209,645.83,929.02,645.16,33757.98,47904.74,27695.71
20221212,637.34,919.27,635.58,33522.05,47537.6,27469.91
20221213,643.84,928.2,645.82,33982.23,48312.85,27757.67
20221214,649.06,932.86,652.51,34078.73,48599.94,28088.53
20221215,645.89,924.48,650.98,33870.7,48361.44,27885.4
20221216,629.72,902.32,633.49,33192.86,47071.07,27111.21
20221219,627.37,897.67,629.71,32917.16,46652.13,26689.91
20221220,620.5,889.38,613.82,32731.34,46226.22,26316.53
20221221,624.62,893.84,615.78,32824.87,46348.88,26224.65
20221222,635.74,908.74,625.88,33233.73,47035.75,26715.37
20221223,630.29,897.15,617.37,32936.86,46376.86,26127.08
20221227,633.27,903.02,615.48,33168.64,46647.8,26208.79
20221228,628.53,903.32,605.08,33246.74,46515.3,25807.03
20221229,620.8,888.08,597.32,32859.56,45896.51,25554.69
20221230,639.32,907.76,616.56,33254.52,46689.09,26218.03
20230103,645.52,906.33,625.58,33155.66,46530.9,26159.79
20230104,644.18,907.38,620.57,33092.37,46341.33,25947.31
20230105,656.62,917.71,630.32,33418.59,46561.74,26298.73
20230106,652.21,910.43,621.95,33219.44,46045.13,25848.49
20230109,666.19,932.31,633.21,33955.07,47089.32,26412.35
20230110,668.02,932.77,638.31,33688.74,47039.47,26679.76
20230111,679.34,944.59,651.1,33858.41,47361.28,26996.29
20230112,685.78,953.04,660.72,33980.27,47985.8,27517.01
20230113,698.77,965.67,677.22,34035.53,48140.95,27704.51
20230117,703.52,971.55,682.34,34134.81,48332.56,27917.87
20230118,701.05,968.06,684.03,34045.46,48215.94,27947.08
20230119,692.69,952.85,671.53,33430.27,47489.08,27574.7
20230120,687.65,946.26,663.01,33175.1,47223.63,27135.93
20230123,701.05,961.25,677.32,33604.66,48136.83,27840.14
20230124,708.73,970.48,688.89,33830.05,48700.03,28439.14
20230125,708.87,967.37,686.88,33842.84,48706.83,28260.88
20230126,711.85,967.66,688.74,33962.22,48632.54,28283.04
20230127,716.56,971.29,692,34161.26,49154.77,28768.58
20230130,718.45,974.96,699.95,34060.64,49211.03,29169.82
20230131,710.07,966.02,687.07,33783.5,48572.53,28587.91
20230201,728.71,989.61,705.6,34014.18,49230.49,29220.27
20230202,739.15,1004.15,717.8,34200.33,49797.92,29878.02
20230203,755.56,1027.65,737.79,34171.45,50573.64,30668.97
20230206,750.31,1023.51,729.31,33919.86,50273.22,29917.35
20230207,740.72,1011.81,717.86,33832.52,49896.26,29652.38
20230208,744.35,1020.59,723.26,34080.9,50655.9,30013.48
20230209,731.23,1006.01,710.5,33808.3,49957.71,29761.77
20230210,721.84,994.98,697.26,33589.89,49457.67,29504.53
20230213,721.12,996.22,695.37,33849.21,49610.54,29261.79
20230214,728.18,1007.42,703.68,34136.22,50213.75,29628.94
20230215,727.92,1007.31,706.96,34021.41,50140.53,29953.87
20230216,735.48,1016.01,721.16,34009.08,50294.28,30302.53
20230217,728.57,1008.06,710.09,33713.35,49686.84,29656.17
20230221,730.95,1013.25,710.23,33759.12,49537.04,29451.72
20230222,707.16,985.44,684.42,33207.28,48604.03,28605.21
20230223,709.42,988.2,689.05,33173.8,48602.64,28709.23
20230224,713.49,992.61,691.06,33248.63,48728.1,29049.92
20230227,704.04,984.7,680.75,33032.54,48217.77,28634.2
20230228,704.58,986.54,684.76,33106.85,48330.88,28800.12
20230301,709.71,986.41,692.7,32825.51,48120.45,28823.05
20230302,710.38,989.61,690.46,32815.75,48046.64,28568.37
20230303,712.38,992.29,690.5,33005.93,48436.37,28727.43
20230306,721.94,1003.85,704.58,33397.67,49218.17,29294.49
20230307,707.16,987.7,695.17,33292.5,49393.66,29091.38
20230308,701.88,978.2,690.36,32760.45,48673.95,28683.14
20230309,701.9,980.55,688.51,32692.47,48725.6,28772.06
20230310,683.16,955.23,666.35,32099.58,47889.98,28005.63
20230313,660.63,931.32,640.18,31776.66,47186.8,27361.44
20230314,649.49,908.54,634.22,31530.57,47133.56,27476.98
20230315,660.62,925.53,643.64,31897.11,47914.74,28116.3
20230316,648.35,911.73,633.7,31490.51,47653.16,27917.89
20230317,657.51,929.21,643.6,31791,48533.6,28553.44
20230320,641.02,904.61,629.33,31327.13,48068.79,28189.78
20230321,647.51,909.76,630.55,31759.27,48481.76,28341.39
20230322,657.87,928.38,647.62,32079.45,49079.81,29083.51
20230323,641.14,904.57,628.71,31479.88,48353.63,28509.79
20230324,636.76,898.12,630.35,31355.74,48536.86,28638.91
20230327,637.29,908.66,632.53,31580.06,48844.53,28607.24
20230328,640.37,917.09,638.38,31821.94,48890.38,28670.22
20230329,639.75,917.73,636.64,31919.64,48799.37,28537.28
20230330,647.49,923.46,642.22,32250.81,49470.67,29059.21
20230331,644.55,921.35,640.96,32385.04,49722.91,29266.04
20230403,659.18,939.97,663.6,32700.55,50297.1,29896.51
20230404,661.79,938.88,665.01,32943.66,50565.59,29738.23
20230405,649.49,922.47,652.22,32662.81,50265.73,29552.88
20230406,642.76,914.77,640.88,32778.89,50231.47,29103.26
20230410,644.48,915.19,643.93,32769.82,50519.37,29134.87
20230411,651.9,925.99,650.9,32890.86,50447.97,29344.88
20230412,658.07,931.35,657.83,33015.37,50413.05,29348.74
20230413,652.1,924.41,650.22,32893.09,50280.09,29047.83
20230414,660.87,931.87,663.95,33149.94,51030.37,29524.87
20230417,655.74,923.2,656.43,33043.7,50981.25,29459.59
20230418,663.05,929.98,668.41,33208.15,51067.02,29594.85
20230419,662.55,925.37,666.39,33296.21,51068.47,29633.5
20230420,665.31,929.32,667.21,33283.08,51018,29666.83
20230421,662.41,924.52,661.9,33110.85,50855.53,29271.94
20230424,665.65,923.25,664.42,33131.54,50816.28,29418.67
20230425,664.1,921.16,661.91,33221.03,50842.02,29362.08
20230426,648.27,898.68,643.36,32865.19,50075.69,28588.67
20230427,644.02,891.62,638.99,32428.08,50064.78,28449.13
20230428,652.68,901.47,644.26,32750.59,51159.27,29006.85
20230501,663.22,911.06,652.13,33009.35,51533.15,29174.73
20230502,665.11,911.99,653.9,33099.04,51523.65,29202.39
20230503,652.04,892.6,636.62,32574.67,50980.02,28899.68
20230504,650.35,890.36,642.28,32309.66,50723.92,28704.57
20230505,642.32,877.35,635.43,31950.28,50361.67,28542.31
20230508,654.99,897.46,653.76,32475.74,51308.2,29153.08
20230509,652.94,893.78,654.27,32443.05,51351.75,29242.22
20230510,649.09,890.01,655.99,32326,51095,29151.59
20230511,649.67,892.93,661.71,32258.41,51378.24,29347.1
20230512,644.87,886.23,653.06,32099.85,51339.48,29312.31
20230515,643.84,884.4,648.41,32080.25,51278.55,29135.3
20230516,651.53,892.41,661.83,32250.89,51384.67,29376.89
20230517,643.33,882.06,650.03,31821.67,51126.64,29212.01
20230518,656.7,905.81,663.76,32221.16,51620.21,29789.36
20230519,660.72,912.49,668.16,32301.85,52114.9,30300.13
20230522,658.71,904.9,665.6,32274.25,52043.85,30127.19
20230523,665.07,915.67,678.74,32207.4,52021.65,30333.7
20230524,663.25,913.15,675.16,31958.02,51359.44,30027.85
20230525,656.52,903.07,667.41,31777.51,51060.34,29806.3
20230526,648.62,899.72,661.07,31666.33,51376.68,30361.92
20230530,654.45,908.19,668.25,32020.22,51952.9,30994.48
20230531,651.13,904.77,669.62,31870.58,51887.62,31199.93
20230601,648.03,898.25,670.5,31682.07,51618.41,30862.59
20230602,653.42,907.45,677.89,31862.11,52145.73,31285.06
20230605,676.46,943.75,697.33,32546.31,52862.44,31755
20230606,668.46,925.81,692.86,32427.63,52739.76,31761.22
20230607,684.08,953,713.13,32523.04,52868.39,31972.04
20230608,696.44,974.84,720.27,32819.49,52550.52,31639.03
20230609,694.09,970.54,719.78,32928.32,52833.36,32004.32
20230612,688.09,963.59,714.17,32885.73,52886.43,32077.17
20230613,692.28,965.71,721.33,33041.96,53371.49,32555.98
20230614,701.37,975.39,733.04,33243.54,53644.39,32971.69
20230615,692.34,964.21,723.27,33146.81,53655.9,33062.26
20230616,698.67,973.26,728.73,33452.82,54465.34,33358.99
20230620,693.43,968.38,711.3,33437.7,54176.68,33228.36
20230621,691.98,962.98,709.3,33127.41,53851.69,33278.66
20230622,691.95,963.27,705.17,33107.33,53655.42,32831.33
20230623,685.74,955.74,699.16,32979.36,53935.35,33051.92
20230626,675.31,942.2,688.67,32697.42,53592.53,32698.77
20230627,671.85,943.93,684.47,32810.95,53352.25,32340.56
20230628,679,956.89,695.65,33085.74,53953.62,32893.97
20230629,681.9,958.23,700.84,33053.98,53960.17,32928.72
20230630,689.9,972.49,706.69,33313.73,54165.84,32997.88
20230703,528.49,1007.69,812.31,34453.15,48031.24,45442.77
20230705,532.29,1016.4,816.17,34557.08,48006.06,45596.43
20230706,526.64,1002.49,804.62,34399.78,47895.45,45546.9
20230707,518.22,988.43,790.25,34033.11,47530.9,45106.33
20230710,526.48,999.21,800.88,34053.86,47367.73,45051.17
20230711,537.7,1011.21,816.27,34355.98,47463.44,45113.95
20230712,544.82,1022.41,822.93,34663.75,47767.15,45624.49
20230713,551.64,1034.43,833.25,34807.53,48026.22,46172.25
20230714,555.15,1042.49,841.01,34973.12,48334.54,46887.06
20230717,546.33,1032.14,832.72,34785.32,48270.45,46865.9
20230718,554.6,1042.94,842.14,34932.5,48373.52,47255.47
20230719,559.91,1058.9,853.5,35229.8,48522.86,47893.26
20230720,562.85,1066.68,860.34,35405.66,48664.47,47918.92
20230721,555.85,1059.98,849.49,35550.27,48694.09,46706.72
20230724,553.4,1054.28,848.06,35576.31,48821.19,46516.59
20230725,553.36,1060.05,851.38,35653.1,49057.44,46603.51
20230726,551.67,1060.35,850.62,35698.72,49082.57,46937.8
20230727,559.89,1069.38,858.44,35686.73,49401.33,46517.39
20230728,551.25,1056.05,843.97,35466.81,49068.01,46181.14
20230731,563.22,1068.42,857.03,35752.49,49523.87,47002.22
20230801,572.77,1078.53,869.92,35801.74,49513.16,47185.05
20230802,569.19,1076.33,867.95,35646.87,49504.69,47009.33
20230803,558.73,1065.2,854.29,35379.09,48981.7,45877.59
20230804,555.72,1066.3,854.32,35338.71,48803.09,45888.86
20230807,552.8,1065.65,852.78,35170.11,48220.59,46106.08
20230808,549.36,1068.26,849.11,35492.8,48599.94,46651.57
20230809,546.38,1060.23,847.33,35231.45,48669.66,46130.18
20230810,540.04,1051.03,840.62,34986.19,48464.68,45550.14
20230811,537.74,1046.78,836.92,34998.49,48441.94,45618.83
20230814,539.72,1045.2,839.11,35044.87,48488.4,45357.84
20230815,536.59,1043.05,835.93,35084.34,48653.04,45882.37
20230816,529.03,1031.67,825.02,34712.83,48106.98,45299.01
20230817,520.39,1021.17,814.21,34460.49,47865.16,44769.3
20230818,515.05,1012.5,805.1,34189.04,47556.06,44239.14
20230821,514.41,1016.32,810.27,34250.28,47541.99,44261.04
20230822,512.87,1011.75,808.55,34315.54,47587.36,45081.84
20230823,510.09,1007.13,806.71,34095.97,47542.7,44903.6
20230824,514.7,1014.45,813.99,34375,48062.74,45478.37
20230825,506.46,1004.66,802.41,34072.58,47436.79,44638.67
20230828,508.87,1007.07,806.43,34235.62,47778.14,44962.7
20230829,512.54,1014.51,813.83,34482.78,48096.02,45212.74
20230830,520.17,1026.96,826.11,34917.85,48711.91,46117.44
20230831,522.88,1030.01,830.84,35023.42,48966.82,46263.38
20230901,524.25,1023.28,832.33,34848.88,48758.13,46318.78
20230905,529.75,1031.3,842.88,34885.3,48950.72,46352.49
20230906,520.49,1006.81,824.88,34628.93,48600.12,46463.17
20230907,516.7,1000.33,822.06,34555.82,48167.87,46135.95
20230908,510.74,991.58,812.99,34446.81,47986.18,45968.8
20230911,508.57,989.83,810.2,34518.05,48096.81,45990.18
20230912,509.78,992.9,810.35,34661.79,48273.93,46594.7
20230913,508.84,992.46,808.31,34478.45,48082.97,46186.72
20230914,503.62,985.25,801.26,34456.04,48028.38,46409.85
20230915,510.19,999.28,813.65,34850.21,48381.09,46737.53
20230918,505.32,991.2,805.72,34525.32,48007.42,45837.99
20230919,499.85,985,800,34489.46,48143.33,45712.64
20230920,499.07,981.87,795.41,34454.25,48052.37,45543.46
20230921,493.42,977.08,785.62,34294.18,47651.51,44946.21
20230922,486.09,966.12,774.64,33745.51,46939.89,44061.87
20230925,482.9,964.14,771.72,33646.36,46847.68,43962.74
20230926,483.22,968.7,775.17,33722.75,47006.4,44237.56
20230927,473.46,954.63,769.68,33286.35,46329.69,43539.54
20230928,477.84,960.96,778.84,33313.26,46303.54,43685.27
20230929,481.99,967.77,785.58,33569.54,46642.92,44033.4
20231002,487.47,971.77,784.34,33337.09,46392.34,44138.87
20231003,479.71,957.95,769.07,33092.12,46287.99,44409.44
20231004,469.36,944.05,755.8,32624.76,45816.69,43486.42
20231005,469.88,947.88,756.61,32835.96,46094.38,44011.17
20231006,471.75,946.65,759.61,32754.64,46041.66,43940.86
20231009,476.15,951.86,767.26,33030.05,46516.74,44695.47
20231010,475.83,957.85,772.2,33159.84,46899.77,44908.13
20231011,482.01,968.15,778.98,33365.86,47159.98,45201.53
20231012,479.88,968.17,774.95,33404.78,47307.1,45603.7
20231013,466.43,949.88,755.35,33121.82,46976.01,45296.19
20231016,462.53,940.08,751.91,33075.54,46843.53,44680.12
20231017,471.91,958.38,763.46,33442.73,47265.58,45317.7
20231018,478.01,969.72,772.63,33577.67,47318.89,45222.32
20231019,467.4,952.62,755.58,33220.12,46779.83,44338.18
20231020,460.12,942.41,744.21,32935.43,46386.21,43918.03
20231023,454.88,930.83,733.82,32520.57,45927.46,43145.63
20231024,450.38,923.75,726.12,32340.35,45720.43,43323.71
20231025,456.51,929.43,732.6,32599.86,46007.58,43706.28
20231026,448.26,917.82,719.77,32248.91,45226.65,43014.24
20231027,449.57,922.38,721.46,32013.98,44755.76,42300.92
20231030,443.01,912.07,712.48,31631.02,44358.36,42519.56
20231031,448.32,921.4,717.23,31972.63,44889.65,43021.85
20231101,453.14,925.52,726.07,32192.42,45039.62,43261.87
20231102,454.03,926.55,726.07,32279.57,45384.63,43991.6
20231103,468.89,952.92,743.36,32951.41,46235.77,44947.08
20231106,485.45,978.99,765.01,33333.56,46564.54,45578.57
20231107,477.32,969.65,752.67,33275.59,46644.76,45641.47
20231108,479.79,958.72,751.38,33264.73,46759.36,46013.79
20231109,475.23,946.89,742.07,33235.36,46905,46027.06
20231110,461.75,936.63,728.2,32999.73,46505.91,45618.93
20231113,464.95,944.3,733.86,33441.51,47092.39,46525.96
20231114,465.79,942.52,735.35,33394.16,47067.39,46544.99
20231115,492.07,991.78,778.38,34073.62,47884.57,47663.43
20231116,496.55,991.71,781.12,34211.6,48058.01,47576.32
20231117,488.14,979.42,767.37,33946.05,48185.75,47550.18
20231120,498.52,990.41,779.6,34102.74,48227.08,47658.2
20231121,502.17,995.29,784.07,34231.16,48520.5,48202.39
20231122,493.81,983.06,773.59,34124.61,48516.62,47936.85
20231124,497.7,988.07,779.91,34233.63,48735.28,48110
20231127,503.2,994.76,786.47,34357.57,48759.05,48112.2
20231128,501.26,991.3,783.25,34231.63,48592.48,48148.96
20231129,500.84,987.89,780.81,34219.42,48596.41,48271.75
20231130,505.99,992.48,788.32,34224.66,48572.68,48275.1
20231201,505.16,995.34,795.21,34683.64,48750.14,48321.84
20231204,523.5,1022.97,820.19,35085.14,49131.39,48516.55
20231205,531.25,1033.8,828.17,35103.98,48956.84,48044.75
20231206,524.46,1019.07,816.33,34849.34,48881.62,48145.7
20231207,525.45,1017.07,816.8,34729.47,48810.05,47793.2
20231208,531.37,1026.01,824.18,34908.08,49178.14,48304.14
20231211,536.12,1032.02,829.92,35052.66,49287.06,48673.53
20231212,534.91,1035.71,828.97,35553.04,49440.2,48649.98
20231213,535.35,1031.44,826.32,35585.7,49565.41,49010.13
20231214,556.13,1065.63,858.14,36172.4,50339.1,49615.45
20231215,572.33,1089.09,882.37,36527.62,50487.7,49738.13
20231218,570.28,1078.93,876.48,36452.67,50292.6,50032.3
20231219,569.65,1079.57,875.52,36560.01,50432.2,50442.37
20231220,583.92,1100.35,897.53,36830.88,50784.54,50718.12
20231221,572.57,1081.92,878.22,36212.95,50138.6,49827.7
20231222,584.92,1099.45,898.38,36581.92,50568.04,50504.09
20231226,591.79,1106.95,907,36735.09,50646.31,50561.5
20231227,599.89,1119.96,921.38,36895.41,50836.25,50832.12
20231228,604.15,1121.15,928.15,36963.45,50860.61,50950.49
20231229,603,1116.73,924.88,37014.01,50892.39,50902.21
20240102,599.2,1105.16,918.53,36864.87,50707.42,50599.62
20240103,593.65,1097.91,908.72,36833.28,50475.42,49974.84
20240104,575.6,1066.84,883.72,36374.5,50196.7,49400.89
20240105,576.4,1065.27,883.24,36332.16,50000.27,49369.93
20240108,574.7,1063.6,881.66,36410.48,50018.98,49565.94
20240109,589.33,1077.86,900.37,36738.37,50628.92,50622.15
20240110,584.18,1065.25,890.94,36591.69,50506.11,50669.6
20240111,584.01,1070.68,889.81,36731.63,50671.06,51135.41
20240112,577.33,1063.22,880.32,36715.59,50532.78,51218.41
20240116,573.2,1062.42,878.78,36670.43,50607.62,51188.1
20240117,564.94,1050.4,866.11,36491.86,50261.99,51185.49
20240118,559.13,1042.72,860.91,36277.34,49977.56,50912.55
20240119,559.4,1051.17,864.26,36591.83,50434.04,51381.64
20240122,564.22,1060.25,872.68,37035.22,50955.88,52139.54
20240123,578.5,1079.88,893.54,37153.88,51154.47,52247.15
20240124,574.16,1075.57,888.06,37259.04,51287.82,52394.84
20240125,569.86,1066.73,880.85,37156.03,51183.81,52690.57
20240126,575.6,1073.33,887.63,37447.35,51564.96,52647.3
20240129,578.08,1075.74,886.25,37404.13,51551.62,52679.08
20240130,591.4,1090.22,901.87,37552.54,51807.86,53448.35
20240131,583.68,1081.08,894.57,37716.03,51754.07,53292.96
20240201,571.99,1051.28,879.3,37235.81,50845.98,52315.8
20240202,580.87,1061.1,893.65,37528.76,51511.38,53029.37
20240205,577.81,1055.49,889.02,37613.28,51493.47,54606.08
20240206,569.02,1040.04,877.58,37419.18,51427.72,54320.75
20240207,579.07,1048,886.44,37557.67,51717.17,54210.78
20240208,575.95,1045.64,884.2,37701.5,51951.56,55059.65
20240209,585.77,1058.72,900.16,37702.16,51999.1,55219.96
20240212,595.2,1072.73,912.41,37797.13,52122.87,55934.47
20240213,607.45,1089.64,930.05,38073.57,52172.55,55731.12
20240214,581.2,1048.73,892.18,37507.47,51547.92,54738.71
20240215,600.71,1069.67,916.8,37891.59,51864.2,55640.96
20240216,613.45,1092.23,938.03,38321.04,52089.37,55941.14
20240220,607,1081.93,926.06,38157.33,51889.21,55568.81
20240221,597.64,1072.59,912.07,38057.35,51691.74,54869.72
20240222,591.83,1065.75,906.93,38149.93,51913.94,54557.47
20240223,595.63,1067.46,908.97,38612.32,52499.66,56637.36
20240226,596.26,1070.68,916.03,38735.5,52517.93,56552.09
20240227,604.38,1072.76,924.81,38677.51,52123.47,56659.81
20240228,620.73,1079.06,938.96,38753.72,52287.17,56700.65
20240229,616.25,1068.12,925.32,38749.62,52193.36,56495.78
20240301,619.65,1080.33,931.65,38744.61,52157.06,57225.65
20240304,628.87,1082.18,942.13,39094.99,52292.26,57983.84
20240305,624.73,1078.08,934.19,39218.77,52042.07,57987.02
20240306,617.27,1075.24,922.47,39006.83,51585.04,57106.36
20240307,621.1,1077.96,927.08,39271.53,51695.36,57604.22
20240308,623.47,1084.81,932.29,39549.65,51971.21,58664.8
20240311,624.29,1084.31,933.33,39336.79,51952.88,57794.81
20240312,618.07,1081.37,923.02,39416.99,52100.89,57304.98
20240313,616.86,1074.26,922.82,39713.77,52323.05,58528
20240314,619.06,1075.13,925.75,39675.94,52354.94,58305.36
20240315,604.9,1056.04,904.18,39387.71,52305.33,58049.57
20240318,608.9,1059.8,909.53,39304.91,52048.87,57493.14
20240319,607.5,1053.88,904.69,39399.22,52485.6,58015.66
20240320,611.78,1061.81,912.99,39589.62,52852.31,58245.24
20240321,626.92,1079.79,933.81,39956.49,53288.08,58941.86
20240322,631.89,1089.88,943.04,40377.03,53222.23,59374.94
20240325,620.97,1076.24,930.83,40116.77,53115.95,59439.04
20240326,618.06,1075.14,929.24,39986.7,52963.16,59336.68
20240327,618.92,1073.67,928.57,39964.59,52913.32,59031.75
20240328,633.76,1097.75,949.42,40424.5,53586.32,59116.59
20240401,643.52,1112.64,962.7,40529.89,53590.35,59029.87
20240402,636.11,1101.84,949.49,40335.76,53396.85,59114.71
20240403,623.36,1084.86,931.13,39999.31,53091.83,58521.57
20240404,626.21,1090.43,936.5,40071.93,53109.84,58709.9
20240405,618.91,1083.79,925.08,39543.64,52530.47,57939.9
20240408,622.93,1087.78,932.54,39885.52,52933.08,58868.42
20240409,627.14,1094.05,938.2,39919.11,52915.57,58865.65
20240410,630.43,1097.44,944.12,39957.68,53033.82,58886.5
20240411,612.32,1068.11,921.56,39507.2,52470.04,58517.64
20240412,617.8,1073.16,927.81,39554.13,52801.91,59216.32
20240415,603.44,1054.27,909.27,38805.51,52235.39,58169.17
20240416,592.85,1042.57,896.17,38515.64,51743.3,57090.5
20240417,589.22,1036.28,890.7,38424.64,51471.43,57214.87
20240418,584.37,1029.43,880.62,38237.89,51374.87,56559.91
20240419,582.09,1030,879.66,38239.17,51308.61,56258.71
20240422,585.2,1034.78,883.93,38320.79,51302.28,54896.45
20240423,591.44,1042.05,891.42,38652.05,51687.48,55481.27
20240424,601.77,1060.03,908.93,38980.49,52186.4,56487.06
20240425,598.19,1059.47,906.34,38995.9,52291.52,56390.82
20240426,590.85,1050.31,899.62,38848.54,52194.68,55956.77
20240429,600.32,1058.15,908.58,38932.55,52698.06,56848.13
20240430,604.51,1063.77,915.03,39045.1,52828.36,57114.93
20240501,596.13,1047.57,898.82,38254.5,52093.95,55825.64
20240502,603.71,1053.54,905.27,38041.96,51956.78,55709.88
20240503,614.12,1069.2,925.08,38187.03,52355.87,56586.44
20240506,620.93,1076.78,936.84,38470.43,52946.56,57478.27
20240507,625.7,1087.84,949.7,38837.04,53256.16,58509.47
20240508,624.63,1088.57,949.72,38924.71,53480.38,58257.03
20240509,620.42,1087.3,942.67,38985.81,53413.11,58217.29
20240510,626.54,1099.97,952.95,39187.04,53807.37,58321.72
20240513,619.3,1095.78,944.57,39344.01,53778.49,58460.27
20240514,624.13,1095.32,945.64,39296.5,53827.85,58383.84
20240515,632.11,1104.58,957.29,39591.17,53982.12,58812.74
20240516,637.28,1108.88,966.53,39965.3,54493.49,59728.91
20240517,634.16,1108.58,960.24,40012.31,54434.58,59401.16
20240520,630.95,1110.14,961.59,40145.19,54537.8,59391.9
20240521,632.78,1109.85,962.6,39931.9,54575.44,59727.96
20240522,628.57,1107.94,961.12,39955.2,54660.98,59909.44
20240523,624.29,1099.32,956.25,39874.87,54425.47,59765.34
20240524,612.41,1084.55,937.68,39401.99,53698.37,59809.72
20240528,617.6,1092.88,948.6,39650.76,53968.08,60415.1
20240529,616.28,1089.67,952.1,39398.99,53680.97,60954.79
20240530,609.99,1074.85,940.43,39026.93,53282.25,60584.32
20240531,615.47,1084.79,947.78,39114.48,53380.98,59450.32
20240603,624.16,1099.59,956,39502.73,53904.27,59870.95
20240604,622.84,1093.59,952.79,39362.5,53816.28,60225.5
20240605,613.69,1080.99,939.32,39343.12,53803.66,60298.08
20240606,624.38,1092.43,956.44,39707.01,54125.65,61570.87
20240607,619.26,1087.48,950.13,39668.27,54129.6,61576.94
20240610,612.23,1075.18,939.28,39621.62,54117.91,61335.77
20240611,613.39,1072.14,945.03,39719.96,54076.54,61763.09
20240612,613.15,1067.77,942.05,39488.55,54520.84,61745.01
20240613,622.57,1083.62,957.68,39857.53,54807.55,62612.34
20240614,614.45,1070.87,948.38,40137.78,54683.3,62775.9
20240617,605.17,1055.08,930.18,40120.06,54543.52,62821.93
20240618,605.96,1063.81,933.73,40655.55,54985.99,63188.25
20240620,603.59,1062.68,932.26,40815.02,54998.63,63439.1
20240621,601.11,1060.14,926.94,40832.05,54880.13,63131.04
20240624,605.48,1062.31,929.77,40670.67,54926.45,62973.42
20240625,607.16,1069.5,936.23,40770.17,55177.26,62113.31
20240626,602.26,1061.73,930.96,40458.74,55140.81,62994.95
20240627,601.74,1065.32,928.21,40390.74,55168.3,63331.97
20240628,607.9,1070.07,936.49,40394.5,55207.86,63501.51
20240701,524.21,1085.21,906.2,43789.84,51727.32,62991.71
20240702,519.89,1074.97,900.51,43792.7,51813.85,63312.85
20240703,518.93,1076.77,899.01,43861.3,52167.81,63888.03
20240705,520.92,1076.17,902.41,44526.98,52378.52,64021.48
20240708,518.73,1067.33,901.08,44212.64,52522.1,64795.18
20240709,522.79,1072.13,908.76,44688.4,52657.18,64610.84
20240710,520.51,1068.2,903.21,45090.95,52600.21,64496.12
20240711,523.18,1078.22,912.26,45831.37,53075.62,65016.34
20240712,544.92,1117.92,947.28,45128.06,53085.98,64299.18
20240715,552.32,1130.02,960.57,45495.45,53413.24,64579.9
20240716,561.05,1145.8,978.6,45404.91,53768.33,64759.12
20240717,583.27,1189.28,1012.79,45436.91,54494.01,65045.62
20240718,578.07,1188.89,998.25,44350.15,54012.31,63952.64
20240719,563.63,1169.41,976.56,44374.6,53462.46,63241.66
20240722,558.33,1163.36,970.98,43896.88,53081.74,62947.77
20240723,569.6,1178.62,985.72,44839.6,53312.92,63869.74
20240724,576.37,1189.35,995.97,44672.7,53256.9,63889.63
20240725,564.01,1167.16,974.2,43415.84,52424.88,62019.2
20240726,571.73,1182.65,990.75,43309.89,52549.4,61448.19
20240729,582.86,1198.94,1007.08,43787.6,53094.98,62137.48
20240730,577.03,1187.3,992.63,43558.33,53052.03,62375.17
20240731,577.09,1195.12,992.71,42483.6,53163.44,62148.9
20240801,586.24,1202.56,999.47,44145.54,53720.54,62863.12
20240802,567.17,1168.99,970.67,42952.42,52852.99,62395.35
20240805,548.44,1132.65,933.17,42263.82,52082.73,60726.94
20240806,530.77,1097.44,902.43,40804.8,50666.79,58877.95
20240807,537.27,1107.09,911.47,41473.1,50909.12,59610.72
20240808,527.78,1097.27,899.47,40657.57,50719.58,59205.92
20240809,541.97,1117.97,927.55,41891.14,51736.42,60684.48
20240812,541.98,1114.1,922.12,41874.96,51940.94,61134.91
20240813,537.03,1101.01,916.85,42274.37,51845.06,60971.21
20240814,549.2,1119.99,930.62,43516.75,52511.43,61941.12
20240815,545.55,1113.52,923.56,43868.64,52709.18,62045.95
20240816,562.48,1138.82,947.78,44814.72,53496.97,63141.64
20240819,566.18,1144,947.15,45099.15,53692.96,63094.3
20240820,575.05,1155.44,961.83,45973.31,53986.3,63702.71
20240821,568.41,1141.11,951.34,45488.31,53838.27,63753.94
20240822,577.18,1155,964.82,45852.19,54055.39,64040.47
20240823,570.44,1145.55,953.06,45151.34,53806.17,63330.61
20240826,589.03,1183.71,984.54,46211.35,54382.16,63906.9
20240827,590.78,1182.68,984.54,45840.73,54389.9,63622.46
20240828,585.22,1176,976.39,46084,54460.98,63570.17
20240829,579.22,1169.61,968.05,45655.38,54240.94,63124.05
20240830,583.96,1176.24,976.32,44769.12,54550.49,63386.61
20240903,587.89,1189.88,986.27,45170.05,54853.17,64138.67
20240904,570.77,1160.61,951.52,43339.07,53884.79,62932.37
20240905,571.34,1157.68,948.93,43101.53,53775.59,62883.37
20240906,569.14,1152.47,945.16,43029.35,53561.17,62741.47
20240909,558.68,1129.7,929.58,42150.4,52784.93,61472.88
20240910,561.5,1129.3,932.85,42871,53351.24,62077.98
20240911,561.3,1128.44,933.11,43335.93,53289.55,62589.44
20240912,563.96,1128.2,937.94,44401.05,53516.53,63309.42
20240913,570.12,1139.64,948.97,44808.92,53799.2,63943.32
20240916,586.47,1166.47,972.7,45132.48,54146.73,64307.41
20240917,586.18,1171.54,977.07,45065.42,54173.15,64538.21
20240918,590.81,1183.27,985.8,44951.99,54177.93,64689.3
20240919,590.07,1184.45,987.05,44587.99,54222.61,64494.52
20240920,604.05,1206.79,1008.7,45394.44,55125.78,65683.45
20240923,597.2,1193.35,998.6,45101.25,55066.8,65604.8
20240924,592.05,1189.61,992.82,45210.24,55190.22,65810.04
20240925,594.31,1189.83,995.7,45850.5,55288.75,65740.38
20240926,586.17,1175.28,984.04,45970.59,55016.77,65615.28
20240927,592.25,1183.85,990.75,46361.8,55351.73,65681.94
20240930,597.59,1190.81,996.47,46112.29,55416.53,65604.35
20241001,602.42,1198.01,1002.75,46224.45,55656.21,65845.53
20241002,590.48,1175.27,987.62,45713.84,55184.17,65351.67
20241003,591.49,1167.29,988.39,45887.58,55247.81,65221.41
20241004,584.77,1159.95,981.83,46248.97,55044.69,64961.23
20241007,595.15,1179.55,999.48,46669.9,55542.83,65688.47
20241008,587.87,1166.8,989.92,46809.45,54978.92,64784.23
20241009,588.77,1167,992.72,47539.58,55274.96,65428.17
20241010,588.7,1169.95,994.37,47762.39,55784.5,65861.07
20241011,584.45,1167.46,991.14,47947.11,55560.67,65716.11
20241014,598.5,1192.75,1013.65,48241.91,55959.98,66194.27
20241015,603.13,1199.62,1019.3,48843.25,56377.64,66521.53
20241016,604.69,1203.33,1022.27,47993.76,56252.1,65988.19
20241017,616.27,1220.95,1041.29,48715.39,56481.61,66083.32
20241018,614.26,1220.9,1036.06,48832.53,56464.3,65998.16
20241021,615.44,1217.59,1035.97,49030.33,56726.68,66204.16
20241022,605.9,1195.81,1021.46,49434.83,56396.83,65992.54
20241023,603.62,1192.4,1017.69,49251.58,56280.73,66086.73
20241024,596.96,1187.23,1007.72,48694.02,55843.22,65391.9
20241025,598.12,1190.85,1012.01,48841.5,55722.84,65887.73
20241028,596.12,1183.85,1008.53,48736.48,55497.11,66099.89
20241029,608.15,1203.68,1028.18,48743.13,55825.19,66256.76
20241030,607.8,1201.83,1025.35,48763.09,55729.36,66616.68
20241031,605.97,1208.86,1022.45,48584.19,55407.31,66561.03
20241101,594.84,1193.37,1004.5,47562.52,54931.05,64879.01
20241104,601.23,1197.59,1012.6,48014.88,54828.6,65428.19
20241105,603.93,1199.91,1016.21,48070.37,54914.21,65044.19
20241106,613,1227.61,1040.02,48871.8,55477.63,65924.95
20241107,643.69,1305.76,1104.18,50082.57,56769.04,68130.07
20241108,643.06,1294.05,1097.64,50697.54,56916.88,68755.03
20241111,645.95,1305.23,1113.05,50657.84,57152.48,69175.95
20241112,655.64,1325.89,1131.66,50353.61,57276.36,69665.37
20241113,644.89,1307.47,1107.72,50457.54,56968.62,69455.75
20241114,639.24,1293.01,1089.61,50156.6,57078.98,69420.16
20241115,628.65,1279.62,1074.15,49977,56900.84,68657.94
20241118,615.76,1267.39,1054.53,49082.27,56524.99,67430.39
20241119,614.84,1267.09,1059.83,49057.8,56833.89,67786.1
20241120,621.24,1272.23,1068.51,50086.03,56743.1,68187.13
20241121,622.46,1272.31,1071.51,50037.73,56773.75,68272.05
20241122,633.9,1297.1,1088.26,50579.92,57369.5,68295.77
20241125,647.25,1319.3,1112.28,50462.04,57835.46,68732.55
20241126,658.21,1338.76,1127.27,49983.96,58203.12,69195.31
20241127,652.85,1327,1119.9,50143.79,58302.27,69771.7
20241129,655,1326.2,1121.33,49909.1,58194.83,69372.82
20241202,663.94,1339.73,1131.97,50253.06,58487.4,69738.87
20241203,664.13,1341.97,1134.65,50225.36,58456.56,70162.7
20241204,655.95,1336.57,1124.68,50331.02,58418.98,70286.58
20241205,659.88,1342.4,1132.09,50895.96,58511.99,71019.44
20241206,650.81,1326.97,1119.83,50783.24,58423.62,70819.32
20241209,658.75,1328.5,1132.75,50488.17,58460.45,71476.77
20241210,657,1324.21,1122.13,49771.9,58149.53,71015.71
20241211,653.53,1318.75,1115.94,49124.42,57946.42,71057.4
20241212,655.72,1328.18,1124.3,49657.5,58084,72031.28
20241213,647.52,1313.96,1105.39,49271.59,57948.86,71478.87
20241216,644.14,1307.06,1096.58,48752.43,58368.27,71303.56
20241217,650.34,1314.4,1107.67,48344.38,58640.65,71962.14
20241218,645.22,1296.69,1095.11,48008.04,58340.54,71746.09
20241219,617.42,1242.89,1045.47,46957.96,56809.54,69124.44
20241220,615.37,1239.41,1040.96,47017.55,56715.59,69042.36
20241223,623.34,1250.56,1052.7,47891.56,57397.49,69519.4
20241224,622.38,1248.76,1047.47,48627.54,57747.07,69896.55
20241226,628.87,1261.98,1056.35,48909.73,58375.49,70864.51
20241227,639.21,1272.74,1068.32,48947.49,58509.88,70663.22
20241230,628.7,1254.79,1051.41,48333.74,58033.41,69694.33
20241231,621.73,1248.52,1043.14,48029.35,57388.28,68833.79
20250102,626.56,1254.37,1049.7,47682.36,57255.53,68516.77
20250103,627.37,1249.42,1052.88,48196.79,56896.45,68372.46
20250106,641.77,1264.89,1076.4,49206.76,57230.13,69504.77
20250107,644.72,1260.73,1074.66,49824.59,57279.34,70019.83
20250108,635.6,1248.11,1069.77,48568.01,56979.32,69197.84
20250110,630.52,1245.33,1060.54,48557.12,57109.59,69307.38
20250113,613.66,1218.09,1032.17,47537.52,56162.93,68510.94
20250114,610.38,1226.6,1028.44,47402.74,56385.31,68578.59
20250115,613.76,1242.46,1040.4,47358.34,56673.9,68532.97
20250116,628.82,1265.46,1066.35,48214.83,57455.15,70160.24
20250117,627.32,1269.63,1069.29,48106.6,57321.87,70065.4
20250121,630.28,1274.9,1076.71,48724.32,57832.14,70752.2
20250122,644.43,1300.29,1097.97,49454.58,58071.78,71557.67
20250123,642.34,1289.72,1090.89,50118.37,58022.27,72370.47
20250124,647.17,1295.16,1094.95,50434.75,58326.9,72682.1
20250127,645.41,1294.71,1092.16,49799.49,58306.07,72628.18
20250128,638.32,1292.06,1067.15,46927.65,58380.84,71759.23
20250129,639.6,1298.2,1073.49,48042.88,58579.42,72458.14
20250130,637.08,1299.39,1073.66,47511.11,58519.58,72152.29
20250131,642.89,1311.96,1086.63,47936.39,58931.47,72416.73
20250203,640.34,1305.03,1078.39,47215.72,58522.66,72388.64
20250204,628.59,1288.45,1064.14,46706.82,57989.34,71975.55
20250205,639.39,1306.93,1081.93,46925.74,58401.2,72625.75
20250206,647.62,1321.23,1094.24,47909.69,58763.22,72308.78
20250207,646.13,1320.32,1088.63,48325.17,58800.64,72566.44
20250210,635.52,1309.16,1079.24,48244.82,58203.38,71686.04
20250211,639.28,1313.75,1083.94,48831.84,58485.49,72131.71
20250212,632.64,1312.3,1074.61,48791.42,58848.46,71802.04
20250213,628.46,1304.14,1063.53,48485.37,58834.18,71538.26
20250214,638.24,1315.26,1081.64,49418.94,59327.99,72264.44
20250218,640.44,1308.6,1081,49902.06,59306.37,72056.7
20250219,641.84,1312.84,1085.73,50214.26,59463.7,72128.68
20250220,640.04,1303.1,1074.69,50339.41,59540.04,72194.06
20250221,632.99,1284.68,1064.42,50404.37,59150.93,71623.69
20250224,614.36,1253.99,1032.9,49337.27,58406.77,70016.74
20250225,607.18,1246.37,1019.47,48870.93,58260.31,69576.74
20250226,600.33,1246.36,1012.99,48421.55,58285.39,68919.29
20250227,602.66,1248.65,1013.4,48830.85,58045.04,68988.36
20250228,590.12,1231.37,995.24,47233.84,57647.57,67899.25
20250303,598.54,1246.43,1011.83,48174.56,58385.19,68913.47
20250304,578.67,1219.27,980.43,46596.7,57567.95,67706.84
20250305,574.6,1198.79,971.05,46265.98,56530.18,67035.27
20250306,584.38,1211.61,985.01,46667.34,56927.72,68158.01
20250307,575.15,1190.43,966.43,45400.75,56193.58,66705.25
20250310,577.61,1192.28,968.52,45902.19,56710.84,66613.9
20250311,557.55,1159.94,937.76,44773.25,55340.95,64317.33
20250312,558.65,1160.75,944.81,44544.36,54637.17,64215.72
20250313,561.53,1161.66,948.82,45494.34,54378.23,64805.63
20250314,550.28,1142.81,930.25,45272.74,53638.9,63567.23
20250317,564.78,1170.34,955.38,46443.25,54635.62,65044.01
20250318,573.05,1182.55,966.16,46613.86,55203.96,65413.74
20250319,566.53,1171.22,957.31,45904.79,54873.85,64495.91
20250320,575.01,1186.99,976.27,46371.91,55483.43,65359.26
20250321,572.53,1180.32,970.28,46421.02,55255.86,65246.08
20250324,571.19,1173.87,965.08,46181.54,55300.67,65499.96
20250325,584.93,1203.8,991.07,47070.98,56060.35,67230.52
20250326,578.74,1197.12,983.06,46785.63,56133.38,67567.99
20250327,571.7,1189.7,968.85,45805.87,55921.17,66682.94
20250328,570.09,1186.2,965.87,45442.75,55847.72,66356.58
20250331,556.94,1160.98,941.64,44851.97,54890.78,64629.83
20250401,554.24,1169.98,939.97,44908.06,55407.47,64609.7
20250402,550.43,1172.49,937.8,44993.31,55457.05,65142.35
20250403,560.41,1187.86,957.98,45403.08,55794.41,65820.55
20250404,521.3,1108.93,893.08,42935.92,52784.58,62783
20250407,499.72,1064.17,850.21,40187.71,49497.06,59266.08
20250408,495.74,1055.74,845.03,40429.99,49078.39,59310.29
20250409,479.79,1031.58,819.06,39695.28,48169.76,58525.33
20250410,525.11,1117.09,893.08,43900.65,52518.25,64327.97
20250411,500.27,1072.24,855.65,42096.68,50819.32,62073.56
20250414,507.24,1082.15,870.66,42930.57,51904.97,62961.94
20250415,509.66,1093.2,880.99,43275.35,52485.32,63288.15
20250416,511.85,1094.9,881.64,43361.68,52443.25,63082.75
20250417,504.48,1083.01,873.08,41963.05,51532.09,61624.64
20250421,506.84,1087.93,883.29,41879.33,51992.25,61485.61
20250422,494.69,1068.34,865.07,40794.83,51011.67,59785.83
20250423,508.82,1097.98,890.52,41743.28,52282.54,61406.52
20250424,519.99,1115.04,904.99,42495.18,52990.08,62705.42
20250425,533.14,1135.38,925.55,43499.71,53833.98,64301.51
20250428,533.81,1136.47,926.52,43902.71,53866.1,65019.12
20250429,536.21,1140.69,933.16,43818.76,53999.57,65038.72
20250430,538.01,1147.81,938.81,44092.46,54435.5,65444.61
20250501,535.31,1138.85,934.75,44294.81,54468.65,65346.93
20250502,539.13,1146.6,941.59,44568.15,54444.67,66097.46
20250505,553.38,1171.96,964.33,45501.86,54874.75,67398.8
20250506,547.42,1164.89,953.78,45307.66,54416.1,67036.61
20250507,539.21,1156.62,938.56,44936.61,54236.16,66276.9
20250508,540.66,1155.88,943.61,45610.88,54464.3,66300.75
20250509,555.76,1174.05,966.62,45842.43,54809.43,66850.44
20250512,553.37,1174.78,963.77,45622.16,54772.41,66877.68
20250513,573.96,1213.59,997.42,47306.56,56353.25,69303.62
20250514,579.04,1221.15,1001.51,48115.75,56634.86,69808.48
20250515,574.32,1213.12,993.47,48488.13,56495.46,69941.15
20250516,580.23,1215.74,996.9,48827.2,56946.09,69742.39
20250519,587.14,1220.37,1007.27,49230.69,57237.13,70365.84
20250520,583.41,1213.86,1003.05,49392.7,57111.47,70521.11
20250521,584.88,1213.61,1004.82,49200.19,56942.94,70212.23
20250522,562.11,1180.41,978.48,48345.63,55885.42,69177.46
20250523,565.81,1182.32,979.5,48405.61,55731.78,69296.52
20250527,562.56,1177.96,976.05,48164.71,55384.14,68769.62
20250528,578.09,1207.67,996.98,49245.28,56398.3,70269.72
20250529,573.66,1194.85,984.21,48944.09,56116.64,69811.29
20250530,575.82,1199.44,986.07,49581.47,56231.78,69887.7
20250602,573.67,1199.03,985.58,49026.07,56427.4,70019.59
20250603,574.57,1195.24,987.26,49363.36,56640.99,70245.89
20250604,584.09,1209.56,1005.88,50014.83,57089.57,70409.94
20250605,586.12,1208.48,1004.52,50102.93,56992.12,70448.38
20250606,585,1206.92,1006.2,49854.35,56780.48,69994.32
20250609,599.2,1224.15,1024.57,50372.01,57154.93,70947.06
20250610,604.73,1232.36,1029.92,50343.87,57029.7,71251.86
20250611,607.03,1234.97,1034.39,50617.67,57314,71634.12
20250612,604.87,1228.73,1028.05,50378.89,57188.71,71424.91
20250613,599.56,1225.34,1024.56,50662.09,57240.97,71761.33
20250616,583.37,1201.8,1005.6,49839.4,56472.6,71251.81
20250617,594.06,1216.3,1021.38,50428.04,56886.83,71991.51
20250618,583.67,1205.1,1012,49955.24,56473.72,71326.9
20250620,589.36,1212.16,1017.03,50151.38,56641.01,71200.55
20250623,590.22,1212.75,1012.94,49951.22,56996.42,70617.65
20250624,598.27,1228.32,1024.52,50252.81,57494.87,71410.25
20250625,610.04,1241.79,1042.01,51114.45,57902.82,72357.24
20250626,602.76,1232.22,1029.24,51796.11,57748.03,72122.59
20250627,614.42,1253.27,1044.82,52091.72,58188.8,72888.27
20250630,613.38,1255.64,1044.97,52586.59,58398.61,73197.15
20250701,533.7,1114.48,1075.77,33207.23,54236.33,91924.2
20250702,540.73,1138.62,1086.55,33644.94,54726.77,90963.14
20250703,550.92,1153.84,1105.3,33727.09,55111.82,91519.82
20250707,556.3,1162.78,1116.74,33890.2,55470.72,92529.43
20250708,546.49,1145.35,1097.58,33695.32,54986.22,91804.78
20250709,554.84,1153.46,1109.96,33738.64,54832.76,91774.1
20250710,560.66,1159.65,1126.69,33851.22,54931.53,92691.87
20250711,565.68,1166.3,1132.02,34164.55,55162.18,92672.27
20250714,556.12,1151.86,1114.34,33858.34,54754.07,92625.96
20250715,557.22,1156.78,1124.11,33909.09,54808.84,92901.65
20250716,545.81,1130.14,1100.11,33574.85,54271.16,92906.43
20250717,550.5,1137.82,1114.03,33712.93,54614.95,93228.63
20250718,558.67,1150.16,1133.1,33947.75,54947.48,93900.55
20250721,555.83,1140.38,1124.28,33939.58,54946.77,94328.66
20250722,555.35,1140.38,1117.62,33827.97,54927.45,94541.01
20250723,565.86,1153.68,1129.29,33995.57,55290.32,94114.17
20250724,575.72,1170.4,1149.65,34229.45,55700.63,94846.08
20250725,564.45,1151.34,1135.95,34149.24,55554.85,95136.3
20250728,566.3,1153.74,1138.2,34318.98,55748.74,95552.65
20250729,564.46,1155.63,1135.55,34126.87,55604.88,95932.76
20250730,554.42,1146.85,1121.8,34129.49,55504.21,95473.98
20250731,547.43,1138.9,1115.28,33900.82,55257.75,95761.4
20250801,543.62,1128.9,1110.84,33773.82,54777.76,95916.96
20250804,530.72,1106.74,1088.42,33376.12,54079.38,93900.73
20250805,542.6,1128.16,1111.31,33773.77,54725.41,95597.53
20250806,545.75,1135.31,1117.87,33706.6,54563.14,95042.53
20250807,545.77,1132.04,1117.04,33552.21,55081.25,95857.8
20250808,547.39,1127.72,1103.84,33807.61,55195.77,95477.33
20250811,546.32,1131.68,1107.57,34018.76,55734.84,96015.76
20250812,544.66,1132.88,1106.97,33963.95,55602.14,95774.81
20250813,561.5,1166.7,1140.6,34385.94,56198.18,96994.91
20250814,578.57,1192.52,1167.02,34712.47,56652.61,96895.93
20250815,572.01,1178.43,1154.72,34563.63,56508.13,97076.02
20250818,571.44,1166.46,1149.42,34508.26,56318.1,96815.24
20250819,574.3,1171.13,1153.39,34466.49,56306.45,96909.1
20250820,571.65,1168.32,1138.54,34477.46,56404.92,95549.67
20250821,567.32,1163.49,1135.7,34535.1,56327.24,95139.2
20250822,566.92,1164.38,1139.63,34504.46,55991.81,94841.64
20250825,592.17,1210.61,1185.79,35050.23,56767.29,96536.92
20250826,587.01,1200.97,1168.29,34752.2,56366.82,96365.26
20250827,586.04,1211.04,1178.41,34786.11,56583.76,96877.25
20250828,590.52,1222.17,1184.22,34840.31,56788.93,97047.13
20250829,590.56,1219.64,1186.78,34965.24,56919.69,97600.08
20250902,594.53,1223.59,1192.94,34826.54,56691.04,96574.45
20250903,589.35,1220.37,1187.58,34704.61,56406.09,95857.41
20250904,589.92,1216.6,1183.06,34545.53,56683.67,96474.85
20250905,597.32,1232.14,1188.68,34773.63,57042.86,97499.64
20250908,602.11,1232.51,1195.47,34754.78,56897.09,97234.64
20250909,600.5,1235.19,1194.42,34836.44,56826.71,97773.01
20250910,596.61,1225.84,1191.37,34844.34,56701.8,98366.14
20250911,591.94,1221.84,1185.78,34770.24,56933.5,98882.62
20250912,605.9,1241.88,1206.15,35262.98,57568.56,99436.62
20250915,598.42,1223.94,1192.63,34963.09,57372.55,99912.72
20250916,601.05,1221.55,1196.18,34850.99,57497.07,100777
20250917,601.29,1218.49,1198.2,34916.8,57460.08,100636.62
20250918,601.02,1219.56,1198.23,35017.75,57685.42,100170.15
20250919,615.99,1244.02,1227.78,35153.67,57809.95,100984.59
20250922,608.21,1227.12,1214.49,35128.25,58128.98,101471.81
20250923,612.12,1228.6,1230.17,35008.1,58719.69,101649.18
20250924,607.44,1225.55,1226.77,35096.67,58537.13,100684.49
20250925,604.18,1222.04,1221.06,34984.02,58310.75,100411.59
20250926,596.14,1215.34,1204.46,34709.84,58219.06,99654.01
20250929,602.29,1226.36,1220.85,34953.26,58459.81,100340.38
20250930,601.8,1221.42,1225.83,35007.68,58539.93,100727.55
20251001,609.93,1226.34,1234.67,35213.52,58534.01,101348.63
20251002,614.25,1227.34,1235.01,35253.58,58660.95,102103.78
20251003,618.82,1227.97,1244.48,35233.05,58745.71,102207.93
20251006,624.31,1235.12,1258.4,35285.83,58939.02,101959.58
20251007,624.44,1233.31,1264.96,35146.52,59035.12,102695.56
20251008,614.93,1219.75,1256.77,35109.29,58873.99,102026.49
20251009,621.79,1228.48,1275.09,35168.31,59045.46,103027.11
20251010,616.64,1216.17,1274.65,34931.11,58730.76,103000.79
20251013,592.66,1179.25,1236.2,34196.32,57526.17,99572.06
20251014,609.03,1200.7,1263.1,34565.07,58121.68,101693.81
20251015,618.46,1222.55,1283.98,34822.05,58566.32,100837.96
20251016,625.28,1225.83,1299.33,34869.57,58884.74,101221.31
20251017,612.56,1203.54,1270.42,34595.54,58347.59,100737.04
20251020,606.77,1203.64,1261.4,34834.34,58638.61,101081.05
20251021,622.43,1225.56,1291.85,35122.81,59378,102071.51
20251022,623.03,1227.57,1282.15,35256.21,59528.8,101848.24
20251023,614.31,1223.28,1259.23,34975.94,59069,101327.26
20251024,623.35,1229.16,1277.23,35302.82,59255.06,102182.66
20251027,628.89,1238.37,1295.92,35393.72,59737.09,103078.98
20251028,627.06,1234.35,1309.45,35582.32,60185.85,104800.17
20251029,622.17,1228.11,1304.84,35278.1,59993.22,105616.47
20251030,610.84,1209.43,1291.82,34822.68,59613.74,106248.05
20251031,602.9,1203.15,1280.21,34588,59530.51,104361.82
20251103,612.03,1207.84,1315.74,34769.23,59441.7,105005.97
20251104,607.04,1211.35,1306.64,34590.81,59237.67,105636.09
20251105,594.83,1196.44,1279.05,34368.98,59022.97,103657.58
20251106,608.32,1211.8,1293.26,34724.11,59217.18,103997.71
20251107,593.66,1197.89,1264.29,34536.4,58871.37,102274.08
20251110,596.48,1204.41,1274.25,34710.38,59069.6,102187.38
20251111,602.24,1218.41,1290.36,34916.95,59339.9,104641.35
20251112,605.95,1223.58,1299.43,35215.45,59808.84,104283.46
20251113,605.23,1223.63,1297.36,35288.04,60011.72,104094.79
20251114,591.25,1205.44,1261.9,34990.36,59245,101854.39
20251117,588.39,1203.35,1273.3,34845.62,59024.89,102063.01
20251118,575.28,1175.93,1248.24,34355.02,58237.14,101378.92
20251119,576.64,1179.45,1254.73,34454.98,58177.42,100085.11
20251120,572.24,1177.91,1250.44,34379.32,58243.84,100746.51
20251121,562.15,1165.4,1228.24,33869.68,57696.03,98719.98
20251124,581.22,1201.09,1260.57,34414.34,58439.94,99353.68
20251125,589.81,1210.6,1291.02,34551.04,58752.26,101910.72
20251126,605.72,1237.51,1325.84,35034.68,59429.41,102732.13
20251128,611.61,1241.27,1341.36,35328.2,59837.78,103426.34
20251201,616.64,1246.57,1359.18,35378.07,60093.39,103957.11
20251202,608.14,1241.99,1340.64,35131.34,59926.47,103298.07
20251203,607.49,1238.88,1328.58,35035.5,60068.86,103648.25
20251204,619.51,1259.07,1364.28,35412.58,60468.44,103747.71
20251205,621.36,1258.81,1378.18,35429.6,60367.07,104117
20251208,618.22,1259.33,1374.47,35331.39,60416.64,104485.6
20251209,612.13,1256.84,1380.6,35231.29,60086.12,104200.07
20251210,616.34,1266.25,1378.66,35150.31,59931.99,104281
20251211,627.68,1291.11,1397.87,35603.12,60527.13,104605.72
20251212,631.87,1303.4,1413.48,35755.99,60981.02,104495.76
20251215,623.72,1294.91,1393.73,35654.08,60742.32,102694.53
20251216,617.44,1286.57,1373.39,35712.51,60588.87,102393.94
20251217,615.49,1281.85,1368.76,35415.98,60459.01,102421.17
20251218,610.74,1279.31,1352.63,35323.9,60105.39,100676.91
20251219,615.79,1282.99,1360.46,35429.04,60134.84,102124.42
20251222,618.42,1282.51,1376.62,35632.15,60520.5,103323.24
20251223,624.61,1292.03,1397.38,35965.98,60776.69,104166.41
20251224,618.38,1286.57,1386.55,35984.31,60760.37,104908.66
20251226,623.25,1290.67,1394.38,36131.36,61078.14,105057.73
20251229,622.71,1288,1384.22,36037.71,61092.23,105017.87
20251230,618.45,1281.66,1377.37,35942.47,60923.72,104511.49
20251231,614.77,1275.06,1365.43,35882.01,60778.02,104391.98
20260102,614.52,1268.06,1371.43,35600.61,60302.12,104279.61
20260105,619.73,1273.1,1384.44,35945.19,60819.2,104103.32
20260106,630.16,1292.87,1407.41,36332.66,61199.48,104878.89
20260107,641.92,1310.17,1423.83,36465.38,61588.96,105547.66
20260108,639.49,1304.74,1415.87,36222.15,60933.19,105834.05
20260109,646.69,1327.3,1425.58,36371.05,61179.14,105476.63
20260112,650.3,1333.95,1441.88,36604.16,61573.21,106205.52
20260113,651.53,1338.66,1445.6,36628.41,61722.48,106386.72
20260114,650.97,1335.72,1441.22,36751.29,61555.44,106136.03
20260115,654.71,1347.91,1455.72,36897.13,61532.55,105007.23
20260116,659.64,1365.67,1459.39,37042.1,61666.88,105279.91
20260120,657.45,1360.3,1461.9,36929.35,61509.23,105313.66
20260121,646.76,1347.89,1445.21,36350.95,60568.24,102821.28
20260122,665.12,1383.4,1471.28,36953.75,61345.51,103837.35
20260123,674.95,1391.72,1489.44,36962.9,61522.39,104780.17
20260126,661.19,1368.55,1462.84,36817.26,61073.81,105252.99
20260127,658.2,1364.34,1455.43,36950.23,61523.92,105547.5
20260128,658.24,1362.3,1466.39,37062.96,61569.58,106133.24
20260129,651.78,1351.8,1453.66,36823.57,61464.99,106273.77
20260130,652.84,1357.87,1451.6,36865.65,61743.19,105419.08
20260202,645.7,1351.77,1435.47,36936.37,61543.25,104686.79
20260203,651.64,1370.26,1454.24,37377.62,62529.55,104504.78
20260204,653.51,1374.14,1459.79,37396.86,62521.99,102951.49
20260205,656.42,1379.13,1436.48,37927.66,62805.24,101454.26
20260206,639.75,1365.6,1395.51,37705.83,62308.89,99663.9
20260209,663.19,1396.12,1454.2,38653.97,63542.64,101662.47
20260210,667.16,1399.03,1460.96,38692.69,63505.58,102717.94
20260211,663.89,1397.57,1456.84,38752.16,63249.63,102289.66
20260212,660.11,1388.84,1444.1,38846.99,63315.83,101999.22
20260213,647.41,1367.4,1414.2,38312.45,62315.2,100229.55
20260217,653.36,1384.09,1427.85,38607.37,62512.97,100080.3
20260218,650.64,1379.85,1427.77,38538.05,62598.7,100052.66
20260219,657.99,1385.98,1433.41,38738.37,62769.65,100915.32
20260220,658.37,1387.93,1436.94,38668.79,62492.77,100786.57
20260223,660.22,1393.1,1435.2,38892.56,62782.69,101517.99
20260224,648.5,1361.91,1416,38657.9,62101.69,100199.79
20260225,657.32,1372.78,1439.03,38935.55,62852.6,100755.2
20260226,656.93,1379.21,1446.7,39004.68,63101.19,102014.54
20260227,661.45,1386.92,1453.49,39028.87,63201.1,100926.66
20260302,655.37,1375.36,1437.32,39033.57,62613.23,100410.04
20260303,661.31,1388.26,1449.08,39064.92,62588.77,100621.2
20260304,651.91,1374.26,1423.74,38412.8,62072.39,99717.52
20260305,658.56,1382.88,1447.11,38582.96,62295.05,100941.32
20260306,647.07,1358.48,1418.5,37967.3,61488.79,101046.93
20260309,631.75,1331.44,1390.26,37535.74,60781.15,99540.02
20260310,635.65,1335.27,1406.1,37673,61058.34,100732.92
20260311,633.93,1330.32,1406.19,37613.23,60896.4,100482.68
20260312,633.6,1326.56,1404.8,37515.05,60747.19,100588.57
20260313,620.02,1303.82,1371.01,36955.1,59809.85,98967
20260316,616.85,1302.74,1363.62,36927.86,59428.66,98279.61
20260317,623.41,1311.11,1382.81,37215.88,59827.12,99494.01
20260318,629.21,1317.27,1392.26,37383.6,59961.75,100047.04
20260319,620.19,1296.64,1366.71,36895.77,59092.07,98704.74
20260320,623.93,1301.3,1377.31,36857.6,59079.5,98206.91
20260323,610.97,1279.34,1346.25,36414.37,58458.19,96289.52
20260324,629.41,1308.18,1376.97,36966.16,59137.42,97484.21
20260325,630.94,1317.85,1376.79,37222.45,59276.38,96459.32
20260326,639.55,1330.54,1403.39,37443.2,59607.72,97074.16
20260327,631.7,1317.28,1380.32,37053.52,59073.74,94703.61
20260330,619.01,1300.82,1348.73,36673.03,58238.7,92721.85
20260331,610.06,1293.4,1327.73,36494.99,58134.34,92230.97
20260401,635.6,1323.68,1397.84,37228.31,59392.63,95699.14
20260402,640.34,1337.11,1403.85,37274.84,59777.89,96517.11
20260406,643.13,1345.65,1420.54,37262,59908.84,96511.76
20260407,646.09,1355.68,1427.36,37402.24,60259.52,96838.76
20260408,646.21,1357.26,1432.94,37275.51,60016.04,97374.44
20260409,663.34,1389.36,1468.6,38174.84,61819.4,99610.03
20260410,669.17,1400.81,1477.01,38409.91,62101.55,100270.55
20260413,664.68,1396.62,1465.02,38143.53,61691.62,100568.61
20260414,675.93,1408.29,1490.03,38568.55,62082.45,101980.36
20260415,683.2,1416.88,1507.99,38681.68,62235.75,104084.14
20260416,687,1414.81,1515.72,38592.04,62482.57,105502.99
20260417,692.55,1418.76,1519.06,38667.05,62711.02,105742.08
20260420,707.73,1449.92,1552.48,39085.95,63574.08,106990.94
20260421,714.49,1455.51,1557.55,39205.29,63715.18,106436.84
20260422,707.74,1437.55,1540.43,38821.97,63181.8,106033.05
20260423,710.98,1440.55,1554.52,38738.08,63497.64,107648.24
20260424,703.98,1439.81,1541.79,38808.21,63514.87,106533.9
20260427,710.06,1446.69,1546.08,38707.88,63501.96,108024.33
20260428,707.17,1445.54,1550.9,38500.81,63211.36,108684.81
20260429,693.23,1439.85,1531.07,38423.12,63080.73,107795.28
20260430,687.96,1419.7,1512.47,38339.33,63206.53,107557.29
20260501,706.57,1442.71,1555.8,38926.99,64042.95,108235.42
20260504,714.28,1447.52,1562.78,38720.55,64311.49,108653.27
20260505,709.51,1434,1562.79,38616.34,63640.22,108680.76
20260506,720.79,1451.94,1590.85,38917.88,64526,109158.73
20260507,727.18,1468.52,1606.41,39347.3,65534.53,110679.61
20260508,718.95,1454.23,1579.81,38897.36,65071.37,110830.7
20260511,728.99,1458.55,1591.53,38906.63,65618.64,111767.04
20260512,727.14,1447.81,1601.22,39101.13,65480.11,112003.65
20260513,717.2,1437.61,1586.86,39052.11,65528.41,111606.77
20260514,718.16,1433.06,1590.85,39033.44,65473.52,112974.81
20260515,719.97,1434,1594.04,39132.26,65686.78,114316.02
20260518,706.29,1410.78,1553.02,38619.27,65002.29,112659.41
20260519,700.44,1415.25,1535,38745.21,65133.84,112308.35
20260520,693.77,1404.38,1516.24,38642.62,64987.05,111112.82
20260521,709.55,1434.09,1559.45,38993.1,65831.8,112299.58
20260522,719.1,1436.19,1576.58,39211.12,65896.39,112311.21
20260526,726.6,1445.75,1584.72,39472.2,66427.92,112481.3
20260527,740.01,1470.87,1614.71,39470.83,66770.37,113379.46
20260528,742.34,1469.3,1620.83,39389.75,66749.99,113499.34
20260529,749.25,1477.68,1627.13,39546.68,67056.95,114515.05
